==========================================
Diff-UNet SBO vessel training
Fold: 4
JSON: /data/drdcad/Hyuna/projects/vessel_seg/code/train_DiffUNet/jsons/sbo_vessel_5fold.json
OUT_DIR: ./runs/fold4
CUDA_VISIBLE_DEVICES: 0
Start time: Wed Jun 17 00:59:01 EDT 2026
==========================================
Fold: 4
Train cases: 93
Val cases: 24
Quick val cases: 5
Preprocessed dir: /data/drdcad/datasets_nnUNet/nnUNet_preprocessed/Dataset101_SBOvessel/nnUNetPlans_3d_fullres
Output dir: runs/fold4
Diffusion steps: 1000 | Sample steps: 10 | Base channels: 32
BasicUNet features: (32, 32, 64, 128, 256, 32).
BasicUNet features: (32, 32, 64, 128, 256, 32).
Total epochs: 1000
Steps per epoch: 93
Training started at: 2026-06-17 00:59:21
Epoch 1/1000 finished | loss=1.830862 | dice_loss=0.984709 | bce=0.628565 | mse=0.217588 | lr=9.991e-05 | epoch_time=00:01:17 | elapsed=00:01:17 | ETA=21:22:42 | estimated_finish=2026-06-17 22:23:20
Epoch 2/1000 finished | loss=1.611648 | dice_loss=0.982720 | bce=0.482792 | mse=0.146135 | lr=9.982e-05 | epoch_time=00:01:09 | elapsed=00:02:26 | ETA=20:18:27 | estimated_finish=2026-06-17 21:20:15
Epoch 3/1000 finished | loss=1.545573 | dice_loss=0.982147 | bce=0.438001 | mse=0.125426 | lr=9.973e-05 | epoch_time=00:01:06 | elapsed=00:03:32 | ETA=19:38:57 | estimated_finish=2026-06-17 20:41:51
Epoch 4/1000 finished | loss=1.489936 | dice_loss=0.981062 | bce=0.400231 | mse=0.108643 | lr=9.96399e-05 | epoch_time=00:01:08 | elapsed=00:04:41 | ETA=19:27:10 | estimated_finish=2026-06-17 20:31:12
Epoch 5/1000 finished | loss=1.424565 | dice_loss=0.976923 | bce=0.357408 | mse=0.090235 | lr=9.95499e-05 | epoch_time=00:01:07 | elapsed=00:05:48 | ETA=19:17:15 | estimated_finish=2026-06-17 20:22:25
Quick validation epoch=5 | pseudo_dice=0.020531 | val_time=00:00:06
New best model saved by quick validation | pseudo_dice=0.020531 | epoch=5
Epoch 6/1000 finished | loss=1.384148 | dice_loss=0.977872 | bce=0.327783 | mse=0.078493 | lr=9.94598e-05 | epoch_time=00:01:08 | elapsed=00:07:04 | ETA=19:31:45 | estimated_finish=2026-06-17 20:38:11
Epoch 7/1000 finished | loss=1.339496 | dice_loss=0.975113 | bce=0.297679 | mse=0.066704 | lr=9.93698e-05 | epoch_time=00:01:13 | elapsed=00:08:17 | ETA=19:36:55 | estimated_finish=2026-06-17 20:44:34
Epoch 8/1000 finished | loss=1.304175 | dice_loss=0.975841 | bce=0.271341 | mse=0.056993 | lr=9.92797e-05 | epoch_time=00:01:13 | elapsed=00:09:31 | ETA=19:41:53 | estimated_finish=2026-06-17 20:50:46
Epoch 9/1000 finished | loss=1.261138 | dice_loss=0.963720 | bce=0.248165 | mse=0.049254 | lr=9.91896e-05 | epoch_time=00:01:07 | elapsed=00:10:39 | ETA=19:34:07 | estimated_finish=2026-06-17 20:44:08
Epoch 10/1000 finished | loss=1.234754 | dice_loss=0.966508 | bce=0.226240 | mse=0.042006 | lr=9.90995e-05 | epoch_time=00:01:07 | elapsed=00:11:47 | ETA=19:28:06 | estimated_finish=2026-06-17 20:39:15
Quick validation epoch=10 | pseudo_dice=0.004000 | val_time=00:00:05
Epoch 11/1000 finished | loss=1.203083 | dice_loss=0.959618 | bce=0.207187 | mse=0.036278 | lr=9.90095e-05 | epoch_time=00:01:08 | elapsed=00:13:02 | ETA=19:32:40 | estimated_finish=2026-06-17 20:45:04
Epoch 12/1000 finished | loss=1.184768 | dice_loss=0.964084 | bce=0.189598 | mse=0.031086 | lr=9.89193e-05 | epoch_time=00:01:07 | elapsed=00:14:09 | ETA=19:26:10 | estimated_finish=2026-06-17 20:39:40
Epoch 13/1000 finished | loss=1.150429 | dice_loss=0.950339 | bce=0.173325 | mse=0.026765 | lr=9.88292e-05 | epoch_time=00:01:09 | elapsed=00:15:19 | ETA=19:22:57 | estimated_finish=2026-06-17 20:37:37
Epoch 14/1000 finished | loss=1.136630 | dice_loss=0.954199 | bce=0.159284 | mse=0.023147 | lr=9.87391e-05 | epoch_time=00:01:09 | elapsed=00:16:28 | ETA=19:20:45 | estimated_finish=2026-06-17 20:36:35
Epoch 15/1000 finished | loss=1.112032 | dice_loss=0.945272 | bce=0.146418 | mse=0.020341 | lr=9.8649e-05 | epoch_time=00:01:06 | elapsed=00:17:35 | ETA=19:15:05 | estimated_finish=2026-06-17 20:32:02
Quick validation epoch=15 | pseudo_dice=0.046180 | val_time=00:00:05
New best model saved by quick validation | pseudo_dice=0.046180 | epoch=15
Epoch 16/1000 finished | loss=1.093719 | dice_loss=0.942232 | bce=0.133950 | mse=0.017536 | lr=9.85588e-05 | epoch_time=00:01:05 | elapsed=00:18:47 | ETA=19:15:21 | estimated_finish=2026-06-17 20:33:29
Epoch 17/1000 finished | loss=1.067603 | dice_loss=0.931059 | bce=0.121702 | mse=0.014842 | lr=9.84687e-05 | epoch_time=00:01:08 | elapsed=00:19:55 | ETA=19:12:36 | estimated_finish=2026-06-17 20:31:53
Epoch 18/1000 finished | loss=1.055319 | dice_loss=0.930810 | bce=0.111552 | mse=0.012957 | lr=9.83785e-05 | epoch_time=00:01:12 | elapsed=00:21:08 | ETA=19:13:40 | estimated_finish=2026-06-17 20:34:10
Epoch 19/1000 finished | loss=1.046508 | dice_loss=0.931843 | bce=0.103085 | mse=0.011579 | lr=9.82884e-05 | epoch_time=00:01:09 | elapsed=00:22:18 | ETA=19:11:32 | estimated_finish=2026-06-17 20:33:11
Epoch 20/1000 finished | loss=1.020055 | dice_loss=0.916524 | bce=0.093601 | mse=0.009929 | lr=9.81982e-05 | epoch_time=00:01:08 | elapsed=00:23:27 | ETA=19:09:15 | estimated_finish=2026-06-17 20:32:04
Quick validation epoch=20 | pseudo_dice=0.042207 | val_time=00:00:05
Epoch 21/1000 finished | loss=1.010948 | dice_loss=0.914999 | bce=0.086819 | mse=0.009129 | lr=9.8108e-05 | epoch_time=00:01:06 | elapsed=00:24:39 | ETA=19:09:28 | estimated_finish=2026-06-17 20:33:29
Epoch 22/1000 finished | loss=0.994709 | dice_loss=0.904591 | bce=0.081379 | mse=0.008739 | lr=9.80178e-05 | epoch_time=00:01:04 | elapsed=00:25:44 | ETA=19:04:11 | estimated_finish=2026-06-17 20:29:17
Epoch 23/1000 finished | loss=0.981021 | dice_loss=0.900779 | bce=0.073020 | mse=0.007222 | lr=9.79276e-05 | epoch_time=00:01:06 | elapsed=00:26:50 | ETA=19:00:12 | estimated_finish=2026-06-17 20:26:24
Epoch 24/1000 finished | loss=0.962191 | dice_loss=0.890804 | bce=0.065261 | mse=0.006126 | lr=9.78374e-05 | epoch_time=00:01:07 | elapsed=00:27:58 | ETA=18:57:36 | estimated_finish=2026-06-17 20:24:55
Epoch 25/1000 finished | loss=0.945357 | dice_loss=0.877448 | bce=0.061578 | mse=0.006331 | lr=9.77472e-05 | epoch_time=00:01:04 | elapsed=00:29:03 | ETA=18:53:11 | estimated_finish=2026-06-17 20:21:36
Quick validation epoch=25 | pseudo_dice=0.093934 | val_time=00:00:05
New best model saved by quick validation | pseudo_dice=0.093934 | epoch=25
Epoch 26/1000 finished | loss=0.935263 | dice_loss=0.873841 | bce=0.055843 | mse=0.005580 | lr=9.76569e-05 | epoch_time=00:01:04 | elapsed=00:30:13 | ETA=18:52:25 | estimated_finish=2026-06-17 20:22:00
Epoch 27/1000 finished | loss=0.924728 | dice_loss=0.869451 | bce=0.050309 | mse=0.004968 | lr=9.75667e-05 | epoch_time=00:01:09 | elapsed=00:31:23 | ETA=18:51:24 | estimated_finish=2026-06-17 20:22:08
Epoch 28/1000 finished | loss=0.909482 | dice_loss=0.856991 | bce=0.047457 | mse=0.005033 | lr=9.74764e-05 | epoch_time=00:01:11 | elapsed=00:32:35 | ETA=18:51:19 | estimated_finish=2026-06-17 20:23:15
Epoch 29/1000 finished | loss=0.902104 | dice_loss=0.856320 | bce=0.041649 | mse=0.004136 | lr=9.73862e-05 | epoch_time=00:01:08 | elapsed=00:33:43 | ETA=18:49:26 | estimated_finish=2026-06-17 20:22:31
Epoch 30/1000 finished | loss=0.875029 | dice_loss=0.833702 | bce=0.037501 | mse=0.003826 | lr=9.72959e-05 | epoch_time=00:01:08 | elapsed=00:34:52 | ETA=18:47:50 | estimated_finish=2026-06-17 20:22:04
Quick validation epoch=30 | pseudo_dice=0.078312 | val_time=00:00:06
Epoch 31/1000 finished | loss=0.853602 | dice_loss=0.813961 | bce=0.035608 | mse=0.004034 | lr=9.72056e-05 | epoch_time=00:01:06 | elapsed=00:36:05 | ETA=18:48:17 | estimated_finish=2026-06-17 20:23:44
Epoch 32/1000 finished | loss=0.829311 | dice_loss=0.791393 | bce=0.033733 | mse=0.004186 | lr=9.71153e-05 | epoch_time=00:01:08 | elapsed=00:37:14 | ETA=18:46:18 | estimated_finish=2026-06-17 20:22:54
Epoch 33/1000 finished | loss=0.821595 | dice_loss=0.789843 | bce=0.028407 | mse=0.003345 | lr=9.7025e-05 | epoch_time=00:01:12 | elapsed=00:38:26 | ETA=18:46:22 | estimated_finish=2026-06-17 20:24:09
Epoch 34/1000 finished | loss=0.787893 | dice_loss=0.760228 | bce=0.024813 | mse=0.002853 | lr=9.69347e-05 | epoch_time=00:01:10 | elapsed=00:39:37 | ETA=18:45:43 | estimated_finish=2026-06-17 20:24:42
Epoch 35/1000 finished | loss=0.791544 | dice_loss=0.763353 | bce=0.024857 | mse=0.003334 | lr=9.68444e-05 | epoch_time=00:01:09 | elapsed=00:40:46 | ETA=18:44:18 | estimated_finish=2026-06-17 20:24:26
Quick validation epoch=35 | pseudo_dice=0.106781 | val_time=00:00:05
New best model saved by quick validation | pseudo_dice=0.106781 | epoch=35
Epoch 36/1000 finished | loss=0.789937 | dice_loss=0.764370 | bce=0.022467 | mse=0.003100 | lr=9.67541e-05 | epoch_time=00:01:07 | elapsed=00:42:00 | ETA=18:44:52 | estimated_finish=2026-06-17 20:26:14
Epoch 37/1000 finished | loss=0.760116 | dice_loss=0.737123 | bce=0.020149 | mse=0.002844 | lr=9.66638e-05 | epoch_time=00:01:06 | elapsed=00:43:07 | ETA=18:42:24 | estimated_finish=2026-06-17 20:24:52
Epoch 38/1000 finished | loss=0.740537 | dice_loss=0.718037 | bce=0.019533 | mse=0.002967 | lr=9.65734e-05 | epoch_time=00:01:13 | elapsed=00:44:21 | ETA=18:42:48 | estimated_finish=2026-06-17 20:26:30
Epoch 39/1000 finished | loss=0.744081 | dice_loss=0.723551 | bce=0.017766 | mse=0.002764 | lr=9.64831e-05 | epoch_time=00:01:09 | elapsed=00:45:30 | ETA=18:41:23 | estimated_finish=2026-06-17 20:26:14
Epoch 40/1000 finished | loss=0.667899 | dice_loss=0.649070 | bce=0.016233 | mse=0.002596 | lr=9.63927e-05 | epoch_time=00:01:06 | elapsed=00:46:37 | ETA=18:38:59 | estimated_finish=2026-06-17 20:24:58
Quick validation epoch=40 | pseudo_dice=0.178391 | val_time=00:00:05
New best model saved by quick validation | pseudo_dice=0.178391 | epoch=40
Epoch 41/1000 finished | loss=0.643890 | dice_loss=0.625480 | bce=0.015716 | mse=0.002694 | lr=9.63023e-05 | epoch_time=00:01:07 | elapsed=00:47:51 | ETA=18:39:20 | estimated_finish=2026-06-17 20:26:32
Epoch 42/1000 finished | loss=0.638372 | dice_loss=0.620746 | bce=0.015013 | mse=0.002612 | lr=9.62119e-05 | epoch_time=00:01:05 | elapsed=00:48:56 | ETA=18:36:31 | estimated_finish=2026-06-17 20:24:49
Epoch 43/1000 finished | loss=0.636050 | dice_loss=0.621168 | bce=0.012678 | mse=0.002204 | lr=9.61215e-05 | epoch_time=00:01:09 | elapsed=00:50:07 | ETA=18:35:25 | estimated_finish=2026-06-17 20:24:53
Epoch 44/1000 finished | loss=0.620517 | dice_loss=0.604138 | bce=0.013902 | mse=0.002477 | lr=9.60311e-05 | epoch_time=00:01:07 | elapsed=00:51:14 | ETA=18:33:30 | estimated_finish=2026-06-17 20:24:06
Epoch 45/1000 finished | loss=0.605602 | dice_loss=0.587501 | bce=0.015225 | mse=0.002876 | lr=9.59407e-05 | epoch_time=00:01:08 | elapsed=00:52:23 | ETA=18:31:52 | estimated_finish=2026-06-17 20:23:37
Quick validation epoch=45 | pseudo_dice=0.103254 | val_time=00:00:06
Epoch 46/1000 finished | loss=0.592875 | dice_loss=0.578070 | bce=0.012515 | mse=0.002290 | lr=9.58503e-05 | epoch_time=00:01:07 | elapsed=00:53:38 | ETA=18:32:23 | estimated_finish=2026-06-17 20:25:22
Epoch 47/1000 finished | loss=0.604414 | dice_loss=0.589952 | bce=0.012233 | mse=0.002229 | lr=9.57599e-05 | epoch_time=00:01:07 | elapsed=00:54:45 | ETA=18:30:24 | estimated_finish=2026-06-17 20:24:31
Epoch 48/1000 finished | loss=0.591624 | dice_loss=0.577264 | bce=0.012111 | mse=0.002249 | lr=9.56694e-05 | epoch_time=00:01:05 | elapsed=00:55:51 | ETA=18:27:48 | estimated_finish=2026-06-17 20:23:01
Epoch 49/1000 finished | loss=0.579655 | dice_loss=0.564323 | bce=0.012884 | mse=0.002448 | lr=9.5579e-05 | epoch_time=00:01:07 | elapsed=00:56:58 | ETA=18:25:48 | estimated_finish=2026-06-17 20:22:08
Epoch 50/1000 finished | loss=0.619425 | dice_loss=0.601767 | bce=0.014840 | mse=0.002817 | lr=9.54885e-05 | epoch_time=00:01:07 | elapsed=00:58:06 | ETA=18:24:02 | estimated_finish=2026-06-17 20:21:30
Quick validation epoch=50 | pseudo_dice=0.233362 | val_time=00:00:05
New best model saved by quick validation | pseudo_dice=0.233362 | epoch=50
Epoch 51/1000 finished | loss=0.561798 | dice_loss=0.543004 | bce=0.015749 | mse=0.003044 | lr=9.53981e-05 | epoch_time=00:01:12 | elapsed=00:59:25 | ETA=18:25:41 | estimated_finish=2026-06-17 20:24:27
Epoch 52/1000 finished | loss=0.533508 | dice_loss=0.521543 | bce=0.010019 | mse=0.001946 | lr=9.53076e-05 | epoch_time=00:01:07 | elapsed=01:00:33 | ETA=18:23:52 | estimated_finish=2026-06-17 20:23:46
Epoch 53/1000 finished | loss=0.530762 | dice_loss=0.513750 | bce=0.014288 | mse=0.002723 | lr=9.52171e-05 | epoch_time=00:01:06 | elapsed=01:01:39 | ETA=18:21:40 | estimated_finish=2026-06-17 20:22:40
Epoch 54/1000 finished | loss=0.546612 | dice_loss=0.530278 | bce=0.013742 | mse=0.002592 | lr=9.51266e-05 | epoch_time=00:01:04 | elapsed=01:02:43 | ETA=18:18:56 | estimated_finish=2026-06-17 20:21:01
Epoch 55/1000 finished | loss=0.576047 | dice_loss=0.565598 | bce=0.008797 | mse=0.001651 | lr=9.50361e-05 | epoch_time=00:01:08 | elapsed=01:03:52 | ETA=18:17:21 | estimated_finish=2026-06-17 20:20:34
Quick validation epoch=55 | pseudo_dice=0.186114 | val_time=00:00:05
Epoch 56/1000 finished | loss=0.564364 | dice_loss=0.546394 | bce=0.015184 | mse=0.002787 | lr=9.49456e-05 | epoch_time=00:01:07 | elapsed=01:05:05 | ETA=18:17:09 | estimated_finish=2026-06-17 20:21:35
Epoch 57/1000 finished | loss=0.541830 | dice_loss=0.527558 | bce=0.011922 | mse=0.002350 | lr=9.48551e-05 | epoch_time=00:01:04 | elapsed=01:06:09 | ETA=18:14:35 | estimated_finish=2026-06-17 20:20:06
Epoch 58/1000 finished | loss=0.487783 | dice_loss=0.471126 | bce=0.014023 | mse=0.002635 | lr=9.47645e-05 | epoch_time=00:01:07 | elapsed=01:07:17 | ETA=18:13:00 | estimated_finish=2026-06-17 20:19:38
Epoch 59/1000 finished | loss=0.517667 | dice_loss=0.505434 | bce=0.010315 | mse=0.001918 | lr=9.4674e-05 | epoch_time=00:01:09 | elapsed=01:08:27 | ETA=18:11:50 | estimated_finish=2026-06-17 20:19:38
Epoch 60/1000 finished | loss=0.527594 | dice_loss=0.510544 | bce=0.014469 | mse=0.002580 | lr=9.45834e-05 | epoch_time=00:01:06 | elapsed=01:09:34 | ETA=18:09:58 | estimated_finish=2026-06-17 20:18:54
Quick validation epoch=60 | pseudo_dice=0.257547 | val_time=00:00:05
New best model saved by quick validation | pseudo_dice=0.257547 | epoch=60
Epoch 61/1000 finished | loss=0.508101 | dice_loss=0.492750 | bce=0.012937 | mse=0.002415 | lr=9.44929e-05 | epoch_time=00:01:07 | elapsed=01:10:48 | ETA=18:09:52 | estimated_finish=2026-06-17 20:20:01
Epoch 62/1000 finished | loss=0.545910 | dice_loss=0.532234 | bce=0.011549 | mse=0.002128 | lr=9.44023e-05 | epoch_time=00:01:06 | elapsed=01:11:54 | ETA=18:07:50 | estimated_finish=2026-06-17 20:19:06
Epoch 63/1000 finished | loss=0.543973 | dice_loss=0.529784 | bce=0.012001 | mse=0.002187 | lr=9.43117e-05 | epoch_time=00:01:08 | elapsed=01:13:02 | ETA=18:06:23 | estimated_finish=2026-06-17 20:18:47
Epoch 64/1000 finished | loss=0.454448 | dice_loss=0.440092 | bce=0.012097 | mse=0.002258 | lr=9.42211e-05 | epoch_time=00:01:07 | elapsed=01:14:10 | ETA=18:04:51 | estimated_finish=2026-06-17 20:18:23
Epoch 65/1000 finished | loss=0.532299 | dice_loss=0.513316 | bce=0.016135 | mse=0.002847 | lr=9.41305e-05 | epoch_time=00:01:07 | elapsed=01:15:18 | ETA=18:03:18 | estimated_finish=2026-06-17 20:17:57
Quick validation epoch=65 | pseudo_dice=0.181089 | val_time=00:00:05
Epoch 66/1000 finished | loss=0.551942 | dice_loss=0.538060 | bce=0.011740 | mse=0.002142 | lr=9.40399e-05 | epoch_time=00:01:10 | elapsed=01:16:35 | ETA=18:03:52 | estimated_finish=2026-06-17 20:19:49
Epoch 67/1000 finished | loss=0.489838 | dice_loss=0.475015 | bce=0.012507 | mse=0.002316 | lr=9.39493e-05 | epoch_time=00:01:07 | elapsed=01:17:42 | ETA=18:02:12 | estimated_finish=2026-06-17 20:19:16
Epoch 68/1000 finished | loss=0.496206 | dice_loss=0.483639 | bce=0.010614 | mse=0.001953 | lr=9.38587e-05 | epoch_time=00:01:07 | elapsed=01:18:50 | ETA=18:00:36 | estimated_finish=2026-06-17 20:18:48
Epoch 69/1000 finished | loss=0.500226 | dice_loss=0.487168 | bce=0.011125 | mse=0.001932 | lr=9.3768e-05 | epoch_time=00:01:09 | elapsed=01:20:00 | ETA=17:59:31 | estimated_finish=2026-06-17 20:18:52
Epoch 70/1000 finished | loss=0.468596 | dice_loss=0.453946 | bce=0.012380 | mse=0.002270 | lr=9.36774e-05 | epoch_time=00:01:06 | elapsed=01:21:07 | ETA=17:57:48 | estimated_finish=2026-06-17 20:18:17
Quick validation epoch=70 | pseudo_dice=0.199662 | val_time=00:00:05
Epoch 71/1000 finished | loss=0.502316 | dice_loss=0.489014 | bce=0.011206 | mse=0.002096 | lr=9.35867e-05 | epoch_time=00:01:05 | elapsed=01:22:18 | ETA=17:57:00 | estimated_finish=2026-06-17 20:18:40
Epoch 72/1000 finished | loss=0.445678 | dice_loss=0.433981 | bce=0.009931 | mse=0.001765 | lr=9.3496e-05 | epoch_time=00:01:03 | elapsed=01:23:22 | ETA=17:54:38 | estimated_finish=2026-06-17 20:17:22
Epoch 73/1000 finished | loss=0.470030 | dice_loss=0.455466 | bce=0.012324 | mse=0.002240 | lr=9.34054e-05 | epoch_time=00:01:05 | elapsed=01:24:28 | ETA=17:52:45 | estimated_finish=2026-06-17 20:16:35
Epoch 74/1000 finished | loss=0.481275 | dice_loss=0.468430 | bce=0.010925 | mse=0.001920 | lr=9.33147e-05 | epoch_time=00:01:06 | elapsed=01:25:35 | ETA=17:50:58 | estimated_finish=2026-06-17 20:15:54
Epoch 75/1000 finished | loss=0.427226 | dice_loss=0.409957 | bce=0.014658 | mse=0.002612 | lr=9.3224e-05 | epoch_time=00:01:04 | elapsed=01:26:39 | ETA=17:48:52 | estimated_finish=2026-06-17 20:14:53
Quick validation epoch=75 | pseudo_dice=0.225440 | val_time=00:00:05
Epoch 76/1000 finished | loss=0.486832 | dice_loss=0.468043 | bce=0.016051 | mse=0.002738 | lr=9.31333e-05 | epoch_time=00:01:04 | elapsed=01:27:49 | ETA=17:47:50 | estimated_finish=2026-06-17 20:15:01
Epoch 77/1000 finished | loss=0.548277 | dice_loss=0.534935 | bce=0.011361 | mse=0.001980 | lr=9.30425e-05 | epoch_time=00:01:04 | elapsed=01:28:54 | ETA=17:45:44 | estimated_finish=2026-06-17 20:14:00
Epoch 78/1000 finished | loss=0.474812 | dice_loss=0.459063 | bce=0.013338 | mse=0.002411 | lr=9.29518e-05 | epoch_time=00:01:07 | elapsed=01:30:02 | ETA=17:44:14 | estimated_finish=2026-06-17 20:13:37
Epoch 79/1000 finished | loss=0.512276 | dice_loss=0.497404 | bce=0.012664 | mse=0.002209 | lr=9.28611e-05 | epoch_time=00:01:06 | elapsed=01:31:08 | ETA=17:42:31 | estimated_finish=2026-06-17 20:13:01
Epoch 80/1000 finished | loss=0.505972 | dice_loss=0.493758 | bce=0.010340 | mse=0.001873 | lr=9.27703e-05 | epoch_time=00:01:06 | elapsed=01:32:14 | ETA=17:40:51 | estimated_finish=2026-06-17 20:12:27
Quick validation epoch=80 | pseudo_dice=0.271365 | val_time=00:00:05
New best model saved by quick validation | pseudo_dice=0.271365 | epoch=80
Epoch 81/1000 finished | loss=0.494006 | dice_loss=0.477305 | bce=0.014287 | mse=0.002413 | lr=9.26796e-05 | epoch_time=00:01:10 | elapsed=01:33:31 | ETA=17:41:01 | estimated_finish=2026-06-17 20:13:53
Epoch 82/1000 finished | loss=0.500609 | dice_loss=0.485195 | bce=0.013117 | mse=0.002297 | lr=9.25888e-05 | epoch_time=00:01:06 | elapsed=01:34:37 | ETA=17:39:21 | estimated_finish=2026-06-17 20:13:20
Epoch 83/1000 finished | loss=0.487249 | dice_loss=0.470104 | bce=0.014656 | mse=0.002489 | lr=9.2498e-05 | epoch_time=00:01:07 | elapsed=01:35:45 | ETA=17:37:54 | estimated_finish=2026-06-17 20:13:01
Epoch 84/1000 finished | loss=0.483654 | dice_loss=0.468760 | bce=0.012760 | mse=0.002134 | lr=9.24072e-05 | epoch_time=00:01:05 | elapsed=01:36:51 | ETA=17:36:08 | estimated_finish=2026-06-17 20:12:20
Epoch 85/1000 finished | loss=0.456616 | dice_loss=0.442599 | bce=0.011905 | mse=0.002112 | lr=9.23164e-05 | epoch_time=00:01:07 | elapsed=01:37:59 | ETA=17:34:47 | estimated_finish=2026-06-17 20:12:07
Quick validation epoch=85 | pseudo_dice=0.281221 | val_time=00:00:05
New best model saved by quick validation | pseudo_dice=0.281221 | epoch=85
Epoch 86/1000 finished | loss=0.453038 | dice_loss=0.440389 | bce=0.010718 | mse=0.001931 | lr=9.22256e-05 | epoch_time=00:01:05 | elapsed=01:39:10 | ETA=17:34:03 | estimated_finish=2026-06-17 20:12:34
Epoch 87/1000 finished | loss=0.512681 | dice_loss=0.498812 | bce=0.011892 | mse=0.001977 | lr=9.21348e-05 | epoch_time=00:01:05 | elapsed=01:40:16 | ETA=17:32:15 | estimated_finish=2026-06-17 20:11:52
Epoch 88/1000 finished | loss=0.517231 | dice_loss=0.500901 | bce=0.013884 | mse=0.002445 | lr=9.2044e-05 | epoch_time=00:01:08 | elapsed=01:41:24 | ETA=17:30:57 | estimated_finish=2026-06-17 20:11:42
Epoch 89/1000 finished | loss=0.433086 | dice_loss=0.420915 | bce=0.010382 | mse=0.001789 | lr=9.19531e-05 | epoch_time=00:01:05 | elapsed=01:42:30 | ETA=17:29:12 | estimated_finish=2026-06-17 20:11:04
Epoch 90/1000 finished | loss=0.449426 | dice_loss=0.433840 | bce=0.013338 | mse=0.002248 | lr=9.18623e-05 | epoch_time=00:01:04 | elapsed=01:43:35 | ETA=17:27:21 | estimated_finish=2026-06-17 20:10:17
Quick validation epoch=90 | pseudo_dice=0.112593 | val_time=00:00:05
Epoch 91/1000 finished | loss=0.479547 | dice_loss=0.463685 | bce=0.013467 | mse=0.002395 | lr=9.17714e-05 | epoch_time=00:01:06 | elapsed=01:44:47 | ETA=17:26:46 | estimated_finish=2026-06-17 20:10:54
Epoch 92/1000 finished | loss=0.478436 | dice_loss=0.465885 | bce=0.010676 | mse=0.001875 | lr=9.16806e-05 | epoch_time=00:01:03 | elapsed=01:45:51 | ETA=17:24:42 | estimated_finish=2026-06-17 20:09:54
Epoch 93/1000 finished | loss=0.500579 | dice_loss=0.485439 | bce=0.012998 | mse=0.002141 | lr=9.15897e-05 | epoch_time=00:01:03 | elapsed=01:46:55 | ETA=17:22:45 | estimated_finish=2026-06-17 20:09:01
Epoch 94/1000 finished | loss=0.443982 | dice_loss=0.427894 | bce=0.013782 | mse=0.002306 | lr=9.14988e-05 | epoch_time=00:01:05 | elapsed=01:48:01 | ETA=17:21:08 | estimated_finish=2026-06-17 20:08:30
Epoch 95/1000 finished | loss=0.491509 | dice_loss=0.479197 | bce=0.010455 | mse=0.001858 | lr=9.14079e-05 | epoch_time=00:01:08 | elapsed=01:49:09 | ETA=17:19:57 | estimated_finish=2026-06-17 20:08:28
Quick validation epoch=95 | pseudo_dice=0.119668 | val_time=00:00:05
Epoch 96/1000 finished | loss=0.476098 | dice_loss=0.464490 | bce=0.009863 | mse=0.001746 | lr=9.1317e-05 | epoch_time=00:01:07 | elapsed=01:50:23 | ETA=17:19:32 | estimated_finish=2026-06-17 20:09:17
Epoch 97/1000 finished | loss=0.462488 | dice_loss=0.445494 | bce=0.014566 | mse=0.002428 | lr=9.12261e-05 | epoch_time=00:01:07 | elapsed=01:51:31 | ETA=17:18:10 | estimated_finish=2026-06-17 20:09:02
Epoch 98/1000 finished | loss=0.488737 | dice_loss=0.473412 | bce=0.013171 | mse=0.002153 | lr=9.11351e-05 | epoch_time=00:01:05 | elapsed=01:52:36 | ETA=17:16:28 | estimated_finish=2026-06-17 20:08:26
Epoch 99/1000 finished | loss=0.473452 | dice_loss=0.462961 | bce=0.008946 | mse=0.001545 | lr=9.10442e-05 | epoch_time=00:01:07 | elapsed=01:53:44 | ETA=17:15:09 | estimated_finish=2026-06-17 20:08:15
Epoch 100/1000 finished | loss=0.449072 | dice_loss=0.434961 | bce=0.012084 | mse=0.002026 | lr=9.09533e-05 | epoch_time=00:01:08 | elapsed=01:54:52 | ETA=17:13:55 | estimated_finish=2026-06-17 20:08:09
Quick validation epoch=100 | pseudo_dice=0.346857 | val_time=00:00:05
New best model saved by quick validation | pseudo_dice=0.346857 | epoch=100
Full validation epoch=100 | mean_dice=0.102579 | val_time=00:12:49
New best full-validation model saved | dice=0.102579 | epoch=100
Epoch 101/1000 finished | loss=0.467751 | dice_loss=0.449747 | bce=0.015496 | mse=0.002508 | lr=9.08623e-05 | epoch_time=00:01:07 | elapsed=02:08:55 | ETA=19:07:35 | estimated_finish=2026-06-17 22:15:52
Epoch 102/1000 finished | loss=0.443802 | dice_loss=0.429837 | bce=0.011873 | mse=0.002092 | lr=9.07713e-05 | epoch_time=00:01:08 | elapsed=02:10:04 | ETA=19:05:09 | estimated_finish=2026-06-17 22:14:35
Epoch 103/1000 finished | loss=0.452801 | dice_loss=0.440087 | bce=0.010868 | mse=0.001846 | lr=9.06804e-05 | epoch_time=00:01:09 | elapsed=02:11:13 | ETA=19:02:50 | estimated_finish=2026-06-17 22:13:25
Epoch 104/1000 finished | loss=0.482932 | dice_loss=0.460191 | bce=0.019451 | mse=0.003290 | lr=9.05894e-05 | epoch_time=00:01:06 | elapsed=02:12:20 | ETA=19:00:12 | estimated_finish=2026-06-17 22:11:54
Epoch 105/1000 finished | loss=0.483224 | dice_loss=0.471007 | bce=0.010384 | mse=0.001832 | lr=9.04984e-05 | epoch_time=00:01:09 | elapsed=02:13:30 | ETA=18:57:58 | estimated_finish=2026-06-17 22:10:50
Quick validation epoch=105 | pseudo_dice=0.223582 | val_time=00:00:05
Epoch 106/1000 finished | loss=0.464242 | dice_loss=0.450009 | bce=0.012130 | mse=0.002104 | lr=9.04074e-05 | epoch_time=00:01:08 | elapsed=02:14:44 | ETA=18:56:25 | estimated_finish=2026-06-17 22:10:31
Epoch 107/1000 finished | loss=0.473400 | dice_loss=0.459621 | bce=0.011755 | mse=0.002024 | lr=9.03163e-05 | epoch_time=00:01:10 | elapsed=02:15:55 | ETA=18:54:22 | estimated_finish=2026-06-17 22:09:38
Epoch 108/1000 finished | loss=0.477617 | dice_loss=0.463035 | bce=0.012477 | mse=0.002105 | lr=9.02253e-05 | epoch_time=00:01:10 | elapsed=02:17:06 | ETA=18:52:21 | estimated_finish=2026-06-17 22:08:49
Epoch 109/1000 finished | loss=0.461879 | dice_loss=0.448914 | bce=0.011083 | mse=0.001883 | lr=9.01343e-05 | epoch_time=00:01:07 | elapsed=02:18:13 | ETA=18:49:56 | estimated_finish=2026-06-17 22:07:31
Epoch 110/1000 finished | loss=0.447479 | dice_loss=0.434465 | bce=0.011134 | mse=0.001880 | lr=9.00432e-05 | epoch_time=00:01:03 | elapsed=02:19:17 | ETA=18:46:57 | estimated_finish=2026-06-17 22:05:36
Quick validation epoch=110 | pseudo_dice=0.443655 | val_time=00:00:05
New best model saved by quick validation | pseudo_dice=0.443655 | epoch=110
Epoch 111/1000 finished | loss=0.535132 | dice_loss=0.518481 | bce=0.014296 | mse=0.002354 | lr=8.99522e-05 | epoch_time=00:01:04 | elapsed=02:20:27 | ETA=18:44:54 | estimated_finish=2026-06-17 22:04:42
Epoch 112/1000 finished | loss=0.420014 | dice_loss=0.404368 | bce=0.013309 | mse=0.002338 | lr=8.98611e-05 | epoch_time=00:01:05 | elapsed=02:21:33 | ETA=18:42:19 | estimated_finish=2026-06-17 22:03:13
Epoch 113/1000 finished | loss=0.493651 | dice_loss=0.480684 | bce=0.011052 | mse=0.001914 | lr=8.977e-05 | epoch_time=00:01:07 | elapsed=02:22:41 | ETA=18:40:01 | estimated_finish=2026-06-17 22:02:04
Epoch 114/1000 finished | loss=0.425279 | dice_loss=0.413194 | bce=0.010308 | mse=0.001776 | lr=8.96789e-05 | epoch_time=00:01:10 | elapsed=02:23:51 | ETA=18:38:03 | estimated_finish=2026-06-17 22:01:16
Epoch 115/1000 finished | loss=0.525571 | dice_loss=0.509292 | bce=0.013999 | mse=0.002280 | lr=8.95878e-05 | epoch_time=00:01:07 | elapsed=02:24:59 | ETA=18:35:48 | estimated_finish=2026-06-17 22:00:09
Quick validation epoch=115 | pseudo_dice=0.358237 | val_time=00:00:05
Epoch 116/1000 finished | loss=0.496766 | dice_loss=0.483182 | bce=0.011602 | mse=0.001982 | lr=8.94967e-05 | epoch_time=00:01:24 | elapsed=02:26:29 | ETA=18:36:21 | estimated_finish=2026-06-17 22:02:12
Epoch 117/1000 finished | loss=0.454798 | dice_loss=0.440490 | bce=0.012363 | mse=0.001945 | lr=8.94056e-05 | epoch_time=00:01:21 | elapsed=02:27:51 | ETA=18:35:50 | estimated_finish=2026-06-17 22:03:03
Epoch 118/1000 finished | loss=0.516647 | dice_loss=0.499207 | bce=0.015089 | mse=0.002351 | lr=8.93144e-05 | epoch_time=00:01:09 | elapsed=02:29:01 | ETA=18:33:51 | estimated_finish=2026-06-17 22:02:14
Epoch 119/1000 finished | loss=0.409977 | dice_loss=0.393957 | bce=0.013586 | mse=0.002434 | lr=8.92233e-05 | epoch_time=00:01:11 | elapsed=02:30:12 | ETA=18:32:03 | estimated_finish=2026-06-17 22:01:36
Epoch 120/1000 finished | loss=0.484208 | dice_loss=0.469282 | bce=0.012889 | mse=0.002036 | lr=8.91322e-05 | epoch_time=00:01:16 | elapsed=02:31:29 | ETA=18:30:55 | estimated_finish=2026-06-17 22:01:45
Quick validation epoch=120 | pseudo_dice=0.305189 | val_time=00:00:05
Epoch 121/1000 finished | loss=0.474958 | dice_loss=0.459303 | bce=0.013438 | mse=0.002217 | lr=8.9041e-05 | epoch_time=00:01:14 | elapsed=02:32:50 | ETA=18:30:17 | estimated_finish=2026-06-17 22:02:28
Epoch 122/1000 finished | loss=0.529121 | dice_loss=0.513477 | bce=0.013436 | mse=0.002209 | lr=8.89498e-05 | epoch_time=00:01:15 | elapsed=02:34:05 | ETA=18:29:00 | estimated_finish=2026-06-17 22:02:27
Epoch 123/1000 finished | loss=0.481913 | dice_loss=0.466641 | bce=0.013033 | mse=0.002240 | lr=8.88586e-05 | epoch_time=00:01:08 | elapsed=02:35:14 | ETA=18:26:55 | estimated_finish=2026-06-17 22:01:31
Epoch 124/1000 finished | loss=0.427792 | dice_loss=0.409019 | bce=0.016175 | mse=0.002597 | lr=8.87674e-05 | epoch_time=00:01:07 | elapsed=02:36:22 | ETA=18:24:40 | estimated_finish=2026-06-17 22:00:24
Epoch 125/1000 finished | loss=0.466366 | dice_loss=0.452372 | bce=0.012036 | mse=0.001958 | lr=8.86762e-05 | epoch_time=00:01:05 | elapsed=02:37:27 | ETA=18:22:12 | estimated_finish=2026-06-17 21:59:01
Quick validation epoch=125 | pseudo_dice=0.381013 | val_time=00:00:05
Epoch 126/1000 finished | loss=0.504081 | dice_loss=0.489604 | bce=0.012530 | mse=0.001947 | lr=8.8585e-05 | epoch_time=00:01:09 | elapsed=02:38:42 | ETA=18:20:53 | estimated_finish=2026-06-17 21:58:56
Epoch 127/1000 finished | loss=0.415955 | dice_loss=0.401080 | bce=0.012853 | mse=0.002022 | lr=8.84938e-05 | epoch_time=00:01:07 | elapsed=02:39:50 | ETA=18:18:46 | estimated_finish=2026-06-17 21:57:58
Epoch 128/1000 finished | loss=0.445380 | dice_loss=0.429661 | bce=0.013583 | mse=0.002136 | lr=8.84026e-05 | epoch_time=00:01:05 | elapsed=02:40:56 | ETA=18:16:27 | estimated_finish=2026-06-17 21:56:45
Epoch 129/1000 finished | loss=0.430514 | dice_loss=0.414260 | bce=0.013892 | mse=0.002362 | lr=8.83113e-05 | epoch_time=00:01:06 | elapsed=02:42:03 | ETA=18:14:15 | estimated_finish=2026-06-17 21:55:40
Epoch 130/1000 finished | loss=0.424021 | dice_loss=0.411108 | bce=0.011046 | mse=0.001868 | lr=8.82201e-05 | epoch_time=00:01:05 | elapsed=02:43:09 | ETA=18:11:52 | estimated_finish=2026-06-17 21:54:23
Quick validation epoch=130 | pseudo_dice=0.415647 | val_time=00:00:05
Epoch 131/1000 finished | loss=0.505252 | dice_loss=0.493203 | bce=0.010335 | mse=0.001713 | lr=8.81288e-05 | epoch_time=00:01:06 | elapsed=02:44:21 | ETA=18:10:17 | estimated_finish=2026-06-17 21:54:00
Epoch 132/1000 finished | loss=0.519785 | dice_loss=0.503216 | bce=0.014358 | mse=0.002211 | lr=8.80375e-05 | epoch_time=00:01:02 | elapsed=02:45:24 | ETA=18:07:40 | estimated_finish=2026-06-17 21:52:25
Epoch 133/1000 finished | loss=0.478636 | dice_loss=0.468189 | bce=0.008965 | mse=0.001483 | lr=8.79462e-05 | epoch_time=00:01:04 | elapsed=02:46:28 | ETA=18:05:14 | estimated_finish=2026-06-17 21:51:04
Epoch 134/1000 finished | loss=0.470925 | dice_loss=0.455832 | bce=0.012979 | mse=0.002114 | lr=8.78549e-05 | epoch_time=00:01:04 | elapsed=02:47:33 | ETA=18:02:53 | estimated_finish=2026-06-17 21:49:48
Epoch 135/1000 finished | loss=0.474397 | dice_loss=0.460043 | bce=0.012288 | mse=0.002066 | lr=8.77636e-05 | epoch_time=00:01:05 | elapsed=02:48:39 | ETA=18:00:37 | estimated_finish=2026-06-17 21:48:37
Quick validation epoch=135 | pseudo_dice=0.457907 | val_time=00:00:05
New best model saved by quick validation | pseudo_dice=0.457907 | epoch=135
Epoch 136/1000 finished | loss=0.460198 | dice_loss=0.447046 | bce=0.011251 | mse=0.001901 | lr=8.76723e-05 | epoch_time=00:01:08 | elapsed=02:49:53 | ETA=17:59:18 | estimated_finish=2026-06-17 21:48:33
Epoch 137/1000 finished | loss=0.500977 | dice_loss=0.486138 | bce=0.012765 | mse=0.002074 | lr=8.7581e-05 | epoch_time=00:01:05 | elapsed=02:50:59 | ETA=17:57:06 | estimated_finish=2026-06-17 21:47:27
Epoch 138/1000 finished | loss=0.466598 | dice_loss=0.453697 | bce=0.011050 | mse=0.001851 | lr=8.74896e-05 | epoch_time=00:01:06 | elapsed=02:52:05 | ETA=17:54:59 | estimated_finish=2026-06-17 21:46:26
Epoch 139/1000 finished | loss=0.450803 | dice_loss=0.436335 | bce=0.012416 | mse=0.002052 | lr=8.73983e-05 | epoch_time=00:01:07 | elapsed=02:53:13 | ETA=17:52:58 | estimated_finish=2026-06-17 21:45:33
Epoch 140/1000 finished | loss=0.458650 | dice_loss=0.445626 | bce=0.011196 | mse=0.001828 | lr=8.73069e-05 | epoch_time=00:01:06 | elapsed=02:54:19 | ETA=17:50:51 | estimated_finish=2026-06-17 21:44:32
Quick validation epoch=140 | pseudo_dice=0.247723 | val_time=00:00:06
Epoch 141/1000 finished | loss=0.433838 | dice_loss=0.420646 | bce=0.011325 | mse=0.001867 | lr=8.72155e-05 | epoch_time=00:01:08 | elapsed=02:55:33 | ETA=17:49:34 | estimated_finish=2026-06-17 21:44:29
Epoch 142/1000 finished | loss=0.431618 | dice_loss=0.418565 | bce=0.011174 | mse=0.001879 | lr=8.71242e-05 | epoch_time=00:01:08 | elapsed=02:56:42 | ETA=17:47:43 | estimated_finish=2026-06-17 21:43:47
Epoch 143/1000 finished | loss=0.462576 | dice_loss=0.446076 | bce=0.014179 | mse=0.002321 | lr=8.70328e-05 | epoch_time=00:01:07 | elapsed=02:57:50 | ETA=17:45:49 | estimated_finish=2026-06-17 21:43:01
Epoch 144/1000 finished | loss=0.444359 | dice_loss=0.431806 | bce=0.010742 | mse=0.001811 | lr=8.69414e-05 | epoch_time=00:01:05 | elapsed=02:58:56 | ETA=17:43:40 | estimated_finish=2026-06-17 21:41:57
Epoch 145/1000 finished | loss=0.406622 | dice_loss=0.395110 | bce=0.009843 | mse=0.001669 | lr=8.68499e-05 | epoch_time=00:01:06 | elapsed=03:00:02 | ETA=17:41:37 | estimated_finish=2026-06-17 21:41:01
Quick validation epoch=145 | pseudo_dice=0.250967 | val_time=00:00:05
Epoch 146/1000 finished | loss=0.502400 | dice_loss=0.481560 | bce=0.018047 | mse=0.002793 | lr=8.67585e-05 | epoch_time=00:01:05 | elapsed=03:01:13 | ETA=17:40:04 | estimated_finish=2026-06-17 21:40:39
Epoch 147/1000 finished | loss=0.441604 | dice_loss=0.423809 | bce=0.015367 | mse=0.002427 | lr=8.66671e-05 | epoch_time=00:01:05 | elapsed=03:02:19 | ETA=17:37:56 | estimated_finish=2026-06-17 21:39:36
Epoch 148/1000 finished | loss=0.443488 | dice_loss=0.431472 | bce=0.010210 | mse=0.001806 | lr=8.65756e-05 | epoch_time=00:01:06 | elapsed=03:03:25 | ETA=17:35:55 | estimated_finish=2026-06-17 21:38:42
Epoch 149/1000 finished | loss=0.467658 | dice_loss=0.455424 | bce=0.010566 | mse=0.001668 | lr=8.64842e-05 | epoch_time=00:01:09 | elapsed=03:04:35 | ETA=17:34:15 | estimated_finish=2026-06-17 21:38:12
Epoch 150/1000 finished | loss=0.431549 | dice_loss=0.416049 | bce=0.013339 | mse=0.002161 | lr=8.63927e-05 | epoch_time=00:01:07 | elapsed=03:05:43 | ETA=17:32:23 | estimated_finish=2026-06-17 21:37:28
Quick validation epoch=150 | pseudo_dice=0.328216 | val_time=00:00:05
Epoch 151/1000 finished | loss=0.451585 | dice_loss=0.438358 | bce=0.011338 | mse=0.001889 | lr=8.63012e-05 | epoch_time=00:01:06 | elapsed=03:06:55 | ETA=17:31:00 | estimated_finish=2026-06-17 21:37:16
Epoch 152/1000 finished | loss=0.424443 | dice_loss=0.411915 | bce=0.010749 | mse=0.001779 | lr=8.62097e-05 | epoch_time=00:01:07 | elapsed=03:08:03 | ETA=17:29:07 | estimated_finish=2026-06-17 21:36:31
Epoch 153/1000 finished | loss=0.469319 | dice_loss=0.455067 | bce=0.012164 | mse=0.002089 | lr=8.61182e-05 | epoch_time=00:01:09 | elapsed=03:09:12 | ETA=17:27:28 | estimated_finish=2026-06-17 21:36:02
Epoch 154/1000 finished | loss=0.375904 | dice_loss=0.362175 | bce=0.011770 | mse=0.001959 | lr=8.60267e-05 | epoch_time=00:01:08 | elapsed=03:10:21 | ETA=17:25:41 | estimated_finish=2026-06-17 21:35:24
Epoch 155/1000 finished | loss=0.487102 | dice_loss=0.473314 | bce=0.011786 | mse=0.002002 | lr=8.59352e-05 | epoch_time=00:01:07 | elapsed=03:11:28 | ETA=17:23:51 | estimated_finish=2026-06-17 21:34:41
Quick validation epoch=155 | pseudo_dice=0.332769 | val_time=00:00:05
Epoch 156/1000 finished | loss=0.443456 | dice_loss=0.428217 | bce=0.013208 | mse=0.002030 | lr=8.58437e-05 | epoch_time=00:01:06 | elapsed=03:12:41 | ETA=17:22:28 | estimated_finish=2026-06-17 21:34:30
Epoch 157/1000 finished | loss=0.437091 | dice_loss=0.424873 | bce=0.010488 | mse=0.001729 | lr=8.57521e-05 | epoch_time=00:01:07 | elapsed=03:13:48 | ETA=17:20:38 | estimated_finish=2026-06-17 21:33:48
Epoch 158/1000 finished | loss=0.461649 | dice_loss=0.448101 | bce=0.011640 | mse=0.001908 | lr=8.56606e-05 | epoch_time=00:01:07 | elapsed=03:14:56 | ETA=17:18:51 | estimated_finish=2026-06-17 21:33:09
Epoch 159/1000 finished | loss=0.462911 | dice_loss=0.449313 | bce=0.011541 | mse=0.002058 | lr=8.5569e-05 | epoch_time=00:01:08 | elapsed=03:16:05 | ETA=17:17:09 | estimated_finish=2026-06-17 21:32:35
Epoch 160/1000 finished | loss=0.433845 | dice_loss=0.422334 | bce=0.009789 | mse=0.001722 | lr=8.54774e-05 | epoch_time=00:01:06 | elapsed=03:17:11 | ETA=17:15:15 | estimated_finish=2026-06-17 21:31:48
Quick validation epoch=160 | pseudo_dice=0.160257 | val_time=00:00:05
Epoch 161/1000 finished | loss=0.439024 | dice_loss=0.425426 | bce=0.011666 | mse=0.001933 | lr=8.53858e-05 | epoch_time=00:01:07 | elapsed=03:18:25 | ETA=17:13:59 | estimated_finish=2026-06-17 21:31:45
Epoch 162/1000 finished | loss=0.490954 | dice_loss=0.476583 | bce=0.012335 | mse=0.002035 | lr=8.52942e-05 | epoch_time=00:01:05 | elapsed=03:19:31 | ETA=17:12:04 | estimated_finish=2026-06-17 21:30:56
Epoch 163/1000 finished | loss=0.425658 | dice_loss=0.412954 | bce=0.010879 | mse=0.001825 | lr=8.52026e-05 | epoch_time=00:01:06 | elapsed=03:20:38 | ETA=17:10:16 | estimated_finish=2026-06-17 21:30:15
Epoch 164/1000 finished | loss=0.383422 | dice_loss=0.371536 | bce=0.010150 | mse=0.001735 | lr=8.5111e-05 | epoch_time=00:01:08 | elapsed=03:21:47 | ETA=17:08:38 | estimated_finish=2026-06-17 21:29:47
Epoch 165/1000 finished | loss=0.443620 | dice_loss=0.429963 | bce=0.011648 | mse=0.002009 | lr=8.50194e-05 | epoch_time=00:01:07 | elapsed=03:22:55 | ETA=17:06:53 | estimated_finish=2026-06-17 21:29:10
Quick validation epoch=165 | pseudo_dice=0.233090 | val_time=00:00:05
Epoch 166/1000 finished | loss=0.451206 | dice_loss=0.436193 | bce=0.012982 | mse=0.002032 | lr=8.49277e-05 | epoch_time=00:01:06 | elapsed=03:24:07 | ETA=17:05:31 | estimated_finish=2026-06-17 21:29:00
Epoch 167/1000 finished | loss=0.455507 | dice_loss=0.439993 | bce=0.013311 | mse=0.002204 | lr=8.48361e-05 | epoch_time=00:01:06 | elapsed=03:25:13 | ETA=17:03:41 | estimated_finish=2026-06-17 21:28:16
Epoch 168/1000 finished | loss=0.502694 | dice_loss=0.488062 | bce=0.012519 | mse=0.002113 | lr=8.47444e-05 | epoch_time=00:01:05 | elapsed=03:26:19 | ETA=17:01:47 | estimated_finish=2026-06-17 21:27:28
Epoch 169/1000 finished | loss=0.490971 | dice_loss=0.477992 | bce=0.011136 | mse=0.001844 | lr=8.46527e-05 | epoch_time=00:01:05 | elapsed=03:27:25 | ETA=16:59:55 | estimated_finish=2026-06-17 21:26:41
Epoch 170/1000 finished | loss=0.446710 | dice_loss=0.433904 | bce=0.010914 | mse=0.001891 | lr=8.4561e-05 | epoch_time=00:01:09 | elapsed=03:28:34 | ETA=16:58:20 | estimated_finish=2026-06-17 21:26:15
Quick validation epoch=170 | pseudo_dice=0.415116 | val_time=00:00:06
Epoch 171/1000 finished | loss=0.421691 | dice_loss=0.409288 | bce=0.010608 | mse=0.001795 | lr=8.44693e-05 | epoch_time=00:01:08 | elapsed=03:29:49 | ETA=16:57:11 | estimated_finish=2026-06-17 21:26:21
Epoch 172/1000 finished | loss=0.498610 | dice_loss=0.487362 | bce=0.009613 | mse=0.001635 | lr=8.43776e-05 | epoch_time=00:01:06 | elapsed=03:30:56 | ETA=16:55:25 | estimated_finish=2026-06-17 21:25:42
Epoch 173/1000 finished | loss=0.409092 | dice_loss=0.394674 | bce=0.012380 | mse=0.002039 | lr=8.42859e-05 | epoch_time=00:01:09 | elapsed=03:32:05 | ETA=16:53:53 | estimated_finish=2026-06-17 21:25:20
Epoch 174/1000 finished | loss=0.446301 | dice_loss=0.431630 | bce=0.012682 | mse=0.001989 | lr=8.41942e-05 | epoch_time=00:01:14 | elapsed=03:33:20 | ETA=16:52:47 | estimated_finish=2026-06-17 21:25:29
Epoch 175/1000 finished | loss=0.430092 | dice_loss=0.414870 | bce=0.013074 | mse=0.002149 | lr=8.41024e-05 | epoch_time=00:01:05 | elapsed=03:34:26 | ETA=16:50:58 | estimated_finish=2026-06-17 21:24:46
Quick validation epoch=175 | pseudo_dice=0.399595 | val_time=00:00:05
Epoch 176/1000 finished | loss=0.439470 | dice_loss=0.427377 | bce=0.010330 | mse=0.001763 | lr=8.40107e-05 | epoch_time=00:01:07 | elapsed=03:35:39 | ETA=16:49:41 | estimated_finish=2026-06-17 21:24:42
Epoch 177/1000 finished | loss=0.483532 | dice_loss=0.471541 | bce=0.010317 | mse=0.001674 | lr=8.39189e-05 | epoch_time=00:01:05 | elapsed=03:36:45 | ETA=16:47:49 | estimated_finish=2026-06-17 21:23:55
Epoch 178/1000 finished | loss=0.504466 | dice_loss=0.492354 | bce=0.010467 | mse=0.001645 | lr=8.38271e-05 | epoch_time=00:01:06 | elapsed=03:37:51 | ETA=16:46:03 | estimated_finish=2026-06-17 21:23:16
Epoch 179/1000 finished | loss=0.422055 | dice_loss=0.407998 | bce=0.012148 | mse=0.001908 | lr=8.37354e-05 | epoch_time=00:01:06 | elapsed=03:38:58 | ETA=16:44:19 | estimated_finish=2026-06-17 21:22:39
Epoch 180/1000 finished | loss=0.421416 | dice_loss=0.407397 | bce=0.011973 | mse=0.002046 | lr=8.36436e-05 | epoch_time=00:01:05 | elapsed=03:40:04 | ETA=16:42:33 | estimated_finish=2026-06-17 21:21:58
Quick validation epoch=180 | pseudo_dice=0.317766 | val_time=00:00:05
Epoch 181/1000 finished | loss=0.430550 | dice_loss=0.418740 | bce=0.010156 | mse=0.001654 | lr=8.35517e-05 | epoch_time=00:01:09 | elapsed=03:41:19 | ETA=16:41:27 | estimated_finish=2026-06-17 21:22:08
Epoch 182/1000 finished | loss=0.452324 | dice_loss=0.443483 | bce=0.007573 | mse=0.001268 | lr=8.34599e-05 | epoch_time=00:01:07 | elapsed=03:42:27 | ETA=16:39:51 | estimated_finish=2026-06-17 21:21:39
Epoch 183/1000 finished | loss=0.468235 | dice_loss=0.456790 | bce=0.009803 | mse=0.001642 | lr=8.33681e-05 | epoch_time=00:01:04 | elapsed=03:43:32 | ETA=16:37:59 | estimated_finish=2026-06-17 21:20:53
Epoch 184/1000 finished | loss=0.466183 | dice_loss=0.449639 | bce=0.014268 | mse=0.002277 | lr=8.32762e-05 | epoch_time=00:01:05 | elapsed=03:44:38 | ETA=16:36:14 | estimated_finish=2026-06-17 21:20:13
Epoch 185/1000 finished | loss=0.416950 | dice_loss=0.401583 | bce=0.013217 | mse=0.002150 | lr=8.31844e-05 | epoch_time=00:01:09 | elapsed=03:45:47 | ETA=16:34:43 | estimated_finish=2026-06-17 21:19:52
Quick validation epoch=185 | pseudo_dice=0.223939 | val_time=00:00:05
Epoch 186/1000 finished | loss=0.477323 | dice_loss=0.460017 | bce=0.015064 | mse=0.002241 | lr=8.30925e-05 | epoch_time=00:01:06 | elapsed=03:46:59 | ETA=16:33:23 | estimated_finish=2026-06-17 21:19:43
Epoch 187/1000 finished | loss=0.375247 | dice_loss=0.362751 | bce=0.010754 | mse=0.001742 | lr=8.30006e-05 | epoch_time=00:01:06 | elapsed=03:48:05 | ETA=16:31:40 | estimated_finish=2026-06-17 21:19:06
Epoch 188/1000 finished | loss=0.464764 | dice_loss=0.449290 | bce=0.013500 | mse=0.001973 | lr=8.29088e-05 | epoch_time=00:01:05 | elapsed=03:49:11 | ETA=16:29:54 | estimated_finish=2026-06-17 21:18:27
Epoch 189/1000 finished | loss=0.407669 | dice_loss=0.395050 | bce=0.010762 | mse=0.001856 | lr=8.28169e-05 | epoch_time=00:01:02 | elapsed=03:50:14 | ETA=16:27:56 | estimated_finish=2026-06-17 21:17:31
Epoch 190/1000 finished | loss=0.519654 | dice_loss=0.510537 | bce=0.007822 | mse=0.001296 | lr=8.2725e-05 | epoch_time=00:01:04 | elapsed=03:51:18 | ETA=16:26:06 | estimated_finish=2026-06-17 21:16:46
Quick validation epoch=190 | pseudo_dice=0.282236 | val_time=00:00:05
Epoch 191/1000 finished | loss=0.422142 | dice_loss=0.409373 | bce=0.010863 | mse=0.001906 | lr=8.2633e-05 | epoch_time=00:01:04 | elapsed=03:52:29 | ETA=16:24:42 | estimated_finish=2026-06-17 21:16:32
Epoch 192/1000 finished | loss=0.397746 | dice_loss=0.387104 | bce=0.009100 | mse=0.001542 | lr=8.25411e-05 | epoch_time=00:01:05 | elapsed=03:53:35 | ETA=16:23:00 | estimated_finish=2026-06-17 21:15:57
Epoch 193/1000 finished | loss=0.431630 | dice_loss=0.418442 | bce=0.011236 | mse=0.001951 | lr=8.24491e-05 | epoch_time=00:01:08 | elapsed=03:54:43 | ETA=16:21:29 | estimated_finish=2026-06-17 21:15:35
Epoch 194/1000 finished | loss=0.474032 | dice_loss=0.460233 | bce=0.011874 | mse=0.001925 | lr=8.23572e-05 | epoch_time=00:01:09 | elapsed=03:55:54 | ETA=16:20:05 | estimated_finish=2026-06-17 21:15:20
Epoch 195/1000 finished | loss=0.503010 | dice_loss=0.487176 | bce=0.013691 | mse=0.002142 | lr=8.22652e-05 | epoch_time=00:01:09 | elapsed=03:57:03 | ETA=16:18:38 | estimated_finish=2026-06-17 21:15:03
Quick validation epoch=195 | pseudo_dice=0.466451 | val_time=00:00:06
New best model saved by quick validation | pseudo_dice=0.466451 | epoch=195
Epoch 196/1000 finished | loss=0.485241 | dice_loss=0.474103 | bce=0.009534 | mse=0.001604 | lr=8.21732e-05 | epoch_time=00:01:05 | elapsed=03:58:15 | ETA=16:17:22 | estimated_finish=2026-06-17 21:14:59
Epoch 197/1000 finished | loss=0.462047 | dice_loss=0.448084 | bce=0.012010 | mse=0.001954 | lr=8.20813e-05 | epoch_time=00:01:04 | elapsed=03:59:20 | ETA=16:15:36 | estimated_finish=2026-06-17 21:14:17
Epoch 198/1000 finished | loss=0.396426 | dice_loss=0.385667 | bce=0.009179 | mse=0.001579 | lr=8.19893e-05 | epoch_time=00:01:06 | elapsed=04:00:27 | ETA=16:13:57 | estimated_finish=2026-06-17 21:13:45
Epoch 199/1000 finished | loss=0.419727 | dice_loss=0.406709 | bce=0.011295 | mse=0.001723 | lr=8.18972e-05 | epoch_time=00:01:07 | elapsed=04:01:34 | ETA=16:12:21 | estimated_finish=2026-06-17 21:13:17
Epoch 200/1000 finished | loss=0.447875 | dice_loss=0.432922 | bce=0.012829 | mse=0.002125 | lr=8.18052e-05 | epoch_time=00:01:06 | elapsed=04:02:41 | ETA=16:10:45 | estimated_finish=2026-06-17 21:12:47
Quick validation epoch=200 | pseudo_dice=0.450856 | val_time=00:00:06
Full validation epoch=200 | mean_dice=0.143899 | val_time=00:12:45
New best full-validation model saved | dice=0.143899 | epoch=200
Epoch 201/1000 finished | loss=0.487822 | dice_loss=0.471544 | bce=0.014016 | mse=0.002262 | lr=8.17132e-05 | epoch_time=00:01:05 | elapsed=04:16:38 | ETA=17:00:12 | estimated_finish=2026-06-17 22:16:12
Epoch 202/1000 finished | loss=0.460916 | dice_loss=0.447230 | bce=0.011786 | mse=0.001900 | lr=8.16211e-05 | epoch_time=00:01:05 | elapsed=04:17:44 | ETA=16:58:13 | estimated_finish=2026-06-17 22:15:19
Epoch 203/1000 finished | loss=0.441211 | dice_loss=0.426787 | bce=0.012338 | mse=0.002086 | lr=8.15291e-05 | epoch_time=00:01:07 | elapsed=04:18:52 | ETA=16:56:21 | estimated_finish=2026-06-17 22:14:34
Epoch 204/1000 finished | loss=0.422763 | dice_loss=0.413516 | bce=0.007892 | mse=0.001355 | lr=8.1437e-05 | epoch_time=00:01:04 | elapsed=04:19:56 | ETA=16:54:18 | estimated_finish=2026-06-17 22:13:36
Epoch 205/1000 finished | loss=0.458695 | dice_loss=0.444955 | bce=0.011799 | mse=0.001940 | lr=8.13449e-05 | epoch_time=00:01:03 | elapsed=04:21:00 | ETA=16:52:12 | estimated_finish=2026-06-17 22:12:34
Quick validation epoch=205 | pseudo_dice=0.294383 | val_time=00:00:05
Epoch 206/1000 finished | loss=0.477418 | dice_loss=0.460852 | bce=0.014342 | mse=0.002224 | lr=8.12528e-05 | epoch_time=00:01:07 | elapsed=04:22:13 | ETA=16:50:44 | estimated_finish=2026-06-17 22:12:19
Epoch 207/1000 finished | loss=0.441413 | dice_loss=0.429996 | bce=0.009748 | mse=0.001669 | lr=8.11607e-05 | epoch_time=00:01:05 | elapsed=04:23:19 | ETA=16:48:45 | estimated_finish=2026-06-17 22:11:26
Epoch 208/1000 finished | loss=0.467689 | dice_loss=0.458136 | bce=0.008186 | mse=0.001366 | lr=8.10686e-05 | epoch_time=00:01:03 | elapsed=04:24:23 | ETA=16:46:41 | estimated_finish=2026-06-17 22:10:26
Epoch 209/1000 finished | loss=0.467125 | dice_loss=0.455308 | bce=0.010046 | mse=0.001771 | lr=8.09765e-05 | epoch_time=00:01:06 | elapsed=04:25:30 | ETA=16:44:51 | estimated_finish=2026-06-17 22:09:42
Epoch 210/1000 finished | loss=0.454216 | dice_loss=0.439127 | bce=0.012987 | mse=0.002102 | lr=8.08843e-05 | epoch_time=00:01:08 | elapsed=04:26:39 | ETA=16:43:07 | estimated_finish=2026-06-17 22:09:08
Quick validation epoch=210 | pseudo_dice=0.240197 | val_time=00:00:05
Epoch 211/1000 finished | loss=0.370923 | dice_loss=0.359991 | bce=0.009324 | mse=0.001608 | lr=8.07922e-05 | epoch_time=00:01:09 | elapsed=04:27:54 | ETA=16:41:46 | estimated_finish=2026-06-17 22:09:01
Epoch 212/1000 finished | loss=0.438082 | dice_loss=0.424424 | bce=0.011689 | mse=0.001968 | lr=8.07e-05 | epoch_time=00:01:11 | elapsed=04:29:05 | ETA=16:40:12 | estimated_finish=2026-06-17 22:08:39
Epoch 213/1000 finished | loss=0.450528 | dice_loss=0.435465 | bce=0.012856 | mse=0.002206 | lr=8.06078e-05 | epoch_time=00:01:06 | elapsed=04:30:12 | ETA=16:38:21 | estimated_finish=2026-06-17 22:07:54
Epoch 214/1000 finished | loss=0.479928 | dice_loss=0.468632 | bce=0.009654 | mse=0.001642 | lr=8.05156e-05 | epoch_time=00:01:09 | elapsed=04:31:22 | ETA=16:36:42 | estimated_finish=2026-06-17 22:07:25
Epoch 215/1000 finished | loss=0.434618 | dice_loss=0.420600 | bce=0.012083 | mse=0.001935 | lr=8.04234e-05 | epoch_time=00:01:08 | elapsed=04:32:30 | ETA=16:34:57 | estimated_finish=2026-06-17 22:06:49
Quick validation epoch=215 | pseudo_dice=0.256341 | val_time=00:00:06
Epoch 216/1000 finished | loss=0.493829 | dice_loss=0.477971 | bce=0.013670 | mse=0.002189 | lr=8.03312e-05 | epoch_time=00:01:07 | elapsed=04:33:43 | ETA=16:33:32 | estimated_finish=2026-06-17 22:06:37
Epoch 217/1000 finished | loss=0.441327 | dice_loss=0.428773 | bce=0.010801 | mse=0.001753 | lr=8.0239e-05 | epoch_time=00:01:08 | elapsed=04:34:52 | ETA=16:31:49 | estimated_finish=2026-06-17 22:06:02
Epoch 218/1000 finished | loss=0.481072 | dice_loss=0.467360 | bce=0.011739 | mse=0.001973 | lr=8.01468e-05 | epoch_time=00:01:07 | elapsed=04:36:00 | ETA=16:30:04 | estimated_finish=2026-06-17 22:05:25
Epoch 219/1000 finished | loss=0.391797 | dice_loss=0.381315 | bce=0.008917 | mse=0.001564 | lr=8.00545e-05 | epoch_time=00:01:06 | elapsed=04:37:07 | ETA=16:28:15 | estimated_finish=2026-06-17 22:04:43
Epoch 220/1000 finished | loss=0.452121 | dice_loss=0.439603 | bce=0.010704 | mse=0.001814 | lr=7.99623e-05 | epoch_time=00:01:11 | elapsed=04:38:18 | ETA=16:26:44 | estimated_finish=2026-06-17 22:04:24
Quick validation epoch=220 | pseudo_dice=0.361215 | val_time=00:00:06
Epoch 221/1000 finished | loss=0.454508 | dice_loss=0.442818 | bce=0.009937 | mse=0.001754 | lr=7.987e-05 | epoch_time=00:01:08 | elapsed=04:39:33 | ETA=16:25:23 | estimated_finish=2026-06-17 22:04:18
Epoch 222/1000 finished | loss=0.435179 | dice_loss=0.423508 | bce=0.010038 | mse=0.001633 | lr=7.97777e-05 | epoch_time=00:01:03 | elapsed=04:40:36 | ETA=16:23:24 | estimated_finish=2026-06-17 22:03:22
Epoch 223/1000 finished | loss=0.503335 | dice_loss=0.490803 | bce=0.010778 | mse=0.001753 | lr=7.96854e-05 | epoch_time=00:01:05 | elapsed=04:41:42 | ETA=16:21:33 | estimated_finish=2026-06-17 22:02:37
Epoch 224/1000 finished | loss=0.458177 | dice_loss=0.447260 | bce=0.009363 | mse=0.001554 | lr=7.95931e-05 | epoch_time=00:01:03 | elapsed=04:42:45 | ETA=16:19:34 | estimated_finish=2026-06-17 22:01:41
Epoch 225/1000 finished | loss=0.524408 | dice_loss=0.512643 | bce=0.010101 | mse=0.001664 | lr=7.95008e-05 | epoch_time=00:01:05 | elapsed=04:43:51 | ETA=16:17:45 | estimated_finish=2026-06-17 22:00:58
Quick validation epoch=225 | pseudo_dice=0.394964 | val_time=00:00:05
Epoch 226/1000 finished | loss=0.473884 | dice_loss=0.460009 | bce=0.011748 | mse=0.002127 | lr=7.94085e-05 | epoch_time=00:01:05 | elapsed=04:45:03 | ETA=16:16:15 | estimated_finish=2026-06-17 22:00:40
Epoch 227/1000 finished | loss=0.403094 | dice_loss=0.393245 | bce=0.008407 | mse=0.001442 | lr=7.93161e-05 | epoch_time=00:01:03 | elapsed=04:46:07 | ETA=16:14:20 | estimated_finish=2026-06-17 21:59:48
Epoch 228/1000 finished | loss=0.476210 | dice_loss=0.463109 | bce=0.011324 | mse=0.001777 | lr=7.92238e-05 | epoch_time=00:01:07 | elapsed=04:47:15 | ETA=16:12:38 | estimated_finish=2026-06-17 21:59:15
Epoch 229/1000 finished | loss=0.452760 | dice_loss=0.439811 | bce=0.011144 | mse=0.001805 | lr=7.91314e-05 | epoch_time=00:01:08 | elapsed=04:48:24 | ETA=16:10:59 | estimated_finish=2026-06-17 21:58:44
Epoch 230/1000 finished | loss=0.436259 | dice_loss=0.424703 | bce=0.009953 | mse=0.001603 | lr=7.9039e-05 | epoch_time=00:01:09 | elapsed=04:49:33 | ETA=16:09:23 | estimated_finish=2026-06-17 21:58:17
Quick validation epoch=230 | pseudo_dice=0.277599 | val_time=00:00:05
Epoch 231/1000 finished | loss=0.448196 | dice_loss=0.437729 | bce=0.008915 | mse=0.001551 | lr=7.89466e-05 | epoch_time=00:01:08 | elapsed=04:50:47 | ETA=16:08:02 | estimated_finish=2026-06-17 21:58:11
Epoch 232/1000 finished | loss=0.394502 | dice_loss=0.382405 | bce=0.010390 | mse=0.001706 | lr=7.88542e-05 | epoch_time=00:01:05 | elapsed=04:51:53 | ETA=16:06:15 | estimated_finish=2026-06-17 21:57:29
Epoch 233/1000 finished | loss=0.461121 | dice_loss=0.444424 | bce=0.014389 | mse=0.002308 | lr=7.87618e-05 | epoch_time=00:01:06 | elapsed=04:52:59 | ETA=16:04:29 | estimated_finish=2026-06-17 21:56:50
Epoch 234/1000 finished | loss=0.472237 | dice_loss=0.459580 | bce=0.010838 | mse=0.001819 | lr=7.86694e-05 | epoch_time=00:01:07 | elapsed=04:54:07 | ETA=16:02:47 | estimated_finish=2026-06-17 21:56:15
Epoch 235/1000 finished | loss=0.451280 | dice_loss=0.438998 | bce=0.010484 | mse=0.001798 | lr=7.8577e-05 | epoch_time=00:01:04 | elapsed=04:55:12 | ETA=16:00:58 | estimated_finish=2026-06-17 21:55:32
Quick validation epoch=235 | pseudo_dice=0.440526 | val_time=00:00:05
Epoch 236/1000 finished | loss=0.427626 | dice_loss=0.415618 | bce=0.010327 | mse=0.001681 | lr=7.84845e-05 | epoch_time=00:01:07 | elapsed=04:56:25 | ETA=15:59:37 | estimated_finish=2026-06-17 21:55:24
Epoch 237/1000 finished | loss=0.389724 | dice_loss=0.376267 | bce=0.011655 | mse=0.001802 | lr=7.83921e-05 | epoch_time=00:01:04 | elapsed=04:57:30 | ETA=15:57:48 | estimated_finish=2026-06-17 21:54:40
Epoch 238/1000 finished | loss=0.415300 | dice_loss=0.402363 | bce=0.011095 | mse=0.001842 | lr=7.82996e-05 | epoch_time=00:01:04 | elapsed=04:58:35 | ETA=15:55:59 | estimated_finish=2026-06-17 21:53:56
Epoch 239/1000 finished | loss=0.401100 | dice_loss=0.389427 | bce=0.009978 | mse=0.001695 | lr=7.82071e-05 | epoch_time=00:01:04 | elapsed=04:59:40 | ETA=15:54:10 | estimated_finish=2026-06-17 21:53:12
Epoch 240/1000 finished | loss=0.440887 | dice_loss=0.428125 | bce=0.010935 | mse=0.001828 | lr=7.81146e-05 | epoch_time=00:01:04 | elapsed=05:00:44 | ETA=15:52:21 | estimated_finish=2026-06-17 21:52:27
Quick validation epoch=240 | pseudo_dice=0.446633 | val_time=00:00:05
Epoch 241/1000 finished | loss=0.423340 | dice_loss=0.412052 | bce=0.009615 | mse=0.001672 | lr=7.80221e-05 | epoch_time=00:01:05 | elapsed=05:01:56 | ETA=15:50:54 | estimated_finish=2026-06-17 21:52:11
Epoch 242/1000 finished | loss=0.431192 | dice_loss=0.414043 | bce=0.014912 | mse=0.002237 | lr=7.79296e-05 | epoch_time=00:01:05 | elapsed=05:03:01 | ETA=15:49:08 | estimated_finish=2026-06-17 21:51:30
Epoch 243/1000 finished | loss=0.462110 | dice_loss=0.451063 | bce=0.009473 | mse=0.001574 | lr=7.7837e-05 | epoch_time=00:01:05 | elapsed=05:04:07 | ETA=15:47:25 | estimated_finish=2026-06-17 21:50:53
Epoch 244/1000 finished | loss=0.492664 | dice_loss=0.476248 | bce=0.014114 | mse=0.002302 | lr=7.77445e-05 | epoch_time=00:01:06 | elapsed=05:05:13 | ETA=15:45:42 | estimated_finish=2026-06-17 21:50:17
Epoch 245/1000 finished | loss=0.407888 | dice_loss=0.394149 | bce=0.011836 | mse=0.001904 | lr=7.76519e-05 | epoch_time=00:01:09 | elapsed=05:06:23 | ETA=15:44:09 | estimated_finish=2026-06-17 21:49:54
Quick validation epoch=245 | pseudo_dice=0.414822 | val_time=00:00:05
Epoch 246/1000 finished | loss=0.438326 | dice_loss=0.425559 | bce=0.010953 | mse=0.001814 | lr=7.75594e-05 | epoch_time=00:01:06 | elapsed=05:07:35 | ETA=15:42:45 | estimated_finish=2026-06-17 21:49:42
Epoch 247/1000 finished | loss=0.435392 | dice_loss=0.423470 | bce=0.010260 | mse=0.001662 | lr=7.74668e-05 | epoch_time=00:01:03 | elapsed=05:08:39 | ETA=15:40:57 | estimated_finish=2026-06-17 21:48:58
Epoch 248/1000 finished | loss=0.384413 | dice_loss=0.370469 | bce=0.011877 | mse=0.002067 | lr=7.73742e-05 | epoch_time=00:01:09 | elapsed=05:09:48 | ETA=15:39:26 | estimated_finish=2026-06-17 21:48:36
Epoch 249/1000 finished | loss=0.444313 | dice_loss=0.433925 | bce=0.008880 | mse=0.001508 | lr=7.72816e-05 | epoch_time=00:01:09 | elapsed=05:10:58 | ETA=15:37:56 | estimated_finish=2026-06-17 21:48:16
Epoch 250/1000 finished | loss=0.463082 | dice_loss=0.445460 | bce=0.015178 | mse=0.002444 | lr=7.7189e-05 | epoch_time=00:01:08 | elapsed=05:12:07 | ETA=15:36:22 | estimated_finish=2026-06-17 21:47:50
Quick validation epoch=250 | pseudo_dice=0.296965 | val_time=00:00:05
Epoch 251/1000 finished | loss=0.454522 | dice_loss=0.445255 | bce=0.007957 | mse=0.001310 | lr=7.70963e-05 | epoch_time=00:01:06 | elapsed=05:13:19 | ETA=15:35:00 | estimated_finish=2026-06-17 21:47:41
Epoch 252/1000 finished | loss=0.517201 | dice_loss=0.507116 | bce=0.008691 | mse=0.001394 | lr=7.70037e-05 | epoch_time=00:01:08 | elapsed=05:14:28 | ETA=15:33:27 | estimated_finish=2026-06-17 21:47:18
Epoch 253/1000 finished | loss=0.441588 | dice_loss=0.429505 | bce=0.010407 | mse=0.001676 | lr=7.6911e-05 | epoch_time=00:01:11 | elapsed=05:15:40 | ETA=15:32:03 | estimated_finish=2026-06-17 21:47:05
Epoch 254/1000 finished | loss=0.361591 | dice_loss=0.349912 | bce=0.009981 | mse=0.001697 | lr=7.68183e-05 | epoch_time=00:01:07 | elapsed=05:16:48 | ETA=15:30:28 | estimated_finish=2026-06-17 21:46:38
Epoch 255/1000 finished | loss=0.458113 | dice_loss=0.441664 | bce=0.014110 | mse=0.002339 | lr=7.67257e-05 | epoch_time=00:01:07 | elapsed=05:17:56 | ETA=15:28:53 | estimated_finish=2026-06-17 21:46:10
Quick validation epoch=255 | pseudo_dice=0.400734 | val_time=00:00:05
Epoch 256/1000 finished | loss=0.436922 | dice_loss=0.421090 | bce=0.013659 | mse=0.002173 | lr=7.6633e-05 | epoch_time=00:01:08 | elapsed=05:19:10 | ETA=15:27:37 | estimated_finish=2026-06-17 21:46:09
Epoch 257/1000 finished | loss=0.438433 | dice_loss=0.422057 | bce=0.013997 | mse=0.002379 | lr=7.65403e-05 | epoch_time=00:01:05 | elapsed=05:20:16 | ETA=15:25:56 | estimated_finish=2026-06-17 21:45:34
Epoch 258/1000 finished | loss=0.447367 | dice_loss=0.437113 | bce=0.008815 | mse=0.001440 | lr=7.64475e-05 | epoch_time=00:01:04 | elapsed=05:21:21 | ETA=15:24:13 | estimated_finish=2026-06-17 21:44:56
Epoch 259/1000 finished | loss=0.418736 | dice_loss=0.407915 | bce=0.009228 | mse=0.001593 | lr=7.63548e-05 | epoch_time=00:01:07 | elapsed=05:22:29 | ETA=15:22:38 | estimated_finish=2026-06-17 21:44:28
Epoch 260/1000 finished | loss=0.431276 | dice_loss=0.419892 | bce=0.009741 | mse=0.001643 | lr=7.62621e-05 | epoch_time=00:01:10 | elapsed=05:23:39 | ETA=15:21:12 | estimated_finish=2026-06-17 21:44:13
Quick validation epoch=260 | pseudo_dice=0.734466 | val_time=00:00:05
New best model saved by quick validation | pseudo_dice=0.734466 | epoch=260
Epoch 261/1000 finished | loss=0.401326 | dice_loss=0.388815 | bce=0.010683 | mse=0.001828 | lr=7.61693e-05 | epoch_time=00:01:11 | elapsed=05:24:57 | ETA=15:20:04 | estimated_finish=2026-06-17 21:44:22
Epoch 262/1000 finished | loss=0.432125 | dice_loss=0.415623 | bce=0.014172 | mse=0.002330 | lr=7.60765e-05 | epoch_time=00:01:10 | elapsed=05:26:07 | ETA=15:18:37 | estimated_finish=2026-06-17 21:44:05
Epoch 263/1000 finished | loss=0.455125 | dice_loss=0.442904 | bce=0.010426 | mse=0.001795 | lr=7.59838e-05 | epoch_time=00:01:10 | elapsed=05:27:17 | ETA=15:17:10 | estimated_finish=2026-06-17 21:43:48
Epoch 264/1000 finished | loss=0.404965 | dice_loss=0.392819 | bce=0.010282 | mse=0.001864 | lr=7.5891e-05 | epoch_time=00:01:11 | elapsed=05:28:29 | ETA=15:15:47 | estimated_finish=2026-06-17 21:43:37
Epoch 265/1000 finished | loss=0.501710 | dice_loss=0.489505 | bce=0.010444 | mse=0.001761 | lr=7.57981e-05 | epoch_time=00:01:11 | elapsed=05:29:41 | ETA=15:14:25 | estimated_finish=2026-06-17 21:43:27
Quick validation epoch=265 | pseudo_dice=0.211216 | val_time=00:00:05
Epoch 266/1000 finished | loss=0.404279 | dice_loss=0.393965 | bce=0.008825 | mse=0.001490 | lr=7.57053e-05 | epoch_time=00:01:11 | elapsed=05:30:58 | ETA=15:13:18 | estimated_finish=2026-06-17 21:43:37
Epoch 267/1000 finished | loss=0.449772 | dice_loss=0.438650 | bce=0.009552 | mse=0.001571 | lr=7.56125e-05 | epoch_time=00:01:14 | elapsed=05:32:13 | ETA=15:12:03 | estimated_finish=2026-06-17 21:43:38
Epoch 268/1000 finished | loss=0.457224 | dice_loss=0.447270 | bce=0.008514 | mse=0.001440 | lr=7.55197e-05 | epoch_time=00:01:11 | elapsed=05:33:25 | ETA=15:10:41 | estimated_finish=2026-06-17 21:43:27
Epoch 269/1000 finished | loss=0.416690 | dice_loss=0.407091 | bce=0.008119 | mse=0.001480 | lr=7.54268e-05 | epoch_time=00:01:09 | elapsed=05:34:35 | ETA=15:09:14 | estimated_finish=2026-06-17 21:43:10
Epoch 270/1000 finished | loss=0.443355 | dice_loss=0.431054 | bce=0.010645 | mse=0.001657 | lr=7.53339e-05 | epoch_time=00:01:08 | elapsed=05:35:43 | ETA=15:07:43 | estimated_finish=2026-06-17 21:42:48
Quick validation epoch=270 | pseudo_dice=0.568511 | val_time=00:00:05
Epoch 271/1000 finished | loss=0.457210 | dice_loss=0.443109 | bce=0.012080 | mse=0.002021 | lr=7.5241e-05 | epoch_time=00:01:06 | elapsed=05:36:56 | ETA=15:06:24 | estimated_finish=2026-06-17 21:42:41
Epoch 272/1000 finished | loss=0.425751 | dice_loss=0.414156 | bce=0.009896 | mse=0.001698 | lr=7.51481e-05 | epoch_time=00:01:07 | elapsed=05:38:04 | ETA=15:04:50 | estimated_finish=2026-06-17 21:42:16
Epoch 273/1000 finished | loss=0.446104 | dice_loss=0.427282 | bce=0.016231 | mse=0.002592 | lr=7.50552e-05 | epoch_time=00:01:06 | elapsed=05:39:11 | ETA=15:03:15 | estimated_finish=2026-06-17 21:41:48
Epoch 274/1000 finished | loss=0.436192 | dice_loss=0.421755 | bce=0.012386 | mse=0.002052 | lr=7.49623e-05 | epoch_time=00:01:07 | elapsed=05:40:18 | ETA=15:01:42 | estimated_finish=2026-06-17 21:41:22
Epoch 275/1000 finished | loss=0.464718 | dice_loss=0.450629 | bce=0.012077 | mse=0.002011 | lr=7.48694e-05 | epoch_time=00:01:09 | elapsed=05:41:28 | ETA=15:00:16 | estimated_finish=2026-06-17 21:41:06
Quick validation epoch=275 | pseudo_dice=0.322389 | val_time=00:00:05
Epoch 276/1000 finished | loss=0.426380 | dice_loss=0.414468 | bce=0.010264 | mse=0.001647 | lr=7.47764e-05 | epoch_time=00:01:10 | elapsed=05:42:45 | ETA=14:59:07 | estimated_finish=2026-06-17 21:41:13
Epoch 277/1000 finished | loss=0.491289 | dice_loss=0.473828 | bce=0.015085 | mse=0.002376 | lr=7.46835e-05 | epoch_time=00:01:05 | elapsed=05:43:51 | ETA=14:57:30 | estimated_finish=2026-06-17 21:40:42
Epoch 278/1000 finished | loss=0.421081 | dice_loss=0.406131 | bce=0.012923 | mse=0.002027 | lr=7.45905e-05 | epoch_time=00:01:06 | elapsed=05:44:58 | ETA=14:55:56 | estimated_finish=2026-06-17 21:40:15
Epoch 279/1000 finished | loss=0.434843 | dice_loss=0.424176 | bce=0.009127 | mse=0.001540 | lr=7.44975e-05 | epoch_time=00:01:09 | elapsed=05:46:08 | ETA=14:54:29 | estimated_finish=2026-06-17 21:39:59
Epoch 280/1000 finished | loss=0.502428 | dice_loss=0.489676 | bce=0.010908 | mse=0.001844 | lr=7.44045e-05 | epoch_time=00:01:08 | elapsed=05:47:16 | ETA=14:53:00 | estimated_finish=2026-06-17 21:39:38
Quick validation epoch=280 | pseudo_dice=0.274966 | val_time=00:00:05
Epoch 281/1000 finished | loss=0.417818 | dice_loss=0.405129 | bce=0.010816 | mse=0.001873 | lr=7.43115e-05 | epoch_time=00:01:09 | elapsed=05:48:32 | ETA=14:51:49 | estimated_finish=2026-06-17 21:39:42
Epoch 282/1000 finished | loss=0.441907 | dice_loss=0.425151 | bce=0.014280 | mse=0.002476 | lr=7.42185e-05 | epoch_time=00:01:08 | elapsed=05:49:41 | ETA=14:50:20 | estimated_finish=2026-06-17 21:39:22
Epoch 283/1000 finished | loss=0.469074 | dice_loss=0.455699 | bce=0.011380 | mse=0.001994 | lr=7.41254e-05 | epoch_time=00:01:07 | elapsed=05:50:48 | ETA=14:48:47 | estimated_finish=2026-06-17 21:38:57
Epoch 284/1000 finished | loss=0.418647 | dice_loss=0.407408 | bce=0.009595 | mse=0.001643 | lr=7.40324e-05 | epoch_time=00:01:08 | elapsed=05:51:57 | ETA=14:47:19 | estimated_finish=2026-06-17 21:38:37
Epoch 285/1000 finished | loss=0.442383 | dice_loss=0.433370 | bce=0.007675 | mse=0.001337 | lr=7.39393e-05 | epoch_time=00:01:09 | elapsed=05:53:07 | ETA=14:45:54 | estimated_finish=2026-06-17 21:38:22
Quick validation epoch=285 | pseudo_dice=0.413340 | val_time=00:00:05
Epoch 286/1000 finished | loss=0.443504 | dice_loss=0.430222 | bce=0.011429 | mse=0.001854 | lr=7.38462e-05 | epoch_time=00:01:08 | elapsed=05:54:21 | ETA=14:44:40 | estimated_finish=2026-06-17 21:38:23
Epoch 287/1000 finished | loss=0.384163 | dice_loss=0.373483 | bce=0.009103 | mse=0.001577 | lr=7.37532e-05 | epoch_time=00:01:08 | elapsed=05:55:31 | ETA=14:43:13 | estimated_finish=2026-06-17 21:38:05
Epoch 288/1000 finished | loss=0.427151 | dice_loss=0.413992 | bce=0.011309 | mse=0.001849 | lr=7.366e-05 | epoch_time=00:01:06 | elapsed=05:56:38 | ETA=14:41:40 | estimated_finish=2026-06-17 21:37:39
Epoch 289/1000 finished | loss=0.404601 | dice_loss=0.394757 | bce=0.008375 | mse=0.001469 | lr=7.35669e-05 | epoch_time=00:01:04 | elapsed=05:57:43 | ETA=14:40:03 | estimated_finish=2026-06-17 21:37:08
Epoch 290/1000 finished | loss=0.461574 | dice_loss=0.449923 | bce=0.009963 | mse=0.001688 | lr=7.34738e-05 | epoch_time=00:01:04 | elapsed=05:58:48 | ETA=14:38:26 | estimated_finish=2026-06-17 21:36:35
Quick validation epoch=290 | pseudo_dice=0.201941 | val_time=00:00:05
Epoch 291/1000 finished | loss=0.410762 | dice_loss=0.397464 | bce=0.011394 | mse=0.001904 | lr=7.33807e-05 | epoch_time=00:01:06 | elapsed=06:00:00 | ETA=14:37:08 | estimated_finish=2026-06-17 21:36:30
Epoch 292/1000 finished | loss=0.432343 | dice_loss=0.421242 | bce=0.009560 | mse=0.001542 | lr=7.32875e-05 | epoch_time=00:01:06 | elapsed=06:01:07 | ETA=14:35:36 | estimated_finish=2026-06-17 21:36:04
Epoch 293/1000 finished | loss=0.453743 | dice_loss=0.441727 | bce=0.010179 | mse=0.001837 | lr=7.31943e-05 | epoch_time=00:01:08 | elapsed=06:02:16 | ETA=14:34:08 | estimated_finish=2026-06-17 21:35:45
Epoch 294/1000 finished | loss=0.453433 | dice_loss=0.441355 | bce=0.010296 | mse=0.001781 | lr=7.31012e-05 | epoch_time=00:01:06 | elapsed=06:03:22 | ETA=14:32:35 | estimated_finish=2026-06-17 21:35:18
Epoch 295/1000 finished | loss=0.441397 | dice_loss=0.427961 | bce=0.011547 | mse=0.001889 | lr=7.3008e-05 | epoch_time=00:01:08 | elapsed=06:04:31 | ETA=14:31:08 | estimated_finish=2026-06-17 21:35:00
Quick validation epoch=295 | pseudo_dice=0.596621 | val_time=00:00:05
Epoch 296/1000 finished | loss=0.486943 | dice_loss=0.476889 | bce=0.008580 | mse=0.001474 | lr=7.29148e-05 | epoch_time=00:01:08 | elapsed=06:05:44 | ETA=14:29:53 | estimated_finish=2026-06-17 21:34:59
Epoch 297/1000 finished | loss=0.452496 | dice_loss=0.440869 | bce=0.009970 | mse=0.001656 | lr=7.28215e-05 | epoch_time=00:01:07 | elapsed=06:06:52 | ETA=14:28:24 | estimated_finish=2026-06-17 21:34:37
Epoch 298/1000 finished | loss=0.472195 | dice_loss=0.459950 | bce=0.010488 | mse=0.001757 | lr=7.27283e-05 | epoch_time=00:01:08 | elapsed=06:08:01 | ETA=14:26:57 | estimated_finish=2026-06-17 21:34:19
Epoch 299/1000 finished | loss=0.507208 | dice_loss=0.492309 | bce=0.012993 | mse=0.001906 | lr=7.2635e-05 | epoch_time=00:01:09 | elapsed=06:09:10 | ETA=14:25:32 | estimated_finish=2026-06-17 21:34:04
Epoch 300/1000 finished | loss=0.428879 | dice_loss=0.419385 | bce=0.008100 | mse=0.001394 | lr=7.25418e-05 | epoch_time=00:01:07 | elapsed=06:10:18 | ETA=14:24:02 | estimated_finish=2026-06-17 21:33:42
Quick validation epoch=300 | pseudo_dice=0.260794 | val_time=00:00:05
Full validation epoch=300 | mean_dice=0.207039 | val_time=00:12:45
New best full-validation model saved | dice=0.207039 | epoch=300
Epoch 301/1000 finished | loss=0.410381 | dice_loss=0.397906 | bce=0.010700 | mse=0.001774 | lr=7.24485e-05 | epoch_time=00:01:07 | elapsed=06:24:17 | ETA=14:52:25 | estimated_finish=2026-06-17 22:16:04
Epoch 302/1000 finished | loss=0.445605 | dice_loss=0.433332 | bce=0.010456 | mse=0.001816 | lr=7.23552e-05 | epoch_time=00:01:08 | elapsed=06:25:25 | ETA=14:50:49 | estimated_finish=2026-06-17 22:15:36
Epoch 303/1000 finished | loss=0.481944 | dice_loss=0.470246 | bce=0.009974 | mse=0.001724 | lr=7.22619e-05 | epoch_time=00:01:08 | elapsed=06:26:34 | ETA=14:49:14 | estimated_finish=2026-06-17 22:15:10
Epoch 304/1000 finished | loss=0.451684 | dice_loss=0.436698 | bce=0.012803 | mse=0.002183 | lr=7.21686e-05 | epoch_time=00:01:04 | elapsed=06:27:38 | ETA=14:47:30 | estimated_finish=2026-06-17 22:14:30
Epoch 305/1000 finished | loss=0.452352 | dice_loss=0.439894 | bce=0.010651 | mse=0.001806 | lr=7.20753e-05 | epoch_time=00:01:03 | elapsed=06:28:42 | ETA=14:45:45 | estimated_finish=2026-06-17 22:13:49
Quick validation epoch=305 | pseudo_dice=0.369286 | val_time=00:00:05
Epoch 306/1000 finished | loss=0.463562 | dice_loss=0.453019 | bce=0.009004 | mse=0.001539 | lr=7.19819e-05 | epoch_time=00:01:03 | elapsed=06:29:51 | ETA=14:44:12 | estimated_finish=2026-06-17 22:13:25
Epoch 307/1000 finished | loss=0.440242 | dice_loss=0.428204 | bce=0.010347 | mse=0.001690 | lr=7.18886e-05 | epoch_time=00:01:06 | elapsed=06:30:58 | ETA=14:42:33 | estimated_finish=2026-06-17 22:12:52
Epoch 308/1000 finished | loss=0.435771 | dice_loss=0.422528 | bce=0.011262 | mse=0.001981 | lr=7.17952e-05 | epoch_time=00:01:06 | elapsed=06:32:05 | ETA=14:40:56 | estimated_finish=2026-06-17 22:12:22
Epoch 309/1000 finished | loss=0.418776 | dice_loss=0.406025 | bce=0.010825 | mse=0.001926 | lr=7.17018e-05 | epoch_time=00:01:09 | elapsed=06:33:14 | ETA=14:39:23 | estimated_finish=2026-06-17 22:11:59
Epoch 310/1000 finished | loss=0.404356 | dice_loss=0.390442 | bce=0.011958 | mse=0.001955 | lr=7.16084e-05 | epoch_time=00:01:05 | elapsed=06:34:20 | ETA=14:37:44 | estimated_finish=2026-06-17 22:11:25
Quick validation epoch=310 | pseudo_dice=0.356956 | val_time=00:00:05
Epoch 311/1000 finished | loss=0.448935 | dice_loss=0.436366 | bce=0.010845 | mse=0.001724 | lr=7.1515e-05 | epoch_time=00:01:04 | elapsed=06:35:30 | ETA=14:36:14 | estimated_finish=2026-06-17 22:11:06
Epoch 312/1000 finished | loss=0.410224 | dice_loss=0.400302 | bce=0.008484 | mse=0.001438 | lr=7.14216e-05 | epoch_time=00:01:05 | elapsed=06:36:36 | ETA=14:34:34 | estimated_finish=2026-06-17 22:10:31
Epoch 313/1000 finished | loss=0.436746 | dice_loss=0.426450 | bce=0.008806 | mse=0.001490 | lr=7.13282e-05 | epoch_time=00:01:07 | elapsed=06:37:44 | ETA=14:32:59 | estimated_finish=2026-06-17 22:10:05
Epoch 314/1000 finished | loss=0.439495 | dice_loss=0.425471 | bce=0.012010 | mse=0.002014 | lr=7.12347e-05 | epoch_time=00:01:08 | elapsed=06:38:53 | ETA=14:31:28 | estimated_finish=2026-06-17 22:09:42
Epoch 315/1000 finished | loss=0.426870 | dice_loss=0.418024 | bce=0.007518 | mse=0.001327 | lr=7.11413e-05 | epoch_time=00:01:07 | elapsed=06:40:01 | ETA=14:29:53 | estimated_finish=2026-06-17 22:09:16
Quick validation epoch=315 | pseudo_dice=0.296522 | val_time=00:00:05
Epoch 316/1000 finished | loss=0.461796 | dice_loss=0.448718 | bce=0.011237 | mse=0.001840 | lr=7.10478e-05 | epoch_time=00:01:06 | elapsed=06:41:13 | ETA=14:28:28 | estimated_finish=2026-06-17 22:09:02
Epoch 317/1000 finished | loss=0.431975 | dice_loss=0.420328 | bce=0.009951 | mse=0.001696 | lr=7.09543e-05 | epoch_time=00:01:06 | elapsed=06:42:20 | ETA=14:26:51 | estimated_finish=2026-06-17 22:08:33
Epoch 318/1000 finished | loss=0.439262 | dice_loss=0.425249 | bce=0.011935 | mse=0.002078 | lr=7.08608e-05 | epoch_time=00:01:06 | elapsed=06:43:26 | ETA=14:25:15 | estimated_finish=2026-06-17 22:08:03
Epoch 319/1000 finished | loss=0.431300 | dice_loss=0.419700 | bce=0.009925 | mse=0.001676 | lr=7.07673e-05 | epoch_time=00:01:03 | elapsed=06:44:30 | ETA=14:23:32 | estimated_finish=2026-06-17 22:07:24
Epoch 320/1000 finished | loss=0.404140 | dice_loss=0.392665 | bce=0.009820 | mse=0.001655 | lr=7.06737e-05 | epoch_time=00:01:03 | elapsed=06:45:34 | ETA=14:21:50 | estimated_finish=2026-06-17 22:06:45
Quick validation epoch=320 | pseudo_dice=0.400817 | val_time=00:00:05
Epoch 321/1000 finished | loss=0.410864 | dice_loss=0.399935 | bce=0.009348 | mse=0.001581 | lr=7.05802e-05 | epoch_time=00:01:02 | elapsed=06:46:41 | ETA=14:20:16 | estimated_finish=2026-06-17 22:06:19
Epoch 322/1000 finished | loss=0.429899 | dice_loss=0.419661 | bce=0.008750 | mse=0.001487 | lr=7.04866e-05 | epoch_time=00:01:04 | elapsed=06:47:46 | ETA=14:18:36 | estimated_finish=2026-06-17 22:05:44
Epoch 323/1000 finished | loss=0.360871 | dice_loss=0.346048 | bce=0.012769 | mse=0.002053 | lr=7.03931e-05 | epoch_time=00:01:05 | elapsed=06:48:52 | ETA=14:16:59 | estimated_finish=2026-06-17 22:05:13
Epoch 324/1000 finished | loss=0.438451 | dice_loss=0.425713 | bce=0.010883 | mse=0.001855 | lr=7.02995e-05 | epoch_time=00:01:06 | elapsed=06:49:58 | ETA=14:15:23 | estimated_finish=2026-06-17 22:04:43
Epoch 325/1000 finished | loss=0.445749 | dice_loss=0.435800 | bce=0.008442 | mse=0.001506 | lr=7.02059e-05 | epoch_time=00:01:04 | elapsed=06:51:03 | ETA=14:13:43 | estimated_finish=2026-06-17 22:04:07
Quick validation epoch=325 | pseudo_dice=0.225156 | val_time=00:00:05
Epoch 326/1000 finished | loss=0.448494 | dice_loss=0.436913 | bce=0.009917 | mse=0.001663 | lr=7.01123e-05 | epoch_time=00:01:06 | elapsed=06:52:15 | ETA=14:12:19 | estimated_finish=2026-06-17 22:03:56
Epoch 327/1000 finished | loss=0.418948 | dice_loss=0.406970 | bce=0.010303 | mse=0.001675 | lr=7.00186e-05 | epoch_time=00:01:05 | elapsed=06:53:21 | ETA=14:10:43 | estimated_finish=2026-06-17 22:03:25
Epoch 328/1000 finished | loss=0.456629 | dice_loss=0.445127 | bce=0.009820 | mse=0.001682 | lr=6.9925e-05 | epoch_time=00:01:06 | elapsed=06:54:27 | ETA=14:09:08 | estimated_finish=2026-06-17 22:02:57
Epoch 329/1000 finished | loss=0.431199 | dice_loss=0.416136 | bce=0.012946 | mse=0.002117 | lr=6.98313e-05 | epoch_time=00:01:04 | elapsed=06:55:32 | ETA=14:07:30 | estimated_finish=2026-06-17 22:02:23
Epoch 330/1000 finished | loss=0.422207 | dice_loss=0.410046 | bce=0.010529 | mse=0.001632 | lr=6.97377e-05 | epoch_time=00:01:08 | elapsed=06:56:41 | ETA=14:06:00 | estimated_finish=2026-06-17 22:02:03
Quick validation epoch=330 | pseudo_dice=0.607382 | val_time=00:00:05
Epoch 331/1000 finished | loss=0.416114 | dice_loss=0.407236 | bce=0.007620 | mse=0.001258 | lr=6.9644e-05 | epoch_time=00:01:03 | elapsed=06:57:50 | ETA=14:04:31 | estimated_finish=2026-06-17 22:01:43
Epoch 332/1000 finished | loss=0.421160 | dice_loss=0.407780 | bce=0.011441 | mse=0.001938 | lr=6.95503e-05 | epoch_time=00:01:05 | elapsed=06:58:56 | ETA=14:02:54 | estimated_finish=2026-06-17 22:01:12
Epoch 333/1000 finished | loss=0.428128 | dice_loss=0.418279 | bce=0.008429 | mse=0.001421 | lr=6.94566e-05 | epoch_time=00:01:04 | elapsed=07:00:00 | ETA=14:01:16 | estimated_finish=2026-06-17 22:00:37
Epoch 334/1000 finished | loss=0.461303 | dice_loss=0.451022 | bce=0.008762 | mse=0.001519 | lr=6.93628e-05 | epoch_time=00:01:03 | elapsed=07:01:03 | ETA=13:59:35 | estimated_finish=2026-06-17 22:00:00
Epoch 335/1000 finished | loss=0.453011 | dice_loss=0.442312 | bce=0.009103 | mse=0.001595 | lr=6.92691e-05 | epoch_time=00:01:07 | elapsed=07:02:11 | ETA=13:58:04 | estimated_finish=2026-06-17 21:59:36
Quick validation epoch=335 | pseudo_dice=0.497618 | val_time=00:00:05
Epoch 336/1000 finished | loss=0.462616 | dice_loss=0.451621 | bce=0.009373 | mse=0.001622 | lr=6.91753e-05 | epoch_time=00:01:06 | elapsed=07:03:23 | ETA=13:56:41 | estimated_finish=2026-06-17 21:59:26
Epoch 337/1000 finished | loss=0.429618 | dice_loss=0.413228 | bce=0.014044 | mse=0.002345 | lr=6.90816e-05 | epoch_time=00:01:06 | elapsed=07:04:29 | ETA=13:55:08 | estimated_finish=2026-06-17 21:58:59
Epoch 338/1000 finished | loss=0.442104 | dice_loss=0.430820 | bce=0.009740 | mse=0.001543 | lr=6.89878e-05 | epoch_time=00:01:06 | elapsed=07:05:36 | ETA=13:53:35 | estimated_finish=2026-06-17 21:58:32
Epoch 339/1000 finished | loss=0.418017 | dice_loss=0.403857 | bce=0.012218 | mse=0.001942 | lr=6.8894e-05 | epoch_time=00:01:05 | elapsed=07:06:42 | ETA=13:52:01 | estimated_finish=2026-06-17 21:58:04
Epoch 340/1000 finished | loss=0.452704 | dice_loss=0.442157 | bce=0.009017 | mse=0.001531 | lr=6.88002e-05 | epoch_time=00:01:10 | elapsed=07:07:53 | ETA=13:50:36 | estimated_finish=2026-06-17 21:57:50
Quick validation epoch=340 | pseudo_dice=0.360965 | val_time=00:00:05
Epoch 341/1000 finished | loss=0.389036 | dice_loss=0.376891 | bce=0.010365 | mse=0.001780 | lr=6.87063e-05 | epoch_time=00:01:07 | elapsed=07:09:06 | ETA=13:49:16 | estimated_finish=2026-06-17 21:57:43
Epoch 342/1000 finished | loss=0.477922 | dice_loss=0.464107 | bce=0.011924 | mse=0.001892 | lr=6.86125e-05 | epoch_time=00:01:05 | elapsed=07:10:11 | ETA=13:47:40 | estimated_finish=2026-06-17 21:57:13
Epoch 343/1000 finished | loss=0.444746 | dice_loss=0.435604 | bce=0.007745 | mse=0.001397 | lr=6.85187e-05 | epoch_time=00:01:06 | elapsed=07:11:18 | ETA=13:46:09 | estimated_finish=2026-06-17 21:56:49
Epoch 344/1000 finished | loss=0.428342 | dice_loss=0.416882 | bce=0.009863 | mse=0.001597 | lr=6.84248e-05 | epoch_time=00:01:04 | elapsed=07:12:23 | ETA=13:44:33 | estimated_finish=2026-06-17 21:56:17
Epoch 345/1000 finished | loss=0.457394 | dice_loss=0.444182 | bce=0.011314 | mse=0.001898 | lr=6.83309e-05 | epoch_time=00:01:02 | elapsed=07:13:26 | ETA=13:42:54 | estimated_finish=2026-06-17 21:55:42
Quick validation epoch=345 | pseudo_dice=0.224056 | val_time=00:00:05
Epoch 346/1000 finished | loss=0.467719 | dice_loss=0.454589 | bce=0.011219 | mse=0.001912 | lr=6.8237e-05 | epoch_time=00:01:09 | elapsed=07:14:41 | ETA=13:41:37 | estimated_finish=2026-06-17 21:55:40
Epoch 347/1000 finished | loss=0.393440 | dice_loss=0.382924 | bce=0.008980 | mse=0.001537 | lr=6.81431e-05 | epoch_time=00:01:03 | elapsed=07:15:44 | ETA=13:39:59 | estimated_finish=2026-06-17 21:55:05
Epoch 348/1000 finished | loss=0.438728 | dice_loss=0.425745 | bce=0.011062 | mse=0.001921 | lr=6.80492e-05 | epoch_time=00:01:04 | elapsed=07:16:49 | ETA=13:38:24 | estimated_finish=2026-06-17 21:54:35
Epoch 349/1000 finished | loss=0.433334 | dice_loss=0.422081 | bce=0.009656 | mse=0.001598 | lr=6.79552e-05 | epoch_time=00:01:07 | elapsed=07:17:56 | ETA=13:36:55 | estimated_finish=2026-06-17 21:54:13
Epoch 350/1000 finished | loss=0.408677 | dice_loss=0.398172 | bce=0.008981 | mse=0.001525 | lr=6.78613e-05 | epoch_time=00:01:05 | elapsed=07:19:02 | ETA=13:35:21 | estimated_finish=2026-06-17 21:53:44
Quick validation epoch=350 | pseudo_dice=0.334178 | val_time=00:00:05
Epoch 351/1000 finished | loss=0.485086 | dice_loss=0.475014 | bce=0.008613 | mse=0.001460 | lr=6.77673e-05 | epoch_time=00:01:08 | elapsed=07:20:16 | ETA=13:34:04 | estimated_finish=2026-06-17 21:53:41
Epoch 352/1000 finished | loss=0.445810 | dice_loss=0.434330 | bce=0.009837 | mse=0.001643 | lr=6.76733e-05 | epoch_time=00:01:07 | elapsed=07:21:24 | ETA=13:32:34 | estimated_finish=2026-06-17 21:53:20
Epoch 353/1000 finished | loss=0.435886 | dice_loss=0.426450 | bce=0.007992 | mse=0.001443 | lr=6.75793e-05 | epoch_time=00:01:07 | elapsed=07:22:31 | ETA=13:31:05 | estimated_finish=2026-06-17 21:52:58
Epoch 354/1000 finished | loss=0.507671 | dice_loss=0.496124 | bce=0.009886 | mse=0.001661 | lr=6.74853e-05 | epoch_time=00:01:08 | elapsed=07:23:40 | ETA=13:29:38 | estimated_finish=2026-06-17 21:52:39
Epoch 355/1000 finished | loss=0.501480 | dice_loss=0.492115 | bce=0.007977 | mse=0.001388 | lr=6.73913e-05 | epoch_time=00:01:06 | elapsed=07:24:46 | ETA=13:28:07 | estimated_finish=2026-06-17 21:52:15
Quick validation epoch=355 | pseudo_dice=0.287946 | val_time=00:00:05
Epoch 356/1000 finished | loss=0.433856 | dice_loss=0.422810 | bce=0.009519 | mse=0.001527 | lr=6.72972e-05 | epoch_time=00:01:09 | elapsed=07:26:01 | ETA=13:26:51 | estimated_finish=2026-06-17 21:52:14
Epoch 357/1000 finished | loss=0.405307 | dice_loss=0.393736 | bce=0.009823 | mse=0.001748 | lr=6.72032e-05 | epoch_time=00:01:06 | elapsed=07:27:08 | ETA=13:25:20 | estimated_finish=2026-06-17 21:51:49
Epoch 358/1000 finished | loss=0.441371 | dice_loss=0.428457 | bce=0.011143 | mse=0.001771 | lr=6.71091e-05 | epoch_time=00:01:03 | elapsed=07:28:12 | ETA=13:23:45 | estimated_finish=2026-06-17 21:51:18
Epoch 359/1000 finished | loss=0.386171 | dice_loss=0.372439 | bce=0.011802 | mse=0.001931 | lr=6.7015e-05 | epoch_time=00:01:06 | elapsed=07:29:18 | ETA=13:22:15 | estimated_finish=2026-06-17 21:50:55
Epoch 360/1000 finished | loss=0.383575 | dice_loss=0.370996 | bce=0.010715 | mse=0.001864 | lr=6.69209e-05 | epoch_time=00:01:09 | elapsed=07:30:28 | ETA=13:20:50 | estimated_finish=2026-06-17 21:50:40
Quick validation epoch=360 | pseudo_dice=0.426543 | val_time=00:00:05
Epoch 361/1000 finished | loss=0.425378 | dice_loss=0.414129 | bce=0.009601 | mse=0.001648 | lr=6.68268e-05 | epoch_time=00:01:16 | elapsed=07:31:50 | ETA=13:19:48 | estimated_finish=2026-06-17 21:51:00
Epoch 362/1000 finished | loss=0.378798 | dice_loss=0.369433 | bce=0.007972 | mse=0.001393 | lr=6.67327e-05 | epoch_time=00:01:09 | elapsed=07:33:01 | ETA=13:18:24 | estimated_finish=2026-06-17 21:50:47
Epoch 363/1000 finished | loss=0.445630 | dice_loss=0.433161 | bce=0.010628 | mse=0.001841 | lr=6.66385e-05 | epoch_time=00:01:05 | elapsed=07:34:07 | ETA=13:16:54 | estimated_finish=2026-06-17 21:50:22
Epoch 364/1000 finished | loss=0.444003 | dice_loss=0.433349 | bce=0.009115 | mse=0.001539 | lr=6.65444e-05 | epoch_time=00:01:05 | elapsed=07:35:12 | ETA=13:15:22 | estimated_finish=2026-06-17 21:49:55
Epoch 365/1000 finished | loss=0.415932 | dice_loss=0.403596 | bce=0.010592 | mse=0.001744 | lr=6.64502e-05 | epoch_time=00:01:04 | elapsed=07:36:17 | ETA=13:13:49 | estimated_finish=2026-06-17 21:49:28
Quick validation epoch=365 | pseudo_dice=0.233023 | val_time=00:00:05
Epoch 366/1000 finished | loss=0.408652 | dice_loss=0.395605 | bce=0.011016 | mse=0.002031 | lr=6.6356e-05 | epoch_time=00:01:06 | elapsed=07:37:30 | ETA=13:12:30 | estimated_finish=2026-06-17 21:49:21
Epoch 367/1000 finished | loss=0.425905 | dice_loss=0.417226 | bce=0.007341 | mse=0.001339 | lr=6.62618e-05 | epoch_time=00:01:04 | elapsed=07:38:34 | ETA=13:10:57 | estimated_finish=2026-06-17 21:48:53
Epoch 368/1000 finished | loss=0.455142 | dice_loss=0.443670 | bce=0.009850 | mse=0.001622 | lr=6.61676e-05 | epoch_time=00:01:03 | elapsed=07:39:38 | ETA=13:09:23 | estimated_finish=2026-06-17 21:48:23
Epoch 369/1000 finished | loss=0.413262 | dice_loss=0.402636 | bce=0.009099 | mse=0.001527 | lr=6.60734e-05 | epoch_time=00:01:04 | elapsed=07:40:43 | ETA=13:07:50 | estimated_finish=2026-06-17 21:47:54
Epoch 370/1000 finished | loss=0.484179 | dice_loss=0.472108 | bce=0.010375 | mse=0.001696 | lr=6.59791e-05 | epoch_time=00:01:04 | elapsed=07:41:47 | ETA=13:06:17 | estimated_finish=2026-06-17 21:47:26
Quick validation epoch=370 | pseudo_dice=0.375267 | val_time=00:00:05
Epoch 371/1000 finished | loss=0.421367 | dice_loss=0.410703 | bce=0.009151 | mse=0.001513 | lr=6.58849e-05 | epoch_time=00:01:02 | elapsed=07:42:56 | ETA=13:04:52 | estimated_finish=2026-06-17 21:47:09
Epoch 372/1000 finished | loss=0.405105 | dice_loss=0.394556 | bce=0.008948 | mse=0.001601 | lr=6.57906e-05 | epoch_time=00:01:08 | elapsed=07:44:04 | ETA=13:03:26 | estimated_finish=2026-06-17 21:46:52
Epoch 373/1000 finished | loss=0.463721 | dice_loss=0.448757 | bce=0.012917 | mse=0.002047 | lr=6.56963e-05 | epoch_time=00:01:05 | elapsed=07:45:10 | ETA=13:01:57 | estimated_finish=2026-06-17 21:46:29
Epoch 374/1000 finished | loss=0.406951 | dice_loss=0.393478 | bce=0.011615 | mse=0.001858 | lr=6.5602e-05 | epoch_time=00:01:04 | elapsed=07:46:15 | ETA=13:00:25 | estimated_finish=2026-06-17 21:46:01
Epoch 375/1000 finished | loss=0.426109 | dice_loss=0.415136 | bce=0.009314 | mse=0.001659 | lr=6.55076e-05 | epoch_time=00:01:08 | elapsed=07:47:23 | ETA=12:58:59 | estimated_finish=2026-06-17 21:45:44
Quick validation epoch=375 | pseudo_dice=0.566560 | val_time=00:00:05
Epoch 376/1000 finished | loss=0.429631 | dice_loss=0.418455 | bce=0.009566 | mse=0.001610 | lr=6.54133e-05 | epoch_time=00:01:05 | elapsed=07:48:35 | ETA=12:57:39 | estimated_finish=2026-06-17 21:45:35
Epoch 377/1000 finished | loss=0.434416 | dice_loss=0.423352 | bce=0.009493 | mse=0.001571 | lr=6.5319e-05 | epoch_time=00:01:09 | elapsed=07:49:44 | ETA=12:56:15 | estimated_finish=2026-06-17 21:45:21
Epoch 378/1000 finished | loss=0.458129 | dice_loss=0.446281 | bce=0.010168 | mse=0.001680 | lr=6.52246e-05 | epoch_time=00:01:07 | elapsed=07:50:52 | ETA=12:54:48 | estimated_finish=2026-06-17 21:45:01
Epoch 379/1000 finished | loss=0.400903 | dice_loss=0.390227 | bce=0.009099 | mse=0.001577 | lr=6.51302e-05 | epoch_time=00:01:05 | elapsed=07:51:58 | ETA=12:53:19 | estimated_finish=2026-06-17 21:44:39
Epoch 380/1000 finished | loss=0.429246 | dice_loss=0.416994 | bce=0.010545 | mse=0.001707 | lr=6.50358e-05 | epoch_time=00:01:05 | elapsed=07:53:03 | ETA=12:51:50 | estimated_finish=2026-06-17 21:44:14
Quick validation epoch=380 | pseudo_dice=0.471392 | val_time=00:00:05
Epoch 381/1000 finished | loss=0.402720 | dice_loss=0.389977 | bce=0.010850 | mse=0.001893 | lr=6.49414e-05 | epoch_time=00:01:04 | elapsed=07:54:14 | ETA=12:50:28 | estimated_finish=2026-06-17 21:44:04
Epoch 382/1000 finished | loss=0.410370 | dice_loss=0.399211 | bce=0.009595 | mse=0.001564 | lr=6.4847e-05 | epoch_time=00:01:05 | elapsed=07:55:19 | ETA=12:48:59 | estimated_finish=2026-06-17 21:43:39
Epoch 383/1000 finished | loss=0.431347 | dice_loss=0.419171 | bce=0.010428 | mse=0.001749 | lr=6.47525e-05 | epoch_time=00:01:03 | elapsed=07:56:23 | ETA=12:47:27 | estimated_finish=2026-06-17 21:43:11
Epoch 384/1000 finished | loss=0.439829 | dice_loss=0.428476 | bce=0.009789 | mse=0.001564 | lr=6.46581e-05 | epoch_time=00:01:05 | elapsed=07:57:29 | ETA=12:45:58 | estimated_finish=2026-06-17 21:42:49
Epoch 385/1000 finished | loss=0.385286 | dice_loss=0.368396 | bce=0.014526 | mse=0.002364 | lr=6.45636e-05 | epoch_time=00:01:09 | elapsed=07:58:39 | ETA=12:44:36 | estimated_finish=2026-06-17 21:42:37
Quick validation epoch=385 | pseudo_dice=0.589052 | val_time=00:00:05
Epoch 386/1000 finished | loss=0.412593 | dice_loss=0.402319 | bce=0.008740 | mse=0.001534 | lr=6.44691e-05 | epoch_time=00:01:09 | elapsed=07:59:54 | ETA=12:43:22 | estimated_finish=2026-06-17 21:42:38
Epoch 387/1000 finished | loss=0.371802 | dice_loss=0.363558 | bce=0.006992 | mse=0.001252 | lr=6.43746e-05 | epoch_time=00:01:05 | elapsed=08:01:00 | ETA=12:41:53 | estimated_finish=2026-06-17 21:42:14
Epoch 388/1000 finished | loss=0.447611 | dice_loss=0.435598 | bce=0.010226 | mse=0.001786 | lr=6.42801e-05 | epoch_time=00:01:04 | elapsed=08:02:05 | ETA=12:40:24 | estimated_finish=2026-06-17 21:41:50
Epoch 389/1000 finished | loss=0.384109 | dice_loss=0.371709 | bce=0.010577 | mse=0.001824 | lr=6.41855e-05 | epoch_time=00:01:07 | elapsed=08:03:12 | ETA=12:38:58 | estimated_finish=2026-06-17 21:41:31
Epoch 390/1000 finished | loss=0.453994 | dice_loss=0.441164 | bce=0.010954 | mse=0.001877 | lr=6.4091e-05 | epoch_time=00:01:05 | elapsed=08:04:18 | ETA=12:37:30 | estimated_finish=2026-06-17 21:41:10
Quick validation epoch=390 | pseudo_dice=0.550357 | val_time=00:00:05
Epoch 391/1000 finished | loss=0.408769 | dice_loss=0.399395 | bce=0.008004 | mse=0.001371 | lr=6.39964e-05 | epoch_time=00:01:04 | elapsed=08:05:28 | ETA=12:36:09 | estimated_finish=2026-06-17 21:40:58
Epoch 392/1000 finished | loss=0.394898 | dice_loss=0.381697 | bce=0.011308 | mse=0.001893 | lr=6.39018e-05 | epoch_time=00:01:05 | elapsed=08:06:34 | ETA=12:34:41 | estimated_finish=2026-06-17 21:40:37
Epoch 393/1000 finished | loss=0.475821 | dice_loss=0.464094 | bce=0.009920 | mse=0.001808 | lr=6.38072e-05 | epoch_time=00:01:05 | elapsed=08:07:40 | ETA=12:33:13 | estimated_finish=2026-06-17 21:40:14
Epoch 394/1000 finished | loss=0.437215 | dice_loss=0.422376 | bce=0.012744 | mse=0.002095 | lr=6.37126e-05 | epoch_time=00:01:06 | elapsed=08:08:46 | ETA=12:31:46 | estimated_finish=2026-06-17 21:39:53
Epoch 395/1000 finished | loss=0.417228 | dice_loss=0.405428 | bce=0.010061 | mse=0.001740 | lr=6.3618e-05 | epoch_time=00:01:07 | elapsed=08:09:53 | ETA=12:30:20 | estimated_finish=2026-06-17 21:39:35
Quick validation epoch=395 | pseudo_dice=0.658780 | val_time=00:00:05
Epoch 396/1000 finished | loss=0.401205 | dice_loss=0.388298 | bce=0.011059 | mse=0.001849 | lr=6.35233e-05 | epoch_time=00:01:09 | elapsed=08:11:09 | ETA=12:29:08 | estimated_finish=2026-06-17 21:39:38
Epoch 397/1000 finished | loss=0.401439 | dice_loss=0.391353 | bce=0.008542 | mse=0.001544 | lr=6.34287e-05 | epoch_time=00:01:09 | elapsed=08:12:18 | ETA=12:27:46 | estimated_finish=2026-06-17 21:39:26
Epoch 398/1000 finished | loss=0.472499 | dice_loss=0.462481 | bce=0.008542 | mse=0.001476 | lr=6.3334e-05 | epoch_time=00:01:06 | elapsed=08:13:25 | ETA=12:26:20 | estimated_finish=2026-06-17 21:39:07
Epoch 399/1000 finished | loss=0.424270 | dice_loss=0.411639 | bce=0.010831 | mse=0.001800 | lr=6.32393e-05 | epoch_time=00:01:06 | elapsed=08:14:32 | ETA=12:24:54 | estimated_finish=2026-06-17 21:38:48
Epoch 400/1000 finished | loss=0.442412 | dice_loss=0.431339 | bce=0.009430 | mse=0.001644 | lr=6.31446e-05 | epoch_time=00:01:06 | elapsed=08:15:39 | ETA=12:23:29 | estimated_finish=2026-06-17 21:38:30
Quick validation epoch=400 | pseudo_dice=0.709812 | val_time=00:00:06
Full validation epoch=400 | mean_dice=0.203007 | val_time=00:12:44
Epoch 401/1000 finished | loss=0.369999 | dice_loss=0.358132 | bce=0.010174 | mse=0.001693 | lr=6.30499e-05 | epoch_time=00:01:07 | elapsed=08:29:38 | ETA=12:41:17 | estimated_finish=2026-06-17 22:10:16
Epoch 402/1000 finished | loss=0.387493 | dice_loss=0.376886 | bce=0.009064 | mse=0.001544 | lr=6.29551e-05 | epoch_time=00:01:04 | elapsed=08:30:43 | ETA=12:39:44 | estimated_finish=2026-06-17 22:09:49
Epoch 403/1000 finished | loss=0.459638 | dice_loss=0.451058 | bce=0.007373 | mse=0.001206 | lr=6.28604e-05 | epoch_time=00:01:09 | elapsed=08:31:53 | ETA=12:38:19 | estimated_finish=2026-06-17 22:09:33
Epoch 404/1000 finished | loss=0.516823 | dice_loss=0.507284 | bce=0.008185 | mse=0.001355 | lr=6.27656e-05 | epoch_time=00:01:18 | elapsed=08:33:12 | ETA=12:37:06 | estimated_finish=2026-06-17 22:09:40
Epoch 405/1000 finished | loss=0.433209 | dice_loss=0.422745 | bce=0.008899 | mse=0.001565 | lr=6.26708e-05 | epoch_time=00:01:06 | elapsed=08:34:19 | ETA=12:35:36 | estimated_finish=2026-06-17 22:09:16
Quick validation epoch=405 | pseudo_dice=0.416994 | val_time=00:00:05
Epoch 406/1000 finished | loss=0.445031 | dice_loss=0.437371 | bce=0.006542 | mse=0.001118 | lr=6.2576e-05 | epoch_time=00:01:05 | elapsed=08:35:30 | ETA=12:34:13 | estimated_finish=2026-06-17 22:09:04
Epoch 407/1000 finished | loss=0.559014 | dice_loss=0.549348 | bce=0.008273 | mse=0.001392 | lr=6.24812e-05 | epoch_time=00:01:06 | elapsed=08:36:37 | ETA=12:32:43 | estimated_finish=2026-06-17 22:08:42
Epoch 408/1000 finished | loss=0.417957 | dice_loss=0.408352 | bce=0.008199 | mse=0.001406 | lr=6.23863e-05 | epoch_time=00:01:06 | elapsed=08:37:44 | ETA=12:31:13 | estimated_finish=2026-06-17 22:08:18
Epoch 409/1000 finished | loss=0.387578 | dice_loss=0.374584 | bce=0.011170 | mse=0.001824 | lr=6.22915e-05 | epoch_time=00:01:09 | elapsed=08:38:53 | ETA=12:29:48 | estimated_finish=2026-06-17 22:08:02
Epoch 410/1000 finished | loss=0.402836 | dice_loss=0.388623 | bce=0.012194 | mse=0.002018 | lr=6.21966e-05 | epoch_time=00:01:07 | elapsed=08:40:01 | ETA=12:28:19 | estimated_finish=2026-06-17 22:07:41
Quick validation epoch=410 | pseudo_dice=0.378650 | val_time=00:00:05
Epoch 411/1000 finished | loss=0.440824 | dice_loss=0.428223 | bce=0.010814 | mse=0.001788 | lr=6.21017e-05 | epoch_time=00:01:06 | elapsed=08:41:13 | ETA=12:26:57 | estimated_finish=2026-06-17 22:07:32
Epoch 412/1000 finished | loss=0.459048 | dice_loss=0.449253 | bce=0.008391 | mse=0.001403 | lr=6.20068e-05 | epoch_time=00:01:06 | elapsed=08:42:20 | ETA=12:25:28 | estimated_finish=2026-06-17 22:07:10
Epoch 413/1000 finished | loss=0.374081 | dice_loss=0.362822 | bce=0.009512 | mse=0.001748 | lr=6.19119e-05 | epoch_time=00:01:06 | elapsed=08:43:27 | ETA=12:23:59 | estimated_finish=2026-06-17 22:06:47
Epoch 414/1000 finished | loss=0.428950 | dice_loss=0.414364 | bce=0.012619 | mse=0.001966 | lr=6.1817e-05 | epoch_time=00:01:05 | elapsed=08:44:32 | ETA=12:22:28 | estimated_finish=2026-06-17 22:06:21
Epoch 415/1000 finished | loss=0.423920 | dice_loss=0.414942 | bce=0.007638 | mse=0.001340 | lr=6.1722e-05 | epoch_time=00:01:10 | elapsed=08:45:43 | ETA=12:21:04 | estimated_finish=2026-06-17 22:06:09
Quick validation epoch=415 | pseudo_dice=0.308096 | val_time=00:00:05
Epoch 416/1000 finished | loss=0.510749 | dice_loss=0.496023 | bce=0.012592 | mse=0.002133 | lr=6.16271e-05 | epoch_time=00:01:07 | elapsed=08:46:56 | ETA=12:19:44 | estimated_finish=2026-06-17 22:06:01
Epoch 417/1000 finished | loss=0.442078 | dice_loss=0.430441 | bce=0.009917 | mse=0.001720 | lr=6.15321e-05 | epoch_time=00:01:05 | elapsed=08:48:02 | ETA=12:18:14 | estimated_finish=2026-06-17 22:05:37
Epoch 418/1000 finished | loss=0.467920 | dice_loss=0.457645 | bce=0.008791 | mse=0.001484 | lr=6.14371e-05 | epoch_time=00:01:03 | elapsed=08:49:06 | ETA=12:16:41 | estimated_finish=2026-06-17 22:05:08
Epoch 419/1000 finished | loss=0.395890 | dice_loss=0.383256 | bce=0.010843 | mse=0.001791 | lr=6.13421e-05 | epoch_time=00:01:09 | elapsed=08:50:16 | ETA=12:15:17 | estimated_finish=2026-06-17 22:04:54
Epoch 420/1000 finished | loss=0.416567 | dice_loss=0.403114 | bce=0.011474 | mse=0.001978 | lr=6.12471e-05 | epoch_time=00:01:07 | elapsed=08:51:24 | ETA=12:13:50 | estimated_finish=2026-06-17 22:04:36
Quick validation epoch=420 | pseudo_dice=0.598069 | val_time=00:00:05
Epoch 421/1000 finished | loss=0.481365 | dice_loss=0.470175 | bce=0.009498 | mse=0.001691 | lr=6.1152e-05 | epoch_time=00:01:06 | elapsed=08:52:36 | ETA=12:12:29 | estimated_finish=2026-06-17 22:04:27
Epoch 422/1000 finished | loss=0.423925 | dice_loss=0.414565 | bce=0.007954 | mse=0.001406 | lr=6.10569e-05 | epoch_time=00:01:06 | elapsed=08:53:43 | ETA=12:11:01 | estimated_finish=2026-06-17 22:04:05
Epoch 423/1000 finished | loss=0.462559 | dice_loss=0.450918 | bce=0.009885 | mse=0.001756 | lr=6.09619e-05 | epoch_time=00:01:11 | elapsed=08:54:54 | ETA=12:09:39 | estimated_finish=2026-06-17 22:03:55
Epoch 424/1000 finished | loss=0.406808 | dice_loss=0.394613 | bce=0.010498 | mse=0.001697 | lr=6.08668e-05 | epoch_time=00:01:07 | elapsed=08:56:03 | ETA=12:08:13 | estimated_finish=2026-06-17 22:03:37
Epoch 425/1000 finished | loss=0.422061 | dice_loss=0.407499 | bce=0.012496 | mse=0.002066 | lr=6.07717e-05 | epoch_time=00:01:07 | elapsed=08:57:10 | ETA=12:06:46 | estimated_finish=2026-06-17 22:03:18
Quick validation epoch=425 | pseudo_dice=0.218658 | val_time=00:00:05
Epoch 426/1000 finished | loss=0.469263 | dice_loss=0.459029 | bce=0.008654 | mse=0.001580 | lr=6.06765e-05 | epoch_time=00:01:08 | elapsed=08:58:25 | ETA=12:05:29 | estimated_finish=2026-06-17 22:03:15
Epoch 427/1000 finished | loss=0.446203 | dice_loss=0.435821 | bce=0.008872 | mse=0.001511 | lr=6.05814e-05 | epoch_time=00:01:07 | elapsed=08:59:33 | ETA=12:04:03 | estimated_finish=2026-06-17 22:02:57
Epoch 428/1000 finished | loss=0.406452 | dice_loss=0.396509 | bce=0.008489 | mse=0.001454 | lr=6.04862e-05 | epoch_time=00:01:10 | elapsed=09:00:44 | ETA=12:02:40 | estimated_finish=2026-06-17 22:02:45
Epoch 429/1000 finished | loss=0.380615 | dice_loss=0.371082 | bce=0.008089 | mse=0.001443 | lr=6.0391e-05 | epoch_time=00:01:05 | elapsed=09:01:49 | ETA=12:01:10 | estimated_finish=2026-06-17 22:02:21
Epoch 430/1000 finished | loss=0.444675 | dice_loss=0.434785 | bce=0.008395 | mse=0.001495 | lr=6.02958e-05 | epoch_time=00:01:05 | elapsed=09:02:55 | ETA=11:59:42 | estimated_finish=2026-06-17 22:01:59
Quick validation epoch=430 | pseudo_dice=0.471995 | val_time=00:00:05
Epoch 431/1000 finished | loss=0.441920 | dice_loss=0.430315 | bce=0.009950 | mse=0.001654 | lr=6.02006e-05 | epoch_time=00:01:05 | elapsed=09:04:07 | ETA=11:58:20 | estimated_finish=2026-06-17 22:01:48
Epoch 432/1000 finished | loss=0.455064 | dice_loss=0.443956 | bce=0.009465 | mse=0.001642 | lr=6.01054e-05 | epoch_time=00:01:08 | elapsed=09:05:15 | ETA=11:56:54 | estimated_finish=2026-06-17 22:01:31
Epoch 433/1000 finished | loss=0.470000 | dice_loss=0.460322 | bce=0.008327 | mse=0.001351 | lr=6.00102e-05 | epoch_time=00:01:09 | elapsed=09:06:25 | ETA=11:55:31 | estimated_finish=2026-06-17 22:01:18
Epoch 434/1000 finished | loss=0.466436 | dice_loss=0.456768 | bce=0.008253 | mse=0.001415 | lr=5.99149e-05 | epoch_time=00:01:07 | elapsed=09:07:33 | ETA=11:54:06 | estimated_finish=2026-06-17 22:01:01
Epoch 435/1000 finished | loss=0.448878 | dice_loss=0.437899 | bce=0.009312 | mse=0.001667 | lr=5.98196e-05 | epoch_time=00:01:09 | elapsed=09:08:43 | ETA=11:52:42 | estimated_finish=2026-06-17 22:00:47
Quick validation epoch=435 | pseudo_dice=0.322292 | val_time=00:00:07
Epoch 436/1000 finished | loss=0.407783 | dice_loss=0.395686 | bce=0.010365 | mse=0.001731 | lr=5.97243e-05 | epoch_time=00:01:08 | elapsed=09:09:59 | ETA=11:51:26 | estimated_finish=2026-06-17 22:00:47
Epoch 437/1000 finished | loss=0.521455 | dice_loss=0.513492 | bce=0.006771 | mse=0.001193 | lr=5.9629e-05 | epoch_time=00:01:11 | elapsed=09:11:10 | ETA=11:50:05 | estimated_finish=2026-06-17 22:00:37
Epoch 438/1000 finished | loss=0.463988 | dice_loss=0.451460 | bce=0.010842 | mse=0.001686 | lr=5.95337e-05 | epoch_time=00:01:09 | elapsed=09:12:20 | ETA=11:48:42 | estimated_finish=2026-06-17 22:00:23
Epoch 439/1000 finished | loss=0.440148 | dice_loss=0.429154 | bce=0.009458 | mse=0.001536 | lr=5.94383e-05 | epoch_time=00:01:08 | elapsed=09:13:29 | ETA=11:47:17 | estimated_finish=2026-06-17 22:00:08
Epoch 440/1000 finished | loss=0.475638 | dice_loss=0.463134 | bce=0.010779 | mse=0.001725 | lr=5.9343e-05 | epoch_time=00:01:14 | elapsed=09:14:44 | ETA=11:46:01 | estimated_finish=2026-06-17 22:00:06
Quick validation epoch=440 | pseudo_dice=0.236261 | val_time=00:00:05
Epoch 441/1000 finished | loss=0.434545 | dice_loss=0.421463 | bce=0.011121 | mse=0.001961 | lr=5.92476e-05 | epoch_time=00:01:10 | elapsed=09:16:00 | ETA=11:44:47 | estimated_finish=2026-06-17 22:00:08
Epoch 442/1000 finished | loss=0.416885 | dice_loss=0.405336 | bce=0.009795 | mse=0.001755 | lr=5.91522e-05 | epoch_time=00:01:11 | elapsed=09:17:12 | ETA=11:43:27 | estimated_finish=2026-06-17 22:00:01
Epoch 443/1000 finished | loss=0.460155 | dice_loss=0.449038 | bce=0.009547 | mse=0.001571 | lr=5.90568e-05 | epoch_time=00:01:10 | elapsed=09:18:23 | ETA=11:42:05 | estimated_finish=2026-06-17 21:59:49
Epoch 444/1000 finished | loss=0.426325 | dice_loss=0.414229 | bce=0.010268 | mse=0.001828 | lr=5.89613e-05 | epoch_time=00:01:12 | elapsed=09:19:35 | ETA=11:40:45 | estimated_finish=2026-06-17 21:59:42
Epoch 445/1000 finished | loss=0.420792 | dice_loss=0.407446 | bce=0.011414 | mse=0.001933 | lr=5.88659e-05 | epoch_time=00:01:10 | elapsed=09:20:46 | ETA=11:39:23 | estimated_finish=2026-06-17 21:59:31
Quick validation epoch=445 | pseudo_dice=0.681561 | val_time=00:00:05
Epoch 446/1000 finished | loss=0.459165 | dice_loss=0.448409 | bce=0.009189 | mse=0.001567 | lr=5.87704e-05 | epoch_time=00:01:10 | elapsed=09:22:02 | ETA=11:38:08 | estimated_finish=2026-06-17 21:59:32
Epoch 447/1000 finished | loss=0.459583 | dice_loss=0.449599 | bce=0.008581 | mse=0.001404 | lr=5.86749e-05 | epoch_time=00:01:13 | elapsed=09:23:15 | ETA=11:36:49 | estimated_finish=2026-06-17 21:59:26
Epoch 448/1000 finished | loss=0.386099 | dice_loss=0.376278 | bce=0.008380 | mse=0.001441 | lr=5.85794e-05 | epoch_time=00:01:09 | elapsed=09:24:25 | ETA=11:35:27 | estimated_finish=2026-06-17 21:59:14
Epoch 449/1000 finished | loss=0.445415 | dice_loss=0.434624 | bce=0.009208 | mse=0.001582 | lr=5.84839e-05 | epoch_time=00:01:09 | elapsed=09:25:35 | ETA=11:34:04 | estimated_finish=2026-06-17 21:59:00
Epoch 450/1000 finished | loss=0.384426 | dice_loss=0.373660 | bce=0.009124 | mse=0.001642 | lr=5.83884e-05 | epoch_time=00:01:08 | elapsed=09:26:43 | ETA=11:32:40 | estimated_finish=2026-06-17 21:58:45
Quick validation epoch=450 | pseudo_dice=0.339945 | val_time=00:00:05
Epoch 451/1000 finished | loss=0.439601 | dice_loss=0.427200 | bce=0.010528 | mse=0.001873 | lr=5.82928e-05 | epoch_time=00:01:06 | elapsed=09:27:56 | ETA=11:31:20 | estimated_finish=2026-06-17 21:58:37
Epoch 452/1000 finished | loss=0.382016 | dice_loss=0.369604 | bce=0.010624 | mse=0.001788 | lr=5.81973e-05 | epoch_time=00:01:10 | elapsed=09:29:06 | ETA=11:29:59 | estimated_finish=2026-06-17 21:58:27
Epoch 453/1000 finished | loss=0.397964 | dice_loss=0.383039 | bce=0.012725 | mse=0.002201 | lr=5.81017e-05 | epoch_time=00:01:11 | elapsed=09:30:18 | ETA=11:28:39 | estimated_finish=2026-06-17 21:58:18
Epoch 454/1000 finished | loss=0.447378 | dice_loss=0.435555 | bce=0.010117 | mse=0.001706 | lr=5.80061e-05 | epoch_time=00:01:15 | elapsed=09:31:33 | ETA=11:27:23 | estimated_finish=2026-06-17 21:58:18
Epoch 455/1000 finished | loss=0.417881 | dice_loss=0.406296 | bce=0.009930 | mse=0.001655 | lr=5.79104e-05 | epoch_time=00:01:16 | elapsed=09:32:50 | ETA=11:26:08 | estimated_finish=2026-06-17 21:58:20
Quick validation epoch=455 | pseudo_dice=0.415507 | val_time=00:00:05
Epoch 456/1000 finished | loss=0.460129 | dice_loss=0.448910 | bce=0.009583 | mse=0.001635 | lr=5.78148e-05 | epoch_time=00:01:10 | elapsed=09:34:06 | ETA=11:24:54 | estimated_finish=2026-06-17 21:58:22
Epoch 457/1000 finished | loss=0.362948 | dice_loss=0.351422 | bce=0.009942 | mse=0.001585 | lr=5.77191e-05 | epoch_time=00:01:08 | elapsed=09:35:15 | ETA=11:23:30 | estimated_finish=2026-06-17 21:58:07
Epoch 458/1000 finished | loss=0.409787 | dice_loss=0.398172 | bce=0.009907 | mse=0.001708 | lr=5.76235e-05 | epoch_time=00:01:07 | elapsed=09:36:22 | ETA=11:22:05 | estimated_finish=2026-06-17 21:57:49
Epoch 459/1000 finished | loss=0.415010 | dice_loss=0.402865 | bce=0.010384 | mse=0.001761 | lr=5.75278e-05 | epoch_time=00:01:09 | elapsed=09:37:33 | ETA=11:20:43 | estimated_finish=2026-06-17 21:57:37
Epoch 460/1000 finished | loss=0.453739 | dice_loss=0.442737 | bce=0.009483 | mse=0.001519 | lr=5.74321e-05 | epoch_time=00:01:07 | elapsed=09:38:41 | ETA=11:19:19 | estimated_finish=2026-06-17 21:57:21
Quick validation epoch=460 | pseudo_dice=0.648794 | val_time=00:00:05
Epoch 461/1000 finished | loss=0.425973 | dice_loss=0.415939 | bce=0.008621 | mse=0.001412 | lr=5.73363e-05 | epoch_time=00:01:10 | elapsed=09:39:58 | ETA=11:18:05 | estimated_finish=2026-06-17 21:57:24
Epoch 462/1000 finished | loss=0.409509 | dice_loss=0.397327 | bce=0.010410 | mse=0.001772 | lr=5.72406e-05 | epoch_time=00:01:10 | elapsed=09:41:08 | ETA=11:16:44 | estimated_finish=2026-06-17 21:57:14
Epoch 463/1000 finished | loss=0.442404 | dice_loss=0.429916 | bce=0.010669 | mse=0.001818 | lr=5.71448e-05 | epoch_time=00:01:10 | elapsed=09:42:18 | ETA=11:15:23 | estimated_finish=2026-06-17 21:57:03
Epoch 464/1000 finished | loss=0.382077 | dice_loss=0.369164 | bce=0.011117 | mse=0.001796 | lr=5.7049e-05 | epoch_time=00:01:07 | elapsed=09:43:26 | ETA=11:13:58 | estimated_finish=2026-06-17 21:56:46
Epoch 465/1000 finished | loss=0.392601 | dice_loss=0.378628 | bce=0.012025 | mse=0.001949 | lr=5.69532e-05 | epoch_time=00:01:09 | elapsed=09:44:36 | ETA=11:12:37 | estimated_finish=2026-06-17 21:56:34
Quick validation epoch=465 | pseudo_dice=0.382623 | val_time=00:00:05
Epoch 466/1000 finished | loss=0.423212 | dice_loss=0.409775 | bce=0.011600 | mse=0.001836 | lr=5.68574e-05 | epoch_time=00:01:06 | elapsed=09:45:48 | ETA=11:11:17 | estimated_finish=2026-06-17 21:56:27
Epoch 467/1000 finished | loss=0.474311 | dice_loss=0.464602 | bce=0.008267 | mse=0.001442 | lr=5.67616e-05 | epoch_time=00:01:07 | elapsed=09:46:56 | ETA=11:09:53 | estimated_finish=2026-06-17 21:56:11
Epoch 468/1000 finished | loss=0.384421 | dice_loss=0.374183 | bce=0.008723 | mse=0.001515 | lr=5.66657e-05 | epoch_time=00:01:09 | elapsed=09:48:06 | ETA=11:08:31 | estimated_finish=2026-06-17 21:55:58
Epoch 469/1000 finished | loss=0.390903 | dice_loss=0.377971 | bce=0.011027 | mse=0.001905 | lr=5.65699e-05 | epoch_time=00:01:07 | elapsed=09:49:13 | ETA=11:07:07 | estimated_finish=2026-06-17 21:55:41
Epoch 470/1000 finished | loss=0.397738 | dice_loss=0.386555 | bce=0.009458 | mse=0.001725 | lr=5.6474e-05 | epoch_time=00:01:10 | elapsed=09:50:24 | ETA=11:05:46 | estimated_finish=2026-06-17 21:55:32
Quick validation epoch=470 | pseudo_dice=0.489374 | val_time=00:00:05
Epoch 471/1000 finished | loss=0.477674 | dice_loss=0.468902 | bce=0.007466 | mse=0.001306 | lr=5.63781e-05 | epoch_time=00:01:09 | elapsed=09:51:39 | ETA=11:04:31 | estimated_finish=2026-06-17 21:55:32
Epoch 472/1000 finished | loss=0.489754 | dice_loss=0.479580 | bce=0.008647 | mse=0.001527 | lr=5.62821e-05 | epoch_time=00:01:16 | elapsed=09:52:57 | ETA=11:03:18 | estimated_finish=2026-06-17 21:55:36
Epoch 473/1000 finished | loss=0.432285 | dice_loss=0.422721 | bce=0.008114 | mse=0.001450 | lr=5.61862e-05 | epoch_time=00:01:06 | elapsed=09:54:03 | ETA=11:01:53 | estimated_finish=2026-06-17 21:55:18
Epoch 474/1000 finished | loss=0.381725 | dice_loss=0.370382 | bce=0.009709 | mse=0.001634 | lr=5.60902e-05 | epoch_time=00:01:09 | elapsed=09:55:13 | ETA=11:00:31 | estimated_finish=2026-06-17 21:55:06
Epoch 475/1000 finished | loss=0.431985 | dice_loss=0.421319 | bce=0.009096 | mse=0.001570 | lr=5.59942e-05 | epoch_time=00:01:11 | elapsed=09:56:25 | ETA=10:59:12 | estimated_finish=2026-06-17 21:54:59
Quick validation epoch=475 | pseudo_dice=0.387463 | val_time=00:00:05
Epoch 476/1000 finished | loss=0.401427 | dice_loss=0.389828 | bce=0.009904 | mse=0.001694 | lr=5.58982e-05 | epoch_time=00:01:11 | elapsed=09:57:42 | ETA=10:57:59 | estimated_finish=2026-06-17 21:55:03
Epoch 477/1000 finished | loss=0.392417 | dice_loss=0.381800 | bce=0.008997 | mse=0.001620 | lr=5.58022e-05 | epoch_time=00:01:09 | elapsed=09:58:52 | ETA=10:56:37 | estimated_finish=2026-06-17 21:54:51
Epoch 478/1000 finished | loss=0.428545 | dice_loss=0.415092 | bce=0.011516 | mse=0.001937 | lr=5.57062e-05 | epoch_time=00:01:08 | elapsed=10:00:01 | ETA=10:55:15 | estimated_finish=2026-06-17 21:54:38
Epoch 479/1000 finished | loss=0.434372 | dice_loss=0.425417 | bce=0.007629 | mse=0.001326 | lr=5.56101e-05 | epoch_time=00:01:08 | elapsed=10:01:10 | ETA=10:53:53 | estimated_finish=2026-06-17 21:54:25
Epoch 480/1000 finished | loss=0.418361 | dice_loss=0.406893 | bce=0.009791 | mse=0.001677 | lr=5.55141e-05 | epoch_time=00:01:10 | elapsed=10:02:21 | ETA=10:52:33 | estimated_finish=2026-06-17 21:54:16
Quick validation epoch=480 | pseudo_dice=0.662690 | val_time=00:00:05
Epoch 481/1000 finished | loss=0.420874 | dice_loss=0.410406 | bce=0.008896 | mse=0.001571 | lr=5.5418e-05 | epoch_time=00:01:08 | elapsed=10:03:36 | ETA=10:51:17 | estimated_finish=2026-06-17 21:54:15
Epoch 482/1000 finished | loss=0.467668 | dice_loss=0.458384 | bce=0.007882 | mse=0.001402 | lr=5.53219e-05 | epoch_time=00:01:06 | elapsed=10:04:43 | ETA=10:49:53 | estimated_finish=2026-06-17 21:53:58
Epoch 483/1000 finished | loss=0.421771 | dice_loss=0.407142 | bce=0.012638 | mse=0.001990 | lr=5.52257e-05 | epoch_time=00:01:05 | elapsed=10:05:49 | ETA=10:48:28 | estimated_finish=2026-06-17 21:53:39
Epoch 484/1000 finished | loss=0.393542 | dice_loss=0.383851 | bce=0.008237 | mse=0.001453 | lr=5.51296e-05 | epoch_time=00:01:07 | elapsed=10:06:56 | ETA=10:47:04 | estimated_finish=2026-06-17 21:53:22
Epoch 485/1000 finished | loss=0.442193 | dice_loss=0.431626 | bce=0.008977 | mse=0.001590 | lr=5.50334e-05 | epoch_time=00:01:15 | elapsed=10:08:12 | ETA=10:45:49 | estimated_finish=2026-06-17 21:53:23
Quick validation epoch=485 | pseudo_dice=0.491861 | val_time=00:00:05
Epoch 486/1000 finished | loss=0.396654 | dice_loss=0.385199 | bce=0.009724 | mse=0.001730 | lr=5.49372e-05 | epoch_time=00:01:06 | elapsed=10:09:24 | ETA=10:44:31 | estimated_finish=2026-06-17 21:53:17
Epoch 487/1000 finished | loss=0.446664 | dice_loss=0.435898 | bce=0.009174 | mse=0.001593 | lr=5.4841e-05 | epoch_time=00:01:08 | elapsed=10:10:33 | ETA=10:43:09 | estimated_finish=2026-06-17 21:53:04
Epoch 488/1000 finished | loss=0.387344 | dice_loss=0.372564 | bce=0.012728 | mse=0.002052 | lr=5.47448e-05 | epoch_time=00:01:06 | elapsed=10:11:40 | ETA=10:41:45 | estimated_finish=2026-06-17 21:52:47
Epoch 489/1000 finished | loss=0.430052 | dice_loss=0.418445 | bce=0.009930 | mse=0.001677 | lr=5.46486e-05 | epoch_time=00:01:09 | elapsed=10:12:50 | ETA=10:40:24 | estimated_finish=2026-06-17 21:52:36
Epoch 490/1000 finished | loss=0.412104 | dice_loss=0.402270 | bce=0.008342 | mse=0.001493 | lr=5.45523e-05 | epoch_time=00:01:08 | elapsed=10:13:59 | ETA=10:39:02 | estimated_finish=2026-06-17 21:52:23
Quick validation epoch=490 | pseudo_dice=0.489012 | val_time=00:00:05
Epoch 491/1000 finished | loss=0.434436 | dice_loss=0.422129 | bce=0.010510 | mse=0.001797 | lr=5.4456e-05 | epoch_time=00:01:10 | elapsed=10:15:16 | ETA=10:37:49 | estimated_finish=2026-06-17 21:52:26
Epoch 492/1000 finished | loss=0.383436 | dice_loss=0.373477 | bce=0.008519 | mse=0.001440 | lr=5.43597e-05 | epoch_time=00:01:10 | elapsed=10:16:26 | ETA=10:36:29 | estimated_finish=2026-06-17 21:52:17
Epoch 493/1000 finished | loss=0.431141 | dice_loss=0.417320 | bce=0.011773 | mse=0.002048 | lr=5.42634e-05 | epoch_time=00:01:06 | elapsed=10:17:33 | ETA=10:35:05 | estimated_finish=2026-06-17 21:52:00
Epoch 494/1000 finished | loss=0.440387 | dice_loss=0.427765 | bce=0.010809 | mse=0.001812 | lr=5.41671e-05 | epoch_time=00:01:10 | elapsed=10:18:44 | ETA=10:33:46 | estimated_finish=2026-06-17 21:51:52
Epoch 495/1000 finished | loss=0.396256 | dice_loss=0.386700 | bce=0.008122 | mse=0.001435 | lr=5.40707e-05 | epoch_time=00:01:13 | elapsed=10:19:58 | ETA=10:32:29 | estimated_finish=2026-06-17 21:51:48
Quick validation epoch=495 | pseudo_dice=0.635238 | val_time=00:00:05
Epoch 496/1000 finished | loss=0.381039 | dice_loss=0.370917 | bce=0.008638 | mse=0.001484 | lr=5.39744e-05 | epoch_time=00:01:10 | elapsed=10:21:14 | ETA=10:31:15 | estimated_finish=2026-06-17 21:51:51
Epoch 497/1000 finished | loss=0.436810 | dice_loss=0.427170 | bce=0.008176 | mse=0.001464 | lr=5.3878e-05 | epoch_time=00:01:06 | elapsed=10:22:21 | ETA=10:29:52 | estimated_finish=2026-06-17 21:51:34
Epoch 498/1000 finished | loss=0.435516 | dice_loss=0.425133 | bce=0.008825 | mse=0.001559 | lr=5.37816e-05 | epoch_time=00:01:06 | elapsed=10:23:28 | ETA=10:28:28 | estimated_finish=2026-06-17 21:51:18
Epoch 499/1000 finished | loss=0.385158 | dice_loss=0.374594 | bce=0.008981 | mse=0.001583 | lr=5.36851e-05 | epoch_time=00:01:05 | elapsed=10:24:34 | ETA=10:27:04 | estimated_finish=2026-06-17 21:50:59
Epoch 500/1000 finished | loss=0.438797 | dice_loss=0.425883 | bce=0.011124 | mse=0.001790 | lr=5.35887e-05 | epoch_time=00:01:08 | elapsed=10:25:43 | ETA=10:25:43 | estimated_finish=2026-06-17 21:50:47
Quick validation epoch=500 | pseudo_dice=0.324877 | val_time=00:00:05
Full validation epoch=500 | mean_dice=0.070953 | val_time=00:12:46
Epoch 501/1000 finished | loss=0.424431 | dice_loss=0.416377 | bce=0.006876 | mse=0.001178 | lr=5.34922e-05 | epoch_time=00:01:07 | elapsed=10:39:43 | ETA=10:37:10 | estimated_finish=2026-06-17 22:16:15
Epoch 502/1000 finished | loss=0.404452 | dice_loss=0.392660 | bce=0.010157 | mse=0.001635 | lr=5.33957e-05 | epoch_time=00:01:06 | elapsed=10:40:50 | ETA=10:35:44 | estimated_finish=2026-06-17 22:15:56
Epoch 503/1000 finished | loss=0.401242 | dice_loss=0.390278 | bce=0.009225 | mse=0.001739 | lr=5.32992e-05 | epoch_time=00:01:08 | elapsed=10:42:00 | ETA=10:34:20 | estimated_finish=2026-06-17 22:15:41
Epoch 504/1000 finished | loss=0.428178 | dice_loss=0.418254 | bce=0.008522 | mse=0.001402 | lr=5.32027e-05 | epoch_time=00:01:12 | elapsed=10:43:12 | ETA=10:32:59 | estimated_finish=2026-06-17 22:15:33
Epoch 505/1000 finished | loss=0.400955 | dice_loss=0.388380 | bce=0.010863 | mse=0.001712 | lr=5.31061e-05 | epoch_time=00:01:09 | elapsed=10:44:22 | ETA=10:31:36 | estimated_finish=2026-06-17 22:15:19
Quick validation epoch=505 | pseudo_dice=0.353166 | val_time=00:00:05
Epoch 506/1000 finished | loss=0.434385 | dice_loss=0.425653 | bce=0.007402 | mse=0.001329 | lr=5.30096e-05 | epoch_time=00:01:10 | elapsed=10:45:38 | ETA=10:30:19 | estimated_finish=2026-06-17 22:15:18
Epoch 507/1000 finished | loss=0.343001 | dice_loss=0.333450 | bce=0.008118 | mse=0.001433 | lr=5.2913e-05 | epoch_time=00:01:08 | elapsed=10:46:46 | ETA=10:28:55 | estimated_finish=2026-06-17 22:15:02
Epoch 508/1000 finished | loss=0.398666 | dice_loss=0.388389 | bce=0.008781 | mse=0.001496 | lr=5.28164e-05 | epoch_time=00:01:10 | elapsed=10:47:57 | ETA=10:27:33 | estimated_finish=2026-06-17 22:14:51
Epoch 509/1000 finished | loss=0.432544 | dice_loss=0.420343 | bce=0.010464 | mse=0.001736 | lr=5.27198e-05 | epoch_time=00:01:08 | elapsed=10:49:06 | ETA=10:26:08 | estimated_finish=2026-06-17 22:14:36
Epoch 510/1000 finished | loss=0.407934 | dice_loss=0.399399 | bce=0.007231 | mse=0.001303 | lr=5.26231e-05 | epoch_time=00:01:12 | elapsed=10:50:18 | ETA=10:24:48 | estimated_finish=2026-06-17 22:14:28
Quick validation epoch=510 | pseudo_dice=0.406430 | val_time=00:00:06
Epoch 511/1000 finished | loss=0.402728 | dice_loss=0.391007 | bce=0.009957 | mse=0.001765 | lr=5.25264e-05 | epoch_time=00:01:12 | elapsed=10:51:37 | ETA=10:23:34 | estimated_finish=2026-06-17 22:14:33
Epoch 512/1000 finished | loss=0.425007 | dice_loss=0.415588 | bce=0.008011 | mse=0.001408 | lr=5.24298e-05 | epoch_time=00:01:11 | elapsed=10:52:49 | ETA=10:22:13 | estimated_finish=2026-06-17 22:14:23
Epoch 513/1000 finished | loss=0.431533 | dice_loss=0.421164 | bce=0.008836 | mse=0.001533 | lr=5.23331e-05 | epoch_time=00:01:08 | elapsed=10:53:57 | ETA=10:20:48 | estimated_finish=2026-06-17 22:14:07
Epoch 514/1000 finished | loss=0.462807 | dice_loss=0.453097 | bce=0.008273 | mse=0.001437 | lr=5.22363e-05 | epoch_time=00:01:08 | elapsed=10:55:06 | ETA=10:19:24 | estimated_finish=2026-06-17 22:13:52
Epoch 515/1000 finished | loss=0.386857 | dice_loss=0.375723 | bce=0.009465 | mse=0.001669 | lr=5.21396e-05 | epoch_time=00:01:09 | elapsed=10:56:15 | ETA=10:18:02 | estimated_finish=2026-06-17 22:13:39
Quick validation epoch=515 | pseudo_dice=0.413331 | val_time=00:00:05
Epoch 516/1000 finished | loss=0.442150 | dice_loss=0.432886 | bce=0.007951 | mse=0.001314 | lr=5.20428e-05 | epoch_time=00:01:18 | elapsed=10:57:39 | ETA=10:16:52 | estimated_finish=2026-06-17 22:13:53
Epoch 517/1000 finished | loss=0.402847 | dice_loss=0.394103 | bce=0.007440 | mse=0.001304 | lr=5.1946e-05 | epoch_time=00:01:08 | elapsed=10:58:49 | ETA=10:15:29 | estimated_finish=2026-06-17 22:13:39
Epoch 518/1000 finished | loss=0.367925 | dice_loss=0.355115 | bce=0.010987 | mse=0.001824 | lr=5.18492e-05 | epoch_time=00:01:09 | elapsed=10:59:58 | ETA=10:14:06 | estimated_finish=2026-06-17 22:13:25
Epoch 519/1000 finished | loss=0.464713 | dice_loss=0.453485 | bce=0.009610 | mse=0.001618 | lr=5.17524e-05 | epoch_time=00:01:06 | elapsed=11:01:04 | ETA=10:12:40 | estimated_finish=2026-06-17 22:13:06
Epoch 520/1000 finished | loss=0.431626 | dice_loss=0.422089 | bce=0.008105 | mse=0.001432 | lr=5.16556e-05 | epoch_time=00:01:10 | elapsed=11:02:15 | ETA=10:11:18 | estimated_finish=2026-06-17 22:12:55
Quick validation epoch=520 | pseudo_dice=0.389617 | val_time=00:00:05
Epoch 521/1000 finished | loss=0.405631 | dice_loss=0.393407 | bce=0.010447 | mse=0.001777 | lr=5.15587e-05 | epoch_time=00:01:08 | elapsed=11:03:29 | ETA=10:10:00 | estimated_finish=2026-06-17 22:12:51
Epoch 522/1000 finished | loss=0.395425 | dice_loss=0.386257 | bce=0.007740 | mse=0.001427 | lr=5.14618e-05 | epoch_time=00:01:07 | elapsed=11:04:37 | ETA=10:08:35 | estimated_finish=2026-06-17 22:12:34
Epoch 523/1000 finished | loss=0.408484 | dice_loss=0.400634 | bce=0.006664 | mse=0.001186 | lr=5.13649e-05 | epoch_time=00:01:08 | elapsed=11:05:45 | ETA=10:07:12 | estimated_finish=2026-06-17 22:12:19
Epoch 524/1000 finished | loss=0.458334 | dice_loss=0.445126 | bce=0.011295 | mse=0.001913 | lr=5.1268e-05 | epoch_time=00:01:13 | elapsed=11:06:59 | ETA=10:05:53 | estimated_finish=2026-06-17 22:12:14
Epoch 525/1000 finished | loss=0.462571 | dice_loss=0.451701 | bce=0.009420 | mse=0.001450 | lr=5.1171e-05 | epoch_time=00:01:13 | elapsed=11:08:13 | ETA=10:04:35 | estimated_finish=2026-06-17 22:12:09
Quick validation epoch=525 | pseudo_dice=0.328223 | val_time=00:00:05
Epoch 526/1000 finished | loss=0.385155 | dice_loss=0.372179 | bce=0.011022 | mse=0.001953 | lr=5.10741e-05 | epoch_time=00:01:09 | elapsed=11:09:29 | ETA=10:03:18 | estimated_finish=2026-06-17 22:12:09
Epoch 527/1000 finished | loss=0.397655 | dice_loss=0.387645 | bce=0.008561 | mse=0.001449 | lr=5.09771e-05 | epoch_time=00:01:11 | elapsed=11:10:40 | ETA=10:01:57 | estimated_finish=2026-06-17 22:11:59
Epoch 528/1000 finished | loss=0.397975 | dice_loss=0.385211 | bce=0.010926 | mse=0.001838 | lr=5.08801e-05 | epoch_time=00:01:08 | elapsed=11:11:49 | ETA=10:00:34 | estimated_finish=2026-06-17 22:11:45
Epoch 529/1000 finished | loss=0.436736 | dice_loss=0.428139 | bce=0.007289 | mse=0.001308 | lr=5.07831e-05 | epoch_time=00:01:07 | elapsed=11:12:57 | ETA=09:59:10 | estimated_finish=2026-06-17 22:11:29
Epoch 530/1000 finished | loss=0.379136 | dice_loss=0.369376 | bce=0.008380 | mse=0.001381 | lr=5.0686e-05 | epoch_time=00:01:06 | elapsed=11:14:04 | ETA=09:57:45 | estimated_finish=2026-06-17 22:11:11
Quick validation epoch=530 | pseudo_dice=0.609399 | val_time=00:00:05
Epoch 531/1000 finished | loss=0.418413 | dice_loss=0.407593 | bce=0.009175 | mse=0.001645 | lr=5.05889e-05 | epoch_time=00:01:12 | elapsed=11:15:22 | ETA=09:56:31 | estimated_finish=2026-06-17 22:11:15
Epoch 532/1000 finished | loss=0.441009 | dice_loss=0.431500 | bce=0.008053 | mse=0.001456 | lr=5.04918e-05 | epoch_time=00:01:10 | elapsed=11:16:33 | ETA=09:55:09 | estimated_finish=2026-06-17 22:11:04
Epoch 533/1000 finished | loss=0.444290 | dice_loss=0.433959 | bce=0.008834 | mse=0.001497 | lr=5.03947e-05 | epoch_time=00:01:07 | elapsed=11:17:40 | ETA=09:53:45 | estimated_finish=2026-06-17 22:10:47
Epoch 534/1000 finished | loss=0.457990 | dice_loss=0.446507 | bce=0.009741 | mse=0.001742 | lr=5.02976e-05 | epoch_time=00:01:08 | elapsed=11:18:50 | ETA=09:52:23 | estimated_finish=2026-06-17 22:10:34
Epoch 535/1000 finished | loss=0.447094 | dice_loss=0.436237 | bce=0.009210 | mse=0.001648 | lr=5.02005e-05 | epoch_time=00:01:12 | elapsed=11:20:02 | ETA=09:51:04 | estimated_finish=2026-06-17 22:10:28
Quick validation epoch=535 | pseudo_dice=0.632536 | val_time=00:00:05
Epoch 536/1000 finished | loss=0.409801 | dice_loss=0.400509 | bce=0.007875 | mse=0.001417 | lr=5.01033e-05 | epoch_time=00:01:08 | elapsed=11:21:17 | ETA=09:49:46 | estimated_finish=2026-06-17 22:10:25
Epoch 537/1000 finished | loss=0.372783 | dice_loss=0.363396 | bce=0.007965 | mse=0.001422 | lr=5.00061e-05 | epoch_time=00:01:09 | elapsed=11:22:27 | ETA=09:48:24 | estimated_finish=2026-06-17 22:10:13
Epoch 538/1000 finished | loss=0.403692 | dice_loss=0.393451 | bce=0.008754 | mse=0.001488 | lr=4.99089e-05 | epoch_time=00:01:14 | elapsed=11:23:41 | ETA=09:47:06 | estimated_finish=2026-06-17 22:10:09
Epoch 539/1000 finished | loss=0.429981 | dice_loss=0.416518 | bce=0.011472 | mse=0.001990 | lr=4.98116e-05 | epoch_time=00:01:08 | elapsed=11:24:50 | ETA=09:45:44 | estimated_finish=2026-06-17 22:09:55
Epoch 540/1000 finished | loss=0.401422 | dice_loss=0.392327 | bce=0.007722 | mse=0.001373 | lr=4.97144e-05 | epoch_time=00:01:16 | elapsed=11:26:06 | ETA=09:44:27 | estimated_finish=2026-06-17 22:09:55
Quick validation epoch=540 | pseudo_dice=0.403088 | val_time=00:00:05
Epoch 541/1000 finished | loss=0.409724 | dice_loss=0.398975 | bce=0.009161 | mse=0.001587 | lr=4.96171e-05 | epoch_time=00:01:17 | elapsed=11:27:30 | ETA=09:43:17 | estimated_finish=2026-06-17 22:10:09
Epoch 542/1000 finished | loss=0.420380 | dice_loss=0.411099 | bce=0.007944 | mse=0.001336 | lr=4.95198e-05 | epoch_time=00:01:14 | elapsed=11:28:44 | ETA=09:42:00 | estimated_finish=2026-06-17 22:10:06
Epoch 543/1000 finished | loss=0.456299 | dice_loss=0.445204 | bce=0.009425 | mse=0.001670 | lr=4.94225e-05 | epoch_time=00:01:16 | elapsed=11:30:01 | ETA=09:40:44 | estimated_finish=2026-06-17 22:10:07
Epoch 544/1000 finished | loss=0.403996 | dice_loss=0.395100 | bce=0.007585 | mse=0.001310 | lr=4.93251e-05 | epoch_time=00:01:11 | elapsed=11:31:13 | ETA=09:39:24 | estimated_finish=2026-06-17 22:09:59
Epoch 545/1000 finished | loss=0.448695 | dice_loss=0.436762 | bce=0.010276 | mse=0.001657 | lr=4.92278e-05 | epoch_time=00:01:14 | elapsed=11:32:28 | ETA=09:38:07 | estimated_finish=2026-06-17 22:09:57
Quick validation epoch=545 | pseudo_dice=0.568155 | val_time=00:00:08
Epoch 546/1000 finished | loss=0.429966 | dice_loss=0.418046 | bce=0.010175 | mse=0.001744 | lr=4.91304e-05 | epoch_time=00:01:15 | elapsed=11:33:52 | ETA=09:36:57 | estimated_finish=2026-06-17 22:10:11
Epoch 547/1000 finished | loss=0.461369 | dice_loss=0.450455 | bce=0.009324 | mse=0.001591 | lr=4.9033e-05 | epoch_time=00:01:08 | elapsed=11:35:01 | ETA=09:35:34 | estimated_finish=2026-06-17 22:09:57
Epoch 548/1000 finished | loss=0.380257 | dice_loss=0.369568 | bce=0.009082 | mse=0.001606 | lr=4.89356e-05 | epoch_time=00:01:09 | elapsed=11:36:10 | ETA=09:34:13 | estimated_finish=2026-06-17 22:09:44
Epoch 549/1000 finished | loss=0.443229 | dice_loss=0.434495 | bce=0.007421 | mse=0.001312 | lr=4.88381e-05 | epoch_time=00:01:08 | elapsed=11:37:19 | ETA=09:32:50 | estimated_finish=2026-06-17 22:09:31
Epoch 550/1000 finished | loss=0.462755 | dice_loss=0.454611 | bce=0.006962 | mse=0.001181 | lr=4.87406e-05 | epoch_time=00:01:07 | elapsed=11:38:27 | ETA=09:31:27 | estimated_finish=2026-06-17 22:09:15
Quick validation epoch=550 | pseudo_dice=0.289585 | val_time=00:00:05
Epoch 551/1000 finished | loss=0.407953 | dice_loss=0.395468 | bce=0.010723 | mse=0.001762 | lr=4.86432e-05 | epoch_time=00:01:07 | elapsed=11:39:41 | ETA=09:30:09 | estimated_finish=2026-06-17 22:09:12
Epoch 552/1000 finished | loss=0.423803 | dice_loss=0.411987 | bce=0.010033 | mse=0.001783 | lr=4.85456e-05 | epoch_time=00:01:09 | elapsed=11:40:50 | ETA=09:28:48 | estimated_finish=2026-06-17 22:09:00
Epoch 553/1000 finished | loss=0.399008 | dice_loss=0.387541 | bce=0.009713 | mse=0.001755 | lr=4.84481e-05 | epoch_time=00:01:05 | elapsed=11:41:56 | ETA=09:27:23 | estimated_finish=2026-06-17 22:08:41
Epoch 554/1000 finished | loss=0.383594 | dice_loss=0.373433 | bce=0.008625 | mse=0.001537 | lr=4.83505e-05 | epoch_time=00:01:08 | elapsed=11:43:05 | ETA=09:26:01 | estimated_finish=2026-06-17 22:08:28
Epoch 555/1000 finished | loss=0.439137 | dice_loss=0.430676 | bce=0.007176 | mse=0.001284 | lr=4.8253e-05 | epoch_time=00:01:07 | elapsed=11:44:13 | ETA=09:24:38 | estimated_finish=2026-06-17 22:08:12
Quick validation epoch=555 | pseudo_dice=0.592369 | val_time=00:00:05
Epoch 556/1000 finished | loss=0.462007 | dice_loss=0.449273 | bce=0.010839 | mse=0.001896 | lr=4.81554e-05 | epoch_time=00:01:08 | elapsed=11:45:27 | ETA=09:23:21 | estimated_finish=2026-06-17 22:08:09
Epoch 557/1000 finished | loss=0.469070 | dice_loss=0.460928 | bce=0.006923 | mse=0.001218 | lr=4.80577e-05 | epoch_time=00:01:17 | elapsed=11:46:45 | ETA=09:22:06 | estimated_finish=2026-06-17 22:08:12
Epoch 558/1000 finished | loss=0.401282 | dice_loss=0.389871 | bce=0.009645 | mse=0.001766 | lr=4.79601e-05 | epoch_time=00:01:08 | elapsed=11:47:53 | ETA=09:20:43 | estimated_finish=2026-06-17 22:07:58
Epoch 559/1000 finished | loss=0.407246 | dice_loss=0.396340 | bce=0.009273 | mse=0.001633 | lr=4.78624e-05 | epoch_time=00:01:11 | elapsed=11:49:04 | ETA=09:19:24 | estimated_finish=2026-06-17 22:07:50
Epoch 560/1000 finished | loss=0.403607 | dice_loss=0.394117 | bce=0.008067 | mse=0.001424 | lr=4.77647e-05 | epoch_time=00:01:12 | elapsed=11:50:17 | ETA=09:18:05 | estimated_finish=2026-06-17 22:07:44
Quick validation epoch=560 | pseudo_dice=0.234719 | val_time=00:00:05
Epoch 561/1000 finished | loss=0.389819 | dice_loss=0.379800 | bce=0.008546 | mse=0.001473 | lr=4.7667e-05 | epoch_time=00:01:08 | elapsed=11:51:31 | ETA=09:16:47 | estimated_finish=2026-06-17 22:07:39
Epoch 562/1000 finished | loss=0.439011 | dice_loss=0.429906 | bce=0.007769 | mse=0.001336 | lr=4.75693e-05 | epoch_time=00:01:10 | elapsed=11:52:42 | ETA=09:15:27 | estimated_finish=2026-06-17 22:07:30
Epoch 563/1000 finished | loss=0.410457 | dice_loss=0.399530 | bce=0.009268 | mse=0.001660 | lr=4.74715e-05 | epoch_time=00:01:08 | elapsed=11:53:51 | ETA=09:14:05 | estimated_finish=2026-06-17 22:07:17
Epoch 564/1000 finished | loss=0.439321 | dice_loss=0.429252 | bce=0.008608 | mse=0.001461 | lr=4.73738e-05 | epoch_time=00:01:08 | elapsed=11:54:59 | ETA=09:12:43 | estimated_finish=2026-06-17 22:07:03
Epoch 565/1000 finished | loss=0.491089 | dice_loss=0.480417 | bce=0.008981 | mse=0.001690 | lr=4.7276e-05 | epoch_time=00:01:08 | elapsed=11:56:07 | ETA=09:11:21 | estimated_finish=2026-06-17 22:06:50
Quick validation epoch=565 | pseudo_dice=0.426409 | val_time=00:00:05
Epoch 566/1000 finished | loss=0.432509 | dice_loss=0.422255 | bce=0.008728 | mse=0.001526 | lr=4.71781e-05 | epoch_time=00:01:14 | elapsed=11:57:27 | ETA=09:10:08 | estimated_finish=2026-06-17 22:06:57
Epoch 567/1000 finished | loss=0.474272 | dice_loss=0.463237 | bce=0.009491 | mse=0.001544 | lr=4.70803e-05 | epoch_time=00:01:09 | elapsed=11:58:37 | ETA=09:08:47 | estimated_finish=2026-06-17 22:06:46
Epoch 568/1000 finished | loss=0.386621 | dice_loss=0.373211 | bce=0.011403 | mse=0.002007 | lr=4.69824e-05 | epoch_time=00:01:10 | elapsed=11:59:47 | ETA=09:07:27 | estimated_finish=2026-06-17 22:06:36
Epoch 569/1000 finished | loss=0.421997 | dice_loss=0.410391 | bce=0.009897 | mse=0.001709 | lr=4.68845e-05 | epoch_time=00:01:07 | elapsed=12:00:55 | ETA=09:06:05 | estimated_finish=2026-06-17 22:06:22
Epoch 570/1000 finished | loss=0.470417 | dice_loss=0.458592 | bce=0.010069 | mse=0.001756 | lr=4.67866e-05 | epoch_time=00:01:21 | elapsed=12:02:17 | ETA=09:04:53 | estimated_finish=2026-06-17 22:06:32
Quick validation epoch=570 | pseudo_dice=0.444353 | val_time=00:00:05
Epoch 571/1000 finished | loss=0.413554 | dice_loss=0.402967 | bce=0.009070 | mse=0.001517 | lr=4.66887e-05 | epoch_time=00:01:13 | elapsed=12:03:37 | ETA=09:03:40 | estimated_finish=2026-06-17 22:06:38
Epoch 572/1000 finished | loss=0.422123 | dice_loss=0.412664 | bce=0.008044 | mse=0.001415 | lr=4.65907e-05 | epoch_time=00:01:11 | elapsed=12:04:49 | ETA=09:02:20 | estimated_finish=2026-06-17 22:06:31
Epoch 573/1000 finished | loss=0.407709 | dice_loss=0.400715 | bce=0.005892 | mse=0.001103 | lr=4.64927e-05 | epoch_time=00:01:10 | elapsed=12:05:59 | ETA=09:01:00 | estimated_finish=2026-06-17 22:06:22
Epoch 574/1000 finished | loss=0.423816 | dice_loss=0.413125 | bce=0.009138 | mse=0.001553 | lr=4.63947e-05 | epoch_time=00:01:16 | elapsed=12:07:16 | ETA=08:59:45 | estimated_finish=2026-06-17 22:06:22
Epoch 575/1000 finished | loss=0.415898 | dice_loss=0.405374 | bce=0.008943 | mse=0.001581 | lr=4.62967e-05 | epoch_time=00:01:12 | elapsed=12:08:28 | ETA=08:58:26 | estimated_finish=2026-06-17 22:06:16
Quick validation epoch=575 | pseudo_dice=0.501992 | val_time=00:00:05
Epoch 576/1000 finished | loss=0.426803 | dice_loss=0.416415 | bce=0.008882 | mse=0.001506 | lr=4.61986e-05 | epoch_time=00:01:12 | elapsed=12:09:47 | ETA=08:57:12 | estimated_finish=2026-06-17 22:06:21
Epoch 577/1000 finished | loss=0.373958 | dice_loss=0.363706 | bce=0.008700 | mse=0.001552 | lr=4.61006e-05 | epoch_time=00:01:10 | elapsed=12:10:58 | ETA=08:55:52 | estimated_finish=2026-06-17 22:06:12
Epoch 578/1000 finished | loss=0.404771 | dice_loss=0.393876 | bce=0.009232 | mse=0.001664 | lr=4.60025e-05 | epoch_time=00:01:09 | elapsed=12:12:08 | ETA=08:54:32 | estimated_finish=2026-06-17 22:06:01
Epoch 579/1000 finished | loss=0.399220 | dice_loss=0.389468 | bce=0.008272 | mse=0.001480 | lr=4.59044e-05 | epoch_time=00:01:08 | elapsed=12:13:17 | ETA=08:53:10 | estimated_finish=2026-06-17 22:05:49
Epoch 580/1000 finished | loss=0.428381 | dice_loss=0.415795 | bce=0.010811 | mse=0.001775 | lr=4.58062e-05 | epoch_time=00:01:09 | elapsed=12:14:26 | ETA=08:51:50 | estimated_finish=2026-06-17 22:05:37
Quick validation epoch=580 | pseudo_dice=0.580518 | val_time=00:00:05
Epoch 581/1000 finished | loss=0.436611 | dice_loss=0.426321 | bce=0.008724 | mse=0.001566 | lr=4.5708e-05 | epoch_time=00:01:09 | elapsed=12:15:41 | ETA=08:50:33 | estimated_finish=2026-06-17 22:05:36
Epoch 582/1000 finished | loss=0.415836 | dice_loss=0.401983 | bce=0.011799 | mse=0.002053 | lr=4.56099e-05 | epoch_time=00:01:07 | elapsed=12:16:49 | ETA=08:49:11 | estimated_finish=2026-06-17 22:05:22
Epoch 583/1000 finished | loss=0.403406 | dice_loss=0.391528 | bce=0.010085 | mse=0.001792 | lr=4.55116e-05 | epoch_time=00:01:07 | elapsed=12:17:57 | ETA=08:47:50 | estimated_finish=2026-06-17 22:05:08
Epoch 584/1000 finished | loss=0.469950 | dice_loss=0.459327 | bce=0.009011 | mse=0.001612 | lr=4.54134e-05 | epoch_time=00:01:07 | elapsed=12:19:04 | ETA=08:46:28 | estimated_finish=2026-06-17 22:04:53
Epoch 585/1000 finished | loss=0.386305 | dice_loss=0.374800 | bce=0.009911 | mse=0.001594 | lr=4.53151e-05 | epoch_time=00:01:10 | elapsed=12:20:15 | ETA=08:45:08 | estimated_finish=2026-06-17 22:04:44
Quick validation epoch=585 | pseudo_dice=0.466966 | val_time=00:00:06
Epoch 586/1000 finished | loss=0.446924 | dice_loss=0.439330 | bce=0.006421 | mse=0.001173 | lr=4.52169e-05 | epoch_time=00:01:11 | elapsed=12:21:32 | ETA=08:43:53 | estimated_finish=2026-06-17 22:04:47
Epoch 587/1000 finished | loss=0.428552 | dice_loss=0.419849 | bce=0.007449 | mse=0.001254 | lr=4.51185e-05 | epoch_time=00:01:12 | elapsed=12:22:45 | ETA=08:42:35 | estimated_finish=2026-06-17 22:04:42
Epoch 588/1000 finished | loss=0.396823 | dice_loss=0.387835 | bce=0.007650 | mse=0.001338 | lr=4.50202e-05 | epoch_time=00:01:07 | elapsed=12:23:53 | ETA=08:41:13 | estimated_finish=2026-06-17 22:04:27
Epoch 589/1000 finished | loss=0.352296 | dice_loss=0.342180 | bce=0.008673 | mse=0.001443 | lr=4.49219e-05 | epoch_time=00:01:10 | elapsed=12:25:03 | ETA=08:39:53 | estimated_finish=2026-06-17 22:04:18
Epoch 590/1000 finished | loss=0.429825 | dice_loss=0.417565 | bce=0.010426 | mse=0.001834 | lr=4.48235e-05 | epoch_time=00:01:07 | elapsed=12:26:11 | ETA=08:38:32 | estimated_finish=2026-06-17 22:04:05
Quick validation epoch=590 | pseudo_dice=0.509081 | val_time=00:00:06
Epoch 591/1000 finished | loss=0.418166 | dice_loss=0.407975 | bce=0.008689 | mse=0.001502 | lr=4.47251e-05 | epoch_time=00:01:19 | elapsed=12:27:37 | ETA=08:37:23 | estimated_finish=2026-06-17 22:04:22
Epoch 592/1000 finished | loss=0.414631 | dice_loss=0.403728 | bce=0.009236 | mse=0.001668 | lr=4.46266e-05 | epoch_time=00:01:09 | elapsed=12:28:47 | ETA=08:36:03 | estimated_finish=2026-06-17 22:04:12
Epoch 593/1000 finished | loss=0.423398 | dice_loss=0.413412 | bce=0.008467 | mse=0.001519 | lr=4.45282e-05 | epoch_time=00:01:14 | elapsed=12:30:02 | ETA=08:34:47 | estimated_finish=2026-06-17 22:04:10
Epoch 594/1000 finished | loss=0.435756 | dice_loss=0.426197 | bce=0.008098 | mse=0.001462 | lr=4.44297e-05 | epoch_time=00:01:12 | elapsed=12:31:15 | ETA=08:33:29 | estimated_finish=2026-06-17 22:04:06
Epoch 595/1000 finished | loss=0.424833 | dice_loss=0.413820 | bce=0.009347 | mse=0.001667 | lr=4.43312e-05 | epoch_time=00:01:13 | elapsed=12:32:28 | ETA=08:32:11 | estimated_finish=2026-06-17 22:04:01
Quick validation epoch=595 | pseudo_dice=0.428995 | val_time=00:00:06
Epoch 596/1000 finished | loss=0.432948 | dice_loss=0.422473 | bce=0.008889 | mse=0.001587 | lr=4.42327e-05 | epoch_time=00:01:11 | elapsed=12:33:46 | ETA=08:30:57 | estimated_finish=2026-06-17 22:04:05
Epoch 597/1000 finished | loss=0.421934 | dice_loss=0.411896 | bce=0.008519 | mse=0.001518 | lr=4.41341e-05 | epoch_time=00:01:10 | elapsed=12:34:57 | ETA=08:29:37 | estimated_finish=2026-06-17 22:03:56
Epoch 598/1000 finished | loss=0.433288 | dice_loss=0.422667 | bce=0.009056 | mse=0.001564 | lr=4.40356e-05 | epoch_time=00:01:09 | elapsed=12:36:07 | ETA=08:28:17 | estimated_finish=2026-06-17 22:03:46
Epoch 599/1000 finished | loss=0.427936 | dice_loss=0.417992 | bce=0.008496 | mse=0.001448 | lr=4.3937e-05 | epoch_time=00:01:07 | elapsed=12:37:15 | ETA=08:26:56 | estimated_finish=2026-06-17 22:03:33
Epoch 600/1000 finished | loss=0.392775 | dice_loss=0.381094 | bce=0.009900 | mse=0.001782 | lr=4.38383e-05 | epoch_time=00:01:13 | elapsed=12:38:29 | ETA=08:25:39 | estimated_finish=2026-06-17 22:03:30
Quick validation epoch=600 | pseudo_dice=0.487584 | val_time=00:00:05
Full validation epoch=600 | mean_dice=0.193551 | val_time=00:12:45
Epoch 601/1000 finished | loss=0.402138 | dice_loss=0.391160 | bce=0.009398 | mse=0.001581 | lr=4.37397e-05 | epoch_time=00:01:07 | elapsed=12:52:28 | ETA=08:32:50 | estimated_finish=2026-06-17 22:24:40
Epoch 602/1000 finished | loss=0.401494 | dice_loss=0.393353 | bce=0.006903 | mse=0.001237 | lr=4.3641e-05 | epoch_time=00:01:06 | elapsed=12:53:36 | ETA=08:31:27 | estimated_finish=2026-06-17 22:24:24
Epoch 603/1000 finished | loss=0.408780 | dice_loss=0.399263 | bce=0.008087 | mse=0.001430 | lr=4.35423e-05 | epoch_time=00:01:06 | elapsed=12:54:42 | ETA=08:30:03 | estimated_finish=2026-06-17 22:24:06
Epoch 604/1000 finished | loss=0.362658 | dice_loss=0.351684 | bce=0.009381 | mse=0.001593 | lr=4.34436e-05 | epoch_time=00:01:26 | elapsed=12:56:09 | ETA=08:28:52 | estimated_finish=2026-06-17 22:24:23
Epoch 605/1000 finished | loss=0.426345 | dice_loss=0.415182 | bce=0.009571 | mse=0.001591 | lr=4.33448e-05 | epoch_time=00:01:12 | elapsed=12:57:22 | ETA=08:27:32 | estimated_finish=2026-06-17 22:24:16
Quick validation epoch=605 | pseudo_dice=0.526503 | val_time=00:00:05
Epoch 606/1000 finished | loss=0.449748 | dice_loss=0.437642 | bce=0.010267 | mse=0.001839 | lr=4.32461e-05 | epoch_time=00:01:09 | elapsed=12:58:38 | ETA=08:26:14 | estimated_finish=2026-06-17 22:24:13
Epoch 607/1000 finished | loss=0.393416 | dice_loss=0.382583 | bce=0.009196 | mse=0.001637 | lr=4.31473e-05 | epoch_time=00:01:09 | elapsed=12:59:48 | ETA=08:24:52 | estimated_finish=2026-06-17 22:24:02
Epoch 608/1000 finished | loss=0.489349 | dice_loss=0.481036 | bce=0.007090 | mse=0.001222 | lr=4.30484e-05 | epoch_time=00:01:07 | elapsed=13:00:56 | ETA=08:23:29 | estimated_finish=2026-06-17 22:23:47
Epoch 609/1000 finished | loss=0.420936 | dice_loss=0.408742 | bce=0.010440 | mse=0.001754 | lr=4.29496e-05 | epoch_time=00:01:10 | elapsed=13:02:07 | ETA=08:22:08 | estimated_finish=2026-06-17 22:23:36
Epoch 610/1000 finished | loss=0.416563 | dice_loss=0.406161 | bce=0.008856 | mse=0.001546 | lr=4.28507e-05 | epoch_time=00:01:09 | elapsed=13:03:16 | ETA=08:20:46 | estimated_finish=2026-06-17 22:23:24
Quick validation epoch=610 | pseudo_dice=0.273215 | val_time=00:00:06
Epoch 611/1000 finished | loss=0.414930 | dice_loss=0.404069 | bce=0.009238 | mse=0.001623 | lr=4.27518e-05 | epoch_time=00:01:11 | elapsed=13:04:34 | ETA=08:19:30 | estimated_finish=2026-06-17 22:23:26
Epoch 612/1000 finished | loss=0.464330 | dice_loss=0.455333 | bce=0.007613 | mse=0.001384 | lr=4.26529e-05 | epoch_time=00:01:13 | elapsed=13:05:48 | ETA=08:18:11 | estimated_finish=2026-06-17 22:23:21
Epoch 613/1000 finished | loss=0.401022 | dice_loss=0.388002 | bce=0.011176 | mse=0.001844 | lr=4.25539e-05 | epoch_time=00:01:09 | elapsed=13:06:58 | ETA=08:16:50 | estimated_finish=2026-06-17 22:23:09
Epoch 614/1000 finished | loss=0.387295 | dice_loss=0.378267 | bce=0.007637 | mse=0.001392 | lr=4.2455e-05 | epoch_time=00:01:08 | elapsed=13:08:07 | ETA=08:15:28 | estimated_finish=2026-06-17 22:22:57
Epoch 615/1000 finished | loss=0.403799 | dice_loss=0.393518 | bce=0.008756 | mse=0.001525 | lr=4.2356e-05 | epoch_time=00:01:06 | elapsed=13:09:14 | ETA=08:14:04 | estimated_finish=2026-06-17 22:22:39
Quick validation epoch=615 | pseudo_dice=0.255542 | val_time=00:00:05
Epoch 616/1000 finished | loss=0.432050 | dice_loss=0.419683 | bce=0.010573 | mse=0.001795 | lr=4.22569e-05 | epoch_time=00:01:06 | elapsed=13:10:25 | ETA=08:12:44 | estimated_finish=2026-06-17 22:22:31
Epoch 617/1000 finished | loss=0.410668 | dice_loss=0.400189 | bce=0.008978 | mse=0.001501 | lr=4.21579e-05 | epoch_time=00:01:08 | elapsed=13:11:35 | ETA=08:11:22 | estimated_finish=2026-06-17 22:22:18
Epoch 618/1000 finished | loss=0.387198 | dice_loss=0.376061 | bce=0.009521 | mse=0.001616 | lr=4.20588e-05 | epoch_time=00:01:07 | elapsed=13:12:43 | ETA=08:09:59 | estimated_finish=2026-06-17 22:22:04
Epoch 619/1000 finished | loss=0.394386 | dice_loss=0.380967 | bce=0.011440 | mse=0.001979 | lr=4.19597e-05 | epoch_time=00:01:06 | elapsed=13:13:50 | ETA=08:08:36 | estimated_finish=2026-06-17 22:21:47
Epoch 620/1000 finished | loss=0.398985 | dice_loss=0.388934 | bce=0.008510 | mse=0.001542 | lr=4.18606e-05 | epoch_time=00:01:10 | elapsed=13:15:00 | ETA=08:07:15 | estimated_finish=2026-06-17 22:21:37
Quick validation epoch=620 | pseudo_dice=0.402963 | val_time=00:00:05
Epoch 621/1000 finished | loss=0.384591 | dice_loss=0.375357 | bce=0.007810 | mse=0.001424 | lr=4.17614e-05 | epoch_time=00:01:07 | elapsed=13:16:13 | ETA=08:05:56 | estimated_finish=2026-06-17 22:21:30
Epoch 622/1000 finished | loss=0.435320 | dice_loss=0.425839 | bce=0.008071 | mse=0.001410 | lr=4.16622e-05 | epoch_time=00:01:07 | elapsed=13:17:21 | ETA=08:04:33 | estimated_finish=2026-06-17 22:21:16
Epoch 623/1000 finished | loss=0.463120 | dice_loss=0.453050 | bce=0.008620 | mse=0.001450 | lr=4.1563e-05 | epoch_time=00:01:09 | elapsed=13:18:31 | ETA=08:03:12 | estimated_finish=2026-06-17 22:21:04
Epoch 624/1000 finished | loss=0.415951 | dice_loss=0.406963 | bce=0.007570 | mse=0.001418 | lr=4.14638e-05 | epoch_time=00:01:07 | elapsed=13:19:39 | ETA=08:01:50 | estimated_finish=2026-06-17 22:20:50
Epoch 625/1000 finished | loss=0.364840 | dice_loss=0.350958 | bce=0.011902 | mse=0.001981 | lr=4.13645e-05 | epoch_time=00:01:07 | elapsed=13:20:47 | ETA=08:00:28 | estimated_finish=2026-06-17 22:20:36
Quick validation epoch=625 | pseudo_dice=0.312094 | val_time=00:00:05
Epoch 626/1000 finished | loss=0.427835 | dice_loss=0.419644 | bce=0.006935 | mse=0.001256 | lr=4.12652e-05 | epoch_time=00:01:07 | elapsed=13:22:01 | ETA=07:59:09 | estimated_finish=2026-06-17 22:20:31
Epoch 627/1000 finished | loss=0.396877 | dice_loss=0.385521 | bce=0.009667 | mse=0.001688 | lr=4.11659e-05 | epoch_time=00:01:06 | elapsed=13:23:07 | ETA=07:57:46 | estimated_finish=2026-06-17 22:20:15
Epoch 628/1000 finished | loss=0.409133 | dice_loss=0.398510 | bce=0.009152 | mse=0.001471 | lr=4.10666e-05 | epoch_time=00:01:05 | elapsed=13:24:13 | ETA=07:56:23 | estimated_finish=2026-06-17 22:19:57
Epoch 629/1000 finished | loss=0.426552 | dice_loss=0.418250 | bce=0.007021 | mse=0.001281 | lr=4.09672e-05 | epoch_time=00:01:06 | elapsed=13:25:20 | ETA=07:55:00 | estimated_finish=2026-06-17 22:19:41
Epoch 630/1000 finished | loss=0.425319 | dice_loss=0.417288 | bce=0.006769 | mse=0.001262 | lr=4.08678e-05 | epoch_time=00:01:05 | elapsed=13:26:25 | ETA=07:53:37 | estimated_finish=2026-06-17 22:19:24
Quick validation epoch=630 | pseudo_dice=0.362723 | val_time=00:00:05
Epoch 631/1000 finished | loss=0.422706 | dice_loss=0.413755 | bce=0.007678 | mse=0.001273 | lr=4.07684e-05 | epoch_time=00:01:06 | elapsed=13:27:38 | ETA=07:52:17 | estimated_finish=2026-06-17 22:19:16
Epoch 632/1000 finished | loss=0.433867 | dice_loss=0.425744 | bce=0.006903 | mse=0.001219 | lr=4.0669e-05 | epoch_time=00:01:09 | elapsed=13:28:47 | ETA=07:50:56 | estimated_finish=2026-06-17 22:19:05
Epoch 633/1000 finished | loss=0.414324 | dice_loss=0.404838 | bce=0.008105 | mse=0.001381 | lr=4.05695e-05 | epoch_time=00:01:07 | elapsed=13:29:55 | ETA=07:49:34 | estimated_finish=2026-06-17 22:18:50
Epoch 634/1000 finished | loss=0.387037 | dice_loss=0.378030 | bce=0.007679 | mse=0.001329 | lr=4.047e-05 | epoch_time=00:01:07 | elapsed=13:31:02 | ETA=07:48:12 | estimated_finish=2026-06-17 22:18:35
Epoch 635/1000 finished | loss=0.417759 | dice_loss=0.408028 | bce=0.008318 | mse=0.001413 | lr=4.03704e-05 | epoch_time=00:01:11 | elapsed=13:32:14 | ETA=07:46:52 | estimated_finish=2026-06-17 22:18:28
Quick validation epoch=635 | pseudo_dice=0.319192 | val_time=00:00:05
Epoch 636/1000 finished | loss=0.416766 | dice_loss=0.404443 | bce=0.010580 | mse=0.001743 | lr=4.02709e-05 | epoch_time=00:01:07 | elapsed=13:33:27 | ETA=07:45:33 | estimated_finish=2026-06-17 22:18:22
Epoch 637/1000 finished | loss=0.392315 | dice_loss=0.382071 | bce=0.008766 | mse=0.001478 | lr=4.01713e-05 | epoch_time=00:01:08 | elapsed=13:34:36 | ETA=07:44:12 | estimated_finish=2026-06-17 22:18:09
Epoch 638/1000 finished | loss=0.479025 | dice_loss=0.468690 | bce=0.008787 | mse=0.001548 | lr=4.00717e-05 | epoch_time=00:01:07 | elapsed=13:35:44 | ETA=07:42:50 | estimated_finish=2026-06-17 22:17:56
Epoch 639/1000 finished | loss=0.401934 | dice_loss=0.392733 | bce=0.007856 | mse=0.001345 | lr=3.99721e-05 | epoch_time=00:01:07 | elapsed=13:36:52 | ETA=07:41:29 | estimated_finish=2026-06-17 22:17:42
Epoch 640/1000 finished | loss=0.451271 | dice_loss=0.441835 | bce=0.008083 | mse=0.001353 | lr=3.98724e-05 | epoch_time=00:01:09 | elapsed=13:38:02 | ETA=07:40:08 | estimated_finish=2026-06-17 22:17:31
Quick validation epoch=640 | pseudo_dice=0.563045 | val_time=00:00:05
Epoch 641/1000 finished | loss=0.385588 | dice_loss=0.372117 | bce=0.011576 | mse=0.001895 | lr=3.97727e-05 | epoch_time=00:01:06 | elapsed=13:39:14 | ETA=07:38:49 | estimated_finish=2026-06-17 22:17:25
Epoch 642/1000 finished | loss=0.436154 | dice_loss=0.426316 | bce=0.008360 | mse=0.001477 | lr=3.9673e-05 | epoch_time=00:01:05 | elapsed=13:40:20 | ETA=07:37:26 | estimated_finish=2026-06-17 22:17:08
Epoch 643/1000 finished | loss=0.431130 | dice_loss=0.421202 | bce=0.008420 | mse=0.001509 | lr=3.95732e-05 | epoch_time=00:01:05 | elapsed=13:41:26 | ETA=07:36:04 | estimated_finish=2026-06-17 22:16:51
Epoch 644/1000 finished | loss=0.451910 | dice_loss=0.439673 | bce=0.010310 | mse=0.001927 | lr=3.94734e-05 | epoch_time=00:01:05 | elapsed=13:42:31 | ETA=07:34:41 | estimated_finish=2026-06-17 22:16:33
Epoch 645/1000 finished | loss=0.455629 | dice_loss=0.446359 | bce=0.007838 | mse=0.001432 | lr=3.93736e-05 | epoch_time=00:01:05 | elapsed=13:43:37 | ETA=07:33:18 | estimated_finish=2026-06-17 22:16:17
Quick validation epoch=645 | pseudo_dice=0.587599 | val_time=00:00:06
Epoch 646/1000 finished | loss=0.444917 | dice_loss=0.435110 | bce=0.008346 | mse=0.001461 | lr=3.92738e-05 | epoch_time=00:01:06 | elapsed=13:44:50 | ETA=07:31:59 | estimated_finish=2026-06-17 22:16:11
Epoch 647/1000 finished | loss=0.512528 | dice_loss=0.503140 | bce=0.007948 | mse=0.001439 | lr=3.91739e-05 | epoch_time=00:01:05 | elapsed=13:45:56 | ETA=07:30:37 | estimated_finish=2026-06-17 22:15:54
Epoch 648/1000 finished | loss=0.391631 | dice_loss=0.382450 | bce=0.007791 | mse=0.001390 | lr=3.9074e-05 | epoch_time=00:01:05 | elapsed=13:47:01 | ETA=07:29:14 | estimated_finish=2026-06-17 22:15:37
Epoch 649/1000 finished | loss=0.407417 | dice_loss=0.397567 | bce=0.008446 | mse=0.001403 | lr=3.89741e-05 | epoch_time=00:01:10 | elapsed=13:48:11 | ETA=07:27:54 | estimated_finish=2026-06-17 22:15:28
Epoch 650/1000 finished | loss=0.428772 | dice_loss=0.419051 | bce=0.008279 | mse=0.001442 | lr=3.88742e-05 | epoch_time=00:01:07 | elapsed=13:49:19 | ETA=07:26:33 | estimated_finish=2026-06-17 22:15:14
Quick validation epoch=650 | pseudo_dice=0.354843 | val_time=00:00:05
Epoch 651/1000 finished | loss=0.422979 | dice_loss=0.413026 | bce=0.008442 | mse=0.001512 | lr=3.87742e-05 | epoch_time=00:01:08 | elapsed=13:50:34 | ETA=07:25:15 | estimated_finish=2026-06-17 22:15:11
Epoch 652/1000 finished | loss=0.460899 | dice_loss=0.451128 | bce=0.008336 | mse=0.001435 | lr=3.86742e-05 | epoch_time=00:01:11 | elapsed=13:51:45 | ETA=07:23:56 | estimated_finish=2026-06-17 22:15:02
Epoch 653/1000 finished | loss=0.401600 | dice_loss=0.391973 | bce=0.008184 | mse=0.001443 | lr=3.85742e-05 | epoch_time=00:01:05 | elapsed=13:52:51 | ETA=07:22:34 | estimated_finish=2026-06-17 22:14:46
Epoch 654/1000 finished | loss=0.395722 | dice_loss=0.385400 | bce=0.008752 | mse=0.001570 | lr=3.84741e-05 | epoch_time=00:01:07 | elapsed=13:53:59 | ETA=07:21:13 | estimated_finish=2026-06-17 22:14:33
Epoch 655/1000 finished | loss=0.356139 | dice_loss=0.348016 | bce=0.006895 | mse=0.001229 | lr=3.8374e-05 | epoch_time=00:01:07 | elapsed=13:55:07 | ETA=07:19:52 | estimated_finish=2026-06-17 22:14:20
Quick validation epoch=655 | pseudo_dice=0.386489 | val_time=00:00:06
Epoch 656/1000 finished | loss=0.411392 | dice_loss=0.400731 | bce=0.009026 | mse=0.001635 | lr=3.82739e-05 | epoch_time=00:01:12 | elapsed=13:56:25 | ETA=07:18:36 | estimated_finish=2026-06-17 22:14:23
Epoch 657/1000 finished | loss=0.418129 | dice_loss=0.406060 | bce=0.010209 | mse=0.001860 | lr=3.81737e-05 | epoch_time=00:01:10 | elapsed=13:57:36 | ETA=07:17:17 | estimated_finish=2026-06-17 22:14:14
Epoch 658/1000 finished | loss=0.412134 | dice_loss=0.402285 | bce=0.008290 | mse=0.001558 | lr=3.80736e-05 | epoch_time=00:01:07 | elapsed=13:58:43 | ETA=07:15:56 | estimated_finish=2026-06-17 22:14:01
Epoch 659/1000 finished | loss=0.435897 | dice_loss=0.427794 | bce=0.006859 | mse=0.001243 | lr=3.79734e-05 | epoch_time=00:01:07 | elapsed=13:59:51 | ETA=07:14:35 | estimated_finish=2026-06-17 22:13:47
Epoch 660/1000 finished | loss=0.416064 | dice_loss=0.406441 | bce=0.008207 | mse=0.001415 | lr=3.78731e-05 | epoch_time=00:01:06 | elapsed=14:00:57 | ETA=07:13:13 | estimated_finish=2026-06-17 22:13:32
Quick validation epoch=660 | pseudo_dice=0.433502 | val_time=00:00:05
Epoch 661/1000 finished | loss=0.431057 | dice_loss=0.424754 | bce=0.005343 | mse=0.000960 | lr=3.77728e-05 | epoch_time=00:01:09 | elapsed=14:02:13 | ETA=07:11:56 | estimated_finish=2026-06-17 22:13:30
Epoch 662/1000 finished | loss=0.398376 | dice_loss=0.391107 | bce=0.006165 | mse=0.001103 | lr=3.76726e-05 | epoch_time=00:01:07 | elapsed=14:03:20 | ETA=07:10:35 | estimated_finish=2026-06-17 22:13:17
Epoch 663/1000 finished | loss=0.413178 | dice_loss=0.402738 | bce=0.008911 | mse=0.001528 | lr=3.75722e-05 | epoch_time=00:01:10 | elapsed=14:04:31 | ETA=07:09:16 | estimated_finish=2026-06-17 22:13:09
Epoch 664/1000 finished | loss=0.441096 | dice_loss=0.432147 | bce=0.007613 | mse=0.001336 | lr=3.74719e-05 | epoch_time=00:01:11 | elapsed=14:05:44 | ETA=07:07:57 | estimated_finish=2026-06-17 22:13:02
Epoch 665/1000 finished | loss=0.412429 | dice_loss=0.403296 | bce=0.007743 | mse=0.001389 | lr=3.73715e-05 | epoch_time=00:01:06 | elapsed=14:06:50 | ETA=07:06:36 | estimated_finish=2026-06-17 22:12:47
Quick validation epoch=665 | pseudo_dice=0.505956 | val_time=00:00:05
Epoch 666/1000 finished | loss=0.426458 | dice_loss=0.417814 | bce=0.007347 | mse=0.001297 | lr=3.72711e-05 | epoch_time=00:01:07 | elapsed=14:08:03 | ETA=07:05:18 | estimated_finish=2026-06-17 22:12:42
Epoch 667/1000 finished | loss=0.438512 | dice_loss=0.430455 | bce=0.006838 | mse=0.001219 | lr=3.71706e-05 | epoch_time=00:01:05 | elapsed=14:09:09 | ETA=07:03:56 | estimated_finish=2026-06-17 22:12:26
Epoch 668/1000 finished | loss=0.383360 | dice_loss=0.373548 | bce=0.008297 | mse=0.001515 | lr=3.70701e-05 | epoch_time=00:01:07 | elapsed=14:10:16 | ETA=07:02:35 | estimated_finish=2026-06-17 22:12:12
Epoch 669/1000 finished | loss=0.395723 | dice_loss=0.385959 | bce=0.008328 | mse=0.001436 | lr=3.69696e-05 | epoch_time=00:01:10 | elapsed=14:11:26 | ETA=07:01:16 | estimated_finish=2026-06-17 22:12:03
Epoch 670/1000 finished | loss=0.460985 | dice_loss=0.451461 | bce=0.008044 | mse=0.001480 | lr=3.68691e-05 | epoch_time=00:01:07 | elapsed=14:12:34 | ETA=06:59:55 | estimated_finish=2026-06-17 22:11:50
Quick validation epoch=670 | pseudo_dice=0.495966 | val_time=00:00:05
Epoch 671/1000 finished | loss=0.367035 | dice_loss=0.358877 | bce=0.006891 | mse=0.001266 | lr=3.67685e-05 | epoch_time=00:01:05 | elapsed=14:13:45 | ETA=06:58:36 | estimated_finish=2026-06-17 22:11:42
Epoch 672/1000 finished | loss=0.437322 | dice_loss=0.429115 | bce=0.006919 | mse=0.001288 | lr=3.66679e-05 | epoch_time=00:01:08 | elapsed=14:14:53 | ETA=06:57:16 | estimated_finish=2026-06-17 22:11:30
Epoch 673/1000 finished | loss=0.375434 | dice_loss=0.363515 | bce=0.010139 | mse=0.001780 | lr=3.65673e-05 | epoch_time=00:01:07 | elapsed=14:16:00 | ETA=06:55:55 | estimated_finish=2026-06-17 22:11:17
Epoch 674/1000 finished | loss=0.403748 | dice_loss=0.394530 | bce=0.007827 | mse=0.001391 | lr=3.64666e-05 | epoch_time=00:01:08 | elapsed=14:17:09 | ETA=06:54:35 | estimated_finish=2026-06-17 22:11:06
Epoch 675/1000 finished | loss=0.434859 | dice_loss=0.424872 | bce=0.008525 | mse=0.001463 | lr=3.6366e-05 | epoch_time=00:01:06 | elapsed=14:18:16 | ETA=06:53:14 | estimated_finish=2026-06-17 22:10:51
Quick validation epoch=675 | pseudo_dice=0.448453 | val_time=00:00:05
Epoch 676/1000 finished | loss=0.453324 | dice_loss=0.443727 | bce=0.008147 | mse=0.001449 | lr=3.62652e-05 | epoch_time=00:01:05 | elapsed=14:19:27 | ETA=06:51:55 | estimated_finish=2026-06-17 22:10:44
Epoch 677/1000 finished | loss=0.409347 | dice_loss=0.398459 | bce=0.009261 | mse=0.001627 | lr=3.61645e-05 | epoch_time=00:01:04 | elapsed=14:20:32 | ETA=06:50:34 | estimated_finish=2026-06-17 22:10:27
Epoch 678/1000 finished | loss=0.417875 | dice_loss=0.408565 | bce=0.007888 | mse=0.001422 | lr=3.60637e-05 | epoch_time=00:01:08 | elapsed=14:21:40 | ETA=06:49:14 | estimated_finish=2026-06-17 22:10:16
Epoch 679/1000 finished | loss=0.399364 | dice_loss=0.389372 | bce=0.008566 | mse=0.001425 | lr=3.59629e-05 | epoch_time=00:01:06 | elapsed=14:22:47 | ETA=06:47:53 | estimated_finish=2026-06-17 22:10:02
Epoch 680/1000 finished | loss=0.386243 | dice_loss=0.375690 | bce=0.009049 | mse=0.001503 | lr=3.5862e-05 | epoch_time=00:01:14 | elapsed=14:24:02 | ETA=06:46:36 | estimated_finish=2026-06-17 22:10:00
Quick validation epoch=680 | pseudo_dice=0.544298 | val_time=00:00:05
Epoch 681/1000 finished | loss=0.415926 | dice_loss=0.407708 | bce=0.006939 | mse=0.001279 | lr=3.57612e-05 | epoch_time=00:01:08 | elapsed=14:25:17 | ETA=06:45:19 | estimated_finish=2026-06-17 22:09:57
Epoch 682/1000 finished | loss=0.430241 | dice_loss=0.421022 | bce=0.007838 | mse=0.001381 | lr=3.56603e-05 | epoch_time=00:01:08 | elapsed=14:26:25 | ETA=06:43:59 | estimated_finish=2026-06-17 22:09:46
Epoch 683/1000 finished | loss=0.454234 | dice_loss=0.446256 | bce=0.006805 | mse=0.001173 | lr=3.55593e-05 | epoch_time=00:01:05 | elapsed=14:27:31 | ETA=06:42:38 | estimated_finish=2026-06-17 22:09:30
Epoch 684/1000 finished | loss=0.406929 | dice_loss=0.394545 | bce=0.010583 | mse=0.001801 | lr=3.54583e-05 | epoch_time=00:01:10 | elapsed=14:28:41 | ETA=06:41:19 | estimated_finish=2026-06-17 22:09:22
Epoch 685/1000 finished | loss=0.415116 | dice_loss=0.402911 | bce=0.010417 | mse=0.001788 | lr=3.53573e-05 | epoch_time=00:01:07 | elapsed=14:29:50 | ETA=06:39:59 | estimated_finish=2026-06-17 22:09:10
Quick validation epoch=685 | pseudo_dice=0.403553 | val_time=00:00:06
Epoch 686/1000 finished | loss=0.418078 | dice_loss=0.407152 | bce=0.009317 | mse=0.001609 | lr=3.52563e-05 | epoch_time=00:01:07 | elapsed=14:31:03 | ETA=06:38:42 | estimated_finish=2026-06-17 22:09:06
Epoch 687/1000 finished | loss=0.404320 | dice_loss=0.395012 | bce=0.007923 | mse=0.001385 | lr=3.51552e-05 | epoch_time=00:01:08 | elapsed=14:32:12 | ETA=06:37:22 | estimated_finish=2026-06-17 22:08:55
Epoch 688/1000 finished | loss=0.456467 | dice_loss=0.447615 | bce=0.007555 | mse=0.001297 | lr=3.50541e-05 | epoch_time=00:01:08 | elapsed=14:33:20 | ETA=06:36:03 | estimated_finish=2026-06-17 22:08:44
Epoch 689/1000 finished | loss=0.382229 | dice_loss=0.372497 | bce=0.008226 | mse=0.001507 | lr=3.4953e-05 | epoch_time=00:01:08 | elapsed=14:34:29 | ETA=06:34:43 | estimated_finish=2026-06-17 22:08:33
Epoch 690/1000 finished | loss=0.373341 | dice_loss=0.364194 | bce=0.007771 | mse=0.001376 | lr=3.48518e-05 | epoch_time=00:01:15 | elapsed=14:35:45 | ETA=06:33:27 | estimated_finish=2026-06-17 22:08:33
Quick validation epoch=690 | pseudo_dice=0.514891 | val_time=00:00:05
Epoch 691/1000 finished | loss=0.447326 | dice_loss=0.438610 | bce=0.007481 | mse=0.001236 | lr=3.47506e-05 | epoch_time=00:01:05 | elapsed=14:36:56 | ETA=06:32:09 | estimated_finish=2026-06-17 22:08:26
Epoch 692/1000 finished | loss=0.459675 | dice_loss=0.449083 | bce=0.008990 | mse=0.001603 | lr=3.46494e-05 | epoch_time=00:01:05 | elapsed=14:38:02 | ETA=06:30:48 | estimated_finish=2026-06-17 22:08:12
Epoch 693/1000 finished | loss=0.441203 | dice_loss=0.431002 | bce=0.008647 | mse=0.001553 | lr=3.45481e-05 | epoch_time=00:01:06 | elapsed=14:39:09 | ETA=06:29:28 | estimated_finish=2026-06-17 22:07:58
Epoch 694/1000 finished | loss=0.434136 | dice_loss=0.424162 | bce=0.008456 | mse=0.001518 | lr=3.44468e-05 | epoch_time=00:01:06 | elapsed=14:40:16 | ETA=06:28:07 | estimated_finish=2026-06-17 22:07:45
Epoch 695/1000 finished | loss=0.377458 | dice_loss=0.368320 | bce=0.007775 | mse=0.001363 | lr=3.43455e-05 | epoch_time=00:01:09 | elapsed=14:41:25 | ETA=06:26:48 | estimated_finish=2026-06-17 22:07:35
Quick validation epoch=695 | pseudo_dice=0.406564 | val_time=00:00:05
Epoch 696/1000 finished | loss=0.405111 | dice_loss=0.394207 | bce=0.009272 | mse=0.001632 | lr=3.42441e-05 | epoch_time=00:01:06 | elapsed=14:42:37 | ETA=06:25:30 | estimated_finish=2026-06-17 22:07:29
Epoch 697/1000 finished | loss=0.429545 | dice_loss=0.420853 | bce=0.007401 | mse=0.001291 | lr=3.41427e-05 | epoch_time=00:01:07 | elapsed=14:43:45 | ETA=06:24:11 | estimated_finish=2026-06-17 22:07:17
Epoch 698/1000 finished | loss=0.413568 | dice_loss=0.402032 | bce=0.009779 | mse=0.001757 | lr=3.40413e-05 | epoch_time=00:01:05 | elapsed=14:44:51 | ETA=06:22:50 | estimated_finish=2026-06-17 22:07:02
Epoch 699/1000 finished | loss=0.421508 | dice_loss=0.412601 | bce=0.007602 | mse=0.001304 | lr=3.39398e-05 | epoch_time=00:01:10 | elapsed=14:46:01 | ETA=06:21:32 | estimated_finish=2026-06-17 22:06:55
Epoch 700/1000 finished | loss=0.422728 | dice_loss=0.413319 | bce=0.007987 | mse=0.001421 | lr=3.38383e-05 | epoch_time=00:01:08 | elapsed=14:47:10 | ETA=06:20:13 | estimated_finish=2026-06-17 22:06:44
Quick validation epoch=700 | pseudo_dice=0.223855 | val_time=00:00:05
Full validation epoch=700 | mean_dice=0.144375 | val_time=00:12:40
Epoch 701/1000 finished | loss=0.434073 | dice_loss=0.425180 | bce=0.007525 | mse=0.001367 | lr=3.37368e-05 | epoch_time=00:01:08 | elapsed=15:01:05 | ETA=06:24:20 | estimated_finish=2026-06-17 22:24:48
Epoch 702/1000 finished | loss=0.397462 | dice_loss=0.387127 | bce=0.008824 | mse=0.001512 | lr=3.36352e-05 | epoch_time=00:01:06 | elapsed=15:02:12 | ETA=06:22:59 | estimated_finish=2026-06-17 22:24:32
Epoch 703/1000 finished | loss=0.420383 | dice_loss=0.410736 | bce=0.008244 | mse=0.001404 | lr=3.35336e-05 | epoch_time=00:01:04 | elapsed=15:03:16 | ETA=06:21:36 | estimated_finish=2026-06-17 22:24:14
Epoch 704/1000 finished | loss=0.416945 | dice_loss=0.407373 | bce=0.008100 | mse=0.001472 | lr=3.3432e-05 | epoch_time=00:01:07 | elapsed=15:04:24 | ETA=06:20:15 | estimated_finish=2026-06-17 22:24:01
Epoch 705/1000 finished | loss=0.412610 | dice_loss=0.403097 | bce=0.008097 | mse=0.001415 | lr=3.33303e-05 | epoch_time=00:01:06 | elapsed=15:05:31 | ETA=06:18:54 | estimated_finish=2026-06-17 22:23:47
Quick validation epoch=705 | pseudo_dice=0.531664 | val_time=00:00:05
Epoch 706/1000 finished | loss=0.409919 | dice_loss=0.399793 | bce=0.008595 | mse=0.001530 | lr=3.32286e-05 | epoch_time=00:01:15 | elapsed=15:06:52 | ETA=06:17:38 | estimated_finish=2026-06-17 22:23:52
Epoch 707/1000 finished | loss=0.438315 | dice_loss=0.429781 | bce=0.007294 | mse=0.001240 | lr=3.31269e-05 | epoch_time=00:01:07 | elapsed=15:08:00 | ETA=06:16:18 | estimated_finish=2026-06-17 22:23:39
Epoch 708/1000 finished | loss=0.419570 | dice_loss=0.408737 | bce=0.009167 | mse=0.001667 | lr=3.30251e-05 | epoch_time=00:01:06 | elapsed=15:09:07 | ETA=06:14:56 | estimated_finish=2026-06-17 22:23:25
Epoch 709/1000 finished | loss=0.437382 | dice_loss=0.427804 | bce=0.008182 | mse=0.001396 | lr=3.29233e-05 | epoch_time=00:01:07 | elapsed=15:10:15 | ETA=06:13:36 | estimated_finish=2026-06-17 22:23:13
Epoch 710/1000 finished | loss=0.468499 | dice_loss=0.457848 | bce=0.009084 | mse=0.001567 | lr=3.28215e-05 | epoch_time=00:01:08 | elapsed=15:11:24 | ETA=06:12:16 | estimated_finish=2026-06-17 22:23:01
Quick validation epoch=710 | pseudo_dice=0.323826 | val_time=00:00:05
Epoch 711/1000 finished | loss=0.490904 | dice_loss=0.481801 | bce=0.007730 | mse=0.001374 | lr=3.27196e-05 | epoch_time=00:01:06 | elapsed=15:12:36 | ETA=06:10:57 | estimated_finish=2026-06-17 22:22:55
Epoch 712/1000 finished | loss=0.376133 | dice_loss=0.366586 | bce=0.008145 | mse=0.001402 | lr=3.26177e-05 | epoch_time=00:01:05 | elapsed=15:13:42 | ETA=06:09:35 | estimated_finish=2026-06-17 22:22:39
Epoch 713/1000 finished | loss=0.450287 | dice_loss=0.442041 | bce=0.006987 | mse=0.001259 | lr=3.25157e-05 | epoch_time=00:01:06 | elapsed=15:14:49 | ETA=06:08:14 | estimated_finish=2026-06-17 22:22:25
Epoch 714/1000 finished | loss=0.495032 | dice_loss=0.487338 | bce=0.006566 | mse=0.001128 | lr=3.24138e-05 | epoch_time=00:01:05 | elapsed=15:15:55 | ETA=06:06:52 | estimated_finish=2026-06-17 22:22:09
Epoch 715/1000 finished | loss=0.402821 | dice_loss=0.391791 | bce=0.009343 | mse=0.001687 | lr=3.23117e-05 | epoch_time=00:01:06 | elapsed=15:17:02 | ETA=06:05:31 | estimated_finish=2026-06-17 22:21:55
Quick validation epoch=715 | pseudo_dice=0.424745 | val_time=00:00:05
Epoch 716/1000 finished | loss=0.416229 | dice_loss=0.405892 | bce=0.008750 | mse=0.001587 | lr=3.22097e-05 | epoch_time=00:01:07 | elapsed=15:18:16 | ETA=06:04:13 | estimated_finish=2026-06-17 22:21:50
Epoch 717/1000 finished | loss=0.407346 | dice_loss=0.398429 | bce=0.007583 | mse=0.001334 | lr=3.21076e-05 | epoch_time=00:01:04 | elapsed=15:19:20 | ETA=06:02:51 | estimated_finish=2026-06-17 22:21:33
Epoch 718/1000 finished | loss=0.395175 | dice_loss=0.385046 | bce=0.008609 | mse=0.001520 | lr=3.20055e-05 | epoch_time=00:01:05 | elapsed=15:20:26 | ETA=06:01:30 | estimated_finish=2026-06-17 22:21:18
Epoch 719/1000 finished | loss=0.470430 | dice_loss=0.461335 | bce=0.007708 | mse=0.001388 | lr=3.19033e-05 | epoch_time=00:01:06 | elapsed=15:21:33 | ETA=06:00:10 | estimated_finish=2026-06-17 22:21:05
Epoch 720/1000 finished | loss=0.390586 | dice_loss=0.380346 | bce=0.008603 | mse=0.001636 | lr=3.18011e-05 | epoch_time=00:01:04 | elapsed=15:22:38 | ETA=05:58:48 | estimated_finish=2026-06-17 22:20:48
Quick validation epoch=720 | pseudo_dice=0.261379 | val_time=00:00:05
Epoch 721/1000 finished | loss=0.433401 | dice_loss=0.422515 | bce=0.009223 | mse=0.001664 | lr=3.16989e-05 | epoch_time=00:01:05 | elapsed=15:23:49 | ETA=05:57:29 | estimated_finish=2026-06-17 22:20:40
Epoch 722/1000 finished | loss=0.410064 | dice_loss=0.400318 | bce=0.008251 | mse=0.001495 | lr=3.15966e-05 | epoch_time=00:01:10 | elapsed=15:25:00 | ETA=05:56:10 | estimated_finish=2026-06-17 22:20:31
Epoch 723/1000 finished | loss=0.451246 | dice_loss=0.443082 | bce=0.006873 | mse=0.001292 | lr=3.14943e-05 | epoch_time=00:01:06 | elapsed=15:26:07 | ETA=05:54:49 | estimated_finish=2026-06-17 22:20:18
Epoch 724/1000 finished | loss=0.479161 | dice_loss=0.472141 | bce=0.005940 | mse=0.001080 | lr=3.13919e-05 | epoch_time=00:01:06 | elapsed=15:27:14 | ETA=05:53:28 | estimated_finish=2026-06-17 22:20:04
Epoch 725/1000 finished | loss=0.398143 | dice_loss=0.389116 | bce=0.007644 | mse=0.001382 | lr=3.12896e-05 | epoch_time=00:01:10 | elapsed=15:28:25 | ETA=05:52:09 | estimated_finish=2026-06-17 22:19:56
Quick validation epoch=725 | pseudo_dice=0.298536 | val_time=00:00:05
Epoch 726/1000 finished | loss=0.458728 | dice_loss=0.449939 | bce=0.007425 | mse=0.001364 | lr=3.11871e-05 | epoch_time=00:01:09 | elapsed=15:29:41 | ETA=05:50:52 | estimated_finish=2026-06-17 22:19:54
Epoch 727/1000 finished | loss=0.379156 | dice_loss=0.371731 | bce=0.006325 | mse=0.001101 | lr=3.10847e-05 | epoch_time=00:01:09 | elapsed=15:30:50 | ETA=05:49:32 | estimated_finish=2026-06-17 22:19:44
Epoch 728/1000 finished | loss=0.469478 | dice_loss=0.460107 | bce=0.008001 | mse=0.001371 | lr=3.09822e-05 | epoch_time=00:01:10 | elapsed=15:32:01 | ETA=05:48:13 | estimated_finish=2026-06-17 22:19:35
Epoch 729/1000 finished | loss=0.422492 | dice_loss=0.410831 | bce=0.009921 | mse=0.001740 | lr=3.08796e-05 | epoch_time=00:01:09 | elapsed=15:33:11 | ETA=05:46:54 | estimated_finish=2026-06-17 22:19:26
Epoch 730/1000 finished | loss=0.382086 | dice_loss=0.371433 | bce=0.009016 | mse=0.001637 | lr=3.07771e-05 | epoch_time=00:01:05 | elapsed=15:34:17 | ETA=05:45:33 | estimated_finish=2026-06-17 22:19:11
Quick validation epoch=730 | pseudo_dice=0.553952 | val_time=00:00:05
Epoch 731/1000 finished | loss=0.438060 | dice_loss=0.427454 | bce=0.009033 | mse=0.001572 | lr=3.06745e-05 | epoch_time=00:01:06 | elapsed=15:35:29 | ETA=05:44:15 | estimated_finish=2026-06-17 22:19:06
