==========================================
Diff-UNet SBO vessel training
Fold: 1
JSON: /data/drdcad/Hyuna/projects/vessel_seg/code/train_DiffUNet/jsons/sbo_vessel_5fold.json
OUT_DIR: ./runs/fold1
CUDA_VISIBLE_DEVICES: 0
Start time: Tue Jun 16 21:50:23 EDT 2026
==========================================
Fold: 1
Train cases: 96
Val cases: 21
Quick val cases: 5
Preprocessed dir: /data/drdcad/datasets_nnUNet/nnUNet_preprocessed/Dataset101_SBOvessel/nnUNetPlans_3d_fullres
Output dir: runs/fold1
Diffusion steps: 1000 | Sample steps: 10 | Base channels: 32
BasicUNet features: (32, 32, 64, 128, 256, 32).
BasicUNet features: (32, 32, 64, 128, 256, 32).
Total epochs: 1000
Steps per epoch: 96
Training started at: 2026-06-16 21:50:42
Epoch 1/1000 finished | loss=1.812808 | dice_loss=0.984975 | bce=0.616274 | mse=0.211558 | lr=9.991e-05 | epoch_time=00:01:07 | elapsed=00:01:07 | ETA=18:51:15 | estimated_finish=2026-06-17 16:43:06
Epoch 2/1000 finished | loss=1.605385 | dice_loss=0.983550 | bce=0.477819 | mse=0.144017 | lr=9.982e-05 | epoch_time=00:01:05 | elapsed=00:02:14 | ETA=18:34:37 | estimated_finish=2026-06-17 16:27:34
Epoch 3/1000 finished | loss=1.534821 | dice_loss=0.983116 | bce=0.429820 | mse=0.121885 | lr=9.973e-05 | epoch_time=00:01:06 | elapsed=00:03:20 | ETA=18:29:15 | estimated_finish=2026-06-17 16:23:19
Epoch 4/1000 finished | loss=1.468307 | dice_loss=0.978077 | bce=0.387088 | mse=0.103141 | lr=9.96399e-05 | epoch_time=00:01:02 | elapsed=00:04:23 | ETA=18:12:55 | estimated_finish=2026-06-17 16:08:01
Epoch 5/1000 finished | loss=1.414209 | dice_loss=0.979217 | bce=0.348299 | mse=0.086692 | lr=9.95499e-05 | epoch_time=00:01:06 | elapsed=00:05:29 | ETA=18:13:59 | estimated_finish=2026-06-17 16:10:12
Quick validation epoch=5 | pseudo_dice=0.080511 | val_time=00:00:07
New best model saved by quick validation | pseudo_dice=0.080511 | epoch=5
Epoch 6/1000 finished | loss=1.371127 | dice_loss=0.977570 | bce=0.318593 | mse=0.074964 | lr=9.94598e-05 | epoch_time=00:01:06 | elapsed=00:06:43 | ETA=18:35:19 | estimated_finish=2026-06-17 16:32:46
Epoch 7/1000 finished | loss=1.329915 | dice_loss=0.977542 | bce=0.288787 | mse=0.063585 | lr=9.93698e-05 | epoch_time=00:01:06 | elapsed=00:07:50 | ETA=18:32:36 | estimated_finish=2026-06-17 16:31:09
Epoch 8/1000 finished | loss=1.293395 | dice_loss=0.974830 | bce=0.263843 | mse=0.054723 | lr=9.92797e-05 | epoch_time=00:01:05 | elapsed=00:08:56 | ETA=18:28:00 | estimated_finish=2026-06-17 16:27:39
Epoch 9/1000 finished | loss=1.252165 | dice_loss=0.966619 | bce=0.239212 | mse=0.046333 | lr=9.91896e-05 | epoch_time=00:01:03 | elapsed=00:09:59 | ETA=18:20:55 | estimated_finish=2026-06-17 16:21:38
Epoch 10/1000 finished | loss=1.225557 | dice_loss=0.969550 | bce=0.216978 | mse=0.039029 | lr=9.90995e-05 | epoch_time=00:01:03 | elapsed=00:11:03 | ETA=18:15:02 | estimated_finish=2026-06-17 16:16:49
Quick validation epoch=10 | pseudo_dice=0.072807 | val_time=00:00:06
Epoch 11/1000 finished | loss=1.195738 | dice_loss=0.962963 | bce=0.199075 | mse=0.033700 | lr=9.90095e-05 | epoch_time=00:01:04 | elapsed=00:12:15 | ETA=18:21:59 | estimated_finish=2026-06-17 16:24:57
Epoch 12/1000 finished | loss=1.170316 | dice_loss=0.958138 | bce=0.182850 | mse=0.029328 | lr=9.89193e-05 | epoch_time=00:01:03 | elapsed=00:13:19 | ETA=18:17:09 | estimated_finish=2026-06-17 16:21:12
Epoch 13/1000 finished | loss=1.143034 | dice_loss=0.952366 | bce=0.165899 | mse=0.024770 | lr=9.88292e-05 | epoch_time=00:01:05 | elapsed=00:14:25 | ETA=18:14:47 | estimated_finish=2026-06-17 16:19:55
Epoch 14/1000 finished | loss=1.126727 | dice_loss=0.953098 | bce=0.152173 | mse=0.021456 | lr=9.87391e-05 | epoch_time=00:01:03 | elapsed=00:15:28 | ETA=18:10:11 | estimated_finish=2026-06-17 16:16:22
Epoch 15/1000 finished | loss=1.102609 | dice_loss=0.943584 | bce=0.140155 | mse=0.018870 | lr=9.8649e-05 | epoch_time=00:01:05 | elapsed=00:16:34 | ETA=18:07:55 | estimated_finish=2026-06-17 16:15:12
Quick validation epoch=15 | pseudo_dice=0.197110 | val_time=00:00:06
New best model saved by quick validation | pseudo_dice=0.197110 | epoch=15
Epoch 16/1000 finished | loss=1.085398 | dice_loss=0.939511 | bce=0.129150 | mse=0.016738 | lr=9.85588e-05 | epoch_time=00:01:06 | elapsed=00:17:47 | ETA=18:14:25 | estimated_finish=2026-06-17 16:22:55
Epoch 17/1000 finished | loss=1.066360 | dice_loss=0.935698 | bce=0.116680 | mse=0.013981 | lr=9.84687e-05 | epoch_time=00:01:04 | elapsed=00:18:52 | ETA=18:11:38 | estimated_finish=2026-06-17 16:21:13
Epoch 18/1000 finished | loss=1.058651 | dice_loss=0.939789 | bce=0.106777 | mse=0.012085 | lr=9.83785e-05 | epoch_time=00:01:04 | elapsed=00:19:57 | ETA=18:09:09 | estimated_finish=2026-06-17 16:19:50
Epoch 19/1000 finished | loss=1.031998 | dice_loss=0.925560 | bce=0.096334 | mse=0.010104 | lr=9.82884e-05 | epoch_time=00:01:08 | elapsed=00:21:06 | ETA=18:09:39 | estimated_finish=2026-06-17 16:21:29
Epoch 20/1000 finished | loss=1.021157 | dice_loss=0.923768 | bce=0.088404 | mse=0.008984 | lr=9.81982e-05 | epoch_time=00:01:04 | elapsed=00:22:11 | ETA=18:07:05 | estimated_finish=2026-06-17 16:19:58
Quick validation epoch=20 | pseudo_dice=0.117346 | val_time=00:00:06
Epoch 21/1000 finished | loss=1.002866 | dice_loss=0.912223 | bce=0.082191 | mse=0.008452 | lr=9.8108e-05 | epoch_time=00:01:04 | elapsed=00:23:22 | ETA=18:10:01 | estimated_finish=2026-06-17 16:24:07
Epoch 22/1000 finished | loss=0.981348 | dice_loss=0.900463 | bce=0.073783 | mse=0.007102 | lr=9.80178e-05 | epoch_time=00:01:06 | elapsed=00:24:29 | ETA=18:08:42 | estimated_finish=2026-06-17 16:23:54
Epoch 23/1000 finished | loss=0.959283 | dice_loss=0.884238 | bce=0.068294 | mse=0.006751 | lr=9.79276e-05 | epoch_time=00:01:03 | elapsed=00:25:33 | ETA=18:05:35 | estimated_finish=2026-06-17 16:21:52
Epoch 24/1000 finished | loss=0.960226 | dice_loss=0.891843 | bce=0.062241 | mse=0.006142 | lr=9.78374e-05 | epoch_time=00:01:03 | elapsed=00:26:36 | ETA=18:02:17 | estimated_finish=2026-06-17 16:19:37
Epoch 25/1000 finished | loss=0.951231 | dice_loss=0.887626 | bce=0.057707 | mse=0.005898 | lr=9.77472e-05 | epoch_time=00:01:03 | elapsed=00:27:40 | ETA=17:59:12 | estimated_finish=2026-06-17 16:17:35
Quick validation epoch=25 | pseudo_dice=0.194446 | val_time=00:00:07
Epoch 26/1000 finished | loss=0.915316 | dice_loss=0.857998 | bce=0.052048 | mse=0.005269 | lr=9.76569e-05 | epoch_time=00:01:05 | elapsed=00:28:52 | ETA=18:01:52 | estimated_finish=2026-06-17 16:21:27
Epoch 27/1000 finished | loss=0.911215 | dice_loss=0.860535 | bce=0.046171 | mse=0.004510 | lr=9.75667e-05 | epoch_time=00:01:05 | elapsed=00:29:58 | ETA=17:59:55 | estimated_finish=2026-06-17 16:20:35
Epoch 28/1000 finished | loss=0.915631 | dice_loss=0.870311 | bce=0.041373 | mse=0.003947 | lr=9.74764e-05 | epoch_time=00:01:06 | elapsed=00:31:04 | ETA=17:58:55 | estimated_finish=2026-06-17 16:20:42
Epoch 29/1000 finished | loss=0.861928 | dice_loss=0.820461 | bce=0.037697 | mse=0.003771 | lr=9.73862e-05 | epoch_time=00:01:04 | elapsed=00:32:09 | ETA=17:56:54 | estimated_finish=2026-06-17 16:19:46
Epoch 30/1000 finished | loss=0.868180 | dice_loss=0.828856 | bce=0.035405 | mse=0.003919 | lr=9.72959e-05 | epoch_time=00:01:05 | elapsed=00:33:15 | ETA=17:55:25 | estimated_finish=2026-06-17 16:19:24
Quick validation epoch=30 | pseudo_dice=0.198985 | val_time=00:00:06
New best model saved by quick validation | pseudo_dice=0.198985 | epoch=30
Epoch 31/1000 finished | loss=0.831228 | dice_loss=0.796322 | bce=0.031337 | mse=0.003568 | lr=9.72056e-05 | epoch_time=00:01:05 | elapsed=00:34:28 | ETA=17:57:41 | estimated_finish=2026-06-17 16:22:52
Epoch 32/1000 finished | loss=0.810813 | dice_loss=0.779119 | bce=0.028284 | mse=0.003410 | lr=9.71153e-05 | epoch_time=00:01:06 | elapsed=00:35:35 | ETA=17:56:33 | estimated_finish=2026-06-17 16:22:51
Epoch 33/1000 finished | loss=0.794016 | dice_loss=0.765095 | bce=0.025691 | mse=0.003230 | lr=9.7025e-05 | epoch_time=00:01:03 | elapsed=00:36:39 | ETA=17:54:04 | estimated_finish=2026-06-17 16:21:27
Epoch 34/1000 finished | loss=0.790405 | dice_loss=0.762112 | bce=0.024795 | mse=0.003498 | lr=9.69347e-05 | epoch_time=00:01:11 | elapsed=00:37:50 | ETA=17:55:12 | estimated_finish=2026-06-17 16:23:46
Epoch 35/1000 finished | loss=0.746065 | dice_loss=0.720750 | bce=0.022167 | mse=0.003148 | lr=9.68444e-05 | epoch_time=00:01:11 | elapsed=00:39:02 | ETA=17:56:30 | estimated_finish=2026-06-17 16:26:16
Quick validation epoch=35 | pseudo_dice=0.189387 | val_time=00:00:07
Epoch 36/1000 finished | loss=0.767761 | dice_loss=0.743673 | bce=0.020900 | mse=0.003189 | lr=9.67541e-05 | epoch_time=00:01:09 | elapsed=00:40:19 | ETA=17:59:46 | estimated_finish=2026-06-17 16:30:49
Epoch 37/1000 finished | loss=0.710819 | dice_loss=0.690029 | bce=0.018069 | mse=0.002722 | lr=9.66638e-05 | epoch_time=00:01:07 | elapsed=00:41:26 | ETA=17:58:47 | estimated_finish=2026-06-17 16:30:57
Epoch 38/1000 finished | loss=0.732562 | dice_loss=0.711875 | bce=0.017833 | mse=0.002853 | lr=9.65734e-05 | epoch_time=00:01:07 | elapsed=00:42:34 | ETA=17:57:48 | estimated_finish=2026-06-17 16:31:05
Epoch 39/1000 finished | loss=0.708666 | dice_loss=0.691423 | bce=0.014867 | mse=0.002376 | lr=9.64831e-05 | epoch_time=00:01:06 | elapsed=00:43:41 | ETA=17:56:35 | estimated_finish=2026-06-17 16:31:00
Epoch 40/1000 finished | loss=0.665883 | dice_loss=0.645965 | bce=0.016901 | mse=0.003018 | lr=9.63927e-05 | epoch_time=00:01:04 | elapsed=00:44:46 | ETA=17:54:30 | estimated_finish=2026-06-17 16:29:59
Quick validation epoch=40 | pseudo_dice=0.273170 | val_time=00:00:06
New best model saved by quick validation | pseudo_dice=0.273170 | epoch=40
Epoch 41/1000 finished | loss=0.618868 | dice_loss=0.602851 | bce=0.013664 | mse=0.002352 | lr=9.63023e-05 | epoch_time=00:01:05 | elapsed=00:45:58 | ETA=17:55:29 | estimated_finish=2026-06-17 16:32:10
Epoch 42/1000 finished | loss=0.616861 | dice_loss=0.600189 | bce=0.014087 | mse=0.002586 | lr=9.62119e-05 | epoch_time=00:01:04 | elapsed=00:47:03 | ETA=17:53:19 | estimated_finish=2026-06-17 16:31:06
Epoch 43/1000 finished | loss=0.559650 | dice_loss=0.544702 | bce=0.012614 | mse=0.002334 | lr=9.61215e-05 | epoch_time=00:01:04 | elapsed=00:48:07 | ETA=17:51:14 | estimated_finish=2026-06-17 16:30:05
Epoch 44/1000 finished | loss=0.566372 | dice_loss=0.551416 | bce=0.012647 | mse=0.002309 | lr=9.60311e-05 | epoch_time=00:01:06 | elapsed=00:49:14 | ETA=17:49:57 | estimated_finish=2026-06-17 16:29:54
Epoch 45/1000 finished | loss=0.611802 | dice_loss=0.594839 | bce=0.014251 | mse=0.002712 | lr=9.59407e-05 | epoch_time=00:01:06 | elapsed=00:50:21 | ETA=17:48:47 | estimated_finish=2026-06-17 16:29:52
Quick validation epoch=45 | pseudo_dice=0.185034 | val_time=00:00:07
Epoch 46/1000 finished | loss=0.559758 | dice_loss=0.546608 | bce=0.011072 | mse=0.002078 | lr=9.58503e-05 | epoch_time=00:01:07 | elapsed=00:51:36 | ETA=17:50:10 | estimated_finish=2026-06-17 16:32:29
Epoch 47/1000 finished | loss=0.609174 | dice_loss=0.594530 | bce=0.012351 | mse=0.002293 | lr=9.57599e-05 | epoch_time=00:01:06 | elapsed=00:52:42 | ETA=17:48:46 | estimated_finish=2026-06-17 16:32:11
Epoch 48/1000 finished | loss=0.620565 | dice_loss=0.603439 | bce=0.014271 | mse=0.002856 | lr=9.56694e-05 | epoch_time=00:01:05 | elapsed=00:53:48 | ETA=17:47:05 | estimated_finish=2026-06-17 16:31:36
Epoch 49/1000 finished | loss=0.579850 | dice_loss=0.564349 | bce=0.013005 | mse=0.002497 | lr=9.5579e-05 | epoch_time=00:01:03 | elapsed=00:54:52 | ETA=17:44:58 | estimated_finish=2026-06-17 16:30:33
Epoch 50/1000 finished | loss=0.512854 | dice_loss=0.499803 | bce=0.010914 | mse=0.002137 | lr=9.54885e-05 | epoch_time=00:01:06 | elapsed=00:55:58 | ETA=17:43:34 | estimated_finish=2026-06-17 16:30:16
Quick validation epoch=50 | pseudo_dice=0.157817 | val_time=00:00:06
Epoch 51/1000 finished | loss=0.513523 | dice_loss=0.499253 | bce=0.011941 | mse=0.002329 | lr=9.53981e-05 | epoch_time=00:01:06 | elapsed=00:57:12 | ETA=17:44:35 | estimated_finish=2026-06-17 16:32:31
Epoch 52/1000 finished | loss=0.540323 | dice_loss=0.527857 | bce=0.010459 | mse=0.002007 | lr=9.53076e-05 | epoch_time=00:01:04 | elapsed=00:58:17 | ETA=17:42:35 | estimated_finish=2026-06-17 16:31:35
Epoch 53/1000 finished | loss=0.521037 | dice_loss=0.507180 | bce=0.011636 | mse=0.002221 | lr=9.52171e-05 | epoch_time=00:01:03 | elapsed=00:59:20 | ETA=17:40:25 | estimated_finish=2026-06-17 16:30:29
Epoch 54/1000 finished | loss=0.568618 | dice_loss=0.553262 | bce=0.012934 | mse=0.002422 | lr=9.51266e-05 | epoch_time=00:01:04 | elapsed=01:00:25 | ETA=17:38:41 | estimated_finish=2026-06-17 16:29:50
Epoch 55/1000 finished | loss=0.547039 | dice_loss=0.531441 | bce=0.013126 | mse=0.002471 | lr=9.50361e-05 | epoch_time=00:01:04 | elapsed=01:01:31 | ETA=17:36:58 | estimated_finish=2026-06-17 16:29:12
Quick validation epoch=55 | pseudo_dice=0.267931 | val_time=00:00:06
Epoch 56/1000 finished | loss=0.498399 | dice_loss=0.481715 | bce=0.014028 | mse=0.002656 | lr=9.49456e-05 | epoch_time=00:01:05 | elapsed=01:02:43 | ETA=17:37:19 | estimated_finish=2026-06-17 16:30:45
Epoch 57/1000 finished | loss=0.525275 | dice_loss=0.512053 | bce=0.011100 | mse=0.002122 | lr=9.48551e-05 | epoch_time=00:01:04 | elapsed=01:03:48 | ETA=17:35:32 | estimated_finish=2026-06-17 16:30:03
Epoch 58/1000 finished | loss=0.510605 | dice_loss=0.493389 | bce=0.014444 | mse=0.002772 | lr=9.47645e-05 | epoch_time=00:01:03 | elapsed=01:04:51 | ETA=17:33:30 | estimated_finish=2026-06-17 16:29:04
Epoch 59/1000 finished | loss=0.478005 | dice_loss=0.465899 | bce=0.010165 | mse=0.001941 | lr=9.4674e-05 | epoch_time=00:01:05 | elapsed=01:05:57 | ETA=17:31:59 | estimated_finish=2026-06-17 16:28:39
Epoch 60/1000 finished | loss=0.530734 | dice_loss=0.515403 | bce=0.012998 | mse=0.002334 | lr=9.45834e-05 | epoch_time=00:01:02 | elapsed=01:07:00 | ETA=17:29:42 | estimated_finish=2026-06-17 16:27:25
Quick validation epoch=60 | pseudo_dice=0.290693 | val_time=00:00:06
New best model saved by quick validation | pseudo_dice=0.290693 | epoch=60
Epoch 61/1000 finished | loss=0.547076 | dice_loss=0.527901 | bce=0.016236 | mse=0.002939 | lr=9.44929e-05 | epoch_time=00:01:05 | elapsed=01:08:12 | ETA=17:30:01 | estimated_finish=2026-06-17 16:28:56
Epoch 62/1000 finished | loss=0.511219 | dice_loss=0.496002 | bce=0.012918 | mse=0.002299 | lr=9.44023e-05 | epoch_time=00:01:04 | elapsed=01:09:17 | ETA=17:28:18 | estimated_finish=2026-06-17 16:28:19
Epoch 63/1000 finished | loss=0.547083 | dice_loss=0.531734 | bce=0.012908 | mse=0.002442 | lr=9.43117e-05 | epoch_time=00:01:05 | elapsed=01:10:23 | ETA=17:26:55 | estimated_finish=2026-06-17 16:28:01
Epoch 64/1000 finished | loss=0.427022 | dice_loss=0.411053 | bce=0.013568 | mse=0.002400 | lr=9.42211e-05 | epoch_time=00:01:03 | elapsed=01:11:27 | ETA=17:25:03 | estimated_finish=2026-06-17 16:27:14
Epoch 65/1000 finished | loss=0.478049 | dice_loss=0.464541 | bce=0.011378 | mse=0.002131 | lr=9.41305e-05 | epoch_time=00:01:06 | elapsed=01:12:33 | ETA=17:23:45 | estimated_finish=2026-06-17 16:27:02
Quick validation epoch=65 | pseudo_dice=0.235184 | val_time=00:00:07
Epoch 66/1000 finished | loss=0.475831 | dice_loss=0.461241 | bce=0.012492 | mse=0.002098 | lr=9.40399e-05 | epoch_time=00:01:05 | elapsed=01:13:46 | ETA=17:23:54 | estimated_finish=2026-06-17 16:28:23
Epoch 67/1000 finished | loss=0.519273 | dice_loss=0.505358 | bce=0.011792 | mse=0.002123 | lr=9.39493e-05 | epoch_time=00:01:06 | elapsed=01:14:52 | ETA=17:22:39 | estimated_finish=2026-06-17 16:28:14
Epoch 68/1000 finished | loss=0.443956 | dice_loss=0.423833 | bce=0.017122 | mse=0.003002 | lr=9.38587e-05 | epoch_time=00:01:02 | elapsed=01:15:54 | ETA=17:20:28 | estimated_finish=2026-06-17 16:27:06
Epoch 69/1000 finished | loss=0.530048 | dice_loss=0.516992 | bce=0.011006 | mse=0.002050 | lr=9.3768e-05 | epoch_time=00:01:05 | elapsed=01:17:00 | ETA=17:18:58 | estimated_finish=2026-06-17 16:26:41
Epoch 70/1000 finished | loss=0.473002 | dice_loss=0.460444 | bce=0.010527 | mse=0.002031 | lr=9.36774e-05 | epoch_time=00:01:05 | elapsed=01:18:05 | ETA=17:17:36 | estimated_finish=2026-06-17 16:26:24
Quick validation epoch=70 | pseudo_dice=0.257741 | val_time=00:00:06
Epoch 71/1000 finished | loss=0.458827 | dice_loss=0.446784 | bce=0.010169 | mse=0.001875 | lr=9.35867e-05 | epoch_time=00:01:04 | elapsed=01:19:17 | ETA=17:17:33 | estimated_finish=2026-06-17 16:27:33
Epoch 72/1000 finished | loss=0.474366 | dice_loss=0.457563 | bce=0.014335 | mse=0.002468 | lr=9.3496e-05 | epoch_time=00:01:05 | elapsed=01:20:23 | ETA=17:16:15 | estimated_finish=2026-06-17 16:27:21
Epoch 73/1000 finished | loss=0.485579 | dice_loss=0.470739 | bce=0.012575 | mse=0.002265 | lr=9.34054e-05 | epoch_time=00:01:06 | elapsed=01:21:30 | ETA=17:15:07 | estimated_finish=2026-06-17 16:27:20
Epoch 74/1000 finished | loss=0.471583 | dice_loss=0.456134 | bce=0.013174 | mse=0.002276 | lr=9.33147e-05 | epoch_time=00:01:04 | elapsed=01:22:35 | ETA=17:13:27 | estimated_finish=2026-06-17 16:26:45
Epoch 75/1000 finished | loss=0.472197 | dice_loss=0.457690 | bce=0.012326 | mse=0.002181 | lr=9.3224e-05 | epoch_time=00:01:03 | elapsed=01:23:39 | ETA=17:11:44 | estimated_finish=2026-06-17 16:26:06
Quick validation epoch=75 | pseudo_dice=0.086363 | val_time=00:00:06
Epoch 76/1000 finished | loss=0.501885 | dice_loss=0.487913 | bce=0.011815 | mse=0.002156 | lr=9.31333e-05 | epoch_time=00:01:03 | elapsed=01:24:50 | ETA=17:11:25 | estimated_finish=2026-06-17 16:26:58
Epoch 77/1000 finished | loss=0.517972 | dice_loss=0.500824 | bce=0.014569 | mse=0.002579 | lr=9.30425e-05 | epoch_time=00:01:03 | elapsed=01:25:54 | ETA=17:09:43 | estimated_finish=2026-06-17 16:26:20
Epoch 78/1000 finished | loss=0.475477 | dice_loss=0.466462 | bce=0.007567 | mse=0.001448 | lr=9.29518e-05 | epoch_time=00:01:05 | elapsed=01:26:59 | ETA=17:08:16 | estimated_finish=2026-06-17 16:25:58
Epoch 79/1000 finished | loss=0.461536 | dice_loss=0.446690 | bce=0.012631 | mse=0.002216 | lr=9.28611e-05 | epoch_time=00:01:05 | elapsed=01:28:05 | ETA=17:07:00 | estimated_finish=2026-06-17 16:25:48
Epoch 80/1000 finished | loss=0.510629 | dice_loss=0.495061 | bce=0.013273 | mse=0.002295 | lr=9.27703e-05 | epoch_time=00:01:03 | elapsed=01:29:09 | ETA=17:05:14 | estimated_finish=2026-06-17 16:25:06
Quick validation epoch=80 | pseudo_dice=0.207344 | val_time=00:00:07
Epoch 81/1000 finished | loss=0.482540 | dice_loss=0.467073 | bce=0.013174 | mse=0.002293 | lr=9.26796e-05 | epoch_time=00:01:05 | elapsed=01:30:21 | ETA=17:05:12 | estimated_finish=2026-06-17 16:26:17
Epoch 82/1000 finished | loss=0.502791 | dice_loss=0.484548 | bce=0.015483 | mse=0.002760 | lr=9.25888e-05 | epoch_time=00:01:04 | elapsed=01:31:26 | ETA=17:03:44 | estimated_finish=2026-06-17 16:25:54
Epoch 83/1000 finished | loss=0.421255 | dice_loss=0.410745 | bce=0.008962 | mse=0.001547 | lr=9.2498e-05 | epoch_time=00:01:04 | elapsed=01:32:31 | ETA=17:02:12 | estimated_finish=2026-06-17 16:25:27
Epoch 84/1000 finished | loss=0.529335 | dice_loss=0.514047 | bce=0.013102 | mse=0.002187 | lr=9.24072e-05 | epoch_time=00:01:05 | elapsed=01:33:37 | ETA=17:00:55 | estimated_finish=2026-06-17 16:25:16
Epoch 85/1000 finished | loss=0.482436 | dice_loss=0.469791 | bce=0.010755 | mse=0.001891 | lr=9.23164e-05 | epoch_time=00:01:02 | elapsed=01:34:40 | ETA=16:59:06 | estimated_finish=2026-06-17 16:24:29
Quick validation epoch=85 | pseudo_dice=0.064822 | val_time=00:00:07
Epoch 86/1000 finished | loss=0.481677 | dice_loss=0.466760 | bce=0.012765 | mse=0.002152 | lr=9.22256e-05 | epoch_time=00:01:02 | elapsed=01:35:50 | ETA=16:58:35 | estimated_finish=2026-06-17 16:25:08
Epoch 87/1000 finished | loss=0.441938 | dice_loss=0.429358 | bce=0.010736 | mse=0.001843 | lr=9.21348e-05 | epoch_time=00:01:02 | elapsed=01:36:52 | ETA=16:56:40 | estimated_finish=2026-06-17 16:24:16
Epoch 88/1000 finished | loss=0.519941 | dice_loss=0.504763 | bce=0.012954 | mse=0.002224 | lr=9.2044e-05 | epoch_time=00:01:10 | elapsed=01:38:03 | ETA=16:56:15 | estimated_finish=2026-06-17 16:25:01
Epoch 89/1000 finished | loss=0.447319 | dice_loss=0.430496 | bce=0.014388 | mse=0.002436 | lr=9.19531e-05 | epoch_time=00:01:05 | elapsed=01:39:09 | ETA=16:54:59 | estimated_finish=2026-06-17 16:24:52
Epoch 90/1000 finished | loss=0.492280 | dice_loss=0.478008 | bce=0.012172 | mse=0.002100 | lr=9.18623e-05 | epoch_time=00:01:06 | elapsed=01:40:15 | ETA=16:53:47 | estimated_finish=2026-06-17 16:24:45
Quick validation epoch=90 | pseudo_dice=0.329185 | val_time=00:00:06
New best model saved by quick validation | pseudo_dice=0.329185 | epoch=90
Epoch 91/1000 finished | loss=0.433835 | dice_loss=0.421617 | bce=0.010415 | mse=0.001803 | lr=9.17714e-05 | epoch_time=00:01:03 | elapsed=01:41:26 | ETA=16:53:20 | estimated_finish=2026-06-17 16:25:30
Epoch 92/1000 finished | loss=0.472766 | dice_loss=0.454962 | bce=0.015383 | mse=0.002421 | lr=9.16806e-05 | epoch_time=00:01:04 | elapsed=01:42:31 | ETA=16:51:54 | estimated_finish=2026-06-17 16:25:08
Epoch 93/1000 finished | loss=0.458673 | dice_loss=0.442363 | bce=0.013914 | mse=0.002396 | lr=9.15897e-05 | epoch_time=00:01:07 | elapsed=01:43:39 | ETA=16:50:57 | estimated_finish=2026-06-17 16:25:19
Epoch 94/1000 finished | loss=0.527017 | dice_loss=0.513653 | bce=0.011441 | mse=0.001924 | lr=9.14988e-05 | epoch_time=00:01:05 | elapsed=01:44:45 | ETA=16:49:39 | estimated_finish=2026-06-17 16:25:07
Epoch 95/1000 finished | loss=0.478173 | dice_loss=0.465052 | bce=0.011192 | mse=0.001929 | lr=9.14079e-05 | epoch_time=00:01:04 | elapsed=01:45:50 | ETA=16:48:13 | estimated_finish=2026-06-17 16:24:46
Quick validation epoch=95 | pseudo_dice=0.271531 | val_time=00:00:06
Epoch 96/1000 finished | loss=0.472844 | dice_loss=0.458264 | bce=0.012487 | mse=0.002094 | lr=9.1317e-05 | epoch_time=00:01:04 | elapsed=01:47:01 | ETA=16:47:47 | estimated_finish=2026-06-17 16:25:31
Epoch 97/1000 finished | loss=0.480816 | dice_loss=0.462255 | bce=0.015972 | mse=0.002589 | lr=9.12261e-05 | epoch_time=00:01:04 | elapsed=01:48:05 | ETA=16:46:19 | estimated_finish=2026-06-17 16:25:08
Epoch 98/1000 finished | loss=0.524535 | dice_loss=0.510853 | bce=0.011742 | mse=0.001940 | lr=9.11351e-05 | epoch_time=00:01:03 | elapsed=01:49:09 | ETA=16:44:45 | estimated_finish=2026-06-17 16:24:38
Epoch 99/1000 finished | loss=0.508465 | dice_loss=0.492670 | bce=0.013635 | mse=0.002161 | lr=9.10442e-05 | epoch_time=00:01:02 | elapsed=01:50:12 | ETA=16:43:03 | estimated_finish=2026-06-17 16:23:59
Epoch 100/1000 finished | loss=0.483849 | dice_loss=0.471475 | bce=0.010568 | mse=0.001806 | lr=9.09533e-05 | epoch_time=00:01:05 | elapsed=01:51:19 | ETA=16:41:51 | estimated_finish=2026-06-17 16:23:52
Quick validation epoch=100 | pseudo_dice=0.284738 | val_time=00:00:06
Full validation epoch=100 | mean_dice=0.125859 | val_time=00:12:29
New best full-validation model saved | dice=0.125859 | epoch=100
Epoch 101/1000 finished | loss=0.473503 | dice_loss=0.455587 | bce=0.015220 | mse=0.002695 | lr=9.08623e-05 | epoch_time=00:01:08 | elapsed=02:05:04 | ETA=18:33:18 | estimated_finish=2026-06-17 18:29:05
Epoch 102/1000 finished | loss=0.413077 | dice_loss=0.398969 | bce=0.012035 | mse=0.002073 | lr=9.07713e-05 | epoch_time=00:01:07 | elapsed=02:06:12 | ETA=18:31:08 | estimated_finish=2026-06-17 18:28:04
Epoch 103/1000 finished | loss=0.479397 | dice_loss=0.467025 | bce=0.010493 | mse=0.001879 | lr=9.06804e-05 | epoch_time=00:01:05 | elapsed=02:07:18 | ETA=18:28:42 | estimated_finish=2026-06-17 18:26:44
Epoch 104/1000 finished | loss=0.450976 | dice_loss=0.439923 | bce=0.009366 | mse=0.001687 | lr=9.05894e-05 | epoch_time=00:01:04 | elapsed=02:08:23 | ETA=18:26:06 | estimated_finish=2026-06-17 18:25:12
Epoch 105/1000 finished | loss=0.458717 | dice_loss=0.444016 | bce=0.012710 | mse=0.001991 | lr=9.04984e-05 | epoch_time=00:01:08 | elapsed=02:09:32 | ETA=18:24:09 | estimated_finish=2026-06-17 18:24:24
Quick validation epoch=105 | pseudo_dice=0.190837 | val_time=00:00:07
Epoch 106/1000 finished | loss=0.475167 | dice_loss=0.461360 | bce=0.011771 | mse=0.002035 | lr=9.04074e-05 | epoch_time=00:01:13 | elapsed=02:10:52 | ETA=18:23:48 | estimated_finish=2026-06-17 18:25:24
Epoch 107/1000 finished | loss=0.441366 | dice_loss=0.428006 | bce=0.011436 | mse=0.001924 | lr=9.03163e-05 | epoch_time=00:01:09 | elapsed=02:12:02 | ETA=18:22:00 | estimated_finish=2026-06-17 18:24:45
Epoch 108/1000 finished | loss=0.478740 | dice_loss=0.464012 | bce=0.012673 | mse=0.002055 | lr=9.02253e-05 | epoch_time=00:01:07 | elapsed=02:13:09 | ETA=18:19:51 | estimated_finish=2026-06-17 18:23:44
Epoch 109/1000 finished | loss=0.490995 | dice_loss=0.473137 | bce=0.015296 | mse=0.002563 | lr=9.01343e-05 | epoch_time=00:01:06 | elapsed=02:14:17 | ETA=18:17:41 | estimated_finish=2026-06-17 18:22:41
Epoch 110/1000 finished | loss=0.413623 | dice_loss=0.399177 | bce=0.012296 | mse=0.002149 | lr=9.00432e-05 | epoch_time=00:01:08 | elapsed=02:15:25 | ETA=18:15:42 | estimated_finish=2026-06-17 18:21:50
Quick validation epoch=110 | pseudo_dice=0.204339 | val_time=00:00:06
Epoch 111/1000 finished | loss=0.499530 | dice_loss=0.484121 | bce=0.013265 | mse=0.002143 | lr=8.99522e-05 | epoch_time=00:01:07 | elapsed=02:16:39 | ETA=18:14:30 | estimated_finish=2026-06-17 18:21:53
Epoch 112/1000 finished | loss=0.443434 | dice_loss=0.430450 | bce=0.010989 | mse=0.001996 | lr=8.98611e-05 | epoch_time=00:01:07 | elapsed=02:17:47 | ETA=18:12:25 | estimated_finish=2026-06-17 18:20:55
Epoch 113/1000 finished | loss=0.492112 | dice_loss=0.479005 | bce=0.011248 | mse=0.001859 | lr=8.977e-05 | epoch_time=00:01:04 | elapsed=02:18:51 | ETA=18:10:01 | estimated_finish=2026-06-17 18:19:36
Epoch 114/1000 finished | loss=0.430412 | dice_loss=0.418036 | bce=0.010570 | mse=0.001805 | lr=8.96789e-05 | epoch_time=00:01:08 | elapsed=02:20:00 | ETA=18:08:08 | estimated_finish=2026-06-17 18:18:52
Epoch 115/1000 finished | loss=0.513369 | dice_loss=0.500642 | bce=0.010865 | mse=0.001862 | lr=8.95878e-05 | epoch_time=00:01:07 | elapsed=02:21:08 | ETA=18:06:07 | estimated_finish=2026-06-17 18:17:58
Quick validation epoch=115 | pseudo_dice=0.295109 | val_time=00:00:07
Epoch 116/1000 finished | loss=0.499763 | dice_loss=0.486228 | bce=0.011724 | mse=0.001811 | lr=8.94967e-05 | epoch_time=00:01:07 | elapsed=02:22:22 | ETA=18:05:02 | estimated_finish=2026-06-17 18:18:07
Epoch 117/1000 finished | loss=0.483509 | dice_loss=0.468306 | bce=0.013033 | mse=0.002170 | lr=8.94056e-05 | epoch_time=00:01:06 | elapsed=02:23:29 | ETA=18:02:59 | estimated_finish=2026-06-17 18:17:12
Epoch 118/1000 finished | loss=0.446859 | dice_loss=0.426945 | bce=0.017119 | mse=0.002794 | lr=8.93144e-05 | epoch_time=00:01:09 | elapsed=02:24:39 | ETA=18:01:16 | estimated_finish=2026-06-17 18:16:38
Epoch 119/1000 finished | loss=0.440564 | dice_loss=0.424802 | bce=0.013492 | mse=0.002271 | lr=8.92233e-05 | epoch_time=00:01:08 | elapsed=02:25:48 | ETA=17:59:27 | estimated_finish=2026-06-17 18:15:58
Epoch 120/1000 finished | loss=0.483001 | dice_loss=0.467646 | bce=0.013218 | mse=0.002137 | lr=8.91322e-05 | epoch_time=00:01:06 | elapsed=02:26:55 | ETA=17:57:23 | estimated_finish=2026-06-17 18:15:01
Quick validation epoch=120 | pseudo_dice=0.366242 | val_time=00:00:07
New best model saved by quick validation | pseudo_dice=0.366242 | epoch=120
Epoch 121/1000 finished | loss=0.455364 | dice_loss=0.442075 | bce=0.011327 | mse=0.001962 | lr=8.9041e-05 | epoch_time=00:01:09 | elapsed=02:28:12 | ETA=17:56:37 | estimated_finish=2026-06-17 18:15:32
Epoch 122/1000 finished | loss=0.489043 | dice_loss=0.475954 | bce=0.011247 | mse=0.001843 | lr=8.89498e-05 | epoch_time=00:01:07 | elapsed=02:29:19 | ETA=17:54:42 | estimated_finish=2026-06-17 18:14:45
Epoch 123/1000 finished | loss=0.408740 | dice_loss=0.395285 | bce=0.011494 | mse=0.001961 | lr=8.88586e-05 | epoch_time=00:01:05 | elapsed=02:30:26 | ETA=17:52:36 | estimated_finish=2026-06-17 18:13:45
Epoch 124/1000 finished | loss=0.423472 | dice_loss=0.409346 | bce=0.012130 | mse=0.001996 | lr=8.87674e-05 | epoch_time=00:01:08 | elapsed=02:31:34 | ETA=17:50:47 | estimated_finish=2026-06-17 18:13:04
Epoch 125/1000 finished | loss=0.447358 | dice_loss=0.433773 | bce=0.011641 | mse=0.001944 | lr=8.86762e-05 | epoch_time=00:01:06 | elapsed=02:32:41 | ETA=17:48:51 | estimated_finish=2026-06-17 18:12:15
Quick validation epoch=125 | pseudo_dice=0.165072 | val_time=00:00:06
Epoch 126/1000 finished | loss=0.475512 | dice_loss=0.465460 | bce=0.008532 | mse=0.001521 | lr=8.8585e-05 | epoch_time=00:01:05 | elapsed=02:33:53 | ETA=17:47:30 | estimated_finish=2026-06-17 18:12:07
Epoch 127/1000 finished | loss=0.484172 | dice_loss=0.474510 | bce=0.008320 | mse=0.001342 | lr=8.84938e-05 | epoch_time=00:01:07 | elapsed=02:35:01 | ETA=17:45:36 | estimated_finish=2026-06-17 18:11:20
Epoch 128/1000 finished | loss=0.486940 | dice_loss=0.472737 | bce=0.012140 | mse=0.002063 | lr=8.84026e-05 | epoch_time=00:01:06 | elapsed=02:36:08 | ETA=17:43:42 | estimated_finish=2026-06-17 18:10:33
Epoch 129/1000 finished | loss=0.463120 | dice_loss=0.451288 | bce=0.010248 | mse=0.001585 | lr=8.83113e-05 | epoch_time=00:01:07 | elapsed=02:37:16 | ETA=17:41:54 | estimated_finish=2026-06-17 18:09:53
Epoch 130/1000 finished | loss=0.418837 | dice_loss=0.404762 | bce=0.012142 | mse=0.001934 | lr=8.82201e-05 | epoch_time=00:01:06 | elapsed=02:38:23 | ETA=17:39:59 | estimated_finish=2026-06-17 18:09:05
Quick validation epoch=130 | pseudo_dice=0.337737 | val_time=00:00:06
Epoch 131/1000 finished | loss=0.549398 | dice_loss=0.535375 | bce=0.012016 | mse=0.002007 | lr=8.81288e-05 | epoch_time=00:01:08 | elapsed=02:39:38 | ETA=17:39:02 | estimated_finish=2026-06-17 18:09:24
Epoch 132/1000 finished | loss=0.519507 | dice_loss=0.508681 | bce=0.009311 | mse=0.001515 | lr=8.80375e-05 | epoch_time=00:01:06 | elapsed=02:40:45 | ETA=17:37:05 | estimated_finish=2026-06-17 18:08:33
Epoch 133/1000 finished | loss=0.469206 | dice_loss=0.456074 | bce=0.011197 | mse=0.001935 | lr=8.79462e-05 | epoch_time=00:01:06 | elapsed=02:41:51 | ETA=17:35:08 | estimated_finish=2026-06-17 18:07:42
Epoch 134/1000 finished | loss=0.468035 | dice_loss=0.456637 | bce=0.009653 | mse=0.001744 | lr=8.78549e-05 | epoch_time=00:01:06 | elapsed=02:42:58 | ETA=17:33:17 | estimated_finish=2026-06-17 18:06:59
Epoch 135/1000 finished | loss=0.454340 | dice_loss=0.443038 | bce=0.009611 | mse=0.001691 | lr=8.77636e-05 | epoch_time=00:01:08 | elapsed=02:44:07 | ETA=17:31:36 | estimated_finish=2026-06-17 18:06:26
Quick validation epoch=135 | pseudo_dice=0.449813 | val_time=00:00:06
New best model saved by quick validation | pseudo_dice=0.449813 | epoch=135
Epoch 136/1000 finished | loss=0.496921 | dice_loss=0.478088 | bce=0.016321 | mse=0.002513 | lr=8.76723e-05 | epoch_time=00:01:06 | elapsed=02:45:21 | ETA=17:30:30 | estimated_finish=2026-06-17 18:06:34
Epoch 137/1000 finished | loss=0.477932 | dice_loss=0.464420 | bce=0.011594 | mse=0.001918 | lr=8.7581e-05 | epoch_time=00:01:07 | elapsed=02:46:28 | ETA=17:28:41 | estimated_finish=2026-06-17 18:05:53
Epoch 138/1000 finished | loss=0.440193 | dice_loss=0.425366 | bce=0.012685 | mse=0.002142 | lr=8.74896e-05 | epoch_time=00:01:05 | elapsed=02:47:34 | ETA=17:26:43 | estimated_finish=2026-06-17 18:05:01
Epoch 139/1000 finished | loss=0.505766 | dice_loss=0.489355 | bce=0.014166 | mse=0.002245 | lr=8.73983e-05 | epoch_time=00:01:06 | elapsed=02:48:40 | ETA=17:24:51 | estimated_finish=2026-06-17 18:04:15
Epoch 140/1000 finished | loss=0.431545 | dice_loss=0.419638 | bce=0.010254 | mse=0.001653 | lr=8.73069e-05 | epoch_time=00:01:06 | elapsed=02:49:47 | ETA=17:23:03 | estimated_finish=2026-06-17 18:03:33
Quick validation epoch=140 | pseudo_dice=0.164606 | val_time=00:00:06
Epoch 141/1000 finished | loss=0.429599 | dice_loss=0.416662 | bce=0.011174 | mse=0.001763 | lr=8.72155e-05 | epoch_time=00:01:05 | elapsed=02:51:00 | ETA=17:21:49 | estimated_finish=2026-06-17 18:03:33
Epoch 142/1000 finished | loss=0.456552 | dice_loss=0.443547 | bce=0.011116 | mse=0.001889 | lr=8.71242e-05 | epoch_time=00:01:10 | elapsed=02:52:11 | ETA=17:20:22 | estimated_finish=2026-06-17 18:03:16
Epoch 143/1000 finished | loss=0.442612 | dice_loss=0.429479 | bce=0.011250 | mse=0.001883 | lr=8.70328e-05 | epoch_time=00:01:04 | elapsed=02:53:16 | ETA=17:18:23 | estimated_finish=2026-06-17 18:02:22
Epoch 144/1000 finished | loss=0.389830 | dice_loss=0.379025 | bce=0.009235 | mse=0.001569 | lr=8.69414e-05 | epoch_time=00:01:05 | elapsed=02:54:22 | ETA=17:16:31 | estimated_finish=2026-06-17 18:01:36
Epoch 145/1000 finished | loss=0.434101 | dice_loss=0.421609 | bce=0.010733 | mse=0.001759 | lr=8.68499e-05 | epoch_time=00:01:08 | elapsed=02:55:30 | ETA=17:14:52 | estimated_finish=2026-06-17 18:01:05
Quick validation epoch=145 | pseudo_dice=0.138280 | val_time=00:00:06
Epoch 146/1000 finished | loss=0.443824 | dice_loss=0.427454 | bce=0.013989 | mse=0.002381 | lr=8.67585e-05 | epoch_time=00:01:05 | elapsed=02:56:42 | ETA=17:13:38 | estimated_finish=2026-06-17 18:01:04
Epoch 147/1000 finished | loss=0.422573 | dice_loss=0.411844 | bce=0.009121 | mse=0.001609 | lr=8.66671e-05 | epoch_time=00:01:02 | elapsed=02:57:45 | ETA=17:11:29 | estimated_finish=2026-06-17 17:59:58
Epoch 148/1000 finished | loss=0.483614 | dice_loss=0.472555 | bce=0.009513 | mse=0.001546 | lr=8.65756e-05 | epoch_time=00:01:04 | elapsed=02:58:50 | ETA=17:09:32 | estimated_finish=2026-06-17 17:59:05
Epoch 149/1000 finished | loss=0.450244 | dice_loss=0.435847 | bce=0.012361 | mse=0.002035 | lr=8.64842e-05 | epoch_time=00:01:08 | elapsed=02:59:58 | ETA=17:07:55 | estimated_finish=2026-06-17 17:58:36
Epoch 150/1000 finished | loss=0.502748 | dice_loss=0.490478 | bce=0.010603 | mse=0.001667 | lr=8.63927e-05 | epoch_time=00:01:05 | elapsed=03:01:04 | ETA=17:06:04 | estimated_finish=2026-06-17 17:57:51
Quick validation epoch=150 | pseudo_dice=0.286981 | val_time=00:00:06
Epoch 151/1000 finished | loss=0.449247 | dice_loss=0.436650 | bce=0.010767 | mse=0.001830 | lr=8.63012e-05 | epoch_time=00:01:09 | elapsed=03:02:20 | ETA=17:05:12 | estimated_finish=2026-06-17 17:58:15
Epoch 152/1000 finished | loss=0.416725 | dice_loss=0.403942 | bce=0.010958 | mse=0.001825 | lr=8.62097e-05 | epoch_time=00:01:05 | elapsed=03:03:26 | ETA=17:03:23 | estimated_finish=2026-06-17 17:57:32
Epoch 153/1000 finished | loss=0.417542 | dice_loss=0.407342 | bce=0.008746 | mse=0.001453 | lr=8.61182e-05 | epoch_time=00:01:05 | elapsed=03:04:32 | ETA=17:01:35 | estimated_finish=2026-06-17 17:56:50
Epoch 154/1000 finished | loss=0.469299 | dice_loss=0.455286 | bce=0.012111 | mse=0.001902 | lr=8.60267e-05 | epoch_time=00:01:03 | elapsed=03:05:36 | ETA=16:59:36 | estimated_finish=2026-06-17 17:55:55
Epoch 155/1000 finished | loss=0.506639 | dice_loss=0.494365 | bce=0.010540 | mse=0.001734 | lr=8.59352e-05 | epoch_time=00:01:06 | elapsed=03:06:42 | ETA=16:57:50 | estimated_finish=2026-06-17 17:55:16
Quick validation epoch=155 | pseudo_dice=0.229810 | val_time=00:00:06
Epoch 156/1000 finished | loss=0.420536 | dice_loss=0.405044 | bce=0.013328 | mse=0.002164 | lr=8.58437e-05 | epoch_time=00:01:04 | elapsed=03:07:54 | ETA=16:56:35 | estimated_finish=2026-06-17 17:55:12
Epoch 157/1000 finished | loss=0.433302 | dice_loss=0.420897 | bce=0.010586 | mse=0.001818 | lr=8.57521e-05 | epoch_time=00:01:06 | elapsed=03:09:00 | ETA=16:54:54 | estimated_finish=2026-06-17 17:54:37
Epoch 158/1000 finished | loss=0.494961 | dice_loss=0.482581 | bce=0.010602 | mse=0.001778 | lr=8.56606e-05 | epoch_time=00:01:04 | elapsed=03:10:05 | ETA=16:52:59 | estimated_finish=2026-06-17 17:53:47
Epoch 159/1000 finished | loss=0.465384 | dice_loss=0.454879 | bce=0.009013 | mse=0.001492 | lr=8.5569e-05 | epoch_time=00:01:04 | elapsed=03:11:09 | ETA=16:51:08 | estimated_finish=2026-06-17 17:53:01
Epoch 160/1000 finished | loss=0.487272 | dice_loss=0.474971 | bce=0.010515 | mse=0.001786 | lr=8.54774e-05 | epoch_time=00:01:09 | elapsed=03:12:19 | ETA=16:49:40 | estimated_finish=2026-06-17 17:52:43
Quick validation epoch=160 | pseudo_dice=0.219764 | val_time=00:00:06
Epoch 161/1000 finished | loss=0.460235 | dice_loss=0.447927 | bce=0.010489 | mse=0.001820 | lr=8.53858e-05 | epoch_time=00:01:04 | elapsed=03:13:30 | ETA=16:48:24 | estimated_finish=2026-06-17 17:52:37
Epoch 162/1000 finished | loss=0.471934 | dice_loss=0.456504 | bce=0.013246 | mse=0.002183 | lr=8.52942e-05 | epoch_time=00:01:06 | elapsed=03:14:37 | ETA=16:46:43 | estimated_finish=2026-06-17 17:52:03
Epoch 163/1000 finished | loss=0.412806 | dice_loss=0.398145 | bce=0.012566 | mse=0.002095 | lr=8.52026e-05 | epoch_time=00:01:07 | elapsed=03:15:44 | ETA=16:45:10 | estimated_finish=2026-06-17 17:51:38
Epoch 164/1000 finished | loss=0.451431 | dice_loss=0.438727 | bce=0.010834 | mse=0.001870 | lr=8.5111e-05 | epoch_time=00:01:05 | elapsed=03:16:50 | ETA=16:43:26 | estimated_finish=2026-06-17 17:50:59
Epoch 165/1000 finished | loss=0.486543 | dice_loss=0.472733 | bce=0.011933 | mse=0.001876 | lr=8.50194e-05 | epoch_time=00:01:04 | elapsed=03:17:55 | ETA=16:41:39 | estimated_finish=2026-06-17 17:50:17
Quick validation epoch=165 | pseudo_dice=0.198468 | val_time=00:00:06
Epoch 166/1000 finished | loss=0.458040 | dice_loss=0.442447 | bce=0.013557 | mse=0.002036 | lr=8.49277e-05 | epoch_time=00:01:06 | elapsed=03:19:09 | ETA=16:40:33 | estimated_finish=2026-06-17 17:50:25
Epoch 167/1000 finished | loss=0.466287 | dice_loss=0.449191 | bce=0.014773 | mse=0.002323 | lr=8.48361e-05 | epoch_time=00:01:04 | elapsed=03:20:13 | ETA=16:38:45 | estimated_finish=2026-06-17 17:49:42
Epoch 168/1000 finished | loss=0.453372 | dice_loss=0.442260 | bce=0.009505 | mse=0.001607 | lr=8.47444e-05 | epoch_time=00:01:06 | elapsed=03:21:20 | ETA=16:37:09 | estimated_finish=2026-06-17 17:49:13
Epoch 169/1000 finished | loss=0.446257 | dice_loss=0.433031 | bce=0.011323 | mse=0.001904 | lr=8.46527e-05 | epoch_time=00:01:04 | elapsed=03:22:25 | ETA=16:35:19 | estimated_finish=2026-06-17 17:48:28
Epoch 170/1000 finished | loss=0.408177 | dice_loss=0.390407 | bce=0.015469 | mse=0.002302 | lr=8.4561e-05 | epoch_time=00:01:05 | elapsed=03:23:31 | ETA=16:33:39 | estimated_finish=2026-06-17 17:47:53
Quick validation epoch=170 | pseudo_dice=0.297158 | val_time=00:00:06
Epoch 171/1000 finished | loss=0.415079 | dice_loss=0.402756 | bce=0.010538 | mse=0.001785 | lr=8.44693e-05 | epoch_time=00:01:04 | elapsed=03:24:43 | ETA=16:32:27 | estimated_finish=2026-06-17 17:47:53
Epoch 172/1000 finished | loss=0.451501 | dice_loss=0.438317 | bce=0.011319 | mse=0.001865 | lr=8.43776e-05 | epoch_time=00:01:06 | elapsed=03:25:50 | ETA=16:30:53 | estimated_finish=2026-06-17 17:47:26
Epoch 173/1000 finished | loss=0.449156 | dice_loss=0.436280 | bce=0.011049 | mse=0.001827 | lr=8.42859e-05 | epoch_time=00:01:04 | elapsed=03:26:55 | ETA=16:29:08 | estimated_finish=2026-06-17 17:46:46
Epoch 174/1000 finished | loss=0.464301 | dice_loss=0.450188 | bce=0.012138 | mse=0.001975 | lr=8.41942e-05 | epoch_time=00:01:04 | elapsed=03:28:00 | ETA=16:27:24 | estimated_finish=2026-06-17 17:46:07
Epoch 175/1000 finished | loss=0.416198 | dice_loss=0.400681 | bce=0.013341 | mse=0.002176 | lr=8.41024e-05 | epoch_time=00:01:04 | elapsed=03:29:04 | ETA=16:25:37 | estimated_finish=2026-06-17 17:45:24
Quick validation epoch=175 | pseudo_dice=0.237879 | val_time=00:00:06
Epoch 176/1000 finished | loss=0.428127 | dice_loss=0.414703 | bce=0.011524 | mse=0.001899 | lr=8.40107e-05 | epoch_time=00:01:06 | elapsed=03:30:17 | ETA=16:24:32 | estimated_finish=2026-06-17 17:45:32
Epoch 177/1000 finished | loss=0.474081 | dice_loss=0.464340 | bce=0.008295 | mse=0.001446 | lr=8.39189e-05 | epoch_time=00:01:07 | elapsed=03:31:24 | ETA=16:22:59 | estimated_finish=2026-06-17 17:45:06
Epoch 178/1000 finished | loss=0.467596 | dice_loss=0.452282 | bce=0.013262 | mse=0.002052 | lr=8.38271e-05 | epoch_time=00:01:05 | elapsed=03:32:30 | ETA=16:21:20 | estimated_finish=2026-06-17 17:44:33
Epoch 179/1000 finished | loss=0.407095 | dice_loss=0.396014 | bce=0.009430 | mse=0.001652 | lr=8.37354e-05 | epoch_time=00:01:05 | elapsed=03:33:35 | ETA=16:19:40 | estimated_finish=2026-06-17 17:43:58
Epoch 180/1000 finished | loss=0.412692 | dice_loss=0.398820 | bce=0.012012 | mse=0.001860 | lr=8.36436e-05 | epoch_time=00:01:03 | elapsed=03:34:39 | ETA=16:17:54 | estimated_finish=2026-06-17 17:43:17
Quick validation epoch=180 | pseudo_dice=0.161987 | val_time=00:00:06
Epoch 181/1000 finished | loss=0.444603 | dice_loss=0.430701 | bce=0.011945 | mse=0.001957 | lr=8.35517e-05 | epoch_time=00:01:05 | elapsed=03:35:52 | ETA=16:16:46 | estimated_finish=2026-06-17 17:43:20
Epoch 182/1000 finished | loss=0.460599 | dice_loss=0.444495 | bce=0.013793 | mse=0.002311 | lr=8.34599e-05 | epoch_time=00:01:05 | elapsed=03:36:57 | ETA=16:15:07 | estimated_finish=2026-06-17 17:42:48
Epoch 183/1000 finished | loss=0.482933 | dice_loss=0.472186 | bce=0.009163 | mse=0.001584 | lr=8.33681e-05 | epoch_time=00:01:04 | elapsed=03:38:02 | ETA=16:13:27 | estimated_finish=2026-06-17 17:42:13
Epoch 184/1000 finished | loss=0.453441 | dice_loss=0.442498 | bce=0.009361 | mse=0.001582 | lr=8.32762e-05 | epoch_time=00:01:05 | elapsed=03:39:08 | ETA=16:11:52 | estimated_finish=2026-06-17 17:41:43
Epoch 185/1000 finished | loss=0.401639 | dice_loss=0.385805 | bce=0.013552 | mse=0.002282 | lr=8.31844e-05 | epoch_time=00:01:06 | elapsed=03:40:15 | ETA=16:10:20 | estimated_finish=2026-06-17 17:41:19
Quick validation epoch=185 | pseudo_dice=0.215268 | val_time=00:00:06
Epoch 186/1000 finished | loss=0.415123 | dice_loss=0.403846 | bce=0.009632 | mse=0.001646 | lr=8.30925e-05 | epoch_time=00:01:06 | elapsed=03:41:29 | ETA=16:09:17 | estimated_finish=2026-06-17 17:41:29
Epoch 187/1000 finished | loss=0.462472 | dice_loss=0.446025 | bce=0.014130 | mse=0.002317 | lr=8.30006e-05 | epoch_time=00:01:03 | elapsed=03:42:32 | ETA=16:07:32 | estimated_finish=2026-06-17 17:40:47
Epoch 188/1000 finished | loss=0.518257 | dice_loss=0.505905 | bce=0.010549 | mse=0.001803 | lr=8.29088e-05 | epoch_time=00:01:05 | elapsed=03:43:38 | ETA=16:05:54 | estimated_finish=2026-06-17 17:40:15
Epoch 189/1000 finished | loss=0.440137 | dice_loss=0.424917 | bce=0.012997 | mse=0.002223 | lr=8.28169e-05 | epoch_time=00:01:05 | elapsed=03:44:43 | ETA=16:04:19 | estimated_finish=2026-06-17 17:39:45
Epoch 190/1000 finished | loss=0.435270 | dice_loss=0.422991 | bce=0.010402 | mse=0.001877 | lr=8.2725e-05 | epoch_time=00:01:04 | elapsed=03:45:48 | ETA=16:02:40 | estimated_finish=2026-06-17 17:39:11
Quick validation epoch=190 | pseudo_dice=0.142778 | val_time=00:00:06
Epoch 191/1000 finished | loss=0.413668 | dice_loss=0.400995 | bce=0.010865 | mse=0.001808 | lr=8.2633e-05 | epoch_time=00:01:05 | elapsed=03:47:00 | ETA=16:01:32 | estimated_finish=2026-06-17 17:39:16
Epoch 192/1000 finished | loss=0.425579 | dice_loss=0.413637 | bce=0.010331 | mse=0.001610 | lr=8.25411e-05 | epoch_time=00:01:04 | elapsed=03:48:05 | ETA=15:59:53 | estimated_finish=2026-06-17 17:38:41
Epoch 193/1000 finished | loss=0.445711 | dice_loss=0.429078 | bce=0.014372 | mse=0.002261 | lr=8.24491e-05 | epoch_time=00:01:05 | elapsed=03:49:10 | ETA=15:58:16 | estimated_finish=2026-06-17 17:38:10
Epoch 194/1000 finished | loss=0.447111 | dice_loss=0.429246 | bce=0.015418 | mse=0.002448 | lr=8.23572e-05 | epoch_time=00:01:05 | elapsed=03:50:16 | ETA=15:56:42 | estimated_finish=2026-06-17 17:37:41
Epoch 195/1000 finished | loss=0.449450 | dice_loss=0.432784 | bce=0.014317 | mse=0.002348 | lr=8.22652e-05 | epoch_time=00:01:04 | elapsed=03:51:21 | ETA=15:55:04 | estimated_finish=2026-06-17 17:37:07
Quick validation epoch=195 | pseudo_dice=0.312903 | val_time=00:00:06
Epoch 196/1000 finished | loss=0.447894 | dice_loss=0.436546 | bce=0.009658 | mse=0.001690 | lr=8.21732e-05 | epoch_time=00:01:04 | elapsed=03:52:33 | ETA=15:53:56 | estimated_finish=2026-06-17 17:37:12
Epoch 197/1000 finished | loss=0.418785 | dice_loss=0.404729 | bce=0.012069 | mse=0.001987 | lr=8.20813e-05 | epoch_time=00:01:08 | elapsed=03:53:41 | ETA=15:52:33 | estimated_finish=2026-06-17 17:36:58
Epoch 198/1000 finished | loss=0.448388 | dice_loss=0.437919 | bce=0.008952 | mse=0.001517 | lr=8.19893e-05 | epoch_time=00:01:09 | elapsed=03:54:50 | ETA=15:51:15 | estimated_finish=2026-06-17 17:36:49
Epoch 199/1000 finished | loss=0.481127 | dice_loss=0.472576 | bce=0.007266 | mse=0.001285 | lr=8.18972e-05 | epoch_time=00:01:08 | elapsed=03:55:59 | ETA=15:49:54 | estimated_finish=2026-06-17 17:36:36
Epoch 200/1000 finished | loss=0.481489 | dice_loss=0.470547 | bce=0.009261 | mse=0.001680 | lr=8.18052e-05 | epoch_time=00:01:04 | elapsed=03:57:04 | ETA=15:48:18 | estimated_finish=2026-06-17 17:36:05
Quick validation epoch=200 | pseudo_dice=0.303835 | val_time=00:00:08
Full validation epoch=200 | mean_dice=0.116317 | val_time=00:12:25
Epoch 201/1000 finished | loss=0.466094 | dice_loss=0.455223 | bce=0.009298 | mse=0.001574 | lr=8.17132e-05 | epoch_time=00:01:06 | elapsed=04:10:45 | ETA=16:36:48 | estimated_finish=2026-06-17 18:38:17
Epoch 202/1000 finished | loss=0.444490 | dice_loss=0.431142 | bce=0.011441 | mse=0.001906 | lr=8.16211e-05 | epoch_time=00:01:05 | elapsed=04:11:51 | ETA=16:34:57 | estimated_finish=2026-06-17 18:37:32
Epoch 203/1000 finished | loss=0.446556 | dice_loss=0.431985 | bce=0.012543 | mse=0.002028 | lr=8.15291e-05 | epoch_time=00:01:07 | elapsed=04:12:59 | ETA=16:33:16 | estimated_finish=2026-06-17 18:36:58
Epoch 204/1000 finished | loss=0.490506 | dice_loss=0.479147 | bce=0.009779 | mse=0.001580 | lr=8.1437e-05 | epoch_time=00:01:06 | elapsed=04:14:06 | ETA=16:31:29 | estimated_finish=2026-06-17 18:36:18
Epoch 205/1000 finished | loss=0.388139 | dice_loss=0.376129 | bce=0.010256 | mse=0.001754 | lr=8.13449e-05 | epoch_time=00:01:06 | elapsed=04:15:13 | ETA=16:29:44 | estimated_finish=2026-06-17 18:35:40
Quick validation epoch=205 | pseudo_dice=0.358106 | val_time=00:00:06
Epoch 206/1000 finished | loss=0.424808 | dice_loss=0.411835 | bce=0.011183 | mse=0.001790 | lr=8.12528e-05 | epoch_time=00:01:05 | elapsed=04:16:25 | ETA=16:28:20 | estimated_finish=2026-06-17 18:35:28
Epoch 207/1000 finished | loss=0.464459 | dice_loss=0.450595 | bce=0.011901 | mse=0.001963 | lr=8.11607e-05 | epoch_time=00:01:04 | elapsed=04:17:30 | ETA=16:26:28 | estimated_finish=2026-06-17 18:34:41
Epoch 208/1000 finished | loss=0.484209 | dice_loss=0.472107 | bce=0.010333 | mse=0.001769 | lr=8.10686e-05 | epoch_time=00:01:06 | elapsed=04:18:36 | ETA=16:24:43 | estimated_finish=2026-06-17 18:34:03
Epoch 209/1000 finished | loss=0.480964 | dice_loss=0.467580 | bce=0.011544 | mse=0.001840 | lr=8.09765e-05 | epoch_time=00:01:05 | elapsed=04:19:42 | ETA=16:22:56 | estimated_finish=2026-06-17 18:33:21
Epoch 210/1000 finished | loss=0.465885 | dice_loss=0.451571 | bce=0.012335 | mse=0.001980 | lr=8.08843e-05 | epoch_time=00:01:04 | elapsed=04:20:48 | ETA=16:21:06 | estimated_finish=2026-06-17 18:32:37
Quick validation epoch=210 | pseudo_dice=0.290774 | val_time=00:00:06
Epoch 211/1000 finished | loss=0.438182 | dice_loss=0.421310 | bce=0.014416 | mse=0.002457 | lr=8.07922e-05 | epoch_time=00:01:04 | elapsed=04:21:59 | ETA=16:19:42 | estimated_finish=2026-06-17 18:32:24
Epoch 212/1000 finished | loss=0.484135 | dice_loss=0.474481 | bce=0.008258 | mse=0.001396 | lr=8.07e-05 | epoch_time=00:01:04 | elapsed=04:23:04 | ETA=16:17:50 | estimated_finish=2026-06-17 18:31:37
Epoch 213/1000 finished | loss=0.409293 | dice_loss=0.398740 | bce=0.009028 | mse=0.001526 | lr=8.06078e-05 | epoch_time=00:01:06 | elapsed=04:24:10 | ETA=16:16:05 | estimated_finish=2026-06-17 18:30:59
Epoch 214/1000 finished | loss=0.484173 | dice_loss=0.472178 | bce=0.010226 | mse=0.001769 | lr=8.05156e-05 | epoch_time=00:01:06 | elapsed=04:25:17 | ETA=16:14:22 | estimated_finish=2026-06-17 18:30:22
Epoch 215/1000 finished | loss=0.439840 | dice_loss=0.426259 | bce=0.011679 | mse=0.001902 | lr=8.04234e-05 | epoch_time=00:01:03 | elapsed=04:26:21 | ETA=16:12:29 | estimated_finish=2026-06-17 18:29:33
Quick validation epoch=215 | pseudo_dice=0.255542 | val_time=00:00:06
Epoch 216/1000 finished | loss=0.473344 | dice_loss=0.461343 | bce=0.010254 | mse=0.001746 | lr=8.03312e-05 | epoch_time=00:01:05 | elapsed=04:27:33 | ETA=16:11:09 | estimated_finish=2026-06-17 18:29:25
Epoch 217/1000 finished | loss=0.417176 | dice_loss=0.404110 | bce=0.011242 | mse=0.001823 | lr=8.0239e-05 | epoch_time=00:01:07 | elapsed=04:28:41 | ETA=16:09:32 | estimated_finish=2026-06-17 18:28:57
Epoch 218/1000 finished | loss=0.483992 | dice_loss=0.471753 | bce=0.010442 | mse=0.001798 | lr=8.01468e-05 | epoch_time=00:01:06 | elapsed=04:29:48 | ETA=16:07:50 | estimated_finish=2026-06-17 18:28:21
Epoch 219/1000 finished | loss=0.444861 | dice_loss=0.428480 | bce=0.014091 | mse=0.002289 | lr=8.00545e-05 | epoch_time=00:01:06 | elapsed=04:30:54 | ETA=16:06:08 | estimated_finish=2026-06-17 18:27:45
Epoch 220/1000 finished | loss=0.449833 | dice_loss=0.433312 | bce=0.014177 | mse=0.002344 | lr=7.99623e-05 | epoch_time=00:01:05 | elapsed=04:32:00 | ETA=16:04:24 | estimated_finish=2026-06-17 18:27:07
Quick validation epoch=220 | pseudo_dice=0.419832 | val_time=00:00:06
Epoch 221/1000 finished | loss=0.463215 | dice_loss=0.451449 | bce=0.010029 | mse=0.001737 | lr=7.987e-05 | epoch_time=00:01:07 | elapsed=04:33:15 | ETA=16:03:12 | estimated_finish=2026-06-17 18:27:11
Epoch 222/1000 finished | loss=0.469048 | dice_loss=0.455649 | bce=0.011390 | mse=0.002009 | lr=7.97777e-05 | epoch_time=00:01:06 | elapsed=04:34:22 | ETA=16:01:34 | estimated_finish=2026-06-17 18:26:39
Epoch 223/1000 finished | loss=0.488173 | dice_loss=0.476644 | bce=0.009887 | mse=0.001642 | lr=7.96854e-05 | epoch_time=00:01:04 | elapsed=04:35:27 | ETA=15:59:45 | estimated_finish=2026-06-17 18:25:55
Epoch 224/1000 finished | loss=0.417513 | dice_loss=0.406764 | bce=0.009144 | mse=0.001605 | lr=7.95931e-05 | epoch_time=00:01:06 | elapsed=04:36:33 | ETA=15:58:04 | estimated_finish=2026-06-17 18:25:21
Epoch 225/1000 finished | loss=0.474301 | dice_loss=0.462548 | bce=0.010105 | mse=0.001648 | lr=7.95008e-05 | epoch_time=00:01:07 | elapsed=04:37:41 | ETA=15:56:29 | estimated_finish=2026-06-17 18:24:53
Quick validation epoch=225 | pseudo_dice=0.182606 | val_time=00:00:06
Epoch 226/1000 finished | loss=0.390519 | dice_loss=0.379969 | bce=0.009024 | mse=0.001525 | lr=7.94085e-05 | epoch_time=00:01:06 | elapsed=04:38:54 | ETA=15:55:12 | estimated_finish=2026-06-17 18:24:49
Epoch 227/1000 finished | loss=0.414457 | dice_loss=0.400747 | bce=0.011710 | mse=0.002000 | lr=7.93161e-05 | epoch_time=00:01:04 | elapsed=04:39:59 | ETA=15:53:25 | estimated_finish=2026-06-17 18:24:07
Epoch 228/1000 finished | loss=0.389586 | dice_loss=0.377899 | bce=0.010050 | mse=0.001637 | lr=7.92238e-05 | epoch_time=00:01:05 | elapsed=04:41:04 | ETA=15:51:42 | estimated_finish=2026-06-17 18:23:29
Epoch 229/1000 finished | loss=0.454055 | dice_loss=0.442282 | bce=0.010153 | mse=0.001619 | lr=7.91314e-05 | epoch_time=00:01:03 | elapsed=04:42:07 | ETA=15:49:53 | estimated_finish=2026-06-17 18:22:44
Epoch 230/1000 finished | loss=0.451210 | dice_loss=0.439551 | bce=0.009901 | mse=0.001759 | lr=7.9039e-05 | epoch_time=00:01:06 | elapsed=04:43:14 | ETA=15:48:14 | estimated_finish=2026-06-17 18:22:11
Quick validation epoch=230 | pseudo_dice=0.165513 | val_time=00:00:07
Epoch 231/1000 finished | loss=0.473947 | dice_loss=0.464713 | bce=0.007879 | mse=0.001354 | lr=7.89466e-05 | epoch_time=00:01:05 | elapsed=04:44:27 | ETA=15:46:58 | estimated_finish=2026-06-17 18:22:08
Epoch 232/1000 finished | loss=0.416439 | dice_loss=0.404590 | bce=0.010134 | mse=0.001715 | lr=7.88542e-05 | epoch_time=00:01:04 | elapsed=04:45:32 | ETA=15:45:14 | estimated_finish=2026-06-17 18:21:30
Epoch 233/1000 finished | loss=0.410704 | dice_loss=0.399077 | bce=0.009864 | mse=0.001764 | lr=7.87618e-05 | epoch_time=00:01:04 | elapsed=04:46:37 | ETA=15:43:32 | estimated_finish=2026-06-17 18:20:52
Epoch 234/1000 finished | loss=0.447785 | dice_loss=0.433953 | bce=0.011887 | mse=0.001945 | lr=7.86694e-05 | epoch_time=00:01:03 | elapsed=04:47:41 | ETA=15:41:44 | estimated_finish=2026-06-17 18:20:08
Epoch 235/1000 finished | loss=0.465132 | dice_loss=0.453609 | bce=0.009924 | mse=0.001599 | lr=7.8577e-05 | epoch_time=00:01:05 | elapsed=04:48:47 | ETA=15:40:05 | estimated_finish=2026-06-17 18:19:35
Quick validation epoch=235 | pseudo_dice=0.307767 | val_time=00:00:07
Epoch 236/1000 finished | loss=0.470386 | dice_loss=0.457451 | bce=0.011063 | mse=0.001872 | lr=7.84845e-05 | epoch_time=00:01:06 | elapsed=04:50:00 | ETA=15:38:51 | estimated_finish=2026-06-17 18:19:34
Epoch 237/1000 finished | loss=0.397213 | dice_loss=0.384506 | bce=0.010863 | mse=0.001844 | lr=7.83921e-05 | epoch_time=00:01:05 | elapsed=04:51:06 | ETA=15:37:12 | estimated_finish=2026-06-17 18:19:02
Epoch 238/1000 finished | loss=0.434688 | dice_loss=0.424272 | bce=0.008899 | mse=0.001517 | lr=7.82996e-05 | epoch_time=00:01:06 | elapsed=04:52:13 | ETA=15:35:37 | estimated_finish=2026-06-17 18:18:33
Epoch 239/1000 finished | loss=0.458941 | dice_loss=0.447415 | bce=0.009786 | mse=0.001739 | lr=7.82071e-05 | epoch_time=00:01:06 | elapsed=04:53:20 | ETA=15:34:01 | estimated_finish=2026-06-17 18:18:04
Epoch 240/1000 finished | loss=0.399993 | dice_loss=0.387268 | bce=0.010957 | mse=0.001767 | lr=7.81146e-05 | epoch_time=00:01:06 | elapsed=04:54:26 | ETA=15:32:25 | estimated_finish=2026-06-17 18:17:35
Quick validation epoch=240 | pseudo_dice=0.259485 | val_time=00:00:06
Epoch 241/1000 finished | loss=0.437269 | dice_loss=0.425264 | bce=0.010182 | mse=0.001822 | lr=7.80221e-05 | epoch_time=00:01:07 | elapsed=04:55:41 | ETA=15:31:13 | estimated_finish=2026-06-17 18:17:37
Epoch 242/1000 finished | loss=0.402871 | dice_loss=0.390127 | bce=0.010814 | mse=0.001930 | lr=7.79296e-05 | epoch_time=00:01:05 | elapsed=04:56:47 | ETA=15:29:36 | estimated_finish=2026-06-17 18:17:06
Epoch 243/1000 finished | loss=0.464574 | dice_loss=0.453507 | bce=0.009480 | mse=0.001587 | lr=7.7837e-05 | epoch_time=00:01:04 | elapsed=04:57:52 | ETA=15:27:56 | estimated_finish=2026-06-17 18:16:31
Epoch 244/1000 finished | loss=0.444436 | dice_loss=0.428122 | bce=0.014036 | mse=0.002279 | lr=7.77445e-05 | epoch_time=00:01:03 | elapsed=04:58:55 | ETA=15:26:11 | estimated_finish=2026-06-17 18:15:49
Epoch 245/1000 finished | loss=0.442557 | dice_loss=0.430564 | bce=0.010291 | mse=0.001702 | lr=7.76519e-05 | epoch_time=00:01:03 | elapsed=04:59:59 | ETA=15:24:28 | estimated_finish=2026-06-17 18:15:10
Quick validation epoch=245 | pseudo_dice=0.251727 | val_time=00:00:06
Epoch 246/1000 finished | loss=0.450371 | dice_loss=0.439629 | bce=0.009153 | mse=0.001589 | lr=7.75594e-05 | epoch_time=00:01:07 | elapsed=05:01:14 | ETA=15:23:17 | estimated_finish=2026-06-17 18:15:14
Epoch 247/1000 finished | loss=0.452752 | dice_loss=0.436587 | bce=0.013873 | mse=0.002292 | lr=7.74668e-05 | epoch_time=00:01:05 | elapsed=05:02:19 | ETA=15:21:39 | estimated_finish=2026-06-17 18:14:41
Epoch 248/1000 finished | loss=0.465728 | dice_loss=0.452426 | bce=0.011353 | mse=0.001949 | lr=7.73742e-05 | epoch_time=00:01:05 | elapsed=05:03:25 | ETA=15:20:04 | estimated_finish=2026-06-17 18:14:12
Epoch 249/1000 finished | loss=0.513261 | dice_loss=0.500359 | bce=0.011125 | mse=0.001778 | lr=7.72816e-05 | epoch_time=00:01:04 | elapsed=05:04:30 | ETA=15:18:24 | estimated_finish=2026-06-17 18:13:38
Epoch 250/1000 finished | loss=0.421761 | dice_loss=0.409119 | bce=0.010928 | mse=0.001714 | lr=7.7189e-05 | epoch_time=00:01:05 | elapsed=05:05:36 | ETA=15:16:49 | estimated_finish=2026-06-17 18:13:08
Quick validation epoch=250 | pseudo_dice=0.365193 | val_time=00:00:06
Epoch 251/1000 finished | loss=0.471967 | dice_loss=0.462201 | bce=0.008401 | mse=0.001365 | lr=7.70963e-05 | epoch_time=00:01:06 | elapsed=05:06:49 | ETA=15:15:35 | estimated_finish=2026-06-17 18:13:08
Epoch 252/1000 finished | loss=0.396829 | dice_loss=0.386927 | bce=0.008443 | mse=0.001459 | lr=7.70037e-05 | epoch_time=00:01:05 | elapsed=05:07:55 | ETA=15:13:59 | estimated_finish=2026-06-17 18:12:37
Epoch 253/1000 finished | loss=0.470985 | dice_loss=0.459753 | bce=0.009627 | mse=0.001604 | lr=7.6911e-05 | epoch_time=00:01:04 | elapsed=05:09:00 | ETA=15:12:20 | estimated_finish=2026-06-17 18:12:03
Epoch 254/1000 finished | loss=0.420277 | dice_loss=0.405907 | bce=0.012357 | mse=0.002014 | lr=7.68183e-05 | epoch_time=00:01:05 | elapsed=05:10:05 | ETA=15:10:45 | estimated_finish=2026-06-17 18:11:34
Epoch 255/1000 finished | loss=0.418900 | dice_loss=0.408841 | bce=0.008597 | mse=0.001462 | lr=7.67257e-05 | epoch_time=00:01:06 | elapsed=05:11:12 | ETA=15:09:14 | estimated_finish=2026-06-17 18:11:09
Quick validation epoch=255 | pseudo_dice=0.227743 | val_time=00:00:06
Epoch 256/1000 finished | loss=0.450427 | dice_loss=0.439648 | bce=0.009279 | mse=0.001501 | lr=7.6633e-05 | epoch_time=00:01:06 | elapsed=05:12:26 | ETA=15:08:01 | estimated_finish=2026-06-17 18:11:10
Epoch 257/1000 finished | loss=0.445429 | dice_loss=0.434283 | bce=0.009517 | mse=0.001629 | lr=7.65403e-05 | epoch_time=00:01:05 | elapsed=05:13:31 | ETA=15:06:25 | estimated_finish=2026-06-17 18:10:39
Epoch 258/1000 finished | loss=0.436196 | dice_loss=0.422740 | bce=0.011427 | mse=0.002029 | lr=7.64475e-05 | epoch_time=00:01:05 | elapsed=05:14:37 | ETA=15:04:50 | estimated_finish=2026-06-17 18:10:10
Epoch 259/1000 finished | loss=0.471870 | dice_loss=0.462478 | bce=0.007969 | mse=0.001423 | lr=7.63548e-05 | epoch_time=00:01:06 | elapsed=05:15:44 | ETA=15:03:19 | estimated_finish=2026-06-17 18:09:46
Epoch 260/1000 finished | loss=0.430263 | dice_loss=0.416881 | bce=0.011457 | mse=0.001925 | lr=7.62621e-05 | epoch_time=00:01:04 | elapsed=05:16:49 | ETA=15:01:43 | estimated_finish=2026-06-17 18:09:15
Quick validation epoch=260 | pseudo_dice=0.286796 | val_time=00:00:06
Epoch 261/1000 finished | loss=0.404205 | dice_loss=0.392398 | bce=0.010080 | mse=0.001727 | lr=7.61693e-05 | epoch_time=00:01:05 | elapsed=05:18:01 | ETA=15:00:28 | estimated_finish=2026-06-17 18:09:13
Epoch 262/1000 finished | loss=0.449826 | dice_loss=0.439039 | bce=0.009231 | mse=0.001557 | lr=7.60765e-05 | epoch_time=00:01:06 | elapsed=05:19:08 | ETA=14:58:58 | estimated_finish=2026-06-17 18:08:50
Epoch 263/1000 finished | loss=0.426013 | dice_loss=0.415616 | bce=0.008844 | mse=0.001554 | lr=7.59838e-05 | epoch_time=00:01:03 | elapsed=05:20:12 | ETA=14:57:19 | estimated_finish=2026-06-17 18:08:15
Epoch 264/1000 finished | loss=0.475420 | dice_loss=0.461632 | bce=0.011776 | mse=0.002012 | lr=7.5891e-05 | epoch_time=00:01:04 | elapsed=05:21:17 | ETA=14:55:42 | estimated_finish=2026-06-17 18:07:42
Epoch 265/1000 finished | loss=0.416296 | dice_loss=0.402845 | bce=0.011525 | mse=0.001926 | lr=7.57981e-05 | epoch_time=00:01:05 | elapsed=05:22:23 | ETA=14:54:09 | estimated_finish=2026-06-17 18:07:15
Quick validation epoch=265 | pseudo_dice=0.168115 | val_time=00:00:06
Epoch 266/1000 finished | loss=0.461756 | dice_loss=0.448158 | bce=0.011512 | mse=0.002086 | lr=7.57053e-05 | epoch_time=00:01:06 | elapsed=05:23:36 | ETA=14:52:57 | estimated_finish=2026-06-17 18:07:17
Epoch 267/1000 finished | loss=0.433773 | dice_loss=0.421549 | bce=0.010452 | mse=0.001771 | lr=7.56125e-05 | epoch_time=00:01:05 | elapsed=05:24:42 | ETA=14:51:24 | estimated_finish=2026-06-17 18:06:49
Epoch 268/1000 finished | loss=0.500907 | dice_loss=0.489239 | bce=0.009916 | mse=0.001752 | lr=7.55197e-05 | epoch_time=00:01:05 | elapsed=05:25:47 | ETA=14:49:50 | estimated_finish=2026-06-17 18:06:20
Epoch 269/1000 finished | loss=0.468825 | dice_loss=0.455072 | bce=0.011737 | mse=0.002015 | lr=7.54268e-05 | epoch_time=00:01:05 | elapsed=05:26:53 | ETA=14:48:18 | estimated_finish=2026-06-17 18:05:54
Epoch 270/1000 finished | loss=0.412202 | dice_loss=0.397577 | bce=0.012542 | mse=0.002083 | lr=7.53339e-05 | epoch_time=00:01:08 | elapsed=05:28:02 | ETA=14:46:55 | estimated_finish=2026-06-17 18:05:40
Quick validation epoch=270 | pseudo_dice=0.277022 | val_time=00:00:06
Epoch 271/1000 finished | loss=0.452282 | dice_loss=0.441408 | bce=0.009290 | mse=0.001584 | lr=7.5241e-05 | epoch_time=00:01:06 | elapsed=05:29:15 | ETA=14:45:43 | estimated_finish=2026-06-17 18:05:41
Epoch 272/1000 finished | loss=0.445060 | dice_loss=0.433461 | bce=0.009913 | mse=0.001686 | lr=7.51481e-05 | epoch_time=00:01:07 | elapsed=05:30:22 | ETA=14:44:15 | estimated_finish=2026-06-17 18:05:21
Epoch 273/1000 finished | loss=0.440124 | dice_loss=0.427851 | bce=0.010471 | mse=0.001802 | lr=7.50552e-05 | epoch_time=00:01:05 | elapsed=05:31:28 | ETA=14:42:42 | estimated_finish=2026-06-17 18:04:53
Epoch 274/1000 finished | loss=0.448291 | dice_loss=0.438964 | bce=0.007953 | mse=0.001374 | lr=7.49623e-05 | epoch_time=00:01:03 | elapsed=05:32:32 | ETA=14:41:06 | estimated_finish=2026-06-17 18:04:21
Epoch 275/1000 finished | loss=0.438113 | dice_loss=0.423390 | bce=0.012698 | mse=0.002025 | lr=7.48694e-05 | epoch_time=00:01:04 | elapsed=05:33:37 | ETA=14:39:32 | estimated_finish=2026-06-17 18:03:52
Quick validation epoch=275 | pseudo_dice=0.177950 | val_time=00:00:06
Epoch 276/1000 finished | loss=0.361283 | dice_loss=0.348614 | bce=0.010769 | mse=0.001899 | lr=7.47764e-05 | epoch_time=00:01:03 | elapsed=05:34:47 | ETA=14:38:14 | estimated_finish=2026-06-17 18:03:45
Epoch 277/1000 finished | loss=0.495585 | dice_loss=0.483557 | bce=0.010278 | mse=0.001750 | lr=7.46835e-05 | epoch_time=00:01:04 | elapsed=05:35:52 | ETA=14:36:40 | estimated_finish=2026-06-17 18:03:15
Epoch 278/1000 finished | loss=0.461102 | dice_loss=0.450658 | bce=0.008883 | mse=0.001561 | lr=7.45905e-05 | epoch_time=00:01:07 | elapsed=05:37:00 | ETA=14:35:14 | estimated_finish=2026-06-17 18:02:57
Epoch 279/1000 finished | loss=0.450448 | dice_loss=0.440167 | bce=0.008821 | mse=0.001460 | lr=7.44975e-05 | epoch_time=00:01:07 | elapsed=05:38:08 | ETA=14:33:49 | estimated_finish=2026-06-17 18:02:40
Epoch 280/1000 finished | loss=0.494651 | dice_loss=0.485981 | bce=0.007403 | mse=0.001267 | lr=7.44045e-05 | epoch_time=00:01:05 | elapsed=05:39:14 | ETA=14:32:19 | estimated_finish=2026-06-17 18:02:16
Quick validation epoch=280 | pseudo_dice=0.433806 | val_time=00:00:06
Epoch 281/1000 finished | loss=0.482764 | dice_loss=0.468334 | bce=0.012411 | mse=0.002020 | lr=7.43115e-05 | epoch_time=00:01:05 | elapsed=05:40:26 | ETA=14:31:06 | estimated_finish=2026-06-17 18:02:16
Epoch 282/1000 finished | loss=0.437409 | dice_loss=0.423023 | bce=0.012424 | mse=0.001961 | lr=7.42185e-05 | epoch_time=00:01:06 | elapsed=05:41:33 | ETA=14:29:38 | estimated_finish=2026-06-17 18:01:55
Epoch 283/1000 finished | loss=0.407248 | dice_loss=0.396264 | bce=0.009387 | mse=0.001598 | lr=7.41254e-05 | epoch_time=00:01:07 | elapsed=05:42:41 | ETA=14:28:14 | estimated_finish=2026-06-17 18:01:38
Epoch 284/1000 finished | loss=0.415903 | dice_loss=0.399024 | bce=0.014549 | mse=0.002330 | lr=7.40324e-05 | epoch_time=00:01:03 | elapsed=05:43:45 | ETA=14:26:40 | estimated_finish=2026-06-17 18:01:08
Epoch 285/1000 finished | loss=0.523447 | dice_loss=0.510406 | bce=0.011147 | mse=0.001894 | lr=7.39393e-05 | epoch_time=00:01:06 | elapsed=05:44:52 | ETA=14:25:13 | estimated_finish=2026-06-17 18:00:49
Quick validation epoch=285 | pseudo_dice=0.182531 | val_time=00:00:06
Epoch 286/1000 finished | loss=0.469518 | dice_loss=0.459645 | bce=0.008464 | mse=0.001409 | lr=7.38462e-05 | epoch_time=00:01:05 | elapsed=05:46:05 | ETA=14:24:00 | estimated_finish=2026-06-17 18:00:48
Epoch 287/1000 finished | loss=0.398190 | dice_loss=0.386344 | bce=0.010098 | mse=0.001748 | lr=7.37532e-05 | epoch_time=00:01:05 | elapsed=05:47:10 | ETA=14:22:29 | estimated_finish=2026-06-17 18:00:23
Epoch 288/1000 finished | loss=0.452966 | dice_loss=0.440201 | bce=0.010966 | mse=0.001799 | lr=7.366e-05 | epoch_time=00:01:04 | elapsed=05:48:15 | ETA=14:20:59 | estimated_finish=2026-06-17 17:59:57
Epoch 289/1000 finished | loss=0.437006 | dice_loss=0.424916 | bce=0.010373 | mse=0.001717 | lr=7.35669e-05 | epoch_time=00:01:06 | elapsed=05:49:22 | ETA=14:19:32 | estimated_finish=2026-06-17 17:59:37
Epoch 290/1000 finished | loss=0.415769 | dice_loss=0.404013 | bce=0.010093 | mse=0.001664 | lr=7.34738e-05 | epoch_time=00:01:06 | elapsed=05:50:29 | ETA=14:18:06 | estimated_finish=2026-06-17 17:59:18
Quick validation epoch=290 | pseudo_dice=0.196847 | val_time=00:00:06
Epoch 291/1000 finished | loss=0.438261 | dice_loss=0.428468 | bce=0.008354 | mse=0.001439 | lr=7.33807e-05 | epoch_time=00:01:05 | elapsed=05:51:41 | ETA=14:16:53 | estimated_finish=2026-06-17 17:59:17
Epoch 292/1000 finished | loss=0.472079 | dice_loss=0.458014 | bce=0.012034 | mse=0.002031 | lr=7.32875e-05 | epoch_time=00:01:06 | elapsed=05:52:48 | ETA=14:15:26 | estimated_finish=2026-06-17 17:58:57
Epoch 293/1000 finished | loss=0.404259 | dice_loss=0.390031 | bce=0.012184 | mse=0.002044 | lr=7.31943e-05 | epoch_time=00:01:06 | elapsed=05:53:55 | ETA=14:14:00 | estimated_finish=2026-06-17 17:58:38
Epoch 294/1000 finished | loss=0.474615 | dice_loss=0.462242 | bce=0.010579 | mse=0.001794 | lr=7.31012e-05 | epoch_time=00:01:06 | elapsed=05:55:02 | ETA=14:12:33 | estimated_finish=2026-06-17 17:58:18
Epoch 295/1000 finished | loss=0.421972 | dice_loss=0.408808 | bce=0.011297 | mse=0.001867 | lr=7.3008e-05 | epoch_time=00:01:04 | elapsed=05:56:07 | ETA=14:11:03 | estimated_finish=2026-06-17 17:57:53
Quick validation epoch=295 | pseudo_dice=0.217261 | val_time=00:00:07
Epoch 296/1000 finished | loss=0.399455 | dice_loss=0.387565 | bce=0.010271 | mse=0.001619 | lr=7.29148e-05 | epoch_time=00:01:09 | elapsed=05:57:24 | ETA=14:10:02 | estimated_finish=2026-06-17 17:58:09
Epoch 297/1000 finished | loss=0.481097 | dice_loss=0.465574 | bce=0.013345 | mse=0.002178 | lr=7.28215e-05 | epoch_time=00:01:05 | elapsed=05:58:29 | ETA=14:08:33 | estimated_finish=2026-06-17 17:57:45
Epoch 298/1000 finished | loss=0.450063 | dice_loss=0.439145 | bce=0.009445 | mse=0.001473 | lr=7.27283e-05 | epoch_time=00:01:05 | elapsed=05:59:34 | ETA=14:07:04 | estimated_finish=2026-06-17 17:57:21
Epoch 299/1000 finished | loss=0.385600 | dice_loss=0.375499 | bce=0.008605 | mse=0.001496 | lr=7.2635e-05 | epoch_time=00:01:06 | elapsed=06:00:41 | ETA=14:05:37 | estimated_finish=2026-06-17 17:57:01
Epoch 300/1000 finished | loss=0.431331 | dice_loss=0.419178 | bce=0.010478 | mse=0.001675 | lr=7.25418e-05 | epoch_time=00:01:08 | elapsed=06:01:49 | ETA=14:04:16 | estimated_finish=2026-06-17 17:56:49
Quick validation epoch=300 | pseudo_dice=0.393772 | val_time=00:00:07
Full validation epoch=300 | mean_dice=0.174074 | val_time=00:12:16
New best full-validation model saved | dice=0.174074 | epoch=300
Epoch 301/1000 finished | loss=0.439463 | dice_loss=0.427594 | bce=0.010244 | mse=0.001626 | lr=7.24485e-05 | epoch_time=00:01:04 | elapsed=06:15:19 | ETA=14:31:35 | estimated_finish=2026-06-17 18:37:37
Epoch 302/1000 finished | loss=0.464945 | dice_loss=0.456272 | bce=0.007371 | mse=0.001302 | lr=7.23552e-05 | epoch_time=00:01:06 | elapsed=06:16:25 | ETA=14:30:01 | estimated_finish=2026-06-17 18:37:09
Epoch 303/1000 finished | loss=0.448660 | dice_loss=0.436830 | bce=0.010105 | mse=0.001725 | lr=7.22619e-05 | epoch_time=00:01:04 | elapsed=06:17:30 | ETA=14:28:23 | estimated_finish=2026-06-17 18:36:37
Epoch 304/1000 finished | loss=0.415626 | dice_loss=0.402237 | bce=0.011477 | mse=0.001912 | lr=7.21686e-05 | epoch_time=00:01:03 | elapsed=06:18:34 | ETA=14:26:43 | estimated_finish=2026-06-17 18:36:00
Epoch 305/1000 finished | loss=0.382632 | dice_loss=0.372923 | bce=0.008301 | mse=0.001409 | lr=7.20753e-05 | epoch_time=00:01:06 | elapsed=06:19:41 | ETA=14:25:11 | estimated_finish=2026-06-17 18:35:35
Quick validation epoch=305 | pseudo_dice=0.365523 | val_time=00:00:07
Epoch 306/1000 finished | loss=0.457583 | dice_loss=0.446668 | bce=0.009358 | mse=0.001556 | lr=7.19819e-05 | epoch_time=00:01:04 | elapsed=06:20:52 | ETA=14:23:49 | estimated_finish=2026-06-17 18:35:25
Epoch 307/1000 finished | loss=0.443609 | dice_loss=0.433074 | bce=0.008998 | mse=0.001537 | lr=7.18886e-05 | epoch_time=00:01:04 | elapsed=06:21:57 | ETA=14:22:13 | estimated_finish=2026-06-17 18:34:54
Epoch 308/1000 finished | loss=0.418777 | dice_loss=0.403652 | bce=0.013029 | mse=0.002096 | lr=7.17952e-05 | epoch_time=00:01:04 | elapsed=06:23:03 | ETA=14:20:37 | estimated_finish=2026-06-17 18:34:23
Epoch 309/1000 finished | loss=0.486535 | dice_loss=0.475238 | bce=0.009652 | mse=0.001645 | lr=7.17018e-05 | epoch_time=00:01:06 | elapsed=06:24:10 | ETA=14:19:05 | estimated_finish=2026-06-17 18:33:59
Epoch 310/1000 finished | loss=0.390933 | dice_loss=0.381232 | bce=0.008310 | mse=0.001390 | lr=7.16084e-05 | epoch_time=00:01:06 | elapsed=06:25:16 | ETA=14:17:33 | estimated_finish=2026-06-17 18:33:33
Quick validation epoch=310 | pseudo_dice=0.120887 | val_time=00:00:06
Epoch 311/1000 finished | loss=0.468725 | dice_loss=0.453754 | bce=0.012852 | mse=0.002118 | lr=7.1515e-05 | epoch_time=00:01:07 | elapsed=06:26:31 | ETA=14:16:18 | estimated_finish=2026-06-17 18:33:32
Epoch 312/1000 finished | loss=0.435950 | dice_loss=0.426756 | bce=0.007845 | mse=0.001349 | lr=7.14216e-05 | epoch_time=00:01:05 | elapsed=06:27:36 | ETA=14:14:44 | estimated_finish=2026-06-17 18:33:04
Epoch 313/1000 finished | loss=0.379476 | dice_loss=0.368842 | bce=0.008995 | mse=0.001638 | lr=7.13282e-05 | epoch_time=00:01:04 | elapsed=06:28:41 | ETA=14:13:07 | estimated_finish=2026-06-17 18:32:32
Epoch 314/1000 finished | loss=0.422266 | dice_loss=0.413186 | bce=0.007781 | mse=0.001299 | lr=7.12347e-05 | epoch_time=00:01:07 | elapsed=06:29:49 | ETA=14:11:38 | estimated_finish=2026-06-17 18:32:10
Epoch 315/1000 finished | loss=0.429032 | dice_loss=0.418862 | bce=0.008709 | mse=0.001461 | lr=7.11413e-05 | epoch_time=00:01:04 | elapsed=06:30:53 | ETA=14:10:02 | estimated_finish=2026-06-17 18:31:39
Quick validation epoch=315 | pseudo_dice=0.216512 | val_time=00:00:06
Epoch 316/1000 finished | loss=0.426993 | dice_loss=0.416918 | bce=0.008576 | mse=0.001499 | lr=7.10478e-05 | epoch_time=00:01:03 | elapsed=06:32:04 | ETA=14:08:40 | estimated_finish=2026-06-17 18:31:27
Epoch 317/1000 finished | loss=0.434192 | dice_loss=0.418456 | bce=0.013585 | mse=0.002151 | lr=7.09543e-05 | epoch_time=00:01:04 | elapsed=06:33:08 | ETA=14:07:04 | estimated_finish=2026-06-17 18:30:55
Epoch 318/1000 finished | loss=0.369125 | dice_loss=0.358693 | bce=0.008922 | mse=0.001510 | lr=7.08608e-05 | epoch_time=00:01:05 | elapsed=06:34:14 | ETA=14:05:29 | estimated_finish=2026-06-17 18:30:26
Epoch 319/1000 finished | loss=0.429549 | dice_loss=0.418097 | bce=0.009747 | mse=0.001705 | lr=7.07673e-05 | epoch_time=00:01:06 | elapsed=06:35:20 | ETA=14:03:59 | estimated_finish=2026-06-17 18:30:02
Epoch 320/1000 finished | loss=0.460739 | dice_loss=0.451065 | bce=0.008266 | mse=0.001408 | lr=7.06737e-05 | epoch_time=00:01:06 | elapsed=06:36:27 | ETA=14:02:28 | estimated_finish=2026-06-17 18:29:38
Quick validation epoch=320 | pseudo_dice=0.223814 | val_time=00:00:06
Epoch 321/1000 finished | loss=0.421797 | dice_loss=0.410448 | bce=0.009700 | mse=0.001649 | lr=7.05802e-05 | epoch_time=00:01:03 | elapsed=06:37:38 | ETA=14:01:06 | estimated_finish=2026-06-17 18:29:27
Epoch 322/1000 finished | loss=0.402811 | dice_loss=0.388615 | bce=0.012119 | mse=0.002077 | lr=7.04866e-05 | epoch_time=00:01:05 | elapsed=06:38:43 | ETA=13:59:34 | estimated_finish=2026-06-17 18:29:00
Epoch 323/1000 finished | loss=0.418492 | dice_loss=0.407402 | bce=0.009515 | mse=0.001575 | lr=7.03931e-05 | epoch_time=00:01:07 | elapsed=06:39:52 | ETA=13:58:06 | estimated_finish=2026-06-17 18:28:41
Epoch 324/1000 finished | loss=0.410614 | dice_loss=0.401296 | bce=0.007953 | mse=0.001365 | lr=7.02995e-05 | epoch_time=00:01:07 | elapsed=06:40:59 | ETA=13:56:38 | estimated_finish=2026-06-17 18:28:21
Epoch 325/1000 finished | loss=0.443819 | dice_loss=0.432621 | bce=0.009612 | mse=0.001586 | lr=7.02059e-05 | epoch_time=00:01:05 | elapsed=06:42:05 | ETA=13:55:06 | estimated_finish=2026-06-17 18:27:55
Quick validation epoch=325 | pseudo_dice=0.232840 | val_time=00:00:06
Epoch 326/1000 finished | loss=0.454284 | dice_loss=0.440212 | bce=0.012073 | mse=0.001999 | lr=7.01123e-05 | epoch_time=00:01:04 | elapsed=06:43:16 | ETA=13:53:46 | estimated_finish=2026-06-17 18:27:46
Epoch 327/1000 finished | loss=0.432676 | dice_loss=0.421139 | bce=0.009869 | mse=0.001668 | lr=7.00186e-05 | epoch_time=00:01:05 | elapsed=06:44:22 | ETA=13:52:15 | estimated_finish=2026-06-17 18:27:20
Epoch 328/1000 finished | loss=0.454866 | dice_loss=0.441358 | bce=0.011666 | mse=0.001842 | lr=6.9925e-05 | epoch_time=00:01:05 | elapsed=06:45:28 | ETA=13:50:44 | estimated_finish=2026-06-17 18:26:55
Epoch 329/1000 finished | loss=0.377475 | dice_loss=0.364254 | bce=0.011283 | mse=0.001938 | lr=6.98313e-05 | epoch_time=00:01:04 | elapsed=06:46:33 | ETA=13:49:10 | estimated_finish=2026-06-17 18:26:25
Epoch 330/1000 finished | loss=0.398714 | dice_loss=0.386386 | bce=0.010551 | mse=0.001777 | lr=6.97377e-05 | epoch_time=00:01:05 | elapsed=06:47:38 | ETA=13:47:38 | estimated_finish=2026-06-17 18:26:00
Quick validation epoch=330 | pseudo_dice=0.436478 | val_time=00:00:06
Epoch 331/1000 finished | loss=0.506849 | dice_loss=0.494584 | bce=0.010542 | mse=0.001724 | lr=6.9644e-05 | epoch_time=00:01:05 | elapsed=06:48:51 | ETA=13:46:20 | estimated_finish=2026-06-17 18:25:54
Epoch 332/1000 finished | loss=0.405320 | dice_loss=0.394005 | bce=0.009699 | mse=0.001617 | lr=6.95503e-05 | epoch_time=00:01:04 | elapsed=06:49:55 | ETA=13:44:48 | estimated_finish=2026-06-17 18:25:26
Epoch 333/1000 finished | loss=0.476766 | dice_loss=0.467315 | bce=0.008045 | mse=0.001406 | lr=6.94566e-05 | epoch_time=00:01:04 | elapsed=06:51:00 | ETA=13:43:15 | estimated_finish=2026-06-17 18:24:58
Epoch 334/1000 finished | loss=0.435375 | dice_loss=0.425700 | bce=0.008224 | mse=0.001451 | lr=6.93628e-05 | epoch_time=00:01:05 | elapsed=06:52:06 | ETA=13:41:44 | estimated_finish=2026-06-17 18:24:32
Epoch 335/1000 finished | loss=0.467499 | dice_loss=0.454673 | bce=0.011005 | mse=0.001821 | lr=6.92691e-05 | epoch_time=00:01:05 | elapsed=06:53:11 | ETA=13:40:12 | estimated_finish=2026-06-17 18:24:07
Quick validation epoch=335 | pseudo_dice=0.344430 | val_time=00:00:06
Epoch 336/1000 finished | loss=0.434956 | dice_loss=0.423081 | bce=0.010222 | mse=0.001654 | lr=6.91753e-05 | epoch_time=00:01:06 | elapsed=06:54:24 | ETA=13:38:57 | estimated_finish=2026-06-17 18:24:05
Epoch 337/1000 finished | loss=0.446226 | dice_loss=0.434623 | bce=0.009872 | mse=0.001731 | lr=6.90816e-05 | epoch_time=00:01:04 | elapsed=06:55:29 | ETA=13:37:25 | estimated_finish=2026-06-17 18:23:38
Epoch 338/1000 finished | loss=0.417310 | dice_loss=0.404565 | bce=0.010911 | mse=0.001834 | lr=6.89878e-05 | epoch_time=00:01:05 | elapsed=06:56:35 | ETA=13:35:55 | estimated_finish=2026-06-17 18:23:14
Epoch 339/1000 finished | loss=0.448531 | dice_loss=0.438219 | bce=0.008899 | mse=0.001413 | lr=6.8894e-05 | epoch_time=00:01:06 | elapsed=06:57:41 | ETA=13:34:26 | estimated_finish=2026-06-17 18:22:51
Epoch 340/1000 finished | loss=0.402265 | dice_loss=0.388828 | bce=0.011483 | mse=0.001954 | lr=6.88002e-05 | epoch_time=00:01:04 | elapsed=06:58:46 | ETA=13:32:54 | estimated_finish=2026-06-17 18:22:23
Quick validation epoch=340 | pseudo_dice=0.314968 | val_time=00:00:06
Epoch 341/1000 finished | loss=0.415182 | dice_loss=0.403559 | bce=0.009890 | mse=0.001732 | lr=6.87063e-05 | epoch_time=00:01:04 | elapsed=06:59:57 | ETA=13:31:35 | estimated_finish=2026-06-17 18:22:16
Epoch 342/1000 finished | loss=0.452844 | dice_loss=0.441667 | bce=0.009537 | mse=0.001640 | lr=6.86125e-05 | epoch_time=00:01:03 | elapsed=07:01:01 | ETA=13:30:03 | estimated_finish=2026-06-17 18:21:47
Epoch 343/1000 finished | loss=0.450045 | dice_loss=0.439111 | bce=0.009372 | mse=0.001563 | lr=6.85187e-05 | epoch_time=00:01:05 | elapsed=07:02:08 | ETA=13:28:34 | estimated_finish=2026-06-17 18:21:25
Epoch 344/1000 finished | loss=0.405421 | dice_loss=0.392707 | bce=0.010827 | mse=0.001887 | lr=6.84248e-05 | epoch_time=00:01:06 | elapsed=07:03:14 | ETA=13:27:06 | estimated_finish=2026-06-17 18:21:03
Epoch 345/1000 finished | loss=0.473923 | dice_loss=0.462922 | bce=0.009411 | mse=0.001590 | lr=6.83309e-05 | epoch_time=00:01:05 | elapsed=07:04:20 | ETA=13:25:37 | estimated_finish=2026-06-17 18:20:40
Quick validation epoch=345 | pseudo_dice=0.193018 | val_time=00:00:06
Epoch 346/1000 finished | loss=0.436862 | dice_loss=0.424483 | bce=0.010467 | mse=0.001912 | lr=6.8237e-05 | epoch_time=00:01:03 | elapsed=07:05:30 | ETA=13:24:17 | estimated_finish=2026-06-17 18:20:30
Epoch 347/1000 finished | loss=0.382389 | dice_loss=0.370909 | bce=0.009730 | mse=0.001750 | lr=6.81431e-05 | epoch_time=00:01:04 | elapsed=07:06:34 | ETA=13:22:45 | estimated_finish=2026-06-17 18:20:03
Epoch 348/1000 finished | loss=0.438719 | dice_loss=0.429640 | bce=0.007719 | mse=0.001360 | lr=6.80492e-05 | epoch_time=00:01:03 | elapsed=07:07:38 | ETA=13:21:13 | estimated_finish=2026-06-17 18:19:35
Epoch 349/1000 finished | loss=0.467485 | dice_loss=0.455866 | bce=0.009915 | mse=0.001704 | lr=6.79552e-05 | epoch_time=00:01:08 | elapsed=07:08:47 | ETA=13:19:49 | estimated_finish=2026-06-17 18:19:20
Epoch 350/1000 finished | loss=0.413596 | dice_loss=0.400771 | bce=0.011010 | mse=0.001815 | lr=6.78613e-05 | epoch_time=00:01:05 | elapsed=07:09:52 | ETA=13:18:21 | estimated_finish=2026-06-17 18:18:56
Quick validation epoch=350 | pseudo_dice=0.211783 | val_time=00:00:06
Epoch 351/1000 finished | loss=0.405123 | dice_loss=0.395387 | bce=0.008275 | mse=0.001461 | lr=6.77673e-05 | epoch_time=00:01:04 | elapsed=07:11:04 | ETA=13:17:03 | estimated_finish=2026-06-17 18:18:50
Epoch 352/1000 finished | loss=0.475278 | dice_loss=0.463424 | bce=0.010030 | mse=0.001825 | lr=6.76733e-05 | epoch_time=00:01:04 | elapsed=07:12:08 | ETA=13:15:32 | estimated_finish=2026-06-17 18:18:24
Epoch 353/1000 finished | loss=0.453889 | dice_loss=0.444355 | bce=0.008112 | mse=0.001422 | lr=6.75793e-05 | epoch_time=00:01:06 | elapsed=07:13:15 | ETA=13:14:06 | estimated_finish=2026-06-17 18:18:05
Epoch 354/1000 finished | loss=0.492214 | dice_loss=0.478847 | bce=0.011433 | mse=0.001934 | lr=6.74853e-05 | epoch_time=00:01:05 | elapsed=07:14:21 | ETA=13:12:38 | estimated_finish=2026-06-17 18:17:42
Epoch 355/1000 finished | loss=0.439689 | dice_loss=0.429296 | bce=0.008873 | mse=0.001519 | lr=6.73913e-05 | epoch_time=00:01:03 | elapsed=07:15:25 | ETA=13:11:06 | estimated_finish=2026-06-17 18:17:15
Quick validation epoch=355 | pseudo_dice=0.283492 | val_time=00:00:06
Epoch 356/1000 finished | loss=0.409722 | dice_loss=0.399249 | bce=0.008912 | mse=0.001560 | lr=6.72972e-05 | epoch_time=00:01:08 | elapsed=07:16:40 | ETA=13:09:55 | estimated_finish=2026-06-17 18:17:19
Epoch 357/1000 finished | loss=0.426484 | dice_loss=0.413609 | bce=0.010939 | mse=0.001936 | lr=6.72032e-05 | epoch_time=00:01:05 | elapsed=07:17:46 | ETA=13:08:28 | estimated_finish=2026-06-17 18:16:58
Epoch 358/1000 finished | loss=0.401847 | dice_loss=0.388613 | bce=0.011334 | mse=0.001899 | lr=6.71091e-05 | epoch_time=00:01:05 | elapsed=07:18:51 | ETA=13:07:00 | estimated_finish=2026-06-17 18:16:35
Epoch 359/1000 finished | loss=0.481276 | dice_loss=0.470704 | bce=0.008992 | mse=0.001581 | lr=6.7015e-05 | epoch_time=00:01:05 | elapsed=07:19:57 | ETA=13:05:33 | estimated_finish=2026-06-17 18:16:14
Epoch 360/1000 finished | loss=0.393869 | dice_loss=0.381734 | bce=0.010476 | mse=0.001660 | lr=6.69209e-05 | epoch_time=00:01:07 | elapsed=07:21:05 | ETA=13:04:10 | estimated_finish=2026-06-17 18:15:58
Quick validation epoch=360 | pseudo_dice=0.261539 | val_time=00:00:07
Epoch 361/1000 finished | loss=0.412452 | dice_loss=0.403155 | bce=0.007934 | mse=0.001362 | lr=6.68268e-05 | epoch_time=00:01:06 | elapsed=07:22:19 | ETA=13:02:57 | estimated_finish=2026-06-17 18:15:59
Epoch 362/1000 finished | loss=0.403938 | dice_loss=0.389497 | bce=0.012363 | mse=0.002078 | lr=6.67327e-05 | epoch_time=00:01:06 | elapsed=07:23:26 | ETA=13:01:32 | estimated_finish=2026-06-17 18:15:41
Epoch 363/1000 finished | loss=0.387642 | dice_loss=0.375666 | bce=0.010199 | mse=0.001777 | lr=6.66385e-05 | epoch_time=00:01:04 | elapsed=07:24:31 | ETA=13:00:04 | estimated_finish=2026-06-17 18:15:18
Epoch 364/1000 finished | loss=0.403497 | dice_loss=0.390530 | bce=0.011101 | mse=0.001866 | lr=6.65444e-05 | epoch_time=00:01:04 | elapsed=07:25:36 | ETA=12:58:35 | estimated_finish=2026-06-17 18:14:54
Epoch 365/1000 finished | loss=0.418328 | dice_loss=0.407898 | bce=0.008982 | mse=0.001448 | lr=6.64502e-05 | epoch_time=00:01:07 | elapsed=07:26:43 | ETA=12:57:11 | estimated_finish=2026-06-17 18:14:37
Quick validation epoch=365 | pseudo_dice=0.185826 | val_time=00:00:06
Epoch 366/1000 finished | loss=0.472010 | dice_loss=0.462824 | bce=0.007813 | mse=0.001374 | lr=6.6356e-05 | epoch_time=00:01:05 | elapsed=07:27:56 | ETA=12:55:55 | estimated_finish=2026-06-17 18:14:35
Epoch 367/1000 finished | loss=0.432240 | dice_loss=0.422298 | bce=0.008459 | mse=0.001484 | lr=6.62618e-05 | epoch_time=00:01:06 | elapsed=07:29:02 | ETA=12:54:30 | estimated_finish=2026-06-17 18:14:16
Epoch 368/1000 finished | loss=0.443335 | dice_loss=0.432075 | bce=0.009567 | mse=0.001693 | lr=6.61676e-05 | epoch_time=00:01:05 | elapsed=07:30:08 | ETA=12:53:03 | estimated_finish=2026-06-17 18:13:54
Epoch 369/1000 finished | loss=0.381637 | dice_loss=0.371637 | bce=0.008535 | mse=0.001465 | lr=6.60734e-05 | epoch_time=00:01:04 | elapsed=07:31:13 | ETA=12:51:35 | estimated_finish=2026-06-17 18:13:31
Epoch 370/1000 finished | loss=0.450418 | dice_loss=0.439223 | bce=0.009611 | mse=0.001584 | lr=6.59791e-05 | epoch_time=00:01:05 | elapsed=07:32:18 | ETA=12:50:08 | estimated_finish=2026-06-17 18:13:09
Quick validation epoch=370 | pseudo_dice=0.540514 | val_time=00:00:06
New best model saved by quick validation | pseudo_dice=0.540514 | epoch=370
Epoch 371/1000 finished | loss=0.432806 | dice_loss=0.422820 | bce=0.008509 | mse=0.001477 | lr=6.58849e-05 | epoch_time=00:01:03 | elapsed=07:33:29 | ETA=12:48:50 | estimated_finish=2026-06-17 18:13:02
Epoch 372/1000 finished | loss=0.394103 | dice_loss=0.382159 | bce=0.010140 | mse=0.001804 | lr=6.57906e-05 | epoch_time=00:01:04 | elapsed=07:34:33 | ETA=12:47:22 | estimated_finish=2026-06-17 18:12:38
Epoch 373/1000 finished | loss=0.418673 | dice_loss=0.407729 | bce=0.009318 | mse=0.001626 | lr=6.56963e-05 | epoch_time=00:01:06 | elapsed=07:35:40 | ETA=12:45:58 | estimated_finish=2026-06-17 18:12:21
Epoch 374/1000 finished | loss=0.412554 | dice_loss=0.400174 | bce=0.010617 | mse=0.001763 | lr=6.5602e-05 | epoch_time=00:01:05 | elapsed=07:36:45 | ETA=12:44:31 | estimated_finish=2026-06-17 18:11:59
Epoch 375/1000 finished | loss=0.422598 | dice_loss=0.411977 | bce=0.009012 | mse=0.001610 | lr=6.55076e-05 | epoch_time=00:01:05 | elapsed=07:37:51 | ETA=12:43:05 | estimated_finish=2026-06-17 18:11:39
Quick validation epoch=375 | pseudo_dice=0.364588 | val_time=00:00:06
Epoch 376/1000 finished | loss=0.468790 | dice_loss=0.458365 | bce=0.008921 | mse=0.001505 | lr=6.54133e-05 | epoch_time=00:01:07 | elapsed=07:39:05 | ETA=12:41:53 | estimated_finish=2026-06-17 18:11:42
Epoch 377/1000 finished | loss=0.429957 | dice_loss=0.422547 | bce=0.006280 | mse=0.001130 | lr=6.5319e-05 | epoch_time=00:01:08 | elapsed=07:40:14 | ETA=12:40:32 | estimated_finish=2026-06-17 18:11:29
Epoch 378/1000 finished | loss=0.458736 | dice_loss=0.446091 | bce=0.011019 | mse=0.001626 | lr=6.52246e-05 | epoch_time=00:01:07 | elapsed=07:41:22 | ETA=12:39:11 | estimated_finish=2026-06-17 18:11:16
Epoch 379/1000 finished | loss=0.432719 | dice_loss=0.420268 | bce=0.010641 | mse=0.001810 | lr=6.51302e-05 | epoch_time=00:01:06 | elapsed=07:42:28 | ETA=12:37:47 | estimated_finish=2026-06-17 18:10:58
Epoch 380/1000 finished | loss=0.413623 | dice_loss=0.404310 | bce=0.007917 | mse=0.001396 | lr=6.50358e-05 | epoch_time=00:01:04 | elapsed=07:43:33 | ETA=12:36:20 | estimated_finish=2026-06-17 18:10:37
Quick validation epoch=380 | pseudo_dice=0.333816 | val_time=00:00:06
Epoch 381/1000 finished | loss=0.422498 | dice_loss=0.409290 | bce=0.011322 | mse=0.001885 | lr=6.49414e-05 | epoch_time=00:01:04 | elapsed=07:44:45 | ETA=12:35:04 | estimated_finish=2026-06-17 18:10:32
Epoch 382/1000 finished | loss=0.389923 | dice_loss=0.375611 | bce=0.012279 | mse=0.002033 | lr=6.4847e-05 | epoch_time=00:01:06 | elapsed=07:45:51 | ETA=12:33:40 | estimated_finish=2026-06-17 18:10:15
Epoch 383/1000 finished | loss=0.437572 | dice_loss=0.424576 | bce=0.011097 | mse=0.001898 | lr=6.47525e-05 | epoch_time=00:01:04 | elapsed=07:46:56 | ETA=12:32:13 | estimated_finish=2026-06-17 18:09:53
Epoch 384/1000 finished | loss=0.459491 | dice_loss=0.448894 | bce=0.008983 | mse=0.001613 | lr=6.46581e-05 | epoch_time=00:01:05 | elapsed=07:48:02 | ETA=12:30:49 | estimated_finish=2026-06-17 18:09:34
Epoch 385/1000 finished | loss=0.437239 | dice_loss=0.427582 | bce=0.008317 | mse=0.001341 | lr=6.45636e-05 | epoch_time=00:01:05 | elapsed=07:49:08 | ETA=12:29:23 | estimated_finish=2026-06-17 18:09:14
Quick validation epoch=385 | pseudo_dice=0.157715 | val_time=00:00:06
Epoch 386/1000 finished | loss=0.463608 | dice_loss=0.450896 | bce=0.010899 | mse=0.001813 | lr=6.44691e-05 | epoch_time=00:01:05 | elapsed=07:50:20 | ETA=12:28:09 | estimated_finish=2026-06-17 18:09:12
Epoch 387/1000 finished | loss=0.409322 | dice_loss=0.398773 | bce=0.008920 | mse=0.001629 | lr=6.43746e-05 | epoch_time=00:01:03 | elapsed=07:51:23 | ETA=12:26:41 | estimated_finish=2026-06-17 18:08:47
Epoch 388/1000 finished | loss=0.458753 | dice_loss=0.446811 | bce=0.010275 | mse=0.001667 | lr=6.42801e-05 | epoch_time=00:01:05 | elapsed=07:52:29 | ETA=12:25:15 | estimated_finish=2026-06-17 18:08:27
Epoch 389/1000 finished | loss=0.417696 | dice_loss=0.407879 | bce=0.008394 | mse=0.001423 | lr=6.41855e-05 | epoch_time=00:01:05 | elapsed=07:53:34 | ETA=12:23:51 | estimated_finish=2026-06-17 18:08:09
Epoch 390/1000 finished | loss=0.468010 | dice_loss=0.456560 | bce=0.009718 | mse=0.001733 | lr=6.4091e-05 | epoch_time=00:01:04 | elapsed=07:54:39 | ETA=12:22:24 | estimated_finish=2026-06-17 18:07:46
Quick validation epoch=390 | pseudo_dice=0.276358 | val_time=00:00:06
Epoch 391/1000 finished | loss=0.423193 | dice_loss=0.408689 | bce=0.012486 | mse=0.002018 | lr=6.39964e-05 | epoch_time=00:01:04 | elapsed=07:55:50 | ETA=12:21:09 | estimated_finish=2026-06-17 18:07:43
Epoch 392/1000 finished | loss=0.384470 | dice_loss=0.373057 | bce=0.009731 | mse=0.001683 | lr=6.39018e-05 | epoch_time=00:01:05 | elapsed=07:56:56 | ETA=12:19:45 | estimated_finish=2026-06-17 18:07:25
Epoch 393/1000 finished | loss=0.458287 | dice_loss=0.449597 | bce=0.007398 | mse=0.001293 | lr=6.38072e-05 | epoch_time=00:01:03 | elapsed=07:58:00 | ETA=12:18:18 | estimated_finish=2026-06-17 18:07:01
Epoch 394/1000 finished | loss=0.414134 | dice_loss=0.403612 | bce=0.008990 | mse=0.001532 | lr=6.37126e-05 | epoch_time=00:01:06 | elapsed=07:59:07 | ETA=12:16:55 | estimated_finish=2026-06-17 18:06:45
Epoch 395/1000 finished | loss=0.414487 | dice_loss=0.401134 | bce=0.011448 | mse=0.001904 | lr=6.3618e-05 | epoch_time=00:01:05 | elapsed=08:00:13 | ETA=12:15:31 | estimated_finish=2026-06-17 18:06:28
Quick validation epoch=395 | pseudo_dice=0.407804 | val_time=00:00:06
Epoch 396/1000 finished | loss=0.421383 | dice_loss=0.410777 | bce=0.008978 | mse=0.001628 | lr=6.35233e-05 | epoch_time=00:01:05 | elapsed=08:01:25 | ETA=12:14:17 | estimated_finish=2026-06-17 18:06:25
Epoch 397/1000 finished | loss=0.431212 | dice_loss=0.419171 | bce=0.010254 | mse=0.001788 | lr=6.34287e-05 | epoch_time=00:01:03 | elapsed=08:02:29 | ETA=12:12:51 | estimated_finish=2026-06-17 18:06:03
Epoch 398/1000 finished | loss=0.452741 | dice_loss=0.442979 | bce=0.008286 | mse=0.001476 | lr=6.3334e-05 | epoch_time=00:01:03 | elapsed=08:03:33 | ETA=12:11:24 | estimated_finish=2026-06-17 18:05:41
Epoch 399/1000 finished | loss=0.428941 | dice_loss=0.418184 | bce=0.009091 | mse=0.001665 | lr=6.32393e-05 | epoch_time=00:01:04 | elapsed=08:04:37 | ETA=12:09:58 | estimated_finish=2026-06-17 18:05:19
Epoch 400/1000 finished | loss=0.402176 | dice_loss=0.389060 | bce=0.011225 | mse=0.001890 | lr=6.31446e-05 | epoch_time=00:01:06 | elapsed=08:05:44 | ETA=12:08:36 | estimated_finish=2026-06-17 18:05:03
Quick validation epoch=400 | pseudo_dice=0.201158 | val_time=00:00:06
Full validation epoch=400 | mean_dice=0.219648 | val_time=00:12:18
New best full-validation model saved | dice=0.219648 | epoch=400
Epoch 401/1000 finished | loss=0.373207 | dice_loss=0.361508 | bce=0.009922 | mse=0.001777 | lr=6.30499e-05 | epoch_time=00:01:07 | elapsed=08:19:17 | ETA=12:25:49 | estimated_finish=2026-06-17 18:35:49
Epoch 402/1000 finished | loss=0.444098 | dice_loss=0.435255 | bce=0.007567 | mse=0.001275 | lr=6.29551e-05 | epoch_time=00:01:05 | elapsed=08:20:23 | ETA=12:24:21 | estimated_finish=2026-06-17 18:35:27
Epoch 403/1000 finished | loss=0.443670 | dice_loss=0.430477 | bce=0.011272 | mse=0.001920 | lr=6.28604e-05 | epoch_time=00:01:07 | elapsed=08:21:31 | ETA=12:22:56 | estimated_finish=2026-06-17 18:35:10
Epoch 404/1000 finished | loss=0.431879 | dice_loss=0.421334 | bce=0.008938 | mse=0.001607 | lr=6.27656e-05 | epoch_time=00:01:06 | elapsed=08:22:37 | ETA=12:21:30 | estimated_finish=2026-06-17 18:34:50
Epoch 405/1000 finished | loss=0.432028 | dice_loss=0.420422 | bce=0.009964 | mse=0.001641 | lr=6.26708e-05 | epoch_time=00:01:06 | elapsed=08:23:44 | ETA=12:20:03 | estimated_finish=2026-06-17 18:34:30
Quick validation epoch=405 | pseudo_dice=0.307618 | val_time=00:00:06
Epoch 406/1000 finished | loss=0.416681 | dice_loss=0.407717 | bce=0.007611 | mse=0.001353 | lr=6.2576e-05 | epoch_time=00:01:04 | elapsed=08:24:56 | ETA=12:18:45 | estimated_finish=2026-06-17 18:34:24
Epoch 407/1000 finished | loss=0.468544 | dice_loss=0.456889 | bce=0.010055 | mse=0.001600 | lr=6.24812e-05 | epoch_time=00:01:07 | elapsed=08:26:04 | ETA=12:17:20 | estimated_finish=2026-06-17 18:34:07
Epoch 408/1000 finished | loss=0.444350 | dice_loss=0.430630 | bce=0.011729 | mse=0.001991 | lr=6.23863e-05 | epoch_time=00:01:06 | elapsed=08:27:10 | ETA=12:15:54 | estimated_finish=2026-06-17 18:33:48
Epoch 409/1000 finished | loss=0.398488 | dice_loss=0.385969 | bce=0.010661 | mse=0.001858 | lr=6.22915e-05 | epoch_time=00:01:04 | elapsed=08:28:15 | ETA=12:14:25 | estimated_finish=2026-06-17 18:33:23
Epoch 410/1000 finished | loss=0.397491 | dice_loss=0.386307 | bce=0.009510 | mse=0.001675 | lr=6.21966e-05 | epoch_time=00:01:05 | elapsed=08:29:20 | ETA=12:12:57 | estimated_finish=2026-06-17 18:33:01
Quick validation epoch=410 | pseudo_dice=0.326260 | val_time=00:00:06
Epoch 411/1000 finished | loss=0.436599 | dice_loss=0.426353 | bce=0.008683 | mse=0.001563 | lr=6.21017e-05 | epoch_time=00:01:06 | elapsed=08:30:34 | ETA=12:11:41 | estimated_finish=2026-06-17 18:32:58
Epoch 412/1000 finished | loss=0.451280 | dice_loss=0.438645 | bce=0.010881 | mse=0.001754 | lr=6.20068e-05 | epoch_time=00:01:07 | elapsed=08:31:41 | ETA=12:10:16 | estimated_finish=2026-06-17 18:32:41
Epoch 413/1000 finished | loss=0.446079 | dice_loss=0.437102 | bce=0.007666 | mse=0.001312 | lr=6.19119e-05 | epoch_time=00:01:05 | elapsed=08:32:47 | ETA=12:08:50 | estimated_finish=2026-06-17 18:32:20
Epoch 414/1000 finished | loss=0.400167 | dice_loss=0.389884 | bce=0.008756 | mse=0.001527 | lr=6.1817e-05 | epoch_time=00:01:04 | elapsed=08:33:52 | ETA=12:07:22 | estimated_finish=2026-06-17 18:31:57
Epoch 415/1000 finished | loss=0.381165 | dice_loss=0.372392 | bce=0.007501 | mse=0.001273 | lr=6.1722e-05 | epoch_time=00:01:04 | elapsed=08:34:56 | ETA=12:05:53 | estimated_finish=2026-06-17 18:31:33
Quick validation epoch=415 | pseudo_dice=0.336785 | val_time=00:00:06
Epoch 416/1000 finished | loss=0.488273 | dice_loss=0.477298 | bce=0.009390 | mse=0.001585 | lr=6.16271e-05 | epoch_time=00:01:04 | elapsed=08:36:08 | ETA=12:04:35 | estimated_finish=2026-06-17 18:31:26
Epoch 417/1000 finished | loss=0.391256 | dice_loss=0.380547 | bce=0.009048 | mse=0.001660 | lr=6.15321e-05 | epoch_time=00:01:06 | elapsed=08:37:15 | ETA=12:03:10 | estimated_finish=2026-06-17 18:31:08
Epoch 418/1000 finished | loss=0.490253 | dice_loss=0.482639 | bce=0.006415 | mse=0.001200 | lr=6.14371e-05 | epoch_time=00:01:06 | elapsed=08:38:22 | ETA=12:01:45 | estimated_finish=2026-06-17 18:30:50
Epoch 419/1000 finished | loss=0.435593 | dice_loss=0.424928 | bce=0.009086 | mse=0.001578 | lr=6.13421e-05 | epoch_time=00:01:09 | elapsed=08:39:31 | ETA=12:00:23 | estimated_finish=2026-06-17 18:30:38
Epoch 420/1000 finished | loss=0.419750 | dice_loss=0.408922 | bce=0.009300 | mse=0.001527 | lr=6.12471e-05 | epoch_time=00:01:06 | elapsed=08:40:38 | ETA=11:58:59 | estimated_finish=2026-06-17 18:30:21
Quick validation epoch=420 | pseudo_dice=0.279155 | val_time=00:00:06
Epoch 421/1000 finished | loss=0.460220 | dice_loss=0.450235 | bce=0.008428 | mse=0.001556 | lr=6.1152e-05 | epoch_time=00:01:04 | elapsed=08:41:50 | ETA=11:57:41 | estimated_finish=2026-06-17 18:30:15
Epoch 422/1000 finished | loss=0.416842 | dice_loss=0.407459 | bce=0.008002 | mse=0.001382 | lr=6.10569e-05 | epoch_time=00:01:05 | elapsed=08:42:56 | ETA=11:56:14 | estimated_finish=2026-06-17 18:29:53
Epoch 423/1000 finished | loss=0.492157 | dice_loss=0.480603 | bce=0.009890 | mse=0.001664 | lr=6.09619e-05 | epoch_time=00:01:05 | elapsed=08:44:01 | ETA=11:54:48 | estimated_finish=2026-06-17 18:29:32
Epoch 424/1000 finished | loss=0.431780 | dice_loss=0.421709 | bce=0.008593 | mse=0.001477 | lr=6.08668e-05 | epoch_time=00:01:02 | elapsed=08:45:04 | ETA=11:53:18 | estimated_finish=2026-06-17 18:29:05
Epoch 425/1000 finished | loss=0.430559 | dice_loss=0.419626 | bce=0.009408 | mse=0.001525 | lr=6.07717e-05 | epoch_time=00:01:04 | elapsed=08:46:08 | ETA=11:51:50 | estimated_finish=2026-06-17 18:28:42
Quick validation epoch=425 | pseudo_dice=0.263350 | val_time=00:00:06
Epoch 426/1000 finished | loss=0.429342 | dice_loss=0.415686 | bce=0.011621 | mse=0.002035 | lr=6.06765e-05 | epoch_time=00:01:03 | elapsed=08:47:19 | ETA=11:50:31 | estimated_finish=2026-06-17 18:28:33
Epoch 427/1000 finished | loss=0.460860 | dice_loss=0.449108 | bce=0.010055 | mse=0.001697 | lr=6.05814e-05 | epoch_time=00:01:04 | elapsed=08:48:23 | ETA=11:49:04 | estimated_finish=2026-06-17 18:28:11
Epoch 428/1000 finished | loss=0.426245 | dice_loss=0.414156 | bce=0.010266 | mse=0.001824 | lr=6.04862e-05 | epoch_time=00:01:04 | elapsed=08:49:28 | ETA=11:47:37 | estimated_finish=2026-06-17 18:27:48
Epoch 429/1000 finished | loss=0.406782 | dice_loss=0.395335 | bce=0.009807 | mse=0.001640 | lr=6.0391e-05 | epoch_time=00:01:06 | elapsed=08:50:35 | ETA=11:46:12 | estimated_finish=2026-06-17 18:27:30
Epoch 430/1000 finished | loss=0.397915 | dice_loss=0.387833 | bce=0.008596 | mse=0.001486 | lr=6.02958e-05 | epoch_time=00:01:04 | elapsed=08:51:39 | ETA=11:44:45 | estimated_finish=2026-06-17 18:27:08
Quick validation epoch=430 | pseudo_dice=0.393349 | val_time=00:00:06
Epoch 431/1000 finished | loss=0.426501 | dice_loss=0.415172 | bce=0.009555 | mse=0.001774 | lr=6.02006e-05 | epoch_time=00:01:05 | elapsed=08:52:52 | ETA=11:43:29 | estimated_finish=2026-06-17 18:27:04
Epoch 432/1000 finished | loss=0.411601 | dice_loss=0.399664 | bce=0.010269 | mse=0.001668 | lr=6.01054e-05 | epoch_time=00:01:02 | elapsed=08:53:55 | ETA=11:42:00 | estimated_finish=2026-06-17 18:26:38
Epoch 433/1000 finished | loss=0.443658 | dice_loss=0.435285 | bce=0.007083 | mse=0.001289 | lr=6.00102e-05 | epoch_time=00:01:05 | elapsed=08:55:01 | ETA=11:40:35 | estimated_finish=2026-06-17 18:26:19
Epoch 434/1000 finished | loss=0.425598 | dice_loss=0.415415 | bce=0.008632 | mse=0.001551 | lr=5.99149e-05 | epoch_time=00:01:04 | elapsed=08:56:05 | ETA=11:39:08 | estimated_finish=2026-06-17 18:25:57
Epoch 435/1000 finished | loss=0.434462 | dice_loss=0.423869 | bce=0.009070 | mse=0.001523 | lr=5.98196e-05 | epoch_time=00:01:04 | elapsed=08:57:10 | ETA=11:37:41 | estimated_finish=2026-06-17 18:25:34
Quick validation epoch=435 | pseudo_dice=0.337268 | val_time=00:00:06
Epoch 436/1000 finished | loss=0.441605 | dice_loss=0.429743 | bce=0.010097 | mse=0.001765 | lr=5.97243e-05 | epoch_time=00:01:04 | elapsed=08:58:21 | ETA=11:36:23 | estimated_finish=2026-06-17 18:25:27
Epoch 437/1000 finished | loss=0.492379 | dice_loss=0.481600 | bce=0.009194 | mse=0.001585 | lr=5.9629e-05 | epoch_time=00:01:05 | elapsed=08:59:26 | ETA=11:34:59 | estimated_finish=2026-06-17 18:25:08
Epoch 438/1000 finished | loss=0.483310 | dice_loss=0.473188 | bce=0.008635 | mse=0.001487 | lr=5.95337e-05 | epoch_time=00:01:03 | elapsed=09:00:30 | ETA=11:33:31 | estimated_finish=2026-06-17 18:24:44
Epoch 439/1000 finished | loss=0.420207 | dice_loss=0.410335 | bce=0.008395 | mse=0.001478 | lr=5.94383e-05 | epoch_time=00:01:05 | elapsed=09:01:35 | ETA=11:32:06 | estimated_finish=2026-06-17 18:24:25
Epoch 440/1000 finished | loss=0.461705 | dice_loss=0.450919 | bce=0.009200 | mse=0.001586 | lr=5.9343e-05 | epoch_time=00:01:07 | elapsed=09:02:43 | ETA=11:30:44 | estimated_finish=2026-06-17 18:24:11
Quick validation epoch=440 | pseudo_dice=0.176728 | val_time=00:00:06
Epoch 441/1000 finished | loss=0.376102 | dice_loss=0.364327 | bce=0.010033 | mse=0.001742 | lr=5.92476e-05 | epoch_time=00:01:04 | elapsed=09:03:55 | ETA=11:29:28 | estimated_finish=2026-06-17 18:24:07
Epoch 442/1000 finished | loss=0.409914 | dice_loss=0.400188 | bce=0.008292 | mse=0.001433 | lr=5.91522e-05 | epoch_time=00:01:04 | elapsed=09:05:00 | ETA=11:28:02 | estimated_finish=2026-06-17 18:23:46
Epoch 443/1000 finished | loss=0.387125 | dice_loss=0.375421 | bce=0.010111 | mse=0.001593 | lr=5.90568e-05 | epoch_time=00:01:05 | elapsed=09:06:06 | ETA=11:26:38 | estimated_finish=2026-06-17 18:23:27
Epoch 444/1000 finished | loss=0.453599 | dice_loss=0.442888 | bce=0.009171 | mse=0.001540 | lr=5.89613e-05 | epoch_time=00:01:05 | elapsed=09:07:11 | ETA=11:25:13 | estimated_finish=2026-06-17 18:23:08
Epoch 445/1000 finished | loss=0.370164 | dice_loss=0.361374 | bce=0.007492 | mse=0.001299 | lr=5.88659e-05 | epoch_time=00:01:07 | elapsed=09:08:19 | ETA=11:23:51 | estimated_finish=2026-06-17 18:22:53
Quick validation epoch=445 | pseudo_dice=0.169808 | val_time=00:00:06
Epoch 446/1000 finished | loss=0.449608 | dice_loss=0.440231 | bce=0.008036 | mse=0.001340 | lr=5.87704e-05 | epoch_time=00:01:06 | elapsed=09:09:32 | ETA=11:22:37 | estimated_finish=2026-06-17 18:22:52
Epoch 447/1000 finished | loss=0.402756 | dice_loss=0.391002 | bce=0.010022 | mse=0.001732 | lr=5.86749e-05 | epoch_time=00:01:05 | elapsed=09:10:38 | ETA=11:21:12 | estimated_finish=2026-06-17 18:22:34
Epoch 448/1000 finished | loss=0.431685 | dice_loss=0.418724 | bce=0.011020 | mse=0.001940 | lr=5.85794e-05 | epoch_time=00:01:06 | elapsed=09:11:44 | ETA=11:19:49 | estimated_finish=2026-06-17 18:22:17
Epoch 449/1000 finished | loss=0.436435 | dice_loss=0.426282 | bce=0.008632 | mse=0.001521 | lr=5.84839e-05 | epoch_time=00:01:04 | elapsed=09:12:49 | ETA=11:18:25 | estimated_finish=2026-06-17 18:21:58
Epoch 450/1000 finished | loss=0.384338 | dice_loss=0.373251 | bce=0.009384 | mse=0.001702 | lr=5.83884e-05 | epoch_time=00:01:04 | elapsed=09:13:54 | ETA=11:16:59 | estimated_finish=2026-06-17 18:21:36
Quick validation epoch=450 | pseudo_dice=0.227239 | val_time=00:00:06
Epoch 451/1000 finished | loss=0.398335 | dice_loss=0.388383 | bce=0.008467 | mse=0.001484 | lr=5.82928e-05 | epoch_time=00:01:02 | elapsed=09:15:04 | ETA=11:15:41 | estimated_finish=2026-06-17 18:21:28
Epoch 452/1000 finished | loss=0.420121 | dice_loss=0.411134 | bce=0.007668 | mse=0.001319 | lr=5.81973e-05 | epoch_time=00:01:01 | elapsed=09:16:05 | ETA=11:14:12 | estimated_finish=2026-06-17 18:21:01
Epoch 453/1000 finished | loss=0.413849 | dice_loss=0.402971 | bce=0.009238 | mse=0.001639 | lr=5.81017e-05 | epoch_time=00:01:03 | elapsed=09:17:09 | ETA=11:12:46 | estimated_finish=2026-06-17 18:20:39
Epoch 454/1000 finished | loss=0.474286 | dice_loss=0.464580 | bce=0.008227 | mse=0.001479 | lr=5.80061e-05 | epoch_time=00:01:05 | elapsed=09:18:15 | ETA=11:11:23 | estimated_finish=2026-06-17 18:20:21
Epoch 455/1000 finished | loss=0.474339 | dice_loss=0.461765 | bce=0.010802 | mse=0.001773 | lr=5.79104e-05 | epoch_time=00:01:05 | elapsed=09:19:21 | ETA=11:09:59 | estimated_finish=2026-06-17 18:20:03
Quick validation epoch=455 | pseudo_dice=0.276870 | val_time=00:00:06
Epoch 456/1000 finished | loss=0.412749 | dice_loss=0.403627 | bce=0.007696 | mse=0.001426 | lr=5.78148e-05 | epoch_time=00:01:06 | elapsed=09:20:34 | ETA=11:08:45 | estimated_finish=2026-06-17 18:20:02
Epoch 457/1000 finished | loss=0.400259 | dice_loss=0.387810 | bce=0.010649 | mse=0.001800 | lr=5.77191e-05 | epoch_time=00:01:05 | elapsed=09:21:40 | ETA=11:07:21 | estimated_finish=2026-06-17 18:19:44
Epoch 458/1000 finished | loss=0.418509 | dice_loss=0.408535 | bce=0.008532 | mse=0.001442 | lr=5.76235e-05 | epoch_time=00:01:03 | elapsed=09:22:43 | ETA=11:05:56 | estimated_finish=2026-06-17 18:19:23
Epoch 459/1000 finished | loss=0.387799 | dice_loss=0.378251 | bce=0.008103 | mse=0.001445 | lr=5.75278e-05 | epoch_time=00:01:05 | elapsed=09:23:49 | ETA=11:04:33 | estimated_finish=2026-06-17 18:19:06
Epoch 460/1000 finished | loss=0.406950 | dice_loss=0.395027 | bce=0.010164 | mse=0.001758 | lr=5.74321e-05 | epoch_time=00:01:07 | elapsed=09:24:57 | ETA=11:03:12 | estimated_finish=2026-06-17 18:18:52
Quick validation epoch=460 | pseudo_dice=0.136744 | val_time=00:00:06
Epoch 461/1000 finished | loss=0.422003 | dice_loss=0.411551 | bce=0.008954 | mse=0.001498 | lr=5.73363e-05 | epoch_time=00:01:03 | elapsed=09:26:07 | ETA=11:01:54 | estimated_finish=2026-06-17 18:18:44
Epoch 462/1000 finished | loss=0.405303 | dice_loss=0.395067 | bce=0.008735 | mse=0.001500 | lr=5.72406e-05 | epoch_time=00:01:04 | elapsed=09:27:11 | ETA=11:00:29 | estimated_finish=2026-06-17 18:18:24
Epoch 463/1000 finished | loss=0.376838 | dice_loss=0.367405 | bce=0.008007 | mse=0.001426 | lr=5.71448e-05 | epoch_time=00:01:06 | elapsed=09:28:18 | ETA=10:59:08 | estimated_finish=2026-06-17 18:18:09
Epoch 464/1000 finished | loss=0.442429 | dice_loss=0.431567 | bce=0.009338 | mse=0.001524 | lr=5.7049e-05 | epoch_time=00:01:04 | elapsed=09:29:23 | ETA=10:57:44 | estimated_finish=2026-06-17 18:17:50
Epoch 465/1000 finished | loss=0.414139 | dice_loss=0.401243 | bce=0.011073 | mse=0.001823 | lr=5.69532e-05 | epoch_time=00:01:08 | elapsed=09:30:32 | ETA=10:56:25 | estimated_finish=2026-06-17 18:17:40
Quick validation epoch=465 | pseudo_dice=0.442067 | val_time=00:00:06
Epoch 466/1000 finished | loss=0.412974 | dice_loss=0.402976 | bce=0.008478 | mse=0.001520 | lr=5.68574e-05 | epoch_time=00:01:04 | elapsed=09:31:42 | ETA=10:55:08 | estimated_finish=2026-06-17 18:17:34
Epoch 467/1000 finished | loss=0.453547 | dice_loss=0.441712 | bce=0.010110 | mse=0.001726 | lr=5.67616e-05 | epoch_time=00:01:03 | elapsed=09:32:47 | ETA=10:53:44 | estimated_finish=2026-06-17 18:17:14
Epoch 468/1000 finished | loss=0.435456 | dice_loss=0.424928 | bce=0.008908 | mse=0.001620 | lr=5.66657e-05 | epoch_time=00:01:04 | elapsed=09:33:51 | ETA=10:52:20 | estimated_finish=2026-06-17 18:16:54
Epoch 469/1000 finished | loss=0.419936 | dice_loss=0.407128 | bce=0.010883 | mse=0.001925 | lr=5.65699e-05 | epoch_time=00:01:04 | elapsed=09:34:56 | ETA=10:50:57 | estimated_finish=2026-06-17 18:16:36
Epoch 470/1000 finished | loss=0.384998 | dice_loss=0.374461 | bce=0.008921 | mse=0.001615 | lr=5.6474e-05 | epoch_time=00:01:05 | elapsed=09:36:01 | ETA=10:49:34 | estimated_finish=2026-06-17 18:16:18
Quick validation epoch=470 | pseudo_dice=0.470261 | val_time=00:00:06
Epoch 471/1000 finished | loss=0.494340 | dice_loss=0.484992 | bce=0.007920 | mse=0.001428 | lr=5.63781e-05 | epoch_time=00:01:02 | elapsed=09:37:11 | ETA=10:48:15 | estimated_finish=2026-06-17 18:16:09
Epoch 472/1000 finished | loss=0.451384 | dice_loss=0.441353 | bce=0.008527 | mse=0.001503 | lr=5.62821e-05 | epoch_time=00:01:06 | elapsed=09:38:17 | ETA=10:46:54 | estimated_finish=2026-06-17 18:15:55
Epoch 473/1000 finished | loss=0.425464 | dice_loss=0.415257 | bce=0.008665 | mse=0.001541 | lr=5.61862e-05 | epoch_time=00:01:05 | elapsed=09:39:23 | ETA=10:45:32 | estimated_finish=2026-06-17 18:15:38
Epoch 474/1000 finished | loss=0.416917 | dice_loss=0.407147 | bce=0.008318 | mse=0.001451 | lr=5.60902e-05 | epoch_time=00:01:08 | elapsed=09:40:32 | ETA=10:44:13 | estimated_finish=2026-06-17 18:15:29
Epoch 475/1000 finished | loss=0.437888 | dice_loss=0.427928 | bce=0.008465 | mse=0.001495 | lr=5.59942e-05 | epoch_time=00:01:05 | elapsed=09:41:38 | ETA=10:42:52 | estimated_finish=2026-06-17 18:15:13
Quick validation epoch=475 | pseudo_dice=0.134908 | val_time=00:00:06
Epoch 476/1000 finished | loss=0.384040 | dice_loss=0.371028 | bce=0.011108 | mse=0.001904 | lr=5.58982e-05 | epoch_time=00:01:06 | elapsed=09:42:51 | ETA=10:41:38 | estimated_finish=2026-06-17 18:15:13
Epoch 477/1000 finished | loss=0.428171 | dice_loss=0.416302 | bce=0.010074 | mse=0.001794 | lr=5.58022e-05 | epoch_time=00:01:04 | elapsed=09:43:56 | ETA=10:40:14 | estimated_finish=2026-06-17 18:14:54
Epoch 478/1000 finished | loss=0.420957 | dice_loss=0.411709 | bce=0.007862 | mse=0.001386 | lr=5.57062e-05 | epoch_time=00:01:03 | elapsed=09:45:00 | ETA=10:38:51 | estimated_finish=2026-06-17 18:14:34
Epoch 479/1000 finished | loss=0.407133 | dice_loss=0.394316 | bce=0.010971 | mse=0.001846 | lr=5.56101e-05 | epoch_time=00:01:03 | elapsed=09:46:03 | ETA=10:37:27 | estimated_finish=2026-06-17 18:14:14
Epoch 480/1000 finished | loss=0.400615 | dice_loss=0.389728 | bce=0.009312 | mse=0.001574 | lr=5.55141e-05 | epoch_time=00:01:03 | elapsed=09:47:07 | ETA=10:36:03 | estimated_finish=2026-06-17 18:13:53
Quick validation epoch=480 | pseudo_dice=0.155372 | val_time=00:00:06
Epoch 481/1000 finished | loss=0.358758 | dice_loss=0.350609 | bce=0.006960 | mse=0.001189 | lr=5.5418e-05 | epoch_time=00:01:05 | elapsed=09:48:19 | ETA=10:34:48 | estimated_finish=2026-06-17 18:13:51
Epoch 482/1000 finished | loss=0.443840 | dice_loss=0.432148 | bce=0.009960 | mse=0.001732 | lr=5.53219e-05 | epoch_time=00:01:04 | elapsed=09:49:23 | ETA=10:33:25 | estimated_finish=2026-06-17 18:13:32
Epoch 483/1000 finished | loss=0.397258 | dice_loss=0.383819 | bce=0.011456 | mse=0.001983 | lr=5.52257e-05 | epoch_time=00:01:03 | elapsed=09:50:27 | ETA=10:32:01 | estimated_finish=2026-06-17 18:13:12
Epoch 484/1000 finished | loss=0.415624 | dice_loss=0.406427 | bce=0.007820 | mse=0.001376 | lr=5.51296e-05 | epoch_time=00:01:04 | elapsed=09:51:32 | ETA=10:30:38 | estimated_finish=2026-06-17 18:12:53
Epoch 485/1000 finished | loss=0.453765 | dice_loss=0.444182 | bce=0.008174 | mse=0.001408 | lr=5.50334e-05 | epoch_time=00:01:05 | elapsed=09:52:37 | ETA=10:29:16 | estimated_finish=2026-06-17 18:12:36
Quick validation epoch=485 | pseudo_dice=0.479083 | val_time=00:00:06
Epoch 486/1000 finished | loss=0.422287 | dice_loss=0.410359 | bce=0.010270 | mse=0.001658 | lr=5.49372e-05 | epoch_time=00:01:03 | elapsed=09:53:47 | ETA=10:28:00 | estimated_finish=2026-06-17 18:12:31
Epoch 487/1000 finished | loss=0.393386 | dice_loss=0.383910 | bce=0.008055 | mse=0.001421 | lr=5.4841e-05 | epoch_time=00:01:04 | elapsed=09:54:52 | ETA=10:26:38 | estimated_finish=2026-06-17 18:12:13
Epoch 488/1000 finished | loss=0.415040 | dice_loss=0.405617 | bce=0.007998 | mse=0.001425 | lr=5.47448e-05 | epoch_time=00:01:04 | elapsed=09:55:57 | ETA=10:25:16 | estimated_finish=2026-06-17 18:11:56
Epoch 489/1000 finished | loss=0.448517 | dice_loss=0.440593 | bce=0.006709 | mse=0.001215 | lr=5.46486e-05 | epoch_time=00:01:05 | elapsed=09:57:03 | ETA=10:23:55 | estimated_finish=2026-06-17 18:11:41
Epoch 490/1000 finished | loss=0.435562 | dice_loss=0.423442 | bce=0.010332 | mse=0.001789 | lr=5.45523e-05 | epoch_time=00:01:05 | elapsed=09:58:09 | ETA=10:22:34 | estimated_finish=2026-06-17 18:11:26
Quick validation epoch=490 | pseudo_dice=0.242205 | val_time=00:00:06
Epoch 491/1000 finished | loss=0.411449 | dice_loss=0.402030 | bce=0.007979 | mse=0.001440 | lr=5.4456e-05 | epoch_time=00:01:03 | elapsed=09:59:20 | ETA=10:21:18 | estimated_finish=2026-06-17 18:11:21
Epoch 492/1000 finished | loss=0.432669 | dice_loss=0.423596 | bce=0.007724 | mse=0.001350 | lr=5.43597e-05 | epoch_time=00:01:04 | elapsed=10:00:25 | ETA=10:19:56 | estimated_finish=2026-06-17 18:11:04
Epoch 493/1000 finished | loss=0.428960 | dice_loss=0.417588 | bce=0.009740 | mse=0.001632 | lr=5.42634e-05 | epoch_time=00:01:05 | elapsed=10:01:31 | ETA=10:18:36 | estimated_finish=2026-06-17 18:10:49
Epoch 494/1000 finished | loss=0.374101 | dice_loss=0.365826 | bce=0.007036 | mse=0.001239 | lr=5.41671e-05 | epoch_time=00:01:05 | elapsed=10:02:36 | ETA=10:17:14 | estimated_finish=2026-06-17 18:10:34
Epoch 495/1000 finished | loss=0.430254 | dice_loss=0.420415 | bce=0.008427 | mse=0.001413 | lr=5.40707e-05 | epoch_time=00:01:05 | elapsed=10:03:41 | ETA=10:15:53 | estimated_finish=2026-06-17 18:10:18
Quick validation epoch=495 | pseudo_dice=0.125584 | val_time=00:00:06
Epoch 496/1000 finished | loss=0.354758 | dice_loss=0.344660 | bce=0.008599 | mse=0.001499 | lr=5.39744e-05 | epoch_time=00:01:04 | elapsed=10:04:53 | ETA=10:14:39 | estimated_finish=2026-06-17 18:10:15
Epoch 497/1000 finished | loss=0.422266 | dice_loss=0.410427 | bce=0.010090 | mse=0.001749 | lr=5.3878e-05 | epoch_time=00:01:04 | elapsed=10:05:58 | ETA=10:13:17 | estimated_finish=2026-06-17 18:09:59
Epoch 498/1000 finished | loss=0.495672 | dice_loss=0.486474 | bce=0.007848 | mse=0.001350 | lr=5.37816e-05 | epoch_time=00:01:02 | elapsed=10:07:02 | ETA=10:11:54 | estimated_finish=2026-06-17 18:09:39
Epoch 499/1000 finished | loss=0.380983 | dice_loss=0.371685 | bce=0.007918 | mse=0.001380 | lr=5.36851e-05 | epoch_time=00:01:04 | elapsed=10:08:06 | ETA=10:10:33 | estimated_finish=2026-06-17 18:09:22
Epoch 500/1000 finished | loss=0.414767 | dice_loss=0.403454 | bce=0.009689 | mse=0.001623 | lr=5.35887e-05 | epoch_time=00:01:05 | elapsed=10:09:12 | ETA=10:09:12 | estimated_finish=2026-06-17 18:09:08
Quick validation epoch=500 | pseudo_dice=0.257460 | val_time=00:00:06
Full validation epoch=500 | mean_dice=0.246164 | val_time=00:12:15
New best full-validation model saved | dice=0.246164 | epoch=500
Epoch 501/1000 finished | loss=0.373753 | dice_loss=0.365053 | bce=0.007418 | mse=0.001282 | lr=5.34922e-05 | epoch_time=00:01:05 | elapsed=10:22:41 | ETA=10:20:12 | estimated_finish=2026-06-17 18:33:36
Epoch 502/1000 finished | loss=0.420577 | dice_loss=0.408652 | bce=0.010182 | mse=0.001743 | lr=5.33957e-05 | epoch_time=00:01:05 | elapsed=10:23:46 | ETA=10:18:48 | estimated_finish=2026-06-17 18:33:17
Epoch 503/1000 finished | loss=0.441585 | dice_loss=0.430448 | bce=0.009589 | mse=0.001548 | lr=5.32992e-05 | epoch_time=00:01:06 | elapsed=10:24:53 | ETA=10:17:25 | estimated_finish=2026-06-17 18:33:02
Epoch 504/1000 finished | loss=0.459490 | dice_loss=0.451068 | bce=0.007162 | mse=0.001260 | lr=5.32027e-05 | epoch_time=00:01:06 | elapsed=10:25:59 | ETA=10:16:03 | estimated_finish=2026-06-17 18:32:45
Epoch 505/1000 finished | loss=0.409977 | dice_loss=0.396691 | bce=0.011401 | mse=0.001884 | lr=5.31061e-05 | epoch_time=00:01:04 | elapsed=10:27:03 | ETA=10:14:38 | estimated_finish=2026-06-17 18:32:25
Quick validation epoch=505 | pseudo_dice=0.477142 | val_time=00:00:06
Epoch 506/1000 finished | loss=0.466788 | dice_loss=0.455596 | bce=0.009521 | mse=0.001671 | lr=5.30096e-05 | epoch_time=00:01:05 | elapsed=10:28:15 | ETA=10:13:21 | estimated_finish=2026-06-17 18:32:20
Epoch 507/1000 finished | loss=0.391214 | dice_loss=0.380201 | bce=0.009364 | mse=0.001648 | lr=5.2913e-05 | epoch_time=00:01:06 | elapsed=10:29:21 | ETA=10:11:59 | estimated_finish=2026-06-17 18:32:04
Epoch 508/1000 finished | loss=0.418598 | dice_loss=0.406789 | bce=0.010025 | mse=0.001784 | lr=5.28164e-05 | epoch_time=00:01:06 | elapsed=10:30:28 | ETA=10:10:37 | estimated_finish=2026-06-17 18:31:48
Epoch 509/1000 finished | loss=0.439201 | dice_loss=0.431104 | bce=0.006886 | mse=0.001211 | lr=5.27198e-05 | epoch_time=00:01:05 | elapsed=10:31:33 | ETA=10:09:13 | estimated_finish=2026-06-17 18:31:30
Epoch 510/1000 finished | loss=0.460968 | dice_loss=0.452154 | bce=0.007506 | mse=0.001308 | lr=5.26231e-05 | epoch_time=00:01:04 | elapsed=10:32:38 | ETA=10:07:49 | estimated_finish=2026-06-17 18:31:10
Quick validation epoch=510 | pseudo_dice=0.136742 | val_time=00:00:06
Epoch 511/1000 finished | loss=0.449785 | dice_loss=0.440463 | bce=0.007936 | mse=0.001386 | lr=5.25264e-05 | epoch_time=00:01:04 | elapsed=10:33:50 | ETA=10:06:32 | estimated_finish=2026-06-17 18:31:05
Epoch 512/1000 finished | loss=0.434047 | dice_loss=0.423780 | bce=0.008798 | mse=0.001469 | lr=5.24298e-05 | epoch_time=00:01:05 | elapsed=10:34:56 | ETA=10:05:10 | estimated_finish=2026-06-17 18:30:49
Epoch 513/1000 finished | loss=0.384518 | dice_loss=0.375186 | bce=0.007926 | mse=0.001407 | lr=5.23331e-05 | epoch_time=00:01:04 | elapsed=10:36:01 | ETA=10:03:47 | estimated_finish=2026-06-17 18:30:30
Epoch 514/1000 finished | loss=0.418038 | dice_loss=0.408365 | bce=0.008176 | mse=0.001497 | lr=5.22363e-05 | epoch_time=00:01:03 | elapsed=10:37:04 | ETA=10:02:22 | estimated_finish=2026-06-17 18:30:10
Epoch 515/1000 finished | loss=0.378163 | dice_loss=0.368355 | bce=0.008315 | mse=0.001492 | lr=5.21396e-05 | epoch_time=00:01:05 | elapsed=10:38:10 | ETA=10:01:00 | estimated_finish=2026-06-17 18:29:53
Quick validation epoch=515 | pseudo_dice=0.276380 | val_time=00:00:06
Epoch 516/1000 finished | loss=0.427216 | dice_loss=0.417981 | bce=0.007884 | mse=0.001351 | lr=5.20428e-05 | epoch_time=00:01:07 | elapsed=10:39:25 | ETA=09:59:45 | estimated_finish=2026-06-17 18:29:53
Epoch 517/1000 finished | loss=0.461721 | dice_loss=0.450971 | bce=0.009135 | mse=0.001615 | lr=5.1946e-05 | epoch_time=00:01:07 | elapsed=10:40:32 | ETA=09:58:25 | estimated_finish=2026-06-17 18:29:40
Epoch 518/1000 finished | loss=0.464906 | dice_loss=0.455426 | bce=0.008017 | mse=0.001464 | lr=5.18492e-05 | epoch_time=00:01:07 | elapsed=10:41:40 | ETA=09:57:04 | estimated_finish=2026-06-17 18:29:27
Epoch 519/1000 finished | loss=0.411677 | dice_loss=0.401471 | bce=0.008684 | mse=0.001522 | lr=5.17524e-05 | epoch_time=00:01:04 | elapsed=10:42:44 | ETA=09:55:41 | estimated_finish=2026-06-17 18:29:08
Epoch 520/1000 finished | loss=0.405741 | dice_loss=0.395377 | bce=0.008877 | mse=0.001487 | lr=5.16556e-05 | epoch_time=00:01:05 | elapsed=10:43:50 | ETA=09:54:18 | estimated_finish=2026-06-17 18:28:52
Quick validation epoch=520 | pseudo_dice=0.227300 | val_time=00:00:06
Epoch 521/1000 finished | loss=0.456496 | dice_loss=0.447944 | bce=0.007298 | mse=0.001254 | lr=5.15587e-05 | epoch_time=00:01:04 | elapsed=10:45:01 | ETA=09:53:01 | estimated_finish=2026-06-17 18:28:46
Epoch 522/1000 finished | loss=0.405030 | dice_loss=0.395122 | bce=0.008507 | mse=0.001401 | lr=5.14618e-05 | epoch_time=00:01:04 | elapsed=10:46:06 | ETA=09:51:38 | estimated_finish=2026-06-17 18:28:27
Epoch 523/1000 finished | loss=0.414864 | dice_loss=0.404364 | bce=0.008986 | mse=0.001514 | lr=5.13649e-05 | epoch_time=00:01:04 | elapsed=10:47:10 | ETA=09:50:15 | estimated_finish=2026-06-17 18:28:09
Epoch 524/1000 finished | loss=0.413667 | dice_loss=0.404364 | bce=0.007892 | mse=0.001412 | lr=5.1268e-05 | epoch_time=00:01:04 | elapsed=10:48:16 | ETA=09:48:53 | estimated_finish=2026-06-17 18:27:51
Epoch 525/1000 finished | loss=0.416185 | dice_loss=0.404581 | bce=0.009854 | mse=0.001750 | lr=5.1171e-05 | epoch_time=00:01:02 | elapsed=10:49:19 | ETA=09:47:28 | estimated_finish=2026-06-17 18:27:30
Quick validation epoch=525 | pseudo_dice=0.277532 | val_time=00:00:06
Epoch 526/1000 finished | loss=0.382762 | dice_loss=0.372059 | bce=0.009040 | mse=0.001663 | lr=5.10741e-05 | epoch_time=00:01:05 | elapsed=10:50:31 | ETA=09:46:13 | estimated_finish=2026-06-17 18:27:27
Epoch 527/1000 finished | loss=0.403374 | dice_loss=0.392391 | bce=0.009311 | mse=0.001672 | lr=5.09771e-05 | epoch_time=00:01:05 | elapsed=10:51:37 | ETA=09:44:51 | estimated_finish=2026-06-17 18:27:11
Epoch 528/1000 finished | loss=0.416798 | dice_loss=0.405190 | bce=0.009938 | mse=0.001670 | lr=5.08801e-05 | epoch_time=00:01:07 | elapsed=10:52:45 | ETA=09:43:31 | estimated_finish=2026-06-17 18:26:59
Epoch 529/1000 finished | loss=0.452562 | dice_loss=0.442075 | bce=0.008897 | mse=0.001591 | lr=5.07831e-05 | epoch_time=00:01:05 | elapsed=10:53:50 | ETA=09:42:09 | estimated_finish=2026-06-17 18:26:42
Epoch 530/1000 finished | loss=0.429550 | dice_loss=0.419850 | bce=0.008322 | mse=0.001378 | lr=5.0686e-05 | epoch_time=00:01:04 | elapsed=10:54:54 | ETA=09:40:46 | estimated_finish=2026-06-17 18:26:23
Quick validation epoch=530 | pseudo_dice=0.296118 | val_time=00:00:06
Epoch 531/1000 finished | loss=0.422101 | dice_loss=0.411438 | bce=0.009050 | mse=0.001613 | lr=5.05889e-05 | epoch_time=00:01:05 | elapsed=10:56:07 | ETA=09:39:30 | estimated_finish=2026-06-17 18:26:20
Epoch 532/1000 finished | loss=0.412208 | dice_loss=0.402539 | bce=0.008206 | mse=0.001464 | lr=5.04918e-05 | epoch_time=00:01:07 | elapsed=10:57:14 | ETA=09:38:10 | estimated_finish=2026-06-17 18:26:07
Epoch 533/1000 finished | loss=0.436070 | dice_loss=0.426338 | bce=0.008349 | mse=0.001383 | lr=5.03947e-05 | epoch_time=00:01:03 | elapsed=10:58:18 | ETA=09:36:47 | estimated_finish=2026-06-17 18:25:49
Epoch 534/1000 finished | loss=0.417553 | dice_loss=0.406902 | bce=0.009063 | mse=0.001588 | lr=5.02976e-05 | epoch_time=00:01:06 | elapsed=10:59:25 | ETA=09:35:27 | estimated_finish=2026-06-17 18:25:35
Epoch 535/1000 finished | loss=0.410670 | dice_loss=0.402465 | bce=0.007014 | mse=0.001191 | lr=5.02005e-05 | epoch_time=00:01:04 | elapsed=11:00:30 | ETA=09:34:04 | estimated_finish=2026-06-17 18:25:17
Quick validation epoch=535 | pseudo_dice=0.147553 | val_time=00:00:06
Epoch 536/1000 finished | loss=0.450332 | dice_loss=0.441713 | bce=0.007364 | mse=0.001254 | lr=5.01033e-05 | epoch_time=00:01:05 | elapsed=11:01:42 | ETA=09:32:49 | estimated_finish=2026-06-17 18:25:14
Epoch 537/1000 finished | loss=0.458067 | dice_loss=0.447268 | bce=0.009270 | mse=0.001528 | lr=5.00061e-05 | epoch_time=00:01:03 | elapsed=11:02:46 | ETA=09:31:26 | estimated_finish=2026-06-17 18:24:55
Epoch 538/1000 finished | loss=0.412355 | dice_loss=0.402851 | bce=0.008061 | mse=0.001443 | lr=4.99089e-05 | epoch_time=00:01:04 | elapsed=11:03:50 | ETA=09:30:04 | estimated_finish=2026-06-17 18:24:37
Epoch 539/1000 finished | loss=0.426365 | dice_loss=0.415054 | bce=0.009583 | mse=0.001728 | lr=4.98116e-05 | epoch_time=00:01:04 | elapsed=11:04:55 | ETA=09:28:41 | estimated_finish=2026-06-17 18:24:19
Epoch 540/1000 finished | loss=0.409819 | dice_loss=0.397140 | bce=0.010776 | mse=0.001903 | lr=4.97144e-05 | epoch_time=00:01:05 | elapsed=11:06:00 | ETA=09:27:20 | estimated_finish=2026-06-17 18:24:04
Quick validation epoch=540 | pseudo_dice=0.402926 | val_time=00:00:06
Epoch 541/1000 finished | loss=0.405814 | dice_loss=0.397272 | bce=0.007256 | mse=0.001286 | lr=4.96171e-05 | epoch_time=00:01:05 | elapsed=11:07:13 | ETA=09:26:05 | estimated_finish=2026-06-17 18:24:01
Epoch 542/1000 finished | loss=0.430821 | dice_loss=0.421897 | bce=0.007579 | mse=0.001344 | lr=4.95198e-05 | epoch_time=00:01:06 | elapsed=11:08:19 | ETA=09:24:45 | estimated_finish=2026-06-17 18:23:47
Epoch 543/1000 finished | loss=0.408424 | dice_loss=0.397253 | bce=0.009498 | mse=0.001673 | lr=4.94225e-05 | epoch_time=00:01:02 | elapsed=11:09:22 | ETA=09:23:21 | estimated_finish=2026-06-17 18:23:26
Epoch 544/1000 finished | loss=0.394031 | dice_loss=0.381301 | bce=0.010892 | mse=0.001839 | lr=4.93251e-05 | epoch_time=00:01:04 | elapsed=11:10:27 | ETA=09:21:59 | estimated_finish=2026-06-17 18:23:10
Epoch 545/1000 finished | loss=0.412954 | dice_loss=0.400982 | bce=0.010200 | mse=0.001772 | lr=4.92278e-05 | epoch_time=00:01:03 | elapsed=11:11:30 | ETA=09:20:37 | estimated_finish=2026-06-17 18:22:50
Quick validation epoch=545 | pseudo_dice=0.199249 | val_time=00:00:06
Epoch 546/1000 finished | loss=0.372478 | dice_loss=0.362387 | bce=0.008584 | mse=0.001508 | lr=4.91304e-05 | epoch_time=00:01:06 | elapsed=11:12:43 | ETA=09:19:22 | estimated_finish=2026-06-17 18:22:48
Epoch 547/1000 finished | loss=0.449961 | dice_loss=0.439717 | bce=0.008739 | mse=0.001506 | lr=4.9033e-05 | epoch_time=00:01:06 | elapsed=11:13:49 | ETA=09:18:02 | estimated_finish=2026-06-17 18:22:34
Epoch 548/1000 finished | loss=0.419409 | dice_loss=0.407275 | bce=0.010333 | mse=0.001801 | lr=4.89356e-05 | epoch_time=00:01:04 | elapsed=11:14:54 | ETA=09:16:40 | estimated_finish=2026-06-17 18:22:17
Epoch 549/1000 finished | loss=0.468929 | dice_loss=0.459259 | bce=0.008204 | mse=0.001466 | lr=4.88381e-05 | epoch_time=00:01:07 | elapsed=11:16:01 | ETA=09:15:21 | estimated_finish=2026-06-17 18:22:05
Epoch 550/1000 finished | loss=0.370081 | dice_loss=0.362533 | bce=0.006374 | mse=0.001174 | lr=4.87406e-05 | epoch_time=00:01:04 | elapsed=11:17:06 | ETA=09:13:59 | estimated_finish=2026-06-17 18:21:49
Quick validation epoch=550 | pseudo_dice=0.389069 | val_time=00:00:06
Epoch 551/1000 finished | loss=0.442139 | dice_loss=0.427021 | bce=0.012904 | mse=0.002214 | lr=4.86432e-05 | epoch_time=00:01:03 | elapsed=11:18:16 | ETA=09:12:42 | estimated_finish=2026-06-17 18:21:42
Epoch 552/1000 finished | loss=0.385931 | dice_loss=0.376764 | bce=0.007771 | mse=0.001396 | lr=4.85456e-05 | epoch_time=00:01:04 | elapsed=11:19:21 | ETA=09:11:21 | estimated_finish=2026-06-17 18:21:26
Epoch 553/1000 finished | loss=0.414478 | dice_loss=0.403642 | bce=0.009265 | mse=0.001572 | lr=4.84481e-05 | epoch_time=00:01:03 | elapsed=11:20:25 | ETA=09:09:59 | estimated_finish=2026-06-17 18:21:07
Epoch 554/1000 finished | loss=0.429362 | dice_loss=0.418052 | bce=0.009576 | mse=0.001734 | lr=4.83505e-05 | epoch_time=00:01:03 | elapsed=11:21:28 | ETA=09:08:37 | estimated_finish=2026-06-17 18:20:49
Epoch 555/1000 finished | loss=0.432505 | dice_loss=0.423542 | bce=0.007660 | mse=0.001303 | lr=4.8253e-05 | epoch_time=00:01:04 | elapsed=11:22:33 | ETA=09:07:16 | estimated_finish=2026-06-17 18:20:33
Quick validation epoch=555 | pseudo_dice=0.066499 | val_time=00:00:06
Epoch 556/1000 finished | loss=0.457296 | dice_loss=0.443183 | bce=0.012029 | mse=0.002084 | lr=4.81554e-05 | epoch_time=00:01:04 | elapsed=11:23:45 | ETA=09:06:01 | estimated_finish=2026-06-17 18:20:29
Epoch 557/1000 finished | loss=0.435857 | dice_loss=0.427441 | bce=0.007069 | mse=0.001347 | lr=4.80577e-05 | epoch_time=00:01:04 | elapsed=11:24:49 | ETA=09:04:39 | estimated_finish=2026-06-17 18:20:12
Epoch 558/1000 finished | loss=0.411371 | dice_loss=0.401377 | bce=0.008522 | mse=0.001471 | lr=4.79601e-05 | epoch_time=00:01:05 | elapsed=11:25:55 | ETA=09:03:19 | estimated_finish=2026-06-17 18:19:58
Epoch 559/1000 finished | loss=0.417152 | dice_loss=0.407435 | bce=0.008291 | mse=0.001427 | lr=4.78624e-05 | epoch_time=00:01:04 | elapsed=11:27:00 | ETA=09:01:59 | estimated_finish=2026-06-17 18:19:42
Epoch 560/1000 finished | loss=0.406476 | dice_loss=0.396935 | bce=0.008145 | mse=0.001396 | lr=4.77647e-05 | epoch_time=00:01:04 | elapsed=11:28:04 | ETA=09:00:37 | estimated_finish=2026-06-17 18:19:25
Quick validation epoch=560 | pseudo_dice=0.542964 | val_time=00:00:06
New best model saved by quick validation | pseudo_dice=0.542964 | epoch=560
Epoch 561/1000 finished | loss=0.421545 | dice_loss=0.411564 | bce=0.008556 | mse=0.001425 | lr=4.7667e-05 | epoch_time=00:01:05 | elapsed=11:29:17 | ETA=08:59:23 | estimated_finish=2026-06-17 18:19:23
Epoch 562/1000 finished | loss=0.460383 | dice_loss=0.452293 | bce=0.006881 | mse=0.001209 | lr=4.75693e-05 | epoch_time=00:01:08 | elapsed=11:30:25 | ETA=08:58:05 | estimated_finish=2026-06-17 18:19:13
Epoch 563/1000 finished | loss=0.391325 | dice_loss=0.382054 | bce=0.007881 | mse=0.001390 | lr=4.74715e-05 | epoch_time=00:01:03 | elapsed=11:31:29 | ETA=08:56:43 | estimated_finish=2026-06-17 18:18:55
Epoch 564/1000 finished | loss=0.455669 | dice_loss=0.446511 | bce=0.007849 | mse=0.001309 | lr=4.73738e-05 | epoch_time=00:01:04 | elapsed=11:32:33 | ETA=08:55:23 | estimated_finish=2026-06-17 18:18:39
Epoch 565/1000 finished | loss=0.441010 | dice_loss=0.430598 | bce=0.008850 | mse=0.001563 | lr=4.7276e-05 | epoch_time=00:01:05 | elapsed=11:33:39 | ETA=08:54:03 | estimated_finish=2026-06-17 18:18:25
Quick validation epoch=565 | pseudo_dice=0.383739 | val_time=00:00:06
Epoch 566/1000 finished | loss=0.477373 | dice_loss=0.465229 | bce=0.010363 | mse=0.001782 | lr=4.71781e-05 | epoch_time=00:01:05 | elapsed=11:34:51 | ETA=08:52:48 | estimated_finish=2026-06-17 18:18:23
Epoch 567/1000 finished | loss=0.490825 | dice_loss=0.480776 | bce=0.008470 | mse=0.001579 | lr=4.70803e-05 | epoch_time=00:01:06 | elapsed=11:35:58 | ETA=08:51:29 | estimated_finish=2026-06-17 18:18:10
Epoch 568/1000 finished | loss=0.476676 | dice_loss=0.468470 | bce=0.006969 | mse=0.001237 | lr=4.69824e-05 | epoch_time=00:01:06 | elapsed=11:37:04 | ETA=08:50:10 | estimated_finish=2026-06-17 18:17:57
Epoch 569/1000 finished | loss=0.401434 | dice_loss=0.391660 | bce=0.008323 | mse=0.001451 | lr=4.68845e-05 | epoch_time=00:01:04 | elapsed=11:38:09 | ETA=08:48:50 | estimated_finish=2026-06-17 18:17:42
Epoch 570/1000 finished | loss=0.457994 | dice_loss=0.448504 | bce=0.008103 | mse=0.001387 | lr=4.67866e-05 | epoch_time=00:01:04 | elapsed=11:39:14 | ETA=08:47:29 | estimated_finish=2026-06-17 18:17:26
Quick validation epoch=570 | pseudo_dice=0.260178 | val_time=00:00:06
Epoch 571/1000 finished | loss=0.383041 | dice_loss=0.374937 | bce=0.006898 | mse=0.001206 | lr=4.66887e-05 | epoch_time=00:01:08 | elapsed=11:40:29 | ETA=08:46:17 | estimated_finish=2026-06-17 18:17:29
Epoch 572/1000 finished | loss=0.374134 | dice_loss=0.362762 | bce=0.009712 | mse=0.001660 | lr=4.65907e-05 | epoch_time=00:01:04 | elapsed=11:41:34 | ETA=08:44:57 | estimated_finish=2026-06-17 18:17:14
Epoch 573/1000 finished | loss=0.444230 | dice_loss=0.436195 | bce=0.006862 | mse=0.001173 | lr=4.64927e-05 | epoch_time=00:01:03 | elapsed=11:42:38 | ETA=08:43:36 | estimated_finish=2026-06-17 18:16:57
Epoch 574/1000 finished | loss=0.410914 | dice_loss=0.397893 | bce=0.011131 | mse=0.001889 | lr=4.63947e-05 | epoch_time=00:01:05 | elapsed=11:43:43 | ETA=08:42:16 | estimated_finish=2026-06-17 18:16:42
Epoch 575/1000 finished | loss=0.407746 | dice_loss=0.399232 | bce=0.007204 | mse=0.001310 | lr=4.62967e-05 | epoch_time=00:01:05 | elapsed=11:44:49 | ETA=08:40:57 | estimated_finish=2026-06-17 18:16:29
Quick validation epoch=575 | pseudo_dice=0.231571 | val_time=00:00:06
Epoch 576/1000 finished | loss=0.439438 | dice_loss=0.427028 | bce=0.010600 | mse=0.001811 | lr=4.61986e-05 | epoch_time=00:01:02 | elapsed=11:45:59 | ETA=08:39:41 | estimated_finish=2026-06-17 18:16:23
Epoch 577/1000 finished | loss=0.408663 | dice_loss=0.396894 | bce=0.010033 | mse=0.001736 | lr=4.61006e-05 | epoch_time=00:01:02 | elapsed=11:47:02 | ETA=08:38:19 | estimated_finish=2026-06-17 18:16:04
Epoch 578/1000 finished | loss=0.441767 | dice_loss=0.430966 | bce=0.009220 | mse=0.001581 | lr=4.60025e-05 | epoch_time=00:01:05 | elapsed=11:48:08 | ETA=08:37:00 | estimated_finish=2026-06-17 18:15:51
Epoch 579/1000 finished | loss=0.434421 | dice_loss=0.425547 | bce=0.007551 | mse=0.001323 | lr=4.59044e-05 | epoch_time=00:01:03 | elapsed=11:49:11 | ETA=08:35:39 | estimated_finish=2026-06-17 18:15:34
Epoch 580/1000 finished | loss=0.412223 | dice_loss=0.401909 | bce=0.008812 | mse=0.001501 | lr=4.58062e-05 | epoch_time=00:01:04 | elapsed=11:50:16 | ETA=08:34:20 | estimated_finish=2026-06-17 18:15:20
Quick validation epoch=580 | pseudo_dice=0.368396 | val_time=00:00:06
Epoch 581/1000 finished | loss=0.393649 | dice_loss=0.384184 | bce=0.007993 | mse=0.001471 | lr=4.5708e-05 | epoch_time=00:01:04 | elapsed=11:51:28 | ETA=08:33:05 | estimated_finish=2026-06-17 18:15:16
Epoch 582/1000 finished | loss=0.389622 | dice_loss=0.378157 | bce=0.009810 | mse=0.001655 | lr=4.56099e-05 | epoch_time=00:01:03 | elapsed=11:52:31 | ETA=08:31:44 | estimated_finish=2026-06-17 18:14:59
Epoch 583/1000 finished | loss=0.393165 | dice_loss=0.384811 | bce=0.007042 | mse=0.001313 | lr=4.55116e-05 | epoch_time=00:01:06 | elapsed=11:53:38 | ETA=08:30:26 | estimated_finish=2026-06-17 18:14:48
Epoch 584/1000 finished | loss=0.434431 | dice_loss=0.423695 | bce=0.009182 | mse=0.001554 | lr=4.54134e-05 | epoch_time=00:01:03 | elapsed=11:54:42 | ETA=08:29:06 | estimated_finish=2026-06-17 18:14:32
Epoch 585/1000 finished | loss=0.353576 | dice_loss=0.344213 | bce=0.007996 | mse=0.001367 | lr=4.53151e-05 | epoch_time=00:01:03 | elapsed=11:55:46 | ETA=08:27:46 | estimated_finish=2026-06-17 18:14:16
Quick validation epoch=585 | pseudo_dice=0.150716 | val_time=00:00:07
Epoch 586/1000 finished | loss=0.426499 | dice_loss=0.414863 | bce=0.009891 | mse=0.001745 | lr=4.52169e-05 | epoch_time=00:01:04 | elapsed=11:56:58 | ETA=08:26:31 | estimated_finish=2026-06-17 18:14:13
Epoch 587/1000 finished | loss=0.442934 | dice_loss=0.433498 | bce=0.008043 | mse=0.001393 | lr=4.51185e-05 | epoch_time=00:01:04 | elapsed=11:58:03 | ETA=08:25:12 | estimated_finish=2026-06-17 18:13:58
Epoch 588/1000 finished | loss=0.416689 | dice_loss=0.408331 | bce=0.007107 | mse=0.001251 | lr=4.50202e-05 | epoch_time=00:01:06 | elapsed=11:59:10 | ETA=08:23:54 | estimated_finish=2026-06-17 18:13:48
Epoch 589/1000 finished | loss=0.438693 | dice_loss=0.428318 | bce=0.008847 | mse=0.001528 | lr=4.49219e-05 | epoch_time=00:01:04 | elapsed=12:00:15 | ETA=08:22:35 | estimated_finish=2026-06-17 18:13:33
Epoch 590/1000 finished | loss=0.435502 | dice_loss=0.422819 | bce=0.010791 | mse=0.001892 | lr=4.48235e-05 | epoch_time=00:01:04 | elapsed=12:01:19 | ETA=08:21:15 | estimated_finish=2026-06-17 18:13:18
Quick validation epoch=590 | pseudo_dice=0.266827 | val_time=00:00:06
Epoch 591/1000 finished | loss=0.440415 | dice_loss=0.431724 | bce=0.007377 | mse=0.001313 | lr=4.47251e-05 | epoch_time=00:01:04 | elapsed=12:02:30 | ETA=08:20:00 | estimated_finish=2026-06-17 18:13:14
Epoch 592/1000 finished | loss=0.382089 | dice_loss=0.372518 | bce=0.008133 | mse=0.001439 | lr=4.46266e-05 | epoch_time=00:01:04 | elapsed=12:03:35 | ETA=08:18:41 | estimated_finish=2026-06-17 18:13:00
Epoch 593/1000 finished | loss=0.474931 | dice_loss=0.466211 | bce=0.007453 | mse=0.001267 | lr=4.45282e-05 | epoch_time=00:01:03 | elapsed=12:04:39 | ETA=08:17:21 | estimated_finish=2026-06-17 18:12:44
Epoch 594/1000 finished | loss=0.392315 | dice_loss=0.382377 | bce=0.008435 | mse=0.001503 | lr=4.44297e-05 | epoch_time=00:01:04 | elapsed=12:05:44 | ETA=08:16:02 | estimated_finish=2026-06-17 18:12:30
Epoch 595/1000 finished | loss=0.435218 | dice_loss=0.425548 | bce=0.008259 | mse=0.001410 | lr=4.43312e-05 | epoch_time=00:01:05 | elapsed=12:06:50 | ETA=08:14:44 | estimated_finish=2026-06-17 18:12:18
Quick validation epoch=595 | pseudo_dice=0.361688 | val_time=00:00:06
Epoch 596/1000 finished | loss=0.462180 | dice_loss=0.453238 | bce=0.007691 | mse=0.001251 | lr=4.42327e-05 | epoch_time=00:01:06 | elapsed=12:08:03 | ETA=08:13:31 | estimated_finish=2026-06-17 18:12:18
Epoch 597/1000 finished | loss=0.402002 | dice_loss=0.389625 | bce=0.010492 | mse=0.001885 | lr=4.41341e-05 | epoch_time=00:01:03 | elapsed=12:09:07 | ETA=08:12:11 | estimated_finish=2026-06-17 18:12:01
Epoch 598/1000 finished | loss=0.423901 | dice_loss=0.412756 | bce=0.009496 | mse=0.001648 | lr=4.40356e-05 | epoch_time=00:01:04 | elapsed=12:10:12 | ETA=08:10:52 | estimated_finish=2026-06-17 18:11:47
Epoch 599/1000 finished | loss=0.417143 | dice_loss=0.407865 | bce=0.007902 | mse=0.001376 | lr=4.3937e-05 | epoch_time=00:01:04 | elapsed=12:11:17 | ETA=08:09:33 | estimated_finish=2026-06-17 18:11:34
Epoch 600/1000 finished | loss=0.385918 | dice_loss=0.375766 | bce=0.008571 | mse=0.001582 | lr=4.38383e-05 | epoch_time=00:01:03 | elapsed=12:12:21 | ETA=08:08:14 | estimated_finish=2026-06-17 18:11:18
Quick validation epoch=600 | pseudo_dice=0.325098 | val_time=00:00:06
Full validation epoch=600 | mean_dice=0.175380 | val_time=00:12:16
Epoch 601/1000 finished | loss=0.424792 | dice_loss=0.414406 | bce=0.008927 | mse=0.001459 | lr=4.37397e-05 | epoch_time=00:01:08 | elapsed=12:25:53 | ETA=08:15:11 | estimated_finish=2026-06-17 18:31:48
Epoch 602/1000 finished | loss=0.399235 | dice_loss=0.387657 | bce=0.009839 | mse=0.001739 | lr=4.3641e-05 | epoch_time=00:01:08 | elapsed=12:27:02 | ETA=08:13:53 | estimated_finish=2026-06-17 18:31:38
Epoch 603/1000 finished | loss=0.434159 | dice_loss=0.422382 | bce=0.010016 | mse=0.001761 | lr=4.35423e-05 | epoch_time=00:01:06 | elapsed=12:28:08 | ETA=08:12:33 | estimated_finish=2026-06-17 18:31:25
Epoch 604/1000 finished | loss=0.408534 | dice_loss=0.398388 | bce=0.008615 | mse=0.001531 | lr=4.34436e-05 | epoch_time=00:01:05 | elapsed=12:29:14 | ETA=08:11:13 | estimated_finish=2026-06-17 18:31:11
Epoch 605/1000 finished | loss=0.413454 | dice_loss=0.403889 | bce=0.008089 | mse=0.001475 | lr=4.33448e-05 | epoch_time=00:01:06 | elapsed=12:30:21 | ETA=08:09:54 | estimated_finish=2026-06-17 18:30:58
Quick validation epoch=605 | pseudo_dice=0.244789 | val_time=00:00:06
Epoch 606/1000 finished | loss=0.454740 | dice_loss=0.443759 | bce=0.009344 | mse=0.001637 | lr=4.32461e-05 | epoch_time=00:01:07 | elapsed=12:31:35 | ETA=08:08:39 | estimated_finish=2026-06-17 18:30:58
Epoch 607/1000 finished | loss=0.420691 | dice_loss=0.412234 | bce=0.007251 | mse=0.001206 | lr=4.31473e-05 | epoch_time=00:01:04 | elapsed=12:32:40 | ETA=08:07:19 | estimated_finish=2026-06-17 18:30:43
Epoch 608/1000 finished | loss=0.435351 | dice_loss=0.425626 | bce=0.008277 | mse=0.001448 | lr=4.30484e-05 | epoch_time=00:01:04 | elapsed=12:33:45 | ETA=08:05:58 | estimated_finish=2026-06-17 18:30:27
Epoch 609/1000 finished | loss=0.425227 | dice_loss=0.414628 | bce=0.009033 | mse=0.001565 | lr=4.29496e-05 | epoch_time=00:01:06 | elapsed=12:34:52 | ETA=08:04:39 | estimated_finish=2026-06-17 18:30:14
Epoch 610/1000 finished | loss=0.472412 | dice_loss=0.460591 | bce=0.010080 | mse=0.001741 | lr=4.28507e-05 | epoch_time=00:01:07 | elapsed=12:35:59 | ETA=08:03:20 | estimated_finish=2026-06-17 18:30:02
Quick validation epoch=610 | pseudo_dice=0.272749 | val_time=00:00:06
Epoch 611/1000 finished | loss=0.406717 | dice_loss=0.399062 | bce=0.006517 | mse=0.001137 | lr=4.27518e-05 | epoch_time=00:01:06 | elapsed=12:37:13 | ETA=08:02:05 | estimated_finish=2026-06-17 18:30:01
Epoch 612/1000 finished | loss=0.456347 | dice_loss=0.443854 | bce=0.010648 | mse=0.001845 | lr=4.26529e-05 | epoch_time=00:01:05 | elapsed=12:38:18 | ETA=08:00:45 | estimated_finish=2026-06-17 18:29:46
Epoch 613/1000 finished | loss=0.390754 | dice_loss=0.380063 | bce=0.009087 | mse=0.001603 | lr=4.25539e-05 | epoch_time=00:01:07 | elapsed=12:39:26 | ETA=07:59:27 | estimated_finish=2026-06-17 18:29:36
Epoch 614/1000 finished | loss=0.418598 | dice_loss=0.408896 | bce=0.008211 | mse=0.001490 | lr=4.2455e-05 | epoch_time=00:01:08 | elapsed=12:40:35 | ETA=07:58:09 | estimated_finish=2026-06-17 18:29:27
Epoch 615/1000 finished | loss=0.439312 | dice_loss=0.430956 | bce=0.007081 | mse=0.001275 | lr=4.2356e-05 | epoch_time=00:01:06 | elapsed=12:41:41 | ETA=07:56:50 | estimated_finish=2026-06-17 18:29:14
Quick validation epoch=615 | pseudo_dice=0.359727 | val_time=00:00:06
Epoch 616/1000 finished | loss=0.423711 | dice_loss=0.414586 | bce=0.007765 | mse=0.001359 | lr=4.22569e-05 | epoch_time=00:01:07 | elapsed=12:42:56 | ETA=07:55:36 | estimated_finish=2026-06-17 18:29:15
Epoch 617/1000 finished | loss=0.407971 | dice_loss=0.397241 | bce=0.009075 | mse=0.001656 | lr=4.21579e-05 | epoch_time=00:01:07 | elapsed=12:44:04 | ETA=07:54:17 | estimated_finish=2026-06-17 18:29:05
Epoch 618/1000 finished | loss=0.392634 | dice_loss=0.383702 | bce=0.007577 | mse=0.001355 | lr=4.20588e-05 | epoch_time=00:01:05 | elapsed=12:45:10 | ETA=07:52:58 | estimated_finish=2026-06-17 18:28:51
Epoch 619/1000 finished | loss=0.382004 | dice_loss=0.369087 | bce=0.011052 | mse=0.001865 | lr=4.19597e-05 | epoch_time=00:01:04 | elapsed=12:46:15 | ETA=07:51:38 | estimated_finish=2026-06-17 18:28:36
Epoch 620/1000 finished | loss=0.419460 | dice_loss=0.411220 | bce=0.007065 | mse=0.001175 | lr=4.18606e-05 | epoch_time=00:01:05 | elapsed=12:47:21 | ETA=07:50:18 | estimated_finish=2026-06-17 18:28:22
Quick validation epoch=620 | pseudo_dice=0.276539 | val_time=00:00:06
Epoch 621/1000 finished | loss=0.421463 | dice_loss=0.411602 | bce=0.008395 | mse=0.001466 | lr=4.17614e-05 | epoch_time=00:01:04 | elapsed=12:48:33 | ETA=07:49:03 | estimated_finish=2026-06-17 18:28:19
Epoch 622/1000 finished | loss=0.394355 | dice_loss=0.382447 | bce=0.010143 | mse=0.001764 | lr=4.16622e-05 | epoch_time=00:01:05 | elapsed=12:49:38 | ETA=07:47:43 | estimated_finish=2026-06-17 18:28:05
Epoch 623/1000 finished | loss=0.437392 | dice_loss=0.426976 | bce=0.008934 | mse=0.001482 | lr=4.1563e-05 | epoch_time=00:01:04 | elapsed=12:50:43 | ETA=07:46:23 | estimated_finish=2026-06-17 18:27:50
Epoch 624/1000 finished | loss=0.381613 | dice_loss=0.373458 | bce=0.006922 | mse=0.001233 | lr=4.14638e-05 | epoch_time=00:01:03 | elapsed=12:51:47 | ETA=07:45:03 | estimated_finish=2026-06-17 18:27:34
Epoch 625/1000 finished | loss=0.388836 | dice_loss=0.378315 | bce=0.008910 | mse=0.001611 | lr=4.13645e-05 | epoch_time=00:01:05 | elapsed=12:52:53 | ETA=07:43:44 | estimated_finish=2026-06-17 18:27:20
Quick validation epoch=625 | pseudo_dice=0.228250 | val_time=00:00:07
Epoch 626/1000 finished | loss=0.444806 | dice_loss=0.436860 | bce=0.006749 | mse=0.001197 | lr=4.12652e-05 | epoch_time=00:01:08 | elapsed=12:54:09 | ETA=07:42:31 | estimated_finish=2026-06-17 18:27:23
Epoch 627/1000 finished | loss=0.409159 | dice_loss=0.399236 | bce=0.008519 | mse=0.001404 | lr=4.11659e-05 | epoch_time=00:01:04 | elapsed=12:55:14 | ETA=07:41:11 | estimated_finish=2026-06-17 18:27:09
Epoch 628/1000 finished | loss=0.379492 | dice_loss=0.370882 | bce=0.007278 | mse=0.001331 | lr=4.10666e-05 | epoch_time=00:01:06 | elapsed=12:56:21 | ETA=07:39:52 | estimated_finish=2026-06-17 18:26:57
Epoch 629/1000 finished | loss=0.435693 | dice_loss=0.427058 | bce=0.007379 | mse=0.001256 | lr=4.09672e-05 | epoch_time=00:01:11 | elapsed=12:57:33 | ETA=07:38:37 | estimated_finish=2026-06-17 18:26:53
Epoch 630/1000 finished | loss=0.419144 | dice_loss=0.408018 | bce=0.009407 | mse=0.001719 | lr=4.08678e-05 | epoch_time=00:01:06 | elapsed=12:58:40 | ETA=07:37:18 | estimated_finish=2026-06-17 18:26:41
Quick validation epoch=630 | pseudo_dice=0.433274 | val_time=00:00:07
Epoch 631/1000 finished | loss=0.410735 | dice_loss=0.401366 | bce=0.007953 | mse=0.001415 | lr=4.07684e-05 | epoch_time=00:01:05 | elapsed=12:59:53 | ETA=07:36:03 | estimated_finish=2026-06-17 18:26:40
Epoch 632/1000 finished | loss=0.383503 | dice_loss=0.372891 | bce=0.008971 | mse=0.001642 | lr=4.0669e-05 | epoch_time=00:01:03 | elapsed=13:00:57 | ETA=07:34:44 | estimated_finish=2026-06-17 18:26:24
Epoch 633/1000 finished | loss=0.375872 | dice_loss=0.367830 | bce=0.006770 | mse=0.001272 | lr=4.05695e-05 | epoch_time=00:01:04 | elapsed=13:02:02 | ETA=07:33:24 | estimated_finish=2026-06-17 18:26:09
Epoch 634/1000 finished | loss=0.421461 | dice_loss=0.409144 | bce=0.010539 | mse=0.001778 | lr=4.047e-05 | epoch_time=00:01:04 | elapsed=13:03:07 | ETA=07:32:05 | estimated_finish=2026-06-17 18:25:55
Epoch 635/1000 finished | loss=0.400242 | dice_loss=0.393054 | bce=0.006117 | mse=0.001070 | lr=4.03704e-05 | epoch_time=00:01:04 | elapsed=13:04:11 | ETA=07:30:45 | estimated_finish=2026-06-17 18:25:39
Quick validation epoch=635 | pseudo_dice=0.266554 | val_time=00:00:06
Epoch 636/1000 finished | loss=0.450801 | dice_loss=0.440200 | bce=0.009016 | mse=0.001585 | lr=4.02709e-05 | epoch_time=00:01:08 | elapsed=13:05:26 | ETA=07:29:31 | estimated_finish=2026-06-17 18:25:41
Epoch 637/1000 finished | loss=0.358554 | dice_loss=0.348704 | bce=0.008444 | mse=0.001406 | lr=4.01713e-05 | epoch_time=00:01:08 | elapsed=13:06:35 | ETA=07:28:14 | estimated_finish=2026-06-17 18:25:32
Epoch 638/1000 finished | loss=0.413679 | dice_loss=0.404292 | bce=0.007943 | mse=0.001443 | lr=4.00717e-05 | epoch_time=00:01:04 | elapsed=13:07:39 | ETA=07:26:55 | estimated_finish=2026-06-17 18:25:17
Epoch 639/1000 finished | loss=0.420297 | dice_loss=0.412406 | bce=0.006720 | mse=0.001170 | lr=3.99721e-05 | epoch_time=00:01:05 | elapsed=13:08:45 | ETA=07:25:36 | estimated_finish=2026-06-17 18:25:04
Epoch 640/1000 finished | loss=0.454383 | dice_loss=0.447002 | bce=0.006243 | mse=0.001137 | lr=3.98724e-05 | epoch_time=00:01:06 | elapsed=13:09:51 | ETA=07:24:17 | estimated_finish=2026-06-17 18:24:52
Quick validation epoch=640 | pseudo_dice=0.204743 | val_time=00:00:06
Epoch 641/1000 finished | loss=0.370551 | dice_loss=0.360160 | bce=0.008809 | mse=0.001582 | lr=3.97727e-05 | epoch_time=00:01:03 | elapsed=13:11:02 | ETA=07:23:02 | estimated_finish=2026-06-17 18:24:47
Epoch 642/1000 finished | loss=0.419691 | dice_loss=0.412625 | bce=0.005985 | mse=0.001081 | lr=3.9673e-05 | epoch_time=00:01:06 | elapsed=13:12:09 | ETA=07:21:43 | estimated_finish=2026-06-17 18:24:36
Epoch 643/1000 finished | loss=0.442811 | dice_loss=0.433412 | bce=0.008064 | mse=0.001336 | lr=3.95732e-05 | epoch_time=00:01:05 | elapsed=13:13:14 | ETA=07:20:25 | estimated_finish=2026-06-17 18:24:22
Epoch 644/1000 finished | loss=0.425309 | dice_loss=0.417042 | bce=0.007017 | mse=0.001250 | lr=3.94734e-05 | epoch_time=00:01:06 | elapsed=13:14:21 | ETA=07:19:07 | estimated_finish=2026-06-17 18:24:11
Epoch 645/1000 finished | loss=0.439327 | dice_loss=0.428489 | bce=0.009273 | mse=0.001566 | lr=3.93736e-05 | epoch_time=00:01:03 | elapsed=13:15:25 | ETA=07:17:47 | estimated_finish=2026-06-17 18:23:55
Quick validation epoch=645 | pseudo_dice=0.419518 | val_time=00:00:06
Epoch 646/1000 finished | loss=0.452429 | dice_loss=0.443918 | bce=0.007275 | mse=0.001236 | lr=3.92738e-05 | epoch_time=00:01:06 | elapsed=13:16:39 | ETA=07:16:33 | estimated_finish=2026-06-17 18:23:55
Epoch 647/1000 finished | loss=0.414879 | dice_loss=0.404734 | bce=0.008644 | mse=0.001502 | lr=3.91739e-05 | epoch_time=00:01:05 | elapsed=13:17:44 | ETA=07:15:14 | estimated_finish=2026-06-17 18:23:42
Epoch 648/1000 finished | loss=0.388348 | dice_loss=0.378348 | bce=0.008533 | mse=0.001466 | lr=3.9074e-05 | epoch_time=00:01:06 | elapsed=13:18:51 | ETA=07:13:57 | estimated_finish=2026-06-17 18:23:31
Epoch 649/1000 finished | loss=0.387344 | dice_loss=0.378470 | bce=0.007552 | mse=0.001322 | lr=3.89741e-05 | epoch_time=00:01:06 | elapsed=13:19:58 | ETA=07:12:39 | estimated_finish=2026-06-17 18:23:20
Epoch 650/1000 finished | loss=0.434614 | dice_loss=0.424973 | bce=0.008198 | mse=0.001443 | lr=3.88742e-05 | epoch_time=00:01:05 | elapsed=13:21:04 | ETA=07:11:20 | estimated_finish=2026-06-17 18:23:07
Quick validation epoch=650 | pseudo_dice=0.507279 | val_time=00:00:06
Epoch 651/1000 finished | loss=0.385424 | dice_loss=0.376045 | bce=0.007918 | mse=0.001461 | lr=3.87742e-05 | epoch_time=00:01:06 | elapsed=13:22:18 | ETA=07:10:06 | estimated_finish=2026-06-17 18:23:07
Epoch 652/1000 finished | loss=0.432909 | dice_loss=0.421865 | bce=0.009316 | mse=0.001728 | lr=3.86742e-05 | epoch_time=00:01:05 | elapsed=13:23:23 | ETA=07:08:48 | estimated_finish=2026-06-17 18:22:55
Epoch 653/1000 finished | loss=0.422986 | dice_loss=0.414381 | bce=0.007305 | mse=0.001299 | lr=3.85742e-05 | epoch_time=00:01:07 | elapsed=13:24:31 | ETA=07:07:31 | estimated_finish=2026-06-17 18:22:45
Epoch 654/1000 finished | loss=0.427827 | dice_loss=0.415168 | bce=0.010786 | mse=0.001873 | lr=3.84741e-05 | epoch_time=00:01:09 | elapsed=13:25:41 | ETA=07:06:15 | estimated_finish=2026-06-17 18:22:39
Epoch 655/1000 finished | loss=0.399981 | dice_loss=0.387054 | bce=0.011045 | mse=0.001882 | lr=3.8374e-05 | epoch_time=00:01:06 | elapsed=13:26:47 | ETA=07:04:57 | estimated_finish=2026-06-17 18:22:28
Quick validation epoch=655 | pseudo_dice=0.311704 | val_time=00:00:06
Epoch 656/1000 finished | loss=0.448568 | dice_loss=0.440711 | bce=0.006624 | mse=0.001233 | lr=3.82739e-05 | epoch_time=00:01:05 | elapsed=13:28:00 | ETA=07:03:42 | estimated_finish=2026-06-17 18:22:25
Epoch 657/1000 finished | loss=0.417836 | dice_loss=0.409983 | bce=0.006664 | mse=0.001189 | lr=3.81737e-05 | epoch_time=00:01:06 | elapsed=13:29:06 | ETA=07:02:24 | estimated_finish=2026-06-17 18:22:14
Epoch 658/1000 finished | loss=0.437497 | dice_loss=0.428136 | bce=0.008016 | mse=0.001346 | lr=3.80736e-05 | epoch_time=00:01:04 | elapsed=13:30:11 | ETA=07:01:06 | estimated_finish=2026-06-17 18:22:01
Epoch 659/1000 finished | loss=0.429951 | dice_loss=0.420838 | bce=0.007747 | mse=0.001366 | lr=3.79734e-05 | epoch_time=00:01:04 | elapsed=13:31:16 | ETA=06:59:47 | estimated_finish=2026-06-17 18:21:47
Epoch 660/1000 finished | loss=0.403168 | dice_loss=0.395265 | bce=0.006622 | mse=0.001281 | lr=3.78731e-05 | epoch_time=00:01:07 | elapsed=13:32:24 | ETA=06:58:30 | estimated_finish=2026-06-17 18:21:37
Quick validation epoch=660 | pseudo_dice=0.299639 | val_time=00:00:06
Epoch 661/1000 finished | loss=0.439108 | dice_loss=0.429395 | bce=0.008249 | mse=0.001465 | lr=3.77728e-05 | epoch_time=00:01:07 | elapsed=13:33:38 | ETA=06:57:17 | estimated_finish=2026-06-17 18:21:39
Epoch 662/1000 finished | loss=0.423815 | dice_loss=0.411385 | bce=0.010561 | mse=0.001869 | lr=3.76726e-05 | epoch_time=00:01:05 | elapsed=13:34:44 | ETA=06:55:59 | estimated_finish=2026-06-17 18:21:26
Epoch 663/1000 finished | loss=0.464963 | dice_loss=0.454068 | bce=0.009179 | mse=0.001716 | lr=3.75722e-05 | epoch_time=00:01:04 | elapsed=13:35:49 | ETA=06:54:40 | estimated_finish=2026-06-17 18:21:13
Epoch 664/1000 finished | loss=0.440375 | dice_loss=0.430972 | bce=0.007928 | mse=0.001475 | lr=3.74719e-05 | epoch_time=00:01:05 | elapsed=13:36:55 | ETA=06:53:23 | estimated_finish=2026-06-17 18:21:01
Epoch 665/1000 finished | loss=0.422389 | dice_loss=0.413135 | bce=0.007845 | mse=0.001409 | lr=3.73715e-05 | epoch_time=00:01:09 | elapsed=13:38:05 | ETA=06:52:07 | estimated_finish=2026-06-17 18:20:55
Quick validation epoch=665 | pseudo_dice=0.424390 | val_time=00:00:07
Epoch 666/1000 finished | loss=0.430660 | dice_loss=0.421973 | bce=0.007361 | mse=0.001326 | lr=3.72711e-05 | epoch_time=00:01:08 | elapsed=13:39:21 | ETA=06:50:54 | estimated_finish=2026-06-17 18:20:59
Epoch 667/1000 finished | loss=0.407751 | dice_loss=0.398905 | bce=0.007534 | mse=0.001313 | lr=3.71706e-05 | epoch_time=00:01:08 | elapsed=13:40:30 | ETA=06:49:38 | estimated_finish=2026-06-17 18:20:52
Epoch 668/1000 finished | loss=0.397884 | dice_loss=0.388519 | bce=0.007917 | mse=0.001448 | lr=3.70701e-05 | epoch_time=00:01:08 | elapsed=13:41:39 | ETA=06:48:22 | estimated_finish=2026-06-17 18:20:44
Epoch 669/1000 finished | loss=0.386263 | dice_loss=0.376106 | bce=0.008678 | mse=0.001479 | lr=3.69696e-05 | epoch_time=00:01:09 | elapsed=13:42:49 | ETA=06:47:06 | estimated_finish=2026-06-17 18:20:38
Epoch 670/1000 finished | loss=0.502526 | dice_loss=0.493598 | bce=0.007604 | mse=0.001324 | lr=3.68691e-05 | epoch_time=00:01:06 | elapsed=13:43:56 | ETA=06:45:49 | estimated_finish=2026-06-17 18:20:28
Quick validation epoch=670 | pseudo_dice=0.227256 | val_time=00:00:06
Epoch 671/1000 finished | loss=0.369935 | dice_loss=0.360361 | bce=0.008181 | mse=0.001393 | lr=3.67685e-05 | epoch_time=00:01:07 | elapsed=13:45:10 | ETA=06:44:35 | estimated_finish=2026-06-17 18:20:29
Epoch 672/1000 finished | loss=0.442813 | dice_loss=0.432317 | bce=0.008908 | mse=0.001587 | lr=3.66679e-05 | epoch_time=00:01:06 | elapsed=13:46:17 | ETA=06:43:18 | estimated_finish=2026-06-17 18:20:19
Epoch 673/1000 finished | loss=0.411061 | dice_loss=0.399835 | bce=0.009563 | mse=0.001663 | lr=3.65673e-05 | epoch_time=00:01:05 | elapsed=13:47:23 | ETA=06:42:01 | estimated_finish=2026-06-17 18:20:07
Epoch 674/1000 finished | loss=0.421489 | dice_loss=0.411755 | bce=0.008232 | mse=0.001501 | lr=3.64666e-05 | epoch_time=00:01:04 | elapsed=13:48:28 | ETA=06:40:42 | estimated_finish=2026-06-17 18:19:54
Epoch 675/1000 finished | loss=0.354522 | dice_loss=0.345292 | bce=0.007884 | mse=0.001347 | lr=3.6366e-05 | epoch_time=00:01:05 | elapsed=13:49:34 | ETA=06:39:25 | estimated_finish=2026-06-17 18:19:43
Quick validation epoch=675 | pseudo_dice=0.342740 | val_time=00:00:06
Epoch 676/1000 finished | loss=0.465001 | dice_loss=0.454631 | bce=0.008809 | mse=0.001561 | lr=3.62652e-05 | epoch_time=00:01:04 | elapsed=13:50:46 | ETA=06:38:10 | estimated_finish=2026-06-17 18:19:40
Epoch 677/1000 finished | loss=0.360691 | dice_loss=0.349115 | bce=0.009857 | mse=0.001720 | lr=3.61645e-05 | epoch_time=00:01:05 | elapsed=13:51:51 | ETA=06:36:53 | estimated_finish=2026-06-17 18:19:28
Epoch 678/1000 finished | loss=0.423809 | dice_loss=0.414497 | bce=0.007913 | mse=0.001399 | lr=3.60637e-05 | epoch_time=00:01:05 | elapsed=13:52:57 | ETA=06:35:35 | estimated_finish=2026-06-17 18:19:16
Epoch 679/1000 finished | loss=0.374625 | dice_loss=0.365659 | bce=0.007597 | mse=0.001369 | lr=3.59629e-05 | epoch_time=00:01:05 | elapsed=13:54:03 | ETA=06:34:18 | estimated_finish=2026-06-17 18:19:05
Epoch 680/1000 finished | loss=0.396548 | dice_loss=0.388297 | bce=0.006968 | mse=0.001284 | lr=3.5862e-05 | epoch_time=00:01:07 | elapsed=13:55:11 | ETA=06:33:01 | estimated_finish=2026-06-17 18:18:55
Quick validation epoch=680 | pseudo_dice=0.454936 | val_time=00:00:06
Epoch 681/1000 finished | loss=0.410941 | dice_loss=0.402857 | bce=0.006833 | mse=0.001250 | lr=3.57612e-05 | epoch_time=00:01:05 | elapsed=13:56:23 | ETA=06:31:47 | estimated_finish=2026-06-17 18:18:54
Epoch 682/1000 finished | loss=0.413749 | dice_loss=0.404093 | bce=0.008202 | mse=0.001454 | lr=3.56603e-05 | epoch_time=00:01:07 | elapsed=13:57:31 | ETA=06:30:31 | estimated_finish=2026-06-17 18:18:45
Epoch 683/1000 finished | loss=0.440352 | dice_loss=0.431296 | bce=0.007689 | mse=0.001367 | lr=3.55593e-05 | epoch_time=00:01:06 | elapsed=13:58:38 | ETA=06:29:14 | estimated_finish=2026-06-17 18:18:35
Epoch 684/1000 finished | loss=0.444605 | dice_loss=0.436536 | bce=0.006863 | mse=0.001206 | lr=3.54583e-05 | epoch_time=00:01:04 | elapsed=13:59:43 | ETA=06:27:56 | estimated_finish=2026-06-17 18:18:23
Epoch 685/1000 finished | loss=0.398072 | dice_loss=0.386671 | bce=0.009805 | mse=0.001596 | lr=3.53573e-05 | epoch_time=00:01:05 | elapsed=14:00:49 | ETA=06:26:39 | estimated_finish=2026-06-17 18:18:12
Quick validation epoch=685 | pseudo_dice=0.242740 | val_time=00:00:07
Epoch 686/1000 finished | loss=0.422462 | dice_loss=0.411169 | bce=0.009589 | mse=0.001704 | lr=3.52563e-05 | epoch_time=00:01:04 | elapsed=14:02:02 | ETA=06:25:25 | estimated_finish=2026-06-17 18:18:10
Epoch 687/1000 finished | loss=0.396631 | dice_loss=0.387488 | bce=0.007772 | mse=0.001371 | lr=3.51552e-05 | epoch_time=00:01:07 | elapsed=14:03:09 | ETA=06:24:08 | estimated_finish=2026-06-17 18:18:01
Epoch 688/1000 finished | loss=0.470716 | dice_loss=0.458837 | bce=0.010118 | mse=0.001761 | lr=3.50541e-05 | epoch_time=00:01:06 | elapsed=14:04:16 | ETA=06:22:51 | estimated_finish=2026-06-17 18:17:50
Epoch 689/1000 finished | loss=0.438145 | dice_loss=0.428142 | bce=0.008512 | mse=0.001491 | lr=3.4953e-05 | epoch_time=00:01:08 | elapsed=14:05:25 | ETA=06:21:36 | estimated_finish=2026-06-17 18:17:44
Epoch 690/1000 finished | loss=0.409763 | dice_loss=0.400232 | bce=0.008062 | mse=0.001469 | lr=3.48518e-05 | epoch_time=00:01:05 | elapsed=14:06:30 | ETA=06:20:18 | estimated_finish=2026-06-17 18:17:32
Quick validation epoch=690 | pseudo_dice=0.285484 | val_time=00:00:07
Epoch 691/1000 finished | loss=0.405273 | dice_loss=0.395610 | bce=0.008282 | mse=0.001380 | lr=3.47506e-05 | epoch_time=00:01:06 | elapsed=14:07:44 | ETA=06:19:05 | estimated_finish=2026-06-17 18:17:32
Epoch 692/1000 finished | loss=0.445186 | dice_loss=0.435455 | bce=0.008249 | mse=0.001483 | lr=3.46494e-05 | epoch_time=00:01:07 | elapsed=14:08:51 | ETA=06:17:49 | estimated_finish=2026-06-17 18:17:23
Epoch 693/1000 finished | loss=0.468993 | dice_loss=0.457612 | bce=0.009643 | mse=0.001738 | lr=3.45481e-05 | epoch_time=00:01:07 | elapsed=14:09:59 | ETA=06:16:32 | estimated_finish=2026-06-17 18:17:15
Epoch 694/1000 finished | loss=0.411129 | dice_loss=0.402560 | bce=0.007239 | mse=0.001329 | lr=3.44468e-05 | epoch_time=00:01:06 | elapsed=14:11:06 | ETA=06:15:16 | estimated_finish=2026-06-17 18:17:05
Epoch 695/1000 finished | loss=0.389029 | dice_loss=0.378071 | bce=0.009269 | mse=0.001688 | lr=3.43455e-05 | epoch_time=00:01:06 | elapsed=14:12:12 | ETA=06:13:59 | estimated_finish=2026-06-17 18:16:55
Quick validation epoch=695 | pseudo_dice=0.483707 | val_time=00:00:07
Epoch 696/1000 finished | loss=0.396549 | dice_loss=0.387229 | bce=0.007871 | mse=0.001449 | lr=3.42441e-05 | epoch_time=00:01:13 | elapsed=14:13:33 | ETA=06:12:49 | estimated_finish=2026-06-17 18:17:05
Epoch 697/1000 finished | loss=0.421011 | dice_loss=0.411788 | bce=0.007902 | mse=0.001320 | lr=3.41427e-05 | epoch_time=00:01:08 | elapsed=14:14:42 | ETA=06:11:33 | estimated_finish=2026-06-17 18:16:58
Epoch 698/1000 finished | loss=0.379465 | dice_loss=0.369942 | bce=0.008053 | mse=0.001470 | lr=3.40413e-05 | epoch_time=00:01:05 | elapsed=14:15:48 | ETA=06:10:16 | estimated_finish=2026-06-17 18:16:47
Epoch 699/1000 finished | loss=0.448254 | dice_loss=0.436935 | bce=0.009622 | mse=0.001698 | lr=3.39398e-05 | epoch_time=00:01:04 | elapsed=14:16:52 | ETA=06:08:58 | estimated_finish=2026-06-17 18:16:34
Epoch 700/1000 finished | loss=0.450204 | dice_loss=0.441565 | bce=0.007331 | mse=0.001308 | lr=3.38383e-05 | epoch_time=00:01:06 | elapsed=14:17:59 | ETA=06:07:42 | estimated_finish=2026-06-17 18:16:24
Quick validation epoch=700 | pseudo_dice=0.346064 | val_time=00:00:07
Full validation epoch=700 | mean_dice=0.239671 | val_time=00:12:17
Epoch 701/1000 finished | loss=0.432470 | dice_loss=0.421454 | bce=0.009317 | mse=0.001698 | lr=3.37368e-05 | epoch_time=00:01:06 | elapsed=14:31:30 | ETA=06:11:43 | estimated_finish=2026-06-17 18:33:56
Epoch 702/1000 finished | loss=0.391393 | dice_loss=0.381321 | bce=0.008546 | mse=0.001526 | lr=3.36352e-05 | epoch_time=00:01:05 | elapsed=14:32:36 | ETA=06:10:25 | estimated_finish=2026-06-17 18:33:44
Epoch 703/1000 finished | loss=0.410509 | dice_loss=0.401794 | bce=0.007417 | mse=0.001298 | lr=3.35336e-05 | epoch_time=00:01:08 | elapsed=14:33:44 | ETA=06:09:07 | estimated_finish=2026-06-17 18:33:35
Epoch 704/1000 finished | loss=0.427165 | dice_loss=0.419309 | bce=0.006645 | mse=0.001211 | lr=3.3432e-05 | epoch_time=00:01:06 | elapsed=14:34:50 | ETA=06:07:50 | estimated_finish=2026-06-17 18:33:23
Epoch 705/1000 finished | loss=0.421951 | dice_loss=0.411073 | bce=0.009231 | mse=0.001647 | lr=3.33303e-05 | epoch_time=00:01:07 | elapsed=14:35:58 | ETA=06:06:32 | estimated_finish=2026-06-17 18:33:14
Quick validation epoch=705 | pseudo_dice=0.218227 | val_time=00:00:07
Epoch 706/1000 finished | loss=0.394362 | dice_loss=0.384422 | bce=0.008490 | mse=0.001451 | lr=3.32286e-05 | epoch_time=00:01:07 | elapsed=14:37:13 | ETA=06:05:18 | estimated_finish=2026-06-17 18:33:15
Epoch 707/1000 finished | loss=0.392092 | dice_loss=0.381231 | bce=0.009182 | mse=0.001678 | lr=3.31269e-05 | epoch_time=00:01:07 | elapsed=14:38:21 | ETA=06:04:00 | estimated_finish=2026-06-17 18:33:04
Epoch 708/1000 finished | loss=0.357505 | dice_loss=0.349159 | bce=0.007093 | mse=0.001254 | lr=3.30251e-05 | epoch_time=00:01:06 | elapsed=14:39:27 | ETA=06:02:43 | estimated_finish=2026-06-17 18:32:53
Epoch 709/1000 finished | loss=0.418152 | dice_loss=0.406167 | bce=0.010214 | mse=0.001771 | lr=3.29233e-05 | epoch_time=00:01:08 | elapsed=14:40:36 | ETA=06:01:26 | estimated_finish=2026-06-17 18:32:45
Epoch 710/1000 finished | loss=0.406984 | dice_loss=0.397465 | bce=0.008117 | mse=0.001403 | lr=3.28215e-05 | epoch_time=00:01:09 | elapsed=14:41:46 | ETA=06:00:09 | estimated_finish=2026-06-17 18:32:39
Quick validation epoch=710 | pseudo_dice=0.393790 | val_time=00:00:07
Epoch 711/1000 finished | loss=0.467296 | dice_loss=0.459363 | bce=0.006693 | mse=0.001240 | lr=3.27196e-05 | epoch_time=00:01:06 | elapsed=14:43:00 | ETA=05:58:55 | estimated_finish=2026-06-17 18:32:38
Epoch 712/1000 finished | loss=0.421859 | dice_loss=0.412537 | bce=0.007877 | mse=0.001445 | lr=3.26177e-05 | epoch_time=00:01:05 | elapsed=14:44:06 | ETA=05:57:37 | estimated_finish=2026-06-17 18:32:26
Epoch 713/1000 finished | loss=0.364146 | dice_loss=0.354064 | bce=0.008581 | mse=0.001501 | lr=3.25157e-05 | epoch_time=00:01:08 | elapsed=14:45:15 | ETA=05:56:20 | estimated_finish=2026-06-17 18:32:18
Epoch 714/1000 finished | loss=0.392221 | dice_loss=0.383560 | bce=0.007368 | mse=0.001293 | lr=3.24138e-05 | epoch_time=00:01:05 | elapsed=14:46:20 | ETA=05:55:02 | estimated_finish=2026-06-17 18:32:05
Epoch 715/1000 finished | loss=0.415824 | dice_loss=0.403761 | bce=0.010267 | mse=0.001796 | lr=3.23117e-05 | epoch_time=00:01:04 | elapsed=14:47:25 | ETA=05:53:43 | estimated_finish=2026-06-17 18:31:51
Quick validation epoch=715 | pseudo_dice=0.263835 | val_time=00:00:06
Epoch 716/1000 finished | loss=0.431148 | dice_loss=0.425278 | bce=0.004977 | mse=0.000893 | lr=3.22097e-05 | epoch_time=00:01:09 | elapsed=14:48:42 | ETA=05:52:30 | estimated_finish=2026-06-17 18:31:55
Epoch 717/1000 finished | loss=0.427913 | dice_loss=0.418266 | bce=0.008212 | mse=0.001435 | lr=3.21076e-05 | epoch_time=00:01:06 | elapsed=14:49:49 | ETA=05:51:12 | estimated_finish=2026-06-17 18:31:45
Epoch 718/1000 finished | loss=0.418817 | dice_loss=0.409700 | bce=0.007780 | mse=0.001337 | lr=3.20055e-05 | epoch_time=00:01:07 | elapsed=14:50:57 | ETA=05:49:55 | estimated_finish=2026-06-17 18:31:36
Epoch 719/1000 finished | loss=0.414511 | dice_loss=0.403674 | bce=0.009192 | mse=0.001645 | lr=3.19033e-05 | epoch_time=00:01:08 | elapsed=14:52:06 | ETA=05:48:39 | estimated_finish=2026-06-17 18:31:28
Epoch 720/1000 finished | loss=0.438802 | dice_loss=0.426921 | bce=0.010095 | mse=0.001785 | lr=3.18011e-05 | epoch_time=00:01:06 | elapsed=14:53:12 | ETA=05:47:21 | estimated_finish=2026-06-17 18:31:17
Quick validation epoch=720 | pseudo_dice=0.354690 | val_time=00:00:07
Epoch 721/1000 finished | loss=0.413878 | dice_loss=0.405163 | bce=0.007358 | mse=0.001357 | lr=3.16989e-05 | epoch_time=00:01:09 | elapsed=14:54:29 | ETA=05:46:08 | estimated_finish=2026-06-17 18:31:20
Epoch 722/1000 finished | loss=0.417782 | dice_loss=0.406564 | bce=0.009549 | mse=0.001670 | lr=3.15966e-05 | epoch_time=00:01:08 | elapsed=14:55:38 | ETA=05:44:51 | estimated_finish=2026-06-17 18:31:12
Epoch 723/1000 finished | loss=0.412726 | dice_loss=0.404423 | bce=0.007026 | mse=0.001278 | lr=3.14943e-05 | epoch_time=00:01:07 | elapsed=14:56:45 | ETA=05:43:34 | estimated_finish=2026-06-17 18:31:02
Epoch 724/1000 finished | loss=0.452612 | dice_loss=0.443274 | bce=0.008001 | mse=0.001337 | lr=3.13919e-05 | epoch_time=00:01:07 | elapsed=14:57:53 | ETA=05:42:17 | estimated_finish=2026-06-17 18:30:53
Epoch 725/1000 finished | loss=0.395982 | dice_loss=0.386201 | bce=0.008294 | mse=0.001487 | lr=3.12896e-05 | epoch_time=00:01:05 | elapsed=14:58:58 | ETA=05:40:59 | estimated_finish=2026-06-17 18:30:41
Quick validation epoch=725 | pseudo_dice=0.331056 | val_time=00:00:07
Epoch 726/1000 finished | loss=0.440106 | dice_loss=0.430141 | bce=0.008400 | mse=0.001564 | lr=3.11871e-05 | epoch_time=00:01:05 | elapsed=15:00:11 | ETA=05:39:44 | estimated_finish=2026-06-17 18:30:38
Epoch 727/1000 finished | loss=0.415487 | dice_loss=0.404953 | bce=0.008933 | mse=0.001601 | lr=3.10847e-05 | epoch_time=00:01:06 | elapsed=15:01:17 | ETA=05:38:27 | estimated_finish=2026-06-17 18:30:27
Epoch 728/1000 finished | loss=0.390753 | dice_loss=0.382153 | bce=0.007352 | mse=0.001247 | lr=3.09822e-05 | epoch_time=00:01:05 | elapsed=15:02:23 | ETA=05:37:09 | estimated_finish=2026-06-17 18:30:15
Epoch 729/1000 finished | loss=0.458410 | dice_loss=0.448914 | bce=0.008068 | mse=0.001428 | lr=3.08796e-05 | epoch_time=00:01:05 | elapsed=15:03:29 | ETA=05:35:51 | estimated_finish=2026-06-17 18:30:04
Epoch 730/1000 finished | loss=0.396371 | dice_loss=0.387509 | bce=0.007508 | mse=0.001355 | lr=3.07771e-05 | epoch_time=00:01:05 | elapsed=15:04:35 | ETA=05:34:34 | estimated_finish=2026-06-17 18:29:52
Quick validation epoch=730 | pseudo_dice=0.243898 | val_time=00:00:07
Epoch 731/1000 finished | loss=0.396695 | dice_loss=0.389755 | bce=0.005865 | mse=0.001074 | lr=3.06745e-05 | epoch_time=00:01:07 | elapsed=15:05:49 | ETA=05:33:20 | estimated_finish=2026-06-17 18:29:52
Epoch 732/1000 finished | loss=0.368480 | dice_loss=0.357132 | bce=0.009743 | mse=0.001605 | lr=3.05718e-05 | epoch_time=00:01:10 | elapsed=15:07:00 | ETA=05:32:04 | estimated_finish=2026-06-17 18:29:47
Epoch 733/1000 finished | loss=0.383166 | dice_loss=0.372261 | bce=0.009303 | mse=0.001602 | lr=3.04691e-05 | epoch_time=00:01:05 | elapsed=15:08:06 | ETA=05:30:46 | estimated_finish=2026-06-17 18:29:36
Epoch 734/1000 finished | loss=0.435715 | dice_loss=0.425896 | bce=0.008367 | mse=0.001453 | lr=3.03664e-05 | epoch_time=00:01:06 | elapsed=15:09:12 | ETA=05:29:29 | estimated_finish=2026-06-17 18:29:25
Epoch 735/1000 finished | loss=0.332267 | dice_loss=0.323554 | bce=0.007419 | mse=0.001294 | lr=3.02636e-05 | epoch_time=00:01:07 | elapsed=15:10:19 | ETA=05:28:12 | estimated_finish=2026-06-17 18:29:15
Quick validation epoch=735 | pseudo_dice=0.190177 | val_time=00:00:07
Epoch 736/1000 finished | loss=0.426314 | dice_loss=0.417276 | bce=0.007672 | mse=0.001365 | lr=3.01608e-05 | epoch_time=00:01:06 | elapsed=15:11:33 | ETA=05:26:58 | estimated_finish=2026-06-17 18:29:14
Epoch 737/1000 finished | loss=0.395490 | dice_loss=0.386240 | bce=0.007889 | mse=0.001360 | lr=3.0058e-05 | epoch_time=00:01:03 | elapsed=15:12:37 | ETA=05:25:40 | estimated_finish=2026-06-17 18:29:00
Epoch 738/1000 finished | loss=0.388859 | dice_loss=0.377892 | bce=0.009362 | mse=0.001606 | lr=2.99551e-05 | epoch_time=00:01:05 | elapsed=15:13:43 | ETA=05:24:23 | estimated_finish=2026-06-17 18:28:49
Epoch 739/1000 finished | loss=0.443015 | dice_loss=0.433435 | bce=0.008109 | mse=0.001470 | lr=2.98522e-05 | epoch_time=00:01:05 | elapsed=15:14:48 | ETA=05:23:05 | estimated_finish=2026-06-17 18:28:37
Epoch 740/1000 finished | loss=0.432086 | dice_loss=0.421217 | bce=0.009244 | mse=0.001625 | lr=2.97492e-05 | epoch_time=00:01:05 | elapsed=15:15:54 | ETA=05:21:48 | estimated_finish=2026-06-17 18:28:25
Quick validation epoch=740 | pseudo_dice=0.262639 | val_time=00:00:06
Epoch 741/1000 finished | loss=0.400372 | dice_loss=0.390013 | bce=0.008737 | mse=0.001622 | lr=2.96463e-05 | epoch_time=00:01:08 | elapsed=15:17:09 | ETA=05:20:34 | estimated_finish=2026-06-17 18:28:26
Epoch 742/1000 finished | loss=0.384260 | dice_loss=0.376303 | bce=0.006758 | mse=0.001199 | lr=2.95432e-05 | epoch_time=00:01:05 | elapsed=15:18:15 | ETA=05:19:17 | estimated_finish=2026-06-17 18:28:15
Epoch 743/1000 finished | loss=0.409702 | dice_loss=0.399048 | bce=0.008984 | mse=0.001671 | lr=2.94401e-05 | epoch_time=00:01:05 | elapsed=15:19:21 | ETA=05:18:00 | estimated_finish=2026-06-17 18:28:04
Epoch 744/1000 finished | loss=0.401980 | dice_loss=0.393753 | bce=0.007040 | mse=0.001187 | lr=2.9337e-05 | epoch_time=00:01:07 | elapsed=15:20:29 | ETA=05:16:43 | estimated_finish=2026-06-17 18:27:56
Epoch 745/1000 finished | loss=0.372095 | dice_loss=0.362108 | bce=0.008424 | mse=0.001563 | lr=2.92339e-05 | epoch_time=00:01:06 | elapsed=15:21:35 | ETA=05:15:26 | estimated_finish=2026-06-17 18:27:45
Quick validation epoch=745 | pseudo_dice=0.424909 | val_time=00:00:07
Epoch 746/1000 finished | loss=0.424969 | dice_loss=0.414078 | bce=0.009252 | mse=0.001639 | lr=2.91307e-05 | epoch_time=00:01:05 | elapsed=15:22:48 | ETA=05:14:11 | estimated_finish=2026-06-17 18:27:43
Epoch 747/1000 finished | loss=0.371072 | dice_loss=0.362592 | bce=0.007220 | mse=0.001260 | lr=2.90274e-05 | epoch_time=00:01:07 | elapsed=15:23:56 | ETA=05:12:55 | estimated_finish=2026-06-17 18:27:34
Epoch 748/1000 finished | loss=0.426938 | dice_loss=0.414064 | bce=0.010953 | mse=0.001922 | lr=2.89241e-05 | epoch_time=00:01:05 | elapsed=15:25:02 | ETA=05:11:38 | estimated_finish=2026-06-17 18:27:23
Epoch 749/1000 finished | loss=0.350903 | dice_loss=0.341605 | bce=0.007858 | mse=0.001440 | lr=2.88208e-05 | epoch_time=00:01:06 | elapsed=15:26:09 | ETA=05:10:22 | estimated_finish=2026-06-17 18:27:14
Epoch 750/1000 finished | loss=0.443074 | dice_loss=0.431749 | bce=0.009604 | mse=0.001721 | lr=2.87175e-05 | epoch_time=00:01:05 | elapsed=15:27:15 | ETA=05:09:05 | estimated_finish=2026-06-17 18:27:03
Quick validation epoch=750 | pseudo_dice=0.441107 | val_time=00:00:06
Epoch 751/1000 finished | loss=0.410595 | dice_loss=0.401796 | bce=0.007480 | mse=0.001319 | lr=2.86141e-05 | epoch_time=00:01:07 | elapsed=15:28:29 | ETA=05:07:51 | estimated_finish=2026-06-17 18:27:03
Epoch 752/1000 finished | loss=0.370241 | dice_loss=0.361096 | bce=0.007768 | mse=0.001378 | lr=2.85106e-05 | epoch_time=00:01:09 | elapsed=15:29:40 | ETA=05:06:35 | estimated_finish=2026-06-17 18:26:58
Epoch 753/1000 finished | loss=0.420022 | dice_loss=0.409345 | bce=0.009182 | mse=0.001494 | lr=2.84071e-05 | epoch_time=00:01:08 | elapsed=15:30:48 | ETA=05:05:19 | estimated_finish=2026-06-17 18:26:50
Epoch 754/1000 finished | loss=0.431433 | dice_loss=0.422396 | bce=0.007648 | mse=0.001389 | lr=2.83036e-05 | epoch_time=00:01:06 | elapsed=15:31:54 | ETA=05:04:02 | estimated_finish=2026-06-17 18:26:40
Epoch 755/1000 finished | loss=0.385784 | dice_loss=0.376080 | bce=0.008194 | mse=0.001510 | lr=2.82e-05 | epoch_time=00:01:07 | elapsed=15:33:02 | ETA=05:02:46 | estimated_finish=2026-06-17 18:26:31
Quick validation epoch=755 | pseudo_dice=0.153241 | val_time=00:00:06
Epoch 756/1000 finished | loss=0.419989 | dice_loss=0.409847 | bce=0.008606 | mse=0.001536 | lr=2.80964e-05 | epoch_time=00:01:05 | elapsed=15:34:14 | ETA=05:01:31 | estimated_finish=2026-06-17 18:26:29
Epoch 757/1000 finished | loss=0.383960 | dice_loss=0.374818 | bce=0.007739 | mse=0.001402 | lr=2.79928e-05 | epoch_time=00:01:07 | elapsed=15:35:22 | ETA=05:00:15 | estimated_finish=2026-06-17 18:26:20
Epoch 758/1000 finished | loss=0.474644 | dice_loss=0.465594 | bce=0.007714 | mse=0.001337 | lr=2.78891e-05 | epoch_time=00:01:05 | elapsed=15:36:27 | ETA=04:58:58 | estimated_finish=2026-06-17 18:26:09
Epoch 759/1000 finished | loss=0.403397 | dice_loss=0.393294 | bce=0.008507 | mse=0.001596 | lr=2.77853e-05 | epoch_time=00:01:07 | elapsed=15:37:35 | ETA=04:57:42 | estimated_finish=2026-06-17 18:26:00
Epoch 760/1000 finished | loss=0.441085 | dice_loss=0.431587 | bce=0.008043 | mse=0.001455 | lr=2.76815e-05 | epoch_time=00:01:12 | elapsed=15:38:47 | ETA=04:56:27 | estimated_finish=2026-06-17 18:25:58
Quick validation epoch=760 | pseudo_dice=0.561111 | val_time=00:00:06
New best model saved by quick validation | pseudo_dice=0.561111 | epoch=760
Epoch 761/1000 finished | loss=0.428271 | dice_loss=0.418632 | bce=0.008131 | mse=0.001508 | lr=2.75777e-05 | epoch_time=00:01:07 | elapsed=15:40:02 | ETA=04:55:13 | estimated_finish=2026-06-17 18:25:59
Epoch 762/1000 finished | loss=0.380869 | dice_loss=0.372049 | bce=0.007455 | mse=0.001365 | lr=2.74738e-05 | epoch_time=00:01:08 | elapsed=15:41:11 | ETA=04:53:58 | estimated_finish=2026-06-17 18:25:52
Epoch 763/1000 finished | loss=0.387599 | dice_loss=0.378312 | bce=0.007864 | mse=0.001423 | lr=2.73699e-05 | epoch_time=00:01:09 | elapsed=15:42:21 | ETA=04:52:42 | estimated_finish=2026-06-17 18:25:46
Epoch 764/1000 finished | loss=0.421747 | dice_loss=0.413388 | bce=0.007146 | mse=0.001213 | lr=2.7266e-05 | epoch_time=00:01:06 | elapsed=15:43:27 | ETA=04:51:26 | estimated_finish=2026-06-17 18:25:36
Epoch 765/1000 finished | loss=0.430872 | dice_loss=0.420899 | bce=0.008456 | mse=0.001517 | lr=2.7162e-05 | epoch_time=00:01:05 | elapsed=15:44:33 | ETA=04:50:09 | estimated_finish=2026-06-17 18:25:25
Quick validation epoch=765 | pseudo_dice=0.302978 | val_time=00:00:06
Epoch 766/1000 finished | loss=0.403730 | dice_loss=0.393671 | bce=0.008563 | mse=0.001497 | lr=2.70579e-05 | epoch_time=00:01:04 | elapsed=15:45:44 | ETA=04:48:54 | estimated_finish=2026-06-17 18:25:22
Epoch 767/1000 finished | loss=0.464321 | dice_loss=0.457102 | bce=0.006142 | mse=0.001077 | lr=2.69538e-05 | epoch_time=00:01:07 | elapsed=15:46:52 | ETA=04:47:38 | estimated_finish=2026-06-17 18:25:14
Epoch 768/1000 finished | loss=0.398471 | dice_loss=0.388469 | bce=0.008542 | mse=0.001460 | lr=2.68497e-05 | epoch_time=00:01:06 | elapsed=15:47:59 | ETA=04:46:22 | estimated_finish=2026-06-17 18:25:05
Epoch 769/1000 finished | loss=0.436894 | dice_loss=0.426200 | bce=0.009056 | mse=0.001638 | lr=2.67455e-05 | epoch_time=00:01:05 | elapsed=15:49:05 | ETA=04:45:05 | estimated_finish=2026-06-17 18:24:54
Epoch 770/1000 finished | loss=0.411394 | dice_loss=0.402569 | bce=0.007448 | mse=0.001377 | lr=2.66413e-05 | epoch_time=00:01:06 | elapsed=15:50:12 | ETA=04:43:49 | estimated_finish=2026-06-17 18:24:45
Quick validation epoch=770 | pseudo_dice=0.251345 | val_time=00:00:06
Epoch 771/1000 finished | loss=0.417043 | dice_loss=0.407598 | bce=0.008061 | mse=0.001384 | lr=2.6537e-05 | epoch_time=00:01:04 | elapsed=15:51:24 | ETA=04:42:35 | estimated_finish=2026-06-17 18:24:42
Epoch 772/1000 finished | loss=0.394262 | dice_loss=0.385715 | bce=0.007231 | mse=0.001316 | lr=2.64327e-05 | epoch_time=00:01:06 | elapsed=15:52:30 | ETA=04:41:18 | estimated_finish=2026-06-17 18:24:32
Epoch 773/1000 finished | loss=0.482101 | dice_loss=0.475021 | bce=0.006010 | mse=0.001070 | lr=2.63283e-05 | epoch_time=00:01:08 | elapsed=15:53:39 | ETA=04:40:03 | estimated_finish=2026-06-17 18:24:25
Epoch 774/1000 finished | loss=0.383624 | dice_loss=0.373662 | bce=0.008458 | mse=0.001504 | lr=2.62239e-05 | epoch_time=00:01:08 | elapsed=15:54:48 | ETA=04:38:47 | estimated_finish=2026-06-17 18:24:18
Epoch 775/1000 finished | loss=0.445818 | dice_loss=0.436689 | bce=0.007681 | mse=0.001448 | lr=2.61195e-05 | epoch_time=00:01:04 | elapsed=15:55:53 | ETA=04:37:30 | estimated_finish=2026-06-17 18:24:07
Quick validation epoch=775 | pseudo_dice=0.247123 | val_time=00:00:07
Epoch 776/1000 finished | loss=0.361786 | dice_loss=0.351838 | bce=0.008442 | mse=0.001506 | lr=2.6015e-05 | epoch_time=00:01:07 | elapsed=15:57:07 | ETA=04:36:17 | estimated_finish=2026-06-17 18:24:07
Epoch 777/1000 finished | loss=0.375931 | dice_loss=0.368576 | bce=0.006216 | mse=0.001139 | lr=2.59104e-05 | epoch_time=00:01:06 | elapsed=15:58:14 | ETA=04:35:01 | estimated_finish=2026-06-17 18:23:58
Epoch 778/1000 finished | loss=0.455198 | dice_loss=0.445894 | bce=0.007891 | mse=0.001413 | lr=2.58058e-05 | epoch_time=00:01:06 | elapsed=15:59:21 | ETA=04:33:45 | estimated_finish=2026-06-17 18:23:49
Epoch 779/1000 finished | loss=0.372625 | dice_loss=0.363851 | bce=0.007475 | mse=0.001298 | lr=2.57012e-05 | epoch_time=00:01:05 | elapsed=16:00:28 | ETA=04:32:28 | estimated_finish=2026-06-17 18:23:39
Epoch 780/1000 finished | loss=0.374314 | dice_loss=0.363490 | bce=0.009221 | mse=0.001603 | lr=2.55965e-05 | epoch_time=00:01:04 | elapsed=16:01:32 | ETA=04:31:12 | estimated_finish=2026-06-17 18:23:28
Quick validation epoch=780 | pseudo_dice=0.374338 | val_time=00:00:06
Epoch 781/1000 finished | loss=0.379850 | dice_loss=0.368238 | bce=0.009895 | mse=0.001717 | lr=2.54918e-05 | epoch_time=00:01:05 | elapsed=16:02:45 | ETA=04:29:58 | estimated_finish=2026-06-17 18:23:26
Epoch 782/1000 finished | loss=0.415523 | dice_loss=0.403639 | bce=0.010107 | mse=0.001777 | lr=2.5387e-05 | epoch_time=00:01:05 | elapsed=16:03:51 | ETA=04:28:41 | estimated_finish=2026-06-17 18:23:16
Epoch 783/1000 finished | loss=0.359065 | dice_loss=0.350207 | bce=0.007464 | mse=0.001394 | lr=2.52821e-05 | epoch_time=00:01:07 | elapsed=16:04:59 | ETA=04:27:26 | estimated_finish=2026-06-17 18:23:08
Epoch 784/1000 finished | loss=0.425607 | dice_loss=0.418813 | bce=0.005770 | mse=0.001025 | lr=2.51773e-05 | epoch_time=00:01:08 | elapsed=16:06:07 | ETA=04:26:10 | estimated_finish=2026-06-17 18:23:01
Epoch 785/1000 finished | loss=0.362968 | dice_loss=0.354594 | bce=0.007148 | mse=0.001226 | lr=2.50723e-05 | epoch_time=00:01:07 | elapsed=16:07:15 | ETA=04:24:55 | estimated_finish=2026-06-17 18:22:53
Quick validation epoch=785 | pseudo_dice=0.224741 | val_time=00:00:06
Epoch 786/1000 finished | loss=0.416178 | dice_loss=0.408004 | bce=0.006957 | mse=0.001217 | lr=2.49673e-05 | epoch_time=00:01:09 | elapsed=16:08:32 | ETA=04:23:41 | estimated_finish=2026-06-17 18:22:57
Epoch 787/1000 finished | loss=0.412492 | dice_loss=0.403848 | bce=0.007337 | mse=0.001307 | lr=2.48623e-05 | epoch_time=00:01:08 | elapsed=16:09:41 | ETA=04:22:26 | estimated_finish=2026-06-17 18:22:50
Epoch 788/1000 finished | loss=0.454150 | dice_loss=0.446428 | bce=0.006540 | mse=0.001182 | lr=2.47572e-05 | epoch_time=00:01:07 | elapsed=16:10:48 | ETA=04:21:10 | estimated_finish=2026-06-17 18:22:42
Epoch 789/1000 finished | loss=0.366577 | dice_loss=0.356851 | bce=0.008245 | mse=0.001480 | lr=2.46521e-05 | epoch_time=00:01:08 | elapsed=16:11:57 | ETA=04:19:55 | estimated_finish=2026-06-17 18:22:35
Epoch 790/1000 finished | loss=0.426123 | dice_loss=0.417010 | bce=0.007717 | mse=0.001396 | lr=2.45469e-05 | epoch_time=00:01:06 | elapsed=16:13:04 | ETA=04:18:39 | estimated_finish=2026-06-17 18:22:26
Quick validation epoch=790 | pseudo_dice=0.279967 | val_time=00:00:06
Epoch 791/1000 finished | loss=0.374737 | dice_loss=0.365502 | bce=0.007765 | mse=0.001469 | lr=2.44417e-05 | epoch_time=00:01:06 | elapsed=16:14:18 | ETA=04:17:25 | estimated_finish=2026-06-17 18:22:26
Epoch 792/1000 finished | loss=0.455436 | dice_loss=0.446942 | bce=0.007189 | mse=0.001305 | lr=2.43364e-05 | epoch_time=00:01:07 | elapsed=16:15:25 | ETA=04:16:10 | estimated_finish=2026-06-17 18:22:18
Epoch 793/1000 finished | loss=0.396191 | dice_loss=0.388114 | bce=0.006847 | mse=0.001229 | lr=2.42311e-05 | epoch_time=00:01:04 | elapsed=16:16:30 | ETA=04:14:54 | estimated_finish=2026-06-17 18:22:07
Epoch 794/1000 finished | loss=0.383610 | dice_loss=0.370938 | bce=0.010814 | mse=0.001858 | lr=2.41257e-05 | epoch_time=00:01:08 | elapsed=16:17:38 | ETA=04:13:38 | estimated_finish=2026-06-17 18:22:00
Epoch 795/1000 finished | loss=0.489491 | dice_loss=0.481930 | bce=0.006388 | mse=0.001173 | lr=2.40203e-05 | epoch_time=00:01:04 | elapsed=16:18:43 | ETA=04:12:22 | estimated_finish=2026-06-17 18:21:48
Quick validation epoch=795 | pseudo_dice=0.117857 | val_time=00:00:06
Epoch 796/1000 finished | loss=0.416602 | dice_loss=0.407611 | bce=0.007630 | mse=0.001361 | lr=2.39148e-05 | epoch_time=00:01:07 | elapsed=16:19:57 | ETA=04:11:08 | estimated_finish=2026-06-17 18:21:48
Epoch 797/1000 finished | loss=0.441196 | dice_loss=0.431545 | bce=0.008194 | mse=0.001457 | lr=2.38093e-05 | epoch_time=00:01:06 | elapsed=16:21:04 | ETA=04:09:52 | estimated_finish=2026-06-17 18:21:39
Epoch 798/1000 finished | loss=0.417352 | dice_loss=0.408703 | bce=0.007254 | mse=0.001394 | lr=2.37037e-05 | epoch_time=00:01:06 | elapsed=16:22:10 | ETA=04:08:37 | estimated_finish=2026-06-17 18:21:30
Epoch 799/1000 finished | loss=0.455423 | dice_loss=0.445835 | bce=0.008130 | mse=0.001458 | lr=2.35981e-05 | epoch_time=00:01:05 | elapsed=16:23:16 | ETA=04:07:21 | estimated_finish=2026-06-17 18:21:20
Epoch 800/1000 finished | loss=0.417386 | dice_loss=0.410575 | bce=0.005725 | mse=0.001086 | lr=2.34924e-05 | epoch_time=00:01:08 | elapsed=16:24:25 | ETA=04:06:06 | estimated_finish=2026-06-17 18:21:14
Quick validation epoch=800 | pseudo_dice=0.262169 | val_time=00:00:06
Full validation epoch=800 | mean_dice=0.253189 | val_time=00:12:16
New best full-validation model saved | dice=0.253189 | epoch=800
Epoch 801/1000 finished | loss=0.330102 | dice_loss=0.319275 | bce=0.009174 | mse=0.001653 | lr=2.33866e-05 | epoch_time=00:01:04 | elapsed=16:37:54 | ETA=04:07:55 | estimated_finish=2026-06-17 18:36:32
Epoch 802/1000 finished | loss=0.395824 | dice_loss=0.387093 | bce=0.007410 | mse=0.001321 | lr=2.32808e-05 | epoch_time=00:01:06 | elapsed=16:39:00 | ETA=04:06:38 | estimated_finish=2026-06-17 18:36:21
Epoch 803/1000 finished | loss=0.413371 | dice_loss=0.406387 | bce=0.005920 | mse=0.001063 | lr=2.3175e-05 | epoch_time=00:01:07 | elapsed=16:40:08 | ETA=04:05:21 | estimated_finish=2026-06-17 18:36:13
Epoch 804/1000 finished | loss=0.393823 | dice_loss=0.385888 | bce=0.006748 | mse=0.001187 | lr=2.30691e-05 | epoch_time=00:01:07 | elapsed=16:41:16 | ETA=04:04:05 | estimated_finish=2026-06-17 18:36:04
Epoch 805/1000 finished | loss=0.423965 | dice_loss=0.416659 | bce=0.006215 | mse=0.001091 | lr=2.29631e-05 | epoch_time=00:01:06 | elapsed=16:42:22 | ETA=04:02:48 | estimated_finish=2026-06-17 18:35:54
Quick validation epoch=805 | pseudo_dice=0.207627 | val_time=00:00:06
Epoch 806/1000 finished | loss=0.374903 | dice_loss=0.364797 | bce=0.008558 | mse=0.001549 | lr=2.28571e-05 | epoch_time=00:01:11 | elapsed=16:43:41 | ETA=04:01:34 | estimated_finish=2026-06-17 18:35:58
Epoch 807/1000 finished | loss=0.352899 | dice_loss=0.344040 | bce=0.007562 | mse=0.001297 | lr=2.27511e-05 | epoch_time=00:01:06 | elapsed=16:44:47 | ETA=04:00:18 | estimated_finish=2026-06-17 18:35:48
Epoch 808/1000 finished | loss=0.415491 | dice_loss=0.406137 | bce=0.007932 | mse=0.001423 | lr=2.26449e-05 | epoch_time=00:01:07 | elapsed=16:45:55 | ETA=03:59:01 | estimated_finish=2026-06-17 18:35:39
Epoch 809/1000 finished | loss=0.388953 | dice_loss=0.379523 | bce=0.007968 | mse=0.001462 | lr=2.25388e-05 | epoch_time=00:01:06 | elapsed=16:47:01 | ETA=03:57:45 | estimated_finish=2026-06-17 18:35:29
Epoch 810/1000 finished | loss=0.471035 | dice_loss=0.461654 | bce=0.008018 | mse=0.001363 | lr=2.24325e-05 | epoch_time=00:01:06 | elapsed=16:48:09 | ETA=03:56:28 | estimated_finish=2026-06-17 18:35:20
Quick validation epoch=810 | pseudo_dice=0.271017 | val_time=00:00:06
Epoch 811/1000 finished | loss=0.421938 | dice_loss=0.409332 | bce=0.010621 | mse=0.001984 | lr=2.23262e-05 | epoch_time=00:01:04 | elapsed=16:49:20 | ETA=03:55:13 | estimated_finish=2026-06-17 18:35:16
Epoch 812/1000 finished | loss=0.427598 | dice_loss=0.420956 | bce=0.005672 | mse=0.000969 | lr=2.22199e-05 | epoch_time=00:01:05 | elapsed=16:50:26 | ETA=03:53:56 | estimated_finish=2026-06-17 18:35:05
Epoch 813/1000 finished | loss=0.371921 | dice_loss=0.359988 | bce=0.010159 | mse=0.001774 | lr=2.21135e-05 | epoch_time=00:01:08 | elapsed=16:51:35 | ETA=03:52:40 | estimated_finish=2026-06-17 18:34:58
Epoch 814/1000 finished | loss=0.412291 | dice_loss=0.404757 | bce=0.006401 | mse=0.001132 | lr=2.2007e-05 | epoch_time=00:01:06 | elapsed=16:52:42 | ETA=03:51:24 | estimated_finish=2026-06-17 18:34:49
Epoch 815/1000 finished | loss=0.452732 | dice_loss=0.443762 | bce=0.007583 | mse=0.001387 | lr=2.19005e-05 | epoch_time=00:01:07 | elapsed=16:53:49 | ETA=03:50:07 | estimated_finish=2026-06-17 18:34:40
Quick validation epoch=815 | pseudo_dice=0.344173 | val_time=00:00:07
Epoch 816/1000 finished | loss=0.459855 | dice_loss=0.451677 | bce=0.006980 | mse=0.001198 | lr=2.1794e-05 | epoch_time=00:01:05 | elapsed=16:55:02 | ETA=03:48:52 | estimated_finish=2026-06-17 18:34:38
Epoch 817/1000 finished | loss=0.387852 | dice_loss=0.376987 | bce=0.009219 | mse=0.001646 | lr=2.16873e-05 | epoch_time=00:01:04 | elapsed=16:56:07 | ETA=03:47:36 | estimated_finish=2026-06-17 18:34:26
Epoch 818/1000 finished | loss=0.382947 | dice_loss=0.374094 | bce=0.007467 | mse=0.001386 | lr=2.15806e-05 | epoch_time=00:01:05 | elapsed=16:57:13 | ETA=03:46:19 | estimated_finish=2026-06-17 18:34:15
Epoch 819/1000 finished | loss=0.428891 | dice_loss=0.418921 | bce=0.008447 | mse=0.001523 | lr=2.14739e-05 | epoch_time=00:01:05 | elapsed=16:58:18 | ETA=03:45:02 | estimated_finish=2026-06-17 18:34:04
Epoch 820/1000 finished | loss=0.408684 | dice_loss=0.400987 | bce=0.006484 | mse=0.001213 | lr=2.13671e-05 | epoch_time=00:01:06 | elapsed=16:59:25 | ETA=03:43:46 | estimated_finish=2026-06-17 18:33:54
Quick validation epoch=820 | pseudo_dice=0.218758 | val_time=00:00:07
Epoch 821/1000 finished | loss=0.381595 | dice_loss=0.372069 | bce=0.008088 | mse=0.001438 | lr=2.12602e-05 | epoch_time=00:01:07 | elapsed=17:00:40 | ETA=03:42:32 | estimated_finish=2026-06-17 18:33:55
Epoch 822/1000 finished | loss=0.411707 | dice_loss=0.402972 | bce=0.007386 | mse=0.001349 | lr=2.11533e-05 | epoch_time=00:01:08 | elapsed=17:01:48 | ETA=03:41:16 | estimated_finish=2026-06-17 18:33:47
Epoch 823/1000 finished | loss=0.376930 | dice_loss=0.366998 | bce=0.008364 | mse=0.001569 | lr=2.10463e-05 | epoch_time=00:01:06 | elapsed=17:02:55 | ETA=03:39:59 | estimated_finish=2026-06-17 18:33:37
Epoch 824/1000 finished | loss=0.438686 | dice_loss=0.430121 | bce=0.007200 | mse=0.001365 | lr=2.09393e-05 | epoch_time=00:01:06 | elapsed=17:04:01 | ETA=03:38:43 | estimated_finish=2026-06-17 18:33:28
Epoch 825/1000 finished | loss=0.417198 | dice_loss=0.408871 | bce=0.007076 | mse=0.001251 | lr=2.08322e-05 | epoch_time=00:01:06 | elapsed=17:05:08 | ETA=03:37:27 | estimated_finish=2026-06-17 18:33:19
Quick validation epoch=825 | pseudo_dice=0.386131 | val_time=00:00:06
Epoch 826/1000 finished | loss=0.412455 | dice_loss=0.403050 | bce=0.007998 | mse=0.001407 | lr=2.0725e-05 | epoch_time=00:01:09 | elapsed=17:06:25 | ETA=03:36:13 | estimated_finish=2026-06-17 18:33:21
Epoch 827/1000 finished | loss=0.388367 | dice_loss=0.380385 | bce=0.006730 | mse=0.001252 | lr=2.06178e-05 | epoch_time=00:01:06 | elapsed=17:07:32 | ETA=03:34:57 | estimated_finish=2026-06-17 18:33:12
Epoch 828/1000 finished | loss=0.380006 | dice_loss=0.369193 | bce=0.009192 | mse=0.001622 | lr=2.05105e-05 | epoch_time=00:01:04 | elapsed=17:08:37 | ETA=03:33:40 | estimated_finish=2026-06-17 18:33:01
Epoch 829/1000 finished | loss=0.425602 | dice_loss=0.415330 | bce=0.008677 | mse=0.001596 | lr=2.04031e-05 | epoch_time=00:01:06 | elapsed=17:09:44 | ETA=03:32:24 | estimated_finish=2026-06-17 18:32:51
Epoch 830/1000 finished | loss=0.372677 | dice_loss=0.364269 | bce=0.007171 | mse=0.001237 | lr=2.02957e-05 | epoch_time=00:01:07 | elapsed=17:10:51 | ETA=03:31:08 | estimated_finish=2026-06-17 18:32:42
Quick validation epoch=830 | pseudo_dice=0.255694 | val_time=00:00:07
Epoch 831/1000 finished | loss=0.390153 | dice_loss=0.378343 | bce=0.009983 | mse=0.001828 | lr=2.01882e-05 | epoch_time=00:01:07 | elapsed=17:12:06 | ETA=03:29:53 | estimated_finish=2026-06-17 18:32:42
Epoch 832/1000 finished | loss=0.430107 | dice_loss=0.422738 | bce=0.006193 | mse=0.001176 | lr=2.00807e-05 | epoch_time=00:01:04 | elapsed=17:13:10 | ETA=03:28:37 | estimated_finish=2026-06-17 18:32:30
Epoch 833/1000 finished | loss=0.400868 | dice_loss=0.392135 | bce=0.007381 | mse=0.001352 | lr=1.99731e-05 | epoch_time=00:01:05 | elapsed=17:14:16 | ETA=03:27:21 | estimated_finish=2026-06-17 18:32:20
Epoch 834/1000 finished | loss=0.420368 | dice_loss=0.412656 | bce=0.006541 | mse=0.001171 | lr=1.98654e-05 | epoch_time=00:01:05 | elapsed=17:15:22 | ETA=03:26:04 | estimated_finish=2026-06-17 18:32:09
Epoch 835/1000 finished | loss=0.385041 | dice_loss=0.376128 | bce=0.007561 | mse=0.001352 | lr=1.97577e-05 | epoch_time=00:01:06 | elapsed=17:16:29 | ETA=03:24:48 | estimated_finish=2026-06-17 18:32:00
Quick validation epoch=835 | pseudo_dice=0.288316 | val_time=00:00:07
Epoch 836/1000 finished | loss=0.414873 | dice_loss=0.406275 | bce=0.007269 | mse=0.001329 | lr=1.96499e-05 | epoch_time=00:01:07 | elapsed=17:17:43 | ETA=03:23:34 | estimated_finish=2026-06-17 18:32:00
Epoch 837/1000 finished | loss=0.397884 | dice_loss=0.387746 | bce=0.008592 | mse=0.001546 | lr=1.9542e-05 | epoch_time=00:01:08 | elapsed=17:18:51 | ETA=03:22:18 | estimated_finish=2026-06-17 18:31:53
Epoch 838/1000 finished | loss=0.403319 | dice_loss=0.395670 | bce=0.006453 | mse=0.001196 | lr=1.94341e-05 | epoch_time=00:01:10 | elapsed=17:20:02 | ETA=03:21:03 | estimated_finish=2026-06-17 18:31:49
Epoch 839/1000 finished | loss=0.423577 | dice_loss=0.412591 | bce=0.009334 | mse=0.001652 | lr=1.93261e-05 | epoch_time=00:01:06 | elapsed=17:21:09 | ETA=03:19:47 | estimated_finish=2026-06-17 18:31:39
Epoch 840/1000 finished | loss=0.441858 | dice_loss=0.434993 | bce=0.005840 | mse=0.001025 | lr=1.9218e-05 | epoch_time=00:01:05 | elapsed=17:22:15 | ETA=03:18:31 | estimated_finish=2026-06-17 18:31:29
Quick validation epoch=840 | pseudo_dice=0.337769 | val_time=00:00:07
Epoch 841/1000 finished | loss=0.413223 | dice_loss=0.403660 | bce=0.008108 | mse=0.001455 | lr=1.91099e-05 | epoch_time=00:01:09 | elapsed=17:23:31 | ETA=03:17:17 | estimated_finish=2026-06-17 18:31:32
Epoch 842/1000 finished | loss=0.353562 | dice_loss=0.345344 | bce=0.006931 | mse=0.001287 | lr=1.90017e-05 | epoch_time=00:01:07 | elapsed=17:24:39 | ETA=03:16:01 | estimated_finish=2026-06-17 18:31:24
Epoch 843/1000 finished | loss=0.432452 | dice_loss=0.424860 | bce=0.006450 | mse=0.001142 | lr=1.88934e-05 | epoch_time=00:01:05 | elapsed=17:25:46 | ETA=03:14:45 | estimated_finish=2026-06-17 18:31:14
Epoch 844/1000 finished | loss=0.320406 | dice_loss=0.311183 | bce=0.007833 | mse=0.001389 | lr=1.8785e-05 | epoch_time=00:01:04 | elapsed=17:26:51 | ETA=03:13:29 | estimated_finish=2026-06-17 18:31:03
Epoch 845/1000 finished | loss=0.367546 | dice_loss=0.359941 | bce=0.006421 | mse=0.001184 | lr=1.86766e-05 | epoch_time=00:01:06 | elapsed=17:27:58 | ETA=03:12:13 | estimated_finish=2026-06-17 18:30:55
Quick validation epoch=845 | pseudo_dice=0.259181 | val_time=00:00:06
Epoch 846/1000 finished | loss=0.414277 | dice_loss=0.406191 | bce=0.006888 | mse=0.001198 | lr=1.85682e-05 | epoch_time=00:01:06 | elapsed=17:29:12 | ETA=03:10:59 | estimated_finish=2026-06-17 18:30:54
Epoch 847/1000 finished | loss=0.428388 | dice_loss=0.420407 | bce=0.006779 | mse=0.001202 | lr=1.84596e-05 | epoch_time=00:01:05 | elapsed=17:30:18 | ETA=03:09:43 | estimated_finish=2026-06-17 18:30:44
Epoch 848/1000 finished | loss=0.378152 | dice_loss=0.369272 | bce=0.007548 | mse=0.001332 | lr=1.8351e-05 | epoch_time=00:01:05 | elapsed=17:31:23 | ETA=03:08:27 | estimated_finish=2026-06-17 18:30:34
Epoch 849/1000 finished | loss=0.362062 | dice_loss=0.352842 | bce=0.007833 | mse=0.001386 | lr=1.82423e-05 | epoch_time=00:01:07 | elapsed=17:32:31 | ETA=03:07:11 | estimated_finish=2026-06-17 18:30:26
Epoch 850/1000 finished | loss=0.451150 | dice_loss=0.441331 | bce=0.008288 | mse=0.001531 | lr=1.81335e-05 | epoch_time=00:01:07 | elapsed=17:33:39 | ETA=03:05:56 | estimated_finish=2026-06-17 18:30:18
Quick validation epoch=850 | pseudo_dice=0.320051 | val_time=00:00:06
Epoch 851/1000 finished | loss=0.409468 | dice_loss=0.400660 | bce=0.007484 | mse=0.001324 | lr=1.80247e-05 | epoch_time=00:01:05 | elapsed=17:34:51 | ETA=03:04:41 | estimated_finish=2026-06-17 18:30:16
Epoch 852/1000 finished | loss=0.342738 | dice_loss=0.332443 | bce=0.008714 | mse=0.001581 | lr=1.79158e-05 | epoch_time=00:01:04 | elapsed=17:35:56 | ETA=03:03:25 | estimated_finish=2026-06-17 18:30:04
Epoch 853/1000 finished | loss=0.418165 | dice_loss=0.408404 | bce=0.008261 | mse=0.001500 | lr=1.78068e-05 | epoch_time=00:01:05 | elapsed=17:37:02 | ETA=03:02:09 | estimated_finish=2026-06-17 18:29:54
Epoch 854/1000 finished | loss=0.377996 | dice_loss=0.368227 | bce=0.008324 | mse=0.001445 | lr=1.76977e-05 | epoch_time=00:01:05 | elapsed=17:38:07 | ETA=03:00:53 | estimated_finish=2026-06-17 18:29:44
Epoch 855/1000 finished | loss=0.394699 | dice_loss=0.386403 | bce=0.007074 | mse=0.001222 | lr=1.75886e-05 | epoch_time=00:01:04 | elapsed=17:39:12 | ETA=02:59:37 | estimated_finish=2026-06-17 18:29:33
Quick validation epoch=855 | pseudo_dice=0.233841 | val_time=00:00:06
Epoch 856/1000 finished | loss=0.456488 | dice_loss=0.448786 | bce=0.006530 | mse=0.001173 | lr=1.74794e-05 | epoch_time=00:01:06 | elapsed=17:40:25 | ETA=02:58:23 | estimated_finish=2026-06-17 18:29:31
Epoch 857/1000 finished | loss=0.373619 | dice_loss=0.363732 | bce=0.008351 | mse=0.001535 | lr=1.73701e-05 | epoch_time=00:01:08 | elapsed=17:41:34 | ETA=02:57:08 | estimated_finish=2026-06-17 18:29:24
Epoch 858/1000 finished | loss=0.386715 | dice_loss=0.378254 | bce=0.007147 | mse=0.001314 | lr=1.72607e-05 | epoch_time=00:01:07 | elapsed=17:42:41 | ETA=02:55:52 | estimated_finish=2026-06-17 18:29:16
Epoch 859/1000 finished | loss=0.383966 | dice_loss=0.375316 | bce=0.007311 | mse=0.001338 | lr=1.71513e-05 | epoch_time=00:01:07 | elapsed=17:43:49 | ETA=02:54:37 | estimated_finish=2026-06-17 18:29:09
Epoch 860/1000 finished | loss=0.351748 | dice_loss=0.342439 | bce=0.007919 | mse=0.001390 | lr=1.70418e-05 | epoch_time=00:01:05 | elapsed=17:44:55 | ETA=02:53:21 | estimated_finish=2026-06-17 18:29:00
Quick validation epoch=860 | pseudo_dice=0.246930 | val_time=00:00:07
Epoch 861/1000 finished | loss=0.433874 | dice_loss=0.426114 | bce=0.006568 | mse=0.001192 | lr=1.69322e-05 | epoch_time=00:01:07 | elapsed=17:46:10 | ETA=02:52:07 | estimated_finish=2026-06-17 18:29:01
Epoch 862/1000 finished | loss=0.434746 | dice_loss=0.424532 | bce=0.008681 | mse=0.001533 | lr=1.68225e-05 | epoch_time=00:01:03 | elapsed=17:47:14 | ETA=02:50:51 | estimated_finish=2026-06-17 18:28:49
Epoch 863/1000 finished | loss=0.414365 | dice_loss=0.406140 | bce=0.006998 | mse=0.001228 | lr=1.67128e-05 | epoch_time=00:01:05 | elapsed=17:48:20 | ETA=02:49:35 | estimated_finish=2026-06-17 18:28:39
Epoch 864/1000 finished | loss=0.410819 | dice_loss=0.400538 | bce=0.008770 | mse=0.001512 | lr=1.66029e-05 | epoch_time=00:01:08 | elapsed=17:49:29 | ETA=02:48:20 | estimated_finish=2026-06-17 18:28:33
Epoch 865/1000 finished | loss=0.418408 | dice_loss=0.410197 | bce=0.006987 | mse=0.001225 | lr=1.6493e-05 | epoch_time=00:01:05 | elapsed=17:50:35 | ETA=02:47:05 | estimated_finish=2026-06-17 18:28:23
Quick validation epoch=865 | pseudo_dice=0.094179 | val_time=00:00:07
Epoch 866/1000 finished | loss=0.415837 | dice_loss=0.405649 | bce=0.008581 | mse=0.001607 | lr=1.6383e-05 | epoch_time=00:01:05 | elapsed=17:51:48 | ETA=02:45:50 | estimated_finish=2026-06-17 18:28:22
Epoch 867/1000 finished | loss=0.406362 | dice_loss=0.397602 | bce=0.007417 | mse=0.001343 | lr=1.6273e-05 | epoch_time=00:01:05 | elapsed=17:52:54 | ETA=02:44:35 | estimated_finish=2026-06-17 18:28:12
Epoch 868/1000 finished | loss=0.404298 | dice_loss=0.395433 | bce=0.007518 | mse=0.001347 | lr=1.61628e-05 | epoch_time=00:01:05 | elapsed=17:54:00 | ETA=02:43:19 | estimated_finish=2026-06-17 18:28:02
Epoch 869/1000 finished | loss=0.438768 | dice_loss=0.431253 | bce=0.006365 | mse=0.001150 | lr=1.60526e-05 | epoch_time=00:01:06 | elapsed=17:55:07 | ETA=02:42:04 | estimated_finish=2026-06-17 18:27:54
Epoch 870/1000 finished | loss=0.394162 | dice_loss=0.387160 | bce=0.005886 | mse=0.001115 | lr=1.59422e-05 | epoch_time=00:01:07 | elapsed=17:56:15 | ETA=02:40:49 | estimated_finish=2026-06-17 18:27:47
Quick validation epoch=870 | pseudo_dice=0.478569 | val_time=00:00:07
Epoch 871/1000 finished | loss=0.410186 | dice_loss=0.400987 | bce=0.007826 | mse=0.001373 | lr=1.58318e-05 | epoch_time=00:01:07 | elapsed=17:57:30 | ETA=02:39:35 | estimated_finish=2026-06-17 18:27:47
Epoch 872/1000 finished | loss=0.431399 | dice_loss=0.423045 | bce=0.007139 | mse=0.001214 | lr=1.57213e-05 | epoch_time=00:01:06 | elapsed=17:58:36 | ETA=02:38:19 | estimated_finish=2026-06-17 18:27:38
Epoch 873/1000 finished | loss=0.377534 | dice_loss=0.370018 | bce=0.006350 | mse=0.001167 | lr=1.56107e-05 | epoch_time=00:01:05 | elapsed=17:59:41 | ETA=02:37:04 | estimated_finish=2026-06-17 18:27:28
Epoch 874/1000 finished | loss=0.435061 | dice_loss=0.428045 | bce=0.005949 | mse=0.001067 | lr=1.55001e-05 | epoch_time=00:01:06 | elapsed=18:00:48 | ETA=02:35:48 | estimated_finish=2026-06-17 18:27:19
Epoch 875/1000 finished | loss=0.436314 | dice_loss=0.427515 | bce=0.007440 | mse=0.001360 | lr=1.53893e-05 | epoch_time=00:01:07 | elapsed=18:01:56 | ETA=02:34:33 | estimated_finish=2026-06-17 18:27:12
Quick validation epoch=875 | pseudo_dice=0.212933 | val_time=00:00:06
Epoch 876/1000 finished | loss=0.451360 | dice_loss=0.441506 | bce=0.008368 | mse=0.001485 | lr=1.52785e-05 | epoch_time=00:01:04 | elapsed=18:03:07 | ETA=02:33:19 | estimated_finish=2026-06-17 18:27:09
Epoch 877/1000 finished | loss=0.402749 | dice_loss=0.392004 | bce=0.009234 | mse=0.001510 | lr=1.51675e-05 | epoch_time=00:01:05 | elapsed=18:04:13 | ETA=02:32:03 | estimated_finish=2026-06-17 18:27:00
Epoch 878/1000 finished | loss=0.397883 | dice_loss=0.389574 | bce=0.007031 | mse=0.001278 | lr=1.50565e-05 | epoch_time=00:01:05 | elapsed=18:05:19 | ETA=02:30:48 | estimated_finish=2026-06-17 18:26:51
Epoch 879/1000 finished | loss=0.381999 | dice_loss=0.372194 | bce=0.008319 | mse=0.001486 | lr=1.49454e-05 | epoch_time=00:01:07 | elapsed=18:06:27 | ETA=02:29:33 | estimated_finish=2026-06-17 18:26:43
Epoch 880/1000 finished | loss=0.394133 | dice_loss=0.386551 | bce=0.006425 | mse=0.001156 | lr=1.48342e-05 | epoch_time=00:01:04 | elapsed=18:07:31 | ETA=02:28:17 | estimated_finish=2026-06-17 18:26:32
Quick validation epoch=880 | pseudo_dice=0.289945 | val_time=00:00:06
Epoch 881/1000 finished | loss=0.430511 | dice_loss=0.419578 | bce=0.009276 | mse=0.001657 | lr=1.47229e-05 | epoch_time=00:01:05 | elapsed=18:08:43 | ETA=02:27:03 | estimated_finish=2026-06-17 18:26:30
Epoch 882/1000 finished | loss=0.416637 | dice_loss=0.407587 | bce=0.007658 | mse=0.001393 | lr=1.46115e-05 | epoch_time=00:01:06 | elapsed=18:09:50 | ETA=02:25:48 | estimated_finish=2026-06-17 18:26:21
Epoch 883/1000 finished | loss=0.420021 | dice_loss=0.410512 | bce=0.008017 | mse=0.001493 | lr=1.45e-05 | epoch_time=00:01:07 | elapsed=18:10:57 | ETA=02:24:33 | estimated_finish=2026-06-17 18:26:13
Epoch 884/1000 finished | loss=0.427255 | dice_loss=0.418759 | bce=0.007182 | mse=0.001315 | lr=1.43884e-05 | epoch_time=00:01:06 | elapsed=18:12:04 | ETA=02:23:18 | estimated_finish=2026-06-17 18:26:05
Epoch 885/1000 finished | loss=0.418411 | dice_loss=0.411367 | bce=0.005987 | mse=0.001058 | lr=1.42767e-05 | epoch_time=00:01:06 | elapsed=18:13:11 | ETA=02:22:03 | estimated_finish=2026-06-17 18:25:57
Quick validation epoch=885 | pseudo_dice=0.346650 | val_time=00:00:06
Epoch 886/1000 finished | loss=0.433408 | dice_loss=0.423928 | bce=0.008005 | mse=0.001475 | lr=1.41649e-05 | epoch_time=00:01:05 | elapsed=18:14:24 | ETA=02:20:48 | estimated_finish=2026-06-17 18:25:56
Epoch 887/1000 finished | loss=0.423644 | dice_loss=0.416394 | bce=0.006109 | mse=0.001141 | lr=1.40531e-05 | epoch_time=00:01:06 | elapsed=18:15:31 | ETA=02:19:33 | estimated_finish=2026-06-17 18:25:47
Epoch 888/1000 finished | loss=0.397812 | dice_loss=0.389384 | bce=0.007134 | mse=0.001293 | lr=1.39411e-05 | epoch_time=00:01:05 | elapsed=18:16:36 | ETA=02:18:18 | estimated_finish=2026-06-17 18:25:37
Epoch 889/1000 finished | loss=0.405926 | dice_loss=0.398286 | bce=0.006492 | mse=0.001147 | lr=1.3829e-05 | epoch_time=00:01:05 | elapsed=18:17:42 | ETA=02:17:03 | estimated_finish=2026-06-17 18:25:28
Epoch 890/1000 finished | loss=0.426187 | dice_loss=0.418275 | bce=0.006688 | mse=0.001224 | lr=1.37168e-05 | epoch_time=00:01:07 | elapsed=18:18:50 | ETA=02:15:48 | estimated_finish=2026-06-17 18:25:21
Quick validation epoch=890 | pseudo_dice=0.153322 | val_time=00:00:07
Epoch 891/1000 finished | loss=0.422935 | dice_loss=0.413852 | bce=0.007697 | mse=0.001386 | lr=1.36045e-05 | epoch_time=00:01:06 | elapsed=18:20:04 | ETA=02:14:34 | estimated_finish=2026-06-17 18:25:21
Epoch 892/1000 finished | loss=0.374351 | dice_loss=0.365847 | bce=0.007207 | mse=0.001297 | lr=1.34922e-05 | epoch_time=00:01:06 | elapsed=18:21:10 | ETA=02:13:19 | estimated_finish=2026-06-17 18:25:13
Epoch 893/1000 finished | loss=0.447431 | dice_loss=0.438566 | bce=0.007472 | mse=0.001393 | lr=1.33797e-05 | epoch_time=00:01:06 | elapsed=18:22:17 | ETA=02:12:04 | estimated_finish=2026-06-17 18:25:04
Epoch 894/1000 finished | loss=0.408791 | dice_loss=0.398223 | bce=0.008934 | mse=0.001634 | lr=1.32671e-05 | epoch_time=00:01:05 | elapsed=18:23:22 | ETA=02:10:49 | estimated_finish=2026-06-17 18:24:55
Epoch 895/1000 finished | loss=0.367539 | dice_loss=0.358930 | bce=0.007248 | mse=0.001361 | lr=1.31544e-05 | epoch_time=00:01:05 | elapsed=18:24:28 | ETA=02:09:34 | estimated_finish=2026-06-17 18:24:45
Quick validation epoch=895 | pseudo_dice=0.196393 | val_time=00:00:06
Epoch 896/1000 finished | loss=0.393754 | dice_loss=0.385112 | bce=0.007343 | mse=0.001299 | lr=1.30416e-05 | epoch_time=00:01:03 | elapsed=18:25:39 | ETA=02:08:20 | estimated_finish=2026-06-17 18:24:42
Epoch 897/1000 finished | loss=0.434200 | dice_loss=0.425359 | bce=0.007460 | mse=0.001381 | lr=1.29287e-05 | epoch_time=00:01:04 | elapsed=18:26:43 | ETA=02:07:04 | estimated_finish=2026-06-17 18:24:31
Epoch 898/1000 finished | loss=0.372995 | dice_loss=0.363642 | bce=0.007852 | mse=0.001501 | lr=1.28156e-05 | epoch_time=00:01:04 | elapsed=18:27:49 | ETA=02:05:49 | estimated_finish=2026-06-17 18:24:21
Epoch 899/1000 finished | loss=0.377552 | dice_loss=0.370507 | bce=0.005958 | mse=0.001087 | lr=1.27025e-05 | epoch_time=00:01:05 | elapsed=18:28:54 | ETA=02:04:34 | estimated_finish=2026-06-17 18:24:12
Epoch 900/1000 finished | loss=0.414521 | dice_loss=0.405797 | bce=0.007415 | mse=0.001308 | lr=1.25893e-05 | epoch_time=00:01:05 | elapsed=18:30:00 | ETA=02:03:20 | estimated_finish=2026-06-17 18:24:03
Quick validation epoch=900 | pseudo_dice=0.299623 | val_time=00:00:06
Full validation epoch=900 | mean_dice=0.273406 | val_time=00:12:30
New best full-validation model saved | dice=0.273406 | epoch=900
Epoch 901/1000 finished | loss=0.367978 | dice_loss=0.359101 | bce=0.007530 | mse=0.001348 | lr=1.24759e-05 | epoch_time=00:01:07 | elapsed=18:43:46 | ETA=02:03:28 | estimated_finish=2026-06-17 18:37:57
