==========================================
nnUNet training
==========================================
nnUNet_raw=/data/drdcad/datasets_nnUNet/nnUNet_raw
nnUNet_preprocessed=/data/drdcad/datasets_nnUNet/nnUNet_preprocessed
nnUNet_results=/data/drdcad/datasets_nnUNet/nnUNet_results
DATASET_ID=101
CONFIG=3d_fullres
FOLD=0
CUDA_VISIBLE_DEVICES=0
==========================================
Sat Jun 13 18:51:52 2026       
+-----------------------------------------------------------------------------------------+
| NVIDIA-SMI 580.126.09             Driver Version: 580.126.09     CUDA Version: 13.0     |
+-----------------------------------------+------------------------+----------------------+
| GPU  Name                 Persistence-M | Bus-Id          Disp.A | Volatile Uncorr. ECC |
| Fan  Temp   Perf          Pwr:Usage/Cap |           Memory-Usage | GPU-Util  Compute M. |
|                                         |                        |               MIG M. |
|=========================================+========================+======================|
|   0  NVIDIA A100-SXM4-80GB          On  |   00000000:07:00.0 Off |                    0 |
| N/A   28C    P0             61W /  400W |       0MiB /  81920MiB |      0%      Default |
|                                         |                        |             Disabled |
+-----------------------------------------+------------------------+----------------------+

+-----------------------------------------------------------------------------------------+
| Processes:                                                                              |
|  GPU   GI   CI              PID   Type   Process name                        GPU Memory |
|        ID   ID                                                               Usage      |
|=========================================================================================|
|  No running processes found                                                             |
+-----------------------------------------------------------------------------------------+

############################
INFO: You are using the old nnU-Net default plans. We have updated our recommendations. Please consider using those instead! Read more here: https://github.com/MIC-DKFZ/nnUNet/blob/master/documentation/resenc_presets.md
############################

Using device: cuda:0

#######################################################################
Please cite the following paper when using nnU-Net:
Isensee, F., Jaeger, P. F., Kohl, S. A., Petersen, J., & Maier-Hein, K. H. (2021). nnU-Net: a self-configuring method for deep learning-based biomedical image segmentation. Nature methods, 18(2), 203-211.
#######################################################################

2026-06-13 18:52:09.585614: Using torch.compile...
2026-06-13 18:52:10.891934: do_dummy_2d_data_aug: False
2026-06-13 18:52:10.894533: Using splits from existing split file: /data/drdcad/datasets_nnUNet/nnUNet_preprocessed/Dataset101_SBOvessel/splits_final.json
2026-06-13 18:52:10.896930: The split file contains 5 splits.
2026-06-13 18:52:10.898215: Desired fold for training: 0
2026-06-13 18:52:10.899487: This split has 91 training and 23 validation cases.
using pin_memory on device 0
using pin_memory on device 0

This is the configuration used by this training:
Configuration name: 3d_fullres
 {'data_identifier': 'nnUNetPlans_3d_fullres', 'preprocessor_name': 'DefaultPreprocessor', 'batch_size': 2, 'patch_size': [128, 128, 128], 'median_image_size_in_voxels': [619.0, 512.0, 519.0], 'spacing': [1.0, 0.79296875, 0.79296875], 'normalization_schemes': ['CTNormalization'], 'use_mask_for_norm': [False], 'resampling_fn_data': 'resample_data_or_seg_to_shape', 'resampling_fn_seg': 'resample_data_or_seg_to_shape', 'resampling_fn_data_kwargs': {'is_seg': False, 'order': 3, 'order_z': 0, 'force_separate_z': None}, 'resampling_fn_seg_kwargs': {'is_seg': True, 'order': 1, 'order_z': 0, 'force_separate_z': None}, 'resampling_fn_probabilities': 'resample_data_or_seg_to_shape', 'resampling_fn_probabilities_kwargs': {'is_seg': False, 'order': 1, 'order_z': 0, 'force_separate_z': None}, 'architecture': {'network_class_name': 'dynamic_network_architectures.architectures.unet.PlainConvUNet', 'arch_kwargs': {'n_stages': 6, 'features_per_stage': [32, 64, 128, 256, 320, 320], 'conv_op': 'torch.nn.modules.conv.Conv3d', 'kernel_sizes': [[3, 3, 3], [3, 3, 3], [3, 3, 3], [3, 3, 3], [3, 3, 3], [3, 3, 3]], 'strides': [[1, 1, 1], [2, 2, 2], [2, 2, 2], [2, 2, 2], [2, 2, 2], [2, 2, 2]], 'n_conv_per_stage': [2, 2, 2, 2, 2, 2], 'n_conv_per_stage_decoder': [2, 2, 2, 2, 2], 'conv_bias': True, 'norm_op': 'torch.nn.modules.instancenorm.InstanceNorm3d', 'norm_op_kwargs': {'eps': 1e-05, 'affine': True}, 'dropout_op': None, 'dropout_op_kwargs': None, 'nonlin': 'torch.nn.LeakyReLU', 'nonlin_kwargs': {'inplace': True}}, '_kw_requires_import': ['conv_op', 'norm_op', 'dropout_op', 'nonlin']}, 'batch_dice': True} 

These are the global plan.json settings:
 {'dataset_name': 'Dataset101_SBOvessel', 'plans_name': 'nnUNetPlans', 'original_median_spacing_after_transp': [1.0, 0.79296875, 0.79296875], 'original_median_shape_after_transp': [622, 512, 512], 'image_reader_writer': 'SimpleITKIO', 'transpose_forward': [0, 1, 2], 'transpose_backward': [0, 1, 2], 'experiment_planner_used': 'ExperimentPlanner', 'label_manager': 'LabelManager', 'foreground_intensity_properties_per_channel': {'0': {'max': 3071.0, 'mean': 91.34320831298828, 'median': 87.0, 'min': -1021.0, 'percentile_00_5': -71.0, 'percentile_99_5': 298.0, 'std': 78.90290832519531}}} 

2026-06-13 18:52:12.782470: Unable to plot network architecture: nnUNet_compile is enabled!
2026-06-13 18:52:12.809630: 
2026-06-13 18:52:12.811227: Epoch 0
2026-06-13 18:52:12.812829: Current learning rate: 0.01
2026-06-13 18:53:34.228078: train_loss 0.0581
2026-06-13 18:53:34.232040: val_loss -0.0452
2026-06-13 18:53:34.233633: Pseudo dice [0.0032]
2026-06-13 18:53:34.235656: Epoch time: 81.42 s
2026-06-13 18:53:34.237494: Yayy! New best EMA pseudo Dice: 0.0032
2026-06-13 18:53:35.607939: 
2026-06-13 18:53:35.609491: Epoch 1
2026-06-13 18:53:35.610855: Current learning rate: 0.00999
2026-06-13 18:53:58.313039: train_loss -0.028
2026-06-13 18:53:58.315767: val_loss -0.1698
2026-06-13 18:53:58.317342: Pseudo dice [0.2554]
2026-06-13 18:53:58.318744: Epoch time: 22.71 s
2026-06-13 18:53:58.320142: Yayy! New best EMA pseudo Dice: 0.0284
2026-06-13 18:53:59.665107: 
2026-06-13 18:53:59.666714: Epoch 2
2026-06-13 18:53:59.668236: Current learning rate: 0.00998
2026-06-13 18:54:22.193209: train_loss -0.1146
2026-06-13 18:54:22.196004: val_loss -0.173
2026-06-13 18:54:22.197930: Pseudo dice [0.2587]
2026-06-13 18:54:22.200243: Epoch time: 22.53 s
2026-06-13 18:54:22.201693: Yayy! New best EMA pseudo Dice: 0.0514
2026-06-13 18:54:23.541820: 
2026-06-13 18:54:23.543380: Epoch 3
2026-06-13 18:54:23.548421: Current learning rate: 0.00997
2026-06-13 18:54:45.886839: train_loss -0.2025
2026-06-13 18:54:45.891387: val_loss -0.2163
2026-06-13 18:54:45.895577: Pseudo dice [0.2724]
2026-06-13 18:54:45.897762: Epoch time: 22.35 s
2026-06-13 18:54:45.900853: Yayy! New best EMA pseudo Dice: 0.0735
2026-06-13 18:54:47.229972: 
2026-06-13 18:54:47.231563: Epoch 4
2026-06-13 18:54:47.233011: Current learning rate: 0.00996
2026-06-13 18:55:09.564645: train_loss -0.2406
2026-06-13 18:55:09.567998: val_loss -0.2505
2026-06-13 18:55:09.569762: Pseudo dice [0.2944]
2026-06-13 18:55:09.571462: Epoch time: 22.34 s
2026-06-13 18:55:09.573035: Yayy! New best EMA pseudo Dice: 0.0956
2026-06-13 18:55:10.924642: 
2026-06-13 18:55:10.926229: Epoch 5
2026-06-13 18:55:10.927721: Current learning rate: 0.00995
2026-06-13 18:55:33.342760: train_loss -0.2549
2026-06-13 18:55:33.345927: val_loss -0.2581
2026-06-13 18:55:33.347589: Pseudo dice [0.3049]
2026-06-13 18:55:33.349751: Epoch time: 22.42 s
2026-06-13 18:55:33.351583: Yayy! New best EMA pseudo Dice: 0.1166
2026-06-13 18:55:34.676383: 
2026-06-13 18:55:34.678657: Epoch 6
2026-06-13 18:55:34.680368: Current learning rate: 0.00995
2026-06-13 18:55:57.161984: train_loss -0.2755
2026-06-13 18:55:57.165712: val_loss -0.2667
2026-06-13 18:55:57.167151: Pseudo dice [0.3332]
2026-06-13 18:55:57.168573: Epoch time: 22.49 s
2026-06-13 18:55:57.170041: Yayy! New best EMA pseudo Dice: 0.1382
2026-06-13 18:55:58.496827: 
2026-06-13 18:55:58.498474: Epoch 7
2026-06-13 18:55:58.499838: Current learning rate: 0.00994
2026-06-13 18:56:20.818636: train_loss -0.2428
2026-06-13 18:56:20.821897: val_loss -0.3187
2026-06-13 18:56:20.823683: Pseudo dice [0.312]
2026-06-13 18:56:20.825195: Epoch time: 22.32 s
2026-06-13 18:56:20.826768: Yayy! New best EMA pseudo Dice: 0.1556
2026-06-13 18:56:22.154883: 
2026-06-13 18:56:22.157063: Epoch 8
2026-06-13 18:56:22.158999: Current learning rate: 0.00993
2026-06-13 18:56:44.601029: train_loss -0.2751
2026-06-13 18:56:44.603738: val_loss -0.2154
2026-06-13 18:56:44.605487: Pseudo dice [0.2857]
2026-06-13 18:56:44.607527: Epoch time: 22.45 s
2026-06-13 18:56:44.612295: Yayy! New best EMA pseudo Dice: 0.1686
2026-06-13 18:56:45.972168: 
2026-06-13 18:56:45.975552: Epoch 9
2026-06-13 18:56:45.977623: Current learning rate: 0.00992
2026-06-13 18:57:08.399096: train_loss -0.2947
2026-06-13 18:57:08.403505: val_loss -0.337
2026-06-13 18:57:08.405219: Pseudo dice [0.3698]
2026-06-13 18:57:08.406687: Epoch time: 22.43 s
2026-06-13 18:57:08.408051: Yayy! New best EMA pseudo Dice: 0.1887
2026-06-13 18:57:09.754330: 
2026-06-13 18:57:09.773406: Epoch 10
2026-06-13 18:57:09.790090: Current learning rate: 0.00991
2026-06-13 18:57:32.163100: train_loss -0.2466
2026-06-13 18:57:32.165782: val_loss -0.2602
2026-06-13 18:57:32.167581: Pseudo dice [0.2991]
2026-06-13 18:57:32.169036: Epoch time: 22.41 s
2026-06-13 18:57:32.171237: Yayy! New best EMA pseudo Dice: 0.1998
2026-06-13 18:57:33.529815: 
2026-06-13 18:57:33.531186: Epoch 11
2026-06-13 18:57:33.532465: Current learning rate: 0.0099
2026-06-13 18:57:55.857343: train_loss -0.3441
2026-06-13 18:57:55.859987: val_loss -0.3312
2026-06-13 18:57:55.861380: Pseudo dice [0.3472]
2026-06-13 18:57:55.862763: Epoch time: 22.33 s
2026-06-13 18:57:55.864145: Yayy! New best EMA pseudo Dice: 0.2145
2026-06-13 18:57:57.203594: 
2026-06-13 18:57:57.205118: Epoch 12
2026-06-13 18:57:57.206898: Current learning rate: 0.00989
2026-06-13 18:58:19.595414: train_loss -0.3188
2026-06-13 18:58:19.601950: val_loss -0.3097
2026-06-13 18:58:19.603341: Pseudo dice [0.3254]
2026-06-13 18:58:19.604746: Epoch time: 22.39 s
2026-06-13 18:58:19.606145: Yayy! New best EMA pseudo Dice: 0.2256
2026-06-13 18:58:21.438811: 
2026-06-13 18:58:21.441405: Epoch 13
2026-06-13 18:58:21.442813: Current learning rate: 0.00988
2026-06-13 18:58:43.883501: train_loss -0.2626
2026-06-13 18:58:43.886368: val_loss -0.3035
2026-06-13 18:58:43.888079: Pseudo dice [0.3512]
2026-06-13 18:58:43.889584: Epoch time: 22.45 s
2026-06-13 18:58:43.891673: Yayy! New best EMA pseudo Dice: 0.2382
2026-06-13 18:58:45.257915: 
2026-06-13 18:58:45.259914: Epoch 14
2026-06-13 18:58:45.262080: Current learning rate: 0.00987
2026-06-13 18:59:07.775671: train_loss -0.2921
2026-06-13 18:59:07.778214: val_loss -0.3202
2026-06-13 18:59:07.779709: Pseudo dice [0.3414]
2026-06-13 18:59:07.781179: Epoch time: 22.52 s
2026-06-13 18:59:07.782620: Yayy! New best EMA pseudo Dice: 0.2485
2026-06-13 18:59:09.149783: 
2026-06-13 18:59:09.151440: Epoch 15
2026-06-13 18:59:09.153154: Current learning rate: 0.00986
2026-06-13 18:59:31.511560: train_loss -0.3099
2026-06-13 18:59:31.516480: val_loss -0.2836
2026-06-13 18:59:31.518343: Pseudo dice [0.2672]
2026-06-13 18:59:31.520328: Epoch time: 22.36 s
2026-06-13 18:59:31.522214: Yayy! New best EMA pseudo Dice: 0.2504
2026-06-13 18:59:32.900926: 
2026-06-13 18:59:32.902631: Epoch 16
2026-06-13 18:59:32.904260: Current learning rate: 0.00986
2026-06-13 18:59:55.307201: train_loss -0.3231
2026-06-13 18:59:55.309939: val_loss -0.2984
2026-06-13 18:59:55.311408: Pseudo dice [0.2756]
2026-06-13 18:59:55.312906: Epoch time: 22.41 s
2026-06-13 18:59:55.314257: Yayy! New best EMA pseudo Dice: 0.2529
2026-06-13 18:59:56.694716: 
2026-06-13 18:59:56.696481: Epoch 17
2026-06-13 18:59:56.697832: Current learning rate: 0.00985
2026-06-13 19:00:19.080943: train_loss -0.3213
2026-06-13 19:00:19.087737: val_loss -0.3544
2026-06-13 19:00:19.089176: Pseudo dice [0.3854]
2026-06-13 19:00:19.090591: Epoch time: 22.39 s
2026-06-13 19:00:19.091940: Yayy! New best EMA pseudo Dice: 0.2661
2026-06-13 19:00:20.452828: 
2026-06-13 19:00:20.455345: Epoch 18
2026-06-13 19:00:20.457411: Current learning rate: 0.00984
2026-06-13 19:00:42.817950: train_loss -0.3041
2026-06-13 19:00:42.823764: val_loss -0.3471
2026-06-13 19:00:42.825255: Pseudo dice [0.3658]
2026-06-13 19:00:42.826719: Epoch time: 22.37 s
2026-06-13 19:00:42.828100: Yayy! New best EMA pseudo Dice: 0.2761
2026-06-13 19:00:44.198743: 
2026-06-13 19:00:44.200886: Epoch 19
2026-06-13 19:00:44.202309: Current learning rate: 0.00983
2026-06-13 19:01:06.555620: train_loss -0.3539
2026-06-13 19:01:06.558301: val_loss -0.3506
2026-06-13 19:01:06.560051: Pseudo dice [0.3734]
2026-06-13 19:01:06.561600: Epoch time: 22.36 s
2026-06-13 19:01:06.563684: Yayy! New best EMA pseudo Dice: 0.2858
2026-06-13 19:01:07.950620: 
2026-06-13 19:01:07.954080: Epoch 20
2026-06-13 19:01:07.957770: Current learning rate: 0.00982
2026-06-13 19:01:30.268033: train_loss -0.3578
2026-06-13 19:01:30.270918: val_loss -0.3387
2026-06-13 19:01:30.272350: Pseudo dice [0.3354]
2026-06-13 19:01:30.273753: Epoch time: 22.32 s
2026-06-13 19:01:30.275656: Yayy! New best EMA pseudo Dice: 0.2908
2026-06-13 19:01:31.647089: 
2026-06-13 19:01:31.648513: Epoch 21
2026-06-13 19:01:31.649842: Current learning rate: 0.00981
2026-06-13 19:01:54.000029: train_loss -0.352
2026-06-13 19:01:54.003948: val_loss -0.3061
2026-06-13 19:01:54.005438: Pseudo dice [0.3696]
2026-06-13 19:01:54.006895: Epoch time: 22.35 s
2026-06-13 19:01:54.008359: Yayy! New best EMA pseudo Dice: 0.2987
2026-06-13 19:01:55.350371: 
2026-06-13 19:01:55.351955: Epoch 22
2026-06-13 19:01:55.353391: Current learning rate: 0.0098
2026-06-13 19:02:17.734664: train_loss -0.3599
2026-06-13 19:02:17.737925: val_loss -0.3899
2026-06-13 19:02:17.739587: Pseudo dice [0.396]
2026-06-13 19:02:17.741053: Epoch time: 22.39 s
2026-06-13 19:02:17.742512: Yayy! New best EMA pseudo Dice: 0.3084
2026-06-13 19:02:19.091483: 
2026-06-13 19:02:19.094132: Epoch 23
2026-06-13 19:02:19.095683: Current learning rate: 0.00979
2026-06-13 19:02:41.374325: train_loss -0.4323
2026-06-13 19:02:41.386855: val_loss -0.3821
2026-06-13 19:02:41.388338: Pseudo dice [0.3891]
2026-06-13 19:02:41.389741: Epoch time: 22.28 s
2026-06-13 19:02:41.391064: Yayy! New best EMA pseudo Dice: 0.3165
2026-06-13 19:02:42.745026: 
2026-06-13 19:02:42.746562: Epoch 24
2026-06-13 19:02:42.748291: Current learning rate: 0.00978
2026-06-13 19:03:05.114264: train_loss -0.3547
2026-06-13 19:03:05.121484: val_loss -0.3565
2026-06-13 19:03:05.123459: Pseudo dice [0.3679]
2026-06-13 19:03:05.125408: Epoch time: 22.37 s
2026-06-13 19:03:05.127681: Yayy! New best EMA pseudo Dice: 0.3216
2026-06-13 19:03:06.500287: 
2026-06-13 19:03:06.501965: Epoch 25
2026-06-13 19:03:06.503896: Current learning rate: 0.00977
2026-06-13 19:03:28.874593: train_loss -0.3291
2026-06-13 19:03:28.879616: val_loss -0.3889
2026-06-13 19:03:28.881206: Pseudo dice [0.3834]
2026-06-13 19:03:28.882642: Epoch time: 22.38 s
2026-06-13 19:03:28.884087: Yayy! New best EMA pseudo Dice: 0.3278
2026-06-13 19:03:30.236583: 
2026-06-13 19:03:30.237998: Epoch 26
2026-06-13 19:03:30.239403: Current learning rate: 0.00977
2026-06-13 19:03:52.530370: train_loss -0.4067
2026-06-13 19:03:52.533450: val_loss -0.3957
2026-06-13 19:03:52.534822: Pseudo dice [0.4041]
2026-06-13 19:03:52.536219: Epoch time: 22.29 s
2026-06-13 19:03:52.537892: Yayy! New best EMA pseudo Dice: 0.3354
2026-06-13 19:03:53.898138: 
2026-06-13 19:03:53.900179: Epoch 27
2026-06-13 19:03:53.901599: Current learning rate: 0.00976
2026-06-13 19:04:16.269866: train_loss -0.3605
2026-06-13 19:04:16.273380: val_loss -0.3767
2026-06-13 19:04:16.274737: Pseudo dice [0.3994]
2026-06-13 19:04:16.276141: Epoch time: 22.37 s
2026-06-13 19:04:16.277519: Yayy! New best EMA pseudo Dice: 0.3418
2026-06-13 19:04:17.643614: 
2026-06-13 19:04:17.645117: Epoch 28
2026-06-13 19:04:17.646315: Current learning rate: 0.00975
2026-06-13 19:04:39.936823: train_loss -0.4453
2026-06-13 19:04:39.941031: val_loss -0.3606
2026-06-13 19:04:39.943065: Pseudo dice [0.3725]
2026-06-13 19:04:39.944492: Epoch time: 22.29 s
2026-06-13 19:04:39.945939: Yayy! New best EMA pseudo Dice: 0.3449
2026-06-13 19:04:41.815642: 
2026-06-13 19:04:41.817263: Epoch 29
2026-06-13 19:04:41.818683: Current learning rate: 0.00974
2026-06-13 19:05:04.198449: train_loss -0.3737
2026-06-13 19:05:04.201890: val_loss -0.3893
2026-06-13 19:05:04.203300: Pseudo dice [0.4083]
2026-06-13 19:05:04.204883: Epoch time: 22.38 s
2026-06-13 19:05:04.206315: Yayy! New best EMA pseudo Dice: 0.3512
2026-06-13 19:05:05.561521: 
2026-06-13 19:05:05.564083: Epoch 30
2026-06-13 19:05:05.566251: Current learning rate: 0.00973
2026-06-13 19:05:27.987889: train_loss -0.3491
2026-06-13 19:05:27.992560: val_loss -0.4651
2026-06-13 19:05:27.993876: Pseudo dice [0.4472]
2026-06-13 19:05:27.995495: Epoch time: 22.43 s
2026-06-13 19:05:27.996976: Yayy! New best EMA pseudo Dice: 0.3608
2026-06-13 19:05:29.346038: 
2026-06-13 19:05:29.347554: Epoch 31
2026-06-13 19:05:29.348906: Current learning rate: 0.00972
2026-06-13 19:05:51.806455: train_loss -0.4365
2026-06-13 19:05:51.810636: val_loss -0.3533
2026-06-13 19:05:51.812027: Pseudo dice [0.3755]
2026-06-13 19:05:51.813409: Epoch time: 22.46 s
2026-06-13 19:05:51.819391: Yayy! New best EMA pseudo Dice: 0.3623
2026-06-13 19:05:53.182542: 
2026-06-13 19:05:53.184801: Epoch 32
2026-06-13 19:05:53.186929: Current learning rate: 0.00971
2026-06-13 19:06:15.523170: train_loss -0.354
2026-06-13 19:06:15.533704: val_loss -0.3779
2026-06-13 19:06:15.537513: Pseudo dice [0.3854]
2026-06-13 19:06:15.540253: Epoch time: 22.34 s
2026-06-13 19:06:15.541997: Yayy! New best EMA pseudo Dice: 0.3646
2026-06-13 19:06:16.884045: 
2026-06-13 19:06:16.885642: Epoch 33
2026-06-13 19:06:16.887077: Current learning rate: 0.0097
2026-06-13 19:06:39.166087: train_loss -0.4284
2026-06-13 19:06:39.171260: val_loss -0.3755
2026-06-13 19:06:39.172974: Pseudo dice [0.3984]
2026-06-13 19:06:39.174958: Epoch time: 22.28 s
2026-06-13 19:06:39.176722: Yayy! New best EMA pseudo Dice: 0.368
2026-06-13 19:06:40.529832: 
2026-06-13 19:06:40.531172: Epoch 34
2026-06-13 19:06:40.532559: Current learning rate: 0.00969
2026-06-13 19:07:02.894081: train_loss -0.348
2026-06-13 19:07:02.908764: val_loss -0.3278
2026-06-13 19:07:02.910959: Pseudo dice [0.3758]
2026-06-13 19:07:02.913291: Epoch time: 22.37 s
2026-06-13 19:07:02.915200: Yayy! New best EMA pseudo Dice: 0.3688
2026-06-13 19:07:04.277888: 
2026-06-13 19:07:04.279317: Epoch 35
2026-06-13 19:07:04.280699: Current learning rate: 0.00968
2026-06-13 19:07:26.717329: train_loss -0.396
2026-06-13 19:07:26.720086: val_loss -0.3525
2026-06-13 19:07:26.721456: Pseudo dice [0.3152]
2026-06-13 19:07:26.722829: Epoch time: 22.44 s
2026-06-13 19:07:27.602064: 
2026-06-13 19:07:27.603672: Epoch 36
2026-06-13 19:07:27.605120: Current learning rate: 0.00968
2026-06-13 19:07:49.878222: train_loss -0.4187
2026-06-13 19:07:49.881976: val_loss -0.3655
2026-06-13 19:07:49.883464: Pseudo dice [0.3989]
2026-06-13 19:07:49.884814: Epoch time: 22.28 s
2026-06-13 19:07:50.767520: 
2026-06-13 19:07:50.769161: Epoch 37
2026-06-13 19:07:50.770666: Current learning rate: 0.00967
2026-06-13 19:08:13.170219: train_loss -0.401
2026-06-13 19:08:13.173166: val_loss -0.3972
2026-06-13 19:08:13.174531: Pseudo dice [0.3921]
2026-06-13 19:08:13.175975: Epoch time: 22.4 s
2026-06-13 19:08:13.177310: Yayy! New best EMA pseudo Dice: 0.3695
2026-06-13 19:08:14.545881: 
2026-06-13 19:08:14.547465: Epoch 38
2026-06-13 19:08:14.548823: Current learning rate: 0.00966
2026-06-13 19:08:36.883510: train_loss -0.4181
2026-06-13 19:08:36.887385: val_loss -0.4292
2026-06-13 19:08:36.889023: Pseudo dice [0.4363]
2026-06-13 19:08:36.891072: Epoch time: 22.34 s
2026-06-13 19:08:36.892514: Yayy! New best EMA pseudo Dice: 0.3762
2026-06-13 19:08:38.260105: 
2026-06-13 19:08:38.261823: Epoch 39
2026-06-13 19:08:38.263260: Current learning rate: 0.00965
2026-06-13 19:09:00.548136: train_loss -0.4059
2026-06-13 19:09:00.555642: val_loss -0.4133
2026-06-13 19:09:00.564562: Pseudo dice [0.4052]
2026-06-13 19:09:00.573367: Epoch time: 22.29 s
2026-06-13 19:09:00.574985: Yayy! New best EMA pseudo Dice: 0.3791
2026-06-13 19:09:01.965675: 
2026-06-13 19:09:01.967154: Epoch 40
2026-06-13 19:09:01.968628: Current learning rate: 0.00964
2026-06-13 19:09:24.379653: train_loss -0.4185
2026-06-13 19:09:24.382623: val_loss -0.4834
2026-06-13 19:09:24.384237: Pseudo dice [0.4784]
2026-06-13 19:09:24.386034: Epoch time: 22.41 s
2026-06-13 19:09:24.387471: Yayy! New best EMA pseudo Dice: 0.389
2026-06-13 19:09:25.788623: 
2026-06-13 19:09:25.790249: Epoch 41
2026-06-13 19:09:25.791590: Current learning rate: 0.00963
2026-06-13 19:09:48.229448: train_loss -0.4628
2026-06-13 19:09:48.233007: val_loss -0.4355
2026-06-13 19:09:48.235421: Pseudo dice [0.391]
2026-06-13 19:09:48.236987: Epoch time: 22.44 s
2026-06-13 19:09:48.238265: Yayy! New best EMA pseudo Dice: 0.3892
2026-06-13 19:09:49.588263: 
2026-06-13 19:09:49.589689: Epoch 42
2026-06-13 19:09:49.591173: Current learning rate: 0.00962
2026-06-13 19:10:12.056662: train_loss -0.4965
2026-06-13 19:10:12.060287: val_loss -0.4161
2026-06-13 19:10:12.062291: Pseudo dice [0.4378]
2026-06-13 19:10:12.063699: Epoch time: 22.47 s
2026-06-13 19:10:12.064989: Yayy! New best EMA pseudo Dice: 0.3941
2026-06-13 19:10:13.439252: 
2026-06-13 19:10:13.441587: Epoch 43
2026-06-13 19:10:13.443395: Current learning rate: 0.00961
2026-06-13 19:10:35.792020: train_loss -0.4032
2026-06-13 19:10:35.794752: val_loss -0.406
2026-06-13 19:10:35.796340: Pseudo dice [0.3886]
2026-06-13 19:10:35.797682: Epoch time: 22.35 s
2026-06-13 19:10:36.690681: 
2026-06-13 19:10:36.692708: Epoch 44
2026-06-13 19:10:36.694350: Current learning rate: 0.0096
2026-06-13 19:10:59.088455: train_loss -0.3887
2026-06-13 19:10:59.093489: val_loss -0.47
2026-06-13 19:10:59.095882: Pseudo dice [0.4794]
2026-06-13 19:10:59.097728: Epoch time: 22.4 s
2026-06-13 19:10:59.099232: Yayy! New best EMA pseudo Dice: 0.4021
2026-06-13 19:11:00.460797: 
2026-06-13 19:11:00.462138: Epoch 45
2026-06-13 19:11:00.463398: Current learning rate: 0.00959
2026-06-13 19:11:22.813924: train_loss -0.4234
2026-06-13 19:11:22.820821: val_loss -0.405
2026-06-13 19:11:22.822294: Pseudo dice [0.4326]
2026-06-13 19:11:22.823753: Epoch time: 22.35 s
2026-06-13 19:11:22.825121: Yayy! New best EMA pseudo Dice: 0.4052
2026-06-13 19:11:24.752155: 
2026-06-13 19:11:24.757166: Epoch 46
2026-06-13 19:11:24.759791: Current learning rate: 0.00959
2026-06-13 19:11:47.165027: train_loss -0.3838
2026-06-13 19:11:47.169168: val_loss -0.3685
2026-06-13 19:11:47.171417: Pseudo dice [0.4005]
2026-06-13 19:11:47.173827: Epoch time: 22.41 s
2026-06-13 19:11:48.030049: 
2026-06-13 19:11:48.031718: Epoch 47
2026-06-13 19:11:48.033147: Current learning rate: 0.00958
2026-06-13 19:12:10.365686: train_loss -0.3516
2026-06-13 19:12:10.368004: val_loss -0.3592
2026-06-13 19:12:10.369552: Pseudo dice [0.3221]
2026-06-13 19:12:10.370913: Epoch time: 22.34 s
2026-06-13 19:12:11.232407: 
2026-06-13 19:12:11.233919: Epoch 48
2026-06-13 19:12:11.245574: Current learning rate: 0.00957
2026-06-13 19:12:33.630821: train_loss -0.4723
2026-06-13 19:12:33.648370: val_loss -0.4263
2026-06-13 19:12:33.655616: Pseudo dice [0.4337]
2026-06-13 19:12:33.662441: Epoch time: 22.4 s
2026-06-13 19:12:34.608366: 
2026-06-13 19:12:34.609828: Epoch 49
2026-06-13 19:12:34.611176: Current learning rate: 0.00956
2026-06-13 19:12:57.054851: train_loss -0.3968
2026-06-13 19:12:57.057584: val_loss -0.428
2026-06-13 19:12:57.059106: Pseudo dice [0.4163]
2026-06-13 19:12:57.060569: Epoch time: 22.45 s
2026-06-13 19:12:58.375967: 
2026-06-13 19:12:58.377975: Epoch 50
2026-06-13 19:12:58.379458: Current learning rate: 0.00955
2026-06-13 19:13:20.738210: train_loss -0.3915
2026-06-13 19:13:20.741162: val_loss -0.3887
2026-06-13 19:13:20.742644: Pseudo dice [0.369]
2026-06-13 19:13:20.744524: Epoch time: 22.36 s
2026-06-13 19:13:21.616773: 
2026-06-13 19:13:21.618857: Epoch 51
2026-06-13 19:13:21.620849: Current learning rate: 0.00954
2026-06-13 19:13:44.103467: train_loss -0.4363
2026-06-13 19:13:44.108494: val_loss -0.4776
2026-06-13 19:13:44.110587: Pseudo dice [0.4308]
2026-06-13 19:13:44.112516: Epoch time: 22.49 s
2026-06-13 19:13:44.986556: 
2026-06-13 19:13:44.988014: Epoch 52
2026-06-13 19:13:44.989401: Current learning rate: 0.00953
2026-06-13 19:14:07.345364: train_loss -0.4272
2026-06-13 19:14:07.351868: val_loss -0.3567
2026-06-13 19:14:07.355645: Pseudo dice [0.3555]
2026-06-13 19:14:07.357193: Epoch time: 22.36 s
2026-06-13 19:14:08.227334: 
2026-06-13 19:14:08.229610: Epoch 53
2026-06-13 19:14:08.232157: Current learning rate: 0.00952
2026-06-13 19:14:30.554544: train_loss -0.4575
2026-06-13 19:14:30.558053: val_loss -0.4374
2026-06-13 19:14:30.559903: Pseudo dice [0.4333]
2026-06-13 19:14:30.561414: Epoch time: 22.33 s
2026-06-13 19:14:31.536591: 
2026-06-13 19:14:31.539711: Epoch 54
2026-06-13 19:14:31.543682: Current learning rate: 0.00951
2026-06-13 19:14:53.898647: train_loss -0.453
2026-06-13 19:14:53.902768: val_loss -0.4727
2026-06-13 19:14:53.904689: Pseudo dice [0.4516]
2026-06-13 19:14:53.906564: Epoch time: 22.36 s
2026-06-13 19:14:53.908425: Yayy! New best EMA pseudo Dice: 0.4058
2026-06-13 19:14:55.285054: 
2026-06-13 19:14:55.286971: Epoch 55
2026-06-13 19:14:55.289616: Current learning rate: 0.0095
2026-06-13 19:15:17.741543: train_loss -0.4325
2026-06-13 19:15:17.748856: val_loss -0.4064
2026-06-13 19:15:17.753855: Pseudo dice [0.4148]
2026-06-13 19:15:17.758497: Epoch time: 22.46 s
2026-06-13 19:15:17.765446: Yayy! New best EMA pseudo Dice: 0.4067
2026-06-13 19:15:19.137079: 
2026-06-13 19:15:19.138955: Epoch 56
2026-06-13 19:15:19.140953: Current learning rate: 0.00949
2026-06-13 19:15:41.398957: train_loss -0.4296
2026-06-13 19:15:41.402023: val_loss -0.4266
2026-06-13 19:15:41.403471: Pseudo dice [0.4302]
2026-06-13 19:15:41.404930: Epoch time: 22.26 s
2026-06-13 19:15:41.406347: Yayy! New best EMA pseudo Dice: 0.4091
2026-06-13 19:15:42.776787: 
2026-06-13 19:15:42.778222: Epoch 57
2026-06-13 19:15:42.779571: Current learning rate: 0.00949
2026-06-13 19:16:05.107506: train_loss -0.4616
2026-06-13 19:16:05.111301: val_loss -0.4211
2026-06-13 19:16:05.113391: Pseudo dice [0.4312]
2026-06-13 19:16:05.114860: Epoch time: 22.33 s
2026-06-13 19:16:05.116172: Yayy! New best EMA pseudo Dice: 0.4113
2026-06-13 19:16:06.492954: 
2026-06-13 19:16:06.494373: Epoch 58
2026-06-13 19:16:06.495784: Current learning rate: 0.00948
2026-06-13 19:16:28.869177: train_loss -0.4771
2026-06-13 19:16:28.872110: val_loss -0.4541
2026-06-13 19:16:28.873606: Pseudo dice [0.433]
2026-06-13 19:16:28.875207: Epoch time: 22.38 s
2026-06-13 19:16:28.876861: Yayy! New best EMA pseudo Dice: 0.4135
2026-06-13 19:16:30.247814: 
2026-06-13 19:16:30.249553: Epoch 59
2026-06-13 19:16:30.251082: Current learning rate: 0.00947
2026-06-13 19:16:52.596404: train_loss -0.4634
2026-06-13 19:16:52.599902: val_loss -0.4596
2026-06-13 19:16:52.601508: Pseudo dice [0.4525]
2026-06-13 19:16:52.602849: Epoch time: 22.35 s
2026-06-13 19:16:52.604262: Yayy! New best EMA pseudo Dice: 0.4174
2026-06-13 19:16:53.986877: 
2026-06-13 19:16:53.989129: Epoch 60
2026-06-13 19:16:53.990515: Current learning rate: 0.00946
2026-06-13 19:17:16.295001: train_loss -0.4708
2026-06-13 19:17:16.298271: val_loss -0.4438
2026-06-13 19:17:16.299874: Pseudo dice [0.4268]
2026-06-13 19:17:16.302127: Epoch time: 22.31 s
2026-06-13 19:17:16.303583: Yayy! New best EMA pseudo Dice: 0.4183
2026-06-13 19:17:17.687080: 
2026-06-13 19:17:17.688589: Epoch 61
2026-06-13 19:17:17.689982: Current learning rate: 0.00945
2026-06-13 19:17:40.089711: train_loss -0.4578
2026-06-13 19:17:40.092988: val_loss -0.4228
2026-06-13 19:17:40.094483: Pseudo dice [0.4285]
2026-06-13 19:17:40.095905: Epoch time: 22.4 s
2026-06-13 19:17:40.097252: Yayy! New best EMA pseudo Dice: 0.4193
2026-06-13 19:17:41.498719: 
2026-06-13 19:17:41.500271: Epoch 62
2026-06-13 19:17:41.501899: Current learning rate: 0.00944
2026-06-13 19:18:03.803584: train_loss -0.4836
2026-06-13 19:18:03.806183: val_loss -0.4022
2026-06-13 19:18:03.807641: Pseudo dice [0.42]
2026-06-13 19:18:03.809003: Epoch time: 22.31 s
2026-06-13 19:18:03.810349: Yayy! New best EMA pseudo Dice: 0.4194
2026-06-13 19:18:05.209498: 
2026-06-13 19:18:05.211012: Epoch 63
2026-06-13 19:18:05.212468: Current learning rate: 0.00943
2026-06-13 19:18:27.472780: train_loss -0.387
2026-06-13 19:18:27.479298: val_loss -0.4536
2026-06-13 19:18:27.485210: Pseudo dice [0.4722]
2026-06-13 19:18:27.499451: Epoch time: 22.26 s
2026-06-13 19:18:27.513830: Yayy! New best EMA pseudo Dice: 0.4247
2026-06-13 19:18:29.673023: 
2026-06-13 19:18:29.674694: Epoch 64
2026-06-13 19:18:29.676509: Current learning rate: 0.00942
2026-06-13 19:18:51.950726: train_loss -0.4621
2026-06-13 19:18:51.954184: val_loss -0.422
2026-06-13 19:18:51.955647: Pseudo dice [0.4277]
2026-06-13 19:18:51.957027: Epoch time: 22.28 s
2026-06-13 19:18:51.958502: Yayy! New best EMA pseudo Dice: 0.425
2026-06-13 19:18:53.346480: 
2026-06-13 19:18:53.348172: Epoch 65
2026-06-13 19:18:53.349741: Current learning rate: 0.00941
2026-06-13 19:19:15.707753: train_loss -0.4835
2026-06-13 19:19:15.710557: val_loss -0.4699
2026-06-13 19:19:15.712233: Pseudo dice [0.4566]
2026-06-13 19:19:15.713660: Epoch time: 22.36 s
2026-06-13 19:19:15.714931: Yayy! New best EMA pseudo Dice: 0.4281
2026-06-13 19:19:17.111941: 
2026-06-13 19:19:17.113495: Epoch 66
2026-06-13 19:19:17.115050: Current learning rate: 0.0094
2026-06-13 19:19:39.578595: train_loss -0.5437
2026-06-13 19:19:39.587348: val_loss -0.4768
2026-06-13 19:19:39.589959: Pseudo dice [0.4855]
2026-06-13 19:19:39.591733: Epoch time: 22.47 s
2026-06-13 19:19:39.593194: Yayy! New best EMA pseudo Dice: 0.4339
2026-06-13 19:19:40.968183: 
2026-06-13 19:19:40.970278: Epoch 67
2026-06-13 19:19:40.972238: Current learning rate: 0.00939
2026-06-13 19:20:03.327442: train_loss -0.3862
2026-06-13 19:20:03.331481: val_loss -0.4798
2026-06-13 19:20:03.333108: Pseudo dice [0.4591]
2026-06-13 19:20:03.334542: Epoch time: 22.36 s
2026-06-13 19:20:03.335976: Yayy! New best EMA pseudo Dice: 0.4364
2026-06-13 19:20:04.726708: 
2026-06-13 19:20:04.728432: Epoch 68
2026-06-13 19:20:04.730273: Current learning rate: 0.00939
2026-06-13 19:20:27.074349: train_loss -0.4837
2026-06-13 19:20:27.077054: val_loss -0.461
2026-06-13 19:20:27.078400: Pseudo dice [0.4392]
2026-06-13 19:20:27.079864: Epoch time: 22.35 s
2026-06-13 19:20:27.081154: Yayy! New best EMA pseudo Dice: 0.4367
2026-06-13 19:20:28.479744: 
2026-06-13 19:20:28.481188: Epoch 69
2026-06-13 19:20:28.482504: Current learning rate: 0.00938
2026-06-13 19:20:50.871631: train_loss -0.5046
2026-06-13 19:20:50.874511: val_loss -0.4803
2026-06-13 19:20:50.875895: Pseudo dice [0.4837]
2026-06-13 19:20:50.877273: Epoch time: 22.39 s
2026-06-13 19:20:50.878553: Yayy! New best EMA pseudo Dice: 0.4414
2026-06-13 19:20:52.267671: 
2026-06-13 19:20:52.269561: Epoch 70
2026-06-13 19:20:52.271303: Current learning rate: 0.00937
2026-06-13 19:21:14.565412: train_loss -0.5437
2026-06-13 19:21:14.567856: val_loss -0.4336
2026-06-13 19:21:14.569295: Pseudo dice [0.4312]
2026-06-13 19:21:14.570657: Epoch time: 22.3 s
2026-06-13 19:21:15.460421: 
2026-06-13 19:21:15.462310: Epoch 71
2026-06-13 19:21:15.463767: Current learning rate: 0.00936
2026-06-13 19:21:37.862558: train_loss -0.5026
2026-06-13 19:21:37.867659: val_loss -0.4371
2026-06-13 19:21:37.870167: Pseudo dice [0.4637]
2026-06-13 19:21:37.871555: Epoch time: 22.4 s
2026-06-13 19:21:37.873003: Yayy! New best EMA pseudo Dice: 0.4427
2026-06-13 19:21:39.260626: 
2026-06-13 19:21:39.262105: Epoch 72
2026-06-13 19:21:39.263590: Current learning rate: 0.00935
2026-06-13 19:22:01.606495: train_loss -0.4683
2026-06-13 19:22:01.609811: val_loss -0.4302
2026-06-13 19:22:01.611442: Pseudo dice [0.4214]
2026-06-13 19:22:01.612798: Epoch time: 22.35 s
2026-06-13 19:22:02.517872: 
2026-06-13 19:22:02.519260: Epoch 73
2026-06-13 19:22:02.520782: Current learning rate: 0.00934
2026-06-13 19:22:24.930142: train_loss -0.5157
2026-06-13 19:22:24.933174: val_loss -0.4113
2026-06-13 19:22:24.934633: Pseudo dice [0.3891]
2026-06-13 19:22:24.936146: Epoch time: 22.41 s
2026-06-13 19:22:25.831563: 
2026-06-13 19:22:25.834031: Epoch 74
2026-06-13 19:22:25.835997: Current learning rate: 0.00933
2026-06-13 19:22:48.262292: train_loss -0.4563
2026-06-13 19:22:48.265050: val_loss -0.4025
2026-06-13 19:22:48.266865: Pseudo dice [0.4357]
2026-06-13 19:22:48.268770: Epoch time: 22.43 s
2026-06-13 19:22:49.164872: 
2026-06-13 19:22:49.167298: Epoch 75
2026-06-13 19:22:49.169323: Current learning rate: 0.00932
2026-06-13 19:23:11.572619: train_loss -0.4709
2026-06-13 19:23:11.576178: val_loss -0.4507
2026-06-13 19:23:11.577527: Pseudo dice [0.4169]
2026-06-13 19:23:11.579016: Epoch time: 22.41 s
2026-06-13 19:23:12.480205: 
2026-06-13 19:23:12.482189: Epoch 76
2026-06-13 19:23:12.484094: Current learning rate: 0.00931
2026-06-13 19:23:34.838714: train_loss -0.4055
2026-06-13 19:23:34.841516: val_loss -0.4265
2026-06-13 19:23:34.842918: Pseudo dice [0.4176]
2026-06-13 19:23:34.844319: Epoch time: 22.36 s
2026-06-13 19:23:35.743927: 
2026-06-13 19:23:35.745347: Epoch 77
2026-06-13 19:23:35.746769: Current learning rate: 0.0093
2026-06-13 19:23:58.184342: train_loss -0.504
2026-06-13 19:23:58.187027: val_loss -0.4036
2026-06-13 19:23:58.188831: Pseudo dice [0.4395]
2026-06-13 19:23:58.190226: Epoch time: 22.44 s
2026-06-13 19:23:59.095564: 
2026-06-13 19:23:59.097400: Epoch 78
2026-06-13 19:23:59.099003: Current learning rate: 0.0093
2026-06-13 19:24:21.462772: train_loss -0.4294
2026-06-13 19:24:21.466363: val_loss -0.4142
2026-06-13 19:24:21.468122: Pseudo dice [0.4496]
2026-06-13 19:24:21.470188: Epoch time: 22.37 s
2026-06-13 19:24:22.372131: 
2026-06-13 19:24:22.373551: Epoch 79
2026-06-13 19:24:22.374862: Current learning rate: 0.00929
2026-06-13 19:24:44.791199: train_loss -0.4656
2026-06-13 19:24:44.794154: val_loss -0.4031
2026-06-13 19:24:44.795521: Pseudo dice [0.4032]
2026-06-13 19:24:44.796848: Epoch time: 22.42 s
2026-06-13 19:24:45.697581: 
2026-06-13 19:24:45.717006: Epoch 80
2026-06-13 19:24:45.722440: Current learning rate: 0.00928
2026-06-13 19:25:07.972492: train_loss -0.5141
2026-06-13 19:25:07.975520: val_loss -0.3769
2026-06-13 19:25:07.976973: Pseudo dice [0.399]
2026-06-13 19:25:07.978490: Epoch time: 22.28 s
2026-06-13 19:25:09.426813: 
2026-06-13 19:25:09.428357: Epoch 81
2026-06-13 19:25:09.429841: Current learning rate: 0.00927
2026-06-13 19:25:31.832316: train_loss -0.4806
2026-06-13 19:25:31.838643: val_loss -0.3713
2026-06-13 19:25:31.840357: Pseudo dice [0.3972]
2026-06-13 19:25:31.845087: Epoch time: 22.41 s
2026-06-13 19:25:32.747226: 
2026-06-13 19:25:32.750233: Epoch 82
2026-06-13 19:25:32.753284: Current learning rate: 0.00926
2026-06-13 19:25:55.236937: train_loss -0.4899
2026-06-13 19:25:55.240331: val_loss -0.4713
2026-06-13 19:25:55.241782: Pseudo dice [0.4635]
2026-06-13 19:25:55.243193: Epoch time: 22.49 s
2026-06-13 19:25:56.107548: 
2026-06-13 19:25:56.109246: Epoch 83
2026-06-13 19:25:56.110693: Current learning rate: 0.00925
2026-06-13 19:26:18.599170: train_loss -0.4738
2026-06-13 19:26:18.602895: val_loss -0.4822
2026-06-13 19:26:18.607008: Pseudo dice [0.4508]
2026-06-13 19:26:18.609612: Epoch time: 22.49 s
2026-06-13 19:26:19.484436: 
2026-06-13 19:26:19.486182: Epoch 84
2026-06-13 19:26:19.487597: Current learning rate: 0.00924
2026-06-13 19:26:41.846453: train_loss -0.5287
2026-06-13 19:26:41.877130: val_loss -0.4487
2026-06-13 19:26:41.895259: Pseudo dice [0.4634]
2026-06-13 19:26:41.910607: Epoch time: 22.36 s
2026-06-13 19:26:42.811422: 
2026-06-13 19:26:42.815180: Epoch 85
2026-06-13 19:26:42.818631: Current learning rate: 0.00923
2026-06-13 19:27:05.221308: train_loss -0.4906
2026-06-13 19:27:05.224392: val_loss -0.4036
2026-06-13 19:27:05.225971: Pseudo dice [0.3955]
2026-06-13 19:27:05.227473: Epoch time: 22.41 s
2026-06-13 19:27:06.116716: 
2026-06-13 19:27:06.119507: Epoch 86
2026-06-13 19:27:06.121545: Current learning rate: 0.00922
2026-06-13 19:27:28.563050: train_loss -0.4909
2026-06-13 19:27:28.567001: val_loss -0.4323
2026-06-13 19:27:28.570972: Pseudo dice [0.4313]
2026-06-13 19:27:28.573701: Epoch time: 22.45 s
2026-06-13 19:27:29.456658: 
2026-06-13 19:27:29.458304: Epoch 87
2026-06-13 19:27:29.459911: Current learning rate: 0.00921
2026-06-13 19:27:51.891858: train_loss -0.4618
2026-06-13 19:27:51.895810: val_loss -0.469
2026-06-13 19:27:51.897964: Pseudo dice [0.4543]
2026-06-13 19:27:51.899744: Epoch time: 22.44 s
2026-06-13 19:27:52.775277: 
2026-06-13 19:27:52.777764: Epoch 88
2026-06-13 19:27:52.780794: Current learning rate: 0.0092
2026-06-13 19:28:15.107145: train_loss -0.5029
2026-06-13 19:28:15.114165: val_loss -0.4199
2026-06-13 19:28:15.115966: Pseudo dice [0.4279]
2026-06-13 19:28:15.117647: Epoch time: 22.33 s
2026-06-13 19:28:16.008178: 
2026-06-13 19:28:16.009855: Epoch 89
2026-06-13 19:28:16.012143: Current learning rate: 0.0092
2026-06-13 19:28:38.398305: train_loss -0.5234
2026-06-13 19:28:38.400928: val_loss -0.467
2026-06-13 19:28:38.402852: Pseudo dice [0.4522]
2026-06-13 19:28:38.405905: Epoch time: 22.39 s
2026-06-13 19:28:39.504635: 
2026-06-13 19:28:39.506349: Epoch 90
2026-06-13 19:28:39.508151: Current learning rate: 0.00919
2026-06-13 19:29:01.934716: train_loss -0.497
2026-06-13 19:29:01.940061: val_loss -0.4462
2026-06-13 19:29:01.941809: Pseudo dice [0.446]
2026-06-13 19:29:01.944594: Epoch time: 22.43 s
2026-06-13 19:29:02.827292: 
2026-06-13 19:29:02.829941: Epoch 91
2026-06-13 19:29:02.832368: Current learning rate: 0.00918
2026-06-13 19:29:25.177999: train_loss -0.5124
2026-06-13 19:29:25.183723: val_loss -0.4415
2026-06-13 19:29:25.185413: Pseudo dice [0.4743]
2026-06-13 19:29:25.186905: Epoch time: 22.35 s
2026-06-13 19:29:26.065887: 
2026-06-13 19:29:26.067518: Epoch 92
2026-06-13 19:29:26.068776: Current learning rate: 0.00917
2026-06-13 19:29:48.484172: train_loss -0.5104
2026-06-13 19:29:48.498056: val_loss -0.3928
2026-06-13 19:29:48.506854: Pseudo dice [0.4045]
2026-06-13 19:29:48.515142: Epoch time: 22.42 s
2026-06-13 19:29:49.386995: 
2026-06-13 19:29:49.389210: Epoch 93
2026-06-13 19:29:49.391119: Current learning rate: 0.00916
2026-06-13 19:30:11.785880: train_loss -0.4866
2026-06-13 19:30:11.789303: val_loss -0.4337
2026-06-13 19:30:11.790675: Pseudo dice [0.4266]
2026-06-13 19:30:11.792018: Epoch time: 22.4 s
2026-06-13 19:30:12.656009: 
2026-06-13 19:30:12.657523: Epoch 94
2026-06-13 19:30:12.658936: Current learning rate: 0.00915
2026-06-13 19:30:35.250599: train_loss -0.4867
2026-06-13 19:30:35.253351: val_loss -0.4774
2026-06-13 19:30:35.255061: Pseudo dice [0.4683]
2026-06-13 19:30:35.256747: Epoch time: 22.6 s
2026-06-13 19:30:36.125873: 
2026-06-13 19:30:36.127462: Epoch 95
2026-06-13 19:30:36.128992: Current learning rate: 0.00914
2026-06-13 19:30:58.604954: train_loss -0.4528
2026-06-13 19:30:58.608870: val_loss -0.4758
2026-06-13 19:30:58.610242: Pseudo dice [0.4667]
2026-06-13 19:30:58.611577: Epoch time: 22.48 s
2026-06-13 19:30:59.481063: 
2026-06-13 19:30:59.482525: Epoch 96
2026-06-13 19:30:59.483923: Current learning rate: 0.00913
2026-06-13 19:31:21.838246: train_loss -0.4999
2026-06-13 19:31:21.842192: val_loss -0.4121
2026-06-13 19:31:21.844219: Pseudo dice [0.3787]
2026-06-13 19:31:21.846742: Epoch time: 22.36 s
2026-06-13 19:31:22.722135: 
2026-06-13 19:31:22.726290: Epoch 97
2026-06-13 19:31:22.729213: Current learning rate: 0.00912
2026-06-13 19:31:45.077344: train_loss -0.5333
2026-06-13 19:31:45.082110: val_loss -0.5204
2026-06-13 19:31:45.083908: Pseudo dice [0.5111]
2026-06-13 19:31:45.085355: Epoch time: 22.36 s
2026-06-13 19:31:45.965845: 
2026-06-13 19:31:45.967835: Epoch 98
2026-06-13 19:31:45.969348: Current learning rate: 0.00911
2026-06-13 19:32:08.314971: train_loss -0.4809
2026-06-13 19:32:08.317489: val_loss -0.475
2026-06-13 19:32:08.319014: Pseudo dice [0.4767]
2026-06-13 19:32:08.320441: Epoch time: 22.35 s
2026-06-13 19:32:08.321842: Yayy! New best EMA pseudo Dice: 0.446
2026-06-13 19:32:10.598326: 
2026-06-13 19:32:10.600119: Epoch 99
2026-06-13 19:32:10.601625: Current learning rate: 0.0091
2026-06-13 19:32:33.114224: train_loss -0.4881
2026-06-13 19:32:33.119994: val_loss -0.4691
2026-06-13 19:32:33.122580: Pseudo dice [0.497]
2026-06-13 19:32:33.124018: Epoch time: 22.52 s
2026-06-13 19:32:33.601509: Yayy! New best EMA pseudo Dice: 0.4511
2026-06-13 19:32:34.973484: 
2026-06-13 19:32:34.975069: Epoch 100
2026-06-13 19:32:34.976552: Current learning rate: 0.0091
2026-06-13 19:32:57.456873: train_loss -0.523
2026-06-13 19:32:57.459911: val_loss -0.4607
2026-06-13 19:32:57.461304: Pseudo dice [0.4441]
2026-06-13 19:32:57.462690: Epoch time: 22.48 s
2026-06-13 19:32:58.337479: 
2026-06-13 19:32:58.339241: Epoch 101
2026-06-13 19:32:58.340679: Current learning rate: 0.00909
2026-06-13 19:33:20.746986: train_loss -0.5009
2026-06-13 19:33:20.749733: val_loss -0.5106
2026-06-13 19:33:20.751337: Pseudo dice [0.4997]
2026-06-13 19:33:20.752846: Epoch time: 22.41 s
2026-06-13 19:33:20.754229: Yayy! New best EMA pseudo Dice: 0.4553
2026-06-13 19:33:22.134323: 
2026-06-13 19:33:22.136145: Epoch 102
2026-06-13 19:33:22.139052: Current learning rate: 0.00908
2026-06-13 19:33:44.520411: train_loss -0.5284
2026-06-13 19:33:44.529280: val_loss -0.5063
2026-06-13 19:33:44.533000: Pseudo dice [0.4859]
2026-06-13 19:33:44.535919: Epoch time: 22.39 s
2026-06-13 19:33:44.537575: Yayy! New best EMA pseudo Dice: 0.4584
2026-06-13 19:33:45.892596: 
2026-06-13 19:33:45.894166: Epoch 103
2026-06-13 19:33:45.895629: Current learning rate: 0.00907
2026-06-13 19:34:08.179654: train_loss -0.5309
2026-06-13 19:34:08.182424: val_loss -0.4798
2026-06-13 19:34:08.184450: Pseudo dice [0.5006]
2026-06-13 19:34:08.185796: Epoch time: 22.29 s
2026-06-13 19:34:08.187097: Yayy! New best EMA pseudo Dice: 0.4626
2026-06-13 19:34:09.559082: 
2026-06-13 19:34:09.560738: Epoch 104
2026-06-13 19:34:09.562127: Current learning rate: 0.00906
2026-06-13 19:34:31.937501: train_loss -0.5373
2026-06-13 19:34:31.939906: val_loss -0.4401
2026-06-13 19:34:31.941228: Pseudo dice [0.468]
2026-06-13 19:34:31.942663: Epoch time: 22.38 s
2026-06-13 19:34:31.944012: Yayy! New best EMA pseudo Dice: 0.4631
2026-06-13 19:34:33.362431: 
2026-06-13 19:34:33.363920: Epoch 105
2026-06-13 19:34:33.365457: Current learning rate: 0.00905
2026-06-13 19:34:55.726093: train_loss -0.5095
2026-06-13 19:34:55.730469: val_loss -0.5124
2026-06-13 19:34:55.731929: Pseudo dice [0.5073]
2026-06-13 19:34:55.733416: Epoch time: 22.36 s
2026-06-13 19:34:55.734808: Yayy! New best EMA pseudo Dice: 0.4675
2026-06-13 19:34:57.099874: 
2026-06-13 19:34:57.101545: Epoch 106
2026-06-13 19:34:57.103208: Current learning rate: 0.00904
2026-06-13 19:35:19.548010: train_loss -0.5379
2026-06-13 19:35:19.551987: val_loss -0.5123
2026-06-13 19:35:19.554626: Pseudo dice [0.4925]
2026-06-13 19:35:19.556833: Epoch time: 22.45 s
2026-06-13 19:35:19.558516: Yayy! New best EMA pseudo Dice: 0.47
2026-06-13 19:35:20.936259: 
2026-06-13 19:35:20.937711: Epoch 107
2026-06-13 19:35:20.939132: Current learning rate: 0.00903
2026-06-13 19:35:43.408275: train_loss -0.4323
2026-06-13 19:35:43.410656: val_loss -0.4327
2026-06-13 19:35:43.412113: Pseudo dice [0.4272]
2026-06-13 19:35:43.413609: Epoch time: 22.47 s
2026-06-13 19:35:44.306308: 
2026-06-13 19:35:44.307945: Epoch 108
2026-06-13 19:35:44.309747: Current learning rate: 0.00902
2026-06-13 19:36:06.689123: train_loss -0.5371
2026-06-13 19:36:06.694004: val_loss -0.5091
2026-06-13 19:36:06.696685: Pseudo dice [0.5061]
2026-06-13 19:36:06.698841: Epoch time: 22.38 s
2026-06-13 19:36:07.603516: 
2026-06-13 19:36:07.605023: Epoch 109
2026-06-13 19:36:07.606430: Current learning rate: 0.00901
2026-06-13 19:36:30.130807: train_loss -0.4734
2026-06-13 19:36:30.133678: val_loss -0.5069
2026-06-13 19:36:30.135089: Pseudo dice [0.4785]
2026-06-13 19:36:30.136452: Epoch time: 22.53 s
2026-06-13 19:36:30.137860: Yayy! New best EMA pseudo Dice: 0.4707
2026-06-13 19:36:31.513238: 
2026-06-13 19:36:31.514688: Epoch 110
2026-06-13 19:36:31.516058: Current learning rate: 0.009
2026-06-13 19:36:54.012566: train_loss -0.4195
2026-06-13 19:36:54.015287: val_loss -0.4506
2026-06-13 19:36:54.016520: Pseudo dice [0.4771]
2026-06-13 19:36:54.017800: Epoch time: 22.5 s
2026-06-13 19:36:54.019118: Yayy! New best EMA pseudo Dice: 0.4713
2026-06-13 19:36:55.387007: 
2026-06-13 19:36:55.389236: Epoch 111
2026-06-13 19:36:55.390716: Current learning rate: 0.009
2026-06-13 19:37:17.708322: train_loss -0.4982
2026-06-13 19:37:17.712036: val_loss -0.4051
2026-06-13 19:37:17.713887: Pseudo dice [0.3969]
2026-06-13 19:37:17.715384: Epoch time: 22.32 s
2026-06-13 19:37:18.592874: 
2026-06-13 19:37:18.594496: Epoch 112
2026-06-13 19:37:18.595799: Current learning rate: 0.00899
2026-06-13 19:37:40.978303: train_loss -0.5203
2026-06-13 19:37:40.981429: val_loss -0.4667
2026-06-13 19:37:40.982913: Pseudo dice [0.4154]
2026-06-13 19:37:40.984277: Epoch time: 22.39 s
2026-06-13 19:37:41.864370: 
2026-06-13 19:37:41.865919: Epoch 113
2026-06-13 19:37:41.867449: Current learning rate: 0.00898
2026-06-13 19:38:04.232175: train_loss -0.516
2026-06-13 19:38:04.235792: val_loss -0.4881
2026-06-13 19:38:04.238132: Pseudo dice [0.457]
2026-06-13 19:38:04.241330: Epoch time: 22.37 s
2026-06-13 19:38:05.119860: 
2026-06-13 19:38:05.121325: Epoch 114
2026-06-13 19:38:05.122730: Current learning rate: 0.00897
2026-06-13 19:38:27.567285: train_loss -0.5012
2026-06-13 19:38:27.570269: val_loss -0.3974
2026-06-13 19:38:27.571662: Pseudo dice [0.4422]
2026-06-13 19:38:27.573065: Epoch time: 22.45 s
2026-06-13 19:38:28.448689: 
2026-06-13 19:38:28.450400: Epoch 115
2026-06-13 19:38:28.452008: Current learning rate: 0.00896
2026-06-13 19:38:50.847163: train_loss -0.4807
2026-06-13 19:38:50.849958: val_loss -0.4701
2026-06-13 19:38:50.851344: Pseudo dice [0.4606]
2026-06-13 19:38:50.852993: Epoch time: 22.4 s
2026-06-13 19:38:52.274709: 
2026-06-13 19:38:52.276709: Epoch 116
2026-06-13 19:38:52.278841: Current learning rate: 0.00895
2026-06-13 19:39:14.801787: train_loss -0.5108
2026-06-13 19:39:14.805019: val_loss -0.4946
2026-06-13 19:39:14.806487: Pseudo dice [0.5082]
2026-06-13 19:39:14.807813: Epoch time: 22.53 s
2026-06-13 19:39:15.681566: 
2026-06-13 19:39:15.683502: Epoch 117
2026-06-13 19:39:15.684815: Current learning rate: 0.00894
2026-06-13 19:39:38.136197: train_loss -0.4608
2026-06-13 19:39:38.139289: val_loss -0.4776
2026-06-13 19:39:38.140570: Pseudo dice [0.4848]
2026-06-13 19:39:38.142168: Epoch time: 22.46 s
2026-06-13 19:39:39.024687: 
2026-06-13 19:39:39.026151: Epoch 118
2026-06-13 19:39:39.027568: Current learning rate: 0.00893
2026-06-13 19:40:01.490697: train_loss -0.5294
2026-06-13 19:40:01.493672: val_loss -0.4785
2026-06-13 19:40:01.495127: Pseudo dice [0.4671]
2026-06-13 19:40:01.496528: Epoch time: 22.47 s
2026-06-13 19:40:02.388130: 
2026-06-13 19:40:02.390555: Epoch 119
2026-06-13 19:40:02.392688: Current learning rate: 0.00892
2026-06-13 19:40:24.843429: train_loss -0.4944
2026-06-13 19:40:24.847219: val_loss -0.4245
2026-06-13 19:40:24.848617: Pseudo dice [0.4561]
2026-06-13 19:40:24.850164: Epoch time: 22.46 s
2026-06-13 19:40:25.741794: 
2026-06-13 19:40:25.743360: Epoch 120
2026-06-13 19:40:25.745219: Current learning rate: 0.00891
2026-06-13 19:40:48.192779: train_loss -0.518
2026-06-13 19:40:48.196205: val_loss -0.4386
2026-06-13 19:40:48.197937: Pseudo dice [0.4101]
2026-06-13 19:40:48.199235: Epoch time: 22.45 s
2026-06-13 19:40:49.083706: 
2026-06-13 19:40:49.087002: Epoch 121
2026-06-13 19:40:49.089658: Current learning rate: 0.0089
2026-06-13 19:41:11.391565: train_loss -0.5244
2026-06-13 19:41:11.394913: val_loss -0.4872
2026-06-13 19:41:11.397480: Pseudo dice [0.5003]
2026-06-13 19:41:11.399331: Epoch time: 22.31 s
2026-06-13 19:41:12.286295: 
2026-06-13 19:41:12.288343: Epoch 122
2026-06-13 19:41:12.290664: Current learning rate: 0.00889
2026-06-13 19:41:34.627376: train_loss -0.5536
2026-06-13 19:41:34.629925: val_loss -0.4707
2026-06-13 19:41:34.631418: Pseudo dice [0.4781]
2026-06-13 19:41:34.632914: Epoch time: 22.34 s
2026-06-13 19:41:35.530522: 
2026-06-13 19:41:35.532138: Epoch 123
2026-06-13 19:41:35.533518: Current learning rate: 0.00889
2026-06-13 19:41:57.953429: train_loss -0.5354
2026-06-13 19:41:57.958253: val_loss -0.4824
2026-06-13 19:41:57.960247: Pseudo dice [0.4813]
2026-06-13 19:41:57.961877: Epoch time: 22.42 s
2026-06-13 19:41:58.854077: 
2026-06-13 19:41:58.855737: Epoch 124
2026-06-13 19:41:58.857187: Current learning rate: 0.00888
2026-06-13 19:42:21.398520: train_loss -0.547
2026-06-13 19:42:21.401370: val_loss -0.4734
2026-06-13 19:42:21.403654: Pseudo dice [0.4691]
2026-06-13 19:42:21.404994: Epoch time: 22.55 s
2026-06-13 19:42:22.293498: 
2026-06-13 19:42:22.295301: Epoch 125
2026-06-13 19:42:22.297490: Current learning rate: 0.00887
2026-06-13 19:42:44.786777: train_loss -0.4733
2026-06-13 19:42:44.790412: val_loss -0.5109
2026-06-13 19:42:44.792643: Pseudo dice [0.5175]
2026-06-13 19:42:44.794466: Epoch time: 22.49 s
2026-06-13 19:42:44.796232: Yayy! New best EMA pseudo Dice: 0.4715
2026-06-13 19:42:46.202023: 
2026-06-13 19:42:46.203587: Epoch 126
2026-06-13 19:42:46.205038: Current learning rate: 0.00886
2026-06-13 19:43:08.546707: train_loss -0.4527
2026-06-13 19:43:08.550587: val_loss -0.4866
2026-06-13 19:43:08.552161: Pseudo dice [0.4521]
2026-06-13 19:43:08.553644: Epoch time: 22.35 s
2026-06-13 19:43:09.435019: 
2026-06-13 19:43:09.436632: Epoch 127
2026-06-13 19:43:09.438409: Current learning rate: 0.00885
2026-06-13 19:43:31.739812: train_loss -0.5656
2026-06-13 19:43:31.743056: val_loss -0.506
2026-06-13 19:43:31.744836: Pseudo dice [0.5104]
2026-06-13 19:43:31.746533: Epoch time: 22.31 s
2026-06-13 19:43:31.748044: Yayy! New best EMA pseudo Dice: 0.4736
2026-06-13 19:43:33.137713: 
2026-06-13 19:43:33.139274: Epoch 128
2026-06-13 19:43:33.140705: Current learning rate: 0.00884
2026-06-13 19:43:55.379561: train_loss -0.5559
2026-06-13 19:43:55.383392: val_loss -0.4613
2026-06-13 19:43:55.385412: Pseudo dice [0.4774]
2026-06-13 19:43:55.387502: Epoch time: 22.24 s
2026-06-13 19:43:55.389495: Yayy! New best EMA pseudo Dice: 0.474
2026-06-13 19:43:56.789912: 
2026-06-13 19:43:56.791516: Epoch 129
2026-06-13 19:43:56.792983: Current learning rate: 0.00883
2026-06-13 19:44:19.142753: train_loss -0.5292
2026-06-13 19:44:19.150212: val_loss -0.4862
2026-06-13 19:44:19.151844: Pseudo dice [0.5039]
2026-06-13 19:44:19.153448: Epoch time: 22.35 s
2026-06-13 19:44:19.154984: Yayy! New best EMA pseudo Dice: 0.477
2026-06-13 19:44:20.556640: 
2026-06-13 19:44:20.559100: Epoch 130
2026-06-13 19:44:20.561534: Current learning rate: 0.00882
2026-06-13 19:44:42.867525: train_loss -0.5443
2026-06-13 19:44:42.870779: val_loss -0.5499
2026-06-13 19:44:42.872312: Pseudo dice [0.5211]
2026-06-13 19:44:42.873899: Epoch time: 22.31 s
2026-06-13 19:44:42.875354: Yayy! New best EMA pseudo Dice: 0.4814
2026-06-13 19:44:44.279442: 
2026-06-13 19:44:44.283622: Epoch 131
2026-06-13 19:44:44.287441: Current learning rate: 0.00881
2026-06-13 19:45:06.541862: train_loss -0.5267
2026-06-13 19:45:06.544925: val_loss -0.4729
2026-06-13 19:45:06.546832: Pseudo dice [0.4745]
2026-06-13 19:45:06.549663: Epoch time: 22.26 s
2026-06-13 19:45:07.445735: 
2026-06-13 19:45:07.447367: Epoch 132
2026-06-13 19:45:07.449597: Current learning rate: 0.0088
2026-06-13 19:45:29.937307: train_loss -0.5473
2026-06-13 19:45:29.947996: val_loss -0.4675
2026-06-13 19:45:29.951499: Pseudo dice [0.4885]
2026-06-13 19:45:29.958095: Epoch time: 22.49 s
2026-06-13 19:45:29.975651: Yayy! New best EMA pseudo Dice: 0.4815
2026-06-13 19:45:32.199579: 
2026-06-13 19:45:32.202452: Epoch 133
2026-06-13 19:45:32.204092: Current learning rate: 0.00879
2026-06-13 19:45:54.549544: train_loss -0.5265
2026-06-13 19:45:54.552568: val_loss -0.4643
2026-06-13 19:45:54.554130: Pseudo dice [0.4754]
2026-06-13 19:45:54.555704: Epoch time: 22.35 s
2026-06-13 19:45:55.435315: 
2026-06-13 19:45:55.437057: Epoch 134
2026-06-13 19:45:55.438576: Current learning rate: 0.00879
2026-06-13 19:46:17.775354: train_loss -0.5449
2026-06-13 19:46:17.778269: val_loss -0.4747
2026-06-13 19:46:17.779823: Pseudo dice [0.4685]
2026-06-13 19:46:17.781267: Epoch time: 22.34 s
2026-06-13 19:46:18.672784: 
2026-06-13 19:46:18.674672: Epoch 135
2026-06-13 19:46:18.676368: Current learning rate: 0.00878
2026-06-13 19:46:41.072087: train_loss -0.5219
2026-06-13 19:46:41.076605: val_loss -0.5312
2026-06-13 19:46:41.078762: Pseudo dice [0.5035]
2026-06-13 19:46:41.080881: Epoch time: 22.4 s
2026-06-13 19:46:41.082788: Yayy! New best EMA pseudo Dice: 0.482
2026-06-13 19:46:42.501509: 
2026-06-13 19:46:42.503889: Epoch 136
2026-06-13 19:46:42.505998: Current learning rate: 0.00877
2026-06-13 19:47:04.954466: train_loss -0.5308
2026-06-13 19:47:04.958172: val_loss -0.4401
2026-06-13 19:47:04.959718: Pseudo dice [0.4612]
2026-06-13 19:47:04.961226: Epoch time: 22.45 s
2026-06-13 19:47:05.856229: 
2026-06-13 19:47:05.858573: Epoch 137
2026-06-13 19:47:05.860343: Current learning rate: 0.00876
2026-06-13 19:47:28.221107: train_loss -0.5692
2026-06-13 19:47:28.224041: val_loss -0.463
2026-06-13 19:47:28.225590: Pseudo dice [0.4598]
2026-06-13 19:47:28.227146: Epoch time: 22.37 s
2026-06-13 19:47:29.123351: 
2026-06-13 19:47:29.125328: Epoch 138
2026-06-13 19:47:29.126794: Current learning rate: 0.00875
2026-06-13 19:47:51.597284: train_loss -0.5198
2026-06-13 19:47:51.602140: val_loss -0.478
2026-06-13 19:47:51.604081: Pseudo dice [0.4614]
2026-06-13 19:47:51.606052: Epoch time: 22.47 s
2026-06-13 19:47:52.503349: 
2026-06-13 19:47:52.506438: Epoch 139
2026-06-13 19:47:52.508616: Current learning rate: 0.00874
2026-06-13 19:48:14.873436: train_loss -0.4845
2026-06-13 19:48:14.876623: val_loss -0.4225
2026-06-13 19:48:14.878310: Pseudo dice [0.4327]
2026-06-13 19:48:14.879830: Epoch time: 22.37 s
2026-06-13 19:48:15.795450: 
2026-06-13 19:48:15.797215: Epoch 140
2026-06-13 19:48:15.798869: Current learning rate: 0.00873
2026-06-13 19:48:38.157156: train_loss -0.5274
2026-06-13 19:48:38.160266: val_loss -0.4749
2026-06-13 19:48:38.162022: Pseudo dice [0.4383]
2026-06-13 19:48:38.163703: Epoch time: 22.36 s
2026-06-13 19:48:39.099225: 
2026-06-13 19:48:39.100838: Epoch 141
2026-06-13 19:48:39.102341: Current learning rate: 0.00872
2026-06-13 19:49:01.439931: train_loss -0.4725
2026-06-13 19:49:01.446299: val_loss -0.4625
2026-06-13 19:49:01.448179: Pseudo dice [0.4767]
2026-06-13 19:49:01.449686: Epoch time: 22.34 s
2026-06-13 19:49:02.354457: 
2026-06-13 19:49:02.356056: Epoch 142
2026-06-13 19:49:02.357811: Current learning rate: 0.00871
2026-06-13 19:49:24.681523: train_loss -0.5177
2026-06-13 19:49:24.684458: val_loss -0.4453
2026-06-13 19:49:24.685913: Pseudo dice [0.4123]
2026-06-13 19:49:24.687438: Epoch time: 22.33 s
2026-06-13 19:49:25.586626: 
2026-06-13 19:49:25.588410: Epoch 143
2026-06-13 19:49:25.590083: Current learning rate: 0.0087
2026-06-13 19:49:48.021704: train_loss -0.478
2026-06-13 19:49:48.024533: val_loss -0.4842
2026-06-13 19:49:48.026001: Pseudo dice [0.4739]
2026-06-13 19:49:48.027645: Epoch time: 22.44 s
2026-06-13 19:49:48.928923: 
2026-06-13 19:49:48.930990: Epoch 144
2026-06-13 19:49:48.933182: Current learning rate: 0.00869
2026-06-13 19:50:11.400198: train_loss -0.4873
2026-06-13 19:50:11.405263: val_loss -0.4702
2026-06-13 19:50:11.406931: Pseudo dice [0.4423]
2026-06-13 19:50:11.408607: Epoch time: 22.47 s
2026-06-13 19:50:12.307046: 
2026-06-13 19:50:12.308710: Epoch 145
2026-06-13 19:50:12.310211: Current learning rate: 0.00868
2026-06-13 19:50:34.688679: train_loss -0.5495
2026-06-13 19:50:34.692946: val_loss -0.5056
2026-06-13 19:50:34.696297: Pseudo dice [0.5168]
2026-06-13 19:50:34.699043: Epoch time: 22.38 s
2026-06-13 19:50:35.615054: 
2026-06-13 19:50:35.617186: Epoch 146
2026-06-13 19:50:35.618862: Current learning rate: 0.00868
2026-06-13 19:50:57.991325: train_loss -0.5092
2026-06-13 19:50:57.994280: val_loss -0.48
2026-06-13 19:50:57.996467: Pseudo dice [0.4875]
2026-06-13 19:50:57.998878: Epoch time: 22.38 s
2026-06-13 19:50:58.912714: 
2026-06-13 19:50:58.914548: Epoch 147
2026-06-13 19:50:58.916220: Current learning rate: 0.00867
2026-06-13 19:51:21.227023: train_loss -0.4958
2026-06-13 19:51:21.231107: val_loss -0.4643
2026-06-13 19:51:21.232940: Pseudo dice [0.4907]
2026-06-13 19:51:21.234851: Epoch time: 22.32 s
2026-06-13 19:51:22.140616: 
2026-06-13 19:51:22.142661: Epoch 148
2026-06-13 19:51:22.144562: Current learning rate: 0.00866
2026-06-13 19:51:44.494287: train_loss -0.4709
2026-06-13 19:51:44.499843: val_loss -0.4795
2026-06-13 19:51:44.505458: Pseudo dice [0.4618]
2026-06-13 19:51:44.509922: Epoch time: 22.35 s
2026-06-13 19:51:45.414340: 
2026-06-13 19:51:45.416095: Epoch 149
2026-06-13 19:51:45.417696: Current learning rate: 0.00865
2026-06-13 19:52:07.812161: train_loss -0.5426
2026-06-13 19:52:07.816006: val_loss -0.4919
2026-06-13 19:52:07.818182: Pseudo dice [0.4774]
2026-06-13 19:52:07.820145: Epoch time: 22.4 s
2026-06-13 19:52:09.758396: 
2026-06-13 19:52:09.762698: Epoch 150
2026-06-13 19:52:09.767737: Current learning rate: 0.00864
2026-06-13 19:52:32.245973: train_loss -0.4998
2026-06-13 19:52:32.250755: val_loss -0.4683
2026-06-13 19:52:32.252434: Pseudo dice [0.4712]
2026-06-13 19:52:32.254191: Epoch time: 22.49 s
2026-06-13 19:52:33.177857: 
2026-06-13 19:52:33.180212: Epoch 151
2026-06-13 19:52:33.182271: Current learning rate: 0.00863
2026-06-13 19:52:55.596966: train_loss -0.5575
2026-06-13 19:52:55.601297: val_loss -0.4437
2026-06-13 19:52:55.604135: Pseudo dice [0.4481]
2026-06-13 19:52:55.607216: Epoch time: 22.42 s
2026-06-13 19:52:56.524916: 
2026-06-13 19:52:56.529003: Epoch 152
2026-06-13 19:52:56.532747: Current learning rate: 0.00862
2026-06-13 19:53:19.033185: train_loss -0.5572
2026-06-13 19:53:19.036962: val_loss -0.4504
2026-06-13 19:53:19.039232: Pseudo dice [0.4522]
2026-06-13 19:53:19.042836: Epoch time: 22.51 s
2026-06-13 19:53:19.959230: 
2026-06-13 19:53:19.960999: Epoch 153
2026-06-13 19:53:19.962663: Current learning rate: 0.00861
2026-06-13 19:53:42.283664: train_loss -0.5464
2026-06-13 19:53:42.287423: val_loss -0.5033
2026-06-13 19:53:42.289099: Pseudo dice [0.4904]
2026-06-13 19:53:42.290842: Epoch time: 22.33 s
2026-06-13 19:53:43.203361: 
2026-06-13 19:53:43.205285: Epoch 154
2026-06-13 19:53:43.206983: Current learning rate: 0.0086
2026-06-13 19:54:05.669252: train_loss -0.5065
2026-06-13 19:54:05.672496: val_loss -0.4667
2026-06-13 19:54:05.674162: Pseudo dice [0.4937]
2026-06-13 19:54:05.675675: Epoch time: 22.47 s
2026-06-13 19:54:06.594650: 
2026-06-13 19:54:06.599408: Epoch 155
2026-06-13 19:54:06.602754: Current learning rate: 0.00859
2026-06-13 19:54:29.004528: train_loss -0.5749
2026-06-13 19:54:29.010490: val_loss -0.4673
2026-06-13 19:54:29.012177: Pseudo dice [0.4634]
2026-06-13 19:54:29.013840: Epoch time: 22.41 s
2026-06-13 19:54:29.932171: 
2026-06-13 19:54:29.937955: Epoch 156
2026-06-13 19:54:29.948068: Current learning rate: 0.00858
2026-06-13 19:54:52.315324: train_loss -0.5315
2026-06-13 19:54:52.318952: val_loss -0.4667
2026-06-13 19:54:52.320504: Pseudo dice [0.425]
2026-06-13 19:54:52.321951: Epoch time: 22.38 s
2026-06-13 19:54:53.241650: 
2026-06-13 19:54:53.243380: Epoch 157
2026-06-13 19:54:53.245207: Current learning rate: 0.00858
2026-06-13 19:55:15.738503: train_loss -0.4901
2026-06-13 19:55:15.782126: val_loss -0.4406
2026-06-13 19:55:15.783986: Pseudo dice [0.4243]
2026-06-13 19:55:15.785517: Epoch time: 22.5 s
2026-06-13 19:55:16.718613: 
2026-06-13 19:55:16.720838: Epoch 158
2026-06-13 19:55:16.723140: Current learning rate: 0.00857
2026-06-13 19:55:39.183843: train_loss -0.4937
2026-06-13 19:55:39.186840: val_loss -0.4727
2026-06-13 19:55:39.188563: Pseudo dice [0.4594]
2026-06-13 19:55:39.190252: Epoch time: 22.47 s
2026-06-13 19:55:40.112983: 
2026-06-13 19:55:40.115241: Epoch 159
2026-06-13 19:55:40.116847: Current learning rate: 0.00856
2026-06-13 19:56:02.594909: train_loss -0.5681
2026-06-13 19:56:02.598804: val_loss -0.4421
2026-06-13 19:56:02.600268: Pseudo dice [0.4507]
2026-06-13 19:56:02.601815: Epoch time: 22.48 s
2026-06-13 19:56:03.585312: 
2026-06-13 19:56:03.587207: Epoch 160
2026-06-13 19:56:03.588745: Current learning rate: 0.00855
2026-06-13 19:56:25.956467: train_loss -0.5177
2026-06-13 19:56:25.959430: val_loss -0.4938
2026-06-13 19:56:25.961017: Pseudo dice [0.4676]
2026-06-13 19:56:25.962755: Epoch time: 22.37 s
2026-06-13 19:56:26.877188: 
2026-06-13 19:56:26.881422: Epoch 161
2026-06-13 19:56:26.883099: Current learning rate: 0.00854
2026-06-13 19:56:49.277739: train_loss -0.5642
2026-06-13 19:56:49.282617: val_loss -0.4911
2026-06-13 19:56:49.285697: Pseudo dice [0.4917]
2026-06-13 19:56:49.287948: Epoch time: 22.4 s
2026-06-13 19:56:50.219879: 
2026-06-13 19:56:50.221484: Epoch 162
2026-06-13 19:56:50.223136: Current learning rate: 0.00853
2026-06-13 19:57:12.530496: train_loss -0.5451
2026-06-13 19:57:12.534614: val_loss -0.4655
2026-06-13 19:57:12.536855: Pseudo dice [0.4495]
2026-06-13 19:57:12.538524: Epoch time: 22.31 s
2026-06-13 19:57:13.465767: 
2026-06-13 19:57:13.467674: Epoch 163
2026-06-13 19:57:13.469429: Current learning rate: 0.00852
2026-06-13 19:57:35.935258: train_loss -0.5276
2026-06-13 19:57:35.938873: val_loss -0.4447
2026-06-13 19:57:35.940496: Pseudo dice [0.4551]
2026-06-13 19:57:35.942050: Epoch time: 22.47 s
2026-06-13 19:57:36.866800: 
2026-06-13 19:57:36.868876: Epoch 164
2026-06-13 19:57:36.870419: Current learning rate: 0.00851
2026-06-13 19:57:59.243394: train_loss -0.5138
2026-06-13 19:57:59.246225: val_loss -0.4698
2026-06-13 19:57:59.248155: Pseudo dice [0.4451]
2026-06-13 19:57:59.249819: Epoch time: 22.38 s
2026-06-13 19:58:00.161827: 
2026-06-13 19:58:00.163401: Epoch 165
2026-06-13 19:58:00.164890: Current learning rate: 0.0085
2026-06-13 19:58:22.483417: train_loss -0.592
2026-06-13 19:58:22.487546: val_loss -0.4768
2026-06-13 19:58:22.489115: Pseudo dice [0.4821]
2026-06-13 19:58:22.490605: Epoch time: 22.32 s
2026-06-13 19:58:23.410646: 
2026-06-13 19:58:23.415436: Epoch 166
2026-06-13 19:58:23.419040: Current learning rate: 0.00849
2026-06-13 19:58:46.546482: train_loss -0.5403
2026-06-13 19:58:46.550551: val_loss -0.4862
2026-06-13 19:58:46.552789: Pseudo dice [0.4949]
2026-06-13 19:58:46.554803: Epoch time: 23.14 s
2026-06-13 19:58:47.454530: 
2026-06-13 19:58:47.456636: Epoch 167
2026-06-13 19:58:47.458342: Current learning rate: 0.00848
2026-06-13 19:59:09.760736: train_loss -0.5676
2026-06-13 19:59:09.763594: val_loss -0.4501
2026-06-13 19:59:09.765038: Pseudo dice [0.4845]
2026-06-13 19:59:09.766573: Epoch time: 22.31 s
2026-06-13 19:59:10.671250: 
2026-06-13 19:59:10.673017: Epoch 168
2026-06-13 19:59:10.674664: Current learning rate: 0.00847
2026-06-13 19:59:33.117520: train_loss -0.5481
2026-06-13 19:59:33.121965: val_loss -0.5043
2026-06-13 19:59:33.123544: Pseudo dice [0.4864]
2026-06-13 19:59:33.125009: Epoch time: 22.45 s
2026-06-13 19:59:34.035410: 
2026-06-13 19:59:34.037209: Epoch 169
2026-06-13 19:59:34.038848: Current learning rate: 0.00847
2026-06-13 19:59:56.319529: train_loss -0.5758
2026-06-13 19:59:56.322425: val_loss -0.461
2026-06-13 19:59:56.324015: Pseudo dice [0.4549]
2026-06-13 19:59:56.325586: Epoch time: 22.29 s
2026-06-13 19:59:57.244159: 
2026-06-13 19:59:57.245877: Epoch 170
2026-06-13 19:59:57.247399: Current learning rate: 0.00846
2026-06-13 20:00:19.750666: train_loss -0.4951
2026-06-13 20:00:19.753631: val_loss -0.4721
2026-06-13 20:00:19.755330: Pseudo dice [0.4642]
2026-06-13 20:00:19.760723: Epoch time: 22.51 s
2026-06-13 20:00:20.679446: 
2026-06-13 20:00:20.681139: Epoch 171
2026-06-13 20:00:20.682761: Current learning rate: 0.00845
2026-06-13 20:00:43.089451: train_loss -0.529
2026-06-13 20:00:43.092737: val_loss -0.4405
2026-06-13 20:00:43.094294: Pseudo dice [0.445]
2026-06-13 20:00:43.095912: Epoch time: 22.41 s
2026-06-13 20:00:44.002815: 
2026-06-13 20:00:44.004531: Epoch 172
2026-06-13 20:00:44.006069: Current learning rate: 0.00844
2026-06-13 20:01:06.312385: train_loss -0.5628
2026-06-13 20:01:06.315466: val_loss -0.4474
2026-06-13 20:01:06.318568: Pseudo dice [0.4516]
2026-06-13 20:01:06.321202: Epoch time: 22.31 s
2026-06-13 20:01:07.249213: 
2026-06-13 20:01:07.251072: Epoch 173
2026-06-13 20:01:07.252632: Current learning rate: 0.00843
2026-06-13 20:01:29.643926: train_loss -0.545
2026-06-13 20:01:29.646867: val_loss -0.4292
2026-06-13 20:01:29.648646: Pseudo dice [0.4591]
2026-06-13 20:01:29.650397: Epoch time: 22.4 s
2026-06-13 20:01:30.559107: 
2026-06-13 20:01:30.561008: Epoch 174
2026-06-13 20:01:30.563290: Current learning rate: 0.00842
2026-06-13 20:01:52.919608: train_loss -0.5136
2026-06-13 20:01:52.924492: val_loss -0.4848
2026-06-13 20:01:52.927207: Pseudo dice [0.4558]
2026-06-13 20:01:52.929437: Epoch time: 22.36 s
2026-06-13 20:01:53.842873: 
2026-06-13 20:01:53.844709: Epoch 175
2026-06-13 20:01:53.846338: Current learning rate: 0.00841
2026-06-13 20:02:16.190334: train_loss -0.5482
2026-06-13 20:02:16.193453: val_loss -0.4709
2026-06-13 20:02:16.194964: Pseudo dice [0.4889]
2026-06-13 20:02:16.196704: Epoch time: 22.35 s
2026-06-13 20:02:17.115058: 
2026-06-13 20:02:17.117382: Epoch 176
2026-06-13 20:02:17.119775: Current learning rate: 0.0084
2026-06-13 20:02:39.527635: train_loss -0.5738
2026-06-13 20:02:39.530224: val_loss -0.4889
2026-06-13 20:02:39.531692: Pseudo dice [0.4904]
2026-06-13 20:02:39.533244: Epoch time: 22.41 s
2026-06-13 20:02:40.445483: 
2026-06-13 20:02:40.447148: Epoch 177
2026-06-13 20:02:40.448669: Current learning rate: 0.00839
2026-06-13 20:03:02.788528: train_loss -0.536
2026-06-13 20:03:02.792409: val_loss -0.4988
2026-06-13 20:03:02.793953: Pseudo dice [0.4818]
2026-06-13 20:03:02.795577: Epoch time: 22.34 s
2026-06-13 20:03:03.704219: 
2026-06-13 20:03:03.705797: Epoch 178
2026-06-13 20:03:03.707600: Current learning rate: 0.00838
2026-06-13 20:03:26.048317: train_loss -0.4902
2026-06-13 20:03:26.056686: val_loss -0.4874
2026-06-13 20:03:26.061508: Pseudo dice [0.5003]
2026-06-13 20:03:26.066468: Epoch time: 22.35 s
2026-06-13 20:03:26.979411: 
2026-06-13 20:03:26.981202: Epoch 179
2026-06-13 20:03:26.982708: Current learning rate: 0.00837
2026-06-13 20:03:49.344820: train_loss -0.5223
2026-06-13 20:03:49.348248: val_loss -0.3737
2026-06-13 20:03:49.349904: Pseudo dice [0.4117]
2026-06-13 20:03:49.351625: Epoch time: 22.37 s
2026-06-13 20:03:50.280018: 
2026-06-13 20:03:50.282606: Epoch 180
2026-06-13 20:03:50.284811: Current learning rate: 0.00836
2026-06-13 20:04:12.784073: train_loss -0.5376
2026-06-13 20:04:12.787743: val_loss -0.4953
2026-06-13 20:04:12.789242: Pseudo dice [0.4763]
2026-06-13 20:04:12.790771: Epoch time: 22.51 s
2026-06-13 20:04:13.725394: 
2026-06-13 20:04:13.727866: Epoch 181
2026-06-13 20:04:13.729797: Current learning rate: 0.00836
2026-06-13 20:04:36.231029: train_loss -0.5599
2026-06-13 20:04:36.234035: val_loss -0.4993
2026-06-13 20:04:36.235559: Pseudo dice [0.4842]
2026-06-13 20:04:36.237139: Epoch time: 22.51 s
2026-06-13 20:04:37.181157: 
2026-06-13 20:04:37.183077: Epoch 182
2026-06-13 20:04:37.184651: Current learning rate: 0.00835
2026-06-13 20:04:59.651191: train_loss -0.5512
2026-06-13 20:04:59.654755: val_loss -0.4965
2026-06-13 20:04:59.656671: Pseudo dice [0.5055]
2026-06-13 20:04:59.658535: Epoch time: 22.47 s
2026-06-13 20:05:01.115431: 
2026-06-13 20:05:01.117690: Epoch 183
2026-06-13 20:05:01.121773: Current learning rate: 0.00834
2026-06-13 20:05:23.708514: train_loss -0.4969
2026-06-13 20:05:23.712312: val_loss -0.4697
2026-06-13 20:05:23.713977: Pseudo dice [0.4783]
2026-06-13 20:05:23.715533: Epoch time: 22.59 s
2026-06-13 20:05:24.630539: 
2026-06-13 20:05:24.632874: Epoch 184
2026-06-13 20:05:24.634634: Current learning rate: 0.00833
2026-06-13 20:05:47.219372: train_loss -0.5204
2026-06-13 20:05:47.226366: val_loss -0.5118
2026-06-13 20:05:47.229565: Pseudo dice [0.4944]
2026-06-13 20:05:47.232855: Epoch time: 22.59 s
2026-06-13 20:05:48.147184: 
2026-06-13 20:05:48.148934: Epoch 185
2026-06-13 20:05:48.150540: Current learning rate: 0.00832
2026-06-13 20:06:10.642056: train_loss -0.5461
2026-06-13 20:06:10.645267: val_loss -0.4989
2026-06-13 20:06:10.647080: Pseudo dice [0.495]
2026-06-13 20:06:10.649314: Epoch time: 22.5 s
2026-06-13 20:06:11.573366: 
2026-06-13 20:06:11.575742: Epoch 186
2026-06-13 20:06:11.577404: Current learning rate: 0.00831
2026-06-13 20:06:34.078861: train_loss -0.5845
2026-06-13 20:06:34.084788: val_loss -0.5093
2026-06-13 20:06:34.086535: Pseudo dice [0.4459]
2026-06-13 20:06:34.088815: Epoch time: 22.51 s
2026-06-13 20:06:35.026613: 
2026-06-13 20:06:35.029409: Epoch 187
2026-06-13 20:06:35.032607: Current learning rate: 0.0083
2026-06-13 20:06:57.409045: train_loss -0.5497
2026-06-13 20:06:57.411732: val_loss -0.4901
2026-06-13 20:06:57.413300: Pseudo dice [0.5052]
2026-06-13 20:06:57.416618: Epoch time: 22.38 s
2026-06-13 20:06:58.365686: 
2026-06-13 20:06:58.367482: Epoch 188
2026-06-13 20:06:58.369298: Current learning rate: 0.00829
2026-06-13 20:07:20.568402: train_loss -0.5356
2026-06-13 20:07:20.570476: val_loss -0.4928
2026-06-13 20:07:20.572041: Pseudo dice [0.463]
2026-06-13 20:07:20.573562: Epoch time: 22.2 s
2026-06-13 20:07:21.501207: 
2026-06-13 20:07:21.502905: Epoch 189
2026-06-13 20:07:21.504338: Current learning rate: 0.00828
2026-06-13 20:07:43.701437: train_loss -0.5443
2026-06-13 20:07:43.712504: val_loss -0.4473
2026-06-13 20:07:43.717924: Pseudo dice [0.452]
2026-06-13 20:07:43.722573: Epoch time: 22.2 s
2026-06-13 20:07:44.653038: 
2026-06-13 20:07:44.654753: Epoch 190
2026-06-13 20:07:44.656445: Current learning rate: 0.00827
2026-06-13 20:08:06.861491: train_loss -0.5709
2026-06-13 20:08:06.864860: val_loss -0.4975
2026-06-13 20:08:06.866384: Pseudo dice [0.4961]
2026-06-13 20:08:06.868001: Epoch time: 22.21 s
2026-06-13 20:08:07.805286: 
2026-06-13 20:08:07.806928: Epoch 191
2026-06-13 20:08:07.808362: Current learning rate: 0.00826
2026-06-13 20:08:30.117570: train_loss -0.5934
2026-06-13 20:08:30.119987: val_loss -0.4948
2026-06-13 20:08:30.122831: Pseudo dice [0.4983]
2026-06-13 20:08:30.124546: Epoch time: 22.31 s
2026-06-13 20:08:31.085770: 
2026-06-13 20:08:31.087778: Epoch 192
2026-06-13 20:08:31.089248: Current learning rate: 0.00825
2026-06-13 20:08:53.345908: train_loss -0.531
2026-06-13 20:08:53.351857: val_loss -0.5004
2026-06-13 20:08:53.353541: Pseudo dice [0.4948]
2026-06-13 20:08:53.355147: Epoch time: 22.26 s
2026-06-13 20:08:54.284722: 
2026-06-13 20:08:54.287515: Epoch 193
2026-06-13 20:08:54.290041: Current learning rate: 0.00824
2026-06-13 20:09:16.725972: train_loss -0.5516
2026-06-13 20:09:16.728569: val_loss -0.4596
2026-06-13 20:09:16.730090: Pseudo dice [0.421]
2026-06-13 20:09:16.731754: Epoch time: 22.44 s
2026-06-13 20:09:17.673707: 
2026-06-13 20:09:17.676055: Epoch 194
2026-06-13 20:09:17.679463: Current learning rate: 0.00824
2026-06-13 20:09:40.177004: train_loss -0.5358
2026-06-13 20:09:40.181268: val_loss -0.4344
2026-06-13 20:09:40.183427: Pseudo dice [0.4454]
2026-06-13 20:09:40.185473: Epoch time: 22.5 s
2026-06-13 20:09:41.116793: 
2026-06-13 20:09:41.119041: Epoch 195
2026-06-13 20:09:41.120469: Current learning rate: 0.00823
2026-06-13 20:10:03.652617: train_loss -0.5288
2026-06-13 20:10:03.657320: val_loss -0.3869
2026-06-13 20:10:03.659391: Pseudo dice [0.3856]
2026-06-13 20:10:03.661416: Epoch time: 22.54 s
2026-06-13 20:10:04.593073: 
2026-06-13 20:10:04.594877: Epoch 196
2026-06-13 20:10:04.597708: Current learning rate: 0.00822
2026-06-13 20:10:27.256297: train_loss -0.532
2026-06-13 20:10:27.261397: val_loss -0.4863
2026-06-13 20:10:27.263489: Pseudo dice [0.492]
2026-06-13 20:10:27.265447: Epoch time: 22.66 s
2026-06-13 20:10:28.225263: 
2026-06-13 20:10:28.226996: Epoch 197
2026-06-13 20:10:28.228690: Current learning rate: 0.00821
2026-06-13 20:10:50.897719: train_loss -0.5928
2026-06-13 20:10:50.900017: val_loss -0.4914
2026-06-13 20:10:50.902079: Pseudo dice [0.4841]
2026-06-13 20:10:50.905475: Epoch time: 22.67 s
2026-06-13 20:10:51.878042: 
2026-06-13 20:10:51.880206: Epoch 198
2026-06-13 20:10:51.882779: Current learning rate: 0.0082
2026-06-13 20:11:14.559203: train_loss -0.5675
2026-06-13 20:11:14.564919: val_loss -0.41
2026-06-13 20:11:14.566474: Pseudo dice [0.2128]
2026-06-13 20:11:14.567911: Epoch time: 22.68 s
2026-06-13 20:11:15.513544: 
2026-06-13 20:11:15.515771: Epoch 199
2026-06-13 20:11:15.517834: Current learning rate: 0.00819
2026-06-13 20:11:38.211226: train_loss -0.5768
2026-06-13 20:11:38.215935: val_loss -0.4723
2026-06-13 20:11:38.217601: Pseudo dice [0.4732]
2026-06-13 20:11:38.219167: Epoch time: 22.7 s
2026-06-13 20:11:40.192985: 
2026-06-13 20:11:40.194856: Epoch 200
2026-06-13 20:11:40.196604: Current learning rate: 0.00818
2026-06-13 20:12:03.130181: train_loss -0.5467
2026-06-13 20:12:03.133111: val_loss -0.4855
2026-06-13 20:12:03.134749: Pseudo dice [0.479]
2026-06-13 20:12:03.136483: Epoch time: 22.94 s
2026-06-13 20:12:04.072275: 
2026-06-13 20:12:04.074806: Epoch 201
2026-06-13 20:12:04.076364: Current learning rate: 0.00817
2026-06-13 20:12:26.964489: train_loss -0.5008
2026-06-13 20:12:26.969144: val_loss -0.4786
2026-06-13 20:12:26.972222: Pseudo dice [0.458]
2026-06-13 20:12:26.975540: Epoch time: 22.89 s
2026-06-13 20:12:27.918111: 
2026-06-13 20:12:27.920064: Epoch 202
2026-06-13 20:12:27.921715: Current learning rate: 0.00816
2026-06-13 20:12:50.610427: train_loss -0.5339
2026-06-13 20:12:50.613903: val_loss -0.5078
2026-06-13 20:12:50.615967: Pseudo dice [0.5099]
2026-06-13 20:12:50.618159: Epoch time: 22.69 s
2026-06-13 20:12:51.565002: 
2026-06-13 20:12:51.566751: Epoch 203
2026-06-13 20:12:51.568696: Current learning rate: 0.00815
2026-06-13 20:13:14.290498: train_loss -0.5389
2026-06-13 20:13:14.292459: val_loss -0.4872
2026-06-13 20:13:14.294810: Pseudo dice [0.523]
2026-06-13 20:13:14.296356: Epoch time: 22.73 s
2026-06-13 20:13:15.230133: 
2026-06-13 20:13:15.231935: Epoch 204
2026-06-13 20:13:15.233850: Current learning rate: 0.00814
2026-06-13 20:13:38.004176: train_loss -0.5651
2026-06-13 20:13:38.007398: val_loss -0.4873
2026-06-13 20:13:38.008942: Pseudo dice [0.4864]
2026-06-13 20:13:38.010471: Epoch time: 22.78 s
2026-06-13 20:13:38.947818: 
2026-06-13 20:13:38.949623: Epoch 205
2026-06-13 20:13:38.951313: Current learning rate: 0.00813
2026-06-13 20:14:01.341951: train_loss -0.5828
2026-06-13 20:14:01.344169: val_loss -0.4666
2026-06-13 20:14:01.345934: Pseudo dice [0.4943]
2026-06-13 20:14:01.347451: Epoch time: 22.4 s
2026-06-13 20:14:02.266682: 
2026-06-13 20:14:02.268308: Epoch 206
2026-06-13 20:14:02.269843: Current learning rate: 0.00813
2026-06-13 20:14:24.484443: train_loss -0.5655
2026-06-13 20:14:24.486544: val_loss -0.5131
2026-06-13 20:14:24.488086: Pseudo dice [0.5156]
2026-06-13 20:14:24.489565: Epoch time: 22.22 s
2026-06-13 20:14:25.430200: 
2026-06-13 20:14:25.431815: Epoch 207
2026-06-13 20:14:25.433406: Current learning rate: 0.00812
2026-06-13 20:14:48.153501: train_loss -0.5777
2026-06-13 20:14:48.162564: val_loss -0.4039
2026-06-13 20:14:48.165007: Pseudo dice [0.4118]
2026-06-13 20:14:48.166403: Epoch time: 22.72 s
2026-06-13 20:14:49.094548: 
2026-06-13 20:14:49.096212: Epoch 208
2026-06-13 20:14:49.097748: Current learning rate: 0.00811
2026-06-13 20:15:11.977546: train_loss -0.5163
2026-06-13 20:15:11.980366: val_loss -0.446
2026-06-13 20:15:11.982088: Pseudo dice [0.4701]
2026-06-13 20:15:11.983608: Epoch time: 22.88 s
2026-06-13 20:15:12.915310: 
2026-06-13 20:15:12.918097: Epoch 209
2026-06-13 20:15:12.919546: Current learning rate: 0.0081
2026-06-13 20:15:35.507000: train_loss -0.5561
2026-06-13 20:15:35.510702: val_loss -0.4794
2026-06-13 20:15:35.513416: Pseudo dice [0.4877]
2026-06-13 20:15:35.516678: Epoch time: 22.59 s
2026-06-13 20:15:36.438206: 
2026-06-13 20:15:36.440437: Epoch 210
2026-06-13 20:15:36.442160: Current learning rate: 0.00809
2026-06-13 20:15:59.033490: train_loss -0.5512
2026-06-13 20:15:59.037482: val_loss -0.486
2026-06-13 20:15:59.039361: Pseudo dice [0.5014]
2026-06-13 20:15:59.041226: Epoch time: 22.6 s
2026-06-13 20:15:59.953432: 
2026-06-13 20:15:59.955216: Epoch 211
2026-06-13 20:15:59.956756: Current learning rate: 0.00808
2026-06-13 20:16:22.312913: train_loss -0.5524
2026-06-13 20:16:22.316154: val_loss -0.4507
2026-06-13 20:16:22.317559: Pseudo dice [0.4741]
2026-06-13 20:16:22.319538: Epoch time: 22.36 s
2026-06-13 20:16:23.237711: 
2026-06-13 20:16:23.239380: Epoch 212
2026-06-13 20:16:23.240899: Current learning rate: 0.00807
2026-06-13 20:16:45.515080: train_loss -0.5622
2026-06-13 20:16:45.517802: val_loss -0.4609
2026-06-13 20:16:45.519744: Pseudo dice [0.4742]
2026-06-13 20:16:45.521657: Epoch time: 22.28 s
2026-06-13 20:16:46.427364: 
2026-06-13 20:16:46.430067: Epoch 213
2026-06-13 20:16:46.432030: Current learning rate: 0.00806
2026-06-13 20:17:08.572974: train_loss -0.4937
2026-06-13 20:17:08.577967: val_loss -0.5087
2026-06-13 20:17:08.579654: Pseudo dice [0.5453]
2026-06-13 20:17:08.581354: Epoch time: 22.15 s
2026-06-13 20:17:09.502034: 
2026-06-13 20:17:09.503816: Epoch 214
2026-06-13 20:17:09.505562: Current learning rate: 0.00805
2026-06-13 20:17:31.671079: train_loss -0.5731
2026-06-13 20:17:31.674042: val_loss -0.4662
2026-06-13 20:17:31.675693: Pseudo dice [0.4583]
2026-06-13 20:17:31.677399: Epoch time: 22.17 s
2026-06-13 20:17:32.580756: 
2026-06-13 20:17:32.582530: Epoch 215
2026-06-13 20:17:32.585827: Current learning rate: 0.00804
2026-06-13 20:17:54.776941: train_loss -0.5296
2026-06-13 20:17:54.780409: val_loss -0.4221
2026-06-13 20:17:54.783911: Pseudo dice [0.4492]
2026-06-13 20:17:54.787565: Epoch time: 22.2 s
2026-06-13 20:17:55.688946: 
2026-06-13 20:17:55.690764: Epoch 216
2026-06-13 20:17:55.692369: Current learning rate: 0.00803
2026-06-13 20:18:17.959355: train_loss -0.5478
2026-06-13 20:18:17.962534: val_loss -0.4932
2026-06-13 20:18:17.964290: Pseudo dice [0.4921]
2026-06-13 20:18:17.965955: Epoch time: 22.27 s
2026-06-13 20:18:19.447062: 
2026-06-13 20:18:19.448697: Epoch 217
2026-06-13 20:18:19.450371: Current learning rate: 0.00802
2026-06-13 20:18:42.158781: train_loss -0.5776
2026-06-13 20:18:42.161924: val_loss -0.4967
2026-06-13 20:18:42.163728: Pseudo dice [0.5181]
2026-06-13 20:18:42.165334: Epoch time: 22.71 s
2026-06-13 20:18:43.074635: 
2026-06-13 20:18:43.076349: Epoch 218
2026-06-13 20:18:43.078028: Current learning rate: 0.00801
2026-06-13 20:19:05.554028: train_loss -0.5739
2026-06-13 20:19:05.556260: val_loss -0.5544
2026-06-13 20:19:05.558045: Pseudo dice [0.5278]
2026-06-13 20:19:05.559758: Epoch time: 22.48 s
2026-06-13 20:19:05.561384: Yayy! New best EMA pseudo Dice: 0.4854
2026-06-13 20:19:06.961822: 
2026-06-13 20:19:06.965557: Epoch 219
2026-06-13 20:19:06.968868: Current learning rate: 0.00801
2026-06-13 20:19:29.300635: train_loss -0.5701
2026-06-13 20:19:29.306227: val_loss -0.5288
2026-06-13 20:19:29.308182: Pseudo dice [0.5187]
2026-06-13 20:19:29.309816: Epoch time: 22.34 s
2026-06-13 20:19:29.311564: Yayy! New best EMA pseudo Dice: 0.4887
2026-06-13 20:19:30.694157: 
2026-06-13 20:19:30.696040: Epoch 220
2026-06-13 20:19:30.697672: Current learning rate: 0.008
2026-06-13 20:19:53.086735: train_loss -0.5229
2026-06-13 20:19:53.092375: val_loss -0.4951
2026-06-13 20:19:53.095169: Pseudo dice [0.5159]
2026-06-13 20:19:53.099178: Epoch time: 22.39 s
2026-06-13 20:19:53.102268: Yayy! New best EMA pseudo Dice: 0.4914
2026-06-13 20:19:54.504958: 
2026-06-13 20:19:54.506985: Epoch 221
2026-06-13 20:19:54.508515: Current learning rate: 0.00799
2026-06-13 20:20:16.766684: train_loss -0.5502
2026-06-13 20:20:16.768805: val_loss -0.3917
2026-06-13 20:20:16.770713: Pseudo dice [0.4082]
2026-06-13 20:20:16.772413: Epoch time: 22.26 s
2026-06-13 20:20:17.681860: 
2026-06-13 20:20:17.683668: Epoch 222
2026-06-13 20:20:17.686280: Current learning rate: 0.00798
2026-06-13 20:20:40.035420: train_loss -0.534
2026-06-13 20:20:40.042998: val_loss -0.3577
2026-06-13 20:20:40.045628: Pseudo dice [0.3577]
2026-06-13 20:20:40.048139: Epoch time: 22.35 s
2026-06-13 20:20:40.951222: 
2026-06-13 20:20:40.952873: Epoch 223
2026-06-13 20:20:40.954395: Current learning rate: 0.00797
2026-06-13 20:21:03.246352: train_loss -0.5579
2026-06-13 20:21:03.250865: val_loss -0.465
2026-06-13 20:21:03.252549: Pseudo dice [0.4635]
2026-06-13 20:21:03.254474: Epoch time: 22.3 s
2026-06-13 20:21:04.149334: 
2026-06-13 20:21:04.151042: Epoch 224
2026-06-13 20:21:04.152537: Current learning rate: 0.00796
2026-06-13 20:21:26.538418: train_loss -0.5473
2026-06-13 20:21:26.541512: val_loss -0.4717
2026-06-13 20:21:26.543318: Pseudo dice [0.459]
2026-06-13 20:21:26.544911: Epoch time: 22.39 s
2026-06-13 20:21:27.436900: 
2026-06-13 20:21:27.439887: Epoch 225
2026-06-13 20:21:27.442338: Current learning rate: 0.00795
2026-06-13 20:21:49.825717: train_loss -0.5638
2026-06-13 20:21:49.829091: val_loss -0.5189
2026-06-13 20:21:49.830675: Pseudo dice [0.5105]
2026-06-13 20:21:49.832518: Epoch time: 22.39 s
2026-06-13 20:21:50.724895: 
2026-06-13 20:21:50.735634: Epoch 226
2026-06-13 20:21:50.739654: Current learning rate: 0.00794
2026-06-13 20:22:13.197575: train_loss -0.5763
2026-06-13 20:22:13.204181: val_loss -0.481
2026-06-13 20:22:13.210314: Pseudo dice [0.489]
2026-06-13 20:22:13.212108: Epoch time: 22.47 s
2026-06-13 20:22:14.105572: 
2026-06-13 20:22:14.108634: Epoch 227
2026-06-13 20:22:14.111541: Current learning rate: 0.00793
2026-06-13 20:22:36.551248: train_loss -0.6034
2026-06-13 20:22:36.554096: val_loss -0.4965
2026-06-13 20:22:36.555854: Pseudo dice [0.4666]
2026-06-13 20:22:36.557485: Epoch time: 22.45 s
2026-06-13 20:22:37.446223: 
2026-06-13 20:22:37.447855: Epoch 228
2026-06-13 20:22:37.449412: Current learning rate: 0.00792
2026-06-13 20:22:59.934988: train_loss -0.5879
2026-06-13 20:22:59.939407: val_loss -0.4745
2026-06-13 20:22:59.941098: Pseudo dice [0.4795]
2026-06-13 20:22:59.942760: Epoch time: 22.49 s
2026-06-13 20:23:00.834667: 
2026-06-13 20:23:00.836390: Epoch 229
2026-06-13 20:23:00.837881: Current learning rate: 0.00791
2026-06-13 20:23:23.354723: train_loss -0.5506
2026-06-13 20:23:23.358164: val_loss -0.4754
2026-06-13 20:23:23.360122: Pseudo dice [0.4884]
2026-06-13 20:23:23.361777: Epoch time: 22.52 s
2026-06-13 20:23:24.260595: 
2026-06-13 20:23:24.262593: Epoch 230
2026-06-13 20:23:24.264580: Current learning rate: 0.0079
2026-06-13 20:23:46.683177: train_loss -0.5812
2026-06-13 20:23:46.686610: val_loss -0.5168
2026-06-13 20:23:46.688531: Pseudo dice [0.4623]
2026-06-13 20:23:46.690235: Epoch time: 22.42 s
2026-06-13 20:23:47.581417: 
2026-06-13 20:23:47.583245: Epoch 231
2026-06-13 20:23:47.584868: Current learning rate: 0.00789
2026-06-13 20:24:09.955905: train_loss -0.5567
2026-06-13 20:24:09.962466: val_loss -0.4879
2026-06-13 20:24:09.964262: Pseudo dice [0.467]
2026-06-13 20:24:09.965854: Epoch time: 22.38 s
2026-06-13 20:24:10.850825: 
2026-06-13 20:24:10.852875: Epoch 232
2026-06-13 20:24:10.854701: Current learning rate: 0.00789
2026-06-13 20:24:33.352859: train_loss -0.574
2026-06-13 20:24:33.355698: val_loss -0.4718
2026-06-13 20:24:33.357255: Pseudo dice [0.4668]
2026-06-13 20:24:33.358783: Epoch time: 22.5 s
2026-06-13 20:24:34.239724: 
2026-06-13 20:24:34.241625: Epoch 233
2026-06-13 20:24:34.243224: Current learning rate: 0.00788
2026-06-13 20:24:56.683774: train_loss -0.5543
2026-06-13 20:24:56.686909: val_loss -0.4521
2026-06-13 20:24:56.688727: Pseudo dice [0.4526]
2026-06-13 20:24:56.690345: Epoch time: 22.45 s
2026-06-13 20:24:58.132616: 
2026-06-13 20:24:58.134367: Epoch 234
2026-06-13 20:24:58.136173: Current learning rate: 0.00787
2026-06-13 20:25:20.557493: train_loss -0.596
2026-06-13 20:25:20.560688: val_loss -0.5173
2026-06-13 20:25:20.563749: Pseudo dice [0.5]
2026-06-13 20:25:20.565168: Epoch time: 22.43 s
2026-06-13 20:25:21.448061: 
2026-06-13 20:25:21.449666: Epoch 235
2026-06-13 20:25:21.451149: Current learning rate: 0.00786
2026-06-13 20:25:43.852452: train_loss -0.5586
2026-06-13 20:25:43.855514: val_loss -0.5333
2026-06-13 20:25:43.857117: Pseudo dice [0.5205]
2026-06-13 20:25:43.858989: Epoch time: 22.41 s
2026-06-13 20:25:44.734136: 
2026-06-13 20:25:44.735926: Epoch 236
2026-06-13 20:25:44.737647: Current learning rate: 0.00785
2026-06-13 20:26:07.282096: train_loss -0.5715
2026-06-13 20:26:07.285228: val_loss -0.4537
2026-06-13 20:26:07.286668: Pseudo dice [0.4682]
2026-06-13 20:26:07.288567: Epoch time: 22.55 s
2026-06-13 20:26:08.170426: 
2026-06-13 20:26:08.172364: Epoch 237
2026-06-13 20:26:08.173987: Current learning rate: 0.00784
2026-06-13 20:26:30.708069: train_loss -0.5298
2026-06-13 20:26:30.711428: val_loss -0.4251
2026-06-13 20:26:30.712839: Pseudo dice [0.4469]
2026-06-13 20:26:30.714568: Epoch time: 22.54 s
2026-06-13 20:26:31.598610: 
2026-06-13 20:26:31.600878: Epoch 238
2026-06-13 20:26:31.602933: Current learning rate: 0.00783
2026-06-13 20:26:54.169340: train_loss -0.577
2026-06-13 20:26:54.172552: val_loss -0.5102
2026-06-13 20:26:54.174469: Pseudo dice [0.4808]
2026-06-13 20:26:54.175923: Epoch time: 22.57 s
2026-06-13 20:26:55.064696: 
2026-06-13 20:26:55.066833: Epoch 239
2026-06-13 20:26:55.068511: Current learning rate: 0.00782
2026-06-13 20:27:17.486047: train_loss -0.5998
2026-06-13 20:27:17.490422: val_loss -0.4891
2026-06-13 20:27:17.493356: Pseudo dice [0.4754]
2026-06-13 20:27:17.496176: Epoch time: 22.42 s
2026-06-13 20:27:18.402920: 
2026-06-13 20:27:18.405029: Epoch 240
2026-06-13 20:27:18.406680: Current learning rate: 0.00781
2026-06-13 20:27:40.919653: train_loss -0.5796
2026-06-13 20:27:40.923022: val_loss -0.5319
2026-06-13 20:27:40.924687: Pseudo dice [0.5112]
2026-06-13 20:27:40.926485: Epoch time: 22.52 s
2026-06-13 20:27:41.827313: 
2026-06-13 20:27:41.829690: Epoch 241
2026-06-13 20:27:41.832643: Current learning rate: 0.0078
2026-06-13 20:28:04.324874: train_loss -0.5986
2026-06-13 20:28:04.328230: val_loss -0.5361
2026-06-13 20:28:04.329806: Pseudo dice [0.5085]
2026-06-13 20:28:04.331335: Epoch time: 22.5 s
2026-06-13 20:28:05.239563: 
2026-06-13 20:28:05.244093: Epoch 242
2026-06-13 20:28:05.247978: Current learning rate: 0.00779
2026-06-13 20:28:27.786754: train_loss -0.5885
2026-06-13 20:28:27.789342: val_loss -0.4667
2026-06-13 20:28:27.790890: Pseudo dice [0.4172]
2026-06-13 20:28:27.792613: Epoch time: 22.55 s
2026-06-13 20:28:28.686117: 
2026-06-13 20:28:28.688187: Epoch 243
2026-06-13 20:28:28.690325: Current learning rate: 0.00778
2026-06-13 20:28:51.124554: train_loss -0.5679
2026-06-13 20:28:51.156344: val_loss -0.3957
2026-06-13 20:28:51.169335: Pseudo dice [0.424]
2026-06-13 20:28:51.180329: Epoch time: 22.44 s
2026-06-13 20:28:52.092438: 
2026-06-13 20:28:52.094187: Epoch 244
2026-06-13 20:28:52.095699: Current learning rate: 0.00777
2026-06-13 20:29:14.531359: train_loss -0.5816
2026-06-13 20:29:14.534717: val_loss -0.5021
2026-06-13 20:29:14.536295: Pseudo dice [0.4792]
2026-06-13 20:29:14.537927: Epoch time: 22.44 s
2026-06-13 20:29:15.441443: 
2026-06-13 20:29:15.443449: Epoch 245
2026-06-13 20:29:15.445634: Current learning rate: 0.00777
2026-06-13 20:29:37.849544: train_loss -0.5598
2026-06-13 20:29:37.852243: val_loss -0.5172
2026-06-13 20:29:37.854064: Pseudo dice [0.5243]
2026-06-13 20:29:37.855655: Epoch time: 22.41 s
2026-06-13 20:29:38.753249: 
2026-06-13 20:29:38.754875: Epoch 246
2026-06-13 20:29:38.756507: Current learning rate: 0.00776
2026-06-13 20:30:01.188129: train_loss -0.5746
2026-06-13 20:30:01.191773: val_loss -0.5003
2026-06-13 20:30:01.193527: Pseudo dice [0.5006]
2026-06-13 20:30:01.195418: Epoch time: 22.44 s
2026-06-13 20:30:02.087511: 
2026-06-13 20:30:02.091263: Epoch 247
2026-06-13 20:30:02.095773: Current learning rate: 0.00775
2026-06-13 20:30:24.451395: train_loss -0.6022
2026-06-13 20:30:24.454826: val_loss -0.4953
2026-06-13 20:30:24.456594: Pseudo dice [0.4528]
2026-06-13 20:30:24.460172: Epoch time: 22.36 s
2026-06-13 20:30:25.351223: 
2026-06-13 20:30:25.353031: Epoch 248
2026-06-13 20:30:25.354670: Current learning rate: 0.00774
2026-06-13 20:30:47.793974: train_loss -0.5402
2026-06-13 20:30:47.798618: val_loss -0.5145
2026-06-13 20:30:47.800187: Pseudo dice [0.5199]
2026-06-13 20:30:47.801899: Epoch time: 22.44 s
2026-06-13 20:30:48.700496: 
2026-06-13 20:30:48.702635: Epoch 249
2026-06-13 20:30:48.704452: Current learning rate: 0.00773
2026-06-13 20:31:11.133584: train_loss -0.5681
2026-06-13 20:31:11.138458: val_loss -0.5363
2026-06-13 20:31:11.140754: Pseudo dice [0.5463]
2026-06-13 20:31:11.143076: Epoch time: 22.43 s
2026-06-13 20:31:12.534065: 
2026-06-13 20:31:12.536693: Epoch 250
2026-06-13 20:31:12.538589: Current learning rate: 0.00772
2026-06-13 20:31:34.949759: train_loss -0.5727
2026-06-13 20:31:34.954767: val_loss -0.4656
2026-06-13 20:31:34.956729: Pseudo dice [0.4463]
2026-06-13 20:31:34.958433: Epoch time: 22.42 s
2026-06-13 20:31:35.863907: 
2026-06-13 20:31:35.866584: Epoch 251
2026-06-13 20:31:35.868375: Current learning rate: 0.00771
2026-06-13 20:31:58.312124: train_loss -0.5824
2026-06-13 20:31:58.322898: val_loss -0.4347
2026-06-13 20:31:58.332299: Pseudo dice [0.4415]
2026-06-13 20:31:58.355570: Epoch time: 22.45 s
2026-06-13 20:31:59.842397: 
2026-06-13 20:31:59.846380: Epoch 252
2026-06-13 20:31:59.850257: Current learning rate: 0.0077
2026-06-13 20:32:22.335581: train_loss -0.5112
2026-06-13 20:32:22.340463: val_loss -0.511
2026-06-13 20:32:22.343941: Pseudo dice [0.491]
2026-06-13 20:32:22.348179: Epoch time: 22.49 s
2026-06-13 20:32:23.265296: 
2026-06-13 20:32:23.267144: Epoch 253
2026-06-13 20:32:23.268930: Current learning rate: 0.00769
2026-06-13 20:32:45.708328: train_loss -0.5316
2026-06-13 20:32:45.713803: val_loss -0.4569
2026-06-13 20:32:45.715852: Pseudo dice [0.4675]
2026-06-13 20:32:45.717443: Epoch time: 22.44 s
2026-06-13 20:32:46.611552: 
2026-06-13 20:32:46.613525: Epoch 254
2026-06-13 20:32:46.615177: Current learning rate: 0.00768
2026-06-13 20:33:09.080897: train_loss -0.5784
2026-06-13 20:33:09.083763: val_loss -0.4802
2026-06-13 20:33:09.085397: Pseudo dice [0.488]
2026-06-13 20:33:09.086938: Epoch time: 22.47 s
2026-06-13 20:33:09.984396: 
2026-06-13 20:33:09.987881: Epoch 255
2026-06-13 20:33:09.991156: Current learning rate: 0.00767
2026-06-13 20:33:32.438603: train_loss -0.6107
2026-06-13 20:33:32.442302: val_loss -0.3976
2026-06-13 20:33:32.444504: Pseudo dice [0.3917]
2026-06-13 20:33:32.446217: Epoch time: 22.46 s
2026-06-13 20:33:33.361041: 
2026-06-13 20:33:33.362797: Epoch 256
2026-06-13 20:33:33.364951: Current learning rate: 0.00766
2026-06-13 20:33:55.859314: train_loss -0.5063
2026-06-13 20:33:55.862260: val_loss -0.461
2026-06-13 20:33:55.863963: Pseudo dice [0.4704]
2026-06-13 20:33:55.865603: Epoch time: 22.5 s
2026-06-13 20:33:56.774586: 
2026-06-13 20:33:56.776483: Epoch 257
2026-06-13 20:33:56.778280: Current learning rate: 0.00765
2026-06-13 20:34:19.336849: train_loss -0.5433
2026-06-13 20:34:19.339464: val_loss -0.4109
2026-06-13 20:34:19.342954: Pseudo dice [0.4395]
2026-06-13 20:34:19.344456: Epoch time: 22.56 s
2026-06-13 20:34:20.242594: 
2026-06-13 20:34:20.245668: Epoch 258
2026-06-13 20:34:20.251145: Current learning rate: 0.00764
2026-06-13 20:34:42.859900: train_loss -0.5591
2026-06-13 20:34:42.863522: val_loss -0.4568
2026-06-13 20:34:42.865876: Pseudo dice [0.4544]
2026-06-13 20:34:42.867993: Epoch time: 22.62 s
2026-06-13 20:34:43.782608: 
2026-06-13 20:34:43.784262: Epoch 259
2026-06-13 20:34:43.785785: Current learning rate: 0.00764
2026-06-13 20:35:06.351230: train_loss -0.5716
2026-06-13 20:35:06.354084: val_loss -0.4978
2026-06-13 20:35:06.355731: Pseudo dice [0.4874]
2026-06-13 20:35:06.357232: Epoch time: 22.57 s
2026-06-13 20:35:07.248035: 
2026-06-13 20:35:07.249721: Epoch 260
2026-06-13 20:35:07.251220: Current learning rate: 0.00763
2026-06-13 20:35:29.670292: train_loss -0.5912
2026-06-13 20:35:29.675899: val_loss -0.4897
2026-06-13 20:35:29.677510: Pseudo dice [0.4926]
2026-06-13 20:35:29.679024: Epoch time: 22.42 s
2026-06-13 20:35:30.577514: 
2026-06-13 20:35:30.581357: Epoch 261
2026-06-13 20:35:30.583960: Current learning rate: 0.00762
2026-06-13 20:35:53.070756: train_loss -0.5856
2026-06-13 20:35:53.074895: val_loss -0.5056
2026-06-13 20:35:53.076555: Pseudo dice [0.5091]
2026-06-13 20:35:53.078061: Epoch time: 22.49 s
2026-06-13 20:35:53.977562: 
2026-06-13 20:35:53.979447: Epoch 262
2026-06-13 20:35:53.981074: Current learning rate: 0.00761
2026-06-13 20:36:16.615149: train_loss -0.5746
2026-06-13 20:36:16.619929: val_loss -0.5014
2026-06-13 20:36:16.625442: Pseudo dice [0.4951]
2026-06-13 20:36:16.628815: Epoch time: 22.64 s
2026-06-13 20:36:17.548802: 
2026-06-13 20:36:17.550639: Epoch 263
2026-06-13 20:36:17.552306: Current learning rate: 0.0076
2026-06-13 20:36:40.077611: train_loss -0.5184
2026-06-13 20:36:40.080252: val_loss -0.4531
2026-06-13 20:36:40.081835: Pseudo dice [0.4542]
2026-06-13 20:36:40.083385: Epoch time: 22.53 s
2026-06-13 20:36:40.998482: 
2026-06-13 20:36:41.003665: Epoch 264
2026-06-13 20:36:41.009617: Current learning rate: 0.00759
2026-06-13 20:37:03.555441: train_loss -0.582
2026-06-13 20:37:03.560268: val_loss -0.5112
2026-06-13 20:37:03.563287: Pseudo dice [0.5186]
2026-06-13 20:37:03.566509: Epoch time: 22.56 s
2026-06-13 20:37:04.467950: 
2026-06-13 20:37:04.469580: Epoch 265
2026-06-13 20:37:04.471107: Current learning rate: 0.00758
2026-06-13 20:37:27.087142: train_loss -0.5674
2026-06-13 20:37:27.090494: val_loss -0.3626
2026-06-13 20:37:27.092309: Pseudo dice [0.4136]
2026-06-13 20:37:27.094548: Epoch time: 22.62 s
2026-06-13 20:37:27.996165: 
2026-06-13 20:37:27.997846: Epoch 266
2026-06-13 20:37:27.999547: Current learning rate: 0.00757
2026-06-13 20:37:50.382899: train_loss -0.6003
2026-06-13 20:37:50.385570: val_loss -0.5497
2026-06-13 20:37:50.387095: Pseudo dice [0.5352]
2026-06-13 20:37:50.388664: Epoch time: 22.39 s
2026-06-13 20:37:51.294407: 
2026-06-13 20:37:51.296031: Epoch 267
2026-06-13 20:37:51.297921: Current learning rate: 0.00756
2026-06-13 20:38:13.846502: train_loss -0.5774
2026-06-13 20:38:13.849746: val_loss -0.4645
2026-06-13 20:38:13.851305: Pseudo dice [0.4845]
2026-06-13 20:38:13.853040: Epoch time: 22.55 s
2026-06-13 20:38:14.760170: 
2026-06-13 20:38:14.761846: Epoch 268
2026-06-13 20:38:14.763407: Current learning rate: 0.00755
2026-06-13 20:38:37.260656: train_loss -0.5561
2026-06-13 20:38:37.263643: val_loss -0.432
2026-06-13 20:38:37.265194: Pseudo dice [0.444]
2026-06-13 20:38:37.266762: Epoch time: 22.5 s
2026-06-13 20:38:38.172015: 
2026-06-13 20:38:38.173678: Epoch 269
2026-06-13 20:38:38.175416: Current learning rate: 0.00754
2026-06-13 20:39:00.621970: train_loss -0.6083
2026-06-13 20:39:00.628167: val_loss -0.4574
2026-06-13 20:39:00.632787: Pseudo dice [0.4664]
2026-06-13 20:39:00.636414: Epoch time: 22.45 s
2026-06-13 20:39:02.109908: 
2026-06-13 20:39:02.111862: Epoch 270
2026-06-13 20:39:02.113526: Current learning rate: 0.00753
2026-06-13 20:39:24.496025: train_loss -0.5866
2026-06-13 20:39:24.499524: val_loss -0.4798
2026-06-13 20:39:24.501098: Pseudo dice [0.4805]
2026-06-13 20:39:24.502757: Epoch time: 22.39 s
2026-06-13 20:39:25.411150: 
2026-06-13 20:39:25.413735: Epoch 271
2026-06-13 20:39:25.416494: Current learning rate: 0.00752
2026-06-13 20:39:47.892825: train_loss -0.608
2026-06-13 20:39:47.897340: val_loss -0.46
2026-06-13 20:39:47.900425: Pseudo dice [0.4562]
2026-06-13 20:39:47.902723: Epoch time: 22.48 s
2026-06-13 20:39:48.811703: 
2026-06-13 20:39:48.813461: Epoch 272
2026-06-13 20:39:48.815238: Current learning rate: 0.00751
2026-06-13 20:40:11.260682: train_loss -0.6142
2026-06-13 20:40:11.278203: val_loss -0.541
2026-06-13 20:40:11.280530: Pseudo dice [0.525]
2026-06-13 20:40:11.282413: Epoch time: 22.45 s
2026-06-13 20:40:12.181175: 
2026-06-13 20:40:12.183399: Epoch 273
2026-06-13 20:40:12.184943: Current learning rate: 0.00751
2026-06-13 20:40:34.667118: train_loss -0.6379
2026-06-13 20:40:34.670581: val_loss -0.486
2026-06-13 20:40:34.672275: Pseudo dice [0.4785]
2026-06-13 20:40:34.673933: Epoch time: 22.49 s
2026-06-13 20:40:35.596255: 
2026-06-13 20:40:35.598035: Epoch 274
2026-06-13 20:40:35.599677: Current learning rate: 0.0075
2026-06-13 20:40:58.108855: train_loss -0.5967
2026-06-13 20:40:58.117027: val_loss -0.5067
2026-06-13 20:40:58.119940: Pseudo dice [0.4987]
2026-06-13 20:40:58.122930: Epoch time: 22.51 s
2026-06-13 20:40:59.036897: 
2026-06-13 20:40:59.038675: Epoch 275
2026-06-13 20:40:59.040268: Current learning rate: 0.00749
2026-06-13 20:41:21.577156: train_loss -0.6118
2026-06-13 20:41:21.580727: val_loss -0.4875
2026-06-13 20:41:21.582535: Pseudo dice [0.4866]
2026-06-13 20:41:21.584126: Epoch time: 22.54 s
2026-06-13 20:41:22.493997: 
2026-06-13 20:41:22.496342: Epoch 276
2026-06-13 20:41:22.498781: Current learning rate: 0.00748
2026-06-13 20:41:44.968741: train_loss -0.5973
2026-06-13 20:41:44.971954: val_loss -0.5488
2026-06-13 20:41:44.973726: Pseudo dice [0.5256]
2026-06-13 20:41:44.975321: Epoch time: 22.48 s
2026-06-13 20:41:45.890157: 
2026-06-13 20:41:45.892173: Epoch 277
2026-06-13 20:41:45.894177: Current learning rate: 0.00747
2026-06-13 20:42:08.286700: train_loss -0.5971
2026-06-13 20:42:08.289513: val_loss -0.5239
2026-06-13 20:42:08.291172: Pseudo dice [0.5242]
2026-06-13 20:42:08.292624: Epoch time: 22.4 s
2026-06-13 20:42:09.205202: 
2026-06-13 20:42:09.207287: Epoch 278
2026-06-13 20:42:09.208860: Current learning rate: 0.00746
2026-06-13 20:42:31.702109: train_loss -0.5706
2026-06-13 20:42:31.705842: val_loss -0.466
2026-06-13 20:42:31.708193: Pseudo dice [0.4725]
2026-06-13 20:42:31.710582: Epoch time: 22.5 s
2026-06-13 20:42:32.628525: 
2026-06-13 20:42:32.630555: Epoch 279
2026-06-13 20:42:32.632408: Current learning rate: 0.00745
2026-06-13 20:42:55.079681: train_loss -0.5897
2026-06-13 20:42:55.087268: val_loss -0.4536
2026-06-13 20:42:55.088788: Pseudo dice [0.4178]
2026-06-13 20:42:55.090352: Epoch time: 22.45 s
2026-06-13 20:42:56.004280: 
2026-06-13 20:42:56.006873: Epoch 280
2026-06-13 20:42:56.009450: Current learning rate: 0.00744
2026-06-13 20:43:18.583811: train_loss -0.5971
2026-06-13 20:43:18.587146: val_loss -0.5229
2026-06-13 20:43:18.588744: Pseudo dice [0.5229]
2026-06-13 20:43:18.590230: Epoch time: 22.58 s
2026-06-13 20:43:19.499236: 
2026-06-13 20:43:19.500808: Epoch 281
2026-06-13 20:43:19.502485: Current learning rate: 0.00743
2026-06-13 20:43:41.992086: train_loss -0.6159
2026-06-13 20:43:41.995307: val_loss -0.4161
2026-06-13 20:43:41.996999: Pseudo dice [0.4349]
2026-06-13 20:43:41.998736: Epoch time: 22.49 s
2026-06-13 20:43:42.904653: 
2026-06-13 20:43:42.906450: Epoch 282
2026-06-13 20:43:42.907902: Current learning rate: 0.00742
2026-06-13 20:44:05.258159: train_loss -0.6281
2026-06-13 20:44:05.267172: val_loss -0.5068
2026-06-13 20:44:05.269570: Pseudo dice [0.4918]
2026-06-13 20:44:05.272429: Epoch time: 22.35 s
2026-06-13 20:44:06.176078: 
2026-06-13 20:44:06.177637: Epoch 283
2026-06-13 20:44:06.179143: Current learning rate: 0.00741
2026-06-13 20:44:28.666975: train_loss -0.5892
2026-06-13 20:44:28.672796: val_loss -0.5609
2026-06-13 20:44:28.674363: Pseudo dice [0.5396]
2026-06-13 20:44:28.675946: Epoch time: 22.49 s
2026-06-13 20:44:29.587277: 
2026-06-13 20:44:29.589733: Epoch 284
2026-06-13 20:44:29.591531: Current learning rate: 0.0074
2026-06-13 20:44:52.055149: train_loss -0.6298
2026-06-13 20:44:52.058766: val_loss -0.493
2026-06-13 20:44:52.060730: Pseudo dice [0.5104]
2026-06-13 20:44:52.062317: Epoch time: 22.47 s
2026-06-13 20:44:52.974266: 
2026-06-13 20:44:52.975935: Epoch 285
2026-06-13 20:44:52.977433: Current learning rate: 0.00739
2026-06-13 20:45:15.281060: train_loss -0.6292
2026-06-13 20:45:15.284318: val_loss -0.4647
2026-06-13 20:45:15.285880: Pseudo dice [0.5029]
2026-06-13 20:45:15.287398: Epoch time: 22.31 s
2026-06-13 20:45:16.192973: 
2026-06-13 20:45:16.194575: Epoch 286
2026-06-13 20:45:16.196141: Current learning rate: 0.00738
2026-06-13 20:45:38.621108: train_loss -0.5727
2026-06-13 20:45:38.624532: val_loss -0.4781
2026-06-13 20:45:38.626323: Pseudo dice [0.4881]
2026-06-13 20:45:38.628028: Epoch time: 22.43 s
2026-06-13 20:45:39.544382: 
2026-06-13 20:45:39.546082: Epoch 287
2026-06-13 20:45:39.547710: Current learning rate: 0.00738
2026-06-13 20:46:02.013882: train_loss -0.5812
2026-06-13 20:46:02.017622: val_loss -0.5399
2026-06-13 20:46:02.019598: Pseudo dice [0.5296]
2026-06-13 20:46:02.021513: Epoch time: 22.47 s
2026-06-13 20:46:02.023578: Yayy! New best EMA pseudo Dice: 0.4944
2026-06-13 20:46:03.990797: 
2026-06-13 20:46:03.992720: Epoch 288
2026-06-13 20:46:03.994479: Current learning rate: 0.00737
2026-06-13 20:46:26.406569: train_loss -0.5822
2026-06-13 20:46:26.410197: val_loss -0.4496
2026-06-13 20:46:26.411904: Pseudo dice [0.4725]
2026-06-13 20:46:26.413676: Epoch time: 22.42 s
2026-06-13 20:46:27.332704: 
2026-06-13 20:46:27.336359: Epoch 289
2026-06-13 20:46:27.339397: Current learning rate: 0.00736
2026-06-13 20:46:49.836686: train_loss -0.6165
2026-06-13 20:46:49.839391: val_loss -0.4561
2026-06-13 20:46:49.840908: Pseudo dice [0.4772]
2026-06-13 20:46:49.842452: Epoch time: 22.5 s
2026-06-13 20:46:50.749071: 
2026-06-13 20:46:50.750968: Epoch 290
2026-06-13 20:46:50.755679: Current learning rate: 0.00735
2026-06-13 20:47:13.171966: train_loss -0.6127
2026-06-13 20:47:13.181143: val_loss -0.4508
2026-06-13 20:47:13.183819: Pseudo dice [0.4461]
2026-06-13 20:47:13.187087: Epoch time: 22.42 s
2026-06-13 20:47:14.105474: 
2026-06-13 20:47:14.107353: Epoch 291
2026-06-13 20:47:14.108951: Current learning rate: 0.00734
2026-06-13 20:47:36.543568: train_loss -0.6022
2026-06-13 20:47:36.562606: val_loss -0.4359
2026-06-13 20:47:36.568428: Pseudo dice [0.3847]
2026-06-13 20:47:36.571538: Epoch time: 22.44 s
2026-06-13 20:47:37.489073: 
2026-06-13 20:47:37.490732: Epoch 292
2026-06-13 20:47:37.492248: Current learning rate: 0.00733
2026-06-13 20:47:59.887751: train_loss -0.5821
2026-06-13 20:47:59.891297: val_loss -0.498
2026-06-13 20:47:59.892834: Pseudo dice [0.5019]
2026-06-13 20:47:59.894389: Epoch time: 22.4 s
2026-06-13 20:48:00.806733: 
2026-06-13 20:48:00.808424: Epoch 293
2026-06-13 20:48:00.809815: Current learning rate: 0.00732
2026-06-13 20:48:23.296743: train_loss -0.5929
2026-06-13 20:48:23.299550: val_loss -0.4431
2026-06-13 20:48:23.301271: Pseudo dice [0.4608]
2026-06-13 20:48:23.303008: Epoch time: 22.49 s
2026-06-13 20:48:24.217830: 
2026-06-13 20:48:24.223369: Epoch 294
2026-06-13 20:48:24.226991: Current learning rate: 0.00731
2026-06-13 20:48:46.673542: train_loss -0.6242
2026-06-13 20:48:46.676974: val_loss -0.5076
2026-06-13 20:48:46.678459: Pseudo dice [0.5145]
2026-06-13 20:48:46.679969: Epoch time: 22.46 s
2026-06-13 20:48:47.596131: 
2026-06-13 20:48:47.598166: Epoch 295
2026-06-13 20:48:47.599635: Current learning rate: 0.0073
2026-06-13 20:49:10.085388: train_loss -0.561
2026-06-13 20:49:10.088286: val_loss -0.4868
2026-06-13 20:49:10.089903: Pseudo dice [0.263]
2026-06-13 20:49:10.091590: Epoch time: 22.49 s
2026-06-13 20:49:11.005553: 
2026-06-13 20:49:11.008991: Epoch 296
2026-06-13 20:49:11.010829: Current learning rate: 0.00729
2026-06-13 20:49:33.523182: train_loss -0.6198
2026-06-13 20:49:33.528073: val_loss -0.5314
2026-06-13 20:49:33.530771: Pseudo dice [0.523]
2026-06-13 20:49:33.533833: Epoch time: 22.52 s
2026-06-13 20:49:34.442619: 
2026-06-13 20:49:34.444381: Epoch 297
2026-06-13 20:49:34.446052: Current learning rate: 0.00728
2026-06-13 20:49:56.938731: train_loss -0.625
2026-06-13 20:49:56.945078: val_loss -0.4955
2026-06-13 20:49:56.948259: Pseudo dice [0.5102]
2026-06-13 20:49:56.950083: Epoch time: 22.5 s
2026-06-13 20:49:57.863952: 
2026-06-13 20:49:57.865700: Epoch 298
2026-06-13 20:49:57.867792: Current learning rate: 0.00727
2026-06-13 20:50:20.246531: train_loss -0.5878
2026-06-13 20:50:20.249748: val_loss -0.5347
2026-06-13 20:50:20.251307: Pseudo dice [0.5233]
2026-06-13 20:50:20.252752: Epoch time: 22.38 s
2026-06-13 20:50:21.168251: 
2026-06-13 20:50:21.171302: Epoch 299
2026-06-13 20:50:21.174079: Current learning rate: 0.00726
2026-06-13 20:50:43.774853: train_loss -0.5976
2026-06-13 20:50:43.781636: val_loss -0.5055
2026-06-13 20:50:43.783808: Pseudo dice [0.5247]
2026-06-13 20:50:43.785922: Epoch time: 22.61 s
2026-06-13 20:50:45.181438: 
2026-06-13 20:50:45.186868: Epoch 300
2026-06-13 20:50:45.190020: Current learning rate: 0.00725
2026-06-13 20:51:07.667658: train_loss -0.5842
2026-06-13 20:51:07.671112: val_loss -0.4135
2026-06-13 20:51:07.672993: Pseudo dice [0.4319]
2026-06-13 20:51:07.674635: Epoch time: 22.49 s
2026-06-13 20:51:08.592628: 
2026-06-13 20:51:08.595047: Epoch 301
2026-06-13 20:51:08.598407: Current learning rate: 0.00724
2026-06-13 20:51:31.153572: train_loss -0.5937
2026-06-13 20:51:31.159434: val_loss -0.5105
2026-06-13 20:51:31.162163: Pseudo dice [0.5203]
2026-06-13 20:51:31.164956: Epoch time: 22.56 s
2026-06-13 20:51:32.085056: 
2026-06-13 20:51:32.088278: Epoch 302
2026-06-13 20:51:32.091006: Current learning rate: 0.00724
2026-06-13 20:51:54.638768: train_loss -0.6382
2026-06-13 20:51:54.642337: val_loss -0.4673
2026-06-13 20:51:54.644208: Pseudo dice [0.4731]
2026-06-13 20:51:54.645957: Epoch time: 22.55 s
2026-06-13 20:51:55.560076: 
2026-06-13 20:51:55.561796: Epoch 303
2026-06-13 20:51:55.565761: Current learning rate: 0.00723
2026-06-13 20:52:18.077385: train_loss -0.5655
2026-06-13 20:52:18.085443: val_loss -0.4893
2026-06-13 20:52:18.087299: Pseudo dice [0.4864]
2026-06-13 20:52:18.088993: Epoch time: 22.52 s
2026-06-13 20:52:18.999962: 
2026-06-13 20:52:19.003020: Epoch 304
2026-06-13 20:52:19.004739: Current learning rate: 0.00722
2026-06-13 20:52:41.503286: train_loss -0.6157
2026-06-13 20:52:41.506523: val_loss -0.5606
2026-06-13 20:52:41.508027: Pseudo dice [0.5484]
2026-06-13 20:52:41.509617: Epoch time: 22.5 s
2026-06-13 20:52:42.964820: 
2026-06-13 20:52:42.966821: Epoch 305
2026-06-13 20:52:42.968964: Current learning rate: 0.00721
2026-06-13 20:53:05.510822: train_loss -0.6054
2026-06-13 20:53:05.520422: val_loss -0.4811
2026-06-13 20:53:05.527120: Pseudo dice [0.4837]
2026-06-13 20:53:05.532635: Epoch time: 22.55 s
2026-06-13 20:53:06.596499: 
2026-06-13 20:53:06.598450: Epoch 306
2026-06-13 20:53:06.600148: Current learning rate: 0.0072
2026-06-13 20:53:29.108001: train_loss -0.5407
2026-06-13 20:53:29.111305: val_loss -0.4507
2026-06-13 20:53:29.112759: Pseudo dice [0.4554]
2026-06-13 20:53:29.114347: Epoch time: 22.51 s
2026-06-13 20:53:30.027885: 
2026-06-13 20:53:30.030596: Epoch 307
2026-06-13 20:53:30.033478: Current learning rate: 0.00719
2026-06-13 20:53:52.564447: train_loss -0.5913
2026-06-13 20:53:52.567240: val_loss -0.401
2026-06-13 20:53:52.568880: Pseudo dice [0.3979]
2026-06-13 20:53:52.570664: Epoch time: 22.54 s
2026-06-13 20:53:53.497295: 
2026-06-13 20:53:53.498939: Epoch 308
2026-06-13 20:53:53.500435: Current learning rate: 0.00718
2026-06-13 20:54:16.006596: train_loss -0.5831
2026-06-13 20:54:16.009189: val_loss -0.49
2026-06-13 20:54:16.010936: Pseudo dice [0.4612]
2026-06-13 20:54:16.013957: Epoch time: 22.51 s
2026-06-13 20:54:16.930727: 
2026-06-13 20:54:16.932472: Epoch 309
2026-06-13 20:54:16.934211: Current learning rate: 0.00717
2026-06-13 20:54:39.429578: train_loss -0.6165
2026-06-13 20:54:39.432988: val_loss -0.425
2026-06-13 20:54:39.434584: Pseudo dice [0.4334]
2026-06-13 20:54:39.436363: Epoch time: 22.5 s
2026-06-13 20:54:40.357438: 
2026-06-13 20:54:40.359138: Epoch 310
2026-06-13 20:54:40.360551: Current learning rate: 0.00716
2026-06-13 20:55:02.813722: train_loss -0.5877
2026-06-13 20:55:02.817065: val_loss -0.5018
2026-06-13 20:55:02.818823: Pseudo dice [0.5009]
2026-06-13 20:55:02.820312: Epoch time: 22.46 s
2026-06-13 20:55:03.730024: 
2026-06-13 20:55:03.732812: Epoch 311
2026-06-13 20:55:03.736503: Current learning rate: 0.00715
2026-06-13 20:55:26.353455: train_loss -0.604
2026-06-13 20:55:26.356450: val_loss -0.5056
2026-06-13 20:55:26.358029: Pseudo dice [0.5242]
2026-06-13 20:55:26.359562: Epoch time: 22.62 s
2026-06-13 20:55:27.268721: 
2026-06-13 20:55:27.276701: Epoch 312
2026-06-13 20:55:27.278357: Current learning rate: 0.00714
2026-06-13 20:55:49.748729: train_loss -0.6293
2026-06-13 20:55:49.753068: val_loss -0.4506
2026-06-13 20:55:49.755027: Pseudo dice [0.4743]
2026-06-13 20:55:49.757326: Epoch time: 22.48 s
2026-06-13 20:55:50.679862: 
2026-06-13 20:55:50.682049: Epoch 313
2026-06-13 20:55:50.683913: Current learning rate: 0.00713
2026-06-13 20:56:13.228786: train_loss -0.6224
2026-06-13 20:56:13.236966: val_loss -0.47
2026-06-13 20:56:13.238698: Pseudo dice [0.4844]
2026-06-13 20:56:13.240431: Epoch time: 22.55 s
2026-06-13 20:56:14.153581: 
2026-06-13 20:56:14.155304: Epoch 314
2026-06-13 20:56:14.156986: Current learning rate: 0.00712
2026-06-13 20:56:36.678696: train_loss -0.5562
2026-06-13 20:56:36.681539: val_loss -0.4615
2026-06-13 20:56:36.683236: Pseudo dice [0.4088]
2026-06-13 20:56:36.684927: Epoch time: 22.53 s
2026-06-13 20:56:37.605465: 
2026-06-13 20:56:37.607878: Epoch 315
2026-06-13 20:56:37.609951: Current learning rate: 0.00711
2026-06-13 20:57:00.102500: train_loss -0.5706
2026-06-13 20:57:00.107065: val_loss -0.4902
2026-06-13 20:57:00.109135: Pseudo dice [0.5074]
2026-06-13 20:57:00.110917: Epoch time: 22.5 s
2026-06-13 20:57:01.029126: 
2026-06-13 20:57:01.032223: Epoch 316
2026-06-13 20:57:01.033950: Current learning rate: 0.0071
2026-06-13 20:57:23.526853: train_loss -0.6339
2026-06-13 20:57:23.530472: val_loss -0.4996
2026-06-13 20:57:23.532302: Pseudo dice [0.482]
2026-06-13 20:57:23.535583: Epoch time: 22.5 s
2026-06-13 20:57:24.454709: 
2026-06-13 20:57:24.458588: Epoch 317
2026-06-13 20:57:24.459994: Current learning rate: 0.0071
2026-06-13 20:57:46.861676: train_loss -0.5813
2026-06-13 20:57:46.864488: val_loss -0.5125
2026-06-13 20:57:46.866062: Pseudo dice [0.5068]
2026-06-13 20:57:46.867566: Epoch time: 22.41 s
2026-06-13 20:57:47.787461: 
2026-06-13 20:57:47.789050: Epoch 318
2026-06-13 20:57:47.790664: Current learning rate: 0.00709
2026-06-13 20:58:10.195675: train_loss -0.5849
2026-06-13 20:58:10.199060: val_loss -0.5509
2026-06-13 20:58:10.200595: Pseudo dice [0.5409]
2026-06-13 20:58:10.202079: Epoch time: 22.41 s
2026-06-13 20:58:11.114403: 
2026-06-13 20:58:11.116019: Epoch 319
2026-06-13 20:58:11.117547: Current learning rate: 0.00708
2026-06-13 20:58:33.633119: train_loss -0.6029
2026-06-13 20:58:33.636366: val_loss -0.5001
2026-06-13 20:58:33.638116: Pseudo dice [0.5137]
2026-06-13 20:58:33.639694: Epoch time: 22.52 s
2026-06-13 20:58:34.559956: 
2026-06-13 20:58:34.561558: Epoch 320
2026-06-13 20:58:34.563648: Current learning rate: 0.00707
2026-06-13 20:58:56.958262: train_loss -0.6446
2026-06-13 20:58:56.961475: val_loss -0.4845
2026-06-13 20:58:56.963017: Pseudo dice [0.5163]
2026-06-13 20:58:56.964635: Epoch time: 22.4 s
2026-06-13 20:58:57.885251: 
2026-06-13 20:58:57.887167: Epoch 321
2026-06-13 20:58:57.889000: Current learning rate: 0.00706
2026-06-13 20:59:20.426481: train_loss -0.6227
2026-06-13 20:59:20.443945: val_loss -0.4971
2026-06-13 20:59:20.445568: Pseudo dice [0.4731]
2026-06-13 20:59:20.447052: Epoch time: 22.54 s
2026-06-13 20:59:21.929312: 
2026-06-13 20:59:21.936608: Epoch 322
2026-06-13 20:59:21.938105: Current learning rate: 0.00705
2026-06-13 20:59:44.496198: train_loss -0.6407
2026-06-13 20:59:44.500508: val_loss -0.4835
2026-06-13 20:59:44.502263: Pseudo dice [0.4387]
2026-06-13 20:59:44.503988: Epoch time: 22.57 s
2026-06-13 20:59:45.425148: 
2026-06-13 20:59:45.426875: Epoch 323
2026-06-13 20:59:45.428349: Current learning rate: 0.00704
2026-06-13 21:00:07.901730: train_loss -0.5838
2026-06-13 21:00:07.904523: val_loss -0.4972
2026-06-13 21:00:07.906116: Pseudo dice [0.4976]
2026-06-13 21:00:07.907676: Epoch time: 22.48 s
2026-06-13 21:00:08.827698: 
2026-06-13 21:00:08.829625: Epoch 324
2026-06-13 21:00:08.831249: Current learning rate: 0.00703
2026-06-13 21:00:31.362244: train_loss -0.6268
2026-06-13 21:00:31.366098: val_loss -0.4935
2026-06-13 21:00:31.367584: Pseudo dice [0.487]
2026-06-13 21:00:31.369294: Epoch time: 22.54 s
2026-06-13 21:00:32.292475: 
2026-06-13 21:00:32.294079: Epoch 325
2026-06-13 21:00:32.295560: Current learning rate: 0.00702
2026-06-13 21:00:54.861837: train_loss -0.6384
2026-06-13 21:00:54.880588: val_loss -0.4837
2026-06-13 21:00:54.888987: Pseudo dice [0.4796]
2026-06-13 21:00:54.891747: Epoch time: 22.57 s
2026-06-13 21:00:55.812700: 
2026-06-13 21:00:55.815317: Epoch 326
2026-06-13 21:00:55.817610: Current learning rate: 0.00701
2026-06-13 21:01:18.439449: train_loss -0.5488
2026-06-13 21:01:18.442491: val_loss -0.4936
2026-06-13 21:01:18.444171: Pseudo dice [0.4894]
2026-06-13 21:01:18.445996: Epoch time: 22.63 s
2026-06-13 21:01:19.375370: 
2026-06-13 21:01:19.377298: Epoch 327
2026-06-13 21:01:19.378984: Current learning rate: 0.007
2026-06-13 21:01:41.882248: train_loss -0.4963
2026-06-13 21:01:41.885687: val_loss -0.4277
2026-06-13 21:01:41.887162: Pseudo dice [0.3916]
2026-06-13 21:01:41.888666: Epoch time: 22.51 s
2026-06-13 21:01:42.815729: 
2026-06-13 21:01:42.817432: Epoch 328
2026-06-13 21:01:42.818970: Current learning rate: 0.00699
2026-06-13 21:02:05.279810: train_loss -0.4885
2026-06-13 21:02:05.283063: val_loss -0.4633
2026-06-13 21:02:05.284862: Pseudo dice [0.4823]
2026-06-13 21:02:05.286416: Epoch time: 22.46 s
2026-06-13 21:02:06.209515: 
2026-06-13 21:02:06.211243: Epoch 329
2026-06-13 21:02:06.212867: Current learning rate: 0.00698
2026-06-13 21:02:28.786478: train_loss -0.5636
2026-06-13 21:02:28.789372: val_loss -0.5505
2026-06-13 21:02:28.792593: Pseudo dice [0.5404]
2026-06-13 21:02:28.795233: Epoch time: 22.58 s
2026-06-13 21:02:29.707850: 
2026-06-13 21:02:29.709394: Epoch 330
2026-06-13 21:02:29.711794: Current learning rate: 0.00697
2026-06-13 21:02:52.035775: train_loss -0.5815
2026-06-13 21:02:52.038806: val_loss -0.5272
2026-06-13 21:02:52.040406: Pseudo dice [0.5244]
2026-06-13 21:02:52.041900: Epoch time: 22.33 s
2026-06-13 21:02:52.958295: 
2026-06-13 21:02:52.959816: Epoch 331
2026-06-13 21:02:52.961248: Current learning rate: 0.00696
2026-06-13 21:03:15.503943: train_loss -0.6108
2026-06-13 21:03:15.507215: val_loss -0.4586
2026-06-13 21:03:15.508908: Pseudo dice [0.4476]
2026-06-13 21:03:15.510377: Epoch time: 22.55 s
2026-06-13 21:03:16.427694: 
2026-06-13 21:03:16.429543: Epoch 332
2026-06-13 21:03:16.431025: Current learning rate: 0.00696
2026-06-13 21:03:38.965753: train_loss -0.6137
2026-06-13 21:03:38.969623: val_loss -0.5178
2026-06-13 21:03:38.971757: Pseudo dice [0.5349]
2026-06-13 21:03:38.973939: Epoch time: 22.54 s
2026-06-13 21:03:39.895270: 
2026-06-13 21:03:39.897224: Epoch 333
2026-06-13 21:03:39.898899: Current learning rate: 0.00695
2026-06-13 21:04:02.328710: train_loss -0.5968
2026-06-13 21:04:02.332415: val_loss -0.5184
2026-06-13 21:04:02.334464: Pseudo dice [0.5046]
2026-06-13 21:04:02.336208: Epoch time: 22.43 s
2026-06-13 21:04:03.256511: 
2026-06-13 21:04:03.258168: Epoch 334
2026-06-13 21:04:03.259641: Current learning rate: 0.00694
2026-06-13 21:04:25.678627: train_loss -0.5813
2026-06-13 21:04:25.681796: val_loss -0.4852
2026-06-13 21:04:25.683322: Pseudo dice [0.4951]
2026-06-13 21:04:25.684834: Epoch time: 22.42 s
2026-06-13 21:04:26.623961: 
2026-06-13 21:04:26.626376: Epoch 335
2026-06-13 21:04:26.628226: Current learning rate: 0.00693
2026-06-13 21:04:49.067431: train_loss -0.5747
2026-06-13 21:04:49.070235: val_loss -0.4916
2026-06-13 21:04:49.071712: Pseudo dice [0.4957]
2026-06-13 21:04:49.073150: Epoch time: 22.44 s
2026-06-13 21:04:50.013963: 
2026-06-13 21:04:50.016268: Epoch 336
2026-06-13 21:04:50.019183: Current learning rate: 0.00692
2026-06-13 21:05:12.445409: train_loss -0.5955
2026-06-13 21:05:12.451317: val_loss -0.508
2026-06-13 21:05:12.454777: Pseudo dice [0.5017]
2026-06-13 21:05:12.458695: Epoch time: 22.43 s
2026-06-13 21:05:13.392385: 
2026-06-13 21:05:13.396615: Epoch 337
2026-06-13 21:05:13.400157: Current learning rate: 0.00691
2026-06-13 21:05:35.807427: train_loss -0.6134
2026-06-13 21:05:35.810933: val_loss -0.4907
2026-06-13 21:05:35.812799: Pseudo dice [0.5379]
2026-06-13 21:05:35.814695: Epoch time: 22.42 s
2026-06-13 21:05:35.816370: Yayy! New best EMA pseudo Dice: 0.4966
2026-06-13 21:05:37.247136: 
2026-06-13 21:05:37.251477: Epoch 338
2026-06-13 21:05:37.256171: Current learning rate: 0.0069
2026-06-13 21:05:59.772861: train_loss -0.6079
2026-06-13 21:05:59.777385: val_loss -0.4877
2026-06-13 21:05:59.779539: Pseudo dice [0.486]
2026-06-13 21:05:59.782343: Epoch time: 22.53 s
2026-06-13 21:06:01.265609: 
2026-06-13 21:06:01.267234: Epoch 339
2026-06-13 21:06:01.268768: Current learning rate: 0.00689
2026-06-13 21:06:23.714103: train_loss -0.5755
2026-06-13 21:06:23.718102: val_loss -0.4428
2026-06-13 21:06:23.719802: Pseudo dice [0.4498]
2026-06-13 21:06:23.721329: Epoch time: 22.45 s
2026-06-13 21:06:24.651016: 
2026-06-13 21:06:24.653120: Epoch 340
2026-06-13 21:06:24.655134: Current learning rate: 0.00688
2026-06-13 21:06:47.015489: train_loss -0.525
2026-06-13 21:06:47.018618: val_loss -0.5238
2026-06-13 21:06:47.020097: Pseudo dice [0.5376]
2026-06-13 21:06:47.021701: Epoch time: 22.37 s
2026-06-13 21:06:47.945055: 
2026-06-13 21:06:47.946734: Epoch 341
2026-06-13 21:06:47.948301: Current learning rate: 0.00687
2026-06-13 21:07:10.497236: train_loss -0.6064
2026-06-13 21:07:10.499960: val_loss -0.5393
2026-06-13 21:07:10.501549: Pseudo dice [0.5033]
2026-06-13 21:07:10.504461: Epoch time: 22.55 s
2026-06-13 21:07:11.435220: 
2026-06-13 21:07:11.436872: Epoch 342
2026-06-13 21:07:11.438406: Current learning rate: 0.00686
2026-06-13 21:07:33.906498: train_loss -0.5728
2026-06-13 21:07:33.910780: val_loss -0.5097
2026-06-13 21:07:33.912198: Pseudo dice [0.5049]
2026-06-13 21:07:33.913843: Epoch time: 22.47 s
2026-06-13 21:07:33.915324: Yayy! New best EMA pseudo Dice: 0.4973
2026-06-13 21:07:35.319225: 
2026-06-13 21:07:35.321357: Epoch 343
2026-06-13 21:07:35.323524: Current learning rate: 0.00685
2026-06-13 21:07:57.832850: train_loss -0.6051
2026-06-13 21:07:57.836205: val_loss -0.4275
2026-06-13 21:07:57.837778: Pseudo dice [0.4314]
2026-06-13 21:07:57.839362: Epoch time: 22.51 s
2026-06-13 21:07:58.767049: 
2026-06-13 21:07:58.768686: Epoch 344
2026-06-13 21:07:58.770270: Current learning rate: 0.00684
2026-06-13 21:08:21.261019: train_loss -0.6281
2026-06-13 21:08:21.264616: val_loss -0.4356
2026-06-13 21:08:21.266387: Pseudo dice [0.4554]
2026-06-13 21:08:21.268006: Epoch time: 22.49 s
2026-06-13 21:08:22.194762: 
2026-06-13 21:08:22.199635: Epoch 345
2026-06-13 21:08:22.202780: Current learning rate: 0.00683
2026-06-13 21:08:44.880053: train_loss -0.5511
2026-06-13 21:08:44.883424: val_loss -0.5321
2026-06-13 21:08:44.884843: Pseudo dice [0.4682]
2026-06-13 21:08:44.886359: Epoch time: 22.69 s
2026-06-13 21:08:45.819066: 
2026-06-13 21:08:45.820826: Epoch 346
2026-06-13 21:08:45.822325: Current learning rate: 0.00682
2026-06-13 21:09:08.296410: train_loss -0.5965
2026-06-13 21:09:08.299632: val_loss -0.5052
2026-06-13 21:09:08.301548: Pseudo dice [0.486]
2026-06-13 21:09:08.303339: Epoch time: 22.48 s
2026-06-13 21:09:09.249489: 
2026-06-13 21:09:09.252047: Epoch 347
2026-06-13 21:09:09.253783: Current learning rate: 0.00681
2026-06-13 21:09:31.777524: train_loss -0.5641
2026-06-13 21:09:31.781136: val_loss -0.4581
2026-06-13 21:09:31.782971: Pseudo dice [0.4648]
2026-06-13 21:09:31.784746: Epoch time: 22.53 s
2026-06-13 21:09:32.713572: 
2026-06-13 21:09:32.720186: Epoch 348
2026-06-13 21:09:32.721942: Current learning rate: 0.0068
2026-06-13 21:09:55.187191: train_loss -0.5785
2026-06-13 21:09:55.190704: val_loss -0.4737
2026-06-13 21:09:55.192294: Pseudo dice [0.4734]
2026-06-13 21:09:55.193966: Epoch time: 22.47 s
2026-06-13 21:09:56.125446: 
2026-06-13 21:09:56.127330: Epoch 349
2026-06-13 21:09:56.128971: Current learning rate: 0.0068
2026-06-13 21:10:18.662408: train_loss -0.6092
2026-06-13 21:10:18.666891: val_loss -0.5096
2026-06-13 21:10:18.668781: Pseudo dice [0.4611]
2026-06-13 21:10:18.670731: Epoch time: 22.54 s
2026-06-13 21:10:20.080552: 
2026-06-13 21:10:20.082329: Epoch 350
2026-06-13 21:10:20.085054: Current learning rate: 0.00679
2026-06-13 21:10:42.574678: train_loss -0.6371
2026-06-13 21:10:42.578139: val_loss -0.49
2026-06-13 21:10:42.579793: Pseudo dice [0.5184]
2026-06-13 21:10:42.581409: Epoch time: 22.5 s
2026-06-13 21:10:43.519407: 
2026-06-13 21:10:43.524881: Epoch 351
2026-06-13 21:10:43.528761: Current learning rate: 0.00678
2026-06-13 21:11:05.820748: train_loss -0.6263
2026-06-13 21:11:05.825447: val_loss -0.4691
2026-06-13 21:11:05.830368: Pseudo dice [0.4567]
2026-06-13 21:11:05.834623: Epoch time: 22.3 s
2026-06-13 21:11:06.756753: 
2026-06-13 21:11:06.758615: Epoch 352
2026-06-13 21:11:06.760790: Current learning rate: 0.00677
2026-06-13 21:11:29.280247: train_loss -0.6024
2026-06-13 21:11:29.283720: val_loss -0.5439
2026-06-13 21:11:29.285723: Pseudo dice [0.4952]
2026-06-13 21:11:29.287553: Epoch time: 22.52 s
2026-06-13 21:11:30.206731: 
2026-06-13 21:11:30.208789: Epoch 353
2026-06-13 21:11:30.211205: Current learning rate: 0.00676
2026-06-13 21:11:52.866316: train_loss -0.6032
2026-06-13 21:11:52.870302: val_loss -0.4658
2026-06-13 21:11:52.872406: Pseudo dice [0.5065]
2026-06-13 21:11:52.874535: Epoch time: 22.66 s
2026-06-13 21:11:53.803402: 
2026-06-13 21:11:53.805636: Epoch 354
2026-06-13 21:11:53.807509: Current learning rate: 0.00675
2026-06-13 21:12:16.206627: train_loss -0.5233
2026-06-13 21:12:16.210526: val_loss -0.4793
2026-06-13 21:12:16.212092: Pseudo dice [0.4406]
2026-06-13 21:12:16.213805: Epoch time: 22.4 s
2026-06-13 21:12:17.144289: 
2026-06-13 21:12:17.145795: Epoch 355
2026-06-13 21:12:17.147175: Current learning rate: 0.00674
2026-06-13 21:12:39.652142: train_loss -0.5955
2026-06-13 21:12:39.655076: val_loss -0.4936
2026-06-13 21:12:39.656744: Pseudo dice [0.4842]
2026-06-13 21:12:39.658265: Epoch time: 22.51 s
2026-06-13 21:12:41.157258: 
2026-06-13 21:12:41.159102: Epoch 356
2026-06-13 21:12:41.160632: Current learning rate: 0.00673
2026-06-13 21:13:03.619544: train_loss -0.5736
2026-06-13 21:13:03.622382: val_loss -0.4849
2026-06-13 21:13:03.623940: Pseudo dice [0.5058]
2026-06-13 21:13:03.626041: Epoch time: 22.46 s
2026-06-13 21:13:04.562657: 
2026-06-13 21:13:04.564839: Epoch 357
2026-06-13 21:13:04.566310: Current learning rate: 0.00672
2026-06-13 21:13:26.933253: train_loss -0.5992
2026-06-13 21:13:26.936531: val_loss -0.4978
2026-06-13 21:13:26.938040: Pseudo dice [0.4919]
2026-06-13 21:13:26.939388: Epoch time: 22.37 s
2026-06-13 21:13:27.855721: 
2026-06-13 21:13:27.857613: Epoch 358
2026-06-13 21:13:27.859167: Current learning rate: 0.00671
2026-06-13 21:13:50.224983: train_loss -0.5966
2026-06-13 21:13:50.227863: val_loss -0.4358
2026-06-13 21:13:50.229564: Pseudo dice [0.4687]
2026-06-13 21:13:50.230969: Epoch time: 22.37 s
2026-06-13 21:13:51.163639: 
2026-06-13 21:13:51.165339: Epoch 359
2026-06-13 21:13:51.166883: Current learning rate: 0.0067
2026-06-13 21:14:13.563946: train_loss -0.6107
2026-06-13 21:14:13.566801: val_loss -0.4888
2026-06-13 21:14:13.568325: Pseudo dice [0.4694]
2026-06-13 21:14:13.569893: Epoch time: 22.4 s
2026-06-13 21:14:14.501818: 
2026-06-13 21:14:14.509334: Epoch 360
2026-06-13 21:14:14.510789: Current learning rate: 0.00669
2026-06-13 21:14:36.901287: train_loss -0.5863
2026-06-13 21:14:36.904440: val_loss -0.5247
2026-06-13 21:14:36.906129: Pseudo dice [0.5141]
2026-06-13 21:14:36.907617: Epoch time: 22.4 s
2026-06-13 21:14:37.841769: 
2026-06-13 21:14:37.843453: Epoch 361
2026-06-13 21:14:37.845018: Current learning rate: 0.00668
2026-06-13 21:15:00.322401: train_loss -0.5811
2026-06-13 21:15:00.325467: val_loss -0.4849
2026-06-13 21:15:00.326996: Pseudo dice [0.4211]
2026-06-13 21:15:00.328499: Epoch time: 22.48 s
2026-06-13 21:15:01.257341: 
2026-06-13 21:15:01.259227: Epoch 362
2026-06-13 21:15:01.260828: Current learning rate: 0.00667
2026-06-13 21:15:23.766994: train_loss -0.5053
2026-06-13 21:15:23.773914: val_loss -0.5295
2026-06-13 21:15:23.776507: Pseudo dice [0.5147]
2026-06-13 21:15:23.779651: Epoch time: 22.51 s
2026-06-13 21:15:24.710155: 
2026-06-13 21:15:24.711867: Epoch 363
2026-06-13 21:15:24.715804: Current learning rate: 0.00666
2026-06-13 21:15:47.212681: train_loss -0.5933
2026-06-13 21:15:47.217358: val_loss -0.4955
2026-06-13 21:15:47.219708: Pseudo dice [0.4996]
2026-06-13 21:15:47.223149: Epoch time: 22.5 s
2026-06-13 21:15:48.163808: 
2026-06-13 21:15:48.165430: Epoch 364
2026-06-13 21:15:48.167267: Current learning rate: 0.00665
2026-06-13 21:16:10.586500: train_loss -0.6279
2026-06-13 21:16:10.592812: val_loss -0.4743
2026-06-13 21:16:10.595323: Pseudo dice [0.4659]
2026-06-13 21:16:10.596818: Epoch time: 22.42 s
2026-06-13 21:16:11.529870: 
2026-06-13 21:16:11.531587: Epoch 365
2026-06-13 21:16:11.533027: Current learning rate: 0.00665
2026-06-13 21:16:34.041721: train_loss -0.6126
2026-06-13 21:16:34.044415: val_loss -0.4746
2026-06-13 21:16:34.045850: Pseudo dice [0.4872]
2026-06-13 21:16:34.047952: Epoch time: 22.51 s
2026-06-13 21:16:34.981723: 
2026-06-13 21:16:34.983450: Epoch 366
2026-06-13 21:16:34.985065: Current learning rate: 0.00664
2026-06-13 21:16:57.423410: train_loss -0.6335
2026-06-13 21:16:57.427255: val_loss -0.4796
2026-06-13 21:16:57.429271: Pseudo dice [0.4802]
2026-06-13 21:16:57.432117: Epoch time: 22.44 s
2026-06-13 21:16:58.356851: 
2026-06-13 21:16:58.358484: Epoch 367
2026-06-13 21:16:58.360076: Current learning rate: 0.00663
2026-06-13 21:17:20.727021: train_loss -0.6348
2026-06-13 21:17:20.730270: val_loss -0.4878
2026-06-13 21:17:20.732572: Pseudo dice [0.4725]
2026-06-13 21:17:20.733969: Epoch time: 22.37 s
2026-06-13 21:17:21.662931: 
2026-06-13 21:17:21.664734: Epoch 368
2026-06-13 21:17:21.666397: Current learning rate: 0.00662
2026-06-13 21:17:44.209229: train_loss -0.6026
2026-06-13 21:17:44.212704: val_loss -0.469
2026-06-13 21:17:44.214740: Pseudo dice [0.4612]
2026-06-13 21:17:44.216390: Epoch time: 22.55 s
2026-06-13 21:17:45.138977: 
2026-06-13 21:17:45.140762: Epoch 369
2026-06-13 21:17:45.142429: Current learning rate: 0.00661
2026-06-13 21:18:07.474853: train_loss -0.6042
2026-06-13 21:18:07.478440: val_loss -0.5359
2026-06-13 21:18:07.480037: Pseudo dice [0.532]
2026-06-13 21:18:07.481750: Epoch time: 22.34 s
2026-06-13 21:18:08.411449: 
2026-06-13 21:18:08.413353: Epoch 370
2026-06-13 21:18:08.414997: Current learning rate: 0.0066
2026-06-13 21:18:30.870327: train_loss -0.6239
2026-06-13 21:18:30.873798: val_loss -0.5432
2026-06-13 21:18:30.875424: Pseudo dice [0.5109]
2026-06-13 21:18:30.877000: Epoch time: 22.46 s
2026-06-13 21:18:31.806993: 
2026-06-13 21:18:31.808665: Epoch 371
2026-06-13 21:18:31.810286: Current learning rate: 0.00659
2026-06-13 21:18:54.252653: train_loss -0.612
2026-06-13 21:18:54.256366: val_loss -0.4808
2026-06-13 21:18:54.258458: Pseudo dice [0.4837]
2026-06-13 21:18:54.260662: Epoch time: 22.45 s
2026-06-13 21:18:55.192838: 
2026-06-13 21:18:55.194546: Epoch 372
2026-06-13 21:18:55.196212: Current learning rate: 0.00658
2026-06-13 21:19:17.677524: train_loss -0.619
2026-06-13 21:19:17.681011: val_loss -0.5452
2026-06-13 21:19:17.682599: Pseudo dice [0.517]
2026-06-13 21:19:17.684130: Epoch time: 22.49 s
2026-06-13 21:19:19.171800: 
2026-06-13 21:19:19.173655: Epoch 373
2026-06-13 21:19:19.175996: Current learning rate: 0.00657
2026-06-13 21:19:41.652644: train_loss -0.6181
2026-06-13 21:19:41.657354: val_loss -0.5947
2026-06-13 21:19:41.659775: Pseudo dice [0.5654]
2026-06-13 21:19:41.662274: Epoch time: 22.48 s
2026-06-13 21:19:41.664749: Yayy! New best EMA pseudo Dice: 0.4974
2026-06-13 21:19:43.095083: 
2026-06-13 21:19:43.098176: Epoch 374
2026-06-13 21:19:43.100914: Current learning rate: 0.00656
2026-06-13 21:20:05.528929: train_loss -0.6506
2026-06-13 21:20:05.532061: val_loss -0.4301
2026-06-13 21:20:05.534187: Pseudo dice [0.4437]
2026-06-13 21:20:05.535973: Epoch time: 22.43 s
2026-06-13 21:20:06.466908: 
2026-06-13 21:20:06.468652: Epoch 375
2026-06-13 21:20:06.470348: Current learning rate: 0.00655
2026-06-13 21:20:28.818079: train_loss -0.614
2026-06-13 21:20:28.823907: val_loss -0.4569
2026-06-13 21:20:28.826376: Pseudo dice [0.4431]
2026-06-13 21:20:28.829316: Epoch time: 22.35 s
2026-06-13 21:20:29.766733: 
2026-06-13 21:20:29.768393: Epoch 376
2026-06-13 21:20:29.770025: Current learning rate: 0.00654
2026-06-13 21:20:52.162871: train_loss -0.6002
2026-06-13 21:20:52.167172: val_loss -0.5804
2026-06-13 21:20:52.169340: Pseudo dice [0.5736]
2026-06-13 21:20:52.171882: Epoch time: 22.4 s
2026-06-13 21:20:53.111357: 
2026-06-13 21:20:53.113277: Epoch 377
2026-06-13 21:20:53.114722: Current learning rate: 0.00653
2026-06-13 21:21:15.656515: train_loss -0.5989
2026-06-13 21:21:15.664552: val_loss -0.5191
2026-06-13 21:21:15.666560: Pseudo dice [0.5134]
2026-06-13 21:21:15.668159: Epoch time: 22.55 s
2026-06-13 21:21:15.669719: Yayy! New best EMA pseudo Dice: 0.4975
2026-06-13 21:21:17.098938: 
2026-06-13 21:21:17.100585: Epoch 378
2026-06-13 21:21:17.102221: Current learning rate: 0.00652
2026-06-13 21:21:39.712659: train_loss -0.6133
2026-06-13 21:21:39.716118: val_loss -0.52
2026-06-13 21:21:39.717792: Pseudo dice [0.5014]
2026-06-13 21:21:39.719395: Epoch time: 22.61 s
2026-06-13 21:21:39.721000: Yayy! New best EMA pseudo Dice: 0.4979
2026-06-13 21:21:41.143920: 
2026-06-13 21:21:41.145673: Epoch 379
2026-06-13 21:21:41.147324: Current learning rate: 0.00651
2026-06-13 21:22:03.593962: train_loss -0.6024
2026-06-13 21:22:03.596864: val_loss -0.5417
2026-06-13 21:22:03.598531: Pseudo dice [0.5585]
2026-06-13 21:22:03.600013: Epoch time: 22.45 s
2026-06-13 21:22:03.601448: Yayy! New best EMA pseudo Dice: 0.504
2026-06-13 21:22:05.040789: 
2026-06-13 21:22:05.043410: Epoch 380
2026-06-13 21:22:05.044938: Current learning rate: 0.0065
2026-06-13 21:22:27.602458: train_loss -0.61
2026-06-13 21:22:27.605459: val_loss -0.5329
2026-06-13 21:22:27.607264: Pseudo dice [0.5098]
2026-06-13 21:22:27.609166: Epoch time: 22.56 s
2026-06-13 21:22:27.610768: Yayy! New best EMA pseudo Dice: 0.5046
2026-06-13 21:22:29.022619: 
2026-06-13 21:22:29.024331: Epoch 381
2026-06-13 21:22:29.025763: Current learning rate: 0.00649
2026-06-13 21:22:51.538447: train_loss -0.6274
2026-06-13 21:22:51.541873: val_loss -0.5099
2026-06-13 21:22:51.543591: Pseudo dice [0.4977]
2026-06-13 21:22:51.545235: Epoch time: 22.52 s
2026-06-13 21:22:52.492767: 
2026-06-13 21:22:52.494847: Epoch 382
2026-06-13 21:22:52.496362: Current learning rate: 0.00648
2026-06-13 21:23:15.013798: train_loss -0.5848
2026-06-13 21:23:15.017070: val_loss -0.378
2026-06-13 21:23:15.018522: Pseudo dice [0.3885]
2026-06-13 21:23:15.020344: Epoch time: 22.52 s
2026-06-13 21:23:15.955888: 
2026-06-13 21:23:15.957478: Epoch 383
2026-06-13 21:23:15.958879: Current learning rate: 0.00648
2026-06-13 21:23:38.492199: train_loss -0.5757
2026-06-13 21:23:38.495225: val_loss -0.4511
2026-06-13 21:23:38.496831: Pseudo dice [0.4559]
2026-06-13 21:23:38.498354: Epoch time: 22.54 s
2026-06-13 21:23:39.441642: 
2026-06-13 21:23:39.443770: Epoch 384
2026-06-13 21:23:39.445632: Current learning rate: 0.00647
2026-06-13 21:24:01.885385: train_loss -0.6041
2026-06-13 21:24:01.891168: val_loss -0.5126
2026-06-13 21:24:01.893506: Pseudo dice [0.5002]
2026-06-13 21:24:01.896067: Epoch time: 22.44 s
2026-06-13 21:24:02.831010: 
2026-06-13 21:24:02.832646: Epoch 385
2026-06-13 21:24:02.834197: Current learning rate: 0.00646
2026-06-13 21:24:25.202522: train_loss -0.624
2026-06-13 21:24:25.205461: val_loss -0.4551
2026-06-13 21:24:25.207000: Pseudo dice [0.4755]
2026-06-13 21:24:25.208470: Epoch time: 22.37 s
2026-06-13 21:24:26.148843: 
2026-06-13 21:24:26.150333: Epoch 386
2026-06-13 21:24:26.151861: Current learning rate: 0.00645
2026-06-13 21:24:48.573269: train_loss -0.629
2026-06-13 21:24:48.580061: val_loss -0.4881
2026-06-13 21:24:48.583743: Pseudo dice [0.4974]
2026-06-13 21:24:48.587340: Epoch time: 22.43 s
2026-06-13 21:24:49.540161: 
2026-06-13 21:24:49.541737: Epoch 387
2026-06-13 21:24:49.543268: Current learning rate: 0.00644
2026-06-13 21:25:12.061998: train_loss -0.6494
2026-06-13 21:25:12.075586: val_loss -0.4979
2026-06-13 21:25:12.077121: Pseudo dice [0.4943]
2026-06-13 21:25:12.078632: Epoch time: 22.52 s
2026-06-13 21:25:13.580109: 
2026-06-13 21:25:13.582013: Epoch 388
2026-06-13 21:25:13.583474: Current learning rate: 0.00643
2026-06-13 21:25:36.061023: train_loss -0.6183
2026-06-13 21:25:36.063939: val_loss -0.4132
2026-06-13 21:25:36.065502: Pseudo dice [0.4101]
2026-06-13 21:25:36.067061: Epoch time: 22.48 s
2026-06-13 21:25:37.008053: 
2026-06-13 21:25:37.009620: Epoch 389
2026-06-13 21:25:37.011096: Current learning rate: 0.00642
2026-06-13 21:25:59.420442: train_loss -0.6303
2026-06-13 21:25:59.423275: val_loss -0.5008
2026-06-13 21:25:59.424841: Pseudo dice [0.5229]
2026-06-13 21:25:59.426360: Epoch time: 22.41 s
2026-06-13 21:26:00.369061: 
2026-06-13 21:26:00.370669: Epoch 390
2026-06-13 21:26:00.372138: Current learning rate: 0.00641
2026-06-13 21:26:22.889110: train_loss -0.6627
2026-06-13 21:26:22.892586: val_loss -0.5237
2026-06-13 21:26:22.894241: Pseudo dice [0.5123]
2026-06-13 21:26:22.896109: Epoch time: 22.52 s
2026-06-13 21:26:23.839286: 
2026-06-13 21:26:23.841120: Epoch 391
2026-06-13 21:26:23.842710: Current learning rate: 0.0064
2026-06-13 21:26:46.315232: train_loss -0.6455
2026-06-13 21:26:46.323413: val_loss -0.4649
2026-06-13 21:26:46.327360: Pseudo dice [0.4915]
2026-06-13 21:26:46.332095: Epoch time: 22.48 s
2026-06-13 21:26:47.285739: 
2026-06-13 21:26:47.291106: Epoch 392
2026-06-13 21:26:47.293760: Current learning rate: 0.00639
2026-06-13 21:27:09.708305: train_loss -0.6595
2026-06-13 21:27:09.711115: val_loss -0.4683
2026-06-13 21:27:09.712749: Pseudo dice [0.4498]
2026-06-13 21:27:09.714713: Epoch time: 22.42 s
2026-06-13 21:27:10.659800: 
2026-06-13 21:27:10.662129: Epoch 393
2026-06-13 21:27:10.664299: Current learning rate: 0.00638
2026-06-13 21:27:33.088555: train_loss -0.6476
2026-06-13 21:27:33.092016: val_loss -0.5183
2026-06-13 21:27:33.093489: Pseudo dice [0.4333]
2026-06-13 21:27:33.095029: Epoch time: 22.43 s
2026-06-13 21:27:34.036288: 
2026-06-13 21:27:34.038092: Epoch 394
2026-06-13 21:27:34.041314: Current learning rate: 0.00637
2026-06-13 21:27:56.489030: train_loss -0.6417
2026-06-13 21:27:56.503788: val_loss -0.4673
2026-06-13 21:27:56.505960: Pseudo dice [0.4352]
2026-06-13 21:27:56.507482: Epoch time: 22.45 s
2026-06-13 21:27:57.463941: 
2026-06-13 21:27:57.466930: Epoch 395
2026-06-13 21:27:57.469316: Current learning rate: 0.00636
2026-06-13 21:28:19.851408: train_loss -0.5995
2026-06-13 21:28:19.854302: val_loss -0.4808
2026-06-13 21:28:19.856222: Pseudo dice [0.5054]
2026-06-13 21:28:19.857788: Epoch time: 22.39 s
2026-06-13 21:28:20.814970: 
2026-06-13 21:28:20.817181: Epoch 396
2026-06-13 21:28:20.819014: Current learning rate: 0.00635
2026-06-13 21:28:43.311052: train_loss -0.606
2026-06-13 21:28:43.319162: val_loss -0.5219
2026-06-13 21:28:43.321944: Pseudo dice [0.5055]
2026-06-13 21:28:43.324369: Epoch time: 22.5 s
2026-06-13 21:28:44.269745: 
2026-06-13 21:28:44.272045: Epoch 397
2026-06-13 21:28:44.275714: Current learning rate: 0.00634
2026-06-13 21:29:06.835901: train_loss -0.6433
2026-06-13 21:29:06.839135: val_loss -0.5195
2026-06-13 21:29:06.840818: Pseudo dice [0.5271]
2026-06-13 21:29:06.842469: Epoch time: 22.57 s
2026-06-13 21:29:07.782036: 
2026-06-13 21:29:07.783799: Epoch 398
2026-06-13 21:29:07.785273: Current learning rate: 0.00633
2026-06-13 21:29:30.297514: train_loss -0.6285
2026-06-13 21:29:30.300371: val_loss -0.4485
2026-06-13 21:29:30.301964: Pseudo dice [0.4759]
2026-06-13 21:29:30.303850: Epoch time: 22.52 s
2026-06-13 21:29:31.252533: 
2026-06-13 21:29:31.254268: Epoch 399
2026-06-13 21:29:31.255819: Current learning rate: 0.00632
2026-06-13 21:29:53.794971: train_loss -0.6381
2026-06-13 21:29:53.798389: val_loss -0.4257
2026-06-13 21:29:53.800246: Pseudo dice [0.4472]
2026-06-13 21:29:53.801989: Epoch time: 22.54 s
2026-06-13 21:29:55.231252: 
2026-06-13 21:29:55.236033: Epoch 400
2026-06-13 21:29:55.237791: Current learning rate: 0.00631
2026-06-13 21:30:17.709515: train_loss -0.6205
2026-06-13 21:30:17.712560: val_loss -0.4371
2026-06-13 21:30:17.714508: Pseudo dice [0.4139]
2026-06-13 21:30:17.716539: Epoch time: 22.48 s
2026-06-13 21:30:18.659419: 
2026-06-13 21:30:18.662054: Epoch 401
2026-06-13 21:30:18.664765: Current learning rate: 0.0063
2026-06-13 21:30:41.233271: train_loss -0.6068
2026-06-13 21:30:41.242072: val_loss -0.515
2026-06-13 21:30:41.246535: Pseudo dice [0.508]
2026-06-13 21:30:41.250684: Epoch time: 22.57 s
2026-06-13 21:30:42.189819: 
2026-06-13 21:30:42.191655: Epoch 402
2026-06-13 21:30:42.193384: Current learning rate: 0.0063
2026-06-13 21:31:04.691451: train_loss -0.6334
2026-06-13 21:31:04.696085: val_loss -0.4816
2026-06-13 21:31:04.698971: Pseudo dice [0.4743]
2026-06-13 21:31:04.701612: Epoch time: 22.5 s
2026-06-13 21:31:05.643738: 
2026-06-13 21:31:05.645799: Epoch 403
2026-06-13 21:31:05.647613: Current learning rate: 0.00629
2026-06-13 21:31:28.142121: train_loss -0.5702
2026-06-13 21:31:28.145748: val_loss -0.5268
2026-06-13 21:31:28.147722: Pseudo dice [0.526]
2026-06-13 21:31:28.149389: Epoch time: 22.5 s
2026-06-13 21:31:29.109433: 
2026-06-13 21:31:29.111577: Epoch 404
2026-06-13 21:31:29.113242: Current learning rate: 0.00628
2026-06-13 21:31:51.592508: train_loss -0.6256
2026-06-13 21:31:51.597339: val_loss -0.4911
2026-06-13 21:31:51.600412: Pseudo dice [0.5017]
2026-06-13 21:31:51.607133: Epoch time: 22.48 s
2026-06-13 21:31:53.111715: 
2026-06-13 21:31:53.113907: Epoch 405
2026-06-13 21:31:53.116426: Current learning rate: 0.00627
2026-06-13 21:32:15.532307: train_loss -0.6188
2026-06-13 21:32:15.536129: val_loss -0.518
2026-06-13 21:32:15.537835: Pseudo dice [0.5053]
2026-06-13 21:32:15.539433: Epoch time: 22.42 s
2026-06-13 21:32:16.477134: 
2026-06-13 21:32:16.479543: Epoch 406
2026-06-13 21:32:16.482083: Current learning rate: 0.00626
2026-06-13 21:32:38.880364: train_loss -0.6237
2026-06-13 21:32:38.889228: val_loss -0.4759
2026-06-13 21:32:38.891817: Pseudo dice [0.4789]
2026-06-13 21:32:38.896276: Epoch time: 22.4 s
2026-06-13 21:32:39.847016: 
2026-06-13 21:32:39.848696: Epoch 407
2026-06-13 21:32:39.850660: Current learning rate: 0.00625
2026-06-13 21:33:02.283549: train_loss -0.6209
2026-06-13 21:33:02.309589: val_loss -0.4921
2026-06-13 21:33:02.318678: Pseudo dice [0.4746]
2026-06-13 21:33:02.322999: Epoch time: 22.44 s
2026-06-13 21:33:03.277007: 
2026-06-13 21:33:03.280454: Epoch 408
2026-06-13 21:33:03.283029: Current learning rate: 0.00624
2026-06-13 21:33:25.828095: train_loss -0.5564
2026-06-13 21:33:25.839476: val_loss -0.4925
2026-06-13 21:33:25.841198: Pseudo dice [0.4852]
2026-06-13 21:33:25.843297: Epoch time: 22.55 s
2026-06-13 21:33:26.798869: 
2026-06-13 21:33:26.822364: Epoch 409
2026-06-13 21:33:26.843369: Current learning rate: 0.00623
2026-06-13 21:33:49.380912: train_loss -0.6307
2026-06-13 21:33:49.384244: val_loss -0.4605
2026-06-13 21:33:49.385876: Pseudo dice [0.4958]
2026-06-13 21:33:49.387597: Epoch time: 22.58 s
2026-06-13 21:33:50.330710: 
2026-06-13 21:33:50.333126: Epoch 410
2026-06-13 21:33:50.334937: Current learning rate: 0.00622
2026-06-13 21:34:12.894159: train_loss -0.6332
2026-06-13 21:34:12.899930: val_loss -0.549
2026-06-13 21:34:12.905365: Pseudo dice [0.5228]
2026-06-13 21:34:12.906847: Epoch time: 22.56 s
2026-06-13 21:34:13.834592: 
2026-06-13 21:34:13.836251: Epoch 411
2026-06-13 21:34:13.837932: Current learning rate: 0.00621
2026-06-13 21:34:36.228216: train_loss -0.6547
2026-06-13 21:34:36.232642: val_loss -0.5096
2026-06-13 21:34:36.234839: Pseudo dice [0.4778]
2026-06-13 21:34:36.237506: Epoch time: 22.39 s
2026-06-13 21:34:37.152211: 
2026-06-13 21:34:37.153766: Epoch 412
2026-06-13 21:34:37.155550: Current learning rate: 0.0062
2026-06-13 21:34:59.567831: train_loss -0.6148
2026-06-13 21:34:59.570749: val_loss -0.4631
2026-06-13 21:34:59.572318: Pseudo dice [0.4879]
2026-06-13 21:34:59.573788: Epoch time: 22.42 s
2026-06-13 21:35:00.489634: 
2026-06-13 21:35:00.492584: Epoch 413
2026-06-13 21:35:00.494046: Current learning rate: 0.00619
2026-06-13 21:35:22.977643: train_loss -0.6336
2026-06-13 21:35:22.980423: val_loss -0.5051
2026-06-13 21:35:22.981953: Pseudo dice [0.4789]
2026-06-13 21:35:22.983375: Epoch time: 22.49 s
2026-06-13 21:35:23.898055: 
2026-06-13 21:35:23.899729: Epoch 414
2026-06-13 21:35:23.901394: Current learning rate: 0.00618
2026-06-13 21:35:46.383137: train_loss -0.6187
2026-06-13 21:35:46.386662: val_loss -0.4634
2026-06-13 21:35:46.388234: Pseudo dice [0.4564]
2026-06-13 21:35:46.389745: Epoch time: 22.49 s
2026-06-13 21:35:47.305249: 
2026-06-13 21:35:47.307107: Epoch 415
2026-06-13 21:35:47.309105: Current learning rate: 0.00617
2026-06-13 21:36:09.724704: train_loss -0.6569
2026-06-13 21:36:09.727964: val_loss -0.4816
2026-06-13 21:36:09.729671: Pseudo dice [0.5085]
2026-06-13 21:36:09.731276: Epoch time: 22.42 s
2026-06-13 21:36:10.651991: 
2026-06-13 21:36:10.653821: Epoch 416
2026-06-13 21:36:10.655415: Current learning rate: 0.00616
2026-06-13 21:36:33.147977: train_loss -0.631
2026-06-13 21:36:33.151052: val_loss -0.4541
2026-06-13 21:36:33.152750: Pseudo dice [0.4658]
2026-06-13 21:36:33.154398: Epoch time: 22.5 s
2026-06-13 21:36:34.075882: 
2026-06-13 21:36:34.077879: Epoch 417
2026-06-13 21:36:34.079411: Current learning rate: 0.00615
2026-06-13 21:36:56.511096: train_loss -0.6193
2026-06-13 21:36:56.516675: val_loss -0.5339
2026-06-13 21:36:56.518834: Pseudo dice [0.5535]
2026-06-13 21:36:56.521659: Epoch time: 22.44 s
2026-06-13 21:36:57.448416: 
2026-06-13 21:36:57.450358: Epoch 418
2026-06-13 21:36:57.452046: Current learning rate: 0.00614
2026-06-13 21:37:19.889940: train_loss -0.6281
2026-06-13 21:37:19.893236: val_loss -0.4513
2026-06-13 21:37:19.894897: Pseudo dice [0.4594]
2026-06-13 21:37:19.896551: Epoch time: 22.44 s
2026-06-13 21:37:20.809317: 
2026-06-13 21:37:20.811000: Epoch 419
2026-06-13 21:37:20.812603: Current learning rate: 0.00613
2026-06-13 21:37:43.382014: train_loss -0.6452
2026-06-13 21:37:43.385279: val_loss -0.4864
2026-06-13 21:37:43.387171: Pseudo dice [0.4656]
2026-06-13 21:37:43.388811: Epoch time: 22.57 s
2026-06-13 21:37:44.310550: 
2026-06-13 21:37:44.312195: Epoch 420
2026-06-13 21:37:44.313828: Current learning rate: 0.00612
2026-06-13 21:38:06.812133: train_loss -0.6659
2026-06-13 21:38:06.815719: val_loss -0.4949
2026-06-13 21:38:06.817647: Pseudo dice [0.4882]
2026-06-13 21:38:06.819630: Epoch time: 22.5 s
2026-06-13 21:38:07.743622: 
2026-06-13 21:38:07.745766: Epoch 421
2026-06-13 21:38:07.747546: Current learning rate: 0.00612
2026-06-13 21:38:30.163244: train_loss -0.6248
2026-06-13 21:38:30.169170: val_loss -0.5176
2026-06-13 21:38:30.170771: Pseudo dice [0.5477]
2026-06-13 21:38:30.172491: Epoch time: 22.42 s
2026-06-13 21:38:31.659963: 
2026-06-13 21:38:31.661573: Epoch 422
2026-06-13 21:38:31.663284: Current learning rate: 0.00611
2026-06-13 21:38:54.134072: train_loss -0.6122
2026-06-13 21:38:54.136649: val_loss -0.4866
2026-06-13 21:38:54.138265: Pseudo dice [0.5205]
2026-06-13 21:38:54.147070: Epoch time: 22.48 s
2026-06-13 21:38:55.078662: 
2026-06-13 21:38:55.084068: Epoch 423
2026-06-13 21:38:55.092212: Current learning rate: 0.0061
2026-06-13 21:39:17.508268: train_loss -0.5907
2026-06-13 21:39:17.512139: val_loss -0.4352
2026-06-13 21:39:17.513936: Pseudo dice [0.4352]
2026-06-13 21:39:17.515836: Epoch time: 22.43 s
2026-06-13 21:39:18.442209: 
2026-06-13 21:39:18.443861: Epoch 424
2026-06-13 21:39:18.445529: Current learning rate: 0.00609
2026-06-13 21:39:41.045349: train_loss -0.5821
2026-06-13 21:39:41.048288: val_loss -0.444
2026-06-13 21:39:41.049828: Pseudo dice [0.455]
2026-06-13 21:39:41.051289: Epoch time: 22.6 s
2026-06-13 21:39:41.972495: 
2026-06-13 21:39:41.974096: Epoch 425
2026-06-13 21:39:41.975710: Current learning rate: 0.00608
2026-06-13 21:40:04.314801: train_loss -0.6044
2026-06-13 21:40:04.318105: val_loss -0.5499
2026-06-13 21:40:04.319529: Pseudo dice [0.5365]
2026-06-13 21:40:04.321043: Epoch time: 22.34 s
2026-06-13 21:40:05.253822: 
2026-06-13 21:40:05.255667: Epoch 426
2026-06-13 21:40:05.257168: Current learning rate: 0.00607
2026-06-13 21:40:27.632419: train_loss -0.5879
2026-06-13 21:40:27.646609: val_loss -0.4327
2026-06-13 21:40:27.651123: Pseudo dice [0.3761]
2026-06-13 21:40:27.655706: Epoch time: 22.38 s
2026-06-13 21:40:28.589083: 
2026-06-13 21:40:28.595288: Epoch 427
2026-06-13 21:40:28.596841: Current learning rate: 0.00606
2026-06-13 21:40:50.982249: train_loss -0.6204
2026-06-13 21:40:50.985004: val_loss -0.5307
2026-06-13 21:40:50.986691: Pseudo dice [0.5223]
2026-06-13 21:40:50.988518: Epoch time: 22.39 s
2026-06-13 21:40:51.916651: 
2026-06-13 21:40:51.918476: Epoch 428
2026-06-13 21:40:51.919982: Current learning rate: 0.00605
2026-06-13 21:41:14.426457: train_loss -0.6014
2026-06-13 21:41:14.429059: val_loss -0.4857
2026-06-13 21:41:14.430530: Pseudo dice [0.4721]
2026-06-13 21:41:14.432295: Epoch time: 22.51 s
2026-06-13 21:41:15.355670: 
2026-06-13 21:41:15.357354: Epoch 429
2026-06-13 21:41:15.358918: Current learning rate: 0.00604
2026-06-13 21:41:37.815813: train_loss -0.6339
2026-06-13 21:41:37.819598: val_loss -0.4588
2026-06-13 21:41:37.821128: Pseudo dice [0.2249]
2026-06-13 21:41:37.822688: Epoch time: 22.46 s
2026-06-13 21:41:38.741905: 
2026-06-13 21:41:38.743701: Epoch 430
2026-06-13 21:41:38.745275: Current learning rate: 0.00603
2026-06-13 21:42:01.172429: train_loss -0.6164
2026-06-13 21:42:01.175014: val_loss -0.5483
2026-06-13 21:42:01.176432: Pseudo dice [0.5408]
2026-06-13 21:42:01.177917: Epoch time: 22.43 s
2026-06-13 21:42:02.097843: 
2026-06-13 21:42:02.100842: Epoch 431
2026-06-13 21:42:02.104754: Current learning rate: 0.00602
2026-06-13 21:42:24.638796: train_loss -0.5762
2026-06-13 21:42:24.643729: val_loss -0.462
2026-06-13 21:42:24.646475: Pseudo dice [0.454]
2026-06-13 21:42:24.648301: Epoch time: 22.54 s
2026-06-13 21:42:25.571482: 
2026-06-13 21:42:25.573031: Epoch 432
2026-06-13 21:42:25.574544: Current learning rate: 0.00601
2026-06-13 21:42:48.055929: train_loss -0.5864
2026-06-13 21:42:48.060813: val_loss -0.4651
2026-06-13 21:42:48.062260: Pseudo dice [0.4862]
2026-06-13 21:42:48.063741: Epoch time: 22.49 s
2026-06-13 21:42:48.990715: 
2026-06-13 21:42:48.992599: Epoch 433
2026-06-13 21:42:48.995864: Current learning rate: 0.006
2026-06-13 21:43:11.468821: train_loss -0.6344
2026-06-13 21:43:11.471668: val_loss -0.5817
2026-06-13 21:43:11.474016: Pseudo dice [0.5538]
2026-06-13 21:43:11.475530: Epoch time: 22.48 s
2026-06-13 21:43:12.411320: 
2026-06-13 21:43:12.412904: Epoch 434
2026-06-13 21:43:12.414411: Current learning rate: 0.00599
2026-06-13 21:43:34.978321: train_loss -0.6369
2026-06-13 21:43:34.984783: val_loss -0.5217
2026-06-13 21:43:34.988037: Pseudo dice [0.5457]
2026-06-13 21:43:34.990044: Epoch time: 22.57 s
2026-06-13 21:43:35.917209: 
2026-06-13 21:43:35.918927: Epoch 435
2026-06-13 21:43:35.920665: Current learning rate: 0.00598
2026-06-13 21:43:58.471231: train_loss -0.5977
2026-06-13 21:43:58.477756: val_loss -0.4001
2026-06-13 21:43:58.479940: Pseudo dice [0.4099]
2026-06-13 21:43:58.482380: Epoch time: 22.55 s
2026-06-13 21:43:59.402073: 
2026-06-13 21:43:59.403687: Epoch 436
2026-06-13 21:43:59.405215: Current learning rate: 0.00597
2026-06-13 21:44:21.881530: train_loss -0.611
2026-06-13 21:44:21.884105: val_loss -0.4418
2026-06-13 21:44:21.885678: Pseudo dice [0.4662]
2026-06-13 21:44:21.887447: Epoch time: 22.48 s
2026-06-13 21:44:22.815297: 
2026-06-13 21:44:22.817303: Epoch 437
2026-06-13 21:44:22.819145: Current learning rate: 0.00596
2026-06-13 21:44:45.383907: train_loss -0.6175
2026-06-13 21:44:45.387352: val_loss -0.5009
2026-06-13 21:44:45.389806: Pseudo dice [0.468]
2026-06-13 21:44:45.392556: Epoch time: 22.57 s
2026-06-13 21:44:46.316233: 
2026-06-13 21:44:46.318096: Epoch 438
2026-06-13 21:44:46.319784: Current learning rate: 0.00595
2026-06-13 21:45:08.841016: train_loss -0.6486
2026-06-13 21:45:08.844706: val_loss -0.5044
2026-06-13 21:45:08.846336: Pseudo dice [0.5263]
2026-06-13 21:45:08.848046: Epoch time: 22.53 s
2026-06-13 21:45:10.338720: 
2026-06-13 21:45:10.341118: Epoch 439
2026-06-13 21:45:10.342870: Current learning rate: 0.00594
2026-06-13 21:45:32.774920: train_loss -0.6399
2026-06-13 21:45:32.779409: val_loss -0.5023
2026-06-13 21:45:32.781238: Pseudo dice [0.4733]
2026-06-13 21:45:32.783592: Epoch time: 22.44 s
2026-06-13 21:45:33.704247: 
2026-06-13 21:45:33.706545: Epoch 440
2026-06-13 21:45:33.709940: Current learning rate: 0.00593
2026-06-13 21:45:56.109335: train_loss -0.6607
2026-06-13 21:45:56.112266: val_loss -0.5058
2026-06-13 21:45:56.113868: Pseudo dice [0.5315]
2026-06-13 21:45:56.115350: Epoch time: 22.41 s
2026-06-13 21:45:57.029709: 
2026-06-13 21:45:57.031302: Epoch 441
2026-06-13 21:45:57.032838: Current learning rate: 0.00592
2026-06-13 21:46:19.606179: train_loss -0.6321
2026-06-13 21:46:19.609737: val_loss -0.5132
2026-06-13 21:46:19.611408: Pseudo dice [0.5026]
2026-06-13 21:46:19.613060: Epoch time: 22.58 s
2026-06-13 21:46:20.544079: 
2026-06-13 21:46:20.546567: Epoch 442
2026-06-13 21:46:20.548074: Current learning rate: 0.00592
2026-06-13 21:46:43.043850: train_loss -0.6373
2026-06-13 21:46:43.046679: val_loss -0.4836
2026-06-13 21:46:43.048196: Pseudo dice [0.482]
2026-06-13 21:46:43.049891: Epoch time: 22.5 s
2026-06-13 21:46:43.978374: 
2026-06-13 21:46:43.980186: Epoch 443
2026-06-13 21:46:43.981634: Current learning rate: 0.00591
2026-06-13 21:47:06.497442: train_loss -0.6633
2026-06-13 21:47:06.499602: val_loss -0.4992
2026-06-13 21:47:06.501162: Pseudo dice [0.4809]
2026-06-13 21:47:06.502747: Epoch time: 22.52 s
2026-06-13 21:47:07.423936: 
2026-06-13 21:47:07.425629: Epoch 444
2026-06-13 21:47:07.427061: Current learning rate: 0.0059
2026-06-13 21:47:29.813726: train_loss -0.6516
2026-06-13 21:47:29.816766: val_loss -0.4781
2026-06-13 21:47:29.818425: Pseudo dice [0.5058]
2026-06-13 21:47:29.820702: Epoch time: 22.39 s
2026-06-13 21:47:30.743272: 
2026-06-13 21:47:30.746672: Epoch 445
2026-06-13 21:47:30.752556: Current learning rate: 0.00589
2026-06-13 21:47:53.159544: train_loss -0.6181
2026-06-13 21:47:53.173426: val_loss -0.5165
2026-06-13 21:47:53.175147: Pseudo dice [0.5409]
2026-06-13 21:47:53.176656: Epoch time: 22.42 s
2026-06-13 21:47:54.107902: 
2026-06-13 21:47:54.110842: Epoch 446
2026-06-13 21:47:54.114857: Current learning rate: 0.00588
2026-06-13 21:48:16.568154: train_loss -0.642
2026-06-13 21:48:16.571107: val_loss -0.5392
2026-06-13 21:48:16.572728: Pseudo dice [0.5588]
2026-06-13 21:48:16.574170: Epoch time: 22.46 s
2026-06-13 21:48:17.484305: 
2026-06-13 21:48:17.486020: Epoch 447
2026-06-13 21:48:17.487500: Current learning rate: 0.00587
2026-06-13 21:48:39.792442: train_loss -0.638
2026-06-13 21:48:39.796370: val_loss -0.4981
2026-06-13 21:48:39.797892: Pseudo dice [0.514]
2026-06-13 21:48:39.799436: Epoch time: 22.31 s
2026-06-13 21:48:40.717645: 
2026-06-13 21:48:40.719416: Epoch 448
2026-06-13 21:48:40.721224: Current learning rate: 0.00586
2026-06-13 21:49:03.050768: train_loss -0.6588
2026-06-13 21:49:03.054265: val_loss -0.4649
2026-06-13 21:49:03.055719: Pseudo dice [0.4942]
2026-06-13 21:49:03.057263: Epoch time: 22.33 s
2026-06-13 21:49:03.976774: 
2026-06-13 21:49:03.978733: Epoch 449
2026-06-13 21:49:03.980232: Current learning rate: 0.00585
2026-06-13 21:49:26.496413: train_loss -0.6716
2026-06-13 21:49:26.498603: val_loss -0.5741
2026-06-13 21:49:26.500377: Pseudo dice [0.5547]
2026-06-13 21:49:26.502125: Epoch time: 22.52 s
2026-06-13 21:49:27.001732: Yayy! New best EMA pseudo Dice: 0.5052
2026-06-13 21:49:28.403481: 
2026-06-13 21:49:28.424775: Epoch 450
2026-06-13 21:49:28.432826: Current learning rate: 0.00584
2026-06-13 21:49:50.761481: train_loss -0.6617
2026-06-13 21:49:50.766442: val_loss -0.4875
2026-06-13 21:49:50.769407: Pseudo dice [0.5056]
2026-06-13 21:49:50.771799: Epoch time: 22.36 s
2026-06-13 21:49:50.774269: Yayy! New best EMA pseudo Dice: 0.5053
2026-06-13 21:49:52.221553: 
2026-06-13 21:49:52.223300: Epoch 451
2026-06-13 21:49:52.224932: Current learning rate: 0.00583
2026-06-13 21:50:14.524749: train_loss -0.6238
2026-06-13 21:50:14.530063: val_loss -0.5031
2026-06-13 21:50:14.533145: Pseudo dice [0.5037]
2026-06-13 21:50:14.536662: Epoch time: 22.3 s
2026-06-13 21:50:15.448524: 
2026-06-13 21:50:15.450467: Epoch 452
2026-06-13 21:50:15.452008: Current learning rate: 0.00582
2026-06-13 21:50:37.664664: train_loss -0.6395
2026-06-13 21:50:37.667596: val_loss -0.515
2026-06-13 21:50:37.669211: Pseudo dice [0.4944]
2026-06-13 21:50:37.671079: Epoch time: 22.22 s
2026-06-13 21:50:38.591073: 
2026-06-13 21:50:38.592699: Epoch 453
2026-06-13 21:50:38.594262: Current learning rate: 0.00581
2026-06-13 21:51:00.743290: train_loss -0.665
2026-06-13 21:51:00.754405: val_loss -0.457
2026-06-13 21:51:00.756439: Pseudo dice [0.4735]
2026-06-13 21:51:00.758570: Epoch time: 22.15 s
2026-06-13 21:51:01.677096: 
2026-06-13 21:51:01.679085: Epoch 454
2026-06-13 21:51:01.680674: Current learning rate: 0.0058
2026-06-13 21:51:24.101593: train_loss -0.6472
2026-06-13 21:51:24.105313: val_loss -0.5598
2026-06-13 21:51:24.108596: Pseudo dice [0.5459]
2026-06-13 21:51:24.110030: Epoch time: 22.43 s
2026-06-13 21:51:24.112044: Yayy! New best EMA pseudo Dice: 0.5055
2026-06-13 21:51:25.544317: 
2026-06-13 21:51:25.546106: Epoch 455
2026-06-13 21:51:25.548358: Current learning rate: 0.00579
2026-06-13 21:51:48.040749: train_loss -0.667
2026-06-13 21:51:48.042900: val_loss -0.5644
2026-06-13 21:51:48.044672: Pseudo dice [0.5417]
2026-06-13 21:51:48.046585: Epoch time: 22.5 s
2026-06-13 21:51:48.048253: Yayy! New best EMA pseudo Dice: 0.5091
2026-06-13 21:51:50.088441: 
2026-06-13 21:51:50.089984: Epoch 456
2026-06-13 21:51:50.092170: Current learning rate: 0.00578
2026-06-13 21:52:12.807140: train_loss -0.6739
2026-06-13 21:52:12.810133: val_loss -0.4758
2026-06-13 21:52:12.811580: Pseudo dice [0.4827]
2026-06-13 21:52:12.813131: Epoch time: 22.72 s
2026-06-13 21:52:13.740172: 
2026-06-13 21:52:13.742469: Epoch 457
2026-06-13 21:52:13.743956: Current learning rate: 0.00577
2026-06-13 21:52:36.426566: train_loss -0.6792
2026-06-13 21:52:36.429314: val_loss -0.5109
2026-06-13 21:52:36.430889: Pseudo dice [0.5162]
2026-06-13 21:52:36.432469: Epoch time: 22.69 s
2026-06-13 21:52:37.363456: 
2026-06-13 21:52:37.365274: Epoch 458
2026-06-13 21:52:37.366778: Current learning rate: 0.00576
2026-06-13 21:52:59.965710: train_loss -0.6208
2026-06-13 21:52:59.968311: val_loss -0.5373
2026-06-13 21:52:59.970634: Pseudo dice [0.5504]
2026-06-13 21:52:59.973351: Epoch time: 22.6 s
2026-06-13 21:52:59.977651: Yayy! New best EMA pseudo Dice: 0.5117
2026-06-13 21:53:01.434009: 
2026-06-13 21:53:01.435914: Epoch 459
2026-06-13 21:53:01.437658: Current learning rate: 0.00575
2026-06-13 21:53:24.294890: train_loss -0.6096
2026-06-13 21:53:24.298537: val_loss -0.5628
2026-06-13 21:53:24.300164: Pseudo dice [0.538]
2026-06-13 21:53:24.301680: Epoch time: 22.86 s
2026-06-13 21:53:24.303193: Yayy! New best EMA pseudo Dice: 0.5144
2026-06-13 21:53:25.741879: 
2026-06-13 21:53:25.743799: Epoch 460
2026-06-13 21:53:25.745342: Current learning rate: 0.00574
2026-06-13 21:53:48.713328: train_loss -0.5927
2026-06-13 21:53:48.715898: val_loss -0.5147
2026-06-13 21:53:48.717840: Pseudo dice [0.5118]
2026-06-13 21:53:48.719562: Epoch time: 22.97 s
2026-06-13 21:53:49.634436: 
2026-06-13 21:53:49.636090: Epoch 461
2026-06-13 21:53:49.637637: Current learning rate: 0.00573
2026-06-13 21:54:12.549566: train_loss -0.6419
2026-06-13 21:54:12.555199: val_loss -0.51
2026-06-13 21:54:12.557651: Pseudo dice [0.5198]
2026-06-13 21:54:12.559449: Epoch time: 22.92 s
2026-06-13 21:54:12.560962: Yayy! New best EMA pseudo Dice: 0.5147
2026-06-13 21:54:13.995175: 
2026-06-13 21:54:13.996737: Epoch 462
2026-06-13 21:54:13.998141: Current learning rate: 0.00572
2026-06-13 21:54:36.799784: train_loss -0.6548
2026-06-13 21:54:36.809425: val_loss -0.4837
2026-06-13 21:54:36.811271: Pseudo dice [0.4624]
2026-06-13 21:54:36.813138: Epoch time: 22.81 s
2026-06-13 21:54:37.747232: 
2026-06-13 21:54:37.748836: Epoch 463
2026-06-13 21:54:37.750491: Current learning rate: 0.00571
2026-06-13 21:55:00.733841: train_loss -0.6595
2026-06-13 21:55:00.738656: val_loss -0.5267
2026-06-13 21:55:00.740246: Pseudo dice [0.48]
2026-06-13 21:55:00.741737: Epoch time: 22.99 s
2026-06-13 21:55:01.677985: 
2026-06-13 21:55:01.679700: Epoch 464
2026-06-13 21:55:01.681311: Current learning rate: 0.0057
2026-06-13 21:55:24.333683: train_loss -0.6887
2026-06-13 21:55:24.335717: val_loss -0.5176
2026-06-13 21:55:24.337603: Pseudo dice [0.5129]
2026-06-13 21:55:24.339268: Epoch time: 22.66 s
2026-06-13 21:55:25.267093: 
2026-06-13 21:55:25.268728: Epoch 465
2026-06-13 21:55:25.270203: Current learning rate: 0.0057
2026-06-13 21:55:47.973039: train_loss -0.6773
2026-06-13 21:55:47.976408: val_loss -0.5021
2026-06-13 21:55:47.977800: Pseudo dice [0.5177]
2026-06-13 21:55:47.979184: Epoch time: 22.71 s
2026-06-13 21:55:48.905920: 
2026-06-13 21:55:48.907525: Epoch 466
2026-06-13 21:55:48.908915: Current learning rate: 0.00569
2026-06-13 21:56:11.337912: train_loss -0.6717
2026-06-13 21:56:11.342254: val_loss -0.5279
2026-06-13 21:56:11.344122: Pseudo dice [0.5166]
2026-06-13 21:56:11.345728: Epoch time: 22.43 s
2026-06-13 21:56:12.270252: 
2026-06-13 21:56:12.272363: Epoch 467
2026-06-13 21:56:12.274168: Current learning rate: 0.00568
2026-06-13 21:56:35.041544: train_loss -0.6713
2026-06-13 21:56:35.043811: val_loss -0.538
2026-06-13 21:56:35.045239: Pseudo dice [0.5058]
2026-06-13 21:56:35.046685: Epoch time: 22.77 s
2026-06-13 21:56:35.972339: 
2026-06-13 21:56:35.973990: Epoch 468
2026-06-13 21:56:35.975399: Current learning rate: 0.00567
2026-06-13 21:56:58.692944: train_loss -0.6769
2026-06-13 21:56:58.695769: val_loss -0.5038
2026-06-13 21:56:58.697414: Pseudo dice [0.4725]
2026-06-13 21:56:58.699003: Epoch time: 22.72 s
2026-06-13 21:56:59.653734: 
2026-06-13 21:56:59.656138: Epoch 469
2026-06-13 21:56:59.658679: Current learning rate: 0.00566
2026-06-13 21:57:22.432226: train_loss -0.5968
2026-06-13 21:57:22.434606: val_loss -0.4733
2026-06-13 21:57:22.436301: Pseudo dice [0.4529]
2026-06-13 21:57:22.438267: Epoch time: 22.78 s
2026-06-13 21:57:23.363163: 
2026-06-13 21:57:23.365016: Epoch 470
2026-06-13 21:57:23.366765: Current learning rate: 0.00565
2026-06-13 21:57:46.028196: train_loss -0.6111
2026-06-13 21:57:46.030149: val_loss -0.4845
2026-06-13 21:57:46.031674: Pseudo dice [0.479]
2026-06-13 21:57:46.033194: Epoch time: 22.67 s
2026-06-13 21:57:46.956280: 
2026-06-13 21:57:46.957947: Epoch 471
2026-06-13 21:57:46.959386: Current learning rate: 0.00564
2026-06-13 21:58:09.570201: train_loss -0.6396
2026-06-13 21:58:09.573428: val_loss -0.4841
2026-06-13 21:58:09.575808: Pseudo dice [0.4682]
2026-06-13 21:58:09.577462: Epoch time: 22.62 s
2026-06-13 21:58:10.514376: 
2026-06-13 21:58:10.516069: Epoch 472
2026-06-13 21:58:10.517575: Current learning rate: 0.00563
2026-06-13 21:58:33.162409: train_loss -0.6305
2026-06-13 21:58:33.164995: val_loss -0.477
2026-06-13 21:58:33.166740: Pseudo dice [0.4792]
2026-06-13 21:58:33.168256: Epoch time: 22.65 s
2026-06-13 21:58:34.104147: 
2026-06-13 21:58:34.105969: Epoch 473
2026-06-13 21:58:34.107546: Current learning rate: 0.00562
2026-06-13 21:58:56.660653: train_loss -0.6708
2026-06-13 21:58:56.663003: val_loss -0.5043
2026-06-13 21:58:56.665496: Pseudo dice [0.4762]
2026-06-13 21:58:56.668900: Epoch time: 22.56 s
2026-06-13 21:58:58.208700: 
2026-06-13 21:58:58.212345: Epoch 474
2026-06-13 21:58:58.215580: Current learning rate: 0.00561
2026-06-13 21:59:20.916959: train_loss -0.6754
2026-06-13 21:59:20.919975: val_loss -0.5148
2026-06-13 21:59:20.921896: Pseudo dice [0.5165]
2026-06-13 21:59:20.923993: Epoch time: 22.71 s
2026-06-13 21:59:21.855221: 
2026-06-13 21:59:21.857754: Epoch 475
2026-06-13 21:59:21.860185: Current learning rate: 0.0056
2026-06-13 21:59:44.488718: train_loss -0.6435
2026-06-13 21:59:44.494104: val_loss -0.5127
2026-06-13 21:59:44.497234: Pseudo dice [0.4956]
2026-06-13 21:59:44.502175: Epoch time: 22.63 s
2026-06-13 21:59:45.432122: 
2026-06-13 21:59:45.434194: Epoch 476
2026-06-13 21:59:45.435804: Current learning rate: 0.00559
2026-06-13 22:00:08.071560: train_loss -0.6373
2026-06-13 22:00:08.074017: val_loss -0.4806
2026-06-13 22:00:08.075778: Pseudo dice [0.5025]
2026-06-13 22:00:08.077430: Epoch time: 22.64 s
2026-06-13 22:00:09.006073: 
2026-06-13 22:00:09.007858: Epoch 477
2026-06-13 22:00:09.009472: Current learning rate: 0.00558
2026-06-13 22:00:31.585664: train_loss -0.5791
2026-06-13 22:00:31.588574: val_loss -0.4699
2026-06-13 22:00:31.590039: Pseudo dice [0.4758]
2026-06-13 22:00:31.591483: Epoch time: 22.58 s
2026-06-13 22:00:32.524256: 
2026-06-13 22:00:32.526522: Epoch 478
2026-06-13 22:00:32.528322: Current learning rate: 0.00557
2026-06-13 22:00:55.374508: train_loss -0.6379
2026-06-13 22:00:55.377088: val_loss -0.4691
2026-06-13 22:00:55.378693: Pseudo dice [0.4366]
2026-06-13 22:00:55.380145: Epoch time: 22.85 s
2026-06-13 22:00:56.328101: 
2026-06-13 22:00:56.330041: Epoch 479
2026-06-13 22:00:56.331640: Current learning rate: 0.00556
2026-06-13 22:01:19.115822: train_loss -0.6423
2026-06-13 22:01:19.118501: val_loss -0.4205
2026-06-13 22:01:19.120223: Pseudo dice [0.4409]
2026-06-13 22:01:19.121841: Epoch time: 22.79 s
2026-06-13 22:01:20.060269: 
2026-06-13 22:01:20.062455: Epoch 480
2026-06-13 22:01:20.064606: Current learning rate: 0.00555
2026-06-13 22:01:42.802433: train_loss -0.6322
2026-06-13 22:01:42.805443: val_loss -0.4972
2026-06-13 22:01:42.806966: Pseudo dice [0.4813]
2026-06-13 22:01:42.808481: Epoch time: 22.74 s
2026-06-13 22:01:43.739856: 
2026-06-13 22:01:43.741519: Epoch 481
2026-06-13 22:01:43.743047: Current learning rate: 0.00554
2026-06-13 22:02:06.504331: train_loss -0.6422
2026-06-13 22:02:06.510412: val_loss -0.4641
2026-06-13 22:02:06.513666: Pseudo dice [0.4774]
2026-06-13 22:02:06.516768: Epoch time: 22.77 s
2026-06-13 22:02:07.449596: 
2026-06-13 22:02:07.451229: Epoch 482
2026-06-13 22:02:07.452863: Current learning rate: 0.00553
2026-06-13 22:02:30.201580: train_loss -0.6572
2026-06-13 22:02:30.203732: val_loss -0.506
2026-06-13 22:02:30.205236: Pseudo dice [0.4772]
2026-06-13 22:02:30.207085: Epoch time: 22.75 s
2026-06-13 22:02:31.142829: 
2026-06-13 22:02:31.145106: Epoch 483
2026-06-13 22:02:31.147310: Current learning rate: 0.00552
2026-06-13 22:02:53.742719: train_loss -0.6481
2026-06-13 22:02:53.745394: val_loss -0.5805
2026-06-13 22:02:53.746772: Pseudo dice [0.5594]
2026-06-13 22:02:53.748135: Epoch time: 22.6 s
2026-06-13 22:02:54.674225: 
2026-06-13 22:02:54.675910: Epoch 484
2026-06-13 22:02:54.677600: Current learning rate: 0.00551
2026-06-13 22:03:17.579169: train_loss -0.6392
2026-06-13 22:03:17.583776: val_loss -0.4949
2026-06-13 22:03:17.585530: Pseudo dice [0.509]
2026-06-13 22:03:17.587120: Epoch time: 22.91 s
2026-06-13 22:03:18.511119: 
2026-06-13 22:03:18.515096: Epoch 485
2026-06-13 22:03:18.517135: Current learning rate: 0.0055
2026-06-13 22:03:41.228337: train_loss -0.6564
2026-06-13 22:03:41.230672: val_loss -0.4982
2026-06-13 22:03:41.232251: Pseudo dice [0.4778]
2026-06-13 22:03:41.233860: Epoch time: 22.72 s
2026-06-13 22:03:42.155342: 
2026-06-13 22:03:42.158617: Epoch 486
2026-06-13 22:03:42.165678: Current learning rate: 0.00549
2026-06-13 22:04:04.829305: train_loss -0.634
2026-06-13 22:04:04.833569: val_loss -0.417
2026-06-13 22:04:04.835333: Pseudo dice [0.3958]
2026-06-13 22:04:04.837009: Epoch time: 22.67 s
2026-06-13 22:04:05.759478: 
2026-06-13 22:04:05.761216: Epoch 487
2026-06-13 22:04:05.762890: Current learning rate: 0.00548
2026-06-13 22:04:28.375339: train_loss -0.6505
2026-06-13 22:04:28.379024: val_loss -0.509
2026-06-13 22:04:28.381259: Pseudo dice [0.4963]
2026-06-13 22:04:28.383103: Epoch time: 22.62 s
2026-06-13 22:04:29.301148: 
2026-06-13 22:04:29.303125: Epoch 488
2026-06-13 22:04:29.304914: Current learning rate: 0.00547
2026-06-13 22:04:51.916250: train_loss -0.6452
2026-06-13 22:04:51.918559: val_loss -0.5067
2026-06-13 22:04:51.919960: Pseudo dice [0.5297]
2026-06-13 22:04:51.921319: Epoch time: 22.62 s
2026-06-13 22:04:52.839780: 
2026-06-13 22:04:52.841323: Epoch 489
2026-06-13 22:04:52.842730: Current learning rate: 0.00546
2026-06-13 22:05:15.396752: train_loss -0.6703
2026-06-13 22:05:15.400427: val_loss -0.5244
2026-06-13 22:05:15.402058: Pseudo dice [0.5353]
2026-06-13 22:05:15.403600: Epoch time: 22.56 s
2026-06-13 22:05:16.319239: 
2026-06-13 22:05:16.321699: Epoch 490
2026-06-13 22:05:16.324238: Current learning rate: 0.00546
2026-06-13 22:05:39.142896: train_loss -0.6271
2026-06-13 22:05:39.150691: val_loss -0.4581
2026-06-13 22:05:39.152838: Pseudo dice [0.4833]
2026-06-13 22:05:39.154369: Epoch time: 22.82 s
2026-06-13 22:05:40.628129: 
2026-06-13 22:05:40.629797: Epoch 491
2026-06-13 22:05:40.631255: Current learning rate: 0.00545
2026-06-13 22:06:03.444777: train_loss -0.6055
2026-06-13 22:06:03.451172: val_loss -0.5746
2026-06-13 22:06:03.452554: Pseudo dice [0.5416]
2026-06-13 22:06:03.454126: Epoch time: 22.82 s
2026-06-13 22:06:04.383611: 
2026-06-13 22:06:04.385510: Epoch 492
2026-06-13 22:06:04.387000: Current learning rate: 0.00544
2026-06-13 22:06:27.174460: train_loss -0.6471
2026-06-13 22:06:27.177026: val_loss -0.5014
2026-06-13 22:06:27.178352: Pseudo dice [0.5048]
2026-06-13 22:06:27.179720: Epoch time: 22.79 s
2026-06-13 22:06:28.100826: 
2026-06-13 22:06:28.102492: Epoch 493
2026-06-13 22:06:28.103880: Current learning rate: 0.00543
2026-06-13 22:06:50.945727: train_loss -0.672
2026-06-13 22:06:50.951149: val_loss -0.4933
2026-06-13 22:06:50.955394: Pseudo dice [0.5056]
2026-06-13 22:06:50.958446: Epoch time: 22.85 s
2026-06-13 22:06:51.887066: 
2026-06-13 22:06:51.889942: Epoch 494
2026-06-13 22:06:51.891511: Current learning rate: 0.00542
2026-06-13 22:07:14.741017: train_loss -0.6806
2026-06-13 22:07:14.747086: val_loss -0.5714
2026-06-13 22:07:14.749676: Pseudo dice [0.5761]
2026-06-13 22:07:14.751937: Epoch time: 22.85 s
2026-06-13 22:07:15.676033: 
2026-06-13 22:07:15.677676: Epoch 495
2026-06-13 22:07:15.679151: Current learning rate: 0.00541
2026-06-13 22:07:38.595455: train_loss -0.6636
2026-06-13 22:07:38.597850: val_loss -0.5275
2026-06-13 22:07:38.599970: Pseudo dice [0.5295]
2026-06-13 22:07:38.601821: Epoch time: 22.92 s
2026-06-13 22:07:39.541154: 
2026-06-13 22:07:39.546177: Epoch 496
2026-06-13 22:07:39.549468: Current learning rate: 0.0054
2026-06-13 22:08:02.447959: train_loss -0.6836
2026-06-13 22:08:02.455197: val_loss -0.4351
2026-06-13 22:08:02.457632: Pseudo dice [0.4255]
2026-06-13 22:08:02.459855: Epoch time: 22.91 s
2026-06-13 22:08:03.387159: 
2026-06-13 22:08:03.388740: Epoch 497
2026-06-13 22:08:03.390904: Current learning rate: 0.00539
2026-06-13 22:08:26.387813: train_loss -0.6713
2026-06-13 22:08:26.390568: val_loss -0.5183
2026-06-13 22:08:26.392015: Pseudo dice [0.511]
2026-06-13 22:08:26.393714: Epoch time: 23.0 s
2026-06-13 22:08:27.319468: 
2026-06-13 22:08:27.321385: Epoch 498
2026-06-13 22:08:27.322873: Current learning rate: 0.00538
2026-06-13 22:08:50.188200: train_loss -0.6693
2026-06-13 22:08:50.190338: val_loss -0.5246
2026-06-13 22:08:50.191947: Pseudo dice [0.5371]
2026-06-13 22:08:50.193434: Epoch time: 22.87 s
2026-06-13 22:08:51.111941: 
2026-06-13 22:08:51.115585: Epoch 499
2026-06-13 22:08:51.119604: Current learning rate: 0.00537
2026-06-13 22:09:14.016718: train_loss -0.6568
2026-06-13 22:09:14.022731: val_loss -0.5091
2026-06-13 22:09:14.024373: Pseudo dice [0.5156]
2026-06-13 22:09:14.025949: Epoch time: 22.91 s
2026-06-13 22:09:15.436328: 
2026-06-13 22:09:15.437950: Epoch 500
2026-06-13 22:09:15.439549: Current learning rate: 0.00536
2026-06-13 22:09:38.293234: train_loss -0.6654
2026-06-13 22:09:38.297010: val_loss -0.5146
2026-06-13 22:09:38.301631: Pseudo dice [0.4867]
2026-06-13 22:09:38.315469: Epoch time: 22.86 s
2026-06-13 22:09:39.243340: 
2026-06-13 22:09:39.245150: Epoch 501
2026-06-13 22:09:39.246791: Current learning rate: 0.00535
2026-06-13 22:10:02.010128: train_loss -0.6635
2026-06-13 22:10:02.014288: val_loss -0.5325
2026-06-13 22:10:02.016660: Pseudo dice [0.5131]
2026-06-13 22:10:02.019647: Epoch time: 22.77 s
2026-06-13 22:10:02.942456: 
2026-06-13 22:10:02.944203: Epoch 502
2026-06-13 22:10:02.946078: Current learning rate: 0.00534
2026-06-13 22:10:25.678292: train_loss -0.6587
2026-06-13 22:10:25.683171: val_loss -0.4624
2026-06-13 22:10:25.684622: Pseudo dice [0.4579]
2026-06-13 22:10:25.686180: Epoch time: 22.74 s
2026-06-13 22:10:26.605670: 
2026-06-13 22:10:26.608478: Epoch 503
2026-06-13 22:10:26.610845: Current learning rate: 0.00533
2026-06-13 22:10:49.513846: train_loss -0.6743
2026-06-13 22:10:49.517004: val_loss -0.529
2026-06-13 22:10:49.518558: Pseudo dice [0.5147]
2026-06-13 22:10:49.520218: Epoch time: 22.91 s
2026-06-13 22:10:50.454685: 
2026-06-13 22:10:50.456860: Epoch 504
2026-06-13 22:10:50.458785: Current learning rate: 0.00532
2026-06-13 22:11:13.183161: train_loss -0.6818
2026-06-13 22:11:13.186058: val_loss -0.5117
2026-06-13 22:11:13.187795: Pseudo dice [0.4858]
2026-06-13 22:11:13.189433: Epoch time: 22.73 s
2026-06-13 22:11:14.129192: 
2026-06-13 22:11:14.130861: Epoch 505
2026-06-13 22:11:14.132415: Current learning rate: 0.00531
2026-06-13 22:11:36.819107: train_loss -0.6722
2026-06-13 22:11:36.823141: val_loss -0.4826
2026-06-13 22:11:36.824675: Pseudo dice [0.5079]
2026-06-13 22:11:36.826201: Epoch time: 22.69 s
2026-06-13 22:11:37.755087: 
2026-06-13 22:11:37.756895: Epoch 506
2026-06-13 22:11:37.758545: Current learning rate: 0.0053
2026-06-13 22:12:00.572262: train_loss -0.6451
2026-06-13 22:12:00.575826: val_loss -0.5043
2026-06-13 22:12:00.577543: Pseudo dice [0.4893]
2026-06-13 22:12:00.579459: Epoch time: 22.82 s
2026-06-13 22:12:01.503058: 
2026-06-13 22:12:01.505139: Epoch 507
2026-06-13 22:12:01.507295: Current learning rate: 0.00529
2026-06-13 22:12:24.299737: train_loss -0.6284
2026-06-13 22:12:24.302512: val_loss -0.4954
2026-06-13 22:12:24.304382: Pseudo dice [0.4921]
2026-06-13 22:12:24.306026: Epoch time: 22.8 s
2026-06-13 22:12:25.233143: 
2026-06-13 22:12:25.235339: Epoch 508
2026-06-13 22:12:25.237047: Current learning rate: 0.00528
2026-06-13 22:12:48.085273: train_loss -0.6423
2026-06-13 22:12:48.090102: val_loss -0.5165
2026-06-13 22:12:48.091667: Pseudo dice [0.4824]
2026-06-13 22:12:48.093072: Epoch time: 22.85 s
2026-06-13 22:12:49.587168: 
2026-06-13 22:12:49.588816: Epoch 509
2026-06-13 22:12:49.590368: Current learning rate: 0.00527
2026-06-13 22:13:12.489396: train_loss -0.6313
2026-06-13 22:13:12.492276: val_loss -0.5227
2026-06-13 22:13:12.494269: Pseudo dice [0.5348]
2026-06-13 22:13:12.496524: Epoch time: 22.9 s
2026-06-13 22:13:13.430747: 
2026-06-13 22:13:13.432514: Epoch 510
2026-06-13 22:13:13.434221: Current learning rate: 0.00526
2026-06-13 22:13:36.296546: train_loss -0.6509
2026-06-13 22:13:36.299447: val_loss -0.4957
2026-06-13 22:13:36.300996: Pseudo dice [0.4888]
2026-06-13 22:13:36.302637: Epoch time: 22.87 s
2026-06-13 22:13:37.234759: 
2026-06-13 22:13:37.236674: Epoch 511
2026-06-13 22:13:37.238519: Current learning rate: 0.00525
2026-06-13 22:14:00.033133: train_loss -0.6525
2026-06-13 22:14:00.037749: val_loss -0.5395
2026-06-13 22:14:00.040268: Pseudo dice [0.5227]
2026-06-13 22:14:00.042731: Epoch time: 22.8 s
2026-06-13 22:14:00.977378: 
2026-06-13 22:14:00.979038: Epoch 512
2026-06-13 22:14:00.980513: Current learning rate: 0.00524
2026-06-13 22:14:23.769842: train_loss -0.6243
2026-06-13 22:14:23.788507: val_loss -0.4035
2026-06-13 22:14:23.797778: Pseudo dice [0.4209]
2026-06-13 22:14:23.799756: Epoch time: 22.79 s
2026-06-13 22:14:24.715148: 
2026-06-13 22:14:24.716764: Epoch 513
2026-06-13 22:14:24.718238: Current learning rate: 0.00523
2026-06-13 22:14:47.628597: train_loss -0.6407
2026-06-13 22:14:47.631346: val_loss -0.5221
2026-06-13 22:14:47.632985: Pseudo dice [0.4824]
2026-06-13 22:14:47.636940: Epoch time: 22.91 s
2026-06-13 22:14:48.588216: 
2026-06-13 22:14:48.591547: Epoch 514
2026-06-13 22:14:48.593897: Current learning rate: 0.00522
2026-06-13 22:15:11.262752: train_loss -0.5963
2026-06-13 22:15:11.266723: val_loss -0.4405
2026-06-13 22:15:11.268613: Pseudo dice [0.4351]
2026-06-13 22:15:11.270846: Epoch time: 22.68 s
2026-06-13 22:15:12.224450: 
2026-06-13 22:15:12.233764: Epoch 515
2026-06-13 22:15:12.235255: Current learning rate: 0.00521
2026-06-13 22:15:34.790677: train_loss -0.6299
2026-06-13 22:15:34.793734: val_loss -0.5196
2026-06-13 22:15:34.795165: Pseudo dice [0.5303]
2026-06-13 22:15:34.799001: Epoch time: 22.57 s
2026-06-13 22:15:35.731576: 
2026-06-13 22:15:35.733129: Epoch 516
2026-06-13 22:15:35.734543: Current learning rate: 0.0052
2026-06-13 22:15:58.147214: train_loss -0.6374
2026-06-13 22:15:58.150995: val_loss -0.4121
2026-06-13 22:15:58.153947: Pseudo dice [0.4408]
2026-06-13 22:15:58.156990: Epoch time: 22.42 s
2026-06-13 22:15:59.092764: 
2026-06-13 22:15:59.094557: Epoch 517
2026-06-13 22:15:59.096112: Current learning rate: 0.00519
2026-06-13 22:16:21.492153: train_loss -0.6117
2026-06-13 22:16:21.496173: val_loss -0.4846
2026-06-13 22:16:21.497767: Pseudo dice [0.4843]
2026-06-13 22:16:21.499680: Epoch time: 22.4 s
2026-06-13 22:16:22.432875: 
2026-06-13 22:16:22.434866: Epoch 518
2026-06-13 22:16:22.436268: Current learning rate: 0.00518
2026-06-13 22:16:44.855396: train_loss -0.6092
2026-06-13 22:16:44.858092: val_loss -0.488
2026-06-13 22:16:44.859977: Pseudo dice [0.471]
2026-06-13 22:16:44.861463: Epoch time: 22.42 s
2026-06-13 22:16:45.791382: 
2026-06-13 22:16:45.793018: Epoch 519
2026-06-13 22:16:45.794412: Current learning rate: 0.00518
2026-06-13 22:17:08.236218: train_loss -0.626
2026-06-13 22:17:08.240787: val_loss -0.496
2026-06-13 22:17:08.244691: Pseudo dice [0.4881]
2026-06-13 22:17:08.248098: Epoch time: 22.45 s
2026-06-13 22:17:09.192205: 
2026-06-13 22:17:09.194777: Epoch 520
2026-06-13 22:17:09.196572: Current learning rate: 0.00517
2026-06-13 22:17:31.638014: train_loss -0.6538
2026-06-13 22:17:31.641599: val_loss -0.5109
2026-06-13 22:17:31.643162: Pseudo dice [0.5078]
2026-06-13 22:17:31.644680: Epoch time: 22.45 s
2026-06-13 22:17:32.578389: 
2026-06-13 22:17:32.580215: Epoch 521
2026-06-13 22:17:32.581715: Current learning rate: 0.00516
2026-06-13 22:17:54.934391: train_loss -0.6469
2026-06-13 22:17:54.936504: val_loss -0.5774
2026-06-13 22:17:54.938038: Pseudo dice [0.5752]
2026-06-13 22:17:54.939599: Epoch time: 22.36 s
2026-06-13 22:17:55.868924: 
2026-06-13 22:17:55.871472: Epoch 522
2026-06-13 22:17:55.873610: Current learning rate: 0.00515
2026-06-13 22:18:18.561444: train_loss -0.6677
2026-06-13 22:18:18.563673: val_loss -0.5077
2026-06-13 22:18:18.565559: Pseudo dice [0.4936]
2026-06-13 22:18:18.567315: Epoch time: 22.69 s
2026-06-13 22:18:19.523840: 
2026-06-13 22:18:19.525519: Epoch 523
2026-06-13 22:18:19.527123: Current learning rate: 0.00514
2026-06-13 22:18:42.390587: train_loss -0.6405
2026-06-13 22:18:42.393785: val_loss -0.4882
2026-06-13 22:18:42.395331: Pseudo dice [0.4456]
2026-06-13 22:18:42.396971: Epoch time: 22.87 s
2026-06-13 22:18:43.548750: 
2026-06-13 22:18:43.550553: Epoch 524
2026-06-13 22:18:43.552190: Current learning rate: 0.00513
2026-06-13 22:19:06.295819: train_loss -0.6241
2026-06-13 22:19:06.298461: val_loss -0.5151
2026-06-13 22:19:06.300421: Pseudo dice [0.5253]
2026-06-13 22:19:06.302464: Epoch time: 22.75 s
2026-06-13 22:19:07.254170: 
2026-06-13 22:19:07.256120: Epoch 525
2026-06-13 22:19:07.258398: Current learning rate: 0.00512
2026-06-13 22:19:30.257157: train_loss -0.6669
2026-06-13 22:19:30.259163: val_loss -0.4956
2026-06-13 22:19:30.260725: Pseudo dice [0.4654]
2026-06-13 22:19:30.262357: Epoch time: 23.0 s
2026-06-13 22:19:31.199462: 
2026-06-13 22:19:31.200970: Epoch 526
2026-06-13 22:19:31.202552: Current learning rate: 0.00511
2026-06-13 22:19:54.056679: train_loss -0.6656
2026-06-13 22:19:54.059537: val_loss -0.5055
2026-06-13 22:19:54.060954: Pseudo dice [0.5057]
2026-06-13 22:19:54.062503: Epoch time: 22.86 s
2026-06-13 22:19:55.585481: 
2026-06-13 22:19:55.587200: Epoch 527
2026-06-13 22:19:55.588812: Current learning rate: 0.0051
2026-06-13 22:20:18.082057: train_loss -0.6646
2026-06-13 22:20:18.096354: val_loss -0.5209
2026-06-13 22:20:18.098095: Pseudo dice [0.5261]
2026-06-13 22:20:18.099654: Epoch time: 22.5 s
2026-06-13 22:20:19.031399: 
2026-06-13 22:20:19.033073: Epoch 528
2026-06-13 22:20:19.034853: Current learning rate: 0.00509
2026-06-13 22:20:41.672094: train_loss -0.6505
2026-06-13 22:20:41.678784: val_loss -0.454
2026-06-13 22:20:41.682195: Pseudo dice [0.4557]
2026-06-13 22:20:41.689136: Epoch time: 22.64 s
2026-06-13 22:20:42.623062: 
2026-06-13 22:20:42.625195: Epoch 529
2026-06-13 22:20:42.626807: Current learning rate: 0.00508
2026-06-13 22:21:05.278429: train_loss -0.6388
2026-06-13 22:21:05.282030: val_loss -0.4753
2026-06-13 22:21:05.283755: Pseudo dice [0.4818]
2026-06-13 22:21:05.285538: Epoch time: 22.66 s
2026-06-13 22:21:06.216592: 
2026-06-13 22:21:06.219069: Epoch 530
2026-06-13 22:21:06.222764: Current learning rate: 0.00507
2026-06-13 22:21:28.771145: train_loss -0.6369
2026-06-13 22:21:28.774546: val_loss -0.5175
2026-06-13 22:21:28.776563: Pseudo dice [0.481]
2026-06-13 22:21:28.778850: Epoch time: 22.56 s
2026-06-13 22:21:29.717817: 
2026-06-13 22:21:29.719405: Epoch 531
2026-06-13 22:21:29.721007: Current learning rate: 0.00506
2026-06-13 22:21:52.416035: train_loss -0.6625
2026-06-13 22:21:52.420023: val_loss -0.5446
2026-06-13 22:21:52.422037: Pseudo dice [0.5318]
2026-06-13 22:21:52.423967: Epoch time: 22.7 s
2026-06-13 22:21:53.372737: 
2026-06-13 22:21:53.374679: Epoch 532
2026-06-13 22:21:53.376839: Current learning rate: 0.00505
2026-06-13 22:22:16.053263: train_loss -0.6627
2026-06-13 22:22:16.057066: val_loss -0.5158
2026-06-13 22:22:16.058783: Pseudo dice [0.4357]
2026-06-13 22:22:16.060284: Epoch time: 22.68 s
2026-06-13 22:22:16.985198: 
2026-06-13 22:22:16.986879: Epoch 533
2026-06-13 22:22:16.988612: Current learning rate: 0.00504
2026-06-13 22:22:39.710448: train_loss -0.6481
2026-06-13 22:22:39.713557: val_loss -0.4807
2026-06-13 22:22:39.715183: Pseudo dice [0.4331]
2026-06-13 22:22:39.716874: Epoch time: 22.73 s
2026-06-13 22:22:40.646989: 
2026-06-13 22:22:40.648550: Epoch 534
2026-06-13 22:22:40.650139: Current learning rate: 0.00503
2026-06-13 22:23:03.377990: train_loss -0.6439
2026-06-13 22:23:03.380700: val_loss -0.5366
2026-06-13 22:23:03.382210: Pseudo dice [0.4729]
2026-06-13 22:23:03.383728: Epoch time: 22.73 s
2026-06-13 22:23:04.309479: 
2026-06-13 22:23:04.311028: Epoch 535
2026-06-13 22:23:04.312582: Current learning rate: 0.00502
2026-06-13 22:23:26.933038: train_loss -0.6191
2026-06-13 22:23:26.938463: val_loss -0.4236
2026-06-13 22:23:26.940844: Pseudo dice [0.4612]
2026-06-13 22:23:26.942410: Epoch time: 22.62 s
2026-06-13 22:23:27.864854: 
2026-06-13 22:23:27.866401: Epoch 536
2026-06-13 22:23:27.868079: Current learning rate: 0.00501
2026-06-13 22:23:50.618943: train_loss -0.6382
2026-06-13 22:23:50.621856: val_loss -0.5342
2026-06-13 22:23:50.623697: Pseudo dice [0.4825]
2026-06-13 22:23:50.625311: Epoch time: 22.76 s
2026-06-13 22:23:51.559785: 
2026-06-13 22:23:51.561603: Epoch 537
2026-06-13 22:23:51.563203: Current learning rate: 0.005
2026-06-13 22:24:14.434235: train_loss -0.6315
2026-06-13 22:24:14.436532: val_loss -0.5218
2026-06-13 22:24:14.438152: Pseudo dice [0.5249]
2026-06-13 22:24:14.439712: Epoch time: 22.88 s
2026-06-13 22:24:15.377631: 
2026-06-13 22:24:15.379868: Epoch 538
2026-06-13 22:24:15.382476: Current learning rate: 0.00499
2026-06-13 22:24:38.127803: train_loss -0.6258
2026-06-13 22:24:38.131020: val_loss -0.4268
2026-06-13 22:24:38.132522: Pseudo dice [0.4201]
2026-06-13 22:24:38.133912: Epoch time: 22.75 s
2026-06-13 22:24:39.069157: 
2026-06-13 22:24:39.070899: Epoch 539
2026-06-13 22:24:39.072413: Current learning rate: 0.00498
2026-06-13 22:25:01.832206: train_loss -0.666
2026-06-13 22:25:01.835146: val_loss -0.5414
2026-06-13 22:25:01.836743: Pseudo dice [0.5312]
2026-06-13 22:25:01.838381: Epoch time: 22.76 s
2026-06-13 22:25:02.768258: 
2026-06-13 22:25:02.769910: Epoch 540
2026-06-13 22:25:02.771451: Current learning rate: 0.00497
2026-06-13 22:25:25.622506: train_loss -0.6755
2026-06-13 22:25:25.624580: val_loss -0.5141
2026-06-13 22:25:25.626182: Pseudo dice [0.493]
2026-06-13 22:25:25.627734: Epoch time: 22.86 s
2026-06-13 22:25:26.568203: 
2026-06-13 22:25:26.570898: Epoch 541
2026-06-13 22:25:26.573368: Current learning rate: 0.00496
2026-06-13 22:25:49.323619: train_loss -0.6842
2026-06-13 22:25:49.327295: val_loss -0.5036
2026-06-13 22:25:49.328775: Pseudo dice [0.4865]
2026-06-13 22:25:49.330366: Epoch time: 22.76 s
2026-06-13 22:25:50.269479: 
2026-06-13 22:25:50.272619: Epoch 542
2026-06-13 22:25:50.274559: Current learning rate: 0.00495
2026-06-13 22:26:13.220576: train_loss -0.6661
2026-06-13 22:26:13.223792: val_loss -0.5233
2026-06-13 22:26:13.225649: Pseudo dice [0.4658]
2026-06-13 22:26:13.228819: Epoch time: 22.95 s
2026-06-13 22:26:14.176570: 
2026-06-13 22:26:14.178307: Epoch 543
2026-06-13 22:26:14.179996: Current learning rate: 0.00494
2026-06-13 22:26:37.140771: train_loss -0.6774
2026-06-13 22:26:37.144121: val_loss -0.4988
2026-06-13 22:26:37.146884: Pseudo dice [0.4978]
2026-06-13 22:26:37.149366: Epoch time: 22.97 s
2026-06-13 22:26:38.654052: 
2026-06-13 22:26:38.656512: Epoch 544
2026-06-13 22:26:38.658257: Current learning rate: 0.00493
2026-06-13 22:27:01.529712: train_loss -0.6481
2026-06-13 22:27:01.532953: val_loss -0.4937
2026-06-13 22:27:01.534853: Pseudo dice [0.4679]
2026-06-13 22:27:01.536718: Epoch time: 22.88 s
2026-06-13 22:27:02.472224: 
2026-06-13 22:27:02.474093: Epoch 545
2026-06-13 22:27:02.476086: Current learning rate: 0.00492
2026-06-13 22:27:25.353853: train_loss -0.64
2026-06-13 22:27:25.356662: val_loss -0.5178
2026-06-13 22:27:25.358244: Pseudo dice [0.5062]
2026-06-13 22:27:25.359911: Epoch time: 22.88 s
2026-06-13 22:27:26.301565: 
2026-06-13 22:27:26.304793: Epoch 546
2026-06-13 22:27:26.307530: Current learning rate: 0.00491
2026-06-13 22:27:49.172998: train_loss -0.6663
2026-06-13 22:27:49.176537: val_loss -0.5311
2026-06-13 22:27:49.178266: Pseudo dice [0.5179]
2026-06-13 22:27:49.179803: Epoch time: 22.87 s
2026-06-13 22:27:50.116068: 
2026-06-13 22:27:50.117763: Epoch 547
2026-06-13 22:27:50.119374: Current learning rate: 0.0049
2026-06-13 22:28:13.064387: train_loss -0.6836
2026-06-13 22:28:13.067648: val_loss -0.4973
2026-06-13 22:28:13.069091: Pseudo dice [0.4866]
2026-06-13 22:28:13.071248: Epoch time: 22.95 s
2026-06-13 22:28:14.011641: 
2026-06-13 22:28:14.013147: Epoch 548
2026-06-13 22:28:14.014581: Current learning rate: 0.00489
2026-06-13 22:28:36.974318: train_loss -0.6621
2026-06-13 22:28:36.977059: val_loss -0.4996
2026-06-13 22:28:36.979029: Pseudo dice [0.4853]
2026-06-13 22:28:36.981510: Epoch time: 22.96 s
2026-06-13 22:28:37.914299: 
2026-06-13 22:28:37.916128: Epoch 549
2026-06-13 22:28:37.917700: Current learning rate: 0.00488
2026-06-13 22:29:00.784538: train_loss -0.6721
2026-06-13 22:29:00.786853: val_loss -0.5082
2026-06-13 22:29:00.788882: Pseudo dice [0.5192]
2026-06-13 22:29:00.790519: Epoch time: 22.87 s
2026-06-13 22:29:02.250304: 
2026-06-13 22:29:02.252002: Epoch 550
2026-06-13 22:29:02.253648: Current learning rate: 0.00487
2026-06-13 22:29:25.077832: train_loss -0.686
2026-06-13 22:29:25.081418: val_loss -0.4699
2026-06-13 22:29:25.083110: Pseudo dice [0.4977]
2026-06-13 22:29:25.084940: Epoch time: 22.83 s
2026-06-13 22:29:26.042746: 
2026-06-13 22:29:26.044855: Epoch 551
2026-06-13 22:29:26.047127: Current learning rate: 0.00486
2026-06-13 22:29:48.898143: train_loss -0.6851
2026-06-13 22:29:48.901095: val_loss -0.4698
2026-06-13 22:29:48.905626: Pseudo dice [0.4787]
2026-06-13 22:29:48.909682: Epoch time: 22.86 s
2026-06-13 22:29:49.872835: 
2026-06-13 22:29:49.874655: Epoch 552
2026-06-13 22:29:49.876323: Current learning rate: 0.00485
2026-06-13 22:30:12.671906: train_loss -0.6834
2026-06-13 22:30:12.674661: val_loss -0.5199
2026-06-13 22:30:12.676813: Pseudo dice [0.5518]
2026-06-13 22:30:12.678948: Epoch time: 22.8 s
2026-06-13 22:30:13.628288: 
2026-06-13 22:30:13.630140: Epoch 553
2026-06-13 22:30:13.633699: Current learning rate: 0.00484
2026-06-13 22:30:36.534656: train_loss -0.6646
2026-06-13 22:30:36.542837: val_loss -0.4531
2026-06-13 22:30:36.546362: Pseudo dice [0.4862]
2026-06-13 22:30:36.549680: Epoch time: 22.91 s
2026-06-13 22:30:37.545286: 
2026-06-13 22:30:37.547043: Epoch 554
2026-06-13 22:30:37.549100: Current learning rate: 0.00484
2026-06-13 22:31:00.205533: train_loss -0.674
2026-06-13 22:31:00.210166: val_loss -0.5607
2026-06-13 22:31:00.214834: Pseudo dice [0.5628]
2026-06-13 22:31:00.221150: Epoch time: 22.66 s
2026-06-13 22:31:01.186581: 
2026-06-13 22:31:01.191203: Epoch 555
2026-06-13 22:31:01.195630: Current learning rate: 0.00483
2026-06-13 22:31:23.842124: train_loss -0.6577
2026-06-13 22:31:23.847337: val_loss -0.4719
2026-06-13 22:31:23.851808: Pseudo dice [0.4582]
2026-06-13 22:31:23.856219: Epoch time: 22.66 s
2026-06-13 22:31:24.792209: 
2026-06-13 22:31:24.799037: Epoch 556
2026-06-13 22:31:24.802642: Current learning rate: 0.00482
2026-06-13 22:31:47.536071: train_loss -0.6946
2026-06-13 22:31:47.545797: val_loss -0.5146
2026-06-13 22:31:47.550954: Pseudo dice [0.49]
2026-06-13 22:31:47.555282: Epoch time: 22.74 s
2026-06-13 22:31:48.513049: 
2026-06-13 22:31:48.517600: Epoch 557
2026-06-13 22:31:48.521416: Current learning rate: 0.00481
2026-06-13 22:32:11.264520: train_loss -0.5857
2026-06-13 22:32:11.270204: val_loss -0.4808
2026-06-13 22:32:11.273612: Pseudo dice [0.4992]
2026-06-13 22:32:11.277242: Epoch time: 22.75 s
2026-06-13 22:32:12.223348: 
2026-06-13 22:32:12.227477: Epoch 558
2026-06-13 22:32:12.230569: Current learning rate: 0.0048
2026-06-13 22:32:35.191749: train_loss -0.6606
2026-06-13 22:32:35.194665: val_loss -0.5301
2026-06-13 22:32:35.196350: Pseudo dice [0.5357]
2026-06-13 22:32:35.198141: Epoch time: 22.97 s
2026-06-13 22:32:36.131370: 
2026-06-13 22:32:36.133266: Epoch 559
2026-06-13 22:32:36.134889: Current learning rate: 0.00479
2026-06-13 22:32:58.790912: train_loss -0.6324
2026-06-13 22:32:58.793373: val_loss -0.5419
2026-06-13 22:32:58.795031: Pseudo dice [0.5505]
2026-06-13 22:32:58.796625: Epoch time: 22.66 s
2026-06-13 22:32:59.734524: 
2026-06-13 22:32:59.736205: Epoch 560
2026-06-13 22:32:59.737817: Current learning rate: 0.00478
2026-06-13 22:33:22.221562: train_loss -0.6619
2026-06-13 22:33:22.224895: val_loss -0.5255
2026-06-13 22:33:22.226559: Pseudo dice [0.5188]
2026-06-13 22:33:22.228689: Epoch time: 22.49 s
2026-06-13 22:33:23.749090: 
2026-06-13 22:33:23.752405: Epoch 561
2026-06-13 22:33:23.755732: Current learning rate: 0.00477
2026-06-13 22:33:46.177211: train_loss -0.6982
2026-06-13 22:33:46.179612: val_loss -0.4613
2026-06-13 22:33:46.183050: Pseudo dice [0.4678]
2026-06-13 22:33:46.184796: Epoch time: 22.43 s
2026-06-13 22:33:47.127804: 
2026-06-13 22:33:47.129378: Epoch 562
2026-06-13 22:33:47.130948: Current learning rate: 0.00476
2026-06-13 22:34:09.674392: train_loss -0.6956
2026-06-13 22:34:09.678548: val_loss -0.5029
2026-06-13 22:34:09.680472: Pseudo dice [0.5026]
2026-06-13 22:34:09.682026: Epoch time: 22.55 s
2026-06-13 22:34:10.620193: 
2026-06-13 22:34:10.621950: Epoch 563
2026-06-13 22:34:10.623595: Current learning rate: 0.00475
2026-06-13 22:34:33.279065: train_loss -0.6601
2026-06-13 22:34:33.282360: val_loss -0.4736
2026-06-13 22:34:33.283877: Pseudo dice [0.4657]
2026-06-13 22:34:33.286129: Epoch time: 22.66 s
2026-06-13 22:34:34.227758: 
2026-06-13 22:34:34.230298: Epoch 564
2026-06-13 22:34:34.232043: Current learning rate: 0.00474
2026-06-13 22:34:56.689661: train_loss -0.6783
2026-06-13 22:34:56.692320: val_loss -0.4973
2026-06-13 22:34:56.694772: Pseudo dice [0.4876]
2026-06-13 22:34:56.697701: Epoch time: 22.46 s
2026-06-13 22:34:57.628609: 
2026-06-13 22:34:57.630630: Epoch 565
2026-06-13 22:34:57.632519: Current learning rate: 0.00473
2026-06-13 22:35:20.254886: train_loss -0.5812
2026-06-13 22:35:20.258070: val_loss -0.5035
2026-06-13 22:35:20.259676: Pseudo dice [0.5118]
2026-06-13 22:35:20.266767: Epoch time: 22.63 s
2026-06-13 22:35:21.206647: 
2026-06-13 22:35:21.209425: Epoch 566
2026-06-13 22:35:21.212123: Current learning rate: 0.00472
2026-06-13 22:35:43.728674: train_loss -0.6657
2026-06-13 22:35:43.731997: val_loss -0.4705
2026-06-13 22:35:43.733500: Pseudo dice [0.466]
2026-06-13 22:35:43.735046: Epoch time: 22.52 s
2026-06-13 22:35:44.682132: 
2026-06-13 22:35:44.684809: Epoch 567
2026-06-13 22:35:44.687869: Current learning rate: 0.00471
2026-06-13 22:36:07.155573: train_loss -0.6725
2026-06-13 22:36:07.158275: val_loss -0.5737
2026-06-13 22:36:07.161035: Pseudo dice [0.5544]
2026-06-13 22:36:07.162713: Epoch time: 22.47 s
2026-06-13 22:36:08.106977: 
2026-06-13 22:36:08.108786: Epoch 568
2026-06-13 22:36:08.110539: Current learning rate: 0.0047
2026-06-13 22:36:30.636332: train_loss -0.6855
2026-06-13 22:36:30.639254: val_loss -0.4094
2026-06-13 22:36:30.640878: Pseudo dice [0.4432]
2026-06-13 22:36:30.642367: Epoch time: 22.53 s
2026-06-13 22:36:31.577088: 
2026-06-13 22:36:31.578715: Epoch 569
2026-06-13 22:36:31.580189: Current learning rate: 0.00469
2026-06-13 22:36:54.228112: train_loss -0.6141
2026-06-13 22:36:54.231852: val_loss -0.5378
2026-06-13 22:36:54.233372: Pseudo dice [0.502]
2026-06-13 22:36:54.234883: Epoch time: 22.65 s
2026-06-13 22:36:55.234825: 
2026-06-13 22:36:55.236686: Epoch 570
2026-06-13 22:36:55.238379: Current learning rate: 0.00468
2026-06-13 22:37:17.812140: train_loss -0.6287
2026-06-13 22:37:17.814267: val_loss -0.4887
2026-06-13 22:37:17.815741: Pseudo dice [0.5143]
2026-06-13 22:37:17.817184: Epoch time: 22.58 s
2026-06-13 22:37:18.764189: 
2026-06-13 22:37:18.766976: Epoch 571
2026-06-13 22:37:18.769570: Current learning rate: 0.00467
2026-06-13 22:37:41.259575: train_loss -0.6464
2026-06-13 22:37:41.265059: val_loss -0.5093
2026-06-13 22:37:41.269130: Pseudo dice [0.5273]
2026-06-13 22:37:41.271041: Epoch time: 22.5 s
2026-06-13 22:37:42.203650: 
2026-06-13 22:37:42.205519: Epoch 572
2026-06-13 22:37:42.207250: Current learning rate: 0.00466
2026-06-13 22:38:04.759549: train_loss -0.6817
2026-06-13 22:38:04.762667: val_loss -0.518
2026-06-13 22:38:04.764432: Pseudo dice [0.5065]
2026-06-13 22:38:04.766276: Epoch time: 22.56 s
2026-06-13 22:38:05.711843: 
2026-06-13 22:38:05.713600: Epoch 573
2026-06-13 22:38:05.715312: Current learning rate: 0.00465
2026-06-13 22:38:28.175076: train_loss -0.6867
2026-06-13 22:38:28.177352: val_loss -0.5095
2026-06-13 22:38:28.178907: Pseudo dice [0.5062]
2026-06-13 22:38:28.180430: Epoch time: 22.46 s
2026-06-13 22:38:29.118804: 
2026-06-13 22:38:29.120748: Epoch 574
2026-06-13 22:38:29.122433: Current learning rate: 0.00464
2026-06-13 22:38:51.588025: train_loss -0.623
2026-06-13 22:38:51.591571: val_loss -0.4389
2026-06-13 22:38:51.594065: Pseudo dice [0.3953]
2026-06-13 22:38:51.596861: Epoch time: 22.47 s
2026-06-13 22:38:52.535996: 
2026-06-13 22:38:52.537889: Epoch 575
2026-06-13 22:38:52.539472: Current learning rate: 0.00463
2026-06-13 22:39:15.276369: train_loss -0.6541
2026-06-13 22:39:15.280812: val_loss -0.5319
2026-06-13 22:39:15.284302: Pseudo dice [0.5033]
2026-06-13 22:39:15.287148: Epoch time: 22.74 s
2026-06-13 22:39:16.226680: 
2026-06-13 22:39:16.228183: Epoch 576
2026-06-13 22:39:16.229841: Current learning rate: 0.00462
2026-06-13 22:39:38.723916: train_loss -0.6885
2026-06-13 22:39:38.726732: val_loss -0.48
2026-06-13 22:39:38.728321: Pseudo dice [0.4853]
2026-06-13 22:39:38.730255: Epoch time: 22.5 s
2026-06-13 22:39:39.669048: 
2026-06-13 22:39:39.671205: Epoch 577
2026-06-13 22:39:39.673795: Current learning rate: 0.00461
2026-06-13 22:40:02.380001: train_loss -0.6424
2026-06-13 22:40:02.382056: val_loss -0.5324
2026-06-13 22:40:02.383973: Pseudo dice [0.5291]
2026-06-13 22:40:02.385483: Epoch time: 22.71 s
2026-06-13 22:40:03.340311: 
2026-06-13 22:40:03.341904: Epoch 578
2026-06-13 22:40:03.343370: Current learning rate: 0.0046
2026-06-13 22:40:25.924748: train_loss -0.6654
2026-06-13 22:40:25.928415: val_loss -0.5394
2026-06-13 22:40:25.930388: Pseudo dice [0.5363]
2026-06-13 22:40:25.932015: Epoch time: 22.59 s
2026-06-13 22:40:27.453462: 
2026-06-13 22:40:27.455009: Epoch 579
2026-06-13 22:40:27.456717: Current learning rate: 0.00459
2026-06-13 22:40:49.844212: train_loss -0.6906
2026-06-13 22:40:49.846725: val_loss -0.4756
2026-06-13 22:40:49.848329: Pseudo dice [0.4656]
2026-06-13 22:40:49.849907: Epoch time: 22.39 s
2026-06-13 22:40:50.790767: 
2026-06-13 22:40:50.792330: Epoch 580
2026-06-13 22:40:50.793903: Current learning rate: 0.00458
2026-06-13 22:41:13.425021: train_loss -0.6565
2026-06-13 22:41:13.427883: val_loss -0.4656
2026-06-13 22:41:13.429358: Pseudo dice [0.4875]
2026-06-13 22:41:13.431025: Epoch time: 22.64 s
2026-06-13 22:41:14.400857: 
2026-06-13 22:41:14.402564: Epoch 581
2026-06-13 22:41:14.406062: Current learning rate: 0.00457
2026-06-13 22:41:36.950040: train_loss -0.6954
2026-06-13 22:41:36.955079: val_loss -0.5587
2026-06-13 22:41:36.957114: Pseudo dice [0.5391]
2026-06-13 22:41:36.958910: Epoch time: 22.55 s
2026-06-13 22:41:37.899681: 
2026-06-13 22:41:37.901683: Epoch 582
2026-06-13 22:41:37.903367: Current learning rate: 0.00456
2026-06-13 22:42:00.437768: train_loss -0.6966
2026-06-13 22:42:00.443233: val_loss -0.5324
2026-06-13 22:42:00.444781: Pseudo dice [0.5334]
2026-06-13 22:42:00.446231: Epoch time: 22.54 s
2026-06-13 22:42:01.410477: 
2026-06-13 22:42:01.412135: Epoch 583
2026-06-13 22:42:01.413717: Current learning rate: 0.00455
2026-06-13 22:42:23.978317: train_loss -0.6671
2026-06-13 22:42:23.981212: val_loss -0.5456
2026-06-13 22:42:23.983222: Pseudo dice [0.5219]
2026-06-13 22:42:23.985012: Epoch time: 22.57 s
2026-06-13 22:42:24.940397: 
2026-06-13 22:42:24.941879: Epoch 584
2026-06-13 22:42:24.943383: Current learning rate: 0.00454
2026-06-13 22:42:47.387911: train_loss -0.6859
2026-06-13 22:42:47.391325: val_loss -0.5267
2026-06-13 22:42:47.392824: Pseudo dice [0.5521]
2026-06-13 22:42:47.394318: Epoch time: 22.45 s
2026-06-13 22:42:48.346700: 
2026-06-13 22:42:48.348513: Epoch 585
2026-06-13 22:42:48.350052: Current learning rate: 0.00453
2026-06-13 22:43:10.877829: train_loss -0.7027
2026-06-13 22:43:10.880776: val_loss -0.539
2026-06-13 22:43:10.882754: Pseudo dice [0.5432]
2026-06-13 22:43:10.885051: Epoch time: 22.53 s
2026-06-13 22:43:11.836389: 
2026-06-13 22:43:11.838135: Epoch 586
2026-06-13 22:43:11.839947: Current learning rate: 0.00452
2026-06-13 22:43:34.249201: train_loss -0.6844
2026-06-13 22:43:34.252432: val_loss -0.5046
2026-06-13 22:43:34.254264: Pseudo dice [0.5051]
2026-06-13 22:43:34.255794: Epoch time: 22.41 s
2026-06-13 22:43:35.205634: 
2026-06-13 22:43:35.207343: Epoch 587
2026-06-13 22:43:35.208847: Current learning rate: 0.00451
2026-06-13 22:43:57.811998: train_loss -0.6536
2026-06-13 22:43:57.816267: val_loss -0.5177
2026-06-13 22:43:57.818019: Pseudo dice [0.4755]
2026-06-13 22:43:57.819795: Epoch time: 22.61 s
2026-06-13 22:43:58.767713: 
2026-06-13 22:43:58.769405: Epoch 588
2026-06-13 22:43:58.770952: Current learning rate: 0.0045
2026-06-13 22:44:21.146909: train_loss -0.6826
2026-06-13 22:44:21.150021: val_loss -0.5096
2026-06-13 22:44:21.152022: Pseudo dice [0.5028]
2026-06-13 22:44:21.154349: Epoch time: 22.38 s
2026-06-13 22:44:22.098966: 
2026-06-13 22:44:22.100714: Epoch 589
2026-06-13 22:44:22.102203: Current learning rate: 0.00449
2026-06-13 22:44:44.547727: train_loss -0.6853
2026-06-13 22:44:44.550426: val_loss -0.4768
2026-06-13 22:44:44.552750: Pseudo dice [0.4908]
2026-06-13 22:44:44.555179: Epoch time: 22.45 s
2026-06-13 22:44:45.507599: 
2026-06-13 22:44:45.509227: Epoch 590
2026-06-13 22:44:45.511142: Current learning rate: 0.00448
2026-06-13 22:45:08.099054: train_loss -0.6451
2026-06-13 22:45:08.102741: val_loss -0.5154
2026-06-13 22:45:08.108271: Pseudo dice [0.4868]
2026-06-13 22:45:08.109838: Epoch time: 22.59 s
2026-06-13 22:45:09.041940: 
2026-06-13 22:45:09.043750: Epoch 591
2026-06-13 22:45:09.045326: Current learning rate: 0.00447
2026-06-13 22:45:31.483069: train_loss -0.7018
2026-06-13 22:45:31.485469: val_loss -0.5443
2026-06-13 22:45:31.487080: Pseudo dice [0.5254]
2026-06-13 22:45:31.488531: Epoch time: 22.44 s
2026-06-13 22:45:32.424098: 
2026-06-13 22:45:32.426067: Epoch 592
2026-06-13 22:45:32.427877: Current learning rate: 0.00446
2026-06-13 22:45:54.970024: train_loss -0.6873
2026-06-13 22:45:54.972015: val_loss -0.5202
2026-06-13 22:45:54.973522: Pseudo dice [0.5193]
2026-06-13 22:45:54.974988: Epoch time: 22.55 s
2026-06-13 22:45:55.914271: 
2026-06-13 22:45:55.916181: Epoch 593
2026-06-13 22:45:55.917631: Current learning rate: 0.00445
2026-06-13 22:46:18.473606: train_loss -0.661
2026-06-13 22:46:18.477378: val_loss -0.4629
2026-06-13 22:46:18.479564: Pseudo dice [0.4685]
2026-06-13 22:46:18.482222: Epoch time: 22.56 s
2026-06-13 22:46:19.429152: 
2026-06-13 22:46:19.434436: Epoch 594
2026-06-13 22:46:19.437142: Current learning rate: 0.00444
2026-06-13 22:46:42.000717: train_loss -0.6649
2026-06-13 22:46:42.003569: val_loss -0.5068
2026-06-13 22:46:42.005126: Pseudo dice [0.5113]
2026-06-13 22:46:42.006624: Epoch time: 22.57 s
2026-06-13 22:46:42.942515: 
2026-06-13 22:46:42.944670: Epoch 595
2026-06-13 22:46:42.947177: Current learning rate: 0.00443
2026-06-13 22:47:05.599100: train_loss -0.6612
2026-06-13 22:47:05.609705: val_loss -0.5086
2026-06-13 22:47:05.612952: Pseudo dice [0.5419]
2026-06-13 22:47:05.614599: Epoch time: 22.66 s
2026-06-13 22:47:07.135780: 
2026-06-13 22:47:07.137404: Epoch 596
2026-06-13 22:47:07.138779: Current learning rate: 0.00442
2026-06-13 22:47:29.699707: train_loss -0.6472
2026-06-13 22:47:29.703262: val_loss -0.482
2026-06-13 22:47:29.704809: Pseudo dice [0.4892]
2026-06-13 22:47:29.706350: Epoch time: 22.56 s
2026-06-13 22:47:30.649854: 
2026-06-13 22:47:30.651751: Epoch 597
2026-06-13 22:47:30.653247: Current learning rate: 0.00441
2026-06-13 22:47:53.254460: train_loss -0.663
2026-06-13 22:47:53.256665: val_loss -0.5464
2026-06-13 22:47:53.258365: Pseudo dice [0.5306]
2026-06-13 22:47:53.260132: Epoch time: 22.61 s
2026-06-13 22:47:54.210215: 
2026-06-13 22:47:54.212202: Epoch 598
2026-06-13 22:47:54.213822: Current learning rate: 0.0044
2026-06-13 22:48:16.842748: train_loss -0.6984
2026-06-13 22:48:16.845651: val_loss -0.435
2026-06-13 22:48:16.847193: Pseudo dice [0.4691]
2026-06-13 22:48:16.848744: Epoch time: 22.63 s
2026-06-13 22:48:17.794299: 
2026-06-13 22:48:17.795932: Epoch 599
2026-06-13 22:48:17.797490: Current learning rate: 0.00439
2026-06-13 22:48:40.312316: train_loss -0.7135
2026-06-13 22:48:40.315619: val_loss -0.5159
2026-06-13 22:48:40.317136: Pseudo dice [0.5182]
2026-06-13 22:48:40.318774: Epoch time: 22.52 s
2026-06-13 22:48:41.754433: 
2026-06-13 22:48:41.755939: Epoch 600
2026-06-13 22:48:41.757543: Current learning rate: 0.00438
2026-06-13 22:49:04.246178: train_loss -0.6913
2026-06-13 22:49:04.251348: val_loss -0.4184
2026-06-13 22:49:04.254207: Pseudo dice [0.4562]
2026-06-13 22:49:04.257032: Epoch time: 22.49 s
2026-06-13 22:49:05.200260: 
2026-06-13 22:49:05.206002: Epoch 601
2026-06-13 22:49:05.207577: Current learning rate: 0.00437
2026-06-13 22:49:27.868190: train_loss -0.7026
2026-06-13 22:49:27.871008: val_loss -0.5742
2026-06-13 22:49:27.872636: Pseudo dice [0.5384]
2026-06-13 22:49:27.874367: Epoch time: 22.67 s
2026-06-13 22:49:28.823322: 
2026-06-13 22:49:28.825025: Epoch 602
2026-06-13 22:49:28.826549: Current learning rate: 0.00436
2026-06-13 22:49:51.252763: train_loss -0.6864
2026-06-13 22:49:51.256031: val_loss -0.5992
2026-06-13 22:49:51.257625: Pseudo dice [0.5676]
2026-06-13 22:49:51.259132: Epoch time: 22.43 s
2026-06-13 22:49:52.218238: 
2026-06-13 22:49:52.219741: Epoch 603
2026-06-13 22:49:52.221249: Current learning rate: 0.00435
2026-06-13 22:50:14.731647: train_loss -0.6419
2026-06-13 22:50:14.736449: val_loss -0.5347
2026-06-13 22:50:14.738199: Pseudo dice [0.5293]
2026-06-13 22:50:14.739721: Epoch time: 22.51 s
2026-06-13 22:50:15.695774: 
2026-06-13 22:50:15.701713: Epoch 604
2026-06-13 22:50:15.710332: Current learning rate: 0.00434
2026-06-13 22:50:38.265890: train_loss -0.6379
2026-06-13 22:50:38.269005: val_loss -0.521
2026-06-13 22:50:38.270494: Pseudo dice [0.5258]
2026-06-13 22:50:38.271984: Epoch time: 22.57 s
2026-06-13 22:50:39.208254: 
2026-06-13 22:50:39.210097: Epoch 605
2026-06-13 22:50:39.211651: Current learning rate: 0.00433
2026-06-13 22:51:01.651471: train_loss -0.6822
2026-06-13 22:51:01.654582: val_loss -0.4284
2026-06-13 22:51:01.656071: Pseudo dice [0.4626]
2026-06-13 22:51:01.657703: Epoch time: 22.44 s
2026-06-13 22:51:02.596177: 
2026-06-13 22:51:02.597876: Epoch 606
2026-06-13 22:51:02.599634: Current learning rate: 0.00432
2026-06-13 22:51:25.181461: train_loss -0.6695
2026-06-13 22:51:25.183431: val_loss -0.4687
2026-06-13 22:51:25.184859: Pseudo dice [0.4622]
2026-06-13 22:51:25.186414: Epoch time: 22.59 s
2026-06-13 22:51:26.127968: 
2026-06-13 22:51:26.129557: Epoch 607
2026-06-13 22:51:26.131140: Current learning rate: 0.00431
2026-06-13 22:51:48.755226: train_loss -0.6763
2026-06-13 22:51:48.757184: val_loss -0.5098
2026-06-13 22:51:48.758762: Pseudo dice [0.5185]
2026-06-13 22:51:48.760365: Epoch time: 22.63 s
2026-06-13 22:51:49.707557: 
2026-06-13 22:51:49.709113: Epoch 608
2026-06-13 22:51:49.710534: Current learning rate: 0.0043
2026-06-13 22:52:12.304178: train_loss -0.6767
2026-06-13 22:52:12.307932: val_loss -0.5023
2026-06-13 22:52:12.309748: Pseudo dice [0.5043]
2026-06-13 22:52:12.311269: Epoch time: 22.6 s
2026-06-13 22:52:13.265366: 
2026-06-13 22:52:13.267084: Epoch 609
2026-06-13 22:52:13.268643: Current learning rate: 0.00429
2026-06-13 22:52:35.994809: train_loss -0.6474
2026-06-13 22:52:35.997581: val_loss -0.4598
2026-06-13 22:52:35.999185: Pseudo dice [0.4508]
2026-06-13 22:52:36.000820: Epoch time: 22.73 s
2026-06-13 22:52:36.932567: 
2026-06-13 22:52:36.934148: Epoch 610
2026-06-13 22:52:36.935717: Current learning rate: 0.00429
2026-06-13 22:52:59.554090: train_loss -0.6564
2026-06-13 22:52:59.561093: val_loss -0.5525
2026-06-13 22:52:59.564304: Pseudo dice [0.5025]
2026-06-13 22:52:59.566897: Epoch time: 22.62 s
2026-06-13 22:53:00.520814: 
2026-06-13 22:53:00.522973: Epoch 611
2026-06-13 22:53:00.524972: Current learning rate: 0.00428
2026-06-13 22:53:23.057486: train_loss -0.6697
2026-06-13 22:53:23.061443: val_loss -0.4808
2026-06-13 22:53:23.063093: Pseudo dice [0.4629]
2026-06-13 22:53:23.064775: Epoch time: 22.54 s
2026-06-13 22:53:24.013729: 
2026-06-13 22:53:24.015401: Epoch 612
2026-06-13 22:53:24.017025: Current learning rate: 0.00427
2026-06-13 22:53:46.616265: train_loss -0.6924
2026-06-13 22:53:46.618718: val_loss -0.5706
2026-06-13 22:53:46.626372: Pseudo dice [0.5817]
2026-06-13 22:53:46.627748: Epoch time: 22.6 s
2026-06-13 22:53:48.149173: 
2026-06-13 22:53:48.150754: Epoch 613
2026-06-13 22:53:48.152132: Current learning rate: 0.00426
2026-06-13 22:54:10.699825: train_loss -0.7084
2026-06-13 22:54:10.701892: val_loss -0.5299
2026-06-13 22:54:10.703370: Pseudo dice [0.5115]
2026-06-13 22:54:10.704860: Epoch time: 22.55 s
2026-06-13 22:54:11.654447: 
2026-06-13 22:54:11.656581: Epoch 614
2026-06-13 22:54:11.659950: Current learning rate: 0.00425
2026-06-13 22:54:34.267389: train_loss -0.6863
2026-06-13 22:54:34.272957: val_loss -0.5078
2026-06-13 22:54:34.274424: Pseudo dice [0.5263]
2026-06-13 22:54:34.276032: Epoch time: 22.61 s
2026-06-13 22:54:35.235769: 
2026-06-13 22:54:35.237495: Epoch 615
2026-06-13 22:54:35.239131: Current learning rate: 0.00424
2026-06-13 22:54:57.770501: train_loss -0.7136
2026-06-13 22:54:57.775158: val_loss -0.5135
2026-06-13 22:54:57.777881: Pseudo dice [0.4943]
2026-06-13 22:54:57.780827: Epoch time: 22.54 s
2026-06-13 22:54:58.726681: 
2026-06-13 22:54:58.728182: Epoch 616
2026-06-13 22:54:58.729726: Current learning rate: 0.00423
2026-06-13 22:55:21.291409: train_loss -0.7076
2026-06-13 22:55:21.294287: val_loss -0.5223
2026-06-13 22:55:21.295920: Pseudo dice [0.5134]
2026-06-13 22:55:21.297394: Epoch time: 22.57 s
2026-06-13 22:55:22.244028: 
2026-06-13 22:55:22.246950: Epoch 617
2026-06-13 22:55:22.248964: Current learning rate: 0.00422
2026-06-13 22:55:44.786522: train_loss -0.7038
2026-06-13 22:55:44.790194: val_loss -0.4997
2026-06-13 22:55:44.791771: Pseudo dice [0.516]
2026-06-13 22:55:44.793394: Epoch time: 22.54 s
2026-06-13 22:55:45.737116: 
2026-06-13 22:55:45.738848: Epoch 618
2026-06-13 22:55:45.740249: Current learning rate: 0.00421
2026-06-13 22:56:08.231406: train_loss -0.7205
2026-06-13 22:56:08.233932: val_loss -0.5026
2026-06-13 22:56:08.235978: Pseudo dice [0.4936]
2026-06-13 22:56:08.238081: Epoch time: 22.5 s
2026-06-13 22:56:09.197087: 
2026-06-13 22:56:09.202191: Epoch 619
2026-06-13 22:56:09.205236: Current learning rate: 0.0042
2026-06-13 22:56:31.767145: train_loss -0.6816
2026-06-13 22:56:31.773254: val_loss -0.484
2026-06-13 22:56:31.779829: Pseudo dice [0.5019]
2026-06-13 22:56:31.784509: Epoch time: 22.57 s
2026-06-13 22:56:32.740372: 
2026-06-13 22:56:32.742275: Epoch 620
2026-06-13 22:56:32.743809: Current learning rate: 0.00419
2026-06-13 22:56:55.388681: train_loss -0.6901
2026-06-13 22:56:55.392426: val_loss -0.4701
2026-06-13 22:56:55.394442: Pseudo dice [0.4889]
2026-06-13 22:56:55.396066: Epoch time: 22.65 s
2026-06-13 22:56:56.361213: 
2026-06-13 22:56:56.362789: Epoch 621
2026-06-13 22:56:56.364206: Current learning rate: 0.00418
2026-06-13 22:57:18.763064: train_loss -0.6993
2026-06-13 22:57:18.765177: val_loss -0.4829
2026-06-13 22:57:18.766935: Pseudo dice [0.4576]
2026-06-13 22:57:18.769253: Epoch time: 22.4 s
2026-06-13 22:57:19.723865: 
2026-06-13 22:57:19.725451: Epoch 622
2026-06-13 22:57:19.727319: Current learning rate: 0.00417
2026-06-13 22:57:42.260809: train_loss -0.6559
2026-06-13 22:57:42.262925: val_loss -0.5277
2026-06-13 22:57:42.264810: Pseudo dice [0.5082]
2026-06-13 22:57:42.268193: Epoch time: 22.54 s
2026-06-13 22:57:43.210703: 
2026-06-13 22:57:43.212361: Epoch 623
2026-06-13 22:57:43.213790: Current learning rate: 0.00416
2026-06-13 22:58:05.691961: train_loss -0.6774
2026-06-13 22:58:05.696153: val_loss -0.5007
2026-06-13 22:58:05.697751: Pseudo dice [0.4816]
2026-06-13 22:58:05.699546: Epoch time: 22.48 s
2026-06-13 22:58:06.658023: 
2026-06-13 22:58:06.659570: Epoch 624
2026-06-13 22:58:06.661026: Current learning rate: 0.00415
2026-06-13 22:58:29.236664: train_loss -0.6991
2026-06-13 22:58:29.239371: val_loss -0.5163
2026-06-13 22:58:29.241549: Pseudo dice [0.5339]
2026-06-13 22:58:29.243216: Epoch time: 22.58 s
2026-06-13 22:58:30.191548: 
2026-06-13 22:58:30.193359: Epoch 625
2026-06-13 22:58:30.194938: Current learning rate: 0.00414
2026-06-13 22:58:52.641296: train_loss -0.687
2026-06-13 22:58:52.644227: val_loss -0.5589
2026-06-13 22:58:52.645810: Pseudo dice [0.5475]
2026-06-13 22:58:52.648667: Epoch time: 22.45 s
2026-06-13 22:58:53.613960: 
2026-06-13 22:58:53.615641: Epoch 626
2026-06-13 22:58:53.617270: Current learning rate: 0.00413
2026-06-13 22:59:16.206430: train_loss -0.6975
2026-06-13 22:59:16.209485: val_loss -0.5096
2026-06-13 22:59:16.211068: Pseudo dice [0.5117]
2026-06-13 22:59:16.212752: Epoch time: 22.59 s
2026-06-13 22:59:17.173169: 
2026-06-13 22:59:17.174775: Epoch 627
2026-06-13 22:59:17.176387: Current learning rate: 0.00412
2026-06-13 22:59:39.602551: train_loss -0.7162
2026-06-13 22:59:39.604928: val_loss -0.5084
2026-06-13 22:59:39.606541: Pseudo dice [0.5202]
2026-06-13 22:59:39.608172: Epoch time: 22.43 s
2026-06-13 22:59:40.557640: 
2026-06-13 22:59:40.561472: Epoch 628
2026-06-13 22:59:40.565570: Current learning rate: 0.00411
2026-06-13 23:00:03.068830: train_loss -0.6585
2026-06-13 23:00:03.070982: val_loss -0.4923
2026-06-13 23:00:03.072484: Pseudo dice [0.4864]
2026-06-13 23:00:03.074018: Epoch time: 22.51 s
2026-06-13 23:00:04.043694: 
2026-06-13 23:00:04.045356: Epoch 629
2026-06-13 23:00:04.048465: Current learning rate: 0.0041
2026-06-13 23:00:26.548091: train_loss -0.6707
2026-06-13 23:00:26.551892: val_loss -0.5467
2026-06-13 23:00:26.553413: Pseudo dice [0.5213]
2026-06-13 23:00:26.554973: Epoch time: 22.51 s
2026-06-13 23:00:28.063176: 
2026-06-13 23:00:28.064750: Epoch 630
2026-06-13 23:00:28.066209: Current learning rate: 0.00409
2026-06-13 23:00:50.588769: train_loss -0.6641
2026-06-13 23:00:50.591803: val_loss -0.4844
2026-06-13 23:00:50.593576: Pseudo dice [0.4922]
2026-06-13 23:00:50.595656: Epoch time: 22.53 s
2026-06-13 23:00:51.546197: 
2026-06-13 23:00:51.547890: Epoch 631
2026-06-13 23:00:51.549491: Current learning rate: 0.00408
2026-06-13 23:01:14.122041: train_loss -0.6774
2026-06-13 23:01:14.124709: val_loss -0.5132
2026-06-13 23:01:14.126422: Pseudo dice [0.4959]
2026-06-13 23:01:14.128270: Epoch time: 22.58 s
2026-06-13 23:01:15.080111: 
2026-06-13 23:01:15.081791: Epoch 632
2026-06-13 23:01:15.084133: Current learning rate: 0.00407
2026-06-13 23:01:37.560613: train_loss -0.6984
2026-06-13 23:01:37.564082: val_loss -0.5395
2026-06-13 23:01:37.565796: Pseudo dice [0.5199]
2026-06-13 23:01:37.567417: Epoch time: 22.48 s
2026-06-13 23:01:38.514153: 
2026-06-13 23:01:38.515831: Epoch 633
2026-06-13 23:01:38.517506: Current learning rate: 0.00406
2026-06-13 23:02:01.065273: train_loss -0.6842
2026-06-13 23:02:01.072886: val_loss -0.4912
2026-06-13 23:02:01.075822: Pseudo dice [0.5]
2026-06-13 23:02:01.078744: Epoch time: 22.55 s
2026-06-13 23:02:02.047455: 
2026-06-13 23:02:02.049214: Epoch 634
2026-06-13 23:02:02.050683: Current learning rate: 0.00405
2026-06-13 23:02:24.613854: train_loss -0.6681
2026-06-13 23:02:24.616418: val_loss -0.5142
2026-06-13 23:02:24.617983: Pseudo dice [0.5044]
2026-06-13 23:02:24.619459: Epoch time: 22.57 s
2026-06-13 23:02:25.580006: 
2026-06-13 23:02:25.581597: Epoch 635
2026-06-13 23:02:25.583144: Current learning rate: 0.00404
2026-06-13 23:02:48.048675: train_loss -0.721
2026-06-13 23:02:48.052500: val_loss -0.4636
2026-06-13 23:02:48.054149: Pseudo dice [0.4796]
2026-06-13 23:02:48.055801: Epoch time: 22.47 s
2026-06-13 23:02:49.081454: 
2026-06-13 23:02:49.083280: Epoch 636
2026-06-13 23:02:49.084881: Current learning rate: 0.00403
2026-06-13 23:03:11.571851: train_loss -0.648
2026-06-13 23:03:11.574072: val_loss -0.4812
2026-06-13 23:03:11.575756: Pseudo dice [0.4705]
2026-06-13 23:03:11.577386: Epoch time: 22.49 s
2026-06-13 23:03:12.529154: 
2026-06-13 23:03:12.532015: Epoch 637
2026-06-13 23:03:12.533515: Current learning rate: 0.00402
2026-06-13 23:03:35.017343: train_loss -0.6929
2026-06-13 23:03:35.020183: val_loss -0.5911
2026-06-13 23:03:35.021729: Pseudo dice [0.5644]
2026-06-13 23:03:35.023345: Epoch time: 22.49 s
2026-06-13 23:03:35.979056: 
2026-06-13 23:03:35.982388: Epoch 638
2026-06-13 23:03:35.984941: Current learning rate: 0.00401
2026-06-13 23:03:58.469516: train_loss -0.6959
2026-06-13 23:03:58.476960: val_loss -0.4361
2026-06-13 23:03:58.479525: Pseudo dice [0.4383]
2026-06-13 23:03:58.482399: Epoch time: 22.49 s
2026-06-13 23:03:59.451816: 
2026-06-13 23:03:59.453887: Epoch 639
2026-06-13 23:03:59.455716: Current learning rate: 0.004
2026-06-13 23:04:22.004877: train_loss -0.6839
2026-06-13 23:04:22.007603: val_loss -0.4926
2026-06-13 23:04:22.009205: Pseudo dice [0.4765]
2026-06-13 23:04:22.010832: Epoch time: 22.55 s
2026-06-13 23:04:22.959344: 
2026-06-13 23:04:22.961506: Epoch 640
2026-06-13 23:04:22.962965: Current learning rate: 0.00399
2026-06-13 23:04:45.549718: train_loss -0.7092
2026-06-13 23:04:45.551882: val_loss -0.5665
2026-06-13 23:04:45.553732: Pseudo dice [0.5714]
2026-06-13 23:04:45.555300: Epoch time: 22.59 s
2026-06-13 23:04:46.519794: 
2026-06-13 23:04:46.521291: Epoch 641
2026-06-13 23:04:46.525343: Current learning rate: 0.00398
2026-06-13 23:05:08.852926: train_loss -0.6931
2026-06-13 23:05:08.863448: val_loss -0.5372
2026-06-13 23:05:08.866181: Pseudo dice [0.5281]
2026-06-13 23:05:08.868509: Epoch time: 22.33 s
2026-06-13 23:05:09.837023: 
2026-06-13 23:05:09.841568: Epoch 642
2026-06-13 23:05:09.846082: Current learning rate: 0.00397
2026-06-13 23:05:32.224030: train_loss -0.6836
2026-06-13 23:05:32.226097: val_loss -0.4852
2026-06-13 23:05:32.227604: Pseudo dice [0.4913]
2026-06-13 23:05:32.229023: Epoch time: 22.39 s
2026-06-13 23:05:33.203163: 
2026-06-13 23:05:33.204862: Epoch 643
2026-06-13 23:05:33.207344: Current learning rate: 0.00396
2026-06-13 23:05:55.690158: train_loss -0.6856
2026-06-13 23:05:55.693693: val_loss -0.491
2026-06-13 23:05:55.695224: Pseudo dice [0.4888]
2026-06-13 23:05:55.696959: Epoch time: 22.49 s
2026-06-13 23:05:56.755333: 
2026-06-13 23:05:56.757592: Epoch 644
2026-06-13 23:05:56.759442: Current learning rate: 0.00395
2026-06-13 23:06:19.371511: train_loss -0.6916
2026-06-13 23:06:19.374414: val_loss -0.5128
2026-06-13 23:06:19.382094: Pseudo dice [0.5297]
2026-06-13 23:06:19.391600: Epoch time: 22.62 s
2026-06-13 23:06:20.364743: 
2026-06-13 23:06:20.367038: Epoch 645
2026-06-13 23:06:20.369072: Current learning rate: 0.00394
2026-06-13 23:06:43.233414: train_loss -0.6961
2026-06-13 23:06:43.235522: val_loss -0.4901
2026-06-13 23:06:43.237080: Pseudo dice [0.5076]
2026-06-13 23:06:43.239055: Epoch time: 22.87 s
2026-06-13 23:06:44.190361: 
2026-06-13 23:06:44.192716: Epoch 646
2026-06-13 23:06:44.194470: Current learning rate: 0.00393
2026-06-13 23:07:06.675704: train_loss -0.6618
2026-06-13 23:07:06.679677: val_loss -0.5455
2026-06-13 23:07:06.681225: Pseudo dice [0.5495]
2026-06-13 23:07:06.682762: Epoch time: 22.49 s
2026-06-13 23:07:08.219244: 
2026-06-13 23:07:08.220999: Epoch 647
2026-06-13 23:07:08.223134: Current learning rate: 0.00392
2026-06-13 23:07:30.622990: train_loss -0.6967
2026-06-13 23:07:30.625190: val_loss -0.501
2026-06-13 23:07:30.627112: Pseudo dice [0.488]
2026-06-13 23:07:30.629581: Epoch time: 22.4 s
2026-06-13 23:07:31.584846: 
2026-06-13 23:07:31.586458: Epoch 648
2026-06-13 23:07:31.588168: Current learning rate: 0.00391
2026-06-13 23:07:54.100421: train_loss -0.704
2026-06-13 23:07:54.103242: val_loss -0.5322
2026-06-13 23:07:54.104988: Pseudo dice [0.5198]
2026-06-13 23:07:54.106850: Epoch time: 22.52 s
2026-06-13 23:07:55.057532: 
2026-06-13 23:07:55.059226: Epoch 649
2026-06-13 23:07:55.061026: Current learning rate: 0.0039
2026-06-13 23:08:17.551703: train_loss -0.6792
2026-06-13 23:08:17.555484: val_loss -0.5454
2026-06-13 23:08:17.556988: Pseudo dice [0.5585]
2026-06-13 23:08:17.558516: Epoch time: 22.5 s
2026-06-13 23:08:19.024388: 
2026-06-13 23:08:19.026094: Epoch 650
2026-06-13 23:08:19.027529: Current learning rate: 0.00389
2026-06-13 23:08:41.606989: train_loss -0.6997
2026-06-13 23:08:41.609037: val_loss -0.5001
2026-06-13 23:08:41.610520: Pseudo dice [0.4828]
2026-06-13 23:08:41.612187: Epoch time: 22.58 s
2026-06-13 23:08:42.557918: 
2026-06-13 23:08:42.560110: Epoch 651
2026-06-13 23:08:42.562095: Current learning rate: 0.00388
2026-06-13 23:09:05.099135: train_loss -0.7048
2026-06-13 23:09:05.104278: val_loss -0.5048
2026-06-13 23:09:05.106839: Pseudo dice [0.5251]
2026-06-13 23:09:05.111629: Epoch time: 22.54 s
2026-06-13 23:09:06.088532: 
2026-06-13 23:09:06.097627: Epoch 652
2026-06-13 23:09:06.101671: Current learning rate: 0.00387
2026-06-13 23:09:28.596614: train_loss -0.6836
2026-06-13 23:09:28.599813: val_loss -0.4661
2026-06-13 23:09:28.601367: Pseudo dice [0.4434]
2026-06-13 23:09:28.602899: Epoch time: 22.51 s
2026-06-13 23:09:29.577674: 
2026-06-13 23:09:29.581002: Epoch 653
2026-06-13 23:09:29.584415: Current learning rate: 0.00386
2026-06-13 23:09:52.039571: train_loss -0.708
2026-06-13 23:09:52.041703: val_loss -0.5142
2026-06-13 23:09:52.043250: Pseudo dice [0.507]
2026-06-13 23:09:52.044878: Epoch time: 22.46 s
2026-06-13 23:09:53.029241: 
2026-06-13 23:09:53.030891: Epoch 654
2026-06-13 23:09:53.032486: Current learning rate: 0.00385
2026-06-13 23:10:15.725760: train_loss -0.7007
2026-06-13 23:10:15.727791: val_loss -0.5135
2026-06-13 23:10:15.729552: Pseudo dice [0.5064]
2026-06-13 23:10:15.731254: Epoch time: 22.7 s
2026-06-13 23:10:16.702386: 
2026-06-13 23:10:16.703953: Epoch 655
2026-06-13 23:10:16.705445: Current learning rate: 0.00384
2026-06-13 23:10:39.212896: train_loss -0.6927
2026-06-13 23:10:39.217428: val_loss -0.4572
2026-06-13 23:10:39.219982: Pseudo dice [0.4817]
2026-06-13 23:10:39.221889: Epoch time: 22.51 s
2026-06-13 23:10:40.174354: 
2026-06-13 23:10:40.175880: Epoch 656
2026-06-13 23:10:40.179837: Current learning rate: 0.00383
2026-06-13 23:11:02.553906: train_loss -0.6995
2026-06-13 23:11:02.557197: val_loss -0.4718
2026-06-13 23:11:02.558617: Pseudo dice [0.4634]
2026-06-13 23:11:02.560182: Epoch time: 22.38 s
2026-06-13 23:11:03.535599: 
2026-06-13 23:11:03.537255: Epoch 657
2026-06-13 23:11:03.538850: Current learning rate: 0.00382
2026-06-13 23:11:25.875990: train_loss -0.7176
2026-06-13 23:11:25.878629: val_loss -0.5623
2026-06-13 23:11:25.880174: Pseudo dice [0.5784]
2026-06-13 23:11:25.881718: Epoch time: 22.34 s
2026-06-13 23:11:26.824237: 
2026-06-13 23:11:26.825908: Epoch 658
2026-06-13 23:11:26.827507: Current learning rate: 0.00381
2026-06-13 23:11:49.210104: train_loss -0.7121
2026-06-13 23:11:49.213854: val_loss -0.5114
2026-06-13 23:11:49.215753: Pseudo dice [0.5142]
2026-06-13 23:11:49.217471: Epoch time: 22.39 s
2026-06-13 23:11:50.155743: 
2026-06-13 23:11:50.157381: Epoch 659
2026-06-13 23:11:50.158847: Current learning rate: 0.0038
2026-06-13 23:12:12.553233: train_loss -0.7062
2026-06-13 23:12:12.556066: val_loss -0.5164
2026-06-13 23:12:12.557617: Pseudo dice [0.5132]
2026-06-13 23:12:12.559160: Epoch time: 22.4 s
2026-06-13 23:12:13.506772: 
2026-06-13 23:12:13.512034: Epoch 660
2026-06-13 23:12:13.513849: Current learning rate: 0.00379
2026-06-13 23:12:35.923924: train_loss -0.7067
2026-06-13 23:12:35.926953: val_loss -0.4844
2026-06-13 23:12:35.928675: Pseudo dice [0.4709]
2026-06-13 23:12:35.930557: Epoch time: 22.42 s
2026-06-13 23:12:36.862538: 
2026-06-13 23:12:36.864185: Epoch 661
2026-06-13 23:12:36.866198: Current learning rate: 0.00378
2026-06-13 23:12:59.322705: train_loss -0.684
2026-06-13 23:12:59.326889: val_loss -0.5419
2026-06-13 23:12:59.328586: Pseudo dice [0.5281]
2026-06-13 23:12:59.330351: Epoch time: 22.46 s
2026-06-13 23:13:00.285341: 
2026-06-13 23:13:00.286863: Epoch 662
2026-06-13 23:13:00.288498: Current learning rate: 0.00377
2026-06-13 23:13:22.706105: train_loss -0.6794
2026-06-13 23:13:22.710707: val_loss -0.5027
2026-06-13 23:13:22.724127: Pseudo dice [0.507]
2026-06-13 23:13:22.728360: Epoch time: 22.42 s
2026-06-13 23:13:23.671371: 
2026-06-13 23:13:23.673015: Epoch 663
2026-06-13 23:13:23.674609: Current learning rate: 0.00376
2026-06-13 23:13:46.098674: train_loss -0.6555
2026-06-13 23:13:46.101265: val_loss -0.5549
2026-06-13 23:13:46.102842: Pseudo dice [0.5419]
2026-06-13 23:13:46.104196: Epoch time: 22.43 s
2026-06-13 23:13:47.592669: 
2026-06-13 23:13:47.594523: Epoch 664
2026-06-13 23:13:47.596018: Current learning rate: 0.00375
2026-06-13 23:14:09.920628: train_loss -0.7348
2026-06-13 23:14:09.924606: val_loss -0.5344
2026-06-13 23:14:09.926495: Pseudo dice [0.5522]
2026-06-13 23:14:09.927931: Epoch time: 22.33 s
2026-06-13 23:14:09.929346: Yayy! New best EMA pseudo Dice: 0.5148
2026-06-13 23:14:11.342056: 
2026-06-13 23:14:11.344678: Epoch 665
2026-06-13 23:14:11.346193: Current learning rate: 0.00374
2026-06-13 23:14:33.771794: train_loss -0.6998
2026-06-13 23:14:33.774790: val_loss -0.5564
2026-06-13 23:14:33.776258: Pseudo dice [0.5207]
2026-06-13 23:14:33.778161: Epoch time: 22.43 s
2026-06-13 23:14:33.779630: Yayy! New best EMA pseudo Dice: 0.5154
2026-06-13 23:14:35.219634: 
2026-06-13 23:14:35.221500: Epoch 666
2026-06-13 23:14:35.223155: Current learning rate: 0.00373
2026-06-13 23:14:57.669286: train_loss -0.7209
2026-06-13 23:14:57.672457: val_loss -0.5335
2026-06-13 23:14:57.674271: Pseudo dice [0.5373]
2026-06-13 23:14:57.676713: Epoch time: 22.45 s
2026-06-13 23:14:57.678343: Yayy! New best EMA pseudo Dice: 0.5176
2026-06-13 23:14:59.110072: 
2026-06-13 23:14:59.111759: Epoch 667
2026-06-13 23:14:59.114340: Current learning rate: 0.00372
2026-06-13 23:15:21.620319: train_loss -0.722
2026-06-13 23:15:21.624813: val_loss -0.5157
2026-06-13 23:15:21.626585: Pseudo dice [0.5447]
2026-06-13 23:15:21.628074: Epoch time: 22.51 s
2026-06-13 23:15:21.629548: Yayy! New best EMA pseudo Dice: 0.5203
2026-06-13 23:15:23.058290: 
2026-06-13 23:15:23.059908: Epoch 668
2026-06-13 23:15:23.062170: Current learning rate: 0.00371
2026-06-13 23:15:45.430478: train_loss -0.7043
2026-06-13 23:15:45.432914: val_loss -0.4461
2026-06-13 23:15:45.434460: Pseudo dice [0.4335]
2026-06-13 23:15:45.435961: Epoch time: 22.37 s
2026-06-13 23:15:46.372812: 
2026-06-13 23:15:46.374441: Epoch 669
2026-06-13 23:15:46.375988: Current learning rate: 0.0037
2026-06-13 23:16:08.879993: train_loss -0.7224
2026-06-13 23:16:08.882987: val_loss -0.4929
2026-06-13 23:16:08.885020: Pseudo dice [0.4935]
2026-06-13 23:16:08.886687: Epoch time: 22.51 s
2026-06-13 23:16:09.827103: 
2026-06-13 23:16:09.828764: Epoch 670
2026-06-13 23:16:09.830290: Current learning rate: 0.00369
2026-06-13 23:16:32.220477: train_loss -0.7086
2026-06-13 23:16:32.234359: val_loss -0.5023
2026-06-13 23:16:32.238447: Pseudo dice [0.5246]
2026-06-13 23:16:32.243391: Epoch time: 22.39 s
2026-06-13 23:16:33.190112: 
2026-06-13 23:16:33.191723: Epoch 671
2026-06-13 23:16:33.193148: Current learning rate: 0.00368
2026-06-13 23:16:55.550247: train_loss -0.6907
2026-06-13 23:16:55.552895: val_loss -0.5272
2026-06-13 23:16:55.554392: Pseudo dice [0.5344]
2026-06-13 23:16:55.555951: Epoch time: 22.36 s
2026-06-13 23:16:56.500443: 
2026-06-13 23:16:56.502024: Epoch 672
2026-06-13 23:16:56.503941: Current learning rate: 0.00367
2026-06-13 23:17:18.965514: train_loss -0.7105
2026-06-13 23:17:18.969703: val_loss -0.4909
2026-06-13 23:17:18.972272: Pseudo dice [0.4851]
2026-06-13 23:17:18.978476: Epoch time: 22.47 s
2026-06-13 23:17:19.941767: 
2026-06-13 23:17:19.943290: Epoch 673
2026-06-13 23:17:19.944824: Current learning rate: 0.00366
2026-06-13 23:17:42.406459: train_loss -0.7182
2026-06-13 23:17:42.416537: val_loss -0.5392
2026-06-13 23:17:42.419491: Pseudo dice [0.5372]
2026-06-13 23:17:42.421913: Epoch time: 22.47 s
2026-06-13 23:17:43.362307: 
2026-06-13 23:17:43.364005: Epoch 674
2026-06-13 23:17:43.365540: Current learning rate: 0.00365
2026-06-13 23:18:05.814590: train_loss -0.721
2026-06-13 23:18:05.817388: val_loss -0.5138
2026-06-13 23:18:05.819017: Pseudo dice [0.491]
2026-06-13 23:18:05.820534: Epoch time: 22.45 s
2026-06-13 23:18:06.756092: 
2026-06-13 23:18:06.757582: Epoch 675
2026-06-13 23:18:06.759062: Current learning rate: 0.00364
2026-06-13 23:18:29.169249: train_loss -0.7235
2026-06-13 23:18:29.174474: val_loss -0.5438
2026-06-13 23:18:29.178860: Pseudo dice [0.5128]
2026-06-13 23:18:29.181960: Epoch time: 22.41 s
2026-06-13 23:18:30.124074: 
2026-06-13 23:18:30.125777: Epoch 676
2026-06-13 23:18:30.127216: Current learning rate: 0.00363
2026-06-13 23:18:52.600906: train_loss -0.733
2026-06-13 23:18:52.605748: val_loss -0.5603
2026-06-13 23:18:52.607709: Pseudo dice [0.5179]
2026-06-13 23:18:52.609222: Epoch time: 22.48 s
2026-06-13 23:18:53.549681: 
2026-06-13 23:18:53.551134: Epoch 677
2026-06-13 23:18:53.552578: Current learning rate: 0.00362
2026-06-13 23:19:15.929405: train_loss -0.7246
2026-06-13 23:19:15.935269: val_loss -0.5283
2026-06-13 23:19:15.938421: Pseudo dice [0.538]
2026-06-13 23:19:15.942005: Epoch time: 22.38 s
2026-06-13 23:19:16.949745: 
2026-06-13 23:19:16.951568: Epoch 678
2026-06-13 23:19:16.953027: Current learning rate: 0.00361
2026-06-13 23:19:39.504497: train_loss -0.7281
2026-06-13 23:19:39.508440: val_loss -0.5188
2026-06-13 23:19:39.510577: Pseudo dice [0.4989]
2026-06-13 23:19:39.512290: Epoch time: 22.56 s
2026-06-13 23:19:40.439098: 
2026-06-13 23:19:40.440558: Epoch 679
2026-06-13 23:19:40.441915: Current learning rate: 0.0036
2026-06-13 23:20:02.899319: train_loss -0.725
2026-06-13 23:20:02.903222: val_loss -0.5498
2026-06-13 23:20:02.904863: Pseudo dice [0.5343]
2026-06-13 23:20:02.907951: Epoch time: 22.46 s
2026-06-13 23:20:04.330395: 
2026-06-13 23:20:04.332119: Epoch 680
2026-06-13 23:20:04.333628: Current learning rate: 0.00359
2026-06-13 23:20:26.773018: train_loss -0.7301
2026-06-13 23:20:26.777427: val_loss -0.5545
2026-06-13 23:20:26.779212: Pseudo dice [0.556]
2026-06-13 23:20:26.780722: Epoch time: 22.44 s
2026-06-13 23:20:27.708359: 
2026-06-13 23:20:27.709895: Epoch 681
2026-06-13 23:20:27.711506: Current learning rate: 0.00358
2026-06-13 23:20:50.032462: train_loss -0.7047
2026-06-13 23:20:50.035778: val_loss -0.5419
2026-06-13 23:20:50.037381: Pseudo dice [0.3553]
2026-06-13 23:20:50.039004: Epoch time: 22.32 s
2026-06-13 23:20:50.978086: 
2026-06-13 23:20:50.979733: Epoch 682
2026-06-13 23:20:50.981236: Current learning rate: 0.00357
2026-06-13 23:21:13.360381: train_loss -0.6756
2026-06-13 23:21:13.364169: val_loss -0.4807
2026-06-13 23:21:13.365665: Pseudo dice [0.4732]
2026-06-13 23:21:13.367189: Epoch time: 22.38 s
2026-06-13 23:21:14.294821: 
2026-06-13 23:21:14.305230: Epoch 683
2026-06-13 23:21:14.314652: Current learning rate: 0.00356
2026-06-13 23:21:36.705889: train_loss -0.6874
2026-06-13 23:21:36.708618: val_loss -0.5307
2026-06-13 23:21:36.710461: Pseudo dice [0.5157]
2026-06-13 23:21:36.711937: Epoch time: 22.41 s
2026-06-13 23:21:37.643932: 
2026-06-13 23:21:37.647134: Epoch 684
2026-06-13 23:21:37.648845: Current learning rate: 0.00355
2026-06-13 23:22:00.106161: train_loss -0.6712
2026-06-13 23:22:00.109334: val_loss -0.4816
2026-06-13 23:22:00.111100: Pseudo dice [0.4691]
2026-06-13 23:22:00.112799: Epoch time: 22.46 s
2026-06-13 23:22:01.063243: 
2026-06-13 23:22:01.066756: Epoch 685
2026-06-13 23:22:01.069529: Current learning rate: 0.00354
2026-06-13 23:22:23.392294: train_loss -0.6496
2026-06-13 23:22:23.399336: val_loss -0.5429
2026-06-13 23:22:23.401487: Pseudo dice [0.534]
2026-06-13 23:22:23.403006: Epoch time: 22.33 s
2026-06-13 23:22:24.335571: 
2026-06-13 23:22:24.337238: Epoch 686
2026-06-13 23:22:24.338759: Current learning rate: 0.00353
2026-06-13 23:22:46.765942: train_loss -0.7307
2026-06-13 23:22:46.768636: val_loss -0.5828
2026-06-13 23:22:46.770253: Pseudo dice [0.5713]
2026-06-13 23:22:46.773198: Epoch time: 22.43 s
2026-06-13 23:22:47.725290: 
2026-06-13 23:22:47.726899: Epoch 687
2026-06-13 23:22:47.728854: Current learning rate: 0.00352
2026-06-13 23:23:10.161908: train_loss -0.6922
2026-06-13 23:23:10.165450: val_loss -0.4903
2026-06-13 23:23:10.167346: Pseudo dice [0.4616]
2026-06-13 23:23:10.169651: Epoch time: 22.44 s
2026-06-13 23:23:11.100855: 
2026-06-13 23:23:11.102432: Epoch 688
2026-06-13 23:23:11.103931: Current learning rate: 0.00351
2026-06-13 23:23:33.576166: train_loss -0.6852
2026-06-13 23:23:33.580114: val_loss -0.4842
2026-06-13 23:23:33.581661: Pseudo dice [0.4503]
2026-06-13 23:23:33.583278: Epoch time: 22.48 s
2026-06-13 23:23:34.535163: 
2026-06-13 23:23:34.536780: Epoch 689
2026-06-13 23:23:34.540879: Current learning rate: 0.0035
2026-06-13 23:23:56.966493: train_loss -0.7114
2026-06-13 23:23:56.970010: val_loss -0.5006
2026-06-13 23:23:56.971537: Pseudo dice [0.4371]
2026-06-13 23:23:56.973036: Epoch time: 22.43 s
2026-06-13 23:23:57.900590: 
2026-06-13 23:23:57.902549: Epoch 690
2026-06-13 23:23:57.904037: Current learning rate: 0.00349
2026-06-13 23:24:20.215291: train_loss -0.6916
2026-06-13 23:24:20.219916: val_loss -0.5402
2026-06-13 23:24:20.221706: Pseudo dice [0.4958]
2026-06-13 23:24:20.223383: Epoch time: 22.32 s
2026-06-13 23:24:21.159875: 
2026-06-13 23:24:21.161973: Epoch 691
2026-06-13 23:24:21.164811: Current learning rate: 0.00348
2026-06-13 23:24:43.610995: train_loss -0.7155
2026-06-13 23:24:43.614684: val_loss -0.5568
2026-06-13 23:24:43.616298: Pseudo dice [0.4766]
2026-06-13 23:24:43.617763: Epoch time: 22.45 s
2026-06-13 23:24:44.548659: 
2026-06-13 23:24:44.559492: Epoch 692
2026-06-13 23:24:44.564676: Current learning rate: 0.00346
2026-06-13 23:25:06.867991: train_loss -0.7008
2026-06-13 23:25:06.878218: val_loss -0.4938
2026-06-13 23:25:06.881081: Pseudo dice [0.4827]
2026-06-13 23:25:06.888130: Epoch time: 22.32 s
2026-06-13 23:25:07.831961: 
2026-06-13 23:25:07.833567: Epoch 693
2026-06-13 23:25:07.835039: Current learning rate: 0.00345
2026-06-13 23:25:30.265484: train_loss -0.6718
2026-06-13 23:25:30.267843: val_loss -0.4626
2026-06-13 23:25:30.269500: Pseudo dice [0.4631]
2026-06-13 23:25:30.271158: Epoch time: 22.43 s
2026-06-13 23:25:31.216225: 
2026-06-13 23:25:31.217896: Epoch 694
2026-06-13 23:25:31.219511: Current learning rate: 0.00344
2026-06-13 23:25:53.530539: train_loss -0.6966
2026-06-13 23:25:53.535109: val_loss -0.5778
2026-06-13 23:25:53.536670: Pseudo dice [0.5693]
2026-06-13 23:25:53.538419: Epoch time: 22.32 s
2026-06-13 23:25:54.482354: 
2026-06-13 23:25:54.484118: Epoch 695
2026-06-13 23:25:54.485697: Current learning rate: 0.00343
2026-06-13 23:26:16.947138: train_loss -0.71
2026-06-13 23:26:16.950371: val_loss -0.5496
2026-06-13 23:26:16.951764: Pseudo dice [0.5469]
2026-06-13 23:26:16.953137: Epoch time: 22.47 s
2026-06-13 23:26:17.896260: 
2026-06-13 23:26:17.898466: Epoch 696
2026-06-13 23:26:17.900615: Current learning rate: 0.00342
2026-06-13 23:26:40.323363: train_loss -0.7029
2026-06-13 23:26:40.329069: val_loss -0.5586
2026-06-13 23:26:40.330609: Pseudo dice [0.5432]
2026-06-13 23:26:40.332036: Epoch time: 22.43 s
2026-06-13 23:26:41.827736: 
2026-06-13 23:26:41.829222: Epoch 697
2026-06-13 23:26:41.830868: Current learning rate: 0.00341
2026-06-13 23:27:04.304952: train_loss -0.7207
2026-06-13 23:27:04.309994: val_loss -0.4759
2026-06-13 23:27:04.311507: Pseudo dice [0.4472]
2026-06-13 23:27:04.313018: Epoch time: 22.48 s
2026-06-13 23:27:05.245675: 
2026-06-13 23:27:05.250159: Epoch 698
2026-06-13 23:27:05.257903: Current learning rate: 0.0034
2026-06-13 23:27:27.538191: train_loss -0.712
2026-06-13 23:27:27.541751: val_loss -0.522
2026-06-13 23:27:27.543283: Pseudo dice [0.5064]
2026-06-13 23:27:27.544861: Epoch time: 22.29 s
2026-06-13 23:27:28.485437: 
2026-06-13 23:27:28.487003: Epoch 699
2026-06-13 23:27:28.488369: Current learning rate: 0.00339
2026-06-13 23:27:50.983925: train_loss -0.7146
2026-06-13 23:27:50.986541: val_loss -0.4668
2026-06-13 23:27:50.988069: Pseudo dice [0.478]
2026-06-13 23:27:50.989564: Epoch time: 22.5 s
2026-06-13 23:27:52.430267: 
2026-06-13 23:27:52.432507: Epoch 700
2026-06-13 23:27:52.434263: Current learning rate: 0.00338
2026-06-13 23:28:14.970927: train_loss -0.7049
2026-06-13 23:28:14.976707: val_loss -0.5387
2026-06-13 23:28:14.980497: Pseudo dice [0.3231]
2026-06-13 23:28:14.984845: Epoch time: 22.54 s
2026-06-13 23:28:15.924502: 
2026-06-13 23:28:15.926637: Epoch 701
2026-06-13 23:28:15.928327: Current learning rate: 0.00337
2026-06-13 23:28:38.426349: train_loss -0.6701
2026-06-13 23:28:38.434027: val_loss -0.5473
2026-06-13 23:28:38.450499: Pseudo dice [0.5213]
2026-06-13 23:28:38.473559: Epoch time: 22.5 s
2026-06-13 23:28:39.424650: 
2026-06-13 23:28:39.427052: Epoch 702
2026-06-13 23:28:39.429130: Current learning rate: 0.00336
2026-06-13 23:29:01.851466: train_loss -0.6926
2026-06-13 23:29:01.859941: val_loss -0.5181
2026-06-13 23:29:01.876947: Pseudo dice [0.5071]
2026-06-13 23:29:01.881505: Epoch time: 22.43 s
2026-06-13 23:29:02.835701: 
2026-06-13 23:29:02.841820: Epoch 703
2026-06-13 23:29:02.844585: Current learning rate: 0.00335
2026-06-13 23:29:25.277330: train_loss -0.6928
2026-06-13 23:29:25.284567: val_loss -0.5537
2026-06-13 23:29:25.286488: Pseudo dice [0.5264]
2026-06-13 23:29:25.288318: Epoch time: 22.44 s
2026-06-13 23:29:26.226639: 
2026-06-13 23:29:26.228487: Epoch 704
2026-06-13 23:29:26.231174: Current learning rate: 0.00334
2026-06-13 23:29:48.685141: train_loss -0.6921
2026-06-13 23:29:48.690464: val_loss -0.47
2026-06-13 23:29:48.693465: Pseudo dice [0.4608]
2026-06-13 23:29:48.696423: Epoch time: 22.46 s
2026-06-13 23:29:49.650691: 
2026-06-13 23:29:49.655580: Epoch 705
2026-06-13 23:29:49.659070: Current learning rate: 0.00333
2026-06-13 23:30:12.114621: train_loss -0.6735
2026-06-13 23:30:12.117450: val_loss -0.5
2026-06-13 23:30:12.119957: Pseudo dice [0.5006]
2026-06-13 23:30:12.122020: Epoch time: 22.47 s
2026-06-13 23:30:13.085312: 
2026-06-13 23:30:13.088198: Epoch 706
2026-06-13 23:30:13.092092: Current learning rate: 0.00332
2026-06-13 23:30:35.472857: train_loss -0.7138
2026-06-13 23:30:35.483694: val_loss -0.5264
2026-06-13 23:30:35.486848: Pseudo dice [0.5083]
2026-06-13 23:30:35.491397: Epoch time: 22.39 s
2026-06-13 23:30:36.457554: 
2026-06-13 23:30:36.463055: Epoch 707
2026-06-13 23:30:36.468355: Current learning rate: 0.00331
2026-06-13 23:30:58.829780: train_loss -0.714
2026-06-13 23:30:58.836636: val_loss -0.514
2026-06-13 23:30:58.838620: Pseudo dice [0.4727]
2026-06-13 23:30:58.840571: Epoch time: 22.37 s
2026-06-13 23:30:59.790760: 
2026-06-13 23:30:59.794114: Epoch 708
2026-06-13 23:30:59.796451: Current learning rate: 0.0033
2026-06-13 23:31:22.210822: train_loss -0.7031
2026-06-13 23:31:22.226243: val_loss -0.5445
2026-06-13 23:31:22.229558: Pseudo dice [0.5323]
2026-06-13 23:31:22.232347: Epoch time: 22.42 s
2026-06-13 23:31:23.188341: 
2026-06-13 23:31:23.190598: Epoch 709
2026-06-13 23:31:23.193096: Current learning rate: 0.00329
2026-06-13 23:31:45.532959: train_loss -0.701
2026-06-13 23:31:45.551071: val_loss -0.4965
2026-06-13 23:31:45.554419: Pseudo dice [0.4893]
2026-06-13 23:31:45.559311: Epoch time: 22.35 s
2026-06-13 23:31:46.554280: 
2026-06-13 23:31:46.558073: Epoch 710
2026-06-13 23:31:46.561676: Current learning rate: 0.00328
2026-06-13 23:32:08.869919: train_loss -0.7015
2026-06-13 23:32:08.875266: val_loss -0.539
2026-06-13 23:32:08.878256: Pseudo dice [0.5259]
2026-06-13 23:32:08.880619: Epoch time: 22.32 s
2026-06-13 23:32:09.827893: 
2026-06-13 23:32:09.829674: Epoch 711
2026-06-13 23:32:09.831357: Current learning rate: 0.00327
2026-06-13 23:32:32.173764: train_loss -0.7067
2026-06-13 23:32:32.177075: val_loss -0.5412
2026-06-13 23:32:32.180439: Pseudo dice [0.5329]
2026-06-13 23:32:32.182966: Epoch time: 22.35 s
2026-06-13 23:32:33.131042: 
2026-06-13 23:32:33.134047: Epoch 712
2026-06-13 23:32:33.136577: Current learning rate: 0.00326
2026-06-13 23:32:55.625330: train_loss -0.6833
2026-06-13 23:32:55.630102: val_loss -0.5125
2026-06-13 23:32:55.631625: Pseudo dice [0.5206]
2026-06-13 23:32:55.633094: Epoch time: 22.5 s
2026-06-13 23:32:57.035565: 
2026-06-13 23:32:57.037410: Epoch 713
2026-06-13 23:32:57.039275: Current learning rate: 0.00325
2026-06-13 23:33:19.330880: train_loss -0.7108
2026-06-13 23:33:19.340214: val_loss -0.5312
2026-06-13 23:33:19.341747: Pseudo dice [0.5138]
2026-06-13 23:33:19.347340: Epoch time: 22.3 s
2026-06-13 23:33:20.285073: 
2026-06-13 23:33:20.286563: Epoch 714
2026-06-13 23:33:20.288216: Current learning rate: 0.00324
2026-06-13 23:33:42.729104: train_loss -0.7225
2026-06-13 23:33:42.732054: val_loss -0.5226
2026-06-13 23:33:42.733915: Pseudo dice [0.5038]
2026-06-13 23:33:42.735949: Epoch time: 22.44 s
2026-06-13 23:33:43.687338: 
2026-06-13 23:33:43.689219: Epoch 715
2026-06-13 23:33:43.691133: Current learning rate: 0.00323
2026-06-13 23:34:06.085594: train_loss -0.6966
2026-06-13 23:34:06.090416: val_loss -0.5574
2026-06-13 23:34:06.092253: Pseudo dice [0.5053]
2026-06-13 23:34:06.094252: Epoch time: 22.4 s
2026-06-13 23:34:07.043158: 
2026-06-13 23:34:07.045309: Epoch 716
2026-06-13 23:34:07.046811: Current learning rate: 0.00322
2026-06-13 23:34:29.489743: train_loss -0.6863
2026-06-13 23:34:29.491953: val_loss -0.451
2026-06-13 23:34:29.493526: Pseudo dice [0.4787]
2026-06-13 23:34:29.495211: Epoch time: 22.45 s
2026-06-13 23:34:30.443574: 
2026-06-13 23:34:30.445451: Epoch 717
2026-06-13 23:34:30.447805: Current learning rate: 0.00321
2026-06-13 23:34:52.910603: train_loss -0.6915
2026-06-13 23:34:52.913317: val_loss -0.5344
2026-06-13 23:34:52.915227: Pseudo dice [0.5222]
2026-06-13 23:34:52.917044: Epoch time: 22.47 s
2026-06-13 23:34:53.876513: 
2026-06-13 23:34:53.878357: Epoch 718
2026-06-13 23:34:53.880065: Current learning rate: 0.0032
2026-06-13 23:35:16.397823: train_loss -0.66
2026-06-13 23:35:16.401243: val_loss -0.5252
2026-06-13 23:35:16.403014: Pseudo dice [0.5201]
2026-06-13 23:35:16.404789: Epoch time: 22.52 s
2026-06-13 23:35:17.361810: 
2026-06-13 23:35:17.365451: Epoch 719
2026-06-13 23:35:17.369220: Current learning rate: 0.00319
2026-06-13 23:35:40.228349: train_loss -0.6919
2026-06-13 23:35:40.231230: val_loss -0.5453
2026-06-13 23:35:40.232769: Pseudo dice [0.5021]
2026-06-13 23:35:40.234459: Epoch time: 22.87 s
2026-06-13 23:35:41.211751: 
2026-06-13 23:35:41.213740: Epoch 720
2026-06-13 23:35:41.216335: Current learning rate: 0.00318
2026-06-13 23:36:04.234466: train_loss -0.6969
2026-06-13 23:36:04.236883: val_loss -0.5175
2026-06-13 23:36:04.239194: Pseudo dice [0.5267]
2026-06-13 23:36:04.241160: Epoch time: 23.02 s
2026-06-13 23:36:05.180254: 
2026-06-13 23:36:05.182445: Epoch 721
2026-06-13 23:36:05.184125: Current learning rate: 0.00317
2026-06-13 23:36:28.054074: train_loss -0.6904
2026-06-13 23:36:28.057628: val_loss -0.5525
2026-06-13 23:36:28.059509: Pseudo dice [0.5605]
2026-06-13 23:36:28.061292: Epoch time: 22.87 s
2026-06-13 23:36:29.001108: 
2026-06-13 23:36:29.003192: Epoch 722
2026-06-13 23:36:29.005311: Current learning rate: 0.00316
2026-06-13 23:36:52.137189: train_loss -0.7051
2026-06-13 23:36:52.140518: val_loss -0.5246
2026-06-13 23:36:52.142215: Pseudo dice [0.5212]
2026-06-13 23:36:52.144219: Epoch time: 23.14 s
2026-06-13 23:36:53.086626: 
2026-06-13 23:36:53.088236: Epoch 723
2026-06-13 23:36:53.090214: Current learning rate: 0.00315
2026-06-13 23:37:15.564603: train_loss -0.6836
2026-06-13 23:37:15.572235: val_loss -0.4851
2026-06-13 23:37:15.575746: Pseudo dice [0.4734]
2026-06-13 23:37:15.584265: Epoch time: 22.48 s
2026-06-13 23:37:16.528232: 
2026-06-13 23:37:16.529689: Epoch 724
2026-06-13 23:37:16.532788: Current learning rate: 0.00314
2026-06-13 23:37:39.101045: train_loss -0.7079
2026-06-13 23:37:39.104632: val_loss -0.516
2026-06-13 23:37:39.106262: Pseudo dice [0.4839]
2026-06-13 23:37:39.107828: Epoch time: 22.57 s
2026-06-13 23:37:40.046598: 
2026-06-13 23:37:40.049792: Epoch 725
2026-06-13 23:37:40.051856: Current learning rate: 0.00313
2026-06-13 23:38:02.707766: train_loss -0.7175
2026-06-13 23:38:02.711540: val_loss -0.5413
2026-06-13 23:38:02.714097: Pseudo dice [0.5164]
2026-06-13 23:38:02.715800: Epoch time: 22.66 s
2026-06-13 23:38:03.671547: 
2026-06-13 23:38:03.678994: Epoch 726
2026-06-13 23:38:03.680818: Current learning rate: 0.00312
2026-06-13 23:38:26.380426: train_loss -0.7183
2026-06-13 23:38:26.382508: val_loss -0.5409
2026-06-13 23:38:26.383952: Pseudo dice [0.5377]
2026-06-13 23:38:26.385796: Epoch time: 22.71 s
2026-06-13 23:38:27.334036: 
2026-06-13 23:38:27.336181: Epoch 727
2026-06-13 23:38:27.338207: Current learning rate: 0.00311
2026-06-13 23:38:50.171086: train_loss -0.7045
2026-06-13 23:38:50.177411: val_loss -0.5453
2026-06-13 23:38:50.181928: Pseudo dice [0.544]
2026-06-13 23:38:50.184725: Epoch time: 22.84 s
2026-06-13 23:38:51.142120: 
2026-06-13 23:38:51.146496: Epoch 728
2026-06-13 23:38:51.148421: Current learning rate: 0.0031
2026-06-13 23:39:13.948413: train_loss -0.6988
2026-06-13 23:39:13.951526: val_loss -0.561
2026-06-13 23:39:13.953204: Pseudo dice [0.5245]
2026-06-13 23:39:13.954747: Epoch time: 22.81 s
2026-06-13 23:39:15.374428: 
2026-06-13 23:39:15.383297: Epoch 729
2026-06-13 23:39:15.384855: Current learning rate: 0.00309
2026-06-13 23:39:38.407762: train_loss -0.7116
2026-06-13 23:39:38.411362: val_loss -0.5172
2026-06-13 23:39:38.413311: Pseudo dice [0.5032]
2026-06-13 23:39:38.415125: Epoch time: 23.03 s
2026-06-13 23:39:39.364779: 
2026-06-13 23:39:39.366636: Epoch 730
2026-06-13 23:39:39.368153: Current learning rate: 0.00308
2026-06-13 23:40:02.194335: train_loss -0.7393
2026-06-13 23:40:02.199238: val_loss -0.5632
2026-06-13 23:40:02.201304: Pseudo dice [0.5381]
2026-06-13 23:40:02.203110: Epoch time: 22.83 s
2026-06-13 23:40:03.146319: 
2026-06-13 23:40:03.148266: Epoch 731
2026-06-13 23:40:03.149968: Current learning rate: 0.00307
2026-06-13 23:40:26.177313: train_loss -0.74
2026-06-13 23:40:26.180384: val_loss -0.4912
2026-06-13 23:40:26.182244: Pseudo dice [0.4953]
2026-06-13 23:40:26.183943: Epoch time: 23.03 s
2026-06-13 23:40:27.118248: 
2026-06-13 23:40:27.120583: Epoch 732
2026-06-13 23:40:27.122757: Current learning rate: 0.00306
2026-06-13 23:40:49.961161: train_loss -0.7233
2026-06-13 23:40:49.969939: val_loss -0.568
2026-06-13 23:40:49.972098: Pseudo dice [0.5548]
2026-06-13 23:40:49.974610: Epoch time: 22.84 s
2026-06-13 23:40:50.931696: 
2026-06-13 23:40:50.933635: Epoch 733
2026-06-13 23:40:50.935365: Current learning rate: 0.00305
2026-06-13 23:41:13.657970: train_loss -0.7433
2026-06-13 23:41:13.665155: val_loss -0.5317
2026-06-13 23:41:13.667140: Pseudo dice [0.5054]
2026-06-13 23:41:13.668905: Epoch time: 22.73 s
2026-06-13 23:41:14.619515: 
2026-06-13 23:41:14.621592: Epoch 734
2026-06-13 23:41:14.623241: Current learning rate: 0.00304
2026-06-13 23:41:37.327384: train_loss -0.7355
2026-06-13 23:41:37.329420: val_loss -0.5572
2026-06-13 23:41:37.331437: Pseudo dice [0.5601]
2026-06-13 23:41:37.333031: Epoch time: 22.71 s
2026-06-13 23:41:37.334656: Yayy! New best EMA pseudo Dice: 0.5212
2026-06-13 23:41:38.845615: 
2026-06-13 23:41:38.848485: Epoch 735
2026-06-13 23:41:38.850650: Current learning rate: 0.00303
2026-06-13 23:42:01.855873: train_loss -0.7199
2026-06-13 23:42:01.858717: val_loss -0.5403
2026-06-13 23:42:01.860612: Pseudo dice [0.5136]
2026-06-13 23:42:01.862318: Epoch time: 23.01 s
2026-06-13 23:42:02.813367: 
2026-06-13 23:42:02.814909: Epoch 736
2026-06-13 23:42:02.816519: Current learning rate: 0.00302
2026-06-13 23:42:25.646811: train_loss -0.7262
2026-06-13 23:42:25.649753: val_loss -0.5393
2026-06-13 23:42:25.651865: Pseudo dice [0.5321]
2026-06-13 23:42:25.654246: Epoch time: 22.83 s
2026-06-13 23:42:25.656094: Yayy! New best EMA pseudo Dice: 0.5216
2026-06-13 23:42:26.989642: 
2026-06-13 23:42:26.991853: Epoch 737
2026-06-13 23:42:26.994557: Current learning rate: 0.00301
2026-06-13 23:42:49.670922: train_loss -0.7442
2026-06-13 23:42:49.674075: val_loss -0.5433
2026-06-13 23:42:49.675771: Pseudo dice [0.532]
2026-06-13 23:42:49.677313: Epoch time: 22.68 s
2026-06-13 23:42:49.678858: Yayy! New best EMA pseudo Dice: 0.5227
2026-06-13 23:42:51.151135: 
2026-06-13 23:42:51.153956: Epoch 738
2026-06-13 23:42:51.156782: Current learning rate: 0.003
2026-06-13 23:43:13.995182: train_loss -0.7359
2026-06-13 23:43:13.999475: val_loss -0.5536
2026-06-13 23:43:14.001628: Pseudo dice [0.5176]
2026-06-13 23:43:14.004511: Epoch time: 22.84 s
2026-06-13 23:43:14.946860: 
2026-06-13 23:43:14.951993: Epoch 739
2026-06-13 23:43:14.955280: Current learning rate: 0.00299
2026-06-13 23:43:37.652873: train_loss -0.7427
2026-06-13 23:43:37.662004: val_loss -0.5194
2026-06-13 23:43:37.663694: Pseudo dice [0.5002]
2026-06-13 23:43:37.665757: Epoch time: 22.71 s
2026-06-13 23:43:38.625201: 
2026-06-13 23:43:38.626963: Epoch 740
2026-06-13 23:43:38.628524: Current learning rate: 0.00297
2026-06-13 23:44:01.448228: train_loss -0.7234
2026-06-13 23:44:01.450208: val_loss -0.5315
2026-06-13 23:44:01.451819: Pseudo dice [0.5151]
2026-06-13 23:44:01.453751: Epoch time: 22.82 s
2026-06-13 23:44:02.426943: 
2026-06-13 23:44:02.430694: Epoch 741
2026-06-13 23:44:02.433870: Current learning rate: 0.00296
2026-06-13 23:44:25.331514: train_loss -0.7091
2026-06-13 23:44:25.337869: val_loss -0.5034
2026-06-13 23:44:25.340168: Pseudo dice [0.5164]
2026-06-13 23:44:25.342143: Epoch time: 22.91 s
2026-06-13 23:44:26.300806: 
2026-06-13 23:44:26.303672: Epoch 742
2026-06-13 23:44:26.307009: Current learning rate: 0.00295
2026-06-13 23:44:49.025478: train_loss -0.7208
2026-06-13 23:44:49.028295: val_loss -0.5433
2026-06-13 23:44:49.029783: Pseudo dice [0.543]
2026-06-13 23:44:49.031301: Epoch time: 22.73 s
2026-06-13 23:44:49.989151: 
2026-06-13 23:44:49.990863: Epoch 743
2026-06-13 23:44:49.992400: Current learning rate: 0.00294
2026-06-13 23:45:12.676690: train_loss -0.7135
2026-06-13 23:45:12.682120: val_loss -0.487
2026-06-13 23:45:12.683657: Pseudo dice [0.5065]
2026-06-13 23:45:12.685455: Epoch time: 22.69 s
2026-06-13 23:45:13.648358: 
2026-06-13 23:45:13.650475: Epoch 744
2026-06-13 23:45:13.652909: Current learning rate: 0.00293
2026-06-13 23:45:36.284965: train_loss -0.7159
2026-06-13 23:45:36.287323: val_loss -0.4766
2026-06-13 23:45:36.289124: Pseudo dice [0.4742]
2026-06-13 23:45:36.290989: Epoch time: 22.64 s
2026-06-13 23:45:37.752226: 
2026-06-13 23:45:37.754122: Epoch 745
2026-06-13 23:45:37.755615: Current learning rate: 0.00292
2026-06-13 23:46:00.671154: train_loss -0.7205
2026-06-13 23:46:00.674664: val_loss -0.4871
2026-06-13 23:46:00.676647: Pseudo dice [0.4782]
2026-06-13 23:46:00.678514: Epoch time: 22.92 s
2026-06-13 23:46:01.640887: 
2026-06-13 23:46:01.643225: Epoch 746
2026-06-13 23:46:01.645234: Current learning rate: 0.00291
2026-06-13 23:46:24.563939: train_loss -0.7157
2026-06-13 23:46:24.566898: val_loss -0.4646
2026-06-13 23:46:24.570250: Pseudo dice [0.4572]
2026-06-13 23:46:24.572852: Epoch time: 22.92 s
2026-06-13 23:46:25.543454: 
2026-06-13 23:46:25.544976: Epoch 747
2026-06-13 23:46:25.546557: Current learning rate: 0.0029
2026-06-13 23:46:48.339248: train_loss -0.7256
2026-06-13 23:46:48.341387: val_loss -0.5269
2026-06-13 23:46:48.343534: Pseudo dice [0.4984]
2026-06-13 23:46:48.345152: Epoch time: 22.8 s
2026-06-13 23:46:49.318076: 
2026-06-13 23:46:49.319622: Epoch 748
2026-06-13 23:46:49.321373: Current learning rate: 0.00289
2026-06-13 23:47:11.940590: train_loss -0.7355
2026-06-13 23:47:11.945588: val_loss -0.5122
2026-06-13 23:47:11.947682: Pseudo dice [0.5148]
2026-06-13 23:47:11.949439: Epoch time: 22.62 s
2026-06-13 23:47:12.917589: 
2026-06-13 23:47:12.919252: Epoch 749
2026-06-13 23:47:12.920730: Current learning rate: 0.00288
2026-06-13 23:47:35.447672: train_loss -0.7212
2026-06-13 23:47:35.451519: val_loss -0.5198
2026-06-13 23:47:35.453831: Pseudo dice [0.4723]
2026-06-13 23:47:35.455973: Epoch time: 22.53 s
2026-06-13 23:47:36.940977: 
2026-06-13 23:47:36.943256: Epoch 750
2026-06-13 23:47:36.945724: Current learning rate: 0.00287
2026-06-13 23:47:59.861348: train_loss -0.7342
2026-06-13 23:47:59.863606: val_loss -0.5329
2026-06-13 23:47:59.865047: Pseudo dice [0.5053]
2026-06-13 23:47:59.866769: Epoch time: 22.92 s
2026-06-13 23:48:00.832042: 
2026-06-13 23:48:00.838902: Epoch 751
2026-06-13 23:48:00.840474: Current learning rate: 0.00286
2026-06-13 23:48:23.425944: train_loss -0.7259
2026-06-13 23:48:23.432975: val_loss -0.5223
2026-06-13 23:48:23.435388: Pseudo dice [0.5051]
2026-06-13 23:48:23.441073: Epoch time: 22.59 s
2026-06-13 23:48:24.432333: 
2026-06-13 23:48:24.433926: Epoch 752
2026-06-13 23:48:24.435618: Current learning rate: 0.00285
2026-06-13 23:48:47.494283: train_loss -0.7326
2026-06-13 23:48:47.512842: val_loss -0.5256
2026-06-13 23:48:47.519010: Pseudo dice [0.359]
2026-06-13 23:48:47.522375: Epoch time: 23.06 s
2026-06-13 23:48:48.480362: 
2026-06-13 23:48:48.483572: Epoch 753
2026-06-13 23:48:48.485091: Current learning rate: 0.00284
2026-06-13 23:49:11.359231: train_loss -0.7158
2026-06-13 23:49:11.365521: val_loss -0.5138
2026-06-13 23:49:11.367748: Pseudo dice [0.528]
2026-06-13 23:49:11.369969: Epoch time: 22.88 s
2026-06-13 23:49:12.313439: 
2026-06-13 23:49:12.315036: Epoch 754
2026-06-13 23:49:12.316545: Current learning rate: 0.00283
2026-06-13 23:49:35.180966: train_loss -0.6956
2026-06-13 23:49:35.186337: val_loss -0.5464
2026-06-13 23:49:35.188656: Pseudo dice [0.5372]
2026-06-13 23:49:35.192986: Epoch time: 22.87 s
2026-06-13 23:49:36.148847: 
2026-06-13 23:49:36.154272: Epoch 755
2026-06-13 23:49:36.159130: Current learning rate: 0.00282
2026-06-13 23:49:59.107812: train_loss -0.7059
2026-06-13 23:49:59.111253: val_loss -0.5001
2026-06-13 23:49:59.112650: Pseudo dice [0.4902]
2026-06-13 23:49:59.114092: Epoch time: 22.96 s
2026-06-13 23:50:00.071852: 
2026-06-13 23:50:00.073894: Epoch 756
2026-06-13 23:50:00.075536: Current learning rate: 0.00281
2026-06-13 23:50:22.891204: train_loss -0.72
2026-06-13 23:50:22.896158: val_loss -0.5155
2026-06-13 23:50:22.898602: Pseudo dice [0.5162]
2026-06-13 23:50:22.901369: Epoch time: 22.82 s
2026-06-13 23:50:23.870971: 
2026-06-13 23:50:23.872845: Epoch 757
2026-06-13 23:50:23.874528: Current learning rate: 0.0028
2026-06-13 23:50:46.891268: train_loss -0.7004
2026-06-13 23:50:46.893755: val_loss -0.5454
2026-06-13 23:50:46.895329: Pseudo dice [0.5227]
2026-06-13 23:50:46.896711: Epoch time: 23.02 s
2026-06-13 23:50:47.864258: 
2026-06-13 23:50:47.865738: Epoch 758
2026-06-13 23:50:47.867180: Current learning rate: 0.00279
2026-06-13 23:51:10.700568: train_loss -0.7292
2026-06-13 23:51:10.708854: val_loss -0.532
2026-06-13 23:51:10.710781: Pseudo dice [0.5527]
2026-06-13 23:51:10.712275: Epoch time: 22.84 s
2026-06-13 23:51:11.659886: 
2026-06-13 23:51:11.661648: Epoch 759
2026-06-13 23:51:11.663234: Current learning rate: 0.00278
2026-06-13 23:51:34.480822: train_loss -0.7296
2026-06-13 23:51:34.495026: val_loss -0.5384
2026-06-13 23:51:34.496582: Pseudo dice [0.5268]
2026-06-13 23:51:34.498105: Epoch time: 22.82 s
2026-06-13 23:51:35.460428: 
2026-06-13 23:51:35.462089: Epoch 760
2026-06-13 23:51:35.463518: Current learning rate: 0.00277
2026-06-13 23:51:58.169105: train_loss -0.7383
2026-06-13 23:51:58.180107: val_loss -0.544
2026-06-13 23:51:58.181579: Pseudo dice [0.555]
2026-06-13 23:51:58.183104: Epoch time: 22.71 s
2026-06-13 23:51:59.695717: 
2026-06-13 23:51:59.697299: Epoch 761
2026-06-13 23:51:59.698823: Current learning rate: 0.00276
2026-06-13 23:52:22.858175: train_loss -0.7202
2026-06-13 23:52:22.863425: val_loss -0.4879
2026-06-13 23:52:22.865283: Pseudo dice [0.2307]
2026-06-13 23:52:22.867400: Epoch time: 23.16 s
2026-06-13 23:52:23.827475: 
2026-06-13 23:52:23.829857: Epoch 762
2026-06-13 23:52:23.831362: Current learning rate: 0.00275
2026-06-13 23:52:46.911732: train_loss -0.7267
2026-06-13 23:52:46.914746: val_loss -0.4746
2026-06-13 23:52:46.916363: Pseudo dice [0.4669]
2026-06-13 23:52:46.918396: Epoch time: 23.09 s
2026-06-13 23:52:47.886935: 
2026-06-13 23:52:47.890179: Epoch 763
2026-06-13 23:52:47.893666: Current learning rate: 0.00274
2026-06-13 23:53:10.867377: train_loss -0.6748
2026-06-13 23:53:10.872252: val_loss -0.5437
2026-06-13 23:53:10.876519: Pseudo dice [0.5389]
2026-06-13 23:53:10.881361: Epoch time: 22.98 s
2026-06-13 23:53:11.853263: 
2026-06-13 23:53:11.854792: Epoch 764
2026-06-13 23:53:11.856537: Current learning rate: 0.00273
2026-06-13 23:53:35.118597: train_loss -0.6855
2026-06-13 23:53:35.126751: val_loss -0.5393
2026-06-13 23:53:35.129720: Pseudo dice [0.5274]
2026-06-13 23:53:35.144082: Epoch time: 23.27 s
2026-06-13 23:53:36.107257: 
2026-06-13 23:53:36.109360: Epoch 765
2026-06-13 23:53:36.111259: Current learning rate: 0.00272
2026-06-13 23:53:58.894549: train_loss -0.7137
2026-06-13 23:53:58.897321: val_loss -0.5779
2026-06-13 23:53:58.903047: Pseudo dice [0.5764]
2026-06-13 23:53:58.908619: Epoch time: 22.79 s
2026-06-13 23:54:00.001039: 
2026-06-13 23:54:00.002916: Epoch 766
2026-06-13 23:54:00.004685: Current learning rate: 0.00271
2026-06-13 23:54:22.579568: train_loss -0.7095
2026-06-13 23:54:22.586344: val_loss -0.4715
2026-06-13 23:54:22.588302: Pseudo dice [0.4642]
2026-06-13 23:54:22.590266: Epoch time: 22.58 s
2026-06-13 23:54:23.624248: 
2026-06-13 23:54:23.627649: Epoch 767
2026-06-13 23:54:23.630336: Current learning rate: 0.0027
2026-06-13 23:54:46.507172: train_loss -0.7086
2026-06-13 23:54:46.513368: val_loss -0.5137
2026-06-13 23:54:46.515457: Pseudo dice [0.5017]
2026-06-13 23:54:46.517500: Epoch time: 22.88 s
2026-06-13 23:54:47.486929: 
2026-06-13 23:54:47.507426: Epoch 768
2026-06-13 23:54:47.509086: Current learning rate: 0.00268
2026-06-13 23:55:10.320161: train_loss -0.7156
2026-06-13 23:55:10.322312: val_loss -0.5385
2026-06-13 23:55:10.323918: Pseudo dice [0.5322]
2026-06-13 23:55:10.325608: Epoch time: 22.83 s
2026-06-13 23:55:11.285667: 
2026-06-13 23:55:11.287262: Epoch 769
2026-06-13 23:55:11.288912: Current learning rate: 0.00267
2026-06-13 23:55:34.008104: train_loss -0.7116
2026-06-13 23:55:34.010338: val_loss -0.5353
2026-06-13 23:55:34.011835: Pseudo dice [0.4992]
2026-06-13 23:55:34.013393: Epoch time: 22.72 s
2026-06-13 23:55:34.977888: 
2026-06-13 23:55:34.979975: Epoch 770
2026-06-13 23:55:34.981413: Current learning rate: 0.00266
2026-06-13 23:55:57.621377: train_loss -0.7463
2026-06-13 23:55:57.626421: val_loss -0.5076
2026-06-13 23:55:57.628687: Pseudo dice [0.4882]
2026-06-13 23:55:57.630702: Epoch time: 22.64 s
2026-06-13 23:55:58.584459: 
2026-06-13 23:55:58.586254: Epoch 771
2026-06-13 23:55:58.588101: Current learning rate: 0.00265
2026-06-13 23:56:21.233740: train_loss -0.7429
2026-06-13 23:56:21.240863: val_loss -0.5398
2026-06-13 23:56:21.242566: Pseudo dice [0.5254]
2026-06-13 23:56:21.244164: Epoch time: 22.65 s
2026-06-13 23:56:22.202574: 
2026-06-13 23:56:22.204252: Epoch 772
2026-06-13 23:56:22.205723: Current learning rate: 0.00264
2026-06-13 23:56:44.917860: train_loss -0.7447
2026-06-13 23:56:44.920672: val_loss -0.4893
2026-06-13 23:56:44.922636: Pseudo dice [0.4981]
2026-06-13 23:56:44.924314: Epoch time: 22.72 s
2026-06-13 23:56:45.895479: 
2026-06-13 23:56:45.897032: Epoch 773
2026-06-13 23:56:45.898484: Current learning rate: 0.00263
2026-06-13 23:57:08.615817: train_loss -0.7333
2026-06-13 23:57:08.618871: val_loss -0.5053
2026-06-13 23:57:08.621799: Pseudo dice [0.5286]
2026-06-13 23:57:08.624149: Epoch time: 22.72 s
2026-06-13 23:57:09.603650: 
2026-06-13 23:57:09.605240: Epoch 774
2026-06-13 23:57:09.606749: Current learning rate: 0.00262
2026-06-13 23:57:32.378811: train_loss -0.7142
2026-06-13 23:57:32.382137: val_loss -0.4353
2026-06-13 23:57:32.383734: Pseudo dice [0.4572]
2026-06-13 23:57:32.385232: Epoch time: 22.78 s
2026-06-13 23:57:33.339791: 
2026-06-13 23:57:33.341694: Epoch 775
2026-06-13 23:57:33.343501: Current learning rate: 0.00261
2026-06-13 23:57:56.113601: train_loss -0.7407
2026-06-13 23:57:56.118723: val_loss -0.5484
2026-06-13 23:57:56.121544: Pseudo dice [0.5546]
2026-06-13 23:57:56.125323: Epoch time: 22.77 s
2026-06-13 23:57:57.092504: 
2026-06-13 23:57:57.105359: Epoch 776
2026-06-13 23:57:57.109207: Current learning rate: 0.0026
2026-06-13 23:58:19.849477: train_loss -0.7357
2026-06-13 23:58:19.856412: val_loss -0.4955
2026-06-13 23:58:19.858467: Pseudo dice [0.4448]
2026-06-13 23:58:19.860510: Epoch time: 22.76 s
2026-06-13 23:58:21.302087: 
2026-06-13 23:58:21.303755: Epoch 777
2026-06-13 23:58:21.305477: Current learning rate: 0.00259
2026-06-13 23:58:44.567444: train_loss -0.7307
2026-06-13 23:58:44.603678: val_loss -0.5492
2026-06-13 23:58:44.620096: Pseudo dice [0.5028]
2026-06-13 23:58:44.632930: Epoch time: 23.27 s
2026-06-13 23:58:45.598758: 
2026-06-13 23:58:45.600911: Epoch 778
2026-06-13 23:58:45.602991: Current learning rate: 0.00258
2026-06-13 23:59:08.772032: train_loss -0.7165
2026-06-13 23:59:08.774302: val_loss -0.5547
2026-06-13 23:59:08.776725: Pseudo dice [0.5461]
2026-06-13 23:59:08.778621: Epoch time: 23.17 s
2026-06-13 23:59:09.747187: 
2026-06-13 23:59:09.749254: Epoch 779
2026-06-13 23:59:09.751037: Current learning rate: 0.00257
2026-06-13 23:59:32.608445: train_loss -0.737
2026-06-13 23:59:32.611711: val_loss -0.5948
2026-06-13 23:59:32.613749: Pseudo dice [0.549]
2026-06-13 23:59:32.615884: Epoch time: 22.86 s
2026-06-13 23:59:33.589379: 
2026-06-13 23:59:33.591274: Epoch 780
2026-06-13 23:59:33.592948: Current learning rate: 0.00256
2026-06-13 23:59:56.449257: train_loss -0.7255
2026-06-13 23:59:56.452770: val_loss -0.4664
2026-06-13 23:59:56.454523: Pseudo dice [0.4815]
2026-06-13 23:59:56.456084: Epoch time: 22.86 s
2026-06-13 23:59:57.423664: 
2026-06-13 23:59:57.427618: Epoch 781
2026-06-13 23:59:57.431286: Current learning rate: 0.00255
2026-06-14 00:00:20.154784: train_loss -0.7106
2026-06-14 00:00:20.158039: val_loss -0.5246
2026-06-14 00:00:20.159523: Pseudo dice [0.5391]
2026-06-14 00:00:20.161120: Epoch time: 22.73 s
2026-06-14 00:00:21.138426: 
2026-06-14 00:00:21.140606: Epoch 782
2026-06-14 00:00:21.143373: Current learning rate: 0.00254
2026-06-14 00:00:43.904664: train_loss -0.7417
2026-06-14 00:00:43.910540: val_loss -0.6077
2026-06-14 00:00:43.914084: Pseudo dice [0.5692]
2026-06-14 00:00:43.918730: Epoch time: 22.77 s
2026-06-14 00:00:44.884570: 
2026-06-14 00:00:44.888058: Epoch 783
2026-06-14 00:00:44.891919: Current learning rate: 0.00253
2026-06-14 00:01:07.649523: train_loss -0.7032
2026-06-14 00:01:07.661629: val_loss -0.5713
2026-06-14 00:01:07.666349: Pseudo dice [0.5513]
2026-06-14 00:01:07.670954: Epoch time: 22.77 s
2026-06-14 00:01:08.654061: 
2026-06-14 00:01:08.660531: Epoch 784
2026-06-14 00:01:08.665844: Current learning rate: 0.00252
2026-06-14 00:01:31.462148: train_loss -0.7176
2026-06-14 00:01:31.467489: val_loss -0.4872
2026-06-14 00:01:31.470228: Pseudo dice [0.4858]
2026-06-14 00:01:31.471931: Epoch time: 22.81 s
2026-06-14 00:01:32.442468: 
2026-06-14 00:01:32.447967: Epoch 785
2026-06-14 00:01:32.451313: Current learning rate: 0.00251
2026-06-14 00:01:55.298618: train_loss -0.7359
2026-06-14 00:01:55.304273: val_loss -0.536
2026-06-14 00:01:55.309752: Pseudo dice [0.4768]
2026-06-14 00:01:55.313361: Epoch time: 22.86 s
2026-06-14 00:01:56.280364: 
2026-06-14 00:01:56.284179: Epoch 786
2026-06-14 00:01:56.285877: Current learning rate: 0.0025
2026-06-14 00:02:19.113130: train_loss -0.7273
2026-06-14 00:02:19.117291: val_loss -0.5899
2026-06-14 00:02:19.119204: Pseudo dice [0.6018]
2026-06-14 00:02:19.120855: Epoch time: 22.83 s
2026-06-14 00:02:20.094237: 
2026-06-14 00:02:20.096386: Epoch 787
2026-06-14 00:02:20.098191: Current learning rate: 0.00249
2026-06-14 00:02:42.923398: train_loss -0.7323
2026-06-14 00:02:42.928269: val_loss -0.5073
2026-06-14 00:02:42.931888: Pseudo dice [0.5035]
2026-06-14 00:02:42.935592: Epoch time: 22.83 s
2026-06-14 00:02:43.902383: 
2026-06-14 00:02:43.907022: Epoch 788
2026-06-14 00:02:43.911337: Current learning rate: 0.00248
2026-06-14 00:03:06.795583: train_loss -0.6896
2026-06-14 00:03:06.800792: val_loss -0.4974
2026-06-14 00:03:06.806503: Pseudo dice [0.2978]
2026-06-14 00:03:06.810640: Epoch time: 22.89 s
2026-06-14 00:03:07.795739: 
2026-06-14 00:03:07.800483: Epoch 789
2026-06-14 00:03:07.803852: Current learning rate: 0.00247
2026-06-14 00:03:30.491870: train_loss -0.6991
2026-06-14 00:03:30.503103: val_loss -0.5569
2026-06-14 00:03:30.506913: Pseudo dice [0.5543]
2026-06-14 00:03:30.510185: Epoch time: 22.7 s
2026-06-14 00:03:31.480618: 
2026-06-14 00:03:31.487329: Epoch 790
2026-06-14 00:03:31.492196: Current learning rate: 0.00245
2026-06-14 00:03:54.187069: train_loss -0.7327
2026-06-14 00:03:54.190368: val_loss -0.5068
2026-06-14 00:03:54.192121: Pseudo dice [0.4894]
2026-06-14 00:03:54.195213: Epoch time: 22.71 s
2026-06-14 00:03:55.159727: 
2026-06-14 00:03:55.164443: Epoch 791
2026-06-14 00:03:55.170909: Current learning rate: 0.00244
2026-06-14 00:04:18.056450: train_loss -0.7253
2026-06-14 00:04:18.060688: val_loss -0.5307
2026-06-14 00:04:18.063560: Pseudo dice [0.4947]
2026-06-14 00:04:18.066423: Epoch time: 22.9 s
2026-06-14 00:04:19.033523: 
2026-06-14 00:04:19.036943: Epoch 792
2026-06-14 00:04:19.038827: Current learning rate: 0.00243
2026-06-14 00:04:41.840483: train_loss -0.7416
2026-06-14 00:04:41.844514: val_loss -0.5246
2026-06-14 00:04:41.846910: Pseudo dice [0.5342]
2026-06-14 00:04:41.848539: Epoch time: 22.81 s
2026-06-14 00:04:43.305775: 
2026-06-14 00:04:43.307991: Epoch 793
2026-06-14 00:04:43.309819: Current learning rate: 0.00242
2026-06-14 00:05:06.330342: train_loss -0.7615
2026-06-14 00:05:06.334667: val_loss -0.5555
2026-06-14 00:05:06.336725: Pseudo dice [0.5587]
2026-06-14 00:05:06.338487: Epoch time: 23.03 s
2026-06-14 00:05:07.297589: 
2026-06-14 00:05:07.300122: Epoch 794
2026-06-14 00:05:07.302165: Current learning rate: 0.00241
2026-06-14 00:05:30.332285: train_loss -0.7351
2026-06-14 00:05:30.335945: val_loss -0.4486
2026-06-14 00:05:30.338721: Pseudo dice [0.4489]
2026-06-14 00:05:30.341036: Epoch time: 23.04 s
2026-06-14 00:05:31.296602: 
2026-06-14 00:05:31.300943: Epoch 795
2026-06-14 00:05:31.306166: Current learning rate: 0.0024
2026-06-14 00:05:54.221237: train_loss -0.7364
2026-06-14 00:05:54.232929: val_loss -0.5131
2026-06-14 00:05:54.238552: Pseudo dice [0.4853]
2026-06-14 00:05:54.243145: Epoch time: 22.93 s
2026-06-14 00:05:55.206216: 
2026-06-14 00:05:55.209074: Epoch 796
2026-06-14 00:05:55.212085: Current learning rate: 0.00239
2026-06-14 00:06:18.004185: train_loss -0.7388
2026-06-14 00:06:18.014375: val_loss -0.5169
2026-06-14 00:06:18.019233: Pseudo dice [0.505]
2026-06-14 00:06:18.021843: Epoch time: 22.8 s
2026-06-14 00:06:18.971354: 
2026-06-14 00:06:18.973142: Epoch 797
2026-06-14 00:06:18.974912: Current learning rate: 0.00238
2026-06-14 00:06:41.654833: train_loss -0.7376
2026-06-14 00:06:41.663239: val_loss -0.5493
2026-06-14 00:06:41.667632: Pseudo dice [0.5137]
2026-06-14 00:06:41.670339: Epoch time: 22.68 s
2026-06-14 00:06:42.694813: 
2026-06-14 00:06:42.697690: Epoch 798
2026-06-14 00:06:42.700296: Current learning rate: 0.00237
2026-06-14 00:07:05.303250: train_loss -0.7069
2026-06-14 00:07:05.307534: val_loss -0.5518
2026-06-14 00:07:05.309420: Pseudo dice [0.5446]
2026-06-14 00:07:05.311343: Epoch time: 22.61 s
2026-06-14 00:07:06.278508: 
2026-06-14 00:07:06.283074: Epoch 799
2026-06-14 00:07:06.287502: Current learning rate: 0.00236
2026-06-14 00:07:29.046674: train_loss -0.7269
2026-06-14 00:07:29.051577: val_loss -0.5874
2026-06-14 00:07:29.055269: Pseudo dice [0.5503]
2026-06-14 00:07:29.057857: Epoch time: 22.77 s
2026-06-14 00:07:30.528662: 
2026-06-14 00:07:30.531285: Epoch 800
2026-06-14 00:07:30.534324: Current learning rate: 0.00235
2026-06-14 00:07:53.226235: train_loss -0.7259
2026-06-14 00:07:53.229376: val_loss -0.5005
2026-06-14 00:07:53.231441: Pseudo dice [0.4753]
2026-06-14 00:07:53.233582: Epoch time: 22.7 s
2026-06-14 00:07:54.202314: 
2026-06-14 00:07:54.204350: Epoch 801
2026-06-14 00:07:54.206156: Current learning rate: 0.00234
2026-06-14 00:08:16.765676: train_loss -0.7536
2026-06-14 00:08:16.774300: val_loss -0.5233
2026-06-14 00:08:16.777424: Pseudo dice [0.5056]
2026-06-14 00:08:16.780076: Epoch time: 22.56 s
2026-06-14 00:08:17.731329: 
2026-06-14 00:08:17.735703: Epoch 802
2026-06-14 00:08:17.739372: Current learning rate: 0.00233
2026-06-14 00:08:40.661268: train_loss -0.7549
2026-06-14 00:08:40.665187: val_loss -0.5576
2026-06-14 00:08:40.667147: Pseudo dice [0.547]
2026-06-14 00:08:40.669113: Epoch time: 22.93 s
2026-06-14 00:08:41.652552: 
2026-06-14 00:08:41.654732: Epoch 803
2026-06-14 00:08:41.656832: Current learning rate: 0.00232
2026-06-14 00:09:04.354795: train_loss -0.7489
2026-06-14 00:09:04.359132: val_loss -0.5989
2026-06-14 00:09:04.361037: Pseudo dice [0.5985]
2026-06-14 00:09:04.363439: Epoch time: 22.7 s
2026-06-14 00:09:05.318969: 
2026-06-14 00:09:05.320843: Epoch 804
2026-06-14 00:09:05.322425: Current learning rate: 0.00231
2026-06-14 00:09:28.124723: train_loss -0.7469
2026-06-14 00:09:28.138354: val_loss -0.5539
2026-06-14 00:09:28.143114: Pseudo dice [0.548]
2026-06-14 00:09:28.149158: Epoch time: 22.81 s
2026-06-14 00:09:28.156517: Yayy! New best EMA pseudo Dice: 0.5231
2026-06-14 00:09:29.694894: 
2026-06-14 00:09:29.697253: Epoch 805
2026-06-14 00:09:29.699474: Current learning rate: 0.0023
2026-06-14 00:09:52.272867: train_loss -0.7635
2026-06-14 00:09:52.275458: val_loss -0.4855
2026-06-14 00:09:52.277548: Pseudo dice [0.4608]
2026-06-14 00:09:52.279310: Epoch time: 22.58 s
2026-06-14 00:09:53.230268: 
2026-06-14 00:09:53.236100: Epoch 806
2026-06-14 00:09:53.241473: Current learning rate: 0.00229
2026-06-14 00:10:16.172826: train_loss -0.7321
2026-06-14 00:10:16.177258: val_loss -0.5167
2026-06-14 00:10:16.182642: Pseudo dice [0.486]
2026-06-14 00:10:16.187960: Epoch time: 22.94 s
2026-06-14 00:10:17.157413: 
2026-06-14 00:10:17.162023: Epoch 807
2026-06-14 00:10:17.166223: Current learning rate: 0.00228
2026-06-14 00:10:39.799913: train_loss -0.7525
2026-06-14 00:10:39.803654: val_loss -0.5361
2026-06-14 00:10:39.805570: Pseudo dice [0.521]
2026-06-14 00:10:39.807178: Epoch time: 22.64 s
2026-06-14 00:10:40.782360: 
2026-06-14 00:10:40.786553: Epoch 808
2026-06-14 00:10:40.791221: Current learning rate: 0.00226
2026-06-14 00:11:03.379776: train_loss -0.7581
2026-06-14 00:11:03.388333: val_loss -0.4913
2026-06-14 00:11:03.393489: Pseudo dice [0.5065]
2026-06-14 00:11:03.397883: Epoch time: 22.6 s
2026-06-14 00:11:04.872972: 
2026-06-14 00:11:04.876133: Epoch 809
2026-06-14 00:11:04.879835: Current learning rate: 0.00225
2026-06-14 00:11:27.700748: train_loss -0.7581
2026-06-14 00:11:27.705063: val_loss -0.5646
2026-06-14 00:11:27.708081: Pseudo dice [0.5485]
2026-06-14 00:11:27.711105: Epoch time: 22.83 s
2026-06-14 00:11:28.663210: 
2026-06-14 00:11:28.664838: Epoch 810
2026-06-14 00:11:28.666417: Current learning rate: 0.00224
2026-06-14 00:11:51.381457: train_loss -0.7473
2026-06-14 00:11:51.400140: val_loss -0.5299
2026-06-14 00:11:51.404117: Pseudo dice [0.4918]
2026-06-14 00:11:51.406071: Epoch time: 22.72 s
2026-06-14 00:11:52.358095: 
2026-06-14 00:11:52.359728: Epoch 811
2026-06-14 00:11:52.361356: Current learning rate: 0.00223
2026-06-14 00:12:15.191498: train_loss -0.7513
2026-06-14 00:12:15.196350: val_loss -0.6108
2026-06-14 00:12:15.198524: Pseudo dice [0.5703]
2026-06-14 00:12:15.201139: Epoch time: 22.83 s
2026-06-14 00:12:16.165026: 
2026-06-14 00:12:16.168425: Epoch 812
2026-06-14 00:12:16.172847: Current learning rate: 0.00222
2026-06-14 00:12:38.707354: train_loss -0.77
2026-06-14 00:12:38.712355: val_loss -0.538
2026-06-14 00:12:38.714711: Pseudo dice [0.5093]
2026-06-14 00:12:38.716576: Epoch time: 22.54 s
2026-06-14 00:12:39.673715: 
2026-06-14 00:12:39.675422: Epoch 813
2026-06-14 00:12:39.678871: Current learning rate: 0.00221
2026-06-14 00:13:02.182569: train_loss -0.7441
2026-06-14 00:13:02.194145: val_loss -0.5631
2026-06-14 00:13:02.204910: Pseudo dice [0.5594]
2026-06-14 00:13:02.218823: Epoch time: 22.51 s
2026-06-14 00:13:02.228338: Yayy! New best EMA pseudo Dice: 0.5231
2026-06-14 00:13:03.680442: 
2026-06-14 00:13:03.683666: Epoch 814
2026-06-14 00:13:03.685620: Current learning rate: 0.0022
2026-06-14 00:13:26.456383: train_loss -0.7539
2026-06-14 00:13:26.459351: val_loss -0.4983
2026-06-14 00:13:26.460927: Pseudo dice [0.4947]
2026-06-14 00:13:26.462545: Epoch time: 22.78 s
2026-06-14 00:13:27.436106: 
2026-06-14 00:13:27.438716: Epoch 815
2026-06-14 00:13:27.440843: Current learning rate: 0.00219
2026-06-14 00:13:50.199563: train_loss -0.7667
2026-06-14 00:13:50.202605: val_loss -0.5354
2026-06-14 00:13:50.206439: Pseudo dice [0.4914]
2026-06-14 00:13:50.209415: Epoch time: 22.76 s
2026-06-14 00:13:51.174010: 
2026-06-14 00:13:51.175794: Epoch 816
2026-06-14 00:13:51.178803: Current learning rate: 0.00218
2026-06-14 00:14:13.964420: train_loss -0.7465
2026-06-14 00:14:13.969398: val_loss -0.4748
2026-06-14 00:14:13.971057: Pseudo dice [0.4608]
2026-06-14 00:14:13.972836: Epoch time: 22.79 s
2026-06-14 00:14:14.945528: 
2026-06-14 00:14:14.947918: Epoch 817
2026-06-14 00:14:14.949682: Current learning rate: 0.00217
2026-06-14 00:14:37.581723: train_loss -0.7612
2026-06-14 00:14:37.584480: val_loss -0.5666
2026-06-14 00:14:37.586703: Pseudo dice [0.515]
2026-06-14 00:14:37.590571: Epoch time: 22.64 s
2026-06-14 00:14:38.554834: 
2026-06-14 00:14:38.565579: Epoch 818
2026-06-14 00:14:38.568131: Current learning rate: 0.00216
2026-06-14 00:15:01.155396: train_loss -0.7654
2026-06-14 00:15:01.158192: val_loss -0.5632
2026-06-14 00:15:01.159959: Pseudo dice [0.5735]
2026-06-14 00:15:01.161831: Epoch time: 22.6 s
2026-06-14 00:15:02.116815: 
2026-06-14 00:15:02.118481: Epoch 819
2026-06-14 00:15:02.120194: Current learning rate: 0.00215
2026-06-14 00:15:24.789170: train_loss -0.7595
2026-06-14 00:15:24.797997: val_loss -0.6015
2026-06-14 00:15:24.801315: Pseudo dice [0.5722]
2026-06-14 00:15:24.803727: Epoch time: 22.67 s
2026-06-14 00:15:24.805849: Yayy! New best EMA pseudo Dice: 0.5236
2026-06-14 00:15:26.253053: 
2026-06-14 00:15:26.260803: Epoch 820
2026-06-14 00:15:26.263659: Current learning rate: 0.00214
2026-06-14 00:15:49.077825: train_loss -0.7659
2026-06-14 00:15:49.099576: val_loss -0.5091
2026-06-14 00:15:49.111596: Pseudo dice [0.5292]
2026-06-14 00:15:49.113634: Epoch time: 22.83 s
2026-06-14 00:15:49.118925: Yayy! New best EMA pseudo Dice: 0.5242
2026-06-14 00:15:50.560550: 
2026-06-14 00:15:50.562009: Epoch 821
2026-06-14 00:15:50.563523: Current learning rate: 0.00213
2026-06-14 00:16:13.251034: train_loss -0.7678
2026-06-14 00:16:13.254264: val_loss -0.5619
2026-06-14 00:16:13.256555: Pseudo dice [0.515]
2026-06-14 00:16:13.258995: Epoch time: 22.69 s
2026-06-14 00:16:14.192046: 
2026-06-14 00:16:14.193717: Epoch 822
2026-06-14 00:16:14.195287: Current learning rate: 0.00212
2026-06-14 00:16:36.571616: train_loss -0.7605
2026-06-14 00:16:36.578489: val_loss -0.587
2026-06-14 00:16:36.581627: Pseudo dice [0.5684]
2026-06-14 00:16:36.586437: Epoch time: 22.38 s
2026-06-14 00:16:36.590641: Yayy! New best EMA pseudo Dice: 0.5278
2026-06-14 00:16:38.020170: 
2026-06-14 00:16:38.021983: Epoch 823
2026-06-14 00:16:38.024238: Current learning rate: 0.0021
2026-06-14 00:17:00.538380: train_loss -0.7553
2026-06-14 00:17:00.576085: val_loss -0.5311
2026-06-14 00:17:00.578014: Pseudo dice [0.5181]
2026-06-14 00:17:00.579555: Epoch time: 22.52 s
2026-06-14 00:17:01.511536: 
2026-06-14 00:17:01.513202: Epoch 824
2026-06-14 00:17:01.514832: Current learning rate: 0.00209
2026-06-14 00:17:24.007433: train_loss -0.7626
2026-06-14 00:17:24.011000: val_loss -0.5479
2026-06-14 00:17:24.012623: Pseudo dice [0.5312]
2026-06-14 00:17:24.014240: Epoch time: 22.5 s
2026-06-14 00:17:25.441036: 
2026-06-14 00:17:25.442764: Epoch 825
2026-06-14 00:17:25.445341: Current learning rate: 0.00208
2026-06-14 00:17:48.066018: train_loss -0.747
2026-06-14 00:17:48.073987: val_loss -0.5848
2026-06-14 00:17:48.076610: Pseudo dice [0.6051]
2026-06-14 00:17:48.079017: Epoch time: 22.63 s
2026-06-14 00:17:48.080961: Yayy! New best EMA pseudo Dice: 0.535
2026-06-14 00:17:49.520062: 
2026-06-14 00:17:49.523024: Epoch 826
2026-06-14 00:17:49.526990: Current learning rate: 0.00207
2026-06-14 00:18:12.103877: train_loss -0.7648
2026-06-14 00:18:12.109286: val_loss -0.546
2026-06-14 00:18:12.111144: Pseudo dice [0.5319]
2026-06-14 00:18:12.113321: Epoch time: 22.58 s
2026-06-14 00:18:13.028531: 
2026-06-14 00:18:13.030381: Epoch 827
2026-06-14 00:18:13.032450: Current learning rate: 0.00206
2026-06-14 00:18:35.621819: train_loss -0.7618
2026-06-14 00:18:35.623926: val_loss -0.488
2026-06-14 00:18:35.625438: Pseudo dice [0.4797]
2026-06-14 00:18:35.627064: Epoch time: 22.59 s
2026-06-14 00:18:36.555475: 
2026-06-14 00:18:36.557776: Epoch 828
2026-06-14 00:18:36.559659: Current learning rate: 0.00205
2026-06-14 00:18:59.155710: train_loss -0.7497
2026-06-14 00:18:59.164787: val_loss -0.467
2026-06-14 00:18:59.167678: Pseudo dice [0.4709]
2026-06-14 00:18:59.171595: Epoch time: 22.6 s
2026-06-14 00:19:00.093294: 
2026-06-14 00:19:00.094788: Epoch 829
2026-06-14 00:19:00.096174: Current learning rate: 0.00204
2026-06-14 00:19:22.685603: train_loss -0.746
2026-06-14 00:19:22.691449: val_loss -0.4893
2026-06-14 00:19:22.694302: Pseudo dice [0.4865]
2026-06-14 00:19:22.696548: Epoch time: 22.59 s
2026-06-14 00:19:23.641974: 
2026-06-14 00:19:23.646243: Epoch 830
2026-06-14 00:19:23.650358: Current learning rate: 0.00203
2026-06-14 00:19:46.211971: train_loss -0.7489
2026-06-14 00:19:46.215221: val_loss -0.5218
2026-06-14 00:19:46.216967: Pseudo dice [0.5123]
2026-06-14 00:19:46.218834: Epoch time: 22.57 s
2026-06-14 00:19:47.137356: 
2026-06-14 00:19:47.140299: Epoch 831
2026-06-14 00:19:47.143243: Current learning rate: 0.00202
2026-06-14 00:20:09.632935: train_loss -0.7716
2026-06-14 00:20:09.643297: val_loss -0.5702
2026-06-14 00:20:09.647881: Pseudo dice [0.5555]
2026-06-14 00:20:09.653150: Epoch time: 22.5 s
2026-06-14 00:20:10.603991: 
2026-06-14 00:20:10.607448: Epoch 832
2026-06-14 00:20:10.611258: Current learning rate: 0.00201
2026-06-14 00:20:33.173604: train_loss -0.7649
2026-06-14 00:20:33.176327: val_loss -0.5406
2026-06-14 00:20:33.178190: Pseudo dice [0.5169]
2026-06-14 00:20:33.180038: Epoch time: 22.57 s
2026-06-14 00:20:34.105931: 
2026-06-14 00:20:34.107749: Epoch 833
2026-06-14 00:20:34.109671: Current learning rate: 0.002
2026-06-14 00:20:56.522176: train_loss -0.7685
2026-06-14 00:20:56.524833: val_loss -0.4814
2026-06-14 00:20:56.526836: Pseudo dice [0.4959]
2026-06-14 00:20:56.529346: Epoch time: 22.42 s
2026-06-14 00:20:57.471156: 
2026-06-14 00:20:57.473751: Epoch 834
2026-06-14 00:20:57.475853: Current learning rate: 0.00199
2026-06-14 00:21:19.844855: train_loss -0.7502
2026-06-14 00:21:19.851469: val_loss -0.5807
2026-06-14 00:21:19.855639: Pseudo dice [0.5606]
2026-06-14 00:21:19.859582: Epoch time: 22.37 s
2026-06-14 00:21:20.807495: 
2026-06-14 00:21:20.814162: Epoch 835
2026-06-14 00:21:20.816663: Current learning rate: 0.00198
2026-06-14 00:21:43.278507: train_loss -0.7615
2026-06-14 00:21:43.282810: val_loss -0.5257
2026-06-14 00:21:43.287975: Pseudo dice [0.5437]
2026-06-14 00:21:43.291821: Epoch time: 22.47 s
2026-06-14 00:21:44.242779: 
2026-06-14 00:21:44.246583: Epoch 836
2026-06-14 00:21:44.250026: Current learning rate: 0.00196
2026-06-14 00:22:06.644745: train_loss -0.7702
2026-06-14 00:22:06.647423: val_loss -0.5683
2026-06-14 00:22:06.650500: Pseudo dice [0.544]
2026-06-14 00:22:06.654376: Epoch time: 22.4 s
2026-06-14 00:22:07.592227: 
2026-06-14 00:22:07.595360: Epoch 837
2026-06-14 00:22:07.599321: Current learning rate: 0.00195
2026-06-14 00:22:30.048038: train_loss -0.7536
2026-06-14 00:22:30.054692: val_loss -0.5176
2026-06-14 00:22:30.057287: Pseudo dice [0.5232]
2026-06-14 00:22:30.059517: Epoch time: 22.46 s
2026-06-14 00:22:30.997951: 
2026-06-14 00:22:31.000541: Epoch 838
2026-06-14 00:22:31.004040: Current learning rate: 0.00194
2026-06-14 00:22:53.480152: train_loss -0.7535
2026-06-14 00:22:53.483551: val_loss -0.5586
2026-06-14 00:22:53.485740: Pseudo dice [0.5067]
2026-06-14 00:22:53.487587: Epoch time: 22.48 s
2026-06-14 00:22:54.431803: 
2026-06-14 00:22:54.435004: Epoch 839
2026-06-14 00:22:54.437365: Current learning rate: 0.00193
2026-06-14 00:23:16.803107: train_loss -0.7658
2026-06-14 00:23:16.805734: val_loss -0.5508
2026-06-14 00:23:16.808274: Pseudo dice [0.5368]
2026-06-14 00:23:16.810440: Epoch time: 22.37 s
2026-06-14 00:23:17.734172: 
2026-06-14 00:23:17.736680: Epoch 840
2026-06-14 00:23:17.739181: Current learning rate: 0.00192
2026-06-14 00:23:40.179085: train_loss -0.7533
2026-06-14 00:23:40.181850: val_loss -0.5679
2026-06-14 00:23:40.183633: Pseudo dice [0.5555]
2026-06-14 00:23:40.185436: Epoch time: 22.45 s
2026-06-14 00:23:41.131521: 
2026-06-14 00:23:41.133570: Epoch 841
2026-06-14 00:23:41.136738: Current learning rate: 0.00191
2026-06-14 00:24:03.530916: train_loss -0.7574
2026-06-14 00:24:03.533890: val_loss -0.5335
2026-06-14 00:24:03.535868: Pseudo dice [0.5018]
2026-06-14 00:24:03.537607: Epoch time: 22.4 s
2026-06-14 00:24:04.472381: 
2026-06-14 00:24:04.475191: Epoch 842
2026-06-14 00:24:04.477236: Current learning rate: 0.0019
2026-06-14 00:24:26.884289: train_loss -0.7537
2026-06-14 00:24:26.886726: val_loss -0.4754
2026-06-14 00:24:26.890584: Pseudo dice [0.4832]
2026-06-14 00:24:26.893714: Epoch time: 22.41 s
2026-06-14 00:24:28.336601: 
2026-06-14 00:24:28.338582: Epoch 843
2026-06-14 00:24:28.341307: Current learning rate: 0.00189
2026-06-14 00:24:50.802138: train_loss -0.769
2026-06-14 00:24:50.813137: val_loss -0.5558
2026-06-14 00:24:50.817082: Pseudo dice [0.5602]
2026-06-14 00:24:50.822998: Epoch time: 22.47 s
2026-06-14 00:24:51.782102: 
2026-06-14 00:24:51.787483: Epoch 844
2026-06-14 00:24:51.791219: Current learning rate: 0.00188
2026-06-14 00:25:14.376339: train_loss -0.7444
2026-06-14 00:25:14.379563: val_loss -0.5552
2026-06-14 00:25:14.393262: Pseudo dice [0.5447]
2026-06-14 00:25:14.411555: Epoch time: 22.6 s
2026-06-14 00:25:15.358530: 
2026-06-14 00:25:15.361164: Epoch 845
2026-06-14 00:25:15.366566: Current learning rate: 0.00187
2026-06-14 00:25:37.966332: train_loss -0.7501
2026-06-14 00:25:37.969287: val_loss -0.5713
2026-06-14 00:25:37.970943: Pseudo dice [0.5489]
2026-06-14 00:25:37.972745: Epoch time: 22.61 s
2026-06-14 00:25:38.900842: 
2026-06-14 00:25:38.905038: Epoch 846
2026-06-14 00:25:38.916561: Current learning rate: 0.00186
2026-06-14 00:26:01.306165: train_loss -0.7642
2026-06-14 00:26:01.308837: val_loss -0.5139
2026-06-14 00:26:01.310238: Pseudo dice [0.5393]
2026-06-14 00:26:01.311652: Epoch time: 22.41 s
2026-06-14 00:26:02.240848: 
2026-06-14 00:26:02.248917: Epoch 847
2026-06-14 00:26:02.260067: Current learning rate: 0.00185
2026-06-14 00:26:24.701578: train_loss -0.7574
2026-06-14 00:26:24.706124: val_loss -0.5528
2026-06-14 00:26:24.710014: Pseudo dice [0.5449]
2026-06-14 00:26:24.712797: Epoch time: 22.46 s
2026-06-14 00:26:25.649102: 
2026-06-14 00:26:25.651257: Epoch 848
2026-06-14 00:26:25.653091: Current learning rate: 0.00184
2026-06-14 00:26:48.117687: train_loss -0.7764
2026-06-14 00:26:48.121821: val_loss -0.5355
2026-06-14 00:26:48.124940: Pseudo dice [0.5148]
2026-06-14 00:26:48.129992: Epoch time: 22.47 s
2026-06-14 00:26:49.058239: 
2026-06-14 00:26:49.062679: Epoch 849
2026-06-14 00:26:49.067921: Current learning rate: 0.00182
2026-06-14 00:27:11.458418: train_loss -0.7691
2026-06-14 00:27:11.462159: val_loss -0.5527
2026-06-14 00:27:11.464027: Pseudo dice [0.57]
2026-06-14 00:27:11.465643: Epoch time: 22.4 s
2026-06-14 00:27:12.878598: 
2026-06-14 00:27:12.883023: Epoch 850
2026-06-14 00:27:12.897553: Current learning rate: 0.00181
2026-06-14 00:27:35.418038: train_loss -0.7558
2026-06-14 00:27:35.422188: val_loss -0.5451
2026-06-14 00:27:35.423840: Pseudo dice [0.5524]
2026-06-14 00:27:35.425285: Epoch time: 22.54 s
2026-06-14 00:27:35.426819: Yayy! New best EMA pseudo Dice: 0.5362
2026-06-14 00:27:36.941257: 
2026-06-14 00:27:36.944012: Epoch 851
2026-06-14 00:27:36.945785: Current learning rate: 0.0018
2026-06-14 00:27:59.444560: train_loss -0.7598
2026-06-14 00:27:59.450050: val_loss -0.5651
2026-06-14 00:27:59.452323: Pseudo dice [0.5535]
2026-06-14 00:27:59.454181: Epoch time: 22.5 s
2026-06-14 00:27:59.456105: Yayy! New best EMA pseudo Dice: 0.5379
2026-06-14 00:28:00.886679: 
2026-06-14 00:28:00.888368: Epoch 852
2026-06-14 00:28:00.889930: Current learning rate: 0.00179
2026-06-14 00:28:23.307488: train_loss -0.75
2026-06-14 00:28:23.322796: val_loss -0.5362
2026-06-14 00:28:23.342451: Pseudo dice [0.4951]
2026-06-14 00:28:23.348155: Epoch time: 22.42 s
2026-06-14 00:28:24.284496: 
2026-06-14 00:28:24.286272: Epoch 853
2026-06-14 00:28:24.287982: Current learning rate: 0.00178
2026-06-14 00:28:46.831516: train_loss -0.7679
2026-06-14 00:28:46.835617: val_loss -0.482
2026-06-14 00:28:46.840314: Pseudo dice [0.4632]
2026-06-14 00:28:46.845059: Epoch time: 22.55 s
2026-06-14 00:28:47.777834: 
2026-06-14 00:28:47.779449: Epoch 854
2026-06-14 00:28:47.780934: Current learning rate: 0.00177
2026-06-14 00:29:10.254667: train_loss -0.7685
2026-06-14 00:29:10.257532: val_loss -0.5461
2026-06-14 00:29:10.259602: Pseudo dice [0.5301]
2026-06-14 00:29:10.261417: Epoch time: 22.48 s
2026-06-14 00:29:11.176682: 
2026-06-14 00:29:11.178413: Epoch 855
2026-06-14 00:29:11.180282: Current learning rate: 0.00176
2026-06-14 00:29:33.578066: train_loss -0.7627
2026-06-14 00:29:33.581454: val_loss -0.4566
2026-06-14 00:29:33.583109: Pseudo dice [0.4679]
2026-06-14 00:29:33.584720: Epoch time: 22.4 s
2026-06-14 00:29:34.507631: 
2026-06-14 00:29:34.509338: Epoch 856
2026-06-14 00:29:34.510945: Current learning rate: 0.00175
2026-06-14 00:29:56.974928: train_loss -0.7628
2026-06-14 00:29:56.980204: val_loss -0.5136
2026-06-14 00:29:56.984291: Pseudo dice [0.5151]
2026-06-14 00:29:56.988134: Epoch time: 22.47 s
2026-06-14 00:29:57.920820: 
2026-06-14 00:29:57.923521: Epoch 857
2026-06-14 00:29:57.926002: Current learning rate: 0.00174
2026-06-14 00:30:20.323930: train_loss -0.7648
2026-06-14 00:30:20.328645: val_loss -0.564
2026-06-14 00:30:20.333191: Pseudo dice [0.5646]
2026-06-14 00:30:20.337629: Epoch time: 22.4 s
2026-06-14 00:30:21.271244: 
2026-06-14 00:30:21.272923: Epoch 858
2026-06-14 00:30:21.274518: Current learning rate: 0.00173
2026-06-14 00:30:43.677503: train_loss -0.7581
2026-06-14 00:30:43.680467: val_loss -0.5531
2026-06-14 00:30:43.683274: Pseudo dice [0.559]
2026-06-14 00:30:43.685074: Epoch time: 22.41 s
2026-06-14 00:30:44.608636: 
2026-06-14 00:30:44.610390: Epoch 859
2026-06-14 00:30:44.611795: Current learning rate: 0.00172
2026-06-14 00:31:06.996790: train_loss -0.7548
2026-06-14 00:31:07.000903: val_loss -0.5646
2026-06-14 00:31:07.003248: Pseudo dice [0.5197]
2026-06-14 00:31:07.005441: Epoch time: 22.39 s
2026-06-14 00:31:07.925902: 
2026-06-14 00:31:07.929847: Epoch 860
2026-06-14 00:31:07.932241: Current learning rate: 0.0017
2026-06-14 00:31:30.341075: train_loss -0.7505
2026-06-14 00:31:30.343767: val_loss -0.5724
2026-06-14 00:31:30.345501: Pseudo dice [0.5387]
2026-06-14 00:31:30.347051: Epoch time: 22.42 s
2026-06-14 00:31:31.766322: 
2026-06-14 00:31:31.768320: Epoch 861
2026-06-14 00:31:31.770509: Current learning rate: 0.00169
2026-06-14 00:31:54.178149: train_loss -0.7636
2026-06-14 00:31:54.182892: val_loss -0.5934
2026-06-14 00:31:54.184892: Pseudo dice [0.5815]
2026-06-14 00:31:54.187246: Epoch time: 22.41 s
2026-06-14 00:31:55.109257: 
2026-06-14 00:31:55.113317: Epoch 862
2026-06-14 00:31:55.117850: Current learning rate: 0.00168
2026-06-14 00:32:17.517023: train_loss -0.7755
2026-06-14 00:32:17.521719: val_loss -0.4873
2026-06-14 00:32:17.523543: Pseudo dice [0.3741]
2026-06-14 00:32:17.525175: Epoch time: 22.41 s
2026-06-14 00:32:18.429822: 
2026-06-14 00:32:18.431291: Epoch 863
2026-06-14 00:32:18.432675: Current learning rate: 0.00167
2026-06-14 00:32:40.748472: train_loss -0.7748
2026-06-14 00:32:40.751582: val_loss -0.486
2026-06-14 00:32:40.753358: Pseudo dice [0.3916]
2026-06-14 00:32:40.755065: Epoch time: 22.32 s
2026-06-14 00:32:41.667070: 
2026-06-14 00:32:41.669025: Epoch 864
2026-06-14 00:32:41.671669: Current learning rate: 0.00166
2026-06-14 00:33:04.108127: train_loss -0.7639
2026-06-14 00:33:04.111560: val_loss -0.5333
2026-06-14 00:33:04.113642: Pseudo dice [0.5193]
2026-06-14 00:33:04.115677: Epoch time: 22.44 s
2026-06-14 00:33:05.020115: 
2026-06-14 00:33:05.021924: Epoch 865
2026-06-14 00:33:05.023582: Current learning rate: 0.00165
2026-06-14 00:33:27.356025: train_loss -0.7571
2026-06-14 00:33:27.363407: val_loss -0.5416
2026-06-14 00:33:27.369476: Pseudo dice [0.5273]
2026-06-14 00:33:27.372845: Epoch time: 22.34 s
2026-06-14 00:33:28.294128: 
2026-06-14 00:33:28.297217: Epoch 866
2026-06-14 00:33:28.300621: Current learning rate: 0.00164
2026-06-14 00:33:50.689999: train_loss -0.7398
2026-06-14 00:33:50.695158: val_loss -0.5443
2026-06-14 00:33:50.696829: Pseudo dice [0.5387]
2026-06-14 00:33:50.698454: Epoch time: 22.4 s
2026-06-14 00:33:51.616119: 
2026-06-14 00:33:51.617612: Epoch 867
2026-06-14 00:33:51.619218: Current learning rate: 0.00163
2026-06-14 00:34:14.118932: train_loss -0.7593
2026-06-14 00:34:14.122838: val_loss -0.4681
2026-06-14 00:34:14.124896: Pseudo dice [0.4873]
2026-06-14 00:34:14.126909: Epoch time: 22.5 s
2026-06-14 00:34:15.050046: 
2026-06-14 00:34:15.051750: Epoch 868
2026-06-14 00:34:15.053318: Current learning rate: 0.00162
2026-06-14 00:34:37.425018: train_loss -0.7599
2026-06-14 00:34:37.432244: val_loss -0.5164
2026-06-14 00:34:37.437730: Pseudo dice [0.5031]
2026-06-14 00:34:37.442359: Epoch time: 22.38 s
2026-06-14 00:34:38.374883: 
2026-06-14 00:34:38.378921: Epoch 869
2026-06-14 00:34:38.382932: Current learning rate: 0.00161
2026-06-14 00:35:00.738512: train_loss -0.7704
2026-06-14 00:35:00.747371: val_loss -0.577
2026-06-14 00:35:00.749955: Pseudo dice [0.5256]
2026-06-14 00:35:00.752048: Epoch time: 22.36 s
2026-06-14 00:35:01.674330: 
2026-06-14 00:35:01.675982: Epoch 870
2026-06-14 00:35:01.677622: Current learning rate: 0.00159
2026-06-14 00:35:24.107030: train_loss -0.777
2026-06-14 00:35:24.110705: val_loss -0.57
2026-06-14 00:35:24.112586: Pseudo dice [0.5365]
2026-06-14 00:35:24.114377: Epoch time: 22.43 s
2026-06-14 00:35:25.040059: 
2026-06-14 00:35:25.043107: Epoch 871
2026-06-14 00:35:25.046598: Current learning rate: 0.00158
2026-06-14 00:35:47.426833: train_loss -0.7656
2026-06-14 00:35:47.431523: val_loss -0.5583
2026-06-14 00:35:47.433603: Pseudo dice [0.5497]
2026-06-14 00:35:47.435521: Epoch time: 22.39 s
2026-06-14 00:35:48.344261: 
2026-06-14 00:35:48.346317: Epoch 872
2026-06-14 00:35:48.347998: Current learning rate: 0.00157
2026-06-14 00:36:10.730882: train_loss -0.7765
2026-06-14 00:36:10.734659: val_loss -0.5478
2026-06-14 00:36:10.736881: Pseudo dice [0.5282]
2026-06-14 00:36:10.738933: Epoch time: 22.39 s
2026-06-14 00:36:11.658924: 
2026-06-14 00:36:11.660779: Epoch 873
2026-06-14 00:36:11.662421: Current learning rate: 0.00156
2026-06-14 00:36:34.148548: train_loss -0.773
2026-06-14 00:36:34.159376: val_loss -0.5319
2026-06-14 00:36:34.163476: Pseudo dice [0.5171]
2026-06-14 00:36:34.167419: Epoch time: 22.49 s
2026-06-14 00:36:35.119645: 
2026-06-14 00:36:35.122583: Epoch 874
2026-06-14 00:36:35.124906: Current learning rate: 0.00155
2026-06-14 00:36:57.438872: train_loss -0.7759
2026-06-14 00:36:57.441406: val_loss -0.526
2026-06-14 00:36:57.442963: Pseudo dice [0.5096]
2026-06-14 00:36:57.444407: Epoch time: 22.32 s
2026-06-14 00:36:58.386141: 
2026-06-14 00:36:58.390982: Epoch 875
2026-06-14 00:36:58.394967: Current learning rate: 0.00154
2026-06-14 00:37:20.825448: train_loss -0.78
2026-06-14 00:37:20.829004: val_loss -0.4889
2026-06-14 00:37:20.830894: Pseudo dice [0.5136]
2026-06-14 00:37:20.832656: Epoch time: 22.44 s
2026-06-14 00:37:21.752506: 
2026-06-14 00:37:21.754653: Epoch 876
2026-06-14 00:37:21.756465: Current learning rate: 0.00153
2026-06-14 00:37:44.179110: train_loss -0.7699
2026-06-14 00:37:44.184026: val_loss -0.4819
2026-06-14 00:37:44.185709: Pseudo dice [0.4393]
2026-06-14 00:37:44.187620: Epoch time: 22.43 s
2026-06-14 00:37:45.115613: 
2026-06-14 00:37:45.117126: Epoch 877
2026-06-14 00:37:45.118721: Current learning rate: 0.00152
2026-06-14 00:38:07.515666: train_loss -0.7715
2026-06-14 00:38:07.518638: val_loss -0.484
2026-06-14 00:38:07.520274: Pseudo dice [0.4881]
2026-06-14 00:38:07.521937: Epoch time: 22.4 s
2026-06-14 00:38:08.436327: 
2026-06-14 00:38:08.437863: Epoch 878
2026-06-14 00:38:08.439445: Current learning rate: 0.00151
2026-06-14 00:38:30.833385: train_loss -0.7639
2026-06-14 00:38:30.836046: val_loss -0.5145
2026-06-14 00:38:30.837665: Pseudo dice [0.4997]
2026-06-14 00:38:30.839271: Epoch time: 22.4 s
2026-06-14 00:38:32.259474: 
2026-06-14 00:38:32.261412: Epoch 879
2026-06-14 00:38:32.263214: Current learning rate: 0.00149
2026-06-14 00:38:54.681310: train_loss -0.7539
2026-06-14 00:38:54.689919: val_loss -0.594
2026-06-14 00:38:54.692822: Pseudo dice [0.5905]
2026-06-14 00:38:54.695902: Epoch time: 22.42 s
2026-06-14 00:38:55.618797: 
2026-06-14 00:38:55.620840: Epoch 880
2026-06-14 00:38:55.622491: Current learning rate: 0.00148
2026-06-14 00:39:17.922911: train_loss -0.7775
2026-06-14 00:39:17.926757: val_loss -0.5772
2026-06-14 00:39:17.929157: Pseudo dice [0.56]
2026-06-14 00:39:17.934100: Epoch time: 22.3 s
2026-06-14 00:39:18.858016: 
2026-06-14 00:39:18.860912: Epoch 881
2026-06-14 00:39:18.863611: Current learning rate: 0.00147
2026-06-14 00:39:41.199578: train_loss -0.756
2026-06-14 00:39:41.202194: val_loss -0.5771
2026-06-14 00:39:41.205296: Pseudo dice [0.5451]
2026-06-14 00:39:41.208048: Epoch time: 22.34 s
2026-06-14 00:39:42.117490: 
2026-06-14 00:39:42.119665: Epoch 882
2026-06-14 00:39:42.121546: Current learning rate: 0.00146
2026-06-14 00:40:04.457924: train_loss -0.7638
2026-06-14 00:40:04.461914: val_loss -0.5531
2026-06-14 00:40:04.463999: Pseudo dice [0.5563]
2026-06-14 00:40:04.466013: Epoch time: 22.34 s
2026-06-14 00:40:05.386770: 
2026-06-14 00:40:05.388947: Epoch 883
2026-06-14 00:40:05.391174: Current learning rate: 0.00145
2026-06-14 00:40:27.786883: train_loss -0.7619
2026-06-14 00:40:27.793470: val_loss -0.561
2026-06-14 00:40:27.796221: Pseudo dice [0.5614]
2026-06-14 00:40:27.797801: Epoch time: 22.4 s
2026-06-14 00:40:28.744040: 
2026-06-14 00:40:28.745669: Epoch 884
2026-06-14 00:40:28.747335: Current learning rate: 0.00144
2026-06-14 00:40:51.279462: train_loss -0.7774
2026-06-14 00:40:51.281794: val_loss -0.5303
2026-06-14 00:40:51.283129: Pseudo dice [0.5327]
2026-06-14 00:40:51.284745: Epoch time: 22.54 s
2026-06-14 00:40:52.200913: 
2026-06-14 00:40:52.202688: Epoch 885
2026-06-14 00:40:52.204420: Current learning rate: 0.00143
2026-06-14 00:41:14.551485: train_loss -0.7751
2026-06-14 00:41:14.557517: val_loss -0.543
2026-06-14 00:41:14.561359: Pseudo dice [0.5384]
2026-06-14 00:41:14.564046: Epoch time: 22.35 s
2026-06-14 00:41:15.491038: 
2026-06-14 00:41:15.493997: Epoch 886
2026-06-14 00:41:15.495943: Current learning rate: 0.00142
2026-06-14 00:41:37.926251: train_loss -0.7624
2026-06-14 00:41:37.929122: val_loss -0.5602
2026-06-14 00:41:37.930912: Pseudo dice [0.5241]
2026-06-14 00:41:37.932886: Epoch time: 22.44 s
2026-06-14 00:41:38.858875: 
2026-06-14 00:41:38.868710: Epoch 887
2026-06-14 00:41:38.874173: Current learning rate: 0.00141
2026-06-14 00:42:01.282538: train_loss -0.7686
2026-06-14 00:42:01.287873: val_loss -0.5052
2026-06-14 00:42:01.291407: Pseudo dice [0.4942]
2026-06-14 00:42:01.294552: Epoch time: 22.42 s
2026-06-14 00:42:02.223559: 
2026-06-14 00:42:02.225204: Epoch 888
2026-06-14 00:42:02.226913: Current learning rate: 0.00139
2026-06-14 00:42:24.635990: train_loss -0.7545
2026-06-14 00:42:24.640446: val_loss -0.5319
2026-06-14 00:42:24.642409: Pseudo dice [0.5526]
2026-06-14 00:42:24.644044: Epoch time: 22.41 s
2026-06-14 00:42:25.562183: 
2026-06-14 00:42:25.563818: Epoch 889
2026-06-14 00:42:25.565522: Current learning rate: 0.00138
2026-06-14 00:42:47.981961: train_loss -0.7722
2026-06-14 00:42:47.985335: val_loss -0.5443
2026-06-14 00:42:47.988019: Pseudo dice [0.5315]
2026-06-14 00:42:47.990675: Epoch time: 22.42 s
2026-06-14 00:42:48.909167: 
2026-06-14 00:42:48.910983: Epoch 890
2026-06-14 00:42:48.912733: Current learning rate: 0.00137
2026-06-14 00:43:11.371745: train_loss -0.7615
2026-06-14 00:43:11.375000: val_loss -0.5199
2026-06-14 00:43:11.377240: Pseudo dice [0.506]
2026-06-14 00:43:11.380121: Epoch time: 22.46 s
2026-06-14 00:43:12.306568: 
2026-06-14 00:43:12.308672: Epoch 891
2026-06-14 00:43:12.310218: Current learning rate: 0.00136
2026-06-14 00:43:34.751126: train_loss -0.7614
2026-06-14 00:43:34.759518: val_loss -0.5713
2026-06-14 00:43:34.761624: Pseudo dice [0.5754]
2026-06-14 00:43:34.763228: Epoch time: 22.45 s
2026-06-14 00:43:35.692079: 
2026-06-14 00:43:35.702858: Epoch 892
2026-06-14 00:43:35.711536: Current learning rate: 0.00135
2026-06-14 00:43:58.023080: train_loss -0.7553
2026-06-14 00:43:58.032364: val_loss -0.5396
2026-06-14 00:43:58.036215: Pseudo dice [0.5013]
2026-06-14 00:43:58.040045: Epoch time: 22.33 s
2026-06-14 00:43:58.982865: 
2026-06-14 00:43:58.988583: Epoch 893
2026-06-14 00:43:58.991161: Current learning rate: 0.00134
2026-06-14 00:44:21.389014: train_loss -0.7803
2026-06-14 00:44:21.391678: val_loss -0.5038
2026-06-14 00:44:21.393410: Pseudo dice [0.5196]
2026-06-14 00:44:21.394975: Epoch time: 22.41 s
2026-06-14 00:44:22.310748: 
2026-06-14 00:44:22.312343: Epoch 894
2026-06-14 00:44:22.313723: Current learning rate: 0.00133
2026-06-14 00:44:44.803197: train_loss -0.7742
2026-06-14 00:44:44.811125: val_loss -0.5492
2026-06-14 00:44:44.812797: Pseudo dice [0.5368]
2026-06-14 00:44:44.816400: Epoch time: 22.49 s
2026-06-14 00:44:45.738545: 
2026-06-14 00:44:45.740192: Epoch 895
2026-06-14 00:44:45.741876: Current learning rate: 0.00132
2026-06-14 00:45:08.229108: train_loss -0.776
2026-06-14 00:45:08.234454: val_loss -0.5349
2026-06-14 00:45:08.238314: Pseudo dice [0.5299]
2026-06-14 00:45:08.242263: Epoch time: 22.49 s
2026-06-14 00:45:09.177258: 
2026-06-14 00:45:09.180773: Epoch 896
2026-06-14 00:45:09.183116: Current learning rate: 0.0013
2026-06-14 00:45:31.626554: train_loss -0.7892
2026-06-14 00:45:31.630250: val_loss -0.5185
2026-06-14 00:45:31.632111: Pseudo dice [0.4877]
2026-06-14 00:45:31.634661: Epoch time: 22.45 s
2026-06-14 00:45:32.563324: 
2026-06-14 00:45:32.565697: Epoch 897
2026-06-14 00:45:32.567473: Current learning rate: 0.00129
2026-06-14 00:45:54.971145: train_loss -0.7779
2026-06-14 00:45:54.976477: val_loss -0.5325
2026-06-14 00:45:54.979018: Pseudo dice [0.514]
2026-06-14 00:45:54.980936: Epoch time: 22.41 s
2026-06-14 00:45:56.416886: 
2026-06-14 00:45:56.418577: Epoch 898
2026-06-14 00:45:56.420055: Current learning rate: 0.00128
2026-06-14 00:46:19.382609: train_loss -0.7853
2026-06-14 00:46:19.384635: val_loss -0.5464
2026-06-14 00:46:19.386410: Pseudo dice [0.5245]
2026-06-14 00:46:19.388003: Epoch time: 22.97 s
2026-06-14 00:46:20.317899: 
2026-06-14 00:46:20.319450: Epoch 899
2026-06-14 00:46:20.321448: Current learning rate: 0.00127
2026-06-14 00:46:42.864204: train_loss -0.7909
2026-06-14 00:46:42.870740: val_loss -0.5188
2026-06-14 00:46:42.881495: Pseudo dice [0.5078]
2026-06-14 00:46:42.884084: Epoch time: 22.55 s
2026-06-14 00:46:44.585924: 
2026-06-14 00:46:44.595959: Epoch 900
2026-06-14 00:46:44.602604: Current learning rate: 0.00126
2026-06-14 00:47:07.051372: train_loss -0.7836
2026-06-14 00:47:07.061173: val_loss -0.5942
2026-06-14 00:47:07.064382: Pseudo dice [0.5721]
2026-06-14 00:47:07.067114: Epoch time: 22.47 s
2026-06-14 00:47:07.999860: 
2026-06-14 00:47:08.003156: Epoch 901
2026-06-14 00:47:08.007225: Current learning rate: 0.00125
2026-06-14 00:47:30.385294: train_loss -0.7599
2026-06-14 00:47:30.387799: val_loss -0.5183
2026-06-14 00:47:30.389392: Pseudo dice [0.5177]
2026-06-14 00:47:30.391201: Epoch time: 22.39 s
2026-06-14 00:47:31.317361: 
2026-06-14 00:47:31.319213: Epoch 902
2026-06-14 00:47:31.321121: Current learning rate: 0.00124
2026-06-14 00:47:53.812495: train_loss -0.7608
2026-06-14 00:47:53.815186: val_loss -0.5497
2026-06-14 00:47:53.818878: Pseudo dice [0.5225]
2026-06-14 00:47:53.820612: Epoch time: 22.5 s
2026-06-14 00:47:54.753523: 
2026-06-14 00:47:54.755007: Epoch 903
2026-06-14 00:47:54.756576: Current learning rate: 0.00122
2026-06-14 00:48:17.127644: train_loss -0.771
2026-06-14 00:48:17.136142: val_loss -0.5475
2026-06-14 00:48:17.142842: Pseudo dice [0.5264]
2026-06-14 00:48:17.144484: Epoch time: 22.38 s
2026-06-14 00:48:18.068638: 
2026-06-14 00:48:18.070140: Epoch 904
2026-06-14 00:48:18.071645: Current learning rate: 0.00121
2026-06-14 00:48:40.512731: train_loss -0.7709
2026-06-14 00:48:40.515715: val_loss -0.5306
2026-06-14 00:48:40.517275: Pseudo dice [0.5181]
2026-06-14 00:48:40.518715: Epoch time: 22.45 s
2026-06-14 00:48:41.449566: 
2026-06-14 00:48:41.454458: Epoch 905
2026-06-14 00:48:41.460069: Current learning rate: 0.0012
2026-06-14 00:49:03.910194: train_loss -0.7694
2026-06-14 00:49:03.915215: val_loss -0.523
2026-06-14 00:49:03.918075: Pseudo dice [0.5321]
2026-06-14 00:49:03.920356: Epoch time: 22.46 s
2026-06-14 00:49:04.864720: 
2026-06-14 00:49:04.868381: Epoch 906
2026-06-14 00:49:04.872114: Current learning rate: 0.00119
2026-06-14 00:49:27.232611: train_loss -0.7749
2026-06-14 00:49:27.236737: val_loss -0.5355
2026-06-14 00:49:27.238436: Pseudo dice [0.4826]
2026-06-14 00:49:27.252127: Epoch time: 22.37 s
2026-06-14 00:49:28.164608: 
2026-06-14 00:49:28.166536: Epoch 907
2026-06-14 00:49:28.168068: Current learning rate: 0.00118
2026-06-14 00:49:50.583525: train_loss -0.7678
2026-06-14 00:49:50.588670: val_loss -0.4614
2026-06-14 00:49:50.594781: Pseudo dice [0.4622]
2026-06-14 00:49:50.597457: Epoch time: 22.42 s
2026-06-14 00:49:51.528062: 
2026-06-14 00:49:51.533585: Epoch 908
2026-06-14 00:49:51.536904: Current learning rate: 0.00117
2026-06-14 00:50:13.989106: train_loss -0.7854
2026-06-14 00:50:13.991899: val_loss -0.5284
2026-06-14 00:50:13.993781: Pseudo dice [0.4992]
2026-06-14 00:50:13.995628: Epoch time: 22.46 s
2026-06-14 00:50:14.913250: 
2026-06-14 00:50:14.914968: Epoch 909
2026-06-14 00:50:14.917458: Current learning rate: 0.00116
2026-06-14 00:50:37.320740: train_loss -0.7875
2026-06-14 00:50:37.332585: val_loss -0.5074
2026-06-14 00:50:37.336508: Pseudo dice [0.4755]
2026-06-14 00:50:37.341048: Epoch time: 22.41 s
2026-06-14 00:50:38.288565: 
2026-06-14 00:50:38.291411: Epoch 910
2026-06-14 00:50:38.294065: Current learning rate: 0.00115
2026-06-14 00:51:00.689347: train_loss -0.7764
2026-06-14 00:51:00.692829: val_loss -0.5602
2026-06-14 00:51:00.694838: Pseudo dice [0.521]
2026-06-14 00:51:00.696649: Epoch time: 22.4 s
2026-06-14 00:51:01.625363: 
2026-06-14 00:51:01.630764: Epoch 911
2026-06-14 00:51:01.634763: Current learning rate: 0.00113
2026-06-14 00:51:24.025828: train_loss -0.7827
2026-06-14 00:51:24.028697: val_loss -0.529
2026-06-14 00:51:24.030214: Pseudo dice [0.5317]
2026-06-14 00:51:24.031906: Epoch time: 22.4 s
2026-06-14 00:51:24.941293: 
2026-06-14 00:51:24.943876: Epoch 912
2026-06-14 00:51:24.945871: Current learning rate: 0.00112
2026-06-14 00:51:47.298486: train_loss -0.7854
2026-06-14 00:51:47.302786: val_loss -0.5511
2026-06-14 00:51:47.304481: Pseudo dice [0.5376]
2026-06-14 00:51:47.306331: Epoch time: 22.36 s
2026-06-14 00:51:48.222599: 
2026-06-14 00:51:48.224218: Epoch 913
2026-06-14 00:51:48.225795: Current learning rate: 0.00111
2026-06-14 00:52:10.659847: train_loss -0.779
2026-06-14 00:52:10.663176: val_loss -0.5261
2026-06-14 00:52:10.664789: Pseudo dice [0.5018]
2026-06-14 00:52:10.666339: Epoch time: 22.44 s
2026-06-14 00:52:11.610748: 
2026-06-14 00:52:11.620640: Epoch 914
2026-06-14 00:52:11.622456: Current learning rate: 0.0011
2026-06-14 00:52:34.143577: train_loss -0.7867
2026-06-14 00:52:34.146384: val_loss -0.5525
2026-06-14 00:52:34.147915: Pseudo dice [0.5294]
2026-06-14 00:52:34.149460: Epoch time: 22.53 s
2026-06-14 00:52:35.065535: 
2026-06-14 00:52:35.067082: Epoch 915
2026-06-14 00:52:35.068906: Current learning rate: 0.00109
2026-06-14 00:52:57.455429: train_loss -0.77
2026-06-14 00:52:57.474094: val_loss -0.5003
2026-06-14 00:52:57.483937: Pseudo dice [0.5132]
2026-06-14 00:52:57.486856: Epoch time: 22.39 s
2026-06-14 00:52:58.921559: 
2026-06-14 00:52:58.923640: Epoch 916
2026-06-14 00:52:58.925479: Current learning rate: 0.00108
2026-06-14 00:53:21.327857: train_loss -0.7744
2026-06-14 00:53:21.332039: val_loss -0.4962
2026-06-14 00:53:21.339682: Pseudo dice [0.4851]
2026-06-14 00:53:21.341296: Epoch time: 22.41 s
2026-06-14 00:53:22.255446: 
2026-06-14 00:53:22.257304: Epoch 917
2026-06-14 00:53:22.262486: Current learning rate: 0.00106
2026-06-14 00:53:44.732388: train_loss -0.7841
2026-06-14 00:53:44.738104: val_loss -0.5291
2026-06-14 00:53:44.743618: Pseudo dice [0.4961]
2026-06-14 00:53:44.747074: Epoch time: 22.48 s
2026-06-14 00:53:45.690419: 
2026-06-14 00:53:45.694508: Epoch 918
2026-06-14 00:53:45.699227: Current learning rate: 0.00105
2026-06-14 00:54:08.151906: train_loss -0.7783
2026-06-14 00:54:08.162330: val_loss -0.5314
2026-06-14 00:54:08.165475: Pseudo dice [0.5285]
2026-06-14 00:54:08.170852: Epoch time: 22.46 s
2026-06-14 00:54:09.099556: 
2026-06-14 00:54:09.114406: Epoch 919
2026-06-14 00:54:09.117663: Current learning rate: 0.00104
2026-06-14 00:54:31.516987: train_loss -0.7874
2026-06-14 00:54:31.520028: val_loss -0.5297
2026-06-14 00:54:31.521909: Pseudo dice [0.5426]
2026-06-14 00:54:31.523606: Epoch time: 22.42 s
2026-06-14 00:54:32.437352: 
2026-06-14 00:54:32.440453: Epoch 920
2026-06-14 00:54:32.443142: Current learning rate: 0.00103
2026-06-14 00:54:54.804841: train_loss -0.7818
2026-06-14 00:54:54.809784: val_loss -0.4398
2026-06-14 00:54:54.812516: Pseudo dice [0.4218]
2026-06-14 00:54:54.814736: Epoch time: 22.37 s
2026-06-14 00:54:55.739240: 
2026-06-14 00:54:55.741244: Epoch 921
2026-06-14 00:54:55.743299: Current learning rate: 0.00102
2026-06-14 00:55:18.090800: train_loss -0.7798
2026-06-14 00:55:18.094867: val_loss -0.5089
2026-06-14 00:55:18.096854: Pseudo dice [0.5001]
2026-06-14 00:55:18.098610: Epoch time: 22.35 s
2026-06-14 00:55:19.024824: 
2026-06-14 00:55:19.031965: Epoch 922
2026-06-14 00:55:19.036222: Current learning rate: 0.00101
2026-06-14 00:55:41.404440: train_loss -0.7885
2026-06-14 00:55:41.409370: val_loss -0.5763
2026-06-14 00:55:41.412637: Pseudo dice [0.565]
2026-06-14 00:55:41.415486: Epoch time: 22.38 s
2026-06-14 00:55:42.329229: 
2026-06-14 00:55:42.330966: Epoch 923
2026-06-14 00:55:42.332484: Current learning rate: 0.001
2026-06-14 00:56:04.908531: train_loss -0.7691
2026-06-14 00:56:04.912076: val_loss -0.4747
2026-06-14 00:56:04.914355: Pseudo dice [0.5097]
2026-06-14 00:56:04.916124: Epoch time: 22.58 s
2026-06-14 00:56:05.829521: 
2026-06-14 00:56:05.831236: Epoch 924
2026-06-14 00:56:05.832782: Current learning rate: 0.00098
2026-06-14 00:56:28.180285: train_loss -0.7804
2026-06-14 00:56:28.187701: val_loss -0.5373
2026-06-14 00:56:28.195050: Pseudo dice [0.5165]
2026-06-14 00:56:28.198793: Epoch time: 22.35 s
2026-06-14 00:56:29.116015: 
2026-06-14 00:56:29.118023: Epoch 925
2026-06-14 00:56:29.119767: Current learning rate: 0.00097
2026-06-14 00:56:51.462606: train_loss -0.782
2026-06-14 00:56:51.468450: val_loss -0.5781
2026-06-14 00:56:51.473074: Pseudo dice [0.5458]
2026-06-14 00:56:51.478406: Epoch time: 22.35 s
2026-06-14 00:56:52.423485: 
2026-06-14 00:56:52.427566: Epoch 926
2026-06-14 00:56:52.431188: Current learning rate: 0.00096
2026-06-14 00:57:14.743674: train_loss -0.7694
2026-06-14 00:57:14.746766: val_loss -0.523
2026-06-14 00:57:14.748448: Pseudo dice [0.5423]
2026-06-14 00:57:14.750205: Epoch time: 22.32 s
2026-06-14 00:57:15.693325: 
2026-06-14 00:57:15.695556: Epoch 927
2026-06-14 00:57:15.697294: Current learning rate: 0.00095
2026-06-14 00:57:38.039777: train_loss -0.7729
2026-06-14 00:57:38.043835: val_loss -0.5665
2026-06-14 00:57:38.045469: Pseudo dice [0.5613]
2026-06-14 00:57:38.047121: Epoch time: 22.35 s
2026-06-14 00:57:38.984412: 
2026-06-14 00:57:38.987431: Epoch 928
2026-06-14 00:57:38.994751: Current learning rate: 0.00094
2026-06-14 00:58:01.395465: train_loss -0.781
2026-06-14 00:58:01.398294: val_loss -0.5599
2026-06-14 00:58:01.400011: Pseudo dice [0.5545]
2026-06-14 00:58:01.401778: Epoch time: 22.41 s
2026-06-14 00:58:02.335129: 
2026-06-14 00:58:02.336645: Epoch 929
2026-06-14 00:58:02.338346: Current learning rate: 0.00092
2026-06-14 00:58:24.703410: train_loss -0.7849
2026-06-14 00:58:24.707037: val_loss -0.5867
2026-06-14 00:58:24.710759: Pseudo dice [0.5761]
2026-06-14 00:58:24.715240: Epoch time: 22.37 s
2026-06-14 00:58:25.650396: 
2026-06-14 00:58:25.654868: Epoch 930
2026-06-14 00:58:25.658712: Current learning rate: 0.00091
2026-06-14 00:58:47.957383: train_loss -0.7836
2026-06-14 00:58:47.964365: val_loss -0.5341
2026-06-14 00:58:47.967387: Pseudo dice [0.5079]
2026-06-14 00:58:47.970222: Epoch time: 22.31 s
2026-06-14 00:58:48.903001: 
2026-06-14 00:58:48.912434: Epoch 931
2026-06-14 00:58:48.923007: Current learning rate: 0.0009
2026-06-14 00:59:11.248110: train_loss -0.7871
2026-06-14 00:59:11.255086: val_loss -0.6476
2026-06-14 00:59:11.257876: Pseudo dice [0.6126]
2026-06-14 00:59:11.261413: Epoch time: 22.35 s
2026-06-14 00:59:12.189954: 
2026-06-14 00:59:12.192426: Epoch 932
2026-06-14 00:59:12.194329: Current learning rate: 0.00089
2026-06-14 00:59:34.545455: train_loss -0.7844
2026-06-14 00:59:34.554435: val_loss -0.5781
2026-06-14 00:59:34.559850: Pseudo dice [0.5609]
2026-06-14 00:59:34.565831: Epoch time: 22.36 s
2026-06-14 00:59:34.570333: Yayy! New best EMA pseudo Dice: 0.5392
2026-06-14 00:59:36.011262: 
2026-06-14 00:59:36.014300: Epoch 933
2026-06-14 00:59:36.017027: Current learning rate: 0.00088
2026-06-14 00:59:58.523048: train_loss -0.7901
2026-06-14 00:59:58.531313: val_loss -0.5694
2026-06-14 00:59:58.535074: Pseudo dice [0.5789]
2026-06-14 00:59:58.538863: Epoch time: 22.51 s
2026-06-14 00:59:58.542514: Yayy! New best EMA pseudo Dice: 0.5431
2026-06-14 01:00:00.502382: 
2026-06-14 01:00:00.509132: Epoch 934
2026-06-14 01:00:00.514300: Current learning rate: 0.00087
2026-06-14 01:00:22.947922: train_loss -0.8016
2026-06-14 01:00:22.951887: val_loss -0.5673
2026-06-14 01:00:22.953905: Pseudo dice [0.5421]
2026-06-14 01:00:22.956017: Epoch time: 22.45 s
2026-06-14 01:00:23.872634: 
2026-06-14 01:00:23.874597: Epoch 935
2026-06-14 01:00:23.876339: Current learning rate: 0.00085
2026-06-14 01:00:46.313714: train_loss -0.7939
2026-06-14 01:00:46.319134: val_loss -0.541
2026-06-14 01:00:46.322289: Pseudo dice [0.531]
2026-06-14 01:00:46.325132: Epoch time: 22.44 s
2026-06-14 01:00:47.259304: 
2026-06-14 01:00:47.263727: Epoch 936
2026-06-14 01:00:47.267746: Current learning rate: 0.00084
2026-06-14 01:01:09.905552: train_loss -0.7933
2026-06-14 01:01:09.916034: val_loss -0.6001
2026-06-14 01:01:09.919921: Pseudo dice [0.5579]
2026-06-14 01:01:09.925665: Epoch time: 22.65 s
2026-06-14 01:01:09.930564: Yayy! New best EMA pseudo Dice: 0.5434
2026-06-14 01:01:11.467399: 
2026-06-14 01:01:11.474104: Epoch 937
2026-06-14 01:01:11.479352: Current learning rate: 0.00083
2026-06-14 01:01:34.122020: train_loss -0.7798
2026-06-14 01:01:34.128324: val_loss -0.5076
2026-06-14 01:01:34.131290: Pseudo dice [0.4938]
2026-06-14 01:01:34.133945: Epoch time: 22.66 s
2026-06-14 01:01:35.060826: 
2026-06-14 01:01:35.064723: Epoch 938
2026-06-14 01:01:35.068724: Current learning rate: 0.00082
2026-06-14 01:01:57.765821: train_loss -0.7927
2026-06-14 01:01:57.770552: val_loss -0.5285
2026-06-14 01:01:57.772231: Pseudo dice [0.4804]
2026-06-14 01:01:57.774164: Epoch time: 22.71 s
2026-06-14 01:01:58.696034: 
2026-06-14 01:01:58.698095: Epoch 939
2026-06-14 01:01:58.699984: Current learning rate: 0.00081
2026-06-14 01:02:21.414400: train_loss -0.7912
2026-06-14 01:02:21.418199: val_loss -0.5208
2026-06-14 01:02:21.420305: Pseudo dice [0.5183]
2026-06-14 01:02:21.421968: Epoch time: 22.72 s
2026-06-14 01:02:22.339173: 
2026-06-14 01:02:22.340690: Epoch 940
2026-06-14 01:02:22.342216: Current learning rate: 0.00079
2026-06-14 01:02:45.115391: train_loss -0.7898
2026-06-14 01:02:45.118460: val_loss -0.5019
2026-06-14 01:02:45.120073: Pseudo dice [0.5032]
2026-06-14 01:02:45.121953: Epoch time: 22.78 s
2026-06-14 01:02:46.038013: 
2026-06-14 01:02:46.039859: Epoch 941
2026-06-14 01:02:46.042035: Current learning rate: 0.00078
2026-06-14 01:03:08.803729: train_loss -0.7917
2026-06-14 01:03:08.806630: val_loss -0.5976
2026-06-14 01:03:08.808617: Pseudo dice [0.5584]
2026-06-14 01:03:08.810138: Epoch time: 22.77 s
2026-06-14 01:03:09.747265: 
2026-06-14 01:03:09.748949: Epoch 942
2026-06-14 01:03:09.750554: Current learning rate: 0.00077
2026-06-14 01:03:32.470109: train_loss -0.7889
2026-06-14 01:03:32.472953: val_loss -0.5278
2026-06-14 01:03:32.474686: Pseudo dice [0.4895]
2026-06-14 01:03:32.476337: Epoch time: 22.72 s
2026-06-14 01:03:33.400125: 
2026-06-14 01:03:33.402615: Epoch 943
2026-06-14 01:03:33.405829: Current learning rate: 0.00076
2026-06-14 01:03:56.345941: train_loss -0.7878
2026-06-14 01:03:56.348616: val_loss -0.5336
2026-06-14 01:03:56.350229: Pseudo dice [0.5278]
2026-06-14 01:03:56.351869: Epoch time: 22.95 s
2026-06-14 01:03:57.272831: 
2026-06-14 01:03:57.274446: Epoch 944
2026-06-14 01:03:57.275994: Current learning rate: 0.00075
2026-06-14 01:04:20.311399: train_loss -0.7927
2026-06-14 01:04:20.314791: val_loss -0.5134
2026-06-14 01:04:20.317694: Pseudo dice [0.4935]
2026-06-14 01:04:20.320075: Epoch time: 23.04 s
2026-06-14 01:04:21.244115: 
2026-06-14 01:04:21.247576: Epoch 945
2026-06-14 01:04:21.250009: Current learning rate: 0.00074
2026-06-14 01:04:44.061052: train_loss -0.7764
2026-06-14 01:04:44.065325: val_loss -0.5483
2026-06-14 01:04:44.067132: Pseudo dice [0.536]
2026-06-14 01:04:44.068904: Epoch time: 22.82 s
2026-06-14 01:04:44.984251: 
2026-06-14 01:04:44.989499: Epoch 946
2026-06-14 01:04:44.995348: Current learning rate: 0.00072
2026-06-14 01:05:07.795048: train_loss -0.7853
2026-06-14 01:05:07.798945: val_loss -0.5661
2026-06-14 01:05:07.800767: Pseudo dice [0.563]
2026-06-14 01:05:07.802404: Epoch time: 22.81 s
2026-06-14 01:05:08.727628: 
2026-06-14 01:05:08.729330: Epoch 947
2026-06-14 01:05:08.730992: Current learning rate: 0.00071
2026-06-14 01:05:31.526586: train_loss -0.78
2026-06-14 01:05:31.528961: val_loss -0.5109
2026-06-14 01:05:31.530425: Pseudo dice [0.4613]
2026-06-14 01:05:31.532011: Epoch time: 22.8 s
2026-06-14 01:05:32.449920: 
2026-06-14 01:05:32.451721: Epoch 948
2026-06-14 01:05:32.453314: Current learning rate: 0.0007
2026-06-14 01:05:55.557624: train_loss -0.7857
2026-06-14 01:05:55.568059: val_loss -0.5279
2026-06-14 01:05:55.572050: Pseudo dice [0.5337]
2026-06-14 01:05:55.575899: Epoch time: 23.11 s
2026-06-14 01:05:56.511984: 
2026-06-14 01:05:56.521074: Epoch 949
2026-06-14 01:05:56.525911: Current learning rate: 0.00069
2026-06-14 01:06:19.431202: train_loss -0.7849
2026-06-14 01:06:19.433879: val_loss -0.4711
2026-06-14 01:06:19.435529: Pseudo dice [0.4688]
2026-06-14 01:06:19.437066: Epoch time: 22.92 s
2026-06-14 01:06:20.860315: 
2026-06-14 01:06:20.862494: Epoch 950
2026-06-14 01:06:20.864210: Current learning rate: 0.00067
2026-06-14 01:06:43.683099: train_loss -0.7892
2026-06-14 01:06:43.688745: val_loss -0.5929
2026-06-14 01:06:43.690948: Pseudo dice [0.5652]
2026-06-14 01:06:43.693110: Epoch time: 22.82 s
2026-06-14 01:06:44.623781: 
2026-06-14 01:06:44.628689: Epoch 951
2026-06-14 01:06:44.632218: Current learning rate: 0.00066
2026-06-14 01:07:07.397657: train_loss -0.7923
2026-06-14 01:07:07.405276: val_loss -0.5547
2026-06-14 01:07:07.407358: Pseudo dice [0.5334]
2026-06-14 01:07:07.409091: Epoch time: 22.77 s
2026-06-14 01:07:08.325850: 
2026-06-14 01:07:08.327702: Epoch 952
2026-06-14 01:07:08.329542: Current learning rate: 0.00065
2026-06-14 01:07:31.154220: train_loss -0.8078
2026-06-14 01:07:31.157836: val_loss -0.5053
2026-06-14 01:07:31.160625: Pseudo dice [0.4898]
2026-06-14 01:07:31.162543: Epoch time: 22.83 s
2026-06-14 01:07:32.692189: 
2026-06-14 01:07:32.695542: Epoch 953
2026-06-14 01:07:32.697745: Current learning rate: 0.00064
2026-06-14 01:07:55.417400: train_loss -0.8004
2026-06-14 01:07:55.423727: val_loss -0.5244
2026-06-14 01:07:55.427716: Pseudo dice [0.5098]
2026-06-14 01:07:55.433908: Epoch time: 22.73 s
2026-06-14 01:07:56.375872: 
2026-06-14 01:07:56.377682: Epoch 954
2026-06-14 01:07:56.380203: Current learning rate: 0.00063
2026-06-14 01:08:19.124168: train_loss -0.7759
2026-06-14 01:08:19.126549: val_loss -0.4764
2026-06-14 01:08:19.128396: Pseudo dice [0.4825]
2026-06-14 01:08:19.129916: Epoch time: 22.75 s
2026-06-14 01:08:20.058995: 
2026-06-14 01:08:20.061054: Epoch 955
2026-06-14 01:08:20.062702: Current learning rate: 0.00061
2026-06-14 01:08:42.888207: train_loss -0.7875
2026-06-14 01:08:42.891316: val_loss -0.6045
2026-06-14 01:08:42.893075: Pseudo dice [0.6025]
2026-06-14 01:08:42.894450: Epoch time: 22.83 s
2026-06-14 01:08:43.845876: 
2026-06-14 01:08:43.847507: Epoch 956
2026-06-14 01:08:43.849016: Current learning rate: 0.0006
2026-06-14 01:09:06.948240: train_loss -0.7992
2026-06-14 01:09:06.950513: val_loss -0.5575
2026-06-14 01:09:06.952093: Pseudo dice [0.5404]
2026-06-14 01:09:06.953654: Epoch time: 23.1 s
2026-06-14 01:09:07.889171: 
2026-06-14 01:09:07.891371: Epoch 957
2026-06-14 01:09:07.893231: Current learning rate: 0.00059
2026-06-14 01:09:30.708511: train_loss -0.7845
2026-06-14 01:09:30.711404: val_loss -0.5688
2026-06-14 01:09:30.713619: Pseudo dice [0.554]
2026-06-14 01:09:30.715634: Epoch time: 22.82 s
2026-06-14 01:09:31.655232: 
2026-06-14 01:09:31.656995: Epoch 958
2026-06-14 01:09:31.658789: Current learning rate: 0.00058
2026-06-14 01:09:54.556522: train_loss -0.7814
2026-06-14 01:09:54.561060: val_loss -0.5386
2026-06-14 01:09:54.562728: Pseudo dice [0.536]
2026-06-14 01:09:54.564337: Epoch time: 22.9 s
2026-06-14 01:09:55.499265: 
2026-06-14 01:09:55.501447: Epoch 959
2026-06-14 01:09:55.505828: Current learning rate: 0.00056
2026-06-14 01:10:18.282849: train_loss -0.7785
2026-06-14 01:10:18.287760: val_loss -0.5643
2026-06-14 01:10:18.291906: Pseudo dice [0.532]
2026-06-14 01:10:18.296812: Epoch time: 22.78 s
2026-06-14 01:10:19.258824: 
2026-06-14 01:10:19.260936: Epoch 960
2026-06-14 01:10:19.263087: Current learning rate: 0.00055
2026-06-14 01:10:42.164950: train_loss -0.7816
2026-06-14 01:10:42.167453: val_loss -0.6044
2026-06-14 01:10:42.169360: Pseudo dice [0.5806]
2026-06-14 01:10:42.171031: Epoch time: 22.91 s
2026-06-14 01:10:43.113966: 
2026-06-14 01:10:43.115622: Epoch 961
2026-06-14 01:10:43.117193: Current learning rate: 0.00054
2026-06-14 01:11:05.990361: train_loss -0.7927
2026-06-14 01:11:05.996176: val_loss -0.5669
2026-06-14 01:11:05.998577: Pseudo dice [0.562]
2026-06-14 01:11:06.000971: Epoch time: 22.88 s
2026-06-14 01:11:06.947863: 
2026-06-14 01:11:06.949795: Epoch 962
2026-06-14 01:11:06.951793: Current learning rate: 0.00053
2026-06-14 01:11:29.756974: train_loss -0.7732
2026-06-14 01:11:29.766727: val_loss -0.4912
2026-06-14 01:11:29.770419: Pseudo dice [0.4809]
2026-06-14 01:11:29.779379: Epoch time: 22.81 s
2026-06-14 01:11:30.716539: 
2026-06-14 01:11:30.718372: Epoch 963
2026-06-14 01:11:30.720759: Current learning rate: 0.00051
2026-06-14 01:11:53.645110: train_loss -0.7864
2026-06-14 01:11:53.650367: val_loss -0.5469
2026-06-14 01:11:53.657804: Pseudo dice [0.5344]
2026-06-14 01:11:53.664149: Epoch time: 22.93 s
2026-06-14 01:11:54.600463: 
2026-06-14 01:11:54.602758: Epoch 964
2026-06-14 01:11:54.605074: Current learning rate: 0.0005
2026-06-14 01:12:17.338547: train_loss -0.801
2026-06-14 01:12:17.341788: val_loss -0.6024
2026-06-14 01:12:17.343370: Pseudo dice [0.6034]
2026-06-14 01:12:17.344917: Epoch time: 22.74 s
2026-06-14 01:12:18.289253: 
2026-06-14 01:12:18.294066: Epoch 965
2026-06-14 01:12:18.298337: Current learning rate: 0.00049
2026-06-14 01:12:41.051306: train_loss -0.7894
2026-06-14 01:12:41.054668: val_loss -0.5162
2026-06-14 01:12:41.056407: Pseudo dice [0.4891]
2026-06-14 01:12:41.057940: Epoch time: 22.76 s
2026-06-14 01:12:42.005060: 
2026-06-14 01:12:42.007123: Epoch 966
2026-06-14 01:12:42.009092: Current learning rate: 0.00048
2026-06-14 01:13:04.826977: train_loss -0.8042
2026-06-14 01:13:04.830658: val_loss -0.5756
2026-06-14 01:13:04.833312: Pseudo dice [0.5359]
2026-06-14 01:13:04.836255: Epoch time: 22.82 s
2026-06-14 01:13:05.778699: 
2026-06-14 01:13:05.780405: Epoch 967
2026-06-14 01:13:05.782232: Current learning rate: 0.00046
2026-06-14 01:13:28.490361: train_loss -0.7955
2026-06-14 01:13:28.494575: val_loss -0.5845
2026-06-14 01:13:28.496417: Pseudo dice [0.5749]
2026-06-14 01:13:28.498118: Epoch time: 22.71 s
2026-06-14 01:13:29.445006: 
2026-06-14 01:13:29.447082: Epoch 968
2026-06-14 01:13:29.448741: Current learning rate: 0.00045
2026-06-14 01:13:51.984648: train_loss -0.7826
2026-06-14 01:13:51.986641: val_loss -0.4979
2026-06-14 01:13:51.988207: Pseudo dice [0.4997]
2026-06-14 01:13:51.989696: Epoch time: 22.54 s
2026-06-14 01:13:52.922871: 
2026-06-14 01:13:52.924938: Epoch 969
2026-06-14 01:13:52.926676: Current learning rate: 0.00044
2026-06-14 01:14:15.486455: train_loss -0.7956
2026-06-14 01:14:15.488765: val_loss -0.5333
2026-06-14 01:14:15.490525: Pseudo dice [0.5368]
2026-06-14 01:14:15.492136: Epoch time: 22.56 s
2026-06-14 01:14:16.445890: 
2026-06-14 01:14:16.448735: Epoch 970
2026-06-14 01:14:16.450414: Current learning rate: 0.00043
2026-06-14 01:14:39.284474: train_loss -0.7917
2026-06-14 01:14:39.288556: val_loss -0.5786
2026-06-14 01:14:39.290121: Pseudo dice [0.544]
2026-06-14 01:14:39.291639: Epoch time: 22.84 s
2026-06-14 01:14:40.731334: 
2026-06-14 01:14:40.732891: Epoch 971
2026-06-14 01:14:40.734396: Current learning rate: 0.00041
2026-06-14 01:15:03.602012: train_loss -0.7911
2026-06-14 01:15:03.607687: val_loss -0.5263
2026-06-14 01:15:03.611358: Pseudo dice [0.5288]
2026-06-14 01:15:03.615697: Epoch time: 22.87 s
2026-06-14 01:15:05.077005: 
2026-06-14 01:15:05.078613: Epoch 972
2026-06-14 01:15:05.080177: Current learning rate: 0.0004
2026-06-14 01:15:27.747119: train_loss -0.7937
2026-06-14 01:15:27.749315: val_loss -0.5652
2026-06-14 01:15:27.751113: Pseudo dice [0.568]
2026-06-14 01:15:27.752898: Epoch time: 22.67 s
2026-06-14 01:15:28.685537: 
2026-06-14 01:15:28.687177: Epoch 973
2026-06-14 01:15:28.688646: Current learning rate: 0.00039
2026-06-14 01:15:51.391132: train_loss -0.7948
2026-06-14 01:15:51.396004: val_loss -0.4967
2026-06-14 01:15:51.397796: Pseudo dice [0.4857]
2026-06-14 01:15:51.400999: Epoch time: 22.71 s
2026-06-14 01:15:52.354181: 
2026-06-14 01:15:52.358377: Epoch 974
2026-06-14 01:15:52.362436: Current learning rate: 0.00037
2026-06-14 01:16:15.130463: train_loss -0.7895
2026-06-14 01:16:15.133288: val_loss -0.5315
2026-06-14 01:16:15.136051: Pseudo dice [0.5007]
2026-06-14 01:16:15.138174: Epoch time: 22.78 s
2026-06-14 01:16:16.083658: 
2026-06-14 01:16:16.085344: Epoch 975
2026-06-14 01:16:16.086959: Current learning rate: 0.00036
2026-06-14 01:16:38.900380: train_loss -0.7996
2026-06-14 01:16:38.905541: val_loss -0.5705
2026-06-14 01:16:38.910301: Pseudo dice [0.5638]
2026-06-14 01:16:38.914103: Epoch time: 22.82 s
2026-06-14 01:16:39.872594: 
2026-06-14 01:16:39.875543: Epoch 976
2026-06-14 01:16:39.878659: Current learning rate: 0.00035
2026-06-14 01:17:02.659774: train_loss -0.7999
2026-06-14 01:17:02.664320: val_loss -0.5196
2026-06-14 01:17:02.666023: Pseudo dice [0.4918]
2026-06-14 01:17:02.667685: Epoch time: 22.79 s
2026-06-14 01:17:03.604277: 
2026-06-14 01:17:03.608268: Epoch 977
2026-06-14 01:17:03.611183: Current learning rate: 0.00034
2026-06-14 01:17:26.393003: train_loss -0.8025
2026-06-14 01:17:26.397604: val_loss -0.5535
2026-06-14 01:17:26.403874: Pseudo dice [0.5667]
2026-06-14 01:17:26.409489: Epoch time: 22.79 s
2026-06-14 01:17:27.360781: 
2026-06-14 01:17:27.362836: Epoch 978
2026-06-14 01:17:27.364858: Current learning rate: 0.00032
2026-06-14 01:17:50.008227: train_loss -0.7998
2026-06-14 01:17:50.010326: val_loss -0.5588
2026-06-14 01:17:50.011908: Pseudo dice [0.5554]
2026-06-14 01:17:50.013487: Epoch time: 22.65 s
2026-06-14 01:17:50.952246: 
2026-06-14 01:17:50.954689: Epoch 979
2026-06-14 01:17:50.957029: Current learning rate: 0.00031
2026-06-14 01:18:13.672860: train_loss -0.7992
2026-06-14 01:18:13.687307: val_loss -0.5064
2026-06-14 01:18:13.692703: Pseudo dice [0.5136]
2026-06-14 01:18:13.696092: Epoch time: 22.72 s
2026-06-14 01:18:14.641417: 
2026-06-14 01:18:14.643270: Epoch 980
2026-06-14 01:18:14.644967: Current learning rate: 0.0003
2026-06-14 01:18:37.407542: train_loss -0.8028
2026-06-14 01:18:37.410128: val_loss -0.5141
2026-06-14 01:18:37.412585: Pseudo dice [0.3148]
2026-06-14 01:18:37.414623: Epoch time: 22.77 s
2026-06-14 01:18:38.355542: 
2026-06-14 01:18:38.357229: Epoch 981
2026-06-14 01:18:38.359671: Current learning rate: 0.00028
2026-06-14 01:19:01.096552: train_loss -0.7958
2026-06-14 01:19:01.098977: val_loss -0.529
2026-06-14 01:19:01.102914: Pseudo dice [0.5347]
2026-06-14 01:19:01.108842: Epoch time: 22.74 s
2026-06-14 01:19:02.111301: 
2026-06-14 01:19:02.117175: Epoch 982
2026-06-14 01:19:02.119221: Current learning rate: 0.00027
2026-06-14 01:19:24.966228: train_loss -0.7926
2026-06-14 01:19:24.972654: val_loss -0.5899
2026-06-14 01:19:24.975049: Pseudo dice [0.5865]
2026-06-14 01:19:24.976948: Epoch time: 22.86 s
2026-06-14 01:19:25.923816: 
2026-06-14 01:19:25.927276: Epoch 983
2026-06-14 01:19:25.930789: Current learning rate: 0.00026
2026-06-14 01:19:48.464493: train_loss -0.796
2026-06-14 01:19:48.468416: val_loss -0.5561
2026-06-14 01:19:48.471240: Pseudo dice [0.5491]
2026-06-14 01:19:48.473241: Epoch time: 22.54 s
2026-06-14 01:19:49.418815: 
2026-06-14 01:19:49.421099: Epoch 984
2026-06-14 01:19:49.423059: Current learning rate: 0.00024
2026-06-14 01:20:11.816638: train_loss -0.8051
2026-06-14 01:20:11.822165: val_loss -0.5291
2026-06-14 01:20:11.824188: Pseudo dice [0.5334]
2026-06-14 01:20:11.826345: Epoch time: 22.4 s
2026-06-14 01:20:12.756210: 
2026-06-14 01:20:12.758544: Epoch 985
2026-06-14 01:20:12.760725: Current learning rate: 0.00023
2026-06-14 01:20:35.312109: train_loss -0.791
2026-06-14 01:20:35.320567: val_loss -0.471
2026-06-14 01:20:35.322888: Pseudo dice [0.4524]
2026-06-14 01:20:35.325156: Epoch time: 22.56 s
2026-06-14 01:20:36.262722: 
2026-06-14 01:20:36.265350: Epoch 986
2026-06-14 01:20:36.268414: Current learning rate: 0.00021
2026-06-14 01:20:58.767241: train_loss -0.7935
2026-06-14 01:20:58.769471: val_loss -0.5683
2026-06-14 01:20:58.771211: Pseudo dice [0.5451]
2026-06-14 01:20:58.772907: Epoch time: 22.51 s
2026-06-14 01:20:59.705628: 
2026-06-14 01:20:59.707458: Epoch 987
2026-06-14 01:20:59.709726: Current learning rate: 0.0002
2026-06-14 01:21:22.181428: train_loss -0.7992
2026-06-14 01:21:22.184483: val_loss -0.5484
2026-06-14 01:21:22.186886: Pseudo dice [0.5219]
2026-06-14 01:21:22.189841: Epoch time: 22.48 s
2026-06-14 01:21:23.137530: 
2026-06-14 01:21:23.139907: Epoch 988
2026-06-14 01:21:23.142530: Current learning rate: 0.00019
2026-06-14 01:21:45.558089: train_loss -0.8
2026-06-14 01:21:45.568629: val_loss -0.5653
2026-06-14 01:21:45.571137: Pseudo dice [0.5504]
2026-06-14 01:21:45.573235: Epoch time: 22.42 s
2026-06-14 01:21:47.014748: 
2026-06-14 01:21:47.016719: Epoch 989
2026-06-14 01:21:47.018462: Current learning rate: 0.00017
2026-06-14 01:22:09.428744: train_loss -0.8047
2026-06-14 01:22:09.435000: val_loss -0.5473
2026-06-14 01:22:09.436751: Pseudo dice [0.5408]
2026-06-14 01:22:09.438390: Epoch time: 22.41 s
2026-06-14 01:22:10.376110: 
2026-06-14 01:22:10.377894: Epoch 990
2026-06-14 01:22:10.379648: Current learning rate: 0.00016
2026-06-14 01:22:32.795958: train_loss -0.8093
2026-06-14 01:22:32.799074: val_loss -0.5704
2026-06-14 01:22:32.801829: Pseudo dice [0.5478]
2026-06-14 01:22:32.803443: Epoch time: 22.42 s
2026-06-14 01:22:33.727220: 
2026-06-14 01:22:33.729190: Epoch 991
2026-06-14 01:22:33.730861: Current learning rate: 0.00014
2026-06-14 01:22:56.054039: train_loss -0.8125
2026-06-14 01:22:56.058630: val_loss -0.563
2026-06-14 01:22:56.060805: Pseudo dice [0.5387]
2026-06-14 01:22:56.063122: Epoch time: 22.33 s
2026-06-14 01:22:57.000163: 
2026-06-14 01:22:57.004207: Epoch 992
2026-06-14 01:22:57.007082: Current learning rate: 0.00013
2026-06-14 01:23:19.414002: train_loss -0.8078
2026-06-14 01:23:19.416826: val_loss -0.506
2026-06-14 01:23:19.418457: Pseudo dice [0.4858]
2026-06-14 01:23:19.420056: Epoch time: 22.41 s
2026-06-14 01:23:20.353547: 
2026-06-14 01:23:20.355665: Epoch 993
2026-06-14 01:23:20.357628: Current learning rate: 0.00011
2026-06-14 01:23:42.969794: train_loss -0.7973
2026-06-14 01:23:42.971905: val_loss -0.5497
2026-06-14 01:23:42.973546: Pseudo dice [0.5619]
2026-06-14 01:23:42.975007: Epoch time: 22.62 s
2026-06-14 01:23:43.922436: 
2026-06-14 01:23:43.924178: Epoch 994
2026-06-14 01:23:43.926031: Current learning rate: 0.0001
2026-06-14 01:24:06.922097: train_loss -0.8009
2026-06-14 01:24:06.937442: val_loss -0.5935
2026-06-14 01:24:06.940076: Pseudo dice [0.5676]
2026-06-14 01:24:06.942557: Epoch time: 23.0 s
2026-06-14 01:24:07.879282: 
2026-06-14 01:24:07.881078: Epoch 995
2026-06-14 01:24:07.882928: Current learning rate: 8e-05
2026-06-14 01:24:30.882154: train_loss -0.8068
2026-06-14 01:24:30.884409: val_loss -0.5396
2026-06-14 01:24:30.887035: Pseudo dice [0.5632]
2026-06-14 01:24:30.889911: Epoch time: 23.0 s
2026-06-14 01:24:31.814628: 
2026-06-14 01:24:31.819387: Epoch 996
2026-06-14 01:24:31.824304: Current learning rate: 7e-05
2026-06-14 01:24:54.751516: train_loss -0.7943
2026-06-14 01:24:54.755377: val_loss -0.5162
2026-06-14 01:24:54.757660: Pseudo dice [0.4903]
2026-06-14 01:24:54.759681: Epoch time: 22.94 s
2026-06-14 01:24:55.828258: 
2026-06-14 01:24:55.830862: Epoch 997
2026-06-14 01:24:55.833232: Current learning rate: 5e-05
2026-06-14 01:25:18.488058: train_loss -0.8136
2026-06-14 01:25:18.492943: val_loss -0.5489
2026-06-14 01:25:18.494953: Pseudo dice [0.5201]
2026-06-14 01:25:18.498743: Epoch time: 22.66 s
2026-06-14 01:25:19.426368: 
2026-06-14 01:25:19.428062: Epoch 998
2026-06-14 01:25:19.429719: Current learning rate: 4e-05
2026-06-14 01:25:42.192265: train_loss -0.7971
2026-06-14 01:25:42.198282: val_loss -0.5411
2026-06-14 01:25:42.200698: Pseudo dice [0.5417]
2026-06-14 01:25:42.202447: Epoch time: 22.77 s
2026-06-14 01:25:43.136154: 
2026-06-14 01:25:43.138183: Epoch 999
2026-06-14 01:25:43.139825: Current learning rate: 2e-05
2026-06-14 01:26:05.758251: train_loss -0.8036
2026-06-14 01:26:05.760930: val_loss -0.4869
2026-06-14 01:26:05.762557: Pseudo dice [0.4634]
2026-06-14 01:26:05.764296: Epoch time: 22.62 s
2026-06-14 01:26:07.259307: Training done.
2026-06-14 01:26:07.345797: Using splits from existing split file: /data/drdcad/datasets_nnUNet/nnUNet_preprocessed/Dataset101_SBOvessel/splits_final.json
2026-06-14 01:26:07.355497: The split file contains 5 splits.
2026-06-14 01:26:07.359220: Desired fold for training: 0
2026-06-14 01:26:07.361411: This split has 91 training and 23 validation cases.
2026-06-14 01:26:07.363984: predicting 00007_00001_4
2026-06-14 01:26:07.912910: 00007_00001_4, shape torch.Size([1, 518, 546, 546]), rank 0
2026-06-14 01:27:14.929222: predicting 00012_00001_3
2026-06-14 01:27:15.577038: 00012_00001_3, shape torch.Size([1, 665, 518, 518]), rank 0
2026-06-14 01:28:21.160198: predicting 00019_00001_3
2026-06-14 01:28:22.130583: 00019_00001_3, shape torch.Size([1, 700, 603, 603]), rank 0
2026-06-14 01:29:44.953933: predicting 00022_00001_3
2026-06-14 01:29:45.439017: 00022_00001_3, shape torch.Size([1, 459, 527, 527]), rank 0
2026-06-14 01:30:31.415287: predicting 00026_00002_3
2026-06-14 01:30:31.737312: 00026_00002_3, shape torch.Size([1, 441, 436, 436]), rank 0
2026-06-14 01:30:53.946248: predicting 00043_00001_3
2026-06-14 01:30:54.644361: 00043_00001_3, shape torch.Size([1, 655, 545, 545]), rank 0
2026-06-14 01:32:00.107146: predicting 00044_00001_3
2026-06-14 01:32:00.992601: 00044_00001_3, shape torch.Size([1, 635, 629, 629]), rank 0
2026-06-14 01:33:15.586186: predicting 00047_00001_3
2026-06-14 01:33:16.147940: 00047_00001_3, shape torch.Size([1, 525, 536, 536]), rank 0
2026-06-14 01:34:08.635410: predicting 00050_00002_4
2026-06-14 01:34:09.224108: 00050_00002_4, shape torch.Size([1, 549, 567, 567]), rank 0
2026-06-14 01:35:01.674167: predicting 00052_00001_3
2026-06-14 01:35:02.234502: 00052_00001_3, shape torch.Size([1, 512, 586, 586]), rank 0
2026-06-14 01:36:00.248292: predicting 00052_00002_9
2026-06-14 01:36:00.837872: 00052_00002_9, shape torch.Size([1, 682, 487, 487]), rank 0
2026-06-14 01:36:51.004255: predicting 00053_00001_3
2026-06-14 01:36:51.656671: 00053_00001_3, shape torch.Size([1, 677, 512, 512]), rank 0
2026-06-14 01:37:41.799330: predicting 00057_00001_3
2026-06-14 01:37:42.226170: 00057_00001_3, shape torch.Size([1, 619, 429, 429]), rank 0
2026-06-14 01:38:15.559769: predicting 00083_00001_3
2026-06-14 01:38:16.136621: 00083_00001_3, shape torch.Size([1, 592, 444, 444]), rank 0
2026-06-14 01:38:49.426670: predicting 00092_00001_4
2026-06-14 01:38:49.769824: 00092_00001_4, shape torch.Size([1, 644, 320, 414]), rank 0
2026-06-14 01:39:14.390854: predicting 00092_00002_3
2026-06-14 01:39:14.716234: 00092_00002_3, shape torch.Size([1, 468, 429, 429]), rank 0
2026-06-14 01:39:40.530831: predicting 00092_00003_3
2026-06-14 01:39:40.931786: 00092_00003_3, shape torch.Size([1, 467, 494, 494]), rank 0
2026-06-14 01:40:16.038546: predicting 00093_00001_3
2026-06-14 01:40:16.657511: 00093_00001_3, shape torch.Size([1, 533, 530, 530]), rank 0
2026-06-14 01:41:09.129396: predicting 00094_00001_3
2026-06-14 01:41:09.677154: 00094_00001_3, shape torch.Size([1, 617, 492, 492]), rank 0
2026-06-14 01:41:54.894902: predicting 00096_00001_3
2026-06-14 01:41:55.350531: 00096_00001_3, shape torch.Size([1, 630, 441, 441]), rank 0
2026-06-14 01:42:28.586808: predicting 00102_00001_4
2026-06-14 01:42:29.103007: 00102_00001_4, shape torch.Size([1, 676, 340, 559]), rank 0
2026-06-14 01:43:10.073061: predicting 00106_00001_4
2026-06-14 01:43:10.382172: 00106_00001_4, shape torch.Size([1, 511, 330, 425]), rank 0
2026-06-14 01:43:32.033369: predicting 00122_00001_6
2026-06-14 01:43:32.411457: 00122_00001_6, shape torch.Size([1, 518, 346, 480]), rank 0
2026-06-14 01:44:34.693555: Validation complete
2026-06-14 01:44:34.696181: Mean Validation Dice:  0.5651896712972878
==========================================
Training finished: fold 0
==========================================
