==========================================
nnUNet training
==========================================
nnUNet_raw=/data/drdcad/datasets_nnUNet/nnUNet_raw
nnUNet_preprocessed=/data/drdcad/datasets_nnUNet/nnUNet_preprocessed
nnUNet_results=/data/drdcad/datasets_nnUNet/nnUNet_results
DATASET_ID=101
CONFIG=3d_fullres
FOLD=4
CUDA_VISIBLE_DEVICES=0
==========================================
Sat Jun 13 18:51:52 2026       
+-----------------------------------------------------------------------------------------+
| NVIDIA-SMI 580.126.09             Driver Version: 580.126.09     CUDA Version: 13.0     |
+-----------------------------------------+------------------------+----------------------+
| GPU  Name                 Persistence-M | Bus-Id          Disp.A | Volatile Uncorr. ECC |
| Fan  Temp   Perf          Pwr:Usage/Cap |           Memory-Usage | GPU-Util  Compute M. |
|                                         |                        |               MIG M. |
|=========================================+========================+======================|
|   0  NVIDIA A100-SXM4-80GB          On  |   00000000:46:00.0 Off |                    0 |
| N/A   29C    P0             62W /  400W |       0MiB /  81920MiB |      0%      Default |
|                                         |                        |             Disabled |
+-----------------------------------------+------------------------+----------------------+

+-----------------------------------------------------------------------------------------+
| Processes:                                                                              |
|  GPU   GI   CI              PID   Type   Process name                        GPU Memory |
|        ID   ID                                                               Usage      |
|=========================================================================================|
|  No running processes found                                                             |
+-----------------------------------------------------------------------------------------+

############################
INFO: You are using the old nnU-Net default plans. We have updated our recommendations. Please consider using those instead! Read more here: https://github.com/MIC-DKFZ/nnUNet/blob/master/documentation/resenc_presets.md
############################

Using device: cuda:0

#######################################################################
Please cite the following paper when using nnU-Net:
Isensee, F., Jaeger, P. F., Kohl, S. A., Petersen, J., & Maier-Hein, K. H. (2021). nnU-Net: a self-configuring method for deep learning-based biomedical image segmentation. Nature methods, 18(2), 203-211.
#######################################################################

2026-06-13 18:52:04.392894: Using torch.compile...
2026-06-13 18:52:05.844682: do_dummy_2d_data_aug: False
2026-06-13 18:52:05.847781: Creating new 5-fold cross-validation split...
2026-06-13 18:52:05.854050: Desired fold for training: 4
2026-06-13 18:52:05.855482: This split has 92 training and 22 validation cases.
using pin_memory on device 0
using pin_memory on device 0

This is the configuration used by this training:
Configuration name: 3d_fullres
 {'data_identifier': 'nnUNetPlans_3d_fullres', 'preprocessor_name': 'DefaultPreprocessor', 'batch_size': 2, 'patch_size': [128, 128, 128], 'median_image_size_in_voxels': [619.0, 512.0, 519.0], 'spacing': [1.0, 0.79296875, 0.79296875], 'normalization_schemes': ['CTNormalization'], 'use_mask_for_norm': [False], 'resampling_fn_data': 'resample_data_or_seg_to_shape', 'resampling_fn_seg': 'resample_data_or_seg_to_shape', 'resampling_fn_data_kwargs': {'is_seg': False, 'order': 3, 'order_z': 0, 'force_separate_z': None}, 'resampling_fn_seg_kwargs': {'is_seg': True, 'order': 1, 'order_z': 0, 'force_separate_z': None}, 'resampling_fn_probabilities': 'resample_data_or_seg_to_shape', 'resampling_fn_probabilities_kwargs': {'is_seg': False, 'order': 1, 'order_z': 0, 'force_separate_z': None}, 'architecture': {'network_class_name': 'dynamic_network_architectures.architectures.unet.PlainConvUNet', 'arch_kwargs': {'n_stages': 6, 'features_per_stage': [32, 64, 128, 256, 320, 320], 'conv_op': 'torch.nn.modules.conv.Conv3d', 'kernel_sizes': [[3, 3, 3], [3, 3, 3], [3, 3, 3], [3, 3, 3], [3, 3, 3], [3, 3, 3]], 'strides': [[1, 1, 1], [2, 2, 2], [2, 2, 2], [2, 2, 2], [2, 2, 2], [2, 2, 2]], 'n_conv_per_stage': [2, 2, 2, 2, 2, 2], 'n_conv_per_stage_decoder': [2, 2, 2, 2, 2], 'conv_bias': True, 'norm_op': 'torch.nn.modules.instancenorm.InstanceNorm3d', 'norm_op_kwargs': {'eps': 1e-05, 'affine': True}, 'dropout_op': None, 'dropout_op_kwargs': None, 'nonlin': 'torch.nn.LeakyReLU', 'nonlin_kwargs': {'inplace': True}}, '_kw_requires_import': ['conv_op', 'norm_op', 'dropout_op', 'nonlin']}, 'batch_dice': True} 

These are the global plan.json settings:
 {'dataset_name': 'Dataset101_SBOvessel', 'plans_name': 'nnUNetPlans', 'original_median_spacing_after_transp': [1.0, 0.79296875, 0.79296875], 'original_median_shape_after_transp': [622, 512, 512], 'image_reader_writer': 'SimpleITKIO', 'transpose_forward': [0, 1, 2], 'transpose_backward': [0, 1, 2], 'experiment_planner_used': 'ExperimentPlanner', 'label_manager': 'LabelManager', 'foreground_intensity_properties_per_channel': {'0': {'max': 3071.0, 'mean': 91.34320831298828, 'median': 87.0, 'min': -1021.0, 'percentile_00_5': -71.0, 'percentile_99_5': 298.0, 'std': 78.90290832519531}}} 

2026-06-13 18:52:07.753163: Unable to plot network architecture: nnUNet_compile is enabled!
2026-06-13 18:52:07.794233: 
2026-06-13 18:52:07.795925: Epoch 0
2026-06-13 18:52:07.798745: Current learning rate: 0.01
2026-06-13 18:53:28.488487: train_loss 0.0013
2026-06-13 18:53:28.497808: val_loss 0.5135
2026-06-13 18:53:28.500592: Pseudo dice [0.0142]
2026-06-13 18:53:28.503102: Epoch time: 80.7 s
2026-06-13 18:53:28.504545: Yayy! New best EMA pseudo Dice: 0.0142
2026-06-13 18:53:29.864389: 
2026-06-13 18:53:29.865733: Epoch 1
2026-06-13 18:53:29.866925: Current learning rate: 0.00999
2026-06-13 18:53:52.234751: train_loss -0.1228
2026-06-13 18:53:52.239797: val_loss 0.4885
2026-06-13 18:53:52.241472: Pseudo dice [0.0479]
2026-06-13 18:53:52.244108: Epoch time: 22.37 s
2026-06-13 18:53:52.246273: Yayy! New best EMA pseudo Dice: 0.0176
2026-06-13 18:53:53.618551: 
2026-06-13 18:53:53.620040: Epoch 2
2026-06-13 18:53:53.621560: Current learning rate: 0.00998
2026-06-13 18:54:16.057247: train_loss -0.2114
2026-06-13 18:54:16.060140: val_loss -0.1445
2026-06-13 18:54:16.061589: Pseudo dice [0.1852]
2026-06-13 18:54:16.063280: Epoch time: 22.44 s
2026-06-13 18:54:16.064747: Yayy! New best EMA pseudo Dice: 0.0343
2026-06-13 18:54:17.442221: 
2026-06-13 18:54:17.443854: Epoch 3
2026-06-13 18:54:17.445570: Current learning rate: 0.00997
2026-06-13 18:54:39.730027: train_loss -0.2492
2026-06-13 18:54:39.733073: val_loss 0.0122
2026-06-13 18:54:39.734636: Pseudo dice [0.1378]
2026-06-13 18:54:39.736911: Epoch time: 22.29 s
2026-06-13 18:54:39.738461: Yayy! New best EMA pseudo Dice: 0.0447
2026-06-13 18:54:41.096670: 
2026-06-13 18:54:41.098152: Epoch 4
2026-06-13 18:54:41.099686: Current learning rate: 0.00996
2026-06-13 18:55:03.450126: train_loss -0.2718
2026-06-13 18:55:03.452440: val_loss 0.0399
2026-06-13 18:55:03.453883: Pseudo dice [0.1118]
2026-06-13 18:55:03.455126: Epoch time: 22.35 s
2026-06-13 18:55:03.456429: Yayy! New best EMA pseudo Dice: 0.0514
2026-06-13 18:55:04.822615: 
2026-06-13 18:55:04.823973: Epoch 5
2026-06-13 18:55:04.825389: Current learning rate: 0.00995
2026-06-13 18:55:27.198774: train_loss -0.2756
2026-06-13 18:55:27.201030: val_loss -0.012
2026-06-13 18:55:27.202314: Pseudo dice [0.1378]
2026-06-13 18:55:27.203601: Epoch time: 22.38 s
2026-06-13 18:55:27.204937: Yayy! New best EMA pseudo Dice: 0.06
2026-06-13 18:55:28.541342: 
2026-06-13 18:55:28.542733: Epoch 6
2026-06-13 18:55:28.544056: Current learning rate: 0.00995
2026-06-13 18:55:50.898551: train_loss -0.3077
2026-06-13 18:55:50.906501: val_loss -0.118
2026-06-13 18:55:50.915243: Pseudo dice [0.1951]
2026-06-13 18:55:50.918799: Epoch time: 22.36 s
2026-06-13 18:55:50.920037: Yayy! New best EMA pseudo Dice: 0.0735
2026-06-13 18:55:52.266251: 
2026-06-13 18:55:52.267653: Epoch 7
2026-06-13 18:55:52.268836: Current learning rate: 0.00994
2026-06-13 18:56:14.638789: train_loss -0.3016
2026-06-13 18:56:14.641397: val_loss 0.0634
2026-06-13 18:56:14.643083: Pseudo dice [0.0954]
2026-06-13 18:56:14.644714: Epoch time: 22.37 s
2026-06-13 18:56:14.646265: Yayy! New best EMA pseudo Dice: 0.0757
2026-06-13 18:56:16.002656: 
2026-06-13 18:56:16.006414: Epoch 8
2026-06-13 18:56:16.010817: Current learning rate: 0.00993
2026-06-13 18:56:38.382636: train_loss -0.3002
2026-06-13 18:56:38.386082: val_loss 0.0397
2026-06-13 18:56:38.387632: Pseudo dice [0.1549]
2026-06-13 18:56:38.389471: Epoch time: 22.38 s
2026-06-13 18:56:38.390899: Yayy! New best EMA pseudo Dice: 0.0837
2026-06-13 18:56:39.767170: 
2026-06-13 18:56:39.769342: Epoch 9
2026-06-13 18:56:39.771023: Current learning rate: 0.00992
2026-06-13 18:57:02.265420: train_loss -0.3165
2026-06-13 18:57:02.279847: val_loss -0.0212
2026-06-13 18:57:02.282353: Pseudo dice [0.1926]
2026-06-13 18:57:02.283957: Epoch time: 22.5 s
2026-06-13 18:57:02.285197: Yayy! New best EMA pseudo Dice: 0.0945
2026-06-13 18:57:03.616567: 
2026-06-13 18:57:03.618226: Epoch 10
2026-06-13 18:57:03.619611: Current learning rate: 0.00991
2026-06-13 18:57:26.038743: train_loss -0.3202
2026-06-13 18:57:26.040999: val_loss 0.0847
2026-06-13 18:57:26.042666: Pseudo dice [0.1013]
2026-06-13 18:57:26.044248: Epoch time: 22.42 s
2026-06-13 18:57:26.045648: Yayy! New best EMA pseudo Dice: 0.0952
2026-06-13 18:57:27.395456: 
2026-06-13 18:57:27.397167: Epoch 11
2026-06-13 18:57:27.398612: Current learning rate: 0.0099
2026-06-13 18:57:49.854390: train_loss -0.3209
2026-06-13 18:57:49.856828: val_loss -0.149
2026-06-13 18:57:49.858118: Pseudo dice [0.1732]
2026-06-13 18:57:49.859453: Epoch time: 22.46 s
2026-06-13 18:57:49.860807: Yayy! New best EMA pseudo Dice: 0.103
2026-06-13 18:57:51.213512: 
2026-06-13 18:57:51.214901: Epoch 12
2026-06-13 18:57:51.216217: Current learning rate: 0.00989
2026-06-13 18:58:13.675517: train_loss -0.3433
2026-06-13 18:58:13.684909: val_loss -0.2329
2026-06-13 18:58:13.687586: Pseudo dice [0.2381]
2026-06-13 18:58:13.690034: Epoch time: 22.46 s
2026-06-13 18:58:13.691801: Yayy! New best EMA pseudo Dice: 0.1165
2026-06-13 18:58:15.048166: 
2026-06-13 18:58:15.050012: Epoch 13
2026-06-13 18:58:15.051825: Current learning rate: 0.00988
2026-06-13 18:58:37.543139: train_loss -0.3651
2026-06-13 18:58:37.545544: val_loss -0.214
2026-06-13 18:58:37.547015: Pseudo dice [0.2559]
2026-06-13 18:58:37.548254: Epoch time: 22.5 s
2026-06-13 18:58:37.549447: Yayy! New best EMA pseudo Dice: 0.1305
2026-06-13 18:58:39.410462: 
2026-06-13 18:58:39.411910: Epoch 14
2026-06-13 18:58:39.413273: Current learning rate: 0.00987
2026-06-13 18:59:01.902163: train_loss -0.3583
2026-06-13 18:59:01.905104: val_loss -0.3115
2026-06-13 18:59:01.906743: Pseudo dice [0.3771]
2026-06-13 18:59:01.908452: Epoch time: 22.49 s
2026-06-13 18:59:01.910031: Yayy! New best EMA pseudo Dice: 0.1551
2026-06-13 18:59:03.269547: 
2026-06-13 18:59:03.271001: Epoch 15
2026-06-13 18:59:03.272277: Current learning rate: 0.00986
2026-06-13 18:59:25.833673: train_loss -0.3664
2026-06-13 18:59:25.838541: val_loss -0.2626
2026-06-13 18:59:25.843954: Pseudo dice [0.2296]
2026-06-13 18:59:25.849985: Epoch time: 22.57 s
2026-06-13 18:59:25.856008: Yayy! New best EMA pseudo Dice: 0.1626
2026-06-13 18:59:27.227458: 
2026-06-13 18:59:27.228903: Epoch 16
2026-06-13 18:59:27.230274: Current learning rate: 0.00986
2026-06-13 18:59:49.991774: train_loss -0.3745
2026-06-13 18:59:49.994343: val_loss -0.1663
2026-06-13 18:59:49.995773: Pseudo dice [0.223]
2026-06-13 18:59:49.997195: Epoch time: 22.77 s
2026-06-13 18:59:49.998749: Yayy! New best EMA pseudo Dice: 0.1686
2026-06-13 18:59:51.408091: 
2026-06-13 18:59:51.409457: Epoch 17
2026-06-13 18:59:51.410773: Current learning rate: 0.00985
2026-06-13 19:00:14.034352: train_loss -0.3927
2026-06-13 19:00:14.037324: val_loss 0.1102
2026-06-13 19:00:14.039288: Pseudo dice [0.1433]
2026-06-13 19:00:14.041130: Epoch time: 22.63 s
2026-06-13 19:00:14.962177: 
2026-06-13 19:00:14.963829: Epoch 18
2026-06-13 19:00:14.965067: Current learning rate: 0.00984
2026-06-13 19:00:37.497600: train_loss -0.3863
2026-06-13 19:00:37.500787: val_loss 0.0641
2026-06-13 19:00:37.502160: Pseudo dice [0.1338]
2026-06-13 19:00:37.503426: Epoch time: 22.54 s
2026-06-13 19:00:38.409272: 
2026-06-13 19:00:38.410784: Epoch 19
2026-06-13 19:00:38.412051: Current learning rate: 0.00983
2026-06-13 19:01:00.888726: train_loss -0.4179
2026-06-13 19:01:00.891606: val_loss -0.0939
2026-06-13 19:01:00.893200: Pseudo dice [0.1777]
2026-06-13 19:01:00.894566: Epoch time: 22.48 s
2026-06-13 19:01:01.792430: 
2026-06-13 19:01:01.793979: Epoch 20
2026-06-13 19:01:01.795128: Current learning rate: 0.00982
2026-06-13 19:01:24.284781: train_loss -0.3865
2026-06-13 19:01:24.287636: val_loss -0.2216
2026-06-13 19:01:24.289651: Pseudo dice [0.2222]
2026-06-13 19:01:24.291265: Epoch time: 22.49 s
2026-06-13 19:01:24.292548: Yayy! New best EMA pseudo Dice: 0.1701
2026-06-13 19:01:25.669997: 
2026-06-13 19:01:25.672351: Epoch 21
2026-06-13 19:01:25.674726: Current learning rate: 0.00981
2026-06-13 19:01:48.225653: train_loss -0.4016
2026-06-13 19:01:48.228630: val_loss -0.1378
2026-06-13 19:01:48.230046: Pseudo dice [0.2064]
2026-06-13 19:01:48.231480: Epoch time: 22.56 s
2026-06-13 19:01:48.232809: Yayy! New best EMA pseudo Dice: 0.1738
2026-06-13 19:01:49.577235: 
2026-06-13 19:01:49.578795: Epoch 22
2026-06-13 19:01:49.580515: Current learning rate: 0.0098
2026-06-13 19:02:12.123682: train_loss -0.4376
2026-06-13 19:02:12.126390: val_loss -0.3185
2026-06-13 19:02:12.127646: Pseudo dice [0.2952]
2026-06-13 19:02:12.129250: Epoch time: 22.55 s
2026-06-13 19:02:12.130527: Yayy! New best EMA pseudo Dice: 0.1859
2026-06-13 19:02:13.501537: 
2026-06-13 19:02:13.503222: Epoch 23
2026-06-13 19:02:13.504575: Current learning rate: 0.00979
2026-06-13 19:02:35.993134: train_loss -0.4217
2026-06-13 19:02:36.001273: val_loss -0.1195
2026-06-13 19:02:36.004693: Pseudo dice [0.1663]
2026-06-13 19:02:36.006468: Epoch time: 22.49 s
2026-06-13 19:02:36.870191: 
2026-06-13 19:02:36.872147: Epoch 24
2026-06-13 19:02:36.874919: Current learning rate: 0.00978
2026-06-13 19:02:59.418867: train_loss -0.424
2026-06-13 19:02:59.421988: val_loss -0.2263
2026-06-13 19:02:59.423667: Pseudo dice [0.2126]
2026-06-13 19:02:59.424954: Epoch time: 22.55 s
2026-06-13 19:02:59.426664: Yayy! New best EMA pseudo Dice: 0.1868
2026-06-13 19:03:00.789042: 
2026-06-13 19:03:00.790737: Epoch 25
2026-06-13 19:03:00.792265: Current learning rate: 0.00977
2026-06-13 19:03:23.322643: train_loss -0.3877
2026-06-13 19:03:23.325056: val_loss -0.1441
2026-06-13 19:03:23.326527: Pseudo dice [0.147]
2026-06-13 19:03:23.327945: Epoch time: 22.53 s
2026-06-13 19:03:24.211373: 
2026-06-13 19:03:24.212930: Epoch 26
2026-06-13 19:03:24.214252: Current learning rate: 0.00977
2026-06-13 19:03:46.696054: train_loss -0.4106
2026-06-13 19:03:46.698786: val_loss -0.121
2026-06-13 19:03:46.701445: Pseudo dice [0.1487]
2026-06-13 19:03:46.705142: Epoch time: 22.49 s
2026-06-13 19:03:47.580129: 
2026-06-13 19:03:47.581470: Epoch 27
2026-06-13 19:03:47.582864: Current learning rate: 0.00976
2026-06-13 19:04:10.096128: train_loss -0.4392
2026-06-13 19:04:10.099331: val_loss -0.3483
2026-06-13 19:04:10.100693: Pseudo dice [0.3329]
2026-06-13 19:04:10.102152: Epoch time: 22.52 s
2026-06-13 19:04:10.103649: Yayy! New best EMA pseudo Dice: 0.1948
2026-06-13 19:04:11.465201: 
2026-06-13 19:04:11.466694: Epoch 28
2026-06-13 19:04:11.468128: Current learning rate: 0.00975
2026-06-13 19:04:33.974675: train_loss -0.4716
2026-06-13 19:04:33.977333: val_loss 0.0158
2026-06-13 19:04:33.978824: Pseudo dice [0.1263]
2026-06-13 19:04:33.980054: Epoch time: 22.51 s
2026-06-13 19:04:34.854048: 
2026-06-13 19:04:34.855408: Epoch 29
2026-06-13 19:04:34.856791: Current learning rate: 0.00974
2026-06-13 19:04:57.411069: train_loss -0.4229
2026-06-13 19:04:57.413663: val_loss -0.1183
2026-06-13 19:04:57.415101: Pseudo dice [0.1576]
2026-06-13 19:04:57.416444: Epoch time: 22.56 s
2026-06-13 19:04:58.852392: 
2026-06-13 19:04:58.854291: Epoch 30
2026-06-13 19:04:58.856008: Current learning rate: 0.00973
2026-06-13 19:05:21.355470: train_loss -0.4484
2026-06-13 19:05:21.358730: val_loss -0.3535
2026-06-13 19:05:21.360141: Pseudo dice [0.3508]
2026-06-13 19:05:21.361619: Epoch time: 22.5 s
2026-06-13 19:05:21.362792: Yayy! New best EMA pseudo Dice: 0.2015
2026-06-13 19:05:22.733291: 
2026-06-13 19:05:22.735609: Epoch 31
2026-06-13 19:05:22.737688: Current learning rate: 0.00972
2026-06-13 19:05:45.245777: train_loss -0.4424
2026-06-13 19:05:45.248417: val_loss -0.3757
2026-06-13 19:05:45.249935: Pseudo dice [0.328]
2026-06-13 19:05:45.251168: Epoch time: 22.51 s
2026-06-13 19:05:45.252403: Yayy! New best EMA pseudo Dice: 0.2141
2026-06-13 19:05:46.613032: 
2026-06-13 19:05:46.614563: Epoch 32
2026-06-13 19:05:46.615762: Current learning rate: 0.00971
2026-06-13 19:06:09.114454: train_loss -0.4552
2026-06-13 19:06:09.119765: val_loss -0.1094
2026-06-13 19:06:09.121329: Pseudo dice [0.1446]
2026-06-13 19:06:09.122605: Epoch time: 22.5 s
2026-06-13 19:06:10.026151: 
2026-06-13 19:06:10.028206: Epoch 33
2026-06-13 19:06:10.029482: Current learning rate: 0.0097
2026-06-13 19:06:32.558933: train_loss -0.4636
2026-06-13 19:06:32.562296: val_loss -0.0988
2026-06-13 19:06:32.564682: Pseudo dice [0.1804]
2026-06-13 19:06:32.566040: Epoch time: 22.53 s
2026-06-13 19:06:33.474368: 
2026-06-13 19:06:33.477108: Epoch 34
2026-06-13 19:06:33.478595: Current learning rate: 0.00969
2026-06-13 19:06:55.957138: train_loss -0.4397
2026-06-13 19:06:55.959708: val_loss -0.1257
2026-06-13 19:06:55.961066: Pseudo dice [0.1573]
2026-06-13 19:06:55.962397: Epoch time: 22.48 s
2026-06-13 19:06:56.873271: 
2026-06-13 19:06:56.875419: Epoch 35
2026-06-13 19:06:56.876972: Current learning rate: 0.00968
2026-06-13 19:07:19.413051: train_loss -0.4759
2026-06-13 19:07:19.417125: val_loss -0.1199
2026-06-13 19:07:19.418901: Pseudo dice [0.1615]
2026-06-13 19:07:19.420441: Epoch time: 22.54 s
2026-06-13 19:07:20.324309: 
2026-06-13 19:07:20.325798: Epoch 36
2026-06-13 19:07:20.327717: Current learning rate: 0.00968
2026-06-13 19:07:42.923892: train_loss -0.4422
2026-06-13 19:07:42.928355: val_loss -0.1184
2026-06-13 19:07:42.929987: Pseudo dice [0.1908]
2026-06-13 19:07:42.931492: Epoch time: 22.6 s
2026-06-13 19:07:43.834730: 
2026-06-13 19:07:43.836700: Epoch 37
2026-06-13 19:07:43.838771: Current learning rate: 0.00967
2026-06-13 19:08:06.373435: train_loss -0.4703
2026-06-13 19:08:06.376727: val_loss 0.1198
2026-06-13 19:08:06.378214: Pseudo dice [0.1109]
2026-06-13 19:08:06.380063: Epoch time: 22.54 s
2026-06-13 19:08:07.280874: 
2026-06-13 19:08:07.282779: Epoch 38
2026-06-13 19:08:07.284601: Current learning rate: 0.00966
2026-06-13 19:08:29.743398: train_loss -0.4837
2026-06-13 19:08:29.746836: val_loss 0.1559
2026-06-13 19:08:29.748714: Pseudo dice [0.0896]
2026-06-13 19:08:29.750284: Epoch time: 22.46 s
2026-06-13 19:08:30.667955: 
2026-06-13 19:08:30.669922: Epoch 39
2026-06-13 19:08:30.671407: Current learning rate: 0.00965
2026-06-13 19:08:53.241025: train_loss -0.4693
2026-06-13 19:08:53.244887: val_loss -0.0578
2026-06-13 19:08:53.246655: Pseudo dice [0.1515]
2026-06-13 19:08:53.248049: Epoch time: 22.57 s
2026-06-13 19:08:54.160551: 
2026-06-13 19:08:54.162668: Epoch 40
2026-06-13 19:08:54.164259: Current learning rate: 0.00964
2026-06-13 19:09:16.715805: train_loss -0.4564
2026-06-13 19:09:16.719042: val_loss -0.3769
2026-06-13 19:09:16.721184: Pseudo dice [0.3684]
2026-06-13 19:09:16.722678: Epoch time: 22.56 s
2026-06-13 19:09:17.634791: 
2026-06-13 19:09:17.636394: Epoch 41
2026-06-13 19:09:17.637816: Current learning rate: 0.00963
2026-06-13 19:09:40.115157: train_loss -0.504
2026-06-13 19:09:40.117629: val_loss 0.1288
2026-06-13 19:09:40.119516: Pseudo dice [0.0815]
2026-06-13 19:09:40.121272: Epoch time: 22.48 s
2026-06-13 19:09:41.010684: 
2026-06-13 19:09:41.012110: Epoch 42
2026-06-13 19:09:41.013482: Current learning rate: 0.00962
2026-06-13 19:10:03.454464: train_loss -0.5057
2026-06-13 19:10:03.458313: val_loss -0.255
2026-06-13 19:10:03.459631: Pseudo dice [0.1927]
2026-06-13 19:10:03.460908: Epoch time: 22.44 s
2026-06-13 19:10:04.351633: 
2026-06-13 19:10:04.353443: Epoch 43
2026-06-13 19:10:04.354795: Current learning rate: 0.00961
2026-06-13 19:10:26.821141: train_loss -0.478
2026-06-13 19:10:26.823670: val_loss -0.352
2026-06-13 19:10:26.825163: Pseudo dice [0.3731]
2026-06-13 19:10:26.826592: Epoch time: 22.47 s
2026-06-13 19:10:27.723109: 
2026-06-13 19:10:27.724770: Epoch 44
2026-06-13 19:10:27.726233: Current learning rate: 0.0096
2026-06-13 19:10:50.296901: train_loss -0.4698
2026-06-13 19:10:50.299461: val_loss -0.3849
2026-06-13 19:10:50.300990: Pseudo dice [0.3165]
2026-06-13 19:10:50.302258: Epoch time: 22.57 s
2026-06-13 19:10:51.195354: 
2026-06-13 19:10:51.196736: Epoch 45
2026-06-13 19:10:51.197998: Current learning rate: 0.00959
2026-06-13 19:11:13.810968: train_loss -0.4952
2026-06-13 19:11:13.813862: val_loss -0.1869
2026-06-13 19:11:13.815361: Pseudo dice [0.2346]
2026-06-13 19:11:13.816868: Epoch time: 22.62 s
2026-06-13 19:11:13.818190: Yayy! New best EMA pseudo Dice: 0.2161
2026-06-13 19:11:15.193568: 
2026-06-13 19:11:15.195006: Epoch 46
2026-06-13 19:11:15.196346: Current learning rate: 0.00959
2026-06-13 19:11:37.830224: train_loss -0.4609
2026-06-13 19:11:37.833748: val_loss -0.082
2026-06-13 19:11:37.835379: Pseudo dice [0.1282]
2026-06-13 19:11:37.837032: Epoch time: 22.64 s
2026-06-13 19:11:39.279444: 
2026-06-13 19:11:39.281046: Epoch 47
2026-06-13 19:11:39.282469: Current learning rate: 0.00958
2026-06-13 19:12:01.841948: train_loss -0.4717
2026-06-13 19:12:01.844797: val_loss -0.2673
2026-06-13 19:12:01.846243: Pseudo dice [0.2335]
2026-06-13 19:12:01.847608: Epoch time: 22.56 s
2026-06-13 19:12:02.734367: 
2026-06-13 19:12:02.736200: Epoch 48
2026-06-13 19:12:02.737917: Current learning rate: 0.00957
2026-06-13 19:12:25.334942: train_loss -0.5091
2026-06-13 19:12:25.340631: val_loss -0.2342
2026-06-13 19:12:25.341943: Pseudo dice [0.2439]
2026-06-13 19:12:25.343228: Epoch time: 22.6 s
2026-06-13 19:12:26.232774: 
2026-06-13 19:12:26.234334: Epoch 49
2026-06-13 19:12:26.235698: Current learning rate: 0.00956
2026-06-13 19:12:48.810579: train_loss -0.4789
2026-06-13 19:12:48.813642: val_loss -0.1216
2026-06-13 19:12:48.815275: Pseudo dice [0.1302]
2026-06-13 19:12:48.816803: Epoch time: 22.58 s
2026-06-13 19:12:50.158293: 
2026-06-13 19:12:50.160025: Epoch 50
2026-06-13 19:12:50.161602: Current learning rate: 0.00955
2026-06-13 19:13:12.725079: train_loss -0.5142
2026-06-13 19:13:12.727547: val_loss -0.2615
2026-06-13 19:13:12.728912: Pseudo dice [0.2167]
2026-06-13 19:13:12.730085: Epoch time: 22.57 s
2026-06-13 19:13:13.648187: 
2026-06-13 19:13:13.649429: Epoch 51
2026-06-13 19:13:13.650769: Current learning rate: 0.00954
2026-06-13 19:13:36.159491: train_loss -0.5018
2026-06-13 19:13:36.164833: val_loss 0.1046
2026-06-13 19:13:36.166514: Pseudo dice [0.1063]
2026-06-13 19:13:36.168212: Epoch time: 22.51 s
2026-06-13 19:13:37.064631: 
2026-06-13 19:13:37.066111: Epoch 52
2026-06-13 19:13:37.067785: Current learning rate: 0.00953
2026-06-13 19:13:59.633083: train_loss -0.52
2026-06-13 19:13:59.635491: val_loss -0.3351
2026-06-13 19:13:59.636843: Pseudo dice [0.3102]
2026-06-13 19:13:59.638640: Epoch time: 22.57 s
2026-06-13 19:14:00.519946: 
2026-06-13 19:14:00.521404: Epoch 53
2026-06-13 19:14:00.522973: Current learning rate: 0.00952
2026-06-13 19:14:23.066636: train_loss -0.4837
2026-06-13 19:14:23.069403: val_loss -0.3446
2026-06-13 19:14:23.070641: Pseudo dice [0.3056]
2026-06-13 19:14:23.071982: Epoch time: 22.55 s
2026-06-13 19:14:23.073321: Yayy! New best EMA pseudo Dice: 0.2174
2026-06-13 19:14:24.449726: 
2026-06-13 19:14:24.451169: Epoch 54
2026-06-13 19:14:24.452268: Current learning rate: 0.00951
2026-06-13 19:14:47.041906: train_loss -0.4992
2026-06-13 19:14:47.044453: val_loss 0.3488
2026-06-13 19:14:47.045785: Pseudo dice [0.1003]
2026-06-13 19:14:47.047061: Epoch time: 22.59 s
2026-06-13 19:14:47.944951: 
2026-06-13 19:14:47.946472: Epoch 55
2026-06-13 19:14:47.947651: Current learning rate: 0.0095
2026-06-13 19:15:10.537537: train_loss -0.5066
2026-06-13 19:15:10.539929: val_loss -0.3491
2026-06-13 19:15:10.541225: Pseudo dice [0.2815]
2026-06-13 19:15:10.542381: Epoch time: 22.59 s
2026-06-13 19:15:11.442014: 
2026-06-13 19:15:11.444030: Epoch 56
2026-06-13 19:15:11.445803: Current learning rate: 0.00949
2026-06-13 19:15:33.973877: train_loss -0.519
2026-06-13 19:15:33.976268: val_loss -0.2615
2026-06-13 19:15:33.977560: Pseudo dice [0.2454]
2026-06-13 19:15:33.979231: Epoch time: 22.53 s
2026-06-13 19:15:34.872347: 
2026-06-13 19:15:34.873758: Epoch 57
2026-06-13 19:15:34.875047: Current learning rate: 0.00949
2026-06-13 19:15:57.357978: train_loss -0.5145
2026-06-13 19:15:57.360493: val_loss -0.2482
2026-06-13 19:15:57.361919: Pseudo dice [0.1994]
2026-06-13 19:15:57.363408: Epoch time: 22.49 s
2026-06-13 19:15:58.262823: 
2026-06-13 19:15:58.264226: Epoch 58
2026-06-13 19:15:58.265491: Current learning rate: 0.00948
2026-06-13 19:16:20.777795: train_loss -0.5187
2026-06-13 19:16:20.780422: val_loss -0.1627
2026-06-13 19:16:20.781769: Pseudo dice [0.1787]
2026-06-13 19:16:20.783159: Epoch time: 22.52 s
2026-06-13 19:16:21.682562: 
2026-06-13 19:16:21.683885: Epoch 59
2026-06-13 19:16:21.685333: Current learning rate: 0.00947
2026-06-13 19:16:44.153155: train_loss -0.5023
2026-06-13 19:16:44.155542: val_loss -0.3081
2026-06-13 19:16:44.157087: Pseudo dice [0.2617]
2026-06-13 19:16:44.158569: Epoch time: 22.47 s
2026-06-13 19:16:45.077959: 
2026-06-13 19:16:45.080247: Epoch 60
2026-06-13 19:16:45.083391: Current learning rate: 0.00946
2026-06-13 19:17:07.594011: train_loss -0.5322
2026-06-13 19:17:07.596585: val_loss -0.3449
2026-06-13 19:17:07.597831: Pseudo dice [0.3196]
2026-06-13 19:17:07.599054: Epoch time: 22.52 s
2026-06-13 19:17:07.600225: Yayy! New best EMA pseudo Dice: 0.2266
2026-06-13 19:17:09.001966: 
2026-06-13 19:17:09.003343: Epoch 61
2026-06-13 19:17:09.004681: Current learning rate: 0.00945
2026-06-13 19:17:31.556658: train_loss -0.5009
2026-06-13 19:17:31.559044: val_loss -0.3073
2026-06-13 19:17:31.560312: Pseudo dice [0.2621]
2026-06-13 19:17:31.563371: Epoch time: 22.56 s
2026-06-13 19:17:31.564883: Yayy! New best EMA pseudo Dice: 0.2301
2026-06-13 19:17:32.947068: 
2026-06-13 19:17:32.948506: Epoch 62
2026-06-13 19:17:32.949607: Current learning rate: 0.00944
2026-06-13 19:17:55.651467: train_loss -0.5236
2026-06-13 19:17:55.653826: val_loss -0.1789
2026-06-13 19:17:55.655232: Pseudo dice [0.2025]
2026-06-13 19:17:55.656529: Epoch time: 22.71 s
2026-06-13 19:17:56.559223: 
2026-06-13 19:17:56.560533: Epoch 63
2026-06-13 19:17:56.561906: Current learning rate: 0.00943
2026-06-13 19:18:19.047277: train_loss -0.522
2026-06-13 19:18:19.049663: val_loss -0.2943
2026-06-13 19:18:19.050988: Pseudo dice [0.284]
2026-06-13 19:18:19.052245: Epoch time: 22.49 s
2026-06-13 19:18:19.053385: Yayy! New best EMA pseudo Dice: 0.233
2026-06-13 19:18:20.433931: 
2026-06-13 19:18:20.435308: Epoch 64
2026-06-13 19:18:20.436972: Current learning rate: 0.00942
2026-06-13 19:18:43.088227: train_loss -0.5159
2026-06-13 19:18:43.090807: val_loss 0.0768
2026-06-13 19:18:43.092208: Pseudo dice [0.1291]
2026-06-13 19:18:43.093571: Epoch time: 22.66 s
2026-06-13 19:18:44.560562: 
2026-06-13 19:18:44.561816: Epoch 65
2026-06-13 19:18:44.563005: Current learning rate: 0.00941
2026-06-13 19:19:07.093992: train_loss -0.5244
2026-06-13 19:19:07.096290: val_loss -0.4043
2026-06-13 19:19:07.097866: Pseudo dice [0.3175]
2026-06-13 19:19:07.099066: Epoch time: 22.53 s
2026-06-13 19:19:08.003443: 
2026-06-13 19:19:08.004807: Epoch 66
2026-06-13 19:19:08.005946: Current learning rate: 0.0094
2026-06-13 19:19:30.584913: train_loss -0.5063
2026-06-13 19:19:30.587581: val_loss -0.3968
2026-06-13 19:19:30.588962: Pseudo dice [0.3678]
2026-06-13 19:19:30.590367: Epoch time: 22.58 s
2026-06-13 19:19:30.591546: Yayy! New best EMA pseudo Dice: 0.2457
2026-06-13 19:19:31.982961: 
2026-06-13 19:19:31.985085: Epoch 67
2026-06-13 19:19:31.987130: Current learning rate: 0.00939
2026-06-13 19:19:54.502915: train_loss -0.5345
2026-06-13 19:19:54.505299: val_loss 0.0106
2026-06-13 19:19:54.506534: Pseudo dice [0.1038]
2026-06-13 19:19:54.507983: Epoch time: 22.52 s
2026-06-13 19:19:55.419955: 
2026-06-13 19:19:55.421382: Epoch 68
2026-06-13 19:19:55.422719: Current learning rate: 0.00939
2026-06-13 19:20:18.083818: train_loss -0.5304
2026-06-13 19:20:18.086962: val_loss -0.1415
2026-06-13 19:20:18.088680: Pseudo dice [0.1934]
2026-06-13 19:20:18.091122: Epoch time: 22.66 s
2026-06-13 19:20:19.011405: 
2026-06-13 19:20:19.012983: Epoch 69
2026-06-13 19:20:19.014319: Current learning rate: 0.00938
2026-06-13 19:20:41.616128: train_loss -0.5055
2026-06-13 19:20:41.619361: val_loss 0.0392
2026-06-13 19:20:41.620625: Pseudo dice [0.1067]
2026-06-13 19:20:41.621929: Epoch time: 22.61 s
2026-06-13 19:20:42.532659: 
2026-06-13 19:20:42.534018: Epoch 70
2026-06-13 19:20:42.535169: Current learning rate: 0.00937
2026-06-13 19:21:05.054610: train_loss -0.5175
2026-06-13 19:21:05.057663: val_loss -0.309
2026-06-13 19:21:05.059062: Pseudo dice [0.2311]
2026-06-13 19:21:05.060548: Epoch time: 22.52 s
2026-06-13 19:21:05.974532: 
2026-06-13 19:21:05.975976: Epoch 71
2026-06-13 19:21:05.977402: Current learning rate: 0.00936
2026-06-13 19:21:28.469257: train_loss -0.5453
2026-06-13 19:21:28.471539: val_loss -0.3719
2026-06-13 19:21:28.472934: Pseudo dice [0.3422]
2026-06-13 19:21:28.474083: Epoch time: 22.5 s
2026-06-13 19:21:29.389835: 
2026-06-13 19:21:29.391734: Epoch 72
2026-06-13 19:21:29.394065: Current learning rate: 0.00935
2026-06-13 19:21:51.950595: train_loss -0.5061
2026-06-13 19:21:51.953604: val_loss -0.1566
2026-06-13 19:21:51.955155: Pseudo dice [0.1809]
2026-06-13 19:21:51.956679: Epoch time: 22.56 s
2026-06-13 19:21:52.874349: 
2026-06-13 19:21:52.875898: Epoch 73
2026-06-13 19:21:52.877442: Current learning rate: 0.00934
2026-06-13 19:22:15.440816: train_loss -0.5492
2026-06-13 19:22:15.442954: val_loss -0.3245
2026-06-13 19:22:15.444088: Pseudo dice [0.2863]
2026-06-13 19:22:15.445375: Epoch time: 22.57 s
2026-06-13 19:22:16.365340: 
2026-06-13 19:22:16.367080: Epoch 74
2026-06-13 19:22:16.368268: Current learning rate: 0.00933
2026-06-13 19:22:38.839163: train_loss -0.5352
2026-06-13 19:22:38.841544: val_loss -0.2477
2026-06-13 19:22:38.842777: Pseudo dice [0.2052]
2026-06-13 19:22:38.844115: Epoch time: 22.47 s
2026-06-13 19:22:39.757199: 
2026-06-13 19:22:39.758538: Epoch 75
2026-06-13 19:22:39.759720: Current learning rate: 0.00932
2026-06-13 19:23:02.339611: train_loss -0.5479
2026-06-13 19:23:02.343173: val_loss -0.1118
2026-06-13 19:23:02.344756: Pseudo dice [0.1628]
2026-06-13 19:23:02.346370: Epoch time: 22.58 s
2026-06-13 19:23:03.269947: 
2026-06-13 19:23:03.271355: Epoch 76
2026-06-13 19:23:03.272658: Current learning rate: 0.00931
2026-06-13 19:23:25.800816: train_loss -0.5253
2026-06-13 19:23:25.803193: val_loss 0.2438
2026-06-13 19:23:25.804409: Pseudo dice [0.0933]
2026-06-13 19:23:25.805618: Epoch time: 22.53 s
2026-06-13 19:23:26.726719: 
2026-06-13 19:23:26.729543: Epoch 77
2026-06-13 19:23:26.732316: Current learning rate: 0.0093
2026-06-13 19:23:49.195350: train_loss -0.4971
2026-06-13 19:23:49.197721: val_loss -0.3077
2026-06-13 19:23:49.199028: Pseudo dice [0.273]
2026-06-13 19:23:49.200377: Epoch time: 22.47 s
2026-06-13 19:23:50.128861: 
2026-06-13 19:23:50.130339: Epoch 78
2026-06-13 19:23:50.131911: Current learning rate: 0.0093
2026-06-13 19:24:12.687917: train_loss -0.516
2026-06-13 19:24:12.690873: val_loss -0.162
2026-06-13 19:24:12.692071: Pseudo dice [0.2042]
2026-06-13 19:24:12.693439: Epoch time: 22.56 s
2026-06-13 19:24:13.626373: 
2026-06-13 19:24:13.628014: Epoch 79
2026-06-13 19:24:13.629843: Current learning rate: 0.00929
2026-06-13 19:24:36.211525: train_loss -0.55
2026-06-13 19:24:36.213983: val_loss -0.3021
2026-06-13 19:24:36.215169: Pseudo dice [0.2624]
2026-06-13 19:24:36.216394: Epoch time: 22.59 s
2026-06-13 19:24:37.144618: 
2026-06-13 19:24:37.146170: Epoch 80
2026-06-13 19:24:37.147396: Current learning rate: 0.00928
2026-06-13 19:24:59.781067: train_loss -0.5479
2026-06-13 19:24:59.783824: val_loss -0.4997
2026-06-13 19:24:59.785262: Pseudo dice [0.5088]
2026-06-13 19:24:59.786712: Epoch time: 22.64 s
2026-06-13 19:24:59.788111: Yayy! New best EMA pseudo Dice: 0.248
2026-06-13 19:25:01.751503: 
2026-06-13 19:25:01.752917: Epoch 81
2026-06-13 19:25:01.754116: Current learning rate: 0.00927
2026-06-13 19:25:24.360988: train_loss -0.5202
2026-06-13 19:25:24.364205: val_loss -0.2239
2026-06-13 19:25:24.365438: Pseudo dice [0.179]
2026-06-13 19:25:24.367015: Epoch time: 22.61 s
2026-06-13 19:25:25.297970: 
2026-06-13 19:25:25.299448: Epoch 82
2026-06-13 19:25:25.300929: Current learning rate: 0.00926
2026-06-13 19:25:47.854305: train_loss -0.5319
2026-06-13 19:25:47.857042: val_loss -0.0811
2026-06-13 19:25:47.858289: Pseudo dice [0.1384]
2026-06-13 19:25:47.859591: Epoch time: 22.56 s
2026-06-13 19:25:48.752666: 
2026-06-13 19:25:48.754102: Epoch 83
2026-06-13 19:25:48.755520: Current learning rate: 0.00925
2026-06-13 19:26:11.371541: train_loss -0.5512
2026-06-13 19:26:11.373880: val_loss -0.467
2026-06-13 19:26:11.375152: Pseudo dice [0.5071]
2026-06-13 19:26:11.376395: Epoch time: 22.62 s
2026-06-13 19:26:11.377552: Yayy! New best EMA pseudo Dice: 0.2585
2026-06-13 19:26:12.769872: 
2026-06-13 19:26:12.772955: Epoch 84
2026-06-13 19:26:12.776102: Current learning rate: 0.00924
2026-06-13 19:26:35.345428: train_loss -0.5222
2026-06-13 19:26:35.349535: val_loss -0.3731
2026-06-13 19:26:35.350938: Pseudo dice [0.2962]
2026-06-13 19:26:35.352164: Epoch time: 22.58 s
2026-06-13 19:26:35.353435: Yayy! New best EMA pseudo Dice: 0.2623
2026-06-13 19:26:36.730505: 
2026-06-13 19:26:36.732387: Epoch 85
2026-06-13 19:26:36.734010: Current learning rate: 0.00923
2026-06-13 19:26:59.293166: train_loss -0.5362
2026-06-13 19:26:59.295782: val_loss -0.1907
2026-06-13 19:26:59.296990: Pseudo dice [0.222]
2026-06-13 19:26:59.298131: Epoch time: 22.56 s
2026-06-13 19:27:00.209166: 
2026-06-13 19:27:00.210559: Epoch 86
2026-06-13 19:27:00.211742: Current learning rate: 0.00922
2026-06-13 19:27:22.775072: train_loss -0.5456
2026-06-13 19:27:22.777423: val_loss -0.2981
2026-06-13 19:27:22.778594: Pseudo dice [0.2618]
2026-06-13 19:27:22.779858: Epoch time: 22.57 s
2026-06-13 19:27:23.674944: 
2026-06-13 19:27:23.676448: Epoch 87
2026-06-13 19:27:23.677783: Current learning rate: 0.00921
2026-06-13 19:27:46.372164: train_loss -0.5574
2026-06-13 19:27:46.375378: val_loss -0.0505
2026-06-13 19:27:46.377215: Pseudo dice [0.1372]
2026-06-13 19:27:46.395155: Epoch time: 22.7 s
2026-06-13 19:27:47.292788: 
2026-06-13 19:27:47.294178: Epoch 88
2026-06-13 19:27:47.295398: Current learning rate: 0.0092
2026-06-13 19:28:09.999942: train_loss -0.5418
2026-06-13 19:28:10.002518: val_loss -0.0909
2026-06-13 19:28:10.003999: Pseudo dice [0.1522]
2026-06-13 19:28:10.005340: Epoch time: 22.71 s
2026-06-13 19:28:10.918486: 
2026-06-13 19:28:10.920093: Epoch 89
2026-06-13 19:28:10.922133: Current learning rate: 0.0092
2026-06-13 19:28:33.552742: train_loss -0.5485
2026-06-13 19:28:33.555090: val_loss -0.3725
2026-06-13 19:28:33.556326: Pseudo dice [0.3509]
2026-06-13 19:28:33.557949: Epoch time: 22.64 s
2026-06-13 19:28:34.462316: 
2026-06-13 19:28:34.463584: Epoch 90
2026-06-13 19:28:34.464835: Current learning rate: 0.00919
2026-06-13 19:28:57.012902: train_loss -0.5673
2026-06-13 19:28:57.015552: val_loss 0.3685
2026-06-13 19:28:57.017156: Pseudo dice [0.0701]
2026-06-13 19:28:57.018544: Epoch time: 22.55 s
2026-06-13 19:28:57.914901: 
2026-06-13 19:28:57.917423: Epoch 91
2026-06-13 19:28:57.918957: Current learning rate: 0.00918
2026-06-13 19:29:20.520208: train_loss -0.5476
2026-06-13 19:29:20.522979: val_loss -0.017
2026-06-13 19:29:20.524350: Pseudo dice [0.137]
2026-06-13 19:29:20.525672: Epoch time: 22.61 s
2026-06-13 19:29:21.407488: 
2026-06-13 19:29:21.408769: Epoch 92
2026-06-13 19:29:21.410384: Current learning rate: 0.00917
2026-06-13 19:29:43.850121: train_loss -0.5561
2026-06-13 19:29:43.853012: val_loss -0.1249
2026-06-13 19:29:43.854667: Pseudo dice [0.1644]
2026-06-13 19:29:43.856377: Epoch time: 22.44 s
2026-06-13 19:29:44.743402: 
2026-06-13 19:29:44.744903: Epoch 93
2026-06-13 19:29:44.746148: Current learning rate: 0.00916
2026-06-13 19:30:07.362289: train_loss -0.567
2026-06-13 19:30:07.365632: val_loss -0.1943
2026-06-13 19:30:07.367701: Pseudo dice [0.205]
2026-06-13 19:30:07.369201: Epoch time: 22.62 s
2026-06-13 19:30:08.251218: 
2026-06-13 19:30:08.252465: Epoch 94
2026-06-13 19:30:08.253709: Current learning rate: 0.00915
2026-06-13 19:30:30.712901: train_loss -0.5708
2026-06-13 19:30:30.716693: val_loss -0.2102
2026-06-13 19:30:30.718311: Pseudo dice [0.2047]
2026-06-13 19:30:30.720064: Epoch time: 22.46 s
2026-06-13 19:30:31.607039: 
2026-06-13 19:30:31.608433: Epoch 95
2026-06-13 19:30:31.609622: Current learning rate: 0.00914
2026-06-13 19:30:54.205300: train_loss -0.544
2026-06-13 19:30:54.208508: val_loss -0.3466
2026-06-13 19:30:54.209830: Pseudo dice [0.3029]
2026-06-13 19:30:54.211365: Epoch time: 22.6 s
2026-06-13 19:30:55.101491: 
2026-06-13 19:30:55.103731: Epoch 96
2026-06-13 19:30:55.105582: Current learning rate: 0.00913
2026-06-13 19:31:17.570301: train_loss -0.5331
2026-06-13 19:31:17.573250: val_loss 0.0933
2026-06-13 19:31:17.574858: Pseudo dice [0.1327]
2026-06-13 19:31:17.576126: Epoch time: 22.47 s
2026-06-13 19:31:18.468756: 
2026-06-13 19:31:18.470163: Epoch 97
2026-06-13 19:31:18.471362: Current learning rate: 0.00912
2026-06-13 19:31:40.941607: train_loss -0.5397
2026-06-13 19:31:40.944118: val_loss -0.0801
2026-06-13 19:31:40.945837: Pseudo dice [0.1624]
2026-06-13 19:31:40.947819: Epoch time: 22.47 s
2026-06-13 19:31:41.840648: 
2026-06-13 19:31:41.842317: Epoch 98
2026-06-13 19:31:41.843874: Current learning rate: 0.00911
2026-06-13 19:32:04.382838: train_loss -0.5316
2026-06-13 19:32:04.386995: val_loss -0.3494
2026-06-13 19:32:04.388241: Pseudo dice [0.2718]
2026-06-13 19:32:04.389549: Epoch time: 22.54 s
2026-06-13 19:32:05.847748: 
2026-06-13 19:32:05.849380: Epoch 99
2026-06-13 19:32:05.850685: Current learning rate: 0.0091
2026-06-13 19:32:28.358899: train_loss -0.5375
2026-06-13 19:32:28.361522: val_loss -0.424
2026-06-13 19:32:28.362924: Pseudo dice [0.3811]
2026-06-13 19:32:28.364291: Epoch time: 22.51 s
2026-06-13 19:32:29.749128: 
2026-06-13 19:32:29.751886: Epoch 100
2026-06-13 19:32:29.754520: Current learning rate: 0.0091
2026-06-13 19:32:52.246530: train_loss -0.5465
2026-06-13 19:32:52.248990: val_loss -0.423
2026-06-13 19:32:52.251492: Pseudo dice [0.4497]
2026-06-13 19:32:52.253013: Epoch time: 22.5 s
2026-06-13 19:32:53.154685: 
2026-06-13 19:32:53.157133: Epoch 101
2026-06-13 19:32:53.158750: Current learning rate: 0.00909
2026-06-13 19:33:15.614991: train_loss -0.5406
2026-06-13 19:33:15.617740: val_loss 0.0455
2026-06-13 19:33:15.618923: Pseudo dice [0.1497]
2026-06-13 19:33:15.620388: Epoch time: 22.46 s
2026-06-13 19:33:16.520346: 
2026-06-13 19:33:16.521864: Epoch 102
2026-06-13 19:33:16.523238: Current learning rate: 0.00908
2026-06-13 19:33:39.020436: train_loss -0.5642
2026-06-13 19:33:39.023086: val_loss -0.106
2026-06-13 19:33:39.024575: Pseudo dice [0.1363]
2026-06-13 19:33:39.026153: Epoch time: 22.5 s
2026-06-13 19:33:39.922741: 
2026-06-13 19:33:39.924525: Epoch 103
2026-06-13 19:33:39.926191: Current learning rate: 0.00907
2026-06-13 19:34:02.371522: train_loss -0.5452
2026-06-13 19:34:02.374162: val_loss -0.3342
2026-06-13 19:34:02.375625: Pseudo dice [0.3202]
2026-06-13 19:34:02.377463: Epoch time: 22.45 s
2026-06-13 19:34:03.272562: 
2026-06-13 19:34:03.274026: Epoch 104
2026-06-13 19:34:03.275524: Current learning rate: 0.00906
2026-06-13 19:34:25.891753: train_loss -0.5731
2026-06-13 19:34:25.894171: val_loss -0.3315
2026-06-13 19:34:25.895576: Pseudo dice [0.2476]
2026-06-13 19:34:25.896964: Epoch time: 22.62 s
2026-06-13 19:34:26.788512: 
2026-06-13 19:34:26.789975: Epoch 105
2026-06-13 19:34:26.791416: Current learning rate: 0.00905
2026-06-13 19:34:49.376342: train_loss -0.5878
2026-06-13 19:34:49.379028: val_loss -0.3318
2026-06-13 19:34:49.380318: Pseudo dice [0.261]
2026-06-13 19:34:49.381646: Epoch time: 22.59 s
2026-06-13 19:34:50.279621: 
2026-06-13 19:34:50.281047: Epoch 106
2026-06-13 19:34:50.282290: Current learning rate: 0.00904
2026-06-13 19:35:12.926530: train_loss -0.5542
2026-06-13 19:35:12.929096: val_loss 0.0967
2026-06-13 19:35:12.930316: Pseudo dice [0.1295]
2026-06-13 19:35:12.931657: Epoch time: 22.65 s
2026-06-13 19:35:13.838454: 
2026-06-13 19:35:13.839842: Epoch 107
2026-06-13 19:35:13.841012: Current learning rate: 0.00903
2026-06-13 19:35:36.399315: train_loss -0.5606
2026-06-13 19:35:36.401711: val_loss -0.2366
2026-06-13 19:35:36.403040: Pseudo dice [0.1941]
2026-06-13 19:35:36.404503: Epoch time: 22.56 s
2026-06-13 19:35:37.298267: 
2026-06-13 19:35:37.299481: Epoch 108
2026-06-13 19:35:37.300680: Current learning rate: 0.00902
2026-06-13 19:35:59.836964: train_loss -0.5528
2026-06-13 19:35:59.839273: val_loss -0.2611
2026-06-13 19:35:59.840525: Pseudo dice [0.2386]
2026-06-13 19:35:59.842135: Epoch time: 22.54 s
2026-06-13 19:36:00.743937: 
2026-06-13 19:36:00.745285: Epoch 109
2026-06-13 19:36:00.746654: Current learning rate: 0.00901
2026-06-13 19:36:23.313482: train_loss -0.5749
2026-06-13 19:36:23.316138: val_loss -0.4562
2026-06-13 19:36:23.318128: Pseudo dice [0.4542]
2026-06-13 19:36:23.319586: Epoch time: 22.57 s
2026-06-13 19:36:24.302406: 
2026-06-13 19:36:24.303827: Epoch 110
2026-06-13 19:36:24.305240: Current learning rate: 0.009
2026-06-13 19:36:46.869900: train_loss -0.5754
2026-06-13 19:36:46.873451: val_loss -0.1781
2026-06-13 19:36:46.875362: Pseudo dice [0.1719]
2026-06-13 19:36:46.877172: Epoch time: 22.57 s
2026-06-13 19:36:47.784770: 
2026-06-13 19:36:47.786370: Epoch 111
2026-06-13 19:36:47.787745: Current learning rate: 0.009
2026-06-13 19:37:10.215521: train_loss -0.5577
2026-06-13 19:37:10.217977: val_loss -0.3697
2026-06-13 19:37:10.219204: Pseudo dice [0.2588]
2026-06-13 19:37:10.220479: Epoch time: 22.43 s
2026-06-13 19:37:11.117228: 
2026-06-13 19:37:11.118600: Epoch 112
2026-06-13 19:37:11.119857: Current learning rate: 0.00899
2026-06-13 19:37:33.731640: train_loss -0.5598
2026-06-13 19:37:33.734540: val_loss -0.3592
2026-06-13 19:37:33.736125: Pseudo dice [0.3166]
2026-06-13 19:37:33.737566: Epoch time: 22.62 s
2026-06-13 19:37:34.637449: 
2026-06-13 19:37:34.638859: Epoch 113
2026-06-13 19:37:34.640449: Current learning rate: 0.00898
2026-06-13 19:37:57.213795: train_loss -0.5658
2026-06-13 19:37:57.216377: val_loss -0.4044
2026-06-13 19:37:57.217908: Pseudo dice [0.3399]
2026-06-13 19:37:57.219451: Epoch time: 22.58 s
2026-06-13 19:37:58.132215: 
2026-06-13 19:37:58.133465: Epoch 114
2026-06-13 19:37:58.134946: Current learning rate: 0.00897
2026-06-13 19:38:20.726314: train_loss -0.5758
2026-06-13 19:38:20.728770: val_loss -0.3167
2026-06-13 19:38:20.730038: Pseudo dice [0.2774]
2026-06-13 19:38:20.731292: Epoch time: 22.59 s
2026-06-13 19:38:20.732487: Yayy! New best EMA pseudo Dice: 0.2629
2026-06-13 19:38:22.132263: 
2026-06-13 19:38:22.133551: Epoch 115
2026-06-13 19:38:22.134749: Current learning rate: 0.00896
2026-06-13 19:38:44.704684: train_loss -0.5984
2026-06-13 19:38:44.707013: val_loss -0.5274
2026-06-13 19:38:44.708485: Pseudo dice [0.5316]
2026-06-13 19:38:44.709721: Epoch time: 22.57 s
2026-06-13 19:38:44.711021: Yayy! New best EMA pseudo Dice: 0.2897
2026-06-13 19:38:46.104075: 
2026-06-13 19:38:46.105327: Epoch 116
2026-06-13 19:38:46.106626: Current learning rate: 0.00895
2026-06-13 19:39:09.282531: train_loss -0.5983
2026-06-13 19:39:09.285750: val_loss -0.3745
2026-06-13 19:39:09.287139: Pseudo dice [0.3527]
2026-06-13 19:39:09.288341: Epoch time: 23.18 s
2026-06-13 19:39:09.289744: Yayy! New best EMA pseudo Dice: 0.296
2026-06-13 19:39:10.681045: 
2026-06-13 19:39:10.682519: Epoch 117
2026-06-13 19:39:10.683847: Current learning rate: 0.00894
2026-06-13 19:39:33.290732: train_loss -0.5825
2026-06-13 19:39:33.294920: val_loss -0.292
2026-06-13 19:39:33.296305: Pseudo dice [0.2772]
2026-06-13 19:39:33.297390: Epoch time: 22.61 s
2026-06-13 19:39:34.203953: 
2026-06-13 19:39:34.205503: Epoch 118
2026-06-13 19:39:34.206671: Current learning rate: 0.00893
2026-06-13 19:39:56.818209: train_loss -0.5878
2026-06-13 19:39:56.820561: val_loss -0.359
2026-06-13 19:39:56.823197: Pseudo dice [0.3186]
2026-06-13 19:39:56.824872: Epoch time: 22.62 s
2026-06-13 19:39:56.826320: Yayy! New best EMA pseudo Dice: 0.2966
2026-06-13 19:39:58.241820: 
2026-06-13 19:39:58.243179: Epoch 119
2026-06-13 19:39:58.244387: Current learning rate: 0.00892
2026-06-13 19:40:20.833764: train_loss -0.5718
2026-06-13 19:40:20.836203: val_loss -0.0394
2026-06-13 19:40:20.837641: Pseudo dice [0.1391]
2026-06-13 19:40:20.839177: Epoch time: 22.59 s
2026-06-13 19:40:21.757746: 
2026-06-13 19:40:21.759169: Epoch 120
2026-06-13 19:40:21.760339: Current learning rate: 0.00891
2026-06-13 19:40:44.291122: train_loss -0.5803
2026-06-13 19:40:44.293570: val_loss -0.3371
2026-06-13 19:40:44.294813: Pseudo dice [0.318]
2026-06-13 19:40:44.296000: Epoch time: 22.53 s
2026-06-13 19:40:45.211962: 
2026-06-13 19:40:45.213263: Epoch 121
2026-06-13 19:40:45.214444: Current learning rate: 0.0089
2026-06-13 19:41:07.703794: train_loss -0.5806
2026-06-13 19:41:07.707859: val_loss -0.1548
2026-06-13 19:41:07.709416: Pseudo dice [0.1689]
2026-06-13 19:41:07.710854: Epoch time: 22.49 s
2026-06-13 19:41:08.624952: 
2026-06-13 19:41:08.626681: Epoch 122
2026-06-13 19:41:08.628468: Current learning rate: 0.00889
2026-06-13 19:41:31.205761: train_loss -0.5798
2026-06-13 19:41:31.208976: val_loss 0.2634
2026-06-13 19:41:31.210540: Pseudo dice [0.0944]
2026-06-13 19:41:31.211934: Epoch time: 22.58 s
2026-06-13 19:41:32.113590: 
2026-06-13 19:41:32.115006: Epoch 123
2026-06-13 19:41:32.116250: Current learning rate: 0.00889
2026-06-13 19:41:54.682769: train_loss -0.5876
2026-06-13 19:41:54.687544: val_loss 0.0174
2026-06-13 19:41:54.689892: Pseudo dice [0.1424]
2026-06-13 19:41:54.691484: Epoch time: 22.57 s
2026-06-13 19:41:55.602401: 
2026-06-13 19:41:55.604855: Epoch 124
2026-06-13 19:41:55.606490: Current learning rate: 0.00888
2026-06-13 19:42:18.272906: train_loss -0.5769
2026-06-13 19:42:18.275937: val_loss -0.236
2026-06-13 19:42:18.277893: Pseudo dice [0.2007]
2026-06-13 19:42:18.280042: Epoch time: 22.67 s
2026-06-13 19:42:19.182237: 
2026-06-13 19:42:19.184231: Epoch 125
2026-06-13 19:42:19.186914: Current learning rate: 0.00887
2026-06-13 19:42:41.729347: train_loss -0.5646
2026-06-13 19:42:41.731620: val_loss -0.136
2026-06-13 19:42:41.732928: Pseudo dice [0.1816]
2026-06-13 19:42:41.734180: Epoch time: 22.55 s
2026-06-13 19:42:42.636699: 
2026-06-13 19:42:42.638388: Epoch 126
2026-06-13 19:42:42.640134: Current learning rate: 0.00886
2026-06-13 19:43:05.206645: train_loss -0.5633
2026-06-13 19:43:05.210135: val_loss -0.1145
2026-06-13 19:43:05.211928: Pseudo dice [0.1504]
2026-06-13 19:43:05.213478: Epoch time: 22.57 s
2026-06-13 19:43:06.128788: 
2026-06-13 19:43:06.130695: Epoch 127
2026-06-13 19:43:06.131999: Current learning rate: 0.00885
2026-06-13 19:43:28.708090: train_loss -0.5904
2026-06-13 19:43:28.710489: val_loss -0.3633
2026-06-13 19:43:28.711807: Pseudo dice [0.2654]
2026-06-13 19:43:28.713374: Epoch time: 22.58 s
2026-06-13 19:43:29.629668: 
2026-06-13 19:43:29.631403: Epoch 128
2026-06-13 19:43:29.632731: Current learning rate: 0.00884
2026-06-13 19:43:52.108000: train_loss -0.5656
2026-06-13 19:43:52.110735: val_loss -0.1725
2026-06-13 19:43:52.112260: Pseudo dice [0.1709]
2026-06-13 19:43:52.113756: Epoch time: 22.48 s
2026-06-13 19:43:53.026592: 
2026-06-13 19:43:53.028782: Epoch 129
2026-06-13 19:43:53.030366: Current learning rate: 0.00883
2026-06-13 19:44:15.522938: train_loss -0.5863
2026-06-13 19:44:15.525715: val_loss -0.318
2026-06-13 19:44:15.527002: Pseudo dice [0.2685]
2026-06-13 19:44:15.528252: Epoch time: 22.5 s
2026-06-13 19:44:16.445651: 
2026-06-13 19:44:16.447232: Epoch 130
2026-06-13 19:44:16.448853: Current learning rate: 0.00882
2026-06-13 19:44:39.030412: train_loss -0.5844
2026-06-13 19:44:39.033046: val_loss -0.101
2026-06-13 19:44:39.034472: Pseudo dice [0.1581]
2026-06-13 19:44:39.035980: Epoch time: 22.59 s
2026-06-13 19:44:39.951060: 
2026-06-13 19:44:39.952661: Epoch 131
2026-06-13 19:44:39.954033: Current learning rate: 0.00881
2026-06-13 19:45:02.472829: train_loss -0.5751
2026-06-13 19:45:02.475381: val_loss -0.4853
2026-06-13 19:45:02.476915: Pseudo dice [0.3979]
2026-06-13 19:45:02.478812: Epoch time: 22.52 s
2026-06-13 19:45:03.400609: 
2026-06-13 19:45:03.402997: Epoch 132
2026-06-13 19:45:03.405303: Current learning rate: 0.0088
2026-06-13 19:45:26.035225: train_loss -0.5893
2026-06-13 19:45:26.038600: val_loss -0.2577
2026-06-13 19:45:26.040157: Pseudo dice [0.2067]
2026-06-13 19:45:26.041620: Epoch time: 22.64 s
2026-06-13 19:45:26.963703: 
2026-06-13 19:45:26.965441: Epoch 133
2026-06-13 19:45:26.966924: Current learning rate: 0.00879
2026-06-13 19:45:49.473778: train_loss -0.5811
2026-06-13 19:45:49.476358: val_loss -0.0582
2026-06-13 19:45:49.477744: Pseudo dice [0.1626]
2026-06-13 19:45:49.479184: Epoch time: 22.51 s
2026-06-13 19:45:50.925427: 
2026-06-13 19:45:50.926928: Epoch 134
2026-06-13 19:45:50.928489: Current learning rate: 0.00879
2026-06-13 19:46:13.456459: train_loss -0.5845
2026-06-13 19:46:13.459302: val_loss -0.1011
2026-06-13 19:46:13.460907: Pseudo dice [0.1736]
2026-06-13 19:46:13.462475: Epoch time: 22.53 s
2026-06-13 19:46:14.384579: 
2026-06-13 19:46:14.386251: Epoch 135
2026-06-13 19:46:14.387626: Current learning rate: 0.00878
2026-06-13 19:46:36.866894: train_loss -0.5883
2026-06-13 19:46:36.869889: val_loss -0.2639
2026-06-13 19:46:36.871321: Pseudo dice [0.2186]
2026-06-13 19:46:36.872598: Epoch time: 22.48 s
2026-06-13 19:46:37.792595: 
2026-06-13 19:46:37.794085: Epoch 136
2026-06-13 19:46:37.795340: Current learning rate: 0.00877
2026-06-13 19:47:00.323214: train_loss -0.5599
2026-06-13 19:47:00.326111: val_loss -0.4321
2026-06-13 19:47:00.327950: Pseudo dice [0.4588]
2026-06-13 19:47:00.329510: Epoch time: 22.53 s
2026-06-13 19:47:01.262543: 
2026-06-13 19:47:01.264210: Epoch 137
2026-06-13 19:47:01.266287: Current learning rate: 0.00876
2026-06-13 19:47:23.791163: train_loss -0.557
2026-06-13 19:47:23.793802: val_loss -0.0781
2026-06-13 19:47:23.795626: Pseudo dice [0.1643]
2026-06-13 19:47:23.797185: Epoch time: 22.53 s
2026-06-13 19:47:24.731853: 
2026-06-13 19:47:24.733431: Epoch 138
2026-06-13 19:47:24.735018: Current learning rate: 0.00875
2026-06-13 19:47:47.347939: train_loss -0.5601
2026-06-13 19:47:47.350723: val_loss -0.1534
2026-06-13 19:47:47.352186: Pseudo dice [0.1496]
2026-06-13 19:47:47.353631: Epoch time: 22.62 s
2026-06-13 19:47:48.270909: 
2026-06-13 19:47:48.272490: Epoch 139
2026-06-13 19:47:48.274035: Current learning rate: 0.00874
2026-06-13 19:48:10.845564: train_loss -0.5866
2026-06-13 19:48:10.849820: val_loss -0.159
2026-06-13 19:48:10.851558: Pseudo dice [0.1788]
2026-06-13 19:48:10.853136: Epoch time: 22.58 s
2026-06-13 19:48:11.773823: 
2026-06-13 19:48:11.778000: Epoch 140
2026-06-13 19:48:11.779448: Current learning rate: 0.00873
2026-06-13 19:48:34.337656: train_loss -0.5506
2026-06-13 19:48:34.341035: val_loss -0.3722
2026-06-13 19:48:34.342795: Pseudo dice [0.3425]
2026-06-13 19:48:34.344523: Epoch time: 22.56 s
2026-06-13 19:48:35.272810: 
2026-06-13 19:48:35.275069: Epoch 141
2026-06-13 19:48:35.276847: Current learning rate: 0.00872
2026-06-13 19:48:57.747976: train_loss -0.581
2026-06-13 19:48:57.750944: val_loss -0.135
2026-06-13 19:48:57.752330: Pseudo dice [0.1429]
2026-06-13 19:48:57.753717: Epoch time: 22.48 s
2026-06-13 19:48:58.676999: 
2026-06-13 19:48:58.678886: Epoch 142
2026-06-13 19:48:58.680652: Current learning rate: 0.00871
2026-06-13 19:49:21.281755: train_loss -0.5969
2026-06-13 19:49:21.299557: val_loss -0.1355
2026-06-13 19:49:21.301334: Pseudo dice [0.1746]
2026-06-13 19:49:21.303339: Epoch time: 22.61 s
2026-06-13 19:49:22.243804: 
2026-06-13 19:49:22.246082: Epoch 143
2026-06-13 19:49:22.248784: Current learning rate: 0.0087
2026-06-13 19:49:44.819923: train_loss -0.615
2026-06-13 19:49:44.823289: val_loss -0.408
2026-06-13 19:49:44.825670: Pseudo dice [0.3459]
2026-06-13 19:49:44.828137: Epoch time: 22.58 s
2026-06-13 19:49:45.753580: 
2026-06-13 19:49:45.755727: Epoch 144
2026-06-13 19:49:45.757684: Current learning rate: 0.00869
2026-06-13 19:50:08.227732: train_loss -0.5994
2026-06-13 19:50:08.230787: val_loss -0.156
2026-06-13 19:50:08.232186: Pseudo dice [0.1829]
2026-06-13 19:50:08.233680: Epoch time: 22.48 s
2026-06-13 19:50:09.152680: 
2026-06-13 19:50:09.154201: Epoch 145
2026-06-13 19:50:09.155695: Current learning rate: 0.00868
2026-06-13 19:50:31.750783: train_loss -0.5881
2026-06-13 19:50:31.753407: val_loss -0.2732
2026-06-13 19:50:31.755024: Pseudo dice [0.2532]
2026-06-13 19:50:31.756302: Epoch time: 22.6 s
2026-06-13 19:50:32.686078: 
2026-06-13 19:50:32.687732: Epoch 146
2026-06-13 19:50:32.689039: Current learning rate: 0.00868
2026-06-13 19:50:55.276035: train_loss -0.5938
2026-06-13 19:50:55.278731: val_loss -0.1295
2026-06-13 19:50:55.280632: Pseudo dice [0.1839]
2026-06-13 19:50:55.282071: Epoch time: 22.59 s
2026-06-13 19:50:56.200076: 
2026-06-13 19:50:56.202245: Epoch 147
2026-06-13 19:50:56.203856: Current learning rate: 0.00867
2026-06-13 19:51:18.690884: train_loss -0.5842
2026-06-13 19:51:18.694162: val_loss -0.1387
2026-06-13 19:51:18.697278: Pseudo dice [0.1776]
2026-06-13 19:51:18.699739: Epoch time: 22.49 s
2026-06-13 19:51:19.635316: 
2026-06-13 19:51:19.636745: Epoch 148
2026-06-13 19:51:19.638727: Current learning rate: 0.00866
2026-06-13 19:51:42.137745: train_loss -0.5928
2026-06-13 19:51:42.140637: val_loss -0.4439
2026-06-13 19:51:42.142568: Pseudo dice [0.3203]
2026-06-13 19:51:42.143866: Epoch time: 22.5 s
2026-06-13 19:51:43.068298: 
2026-06-13 19:51:43.070388: Epoch 149
2026-06-13 19:51:43.072234: Current learning rate: 0.00865
2026-06-13 19:52:05.596004: train_loss -0.6026
2026-06-13 19:52:05.600793: val_loss -0.2281
2026-06-13 19:52:05.602777: Pseudo dice [0.1929]
2026-06-13 19:52:05.604060: Epoch time: 22.53 s
2026-06-13 19:52:07.020983: 
2026-06-13 19:52:07.022653: Epoch 150
2026-06-13 19:52:07.024257: Current learning rate: 0.00864
2026-06-13 19:52:30.155794: train_loss -0.5736
2026-06-13 19:52:30.172540: val_loss -0.3427
2026-06-13 19:52:30.174855: Pseudo dice [0.2984]
2026-06-13 19:52:30.176438: Epoch time: 23.14 s
2026-06-13 19:52:31.101583: 
2026-06-13 19:52:31.105033: Epoch 151
2026-06-13 19:52:31.109462: Current learning rate: 0.00863
2026-06-13 19:52:53.612060: train_loss -0.6028
2026-06-13 19:52:53.615972: val_loss -0.0808
2026-06-13 19:52:53.617622: Pseudo dice [0.1419]
2026-06-13 19:52:53.619079: Epoch time: 22.51 s
2026-06-13 19:52:54.539248: 
2026-06-13 19:52:54.541080: Epoch 152
2026-06-13 19:52:54.542530: Current learning rate: 0.00862
2026-06-13 19:53:17.098657: train_loss -0.5953
2026-06-13 19:53:17.105701: val_loss -0.0322
2026-06-13 19:53:17.107780: Pseudo dice [0.1409]
2026-06-13 19:53:17.110123: Epoch time: 22.56 s
2026-06-13 19:53:18.038987: 
2026-06-13 19:53:18.040490: Epoch 153
2026-06-13 19:53:18.042118: Current learning rate: 0.00861
2026-06-13 19:53:40.465139: train_loss -0.5877
2026-06-13 19:53:40.470530: val_loss -0.1955
2026-06-13 19:53:40.473374: Pseudo dice [0.1793]
2026-06-13 19:53:40.475071: Epoch time: 22.43 s
2026-06-13 19:53:41.409439: 
2026-06-13 19:53:41.411201: Epoch 154
2026-06-13 19:53:41.412693: Current learning rate: 0.0086
2026-06-13 19:54:04.016471: train_loss -0.6152
2026-06-13 19:54:04.020981: val_loss -0.194
2026-06-13 19:54:04.022674: Pseudo dice [0.2045]
2026-06-13 19:54:04.024379: Epoch time: 22.61 s
2026-06-13 19:54:04.958192: 
2026-06-13 19:54:04.959745: Epoch 155
2026-06-13 19:54:04.961171: Current learning rate: 0.00859
2026-06-13 19:54:27.443289: train_loss -0.5617
2026-06-13 19:54:27.446933: val_loss -0.409
2026-06-13 19:54:27.448512: Pseudo dice [0.374]
2026-06-13 19:54:27.450229: Epoch time: 22.49 s
2026-06-13 19:54:28.395472: 
2026-06-13 19:54:28.397349: Epoch 156
2026-06-13 19:54:28.398973: Current learning rate: 0.00858
2026-06-13 19:54:50.916397: train_loss -0.6224
2026-06-13 19:54:50.923482: val_loss -0.2835
2026-06-13 19:54:50.931137: Pseudo dice [0.2287]
2026-06-13 19:54:50.932730: Epoch time: 22.52 s
2026-06-13 19:54:51.886709: 
2026-06-13 19:54:51.888387: Epoch 157
2026-06-13 19:54:51.891083: Current learning rate: 0.00858
2026-06-13 19:55:14.337036: train_loss -0.6031
2026-06-13 19:55:14.340406: val_loss 0.1601
2026-06-13 19:55:14.342021: Pseudo dice [0.1086]
2026-06-13 19:55:14.343472: Epoch time: 22.45 s
2026-06-13 19:55:15.294844: 
2026-06-13 19:55:15.296688: Epoch 158
2026-06-13 19:55:15.298389: Current learning rate: 0.00857
2026-06-13 19:55:37.827716: train_loss -0.5803
2026-06-13 19:55:37.834687: val_loss -0.3047
2026-06-13 19:55:37.836207: Pseudo dice [0.2011]
2026-06-13 19:55:37.837597: Epoch time: 22.53 s
2026-06-13 19:55:38.791797: 
2026-06-13 19:55:38.793434: Epoch 159
2026-06-13 19:55:38.794820: Current learning rate: 0.00856
2026-06-13 19:56:01.339197: train_loss -0.5897
2026-06-13 19:56:01.342814: val_loss -0.2386
2026-06-13 19:56:01.344747: Pseudo dice [0.2228]
2026-06-13 19:56:01.346237: Epoch time: 22.55 s
2026-06-13 19:56:02.302989: 
2026-06-13 19:56:02.304597: Epoch 160
2026-06-13 19:56:02.306013: Current learning rate: 0.00855
2026-06-13 19:56:24.792583: train_loss -0.5703
2026-06-13 19:56:24.795213: val_loss -0.062
2026-06-13 19:56:24.797176: Pseudo dice [0.129]
2026-06-13 19:56:24.798708: Epoch time: 22.49 s
2026-06-13 19:56:25.742687: 
2026-06-13 19:56:25.745092: Epoch 161
2026-06-13 19:56:25.747010: Current learning rate: 0.00854
2026-06-13 19:56:48.266624: train_loss -0.5868
2026-06-13 19:56:48.269686: val_loss -0.3735
2026-06-13 19:56:48.271533: Pseudo dice [0.3552]
2026-06-13 19:56:48.273065: Epoch time: 22.52 s
2026-06-13 19:56:49.220322: 
2026-06-13 19:56:49.222723: Epoch 162
2026-06-13 19:56:49.224193: Current learning rate: 0.00853
2026-06-13 19:57:11.744256: train_loss -0.5844
2026-06-13 19:57:11.748559: val_loss -0.229
2026-06-13 19:57:11.750204: Pseudo dice [0.226]
2026-06-13 19:57:11.751856: Epoch time: 22.52 s
2026-06-13 19:57:12.704179: 
2026-06-13 19:57:12.710228: Epoch 163
2026-06-13 19:57:12.713752: Current learning rate: 0.00852
2026-06-13 19:57:35.306162: train_loss -0.6043
2026-06-13 19:57:35.309148: val_loss -0.3418
2026-06-13 19:57:35.310635: Pseudo dice [0.3008]
2026-06-13 19:57:35.312167: Epoch time: 22.6 s
2026-06-13 19:57:36.264568: 
2026-06-13 19:57:36.266604: Epoch 164
2026-06-13 19:57:36.268109: Current learning rate: 0.00851
2026-06-13 19:57:58.730436: train_loss -0.592
2026-06-13 19:57:58.733259: val_loss -0.1814
2026-06-13 19:57:58.734848: Pseudo dice [0.1911]
2026-06-13 19:57:58.736236: Epoch time: 22.47 s
2026-06-13 19:57:59.667683: 
2026-06-13 19:57:59.669194: Epoch 165
2026-06-13 19:57:59.670725: Current learning rate: 0.0085
2026-06-13 19:58:22.206825: train_loss -0.5917
2026-06-13 19:58:22.210069: val_loss 0.1243
2026-06-13 19:58:22.211956: Pseudo dice [0.1404]
2026-06-13 19:58:22.213393: Epoch time: 22.54 s
2026-06-13 19:58:23.150590: 
2026-06-13 19:58:23.152251: Epoch 166
2026-06-13 19:58:23.153784: Current learning rate: 0.00849
2026-06-13 19:58:45.592077: train_loss -0.6052
2026-06-13 19:58:45.595768: val_loss -0.0966
2026-06-13 19:58:45.597334: Pseudo dice [0.1447]
2026-06-13 19:58:45.598797: Epoch time: 22.44 s
2026-06-13 19:58:47.065964: 
2026-06-13 19:58:47.067726: Epoch 167
2026-06-13 19:58:47.069304: Current learning rate: 0.00848
2026-06-13 19:59:09.543570: train_loss -0.5631
2026-06-13 19:59:09.546330: val_loss -0.3921
2026-06-13 19:59:09.548081: Pseudo dice [0.3594]
2026-06-13 19:59:09.549628: Epoch time: 22.48 s
2026-06-13 19:59:10.502848: 
2026-06-13 19:59:10.504543: Epoch 168
2026-06-13 19:59:10.506097: Current learning rate: 0.00847
2026-06-13 19:59:33.064161: train_loss -0.6062
2026-06-13 19:59:33.067240: val_loss -0.2548
2026-06-13 19:59:33.068712: Pseudo dice [0.2292]
2026-06-13 19:59:33.070193: Epoch time: 22.56 s
2026-06-13 19:59:33.998149: 
2026-06-13 19:59:33.999752: Epoch 169
2026-06-13 19:59:34.001319: Current learning rate: 0.00847
2026-06-13 19:59:56.529928: train_loss -0.5976
2026-06-13 19:59:56.532911: val_loss -0.1736
2026-06-13 19:59:56.534511: Pseudo dice [0.2117]
2026-06-13 19:59:56.535864: Epoch time: 22.53 s
2026-06-13 19:59:57.482177: 
2026-06-13 19:59:57.483667: Epoch 170
2026-06-13 19:59:57.484933: Current learning rate: 0.00846
2026-06-13 20:00:20.051877: train_loss -0.5742
2026-06-13 20:00:20.054472: val_loss -0.2673
2026-06-13 20:00:20.055898: Pseudo dice [0.2094]
2026-06-13 20:00:20.057334: Epoch time: 22.57 s
2026-06-13 20:00:21.006552: 
2026-06-13 20:00:21.007898: Epoch 171
2026-06-13 20:00:21.009304: Current learning rate: 0.00845
2026-06-13 20:00:43.560214: train_loss -0.6037
2026-06-13 20:00:43.564297: val_loss -0.0534
2026-06-13 20:00:43.565859: Pseudo dice [0.1338]
2026-06-13 20:00:43.567175: Epoch time: 22.55 s
2026-06-13 20:00:44.580985: 
2026-06-13 20:00:44.582669: Epoch 172
2026-06-13 20:00:44.584215: Current learning rate: 0.00844
2026-06-13 20:01:07.057948: train_loss -0.6015
2026-06-13 20:01:07.060982: val_loss -0.152
2026-06-13 20:01:07.062574: Pseudo dice [0.2059]
2026-06-13 20:01:07.064265: Epoch time: 22.48 s
2026-06-13 20:01:08.021412: 
2026-06-13 20:01:08.023480: Epoch 173
2026-06-13 20:01:08.025187: Current learning rate: 0.00843
2026-06-13 20:01:30.586579: train_loss -0.6047
2026-06-13 20:01:30.590431: val_loss -0.0849
2026-06-13 20:01:30.592968: Pseudo dice [0.1346]
2026-06-13 20:01:30.594938: Epoch time: 22.57 s
2026-06-13 20:01:31.554215: 
2026-06-13 20:01:31.556323: Epoch 174
2026-06-13 20:01:31.558385: Current learning rate: 0.00842
2026-06-13 20:01:54.105786: train_loss -0.6054
2026-06-13 20:01:54.109229: val_loss -0.3315
2026-06-13 20:01:54.110989: Pseudo dice [0.3007]
2026-06-13 20:01:54.112541: Epoch time: 22.55 s
2026-06-13 20:01:55.070450: 
2026-06-13 20:01:55.072312: Epoch 175
2026-06-13 20:01:55.074193: Current learning rate: 0.00841
2026-06-13 20:02:17.532546: train_loss -0.5879
2026-06-13 20:02:17.535450: val_loss -0.1708
2026-06-13 20:02:17.539296: Pseudo dice [0.1821]
2026-06-13 20:02:17.543498: Epoch time: 22.46 s
2026-06-13 20:02:18.487022: 
2026-06-13 20:02:18.488727: Epoch 176
2026-06-13 20:02:18.490214: Current learning rate: 0.0084
2026-06-13 20:02:40.910832: train_loss -0.6135
2026-06-13 20:02:40.914253: val_loss -0.1856
2026-06-13 20:02:40.915958: Pseudo dice [0.1874]
2026-06-13 20:02:40.917675: Epoch time: 22.42 s
2026-06-13 20:02:41.866288: 
2026-06-13 20:02:41.869904: Epoch 177
2026-06-13 20:02:41.871479: Current learning rate: 0.00839
2026-06-13 20:03:04.425870: train_loss -0.6078
2026-06-13 20:03:04.429391: val_loss -0.0849
2026-06-13 20:03:04.430780: Pseudo dice [0.1777]
2026-06-13 20:03:04.432484: Epoch time: 22.56 s
2026-06-13 20:03:05.389420: 
2026-06-13 20:03:05.390959: Epoch 178
2026-06-13 20:03:05.392623: Current learning rate: 0.00838
2026-06-13 20:03:27.867736: train_loss -0.6244
2026-06-13 20:03:27.871241: val_loss -0.1792
2026-06-13 20:03:27.873665: Pseudo dice [0.1834]
2026-06-13 20:03:27.875823: Epoch time: 22.48 s
2026-06-13 20:03:28.825027: 
2026-06-13 20:03:28.826654: Epoch 179
2026-06-13 20:03:28.827994: Current learning rate: 0.00837
2026-06-13 20:03:51.419181: train_loss -0.5997
2026-06-13 20:03:51.422362: val_loss -0.2453
2026-06-13 20:03:51.423938: Pseudo dice [0.2413]
2026-06-13 20:03:51.425346: Epoch time: 22.6 s
2026-06-13 20:03:52.379455: 
2026-06-13 20:03:52.380997: Epoch 180
2026-06-13 20:03:52.382917: Current learning rate: 0.00836
2026-06-13 20:04:14.951494: train_loss -0.582
2026-06-13 20:04:14.954341: val_loss -0.311
2026-06-13 20:04:14.955798: Pseudo dice [0.2505]
2026-06-13 20:04:14.958009: Epoch time: 22.57 s
2026-06-13 20:04:15.895575: 
2026-06-13 20:04:15.897078: Epoch 181
2026-06-13 20:04:15.898891: Current learning rate: 0.00836
2026-06-13 20:04:38.416148: train_loss -0.6049
2026-06-13 20:04:38.418884: val_loss -0.2382
2026-06-13 20:04:38.420731: Pseudo dice [0.2495]
2026-06-13 20:04:38.423595: Epoch time: 22.52 s
2026-06-13 20:04:39.371975: 
2026-06-13 20:04:39.373595: Epoch 182
2026-06-13 20:04:39.374962: Current learning rate: 0.00835
2026-06-13 20:05:01.930352: train_loss -0.6044
2026-06-13 20:05:01.933007: val_loss -0.4921
2026-06-13 20:05:01.934417: Pseudo dice [0.4557]
2026-06-13 20:05:01.936008: Epoch time: 22.56 s
2026-06-13 20:05:02.868347: 
2026-06-13 20:05:02.869925: Epoch 183
2026-06-13 20:05:02.871376: Current learning rate: 0.00834
2026-06-13 20:05:25.398572: train_loss -0.6006
2026-06-13 20:05:25.402570: val_loss -0.2154
2026-06-13 20:05:25.404663: Pseudo dice [0.1993]
2026-06-13 20:05:25.407969: Epoch time: 22.53 s
2026-06-13 20:05:26.904600: 
2026-06-13 20:05:26.906296: Epoch 184
2026-06-13 20:05:26.907981: Current learning rate: 0.00833
2026-06-13 20:05:49.466989: train_loss -0.6158
2026-06-13 20:05:49.469859: val_loss 0.0997
2026-06-13 20:05:49.471354: Pseudo dice [0.1217]
2026-06-13 20:05:49.472728: Epoch time: 22.56 s
2026-06-13 20:05:50.428337: 
2026-06-13 20:05:50.429940: Epoch 185
2026-06-13 20:05:50.431482: Current learning rate: 0.00832
2026-06-13 20:06:13.008808: train_loss -0.572
2026-06-13 20:06:13.014771: val_loss -0.3089
2026-06-13 20:06:13.016210: Pseudo dice [0.2845]
2026-06-13 20:06:13.017968: Epoch time: 22.58 s
2026-06-13 20:06:13.966728: 
2026-06-13 20:06:13.968279: Epoch 186
2026-06-13 20:06:13.969847: Current learning rate: 0.00831
2026-06-13 20:06:36.537589: train_loss -0.5957
2026-06-13 20:06:36.540637: val_loss -0.3624
2026-06-13 20:06:36.542202: Pseudo dice [0.2969]
2026-06-13 20:06:36.543686: Epoch time: 22.57 s
2026-06-13 20:06:37.487140: 
2026-06-13 20:06:37.488743: Epoch 187
2026-06-13 20:06:37.490024: Current learning rate: 0.0083
2026-06-13 20:06:59.987449: train_loss -0.6036
2026-06-13 20:06:59.990558: val_loss -0.2689
2026-06-13 20:06:59.991970: Pseudo dice [0.2033]
2026-06-13 20:06:59.993311: Epoch time: 22.5 s
2026-06-13 20:07:00.931729: 
2026-06-13 20:07:00.933290: Epoch 188
2026-06-13 20:07:00.934538: Current learning rate: 0.00829
2026-06-13 20:07:23.521366: train_loss -0.6045
2026-06-13 20:07:23.524333: val_loss -0.269
2026-06-13 20:07:23.525864: Pseudo dice [0.2611]
2026-06-13 20:07:23.527207: Epoch time: 22.59 s
2026-06-13 20:07:24.471036: 
2026-06-13 20:07:24.472739: Epoch 189
2026-06-13 20:07:24.474314: Current learning rate: 0.00828
2026-06-13 20:07:46.966227: train_loss -0.6156
2026-06-13 20:07:46.970193: val_loss -0.3969
2026-06-13 20:07:46.971820: Pseudo dice [0.3518]
2026-06-13 20:07:46.974263: Epoch time: 22.5 s
2026-06-13 20:07:47.934288: 
2026-06-13 20:07:47.936521: Epoch 190
2026-06-13 20:07:47.938201: Current learning rate: 0.00827
2026-06-13 20:08:10.556250: train_loss -0.6039
2026-06-13 20:08:10.558769: val_loss -0.1838
2026-06-13 20:08:10.559981: Pseudo dice [0.1777]
2026-06-13 20:08:10.561333: Epoch time: 22.62 s
2026-06-13 20:08:11.516425: 
2026-06-13 20:08:11.517864: Epoch 191
2026-06-13 20:08:11.519150: Current learning rate: 0.00826
2026-06-13 20:08:34.124079: train_loss -0.5755
2026-06-13 20:08:34.126419: val_loss -0.2359
2026-06-13 20:08:34.128147: Pseudo dice [0.2188]
2026-06-13 20:08:34.129671: Epoch time: 22.61 s
2026-06-13 20:08:35.084653: 
2026-06-13 20:08:35.086092: Epoch 192
2026-06-13 20:08:35.087306: Current learning rate: 0.00825
2026-06-13 20:08:57.600347: train_loss -0.6242
2026-06-13 20:08:57.603320: val_loss -0.4592
2026-06-13 20:08:57.604688: Pseudo dice [0.3413]
2026-06-13 20:08:57.606107: Epoch time: 22.52 s
2026-06-13 20:08:58.574054: 
2026-06-13 20:08:58.575784: Epoch 193
2026-06-13 20:08:58.577086: Current learning rate: 0.00824
2026-06-13 20:09:21.018430: train_loss -0.6073
2026-06-13 20:09:21.021930: val_loss -0.2591
2026-06-13 20:09:21.023605: Pseudo dice [0.2026]
2026-06-13 20:09:21.025259: Epoch time: 22.45 s
2026-06-13 20:09:21.978447: 
2026-06-13 20:09:21.980038: Epoch 194
2026-06-13 20:09:21.981837: Current learning rate: 0.00824
2026-06-13 20:09:44.559418: train_loss -0.6036
2026-06-13 20:09:44.562297: val_loss -0.1165
2026-06-13 20:09:44.563904: Pseudo dice [0.1582]
2026-06-13 20:09:44.565953: Epoch time: 22.58 s
2026-06-13 20:09:45.537484: 
2026-06-13 20:09:45.539092: Epoch 195
2026-06-13 20:09:45.540550: Current learning rate: 0.00823
2026-06-13 20:10:07.996092: train_loss -0.62
2026-06-13 20:10:07.999316: val_loss -0.1827
2026-06-13 20:10:08.000825: Pseudo dice [0.1836]
2026-06-13 20:10:08.002314: Epoch time: 22.46 s
2026-06-13 20:10:08.967725: 
2026-06-13 20:10:08.969169: Epoch 196
2026-06-13 20:10:08.970514: Current learning rate: 0.00822
2026-06-13 20:10:31.459752: train_loss -0.6314
2026-06-13 20:10:31.463044: val_loss -0.2932
2026-06-13 20:10:31.464494: Pseudo dice [0.2126]
2026-06-13 20:10:31.465832: Epoch time: 22.49 s
2026-06-13 20:10:32.430967: 
2026-06-13 20:10:32.432613: Epoch 197
2026-06-13 20:10:32.433918: Current learning rate: 0.00821
2026-06-13 20:10:54.846328: train_loss -0.6313
2026-06-13 20:10:54.849443: val_loss -0.2789
2026-06-13 20:10:54.850817: Pseudo dice [0.2055]
2026-06-13 20:10:54.852315: Epoch time: 22.42 s
2026-06-13 20:10:55.822671: 
2026-06-13 20:10:55.824286: Epoch 198
2026-06-13 20:10:55.825968: Current learning rate: 0.0082
2026-06-13 20:11:18.362465: train_loss -0.5828
2026-06-13 20:11:18.365706: val_loss -0.3447
2026-06-13 20:11:18.367021: Pseudo dice [0.2832]
2026-06-13 20:11:18.368592: Epoch time: 22.54 s
2026-06-13 20:11:19.320726: 
2026-06-13 20:11:19.322454: Epoch 199
2026-06-13 20:11:19.323963: Current learning rate: 0.00819
2026-06-13 20:11:41.892654: train_loss -0.6076
2026-06-13 20:11:41.895305: val_loss -0.2795
2026-06-13 20:11:41.896565: Pseudo dice [0.2734]
2026-06-13 20:11:41.897829: Epoch time: 22.57 s
2026-06-13 20:11:43.887638: 
2026-06-13 20:11:43.889172: Epoch 200
2026-06-13 20:11:43.890857: Current learning rate: 0.00818
2026-06-13 20:12:06.430850: train_loss -0.5985
2026-06-13 20:12:06.434909: val_loss -0.4175
2026-06-13 20:12:06.437160: Pseudo dice [0.3652]
2026-06-13 20:12:06.438735: Epoch time: 22.54 s
2026-06-13 20:12:07.398335: 
2026-06-13 20:12:07.400408: Epoch 201
2026-06-13 20:12:07.402084: Current learning rate: 0.00817
2026-06-13 20:12:30.033847: train_loss -0.6018
2026-06-13 20:12:30.037088: val_loss -0.2646
2026-06-13 20:12:30.038606: Pseudo dice [0.2078]
2026-06-13 20:12:30.039998: Epoch time: 22.64 s
2026-06-13 20:12:31.006112: 
2026-06-13 20:12:31.007721: Epoch 202
2026-06-13 20:12:31.009082: Current learning rate: 0.00816
2026-06-13 20:12:53.509060: train_loss -0.5982
2026-06-13 20:12:53.512062: val_loss -0.1437
2026-06-13 20:12:53.513655: Pseudo dice [0.1873]
2026-06-13 20:12:53.514915: Epoch time: 22.5 s
2026-06-13 20:12:54.466295: 
2026-06-13 20:12:54.467702: Epoch 203
2026-06-13 20:12:54.469072: Current learning rate: 0.00815
2026-06-13 20:13:17.144546: train_loss -0.6079
2026-06-13 20:13:17.147084: val_loss -0.162
2026-06-13 20:13:17.148453: Pseudo dice [0.1948]
2026-06-13 20:13:17.149711: Epoch time: 22.68 s
2026-06-13 20:13:18.107666: 
2026-06-13 20:13:18.109257: Epoch 204
2026-06-13 20:13:18.110542: Current learning rate: 0.00814
2026-06-13 20:13:40.546769: train_loss -0.6183
2026-06-13 20:13:40.553918: val_loss -0.109
2026-06-13 20:13:40.557151: Pseudo dice [0.1341]
2026-06-13 20:13:40.560612: Epoch time: 22.44 s
2026-06-13 20:13:41.531903: 
2026-06-13 20:13:41.533559: Epoch 205
2026-06-13 20:13:41.535279: Current learning rate: 0.00813
2026-06-13 20:14:04.063756: train_loss -0.6149
2026-06-13 20:14:04.068121: val_loss -0.4922
2026-06-13 20:14:04.069479: Pseudo dice [0.4512]
2026-06-13 20:14:04.070884: Epoch time: 22.53 s
2026-06-13 20:14:05.016465: 
2026-06-13 20:14:05.018079: Epoch 206
2026-06-13 20:14:05.019595: Current learning rate: 0.00813
2026-06-13 20:14:27.531832: train_loss -0.6203
2026-06-13 20:14:27.535136: val_loss -0.3671
2026-06-13 20:14:27.536825: Pseudo dice [0.2975]
2026-06-13 20:14:27.538573: Epoch time: 22.52 s
2026-06-13 20:14:28.481853: 
2026-06-13 20:14:28.483382: Epoch 207
2026-06-13 20:14:28.484724: Current learning rate: 0.00812
2026-06-13 20:14:51.071291: train_loss -0.6166
2026-06-13 20:14:51.073999: val_loss -0.3288
2026-06-13 20:14:51.075329: Pseudo dice [0.2473]
2026-06-13 20:14:51.076733: Epoch time: 22.59 s
2026-06-13 20:14:52.009879: 
2026-06-13 20:14:52.022274: Epoch 208
2026-06-13 20:14:52.025842: Current learning rate: 0.00811
2026-06-13 20:15:14.601669: train_loss -0.6318
2026-06-13 20:15:14.604504: val_loss -0.4337
2026-06-13 20:15:14.605868: Pseudo dice [0.3789]
2026-06-13 20:15:14.607230: Epoch time: 22.59 s
2026-06-13 20:15:15.542653: 
2026-06-13 20:15:15.544335: Epoch 209
2026-06-13 20:15:15.545780: Current learning rate: 0.0081
2026-06-13 20:15:38.076149: train_loss -0.638
2026-06-13 20:15:38.081333: val_loss -0.2468
2026-06-13 20:15:38.084760: Pseudo dice [0.2379]
2026-06-13 20:15:38.088215: Epoch time: 22.53 s
2026-06-13 20:15:39.033921: 
2026-06-13 20:15:39.036042: Epoch 210
2026-06-13 20:15:39.037419: Current learning rate: 0.00809
2026-06-13 20:16:01.497785: train_loss -0.6344
2026-06-13 20:16:01.501583: val_loss -0.4326
2026-06-13 20:16:01.503215: Pseudo dice [0.3754]
2026-06-13 20:16:01.504508: Epoch time: 22.46 s
2026-06-13 20:16:02.450999: 
2026-06-13 20:16:02.452564: Epoch 211
2026-06-13 20:16:02.454193: Current learning rate: 0.00808
2026-06-13 20:16:24.950368: train_loss -0.6287
2026-06-13 20:16:24.953268: val_loss -0.3814
2026-06-13 20:16:24.954738: Pseudo dice [0.3251]
2026-06-13 20:16:24.956158: Epoch time: 22.5 s
2026-06-13 20:16:25.896859: 
2026-06-13 20:16:25.898554: Epoch 212
2026-06-13 20:16:25.900364: Current learning rate: 0.00807
2026-06-13 20:16:48.430926: train_loss -0.6291
2026-06-13 20:16:48.433784: val_loss -0.3212
2026-06-13 20:16:48.435487: Pseudo dice [0.2637]
2026-06-13 20:16:48.437118: Epoch time: 22.53 s
2026-06-13 20:16:49.412063: 
2026-06-13 20:16:49.416339: Epoch 213
2026-06-13 20:16:49.418630: Current learning rate: 0.00806
2026-06-13 20:17:11.894942: train_loss -0.6299
2026-06-13 20:17:11.898913: val_loss -0.1083
2026-06-13 20:17:11.901001: Pseudo dice [0.1459]
2026-06-13 20:17:11.903178: Epoch time: 22.48 s
2026-06-13 20:17:12.858009: 
2026-06-13 20:17:12.860334: Epoch 214
2026-06-13 20:17:12.861904: Current learning rate: 0.00805
2026-06-13 20:17:35.428860: train_loss -0.6321
2026-06-13 20:17:35.431727: val_loss -0.3006
2026-06-13 20:17:35.433360: Pseudo dice [0.272]
2026-06-13 20:17:35.434950: Epoch time: 22.57 s
2026-06-13 20:17:36.408484: 
2026-06-13 20:17:36.410228: Epoch 215
2026-06-13 20:17:36.411496: Current learning rate: 0.00804
2026-06-13 20:17:58.890577: train_loss -0.6197
2026-06-13 20:17:58.896937: val_loss -0.1209
2026-06-13 20:17:58.900552: Pseudo dice [0.1724]
2026-06-13 20:17:58.902432: Epoch time: 22.48 s
2026-06-13 20:17:59.845750: 
2026-06-13 20:17:59.848342: Epoch 216
2026-06-13 20:17:59.850403: Current learning rate: 0.00803
2026-06-13 20:18:22.353227: train_loss -0.6123
2026-06-13 20:18:22.356561: val_loss -0.2025
2026-06-13 20:18:22.358007: Pseudo dice [0.2115]
2026-06-13 20:18:22.359766: Epoch time: 22.51 s
2026-06-13 20:18:23.308727: 
2026-06-13 20:18:23.310293: Epoch 217
2026-06-13 20:18:23.311685: Current learning rate: 0.00802
2026-06-13 20:18:45.847994: train_loss -0.6247
2026-06-13 20:18:45.852169: val_loss -0.4297
2026-06-13 20:18:45.853968: Pseudo dice [0.4043]
2026-06-13 20:18:45.855648: Epoch time: 22.54 s
2026-06-13 20:18:47.364581: 
2026-06-13 20:18:47.366625: Epoch 218
2026-06-13 20:18:47.368790: Current learning rate: 0.00801
2026-06-13 20:19:09.855551: train_loss -0.6289
2026-06-13 20:19:09.859251: val_loss -0.3448
2026-06-13 20:19:09.860920: Pseudo dice [0.2756]
2026-06-13 20:19:09.862286: Epoch time: 22.49 s
2026-06-13 20:19:10.806158: 
2026-06-13 20:19:10.808721: Epoch 219
2026-06-13 20:19:10.810690: Current learning rate: 0.00801
2026-06-13 20:19:33.466899: train_loss -0.6312
2026-06-13 20:19:33.470831: val_loss -0.2367
2026-06-13 20:19:33.472825: Pseudo dice [0.2166]
2026-06-13 20:19:33.474902: Epoch time: 22.66 s
2026-06-13 20:19:34.413812: 
2026-06-13 20:19:34.416282: Epoch 220
2026-06-13 20:19:34.417825: Current learning rate: 0.008
2026-06-13 20:19:56.985054: train_loss -0.6614
2026-06-13 20:19:56.988814: val_loss -0.2071
2026-06-13 20:19:56.991008: Pseudo dice [0.2018]
2026-06-13 20:19:56.993239: Epoch time: 22.57 s
2026-06-13 20:19:57.932667: 
2026-06-13 20:19:57.934681: Epoch 221
2026-06-13 20:19:57.936620: Current learning rate: 0.00799
2026-06-13 20:20:20.623615: train_loss -0.6368
2026-06-13 20:20:20.626209: val_loss -0.0117
2026-06-13 20:20:20.627783: Pseudo dice [0.1368]
2026-06-13 20:20:20.629501: Epoch time: 22.69 s
2026-06-13 20:20:21.571771: 
2026-06-13 20:20:21.573507: Epoch 222
2026-06-13 20:20:21.574959: Current learning rate: 0.00798
2026-06-13 20:20:44.049567: train_loss -0.644
2026-06-13 20:20:44.053154: val_loss -0.3195
2026-06-13 20:20:44.055179: Pseudo dice [0.2855]
2026-06-13 20:20:44.056952: Epoch time: 22.48 s
2026-06-13 20:20:44.990085: 
2026-06-13 20:20:44.991703: Epoch 223
2026-06-13 20:20:44.993126: Current learning rate: 0.00797
2026-06-13 20:21:07.639215: train_loss -0.6028
2026-06-13 20:21:07.643974: val_loss -0.2441
2026-06-13 20:21:07.648135: Pseudo dice [0.2193]
2026-06-13 20:21:07.651609: Epoch time: 22.65 s
2026-06-13 20:21:08.589727: 
2026-06-13 20:21:08.591708: Epoch 224
2026-06-13 20:21:08.593291: Current learning rate: 0.00796
2026-06-13 20:21:31.227318: train_loss -0.6343
2026-06-13 20:21:31.231769: val_loss -0.1901
2026-06-13 20:21:31.233710: Pseudo dice [0.2042]
2026-06-13 20:21:31.236011: Epoch time: 22.64 s
2026-06-13 20:21:32.183792: 
2026-06-13 20:21:32.185377: Epoch 225
2026-06-13 20:21:32.186908: Current learning rate: 0.00795
2026-06-13 20:21:54.846538: train_loss -0.6085
2026-06-13 20:21:54.849685: val_loss -0.219
2026-06-13 20:21:54.851385: Pseudo dice [0.2095]
2026-06-13 20:21:54.852959: Epoch time: 22.66 s
2026-06-13 20:21:55.776435: 
2026-06-13 20:21:55.778016: Epoch 226
2026-06-13 20:21:55.779516: Current learning rate: 0.00794
2026-06-13 20:22:18.272244: train_loss -0.6014
2026-06-13 20:22:18.275780: val_loss -0.1609
2026-06-13 20:22:18.277551: Pseudo dice [0.1734]
2026-06-13 20:22:18.279024: Epoch time: 22.5 s
2026-06-13 20:22:19.211443: 
2026-06-13 20:22:19.213073: Epoch 227
2026-06-13 20:22:19.214782: Current learning rate: 0.00793
2026-06-13 20:22:41.743916: train_loss -0.6309
2026-06-13 20:22:41.755300: val_loss -0.2307
2026-06-13 20:22:41.760559: Pseudo dice [0.1991]
2026-06-13 20:22:41.763065: Epoch time: 22.53 s
2026-06-13 20:22:42.691424: 
2026-06-13 20:22:42.692911: Epoch 228
2026-06-13 20:22:42.694332: Current learning rate: 0.00792
2026-06-13 20:23:05.362025: train_loss -0.6254
2026-06-13 20:23:05.367118: val_loss -0.3733
2026-06-13 20:23:05.369986: Pseudo dice [0.3372]
2026-06-13 20:23:05.372349: Epoch time: 22.67 s
2026-06-13 20:23:06.302784: 
2026-06-13 20:23:06.305350: Epoch 229
2026-06-13 20:23:06.307046: Current learning rate: 0.00791
2026-06-13 20:23:28.782053: train_loss -0.5908
2026-06-13 20:23:28.784895: val_loss -0.3155
2026-06-13 20:23:28.786287: Pseudo dice [0.2531]
2026-06-13 20:23:28.787947: Epoch time: 22.48 s
2026-06-13 20:23:29.711933: 
2026-06-13 20:23:29.713435: Epoch 230
2026-06-13 20:23:29.714817: Current learning rate: 0.0079
2026-06-13 20:23:52.233031: train_loss -0.6307
2026-06-13 20:23:52.236719: val_loss 0.0757
2026-06-13 20:23:52.238244: Pseudo dice [0.1059]
2026-06-13 20:23:52.240083: Epoch time: 22.52 s
2026-06-13 20:23:53.171010: 
2026-06-13 20:23:53.172662: Epoch 231
2026-06-13 20:23:53.174251: Current learning rate: 0.00789
2026-06-13 20:24:15.750575: train_loss -0.639
2026-06-13 20:24:15.753832: val_loss -0.4892
2026-06-13 20:24:15.755348: Pseudo dice [0.387]
2026-06-13 20:24:15.756886: Epoch time: 22.58 s
2026-06-13 20:24:16.675391: 
2026-06-13 20:24:16.676884: Epoch 232
2026-06-13 20:24:16.678399: Current learning rate: 0.00789
2026-06-13 20:24:39.289520: train_loss -0.6489
2026-06-13 20:24:39.308079: val_loss -0.2886
2026-06-13 20:24:39.310193: Pseudo dice [0.2399]
2026-06-13 20:24:39.313531: Epoch time: 22.62 s
2026-06-13 20:24:40.238843: 
2026-06-13 20:24:40.240586: Epoch 233
2026-06-13 20:24:40.242296: Current learning rate: 0.00788
2026-06-13 20:25:02.799328: train_loss -0.6173
2026-06-13 20:25:02.803802: val_loss -0.1513
2026-06-13 20:25:02.811273: Pseudo dice [0.1911]
2026-06-13 20:25:02.813479: Epoch time: 22.56 s
2026-06-13 20:25:03.741185: 
2026-06-13 20:25:03.743497: Epoch 234
2026-06-13 20:25:03.745540: Current learning rate: 0.00787
2026-06-13 20:25:26.344069: train_loss -0.6271
2026-06-13 20:25:26.347168: val_loss -0.3573
2026-06-13 20:25:26.348802: Pseudo dice [0.3024]
2026-06-13 20:25:26.350229: Epoch time: 22.6 s
2026-06-13 20:25:27.287421: 
2026-06-13 20:25:27.288924: Epoch 235
2026-06-13 20:25:27.290275: Current learning rate: 0.00786
2026-06-13 20:25:49.849001: train_loss -0.6411
2026-06-13 20:25:49.851740: val_loss -0.2942
2026-06-13 20:25:49.853466: Pseudo dice [0.2181]
2026-06-13 20:25:49.854906: Epoch time: 22.56 s
2026-06-13 20:25:51.319131: 
2026-06-13 20:25:51.320814: Epoch 236
2026-06-13 20:25:51.322274: Current learning rate: 0.00785
2026-06-13 20:26:14.027497: train_loss -0.6192
2026-06-13 20:26:14.030561: val_loss -0.2687
2026-06-13 20:26:14.032325: Pseudo dice [0.2463]
2026-06-13 20:26:14.033947: Epoch time: 22.71 s
2026-06-13 20:26:14.958602: 
2026-06-13 20:26:14.960152: Epoch 237
2026-06-13 20:26:14.961603: Current learning rate: 0.00784
2026-06-13 20:26:37.554182: train_loss -0.6095
2026-06-13 20:26:37.559669: val_loss -0.4835
2026-06-13 20:26:37.561211: Pseudo dice [0.4857]
2026-06-13 20:26:37.562788: Epoch time: 22.6 s
2026-06-13 20:26:38.491847: 
2026-06-13 20:26:38.493800: Epoch 238
2026-06-13 20:26:38.495604: Current learning rate: 0.00783
2026-06-13 20:27:01.022316: train_loss -0.6417
2026-06-13 20:27:01.028763: val_loss -0.4346
2026-06-13 20:27:01.031845: Pseudo dice [0.3256]
2026-06-13 20:27:01.035230: Epoch time: 22.53 s
2026-06-13 20:27:01.972222: 
2026-06-13 20:27:01.973938: Epoch 239
2026-06-13 20:27:01.975442: Current learning rate: 0.00782
2026-06-13 20:27:24.513733: train_loss -0.6412
2026-06-13 20:27:24.516703: val_loss -0.0957
2026-06-13 20:27:24.518155: Pseudo dice [0.1925]
2026-06-13 20:27:24.519638: Epoch time: 22.54 s
2026-06-13 20:27:25.455330: 
2026-06-13 20:27:25.457041: Epoch 240
2026-06-13 20:27:25.458697: Current learning rate: 0.00781
2026-06-13 20:27:47.993664: train_loss -0.6257
2026-06-13 20:27:47.996817: val_loss -0.4899
2026-06-13 20:27:47.998171: Pseudo dice [0.497]
2026-06-13 20:27:47.999746: Epoch time: 22.54 s
2026-06-13 20:27:48.932448: 
2026-06-13 20:27:48.933923: Epoch 241
2026-06-13 20:27:48.935199: Current learning rate: 0.0078
2026-06-13 20:28:11.512010: train_loss -0.6525
2026-06-13 20:28:11.515796: val_loss -0.2745
2026-06-13 20:28:11.518263: Pseudo dice [0.2559]
2026-06-13 20:28:11.520041: Epoch time: 22.58 s
2026-06-13 20:28:12.462889: 
2026-06-13 20:28:12.464982: Epoch 242
2026-06-13 20:28:12.466538: Current learning rate: 0.00779
2026-06-13 20:28:35.066282: train_loss -0.6065
2026-06-13 20:28:35.069304: val_loss -0.0829
2026-06-13 20:28:35.071080: Pseudo dice [0.1931]
2026-06-13 20:28:35.072729: Epoch time: 22.6 s
2026-06-13 20:28:36.016980: 
2026-06-13 20:28:36.018581: Epoch 243
2026-06-13 20:28:36.020139: Current learning rate: 0.00778
2026-06-13 20:28:58.658708: train_loss -0.6108
2026-06-13 20:28:58.663422: val_loss -0.1213
2026-06-13 20:28:58.666099: Pseudo dice [0.184]
2026-06-13 20:28:58.667969: Epoch time: 22.64 s
2026-06-13 20:28:59.602723: 
2026-06-13 20:28:59.605153: Epoch 244
2026-06-13 20:28:59.607486: Current learning rate: 0.00777
2026-06-13 20:29:22.165072: train_loss -0.5932
2026-06-13 20:29:22.169524: val_loss -0.123
2026-06-13 20:29:22.170951: Pseudo dice [0.1505]
2026-06-13 20:29:22.172396: Epoch time: 22.56 s
2026-06-13 20:29:23.108011: 
2026-06-13 20:29:23.109866: Epoch 245
2026-06-13 20:29:23.112091: Current learning rate: 0.00777
2026-06-13 20:29:45.723188: train_loss -0.5978
2026-06-13 20:29:45.726165: val_loss -0.2201
2026-06-13 20:29:45.728017: Pseudo dice [0.2309]
2026-06-13 20:29:45.729332: Epoch time: 22.62 s
2026-06-13 20:29:46.670634: 
2026-06-13 20:29:46.672148: Epoch 246
2026-06-13 20:29:46.673512: Current learning rate: 0.00776
2026-06-13 20:30:09.153940: train_loss -0.6557
2026-06-13 20:30:09.157493: val_loss -0.1595
2026-06-13 20:30:09.158900: Pseudo dice [0.1789]
2026-06-13 20:30:09.160310: Epoch time: 22.48 s
2026-06-13 20:30:10.097206: 
2026-06-13 20:30:10.098623: Epoch 247
2026-06-13 20:30:10.100095: Current learning rate: 0.00775
2026-06-13 20:30:32.576161: train_loss -0.6385
2026-06-13 20:30:32.579006: val_loss -0.5149
2026-06-13 20:30:32.580417: Pseudo dice [0.5263]
2026-06-13 20:30:32.581709: Epoch time: 22.48 s
2026-06-13 20:30:33.521221: 
2026-06-13 20:30:33.522920: Epoch 248
2026-06-13 20:30:33.524562: Current learning rate: 0.00774
2026-06-13 20:30:56.215155: train_loss -0.6476
2026-06-13 20:30:56.218231: val_loss -0.2903
2026-06-13 20:30:56.219747: Pseudo dice [0.2631]
2026-06-13 20:30:56.221447: Epoch time: 22.69 s
2026-06-13 20:30:57.161690: 
2026-06-13 20:30:57.163605: Epoch 249
2026-06-13 20:30:57.165410: Current learning rate: 0.00773
2026-06-13 20:31:19.757368: train_loss -0.6562
2026-06-13 20:31:19.761947: val_loss -0.1763
2026-06-13 20:31:19.763610: Pseudo dice [0.2104]
2026-06-13 20:31:19.765072: Epoch time: 22.6 s
2026-06-13 20:31:21.190607: 
2026-06-13 20:31:21.195204: Epoch 250
2026-06-13 20:31:21.198132: Current learning rate: 0.00772
2026-06-13 20:31:43.789317: train_loss -0.6392
2026-06-13 20:31:43.799744: val_loss -0.4352
2026-06-13 20:31:43.804676: Pseudo dice [0.3605]
2026-06-13 20:31:43.809177: Epoch time: 22.6 s
2026-06-13 20:31:44.787022: 
2026-06-13 20:31:44.802444: Epoch 251
2026-06-13 20:31:44.815884: Current learning rate: 0.00771
2026-06-13 20:32:07.509860: train_loss -0.6238
2026-06-13 20:32:07.512796: val_loss -0.4584
2026-06-13 20:32:07.514604: Pseudo dice [0.3814]
2026-06-13 20:32:07.516162: Epoch time: 22.72 s
2026-06-13 20:32:08.462594: 
2026-06-13 20:32:08.464557: Epoch 252
2026-06-13 20:32:08.466222: Current learning rate: 0.0077
2026-06-13 20:32:31.057286: train_loss -0.6348
2026-06-13 20:32:31.066165: val_loss -0.3793
2026-06-13 20:32:31.068993: Pseudo dice [0.3121]
2026-06-13 20:32:31.071441: Epoch time: 22.6 s
2026-06-13 20:32:32.016610: 
2026-06-13 20:32:32.018374: Epoch 253
2026-06-13 20:32:32.020719: Current learning rate: 0.00769
2026-06-13 20:32:54.735362: train_loss -0.6189
2026-06-13 20:32:54.738176: val_loss -0.4779
2026-06-13 20:32:54.739866: Pseudo dice [0.3545]
2026-06-13 20:32:54.741473: Epoch time: 22.72 s
2026-06-13 20:32:56.234646: 
2026-06-13 20:32:56.236188: Epoch 254
2026-06-13 20:32:56.237633: Current learning rate: 0.00768
2026-06-13 20:33:18.805477: train_loss -0.6388
2026-06-13 20:33:18.808425: val_loss -0.2545
2026-06-13 20:33:18.809722: Pseudo dice [0.2375]
2026-06-13 20:33:18.811420: Epoch time: 22.57 s
2026-06-13 20:33:19.744028: 
2026-06-13 20:33:19.745934: Epoch 255
2026-06-13 20:33:19.747365: Current learning rate: 0.00767
2026-06-13 20:33:42.401211: train_loss -0.6201
2026-06-13 20:33:42.406508: val_loss -0.399
2026-06-13 20:33:42.408570: Pseudo dice [0.2952]
2026-06-13 20:33:42.410859: Epoch time: 22.66 s
2026-06-13 20:33:43.356773: 
2026-06-13 20:33:43.358339: Epoch 256
2026-06-13 20:33:43.359894: Current learning rate: 0.00766
2026-06-13 20:34:05.988460: train_loss -0.6464
2026-06-13 20:34:05.993804: val_loss -0.0082
2026-06-13 20:34:05.995387: Pseudo dice [0.1052]
2026-06-13 20:34:05.996735: Epoch time: 22.63 s
2026-06-13 20:34:06.932327: 
2026-06-13 20:34:06.934485: Epoch 257
2026-06-13 20:34:06.936189: Current learning rate: 0.00765
2026-06-13 20:34:29.634100: train_loss -0.6194
2026-06-13 20:34:29.637918: val_loss -0.4234
2026-06-13 20:34:29.641196: Pseudo dice [0.4518]
2026-06-13 20:34:29.646617: Epoch time: 22.7 s
2026-06-13 20:34:30.585231: 
2026-06-13 20:34:30.586898: Epoch 258
2026-06-13 20:34:30.588445: Current learning rate: 0.00764
2026-06-13 20:34:53.259048: train_loss -0.6138
2026-06-13 20:34:53.262625: val_loss 0.0804
2026-06-13 20:34:53.264238: Pseudo dice [0.1208]
2026-06-13 20:34:53.265623: Epoch time: 22.67 s
2026-06-13 20:34:54.217886: 
2026-06-13 20:34:54.219516: Epoch 259
2026-06-13 20:34:54.221011: Current learning rate: 0.00764
2026-06-13 20:35:16.727517: train_loss -0.6211
2026-06-13 20:35:16.730363: val_loss -0.3244
2026-06-13 20:35:16.732081: Pseudo dice [0.2522]
2026-06-13 20:35:16.733720: Epoch time: 22.51 s
2026-06-13 20:35:17.671529: 
2026-06-13 20:35:17.673020: Epoch 260
2026-06-13 20:35:17.674596: Current learning rate: 0.00763
2026-06-13 20:35:40.288411: train_loss -0.6269
2026-06-13 20:35:40.291093: val_loss -0.2354
2026-06-13 20:35:40.292737: Pseudo dice [0.2047]
2026-06-13 20:35:40.294279: Epoch time: 22.62 s
2026-06-13 20:35:41.238061: 
2026-06-13 20:35:41.239708: Epoch 261
2026-06-13 20:35:41.241097: Current learning rate: 0.00762
2026-06-13 20:36:03.857235: train_loss -0.6475
2026-06-13 20:36:03.859983: val_loss -0.4821
2026-06-13 20:36:03.861376: Pseudo dice [0.3876]
2026-06-13 20:36:03.863105: Epoch time: 22.62 s
2026-06-13 20:36:04.817500: 
2026-06-13 20:36:04.818956: Epoch 262
2026-06-13 20:36:04.820408: Current learning rate: 0.00761
2026-06-13 20:36:27.303337: train_loss -0.6315
2026-06-13 20:36:27.306054: val_loss -0.1454
2026-06-13 20:36:27.307599: Pseudo dice [0.1704]
2026-06-13 20:36:27.309034: Epoch time: 22.49 s
2026-06-13 20:36:28.270356: 
2026-06-13 20:36:28.272050: Epoch 263
2026-06-13 20:36:28.273729: Current learning rate: 0.0076
2026-06-13 20:36:50.909328: train_loss -0.6253
2026-06-13 20:36:50.927236: val_loss -0.0057
2026-06-13 20:36:50.930340: Pseudo dice [0.1417]
2026-06-13 20:36:50.932389: Epoch time: 22.64 s
2026-06-13 20:36:51.894042: 
2026-06-13 20:36:51.898350: Epoch 264
2026-06-13 20:36:51.902323: Current learning rate: 0.00759
2026-06-13 20:37:14.598550: train_loss -0.6233
2026-06-13 20:37:14.601786: val_loss -0.0878
2026-06-13 20:37:14.603294: Pseudo dice [0.1808]
2026-06-13 20:37:14.604878: Epoch time: 22.71 s
2026-06-13 20:37:15.567343: 
2026-06-13 20:37:15.569625: Epoch 265
2026-06-13 20:37:15.571353: Current learning rate: 0.00758
2026-06-13 20:37:38.258561: train_loss -0.6246
2026-06-13 20:37:38.261212: val_loss -0.2707
2026-06-13 20:37:38.263097: Pseudo dice [0.2659]
2026-06-13 20:37:38.264581: Epoch time: 22.69 s
2026-06-13 20:37:39.210680: 
2026-06-13 20:37:39.212033: Epoch 266
2026-06-13 20:37:39.213558: Current learning rate: 0.00757
2026-06-13 20:38:01.768501: train_loss -0.6253
2026-06-13 20:38:01.771208: val_loss -0.1317
2026-06-13 20:38:01.772702: Pseudo dice [0.1496]
2026-06-13 20:38:01.774059: Epoch time: 22.56 s
2026-06-13 20:38:02.725795: 
2026-06-13 20:38:02.727355: Epoch 267
2026-06-13 20:38:02.728779: Current learning rate: 0.00756
2026-06-13 20:38:25.267764: train_loss -0.606
2026-06-13 20:38:25.270538: val_loss -0.2912
2026-06-13 20:38:25.271954: Pseudo dice [0.2247]
2026-06-13 20:38:25.273456: Epoch time: 22.54 s
2026-06-13 20:38:26.234372: 
2026-06-13 20:38:26.236848: Epoch 268
2026-06-13 20:38:26.240072: Current learning rate: 0.00755
2026-06-13 20:38:48.758180: train_loss -0.6389
2026-06-13 20:38:48.769821: val_loss 0.0906
2026-06-13 20:38:48.772431: Pseudo dice [0.1228]
2026-06-13 20:38:48.774308: Epoch time: 22.52 s
2026-06-13 20:38:49.729443: 
2026-06-13 20:38:49.731207: Epoch 269
2026-06-13 20:38:49.732928: Current learning rate: 0.00754
2026-06-13 20:39:12.258664: train_loss -0.6399
2026-06-13 20:39:12.261516: val_loss -0.4419
2026-06-13 20:39:12.263207: Pseudo dice [0.3409]
2026-06-13 20:39:12.264907: Epoch time: 22.53 s
2026-06-13 20:39:13.227106: 
2026-06-13 20:39:13.228858: Epoch 270
2026-06-13 20:39:13.230729: Current learning rate: 0.00753
2026-06-13 20:39:35.921557: train_loss -0.619
2026-06-13 20:39:35.924999: val_loss -0.2779
2026-06-13 20:39:35.926749: Pseudo dice [0.2741]
2026-06-13 20:39:35.928294: Epoch time: 22.7 s
2026-06-13 20:39:36.877023: 
2026-06-13 20:39:36.878866: Epoch 271
2026-06-13 20:39:36.880334: Current learning rate: 0.00752
2026-06-13 20:39:59.538836: train_loss -0.6295
2026-06-13 20:39:59.541743: val_loss -0.2495
2026-06-13 20:39:59.543298: Pseudo dice [0.1866]
2026-06-13 20:39:59.544796: Epoch time: 22.66 s
2026-06-13 20:40:01.054870: 
2026-06-13 20:40:01.056540: Epoch 272
2026-06-13 20:40:01.058017: Current learning rate: 0.00751
2026-06-13 20:40:23.588234: train_loss -0.6408
2026-06-13 20:40:23.591280: val_loss -0.4592
2026-06-13 20:40:23.592824: Pseudo dice [0.392]
2026-06-13 20:40:23.594336: Epoch time: 22.53 s
2026-06-13 20:40:24.541897: 
2026-06-13 20:40:24.543468: Epoch 273
2026-06-13 20:40:24.544824: Current learning rate: 0.00751
2026-06-13 20:40:47.115890: train_loss -0.6138
2026-06-13 20:40:47.119040: val_loss -0.3342
2026-06-13 20:40:47.120711: Pseudo dice [0.3371]
2026-06-13 20:40:47.122125: Epoch time: 22.57 s
2026-06-13 20:40:48.074998: 
2026-06-13 20:40:48.077075: Epoch 274
2026-06-13 20:40:48.078485: Current learning rate: 0.0075
2026-06-13 20:41:10.674323: train_loss -0.6126
2026-06-13 20:41:10.677471: val_loss -0.483
2026-06-13 20:41:10.679870: Pseudo dice [0.4843]
2026-06-13 20:41:10.681371: Epoch time: 22.6 s
2026-06-13 20:41:11.627141: 
2026-06-13 20:41:11.628709: Epoch 275
2026-06-13 20:41:11.630266: Current learning rate: 0.00749
2026-06-13 20:41:34.278102: train_loss -0.6327
2026-06-13 20:41:34.280902: val_loss -0.1168
2026-06-13 20:41:34.282939: Pseudo dice [0.1512]
2026-06-13 20:41:34.284556: Epoch time: 22.65 s
2026-06-13 20:41:35.239657: 
2026-06-13 20:41:35.241501: Epoch 276
2026-06-13 20:41:35.242803: Current learning rate: 0.00748
2026-06-13 20:41:57.937843: train_loss -0.619
2026-06-13 20:41:57.942994: val_loss -0.3891
2026-06-13 20:41:57.945202: Pseudo dice [0.3178]
2026-06-13 20:41:57.947621: Epoch time: 22.7 s
2026-06-13 20:41:58.905283: 
2026-06-13 20:41:58.906931: Epoch 277
2026-06-13 20:41:58.908227: Current learning rate: 0.00747
2026-06-13 20:42:21.554032: train_loss -0.6296
2026-06-13 20:42:21.557028: val_loss -0.2389
2026-06-13 20:42:21.558660: Pseudo dice [0.2395]
2026-06-13 20:42:21.560420: Epoch time: 22.65 s
2026-06-13 20:42:22.522985: 
2026-06-13 20:42:22.524779: Epoch 278
2026-06-13 20:42:22.526379: Current learning rate: 0.00746
2026-06-13 20:42:45.188003: train_loss -0.652
2026-06-13 20:42:45.190855: val_loss -0.0145
2026-06-13 20:42:45.192459: Pseudo dice [0.1259]
2026-06-13 20:42:45.194241: Epoch time: 22.67 s
2026-06-13 20:42:46.159799: 
2026-06-13 20:42:46.161566: Epoch 279
2026-06-13 20:42:46.163221: Current learning rate: 0.00745
2026-06-13 20:43:08.750202: train_loss -0.6565
2026-06-13 20:43:08.753369: val_loss -0.1243
2026-06-13 20:43:08.755240: Pseudo dice [0.1503]
2026-06-13 20:43:08.757298: Epoch time: 22.59 s
2026-06-13 20:43:09.860952: 
2026-06-13 20:43:09.862884: Epoch 280
2026-06-13 20:43:09.864658: Current learning rate: 0.00744
2026-06-13 20:43:32.450803: train_loss -0.6615
2026-06-13 20:43:32.453545: val_loss -0.0925
2026-06-13 20:43:32.455056: Pseudo dice [0.1564]
2026-06-13 20:43:32.456511: Epoch time: 22.59 s
2026-06-13 20:43:33.414494: 
2026-06-13 20:43:33.416119: Epoch 281
2026-06-13 20:43:33.417655: Current learning rate: 0.00743
2026-06-13 20:43:56.093982: train_loss -0.6595
2026-06-13 20:43:56.098627: val_loss -0.0408
2026-06-13 20:43:56.100201: Pseudo dice [0.136]
2026-06-13 20:43:56.101715: Epoch time: 22.68 s
2026-06-13 20:43:57.054884: 
2026-06-13 20:43:57.056900: Epoch 282
2026-06-13 20:43:57.059524: Current learning rate: 0.00742
2026-06-13 20:44:19.688736: train_loss -0.6309
2026-06-13 20:44:19.691614: val_loss -0.0254
2026-06-13 20:44:19.692993: Pseudo dice [0.1316]
2026-06-13 20:44:19.694321: Epoch time: 22.63 s
2026-06-13 20:44:20.730045: 
2026-06-13 20:44:20.732669: Epoch 283
2026-06-13 20:44:20.733945: Current learning rate: 0.00741
2026-06-13 20:44:43.393667: train_loss -0.6216
2026-06-13 20:44:43.396527: val_loss -0.3412
2026-06-13 20:44:43.397941: Pseudo dice [0.2758]
2026-06-13 20:44:43.399289: Epoch time: 22.66 s
2026-06-13 20:44:44.357836: 
2026-06-13 20:44:44.359427: Epoch 284
2026-06-13 20:44:44.360842: Current learning rate: 0.0074
2026-06-13 20:45:07.002574: train_loss -0.6526
2026-06-13 20:45:07.005392: val_loss -0.2602
2026-06-13 20:45:07.007088: Pseudo dice [0.2077]
2026-06-13 20:45:07.008427: Epoch time: 22.65 s
2026-06-13 20:45:08.345785: 
2026-06-13 20:45:08.347349: Epoch 285
2026-06-13 20:45:08.348757: Current learning rate: 0.00739
2026-06-13 20:45:30.974174: train_loss -0.6681
2026-06-13 20:45:30.986478: val_loss -0.0604
2026-06-13 20:45:30.988876: Pseudo dice [0.1437]
2026-06-13 20:45:30.990467: Epoch time: 22.63 s
2026-06-13 20:45:31.958768: 
2026-06-13 20:45:31.960428: Epoch 286
2026-06-13 20:45:31.962043: Current learning rate: 0.00738
2026-06-13 20:45:54.663899: train_loss -0.6607
2026-06-13 20:45:54.666967: val_loss -0.3246
2026-06-13 20:45:54.668531: Pseudo dice [0.2714]
2026-06-13 20:45:54.671333: Epoch time: 22.71 s
2026-06-13 20:45:55.639196: 
2026-06-13 20:45:55.643206: Epoch 287
2026-06-13 20:45:55.645167: Current learning rate: 0.00738
2026-06-13 20:46:18.308263: train_loss -0.6594
2026-06-13 20:46:18.311826: val_loss -0.3776
2026-06-13 20:46:18.313699: Pseudo dice [0.2721]
2026-06-13 20:46:18.315422: Epoch time: 22.67 s
2026-06-13 20:46:19.280537: 
2026-06-13 20:46:19.282535: Epoch 288
2026-06-13 20:46:19.284347: Current learning rate: 0.00737
2026-06-13 20:46:41.942413: train_loss -0.6444
2026-06-13 20:46:41.947874: val_loss -0.3173
2026-06-13 20:46:41.949399: Pseudo dice [0.2377]
2026-06-13 20:46:41.954477: Epoch time: 22.66 s
2026-06-13 20:46:43.477994: 
2026-06-13 20:46:43.480570: Epoch 289
2026-06-13 20:46:43.482729: Current learning rate: 0.00736
2026-06-13 20:47:06.116155: train_loss -0.6578
2026-06-13 20:47:06.119741: val_loss -0.2655
2026-06-13 20:47:06.121089: Pseudo dice [0.2396]
2026-06-13 20:47:06.122739: Epoch time: 22.64 s
2026-06-13 20:47:07.083223: 
2026-06-13 20:47:07.084709: Epoch 290
2026-06-13 20:47:07.086325: Current learning rate: 0.00735
2026-06-13 20:47:29.656118: train_loss -0.6655
2026-06-13 20:47:29.659919: val_loss -0.1925
2026-06-13 20:47:29.661653: Pseudo dice [0.1892]
2026-06-13 20:47:29.663276: Epoch time: 22.57 s
2026-06-13 20:47:30.623677: 
2026-06-13 20:47:30.630160: Epoch 291
2026-06-13 20:47:30.632794: Current learning rate: 0.00734
2026-06-13 20:47:53.370196: train_loss -0.6541
2026-06-13 20:47:53.373165: val_loss -0.3485
2026-06-13 20:47:53.374855: Pseudo dice [0.2631]
2026-06-13 20:47:53.376760: Epoch time: 22.75 s
2026-06-13 20:47:54.340290: 
2026-06-13 20:47:54.341967: Epoch 292
2026-06-13 20:47:54.343518: Current learning rate: 0.00733
2026-06-13 20:48:16.959752: train_loss -0.6524
2026-06-13 20:48:16.962352: val_loss -0.0309
2026-06-13 20:48:16.963787: Pseudo dice [0.1387]
2026-06-13 20:48:16.965353: Epoch time: 22.62 s
2026-06-13 20:48:17.939382: 
2026-06-13 20:48:17.941384: Epoch 293
2026-06-13 20:48:17.944727: Current learning rate: 0.00732
2026-06-13 20:48:40.597701: train_loss -0.6223
2026-06-13 20:48:40.600389: val_loss -0.4881
2026-06-13 20:48:40.601970: Pseudo dice [0.497]
2026-06-13 20:48:40.603608: Epoch time: 22.66 s
2026-06-13 20:48:41.579878: 
2026-06-13 20:48:41.581532: Epoch 294
2026-06-13 20:48:41.582937: Current learning rate: 0.00731
2026-06-13 20:49:04.128141: train_loss -0.6486
2026-06-13 20:49:04.131353: val_loss -0.0088
2026-06-13 20:49:04.133039: Pseudo dice [0.1472]
2026-06-13 20:49:04.134531: Epoch time: 22.55 s
2026-06-13 20:49:05.110181: 
2026-06-13 20:49:05.111859: Epoch 295
2026-06-13 20:49:05.113171: Current learning rate: 0.0073
2026-06-13 20:49:27.744201: train_loss -0.6506
2026-06-13 20:49:27.746877: val_loss -0.2565
2026-06-13 20:49:27.748532: Pseudo dice [0.2401]
2026-06-13 20:49:27.751103: Epoch time: 22.63 s
2026-06-13 20:49:28.720308: 
2026-06-13 20:49:28.721807: Epoch 296
2026-06-13 20:49:28.723277: Current learning rate: 0.00729
2026-06-13 20:49:51.387264: train_loss -0.6275
2026-06-13 20:49:51.391128: val_loss -0.223
2026-06-13 20:49:51.392791: Pseudo dice [0.1791]
2026-06-13 20:49:51.394303: Epoch time: 22.67 s
2026-06-13 20:49:52.363547: 
2026-06-13 20:49:52.365985: Epoch 297
2026-06-13 20:49:52.367535: Current learning rate: 0.00728
2026-06-13 20:50:15.006034: train_loss -0.595
2026-06-13 20:50:15.009475: val_loss -0.2392
2026-06-13 20:50:15.011099: Pseudo dice [0.2144]
2026-06-13 20:50:15.012381: Epoch time: 22.64 s
2026-06-13 20:50:15.976684: 
2026-06-13 20:50:15.978151: Epoch 298
2026-06-13 20:50:15.979506: Current learning rate: 0.00727
2026-06-13 20:50:38.575595: train_loss -0.6187
2026-06-13 20:50:38.580227: val_loss -0.2495
2026-06-13 20:50:38.582132: Pseudo dice [0.2101]
2026-06-13 20:50:38.584115: Epoch time: 22.6 s
2026-06-13 20:50:39.552667: 
2026-06-13 20:50:39.554504: Epoch 299
2026-06-13 20:50:39.556105: Current learning rate: 0.00726
2026-06-13 20:51:02.192492: train_loss -0.6345
2026-06-13 20:51:02.195780: val_loss -0.264
2026-06-13 20:51:02.197428: Pseudo dice [0.1812]
2026-06-13 20:51:02.199493: Epoch time: 22.64 s
2026-06-13 20:51:03.652174: 
2026-06-13 20:51:03.653973: Epoch 300
2026-06-13 20:51:03.655489: Current learning rate: 0.00725
2026-06-13 20:51:26.254911: train_loss -0.6454
2026-06-13 20:51:26.257718: val_loss -0.0941
2026-06-13 20:51:26.259219: Pseudo dice [0.1358]
2026-06-13 20:51:26.260762: Epoch time: 22.6 s
2026-06-13 20:51:27.229149: 
2026-06-13 20:51:27.230578: Epoch 301
2026-06-13 20:51:27.231877: Current learning rate: 0.00724
2026-06-13 20:51:49.865036: train_loss -0.6411
2026-06-13 20:51:49.868479: val_loss -0.5305
2026-06-13 20:51:49.870010: Pseudo dice [0.5427]
2026-06-13 20:51:49.871600: Epoch time: 22.64 s
2026-06-13 20:51:50.835831: 
2026-06-13 20:51:50.837600: Epoch 302
2026-06-13 20:51:50.839221: Current learning rate: 0.00724
2026-06-13 20:52:13.440096: train_loss -0.626
2026-06-13 20:52:13.442792: val_loss -0.2167
2026-06-13 20:52:13.444308: Pseudo dice [0.2044]
2026-06-13 20:52:13.445689: Epoch time: 22.61 s
2026-06-13 20:52:14.412849: 
2026-06-13 20:52:14.414553: Epoch 303
2026-06-13 20:52:14.416024: Current learning rate: 0.00723
2026-06-13 20:52:37.075591: train_loss -0.6625
2026-06-13 20:52:37.080897: val_loss -0.0244
2026-06-13 20:52:37.083944: Pseudo dice [0.1387]
2026-06-13 20:52:37.086503: Epoch time: 22.66 s
2026-06-13 20:52:38.051301: 
2026-06-13 20:52:38.052958: Epoch 304
2026-06-13 20:52:38.054392: Current learning rate: 0.00722
2026-06-13 20:53:00.597096: train_loss -0.66
2026-06-13 20:53:00.599780: val_loss -0.5135
2026-06-13 20:53:00.601195: Pseudo dice [0.5211]
2026-06-13 20:53:00.602409: Epoch time: 22.55 s
2026-06-13 20:53:01.576182: 
2026-06-13 20:53:01.577599: Epoch 305
2026-06-13 20:53:01.578976: Current learning rate: 0.00721
2026-06-13 20:53:24.125314: train_loss -0.6858
2026-06-13 20:53:24.128902: val_loss -0.3516
2026-06-13 20:53:24.131464: Pseudo dice [0.2726]
2026-06-13 20:53:24.134009: Epoch time: 22.55 s
2026-06-13 20:53:25.114515: 
2026-06-13 20:53:25.116701: Epoch 306
2026-06-13 20:53:25.118628: Current learning rate: 0.0072
2026-06-13 20:53:47.691754: train_loss -0.6589
2026-06-13 20:53:47.695328: val_loss -0.2743
2026-06-13 20:53:47.696857: Pseudo dice [0.2112]
2026-06-13 20:53:47.698442: Epoch time: 22.58 s
2026-06-13 20:53:49.230233: 
2026-06-13 20:53:49.231812: Epoch 307
2026-06-13 20:53:49.233517: Current learning rate: 0.00719
2026-06-13 20:54:11.801545: train_loss -0.681
2026-06-13 20:54:11.805141: val_loss -0.2605
2026-06-13 20:54:11.806566: Pseudo dice [0.203]
2026-06-13 20:54:11.807997: Epoch time: 22.57 s
2026-06-13 20:54:12.782822: 
2026-06-13 20:54:12.784667: Epoch 308
2026-06-13 20:54:12.786062: Current learning rate: 0.00718
2026-06-13 20:54:35.411103: train_loss -0.6548
2026-06-13 20:54:35.413519: val_loss 0.0783
2026-06-13 20:54:35.415086: Pseudo dice [0.1111]
2026-06-13 20:54:35.416352: Epoch time: 22.63 s
2026-06-13 20:54:36.379001: 
2026-06-13 20:54:36.380681: Epoch 309
2026-06-13 20:54:36.382236: Current learning rate: 0.00717
2026-06-13 20:54:58.960022: train_loss -0.6471
2026-06-13 20:54:58.963302: val_loss 0.0661
2026-06-13 20:54:58.964886: Pseudo dice [0.1194]
2026-06-13 20:54:58.966311: Epoch time: 22.58 s
2026-06-13 20:54:59.925220: 
2026-06-13 20:54:59.926947: Epoch 310
2026-06-13 20:54:59.928272: Current learning rate: 0.00716
2026-06-13 20:55:22.529414: train_loss -0.6727
2026-06-13 20:55:22.532042: val_loss -0.2148
2026-06-13 20:55:22.533451: Pseudo dice [0.2082]
2026-06-13 20:55:22.535110: Epoch time: 22.61 s
2026-06-13 20:55:23.496944: 
2026-06-13 20:55:23.498444: Epoch 311
2026-06-13 20:55:23.499825: Current learning rate: 0.00715
2026-06-13 20:55:46.112608: train_loss -0.6805
2026-06-13 20:55:46.115734: val_loss -0.2228
2026-06-13 20:55:46.117225: Pseudo dice [0.1944]
2026-06-13 20:55:46.118626: Epoch time: 22.62 s
2026-06-13 20:55:47.101140: 
2026-06-13 20:55:47.102719: Epoch 312
2026-06-13 20:55:47.104065: Current learning rate: 0.00714
2026-06-13 20:56:09.671033: train_loss -0.6846
2026-06-13 20:56:09.673774: val_loss -0.2742
2026-06-13 20:56:09.675043: Pseudo dice [0.2291]
2026-06-13 20:56:09.676373: Epoch time: 22.57 s
2026-06-13 20:56:10.646748: 
2026-06-13 20:56:10.650540: Epoch 313
2026-06-13 20:56:10.652961: Current learning rate: 0.00713
2026-06-13 20:56:33.322663: train_loss -0.6573
2026-06-13 20:56:33.325699: val_loss -0.0774
2026-06-13 20:56:33.327249: Pseudo dice [0.1428]
2026-06-13 20:56:33.330464: Epoch time: 22.68 s
2026-06-13 20:56:34.330903: 
2026-06-13 20:56:34.332381: Epoch 314
2026-06-13 20:56:34.333814: Current learning rate: 0.00712
2026-06-13 20:56:56.971309: train_loss -0.67
2026-06-13 20:56:56.974154: val_loss -0.322
2026-06-13 20:56:56.976552: Pseudo dice [0.2623]
2026-06-13 20:56:56.978352: Epoch time: 22.64 s
2026-06-13 20:56:57.956565: 
2026-06-13 20:56:57.959380: Epoch 315
2026-06-13 20:56:57.961679: Current learning rate: 0.00711
2026-06-13 20:57:20.536427: train_loss -0.6515
2026-06-13 20:57:20.539507: val_loss -0.2539
2026-06-13 20:57:20.540877: Pseudo dice [0.2234]
2026-06-13 20:57:20.542245: Epoch time: 22.58 s
2026-06-13 20:57:21.526164: 
2026-06-13 20:57:21.528272: Epoch 316
2026-06-13 20:57:21.530178: Current learning rate: 0.0071
2026-06-13 20:57:44.062292: train_loss -0.6564
2026-06-13 20:57:44.065339: val_loss -0.204
2026-06-13 20:57:44.066709: Pseudo dice [0.1872]
2026-06-13 20:57:44.068182: Epoch time: 22.54 s
2026-06-13 20:57:45.041337: 
2026-06-13 20:57:45.042711: Epoch 317
2026-06-13 20:57:45.044231: Current learning rate: 0.0071
2026-06-13 20:58:07.625411: train_loss -0.6322
2026-06-13 20:58:07.628002: val_loss 0.1103
2026-06-13 20:58:07.630189: Pseudo dice [0.1092]
2026-06-13 20:58:07.632199: Epoch time: 22.58 s
2026-06-13 20:58:08.606562: 
2026-06-13 20:58:08.608252: Epoch 318
2026-06-13 20:58:08.609612: Current learning rate: 0.00709
2026-06-13 20:58:31.147750: train_loss -0.6603
2026-06-13 20:58:31.151319: val_loss -0.3489
2026-06-13 20:58:31.153013: Pseudo dice [0.2902]
2026-06-13 20:58:31.154318: Epoch time: 22.54 s
2026-06-13 20:58:32.131378: 
2026-06-13 20:58:32.132841: Epoch 319
2026-06-13 20:58:32.134011: Current learning rate: 0.00708
2026-06-13 20:58:54.669493: train_loss -0.6295
2026-06-13 20:58:54.672553: val_loss -0.2426
2026-06-13 20:58:54.675109: Pseudo dice [0.2059]
2026-06-13 20:58:54.676844: Epoch time: 22.54 s
2026-06-13 20:58:55.652929: 
2026-06-13 20:58:55.654820: Epoch 320
2026-06-13 20:58:55.657393: Current learning rate: 0.00707
2026-06-13 20:59:18.230324: train_loss -0.6684
2026-06-13 20:59:18.232627: val_loss -0.2228
2026-06-13 20:59:18.234049: Pseudo dice [0.2113]
2026-06-13 20:59:18.235338: Epoch time: 22.58 s
2026-06-13 20:59:19.211915: 
2026-06-13 20:59:19.213221: Epoch 321
2026-06-13 20:59:19.214508: Current learning rate: 0.00706
2026-06-13 20:59:41.626673: train_loss -0.6561
2026-06-13 20:59:41.629230: val_loss -0.2101
2026-06-13 20:59:41.630606: Pseudo dice [0.2051]
2026-06-13 20:59:41.631887: Epoch time: 22.42 s
2026-06-13 20:59:42.601098: 
2026-06-13 20:59:42.602720: Epoch 322
2026-06-13 20:59:42.604130: Current learning rate: 0.00705
2026-06-13 21:00:05.222633: train_loss -0.6624
2026-06-13 21:00:05.227538: val_loss -0.0586
2026-06-13 21:00:05.228929: Pseudo dice [0.1481]
2026-06-13 21:00:05.230242: Epoch time: 22.62 s
2026-06-13 21:00:06.212170: 
2026-06-13 21:00:06.213870: Epoch 323
2026-06-13 21:00:06.215382: Current learning rate: 0.00704
2026-06-13 21:00:28.740928: train_loss -0.6479
2026-06-13 21:00:28.744717: val_loss -0.3289
2026-06-13 21:00:28.748726: Pseudo dice [0.3347]
2026-06-13 21:00:28.751289: Epoch time: 22.53 s
2026-06-13 21:00:30.291549: 
2026-06-13 21:00:30.293250: Epoch 324
2026-06-13 21:00:30.294780: Current learning rate: 0.00703
2026-06-13 21:00:52.834106: train_loss -0.679
2026-06-13 21:00:52.838291: val_loss 0.1493
2026-06-13 21:00:52.840133: Pseudo dice [0.0997]
2026-06-13 21:00:52.842142: Epoch time: 22.54 s
2026-06-13 21:00:53.805523: 
2026-06-13 21:00:53.810768: Epoch 325
2026-06-13 21:00:53.812199: Current learning rate: 0.00702
2026-06-13 21:01:16.361501: train_loss -0.6612
2026-06-13 21:01:16.364087: val_loss -0.0822
2026-06-13 21:01:16.365778: Pseudo dice [0.1543]
2026-06-13 21:01:16.367189: Epoch time: 22.56 s
2026-06-13 21:01:17.339303: 
2026-06-13 21:01:17.341095: Epoch 326
2026-06-13 21:01:17.342484: Current learning rate: 0.00701
2026-06-13 21:01:39.909785: train_loss -0.6292
2026-06-13 21:01:39.913608: val_loss -0.4358
2026-06-13 21:01:39.915595: Pseudo dice [0.4305]
2026-06-13 21:01:39.917266: Epoch time: 22.57 s
2026-06-13 21:01:40.900756: 
2026-06-13 21:01:40.902645: Epoch 327
2026-06-13 21:01:40.904238: Current learning rate: 0.007
2026-06-13 21:02:03.441210: train_loss -0.6464
2026-06-13 21:02:03.444100: val_loss -0.3293
2026-06-13 21:02:03.445702: Pseudo dice [0.2875]
2026-06-13 21:02:03.447235: Epoch time: 22.54 s
2026-06-13 21:02:04.425974: 
2026-06-13 21:02:04.427516: Epoch 328
2026-06-13 21:02:04.429291: Current learning rate: 0.00699
2026-06-13 21:02:26.982136: train_loss -0.6502
2026-06-13 21:02:26.987443: val_loss -0.3274
2026-06-13 21:02:26.988960: Pseudo dice [0.2684]
2026-06-13 21:02:26.990426: Epoch time: 22.56 s
2026-06-13 21:02:27.968062: 
2026-06-13 21:02:27.970109: Epoch 329
2026-06-13 21:02:27.971547: Current learning rate: 0.00698
2026-06-13 21:02:50.462002: train_loss -0.6545
2026-06-13 21:02:50.464778: val_loss -0.2918
2026-06-13 21:02:50.466569: Pseudo dice [0.2825]
2026-06-13 21:02:50.468009: Epoch time: 22.49 s
2026-06-13 21:02:51.439141: 
2026-06-13 21:02:51.443096: Epoch 330
2026-06-13 21:02:51.444635: Current learning rate: 0.00697
2026-06-13 21:03:14.038310: train_loss -0.6711
2026-06-13 21:03:14.043407: val_loss -0.1997
2026-06-13 21:03:14.044937: Pseudo dice [0.2111]
2026-06-13 21:03:14.046387: Epoch time: 22.6 s
2026-06-13 21:03:15.039053: 
2026-06-13 21:03:15.042280: Epoch 331
2026-06-13 21:03:15.045063: Current learning rate: 0.00696
2026-06-13 21:03:37.577800: train_loss -0.6464
2026-06-13 21:03:37.581431: val_loss -0.3574
2026-06-13 21:03:37.583269: Pseudo dice [0.2316]
2026-06-13 21:03:37.585124: Epoch time: 22.54 s
2026-06-13 21:03:38.560995: 
2026-06-13 21:03:38.566846: Epoch 332
2026-06-13 21:03:38.570871: Current learning rate: 0.00696
2026-06-13 21:04:01.162354: train_loss -0.6216
2026-06-13 21:04:01.165153: val_loss -0.3659
2026-06-13 21:04:01.166666: Pseudo dice [0.3141]
2026-06-13 21:04:01.168045: Epoch time: 22.6 s
2026-06-13 21:04:02.139448: 
2026-06-13 21:04:02.141333: Epoch 333
2026-06-13 21:04:02.143574: Current learning rate: 0.00695
2026-06-13 21:04:24.642421: train_loss -0.66
2026-06-13 21:04:24.645448: val_loss 0.113
2026-06-13 21:04:24.647015: Pseudo dice [0.1264]
2026-06-13 21:04:24.648860: Epoch time: 22.5 s
2026-06-13 21:04:25.623567: 
2026-06-13 21:04:25.625211: Epoch 334
2026-06-13 21:04:25.626818: Current learning rate: 0.00694
2026-06-13 21:04:48.178464: train_loss -0.6419
2026-06-13 21:04:48.181926: val_loss -0.1354
2026-06-13 21:04:48.183912: Pseudo dice [0.1871]
2026-06-13 21:04:48.185656: Epoch time: 22.56 s
2026-06-13 21:04:49.172107: 
2026-06-13 21:04:49.175156: Epoch 335
2026-06-13 21:04:49.177962: Current learning rate: 0.00693
2026-06-13 21:05:11.745927: train_loss -0.6511
2026-06-13 21:05:11.750006: val_loss 0.2038
2026-06-13 21:05:11.752589: Pseudo dice [0.0988]
2026-06-13 21:05:11.754340: Epoch time: 22.57 s
2026-06-13 21:05:12.745663: 
2026-06-13 21:05:12.747127: Epoch 336
2026-06-13 21:05:12.748491: Current learning rate: 0.00692
2026-06-13 21:05:35.286500: train_loss -0.6535
2026-06-13 21:05:35.290037: val_loss -0.1852
2026-06-13 21:05:35.291698: Pseudo dice [0.2109]
2026-06-13 21:05:35.293453: Epoch time: 22.54 s
2026-06-13 21:05:36.276935: 
2026-06-13 21:05:36.278650: Epoch 337
2026-06-13 21:05:36.280277: Current learning rate: 0.00691
2026-06-13 21:05:58.812227: train_loss -0.6506
2026-06-13 21:05:58.815012: val_loss -0.3332
2026-06-13 21:05:58.816674: Pseudo dice [0.2849]
2026-06-13 21:05:58.818121: Epoch time: 22.54 s
2026-06-13 21:05:59.812486: 
2026-06-13 21:05:59.814040: Epoch 338
2026-06-13 21:05:59.815538: Current learning rate: 0.0069
2026-06-13 21:06:22.313809: train_loss -0.6693
2026-06-13 21:06:22.316750: val_loss -0.3534
2026-06-13 21:06:22.318260: Pseudo dice [0.2758]
2026-06-13 21:06:22.319594: Epoch time: 22.5 s
2026-06-13 21:06:23.314031: 
2026-06-13 21:06:23.315570: Epoch 339
2026-06-13 21:06:23.317042: Current learning rate: 0.00689
2026-06-13 21:06:45.865541: train_loss -0.6726
2026-06-13 21:06:45.868473: val_loss -0.5154
2026-06-13 21:06:45.869892: Pseudo dice [0.5535]
2026-06-13 21:06:45.871176: Epoch time: 22.55 s
2026-06-13 21:06:46.861557: 
2026-06-13 21:06:46.862910: Epoch 340
2026-06-13 21:06:46.864203: Current learning rate: 0.00688
2026-06-13 21:07:09.468807: train_loss -0.6657
2026-06-13 21:07:09.471797: val_loss -0.3686
2026-06-13 21:07:09.473162: Pseudo dice [0.2519]
2026-06-13 21:07:09.474548: Epoch time: 22.61 s
2026-06-13 21:07:11.024668: 
2026-06-13 21:07:11.026602: Epoch 341
2026-06-13 21:07:11.028080: Current learning rate: 0.00687
2026-06-13 21:07:33.636259: train_loss -0.6706
2026-06-13 21:07:33.639153: val_loss -0.5355
2026-06-13 21:07:33.640970: Pseudo dice [0.5547]
2026-06-13 21:07:33.643196: Epoch time: 22.61 s
2026-06-13 21:07:34.623628: 
2026-06-13 21:07:34.625127: Epoch 342
2026-06-13 21:07:34.626515: Current learning rate: 0.00686
2026-06-13 21:07:57.351377: train_loss -0.6727
2026-06-13 21:07:57.355836: val_loss -0.3069
2026-06-13 21:07:57.358430: Pseudo dice [0.2541]
2026-06-13 21:07:57.360041: Epoch time: 22.73 s
2026-06-13 21:07:58.350656: 
2026-06-13 21:07:58.352547: Epoch 343
2026-06-13 21:07:58.355204: Current learning rate: 0.00685
2026-06-13 21:08:20.900887: train_loss -0.6676
2026-06-13 21:08:20.906265: val_loss -0.1962
2026-06-13 21:08:20.908177: Pseudo dice [0.2072]
2026-06-13 21:08:20.910163: Epoch time: 22.55 s
2026-06-13 21:08:21.891322: 
2026-06-13 21:08:21.893399: Epoch 344
2026-06-13 21:08:21.895591: Current learning rate: 0.00684
2026-06-13 21:08:44.610801: train_loss -0.6631
2026-06-13 21:08:44.614660: val_loss -0.2931
2026-06-13 21:08:44.616563: Pseudo dice [0.2662]
2026-06-13 21:08:44.619501: Epoch time: 22.72 s
2026-06-13 21:08:45.597008: 
2026-06-13 21:08:45.598986: Epoch 345
2026-06-13 21:08:45.601106: Current learning rate: 0.00683
2026-06-13 21:09:08.228162: train_loss -0.6612
2026-06-13 21:09:08.231251: val_loss -0.1416
2026-06-13 21:09:08.232663: Pseudo dice [0.1694]
2026-06-13 21:09:08.234366: Epoch time: 22.63 s
2026-06-13 21:09:09.226099: 
2026-06-13 21:09:09.228141: Epoch 346
2026-06-13 21:09:09.229850: Current learning rate: 0.00682
2026-06-13 21:09:31.838942: train_loss -0.6759
2026-06-13 21:09:31.841507: val_loss -0.5166
2026-06-13 21:09:31.843158: Pseudo dice [0.5487]
2026-06-13 21:09:31.844408: Epoch time: 22.61 s
2026-06-13 21:09:32.831498: 
2026-06-13 21:09:32.832954: Epoch 347
2026-06-13 21:09:32.834255: Current learning rate: 0.00681
2026-06-13 21:09:55.448830: train_loss -0.6653
2026-06-13 21:09:55.451536: val_loss -0.3213
2026-06-13 21:09:55.452915: Pseudo dice [0.2806]
2026-06-13 21:09:55.454476: Epoch time: 22.62 s
2026-06-13 21:09:56.447703: 
2026-06-13 21:09:56.449060: Epoch 348
2026-06-13 21:09:56.450787: Current learning rate: 0.0068
2026-06-13 21:10:19.115640: train_loss -0.6724
2026-06-13 21:10:19.120204: val_loss -0.0402
2026-06-13 21:10:19.122372: Pseudo dice [0.1376]
2026-06-13 21:10:19.124963: Epoch time: 22.67 s
2026-06-13 21:10:20.119713: 
2026-06-13 21:10:20.121497: Epoch 349
2026-06-13 21:10:20.123040: Current learning rate: 0.0068
2026-06-13 21:10:42.718591: train_loss -0.6593
2026-06-13 21:10:42.721728: val_loss -0.1183
2026-06-13 21:10:42.723622: Pseudo dice [0.1663]
2026-06-13 21:10:42.725166: Epoch time: 22.6 s
2026-06-13 21:10:44.197776: 
2026-06-13 21:10:44.199722: Epoch 350
2026-06-13 21:10:44.201189: Current learning rate: 0.00679
2026-06-13 21:11:06.728599: train_loss -0.6911
2026-06-13 21:11:06.731966: val_loss -0.5181
2026-06-13 21:11:06.733546: Pseudo dice [0.5447]
2026-06-13 21:11:06.735148: Epoch time: 22.53 s
2026-06-13 21:11:07.737689: 
2026-06-13 21:11:07.739451: Epoch 351
2026-06-13 21:11:07.742029: Current learning rate: 0.00678
2026-06-13 21:11:30.451078: train_loss -0.6453
2026-06-13 21:11:30.453858: val_loss -0.2462
2026-06-13 21:11:30.455780: Pseudo dice [0.2266]
2026-06-13 21:11:30.457337: Epoch time: 22.71 s
2026-06-13 21:11:31.443583: 
2026-06-13 21:11:31.445268: Epoch 352
2026-06-13 21:11:31.447052: Current learning rate: 0.00677
2026-06-13 21:11:53.978189: train_loss -0.6725
2026-06-13 21:11:53.981644: val_loss -0.2946
2026-06-13 21:11:53.983283: Pseudo dice [0.2384]
2026-06-13 21:11:53.985280: Epoch time: 22.54 s
2026-06-13 21:11:54.969682: 
2026-06-13 21:11:54.971261: Epoch 353
2026-06-13 21:11:54.972589: Current learning rate: 0.00676
2026-06-13 21:12:17.575521: train_loss -0.6778
2026-06-13 21:12:17.578125: val_loss 0.0938
2026-06-13 21:12:17.579540: Pseudo dice [0.1214]
2026-06-13 21:12:17.582417: Epoch time: 22.61 s
2026-06-13 21:12:18.619843: 
2026-06-13 21:12:18.621513: Epoch 354
2026-06-13 21:12:18.622899: Current learning rate: 0.00675
2026-06-13 21:12:41.061900: train_loss -0.6632
2026-06-13 21:12:41.064652: val_loss -0.215
2026-06-13 21:12:41.065930: Pseudo dice [0.2141]
2026-06-13 21:12:41.067399: Epoch time: 22.44 s
2026-06-13 21:12:42.064759: 
2026-06-13 21:12:42.066694: Epoch 355
2026-06-13 21:12:42.068135: Current learning rate: 0.00674
2026-06-13 21:13:04.631408: train_loss -0.6708
2026-06-13 21:13:04.634488: val_loss -0.2091
2026-06-13 21:13:04.636496: Pseudo dice [0.2145]
2026-06-13 21:13:04.637971: Epoch time: 22.57 s
2026-06-13 21:13:05.641880: 
2026-06-13 21:13:05.643312: Epoch 356
2026-06-13 21:13:05.644664: Current learning rate: 0.00673
2026-06-13 21:13:28.249129: train_loss -0.678
2026-06-13 21:13:28.251661: val_loss -0.1656
2026-06-13 21:13:28.253585: Pseudo dice [0.217]
2026-06-13 21:13:28.256229: Epoch time: 22.61 s
2026-06-13 21:13:29.253426: 
2026-06-13 21:13:29.254841: Epoch 357
2026-06-13 21:13:29.256184: Current learning rate: 0.00672
2026-06-13 21:13:51.975914: train_loss -0.6774
2026-06-13 21:13:51.978875: val_loss -0.16
2026-06-13 21:13:51.980384: Pseudo dice [0.1806]
2026-06-13 21:13:51.981772: Epoch time: 22.72 s
2026-06-13 21:13:53.533528: 
2026-06-13 21:13:53.539391: Epoch 358
2026-06-13 21:13:53.543187: Current learning rate: 0.00671
2026-06-13 21:14:16.268687: train_loss -0.6897
2026-06-13 21:14:16.271159: val_loss -0.4172
2026-06-13 21:14:16.272644: Pseudo dice [0.3145]
2026-06-13 21:14:16.273948: Epoch time: 22.74 s
2026-06-13 21:14:17.260812: 
2026-06-13 21:14:17.262267: Epoch 359
2026-06-13 21:14:17.263829: Current learning rate: 0.0067
2026-06-13 21:14:39.959629: train_loss -0.66
2026-06-13 21:14:39.968226: val_loss -0.316
2026-06-13 21:14:39.973587: Pseudo dice [0.2749]
2026-06-13 21:14:39.981645: Epoch time: 22.7 s
2026-06-13 21:14:40.987920: 
2026-06-13 21:14:40.989527: Epoch 360
2026-06-13 21:14:40.990958: Current learning rate: 0.00669
2026-06-13 21:15:03.677776: train_loss -0.6811
2026-06-13 21:15:03.680763: val_loss -0.0818
2026-06-13 21:15:03.682400: Pseudo dice [0.1853]
2026-06-13 21:15:03.683982: Epoch time: 22.69 s
2026-06-13 21:15:04.690513: 
2026-06-13 21:15:04.692151: Epoch 361
2026-06-13 21:15:04.693702: Current learning rate: 0.00668
2026-06-13 21:15:27.296747: train_loss -0.6739
2026-06-13 21:15:27.299614: val_loss -0.0403
2026-06-13 21:15:27.301121: Pseudo dice [0.1463]
2026-06-13 21:15:27.302575: Epoch time: 22.61 s
2026-06-13 21:15:28.298844: 
2026-06-13 21:15:28.300509: Epoch 362
2026-06-13 21:15:28.301995: Current learning rate: 0.00667
2026-06-13 21:15:50.925465: train_loss -0.6941
2026-06-13 21:15:50.929363: val_loss -0.2206
2026-06-13 21:15:50.931873: Pseudo dice [0.213]
2026-06-13 21:15:50.933812: Epoch time: 22.63 s
2026-06-13 21:15:51.956628: 
2026-06-13 21:15:51.958691: Epoch 363
2026-06-13 21:15:51.960623: Current learning rate: 0.00666
2026-06-13 21:16:14.617676: train_loss -0.6821
2026-06-13 21:16:14.620397: val_loss -0.5215
2026-06-13 21:16:14.621730: Pseudo dice [0.534]
2026-06-13 21:16:14.623342: Epoch time: 22.66 s
2026-06-13 21:16:15.626107: 
2026-06-13 21:16:15.629394: Epoch 364
2026-06-13 21:16:15.631304: Current learning rate: 0.00665
2026-06-13 21:16:38.320706: train_loss -0.6623
2026-06-13 21:16:38.324745: val_loss -0.22
2026-06-13 21:16:38.326575: Pseudo dice [0.2348]
2026-06-13 21:16:38.328527: Epoch time: 22.7 s
2026-06-13 21:16:39.355974: 
2026-06-13 21:16:39.358729: Epoch 365
2026-06-13 21:16:39.361053: Current learning rate: 0.00665
2026-06-13 21:17:01.934484: train_loss -0.6641
2026-06-13 21:17:01.937524: val_loss -0.0629
2026-06-13 21:17:01.938931: Pseudo dice [0.1449]
2026-06-13 21:17:01.940480: Epoch time: 22.58 s
2026-06-13 21:17:02.950583: 
2026-06-13 21:17:02.952173: Epoch 366
2026-06-13 21:17:02.953514: Current learning rate: 0.00664
2026-06-13 21:17:25.515047: train_loss -0.6572
2026-06-13 21:17:25.518369: val_loss -0.3847
2026-06-13 21:17:25.519902: Pseudo dice [0.3677]
2026-06-13 21:17:25.521147: Epoch time: 22.57 s
2026-06-13 21:17:26.531687: 
2026-06-13 21:17:26.533197: Epoch 367
2026-06-13 21:17:26.534594: Current learning rate: 0.00663
2026-06-13 21:17:49.052755: train_loss -0.6688
2026-06-13 21:17:49.055517: val_loss -0.3665
2026-06-13 21:17:49.057017: Pseudo dice [0.3132]
2026-06-13 21:17:49.058506: Epoch time: 22.52 s
2026-06-13 21:17:50.078863: 
2026-06-13 21:17:50.080475: Epoch 368
2026-06-13 21:17:50.082045: Current learning rate: 0.00662
2026-06-13 21:18:12.588677: train_loss -0.6693
2026-06-13 21:18:12.591613: val_loss -0.1563
2026-06-13 21:18:12.593127: Pseudo dice [0.1773]
2026-06-13 21:18:12.594525: Epoch time: 22.51 s
2026-06-13 21:18:13.618739: 
2026-06-13 21:18:13.621433: Epoch 369
2026-06-13 21:18:13.623253: Current learning rate: 0.00661
2026-06-13 21:18:36.319421: train_loss -0.6543
2026-06-13 21:18:36.323494: val_loss -0.4612
2026-06-13 21:18:36.325988: Pseudo dice [0.453]
2026-06-13 21:18:36.328092: Epoch time: 22.7 s
2026-06-13 21:18:37.351686: 
2026-06-13 21:18:37.353199: Epoch 370
2026-06-13 21:18:37.354610: Current learning rate: 0.0066
2026-06-13 21:18:59.906949: train_loss -0.652
2026-06-13 21:18:59.909849: val_loss -0.1456
2026-06-13 21:18:59.911312: Pseudo dice [0.2146]
2026-06-13 21:18:59.912824: Epoch time: 22.56 s
2026-06-13 21:19:00.915188: 
2026-06-13 21:19:00.917311: Epoch 371
2026-06-13 21:19:00.919380: Current learning rate: 0.00659
2026-06-13 21:19:23.516885: train_loss -0.64
2026-06-13 21:19:23.520222: val_loss -0.3054
2026-06-13 21:19:23.521711: Pseudo dice [0.2388]
2026-06-13 21:19:23.523010: Epoch time: 22.6 s
2026-06-13 21:19:24.540701: 
2026-06-13 21:19:24.542645: Epoch 372
2026-06-13 21:19:24.544341: Current learning rate: 0.00658
2026-06-13 21:19:47.228340: train_loss -0.6579
2026-06-13 21:19:47.231498: val_loss -0.3121
2026-06-13 21:19:47.233098: Pseudo dice [0.2306]
2026-06-13 21:19:47.234571: Epoch time: 22.69 s
2026-06-13 21:19:48.254678: 
2026-06-13 21:19:48.256245: Epoch 373
2026-06-13 21:19:48.257763: Current learning rate: 0.00657
2026-06-13 21:20:10.795071: train_loss -0.667
2026-06-13 21:20:10.798213: val_loss -0.0662
2026-06-13 21:20:10.799867: Pseudo dice [0.1466]
2026-06-13 21:20:10.801524: Epoch time: 22.54 s
2026-06-13 21:20:11.819593: 
2026-06-13 21:20:11.821653: Epoch 374
2026-06-13 21:20:11.823114: Current learning rate: 0.00656
2026-06-13 21:20:34.394764: train_loss -0.6625
2026-06-13 21:20:34.397533: val_loss -0.5632
2026-06-13 21:20:34.398837: Pseudo dice [0.55]
2026-06-13 21:20:34.400747: Epoch time: 22.58 s
2026-06-13 21:20:35.967967: 
2026-06-13 21:20:35.969578: Epoch 375
2026-06-13 21:20:35.971173: Current learning rate: 0.00655
2026-06-13 21:20:58.541781: train_loss -0.669
2026-06-13 21:20:58.545564: val_loss -0.3078
2026-06-13 21:20:58.547313: Pseudo dice [0.2525]
2026-06-13 21:20:58.548874: Epoch time: 22.57 s
2026-06-13 21:20:59.569222: 
2026-06-13 21:20:59.570794: Epoch 376
2026-06-13 21:20:59.572055: Current learning rate: 0.00654
2026-06-13 21:21:22.146257: train_loss -0.654
2026-06-13 21:21:22.155148: val_loss -0.5048
2026-06-13 21:21:22.156633: Pseudo dice [0.5566]
2026-06-13 21:21:22.157997: Epoch time: 22.58 s
2026-06-13 21:21:22.159296: Yayy! New best EMA pseudo Dice: 0.307
2026-06-13 21:21:23.664648: 
2026-06-13 21:21:23.666692: Epoch 377
2026-06-13 21:21:23.668232: Current learning rate: 0.00653
2026-06-13 21:21:46.245223: train_loss -0.6529
2026-06-13 21:21:46.248047: val_loss -0.285
2026-06-13 21:21:46.249495: Pseudo dice [0.2094]
2026-06-13 21:21:46.250923: Epoch time: 22.58 s
2026-06-13 21:21:47.270514: 
2026-06-13 21:21:47.272123: Epoch 378
2026-06-13 21:21:47.273796: Current learning rate: 0.00652
2026-06-13 21:22:09.912803: train_loss -0.6669
2026-06-13 21:22:09.915855: val_loss -0.2939
2026-06-13 21:22:09.917203: Pseudo dice [0.2904]
2026-06-13 21:22:09.918782: Epoch time: 22.64 s
2026-06-13 21:22:10.925468: 
2026-06-13 21:22:10.927040: Epoch 379
2026-06-13 21:22:10.928545: Current learning rate: 0.00651
2026-06-13 21:22:33.584424: train_loss -0.664
2026-06-13 21:22:33.587108: val_loss -0.4173
2026-06-13 21:22:33.588583: Pseudo dice [0.3308]
2026-06-13 21:22:33.589720: Epoch time: 22.66 s
2026-06-13 21:22:34.597571: 
2026-06-13 21:22:34.598946: Epoch 380
2026-06-13 21:22:34.600252: Current learning rate: 0.0065
2026-06-13 21:22:57.200046: train_loss -0.6762
2026-06-13 21:22:57.203258: val_loss 0.0411
2026-06-13 21:22:57.204537: Pseudo dice [0.1391]
2026-06-13 21:22:57.206078: Epoch time: 22.6 s
2026-06-13 21:22:58.237033: 
2026-06-13 21:22:58.238862: Epoch 381
2026-06-13 21:22:58.240833: Current learning rate: 0.00649
2026-06-13 21:23:20.840071: train_loss -0.6876
2026-06-13 21:23:20.843359: val_loss -0.2908
2026-06-13 21:23:20.845154: Pseudo dice [0.2145]
2026-06-13 21:23:20.846834: Epoch time: 22.6 s
2026-06-13 21:23:21.868050: 
2026-06-13 21:23:21.869873: Epoch 382
2026-06-13 21:23:21.871222: Current learning rate: 0.00648
2026-06-13 21:23:44.476107: train_loss -0.6673
2026-06-13 21:23:44.479009: val_loss -0.5472
2026-06-13 21:23:44.480532: Pseudo dice [0.5583]
2026-06-13 21:23:44.482059: Epoch time: 22.61 s
2026-06-13 21:23:45.499658: 
2026-06-13 21:23:45.501214: Epoch 383
2026-06-13 21:23:45.502555: Current learning rate: 0.00648
2026-06-13 21:24:08.104287: train_loss -0.6813
2026-06-13 21:24:08.106989: val_loss -0.3349
2026-06-13 21:24:08.108369: Pseudo dice [0.278]
2026-06-13 21:24:08.109765: Epoch time: 22.61 s
2026-06-13 21:24:09.131577: 
2026-06-13 21:24:09.133292: Epoch 384
2026-06-13 21:24:09.134647: Current learning rate: 0.00647
2026-06-13 21:24:31.818894: train_loss -0.6797
2026-06-13 21:24:31.823970: val_loss -0.455
2026-06-13 21:24:31.826056: Pseudo dice [0.3532]
2026-06-13 21:24:31.827939: Epoch time: 22.69 s
2026-06-13 21:24:31.829729: Yayy! New best EMA pseudo Dice: 0.3075
2026-06-13 21:24:33.339579: 
2026-06-13 21:24:33.341675: Epoch 385
2026-06-13 21:24:33.343379: Current learning rate: 0.00646
2026-06-13 21:24:55.872419: train_loss -0.6757
2026-06-13 21:24:55.875762: val_loss -0.196
2026-06-13 21:24:55.878653: Pseudo dice [0.1794]
2026-06-13 21:24:55.880294: Epoch time: 22.53 s
2026-06-13 21:24:56.917949: 
2026-06-13 21:24:56.920316: Epoch 386
2026-06-13 21:24:56.921834: Current learning rate: 0.00645
2026-06-13 21:25:19.492415: train_loss -0.6684
2026-06-13 21:25:19.495521: val_loss -0.2488
2026-06-13 21:25:19.497511: Pseudo dice [0.1893]
2026-06-13 21:25:19.500042: Epoch time: 22.58 s
2026-06-13 21:25:20.534460: 
2026-06-13 21:25:20.536415: Epoch 387
2026-06-13 21:25:20.539691: Current learning rate: 0.00644
2026-06-13 21:25:43.111357: train_loss -0.6751
2026-06-13 21:25:43.114452: val_loss -0.2191
2026-06-13 21:25:43.116097: Pseudo dice [0.2252]
2026-06-13 21:25:43.117580: Epoch time: 22.58 s
2026-06-13 21:25:44.136052: 
2026-06-13 21:25:44.137538: Epoch 388
2026-06-13 21:25:44.138737: Current learning rate: 0.00643
2026-06-13 21:26:06.728367: train_loss -0.6716
2026-06-13 21:26:06.731421: val_loss -0.0702
2026-06-13 21:26:06.732774: Pseudo dice [0.1555]
2026-06-13 21:26:06.734352: Epoch time: 22.59 s
2026-06-13 21:26:07.752659: 
2026-06-13 21:26:07.754198: Epoch 389
2026-06-13 21:26:07.755672: Current learning rate: 0.00642
2026-06-13 21:26:30.383028: train_loss -0.6852
2026-06-13 21:26:30.386517: val_loss -0.217
2026-06-13 21:26:30.388050: Pseudo dice [0.1955]
2026-06-13 21:26:30.389648: Epoch time: 22.63 s
2026-06-13 21:26:31.422400: 
2026-06-13 21:26:31.424205: Epoch 390
2026-06-13 21:26:31.425714: Current learning rate: 0.00641
2026-06-13 21:26:54.051813: train_loss -0.6994
2026-06-13 21:26:54.054796: val_loss 0.0259
2026-06-13 21:26:54.056190: Pseudo dice [0.1564]
2026-06-13 21:26:54.059283: Epoch time: 22.63 s
2026-06-13 21:26:55.640664: 
2026-06-13 21:26:55.642191: Epoch 391
2026-06-13 21:26:55.643707: Current learning rate: 0.0064
2026-06-13 21:27:18.238391: train_loss -0.6983
2026-06-13 21:27:18.241166: val_loss -0.2962
2026-06-13 21:27:18.242562: Pseudo dice [0.2618]
2026-06-13 21:27:18.243812: Epoch time: 22.6 s
2026-06-13 21:27:19.316588: 
2026-06-13 21:27:19.318305: Epoch 392
2026-06-13 21:27:19.319741: Current learning rate: 0.00639
2026-06-13 21:27:41.984701: train_loss -0.6771
2026-06-13 21:27:41.988122: val_loss -0.3923
2026-06-13 21:27:41.989730: Pseudo dice [0.3877]
2026-06-13 21:27:41.991308: Epoch time: 22.67 s
2026-06-13 21:27:43.010947: 
2026-06-13 21:27:43.012591: Epoch 393
2026-06-13 21:27:43.014142: Current learning rate: 0.00638
2026-06-13 21:28:05.589299: train_loss -0.6765
2026-06-13 21:28:05.592667: val_loss -0.4643
2026-06-13 21:28:05.594461: Pseudo dice [0.3754]
2026-06-13 21:28:05.595984: Epoch time: 22.58 s
2026-06-13 21:28:06.617558: 
2026-06-13 21:28:06.619317: Epoch 394
2026-06-13 21:28:06.620846: Current learning rate: 0.00637
2026-06-13 21:28:29.242338: train_loss -0.6924
2026-06-13 21:28:29.244961: val_loss -0.1017
2026-06-13 21:28:29.246554: Pseudo dice [0.154]
2026-06-13 21:28:29.247914: Epoch time: 22.63 s
2026-06-13 21:28:30.268573: 
2026-06-13 21:28:30.270162: Epoch 395
2026-06-13 21:28:30.271400: Current learning rate: 0.00636
2026-06-13 21:28:52.814698: train_loss -0.6849
2026-06-13 21:28:52.832578: val_loss -0.4241
2026-06-13 21:28:52.835678: Pseudo dice [0.3372]
2026-06-13 21:28:52.838005: Epoch time: 22.55 s
2026-06-13 21:28:53.866511: 
2026-06-13 21:28:53.868116: Epoch 396
2026-06-13 21:28:53.869743: Current learning rate: 0.00635
2026-06-13 21:29:16.424901: train_loss -0.6892
2026-06-13 21:29:16.427585: val_loss -0.266
2026-06-13 21:29:16.429039: Pseudo dice [0.2713]
2026-06-13 21:29:16.430350: Epoch time: 22.56 s
2026-06-13 21:29:17.460069: 
2026-06-13 21:29:17.461788: Epoch 397
2026-06-13 21:29:17.463289: Current learning rate: 0.00634
2026-06-13 21:29:40.143561: train_loss -0.6702
2026-06-13 21:29:40.146816: val_loss -0.4169
2026-06-13 21:29:40.148626: Pseudo dice [0.3539]
2026-06-13 21:29:40.150369: Epoch time: 22.68 s
2026-06-13 21:29:41.183071: 
2026-06-13 21:29:41.184885: Epoch 398
2026-06-13 21:29:41.187401: Current learning rate: 0.00633
2026-06-13 21:30:03.864366: train_loss -0.6817
2026-06-13 21:30:03.867532: val_loss -0.4235
2026-06-13 21:30:03.869187: Pseudo dice [0.3703]
2026-06-13 21:30:03.870569: Epoch time: 22.68 s
2026-06-13 21:30:04.907822: 
2026-06-13 21:30:04.909570: Epoch 399
2026-06-13 21:30:04.910908: Current learning rate: 0.00632
2026-06-13 21:30:27.407220: train_loss -0.7004
2026-06-13 21:30:27.411889: val_loss -0.0175
2026-06-13 21:30:27.414270: Pseudo dice [0.1521]
2026-06-13 21:30:27.416611: Epoch time: 22.5 s
2026-06-13 21:30:28.931967: 
2026-06-13 21:30:28.933839: Epoch 400
2026-06-13 21:30:28.935472: Current learning rate: 0.00631
2026-06-13 21:30:51.615763: train_loss -0.6728
2026-06-13 21:30:51.619626: val_loss -0.2325
2026-06-13 21:30:51.621982: Pseudo dice [0.2214]
2026-06-13 21:30:51.624233: Epoch time: 22.68 s
2026-06-13 21:30:52.657978: 
2026-06-13 21:30:52.660563: Epoch 401
2026-06-13 21:30:52.662208: Current learning rate: 0.0063
2026-06-13 21:31:15.415437: train_loss -0.6908
2026-06-13 21:31:15.418199: val_loss 0.2123
2026-06-13 21:31:15.419532: Pseudo dice [0.1005]
2026-06-13 21:31:15.420960: Epoch time: 22.76 s
2026-06-13 21:31:16.549018: 
2026-06-13 21:31:16.550630: Epoch 402
2026-06-13 21:31:16.552056: Current learning rate: 0.0063
2026-06-13 21:31:39.220558: train_loss -0.6736
2026-06-13 21:31:39.225909: val_loss -0.1108
2026-06-13 21:31:39.229393: Pseudo dice [0.1422]
2026-06-13 21:31:39.232511: Epoch time: 22.67 s
2026-06-13 21:31:40.291371: 
2026-06-13 21:31:40.293903: Epoch 403
2026-06-13 21:31:40.295640: Current learning rate: 0.00629
2026-06-13 21:32:02.895962: train_loss -0.685
2026-06-13 21:32:02.899724: val_loss -0.1857
2026-06-13 21:32:02.901429: Pseudo dice [0.1712]
2026-06-13 21:32:02.903243: Epoch time: 22.61 s
2026-06-13 21:32:03.943858: 
2026-06-13 21:32:03.947767: Epoch 404
2026-06-13 21:32:03.958767: Current learning rate: 0.00628
2026-06-13 21:32:26.534658: train_loss -0.699
2026-06-13 21:32:26.545505: val_loss -0.1006
2026-06-13 21:32:26.547312: Pseudo dice [0.1407]
2026-06-13 21:32:26.550038: Epoch time: 22.59 s
2026-06-13 21:32:27.618273: 
2026-06-13 21:32:27.621487: Epoch 405
2026-06-13 21:32:27.623660: Current learning rate: 0.00627
2026-06-13 21:32:50.171697: train_loss -0.6878
2026-06-13 21:32:50.175346: val_loss -0.2568
2026-06-13 21:32:50.176820: Pseudo dice [0.2347]
2026-06-13 21:32:50.178234: Epoch time: 22.55 s
2026-06-13 21:32:51.214075: 
2026-06-13 21:32:51.216206: Epoch 406
2026-06-13 21:32:51.217869: Current learning rate: 0.00626
2026-06-13 21:33:13.764426: train_loss -0.6412
2026-06-13 21:33:13.767496: val_loss -0.0975
2026-06-13 21:33:13.769226: Pseudo dice [0.1441]
2026-06-13 21:33:13.770923: Epoch time: 22.55 s
2026-06-13 21:33:15.365968: 
2026-06-13 21:33:15.368056: Epoch 407
2026-06-13 21:33:15.369638: Current learning rate: 0.00625
2026-06-13 21:33:37.946335: train_loss -0.6548
2026-06-13 21:33:37.948868: val_loss 0.1071
2026-06-13 21:33:37.950256: Pseudo dice [0.1066]
2026-06-13 21:33:37.951671: Epoch time: 22.58 s
2026-06-13 21:33:38.974182: 
2026-06-13 21:33:38.975696: Epoch 408
2026-06-13 21:33:38.977050: Current learning rate: 0.00624
2026-06-13 21:34:01.692312: train_loss -0.662
2026-06-13 21:34:01.696659: val_loss -0.0843
2026-06-13 21:34:01.698665: Pseudo dice [0.1523]
2026-06-13 21:34:01.700476: Epoch time: 22.72 s
2026-06-13 21:34:02.736866: 
2026-06-13 21:34:02.738619: Epoch 409
2026-06-13 21:34:02.740185: Current learning rate: 0.00623
2026-06-13 21:34:25.313425: train_loss -0.6675
2026-06-13 21:34:25.315958: val_loss -0.3237
2026-06-13 21:34:25.317538: Pseudo dice [0.2582]
2026-06-13 21:34:25.319120: Epoch time: 22.58 s
2026-06-13 21:34:26.357073: 
2026-06-13 21:34:26.358692: Epoch 410
2026-06-13 21:34:26.360102: Current learning rate: 0.00622
2026-06-13 21:34:49.041759: train_loss -0.6806
2026-06-13 21:34:49.047798: val_loss -0.2411
2026-06-13 21:34:49.050967: Pseudo dice [0.2374]
2026-06-13 21:34:49.052656: Epoch time: 22.69 s
2026-06-13 21:34:50.063197: 
2026-06-13 21:34:50.065716: Epoch 411
2026-06-13 21:34:50.068595: Current learning rate: 0.00621
2026-06-13 21:35:12.603305: train_loss -0.6931
2026-06-13 21:35:12.606840: val_loss -0.2675
2026-06-13 21:35:12.608582: Pseudo dice [0.2173]
2026-06-13 21:35:12.610028: Epoch time: 22.54 s
2026-06-13 21:35:13.612949: 
2026-06-13 21:35:13.614793: Epoch 412
2026-06-13 21:35:13.616224: Current learning rate: 0.0062
2026-06-13 21:35:36.224667: train_loss -0.6978
2026-06-13 21:35:36.227701: val_loss -0.2857
2026-06-13 21:35:36.229030: Pseudo dice [0.2434]
2026-06-13 21:35:36.230621: Epoch time: 22.61 s
2026-06-13 21:35:37.231185: 
2026-06-13 21:35:37.232709: Epoch 413
2026-06-13 21:35:37.234071: Current learning rate: 0.00619
2026-06-13 21:35:59.773470: train_loss -0.6986
2026-06-13 21:35:59.777720: val_loss -0.4841
2026-06-13 21:35:59.779623: Pseudo dice [0.3661]
2026-06-13 21:35:59.781073: Epoch time: 22.54 s
2026-06-13 21:36:00.788637: 
2026-06-13 21:36:00.791161: Epoch 414
2026-06-13 21:36:00.792744: Current learning rate: 0.00618
2026-06-13 21:36:23.237719: train_loss -0.6814
2026-06-13 21:36:23.241641: val_loss -0.1714
2026-06-13 21:36:23.243337: Pseudo dice [0.2039]
2026-06-13 21:36:23.244879: Epoch time: 22.45 s
2026-06-13 21:36:24.256458: 
2026-06-13 21:36:24.258271: Epoch 415
2026-06-13 21:36:24.260225: Current learning rate: 0.00617
2026-06-13 21:36:46.886034: train_loss -0.6572
2026-06-13 21:36:46.889638: val_loss -0.2211
2026-06-13 21:36:46.893307: Pseudo dice [0.2417]
2026-06-13 21:36:46.895536: Epoch time: 22.63 s
2026-06-13 21:36:47.900599: 
2026-06-13 21:36:47.902473: Epoch 416
2026-06-13 21:36:47.904463: Current learning rate: 0.00616
2026-06-13 21:37:10.453734: train_loss -0.6775
2026-06-13 21:37:10.459276: val_loss -0.3716
2026-06-13 21:37:10.467420: Pseudo dice [0.3027]
2026-06-13 21:37:10.469548: Epoch time: 22.55 s
2026-06-13 21:37:11.502187: 
2026-06-13 21:37:11.504443: Epoch 417
2026-06-13 21:37:11.506127: Current learning rate: 0.00615
2026-06-13 21:37:34.161610: train_loss -0.7025
2026-06-13 21:37:34.168127: val_loss -0.4484
2026-06-13 21:37:34.170008: Pseudo dice [0.3771]
2026-06-13 21:37:34.171716: Epoch time: 22.66 s
2026-06-13 21:37:35.203382: 
2026-06-13 21:37:35.207157: Epoch 418
2026-06-13 21:37:35.210657: Current learning rate: 0.00614
2026-06-13 21:37:57.758528: train_loss -0.6844
2026-06-13 21:37:57.760993: val_loss -0.2234
2026-06-13 21:37:57.762251: Pseudo dice [0.2285]
2026-06-13 21:37:57.763706: Epoch time: 22.56 s
2026-06-13 21:37:58.778364: 
2026-06-13 21:37:58.780593: Epoch 419
2026-06-13 21:37:58.782101: Current learning rate: 0.00613
2026-06-13 21:38:21.363476: train_loss -0.6839
2026-06-13 21:38:21.369329: val_loss -0.4748
2026-06-13 21:38:21.371264: Pseudo dice [0.5174]
2026-06-13 21:38:21.373092: Epoch time: 22.59 s
2026-06-13 21:38:22.397897: 
2026-06-13 21:38:22.399686: Epoch 420
2026-06-13 21:38:22.401732: Current learning rate: 0.00612
2026-06-13 21:38:45.054284: train_loss -0.6697
2026-06-13 21:38:45.059648: val_loss -0.1682
2026-06-13 21:38:45.061447: Pseudo dice [0.194]
2026-06-13 21:38:45.062888: Epoch time: 22.66 s
2026-06-13 21:38:46.079289: 
2026-06-13 21:38:46.081033: Epoch 421
2026-06-13 21:38:46.083085: Current learning rate: 0.00612
2026-06-13 21:39:08.568448: train_loss -0.6667
2026-06-13 21:39:08.572558: val_loss -0.2684
2026-06-13 21:39:08.574885: Pseudo dice [0.2198]
2026-06-13 21:39:08.577172: Epoch time: 22.49 s
2026-06-13 21:39:09.606301: 
2026-06-13 21:39:09.608129: Epoch 422
2026-06-13 21:39:09.609723: Current learning rate: 0.00611
2026-06-13 21:39:32.186979: train_loss -0.6662
2026-06-13 21:39:32.190004: val_loss -0.2104
2026-06-13 21:39:32.191715: Pseudo dice [0.1608]
2026-06-13 21:39:32.193458: Epoch time: 22.58 s
2026-06-13 21:39:33.210479: 
2026-06-13 21:39:33.212808: Epoch 423
2026-06-13 21:39:33.214393: Current learning rate: 0.0061
2026-06-13 21:39:55.752966: train_loss -0.659
2026-06-13 21:39:55.757934: val_loss -0.4915
2026-06-13 21:39:55.759756: Pseudo dice [0.517]
2026-06-13 21:39:55.761923: Epoch time: 22.54 s
2026-06-13 21:39:56.792006: 
2026-06-13 21:39:56.794533: Epoch 424
2026-06-13 21:39:56.796197: Current learning rate: 0.00609
2026-06-13 21:40:19.500034: train_loss -0.6958
2026-06-13 21:40:19.502941: val_loss -0.2454
2026-06-13 21:40:19.506450: Pseudo dice [0.2189]
2026-06-13 21:40:19.508689: Epoch time: 22.71 s
2026-06-13 21:40:21.099897: 
2026-06-13 21:40:21.102362: Epoch 425
2026-06-13 21:40:21.103998: Current learning rate: 0.00608
2026-06-13 21:40:43.765591: train_loss -0.7051
2026-06-13 21:40:43.768207: val_loss -0.3134
2026-06-13 21:40:43.769664: Pseudo dice [0.2386]
2026-06-13 21:40:43.771103: Epoch time: 22.67 s
2026-06-13 21:40:44.799301: 
2026-06-13 21:40:44.802331: Epoch 426
2026-06-13 21:40:44.803730: Current learning rate: 0.00607
2026-06-13 21:41:07.332347: train_loss -0.7223
2026-06-13 21:41:07.336165: val_loss -0.2913
2026-06-13 21:41:07.337599: Pseudo dice [0.2198]
2026-06-13 21:41:07.339631: Epoch time: 22.53 s
2026-06-13 21:41:08.354022: 
2026-06-13 21:41:08.355463: Epoch 427
2026-06-13 21:41:08.357117: Current learning rate: 0.00606
2026-06-13 21:41:30.957706: train_loss -0.6787
2026-06-13 21:41:30.960930: val_loss -0.2184
2026-06-13 21:41:30.963025: Pseudo dice [0.2303]
2026-06-13 21:41:30.964611: Epoch time: 22.6 s
2026-06-13 21:41:31.981591: 
2026-06-13 21:41:31.985734: Epoch 428
2026-06-13 21:41:32.003794: Current learning rate: 0.00605
2026-06-13 21:41:54.674179: train_loss -0.6762
2026-06-13 21:41:54.677175: val_loss -0.1502
2026-06-13 21:41:54.678803: Pseudo dice [0.1896]
2026-06-13 21:41:54.680348: Epoch time: 22.69 s
2026-06-13 21:41:55.693086: 
2026-06-13 21:41:55.694664: Epoch 429
2026-06-13 21:41:55.696145: Current learning rate: 0.00604
2026-06-13 21:42:18.270033: train_loss -0.6905
2026-06-13 21:42:18.273375: val_loss -0.5355
2026-06-13 21:42:18.274956: Pseudo dice [0.4761]
2026-06-13 21:42:18.276333: Epoch time: 22.58 s
2026-06-13 21:42:19.285281: 
2026-06-13 21:42:19.287870: Epoch 430
2026-06-13 21:42:19.289560: Current learning rate: 0.00603
2026-06-13 21:42:41.730251: train_loss -0.6973
2026-06-13 21:42:41.733870: val_loss -0.0782
2026-06-13 21:42:41.735871: Pseudo dice [0.1902]
2026-06-13 21:42:41.737248: Epoch time: 22.45 s
2026-06-13 21:42:42.761514: 
2026-06-13 21:42:42.763563: Epoch 431
2026-06-13 21:42:42.766161: Current learning rate: 0.00602
2026-06-13 21:43:05.467950: train_loss -0.6693
2026-06-13 21:43:05.471254: val_loss -0.1093
2026-06-13 21:43:05.472788: Pseudo dice [0.1719]
2026-06-13 21:43:05.474366: Epoch time: 22.71 s
2026-06-13 21:43:06.503336: 
2026-06-13 21:43:06.505555: Epoch 432
2026-06-13 21:43:06.512060: Current learning rate: 0.00601
2026-06-13 21:43:29.264485: train_loss -0.6932
2026-06-13 21:43:29.267620: val_loss -0.3242
2026-06-13 21:43:29.269247: Pseudo dice [0.2764]
2026-06-13 21:43:29.270757: Epoch time: 22.76 s
2026-06-13 21:43:30.302704: 
2026-06-13 21:43:30.304386: Epoch 433
2026-06-13 21:43:30.305779: Current learning rate: 0.006
2026-06-13 21:43:52.985182: train_loss -0.6549
2026-06-13 21:43:52.987748: val_loss -0.4871
2026-06-13 21:43:52.989150: Pseudo dice [0.4238]
2026-06-13 21:43:52.990836: Epoch time: 22.68 s
2026-06-13 21:43:54.021956: 
2026-06-13 21:43:54.023395: Epoch 434
2026-06-13 21:43:54.024676: Current learning rate: 0.00599
2026-06-13 21:44:16.635245: train_loss -0.6815
2026-06-13 21:44:16.637975: val_loss -0.0202
2026-06-13 21:44:16.639466: Pseudo dice [0.1373]
2026-06-13 21:44:16.641181: Epoch time: 22.61 s
2026-06-13 21:44:17.654283: 
2026-06-13 21:44:17.656393: Epoch 435
2026-06-13 21:44:17.658107: Current learning rate: 0.00598
2026-06-13 21:44:40.242318: train_loss -0.6962
2026-06-13 21:44:40.247163: val_loss -0.1747
2026-06-13 21:44:40.249810: Pseudo dice [0.1724]
2026-06-13 21:44:40.251950: Epoch time: 22.59 s
2026-06-13 21:44:41.263950: 
2026-06-13 21:44:41.265912: Epoch 436
2026-06-13 21:44:41.267497: Current learning rate: 0.00597
2026-06-13 21:45:03.814620: train_loss -0.6904
2026-06-13 21:45:03.823259: val_loss -0.1021
2026-06-13 21:45:03.826219: Pseudo dice [0.1738]
2026-06-13 21:45:03.829082: Epoch time: 22.55 s
2026-06-13 21:45:04.858622: 
2026-06-13 21:45:04.860370: Epoch 437
2026-06-13 21:45:04.862333: Current learning rate: 0.00596
2026-06-13 21:45:27.529799: train_loss -0.684
2026-06-13 21:45:27.532945: val_loss -0.2271
2026-06-13 21:45:27.534553: Pseudo dice [0.2199]
2026-06-13 21:45:27.536185: Epoch time: 22.67 s
2026-06-13 21:45:28.569307: 
2026-06-13 21:45:28.571510: Epoch 438
2026-06-13 21:45:28.572912: Current learning rate: 0.00595
2026-06-13 21:45:51.147812: train_loss -0.687
2026-06-13 21:45:51.151783: val_loss -0.26
2026-06-13 21:45:51.153314: Pseudo dice [0.2433]
2026-06-13 21:45:51.155178: Epoch time: 22.58 s
2026-06-13 21:45:52.196133: 
2026-06-13 21:45:52.197929: Epoch 439
2026-06-13 21:45:52.200501: Current learning rate: 0.00594
2026-06-13 21:46:14.762167: train_loss -0.6761
2026-06-13 21:46:14.765352: val_loss 0.0599
2026-06-13 21:46:14.766865: Pseudo dice [0.1243]
2026-06-13 21:46:14.768609: Epoch time: 22.57 s
2026-06-13 21:46:15.783417: 
2026-06-13 21:46:15.786659: Epoch 440
2026-06-13 21:46:15.788712: Current learning rate: 0.00593
2026-06-13 21:46:38.336392: train_loss -0.6931
2026-06-13 21:46:38.339178: val_loss -0.361
2026-06-13 21:46:38.340883: Pseudo dice [0.3044]
2026-06-13 21:46:38.342349: Epoch time: 22.55 s
2026-06-13 21:46:39.360570: 
2026-06-13 21:46:39.362139: Epoch 441
2026-06-13 21:46:39.364276: Current learning rate: 0.00592
2026-06-13 21:47:01.962605: train_loss -0.6712
2026-06-13 21:47:01.966657: val_loss -0.1944
2026-06-13 21:47:01.968471: Pseudo dice [0.1802]
2026-06-13 21:47:01.970131: Epoch time: 22.6 s
2026-06-13 21:47:02.976173: 
2026-06-13 21:47:02.977872: Epoch 442
2026-06-13 21:47:02.979238: Current learning rate: 0.00592
2026-06-13 21:47:25.578319: train_loss -0.6484
2026-06-13 21:47:25.588946: val_loss -0.2907
2026-06-13 21:47:25.593612: Pseudo dice [0.2646]
2026-06-13 21:47:25.597738: Epoch time: 22.6 s
2026-06-13 21:47:27.166197: 
2026-06-13 21:47:27.167979: Epoch 443
2026-06-13 21:47:27.169493: Current learning rate: 0.00591
2026-06-13 21:47:49.805620: train_loss -0.6704
2026-06-13 21:47:49.810227: val_loss -0.3605
2026-06-13 21:47:49.811949: Pseudo dice [0.2944]
2026-06-13 21:47:49.814125: Epoch time: 22.64 s
2026-06-13 21:47:50.834649: 
2026-06-13 21:47:50.837015: Epoch 444
2026-06-13 21:47:50.838848: Current learning rate: 0.0059
2026-06-13 21:48:13.430279: train_loss -0.6875
2026-06-13 21:48:13.443991: val_loss -0.3909
2026-06-13 21:48:13.445336: Pseudo dice [0.3728]
2026-06-13 21:48:13.446937: Epoch time: 22.6 s
2026-06-13 21:48:14.441017: 
2026-06-13 21:48:14.442779: Epoch 445
2026-06-13 21:48:14.444289: Current learning rate: 0.00589
2026-06-13 21:48:37.012164: train_loss -0.6921
2026-06-13 21:48:37.014683: val_loss -0.1825
2026-06-13 21:48:37.016239: Pseudo dice [0.1952]
2026-06-13 21:48:37.017842: Epoch time: 22.57 s
2026-06-13 21:48:38.012581: 
2026-06-13 21:48:38.014284: Epoch 446
2026-06-13 21:48:38.015590: Current learning rate: 0.00588
2026-06-13 21:49:00.676749: train_loss -0.6858
2026-06-13 21:49:00.679509: val_loss -0.2736
2026-06-13 21:49:00.680856: Pseudo dice [0.1909]
2026-06-13 21:49:00.682835: Epoch time: 22.67 s
2026-06-13 21:49:01.684899: 
2026-06-13 21:49:01.686544: Epoch 447
2026-06-13 21:49:01.688412: Current learning rate: 0.00587
2026-06-13 21:49:24.267548: train_loss -0.7069
2026-06-13 21:49:24.270325: val_loss -0.1137
2026-06-13 21:49:24.271687: Pseudo dice [0.1696]
2026-06-13 21:49:24.273227: Epoch time: 22.58 s
2026-06-13 21:49:25.287851: 
2026-06-13 21:49:25.289779: Epoch 448
2026-06-13 21:49:25.291614: Current learning rate: 0.00586
2026-06-13 21:49:48.024962: train_loss -0.69
2026-06-13 21:49:48.027479: val_loss -0.0988
2026-06-13 21:49:48.029077: Pseudo dice [0.1704]
2026-06-13 21:49:48.030277: Epoch time: 22.74 s
2026-06-13 21:49:49.041648: 
2026-06-13 21:49:49.043354: Epoch 449
2026-06-13 21:49:49.044693: Current learning rate: 0.00585
2026-06-13 21:50:11.699483: train_loss -0.7013
2026-06-13 21:50:11.703073: val_loss -0.3085
2026-06-13 21:50:11.705016: Pseudo dice [0.2785]
2026-06-13 21:50:11.706681: Epoch time: 22.66 s
2026-06-13 21:50:13.207394: 
2026-06-13 21:50:13.209362: Epoch 450
2026-06-13 21:50:13.210993: Current learning rate: 0.00584
2026-06-13 21:50:35.832235: train_loss -0.6821
2026-06-13 21:50:35.835303: val_loss -0.3734
2026-06-13 21:50:35.838293: Pseudo dice [0.2889]
2026-06-13 21:50:35.844567: Epoch time: 22.63 s
2026-06-13 21:50:36.854820: 
2026-06-13 21:50:36.856513: Epoch 451
2026-06-13 21:50:36.857936: Current learning rate: 0.00583
2026-06-13 21:50:59.693068: train_loss -0.6567
2026-06-13 21:50:59.696786: val_loss -0.259
2026-06-13 21:50:59.698372: Pseudo dice [0.2194]
2026-06-13 21:50:59.700234: Epoch time: 22.84 s
2026-06-13 21:51:00.730479: 
2026-06-13 21:51:00.732435: Epoch 452
2026-06-13 21:51:00.734127: Current learning rate: 0.00582
2026-06-13 21:51:23.352898: train_loss -0.6908
2026-06-13 21:51:23.355657: val_loss -0.069
2026-06-13 21:51:23.357112: Pseudo dice [0.1647]
2026-06-13 21:51:23.358898: Epoch time: 22.62 s
2026-06-13 21:51:24.372128: 
2026-06-13 21:51:24.374125: Epoch 453
2026-06-13 21:51:24.376903: Current learning rate: 0.00581
2026-06-13 21:51:46.979579: train_loss -0.6812
2026-06-13 21:51:46.983067: val_loss 0.2215
2026-06-13 21:51:46.985199: Pseudo dice [0.0982]
2026-06-13 21:51:46.986877: Epoch time: 22.61 s
2026-06-13 21:51:48.008576: 
2026-06-13 21:51:48.010422: Epoch 454
2026-06-13 21:51:48.011962: Current learning rate: 0.0058
2026-06-13 21:52:10.655262: train_loss -0.6958
2026-06-13 21:52:10.657807: val_loss -0.2448
2026-06-13 21:52:10.659348: Pseudo dice [0.2299]
2026-06-13 21:52:10.661403: Epoch time: 22.65 s
2026-06-13 21:52:11.700477: 
2026-06-13 21:52:11.701960: Epoch 455
2026-06-13 21:52:11.703418: Current learning rate: 0.00579
2026-06-13 21:52:34.365948: train_loss -0.7023
2026-06-13 21:52:34.370343: val_loss -0.1848
2026-06-13 21:52:34.379734: Pseudo dice [0.2268]
2026-06-13 21:52:34.381389: Epoch time: 22.67 s
2026-06-13 21:52:35.396370: 
2026-06-13 21:52:35.398415: Epoch 456
2026-06-13 21:52:35.400530: Current learning rate: 0.00578
2026-06-13 21:52:57.992496: train_loss -0.6736
2026-06-13 21:52:57.998395: val_loss -0.3085
2026-06-13 21:52:58.001395: Pseudo dice [0.2901]
2026-06-13 21:52:58.006083: Epoch time: 22.6 s
2026-06-13 21:52:59.018483: 
2026-06-13 21:52:59.020514: Epoch 457
2026-06-13 21:52:59.021964: Current learning rate: 0.00577
2026-06-13 21:53:21.554823: train_loss -0.6738
2026-06-13 21:53:21.557689: val_loss -0.432
2026-06-13 21:53:21.559527: Pseudo dice [0.3471]
2026-06-13 21:53:21.561236: Epoch time: 22.54 s
2026-06-13 21:53:22.580710: 
2026-06-13 21:53:22.583151: Epoch 458
2026-06-13 21:53:22.584497: Current learning rate: 0.00576
2026-06-13 21:53:45.273348: train_loss -0.6617
2026-06-13 21:53:45.275939: val_loss -0.4859
2026-06-13 21:53:45.277454: Pseudo dice [0.5187]
2026-06-13 21:53:45.279018: Epoch time: 22.69 s
2026-06-13 21:53:46.315827: 
2026-06-13 21:53:46.317350: Epoch 459
2026-06-13 21:53:46.318892: Current learning rate: 0.00575
2026-06-13 21:54:08.885784: train_loss -0.6723
2026-06-13 21:54:08.888440: val_loss -0.2492
2026-06-13 21:54:08.889861: Pseudo dice [0.1745]
2026-06-13 21:54:08.891250: Epoch time: 22.57 s
2026-06-13 21:54:09.922241: 
2026-06-13 21:54:09.923722: Epoch 460
2026-06-13 21:54:09.925376: Current learning rate: 0.00574
2026-06-13 21:54:32.454806: train_loss -0.6747
2026-06-13 21:54:32.458447: val_loss -0.352
2026-06-13 21:54:32.460120: Pseudo dice [0.31]
2026-06-13 21:54:32.462206: Epoch time: 22.53 s
2026-06-13 21:54:33.516199: 
2026-06-13 21:54:33.518719: Epoch 461
2026-06-13 21:54:33.520493: Current learning rate: 0.00573
2026-06-13 21:54:56.057353: train_loss -0.6703
2026-06-13 21:54:56.059974: val_loss -0.1213
2026-06-13 21:54:56.061371: Pseudo dice [0.183]
2026-06-13 21:54:56.062729: Epoch time: 22.54 s
2026-06-13 21:54:57.630759: 
2026-06-13 21:54:57.633873: Epoch 462
2026-06-13 21:54:57.635337: Current learning rate: 0.00572
2026-06-13 21:55:20.215471: train_loss -0.6562
2026-06-13 21:55:20.219734: val_loss -0.315
2026-06-13 21:55:20.221935: Pseudo dice [0.2942]
2026-06-13 21:55:20.223851: Epoch time: 22.59 s
2026-06-13 21:55:21.262012: 
2026-06-13 21:55:21.264224: Epoch 463
2026-06-13 21:55:21.265873: Current learning rate: 0.00571
2026-06-13 21:55:43.854071: train_loss -0.6571
2026-06-13 21:55:43.858085: val_loss -0.2449
2026-06-13 21:55:43.859926: Pseudo dice [0.2039]
2026-06-13 21:55:43.861282: Epoch time: 22.59 s
2026-06-13 21:55:44.875979: 
2026-06-13 21:55:44.878318: Epoch 464
2026-06-13 21:55:44.880526: Current learning rate: 0.0057
2026-06-13 21:56:07.467016: train_loss -0.6998
2026-06-13 21:56:07.469970: val_loss -0.1911
2026-06-13 21:56:07.472282: Pseudo dice [0.2124]
2026-06-13 21:56:07.474296: Epoch time: 22.59 s
2026-06-13 21:56:08.478344: 
2026-06-13 21:56:08.479826: Epoch 465
2026-06-13 21:56:08.481251: Current learning rate: 0.0057
2026-06-13 21:56:31.005376: train_loss -0.7075
2026-06-13 21:56:31.008457: val_loss -0.5457
2026-06-13 21:56:31.009805: Pseudo dice [0.5712]
2026-06-13 21:56:31.011238: Epoch time: 22.53 s
2026-06-13 21:56:32.019525: 
2026-06-13 21:56:32.021111: Epoch 466
2026-06-13 21:56:32.022537: Current learning rate: 0.00569
2026-06-13 21:56:54.704812: train_loss -0.681
2026-06-13 21:56:54.710018: val_loss -0.2042
2026-06-13 21:56:54.713429: Pseudo dice [0.212]
2026-06-13 21:56:54.716244: Epoch time: 22.69 s
2026-06-13 21:56:55.728924: 
2026-06-13 21:56:55.730457: Epoch 467
2026-06-13 21:56:55.732047: Current learning rate: 0.00568
2026-06-13 21:57:18.240252: train_loss -0.696
2026-06-13 21:57:18.243355: val_loss -0.283
2026-06-13 21:57:18.245022: Pseudo dice [0.2089]
2026-06-13 21:57:18.246430: Epoch time: 22.51 s
2026-06-13 21:57:19.272161: 
2026-06-13 21:57:19.274151: Epoch 468
2026-06-13 21:57:19.275578: Current learning rate: 0.00567
2026-06-13 21:57:41.866802: train_loss -0.6773
2026-06-13 21:57:41.879183: val_loss -0.3531
2026-06-13 21:57:41.880520: Pseudo dice [0.2859]
2026-06-13 21:57:41.883221: Epoch time: 22.6 s
2026-06-13 21:57:42.905509: 
2026-06-13 21:57:42.907179: Epoch 469
2026-06-13 21:57:42.908784: Current learning rate: 0.00566
2026-06-13 21:58:05.581051: train_loss -0.7016
2026-06-13 21:58:05.584117: val_loss -0.2984
2026-06-13 21:58:05.585823: Pseudo dice [0.2486]
2026-06-13 21:58:05.587314: Epoch time: 22.68 s
2026-06-13 21:58:06.608135: 
2026-06-13 21:58:06.611068: Epoch 470
2026-06-13 21:58:06.612965: Current learning rate: 0.00565
2026-06-13 21:58:29.200330: train_loss -0.6987
2026-06-13 21:58:29.203385: val_loss 0.1403
2026-06-13 21:58:29.204943: Pseudo dice [0.1344]
2026-06-13 21:58:29.206460: Epoch time: 22.59 s
2026-06-13 21:58:30.244076: 
2026-06-13 21:58:30.249112: Epoch 471
2026-06-13 21:58:30.260060: Current learning rate: 0.00564
2026-06-13 21:58:52.815133: train_loss -0.6989
2026-06-13 21:58:52.818165: val_loss -0.0331
2026-06-13 21:58:52.819482: Pseudo dice [0.1523]
2026-06-13 21:58:52.821130: Epoch time: 22.57 s
2026-06-13 21:58:53.863164: 
2026-06-13 21:58:53.866377: Epoch 472
2026-06-13 21:58:53.868033: Current learning rate: 0.00563
2026-06-13 21:59:16.472163: train_loss -0.6943
2026-06-13 21:59:16.475073: val_loss 0.099
2026-06-13 21:59:16.476695: Pseudo dice [0.1401]
2026-06-13 21:59:16.478058: Epoch time: 22.61 s
2026-06-13 21:59:17.479963: 
2026-06-13 21:59:17.481461: Epoch 473
2026-06-13 21:59:17.482767: Current learning rate: 0.00562
2026-06-13 21:59:39.987190: train_loss -0.699
2026-06-13 21:59:39.991216: val_loss -0.3204
2026-06-13 21:59:39.993004: Pseudo dice [0.2675]
2026-06-13 21:59:39.996530: Epoch time: 22.51 s
2026-06-13 21:59:41.015295: 
2026-06-13 21:59:41.018150: Epoch 474
2026-06-13 21:59:41.020943: Current learning rate: 0.00561
2026-06-13 22:00:03.582007: train_loss -0.7203
2026-06-13 22:00:03.585635: val_loss -0.0049
2026-06-13 22:00:03.587169: Pseudo dice [0.1588]
2026-06-13 22:00:03.589060: Epoch time: 22.57 s
2026-06-13 22:00:04.618366: 
2026-06-13 22:00:04.620002: Epoch 475
2026-06-13 22:00:04.621367: Current learning rate: 0.0056
2026-06-13 22:00:27.223229: train_loss -0.7068
2026-06-13 22:00:27.228018: val_loss -0.2817
2026-06-13 22:00:27.230915: Pseudo dice [0.2311]
2026-06-13 22:00:27.234091: Epoch time: 22.61 s
2026-06-13 22:00:28.265619: 
2026-06-13 22:00:28.267945: Epoch 476
2026-06-13 22:00:28.269989: Current learning rate: 0.00559
2026-06-13 22:00:50.883314: train_loss -0.7127
2026-06-13 22:00:50.886190: val_loss 0.0256
2026-06-13 22:00:50.887897: Pseudo dice [0.1314]
2026-06-13 22:00:50.889411: Epoch time: 22.62 s
2026-06-13 22:00:51.928704: 
2026-06-13 22:00:51.930460: Epoch 477
2026-06-13 22:00:51.931979: Current learning rate: 0.00558
2026-06-13 22:01:14.581586: train_loss -0.7015
2026-06-13 22:01:14.585230: val_loss -0.3893
2026-06-13 22:01:14.587028: Pseudo dice [0.3044]
2026-06-13 22:01:14.588598: Epoch time: 22.65 s
2026-06-13 22:01:15.614682: 
2026-06-13 22:01:15.616670: Epoch 478
2026-06-13 22:01:15.618309: Current learning rate: 0.00557
2026-06-13 22:01:38.153937: train_loss -0.6998
2026-06-13 22:01:38.157774: val_loss -0.1978
2026-06-13 22:01:38.159291: Pseudo dice [0.195]
2026-06-13 22:01:38.161665: Epoch time: 22.54 s
2026-06-13 22:01:39.197806: 
2026-06-13 22:01:39.200394: Epoch 479
2026-06-13 22:01:39.202765: Current learning rate: 0.00556
2026-06-13 22:02:01.774827: train_loss -0.6863
2026-06-13 22:02:01.777385: val_loss -0.2522
2026-06-13 22:02:01.778784: Pseudo dice [0.2191]
2026-06-13 22:02:01.780191: Epoch time: 22.58 s
2026-06-13 22:02:03.365356: 
2026-06-13 22:02:03.367206: Epoch 480
2026-06-13 22:02:03.368721: Current learning rate: 0.00555
2026-06-13 22:02:25.947454: train_loss -0.7092
2026-06-13 22:02:25.953395: val_loss -0.2465
2026-06-13 22:02:25.955224: Pseudo dice [0.1933]
2026-06-13 22:02:25.956689: Epoch time: 22.58 s
2026-06-13 22:02:26.979320: 
2026-06-13 22:02:26.981236: Epoch 481
2026-06-13 22:02:26.987849: Current learning rate: 0.00554
2026-06-13 22:02:49.663912: train_loss -0.6696
2026-06-13 22:02:49.667294: val_loss -0.3064
2026-06-13 22:02:49.668698: Pseudo dice [0.228]
2026-06-13 22:02:49.670009: Epoch time: 22.69 s
2026-06-13 22:02:50.681420: 
2026-06-13 22:02:50.682979: Epoch 482
2026-06-13 22:02:50.684341: Current learning rate: 0.00553
2026-06-13 22:03:13.351037: train_loss -0.6817
2026-06-13 22:03:13.354579: val_loss -0.4285
2026-06-13 22:03:13.356477: Pseudo dice [0.4095]
2026-06-13 22:03:13.358571: Epoch time: 22.67 s
2026-06-13 22:03:14.397469: 
2026-06-13 22:03:14.399369: Epoch 483
2026-06-13 22:03:14.401228: Current learning rate: 0.00552
2026-06-13 22:03:36.908487: train_loss -0.7168
2026-06-13 22:03:36.913173: val_loss -0.2891
2026-06-13 22:03:36.915268: Pseudo dice [0.232]
2026-06-13 22:03:36.917262: Epoch time: 22.51 s
2026-06-13 22:03:37.968906: 
2026-06-13 22:03:37.971746: Epoch 484
2026-06-13 22:03:37.973751: Current learning rate: 0.00551
2026-06-13 22:04:00.573273: train_loss -0.7001
2026-06-13 22:04:00.576054: val_loss -0.376
2026-06-13 22:04:00.577580: Pseudo dice [0.3085]
2026-06-13 22:04:00.579049: Epoch time: 22.61 s
2026-06-13 22:04:01.595767: 
2026-06-13 22:04:01.597342: Epoch 485
2026-06-13 22:04:01.598753: Current learning rate: 0.0055
2026-06-13 22:04:24.298706: train_loss -0.7017
2026-06-13 22:04:24.303203: val_loss -0.3982
2026-06-13 22:04:24.305906: Pseudo dice [0.3204]
2026-06-13 22:04:24.307398: Epoch time: 22.7 s
2026-06-13 22:04:25.361619: 
2026-06-13 22:04:25.363303: Epoch 486
2026-06-13 22:04:25.364660: Current learning rate: 0.00549
2026-06-13 22:04:47.940696: train_loss -0.697
2026-06-13 22:04:47.944410: val_loss -0.1895
2026-06-13 22:04:47.945752: Pseudo dice [0.204]
2026-06-13 22:04:47.947160: Epoch time: 22.58 s
2026-06-13 22:04:48.984164: 
2026-06-13 22:04:48.986693: Epoch 487
2026-06-13 22:04:48.989443: Current learning rate: 0.00548
2026-06-13 22:05:11.567710: train_loss -0.703
2026-06-13 22:05:11.571741: val_loss -0.1175
2026-06-13 22:05:11.573850: Pseudo dice [0.1513]
2026-06-13 22:05:11.575825: Epoch time: 22.58 s
2026-06-13 22:05:12.604420: 
2026-06-13 22:05:12.611210: Epoch 488
2026-06-13 22:05:12.612884: Current learning rate: 0.00547
2026-06-13 22:05:35.145966: train_loss -0.7109
2026-06-13 22:05:35.149488: val_loss -0.256
2026-06-13 22:05:35.151453: Pseudo dice [0.2166]
2026-06-13 22:05:35.153878: Epoch time: 22.54 s
2026-06-13 22:05:36.214310: 
2026-06-13 22:05:36.216082: Epoch 489
2026-06-13 22:05:36.218034: Current learning rate: 0.00546
2026-06-13 22:05:58.848187: train_loss -0.7037
2026-06-13 22:05:58.855428: val_loss -0.2799
2026-06-13 22:05:58.866153: Pseudo dice [0.2264]
2026-06-13 22:05:58.869456: Epoch time: 22.63 s
2026-06-13 22:05:59.910231: 
2026-06-13 22:05:59.912168: Epoch 490
2026-06-13 22:05:59.914258: Current learning rate: 0.00546
2026-06-13 22:06:22.540424: train_loss -0.7289
2026-06-13 22:06:22.543380: val_loss -0.3511
2026-06-13 22:06:22.545153: Pseudo dice [0.2641]
2026-06-13 22:06:22.546917: Epoch time: 22.63 s
2026-06-13 22:06:23.580549: 
2026-06-13 22:06:23.582252: Epoch 491
2026-06-13 22:06:23.583793: Current learning rate: 0.00545
2026-06-13 22:06:46.103067: train_loss -0.7165
2026-06-13 22:06:46.106064: val_loss -0.4273
2026-06-13 22:06:46.107640: Pseudo dice [0.3608]
2026-06-13 22:06:46.109243: Epoch time: 22.52 s
2026-06-13 22:06:47.146663: 
2026-06-13 22:06:47.148381: Epoch 492
2026-06-13 22:06:47.150265: Current learning rate: 0.00544
2026-06-13 22:07:09.833695: train_loss -0.7138
2026-06-13 22:07:09.838118: val_loss -0.1844
2026-06-13 22:07:09.840246: Pseudo dice [0.166]
2026-06-13 22:07:09.841872: Epoch time: 22.69 s
2026-06-13 22:07:10.886239: 
2026-06-13 22:07:10.888074: Epoch 493
2026-06-13 22:07:10.889783: Current learning rate: 0.00543
2026-06-13 22:07:33.448851: train_loss -0.7056
2026-06-13 22:07:33.451835: val_loss -0.1781
2026-06-13 22:07:33.453516: Pseudo dice [0.1723]
2026-06-13 22:07:33.454977: Epoch time: 22.56 s
2026-06-13 22:07:34.501573: 
2026-06-13 22:07:34.503242: Epoch 494
2026-06-13 22:07:34.504980: Current learning rate: 0.00542
2026-06-13 22:07:56.929939: train_loss -0.6937
2026-06-13 22:07:56.932576: val_loss -0.3034
2026-06-13 22:07:56.934327: Pseudo dice [0.2667]
2026-06-13 22:07:56.935763: Epoch time: 22.43 s
2026-06-13 22:07:57.969090: 
2026-06-13 22:07:57.970872: Epoch 495
2026-06-13 22:07:57.972169: Current learning rate: 0.00541
2026-06-13 22:08:20.581963: train_loss -0.6587
2026-06-13 22:08:20.585054: val_loss -0.3136
2026-06-13 22:08:20.586343: Pseudo dice [0.2549]
2026-06-13 22:08:20.587613: Epoch time: 22.61 s
2026-06-13 22:08:21.627009: 
2026-06-13 22:08:21.628660: Epoch 496
2026-06-13 22:08:21.629996: Current learning rate: 0.0054
2026-06-13 22:08:44.172962: train_loss -0.6705
2026-06-13 22:08:44.175687: val_loss -0.3499
2026-06-13 22:08:44.177108: Pseudo dice [0.2759]
2026-06-13 22:08:44.178627: Epoch time: 22.55 s
2026-06-13 22:08:45.233443: 
2026-06-13 22:08:45.235473: Epoch 497
2026-06-13 22:08:45.237600: Current learning rate: 0.00539
2026-06-13 22:09:07.756106: train_loss -0.6973
2026-06-13 22:09:07.758892: val_loss -0.1278
2026-06-13 22:09:07.760772: Pseudo dice [0.1723]
2026-06-13 22:09:07.763083: Epoch time: 22.52 s
2026-06-13 22:09:09.362641: 
2026-06-13 22:09:09.371043: Epoch 498
2026-06-13 22:09:09.377474: Current learning rate: 0.00538
2026-06-13 22:09:31.999545: train_loss -0.676
2026-06-13 22:09:32.002311: val_loss -0.0321
2026-06-13 22:09:32.003687: Pseudo dice [0.1679]
2026-06-13 22:09:32.005385: Epoch time: 22.64 s
2026-06-13 22:09:33.033288: 
2026-06-13 22:09:33.034998: Epoch 499
2026-06-13 22:09:33.036438: Current learning rate: 0.00537
2026-06-13 22:09:55.715322: train_loss -0.6975
2026-06-13 22:09:55.717788: val_loss -0.2333
2026-06-13 22:09:55.719260: Pseudo dice [0.2437]
2026-06-13 22:09:55.720531: Epoch time: 22.68 s
2026-06-13 22:09:57.262130: 
2026-06-13 22:09:57.264110: Epoch 500
2026-06-13 22:09:57.265575: Current learning rate: 0.00536
2026-06-13 22:10:19.920050: train_loss -0.7013
2026-06-13 22:10:19.922882: val_loss -0.1177
2026-06-13 22:10:19.924230: Pseudo dice [0.1416]
2026-06-13 22:10:19.925738: Epoch time: 22.66 s
2026-06-13 22:10:20.959703: 
2026-06-13 22:10:20.961209: Epoch 501
2026-06-13 22:10:20.962556: Current learning rate: 0.00535
2026-06-13 22:10:43.538714: train_loss -0.7276
2026-06-13 22:10:43.541855: val_loss -0.0192
2026-06-13 22:10:43.543752: Pseudo dice [0.1322]
2026-06-13 22:10:43.545470: Epoch time: 22.58 s
2026-06-13 22:10:44.599469: 
2026-06-13 22:10:44.601503: Epoch 502
2026-06-13 22:10:44.603057: Current learning rate: 0.00534
2026-06-13 22:11:07.199319: train_loss -0.6887
2026-06-13 22:11:07.202250: val_loss -0.3057
2026-06-13 22:11:07.203747: Pseudo dice [0.2193]
2026-06-13 22:11:07.205274: Epoch time: 22.6 s
2026-06-13 22:11:08.251666: 
2026-06-13 22:11:08.253449: Epoch 503
2026-06-13 22:11:08.254983: Current learning rate: 0.00533
2026-06-13 22:11:30.849703: train_loss -0.6886
2026-06-13 22:11:30.852355: val_loss -0.3595
2026-06-13 22:11:30.854098: Pseudo dice [0.2783]
2026-06-13 22:11:30.855750: Epoch time: 22.6 s
2026-06-13 22:11:31.894828: 
2026-06-13 22:11:31.896229: Epoch 504
2026-06-13 22:11:31.897663: Current learning rate: 0.00532
2026-06-13 22:11:54.438611: train_loss -0.6859
2026-06-13 22:11:54.442104: val_loss -0.4282
2026-06-13 22:11:54.443895: Pseudo dice [0.3992]
2026-06-13 22:11:54.445956: Epoch time: 22.54 s
2026-06-13 22:11:55.506286: 
2026-06-13 22:11:55.508018: Epoch 505
2026-06-13 22:11:55.509336: Current learning rate: 0.00531
2026-06-13 22:12:18.276716: train_loss -0.6951
2026-06-13 22:12:18.282979: val_loss -0.1653
2026-06-13 22:12:18.287502: Pseudo dice [0.1825]
2026-06-13 22:12:18.289600: Epoch time: 22.77 s
2026-06-13 22:12:19.338104: 
2026-06-13 22:12:19.341781: Epoch 506
2026-06-13 22:12:19.343359: Current learning rate: 0.0053
2026-06-13 22:12:42.036732: train_loss -0.7011
2026-06-13 22:12:42.039791: val_loss -0.5594
2026-06-13 22:12:42.041552: Pseudo dice [0.5722]
2026-06-13 22:12:42.043353: Epoch time: 22.7 s
2026-06-13 22:12:43.073835: 
2026-06-13 22:12:43.075758: Epoch 507
2026-06-13 22:12:43.078018: Current learning rate: 0.00529
2026-06-13 22:13:05.643190: train_loss -0.6965
2026-06-13 22:13:05.646934: val_loss -0.3099
2026-06-13 22:13:05.649616: Pseudo dice [0.2717]
2026-06-13 22:13:05.651766: Epoch time: 22.57 s
2026-06-13 22:13:06.714287: 
2026-06-13 22:13:06.716069: Epoch 508
2026-06-13 22:13:06.717625: Current learning rate: 0.00528
2026-06-13 22:13:29.315860: train_loss -0.7081
2026-06-13 22:13:29.318478: val_loss -0.0345
2026-06-13 22:13:29.320053: Pseudo dice [0.1414]
2026-06-13 22:13:29.321291: Epoch time: 22.6 s
2026-06-13 22:13:30.353387: 
2026-06-13 22:13:30.354934: Epoch 509
2026-06-13 22:13:30.356443: Current learning rate: 0.00527
2026-06-13 22:13:52.898880: train_loss -0.7173
2026-06-13 22:13:52.901660: val_loss -0.4569
2026-06-13 22:13:52.903127: Pseudo dice [0.385]
2026-06-13 22:13:52.904578: Epoch time: 22.55 s
2026-06-13 22:13:53.956803: 
2026-06-13 22:13:53.958480: Epoch 510
2026-06-13 22:13:53.960062: Current learning rate: 0.00526
2026-06-13 22:14:16.682102: train_loss -0.702
2026-06-13 22:14:16.684840: val_loss -0.0224
2026-06-13 22:14:16.686296: Pseudo dice [0.146]
2026-06-13 22:14:16.687847: Epoch time: 22.73 s
2026-06-13 22:14:17.750967: 
2026-06-13 22:14:17.752504: Epoch 511
2026-06-13 22:14:17.754280: Current learning rate: 0.00525
2026-06-13 22:14:40.346330: train_loss -0.6836
2026-06-13 22:14:40.349104: val_loss -0.4626
2026-06-13 22:14:40.350646: Pseudo dice [0.4595]
2026-06-13 22:14:40.352076: Epoch time: 22.6 s
2026-06-13 22:14:41.419486: 
2026-06-13 22:14:41.421938: Epoch 512
2026-06-13 22:14:41.423359: Current learning rate: 0.00524
2026-06-13 22:15:03.927136: train_loss -0.6836
2026-06-13 22:15:03.935935: val_loss -0.3043
2026-06-13 22:15:03.938365: Pseudo dice [0.2512]
2026-06-13 22:15:03.941023: Epoch time: 22.51 s
2026-06-13 22:15:05.010159: 
2026-06-13 22:15:05.012070: Epoch 513
2026-06-13 22:15:05.013702: Current learning rate: 0.00523
2026-06-13 22:15:27.480700: train_loss -0.7138
2026-06-13 22:15:27.483315: val_loss -0.0875
2026-06-13 22:15:27.484848: Pseudo dice [0.12]
2026-06-13 22:15:27.486208: Epoch time: 22.47 s
2026-06-13 22:15:28.526484: 
2026-06-13 22:15:28.528325: Epoch 514
2026-06-13 22:15:28.529641: Current learning rate: 0.00522
2026-06-13 22:15:51.075216: train_loss -0.7115
2026-06-13 22:15:51.077680: val_loss -0.2424
2026-06-13 22:15:51.078996: Pseudo dice [0.2126]
2026-06-13 22:15:51.080290: Epoch time: 22.55 s
2026-06-13 22:15:52.123019: 
2026-06-13 22:15:52.124456: Epoch 515
2026-06-13 22:15:52.126166: Current learning rate: 0.00521
2026-06-13 22:16:14.624227: train_loss -0.7048
2026-06-13 22:16:14.627053: val_loss -0.1989
2026-06-13 22:16:14.628429: Pseudo dice [0.2204]
2026-06-13 22:16:14.629914: Epoch time: 22.5 s
2026-06-13 22:16:16.243243: 
2026-06-13 22:16:16.244807: Epoch 516
2026-06-13 22:16:16.246897: Current learning rate: 0.0052
2026-06-13 22:16:38.909787: train_loss -0.7047
2026-06-13 22:16:38.912609: val_loss -0.4951
2026-06-13 22:16:38.914246: Pseudo dice [0.4592]
2026-06-13 22:16:38.915654: Epoch time: 22.67 s
2026-06-13 22:16:39.959499: 
2026-06-13 22:16:39.961094: Epoch 517
2026-06-13 22:16:39.962558: Current learning rate: 0.00519
2026-06-13 22:17:02.572337: train_loss -0.7024
2026-06-13 22:17:02.574934: val_loss -0.4591
2026-06-13 22:17:02.576771: Pseudo dice [0.3505]
2026-06-13 22:17:02.578371: Epoch time: 22.61 s
2026-06-13 22:17:03.629172: 
2026-06-13 22:17:03.630759: Epoch 518
2026-06-13 22:17:03.632133: Current learning rate: 0.00518
2026-06-13 22:17:26.099746: train_loss -0.7425
2026-06-13 22:17:26.102831: val_loss -0.4238
2026-06-13 22:17:26.105134: Pseudo dice [0.3599]
2026-06-13 22:17:26.107403: Epoch time: 22.47 s
2026-06-13 22:17:27.185374: 
2026-06-13 22:17:27.187129: Epoch 519
2026-06-13 22:17:27.188489: Current learning rate: 0.00518
2026-06-13 22:17:49.711506: train_loss -0.7077
2026-06-13 22:17:49.714326: val_loss -0.2841
2026-06-13 22:17:49.715936: Pseudo dice [0.2519]
2026-06-13 22:17:49.717376: Epoch time: 22.53 s
2026-06-13 22:17:50.811811: 
2026-06-13 22:17:50.814024: Epoch 520
2026-06-13 22:17:50.815443: Current learning rate: 0.00517
2026-06-13 22:18:13.402438: train_loss -0.729
2026-06-13 22:18:13.405569: val_loss -0.0057
2026-06-13 22:18:13.407067: Pseudo dice [0.1377]
2026-06-13 22:18:13.408426: Epoch time: 22.59 s
2026-06-13 22:18:14.468780: 
2026-06-13 22:18:14.471444: Epoch 521
2026-06-13 22:18:14.473050: Current learning rate: 0.00516
2026-06-13 22:18:37.029249: train_loss -0.7092
2026-06-13 22:18:37.031866: val_loss -0.4024
2026-06-13 22:18:37.033175: Pseudo dice [0.3445]
2026-06-13 22:18:37.034638: Epoch time: 22.56 s
2026-06-13 22:18:38.095933: 
2026-06-13 22:18:38.097743: Epoch 522
2026-06-13 22:18:38.099238: Current learning rate: 0.00515
2026-06-13 22:19:00.665956: train_loss -0.7022
2026-06-13 22:19:00.668744: val_loss -0.2348
2026-06-13 22:19:00.670194: Pseudo dice [0.2241]
2026-06-13 22:19:00.671552: Epoch time: 22.57 s
2026-06-13 22:19:01.745079: 
2026-06-13 22:19:01.747026: Epoch 523
2026-06-13 22:19:01.748418: Current learning rate: 0.00514
2026-06-13 22:19:24.385333: train_loss -0.7204
2026-06-13 22:19:24.388064: val_loss -0.4843
2026-06-13 22:19:24.389533: Pseudo dice [0.3658]
2026-06-13 22:19:24.390913: Epoch time: 22.64 s
2026-06-13 22:19:25.462570: 
2026-06-13 22:19:25.464459: Epoch 524
2026-06-13 22:19:25.466052: Current learning rate: 0.00513
2026-06-13 22:19:48.014759: train_loss -0.7143
2026-06-13 22:19:48.018130: val_loss -0.2939
2026-06-13 22:19:48.019902: Pseudo dice [0.2472]
2026-06-13 22:19:48.021638: Epoch time: 22.55 s
2026-06-13 22:19:49.102051: 
2026-06-13 22:19:49.104212: Epoch 525
2026-06-13 22:19:49.105869: Current learning rate: 0.00512
2026-06-13 22:20:11.791426: train_loss -0.7103
2026-06-13 22:20:11.795374: val_loss -0.2828
2026-06-13 22:20:11.797150: Pseudo dice [0.2703]
2026-06-13 22:20:11.798835: Epoch time: 22.69 s
2026-06-13 22:20:12.852768: 
2026-06-13 22:20:12.856047: Epoch 526
2026-06-13 22:20:12.857771: Current learning rate: 0.00511
2026-06-13 22:20:35.473926: train_loss -0.7164
2026-06-13 22:20:35.477982: val_loss -0.1403
2026-06-13 22:20:35.479371: Pseudo dice [0.1721]
2026-06-13 22:20:35.481255: Epoch time: 22.62 s
2026-06-13 22:20:36.548915: 
2026-06-13 22:20:36.551101: Epoch 527
2026-06-13 22:20:36.553020: Current learning rate: 0.0051
2026-06-13 22:20:59.060483: train_loss -0.7195
2026-06-13 22:20:59.063171: val_loss -0.0092
2026-06-13 22:20:59.064722: Pseudo dice [0.1326]
2026-06-13 22:20:59.066506: Epoch time: 22.51 s
2026-06-13 22:21:00.131234: 
2026-06-13 22:21:00.132892: Epoch 528
2026-06-13 22:21:00.134314: Current learning rate: 0.00509
2026-06-13 22:21:22.648055: train_loss -0.7051
2026-06-13 22:21:22.650832: val_loss -0.3413
2026-06-13 22:21:22.652563: Pseudo dice [0.2876]
2026-06-13 22:21:22.654449: Epoch time: 22.52 s
2026-06-13 22:21:23.717550: 
2026-06-13 22:21:23.719451: Epoch 529
2026-06-13 22:21:23.720984: Current learning rate: 0.00508
2026-06-13 22:21:46.317633: train_loss -0.7187
2026-06-13 22:21:46.321269: val_loss -0.2837
2026-06-13 22:21:46.322759: Pseudo dice [0.2439]
2026-06-13 22:21:46.324322: Epoch time: 22.6 s
2026-06-13 22:21:47.381905: 
2026-06-13 22:21:47.383508: Epoch 530
2026-06-13 22:21:47.385284: Current learning rate: 0.00507
2026-06-13 22:22:09.953842: train_loss -0.6824
2026-06-13 22:22:09.956589: val_loss 0.0017
2026-06-13 22:22:09.957885: Pseudo dice [0.1378]
2026-06-13 22:22:09.959893: Epoch time: 22.57 s
2026-06-13 22:22:11.018646: 
2026-06-13 22:22:11.020658: Epoch 531
2026-06-13 22:22:11.022091: Current learning rate: 0.00506
2026-06-13 22:22:33.542374: train_loss -0.7057
2026-06-13 22:22:33.546116: val_loss -0.2876
2026-06-13 22:22:33.547424: Pseudo dice [0.2245]
2026-06-13 22:22:33.548831: Epoch time: 22.52 s
2026-06-13 22:22:34.600099: 
2026-06-13 22:22:34.601655: Epoch 532
2026-06-13 22:22:34.603091: Current learning rate: 0.00505
2026-06-13 22:22:57.242925: train_loss -0.6868
2026-06-13 22:22:57.246681: val_loss -0.4354
2026-06-13 22:22:57.248377: Pseudo dice [0.4782]
2026-06-13 22:22:57.249811: Epoch time: 22.64 s
2026-06-13 22:22:58.311337: 
2026-06-13 22:22:58.312993: Epoch 533
2026-06-13 22:22:58.314340: Current learning rate: 0.00504
2026-06-13 22:23:20.936109: train_loss -0.6842
2026-06-13 22:23:20.939125: val_loss -0.0454
2026-06-13 22:23:20.940534: Pseudo dice [0.1444]
2026-06-13 22:23:20.942022: Epoch time: 22.63 s
2026-06-13 22:23:22.555967: 
2026-06-13 22:23:22.557881: Epoch 534
2026-06-13 22:23:22.559675: Current learning rate: 0.00503
2026-06-13 22:23:45.233387: train_loss -0.6913
2026-06-13 22:23:45.236663: val_loss -0.4059
2026-06-13 22:23:45.238559: Pseudo dice [0.3254]
2026-06-13 22:23:45.239982: Epoch time: 22.68 s
2026-06-13 22:23:46.338782: 
2026-06-13 22:23:46.340562: Epoch 535
2026-06-13 22:23:46.342044: Current learning rate: 0.00502
2026-06-13 22:24:08.958623: train_loss -0.6748
2026-06-13 22:24:08.961261: val_loss -0.3839
2026-06-13 22:24:08.962609: Pseudo dice [0.3209]
2026-06-13 22:24:08.964344: Epoch time: 22.62 s
2026-06-13 22:24:10.022960: 
2026-06-13 22:24:10.024482: Epoch 536
2026-06-13 22:24:10.025807: Current learning rate: 0.00501
2026-06-13 22:24:32.794456: train_loss -0.6891
2026-06-13 22:24:32.797621: val_loss -0.4191
2026-06-13 22:24:32.799661: Pseudo dice [0.3171]
2026-06-13 22:24:32.801416: Epoch time: 22.77 s
2026-06-13 22:24:33.864952: 
2026-06-13 22:24:33.866741: Epoch 537
2026-06-13 22:24:33.868282: Current learning rate: 0.005
2026-06-13 22:24:56.443550: train_loss -0.6987
2026-06-13 22:24:56.446518: val_loss -0.5313
2026-06-13 22:24:56.448028: Pseudo dice [0.5437]
2026-06-13 22:24:56.449586: Epoch time: 22.58 s
2026-06-13 22:24:57.513486: 
2026-06-13 22:24:57.515282: Epoch 538
2026-06-13 22:24:57.516841: Current learning rate: 0.00499
2026-06-13 22:25:20.121487: train_loss -0.7068
2026-06-13 22:25:20.126080: val_loss -0.2836
2026-06-13 22:25:20.128233: Pseudo dice [0.2376]
2026-06-13 22:25:20.130077: Epoch time: 22.61 s
2026-06-13 22:25:21.194016: 
2026-06-13 22:25:21.196024: Epoch 539
2026-06-13 22:25:21.197544: Current learning rate: 0.00498
2026-06-13 22:25:43.877489: train_loss -0.69
2026-06-13 22:25:43.885073: val_loss -0.4739
2026-06-13 22:25:43.889138: Pseudo dice [0.4162]
2026-06-13 22:25:43.891299: Epoch time: 22.68 s
2026-06-13 22:25:44.976269: 
2026-06-13 22:25:44.977775: Epoch 540
2026-06-13 22:25:44.979130: Current learning rate: 0.00497
2026-06-13 22:26:07.577659: train_loss -0.7026
2026-06-13 22:26:07.580522: val_loss -0.2436
2026-06-13 22:26:07.582030: Pseudo dice [0.2395]
2026-06-13 22:26:07.583435: Epoch time: 22.6 s
2026-06-13 22:26:08.651365: 
2026-06-13 22:26:08.652808: Epoch 541
2026-06-13 22:26:08.654288: Current learning rate: 0.00496
2026-06-13 22:26:31.320122: train_loss -0.7013
2026-06-13 22:26:31.326114: val_loss -0.0037
2026-06-13 22:26:31.330264: Pseudo dice [0.1481]
2026-06-13 22:26:31.335006: Epoch time: 22.67 s
2026-06-13 22:26:32.395434: 
2026-06-13 22:26:32.397033: Epoch 542
2026-06-13 22:26:32.398528: Current learning rate: 0.00495
2026-06-13 22:26:55.028085: train_loss -0.7005
2026-06-13 22:26:55.031180: val_loss -0.4674
2026-06-13 22:26:55.032621: Pseudo dice [0.3429]
2026-06-13 22:26:55.033998: Epoch time: 22.63 s
2026-06-13 22:26:56.139580: 
2026-06-13 22:26:56.141623: Epoch 543
2026-06-13 22:26:56.143733: Current learning rate: 0.00494
2026-06-13 22:27:18.828195: train_loss -0.6958
2026-06-13 22:27:18.831405: val_loss -0.3849
2026-06-13 22:27:18.832946: Pseudo dice [0.3261]
2026-06-13 22:27:18.834416: Epoch time: 22.69 s
2026-06-13 22:27:19.920271: 
2026-06-13 22:27:19.921966: Epoch 544
2026-06-13 22:27:19.923489: Current learning rate: 0.00493
2026-06-13 22:27:42.461255: train_loss -0.7159
2026-06-13 22:27:42.463959: val_loss -0.5131
2026-06-13 22:27:42.465731: Pseudo dice [0.438]
2026-06-13 22:27:42.473124: Epoch time: 22.54 s
2026-06-13 22:27:42.474497: Yayy! New best EMA pseudo Dice: 0.3075
2026-06-13 22:27:44.047580: 
2026-06-13 22:27:44.049752: Epoch 545
2026-06-13 22:27:44.051459: Current learning rate: 0.00492
2026-06-13 22:28:06.551972: train_loss -0.6952
2026-06-13 22:28:06.554529: val_loss -0.2946
2026-06-13 22:28:06.555954: Pseudo dice [0.2426]
2026-06-13 22:28:06.557330: Epoch time: 22.51 s
2026-06-13 22:28:07.639862: 
2026-06-13 22:28:07.642333: Epoch 546
2026-06-13 22:28:07.645368: Current learning rate: 0.00491
2026-06-13 22:28:30.279164: train_loss -0.7373
2026-06-13 22:28:30.281881: val_loss -0.3587
2026-06-13 22:28:30.283289: Pseudo dice [0.2691]
2026-06-13 22:28:30.284964: Epoch time: 22.64 s
2026-06-13 22:28:31.352566: 
2026-06-13 22:28:31.354419: Epoch 547
2026-06-13 22:28:31.355974: Current learning rate: 0.0049
2026-06-13 22:28:53.938898: train_loss -0.7167
2026-06-13 22:28:53.942354: val_loss -0.3285
2026-06-13 22:28:53.944212: Pseudo dice [0.2675]
2026-06-13 22:28:53.945993: Epoch time: 22.59 s
2026-06-13 22:28:55.011204: 
2026-06-13 22:28:55.012989: Epoch 548
2026-06-13 22:28:55.014642: Current learning rate: 0.00489
2026-06-13 22:29:17.546269: train_loss -0.7181
2026-06-13 22:29:17.549544: val_loss -0.3112
2026-06-13 22:29:17.550931: Pseudo dice [0.2618]
2026-06-13 22:29:17.552490: Epoch time: 22.54 s
2026-06-13 22:29:18.672802: 
2026-06-13 22:29:18.674530: Epoch 549
2026-06-13 22:29:18.675943: Current learning rate: 0.00488
2026-06-13 22:29:41.202282: train_loss -0.7053
2026-06-13 22:29:41.205140: val_loss -0.3966
2026-06-13 22:29:41.206552: Pseudo dice [0.3454]
2026-06-13 22:29:41.207880: Epoch time: 22.53 s
2026-06-13 22:29:42.812576: 
2026-06-13 22:29:42.815381: Epoch 550
2026-06-13 22:29:42.817095: Current learning rate: 0.00487
2026-06-13 22:30:05.468132: train_loss -0.6894
2026-06-13 22:30:05.471252: val_loss -0.4099
2026-06-13 22:30:05.472693: Pseudo dice [0.29]
2026-06-13 22:30:05.474137: Epoch time: 22.66 s
2026-06-13 22:30:07.083895: 
2026-06-13 22:30:07.085964: Epoch 551
2026-06-13 22:30:07.087543: Current learning rate: 0.00486
2026-06-13 22:30:29.676601: train_loss -0.7133
2026-06-13 22:30:29.680740: val_loss -0.1104
2026-06-13 22:30:29.683316: Pseudo dice [0.1848]
2026-06-13 22:30:29.684883: Epoch time: 22.59 s
2026-06-13 22:30:30.735127: 
2026-06-13 22:30:30.737330: Epoch 552
2026-06-13 22:30:30.738844: Current learning rate: 0.00485
2026-06-13 22:30:53.438419: train_loss -0.7068
2026-06-13 22:30:53.442528: val_loss -0.3955
2026-06-13 22:30:53.444175: Pseudo dice [0.34]
2026-06-13 22:30:53.446017: Epoch time: 22.7 s
2026-06-13 22:30:54.523476: 
2026-06-13 22:30:54.525367: Epoch 553
2026-06-13 22:30:54.527123: Current learning rate: 0.00484
2026-06-13 22:31:17.088995: train_loss -0.7116
2026-06-13 22:31:17.092883: val_loss -0.4726
2026-06-13 22:31:17.094883: Pseudo dice [0.4447]
2026-06-13 22:31:17.096951: Epoch time: 22.57 s
2026-06-13 22:31:18.150091: 
2026-06-13 22:31:18.152830: Epoch 554
2026-06-13 22:31:18.154602: Current learning rate: 0.00484
2026-06-13 22:31:40.793413: train_loss -0.7297
2026-06-13 22:31:40.795877: val_loss -0.1707
2026-06-13 22:31:40.797215: Pseudo dice [0.186]
2026-06-13 22:31:40.798604: Epoch time: 22.64 s
2026-06-13 22:31:41.861068: 
2026-06-13 22:31:41.863165: Epoch 555
2026-06-13 22:31:41.865079: Current learning rate: 0.00483
2026-06-13 22:32:04.375321: train_loss -0.7164
2026-06-13 22:32:04.378750: val_loss -0.3728
2026-06-13 22:32:04.380503: Pseudo dice [0.2865]
2026-06-13 22:32:04.382417: Epoch time: 22.52 s
2026-06-13 22:32:05.455867: 
2026-06-13 22:32:05.457445: Epoch 556
2026-06-13 22:32:05.458958: Current learning rate: 0.00482
2026-06-13 22:32:28.038627: train_loss -0.7274
2026-06-13 22:32:28.041410: val_loss -0.3917
2026-06-13 22:32:28.042814: Pseudo dice [0.3573]
2026-06-13 22:32:28.044161: Epoch time: 22.58 s
2026-06-13 22:32:29.105499: 
2026-06-13 22:32:29.107125: Epoch 557
2026-06-13 22:32:29.108622: Current learning rate: 0.00481
2026-06-13 22:32:51.807942: train_loss -0.7174
2026-06-13 22:32:51.813901: val_loss -0.4046
2026-06-13 22:32:51.817095: Pseudo dice [0.3655]
2026-06-13 22:32:51.820321: Epoch time: 22.7 s
2026-06-13 22:32:52.905953: 
2026-06-13 22:32:52.908337: Epoch 558
2026-06-13 22:32:52.910336: Current learning rate: 0.0048
2026-06-13 22:33:15.432626: train_loss -0.7094
2026-06-13 22:33:15.437432: val_loss -0.3467
2026-06-13 22:33:15.439618: Pseudo dice [0.2533]
2026-06-13 22:33:15.441316: Epoch time: 22.53 s
2026-06-13 22:33:16.509994: 
2026-06-13 22:33:16.511451: Epoch 559
2026-06-13 22:33:16.512913: Current learning rate: 0.00479
2026-06-13 22:33:39.102734: train_loss -0.7059
2026-06-13 22:33:39.113718: val_loss -0.3182
2026-06-13 22:33:39.116986: Pseudo dice [0.3172]
2026-06-13 22:33:39.118846: Epoch time: 22.59 s
2026-06-13 22:33:40.189337: 
2026-06-13 22:33:40.191476: Epoch 560
2026-06-13 22:33:40.193134: Current learning rate: 0.00478
2026-06-13 22:34:02.811275: train_loss -0.7157
2026-06-13 22:34:02.814047: val_loss -0.2847
2026-06-13 22:34:02.815459: Pseudo dice [0.2431]
2026-06-13 22:34:02.817002: Epoch time: 22.62 s
2026-06-13 22:34:03.876265: 
2026-06-13 22:34:03.877702: Epoch 561
2026-06-13 22:34:03.879201: Current learning rate: 0.00477
2026-06-13 22:34:26.500479: train_loss -0.7093
2026-06-13 22:34:26.503423: val_loss -0.5138
2026-06-13 22:34:26.504914: Pseudo dice [0.5407]
2026-06-13 22:34:26.506897: Epoch time: 22.63 s
2026-06-13 22:34:26.508385: Yayy! New best EMA pseudo Dice: 0.321
2026-06-13 22:34:28.069110: 
2026-06-13 22:34:28.070656: Epoch 562
2026-06-13 22:34:28.071988: Current learning rate: 0.00476
2026-06-13 22:34:50.876000: train_loss -0.7115
2026-06-13 22:34:50.879753: val_loss -0.3085
2026-06-13 22:34:50.881616: Pseudo dice [0.3007]
2026-06-13 22:34:50.883023: Epoch time: 22.81 s
2026-06-13 22:34:51.969577: 
2026-06-13 22:34:51.971791: Epoch 563
2026-06-13 22:34:51.973996: Current learning rate: 0.00475
2026-06-13 22:35:14.572527: train_loss -0.7025
2026-06-13 22:35:14.575385: val_loss -0.4218
2026-06-13 22:35:14.576715: Pseudo dice [0.354]
2026-06-13 22:35:14.578136: Epoch time: 22.6 s
2026-06-13 22:35:14.579551: Yayy! New best EMA pseudo Dice: 0.3225
2026-06-13 22:35:16.158151: 
2026-06-13 22:35:16.161145: Epoch 564
2026-06-13 22:35:16.162491: Current learning rate: 0.00474
2026-06-13 22:35:38.760428: train_loss -0.6941
2026-06-13 22:35:38.763422: val_loss -0.3218
2026-06-13 22:35:38.764903: Pseudo dice [0.2836]
2026-06-13 22:35:38.766183: Epoch time: 22.6 s
2026-06-13 22:35:39.841246: 
2026-06-13 22:35:39.842716: Epoch 565
2026-06-13 22:35:39.844128: Current learning rate: 0.00473
2026-06-13 22:36:02.493851: train_loss -0.6985
2026-06-13 22:36:02.496456: val_loss -0.2937
2026-06-13 22:36:02.497859: Pseudo dice [0.2815]
2026-06-13 22:36:02.499190: Epoch time: 22.65 s
2026-06-13 22:36:03.578065: 
2026-06-13 22:36:03.579649: Epoch 566
2026-06-13 22:36:03.580976: Current learning rate: 0.00472
2026-06-13 22:36:26.152755: train_loss -0.7116
2026-06-13 22:36:26.155695: val_loss -0.4055
2026-06-13 22:36:26.157312: Pseudo dice [0.3198]
2026-06-13 22:36:26.159012: Epoch time: 22.58 s
2026-06-13 22:36:27.225597: 
2026-06-13 22:36:27.227728: Epoch 567
2026-06-13 22:36:27.229280: Current learning rate: 0.00471
2026-06-13 22:36:49.856359: train_loss -0.7264
2026-06-13 22:36:49.861700: val_loss -0.2906
2026-06-13 22:36:49.863225: Pseudo dice [0.2322]
2026-06-13 22:36:49.864725: Epoch time: 22.63 s
2026-06-13 22:36:50.939597: 
2026-06-13 22:36:50.941420: Epoch 568
2026-06-13 22:36:50.943489: Current learning rate: 0.0047
2026-06-13 22:37:13.571432: train_loss -0.7101
2026-06-13 22:37:13.574975: val_loss -0.3863
2026-06-13 22:37:13.576330: Pseudo dice [0.2847]
2026-06-13 22:37:13.578198: Epoch time: 22.63 s
2026-06-13 22:37:15.204356: 
2026-06-13 22:37:15.206207: Epoch 569
2026-06-13 22:37:15.208038: Current learning rate: 0.00469
2026-06-13 22:37:37.773782: train_loss -0.7138
2026-06-13 22:37:37.776670: val_loss -0.5611
2026-06-13 22:37:37.778842: Pseudo dice [0.555]
2026-06-13 22:37:37.780541: Epoch time: 22.57 s
2026-06-13 22:37:37.782308: Yayy! New best EMA pseudo Dice: 0.3298
2026-06-13 22:37:39.348360: 
2026-06-13 22:37:39.350037: Epoch 570
2026-06-13 22:37:39.351416: Current learning rate: 0.00468
2026-06-13 22:38:02.035962: train_loss -0.7138
2026-06-13 22:38:02.038918: val_loss -0.2589
2026-06-13 22:38:02.040782: Pseudo dice [0.1743]
2026-06-13 22:38:02.042043: Epoch time: 22.69 s
2026-06-13 22:38:03.100190: 
2026-06-13 22:38:03.101699: Epoch 571
2026-06-13 22:38:03.102982: Current learning rate: 0.00467
2026-06-13 22:38:25.740749: train_loss -0.72
2026-06-13 22:38:25.743481: val_loss 0.0088
2026-06-13 22:38:25.745027: Pseudo dice [0.1263]
2026-06-13 22:38:25.746375: Epoch time: 22.64 s
2026-06-13 22:38:26.828635: 
2026-06-13 22:38:26.830178: Epoch 572
2026-06-13 22:38:26.831701: Current learning rate: 0.00466
2026-06-13 22:38:49.482198: train_loss -0.7298
2026-06-13 22:38:49.484789: val_loss -0.1366
2026-06-13 22:38:49.486267: Pseudo dice [0.1782]
2026-06-13 22:38:49.487721: Epoch time: 22.65 s
2026-06-13 22:38:50.575368: 
2026-06-13 22:38:50.577096: Epoch 573
2026-06-13 22:38:50.578501: Current learning rate: 0.00465
2026-06-13 22:39:13.067193: train_loss -0.7334
2026-06-13 22:39:13.069888: val_loss -0.4257
2026-06-13 22:39:13.071340: Pseudo dice [0.365]
2026-06-13 22:39:13.072691: Epoch time: 22.49 s
2026-06-13 22:39:14.144075: 
2026-06-13 22:39:14.145672: Epoch 574
2026-06-13 22:39:14.146970: Current learning rate: 0.00464
2026-06-13 22:39:36.704535: train_loss -0.7186
2026-06-13 22:39:36.707397: val_loss -0.315
2026-06-13 22:39:36.708936: Pseudo dice [0.2681]
2026-06-13 22:39:36.710401: Epoch time: 22.56 s
2026-06-13 22:39:37.792163: 
2026-06-13 22:39:37.797222: Epoch 575
2026-06-13 22:39:37.798712: Current learning rate: 0.00463
2026-06-13 22:40:00.362380: train_loss -0.7239
2026-06-13 22:40:00.365340: val_loss -0.4461
2026-06-13 22:40:00.366874: Pseudo dice [0.3228]
2026-06-13 22:40:00.368257: Epoch time: 22.57 s
2026-06-13 22:40:01.449054: 
2026-06-13 22:40:01.450905: Epoch 576
2026-06-13 22:40:01.452161: Current learning rate: 0.00462
2026-06-13 22:40:24.174593: train_loss -0.7207
2026-06-13 22:40:24.181084: val_loss -0.3719
2026-06-13 22:40:24.182807: Pseudo dice [0.308]
2026-06-13 22:40:24.184989: Epoch time: 22.73 s
2026-06-13 22:40:25.280479: 
2026-06-13 22:40:25.282201: Epoch 577
2026-06-13 22:40:25.283704: Current learning rate: 0.00461
2026-06-13 22:40:47.859221: train_loss -0.7111
2026-06-13 22:40:47.862420: val_loss -0.4015
2026-06-13 22:40:47.864036: Pseudo dice [0.3687]
2026-06-13 22:40:47.865576: Epoch time: 22.58 s
2026-06-13 22:40:48.954996: 
2026-06-13 22:40:48.956778: Epoch 578
2026-06-13 22:40:48.958508: Current learning rate: 0.0046
2026-06-13 22:41:11.484049: train_loss -0.7286
2026-06-13 22:41:11.487103: val_loss -0.3611
2026-06-13 22:41:11.488647: Pseudo dice [0.2721]
2026-06-13 22:41:11.491850: Epoch time: 22.53 s
2026-06-13 22:41:12.592237: 
2026-06-13 22:41:12.593954: Epoch 579
2026-06-13 22:41:12.595322: Current learning rate: 0.00459
2026-06-13 22:41:35.278008: train_loss -0.7154
2026-06-13 22:41:35.282118: val_loss -0.0909
2026-06-13 22:41:35.283714: Pseudo dice [0.1433]
2026-06-13 22:41:35.285055: Epoch time: 22.69 s
2026-06-13 22:41:36.348190: 
2026-06-13 22:41:36.349758: Epoch 580
2026-06-13 22:41:36.351254: Current learning rate: 0.00458
2026-06-13 22:41:58.946764: train_loss -0.7121
2026-06-13 22:41:58.949356: val_loss -0.2973
2026-06-13 22:41:58.950772: Pseudo dice [0.2282]
2026-06-13 22:41:58.952024: Epoch time: 22.6 s
2026-06-13 22:42:00.030850: 
2026-06-13 22:42:00.032469: Epoch 581
2026-06-13 22:42:00.034068: Current learning rate: 0.00457
2026-06-13 22:42:22.532754: train_loss -0.7191
2026-06-13 22:42:22.535233: val_loss -0.2218
2026-06-13 22:42:22.536619: Pseudo dice [0.2094]
2026-06-13 22:42:22.537879: Epoch time: 22.5 s
2026-06-13 22:42:23.612449: 
2026-06-13 22:42:23.613912: Epoch 582
2026-06-13 22:42:23.615256: Current learning rate: 0.00456
2026-06-13 22:42:46.162158: train_loss -0.7216
2026-06-13 22:42:46.165299: val_loss -0.0687
2026-06-13 22:42:46.166803: Pseudo dice [0.1417]
2026-06-13 22:42:46.168222: Epoch time: 22.55 s
2026-06-13 22:42:47.241482: 
2026-06-13 22:42:47.243091: Epoch 583
2026-06-13 22:42:47.244547: Current learning rate: 0.00455
2026-06-13 22:43:09.900920: train_loss -0.7227
2026-06-13 22:43:09.903457: val_loss -0.1704
2026-06-13 22:43:09.904954: Pseudo dice [0.1885]
2026-06-13 22:43:09.906237: Epoch time: 22.66 s
2026-06-13 22:43:10.978972: 
2026-06-13 22:43:10.980506: Epoch 584
2026-06-13 22:43:10.981925: Current learning rate: 0.00454
2026-06-13 22:43:33.550281: train_loss -0.7246
2026-06-13 22:43:33.552560: val_loss -0.3584
2026-06-13 22:43:33.553795: Pseudo dice [0.2779]
2026-06-13 22:43:33.555241: Epoch time: 22.57 s
2026-06-13 22:43:34.632142: 
2026-06-13 22:43:34.633696: Epoch 585
2026-06-13 22:43:34.635142: Current learning rate: 0.00453
2026-06-13 22:43:57.122591: train_loss -0.7048
2026-06-13 22:43:57.127715: val_loss -0.2394
2026-06-13 22:43:57.129121: Pseudo dice [0.2059]
2026-06-13 22:43:57.130657: Epoch time: 22.49 s
2026-06-13 22:43:58.766409: 
2026-06-13 22:43:58.768050: Epoch 586
2026-06-13 22:43:58.769647: Current learning rate: 0.00452
2026-06-13 22:44:21.428236: train_loss -0.7023
2026-06-13 22:44:21.431276: val_loss -0.431
2026-06-13 22:44:21.432606: Pseudo dice [0.3594]
2026-06-13 22:44:21.434140: Epoch time: 22.66 s
2026-06-13 22:44:22.510343: 
2026-06-13 22:44:22.511997: Epoch 587
2026-06-13 22:44:22.513438: Current learning rate: 0.00451
2026-06-13 22:44:45.129244: train_loss -0.7152
2026-06-13 22:44:45.132474: val_loss -0.3217
2026-06-13 22:44:45.134182: Pseudo dice [0.2465]
2026-06-13 22:44:45.135623: Epoch time: 22.62 s
2026-06-13 22:44:46.240451: 
2026-06-13 22:44:46.242148: Epoch 588
2026-06-13 22:44:46.243502: Current learning rate: 0.0045
2026-06-13 22:45:08.876467: train_loss -0.7198
2026-06-13 22:45:08.879626: val_loss -0.2181
2026-06-13 22:45:08.881106: Pseudo dice [0.1869]
2026-06-13 22:45:08.882384: Epoch time: 22.64 s
2026-06-13 22:45:09.962193: 
2026-06-13 22:45:09.964187: Epoch 589
2026-06-13 22:45:09.965786: Current learning rate: 0.00449
2026-06-13 22:45:32.589505: train_loss -0.7187
2026-06-13 22:45:32.592296: val_loss -0.1496
2026-06-13 22:45:32.593843: Pseudo dice [0.1664]
2026-06-13 22:45:32.595335: Epoch time: 22.63 s
2026-06-13 22:45:33.702641: 
2026-06-13 22:45:33.704846: Epoch 590
2026-06-13 22:45:33.706671: Current learning rate: 0.00448
2026-06-13 22:45:56.384859: train_loss -0.7242
2026-06-13 22:45:56.389099: val_loss -0.5002
2026-06-13 22:45:56.390497: Pseudo dice [0.5142]
2026-06-13 22:45:56.392298: Epoch time: 22.68 s
2026-06-13 22:45:57.488061: 
2026-06-13 22:45:57.490512: Epoch 591
2026-06-13 22:45:57.492230: Current learning rate: 0.00447
2026-06-13 22:46:20.073485: train_loss -0.715
2026-06-13 22:46:20.077961: val_loss -0.2204
2026-06-13 22:46:20.079684: Pseudo dice [0.1794]
2026-06-13 22:46:20.081564: Epoch time: 22.59 s
2026-06-13 22:46:21.171834: 
2026-06-13 22:46:21.173567: Epoch 592
2026-06-13 22:46:21.174997: Current learning rate: 0.00446
2026-06-13 22:46:43.780039: train_loss -0.7161
2026-06-13 22:46:43.782366: val_loss -0.4493
2026-06-13 22:46:43.784090: Pseudo dice [0.3376]
2026-06-13 22:46:43.785689: Epoch time: 22.61 s
2026-06-13 22:46:44.865032: 
2026-06-13 22:46:44.875105: Epoch 593
2026-06-13 22:46:44.881783: Current learning rate: 0.00445
2026-06-13 22:47:07.462016: train_loss -0.7303
2026-06-13 22:47:07.466974: val_loss -0.0043
2026-06-13 22:47:07.468795: Pseudo dice [0.0927]
2026-06-13 22:47:07.470364: Epoch time: 22.6 s
2026-06-13 22:47:08.557870: 
2026-06-13 22:47:08.559906: Epoch 594
2026-06-13 22:47:08.561426: Current learning rate: 0.00444
2026-06-13 22:47:31.244910: train_loss -0.6972
2026-06-13 22:47:31.248245: val_loss -0.4015
2026-06-13 22:47:31.250751: Pseudo dice [0.3698]
2026-06-13 22:47:31.252289: Epoch time: 22.69 s
2026-06-13 22:47:32.353759: 
2026-06-13 22:47:32.355232: Epoch 595
2026-06-13 22:47:32.356697: Current learning rate: 0.00443
2026-06-13 22:47:55.032716: train_loss -0.7048
2026-06-13 22:47:55.035273: val_loss 0.0173
2026-06-13 22:47:55.036653: Pseudo dice [0.1239]
2026-06-13 22:47:55.038013: Epoch time: 22.68 s
2026-06-13 22:47:56.111808: 
2026-06-13 22:47:56.113351: Epoch 596
2026-06-13 22:47:56.114896: Current learning rate: 0.00442
2026-06-13 22:48:18.723698: train_loss -0.7088
2026-06-13 22:48:18.726351: val_loss -0.3052
2026-06-13 22:48:18.727721: Pseudo dice [0.2737]
2026-06-13 22:48:18.729057: Epoch time: 22.61 s
2026-06-13 22:48:19.806333: 
2026-06-13 22:48:19.807900: Epoch 597
2026-06-13 22:48:19.809251: Current learning rate: 0.00441
2026-06-13 22:48:42.409440: train_loss -0.7146
2026-06-13 22:48:42.414979: val_loss -0.3548
2026-06-13 22:48:42.416922: Pseudo dice [0.2255]
2026-06-13 22:48:42.419298: Epoch time: 22.6 s
2026-06-13 22:48:43.505443: 
2026-06-13 22:48:43.507458: Epoch 598
2026-06-13 22:48:43.509367: Current learning rate: 0.0044
2026-06-13 22:49:06.126714: train_loss -0.7272
2026-06-13 22:49:06.129809: val_loss -0.366
2026-06-13 22:49:06.131387: Pseudo dice [0.3342]
2026-06-13 22:49:06.132809: Epoch time: 22.62 s
2026-06-13 22:49:07.223011: 
2026-06-13 22:49:07.224710: Epoch 599
2026-06-13 22:49:07.226051: Current learning rate: 0.00439
2026-06-13 22:49:29.743325: train_loss -0.696
2026-06-13 22:49:29.747262: val_loss -0.2448
2026-06-13 22:49:29.749010: Pseudo dice [0.1841]
2026-06-13 22:49:29.750638: Epoch time: 22.52 s
2026-06-13 22:49:31.349313: 
2026-06-13 22:49:31.351693: Epoch 600
2026-06-13 22:49:31.353727: Current learning rate: 0.00438
2026-06-13 22:49:53.934741: train_loss -0.7209
2026-06-13 22:49:53.937953: val_loss -0.4335
2026-06-13 22:49:53.939563: Pseudo dice [0.3865]
2026-06-13 22:49:53.941170: Epoch time: 22.59 s
2026-06-13 22:49:55.011744: 
2026-06-13 22:49:55.013278: Epoch 601
2026-06-13 22:49:55.014966: Current learning rate: 0.00437
2026-06-13 22:50:17.690256: train_loss -0.6952
2026-06-13 22:50:17.694786: val_loss -0.396
2026-06-13 22:50:17.696848: Pseudo dice [0.348]
2026-06-13 22:50:17.698888: Epoch time: 22.68 s
2026-06-13 22:50:18.785043: 
2026-06-13 22:50:18.787461: Epoch 602
2026-06-13 22:50:18.789229: Current learning rate: 0.00436
2026-06-13 22:50:41.335560: train_loss -0.7143
2026-06-13 22:50:41.338163: val_loss -0.0023
2026-06-13 22:50:41.339732: Pseudo dice [0.1157]
2026-06-13 22:50:41.341234: Epoch time: 22.55 s
2026-06-13 22:50:42.971206: 
2026-06-13 22:50:42.972859: Epoch 603
2026-06-13 22:50:42.974176: Current learning rate: 0.00435
2026-06-13 22:51:05.579201: train_loss -0.723
2026-06-13 22:51:05.582265: val_loss -0.2291
2026-06-13 22:51:05.583580: Pseudo dice [0.1978]
2026-06-13 22:51:05.584983: Epoch time: 22.61 s
2026-06-13 22:51:06.648007: 
2026-06-13 22:51:06.650027: Epoch 604
2026-06-13 22:51:06.651803: Current learning rate: 0.00434
2026-06-13 22:51:29.359053: train_loss -0.7322
2026-06-13 22:51:29.364428: val_loss -0.24
2026-06-13 22:51:29.366078: Pseudo dice [0.1951]
2026-06-13 22:51:29.367519: Epoch time: 22.71 s
2026-06-13 22:51:30.434115: 
2026-06-13 22:51:30.436092: Epoch 605
2026-06-13 22:51:30.437757: Current learning rate: 0.00433
2026-06-13 22:51:53.116321: train_loss -0.7067
2026-06-13 22:51:53.119428: val_loss -0.1272
2026-06-13 22:51:53.121023: Pseudo dice [0.175]
2026-06-13 22:51:53.122730: Epoch time: 22.68 s
2026-06-13 22:51:54.224326: 
2026-06-13 22:51:54.226426: Epoch 606
2026-06-13 22:51:54.227941: Current learning rate: 0.00432
2026-06-13 22:52:16.935170: train_loss -0.7321
2026-06-13 22:52:16.938418: val_loss -0.3026
2026-06-13 22:52:16.939865: Pseudo dice [0.2313]
2026-06-13 22:52:16.941619: Epoch time: 22.71 s
2026-06-13 22:52:18.026422: 
2026-06-13 22:52:18.028444: Epoch 607
2026-06-13 22:52:18.030072: Current learning rate: 0.00431
2026-06-13 22:52:40.587021: train_loss -0.7149
2026-06-13 22:52:40.589801: val_loss -0.3104
2026-06-13 22:52:40.591535: Pseudo dice [0.2272]
2026-06-13 22:52:40.592888: Epoch time: 22.56 s
2026-06-13 22:52:41.665168: 
2026-06-13 22:52:41.666928: Epoch 608
2026-06-13 22:52:41.668321: Current learning rate: 0.0043
2026-06-13 22:53:04.281627: train_loss -0.7231
2026-06-13 22:53:04.284052: val_loss -0.2834
2026-06-13 22:53:04.285251: Pseudo dice [0.2558]
2026-06-13 22:53:04.286619: Epoch time: 22.62 s
2026-06-13 22:53:05.375208: 
2026-06-13 22:53:05.376910: Epoch 609
2026-06-13 22:53:05.378340: Current learning rate: 0.00429
2026-06-13 22:53:28.066585: train_loss -0.7334
2026-06-13 22:53:28.069319: val_loss 0.0068
2026-06-13 22:53:28.070793: Pseudo dice [0.1301]
2026-06-13 22:53:28.072348: Epoch time: 22.69 s
2026-06-13 22:53:29.173703: 
2026-06-13 22:53:29.175204: Epoch 610
2026-06-13 22:53:29.176577: Current learning rate: 0.00429
2026-06-13 22:53:51.677349: train_loss -0.7246
2026-06-13 22:53:51.679768: val_loss -0.0427
2026-06-13 22:53:51.681370: Pseudo dice [0.1486]
2026-06-13 22:53:51.683004: Epoch time: 22.5 s
2026-06-13 22:53:52.765714: 
2026-06-13 22:53:52.767345: Epoch 611
2026-06-13 22:53:52.769190: Current learning rate: 0.00428
2026-06-13 22:54:15.447663: train_loss -0.7227
2026-06-13 22:54:15.450327: val_loss -0.3053
2026-06-13 22:54:15.451620: Pseudo dice [0.2653]
2026-06-13 22:54:15.453020: Epoch time: 22.68 s
2026-06-13 22:54:16.534402: 
2026-06-13 22:54:16.537515: Epoch 612
2026-06-13 22:54:16.540276: Current learning rate: 0.00427
2026-06-13 22:54:39.201499: train_loss -0.7162
2026-06-13 22:54:39.204444: val_loss -0.469
2026-06-13 22:54:39.206029: Pseudo dice [0.5083]
2026-06-13 22:54:39.207680: Epoch time: 22.67 s
2026-06-13 22:54:40.311054: 
2026-06-13 22:54:40.312865: Epoch 613
2026-06-13 22:54:40.314293: Current learning rate: 0.00426
2026-06-13 22:55:03.010870: train_loss -0.7153
2026-06-13 22:55:03.013486: val_loss -0.1791
2026-06-13 22:55:03.014935: Pseudo dice [0.1848]
2026-06-13 22:55:03.016392: Epoch time: 22.7 s
2026-06-13 22:55:04.097273: 
2026-06-13 22:55:04.098698: Epoch 614
2026-06-13 22:55:04.100866: Current learning rate: 0.00425
2026-06-13 22:55:26.644169: train_loss -0.7275
2026-06-13 22:55:26.646928: val_loss -0.3486
2026-06-13 22:55:26.648382: Pseudo dice [0.2787]
2026-06-13 22:55:26.649872: Epoch time: 22.55 s
2026-06-13 22:55:27.740394: 
2026-06-13 22:55:27.741890: Epoch 615
2026-06-13 22:55:27.743375: Current learning rate: 0.00424
2026-06-13 22:55:50.340285: train_loss -0.7419
2026-06-13 22:55:50.346666: val_loss -0.2116
2026-06-13 22:55:50.349814: Pseudo dice [0.2003]
2026-06-13 22:55:50.355724: Epoch time: 22.6 s
2026-06-13 22:55:51.449302: 
2026-06-13 22:55:51.451251: Epoch 616
2026-06-13 22:55:51.453399: Current learning rate: 0.00423
2026-06-13 22:56:14.121571: train_loss -0.7537
2026-06-13 22:56:14.124007: val_loss -0.4951
2026-06-13 22:56:14.129269: Pseudo dice [0.4196]
2026-06-13 22:56:14.130650: Epoch time: 22.67 s
2026-06-13 22:56:15.219841: 
2026-06-13 22:56:15.222123: Epoch 617
2026-06-13 22:56:15.223982: Current learning rate: 0.00422
2026-06-13 22:56:37.874816: train_loss -0.7369
2026-06-13 22:56:37.877666: val_loss -0.0787
2026-06-13 22:56:37.879152: Pseudo dice [0.171]
2026-06-13 22:56:37.880553: Epoch time: 22.66 s
2026-06-13 22:56:38.972711: 
2026-06-13 22:56:38.974238: Epoch 618
2026-06-13 22:56:38.975712: Current learning rate: 0.00421
2026-06-13 22:57:01.539963: train_loss -0.7241
2026-06-13 22:57:01.542793: val_loss -0.5068
2026-06-13 22:57:01.544188: Pseudo dice [0.4315]
2026-06-13 22:57:01.545756: Epoch time: 22.57 s
2026-06-13 22:57:02.666957: 
2026-06-13 22:57:02.668766: Epoch 619
2026-06-13 22:57:02.670222: Current learning rate: 0.0042
2026-06-13 22:57:25.266445: train_loss -0.7383
2026-06-13 22:57:25.269706: val_loss 0.1402
2026-06-13 22:57:25.271115: Pseudo dice [0.1091]
2026-06-13 22:57:25.272715: Epoch time: 22.6 s
2026-06-13 22:57:26.919477: 
2026-06-13 22:57:26.921078: Epoch 620
2026-06-13 22:57:26.922381: Current learning rate: 0.00419
2026-06-13 22:57:49.453651: train_loss -0.7503
2026-06-13 22:57:49.456253: val_loss -0.3244
2026-06-13 22:57:49.457831: Pseudo dice [0.2562]
2026-06-13 22:57:49.459154: Epoch time: 22.54 s
2026-06-13 22:57:50.582730: 
2026-06-13 22:57:50.584296: Epoch 621
2026-06-13 22:57:50.585675: Current learning rate: 0.00418
2026-06-13 22:58:13.204090: train_loss -0.743
2026-06-13 22:58:13.207961: val_loss -0.4422
2026-06-13 22:58:13.209646: Pseudo dice [0.352]
2026-06-13 22:58:13.211246: Epoch time: 22.62 s
2026-06-13 22:58:14.326382: 
2026-06-13 22:58:14.328196: Epoch 622
2026-06-13 22:58:14.329754: Current learning rate: 0.00417
2026-06-13 22:58:36.917661: train_loss -0.7352
2026-06-13 22:58:36.920229: val_loss -0.0587
2026-06-13 22:58:36.921711: Pseudo dice [0.1354]
2026-06-13 22:58:36.923088: Epoch time: 22.59 s
2026-06-13 22:58:38.020746: 
2026-06-13 22:58:38.022296: Epoch 623
2026-06-13 22:58:38.023532: Current learning rate: 0.00416
2026-06-13 22:59:00.550127: train_loss -0.7164
2026-06-13 22:59:00.552722: val_loss -0.2015
2026-06-13 22:59:00.558561: Pseudo dice [0.1781]
2026-06-13 22:59:00.559955: Epoch time: 22.53 s
2026-06-13 22:59:01.643099: 
2026-06-13 22:59:01.644825: Epoch 624
2026-06-13 22:59:01.646131: Current learning rate: 0.00415
2026-06-13 22:59:24.235969: train_loss -0.7264
2026-06-13 22:59:24.238572: val_loss -0.3108
2026-06-13 22:59:24.239770: Pseudo dice [0.2291]
2026-06-13 22:59:24.241181: Epoch time: 22.59 s
2026-06-13 22:59:25.339440: 
2026-06-13 22:59:25.341189: Epoch 625
2026-06-13 22:59:25.343093: Current learning rate: 0.00414
2026-06-13 22:59:47.866496: train_loss -0.7323
2026-06-13 22:59:47.869641: val_loss -0.2608
2026-06-13 22:59:47.871251: Pseudo dice [0.2203]
2026-06-13 22:59:47.872580: Epoch time: 22.53 s
2026-06-13 22:59:48.970422: 
2026-06-13 22:59:48.974231: Epoch 626
2026-06-13 22:59:48.975710: Current learning rate: 0.00413
2026-06-13 23:00:11.577978: train_loss -0.7419
2026-06-13 23:00:11.580913: val_loss -0.084
2026-06-13 23:00:11.582453: Pseudo dice [0.1573]
2026-06-13 23:00:11.584265: Epoch time: 22.61 s
2026-06-13 23:00:12.685472: 
2026-06-13 23:00:12.687394: Epoch 627
2026-06-13 23:00:12.688911: Current learning rate: 0.00412
2026-06-13 23:00:35.347478: train_loss -0.7409
2026-06-13 23:00:35.350796: val_loss -0.263
2026-06-13 23:00:35.352219: Pseudo dice [0.2433]
2026-06-13 23:00:35.353599: Epoch time: 22.66 s
2026-06-13 23:00:36.458459: 
2026-06-13 23:00:36.460020: Epoch 628
2026-06-13 23:00:36.461407: Current learning rate: 0.00411
2026-06-13 23:00:59.070003: train_loss -0.7231
2026-06-13 23:00:59.073394: val_loss -0.3957
2026-06-13 23:00:59.075267: Pseudo dice [0.2921]
2026-06-13 23:00:59.076752: Epoch time: 22.61 s
2026-06-13 23:01:00.192583: 
2026-06-13 23:01:00.194545: Epoch 629
2026-06-13 23:01:00.196185: Current learning rate: 0.0041
2026-06-13 23:01:22.737081: train_loss -0.7332
2026-06-13 23:01:22.739868: val_loss -0.0456
2026-06-13 23:01:22.741374: Pseudo dice [0.1453]
2026-06-13 23:01:22.742917: Epoch time: 22.55 s
2026-06-13 23:01:23.863160: 
2026-06-13 23:01:23.865184: Epoch 630
2026-06-13 23:01:23.866714: Current learning rate: 0.00409
2026-06-13 23:01:46.422583: train_loss -0.7472
2026-06-13 23:01:46.426829: val_loss -0.2451
2026-06-13 23:01:46.428593: Pseudo dice [0.1828]
2026-06-13 23:01:46.430230: Epoch time: 22.56 s
2026-06-13 23:01:47.555655: 
2026-06-13 23:01:47.558878: Epoch 631
2026-06-13 23:01:47.562350: Current learning rate: 0.00408
2026-06-13 23:02:10.185085: train_loss -0.751
2026-06-13 23:02:10.187969: val_loss -0.2596
2026-06-13 23:02:10.189341: Pseudo dice [0.1933]
2026-06-13 23:02:10.190544: Epoch time: 22.63 s
2026-06-13 23:02:11.276250: 
2026-06-13 23:02:11.278269: Epoch 632
2026-06-13 23:02:11.279894: Current learning rate: 0.00407
2026-06-13 23:02:33.838344: train_loss -0.7484
2026-06-13 23:02:33.840739: val_loss -0.4748
2026-06-13 23:02:33.842140: Pseudo dice [0.3575]
2026-06-13 23:02:33.843459: Epoch time: 22.56 s
2026-06-13 23:02:34.939870: 
2026-06-13 23:02:34.941517: Epoch 633
2026-06-13 23:02:34.943170: Current learning rate: 0.00406
2026-06-13 23:02:57.585282: train_loss -0.7444
2026-06-13 23:02:57.588309: val_loss -0.0105
2026-06-13 23:02:57.589747: Pseudo dice [0.1159]
2026-06-13 23:02:57.591334: Epoch time: 22.65 s
2026-06-13 23:02:58.702377: 
2026-06-13 23:02:58.703982: Epoch 634
2026-06-13 23:02:58.705419: Current learning rate: 0.00405
2026-06-13 23:03:21.339809: train_loss -0.7328
2026-06-13 23:03:21.342814: val_loss -0.0773
2026-06-13 23:03:21.344414: Pseudo dice [0.1484]
2026-06-13 23:03:21.345970: Epoch time: 22.64 s
2026-06-13 23:03:22.443215: 
2026-06-13 23:03:22.445205: Epoch 635
2026-06-13 23:03:22.449122: Current learning rate: 0.00404
2026-06-13 23:03:45.064364: train_loss -0.737
2026-06-13 23:03:45.066893: val_loss 0.2278
2026-06-13 23:03:45.068309: Pseudo dice [0.0883]
2026-06-13 23:03:45.069647: Epoch time: 22.62 s
2026-06-13 23:03:46.204094: 
2026-06-13 23:03:46.205711: Epoch 636
2026-06-13 23:03:46.207124: Current learning rate: 0.00403
2026-06-13 23:04:08.918366: train_loss -0.7313
2026-06-13 23:04:08.921252: val_loss -0.0933
2026-06-13 23:04:08.922610: Pseudo dice [0.115]
2026-06-13 23:04:08.924535: Epoch time: 22.72 s
2026-06-13 23:04:10.559850: 
2026-06-13 23:04:10.561286: Epoch 637
2026-06-13 23:04:10.562507: Current learning rate: 0.00402
2026-06-13 23:04:33.092002: train_loss -0.7412
2026-06-13 23:04:33.095434: val_loss -0.3579
2026-06-13 23:04:33.096714: Pseudo dice [0.2969]
2026-06-13 23:04:33.098211: Epoch time: 22.53 s
2026-06-13 23:04:34.183049: 
2026-06-13 23:04:34.185120: Epoch 638
2026-06-13 23:04:34.186785: Current learning rate: 0.00401
2026-06-13 23:04:56.745744: train_loss -0.7341
2026-06-13 23:04:56.751133: val_loss -0.2512
2026-06-13 23:04:56.753324: Pseudo dice [0.2481]
2026-06-13 23:04:56.755377: Epoch time: 22.56 s
2026-06-13 23:04:57.860547: 
2026-06-13 23:04:57.862085: Epoch 639
2026-06-13 23:04:57.863519: Current learning rate: 0.004
2026-06-13 23:05:20.389912: train_loss -0.7316
2026-06-13 23:05:20.393180: val_loss -0.3864
2026-06-13 23:05:20.394620: Pseudo dice [0.3272]
2026-06-13 23:05:20.396041: Epoch time: 22.53 s
2026-06-13 23:05:21.498033: 
2026-06-13 23:05:21.499628: Epoch 640
2026-06-13 23:05:21.501215: Current learning rate: 0.00399
2026-06-13 23:05:44.106861: train_loss -0.7276
2026-06-13 23:05:44.109741: val_loss -0.4099
2026-06-13 23:05:44.111392: Pseudo dice [0.3356]
2026-06-13 23:05:44.113247: Epoch time: 22.61 s
2026-06-13 23:05:45.213204: 
2026-06-13 23:05:45.215041: Epoch 641
2026-06-13 23:05:45.216660: Current learning rate: 0.00398
2026-06-13 23:06:07.800018: train_loss -0.7427
2026-06-13 23:06:07.803033: val_loss -0.459
2026-06-13 23:06:07.804360: Pseudo dice [0.3813]
2026-06-13 23:06:07.805765: Epoch time: 22.59 s
2026-06-13 23:06:08.901741: 
2026-06-13 23:06:08.903213: Epoch 642
2026-06-13 23:06:08.904644: Current learning rate: 0.00397
2026-06-13 23:06:31.572407: train_loss -0.7426
2026-06-13 23:06:31.575332: val_loss -0.2832
2026-06-13 23:06:31.576731: Pseudo dice [0.2437]
2026-06-13 23:06:31.578268: Epoch time: 22.67 s
2026-06-13 23:06:32.691381: 
2026-06-13 23:06:32.693425: Epoch 643
2026-06-13 23:06:32.694871: Current learning rate: 0.00396
2026-06-13 23:06:55.274657: train_loss -0.7345
2026-06-13 23:06:55.278307: val_loss -0.1894
2026-06-13 23:06:55.280124: Pseudo dice [0.166]
2026-06-13 23:06:55.281929: Epoch time: 22.58 s
2026-06-13 23:06:56.381838: 
2026-06-13 23:06:56.383494: Epoch 644
2026-06-13 23:06:56.384985: Current learning rate: 0.00395
2026-06-13 23:07:19.094695: train_loss -0.749
2026-06-13 23:07:19.097799: val_loss -0.214
2026-06-13 23:07:19.099233: Pseudo dice [0.1928]
2026-06-13 23:07:19.100564: Epoch time: 22.71 s
2026-06-13 23:07:20.197863: 
2026-06-13 23:07:20.202685: Epoch 645
2026-06-13 23:07:20.204084: Current learning rate: 0.00394
2026-06-13 23:07:42.812066: train_loss -0.7499
2026-06-13 23:07:42.816170: val_loss -0.3939
2026-06-13 23:07:42.817654: Pseudo dice [0.3907]
2026-06-13 23:07:42.818988: Epoch time: 22.62 s
2026-06-13 23:07:43.921572: 
2026-06-13 23:07:43.923333: Epoch 646
2026-06-13 23:07:43.924690: Current learning rate: 0.00393
2026-06-13 23:08:06.470043: train_loss -0.7469
2026-06-13 23:08:06.472989: val_loss -0.2966
2026-06-13 23:08:06.474418: Pseudo dice [0.2401]
2026-06-13 23:08:06.475716: Epoch time: 22.55 s
2026-06-13 23:08:07.564340: 
2026-06-13 23:08:07.565907: Epoch 647
2026-06-13 23:08:07.567274: Current learning rate: 0.00392
2026-06-13 23:08:30.198173: train_loss -0.7372
2026-06-13 23:08:30.201931: val_loss -0.35
2026-06-13 23:08:30.204303: Pseudo dice [0.2775]
2026-06-13 23:08:30.205834: Epoch time: 22.63 s
2026-06-13 23:08:31.304959: 
2026-06-13 23:08:31.306515: Epoch 648
2026-06-13 23:08:31.307829: Current learning rate: 0.00391
2026-06-13 23:08:53.885115: train_loss -0.7464
2026-06-13 23:08:53.888104: val_loss -0.1258
2026-06-13 23:08:53.889438: Pseudo dice [0.179]
2026-06-13 23:08:53.890953: Epoch time: 22.58 s
2026-06-13 23:08:55.029186: 
2026-06-13 23:08:55.033386: Epoch 649
2026-06-13 23:08:55.034834: Current learning rate: 0.0039
2026-06-13 23:09:17.540552: train_loss -0.7531
2026-06-13 23:09:17.543596: val_loss -0.1835
2026-06-13 23:09:17.545010: Pseudo dice [0.1981]
2026-06-13 23:09:17.546465: Epoch time: 22.51 s
2026-06-13 23:09:19.135388: 
2026-06-13 23:09:19.137256: Epoch 650
2026-06-13 23:09:19.138916: Current learning rate: 0.00389
2026-06-13 23:09:41.666094: train_loss -0.7336
2026-06-13 23:09:41.668878: val_loss -0.3746
2026-06-13 23:09:41.670299: Pseudo dice [0.2993]
2026-06-13 23:09:41.672049: Epoch time: 22.53 s
2026-06-13 23:09:42.772620: 
2026-06-13 23:09:42.774679: Epoch 651
2026-06-13 23:09:42.776111: Current learning rate: 0.00388
2026-06-13 23:10:05.253779: train_loss -0.7321
2026-06-13 23:10:05.258276: val_loss -0.4161
2026-06-13 23:10:05.260518: Pseudo dice [0.3492]
2026-06-13 23:10:05.262051: Epoch time: 22.48 s
2026-06-13 23:10:06.361583: 
2026-06-13 23:10:06.363154: Epoch 652
2026-06-13 23:10:06.364722: Current learning rate: 0.00387
2026-06-13 23:10:28.847737: train_loss -0.7242
2026-06-13 23:10:28.850652: val_loss -0.3707
2026-06-13 23:10:28.852353: Pseudo dice [0.3275]
2026-06-13 23:10:28.853723: Epoch time: 22.49 s
2026-06-13 23:10:29.951122: 
2026-06-13 23:10:29.952688: Epoch 653
2026-06-13 23:10:29.954099: Current learning rate: 0.00386
2026-06-13 23:10:52.557095: train_loss -0.7512
2026-06-13 23:10:52.561815: val_loss -0.3937
2026-06-13 23:10:52.564170: Pseudo dice [0.2739]
2026-06-13 23:10:52.565660: Epoch time: 22.61 s
2026-06-13 23:10:54.258209: 
2026-06-13 23:10:54.259802: Epoch 654
2026-06-13 23:10:54.261295: Current learning rate: 0.00385
2026-06-13 23:11:16.854328: train_loss -0.7466
2026-06-13 23:11:16.857353: val_loss -0.1057
2026-06-13 23:11:16.858713: Pseudo dice [0.1912]
2026-06-13 23:11:16.860274: Epoch time: 22.6 s
2026-06-13 23:11:17.982955: 
2026-06-13 23:11:17.985249: Epoch 655
2026-06-13 23:11:17.987795: Current learning rate: 0.00384
2026-06-13 23:11:40.553827: train_loss -0.7266
2026-06-13 23:11:40.558053: val_loss -0.0809
2026-06-13 23:11:40.560035: Pseudo dice [0.129]
2026-06-13 23:11:40.561834: Epoch time: 22.57 s
2026-06-13 23:11:41.668645: 
2026-06-13 23:11:41.670509: Epoch 656
2026-06-13 23:11:41.672319: Current learning rate: 0.00383
2026-06-13 23:12:04.315316: train_loss -0.7371
2026-06-13 23:12:04.318507: val_loss 0.0524
2026-06-13 23:12:04.321202: Pseudo dice [0.1253]
2026-06-13 23:12:04.323863: Epoch time: 22.65 s
2026-06-13 23:12:05.471199: 
2026-06-13 23:12:05.474068: Epoch 657
2026-06-13 23:12:05.476232: Current learning rate: 0.00382
2026-06-13 23:12:28.184479: train_loss -0.7503
2026-06-13 23:12:28.187609: val_loss -0.3746
2026-06-13 23:12:28.188915: Pseudo dice [0.2785]
2026-06-13 23:12:28.190287: Epoch time: 22.71 s
2026-06-13 23:12:29.290234: 
2026-06-13 23:12:29.292015: Epoch 658
2026-06-13 23:12:29.293423: Current learning rate: 0.00381
2026-06-13 23:12:51.847646: train_loss -0.7292
2026-06-13 23:12:51.850158: val_loss -0.2858
2026-06-13 23:12:51.851576: Pseudo dice [0.2502]
2026-06-13 23:12:51.853032: Epoch time: 22.56 s
2026-06-13 23:12:52.962815: 
2026-06-13 23:12:52.964964: Epoch 659
2026-06-13 23:12:52.966481: Current learning rate: 0.0038
2026-06-13 23:13:15.525083: train_loss -0.7502
2026-06-13 23:13:15.530932: val_loss -0.1596
2026-06-13 23:13:15.533314: Pseudo dice [0.1909]
2026-06-13 23:13:15.534563: Epoch time: 22.56 s
2026-06-13 23:13:16.662035: 
2026-06-13 23:13:16.663577: Epoch 660
2026-06-13 23:13:16.666017: Current learning rate: 0.00379
2026-06-13 23:13:39.315282: train_loss -0.7344
2026-06-13 23:13:39.319712: val_loss -0.4711
2026-06-13 23:13:39.321436: Pseudo dice [0.414]
2026-06-13 23:13:39.323303: Epoch time: 22.65 s
2026-06-13 23:13:40.466341: 
2026-06-13 23:13:40.471207: Epoch 661
2026-06-13 23:13:40.476695: Current learning rate: 0.00378
2026-06-13 23:14:03.088944: train_loss -0.7399
2026-06-13 23:14:03.091517: val_loss -0.3636
2026-06-13 23:14:03.098271: Pseudo dice [0.2921]
2026-06-13 23:14:03.099720: Epoch time: 22.62 s
2026-06-13 23:14:04.221720: 
2026-06-13 23:14:04.223476: Epoch 662
2026-06-13 23:14:04.224954: Current learning rate: 0.00377
2026-06-13 23:14:26.832803: train_loss -0.7579
2026-06-13 23:14:26.835464: val_loss -0.0353
2026-06-13 23:14:26.837682: Pseudo dice [0.1332]
2026-06-13 23:14:26.838987: Epoch time: 22.61 s
2026-06-13 23:14:27.938601: 
2026-06-13 23:14:27.940219: Epoch 663
2026-06-13 23:14:27.941647: Current learning rate: 0.00376
2026-06-13 23:14:50.487715: train_loss -0.7492
2026-06-13 23:14:50.490766: val_loss -0.3364
2026-06-13 23:14:50.492287: Pseudo dice [0.2837]
2026-06-13 23:14:50.493998: Epoch time: 22.55 s
2026-06-13 23:14:51.601899: 
2026-06-13 23:14:51.603530: Epoch 664
2026-06-13 23:14:51.605023: Current learning rate: 0.00375
2026-06-13 23:15:14.228626: train_loss -0.7285
2026-06-13 23:15:14.231319: val_loss -0.193
2026-06-13 23:15:14.233352: Pseudo dice [0.1847]
2026-06-13 23:15:14.235656: Epoch time: 22.63 s
2026-06-13 23:15:15.345668: 
2026-06-13 23:15:15.347356: Epoch 665
2026-06-13 23:15:15.349261: Current learning rate: 0.00374
2026-06-13 23:15:37.930947: train_loss -0.7371
2026-06-13 23:15:37.935410: val_loss -0.5152
2026-06-13 23:15:37.937393: Pseudo dice [0.54]
2026-06-13 23:15:37.940069: Epoch time: 22.59 s
2026-06-13 23:15:39.071701: 
2026-06-13 23:15:39.074425: Epoch 666
2026-06-13 23:15:39.077126: Current learning rate: 0.00373
2026-06-13 23:16:01.684566: train_loss -0.7223
2026-06-13 23:16:01.688138: val_loss -0.2175
2026-06-13 23:16:01.689733: Pseudo dice [0.1754]
2026-06-13 23:16:01.691186: Epoch time: 22.61 s
2026-06-13 23:16:02.911718: 
2026-06-13 23:16:02.916139: Epoch 667
2026-06-13 23:16:02.919235: Current learning rate: 0.00372
2026-06-13 23:16:25.398121: train_loss -0.7589
2026-06-13 23:16:25.400926: val_loss -0.2599
2026-06-13 23:16:25.404012: Pseudo dice [0.2011]
2026-06-13 23:16:25.405820: Epoch time: 22.49 s
2026-06-13 23:16:26.537339: 
2026-06-13 23:16:26.538955: Epoch 668
2026-06-13 23:16:26.540372: Current learning rate: 0.00371
2026-06-13 23:16:49.107257: train_loss -0.735
2026-06-13 23:16:49.109938: val_loss -0.1055
2026-06-13 23:16:49.111648: Pseudo dice [0.1524]
2026-06-13 23:16:49.112932: Epoch time: 22.57 s
2026-06-13 23:16:50.293992: 
2026-06-13 23:16:50.295716: Epoch 669
2026-06-13 23:16:50.297051: Current learning rate: 0.0037
2026-06-13 23:17:12.896263: train_loss -0.7484
2026-06-13 23:17:12.899033: val_loss -0.4636
2026-06-13 23:17:12.900553: Pseudo dice [0.4299]
2026-06-13 23:17:12.901865: Epoch time: 22.6 s
2026-06-13 23:17:14.012329: 
2026-06-13 23:17:14.014175: Epoch 670
2026-06-13 23:17:14.015736: Current learning rate: 0.00369
2026-06-13 23:17:36.545904: train_loss -0.7273
2026-06-13 23:17:36.548860: val_loss 0.0432
2026-06-13 23:17:36.550999: Pseudo dice [0.1369]
2026-06-13 23:17:36.553437: Epoch time: 22.53 s
2026-06-13 23:17:38.253977: 
2026-06-13 23:17:38.255998: Epoch 671
2026-06-13 23:17:38.257503: Current learning rate: 0.00368
2026-06-13 23:18:00.896567: train_loss -0.7488
2026-06-13 23:18:00.900622: val_loss -0.3384
2026-06-13 23:18:00.902287: Pseudo dice [0.2379]
2026-06-13 23:18:00.909281: Epoch time: 22.64 s
2026-06-13 23:18:02.026723: 
2026-06-13 23:18:02.032973: Epoch 672
2026-06-13 23:18:02.034338: Current learning rate: 0.00367
2026-06-13 23:18:24.610310: train_loss -0.7494
2026-06-13 23:18:24.613238: val_loss -0.2243
2026-06-13 23:18:24.614593: Pseudo dice [0.2127]
2026-06-13 23:18:24.616038: Epoch time: 22.58 s
2026-06-13 23:18:25.726843: 
2026-06-13 23:18:25.728348: Epoch 673
2026-06-13 23:18:25.729773: Current learning rate: 0.00366
2026-06-13 23:18:48.318656: train_loss -0.7315
2026-06-13 23:18:48.321617: val_loss -0.4827
2026-06-13 23:18:48.323108: Pseudo dice [0.4021]
2026-06-13 23:18:48.324657: Epoch time: 22.59 s
2026-06-13 23:18:49.461233: 
2026-06-13 23:18:49.464086: Epoch 674
2026-06-13 23:18:49.465997: Current learning rate: 0.00365
2026-06-13 23:19:11.960192: train_loss -0.7347
2026-06-13 23:19:11.967499: val_loss -0.4072
2026-06-13 23:19:11.970571: Pseudo dice [0.3682]
2026-06-13 23:19:11.972151: Epoch time: 22.5 s
2026-06-13 23:19:13.093071: 
2026-06-13 23:19:13.094770: Epoch 675
2026-06-13 23:19:13.096350: Current learning rate: 0.00364
2026-06-13 23:19:35.658009: train_loss -0.7438
2026-06-13 23:19:35.661273: val_loss -0.1421
2026-06-13 23:19:35.662637: Pseudo dice [0.159]
2026-06-13 23:19:35.664073: Epoch time: 22.57 s
2026-06-13 23:19:36.788370: 
2026-06-13 23:19:36.789820: Epoch 676
2026-06-13 23:19:36.791019: Current learning rate: 0.00363
2026-06-13 23:19:59.395613: train_loss -0.7545
2026-06-13 23:19:59.398213: val_loss -0.1754
2026-06-13 23:19:59.399436: Pseudo dice [0.1651]
2026-06-13 23:19:59.400709: Epoch time: 22.61 s
2026-06-13 23:20:00.506134: 
2026-06-13 23:20:00.507774: Epoch 677
2026-06-13 23:20:00.509165: Current learning rate: 0.00362
2026-06-13 23:20:23.103733: train_loss -0.7483
2026-06-13 23:20:23.106158: val_loss -0.272
2026-06-13 23:20:23.107445: Pseudo dice [0.2107]
2026-06-13 23:20:23.108707: Epoch time: 22.6 s
2026-06-13 23:20:24.234342: 
2026-06-13 23:20:24.236054: Epoch 678
2026-06-13 23:20:24.237540: Current learning rate: 0.00361
2026-06-13 23:20:46.896435: train_loss -0.7445
2026-06-13 23:20:46.899433: val_loss -0.4136
2026-06-13 23:20:46.900958: Pseudo dice [0.294]
2026-06-13 23:20:46.902281: Epoch time: 22.66 s
2026-06-13 23:20:48.053277: 
2026-06-13 23:20:48.054826: Epoch 679
2026-06-13 23:20:48.056243: Current learning rate: 0.0036
2026-06-13 23:21:10.635190: train_loss -0.7296
2026-06-13 23:21:10.638089: val_loss -0.342
2026-06-13 23:21:10.639534: Pseudo dice [0.2963]
2026-06-13 23:21:10.641067: Epoch time: 22.58 s
2026-06-13 23:21:11.779319: 
2026-06-13 23:21:11.781308: Epoch 680
2026-06-13 23:21:11.783047: Current learning rate: 0.00359
2026-06-13 23:21:34.372912: train_loss -0.7424
2026-06-13 23:21:34.375620: val_loss 0.229
2026-06-13 23:21:34.378265: Pseudo dice [0.0879]
2026-06-13 23:21:34.380237: Epoch time: 22.59 s
2026-06-13 23:21:35.519214: 
2026-06-13 23:21:35.521196: Epoch 681
2026-06-13 23:21:35.523494: Current learning rate: 0.00358
2026-06-13 23:21:58.108976: train_loss -0.7538
2026-06-13 23:21:58.114430: val_loss -0.0832
2026-06-13 23:21:58.115963: Pseudo dice [0.1424]
2026-06-13 23:21:58.117857: Epoch time: 22.59 s
2026-06-13 23:21:59.243370: 
2026-06-13 23:21:59.244863: Epoch 682
2026-06-13 23:21:59.246423: Current learning rate: 0.00357
2026-06-13 23:22:21.783578: train_loss -0.7499
2026-06-13 23:22:21.786213: val_loss -0.0935
2026-06-13 23:22:21.787724: Pseudo dice [0.1706]
2026-06-13 23:22:21.789100: Epoch time: 22.54 s
2026-06-13 23:22:22.905209: 
2026-06-13 23:22:22.906649: Epoch 683
2026-06-13 23:22:22.908154: Current learning rate: 0.00356
2026-06-13 23:22:45.499747: train_loss -0.7572
2026-06-13 23:22:45.503433: val_loss -0.2508
2026-06-13 23:22:45.504777: Pseudo dice [0.1927]
2026-06-13 23:22:45.506260: Epoch time: 22.6 s
2026-06-13 23:22:46.670251: 
2026-06-13 23:22:46.672409: Epoch 684
2026-06-13 23:22:46.673721: Current learning rate: 0.00355
2026-06-13 23:23:09.175317: train_loss -0.7571
2026-06-13 23:23:09.177963: val_loss -0.4536
2026-06-13 23:23:09.179382: Pseudo dice [0.3352]
2026-06-13 23:23:09.180792: Epoch time: 22.51 s
2026-06-13 23:23:10.321208: 
2026-06-13 23:23:10.322792: Epoch 685
2026-06-13 23:23:10.324134: Current learning rate: 0.00354
2026-06-13 23:23:32.928587: train_loss -0.7462
2026-06-13 23:23:32.931361: val_loss -0.5154
2026-06-13 23:23:32.932915: Pseudo dice [0.5322]
2026-06-13 23:23:32.934300: Epoch time: 22.61 s
2026-06-13 23:23:34.067279: 
2026-06-13 23:23:34.069089: Epoch 686
2026-06-13 23:23:34.070738: Current learning rate: 0.00353
2026-06-13 23:23:56.683393: train_loss -0.7572
2026-06-13 23:23:56.687454: val_loss -0.2271
2026-06-13 23:23:56.688890: Pseudo dice [0.2111]
2026-06-13 23:23:56.690475: Epoch time: 22.62 s
2026-06-13 23:23:58.374424: 
2026-06-13 23:23:58.376115: Epoch 687
2026-06-13 23:23:58.377314: Current learning rate: 0.00352
2026-06-13 23:24:20.995207: train_loss -0.7762
2026-06-13 23:24:20.998687: val_loss -0.222
2026-06-13 23:24:20.999964: Pseudo dice [0.2007]
2026-06-13 23:24:21.001375: Epoch time: 22.62 s
2026-06-13 23:24:22.127515: 
2026-06-13 23:24:22.129078: Epoch 688
2026-06-13 23:24:22.130398: Current learning rate: 0.00351
2026-06-13 23:24:44.674976: train_loss -0.7607
2026-06-13 23:24:44.677575: val_loss -0.1708
2026-06-13 23:24:44.678986: Pseudo dice [0.1698]
2026-06-13 23:24:44.680393: Epoch time: 22.55 s
2026-06-13 23:24:45.782676: 
2026-06-13 23:24:45.784275: Epoch 689
2026-06-13 23:24:45.785655: Current learning rate: 0.0035
2026-06-13 23:25:08.286342: train_loss -0.757
2026-06-13 23:25:08.289009: val_loss -0.2794
2026-06-13 23:25:08.290373: Pseudo dice [0.2393]
2026-06-13 23:25:08.291781: Epoch time: 22.5 s
2026-06-13 23:25:09.407320: 
2026-06-13 23:25:09.408895: Epoch 690
2026-06-13 23:25:09.410275: Current learning rate: 0.00349
2026-06-13 23:25:32.036091: train_loss -0.7597
2026-06-13 23:25:32.039309: val_loss -0.3417
2026-06-13 23:25:32.040614: Pseudo dice [0.2646]
2026-06-13 23:25:32.042675: Epoch time: 22.63 s
2026-06-13 23:25:33.160987: 
2026-06-13 23:25:33.162531: Epoch 691
2026-06-13 23:25:33.164111: Current learning rate: 0.00348
2026-06-13 23:25:55.743010: train_loss -0.7563
2026-06-13 23:25:55.747575: val_loss -0.1303
2026-06-13 23:25:55.749251: Pseudo dice [0.1826]
2026-06-13 23:25:55.750865: Epoch time: 22.58 s
2026-06-13 23:25:56.839693: 
2026-06-13 23:25:56.841533: Epoch 692
2026-06-13 23:25:56.843338: Current learning rate: 0.00346
2026-06-13 23:26:19.500756: train_loss -0.7312
2026-06-13 23:26:19.503304: val_loss -0.2574
2026-06-13 23:26:19.504622: Pseudo dice [0.2363]
2026-06-13 23:26:19.505953: Epoch time: 22.66 s
2026-06-13 23:26:20.568677: 
2026-06-13 23:26:20.570276: Epoch 693
2026-06-13 23:26:20.571907: Current learning rate: 0.00345
2026-06-13 23:26:43.137417: train_loss -0.7439
2026-06-13 23:26:43.140480: val_loss -0.4946
2026-06-13 23:26:43.142001: Pseudo dice [0.5107]
2026-06-13 23:26:43.143325: Epoch time: 22.57 s
2026-06-13 23:26:44.212251: 
2026-06-13 23:26:44.213835: Epoch 694
2026-06-13 23:26:44.215970: Current learning rate: 0.00344
2026-06-13 23:27:06.910425: train_loss -0.7602
2026-06-13 23:27:06.913213: val_loss -0.4016
2026-06-13 23:27:06.914660: Pseudo dice [0.2918]
2026-06-13 23:27:06.916123: Epoch time: 22.7 s
2026-06-13 23:27:07.985545: 
2026-06-13 23:27:07.988042: Epoch 695
2026-06-13 23:27:07.989886: Current learning rate: 0.00343
2026-06-13 23:27:30.587584: train_loss -0.7557
2026-06-13 23:27:30.590529: val_loss -0.1146
2026-06-13 23:27:30.592032: Pseudo dice [0.139]
2026-06-13 23:27:30.593399: Epoch time: 22.6 s
2026-06-13 23:27:31.666950: 
2026-06-13 23:27:31.668383: Epoch 696
2026-06-13 23:27:31.669616: Current learning rate: 0.00342
2026-06-13 23:27:54.207060: train_loss -0.7592
2026-06-13 23:27:54.211085: val_loss -0.3666
2026-06-13 23:27:54.212589: Pseudo dice [0.2726]
2026-06-13 23:27:54.213919: Epoch time: 22.54 s
2026-06-13 23:27:55.285332: 
2026-06-13 23:27:55.287760: Epoch 697
2026-06-13 23:27:55.289514: Current learning rate: 0.00341
2026-06-13 23:28:17.979807: train_loss -0.7694
2026-06-13 23:28:17.983626: val_loss -0.2911
2026-06-13 23:28:17.986391: Pseudo dice [0.2261]
2026-06-13 23:28:17.988456: Epoch time: 22.7 s
2026-06-13 23:28:19.068523: 
2026-06-13 23:28:19.069983: Epoch 698
2026-06-13 23:28:19.071285: Current learning rate: 0.0034
2026-06-13 23:28:41.716113: train_loss -0.7468
2026-06-13 23:28:41.719501: val_loss -0.3593
2026-06-13 23:28:41.721346: Pseudo dice [0.2759]
2026-06-13 23:28:41.723131: Epoch time: 22.65 s
2026-06-13 23:28:42.816631: 
2026-06-13 23:28:42.818507: Epoch 699
2026-06-13 23:28:42.820124: Current learning rate: 0.00339
2026-06-13 23:29:05.395644: train_loss -0.7457
2026-06-13 23:29:05.398873: val_loss -0.4418
2026-06-13 23:29:05.400353: Pseudo dice [0.3697]
2026-06-13 23:29:05.401701: Epoch time: 22.58 s
2026-06-13 23:29:06.963537: 
2026-06-13 23:29:06.965094: Epoch 700
2026-06-13 23:29:06.966447: Current learning rate: 0.00338
2026-06-13 23:29:29.555474: train_loss -0.7272
2026-06-13 23:29:29.559464: val_loss -0.3659
2026-06-13 23:29:29.560963: Pseudo dice [0.3042]
2026-06-13 23:29:29.562402: Epoch time: 22.59 s
2026-06-13 23:29:30.633293: 
2026-06-13 23:29:30.634944: Epoch 701
2026-06-13 23:29:30.636315: Current learning rate: 0.00337
2026-06-13 23:29:53.238399: train_loss -0.7507
2026-06-13 23:29:53.242830: val_loss -0.3639
2026-06-13 23:29:53.244626: Pseudo dice [0.3037]
2026-06-13 23:29:53.246272: Epoch time: 22.61 s
2026-06-13 23:29:54.381542: 
2026-06-13 23:29:54.383138: Epoch 702
2026-06-13 23:29:54.384524: Current learning rate: 0.00336
2026-06-13 23:30:16.956297: train_loss -0.7449
2026-06-13 23:30:16.962263: val_loss -0.2567
2026-06-13 23:30:16.963958: Pseudo dice [0.2183]
2026-06-13 23:30:16.965344: Epoch time: 22.58 s
2026-06-13 23:30:18.036018: 
2026-06-13 23:30:18.037685: Epoch 703
2026-06-13 23:30:18.039075: Current learning rate: 0.00335
2026-06-13 23:30:40.711166: train_loss -0.7469
2026-06-13 23:30:40.713789: val_loss -0.4935
2026-06-13 23:30:40.716775: Pseudo dice [0.4271]
2026-06-13 23:30:40.718478: Epoch time: 22.68 s
2026-06-13 23:30:42.368674: 
2026-06-13 23:30:42.370102: Epoch 704
2026-06-13 23:30:42.371409: Current learning rate: 0.00334
2026-06-13 23:31:05.083078: train_loss -0.7516
2026-06-13 23:31:05.088120: val_loss -0.3112
2026-06-13 23:31:05.089462: Pseudo dice [0.2555]
2026-06-13 23:31:05.090876: Epoch time: 22.72 s
2026-06-13 23:31:06.155547: 
2026-06-13 23:31:06.157120: Epoch 705
2026-06-13 23:31:06.158630: Current learning rate: 0.00333
2026-06-13 23:31:28.820756: train_loss -0.7466
2026-06-13 23:31:28.824197: val_loss -0.4586
2026-06-13 23:31:28.825532: Pseudo dice [0.3422]
2026-06-13 23:31:28.827096: Epoch time: 22.67 s
2026-06-13 23:31:29.903053: 
2026-06-13 23:31:29.904589: Epoch 706
2026-06-13 23:31:29.905920: Current learning rate: 0.00332
2026-06-13 23:31:52.465192: train_loss -0.736
2026-06-13 23:31:52.472397: val_loss -0.1468
2026-06-13 23:31:52.475167: Pseudo dice [0.1926]
2026-06-13 23:31:52.476697: Epoch time: 22.56 s
2026-06-13 23:31:53.539682: 
2026-06-13 23:31:53.541463: Epoch 707
2026-06-13 23:31:53.542859: Current learning rate: 0.00331
2026-06-13 23:32:16.199242: train_loss -0.7499
2026-06-13 23:32:16.201883: val_loss -0.4099
2026-06-13 23:32:16.203170: Pseudo dice [0.4109]
2026-06-13 23:32:16.204494: Epoch time: 22.66 s
2026-06-13 23:32:17.285682: 
2026-06-13 23:32:17.288226: Epoch 708
2026-06-13 23:32:17.289646: Current learning rate: 0.0033
2026-06-13 23:32:39.919835: train_loss -0.7516
2026-06-13 23:32:39.923899: val_loss -0.5059
2026-06-13 23:32:39.925274: Pseudo dice [0.4075]
2026-06-13 23:32:39.926666: Epoch time: 22.64 s
2026-06-13 23:32:41.001469: 
2026-06-13 23:32:41.003978: Epoch 709
2026-06-13 23:32:41.005616: Current learning rate: 0.00329
2026-06-13 23:33:03.546006: train_loss -0.7701
2026-06-13 23:33:03.548429: val_loss -0.1679
2026-06-13 23:33:03.553384: Pseudo dice [0.1831]
2026-06-13 23:33:03.554783: Epoch time: 22.55 s
2026-06-13 23:33:04.633943: 
2026-06-13 23:33:04.635293: Epoch 710
2026-06-13 23:33:04.636459: Current learning rate: 0.00328
2026-06-13 23:33:27.214389: train_loss -0.7654
2026-06-13 23:33:27.217203: val_loss -0.1966
2026-06-13 23:33:27.218772: Pseudo dice [0.2149]
2026-06-13 23:33:27.220149: Epoch time: 22.58 s
2026-06-13 23:33:28.296251: 
2026-06-13 23:33:28.297788: Epoch 711
2026-06-13 23:33:28.299053: Current learning rate: 0.00327
2026-06-13 23:33:50.931594: train_loss -0.7548
2026-06-13 23:33:50.935286: val_loss -0.2493
2026-06-13 23:33:50.936870: Pseudo dice [0.2481]
2026-06-13 23:33:50.938536: Epoch time: 22.64 s
2026-06-13 23:33:52.011038: 
2026-06-13 23:33:52.012976: Epoch 712
2026-06-13 23:33:52.014602: Current learning rate: 0.00326
2026-06-13 23:34:14.705416: train_loss -0.7493
2026-06-13 23:34:14.708365: val_loss -0.1894
2026-06-13 23:34:14.710068: Pseudo dice [0.1981]
2026-06-13 23:34:14.711603: Epoch time: 22.7 s
2026-06-13 23:34:15.785419: 
2026-06-13 23:34:15.786984: Epoch 713
2026-06-13 23:34:15.788805: Current learning rate: 0.00325
2026-06-13 23:34:38.342249: train_loss -0.7419
2026-06-13 23:34:38.344868: val_loss -0.3456
2026-06-13 23:34:38.346216: Pseudo dice [0.3151]
2026-06-13 23:34:38.347777: Epoch time: 22.56 s
2026-06-13 23:34:39.420816: 
2026-06-13 23:34:39.422244: Epoch 714
2026-06-13 23:34:39.423609: Current learning rate: 0.00324
2026-06-13 23:35:02.088265: train_loss -0.7481
2026-06-13 23:35:02.090898: val_loss -0.4705
2026-06-13 23:35:02.092240: Pseudo dice [0.4477]
2026-06-13 23:35:02.093975: Epoch time: 22.67 s
2026-06-13 23:35:03.170893: 
2026-06-13 23:35:03.172486: Epoch 715
2026-06-13 23:35:03.173909: Current learning rate: 0.00323
2026-06-13 23:35:25.751520: train_loss -0.7459
2026-06-13 23:35:25.754387: val_loss -0.2778
2026-06-13 23:35:25.755752: Pseudo dice [0.2656]
2026-06-13 23:35:25.757233: Epoch time: 22.58 s
2026-06-13 23:35:26.840308: 
2026-06-13 23:35:26.841877: Epoch 716
2026-06-13 23:35:26.843188: Current learning rate: 0.00322
2026-06-13 23:35:49.477532: train_loss -0.7457
2026-06-13 23:35:49.480122: val_loss -0.2035
2026-06-13 23:35:49.481450: Pseudo dice [0.1998]
2026-06-13 23:35:49.482831: Epoch time: 22.64 s
2026-06-13 23:35:50.562516: 
2026-06-13 23:35:50.564004: Epoch 717
2026-06-13 23:35:50.565451: Current learning rate: 0.00321
2026-06-13 23:36:13.180056: train_loss -0.7579
2026-06-13 23:36:13.182741: val_loss -0.4761
2026-06-13 23:36:13.184201: Pseudo dice [0.3685]
2026-06-13 23:36:13.185513: Epoch time: 22.62 s
2026-06-13 23:36:14.259037: 
2026-06-13 23:36:14.260279: Epoch 718
2026-06-13 23:36:14.261663: Current learning rate: 0.0032
2026-06-13 23:36:36.863010: train_loss -0.7403
2026-06-13 23:36:36.867379: val_loss -0.0518
2026-06-13 23:36:36.869743: Pseudo dice [0.1374]
2026-06-13 23:36:36.871854: Epoch time: 22.6 s
2026-06-13 23:36:37.949605: 
2026-06-13 23:36:37.951172: Epoch 719
2026-06-13 23:36:37.952507: Current learning rate: 0.00319
2026-06-13 23:37:00.688824: train_loss -0.7466
2026-06-13 23:37:00.691195: val_loss -0.5045
2026-06-13 23:37:00.693017: Pseudo dice [0.4751]
2026-06-13 23:37:00.694364: Epoch time: 22.74 s
2026-06-13 23:37:01.780132: 
2026-06-13 23:37:01.781575: Epoch 720
2026-06-13 23:37:01.782834: Current learning rate: 0.00318
2026-06-13 23:37:24.386642: train_loss -0.757
2026-06-13 23:37:24.390589: val_loss -0.295
2026-06-13 23:37:24.391948: Pseudo dice [0.2382]
2026-06-13 23:37:24.393567: Epoch time: 22.61 s
2026-06-13 23:37:26.024799: 
2026-06-13 23:37:26.026904: Epoch 721
2026-06-13 23:37:26.028437: Current learning rate: 0.00317
2026-06-13 23:37:48.651628: train_loss -0.7477
2026-06-13 23:37:48.663542: val_loss -0.2967
2026-06-13 23:37:48.666063: Pseudo dice [0.2567]
2026-06-13 23:37:48.667714: Epoch time: 22.63 s
2026-06-13 23:37:49.816988: 
2026-06-13 23:37:49.818614: Epoch 722
2026-06-13 23:37:49.820533: Current learning rate: 0.00316
2026-06-13 23:38:12.468489: train_loss -0.7582
2026-06-13 23:38:12.471171: val_loss -0.4033
2026-06-13 23:38:12.472530: Pseudo dice [0.3251]
2026-06-13 23:38:12.474299: Epoch time: 22.65 s
2026-06-13 23:38:13.566577: 
2026-06-13 23:38:13.568207: Epoch 723
2026-06-13 23:38:13.569892: Current learning rate: 0.00315
2026-06-13 23:38:36.168381: train_loss -0.7498
2026-06-13 23:38:36.171590: val_loss -0.3584
2026-06-13 23:38:36.173059: Pseudo dice [0.2918]
2026-06-13 23:38:36.174382: Epoch time: 22.6 s
2026-06-13 23:38:37.245884: 
2026-06-13 23:38:37.247392: Epoch 724
2026-06-13 23:38:37.248786: Current learning rate: 0.00314
2026-06-13 23:38:59.789401: train_loss -0.7437
2026-06-13 23:38:59.792094: val_loss -0.1885
2026-06-13 23:38:59.793648: Pseudo dice [0.1997]
2026-06-13 23:38:59.794864: Epoch time: 22.54 s
2026-06-13 23:39:00.870133: 
2026-06-13 23:39:00.871733: Epoch 725
2026-06-13 23:39:00.873045: Current learning rate: 0.00313
2026-06-13 23:39:23.444659: train_loss -0.7377
2026-06-13 23:39:23.447933: val_loss -0.4599
2026-06-13 23:39:23.449291: Pseudo dice [0.3928]
2026-06-13 23:39:23.450706: Epoch time: 22.58 s
2026-06-13 23:39:24.540754: 
2026-06-13 23:39:24.542462: Epoch 726
2026-06-13 23:39:24.544075: Current learning rate: 0.00312
2026-06-13 23:39:47.108910: train_loss -0.7435
2026-06-13 23:39:47.111458: val_loss -0.2367
2026-06-13 23:39:47.112778: Pseudo dice [0.1873]
2026-06-13 23:39:47.114078: Epoch time: 22.57 s
2026-06-13 23:39:48.200680: 
2026-06-13 23:39:48.202153: Epoch 727
2026-06-13 23:39:48.203645: Current learning rate: 0.00311
2026-06-13 23:40:10.852411: train_loss -0.7402
2026-06-13 23:40:10.855758: val_loss -0.3636
2026-06-13 23:40:10.857544: Pseudo dice [0.2726]
2026-06-13 23:40:10.859864: Epoch time: 22.65 s
2026-06-13 23:40:11.951052: 
2026-06-13 23:40:11.954435: Epoch 728
2026-06-13 23:40:11.957016: Current learning rate: 0.0031
2026-06-13 23:40:34.505600: train_loss -0.7458
2026-06-13 23:40:34.509059: val_loss -0.3925
2026-06-13 23:40:34.510680: Pseudo dice [0.2895]
2026-06-13 23:40:34.512074: Epoch time: 22.56 s
2026-06-13 23:40:35.596606: 
2026-06-13 23:40:35.598203: Epoch 729
2026-06-13 23:40:35.599725: Current learning rate: 0.00309
2026-06-13 23:40:58.089881: train_loss -0.7427
2026-06-13 23:40:58.093940: val_loss -0.1584
2026-06-13 23:40:58.096087: Pseudo dice [0.1715]
2026-06-13 23:40:58.097906: Epoch time: 22.49 s
2026-06-13 23:40:59.177716: 
2026-06-13 23:40:59.179224: Epoch 730
2026-06-13 23:40:59.180437: Current learning rate: 0.00308
2026-06-13 23:41:21.835555: train_loss -0.741
2026-06-13 23:41:21.837982: val_loss -0.2844
2026-06-13 23:41:21.839371: Pseudo dice [0.2178]
2026-06-13 23:41:21.840537: Epoch time: 22.66 s
2026-06-13 23:41:22.918338: 
2026-06-13 23:41:22.919787: Epoch 731
2026-06-13 23:41:22.921624: Current learning rate: 0.00307
2026-06-13 23:41:45.458079: train_loss -0.757
2026-06-13 23:41:45.460242: val_loss -0.3717
2026-06-13 23:41:45.461552: Pseudo dice [0.2816]
2026-06-13 23:41:45.462832: Epoch time: 22.54 s
2026-06-13 23:41:46.537969: 
2026-06-13 23:41:46.539259: Epoch 732
2026-06-13 23:41:46.540720: Current learning rate: 0.00306
2026-06-13 23:42:09.130687: train_loss -0.7397
2026-06-13 23:42:09.141116: val_loss -0.4744
2026-06-13 23:42:09.142784: Pseudo dice [0.4784]
2026-06-13 23:42:09.144508: Epoch time: 22.59 s
2026-06-13 23:42:10.215864: 
2026-06-13 23:42:10.217196: Epoch 733
2026-06-13 23:42:10.218514: Current learning rate: 0.00305
2026-06-13 23:42:32.840528: train_loss -0.7395
2026-06-13 23:42:32.843409: val_loss -0.1239
2026-06-13 23:42:32.844706: Pseudo dice [0.1774]
2026-06-13 23:42:32.846039: Epoch time: 22.63 s
2026-06-13 23:42:33.931385: 
2026-06-13 23:42:33.933396: Epoch 734
2026-06-13 23:42:33.935027: Current learning rate: 0.00304
2026-06-13 23:42:56.542646: train_loss -0.7693
2026-06-13 23:42:56.546025: val_loss -0.1427
2026-06-13 23:42:56.547585: Pseudo dice [0.1776]
2026-06-13 23:42:56.548961: Epoch time: 22.61 s
2026-06-13 23:42:57.630475: 
2026-06-13 23:42:57.631931: Epoch 735
2026-06-13 23:42:57.633246: Current learning rate: 0.00303
2026-06-13 23:43:20.197726: train_loss -0.7828
2026-06-13 23:43:20.202948: val_loss -0.2951
2026-06-13 23:43:20.207002: Pseudo dice [0.2446]
2026-06-13 23:43:20.209581: Epoch time: 22.57 s
2026-06-13 23:43:21.289428: 
2026-06-13 23:43:21.290897: Epoch 736
2026-06-13 23:43:21.292918: Current learning rate: 0.00302
2026-06-13 23:43:43.923150: train_loss -0.7459
2026-06-13 23:43:43.926845: val_loss -0.4819
2026-06-13 23:43:43.928950: Pseudo dice [0.4176]
2026-06-13 23:43:43.930696: Epoch time: 22.63 s
2026-06-13 23:43:45.557253: 
2026-06-13 23:43:45.559085: Epoch 737
2026-06-13 23:43:45.560712: Current learning rate: 0.00301
2026-06-13 23:44:08.094932: train_loss -0.7508
2026-06-13 23:44:08.097748: val_loss -0.2003
2026-06-13 23:44:08.099524: Pseudo dice [0.2018]
2026-06-13 23:44:08.100915: Epoch time: 22.54 s
2026-06-13 23:44:09.168133: 
2026-06-13 23:44:09.169798: Epoch 738
2026-06-13 23:44:09.171133: Current learning rate: 0.003
2026-06-13 23:44:31.758429: train_loss -0.7695
2026-06-13 23:44:31.761306: val_loss -0.2725
2026-06-13 23:44:31.762775: Pseudo dice [0.2338]
2026-06-13 23:44:31.763945: Epoch time: 22.59 s
2026-06-13 23:44:32.831844: 
2026-06-13 23:44:32.833315: Epoch 739
2026-06-13 23:44:32.834960: Current learning rate: 0.00299
2026-06-13 23:44:55.443102: train_loss -0.7432
2026-06-13 23:44:55.445743: val_loss -0.2598
2026-06-13 23:44:55.447335: Pseudo dice [0.2179]
2026-06-13 23:44:55.448689: Epoch time: 22.61 s
2026-06-13 23:44:56.527378: 
2026-06-13 23:44:56.528775: Epoch 740
2026-06-13 23:44:56.530162: Current learning rate: 0.00297
2026-06-13 23:45:19.071386: train_loss -0.7288
2026-06-13 23:45:19.075188: val_loss -0.3624
2026-06-13 23:45:19.083824: Pseudo dice [0.2745]
2026-06-13 23:45:19.091206: Epoch time: 22.55 s
2026-06-13 23:45:20.168571: 
2026-06-13 23:45:20.170338: Epoch 741
2026-06-13 23:45:20.171829: Current learning rate: 0.00296
2026-06-13 23:45:42.740391: train_loss -0.7544
2026-06-13 23:45:42.751369: val_loss -0.3392
2026-06-13 23:45:42.752897: Pseudo dice [0.2566]
2026-06-13 23:45:42.759677: Epoch time: 22.57 s
2026-06-13 23:45:43.846347: 
2026-06-13 23:45:43.847912: Epoch 742
2026-06-13 23:45:43.849306: Current learning rate: 0.00295
2026-06-13 23:46:06.447666: train_loss -0.7507
2026-06-13 23:46:06.450577: val_loss -0.2412
2026-06-13 23:46:06.452171: Pseudo dice [0.1997]
2026-06-13 23:46:06.453574: Epoch time: 22.6 s
2026-06-13 23:46:07.541110: 
2026-06-13 23:46:07.542675: Epoch 743
2026-06-13 23:46:07.544010: Current learning rate: 0.00294
2026-06-13 23:46:30.154595: train_loss -0.748
2026-06-13 23:46:30.156976: val_loss -0.2715
2026-06-13 23:46:30.158348: Pseudo dice [0.2356]
2026-06-13 23:46:30.160451: Epoch time: 22.61 s
2026-06-13 23:46:31.238061: 
2026-06-13 23:46:31.239606: Epoch 744
2026-06-13 23:46:31.240916: Current learning rate: 0.00293
2026-06-13 23:46:53.764937: train_loss -0.7675
2026-06-13 23:46:53.767716: val_loss -0.0318
2026-06-13 23:46:53.769033: Pseudo dice [0.1403]
2026-06-13 23:46:53.770702: Epoch time: 22.53 s
2026-06-13 23:46:54.856653: 
2026-06-13 23:46:54.858481: Epoch 745
2026-06-13 23:46:54.860023: Current learning rate: 0.00292
2026-06-13 23:47:17.375694: train_loss -0.7661
2026-06-13 23:47:17.378981: val_loss -0.1809
2026-06-13 23:47:17.380694: Pseudo dice [0.1893]
2026-06-13 23:47:17.382341: Epoch time: 22.52 s
2026-06-13 23:47:18.457614: 
2026-06-13 23:47:18.459419: Epoch 746
2026-06-13 23:47:18.461063: Current learning rate: 0.00291
2026-06-13 23:47:41.123680: train_loss -0.7601
2026-06-13 23:47:41.127295: val_loss -0.1232
2026-06-13 23:47:41.128707: Pseudo dice [0.161]
2026-06-13 23:47:41.130131: Epoch time: 22.67 s
2026-06-13 23:47:42.209663: 
2026-06-13 23:47:42.211066: Epoch 747
2026-06-13 23:47:42.212607: Current learning rate: 0.0029
2026-06-13 23:48:04.772731: train_loss -0.7545
2026-06-13 23:48:04.775962: val_loss -0.3171
2026-06-13 23:48:04.777292: Pseudo dice [0.3074]
2026-06-13 23:48:04.778830: Epoch time: 22.56 s
2026-06-13 23:48:05.859796: 
2026-06-13 23:48:05.861454: Epoch 748
2026-06-13 23:48:05.862839: Current learning rate: 0.00289
2026-06-13 23:48:28.410191: train_loss -0.769
2026-06-13 23:48:28.414405: val_loss -0.3932
2026-06-13 23:48:28.415915: Pseudo dice [0.2763]
2026-06-13 23:48:28.417221: Epoch time: 22.55 s
2026-06-13 23:48:29.499306: 
2026-06-13 23:48:29.500854: Epoch 749
2026-06-13 23:48:29.503071: Current learning rate: 0.00288
2026-06-13 23:48:52.075908: train_loss -0.7748
2026-06-13 23:48:52.078385: val_loss -0.2774
2026-06-13 23:48:52.079888: Pseudo dice [0.1866]
2026-06-13 23:48:52.081188: Epoch time: 22.58 s
2026-06-13 23:48:53.666761: 
2026-06-13 23:48:53.668236: Epoch 750
2026-06-13 23:48:53.669649: Current learning rate: 0.00287
2026-06-13 23:49:16.184140: train_loss -0.7721
2026-06-13 23:49:16.187228: val_loss -0.0954
2026-06-13 23:49:16.188717: Pseudo dice [0.1546]
2026-06-13 23:49:16.190001: Epoch time: 22.52 s
2026-06-13 23:49:17.273015: 
2026-06-13 23:49:17.274658: Epoch 751
2026-06-13 23:49:17.276063: Current learning rate: 0.00286
2026-06-13 23:49:39.815294: train_loss -0.7616
2026-06-13 23:49:39.817943: val_loss -0.4762
2026-06-13 23:49:39.819259: Pseudo dice [0.4534]
2026-06-13 23:49:39.820576: Epoch time: 22.54 s
2026-06-13 23:49:40.903425: 
2026-06-13 23:49:40.904932: Epoch 752
2026-06-13 23:49:40.906941: Current learning rate: 0.00285
2026-06-13 23:50:03.569994: train_loss -0.7617
2026-06-13 23:50:03.574201: val_loss -0.3309
2026-06-13 23:50:03.576355: Pseudo dice [0.2685]
2026-06-13 23:50:03.578446: Epoch time: 22.67 s
2026-06-13 23:50:05.209874: 
2026-06-13 23:50:05.211652: Epoch 753
2026-06-13 23:50:05.213561: Current learning rate: 0.00284
2026-06-13 23:50:27.778868: train_loss -0.7663
2026-06-13 23:50:27.784062: val_loss -0.1221
2026-06-13 23:50:27.785453: Pseudo dice [0.1506]
2026-06-13 23:50:27.786883: Epoch time: 22.57 s
2026-06-13 23:50:28.856254: 
2026-06-13 23:50:28.857822: Epoch 754
2026-06-13 23:50:28.859474: Current learning rate: 0.00283
2026-06-13 23:50:51.480871: train_loss -0.7639
2026-06-13 23:50:51.483867: val_loss 0.0211
2026-06-13 23:50:51.485488: Pseudo dice [0.1334]
2026-06-13 23:50:51.487401: Epoch time: 22.63 s
2026-06-13 23:50:52.565867: 
2026-06-13 23:50:52.567487: Epoch 755
2026-06-13 23:50:52.568754: Current learning rate: 0.00282
2026-06-13 23:51:15.191820: train_loss -0.7616
2026-06-13 23:51:15.198928: val_loss -0.0741
2026-06-13 23:51:15.200296: Pseudo dice [0.2059]
2026-06-13 23:51:15.201590: Epoch time: 22.63 s
2026-06-13 23:51:16.303257: 
2026-06-13 23:51:16.304681: Epoch 756
2026-06-13 23:51:16.306006: Current learning rate: 0.00281
2026-06-13 23:51:38.954635: train_loss -0.7504
2026-06-13 23:51:38.961884: val_loss -0.0633
2026-06-13 23:51:38.963420: Pseudo dice [0.163]
2026-06-13 23:51:38.964815: Epoch time: 22.65 s
2026-06-13 23:51:40.046066: 
2026-06-13 23:51:40.047415: Epoch 757
2026-06-13 23:51:40.048702: Current learning rate: 0.0028
2026-06-13 23:52:02.659474: train_loss -0.7606
2026-06-13 23:52:02.662619: val_loss -0.2834
2026-06-13 23:52:02.664258: Pseudo dice [0.2554]
2026-06-13 23:52:02.665899: Epoch time: 22.61 s
2026-06-13 23:52:03.743272: 
2026-06-13 23:52:03.745479: Epoch 758
2026-06-13 23:52:03.747171: Current learning rate: 0.00279
2026-06-13 23:52:26.372204: train_loss -0.7617
2026-06-13 23:52:26.375204: val_loss -0.3147
2026-06-13 23:52:26.376645: Pseudo dice [0.2814]
2026-06-13 23:52:26.378141: Epoch time: 22.63 s
2026-06-13 23:52:27.476020: 
2026-06-13 23:52:27.477755: Epoch 759
2026-06-13 23:52:27.480107: Current learning rate: 0.00278
2026-06-13 23:52:50.035650: train_loss -0.7646
2026-06-13 23:52:50.041680: val_loss -0.4917
2026-06-13 23:52:50.043253: Pseudo dice [0.4804]
2026-06-13 23:52:50.044673: Epoch time: 22.56 s
2026-06-13 23:52:51.128147: 
2026-06-13 23:52:51.130671: Epoch 760
2026-06-13 23:52:51.132489: Current learning rate: 0.00277
2026-06-13 23:53:13.709545: train_loss -0.7629
2026-06-13 23:53:13.712438: val_loss -0.2983
2026-06-13 23:53:13.713809: Pseudo dice [0.2672]
2026-06-13 23:53:13.715036: Epoch time: 22.58 s
2026-06-13 23:53:14.798015: 
2026-06-13 23:53:14.799561: Epoch 761
2026-06-13 23:53:14.800965: Current learning rate: 0.00276
2026-06-13 23:53:37.491500: train_loss -0.7667
2026-06-13 23:53:37.494225: val_loss -0.4555
2026-06-13 23:53:37.495552: Pseudo dice [0.4123]
2026-06-13 23:53:37.497341: Epoch time: 22.69 s
2026-06-13 23:53:38.586370: 
2026-06-13 23:53:38.587988: Epoch 762
2026-06-13 23:53:38.589581: Current learning rate: 0.00275
2026-06-13 23:54:01.187716: train_loss -0.7703
2026-06-13 23:54:01.190850: val_loss -0.336
2026-06-13 23:54:01.192214: Pseudo dice [0.2308]
2026-06-13 23:54:01.193626: Epoch time: 22.6 s
2026-06-13 23:54:02.279807: 
2026-06-13 23:54:02.281192: Epoch 763
2026-06-13 23:54:02.282754: Current learning rate: 0.00274
2026-06-13 23:54:24.871600: train_loss -0.7547
2026-06-13 23:54:24.874021: val_loss -0.184
2026-06-13 23:54:24.875420: Pseudo dice [0.1793]
2026-06-13 23:54:24.876968: Epoch time: 22.59 s
2026-06-13 23:54:25.962397: 
2026-06-13 23:54:25.964507: Epoch 764
2026-06-13 23:54:25.965825: Current learning rate: 0.00273
2026-06-13 23:54:48.475224: train_loss -0.7757
2026-06-13 23:54:48.478290: val_loss -0.037
2026-06-13 23:54:48.479590: Pseudo dice [0.1392]
2026-06-13 23:54:48.481284: Epoch time: 22.51 s
2026-06-13 23:54:49.573981: 
2026-06-13 23:54:49.575920: Epoch 765
2026-06-13 23:54:49.578888: Current learning rate: 0.00272
2026-06-13 23:55:12.212567: train_loss -0.7722
2026-06-13 23:55:12.217659: val_loss -0.5384
2026-06-13 23:55:12.219800: Pseudo dice [0.5809]
2026-06-13 23:55:12.221982: Epoch time: 22.64 s
2026-06-13 23:55:13.311726: 
2026-06-13 23:55:13.313323: Epoch 766
2026-06-13 23:55:13.315836: Current learning rate: 0.00271
2026-06-13 23:55:35.830284: train_loss -0.7668
2026-06-13 23:55:35.833839: val_loss -0.1798
2026-06-13 23:55:35.835339: Pseudo dice [0.1729]
2026-06-13 23:55:35.836822: Epoch time: 22.52 s
2026-06-13 23:55:36.937233: 
2026-06-13 23:55:36.940182: Epoch 767
2026-06-13 23:55:36.942590: Current learning rate: 0.0027
2026-06-13 23:55:59.468360: train_loss -0.772
2026-06-13 23:55:59.471004: val_loss -0.2365
2026-06-13 23:55:59.472330: Pseudo dice [0.2322]
2026-06-13 23:55:59.473839: Epoch time: 22.53 s
2026-06-13 23:56:00.569001: 
2026-06-13 23:56:00.570663: Epoch 768
2026-06-13 23:56:00.572206: Current learning rate: 0.00268
2026-06-13 23:56:23.248805: train_loss -0.7598
2026-06-13 23:56:23.252492: val_loss -0.3483
2026-06-13 23:56:23.254118: Pseudo dice [0.3046]
2026-06-13 23:56:23.255796: Epoch time: 22.68 s
2026-06-13 23:56:24.342988: 
2026-06-13 23:56:24.344570: Epoch 769
2026-06-13 23:56:24.346633: Current learning rate: 0.00267
2026-06-13 23:56:47.064574: train_loss -0.7653
2026-06-13 23:56:47.067561: val_loss -0.2708
2026-06-13 23:56:47.068942: Pseudo dice [0.2097]
2026-06-13 23:56:47.070309: Epoch time: 22.72 s
2026-06-13 23:56:48.744189: 
2026-06-13 23:56:48.746222: Epoch 770
2026-06-13 23:56:48.747485: Current learning rate: 0.00266
2026-06-13 23:57:11.487507: train_loss -0.764
2026-06-13 23:57:11.490997: val_loss -0.1384
2026-06-13 23:57:11.493025: Pseudo dice [0.1665]
2026-06-13 23:57:11.494665: Epoch time: 22.74 s
2026-06-13 23:57:12.579930: 
2026-06-13 23:57:12.581363: Epoch 771
2026-06-13 23:57:12.582852: Current learning rate: 0.00265
2026-06-13 23:57:35.146778: train_loss -0.7697
2026-06-13 23:57:35.150216: val_loss -0.3701
2026-06-13 23:57:35.151758: Pseudo dice [0.307]
2026-06-13 23:57:35.153030: Epoch time: 22.57 s
2026-06-13 23:57:36.246732: 
2026-06-13 23:57:36.248395: Epoch 772
2026-06-13 23:57:36.249718: Current learning rate: 0.00264
2026-06-13 23:57:58.928493: train_loss -0.7628
2026-06-13 23:57:58.931268: val_loss -0.5065
2026-06-13 23:57:58.932732: Pseudo dice [0.5489]
2026-06-13 23:57:58.934218: Epoch time: 22.68 s
2026-06-13 23:58:00.030037: 
2026-06-13 23:58:00.031771: Epoch 773
2026-06-13 23:58:00.033570: Current learning rate: 0.00263
2026-06-13 23:58:22.637034: train_loss -0.7758
2026-06-13 23:58:22.641027: val_loss -0.3729
2026-06-13 23:58:22.642369: Pseudo dice [0.291]
2026-06-13 23:58:22.643667: Epoch time: 22.61 s
2026-06-13 23:58:23.733714: 
2026-06-13 23:58:23.737137: Epoch 774
2026-06-13 23:58:23.740456: Current learning rate: 0.00262
2026-06-13 23:58:46.499878: train_loss -0.7858
2026-06-13 23:58:46.506213: val_loss -0.3712
2026-06-13 23:58:46.507801: Pseudo dice [0.2993]
2026-06-13 23:58:46.509102: Epoch time: 22.77 s
2026-06-13 23:58:47.597922: 
2026-06-13 23:58:47.599849: Epoch 775
2026-06-13 23:58:47.601734: Current learning rate: 0.00261
2026-06-13 23:59:10.207447: train_loss -0.7587
2026-06-13 23:59:10.210097: val_loss 0.0082
2026-06-13 23:59:10.211520: Pseudo dice [0.1379]
2026-06-13 23:59:10.212767: Epoch time: 22.61 s
2026-06-13 23:59:11.317007: 
2026-06-13 23:59:11.319100: Epoch 776
2026-06-13 23:59:11.320771: Current learning rate: 0.0026
2026-06-13 23:59:33.884301: train_loss -0.7733
2026-06-13 23:59:33.887273: val_loss -0.327
2026-06-13 23:59:33.888633: Pseudo dice [0.2771]
2026-06-13 23:59:33.890489: Epoch time: 22.57 s
2026-06-13 23:59:35.005999: 
2026-06-13 23:59:35.023641: Epoch 777
2026-06-13 23:59:35.030179: Current learning rate: 0.00259
2026-06-13 23:59:57.635873: train_loss -0.7744
2026-06-13 23:59:57.639063: val_loss -0.2232
2026-06-13 23:59:57.640801: Pseudo dice [0.1953]
2026-06-13 23:59:57.642308: Epoch time: 22.63 s
2026-06-13 23:59:58.731606: 
2026-06-13 23:59:58.735741: Epoch 778
2026-06-13 23:59:58.737496: Current learning rate: 0.00258
2026-06-14 00:00:21.355644: train_loss -0.7708
2026-06-14 00:00:21.358652: val_loss -0.412
2026-06-14 00:00:21.360301: Pseudo dice [0.3264]
2026-06-14 00:00:21.361781: Epoch time: 22.62 s
2026-06-14 00:00:22.453196: 
2026-06-14 00:00:22.455015: Epoch 779
2026-06-14 00:00:22.456484: Current learning rate: 0.00257
2026-06-14 00:00:45.025026: train_loss -0.7579
2026-06-14 00:00:45.027961: val_loss 0.1124
2026-06-14 00:00:45.030360: Pseudo dice [0.1162]
2026-06-14 00:00:45.032091: Epoch time: 22.57 s
2026-06-14 00:00:46.141287: 
2026-06-14 00:00:46.144804: Epoch 780
2026-06-14 00:00:46.147003: Current learning rate: 0.00256
2026-06-14 00:01:08.610803: train_loss -0.7679
2026-06-14 00:01:08.616220: val_loss -0.2777
2026-06-14 00:01:08.618351: Pseudo dice [0.2535]
2026-06-14 00:01:08.620722: Epoch time: 22.47 s
2026-06-14 00:01:09.716181: 
2026-06-14 00:01:09.719275: Epoch 781
2026-06-14 00:01:09.721594: Current learning rate: 0.00255
2026-06-14 00:01:32.230501: train_loss -0.7639
2026-06-14 00:01:32.233635: val_loss 0.0074
2026-06-14 00:01:32.235396: Pseudo dice [0.1158]
2026-06-14 00:01:32.236865: Epoch time: 22.52 s
2026-06-14 00:01:33.326572: 
2026-06-14 00:01:33.328274: Epoch 782
2026-06-14 00:01:33.329787: Current learning rate: 0.00254
2026-06-14 00:01:55.830589: train_loss -0.7761
2026-06-14 00:01:55.833393: val_loss -0.2366
2026-06-14 00:01:55.834799: Pseudo dice [0.2013]
2026-06-14 00:01:55.836354: Epoch time: 22.5 s
2026-06-14 00:01:56.949521: 
2026-06-14 00:01:56.950996: Epoch 783
2026-06-14 00:01:56.952424: Current learning rate: 0.00253
2026-06-14 00:02:19.523965: train_loss -0.7613
2026-06-14 00:02:19.527932: val_loss -0.4272
2026-06-14 00:02:19.529976: Pseudo dice [0.3341]
2026-06-14 00:02:19.532199: Epoch time: 22.58 s
2026-06-14 00:02:20.620931: 
2026-06-14 00:02:20.624532: Epoch 784
2026-06-14 00:02:20.628197: Current learning rate: 0.00252
2026-06-14 00:02:43.228521: train_loss -0.7638
2026-06-14 00:02:43.235173: val_loss -0.4172
2026-06-14 00:02:43.238234: Pseudo dice [0.3453]
2026-06-14 00:02:43.242757: Epoch time: 22.61 s
2026-06-14 00:02:44.340291: 
2026-06-14 00:02:44.345470: Epoch 785
2026-06-14 00:02:44.348065: Current learning rate: 0.00251
2026-06-14 00:03:06.866301: train_loss -0.7436
2026-06-14 00:03:06.868968: val_loss -0.0284
2026-06-14 00:03:06.870551: Pseudo dice [0.1429]
2026-06-14 00:03:06.872025: Epoch time: 22.53 s
2026-06-14 00:03:08.542312: 
2026-06-14 00:03:08.544424: Epoch 786
2026-06-14 00:03:08.546410: Current learning rate: 0.0025
2026-06-14 00:03:31.095415: train_loss -0.7643
2026-06-14 00:03:31.098519: val_loss -0.1691
2026-06-14 00:03:31.100264: Pseudo dice [0.2055]
2026-06-14 00:03:31.103766: Epoch time: 22.55 s
2026-06-14 00:03:32.191719: 
2026-06-14 00:03:32.193698: Epoch 787
2026-06-14 00:03:32.195162: Current learning rate: 0.00249
2026-06-14 00:03:54.731535: train_loss -0.7494
2026-06-14 00:03:54.734928: val_loss -0.3593
2026-06-14 00:03:54.736497: Pseudo dice [0.3269]
2026-06-14 00:03:54.738435: Epoch time: 22.54 s
2026-06-14 00:03:55.834922: 
2026-06-14 00:03:55.836835: Epoch 788
2026-06-14 00:03:55.839438: Current learning rate: 0.00248
2026-06-14 00:04:18.378256: train_loss -0.7785
2026-06-14 00:04:18.381824: val_loss -0.3887
2026-06-14 00:04:18.386021: Pseudo dice [0.3176]
2026-06-14 00:04:18.390580: Epoch time: 22.54 s
2026-06-14 00:04:19.488299: 
2026-06-14 00:04:19.490496: Epoch 789
2026-06-14 00:04:19.492266: Current learning rate: 0.00247
2026-06-14 00:04:42.039420: train_loss -0.7727
2026-06-14 00:04:42.043516: val_loss -0.3428
2026-06-14 00:04:42.045644: Pseudo dice [0.2978]
2026-06-14 00:04:42.047357: Epoch time: 22.55 s
2026-06-14 00:04:43.139556: 
2026-06-14 00:04:43.141659: Epoch 790
2026-06-14 00:04:43.143175: Current learning rate: 0.00245
2026-06-14 00:05:05.681723: train_loss -0.7589
2026-06-14 00:05:05.684600: val_loss -0.1777
2026-06-14 00:05:05.686106: Pseudo dice [0.1969]
2026-06-14 00:05:05.687521: Epoch time: 22.54 s
2026-06-14 00:05:06.780754: 
2026-06-14 00:05:06.782389: Epoch 791
2026-06-14 00:05:06.783899: Current learning rate: 0.00244
2026-06-14 00:05:29.478010: train_loss -0.764
2026-06-14 00:05:29.483746: val_loss -0.4658
2026-06-14 00:05:29.487178: Pseudo dice [0.5041]
2026-06-14 00:05:29.491091: Epoch time: 22.7 s
2026-06-14 00:05:30.605237: 
2026-06-14 00:05:30.608635: Epoch 792
2026-06-14 00:05:30.611838: Current learning rate: 0.00243
2026-06-14 00:05:53.210538: train_loss -0.7714
2026-06-14 00:05:53.214225: val_loss -0.4122
2026-06-14 00:05:53.215921: Pseudo dice [0.3274]
2026-06-14 00:05:53.217894: Epoch time: 22.61 s
2026-06-14 00:05:54.321722: 
2026-06-14 00:05:54.323834: Epoch 793
2026-06-14 00:05:54.325587: Current learning rate: 0.00242
2026-06-14 00:06:16.960460: train_loss -0.7752
2026-06-14 00:06:16.967430: val_loss -0.2009
2026-06-14 00:06:16.971029: Pseudo dice [0.2162]
2026-06-14 00:06:16.976033: Epoch time: 22.64 s
2026-06-14 00:06:18.078072: 
2026-06-14 00:06:18.084687: Epoch 794
2026-06-14 00:06:18.087304: Current learning rate: 0.00241
2026-06-14 00:06:40.779244: train_loss -0.7765
2026-06-14 00:06:40.782096: val_loss -0.3421
2026-06-14 00:06:40.784266: Pseudo dice [0.2666]
2026-06-14 00:06:40.786407: Epoch time: 22.7 s
2026-06-14 00:06:41.883153: 
2026-06-14 00:06:41.885776: Epoch 795
2026-06-14 00:06:41.888062: Current learning rate: 0.0024
2026-06-14 00:07:04.504887: train_loss -0.7742
2026-06-14 00:07:04.511545: val_loss -0.4862
2026-06-14 00:07:04.513952: Pseudo dice [0.4952]
2026-06-14 00:07:04.516403: Epoch time: 22.62 s
2026-06-14 00:07:05.614870: 
2026-06-14 00:07:05.617129: Epoch 796
2026-06-14 00:07:05.618805: Current learning rate: 0.00239
2026-06-14 00:07:28.341025: train_loss -0.7688
2026-06-14 00:07:28.347430: val_loss -0.5619
2026-06-14 00:07:28.351855: Pseudo dice [0.5698]
2026-06-14 00:07:28.356392: Epoch time: 22.73 s
2026-06-14 00:07:29.466979: 
2026-06-14 00:07:29.471158: Epoch 797
2026-06-14 00:07:29.476202: Current learning rate: 0.00238
2026-06-14 00:07:52.196573: train_loss -0.763
2026-06-14 00:07:52.200959: val_loss -0.1093
2026-06-14 00:07:52.203556: Pseudo dice [0.1677]
2026-06-14 00:07:52.205516: Epoch time: 22.73 s
2026-06-14 00:07:53.305853: 
2026-06-14 00:07:53.307733: Epoch 798
2026-06-14 00:07:53.309233: Current learning rate: 0.00237
2026-06-14 00:08:15.998931: train_loss -0.7635
2026-06-14 00:08:16.003156: val_loss -0.2078
2026-06-14 00:08:16.005338: Pseudo dice [0.2297]
2026-06-14 00:08:16.007549: Epoch time: 22.69 s
2026-06-14 00:08:17.117100: 
2026-06-14 00:08:17.119589: Epoch 799
2026-06-14 00:08:17.122366: Current learning rate: 0.00236
2026-06-14 00:08:39.749373: train_loss -0.7613
2026-06-14 00:08:39.752361: val_loss -0.5859
2026-06-14 00:08:39.755308: Pseudo dice [0.5664]
2026-06-14 00:08:39.757431: Epoch time: 22.63 s
2026-06-14 00:08:41.352871: 
2026-06-14 00:08:41.355942: Epoch 800
2026-06-14 00:08:41.357961: Current learning rate: 0.00235
2026-06-14 00:09:03.927298: train_loss -0.7836
2026-06-14 00:09:03.933037: val_loss -0.3674
2026-06-14 00:09:03.942531: Pseudo dice [0.2982]
2026-06-14 00:09:03.946513: Epoch time: 22.58 s
2026-06-14 00:09:05.036000: 
2026-06-14 00:09:05.037750: Epoch 801
2026-06-14 00:09:05.039499: Current learning rate: 0.00234
2026-06-14 00:09:27.636791: train_loss -0.777
2026-06-14 00:09:27.640262: val_loss -0.0601
2026-06-14 00:09:27.641777: Pseudo dice [0.1523]
2026-06-14 00:09:27.643316: Epoch time: 22.6 s
2026-06-14 00:09:29.327592: 
2026-06-14 00:09:29.329699: Epoch 802
2026-06-14 00:09:29.331498: Current learning rate: 0.00233
2026-06-14 00:09:51.871186: train_loss -0.7648
2026-06-14 00:09:51.873791: val_loss -0.5561
2026-06-14 00:09:51.875313: Pseudo dice [0.5401]
2026-06-14 00:09:51.876801: Epoch time: 22.54 s
2026-06-14 00:09:51.879001: Yayy! New best EMA pseudo Dice: 0.3312
2026-06-14 00:09:53.487565: 
2026-06-14 00:09:53.489194: Epoch 803
2026-06-14 00:09:53.490518: Current learning rate: 0.00232
2026-06-14 00:10:16.122342: train_loss -0.7736
2026-06-14 00:10:16.128557: val_loss -0.4876
2026-06-14 00:10:16.132181: Pseudo dice [0.4072]
2026-06-14 00:10:16.135712: Epoch time: 22.64 s
2026-06-14 00:10:16.138942: Yayy! New best EMA pseudo Dice: 0.3388
2026-06-14 00:10:17.727718: 
2026-06-14 00:10:17.729392: Epoch 804
2026-06-14 00:10:17.730960: Current learning rate: 0.00231
2026-06-14 00:10:40.381481: train_loss -0.7737
2026-06-14 00:10:40.417573: val_loss -0.5381
2026-06-14 00:10:40.434577: Pseudo dice [0.5209]
2026-06-14 00:10:40.451206: Epoch time: 22.65 s
2026-06-14 00:10:40.468843: Yayy! New best EMA pseudo Dice: 0.357
2026-06-14 00:10:42.134873: 
2026-06-14 00:10:42.137072: Epoch 805
2026-06-14 00:10:42.138874: Current learning rate: 0.0023
2026-06-14 00:11:04.721758: train_loss -0.7714
2026-06-14 00:11:04.728737: val_loss -0.3861
2026-06-14 00:11:04.732516: Pseudo dice [0.3845]
2026-06-14 00:11:04.736408: Epoch time: 22.59 s
2026-06-14 00:11:04.740287: Yayy! New best EMA pseudo Dice: 0.3598
2026-06-14 00:11:06.361052: 
2026-06-14 00:11:06.365907: Epoch 806
2026-06-14 00:11:06.369246: Current learning rate: 0.00229
2026-06-14 00:11:29.007167: train_loss -0.7623
2026-06-14 00:11:29.010287: val_loss -0.3586
2026-06-14 00:11:29.013046: Pseudo dice [0.2665]
2026-06-14 00:11:29.015004: Epoch time: 22.65 s
2026-06-14 00:11:30.131045: 
2026-06-14 00:11:30.132652: Epoch 807
2026-06-14 00:11:30.134781: Current learning rate: 0.00228
2026-06-14 00:11:52.780290: train_loss -0.768
2026-06-14 00:11:52.782995: val_loss -0.2982
2026-06-14 00:11:52.784371: Pseudo dice [0.2224]
2026-06-14 00:11:52.789243: Epoch time: 22.65 s
2026-06-14 00:11:53.926394: 
2026-06-14 00:11:53.928013: Epoch 808
2026-06-14 00:11:53.929435: Current learning rate: 0.00226
2026-06-14 00:12:16.442657: train_loss -0.7803
2026-06-14 00:12:16.445747: val_loss -0.1597
2026-06-14 00:12:16.447513: Pseudo dice [0.1477]
2026-06-14 00:12:16.449017: Epoch time: 22.52 s
2026-06-14 00:12:17.562450: 
2026-06-14 00:12:17.564243: Epoch 809
2026-06-14 00:12:17.566379: Current learning rate: 0.00225
2026-06-14 00:12:40.111102: train_loss -0.7612
2026-06-14 00:12:40.114100: val_loss -0.322
2026-06-14 00:12:40.115684: Pseudo dice [0.2576]
2026-06-14 00:12:40.117182: Epoch time: 22.55 s
2026-06-14 00:12:41.234150: 
2026-06-14 00:12:41.236053: Epoch 810
2026-06-14 00:12:41.237753: Current learning rate: 0.00224
2026-06-14 00:13:03.793747: train_loss -0.7751
2026-06-14 00:13:03.796717: val_loss -0.244
2026-06-14 00:13:03.798003: Pseudo dice [0.2045]
2026-06-14 00:13:03.799361: Epoch time: 22.56 s
2026-06-14 00:13:04.914310: 
2026-06-14 00:13:04.919439: Epoch 811
2026-06-14 00:13:04.922566: Current learning rate: 0.00223
2026-06-14 00:13:27.692758: train_loss -0.7789
2026-06-14 00:13:27.695396: val_loss -0.3298
2026-06-14 00:13:27.697166: Pseudo dice [0.2673]
2026-06-14 00:13:27.698930: Epoch time: 22.78 s
2026-06-14 00:13:28.811650: 
2026-06-14 00:13:28.815016: Epoch 812
2026-06-14 00:13:28.816465: Current learning rate: 0.00222
2026-06-14 00:13:51.544700: train_loss -0.7683
2026-06-14 00:13:51.548174: val_loss -0.4082
2026-06-14 00:13:51.549935: Pseudo dice [0.292]
2026-06-14 00:13:51.551600: Epoch time: 22.73 s
2026-06-14 00:13:52.688310: 
2026-06-14 00:13:52.690514: Epoch 813
2026-06-14 00:13:52.692802: Current learning rate: 0.00221
2026-06-14 00:14:15.278967: train_loss -0.7766
2026-06-14 00:14:15.282297: val_loss -0.4766
2026-06-14 00:14:15.290724: Pseudo dice [0.474]
2026-06-14 00:14:15.294053: Epoch time: 22.59 s
2026-06-14 00:14:16.420650: 
2026-06-14 00:14:16.439716: Epoch 814
2026-06-14 00:14:16.459074: Current learning rate: 0.0022
2026-06-14 00:14:39.124776: train_loss -0.7717
2026-06-14 00:14:39.127902: val_loss -0.0612
2026-06-14 00:14:39.129573: Pseudo dice [0.1505]
2026-06-14 00:14:39.131531: Epoch time: 22.71 s
2026-06-14 00:14:40.230731: 
2026-06-14 00:14:40.232400: Epoch 815
2026-06-14 00:14:40.235598: Current learning rate: 0.00219
2026-06-14 00:15:02.840213: train_loss -0.77
2026-06-14 00:15:02.843313: val_loss -0.3746
2026-06-14 00:15:02.844769: Pseudo dice [0.2811]
2026-06-14 00:15:02.846173: Epoch time: 22.61 s
2026-06-14 00:15:03.962588: 
2026-06-14 00:15:03.964457: Epoch 816
2026-06-14 00:15:03.966024: Current learning rate: 0.00218
2026-06-14 00:15:26.550585: train_loss -0.7733
2026-06-14 00:15:26.553716: val_loss -0.2994
2026-06-14 00:15:26.555742: Pseudo dice [0.2158]
2026-06-14 00:15:26.557362: Epoch time: 22.59 s
2026-06-14 00:15:27.669960: 
2026-06-14 00:15:27.671656: Epoch 817
2026-06-14 00:15:27.674105: Current learning rate: 0.00217
2026-06-14 00:15:50.252334: train_loss -0.7761
2026-06-14 00:15:50.256374: val_loss -0.0029
2026-06-14 00:15:50.258333: Pseudo dice [0.146]
2026-06-14 00:15:50.259774: Epoch time: 22.58 s
2026-06-14 00:15:51.914848: 
2026-06-14 00:15:51.919542: Epoch 818
2026-06-14 00:15:51.923532: Current learning rate: 0.00216
2026-06-14 00:16:14.506963: train_loss -0.7563
2026-06-14 00:16:14.510190: val_loss -0.3913
2026-06-14 00:16:14.511694: Pseudo dice [0.3491]
2026-06-14 00:16:14.513396: Epoch time: 22.59 s
2026-06-14 00:16:15.622290: 
2026-06-14 00:16:15.623743: Epoch 819
2026-06-14 00:16:15.625149: Current learning rate: 0.00215
2026-06-14 00:16:38.246271: train_loss -0.7512
2026-06-14 00:16:38.254611: val_loss -0.2876
2026-06-14 00:16:38.256086: Pseudo dice [0.2046]
2026-06-14 00:16:38.260684: Epoch time: 22.62 s
2026-06-14 00:16:39.355020: 
2026-06-14 00:16:39.356971: Epoch 820
2026-06-14 00:16:39.358416: Current learning rate: 0.00214
2026-06-14 00:17:02.130881: train_loss -0.7691
2026-06-14 00:17:02.133420: val_loss -0.5159
2026-06-14 00:17:02.137727: Pseudo dice [0.5336]
2026-06-14 00:17:02.139359: Epoch time: 22.78 s
2026-06-14 00:17:03.204794: 
2026-06-14 00:17:03.206312: Epoch 821
2026-06-14 00:17:03.207625: Current learning rate: 0.00213
2026-06-14 00:17:25.728341: train_loss -0.7742
2026-06-14 00:17:25.733058: val_loss -0.4078
2026-06-14 00:17:25.735082: Pseudo dice [0.2881]
2026-06-14 00:17:25.736569: Epoch time: 22.52 s
2026-06-14 00:17:26.845904: 
2026-06-14 00:17:26.847930: Epoch 822
2026-06-14 00:17:26.849181: Current learning rate: 0.00212
2026-06-14 00:17:49.497223: train_loss -0.7538
2026-06-14 00:17:49.507639: val_loss -0.1
2026-06-14 00:17:49.527225: Pseudo dice [0.1653]
2026-06-14 00:17:49.543582: Epoch time: 22.65 s
2026-06-14 00:17:50.639384: 
2026-06-14 00:17:50.641266: Epoch 823
2026-06-14 00:17:50.642793: Current learning rate: 0.0021
2026-06-14 00:18:13.316454: train_loss -0.7442
2026-06-14 00:18:13.320428: val_loss -0.1573
2026-06-14 00:18:13.322435: Pseudo dice [0.1933]
2026-06-14 00:18:13.323967: Epoch time: 22.68 s
2026-06-14 00:18:14.399389: 
2026-06-14 00:18:14.404307: Epoch 824
2026-06-14 00:18:14.405593: Current learning rate: 0.00209
2026-06-14 00:18:37.063173: train_loss -0.7677
2026-06-14 00:18:37.066592: val_loss -0.4665
2026-06-14 00:18:37.068097: Pseudo dice [0.3756]
2026-06-14 00:18:37.069678: Epoch time: 22.66 s
2026-06-14 00:18:38.152430: 
2026-06-14 00:18:38.154385: Epoch 825
2026-06-14 00:18:38.155982: Current learning rate: 0.00208
2026-06-14 00:19:00.759338: train_loss -0.7757
2026-06-14 00:19:00.766583: val_loss -0.2486
2026-06-14 00:19:00.768632: Pseudo dice [0.183]
2026-06-14 00:19:00.769883: Epoch time: 22.61 s
2026-06-14 00:19:01.925104: 
2026-06-14 00:19:01.926472: Epoch 826
2026-06-14 00:19:01.927787: Current learning rate: 0.00207
2026-06-14 00:19:24.624989: train_loss -0.7877
2026-06-14 00:19:24.630335: val_loss -0.3271
2026-06-14 00:19:24.633763: Pseudo dice [0.2673]
2026-06-14 00:19:24.636905: Epoch time: 22.7 s
2026-06-14 00:19:25.720372: 
2026-06-14 00:19:25.723085: Epoch 827
2026-06-14 00:19:25.724693: Current learning rate: 0.00206
2026-06-14 00:19:48.258286: train_loss -0.775
2026-06-14 00:19:48.262999: val_loss -0.2549
2026-06-14 00:19:48.265415: Pseudo dice [0.1969]
2026-06-14 00:19:48.267279: Epoch time: 22.54 s
2026-06-14 00:19:49.345842: 
2026-06-14 00:19:49.349359: Epoch 828
2026-06-14 00:19:49.351804: Current learning rate: 0.00205
2026-06-14 00:20:11.874577: train_loss -0.7831
2026-06-14 00:20:11.880772: val_loss -0.4711
2026-06-14 00:20:11.882552: Pseudo dice [0.5035]
2026-06-14 00:20:11.883979: Epoch time: 22.53 s
2026-06-14 00:20:12.967609: 
2026-06-14 00:20:12.969711: Epoch 829
2026-06-14 00:20:12.971274: Current learning rate: 0.00204
2026-06-14 00:20:35.550686: train_loss -0.785
2026-06-14 00:20:35.556414: val_loss -0.3682
2026-06-14 00:20:35.558102: Pseudo dice [0.3038]
2026-06-14 00:20:35.560888: Epoch time: 22.58 s
2026-06-14 00:20:36.633370: 
2026-06-14 00:20:36.639373: Epoch 830
2026-06-14 00:20:36.641087: Current learning rate: 0.00203
2026-06-14 00:20:59.297162: train_loss -0.7732
2026-06-14 00:20:59.299625: val_loss -0.2593
2026-06-14 00:20:59.300842: Pseudo dice [0.2351]
2026-06-14 00:20:59.302215: Epoch time: 22.66 s
2026-06-14 00:21:00.377821: 
2026-06-14 00:21:00.379283: Epoch 831
2026-06-14 00:21:00.380578: Current learning rate: 0.00202
2026-06-14 00:21:23.018238: train_loss -0.7696
2026-06-14 00:21:23.022811: val_loss -0.2774
2026-06-14 00:21:23.024610: Pseudo dice [0.2139]
2026-06-14 00:21:23.026737: Epoch time: 22.64 s
2026-06-14 00:21:24.108618: 
2026-06-14 00:21:24.110392: Epoch 832
2026-06-14 00:21:24.112041: Current learning rate: 0.00201
2026-06-14 00:21:46.694989: train_loss -0.7628
2026-06-14 00:21:46.698442: val_loss -0.3682
2026-06-14 00:21:46.700163: Pseudo dice [0.3007]
2026-06-14 00:21:46.701960: Epoch time: 22.59 s
2026-06-14 00:21:47.781205: 
2026-06-14 00:21:47.783315: Epoch 833
2026-06-14 00:21:47.784850: Current learning rate: 0.002
2026-06-14 00:22:10.394690: train_loss -0.7791
2026-06-14 00:22:10.397714: val_loss -0.4721
2026-06-14 00:22:10.399108: Pseudo dice [0.4232]
2026-06-14 00:22:10.400805: Epoch time: 22.61 s
2026-06-14 00:22:11.483149: 
2026-06-14 00:22:11.484820: Epoch 834
2026-06-14 00:22:11.489068: Current learning rate: 0.00199
2026-06-14 00:22:34.212335: train_loss -0.7669
2026-06-14 00:22:34.216414: val_loss -0.3975
2026-06-14 00:22:34.220962: Pseudo dice [0.3308]
2026-06-14 00:22:34.223158: Epoch time: 22.73 s
2026-06-14 00:22:35.877991: 
2026-06-14 00:22:35.880430: Epoch 835
2026-06-14 00:22:35.882433: Current learning rate: 0.00198
2026-06-14 00:22:58.467501: train_loss -0.7862
2026-06-14 00:22:58.470619: val_loss -0.4624
2026-06-14 00:22:58.472204: Pseudo dice [0.363]
2026-06-14 00:22:58.473843: Epoch time: 22.59 s
2026-06-14 00:22:59.551969: 
2026-06-14 00:22:59.554096: Epoch 836
2026-06-14 00:22:59.555753: Current learning rate: 0.00196
2026-06-14 00:23:22.199467: train_loss -0.7669
2026-06-14 00:23:22.205830: val_loss 0.0386
2026-06-14 00:23:22.208205: Pseudo dice [0.1482]
2026-06-14 00:23:22.209951: Epoch time: 22.65 s
2026-06-14 00:23:23.285992: 
2026-06-14 00:23:23.289018: Epoch 837
2026-06-14 00:23:23.292842: Current learning rate: 0.00195
2026-06-14 00:23:46.016562: train_loss -0.7717
2026-06-14 00:23:46.021947: val_loss -0.2504
2026-06-14 00:23:46.023604: Pseudo dice [0.2155]
2026-06-14 00:23:46.026600: Epoch time: 22.73 s
2026-06-14 00:23:47.108555: 
2026-06-14 00:23:47.110010: Epoch 838
2026-06-14 00:23:47.111468: Current learning rate: 0.00194
2026-06-14 00:24:09.741065: train_loss -0.771
2026-06-14 00:24:09.745675: val_loss -0.256
2026-06-14 00:24:09.748153: Pseudo dice [0.2241]
2026-06-14 00:24:09.750629: Epoch time: 22.63 s
2026-06-14 00:24:10.831895: 
2026-06-14 00:24:10.837503: Epoch 839
2026-06-14 00:24:10.840950: Current learning rate: 0.00193
2026-06-14 00:24:33.528789: train_loss -0.7838
2026-06-14 00:24:33.531724: val_loss -0.2457
2026-06-14 00:24:33.533185: Pseudo dice [0.2182]
2026-06-14 00:24:33.534491: Epoch time: 22.7 s
2026-06-14 00:24:34.605519: 
2026-06-14 00:24:34.617106: Epoch 840
2026-06-14 00:24:34.624708: Current learning rate: 0.00192
2026-06-14 00:24:57.208236: train_loss -0.7771
2026-06-14 00:24:57.210961: val_loss -0.5026
2026-06-14 00:24:57.212261: Pseudo dice [0.5228]
2026-06-14 00:24:57.213584: Epoch time: 22.6 s
2026-06-14 00:24:58.285283: 
2026-06-14 00:24:58.286619: Epoch 841
2026-06-14 00:24:58.287962: Current learning rate: 0.00191
2026-06-14 00:25:20.863344: train_loss -0.7809
2026-06-14 00:25:20.865923: val_loss -0.3722
2026-06-14 00:25:20.867126: Pseudo dice [0.2995]
2026-06-14 00:25:20.868692: Epoch time: 22.58 s
2026-06-14 00:25:21.952470: 
2026-06-14 00:25:21.957134: Epoch 842
2026-06-14 00:25:21.961073: Current learning rate: 0.0019
2026-06-14 00:25:44.614501: train_loss -0.7853
2026-06-14 00:25:44.617820: val_loss -0.3709
2026-06-14 00:25:44.619349: Pseudo dice [0.3018]
2026-06-14 00:25:44.620742: Epoch time: 22.66 s
2026-06-14 00:25:45.693257: 
2026-06-14 00:25:45.694748: Epoch 843
2026-06-14 00:25:45.696054: Current learning rate: 0.00189
2026-06-14 00:26:08.260711: train_loss -0.7806
2026-06-14 00:26:08.265239: val_loss -0.4742
2026-06-14 00:26:08.268535: Pseudo dice [0.4011]
2026-06-14 00:26:08.273611: Epoch time: 22.57 s
2026-06-14 00:26:09.364304: 
2026-06-14 00:26:09.366683: Epoch 844
2026-06-14 00:26:09.368462: Current learning rate: 0.00188
2026-06-14 00:26:31.904639: train_loss -0.7856
2026-06-14 00:26:31.907339: val_loss -0.389
2026-06-14 00:26:31.908625: Pseudo dice [0.356]
2026-06-14 00:26:31.910041: Epoch time: 22.54 s
2026-06-14 00:26:32.995652: 
2026-06-14 00:26:32.998823: Epoch 845
2026-06-14 00:26:33.001185: Current learning rate: 0.00187
2026-06-14 00:26:55.610111: train_loss -0.7801
2026-06-14 00:26:55.613685: val_loss -0.202
2026-06-14 00:26:55.615095: Pseudo dice [0.2077]
2026-06-14 00:26:55.616329: Epoch time: 22.62 s
2026-06-14 00:26:56.695711: 
2026-06-14 00:26:56.697178: Epoch 846
2026-06-14 00:26:56.698579: Current learning rate: 0.00186
2026-06-14 00:27:19.334348: train_loss -0.7889
2026-06-14 00:27:19.337593: val_loss -0.242
2026-06-14 00:27:19.339445: Pseudo dice [0.1815]
2026-06-14 00:27:19.344074: Epoch time: 22.64 s
2026-06-14 00:27:20.422258: 
2026-06-14 00:27:20.424048: Epoch 847
2026-06-14 00:27:20.425683: Current learning rate: 0.00185
2026-06-14 00:27:42.931232: train_loss -0.7721
2026-06-14 00:27:42.933623: val_loss -0.4223
2026-06-14 00:27:42.934933: Pseudo dice [0.3384]
2026-06-14 00:27:42.936301: Epoch time: 22.51 s
2026-06-14 00:27:44.009341: 
2026-06-14 00:27:44.010893: Epoch 848
2026-06-14 00:27:44.012103: Current learning rate: 0.00184
2026-06-14 00:28:06.577908: train_loss -0.7905
2026-06-14 00:28:06.581405: val_loss -0.2686
2026-06-14 00:28:06.583201: Pseudo dice [0.2393]
2026-06-14 00:28:06.584963: Epoch time: 22.57 s
2026-06-14 00:28:07.679776: 
2026-06-14 00:28:07.681943: Epoch 849
2026-06-14 00:28:07.684884: Current learning rate: 0.00182
2026-06-14 00:28:30.194021: train_loss -0.7946
2026-06-14 00:28:30.196903: val_loss -0.3889
2026-06-14 00:28:30.198220: Pseudo dice [0.3329]
2026-06-14 00:28:30.199501: Epoch time: 22.52 s
2026-06-14 00:28:31.778109: 
2026-06-14 00:28:31.779761: Epoch 850
2026-06-14 00:28:31.780943: Current learning rate: 0.00181
2026-06-14 00:28:54.398130: train_loss -0.7753
2026-06-14 00:28:54.400864: val_loss 0.0086
2026-06-14 00:28:54.402344: Pseudo dice [0.1433]
2026-06-14 00:28:54.403697: Epoch time: 22.62 s
2026-06-14 00:28:55.483510: 
2026-06-14 00:28:55.485091: Epoch 851
2026-06-14 00:28:55.486554: Current learning rate: 0.0018
2026-06-14 00:29:18.065953: train_loss -0.7786
2026-06-14 00:29:18.068534: val_loss 0.0115
2026-06-14 00:29:18.070005: Pseudo dice [0.1235]
2026-06-14 00:29:18.071428: Epoch time: 22.58 s
2026-06-14 00:29:19.133722: 
2026-06-14 00:29:19.135177: Epoch 852
2026-06-14 00:29:19.136661: Current learning rate: 0.00179
2026-06-14 00:29:41.692988: train_loss -0.7885
2026-06-14 00:29:41.696013: val_loss -0.3107
2026-06-14 00:29:41.697489: Pseudo dice [0.2823]
2026-06-14 00:29:41.699008: Epoch time: 22.56 s
2026-06-14 00:29:43.353810: 
2026-06-14 00:29:43.355470: Epoch 853
2026-06-14 00:29:43.356842: Current learning rate: 0.00178
2026-06-14 00:30:05.872983: train_loss -0.7949
2026-06-14 00:30:05.875818: val_loss -0.3291
2026-06-14 00:30:05.877292: Pseudo dice [0.2247]
2026-06-14 00:30:05.878628: Epoch time: 22.52 s
2026-06-14 00:30:06.935535: 
2026-06-14 00:30:06.937108: Epoch 854
2026-06-14 00:30:06.938747: Current learning rate: 0.00177
2026-06-14 00:30:29.616519: train_loss -0.7797
2026-06-14 00:30:29.620807: val_loss -0.2292
2026-06-14 00:30:29.623672: Pseudo dice [0.2224]
2026-06-14 00:30:29.625881: Epoch time: 22.68 s
2026-06-14 00:30:30.697547: 
2026-06-14 00:30:30.700828: Epoch 855
2026-06-14 00:30:30.722558: Current learning rate: 0.00176
2026-06-14 00:30:53.330425: train_loss -0.7864
2026-06-14 00:30:53.333649: val_loss -0.5251
2026-06-14 00:30:53.334944: Pseudo dice [0.568]
2026-06-14 00:30:53.336348: Epoch time: 22.63 s
2026-06-14 00:30:54.414231: 
2026-06-14 00:30:54.416584: Epoch 856
2026-06-14 00:30:54.418203: Current learning rate: 0.00175
2026-06-14 00:31:17.025500: train_loss -0.7807
2026-06-14 00:31:17.027944: val_loss -0.2404
2026-06-14 00:31:17.029438: Pseudo dice [0.2058]
2026-06-14 00:31:17.030862: Epoch time: 22.61 s
2026-06-14 00:31:18.097825: 
2026-06-14 00:31:18.099687: Epoch 857
2026-06-14 00:31:18.101202: Current learning rate: 0.00174
2026-06-14 00:31:40.693934: train_loss -0.792
2026-06-14 00:31:40.701327: val_loss -0.2971
2026-06-14 00:31:40.704213: Pseudo dice [0.2673]
2026-06-14 00:31:40.707923: Epoch time: 22.6 s
2026-06-14 00:31:41.772065: 
2026-06-14 00:31:41.773860: Epoch 858
2026-06-14 00:31:41.775378: Current learning rate: 0.00173
2026-06-14 00:32:04.393394: train_loss -0.7923
2026-06-14 00:32:04.396179: val_loss 0.0093
2026-06-14 00:32:04.397660: Pseudo dice [0.1288]
2026-06-14 00:32:04.398947: Epoch time: 22.62 s
2026-06-14 00:32:05.481437: 
2026-06-14 00:32:05.483279: Epoch 859
2026-06-14 00:32:05.484579: Current learning rate: 0.00172
2026-06-14 00:32:28.181237: train_loss -0.7857
2026-06-14 00:32:28.185181: val_loss -0.3009
2026-06-14 00:32:28.186821: Pseudo dice [0.2623]
2026-06-14 00:32:28.188255: Epoch time: 22.7 s
2026-06-14 00:32:29.266153: 
2026-06-14 00:32:29.267759: Epoch 860
2026-06-14 00:32:29.269018: Current learning rate: 0.0017
2026-06-14 00:32:51.963188: train_loss -0.7902
2026-06-14 00:32:51.966256: val_loss -0.1633
2026-06-14 00:32:51.968455: Pseudo dice [0.1661]
2026-06-14 00:32:51.970980: Epoch time: 22.7 s
2026-06-14 00:32:53.050804: 
2026-06-14 00:32:53.056069: Epoch 861
2026-06-14 00:32:53.060588: Current learning rate: 0.00169
2026-06-14 00:33:15.611202: train_loss -0.7825
2026-06-14 00:33:15.614379: val_loss -0.5038
2026-06-14 00:33:15.615973: Pseudo dice [0.5211]
2026-06-14 00:33:15.617538: Epoch time: 22.56 s
2026-06-14 00:33:16.693626: 
2026-06-14 00:33:16.695004: Epoch 862
2026-06-14 00:33:16.696736: Current learning rate: 0.00168
2026-06-14 00:33:39.375878: train_loss -0.7799
2026-06-14 00:33:39.382863: val_loss -0.5766
2026-06-14 00:33:39.386373: Pseudo dice [0.5703]
2026-06-14 00:33:39.391503: Epoch time: 22.68 s
2026-06-14 00:33:40.484671: 
2026-06-14 00:33:40.488710: Epoch 863
2026-06-14 00:33:40.492607: Current learning rate: 0.00167
2026-06-14 00:34:03.078164: train_loss -0.7909
2026-06-14 00:34:03.080990: val_loss -0.4644
2026-06-14 00:34:03.082373: Pseudo dice [0.4377]
2026-06-14 00:34:03.083775: Epoch time: 22.59 s
2026-06-14 00:34:04.146866: 
2026-06-14 00:34:04.148871: Epoch 864
2026-06-14 00:34:04.151589: Current learning rate: 0.00166
2026-06-14 00:34:26.793117: train_loss -0.7882
2026-06-14 00:34:26.796187: val_loss -0.3763
2026-06-14 00:34:26.797729: Pseudo dice [0.2951]
2026-06-14 00:34:26.799202: Epoch time: 22.65 s
2026-06-14 00:34:27.880353: 
2026-06-14 00:34:27.882101: Epoch 865
2026-06-14 00:34:27.883619: Current learning rate: 0.00165
2026-06-14 00:34:50.436034: train_loss -0.7747
2026-06-14 00:34:50.439462: val_loss -0.3959
2026-06-14 00:34:50.441506: Pseudo dice [0.2893]
2026-06-14 00:34:50.443255: Epoch time: 22.56 s
2026-06-14 00:34:51.527805: 
2026-06-14 00:34:51.543222: Epoch 866
2026-06-14 00:34:51.557589: Current learning rate: 0.00164
2026-06-14 00:35:14.155161: train_loss -0.7859
2026-06-14 00:35:14.158317: val_loss -0.3684
2026-06-14 00:35:14.159950: Pseudo dice [0.3096]
2026-06-14 00:35:14.161477: Epoch time: 22.63 s
2026-06-14 00:35:15.236119: 
2026-06-14 00:35:15.237650: Epoch 867
2026-06-14 00:35:15.238985: Current learning rate: 0.00163
2026-06-14 00:35:37.920110: train_loss -0.7913
2026-06-14 00:35:37.923831: val_loss -0.2782
2026-06-14 00:35:37.925531: Pseudo dice [0.2415]
2026-06-14 00:35:37.927098: Epoch time: 22.68 s
2026-06-14 00:35:39.001016: 
2026-06-14 00:35:39.002714: Epoch 868
2026-06-14 00:35:39.004375: Current learning rate: 0.00162
2026-06-14 00:36:01.532164: train_loss -0.7937
2026-06-14 00:36:01.535259: val_loss -0.1742
2026-06-14 00:36:01.537086: Pseudo dice [0.1833]
2026-06-14 00:36:01.538459: Epoch time: 22.53 s
2026-06-14 00:36:02.606726: 
2026-06-14 00:36:02.608735: Epoch 869
2026-06-14 00:36:02.610348: Current learning rate: 0.00161
2026-06-14 00:36:25.130430: train_loss -0.7929
2026-06-14 00:36:25.133190: val_loss 0.1195
2026-06-14 00:36:25.134487: Pseudo dice [0.0944]
2026-06-14 00:36:25.135856: Epoch time: 22.52 s
2026-06-14 00:36:26.205484: 
2026-06-14 00:36:26.207016: Epoch 870
2026-06-14 00:36:26.208387: Current learning rate: 0.00159
2026-06-14 00:36:48.707322: train_loss -0.7858
2026-06-14 00:36:48.710201: val_loss -0.2873
2026-06-14 00:36:48.711767: Pseudo dice [0.2791]
2026-06-14 00:36:48.713337: Epoch time: 22.5 s
2026-06-14 00:36:50.342909: 
2026-06-14 00:36:50.344881: Epoch 871
2026-06-14 00:36:50.346310: Current learning rate: 0.00158
2026-06-14 00:37:12.951092: train_loss -0.7975
2026-06-14 00:37:12.955200: val_loss -0.5004
2026-06-14 00:37:12.956925: Pseudo dice [0.5094]
2026-06-14 00:37:12.958377: Epoch time: 22.61 s
2026-06-14 00:37:14.022391: 
2026-06-14 00:37:14.024405: Epoch 872
2026-06-14 00:37:14.027180: Current learning rate: 0.00157
2026-06-14 00:37:36.733336: train_loss -0.7881
2026-06-14 00:37:36.736157: val_loss 0.1455
2026-06-14 00:37:36.737973: Pseudo dice [0.1168]
2026-06-14 00:37:36.739575: Epoch time: 22.71 s
2026-06-14 00:37:37.814828: 
2026-06-14 00:37:37.818042: Epoch 873
2026-06-14 00:37:37.819813: Current learning rate: 0.00156
2026-06-14 00:38:00.435519: train_loss -0.7909
2026-06-14 00:38:00.438511: val_loss -0.3885
2026-06-14 00:38:00.439919: Pseudo dice [0.2921]
2026-06-14 00:38:00.441371: Epoch time: 22.62 s
2026-06-14 00:38:01.523180: 
2026-06-14 00:38:01.524734: Epoch 874
2026-06-14 00:38:01.526066: Current learning rate: 0.00155
2026-06-14 00:38:24.017237: train_loss -0.7882
2026-06-14 00:38:24.020160: val_loss -0.5194
2026-06-14 00:38:24.021757: Pseudo dice [0.5357]
2026-06-14 00:38:24.023174: Epoch time: 22.49 s
2026-06-14 00:38:25.094175: 
2026-06-14 00:38:25.096610: Epoch 875
2026-06-14 00:38:25.097970: Current learning rate: 0.00154
2026-06-14 00:38:47.730418: train_loss -0.7838
2026-06-14 00:38:47.732943: val_loss -0.4106
2026-06-14 00:38:47.734434: Pseudo dice [0.3714]
2026-06-14 00:38:47.735797: Epoch time: 22.64 s
2026-06-14 00:38:48.817770: 
2026-06-14 00:38:48.819935: Epoch 876
2026-06-14 00:38:48.821812: Current learning rate: 0.00153
2026-06-14 00:39:11.436040: train_loss -0.7952
2026-06-14 00:39:11.438715: val_loss -0.3667
2026-06-14 00:39:11.440121: Pseudo dice [0.287]
2026-06-14 00:39:11.441466: Epoch time: 22.62 s
2026-06-14 00:39:12.511735: 
2026-06-14 00:39:12.513167: Epoch 877
2026-06-14 00:39:12.514439: Current learning rate: 0.00152
2026-06-14 00:39:35.075725: train_loss -0.7814
2026-06-14 00:39:35.078597: val_loss -0.2755
2026-06-14 00:39:35.080243: Pseudo dice [0.2448]
2026-06-14 00:39:35.082449: Epoch time: 22.57 s
2026-06-14 00:39:36.160021: 
2026-06-14 00:39:36.161536: Epoch 878
2026-06-14 00:39:36.162823: Current learning rate: 0.00151
2026-06-14 00:39:58.658126: train_loss -0.7971
2026-06-14 00:39:58.661505: val_loss -0.351
2026-06-14 00:39:58.663573: Pseudo dice [0.2812]
2026-06-14 00:39:58.664983: Epoch time: 22.5 s
2026-06-14 00:39:59.739986: 
2026-06-14 00:39:59.741519: Epoch 879
2026-06-14 00:39:59.742787: Current learning rate: 0.00149
2026-06-14 00:40:22.361898: train_loss -0.784
2026-06-14 00:40:22.366292: val_loss -0.3531
2026-06-14 00:40:22.368149: Pseudo dice [0.2562]
2026-06-14 00:40:22.370107: Epoch time: 22.62 s
2026-06-14 00:40:23.445623: 
2026-06-14 00:40:23.447994: Epoch 880
2026-06-14 00:40:23.451209: Current learning rate: 0.00148
2026-06-14 00:40:46.168509: train_loss -0.7783
2026-06-14 00:40:46.171210: val_loss -0.2162
2026-06-14 00:40:46.172941: Pseudo dice [0.2151]
2026-06-14 00:40:46.174448: Epoch time: 22.72 s
2026-06-14 00:40:47.247104: 
2026-06-14 00:40:47.248936: Epoch 881
2026-06-14 00:40:47.250944: Current learning rate: 0.00147
2026-06-14 00:41:09.804395: train_loss -0.8011
2026-06-14 00:41:09.810149: val_loss -0.1616
2026-06-14 00:41:09.813451: Pseudo dice [0.1869]
2026-06-14 00:41:09.816647: Epoch time: 22.56 s
2026-06-14 00:41:10.908899: 
2026-06-14 00:41:10.912784: Epoch 882
2026-06-14 00:41:10.916692: Current learning rate: 0.00146
2026-06-14 00:41:33.614003: train_loss -0.7901
2026-06-14 00:41:33.617371: val_loss -0.3492
2026-06-14 00:41:33.618717: Pseudo dice [0.2979]
2026-06-14 00:41:33.620247: Epoch time: 22.71 s
2026-06-14 00:41:34.692392: 
2026-06-14 00:41:34.697819: Epoch 883
2026-06-14 00:41:34.701004: Current learning rate: 0.00145
2026-06-14 00:41:57.186746: train_loss -0.7923
2026-06-14 00:41:57.189870: val_loss -0.2669
2026-06-14 00:41:57.191499: Pseudo dice [0.2263]
2026-06-14 00:41:57.192996: Epoch time: 22.5 s
2026-06-14 00:41:58.272330: 
2026-06-14 00:41:58.274373: Epoch 884
2026-06-14 00:41:58.277099: Current learning rate: 0.00144
2026-06-14 00:42:20.907177: train_loss -0.7967
2026-06-14 00:42:20.910489: val_loss -0.3865
2026-06-14 00:42:20.912203: Pseudo dice [0.3061]
2026-06-14 00:42:20.914306: Epoch time: 22.64 s
2026-06-14 00:42:21.972889: 
2026-06-14 00:42:21.975433: Epoch 885
2026-06-14 00:42:21.977270: Current learning rate: 0.00143
2026-06-14 00:42:44.551743: train_loss -0.7735
2026-06-14 00:42:44.554830: val_loss -0.3618
2026-06-14 00:42:44.557097: Pseudo dice [0.2772]
2026-06-14 00:42:44.558314: Epoch time: 22.58 s
2026-06-14 00:42:45.631243: 
2026-06-14 00:42:45.632676: Epoch 886
2026-06-14 00:42:45.634217: Current learning rate: 0.00142
2026-06-14 00:43:08.242676: train_loss -0.7877
2026-06-14 00:43:08.245310: val_loss -0.2485
2026-06-14 00:43:08.247095: Pseudo dice [0.2057]
2026-06-14 00:43:08.248682: Epoch time: 22.61 s
2026-06-14 00:43:09.325046: 
2026-06-14 00:43:09.327038: Epoch 887
2026-06-14 00:43:09.329189: Current learning rate: 0.00141
2026-06-14 00:43:31.888077: train_loss -0.7884
2026-06-14 00:43:31.890440: val_loss -0.1453
2026-06-14 00:43:31.892013: Pseudo dice [0.1787]
2026-06-14 00:43:31.893375: Epoch time: 22.56 s
2026-06-14 00:43:32.972940: 
2026-06-14 00:43:32.974539: Epoch 888
2026-06-14 00:43:32.975754: Current learning rate: 0.00139
2026-06-14 00:43:55.557119: train_loss -0.7669
2026-06-14 00:43:55.560127: val_loss -0.0707
2026-06-14 00:43:55.561723: Pseudo dice [0.1691]
2026-06-14 00:43:55.563541: Epoch time: 22.59 s
2026-06-14 00:43:57.196165: 
2026-06-14 00:43:57.199238: Epoch 889
2026-06-14 00:43:57.203058: Current learning rate: 0.00138
2026-06-14 00:44:19.926195: train_loss -0.7817
2026-06-14 00:44:19.928772: val_loss -0.1054
2026-06-14 00:44:19.930134: Pseudo dice [0.1717]
2026-06-14 00:44:19.931581: Epoch time: 22.73 s
2026-06-14 00:44:21.004533: 
2026-06-14 00:44:21.006310: Epoch 890
2026-06-14 00:44:21.007605: Current learning rate: 0.00137
2026-06-14 00:44:43.570252: train_loss -0.7942
2026-06-14 00:44:43.572550: val_loss -0.4268
2026-06-14 00:44:43.574242: Pseudo dice [0.351]
2026-06-14 00:44:43.575688: Epoch time: 22.57 s
2026-06-14 00:44:44.664272: 
2026-06-14 00:44:44.665998: Epoch 891
2026-06-14 00:44:44.667370: Current learning rate: 0.00136
2026-06-14 00:45:07.432958: train_loss -0.7983
2026-06-14 00:45:07.440383: val_loss -0.2219
2026-06-14 00:45:07.442990: Pseudo dice [0.2066]
2026-06-14 00:45:07.453230: Epoch time: 22.77 s
2026-06-14 00:45:08.531617: 
2026-06-14 00:45:08.533170: Epoch 892
2026-06-14 00:45:08.534550: Current learning rate: 0.00135
2026-06-14 00:45:31.105652: train_loss -0.8001
2026-06-14 00:45:31.110392: val_loss -0.4811
2026-06-14 00:45:31.112623: Pseudo dice [0.3442]
2026-06-14 00:45:31.115798: Epoch time: 22.58 s
2026-06-14 00:45:32.190317: 
2026-06-14 00:45:32.192898: Epoch 893
2026-06-14 00:45:32.195929: Current learning rate: 0.00134
2026-06-14 00:45:54.689545: train_loss -0.7891
2026-06-14 00:45:54.693589: val_loss -0.4255
2026-06-14 00:45:54.696003: Pseudo dice [0.3888]
2026-06-14 00:45:54.698205: Epoch time: 22.5 s
2026-06-14 00:45:55.768343: 
2026-06-14 00:45:55.772147: Epoch 894
2026-06-14 00:45:55.775569: Current learning rate: 0.00133
2026-06-14 00:46:18.246982: train_loss -0.7989
2026-06-14 00:46:18.249966: val_loss -0.4576
2026-06-14 00:46:18.251629: Pseudo dice [0.3501]
2026-06-14 00:46:18.252985: Epoch time: 22.48 s
2026-06-14 00:46:19.343199: 
2026-06-14 00:46:19.344752: Epoch 895
2026-06-14 00:46:19.346102: Current learning rate: 0.00132
2026-06-14 00:46:41.893544: train_loss -0.8002
2026-06-14 00:46:41.898621: val_loss -0.3193
2026-06-14 00:46:41.901638: Pseudo dice [0.2446]
2026-06-14 00:46:41.906241: Epoch time: 22.55 s
2026-06-14 00:46:42.981265: 
2026-06-14 00:46:42.985801: Epoch 896
2026-06-14 00:46:42.989588: Current learning rate: 0.0013
2026-06-14 00:47:05.593723: train_loss -0.7955
2026-06-14 00:47:05.596821: val_loss -0.2934
2026-06-14 00:47:05.598327: Pseudo dice [0.2575]
2026-06-14 00:47:05.599945: Epoch time: 22.61 s
2026-06-14 00:47:06.678012: 
2026-06-14 00:47:06.679948: Epoch 897
2026-06-14 00:47:06.681992: Current learning rate: 0.00129
2026-06-14 00:47:29.372862: train_loss -0.7971
2026-06-14 00:47:29.376262: val_loss -0.4814
2026-06-14 00:47:29.378261: Pseudo dice [0.4362]
2026-06-14 00:47:29.379453: Epoch time: 22.7 s
2026-06-14 00:47:30.447865: 
2026-06-14 00:47:30.449336: Epoch 898
2026-06-14 00:47:30.450703: Current learning rate: 0.00128
2026-06-14 00:47:52.984206: train_loss -0.7928
2026-06-14 00:47:52.988368: val_loss -0.3033
2026-06-14 00:47:52.990485: Pseudo dice [0.2158]
2026-06-14 00:47:52.992588: Epoch time: 22.54 s
2026-06-14 00:47:54.080051: 
2026-06-14 00:47:54.082372: Epoch 899
2026-06-14 00:47:54.084090: Current learning rate: 0.00127
2026-06-14 00:48:16.644802: train_loss -0.7853
2026-06-14 00:48:16.647951: val_loss -0.4113
2026-06-14 00:48:16.649660: Pseudo dice [0.2918]
2026-06-14 00:48:16.651548: Epoch time: 22.57 s
2026-06-14 00:48:18.236770: 
2026-06-14 00:48:18.238626: Epoch 900
2026-06-14 00:48:18.241232: Current learning rate: 0.00126
2026-06-14 00:48:40.818844: train_loss -0.8003
2026-06-14 00:48:40.824044: val_loss -0.3781
2026-06-14 00:48:40.825960: Pseudo dice [0.301]
2026-06-14 00:48:40.827236: Epoch time: 22.58 s
2026-06-14 00:48:41.900776: 
2026-06-14 00:48:41.902179: Epoch 901
2026-06-14 00:48:41.903463: Current learning rate: 0.00125
2026-06-14 00:49:04.449443: train_loss -0.8012
2026-06-14 00:49:04.452064: val_loss -0.3598
2026-06-14 00:49:04.453587: Pseudo dice [0.2528]
2026-06-14 00:49:04.454990: Epoch time: 22.55 s
2026-06-14 00:49:05.530345: 
2026-06-14 00:49:05.532126: Epoch 902
2026-06-14 00:49:05.533732: Current learning rate: 0.00124
2026-06-14 00:49:28.084833: train_loss -0.7914
2026-06-14 00:49:28.087256: val_loss -0.0195
2026-06-14 00:49:28.088666: Pseudo dice [0.1514]
2026-06-14 00:49:28.090050: Epoch time: 22.56 s
2026-06-14 00:49:29.228900: 
2026-06-14 00:49:29.231722: Epoch 903
2026-06-14 00:49:29.233540: Current learning rate: 0.00122
2026-06-14 00:49:51.782881: train_loss -0.8042
2026-06-14 00:49:51.788365: val_loss -0.1064
2026-06-14 00:49:51.790531: Pseudo dice [0.1696]
2026-06-14 00:49:51.792213: Epoch time: 22.56 s
2026-06-14 00:49:52.869270: 
2026-06-14 00:49:52.873072: Epoch 904
2026-06-14 00:49:52.876320: Current learning rate: 0.00121
2026-06-14 00:50:15.498216: train_loss -0.8039
2026-06-14 00:50:15.500846: val_loss -0.0638
2026-06-14 00:50:15.502320: Pseudo dice [0.1592]
2026-06-14 00:50:15.503879: Epoch time: 22.63 s
2026-06-14 00:50:16.793910: 
2026-06-14 00:50:16.795404: Epoch 905
2026-06-14 00:50:16.796754: Current learning rate: 0.0012
2026-06-14 00:50:39.433681: train_loss -0.7957
2026-06-14 00:50:39.437389: val_loss -0.24
2026-06-14 00:50:39.439607: Pseudo dice [0.2059]
2026-06-14 00:50:39.441310: Epoch time: 22.64 s
2026-06-14 00:50:40.515920: 
2026-06-14 00:50:40.517460: Epoch 906
2026-06-14 00:50:40.519033: Current learning rate: 0.00119
2026-06-14 00:51:03.131010: train_loss -0.7975
2026-06-14 00:51:03.134983: val_loss -0.31
2026-06-14 00:51:03.136979: Pseudo dice [0.2591]
2026-06-14 00:51:03.139724: Epoch time: 22.62 s
2026-06-14 00:51:04.795677: 
2026-06-14 00:51:04.797719: Epoch 907
2026-06-14 00:51:04.799800: Current learning rate: 0.00118
2026-06-14 00:51:27.597273: train_loss -0.7887
2026-06-14 00:51:27.600109: val_loss -0.35
2026-06-14 00:51:27.601435: Pseudo dice [0.2931]
2026-06-14 00:51:27.602815: Epoch time: 22.8 s
2026-06-14 00:51:28.674019: 
2026-06-14 00:51:28.675687: Epoch 908
2026-06-14 00:51:28.676867: Current learning rate: 0.00117
2026-06-14 00:51:51.181675: train_loss -0.7949
2026-06-14 00:51:51.184997: val_loss -0.4746
2026-06-14 00:51:51.186469: Pseudo dice [0.3843]
2026-06-14 00:51:51.187848: Epoch time: 22.51 s
2026-06-14 00:51:52.258655: 
2026-06-14 00:51:52.260214: Epoch 909
2026-06-14 00:51:52.261632: Current learning rate: 0.00116
2026-06-14 00:52:14.979789: train_loss -0.7921
2026-06-14 00:52:14.982893: val_loss -0.3272
2026-06-14 00:52:14.984367: Pseudo dice [0.2365]
2026-06-14 00:52:14.985920: Epoch time: 22.72 s
2026-06-14 00:52:16.069861: 
2026-06-14 00:52:16.071608: Epoch 910
2026-06-14 00:52:16.073096: Current learning rate: 0.00115
2026-06-14 00:52:38.716824: train_loss -0.7935
2026-06-14 00:52:38.719633: val_loss -0.3944
2026-06-14 00:52:38.721218: Pseudo dice [0.3269]
2026-06-14 00:52:38.722753: Epoch time: 22.65 s
2026-06-14 00:52:39.806734: 
2026-06-14 00:52:39.817712: Epoch 911
2026-06-14 00:52:39.819369: Current learning rate: 0.00113
2026-06-14 00:53:02.507454: train_loss -0.7785
2026-06-14 00:53:02.510827: val_loss -0.506
2026-06-14 00:53:02.512257: Pseudo dice [0.465]
2026-06-14 00:53:02.513539: Epoch time: 22.7 s
2026-06-14 00:53:03.591189: 
2026-06-14 00:53:03.592671: Epoch 912
2026-06-14 00:53:03.593996: Current learning rate: 0.00112
2026-06-14 00:53:26.267186: train_loss -0.812
2026-06-14 00:53:26.275252: val_loss -0.3681
2026-06-14 00:53:26.279324: Pseudo dice [0.3249]
2026-06-14 00:53:26.283288: Epoch time: 22.68 s
2026-06-14 00:53:27.373178: 
2026-06-14 00:53:27.380846: Epoch 913
2026-06-14 00:53:27.384412: Current learning rate: 0.00111
2026-06-14 00:53:50.027622: train_loss -0.7959
2026-06-14 00:53:50.030363: val_loss -0.0673
2026-06-14 00:53:50.032190: Pseudo dice [0.1635]
2026-06-14 00:53:50.036353: Epoch time: 22.66 s
2026-06-14 00:53:51.126486: 
2026-06-14 00:53:51.128959: Epoch 914
2026-06-14 00:53:51.131195: Current learning rate: 0.0011
2026-06-14 00:54:13.792930: train_loss -0.7959
2026-06-14 00:54:13.796735: val_loss -0.3552
2026-06-14 00:54:13.799152: Pseudo dice [0.306]
2026-06-14 00:54:13.801348: Epoch time: 22.67 s
2026-06-14 00:54:14.886622: 
2026-06-14 00:54:14.888310: Epoch 915
2026-06-14 00:54:14.890424: Current learning rate: 0.00109
2026-06-14 00:54:37.570187: train_loss -0.7887
2026-06-14 00:54:37.574295: val_loss -0.3567
2026-06-14 00:54:37.576139: Pseudo dice [0.2568]
2026-06-14 00:54:37.577574: Epoch time: 22.68 s
2026-06-14 00:54:38.658203: 
2026-06-14 00:54:38.660015: Epoch 916
2026-06-14 00:54:38.661718: Current learning rate: 0.00108
2026-06-14 00:55:01.233050: train_loss -0.7985
2026-06-14 00:55:01.235583: val_loss -0.2651
2026-06-14 00:55:01.237172: Pseudo dice [0.2234]
2026-06-14 00:55:01.238727: Epoch time: 22.58 s
2026-06-14 00:55:02.316606: 
2026-06-14 00:55:02.318012: Epoch 917
2026-06-14 00:55:02.319292: Current learning rate: 0.00106
2026-06-14 00:55:24.974391: train_loss -0.7968
2026-06-14 00:55:24.977179: val_loss -0.2228
2026-06-14 00:55:24.978474: Pseudo dice [0.181]
2026-06-14 00:55:24.979898: Epoch time: 22.66 s
2026-06-14 00:55:26.052261: 
2026-06-14 00:55:26.054038: Epoch 918
2026-06-14 00:55:26.055352: Current learning rate: 0.00105
2026-06-14 00:55:48.548459: train_loss -0.8132
2026-06-14 00:55:48.553008: val_loss -0.1535
2026-06-14 00:55:48.554288: Pseudo dice [0.1689]
2026-06-14 00:55:48.555818: Epoch time: 22.5 s
2026-06-14 00:55:49.640110: 
2026-06-14 00:55:49.641682: Epoch 919
2026-06-14 00:55:49.643023: Current learning rate: 0.00104
2026-06-14 00:56:12.204444: train_loss -0.7966
2026-06-14 00:56:12.208344: val_loss -0.3298
2026-06-14 00:56:12.209793: Pseudo dice [0.2271]
2026-06-14 00:56:12.212481: Epoch time: 22.57 s
2026-06-14 00:56:13.288856: 
2026-06-14 00:56:13.290407: Epoch 920
2026-06-14 00:56:13.291876: Current learning rate: 0.00103
2026-06-14 00:56:35.871892: train_loss -0.8072
2026-06-14 00:56:35.875739: val_loss -0.2779
2026-06-14 00:56:35.877664: Pseudo dice [0.235]
2026-06-14 00:56:35.884543: Epoch time: 22.58 s
2026-06-14 00:56:36.962067: 
2026-06-14 00:56:36.964674: Epoch 921
2026-06-14 00:56:36.966866: Current learning rate: 0.00102
2026-06-14 00:56:59.631138: train_loss -0.7925
2026-06-14 00:56:59.634855: val_loss -0.3641
2026-06-14 00:56:59.636731: Pseudo dice [0.2937]
2026-06-14 00:56:59.638499: Epoch time: 22.67 s
2026-06-14 00:57:00.729367: 
2026-06-14 00:57:00.731863: Epoch 922
2026-06-14 00:57:00.734743: Current learning rate: 0.00101
2026-06-14 00:57:23.255641: train_loss -0.8015
2026-06-14 00:57:23.258324: val_loss -0.2355
2026-06-14 00:57:23.259785: Pseudo dice [0.195]
2026-06-14 00:57:23.261253: Epoch time: 22.53 s
2026-06-14 00:57:24.338640: 
2026-06-14 00:57:24.340235: Epoch 923
2026-06-14 00:57:24.341687: Current learning rate: 0.001
2026-06-14 00:57:46.904129: train_loss -0.8048
2026-06-14 00:57:46.906911: val_loss -0.503
2026-06-14 00:57:46.909050: Pseudo dice [0.3787]
2026-06-14 00:57:46.910590: Epoch time: 22.57 s
2026-06-14 00:57:47.980539: 
2026-06-14 00:57:47.981969: Epoch 924
2026-06-14 00:57:47.983501: Current learning rate: 0.00098
2026-06-14 00:58:10.597499: train_loss -0.8048
2026-06-14 00:58:10.600741: val_loss -0.5525
2026-06-14 00:58:10.602415: Pseudo dice [0.5399]
2026-06-14 00:58:10.604131: Epoch time: 22.62 s
2026-06-14 00:58:12.247539: 
2026-06-14 00:58:12.253472: Epoch 925
2026-06-14 00:58:12.260803: Current learning rate: 0.00097
2026-06-14 00:58:34.863207: train_loss -0.8087
2026-06-14 00:58:34.867367: val_loss -0.1742
2026-06-14 00:58:34.869697: Pseudo dice [0.168]
2026-06-14 00:58:34.872214: Epoch time: 22.62 s
2026-06-14 00:58:35.957674: 
2026-06-14 00:58:35.959783: Epoch 926
2026-06-14 00:58:35.961657: Current learning rate: 0.00096
2026-06-14 00:58:58.507149: train_loss -0.7993
2026-06-14 00:58:58.513348: val_loss -0.1388
2026-06-14 00:58:58.516968: Pseudo dice [0.154]
2026-06-14 00:58:58.520396: Epoch time: 22.55 s
2026-06-14 00:58:59.604933: 
2026-06-14 00:58:59.608335: Epoch 927
2026-06-14 00:58:59.612587: Current learning rate: 0.00095
2026-06-14 00:59:22.264814: train_loss -0.7961
2026-06-14 00:59:22.272589: val_loss 0.0497
2026-06-14 00:59:22.276416: Pseudo dice [0.1211]
2026-06-14 00:59:22.280405: Epoch time: 22.66 s
2026-06-14 00:59:23.356407: 
2026-06-14 00:59:23.358550: Epoch 928
2026-06-14 00:59:23.360728: Current learning rate: 0.00094
2026-06-14 00:59:46.049975: train_loss -0.8006
2026-06-14 00:59:46.055338: val_loss -0.4029
2026-06-14 00:59:46.058378: Pseudo dice [0.3381]
2026-06-14 00:59:46.060831: Epoch time: 22.69 s
2026-06-14 00:59:47.140908: 
2026-06-14 00:59:47.146302: Epoch 929
2026-06-14 00:59:47.148767: Current learning rate: 0.00092
2026-06-14 01:00:09.823375: train_loss -0.799
2026-06-14 01:00:09.826741: val_loss -0.1412
2026-06-14 01:00:09.828547: Pseudo dice [0.1645]
2026-06-14 01:00:09.830383: Epoch time: 22.68 s
2026-06-14 01:00:10.908953: 
2026-06-14 01:00:10.910825: Epoch 930
2026-06-14 01:00:10.912388: Current learning rate: 0.00091
2026-06-14 01:00:33.623589: train_loss -0.7935
2026-06-14 01:00:33.629854: val_loss -0.2921
2026-06-14 01:00:33.632563: Pseudo dice [0.2467]
2026-06-14 01:00:33.635653: Epoch time: 22.72 s
2026-06-14 01:00:34.721447: 
2026-06-14 01:00:34.723305: Epoch 931
2026-06-14 01:00:34.725112: Current learning rate: 0.0009
2026-06-14 01:00:57.462996: train_loss -0.8005
2026-06-14 01:00:57.469087: val_loss -0.3845
2026-06-14 01:00:57.472373: Pseudo dice [0.3266]
2026-06-14 01:00:57.475834: Epoch time: 22.74 s
2026-06-14 01:00:58.565170: 
2026-06-14 01:00:58.570309: Epoch 932
2026-06-14 01:00:58.574226: Current learning rate: 0.00089
2026-06-14 01:01:21.145791: train_loss -0.8052
2026-06-14 01:01:21.150162: val_loss -0.2345
2026-06-14 01:01:21.152431: Pseudo dice [0.1921]
2026-06-14 01:01:21.154093: Epoch time: 22.58 s
2026-06-14 01:01:22.251505: 
2026-06-14 01:01:22.253516: Epoch 933
2026-06-14 01:01:22.255421: Current learning rate: 0.00088
2026-06-14 01:01:44.795148: train_loss -0.8052
2026-06-14 01:01:44.799895: val_loss -0.2032
2026-06-14 01:01:44.803130: Pseudo dice [0.1803]
2026-06-14 01:01:44.807238: Epoch time: 22.54 s
2026-06-14 01:01:45.885970: 
2026-06-14 01:01:45.887803: Epoch 934
2026-06-14 01:01:45.889657: Current learning rate: 0.00087
2026-06-14 01:02:08.603610: train_loss -0.7935
2026-06-14 01:02:08.607373: val_loss 0.206
2026-06-14 01:02:08.609203: Pseudo dice [0.1006]
2026-06-14 01:02:08.612062: Epoch time: 22.72 s
2026-06-14 01:02:09.686923: 
2026-06-14 01:02:09.688791: Epoch 935
2026-06-14 01:02:09.690387: Current learning rate: 0.00085
2026-06-14 01:02:32.233982: train_loss -0.802
2026-06-14 01:02:32.236810: val_loss -0.5638
2026-06-14 01:02:32.238548: Pseudo dice [0.5817]
2026-06-14 01:02:32.240431: Epoch time: 22.55 s
2026-06-14 01:02:33.335004: 
2026-06-14 01:02:33.336898: Epoch 936
2026-06-14 01:02:33.339454: Current learning rate: 0.00084
2026-06-14 01:02:55.894638: train_loss -0.7922
2026-06-14 01:02:55.898096: val_loss -0.1345
2026-06-14 01:02:55.899491: Pseudo dice [0.1651]
2026-06-14 01:02:55.901061: Epoch time: 22.56 s
2026-06-14 01:02:56.983466: 
2026-06-14 01:02:56.987548: Epoch 937
2026-06-14 01:02:56.992687: Current learning rate: 0.00083
2026-06-14 01:03:19.675008: train_loss -0.7929
2026-06-14 01:03:19.678039: val_loss -0.2089
2026-06-14 01:03:19.679713: Pseudo dice [0.2086]
2026-06-14 01:03:19.682441: Epoch time: 22.69 s
2026-06-14 01:03:20.753120: 
2026-06-14 01:03:20.754868: Epoch 938
2026-06-14 01:03:20.756381: Current learning rate: 0.00082
2026-06-14 01:03:43.239876: train_loss -0.8172
2026-06-14 01:03:43.243868: val_loss -0.266
2026-06-14 01:03:43.245898: Pseudo dice [0.1876]
2026-06-14 01:03:43.247713: Epoch time: 22.49 s
2026-06-14 01:03:44.323535: 
2026-06-14 01:03:44.325336: Epoch 939
2026-06-14 01:03:44.326837: Current learning rate: 0.00081
2026-06-14 01:04:06.937695: train_loss -0.8046
2026-06-14 01:04:06.940841: val_loss -0.0976
2026-06-14 01:04:06.942318: Pseudo dice [0.1855]
2026-06-14 01:04:06.943673: Epoch time: 22.62 s
2026-06-14 01:04:08.020810: 
2026-06-14 01:04:08.023432: Epoch 940
2026-06-14 01:04:08.025182: Current learning rate: 0.00079
2026-06-14 01:04:30.668296: train_loss -0.8048
2026-06-14 01:04:30.673336: val_loss -0.1676
2026-06-14 01:04:30.675828: Pseudo dice [0.1828]
2026-06-14 01:04:30.678448: Epoch time: 22.65 s
2026-06-14 01:04:31.761036: 
2026-06-14 01:04:31.763204: Epoch 941
2026-06-14 01:04:31.765460: Current learning rate: 0.00078
2026-06-14 01:04:54.431317: train_loss -0.8065
2026-06-14 01:04:54.433874: val_loss -0.2558
2026-06-14 01:04:54.435261: Pseudo dice [0.1879]
2026-06-14 01:04:54.436723: Epoch time: 22.67 s
2026-06-14 01:04:55.515782: 
2026-06-14 01:04:55.519404: Epoch 942
2026-06-14 01:04:55.522044: Current learning rate: 0.00077
2026-06-14 01:05:18.024773: train_loss -0.8029
2026-06-14 01:05:18.029618: val_loss -0.2952
2026-06-14 01:05:18.031296: Pseudo dice [0.2685]
2026-06-14 01:05:18.032918: Epoch time: 22.51 s
2026-06-14 01:05:19.687057: 
2026-06-14 01:05:19.689181: Epoch 943
2026-06-14 01:05:19.691384: Current learning rate: 0.00076
2026-06-14 01:05:42.319954: train_loss -0.7975
2026-06-14 01:05:42.325511: val_loss -0.3887
2026-06-14 01:05:42.328284: Pseudo dice [0.2858]
2026-06-14 01:05:42.331590: Epoch time: 22.63 s
2026-06-14 01:05:43.401822: 
2026-06-14 01:05:43.403933: Epoch 944
2026-06-14 01:05:43.405999: Current learning rate: 0.00075
2026-06-14 01:06:05.934136: train_loss -0.7931
2026-06-14 01:06:05.936770: val_loss -0.4659
2026-06-14 01:06:05.938215: Pseudo dice [0.3914]
2026-06-14 01:06:05.939539: Epoch time: 22.53 s
2026-06-14 01:06:07.003904: 
2026-06-14 01:06:07.005370: Epoch 945
2026-06-14 01:06:07.006686: Current learning rate: 0.00074
2026-06-14 01:06:29.482456: train_loss -0.8269
2026-06-14 01:06:29.485606: val_loss -0.2997
2026-06-14 01:06:29.487257: Pseudo dice [0.1967]
2026-06-14 01:06:29.488779: Epoch time: 22.48 s
2026-06-14 01:06:30.556841: 
2026-06-14 01:06:30.558723: Epoch 946
2026-06-14 01:06:30.560210: Current learning rate: 0.00072
2026-06-14 01:06:53.156412: train_loss -0.8268
2026-06-14 01:06:53.159571: val_loss -0.1004
2026-06-14 01:06:53.161755: Pseudo dice [0.1581]
2026-06-14 01:06:53.163627: Epoch time: 22.6 s
2026-06-14 01:06:54.255841: 
2026-06-14 01:06:54.257954: Epoch 947
2026-06-14 01:06:54.259953: Current learning rate: 0.00071
2026-06-14 01:07:16.882134: train_loss -0.8098
2026-06-14 01:07:16.888980: val_loss -0.0538
2026-06-14 01:07:16.891221: Pseudo dice [0.1259]
2026-06-14 01:07:16.892955: Epoch time: 22.63 s
2026-06-14 01:07:17.977926: 
2026-06-14 01:07:17.980300: Epoch 948
2026-06-14 01:07:17.982042: Current learning rate: 0.0007
2026-06-14 01:07:40.568455: train_loss -0.8074
2026-06-14 01:07:40.573211: val_loss 0.2175
2026-06-14 01:07:40.575305: Pseudo dice [0.0969]
2026-06-14 01:07:40.577530: Epoch time: 22.59 s
2026-06-14 01:07:41.672464: 
2026-06-14 01:07:41.675662: Epoch 949
2026-06-14 01:07:41.678379: Current learning rate: 0.00069
2026-06-14 01:08:04.155902: train_loss -0.8069
2026-06-14 01:08:04.158515: val_loss -0.315
2026-06-14 01:08:04.160409: Pseudo dice [0.1956]
2026-06-14 01:08:04.161894: Epoch time: 22.48 s
2026-06-14 01:08:05.805293: 
2026-06-14 01:08:05.807384: Epoch 950
2026-06-14 01:08:05.808875: Current learning rate: 0.00067
2026-06-14 01:08:28.349583: train_loss -0.8025
2026-06-14 01:08:28.354652: val_loss -0.4269
2026-06-14 01:08:28.358573: Pseudo dice [0.302]
2026-06-14 01:08:28.360837: Epoch time: 22.55 s
2026-06-14 01:08:29.481377: 
2026-06-14 01:08:29.483590: Epoch 951
2026-06-14 01:08:29.485294: Current learning rate: 0.00066
2026-06-14 01:08:52.148648: train_loss -0.8025
2026-06-14 01:08:52.156757: val_loss -0.3583
2026-06-14 01:08:52.160099: Pseudo dice [0.3018]
2026-06-14 01:08:52.164658: Epoch time: 22.67 s
2026-06-14 01:08:53.258725: 
2026-06-14 01:08:53.260698: Epoch 952
2026-06-14 01:08:53.263289: Current learning rate: 0.00065
2026-06-14 01:09:15.782950: train_loss -0.8134
2026-06-14 01:09:15.785822: val_loss -0.2403
2026-06-14 01:09:15.787499: Pseudo dice [0.2098]
2026-06-14 01:09:15.789075: Epoch time: 22.53 s
2026-06-14 01:09:16.868120: 
2026-06-14 01:09:16.870272: Epoch 953
2026-06-14 01:09:16.872416: Current learning rate: 0.00064
2026-06-14 01:09:39.464215: train_loss -0.8026
2026-06-14 01:09:39.467246: val_loss -0.4492
2026-06-14 01:09:39.469527: Pseudo dice [0.3646]
2026-06-14 01:09:39.471014: Epoch time: 22.6 s
2026-06-14 01:09:40.547803: 
2026-06-14 01:09:40.550499: Epoch 954
2026-06-14 01:09:40.552888: Current learning rate: 0.00063
2026-06-14 01:10:03.100739: train_loss -0.8154
2026-06-14 01:10:03.105241: val_loss -0.4503
2026-06-14 01:10:03.106861: Pseudo dice [0.375]
2026-06-14 01:10:03.108449: Epoch time: 22.55 s
2026-06-14 01:10:04.191850: 
2026-06-14 01:10:04.193711: Epoch 955
2026-06-14 01:10:04.195612: Current learning rate: 0.00061
2026-06-14 01:10:26.682182: train_loss -0.8101
2026-06-14 01:10:26.685524: val_loss -0.1985
2026-06-14 01:10:26.687069: Pseudo dice [0.2034]
2026-06-14 01:10:26.688581: Epoch time: 22.49 s
2026-06-14 01:10:27.785016: 
2026-06-14 01:10:27.787334: Epoch 956
2026-06-14 01:10:27.788988: Current learning rate: 0.0006
2026-06-14 01:10:50.412471: train_loss -0.8122
2026-06-14 01:10:50.415716: val_loss -0.3954
2026-06-14 01:10:50.417512: Pseudo dice [0.3117]
2026-06-14 01:10:50.418900: Epoch time: 22.63 s
2026-06-14 01:10:51.496509: 
2026-06-14 01:10:51.498210: Epoch 957
2026-06-14 01:10:51.499699: Current learning rate: 0.00059
2026-06-14 01:11:14.144962: train_loss -0.8036
2026-06-14 01:11:14.148818: val_loss -0.4708
2026-06-14 01:11:14.150922: Pseudo dice [0.4424]
2026-06-14 01:11:14.153013: Epoch time: 22.65 s
2026-06-14 01:11:15.238101: 
2026-06-14 01:11:15.240152: Epoch 958
2026-06-14 01:11:15.242299: Current learning rate: 0.00058
2026-06-14 01:11:37.931697: train_loss -0.8047
2026-06-14 01:11:37.934540: val_loss -0.1516
2026-06-14 01:11:37.936071: Pseudo dice [0.1943]
2026-06-14 01:11:37.937650: Epoch time: 22.69 s
2026-06-14 01:11:39.028450: 
2026-06-14 01:11:39.030080: Epoch 959
2026-06-14 01:11:39.031601: Current learning rate: 0.00056
2026-06-14 01:12:01.528771: train_loss -0.8146
2026-06-14 01:12:01.531517: val_loss -0.248
2026-06-14 01:12:01.533894: Pseudo dice [0.2295]
2026-06-14 01:12:01.535541: Epoch time: 22.5 s
2026-06-14 01:12:03.192745: 
2026-06-14 01:12:03.194753: Epoch 960
2026-06-14 01:12:03.196280: Current learning rate: 0.00055
2026-06-14 01:12:25.716435: train_loss -0.811
2026-06-14 01:12:25.719491: val_loss -0.1605
2026-06-14 01:12:25.721392: Pseudo dice [0.2104]
2026-06-14 01:12:25.722788: Epoch time: 22.52 s
2026-06-14 01:12:26.814349: 
2026-06-14 01:12:26.815962: Epoch 961
2026-06-14 01:12:26.817505: Current learning rate: 0.00054
2026-06-14 01:12:49.400380: train_loss -0.8203
2026-06-14 01:12:49.405916: val_loss -0.3479
2026-06-14 01:12:49.408573: Pseudo dice [0.2699]
2026-06-14 01:12:49.411213: Epoch time: 22.59 s
2026-06-14 01:12:50.505740: 
2026-06-14 01:12:50.509155: Epoch 962
2026-06-14 01:12:50.511882: Current learning rate: 0.00053
2026-06-14 01:13:13.207549: train_loss -0.8097
2026-06-14 01:13:13.210325: val_loss -0.3961
2026-06-14 01:13:13.212043: Pseudo dice [0.3113]
2026-06-14 01:13:13.213975: Epoch time: 22.7 s
2026-06-14 01:13:14.292213: 
2026-06-14 01:13:14.293798: Epoch 963
2026-06-14 01:13:14.295133: Current learning rate: 0.00051
2026-06-14 01:13:36.919028: train_loss -0.823
2026-06-14 01:13:36.925736: val_loss -0.5756
2026-06-14 01:13:36.929379: Pseudo dice [0.5784]
2026-06-14 01:13:36.931985: Epoch time: 22.63 s
2026-06-14 01:13:38.024583: 
2026-06-14 01:13:38.031626: Epoch 964
2026-06-14 01:13:38.037386: Current learning rate: 0.0005
2026-06-14 01:14:00.676286: train_loss -0.8191
2026-06-14 01:14:00.678940: val_loss -0.0691
2026-06-14 01:14:00.680641: Pseudo dice [0.1498]
2026-06-14 01:14:00.682312: Epoch time: 22.65 s
2026-06-14 01:14:01.774959: 
2026-06-14 01:14:01.776683: Epoch 965
2026-06-14 01:14:01.778109: Current learning rate: 0.00049
2026-06-14 01:14:24.425461: train_loss -0.8086
2026-06-14 01:14:24.428313: val_loss -0.3804
2026-06-14 01:14:24.430407: Pseudo dice [0.2813]
2026-06-14 01:14:24.432159: Epoch time: 22.65 s
2026-06-14 01:14:25.536192: 
2026-06-14 01:14:25.538338: Epoch 966
2026-06-14 01:14:25.539892: Current learning rate: 0.00048
2026-06-14 01:14:48.129424: train_loss -0.8209
2026-06-14 01:14:48.132204: val_loss -0.5265
2026-06-14 01:14:48.133835: Pseudo dice [0.5378]
2026-06-14 01:14:48.135297: Epoch time: 22.59 s
2026-06-14 01:14:49.224302: 
2026-06-14 01:14:49.225882: Epoch 967
2026-06-14 01:14:49.227350: Current learning rate: 0.00046
2026-06-14 01:15:11.886423: train_loss -0.8115
2026-06-14 01:15:11.889001: val_loss -0.1665
2026-06-14 01:15:11.890759: Pseudo dice [0.2045]
2026-06-14 01:15:11.892425: Epoch time: 22.66 s
2026-06-14 01:15:12.990279: 
2026-06-14 01:15:12.991825: Epoch 968
2026-06-14 01:15:12.993288: Current learning rate: 0.00045
2026-06-14 01:15:35.526643: train_loss -0.8146
2026-06-14 01:15:35.529792: val_loss -0.4616
2026-06-14 01:15:35.531553: Pseudo dice [0.4241]
2026-06-14 01:15:35.533106: Epoch time: 22.54 s
2026-06-14 01:15:36.638847: 
2026-06-14 01:15:36.640716: Epoch 969
2026-06-14 01:15:36.642448: Current learning rate: 0.00044
2026-06-14 01:15:59.240894: train_loss -0.8154
2026-06-14 01:15:59.245102: val_loss -0.354
2026-06-14 01:15:59.247244: Pseudo dice [0.2616]
2026-06-14 01:15:59.251206: Epoch time: 22.6 s
2026-06-14 01:16:00.358113: 
2026-06-14 01:16:00.360159: Epoch 970
2026-06-14 01:16:00.361880: Current learning rate: 0.00043
2026-06-14 01:16:22.899051: train_loss -0.815
2026-06-14 01:16:22.902652: val_loss -0.2855
2026-06-14 01:16:22.904465: Pseudo dice [0.2285]
2026-06-14 01:16:22.906154: Epoch time: 22.54 s
2026-06-14 01:16:24.002570: 
2026-06-14 01:16:24.004476: Epoch 971
2026-06-14 01:16:24.006227: Current learning rate: 0.00041
2026-06-14 01:16:46.614679: train_loss -0.822
2026-06-14 01:16:46.617175: val_loss -0.3247
2026-06-14 01:16:46.618472: Pseudo dice [0.2579]
2026-06-14 01:16:46.620012: Epoch time: 22.61 s
2026-06-14 01:16:47.716486: 
2026-06-14 01:16:47.718297: Epoch 972
2026-06-14 01:16:47.719678: Current learning rate: 0.0004
2026-06-14 01:17:10.234279: train_loss -0.8137
2026-06-14 01:17:10.238248: val_loss 0.0338
2026-06-14 01:17:10.240010: Pseudo dice [0.1279]
2026-06-14 01:17:10.242077: Epoch time: 22.52 s
2026-06-14 01:17:11.343747: 
2026-06-14 01:17:11.348314: Epoch 973
2026-06-14 01:17:11.351677: Current learning rate: 0.00039
2026-06-14 01:17:33.965842: train_loss -0.8258
2026-06-14 01:17:33.970948: val_loss -0.4293
2026-06-14 01:17:33.972856: Pseudo dice [0.3828]
2026-06-14 01:17:33.974801: Epoch time: 22.62 s
2026-06-14 01:17:35.080854: 
2026-06-14 01:17:35.082703: Epoch 974
2026-06-14 01:17:35.084477: Current learning rate: 0.00037
2026-06-14 01:17:57.635301: train_loss -0.8132
2026-06-14 01:17:57.639068: val_loss -0.3819
2026-06-14 01:17:57.640829: Pseudo dice [0.2587]
2026-06-14 01:17:57.642823: Epoch time: 22.56 s
2026-06-14 01:17:58.764333: 
2026-06-14 01:17:58.766105: Epoch 975
2026-06-14 01:17:58.767724: Current learning rate: 0.00036
2026-06-14 01:18:21.369008: train_loss -0.8118
2026-06-14 01:18:21.373688: val_loss -0.0522
2026-06-14 01:18:21.376172: Pseudo dice [0.1328]
2026-06-14 01:18:21.378155: Epoch time: 22.61 s
2026-06-14 01:18:22.473738: 
2026-06-14 01:18:22.475745: Epoch 976
2026-06-14 01:18:22.477384: Current learning rate: 0.00035
2026-06-14 01:18:45.114877: train_loss -0.8164
2026-06-14 01:18:45.121119: val_loss -0.4584
2026-06-14 01:18:45.125890: Pseudo dice [0.3814]
2026-06-14 01:18:45.129761: Epoch time: 22.64 s
2026-06-14 01:18:46.229789: 
2026-06-14 01:18:46.232455: Epoch 977
2026-06-14 01:18:46.234599: Current learning rate: 0.00034
2026-06-14 01:19:08.826112: train_loss -0.8097
2026-06-14 01:19:08.829002: val_loss -0.4902
2026-06-14 01:19:08.830699: Pseudo dice [0.4367]
2026-06-14 01:19:08.832538: Epoch time: 22.6 s
2026-06-14 01:19:10.500080: 
2026-06-14 01:19:10.501694: Epoch 978
2026-06-14 01:19:10.503659: Current learning rate: 0.00032
2026-06-14 01:19:33.138090: train_loss -0.8169
2026-06-14 01:19:33.143036: val_loss -0.4662
2026-06-14 01:19:33.144838: Pseudo dice [0.39]
2026-06-14 01:19:33.146436: Epoch time: 22.64 s
2026-06-14 01:19:34.226930: 
2026-06-14 01:19:34.228751: Epoch 979
2026-06-14 01:19:34.230651: Current learning rate: 0.00031
2026-06-14 01:19:56.767576: train_loss -0.8136
2026-06-14 01:19:56.770013: val_loss -0.2108
2026-06-14 01:19:56.771563: Pseudo dice [0.1675]
2026-06-14 01:19:56.773214: Epoch time: 22.54 s
2026-06-14 01:19:57.872718: 
2026-06-14 01:19:57.875128: Epoch 980
2026-06-14 01:19:57.877045: Current learning rate: 0.0003
2026-06-14 01:20:20.462383: train_loss -0.8177
2026-06-14 01:20:20.465682: val_loss 0.0743
2026-06-14 01:20:20.468194: Pseudo dice [0.146]
2026-06-14 01:20:20.471424: Epoch time: 22.59 s
2026-06-14 01:20:21.573992: 
2026-06-14 01:20:21.575794: Epoch 981
2026-06-14 01:20:21.577303: Current learning rate: 0.00028
2026-06-14 01:20:44.274228: train_loss -0.81
2026-06-14 01:20:44.278327: val_loss -0.4656
2026-06-14 01:20:44.280095: Pseudo dice [0.4241]
2026-06-14 01:20:44.281705: Epoch time: 22.7 s
2026-06-14 01:20:45.391999: 
2026-06-14 01:20:45.393836: Epoch 982
2026-06-14 01:20:45.395371: Current learning rate: 0.00027
2026-06-14 01:21:07.952276: train_loss -0.8233
2026-06-14 01:21:07.954928: val_loss -0.2109
2026-06-14 01:21:07.956559: Pseudo dice [0.2031]
2026-06-14 01:21:07.958954: Epoch time: 22.56 s
2026-06-14 01:21:09.059669: 
2026-06-14 01:21:09.062355: Epoch 983
2026-06-14 01:21:09.063799: Current learning rate: 0.00026
2026-06-14 01:21:31.710670: train_loss -0.8177
2026-06-14 01:21:31.713455: val_loss -0.2719
2026-06-14 01:21:31.714906: Pseudo dice [0.2164]
2026-06-14 01:21:31.716955: Epoch time: 22.65 s
2026-06-14 01:21:32.814678: 
2026-06-14 01:21:32.817264: Epoch 984
2026-06-14 01:21:32.818966: Current learning rate: 0.00024
2026-06-14 01:21:55.442816: train_loss -0.8188
2026-06-14 01:21:55.445693: val_loss -0.4515
2026-06-14 01:21:55.447209: Pseudo dice [0.3945]
2026-06-14 01:21:55.448681: Epoch time: 22.63 s
2026-06-14 01:21:56.552305: 
2026-06-14 01:21:56.553911: Epoch 985
2026-06-14 01:21:56.555287: Current learning rate: 0.00023
2026-06-14 01:22:19.173228: train_loss -0.8105
2026-06-14 01:22:19.176010: val_loss -0.3866
2026-06-14 01:22:19.177688: Pseudo dice [0.2966]
2026-06-14 01:22:19.179204: Epoch time: 22.62 s
2026-06-14 01:22:20.276218: 
2026-06-14 01:22:20.278120: Epoch 986
2026-06-14 01:22:20.279708: Current learning rate: 0.00021
2026-06-14 01:22:42.776712: train_loss -0.8249
2026-06-14 01:22:42.781259: val_loss 0.1336
2026-06-14 01:22:42.783403: Pseudo dice [0.115]
2026-06-14 01:22:42.786253: Epoch time: 22.5 s
2026-06-14 01:22:43.891719: 
2026-06-14 01:22:43.894899: Epoch 987
2026-06-14 01:22:43.898044: Current learning rate: 0.0002
2026-06-14 01:23:06.505624: train_loss -0.8103
2026-06-14 01:23:06.509689: val_loss -0.2594
2026-06-14 01:23:06.511338: Pseudo dice [0.2344]
2026-06-14 01:23:06.513181: Epoch time: 22.61 s
2026-06-14 01:23:07.625010: 
2026-06-14 01:23:07.626765: Epoch 988
2026-06-14 01:23:07.628368: Current learning rate: 0.00019
2026-06-14 01:23:30.256812: train_loss -0.8219
2026-06-14 01:23:30.259817: val_loss -0.2621
2026-06-14 01:23:30.261674: Pseudo dice [0.2376]
2026-06-14 01:23:30.263210: Epoch time: 22.63 s
2026-06-14 01:23:31.354772: 
2026-06-14 01:23:31.357149: Epoch 989
2026-06-14 01:23:31.359170: Current learning rate: 0.00017
2026-06-14 01:23:53.905939: train_loss -0.8139
2026-06-14 01:23:53.908901: val_loss -0.2693
2026-06-14 01:23:53.910447: Pseudo dice [0.228]
2026-06-14 01:23:53.912224: Epoch time: 22.55 s
2026-06-14 01:23:55.028433: 
2026-06-14 01:23:55.030123: Epoch 990
2026-06-14 01:23:55.032318: Current learning rate: 0.00016
2026-06-14 01:24:17.551985: train_loss -0.8134
2026-06-14 01:24:17.556458: val_loss -0.2277
2026-06-14 01:24:17.560582: Pseudo dice [0.2193]
2026-06-14 01:24:17.565038: Epoch time: 22.52 s
2026-06-14 01:24:18.672917: 
2026-06-14 01:24:18.676002: Epoch 991
2026-06-14 01:24:18.678161: Current learning rate: 0.00014
2026-06-14 01:24:41.178912: train_loss -0.825
2026-06-14 01:24:41.181700: val_loss -0.2774
2026-06-14 01:24:41.183190: Pseudo dice [0.2254]
2026-06-14 01:24:41.184601: Epoch time: 22.51 s
2026-06-14 01:24:42.281210: 
2026-06-14 01:24:42.287427: Epoch 992
2026-06-14 01:24:42.288974: Current learning rate: 0.00013
2026-06-14 01:25:04.845237: train_loss -0.8206
2026-06-14 01:25:04.848679: val_loss -0.1245
2026-06-14 01:25:04.850846: Pseudo dice [0.155]
2026-06-14 01:25:04.852582: Epoch time: 22.56 s
2026-06-14 01:25:05.959090: 
2026-06-14 01:25:05.960654: Epoch 993
2026-06-14 01:25:05.962070: Current learning rate: 0.00011
2026-06-14 01:25:28.616327: train_loss -0.8189
2026-06-14 01:25:28.619652: val_loss -0.3665
2026-06-14 01:25:28.621488: Pseudo dice [0.2577]
2026-06-14 01:25:28.623124: Epoch time: 22.66 s
2026-06-14 01:25:29.729469: 
2026-06-14 01:25:29.732501: Epoch 994
2026-06-14 01:25:29.735152: Current learning rate: 0.0001
2026-06-14 01:25:52.324372: train_loss -0.8066
2026-06-14 01:25:52.327011: val_loss -0.181
2026-06-14 01:25:52.329041: Pseudo dice [0.1796]
2026-06-14 01:25:52.330863: Epoch time: 22.6 s
2026-06-14 01:25:53.425047: 
2026-06-14 01:25:53.428112: Epoch 995
2026-06-14 01:25:53.430212: Current learning rate: 8e-05
2026-06-14 01:26:15.972413: train_loss -0.8197
2026-06-14 01:26:15.977699: val_loss -0.3988
2026-06-14 01:26:15.981126: Pseudo dice [0.3612]
2026-06-14 01:26:15.984289: Epoch time: 22.55 s
2026-06-14 01:26:17.655135: 
2026-06-14 01:26:17.656710: Epoch 996
2026-06-14 01:26:17.658259: Current learning rate: 7e-05
2026-06-14 01:26:40.134088: train_loss -0.8203
2026-06-14 01:26:40.138380: val_loss -0.239
2026-06-14 01:26:40.140585: Pseudo dice [0.1783]
2026-06-14 01:26:40.142354: Epoch time: 22.48 s
2026-06-14 01:26:41.242327: 
2026-06-14 01:26:41.244147: Epoch 997
2026-06-14 01:26:41.245755: Current learning rate: 5e-05
2026-06-14 01:27:03.948757: train_loss -0.8216
2026-06-14 01:27:03.951801: val_loss -0.4059
2026-06-14 01:27:03.953991: Pseudo dice [0.3516]
2026-06-14 01:27:03.956527: Epoch time: 22.71 s
2026-06-14 01:27:05.059717: 
2026-06-14 01:27:05.061405: Epoch 998
2026-06-14 01:27:05.062913: Current learning rate: 4e-05
2026-06-14 01:27:27.544555: train_loss -0.8188
2026-06-14 01:27:27.548199: val_loss -0.3183
2026-06-14 01:27:27.550937: Pseudo dice [0.2465]
2026-06-14 01:27:27.554033: Epoch time: 22.49 s
2026-06-14 01:27:28.647845: 
2026-06-14 01:27:28.649868: Epoch 999
2026-06-14 01:27:28.652689: Current learning rate: 2e-05
2026-06-14 01:27:51.285172: train_loss -0.8205
2026-06-14 01:27:51.288501: val_loss -0.5032
2026-06-14 01:27:51.290339: Pseudo dice [0.4262]
2026-06-14 01:27:51.291881: Epoch time: 22.64 s
2026-06-14 01:27:52.932060: Training done.
2026-06-14 01:27:53.045228: Using splits from existing split file: /data/drdcad/datasets_nnUNet/nnUNet_preprocessed/Dataset101_SBOvessel/splits_final.json
2026-06-14 01:27:53.052091: The split file contains 5 splits.
2026-06-14 01:27:53.053894: Desired fold for training: 4
2026-06-14 01:27:53.055336: This split has 92 training and 22 validation cases.
2026-06-14 01:27:53.057056: predicting 00002_00001_3
2026-06-14 01:27:53.959435: 00002_00001_3, shape torch.Size([1, 709, 520, 520]), rank 0
2026-06-14 01:29:20.962574: predicting 00011_00001_3
2026-06-14 01:29:21.462670: 00011_00001_3, shape torch.Size([1, 658, 479, 479]), rank 0
2026-06-14 01:30:12.260602: predicting 00013_00001_17
2026-06-14 01:30:12.454762: 00013_00001_17, shape torch.Size([1, 443, 251, 386]), rank 0
2026-06-14 01:30:23.716557: predicting 00015_00001_5
2026-06-14 01:30:24.193891: 00015_00001_5, shape torch.Size([1, 468, 562, 562]), rank 0
2026-06-14 01:31:10.604599: predicting 00018_00001_3
2026-06-14 01:31:11.500217: 00018_00001_3, shape torch.Size([1, 677, 619, 619]), rank 0
2026-06-14 01:32:35.464980: predicting 00031_00001_9
2026-06-14 01:32:35.785496: 00031_00001_9, shape torch.Size([1, 449, 414, 414]), rank 0
2026-06-14 01:33:02.066018: predicting 00037_00001_3
2026-06-14 01:33:02.724911: 00037_00001_3, shape torch.Size([1, 584, 555, 555]), rank 0
2026-06-14 01:34:02.482651: predicting 00039_00001_4
2026-06-14 01:34:03.062580: 00039_00001_4, shape torch.Size([1, 571, 517, 517]), rank 0
2026-06-14 01:34:56.294919: predicting 00041_00001_3
2026-06-14 01:34:56.732847: 00041_00001_3, shape torch.Size([1, 465, 520, 520]), rank 0
2026-06-14 01:35:43.260868: predicting 00045_00001_3
2026-06-14 01:35:43.911739: 00045_00001_3, shape torch.Size([1, 667, 504, 504]), rank 0
2026-06-14 01:36:34.723426: predicting 00064_00001_3
2026-06-14 01:36:35.253217: 00064_00001_3, shape torch.Size([1, 508, 512, 512]), rank 0
2026-06-14 01:37:10.884790: predicting 00080_00001_3
2026-06-14 01:37:11.339807: 00080_00001_3, shape torch.Size([1, 514, 477, 477]), rank 0
2026-06-14 01:37:51.958457: predicting 00084_00001_7
2026-06-14 01:37:52.470284: 00084_00001_7, shape torch.Size([1, 664, 479, 479]), rank 0
2026-06-14 01:38:43.199641: predicting 00088_00001_3
2026-06-14 01:38:43.907835: 00088_00001_3, shape torch.Size([1, 652, 555, 555]), rank 0
2026-06-14 01:39:50.214163: predicting 00089_00001_3
2026-06-14 01:39:50.763589: 00089_00001_3, shape torch.Size([1, 498, 532, 532]), rank 0
2026-06-14 01:40:37.321849: predicting 00090_00001_3
2026-06-14 01:40:38.048559: 00090_00001_3, shape torch.Size([1, 723, 547, 547]), rank 0
2026-06-14 01:41:51.020534: predicting 00098_00001_3
2026-06-14 01:41:51.549676: 00098_00001_3, shape torch.Size([1, 579, 482, 482]), rank 0
2026-06-14 01:42:37.428280: predicting 00103_00002_4
2026-06-14 01:42:37.937321: 00103_00002_4, shape torch.Size([1, 680, 377, 508]), rank 0
2026-06-14 01:43:14.392185: predicting 00107_00001_4
2026-06-14 01:43:15.171138: 00107_00001_4, shape torch.Size([1, 680, 443, 580]), rank 0
2026-06-14 01:44:11.278209: predicting 00119_00001_4
2026-06-14 01:44:11.950134: 00119_00001_4, shape torch.Size([1, 736, 405, 567]), rank 0
2026-06-14 01:45:06.736614: predicting 00121_00001_10
2026-06-14 01:45:07.292201: 00121_00001_10, shape torch.Size([1, 589, 440, 529]), rank 0
2026-06-14 01:45:52.132631: predicting 00121_00002_6
2026-06-14 01:45:52.890395: 00121_00002_6, shape torch.Size([1, 612, 588, 588]), rank 0
2026-06-14 01:47:42.908772: Validation complete
2026-06-14 01:47:42.911337: Mean Validation Dice:  0.562730527163791
==========================================
Training finished: fold 4
==========================================
