==========================================
nnUNet training
==========================================
nnUNet_raw=/data/drdcad/datasets_nnUNet/nnUNet_raw
nnUNet_preprocessed=/data/drdcad/datasets_nnUNet/nnUNet_preprocessed
nnUNet_results=/data/drdcad/datasets_nnUNet/nnUNet_results
DATASET_ID=101
CONFIG=3d_fullres
FOLD=1
CUDA_VISIBLE_DEVICES=0
==========================================
Sat Jun 13 18:51:52 2026       
+-----------------------------------------------------------------------------------------+
| NVIDIA-SMI 580.126.09             Driver Version: 580.126.09     CUDA Version: 13.0     |
+-----------------------------------------+------------------------+----------------------+
| GPU  Name                 Persistence-M | Bus-Id          Disp.A | Volatile Uncorr. ECC |
| Fan  Temp   Perf          Pwr:Usage/Cap |           Memory-Usage | GPU-Util  Compute M. |
|                                         |                        |               MIG M. |
|=========================================+========================+======================|
|   0  NVIDIA A100-SXM4-80GB          On  |   00000000:C7:00.0 Off |                    0 |
| N/A   29C    P0             59W /  400W |       0MiB /  81920MiB |      0%      Default |
|                                         |                        |             Disabled |
+-----------------------------------------+------------------------+----------------------+

+-----------------------------------------------------------------------------------------+
| Processes:                                                                              |
|  GPU   GI   CI              PID   Type   Process name                        GPU Memory |
|        ID   ID                                                               Usage      |
|=========================================================================================|
|  No running processes found                                                             |
+-----------------------------------------------------------------------------------------+

############################
INFO: You are using the old nnU-Net default plans. We have updated our recommendations. Please consider using those instead! Read more here: https://github.com/MIC-DKFZ/nnUNet/blob/master/documentation/resenc_presets.md
############################

Using device: cuda:0

#######################################################################
Please cite the following paper when using nnU-Net:
Isensee, F., Jaeger, P. F., Kohl, S. A., Petersen, J., & Maier-Hein, K. H. (2021). nnU-Net: a self-configuring method for deep learning-based biomedical image segmentation. Nature methods, 18(2), 203-211.
#######################################################################

2026-06-13 18:52:04.987855: Using torch.compile...
2026-06-13 18:52:06.180434: do_dummy_2d_data_aug: False
2026-06-13 18:52:06.183067: Using splits from existing split file: /data/drdcad/datasets_nnUNet/nnUNet_preprocessed/Dataset101_SBOvessel/splits_final.json
2026-06-13 18:52:06.185538: The split file contains 5 splits.
2026-06-13 18:52:06.186852: Desired fold for training: 1
2026-06-13 18:52:06.188219: This split has 91 training and 23 validation cases.
using pin_memory on device 0
using pin_memory on device 0

This is the configuration used by this training:
Configuration name: 3d_fullres
 {'data_identifier': 'nnUNetPlans_3d_fullres', 'preprocessor_name': 'DefaultPreprocessor', 'batch_size': 2, 'patch_size': [128, 128, 128], 'median_image_size_in_voxels': [619.0, 512.0, 519.0], 'spacing': [1.0, 0.79296875, 0.79296875], 'normalization_schemes': ['CTNormalization'], 'use_mask_for_norm': [False], 'resampling_fn_data': 'resample_data_or_seg_to_shape', 'resampling_fn_seg': 'resample_data_or_seg_to_shape', 'resampling_fn_data_kwargs': {'is_seg': False, 'order': 3, 'order_z': 0, 'force_separate_z': None}, 'resampling_fn_seg_kwargs': {'is_seg': True, 'order': 1, 'order_z': 0, 'force_separate_z': None}, 'resampling_fn_probabilities': 'resample_data_or_seg_to_shape', 'resampling_fn_probabilities_kwargs': {'is_seg': False, 'order': 1, 'order_z': 0, 'force_separate_z': None}, 'architecture': {'network_class_name': 'dynamic_network_architectures.architectures.unet.PlainConvUNet', 'arch_kwargs': {'n_stages': 6, 'features_per_stage': [32, 64, 128, 256, 320, 320], 'conv_op': 'torch.nn.modules.conv.Conv3d', 'kernel_sizes': [[3, 3, 3], [3, 3, 3], [3, 3, 3], [3, 3, 3], [3, 3, 3], [3, 3, 3]], 'strides': [[1, 1, 1], [2, 2, 2], [2, 2, 2], [2, 2, 2], [2, 2, 2], [2, 2, 2]], 'n_conv_per_stage': [2, 2, 2, 2, 2, 2], 'n_conv_per_stage_decoder': [2, 2, 2, 2, 2], 'conv_bias': True, 'norm_op': 'torch.nn.modules.instancenorm.InstanceNorm3d', 'norm_op_kwargs': {'eps': 1e-05, 'affine': True}, 'dropout_op': None, 'dropout_op_kwargs': None, 'nonlin': 'torch.nn.LeakyReLU', 'nonlin_kwargs': {'inplace': True}}, '_kw_requires_import': ['conv_op', 'norm_op', 'dropout_op', 'nonlin']}, 'batch_dice': True} 

These are the global plan.json settings:
 {'dataset_name': 'Dataset101_SBOvessel', 'plans_name': 'nnUNetPlans', 'original_median_spacing_after_transp': [1.0, 0.79296875, 0.79296875], 'original_median_shape_after_transp': [622, 512, 512], 'image_reader_writer': 'SimpleITKIO', 'transpose_forward': [0, 1, 2], 'transpose_backward': [0, 1, 2], 'experiment_planner_used': 'ExperimentPlanner', 'label_manager': 'LabelManager', 'foreground_intensity_properties_per_channel': {'0': {'max': 3071.0, 'mean': 91.34320831298828, 'median': 87.0, 'min': -1021.0, 'percentile_00_5': -71.0, 'percentile_99_5': 298.0, 'std': 78.90290832519531}}} 

2026-06-13 18:52:08.088093: Unable to plot network architecture: nnUNet_compile is enabled!
2026-06-13 18:52:08.110878: 
2026-06-13 18:52:08.113898: Epoch 0
2026-06-13 18:52:08.116271: Current learning rate: 0.01
2026-06-13 18:53:24.820385: train_loss 0.1219
2026-06-13 18:53:24.844088: val_loss -0.0117
2026-06-13 18:53:24.856136: Pseudo dice [0.0]
2026-06-13 18:53:24.865779: Epoch time: 76.71 s
2026-06-13 18:53:24.878300: Yayy! New best EMA pseudo Dice: 0.0
2026-06-13 18:53:26.107535: 
2026-06-13 18:53:26.108828: Epoch 1
2026-06-13 18:53:26.110091: Current learning rate: 0.00999
2026-06-13 18:53:48.931779: train_loss -0.0077
2026-06-13 18:53:48.933522: val_loss -0.0494
2026-06-13 18:53:48.934957: Pseudo dice [0.0118]
2026-06-13 18:53:48.936264: Epoch time: 22.83 s
2026-06-13 18:53:48.937654: Yayy! New best EMA pseudo Dice: 0.0012
2026-06-13 18:53:50.269064: 
2026-06-13 18:53:50.270752: Epoch 2
2026-06-13 18:53:50.272103: Current learning rate: 0.00998
2026-06-13 18:54:13.152911: train_loss -0.0746
2026-06-13 18:54:13.154762: val_loss -0.1919
2026-06-13 18:54:13.158981: Pseudo dice [0.2816]
2026-06-13 18:54:13.160606: Epoch time: 22.88 s
2026-06-13 18:54:13.167443: Yayy! New best EMA pseudo Dice: 0.0292
2026-06-13 18:54:14.515926: 
2026-06-13 18:54:14.517334: Epoch 3
2026-06-13 18:54:14.518564: Current learning rate: 0.00997
2026-06-13 18:54:37.321272: train_loss -0.1361
2026-06-13 18:54:37.323374: val_loss -0.1756
2026-06-13 18:54:37.324624: Pseudo dice [0.2215]
2026-06-13 18:54:37.325950: Epoch time: 22.81 s
2026-06-13 18:54:37.327184: Yayy! New best EMA pseudo Dice: 0.0484
2026-06-13 18:54:38.658719: 
2026-06-13 18:54:38.660169: Epoch 4
2026-06-13 18:54:38.661545: Current learning rate: 0.00996
2026-06-13 18:55:01.522071: train_loss -0.1491
2026-06-13 18:55:01.524257: val_loss -0.2065
2026-06-13 18:55:01.525617: Pseudo dice [0.2786]
2026-06-13 18:55:01.526950: Epoch time: 22.86 s
2026-06-13 18:55:01.528287: Yayy! New best EMA pseudo Dice: 0.0715
2026-06-13 18:55:02.883327: 
2026-06-13 18:55:02.888670: Epoch 5
2026-06-13 18:55:02.890027: Current learning rate: 0.00995
2026-06-13 18:55:25.767918: train_loss -0.211
2026-06-13 18:55:25.769901: val_loss -0.2486
2026-06-13 18:55:25.771250: Pseudo dice [0.2927]
2026-06-13 18:55:25.772604: Epoch time: 22.89 s
2026-06-13 18:55:25.773978: Yayy! New best EMA pseudo Dice: 0.0936
2026-06-13 18:55:27.106842: 
2026-06-13 18:55:27.108188: Epoch 6
2026-06-13 18:55:27.109412: Current learning rate: 0.00995
2026-06-13 18:55:50.000299: train_loss -0.1783
2026-06-13 18:55:50.002375: val_loss -0.2739
2026-06-13 18:55:50.003694: Pseudo dice [0.3552]
2026-06-13 18:55:50.005043: Epoch time: 22.89 s
2026-06-13 18:55:50.006314: Yayy! New best EMA pseudo Dice: 0.1198
2026-06-13 18:55:51.354173: 
2026-06-13 18:55:51.355559: Epoch 7
2026-06-13 18:55:51.356961: Current learning rate: 0.00994
2026-06-13 18:56:14.274779: train_loss -0.2205
2026-06-13 18:56:14.276864: val_loss -0.2775
2026-06-13 18:56:14.278205: Pseudo dice [0.325]
2026-06-13 18:56:14.279535: Epoch time: 22.92 s
2026-06-13 18:56:14.280782: Yayy! New best EMA pseudo Dice: 0.1403
2026-06-13 18:56:15.646620: 
2026-06-13 18:56:15.648093: Epoch 8
2026-06-13 18:56:15.649484: Current learning rate: 0.00993
2026-06-13 18:56:38.618240: train_loss -0.193
2026-06-13 18:56:38.620330: val_loss -0.2673
2026-06-13 18:56:38.621793: Pseudo dice [0.3381]
2026-06-13 18:56:38.623339: Epoch time: 22.97 s
2026-06-13 18:56:38.624774: Yayy! New best EMA pseudo Dice: 0.1601
2026-06-13 18:56:39.989321: 
2026-06-13 18:56:39.990818: Epoch 9
2026-06-13 18:56:39.992210: Current learning rate: 0.00992
2026-06-13 18:57:03.016904: train_loss -0.247
2026-06-13 18:57:03.019229: val_loss -0.2019
2026-06-13 18:57:03.020633: Pseudo dice [0.2449]
2026-06-13 18:57:03.022004: Epoch time: 23.03 s
2026-06-13 18:57:03.023364: Yayy! New best EMA pseudo Dice: 0.1685
2026-06-13 18:57:04.371518: 
2026-06-13 18:57:04.373194: Epoch 10
2026-06-13 18:57:04.374738: Current learning rate: 0.00991
2026-06-13 18:57:27.739512: train_loss -0.1955
2026-06-13 18:57:27.741323: val_loss -0.3013
2026-06-13 18:57:27.742597: Pseudo dice [0.3586]
2026-06-13 18:57:27.743954: Epoch time: 23.37 s
2026-06-13 18:57:27.745433: Yayy! New best EMA pseudo Dice: 0.1876
2026-06-13 18:57:29.083374: 
2026-06-13 18:57:29.084750: Epoch 11
2026-06-13 18:57:29.086232: Current learning rate: 0.0099
2026-06-13 18:57:51.980719: train_loss -0.2513
2026-06-13 18:57:51.983155: val_loss -0.342
2026-06-13 18:57:51.984497: Pseudo dice [0.4061]
2026-06-13 18:57:51.985888: Epoch time: 22.9 s
2026-06-13 18:57:51.987213: Yayy! New best EMA pseudo Dice: 0.2094
2026-06-13 18:57:53.329871: 
2026-06-13 18:57:53.331292: Epoch 12
2026-06-13 18:57:53.332593: Current learning rate: 0.00989
2026-06-13 18:58:16.261825: train_loss -0.2853
2026-06-13 18:58:16.265279: val_loss -0.3562
2026-06-13 18:58:16.266806: Pseudo dice [0.4015]
2026-06-13 18:58:16.268036: Epoch time: 22.93 s
2026-06-13 18:58:16.269351: Yayy! New best EMA pseudo Dice: 0.2286
2026-06-13 18:58:18.114634: 
2026-06-13 18:58:18.116048: Epoch 13
2026-06-13 18:58:18.117302: Current learning rate: 0.00988
2026-06-13 18:58:41.288029: train_loss -0.2552
2026-06-13 18:58:41.290498: val_loss -0.2678
2026-06-13 18:58:41.291839: Pseudo dice [0.3186]
2026-06-13 18:58:41.293167: Epoch time: 23.17 s
2026-06-13 18:58:41.294459: Yayy! New best EMA pseudo Dice: 0.2376
2026-06-13 18:58:42.653129: 
2026-06-13 18:58:42.654824: Epoch 14
2026-06-13 18:58:42.656079: Current learning rate: 0.00987
2026-06-13 18:59:05.705480: train_loss -0.2795
2026-06-13 18:59:05.711266: val_loss -0.3275
2026-06-13 18:59:05.717672: Pseudo dice [0.361]
2026-06-13 18:59:05.722164: Epoch time: 23.05 s
2026-06-13 18:59:05.727781: Yayy! New best EMA pseudo Dice: 0.2499
2026-06-13 18:59:07.104712: 
2026-06-13 18:59:07.106966: Epoch 15
2026-06-13 18:59:07.109422: Current learning rate: 0.00986
2026-06-13 18:59:30.169951: train_loss -0.2953
2026-06-13 18:59:30.176973: val_loss -0.3298
2026-06-13 18:59:30.178299: Pseudo dice [0.3518]
2026-06-13 18:59:30.179687: Epoch time: 23.07 s
2026-06-13 18:59:30.181162: Yayy! New best EMA pseudo Dice: 0.2601
2026-06-13 18:59:31.567116: 
2026-06-13 18:59:31.568554: Epoch 16
2026-06-13 18:59:31.570096: Current learning rate: 0.00986
2026-06-13 18:59:54.493589: train_loss -0.2731
2026-06-13 18:59:54.496608: val_loss -0.3546
2026-06-13 18:59:54.497904: Pseudo dice [0.4043]
2026-06-13 18:59:54.499329: Epoch time: 22.93 s
2026-06-13 18:59:54.500637: Yayy! New best EMA pseudo Dice: 0.2745
2026-06-13 18:59:55.886361: 
2026-06-13 18:59:55.887759: Epoch 17
2026-06-13 18:59:55.889153: Current learning rate: 0.00985
2026-06-13 19:00:18.776900: train_loss -0.2923
2026-06-13 19:00:18.780117: val_loss -0.3535
2026-06-13 19:00:18.781520: Pseudo dice [0.4266]
2026-06-13 19:00:18.782867: Epoch time: 22.89 s
2026-06-13 19:00:18.784280: Yayy! New best EMA pseudo Dice: 0.2898
2026-06-13 19:00:20.148918: 
2026-06-13 19:00:20.157840: Epoch 18
2026-06-13 19:00:20.159202: Current learning rate: 0.00984
2026-06-13 19:00:43.041087: train_loss -0.3182
2026-06-13 19:00:43.044253: val_loss -0.3813
2026-06-13 19:00:43.045900: Pseudo dice [0.4251]
2026-06-13 19:00:43.047264: Epoch time: 22.89 s
2026-06-13 19:00:43.048578: Yayy! New best EMA pseudo Dice: 0.3033
2026-06-13 19:00:44.420532: 
2026-06-13 19:00:44.421831: Epoch 19
2026-06-13 19:00:44.423076: Current learning rate: 0.00983
2026-06-13 19:01:07.256676: train_loss -0.3306
2026-06-13 19:01:07.259636: val_loss -0.429
2026-06-13 19:01:07.261060: Pseudo dice [0.4668]
2026-06-13 19:01:07.262443: Epoch time: 22.84 s
2026-06-13 19:01:07.263825: Yayy! New best EMA pseudo Dice: 0.3196
2026-06-13 19:01:08.628129: 
2026-06-13 19:01:08.629803: Epoch 20
2026-06-13 19:01:08.631417: Current learning rate: 0.00982
2026-06-13 19:01:31.615959: train_loss -0.2971
2026-06-13 19:01:31.633006: val_loss -0.303
2026-06-13 19:01:31.634454: Pseudo dice [0.3548]
2026-06-13 19:01:31.635835: Epoch time: 22.99 s
2026-06-13 19:01:31.637187: Yayy! New best EMA pseudo Dice: 0.3232
2026-06-13 19:01:33.024528: 
2026-06-13 19:01:33.025934: Epoch 21
2026-06-13 19:01:33.027380: Current learning rate: 0.00981
2026-06-13 19:01:56.269860: train_loss -0.3035
2026-06-13 19:01:56.273236: val_loss -0.4384
2026-06-13 19:01:56.274526: Pseudo dice [0.4557]
2026-06-13 19:01:56.275859: Epoch time: 23.25 s
2026-06-13 19:01:56.277187: Yayy! New best EMA pseudo Dice: 0.3364
2026-06-13 19:01:57.618043: 
2026-06-13 19:01:57.619584: Epoch 22
2026-06-13 19:01:57.620986: Current learning rate: 0.0098
2026-06-13 19:02:20.745558: train_loss -0.2655
2026-06-13 19:02:20.748888: val_loss -0.3899
2026-06-13 19:02:20.750720: Pseudo dice [0.4316]
2026-06-13 19:02:20.752210: Epoch time: 23.13 s
2026-06-13 19:02:20.753719: Yayy! New best EMA pseudo Dice: 0.3459
2026-06-13 19:02:22.102979: 
2026-06-13 19:02:22.104448: Epoch 23
2026-06-13 19:02:22.105740: Current learning rate: 0.00979
2026-06-13 19:02:45.129440: train_loss -0.3786
2026-06-13 19:02:45.132760: val_loss -0.3193
2026-06-13 19:02:45.134252: Pseudo dice [0.3837]
2026-06-13 19:02:45.135614: Epoch time: 23.03 s
2026-06-13 19:02:45.136962: Yayy! New best EMA pseudo Dice: 0.3497
2026-06-13 19:02:46.494002: 
2026-06-13 19:02:46.495410: Epoch 24
2026-06-13 19:02:46.496673: Current learning rate: 0.00978
2026-06-13 19:03:09.485468: train_loss -0.2896
2026-06-13 19:03:09.488422: val_loss -0.3267
2026-06-13 19:03:09.489907: Pseudo dice [0.3847]
2026-06-13 19:03:09.491352: Epoch time: 22.99 s
2026-06-13 19:03:09.492717: Yayy! New best EMA pseudo Dice: 0.3532
2026-06-13 19:03:10.824226: 
2026-06-13 19:03:10.825727: Epoch 25
2026-06-13 19:03:10.827055: Current learning rate: 0.00977
2026-06-13 19:03:33.812750: train_loss -0.336
2026-06-13 19:03:33.815756: val_loss -0.4054
2026-06-13 19:03:33.817109: Pseudo dice [0.4263]
2026-06-13 19:03:33.818465: Epoch time: 22.99 s
2026-06-13 19:03:33.819708: Yayy! New best EMA pseudo Dice: 0.3605
2026-06-13 19:03:35.168765: 
2026-06-13 19:03:35.170414: Epoch 26
2026-06-13 19:03:35.171714: Current learning rate: 0.00977
2026-06-13 19:03:58.150164: train_loss -0.2474
2026-06-13 19:03:58.152068: val_loss -0.3954
2026-06-13 19:03:58.153450: Pseudo dice [0.4299]
2026-06-13 19:03:58.154793: Epoch time: 22.98 s
2026-06-13 19:03:58.156180: Yayy! New best EMA pseudo Dice: 0.3675
2026-06-13 19:03:59.491665: 
2026-06-13 19:03:59.493072: Epoch 27
2026-06-13 19:03:59.494341: Current learning rate: 0.00976
2026-06-13 19:04:22.316020: train_loss -0.3668
2026-06-13 19:04:22.318278: val_loss -0.419
2026-06-13 19:04:22.319777: Pseudo dice [0.4378]
2026-06-13 19:04:22.321071: Epoch time: 22.83 s
2026-06-13 19:04:22.322415: Yayy! New best EMA pseudo Dice: 0.3745
2026-06-13 19:04:23.670445: 
2026-06-13 19:04:23.671798: Epoch 28
2026-06-13 19:04:23.673213: Current learning rate: 0.00975
2026-06-13 19:04:46.412952: train_loss -0.3258
2026-06-13 19:04:46.414926: val_loss -0.3826
2026-06-13 19:04:46.416380: Pseudo dice [0.3762]
2026-06-13 19:04:46.417798: Epoch time: 22.74 s
2026-06-13 19:04:46.419098: Yayy! New best EMA pseudo Dice: 0.3747
2026-06-13 19:04:47.765406: 
2026-06-13 19:04:47.766886: Epoch 29
2026-06-13 19:04:47.768444: Current learning rate: 0.00974
2026-06-13 19:05:10.515621: train_loss -0.3404
2026-06-13 19:05:10.517484: val_loss -0.4314
2026-06-13 19:05:10.518867: Pseudo dice [0.4491]
2026-06-13 19:05:10.520323: Epoch time: 22.75 s
2026-06-13 19:05:10.521780: Yayy! New best EMA pseudo Dice: 0.3821
2026-06-13 19:05:12.385002: 
2026-06-13 19:05:12.386544: Epoch 30
2026-06-13 19:05:12.388049: Current learning rate: 0.00973
2026-06-13 19:05:35.053643: train_loss -0.358
2026-06-13 19:05:35.055724: val_loss -0.4375
2026-06-13 19:05:35.057268: Pseudo dice [0.4488]
2026-06-13 19:05:35.058658: Epoch time: 22.67 s
2026-06-13 19:05:35.059996: Yayy! New best EMA pseudo Dice: 0.3888
2026-06-13 19:05:36.408711: 
2026-06-13 19:05:36.410265: Epoch 31
2026-06-13 19:05:36.411572: Current learning rate: 0.00972
2026-06-13 19:05:59.039415: train_loss -0.3632
2026-06-13 19:05:59.041345: val_loss -0.3808
2026-06-13 19:05:59.042773: Pseudo dice [0.4006]
2026-06-13 19:05:59.044229: Epoch time: 22.63 s
2026-06-13 19:05:59.045506: Yayy! New best EMA pseudo Dice: 0.39
2026-06-13 19:06:00.399259: 
2026-06-13 19:06:00.400728: Epoch 32
2026-06-13 19:06:00.402158: Current learning rate: 0.00971
2026-06-13 19:06:23.131520: train_loss -0.3975
2026-06-13 19:06:23.133644: val_loss -0.4507
2026-06-13 19:06:23.135178: Pseudo dice [0.4666]
2026-06-13 19:06:23.136608: Epoch time: 22.73 s
2026-06-13 19:06:23.138105: Yayy! New best EMA pseudo Dice: 0.3976
2026-06-13 19:06:24.519485: 
2026-06-13 19:06:24.522259: Epoch 33
2026-06-13 19:06:24.525347: Current learning rate: 0.0097
2026-06-13 19:06:47.264916: train_loss -0.3499
2026-06-13 19:06:47.267161: val_loss -0.4301
2026-06-13 19:06:47.268627: Pseudo dice [0.4728]
2026-06-13 19:06:47.270071: Epoch time: 22.75 s
2026-06-13 19:06:47.271381: Yayy! New best EMA pseudo Dice: 0.4051
2026-06-13 19:06:48.635419: 
2026-06-13 19:06:48.636768: Epoch 34
2026-06-13 19:06:48.638171: Current learning rate: 0.00969
2026-06-13 19:07:11.407518: train_loss -0.453
2026-06-13 19:07:11.409445: val_loss -0.384
2026-06-13 19:07:11.411042: Pseudo dice [0.4303]
2026-06-13 19:07:11.412403: Epoch time: 22.77 s
2026-06-13 19:07:11.413725: Yayy! New best EMA pseudo Dice: 0.4076
2026-06-13 19:07:12.776996: 
2026-06-13 19:07:12.778673: Epoch 35
2026-06-13 19:07:12.780168: Current learning rate: 0.00968
2026-06-13 19:07:35.525905: train_loss -0.4103
2026-06-13 19:07:35.527807: val_loss -0.4164
2026-06-13 19:07:35.529248: Pseudo dice [0.468]
2026-06-13 19:07:35.530598: Epoch time: 22.75 s
2026-06-13 19:07:35.531968: Yayy! New best EMA pseudo Dice: 0.4137
2026-06-13 19:07:36.797166: 
2026-06-13 19:07:36.798570: Epoch 36
2026-06-13 19:07:36.799937: Current learning rate: 0.00968
2026-06-13 19:07:59.462288: train_loss -0.4286
2026-06-13 19:07:59.464622: val_loss -0.4216
2026-06-13 19:07:59.466057: Pseudo dice [0.4253]
2026-06-13 19:07:59.467674: Epoch time: 22.67 s
2026-06-13 19:07:59.469168: Yayy! New best EMA pseudo Dice: 0.4148
2026-06-13 19:08:00.852665: 
2026-06-13 19:08:00.854150: Epoch 37
2026-06-13 19:08:00.855531: Current learning rate: 0.00967
2026-06-13 19:08:23.473682: train_loss -0.4244
2026-06-13 19:08:23.475724: val_loss -0.4193
2026-06-13 19:08:23.477134: Pseudo dice [0.4791]
2026-06-13 19:08:23.478585: Epoch time: 22.62 s
2026-06-13 19:08:23.479975: Yayy! New best EMA pseudo Dice: 0.4213
2026-06-13 19:08:24.858858: 
2026-06-13 19:08:24.860287: Epoch 38
2026-06-13 19:08:24.861581: Current learning rate: 0.00966
2026-06-13 19:08:47.621537: train_loss -0.3832
2026-06-13 19:08:47.624707: val_loss -0.4332
2026-06-13 19:08:47.626237: Pseudo dice [0.4332]
2026-06-13 19:08:47.627607: Epoch time: 22.76 s
2026-06-13 19:08:47.628978: Yayy! New best EMA pseudo Dice: 0.4225
2026-06-13 19:08:49.012014: 
2026-06-13 19:08:49.013686: Epoch 39
2026-06-13 19:08:49.015144: Current learning rate: 0.00965
2026-06-13 19:09:11.796786: train_loss -0.3862
2026-06-13 19:09:11.798921: val_loss -0.3837
2026-06-13 19:09:11.800301: Pseudo dice [0.428]
2026-06-13 19:09:11.801691: Epoch time: 22.79 s
2026-06-13 19:09:11.803037: Yayy! New best EMA pseudo Dice: 0.423
2026-06-13 19:09:13.187830: 
2026-06-13 19:09:13.189374: Epoch 40
2026-06-13 19:09:13.190822: Current learning rate: 0.00964
2026-06-13 19:09:36.034976: train_loss -0.3902
2026-06-13 19:09:36.036928: val_loss -0.3771
2026-06-13 19:09:36.038357: Pseudo dice [0.4091]
2026-06-13 19:09:36.039747: Epoch time: 22.85 s
2026-06-13 19:09:36.940331: 
2026-06-13 19:09:36.941855: Epoch 41
2026-06-13 19:09:36.943250: Current learning rate: 0.00963
2026-06-13 19:09:59.779357: train_loss -0.4527
2026-06-13 19:09:59.781512: val_loss -0.4518
2026-06-13 19:09:59.782989: Pseudo dice [0.453]
2026-06-13 19:09:59.784613: Epoch time: 22.84 s
2026-06-13 19:09:59.785947: Yayy! New best EMA pseudo Dice: 0.4248
2026-06-13 19:10:01.154674: 
2026-06-13 19:10:01.156314: Epoch 42
2026-06-13 19:10:01.157815: Current learning rate: 0.00962
2026-06-13 19:10:23.888751: train_loss -0.4248
2026-06-13 19:10:23.891176: val_loss -0.4418
2026-06-13 19:10:23.892625: Pseudo dice [0.4881]
2026-06-13 19:10:23.894261: Epoch time: 22.74 s
2026-06-13 19:10:23.895691: Yayy! New best EMA pseudo Dice: 0.4311
2026-06-13 19:10:25.265454: 
2026-06-13 19:10:25.266880: Epoch 43
2026-06-13 19:10:25.268207: Current learning rate: 0.00961
2026-06-13 19:10:47.907699: train_loss -0.4142
2026-06-13 19:10:47.910385: val_loss -0.4387
2026-06-13 19:10:47.911812: Pseudo dice [0.4526]
2026-06-13 19:10:47.913194: Epoch time: 22.64 s
2026-06-13 19:10:47.914686: Yayy! New best EMA pseudo Dice: 0.4332
2026-06-13 19:10:49.286075: 
2026-06-13 19:10:49.294722: Epoch 44
2026-06-13 19:10:49.298030: Current learning rate: 0.0096
2026-06-13 19:11:12.107059: train_loss -0.4193
2026-06-13 19:11:12.109730: val_loss -0.4823
2026-06-13 19:11:12.111227: Pseudo dice [0.4978]
2026-06-13 19:11:12.112598: Epoch time: 22.82 s
2026-06-13 19:11:12.114102: Yayy! New best EMA pseudo Dice: 0.4397
2026-06-13 19:11:13.515488: 
2026-06-13 19:11:13.516958: Epoch 45
2026-06-13 19:11:13.518264: Current learning rate: 0.00959
2026-06-13 19:11:36.125838: train_loss -0.4018
2026-06-13 19:11:36.128794: val_loss -0.4706
2026-06-13 19:11:36.130217: Pseudo dice [0.4884]
2026-06-13 19:11:36.131668: Epoch time: 22.61 s
2026-06-13 19:11:36.133047: Yayy! New best EMA pseudo Dice: 0.4446
2026-06-13 19:11:37.488898: 
2026-06-13 19:11:37.490501: Epoch 46
2026-06-13 19:11:37.491906: Current learning rate: 0.00959
2026-06-13 19:12:00.121684: train_loss -0.4404
2026-06-13 19:12:00.124400: val_loss -0.4385
2026-06-13 19:12:00.125735: Pseudo dice [0.4603]
2026-06-13 19:12:00.127157: Epoch time: 22.63 s
2026-06-13 19:12:00.128449: Yayy! New best EMA pseudo Dice: 0.4461
2026-06-13 19:12:01.987576: 
2026-06-13 19:12:01.989121: Epoch 47
2026-06-13 19:12:01.990592: Current learning rate: 0.00958
2026-06-13 19:12:24.981775: train_loss -0.4101
2026-06-13 19:12:24.984321: val_loss -0.3424
2026-06-13 19:12:24.985789: Pseudo dice [0.3892]
2026-06-13 19:12:24.987175: Epoch time: 23.0 s
2026-06-13 19:12:25.863985: 
2026-06-13 19:12:25.865475: Epoch 48
2026-06-13 19:12:25.866809: Current learning rate: 0.00957
2026-06-13 19:12:48.731987: train_loss -0.3087
2026-06-13 19:12:48.734814: val_loss -0.4013
2026-06-13 19:12:48.736435: Pseudo dice [0.463]
2026-06-13 19:12:48.737864: Epoch time: 22.87 s
2026-06-13 19:12:49.607538: 
2026-06-13 19:12:49.609071: Epoch 49
2026-06-13 19:12:49.610472: Current learning rate: 0.00956
2026-06-13 19:13:12.372076: train_loss -0.3948
2026-06-13 19:13:12.375120: val_loss -0.3727
2026-06-13 19:13:12.376547: Pseudo dice [0.4577]
2026-06-13 19:13:12.377948: Epoch time: 22.77 s
2026-06-13 19:13:13.717548: 
2026-06-13 19:13:13.723279: Epoch 50
2026-06-13 19:13:13.725139: Current learning rate: 0.00955
2026-06-13 19:13:36.432602: train_loss -0.3951
2026-06-13 19:13:36.435207: val_loss -0.4322
2026-06-13 19:13:36.436679: Pseudo dice [0.4702]
2026-06-13 19:13:36.438101: Epoch time: 22.72 s
2026-06-13 19:13:36.439351: Yayy! New best EMA pseudo Dice: 0.4468
2026-06-13 19:13:37.853405: 
2026-06-13 19:13:37.854902: Epoch 51
2026-06-13 19:13:37.856390: Current learning rate: 0.00954
2026-06-13 19:14:00.493973: train_loss -0.4115
2026-06-13 19:14:00.496812: val_loss -0.4462
2026-06-13 19:14:00.498133: Pseudo dice [0.4971]
2026-06-13 19:14:00.499501: Epoch time: 22.64 s
2026-06-13 19:14:00.500776: Yayy! New best EMA pseudo Dice: 0.4518
2026-06-13 19:14:01.871101: 
2026-06-13 19:14:01.872589: Epoch 52
2026-06-13 19:14:01.873972: Current learning rate: 0.00953
2026-06-13 19:14:24.561394: train_loss -0.4691
2026-06-13 19:14:24.564758: val_loss -0.4511
2026-06-13 19:14:24.566322: Pseudo dice [0.4661]
2026-06-13 19:14:24.567990: Epoch time: 22.69 s
2026-06-13 19:14:24.569650: Yayy! New best EMA pseudo Dice: 0.4533
2026-06-13 19:14:25.934353: 
2026-06-13 19:14:25.935735: Epoch 53
2026-06-13 19:14:25.937255: Current learning rate: 0.00952
2026-06-13 19:14:48.630049: train_loss -0.4164
2026-06-13 19:14:48.632527: val_loss -0.4517
2026-06-13 19:14:48.633777: Pseudo dice [0.4756]
2026-06-13 19:14:48.635011: Epoch time: 22.7 s
2026-06-13 19:14:48.636286: Yayy! New best EMA pseudo Dice: 0.4555
2026-06-13 19:14:50.000925: 
2026-06-13 19:14:50.002361: Epoch 54
2026-06-13 19:14:50.003701: Current learning rate: 0.00951
2026-06-13 19:15:12.837502: train_loss -0.4027
2026-06-13 19:15:12.840097: val_loss -0.4996
2026-06-13 19:15:12.841517: Pseudo dice [0.5135]
2026-06-13 19:15:12.842900: Epoch time: 22.84 s
2026-06-13 19:15:12.844243: Yayy! New best EMA pseudo Dice: 0.4613
2026-06-13 19:15:14.205524: 
2026-06-13 19:15:14.207264: Epoch 55
2026-06-13 19:15:14.208567: Current learning rate: 0.0095
2026-06-13 19:15:37.039459: train_loss -0.4157
2026-06-13 19:15:37.042611: val_loss -0.4301
2026-06-13 19:15:37.044061: Pseudo dice [0.4742]
2026-06-13 19:15:37.045348: Epoch time: 22.83 s
2026-06-13 19:15:37.046565: Yayy! New best EMA pseudo Dice: 0.4626
2026-06-13 19:15:38.418531: 
2026-06-13 19:15:38.419993: Epoch 56
2026-06-13 19:15:38.421384: Current learning rate: 0.00949
2026-06-13 19:16:01.261768: train_loss -0.4552
2026-06-13 19:16:01.264149: val_loss -0.4516
2026-06-13 19:16:01.265425: Pseudo dice [0.4829]
2026-06-13 19:16:01.266839: Epoch time: 22.84 s
2026-06-13 19:16:01.268158: Yayy! New best EMA pseudo Dice: 0.4646
2026-06-13 19:16:02.628957: 
2026-06-13 19:16:02.630415: Epoch 57
2026-06-13 19:16:02.631830: Current learning rate: 0.00949
2026-06-13 19:16:25.379382: train_loss -0.4694
2026-06-13 19:16:25.382058: val_loss -0.4353
2026-06-13 19:16:25.383387: Pseudo dice [0.4532]
2026-06-13 19:16:25.384861: Epoch time: 22.75 s
2026-06-13 19:16:26.269429: 
2026-06-13 19:16:26.270892: Epoch 58
2026-06-13 19:16:26.272299: Current learning rate: 0.00948
2026-06-13 19:16:48.950933: train_loss -0.4986
2026-06-13 19:16:48.954038: val_loss -0.406
2026-06-13 19:16:48.955383: Pseudo dice [0.4366]
2026-06-13 19:16:48.956778: Epoch time: 22.68 s
2026-06-13 19:16:49.839333: 
2026-06-13 19:16:49.840769: Epoch 59
2026-06-13 19:16:49.842156: Current learning rate: 0.00947
2026-06-13 19:17:12.563364: train_loss -0.3784
2026-06-13 19:17:12.566004: val_loss -0.4031
2026-06-13 19:17:12.567467: Pseudo dice [0.4618]
2026-06-13 19:17:12.568841: Epoch time: 22.73 s
2026-06-13 19:17:13.463324: 
2026-06-13 19:17:13.464761: Epoch 60
2026-06-13 19:17:13.466129: Current learning rate: 0.00946
2026-06-13 19:17:36.256884: train_loss -0.4663
2026-06-13 19:17:36.259608: val_loss -0.451
2026-06-13 19:17:36.261102: Pseudo dice [0.4718]
2026-06-13 19:17:36.262449: Epoch time: 22.79 s
2026-06-13 19:17:37.143875: 
2026-06-13 19:17:37.145278: Epoch 61
2026-06-13 19:17:37.147740: Current learning rate: 0.00945
2026-06-13 19:17:59.768594: train_loss -0.3637
2026-06-13 19:17:59.771747: val_loss -0.4694
2026-06-13 19:17:59.773150: Pseudo dice [0.4838]
2026-06-13 19:17:59.774632: Epoch time: 22.63 s
2026-06-13 19:18:00.662693: 
2026-06-13 19:18:00.664165: Epoch 62
2026-06-13 19:18:00.665527: Current learning rate: 0.00944
2026-06-13 19:18:23.269994: train_loss -0.4754
2026-06-13 19:18:23.273206: val_loss -0.4741
2026-06-13 19:18:23.274668: Pseudo dice [0.4699]
2026-06-13 19:18:23.276065: Epoch time: 22.61 s
2026-06-13 19:18:23.277398: Yayy! New best EMA pseudo Dice: 0.4647
2026-06-13 19:18:24.646888: 
2026-06-13 19:18:24.648331: Epoch 63
2026-06-13 19:18:24.649742: Current learning rate: 0.00943
2026-06-13 19:18:47.415332: train_loss -0.4938
2026-06-13 19:18:47.418212: val_loss -0.4854
2026-06-13 19:18:47.419649: Pseudo dice [0.5023]
2026-06-13 19:18:47.421015: Epoch time: 22.77 s
2026-06-13 19:18:47.422431: Yayy! New best EMA pseudo Dice: 0.4685
2026-06-13 19:18:48.774030: 
2026-06-13 19:18:48.775494: Epoch 64
2026-06-13 19:18:48.776782: Current learning rate: 0.00942
2026-06-13 19:19:11.423933: train_loss -0.4645
2026-06-13 19:19:11.474482: val_loss -0.4442
2026-06-13 19:19:11.480063: Pseudo dice [0.4845]
2026-06-13 19:19:11.481531: Epoch time: 22.65 s
2026-06-13 19:19:11.483455: Yayy! New best EMA pseudo Dice: 0.4701
2026-06-13 19:19:13.363045: 
2026-06-13 19:19:13.364615: Epoch 65
2026-06-13 19:19:13.369921: Current learning rate: 0.00941
2026-06-13 19:19:36.057859: train_loss -0.4559
2026-06-13 19:19:36.059789: val_loss -0.4766
2026-06-13 19:19:36.061311: Pseudo dice [0.4878]
2026-06-13 19:19:36.062724: Epoch time: 22.7 s
2026-06-13 19:19:36.064352: Yayy! New best EMA pseudo Dice: 0.4719
2026-06-13 19:19:37.427038: 
2026-06-13 19:19:37.428641: Epoch 66
2026-06-13 19:19:37.430304: Current learning rate: 0.0094
2026-06-13 19:20:00.077266: train_loss -0.4793
2026-06-13 19:20:00.079116: val_loss -0.4584
2026-06-13 19:20:00.080498: Pseudo dice [0.4781]
2026-06-13 19:20:00.081856: Epoch time: 22.65 s
2026-06-13 19:20:00.083194: Yayy! New best EMA pseudo Dice: 0.4725
2026-06-13 19:20:01.462358: 
2026-06-13 19:20:01.463672: Epoch 67
2026-06-13 19:20:01.464912: Current learning rate: 0.00939
2026-06-13 19:20:24.165210: train_loss -0.4746
2026-06-13 19:20:24.167234: val_loss -0.4006
2026-06-13 19:20:24.168642: Pseudo dice [0.4778]
2026-06-13 19:20:24.169978: Epoch time: 22.7 s
2026-06-13 19:20:24.171350: Yayy! New best EMA pseudo Dice: 0.473
2026-06-13 19:20:25.546043: 
2026-06-13 19:20:25.547540: Epoch 68
2026-06-13 19:20:25.548978: Current learning rate: 0.00939
2026-06-13 19:20:48.230035: train_loss -0.4593
2026-06-13 19:20:48.231830: val_loss -0.4582
2026-06-13 19:20:48.233241: Pseudo dice [0.4911]
2026-06-13 19:20:48.234633: Epoch time: 22.68 s
2026-06-13 19:20:48.235894: Yayy! New best EMA pseudo Dice: 0.4748
2026-06-13 19:20:49.625361: 
2026-06-13 19:20:49.626843: Epoch 69
2026-06-13 19:20:49.628204: Current learning rate: 0.00938
2026-06-13 19:21:12.316479: train_loss -0.4601
2026-06-13 19:21:12.318284: val_loss -0.4666
2026-06-13 19:21:12.320138: Pseudo dice [0.488]
2026-06-13 19:21:12.321521: Epoch time: 22.69 s
2026-06-13 19:21:12.322866: Yayy! New best EMA pseudo Dice: 0.4761
2026-06-13 19:21:13.712464: 
2026-06-13 19:21:13.713948: Epoch 70
2026-06-13 19:21:13.715308: Current learning rate: 0.00937
2026-06-13 19:21:36.469050: train_loss -0.4382
2026-06-13 19:21:36.471043: val_loss -0.4227
2026-06-13 19:21:36.472421: Pseudo dice [0.4548]
2026-06-13 19:21:36.473847: Epoch time: 22.76 s
2026-06-13 19:21:37.375433: 
2026-06-13 19:21:37.377180: Epoch 71
2026-06-13 19:21:37.378608: Current learning rate: 0.00936
2026-06-13 19:22:00.205009: train_loss -0.452
2026-06-13 19:22:00.207329: val_loss -0.4458
2026-06-13 19:22:00.208829: Pseudo dice [0.4843]
2026-06-13 19:22:00.210301: Epoch time: 22.83 s
2026-06-13 19:22:01.106729: 
2026-06-13 19:22:01.108252: Epoch 72
2026-06-13 19:22:01.109613: Current learning rate: 0.00935
2026-06-13 19:22:23.802303: train_loss -0.4528
2026-06-13 19:22:23.804282: val_loss -0.4592
2026-06-13 19:22:23.805686: Pseudo dice [0.5023]
2026-06-13 19:22:23.807094: Epoch time: 22.7 s
2026-06-13 19:22:23.808557: Yayy! New best EMA pseudo Dice: 0.4778
2026-06-13 19:22:25.190288: 
2026-06-13 19:22:25.191866: Epoch 73
2026-06-13 19:22:25.193227: Current learning rate: 0.00934
2026-06-13 19:22:47.962461: train_loss -0.4845
2026-06-13 19:22:47.964818: val_loss -0.4168
2026-06-13 19:22:47.966418: Pseudo dice [0.4749]
2026-06-13 19:22:47.967900: Epoch time: 22.77 s
2026-06-13 19:22:48.858450: 
2026-06-13 19:22:48.859952: Epoch 74
2026-06-13 19:22:48.862450: Current learning rate: 0.00933
2026-06-13 19:23:11.628985: train_loss -0.4854
2026-06-13 19:23:11.630993: val_loss -0.4409
2026-06-13 19:23:11.632613: Pseudo dice [0.4462]
2026-06-13 19:23:11.633948: Epoch time: 22.77 s
2026-06-13 19:23:12.535077: 
2026-06-13 19:23:12.536709: Epoch 75
2026-06-13 19:23:12.538108: Current learning rate: 0.00932
2026-06-13 19:23:35.322462: train_loss -0.4723
2026-06-13 19:23:35.328337: val_loss -0.4239
2026-06-13 19:23:35.329788: Pseudo dice [0.4536]
2026-06-13 19:23:35.331148: Epoch time: 22.79 s
2026-06-13 19:23:36.230621: 
2026-06-13 19:23:36.232183: Epoch 76
2026-06-13 19:23:36.233637: Current learning rate: 0.00931
2026-06-13 19:23:58.917315: train_loss -0.4835
2026-06-13 19:23:58.919349: val_loss -0.5166
2026-06-13 19:23:58.920776: Pseudo dice [0.5313]
2026-06-13 19:23:58.922150: Epoch time: 22.69 s
2026-06-13 19:23:58.923478: Yayy! New best EMA pseudo Dice: 0.4782
2026-06-13 19:24:00.307042: 
2026-06-13 19:24:00.308574: Epoch 77
2026-06-13 19:24:00.309963: Current learning rate: 0.0093
2026-06-13 19:24:22.970010: train_loss -0.5242
2026-06-13 19:24:22.972856: val_loss -0.5178
2026-06-13 19:24:22.974278: Pseudo dice [0.5212]
2026-06-13 19:24:22.975626: Epoch time: 22.66 s
2026-06-13 19:24:22.976989: Yayy! New best EMA pseudo Dice: 0.4825
2026-06-13 19:24:24.384779: 
2026-06-13 19:24:24.386914: Epoch 78
2026-06-13 19:24:24.388355: Current learning rate: 0.0093
2026-06-13 19:24:47.113174: train_loss -0.47
2026-06-13 19:24:47.115797: val_loss -0.4797
2026-06-13 19:24:47.117102: Pseudo dice [0.4916]
2026-06-13 19:24:47.118345: Epoch time: 22.73 s
2026-06-13 19:24:47.119692: Yayy! New best EMA pseudo Dice: 0.4834
2026-06-13 19:24:48.506180: 
2026-06-13 19:24:48.507676: Epoch 79
2026-06-13 19:24:48.508988: Current learning rate: 0.00929
2026-06-13 19:25:11.373391: train_loss -0.4636
2026-06-13 19:25:11.376093: val_loss -0.4451
2026-06-13 19:25:11.377460: Pseudo dice [0.4977]
2026-06-13 19:25:11.378875: Epoch time: 22.87 s
2026-06-13 19:25:11.380234: Yayy! New best EMA pseudo Dice: 0.4848
2026-06-13 19:25:12.781452: 
2026-06-13 19:25:12.782864: Epoch 80
2026-06-13 19:25:12.784212: Current learning rate: 0.00928
2026-06-13 19:25:35.554026: train_loss -0.4472
2026-06-13 19:25:35.557614: val_loss -0.4822
2026-06-13 19:25:35.559024: Pseudo dice [0.5296]
2026-06-13 19:25:35.560388: Epoch time: 22.77 s
2026-06-13 19:25:35.562188: Yayy! New best EMA pseudo Dice: 0.4893
2026-06-13 19:25:37.470003: 
2026-06-13 19:25:37.471599: Epoch 81
2026-06-13 19:25:37.473078: Current learning rate: 0.00927
2026-06-13 19:26:00.290371: train_loss -0.4689
2026-06-13 19:26:00.293510: val_loss -0.4642
2026-06-13 19:26:00.294894: Pseudo dice [0.5205]
2026-06-13 19:26:00.296196: Epoch time: 22.82 s
2026-06-13 19:26:00.297606: Yayy! New best EMA pseudo Dice: 0.4924
2026-06-13 19:26:01.697401: 
2026-06-13 19:26:01.698813: Epoch 82
2026-06-13 19:26:01.700216: Current learning rate: 0.00926
2026-06-13 19:26:24.347684: train_loss -0.4861
2026-06-13 19:26:24.350445: val_loss -0.4151
2026-06-13 19:26:24.351771: Pseudo dice [0.4659]
2026-06-13 19:26:24.353215: Epoch time: 22.65 s
2026-06-13 19:26:25.225086: 
2026-06-13 19:26:25.227185: Epoch 83
2026-06-13 19:26:25.228569: Current learning rate: 0.00925
2026-06-13 19:26:47.924867: train_loss -0.4766
2026-06-13 19:26:47.927628: val_loss -0.515
2026-06-13 19:26:47.929090: Pseudo dice [0.5441]
2026-06-13 19:26:47.930422: Epoch time: 22.7 s
2026-06-13 19:26:47.931798: Yayy! New best EMA pseudo Dice: 0.4952
2026-06-13 19:26:49.308095: 
2026-06-13 19:26:49.309584: Epoch 84
2026-06-13 19:26:49.311035: Current learning rate: 0.00924
2026-06-13 19:27:11.904827: train_loss -0.4774
2026-06-13 19:27:11.907770: val_loss -0.4671
2026-06-13 19:27:11.909214: Pseudo dice [0.484]
2026-06-13 19:27:11.910544: Epoch time: 22.6 s
2026-06-13 19:27:12.783109: 
2026-06-13 19:27:12.784685: Epoch 85
2026-06-13 19:27:12.786149: Current learning rate: 0.00923
2026-06-13 19:27:35.432908: train_loss -0.4784
2026-06-13 19:27:35.435512: val_loss -0.4661
2026-06-13 19:27:35.436882: Pseudo dice [0.5173]
2026-06-13 19:27:35.438974: Epoch time: 22.65 s
2026-06-13 19:27:35.441319: Yayy! New best EMA pseudo Dice: 0.4964
2026-06-13 19:27:36.806506: 
2026-06-13 19:27:36.807930: Epoch 86
2026-06-13 19:27:36.809251: Current learning rate: 0.00922
2026-06-13 19:27:59.464055: train_loss -0.4265
2026-06-13 19:27:59.466912: val_loss -0.5375
2026-06-13 19:27:59.468331: Pseudo dice [0.5525]
2026-06-13 19:27:59.469789: Epoch time: 22.66 s
2026-06-13 19:27:59.471295: Yayy! New best EMA pseudo Dice: 0.502
2026-06-13 19:28:00.845788: 
2026-06-13 19:28:00.847566: Epoch 87
2026-06-13 19:28:00.849272: Current learning rate: 0.00921
2026-06-13 19:28:23.558300: train_loss -0.5052
2026-06-13 19:28:23.561343: val_loss -0.4586
2026-06-13 19:28:23.562791: Pseudo dice [0.4929]
2026-06-13 19:28:23.564161: Epoch time: 22.71 s
2026-06-13 19:28:24.442004: 
2026-06-13 19:28:24.443477: Epoch 88
2026-06-13 19:28:24.444905: Current learning rate: 0.0092
2026-06-13 19:28:47.097477: train_loss -0.5338
2026-06-13 19:28:47.100384: val_loss -0.5038
2026-06-13 19:28:47.101898: Pseudo dice [0.5289]
2026-06-13 19:28:47.103371: Epoch time: 22.66 s
2026-06-13 19:28:47.104738: Yayy! New best EMA pseudo Dice: 0.5039
2026-06-13 19:28:48.481389: 
2026-06-13 19:28:48.483596: Epoch 89
2026-06-13 19:28:48.484930: Current learning rate: 0.0092
2026-06-13 19:29:11.089091: train_loss -0.4808
2026-06-13 19:29:11.091944: val_loss -0.4697
2026-06-13 19:29:11.093327: Pseudo dice [0.5022]
2026-06-13 19:29:11.094557: Epoch time: 22.61 s
2026-06-13 19:29:11.975271: 
2026-06-13 19:29:11.976716: Epoch 90
2026-06-13 19:29:11.978037: Current learning rate: 0.00919
2026-06-13 19:29:34.558825: train_loss -0.4962
2026-06-13 19:29:34.561712: val_loss -0.5014
2026-06-13 19:29:34.563191: Pseudo dice [0.5414]
2026-06-13 19:29:34.565670: Epoch time: 22.58 s
2026-06-13 19:29:34.566921: Yayy! New best EMA pseudo Dice: 0.5075
2026-06-13 19:29:35.939120: 
2026-06-13 19:29:35.940649: Epoch 91
2026-06-13 19:29:35.942046: Current learning rate: 0.00918
2026-06-13 19:29:58.706745: train_loss -0.4791
2026-06-13 19:29:58.709623: val_loss -0.4924
2026-06-13 19:29:58.711129: Pseudo dice [0.5142]
2026-06-13 19:29:58.712494: Epoch time: 22.77 s
2026-06-13 19:29:58.713894: Yayy! New best EMA pseudo Dice: 0.5082
2026-06-13 19:30:00.075170: 
2026-06-13 19:30:00.076593: Epoch 92
2026-06-13 19:30:00.079919: Current learning rate: 0.00917
2026-06-13 19:30:22.808812: train_loss -0.534
2026-06-13 19:30:22.813802: val_loss -0.4731
2026-06-13 19:30:22.816534: Pseudo dice [0.4764]
2026-06-13 19:30:22.818139: Epoch time: 22.73 s
2026-06-13 19:30:23.699095: 
2026-06-13 19:30:23.700689: Epoch 93
2026-06-13 19:30:23.702141: Current learning rate: 0.00916
2026-06-13 19:30:46.406845: train_loss -0.5041
2026-06-13 19:30:46.413107: val_loss -0.4882
2026-06-13 19:30:46.414517: Pseudo dice [0.5172]
2026-06-13 19:30:46.415972: Epoch time: 22.71 s
2026-06-13 19:30:47.441293: 
2026-06-13 19:30:47.442683: Epoch 94
2026-06-13 19:30:47.444047: Current learning rate: 0.00915
2026-06-13 19:31:10.140518: train_loss -0.5125
2026-06-13 19:31:10.143268: val_loss -0.4879
2026-06-13 19:31:10.144810: Pseudo dice [0.4907]
2026-06-13 19:31:10.146316: Epoch time: 22.7 s
2026-06-13 19:31:11.023895: 
2026-06-13 19:31:11.025705: Epoch 95
2026-06-13 19:31:11.026963: Current learning rate: 0.00914
2026-06-13 19:31:33.673716: train_loss -0.5345
2026-06-13 19:31:33.676392: val_loss -0.47
2026-06-13 19:31:33.677861: Pseudo dice [0.5122]
2026-06-13 19:31:33.679319: Epoch time: 22.65 s
2026-06-13 19:31:34.546912: 
2026-06-13 19:31:34.549603: Epoch 96
2026-06-13 19:31:34.552221: Current learning rate: 0.00913
2026-06-13 19:31:57.277567: train_loss -0.4729
2026-06-13 19:31:57.280714: val_loss -0.4909
2026-06-13 19:31:57.282120: Pseudo dice [0.5129]
2026-06-13 19:31:57.283626: Epoch time: 22.73 s
2026-06-13 19:31:58.150280: 
2026-06-13 19:31:58.151720: Epoch 97
2026-06-13 19:31:58.153138: Current learning rate: 0.00912
2026-06-13 19:32:20.754190: train_loss -0.486
2026-06-13 19:32:20.756895: val_loss -0.4341
2026-06-13 19:32:20.758433: Pseudo dice [0.479]
2026-06-13 19:32:20.759924: Epoch time: 22.6 s
2026-06-13 19:32:21.637837: 
2026-06-13 19:32:21.639439: Epoch 98
2026-06-13 19:32:21.641106: Current learning rate: 0.00911
2026-06-13 19:32:44.284719: train_loss -0.4642
2026-06-13 19:32:44.287918: val_loss -0.4805
2026-06-13 19:32:44.289380: Pseudo dice [0.5206]
2026-06-13 19:32:44.290903: Epoch time: 22.65 s
2026-06-13 19:32:45.687726: 
2026-06-13 19:32:45.689523: Epoch 99
2026-06-13 19:32:45.690943: Current learning rate: 0.0091
2026-06-13 19:33:08.421470: train_loss -0.434
2026-06-13 19:33:08.424432: val_loss -0.4598
2026-06-13 19:33:08.425910: Pseudo dice [0.4955]
2026-06-13 19:33:08.427500: Epoch time: 22.73 s
2026-06-13 19:33:09.783638: 
2026-06-13 19:33:09.785337: Epoch 100
2026-06-13 19:33:09.786716: Current learning rate: 0.0091
2026-06-13 19:33:32.584971: train_loss -0.4944
2026-06-13 19:33:32.587484: val_loss -0.4371
2026-06-13 19:33:32.588849: Pseudo dice [0.478]
2026-06-13 19:33:32.590276: Epoch time: 22.8 s
2026-06-13 19:33:33.465999: 
2026-06-13 19:33:33.467801: Epoch 101
2026-06-13 19:33:33.469294: Current learning rate: 0.00909
2026-06-13 19:33:56.194612: train_loss -0.501
2026-06-13 19:33:56.197823: val_loss -0.5415
2026-06-13 19:33:56.199257: Pseudo dice [0.5362]
2026-06-13 19:33:56.200703: Epoch time: 22.73 s
2026-06-13 19:33:57.074414: 
2026-06-13 19:33:57.075877: Epoch 102
2026-06-13 19:33:57.077790: Current learning rate: 0.00908
2026-06-13 19:34:19.794229: train_loss -0.5318
2026-06-13 19:34:19.797318: val_loss -0.5124
2026-06-13 19:34:19.798763: Pseudo dice [0.5083]
2026-06-13 19:34:19.800163: Epoch time: 22.72 s
2026-06-13 19:34:20.673748: 
2026-06-13 19:34:20.675184: Epoch 103
2026-06-13 19:34:20.676641: Current learning rate: 0.00907
2026-06-13 19:34:43.483017: train_loss -0.494
2026-06-13 19:34:43.485632: val_loss -0.4951
2026-06-13 19:34:43.487077: Pseudo dice [0.5397]
2026-06-13 19:34:43.488443: Epoch time: 22.81 s
2026-06-13 19:34:43.489784: Yayy! New best EMA pseudo Dice: 0.5088
2026-06-13 19:34:44.885852: 
2026-06-13 19:34:44.887327: Epoch 104
2026-06-13 19:34:44.888717: Current learning rate: 0.00906
2026-06-13 19:35:07.648091: train_loss -0.5041
2026-06-13 19:35:07.650530: val_loss -0.5184
2026-06-13 19:35:07.652083: Pseudo dice [0.5291]
2026-06-13 19:35:07.653732: Epoch time: 22.76 s
2026-06-13 19:35:07.655197: Yayy! New best EMA pseudo Dice: 0.5108
2026-06-13 19:35:09.022079: 
2026-06-13 19:35:09.023664: Epoch 105
2026-06-13 19:35:09.025235: Current learning rate: 0.00905
2026-06-13 19:35:31.646080: train_loss -0.495
2026-06-13 19:35:31.648419: val_loss -0.462
2026-06-13 19:35:31.650045: Pseudo dice [0.4966]
2026-06-13 19:35:31.651593: Epoch time: 22.62 s
2026-06-13 19:35:32.528274: 
2026-06-13 19:35:32.529938: Epoch 106
2026-06-13 19:35:32.531474: Current learning rate: 0.00904
2026-06-13 19:35:55.142841: train_loss -0.4785
2026-06-13 19:35:55.145240: val_loss -0.4491
2026-06-13 19:35:55.147192: Pseudo dice [0.4906]
2026-06-13 19:35:55.148724: Epoch time: 22.62 s
2026-06-13 19:35:56.026285: 
2026-06-13 19:35:56.027972: Epoch 107
2026-06-13 19:35:56.029486: Current learning rate: 0.00903
2026-06-13 19:36:18.741396: train_loss -0.4637
2026-06-13 19:36:18.743686: val_loss -0.5128
2026-06-13 19:36:18.745286: Pseudo dice [0.521]
2026-06-13 19:36:18.746789: Epoch time: 22.72 s
2026-06-13 19:36:19.621327: 
2026-06-13 19:36:19.622959: Epoch 108
2026-06-13 19:36:19.624557: Current learning rate: 0.00902
2026-06-13 19:36:42.388184: train_loss -0.4728
2026-06-13 19:36:42.390631: val_loss -0.4304
2026-06-13 19:36:42.392104: Pseudo dice [0.4678]
2026-06-13 19:36:42.393630: Epoch time: 22.77 s
2026-06-13 19:36:43.279340: 
2026-06-13 19:36:43.280932: Epoch 109
2026-06-13 19:36:43.282413: Current learning rate: 0.00901
2026-06-13 19:37:06.031251: train_loss -0.5163
2026-06-13 19:37:06.033945: val_loss -0.4754
2026-06-13 19:37:06.035656: Pseudo dice [0.4905]
2026-06-13 19:37:06.037206: Epoch time: 22.75 s
2026-06-13 19:37:06.907554: 
2026-06-13 19:37:06.909174: Epoch 110
2026-06-13 19:37:06.910669: Current learning rate: 0.009
2026-06-13 19:37:29.542140: train_loss -0.5155
2026-06-13 19:37:29.544324: val_loss -0.4533
2026-06-13 19:37:29.545926: Pseudo dice [0.488]
2026-06-13 19:37:29.547320: Epoch time: 22.64 s
2026-06-13 19:37:30.424637: 
2026-06-13 19:37:30.426275: Epoch 111
2026-06-13 19:37:30.427911: Current learning rate: 0.009
2026-06-13 19:37:53.093451: train_loss -0.5402
2026-06-13 19:37:53.095720: val_loss -0.4644
2026-06-13 19:37:53.097239: Pseudo dice [0.4991]
2026-06-13 19:37:53.098778: Epoch time: 22.67 s
2026-06-13 19:37:53.977104: 
2026-06-13 19:37:53.978718: Epoch 112
2026-06-13 19:37:53.980231: Current learning rate: 0.00899
2026-06-13 19:38:16.705932: train_loss -0.5034
2026-06-13 19:38:16.708427: val_loss -0.5017
2026-06-13 19:38:16.710049: Pseudo dice [0.5183]
2026-06-13 19:38:16.711571: Epoch time: 22.73 s
2026-06-13 19:38:17.603190: 
2026-06-13 19:38:17.604920: Epoch 113
2026-06-13 19:38:17.606486: Current learning rate: 0.00898
2026-06-13 19:38:40.244157: train_loss -0.4976
2026-06-13 19:38:40.246473: val_loss -0.4433
2026-06-13 19:38:40.248033: Pseudo dice [0.4707]
2026-06-13 19:38:40.249618: Epoch time: 22.64 s
2026-06-13 19:38:41.133452: 
2026-06-13 19:38:41.135266: Epoch 114
2026-06-13 19:38:41.137034: Current learning rate: 0.00897
2026-06-13 19:39:03.944840: train_loss -0.5263
2026-06-13 19:39:03.947095: val_loss -0.5137
2026-06-13 19:39:03.948734: Pseudo dice [0.5329]
2026-06-13 19:39:03.950233: Epoch time: 22.81 s
2026-06-13 19:39:04.822845: 
2026-06-13 19:39:04.824472: Epoch 115
2026-06-13 19:39:04.826016: Current learning rate: 0.00896
2026-06-13 19:39:27.488199: train_loss -0.5343
2026-06-13 19:39:27.493915: val_loss -0.5593
2026-06-13 19:39:27.495375: Pseudo dice [0.5663]
2026-06-13 19:39:27.496972: Epoch time: 22.67 s
2026-06-13 19:39:28.909207: 
2026-06-13 19:39:28.910876: Epoch 116
2026-06-13 19:39:28.912341: Current learning rate: 0.00895
2026-06-13 19:39:51.622935: train_loss -0.5288
2026-06-13 19:39:51.624986: val_loss -0.5202
2026-06-13 19:39:51.626887: Pseudo dice [0.5402]
2026-06-13 19:39:51.629459: Epoch time: 22.71 s
2026-06-13 19:39:51.632242: Yayy! New best EMA pseudo Dice: 0.5126
2026-06-13 19:39:53.014133: 
2026-06-13 19:39:53.015865: Epoch 117
2026-06-13 19:39:53.017404: Current learning rate: 0.00894
2026-06-13 19:40:15.718364: train_loss -0.5223
2026-06-13 19:40:15.720532: val_loss -0.5144
2026-06-13 19:40:15.722832: Pseudo dice [0.5451]
2026-06-13 19:40:15.725461: Epoch time: 22.71 s
2026-06-13 19:40:15.727931: Yayy! New best EMA pseudo Dice: 0.5159
2026-06-13 19:40:17.109590: 
2026-06-13 19:40:17.111257: Epoch 118
2026-06-13 19:40:17.112830: Current learning rate: 0.00893
2026-06-13 19:40:39.869761: train_loss -0.5478
2026-06-13 19:40:39.872259: val_loss -0.5146
2026-06-13 19:40:39.873817: Pseudo dice [0.5494]
2026-06-13 19:40:39.875273: Epoch time: 22.76 s
2026-06-13 19:40:39.876810: Yayy! New best EMA pseudo Dice: 0.5192
2026-06-13 19:40:41.260914: 
2026-06-13 19:40:41.262467: Epoch 119
2026-06-13 19:40:41.263871: Current learning rate: 0.00892
2026-06-13 19:41:04.089795: train_loss -0.4882
2026-06-13 19:41:04.091958: val_loss -0.5303
2026-06-13 19:41:04.093572: Pseudo dice [0.5386]
2026-06-13 19:41:04.095070: Epoch time: 22.83 s
2026-06-13 19:41:04.096832: Yayy! New best EMA pseudo Dice: 0.5212
2026-06-13 19:41:05.477602: 
2026-06-13 19:41:05.483358: Epoch 120
2026-06-13 19:41:05.486947: Current learning rate: 0.00891
2026-06-13 19:41:28.277619: train_loss -0.4708
2026-06-13 19:41:28.279766: val_loss -0.5642
2026-06-13 19:41:28.281389: Pseudo dice [0.5674]
2026-06-13 19:41:28.282950: Epoch time: 22.8 s
2026-06-13 19:41:28.284585: Yayy! New best EMA pseudo Dice: 0.5258
2026-06-13 19:41:29.669845: 
2026-06-13 19:41:29.671933: Epoch 121
2026-06-13 19:41:29.673500: Current learning rate: 0.0089
2026-06-13 19:41:52.620559: train_loss -0.4888
2026-06-13 19:41:52.623579: val_loss -0.5024
2026-06-13 19:41:52.625224: Pseudo dice [0.5537]
2026-06-13 19:41:52.626839: Epoch time: 22.95 s
2026-06-13 19:41:52.628411: Yayy! New best EMA pseudo Dice: 0.5286
2026-06-13 19:41:54.008578: 
2026-06-13 19:41:54.010347: Epoch 122
2026-06-13 19:41:54.012004: Current learning rate: 0.00889
2026-06-13 19:42:16.600577: train_loss -0.549
2026-06-13 19:42:16.603445: val_loss -0.5201
2026-06-13 19:42:16.605091: Pseudo dice [0.5534]
2026-06-13 19:42:16.606857: Epoch time: 22.59 s
2026-06-13 19:42:16.608366: Yayy! New best EMA pseudo Dice: 0.5311
2026-06-13 19:42:17.997748: 
2026-06-13 19:42:17.999389: Epoch 123
2026-06-13 19:42:18.000952: Current learning rate: 0.00889
2026-06-13 19:42:40.765551: train_loss -0.5468
2026-06-13 19:42:40.768305: val_loss -0.4945
2026-06-13 19:42:40.769955: Pseudo dice [0.5303]
2026-06-13 19:42:40.771472: Epoch time: 22.77 s
2026-06-13 19:42:41.660297: 
2026-06-13 19:42:41.662328: Epoch 124
2026-06-13 19:42:41.663809: Current learning rate: 0.00888
2026-06-13 19:43:04.403980: train_loss -0.5198
2026-06-13 19:43:04.407167: val_loss -0.5082
2026-06-13 19:43:04.408755: Pseudo dice [0.5266]
2026-06-13 19:43:04.410352: Epoch time: 22.74 s
2026-06-13 19:43:05.308375: 
2026-06-13 19:43:05.311700: Epoch 125
2026-06-13 19:43:05.315855: Current learning rate: 0.00887
2026-06-13 19:43:28.039809: train_loss -0.5596
2026-06-13 19:43:28.042364: val_loss -0.5558
2026-06-13 19:43:28.043812: Pseudo dice [0.5883]
2026-06-13 19:43:28.045194: Epoch time: 22.73 s
2026-06-13 19:43:28.046691: Yayy! New best EMA pseudo Dice: 0.5363
2026-06-13 19:43:29.435661: 
2026-06-13 19:43:29.437350: Epoch 126
2026-06-13 19:43:29.438888: Current learning rate: 0.00886
2026-06-13 19:43:52.168512: train_loss -0.5414
2026-06-13 19:43:52.171288: val_loss -0.5495
2026-06-13 19:43:52.172765: Pseudo dice [0.5357]
2026-06-13 19:43:52.174247: Epoch time: 22.73 s
2026-06-13 19:43:53.062761: 
2026-06-13 19:43:53.064399: Epoch 127
2026-06-13 19:43:53.065982: Current learning rate: 0.00885
2026-06-13 19:44:15.663821: train_loss -0.4846
2026-06-13 19:44:15.666733: val_loss -0.4668
2026-06-13 19:44:15.668331: Pseudo dice [0.5141]
2026-06-13 19:44:15.669839: Epoch time: 22.6 s
2026-06-13 19:44:16.561199: 
2026-06-13 19:44:16.562844: Epoch 128
2026-06-13 19:44:16.564391: Current learning rate: 0.00884
2026-06-13 19:44:39.269686: train_loss -0.5152
2026-06-13 19:44:39.272865: val_loss -0.5094
2026-06-13 19:44:39.274436: Pseudo dice [0.509]
2026-06-13 19:44:39.275977: Epoch time: 22.71 s
2026-06-13 19:44:40.161779: 
2026-06-13 19:44:40.163446: Epoch 129
2026-06-13 19:44:40.164912: Current learning rate: 0.00883
2026-06-13 19:45:02.804316: train_loss -0.4755
2026-06-13 19:45:02.808128: val_loss -0.4655
2026-06-13 19:45:02.810026: Pseudo dice [0.502]
2026-06-13 19:45:02.811713: Epoch time: 22.64 s
2026-06-13 19:45:03.709613: 
2026-06-13 19:45:03.711458: Epoch 130
2026-06-13 19:45:03.713060: Current learning rate: 0.00882
2026-06-13 19:45:26.331446: train_loss -0.4972
2026-06-13 19:45:26.335236: val_loss -0.5086
2026-06-13 19:45:26.337104: Pseudo dice [0.5144]
2026-06-13 19:45:26.338865: Epoch time: 22.62 s
2026-06-13 19:45:27.234601: 
2026-06-13 19:45:27.236406: Epoch 131
2026-06-13 19:45:27.238208: Current learning rate: 0.00881
2026-06-13 19:45:49.960906: train_loss -0.4949
2026-06-13 19:45:49.964263: val_loss -0.5297
2026-06-13 19:45:49.965979: Pseudo dice [0.555]
2026-06-13 19:45:49.967447: Epoch time: 22.73 s
2026-06-13 19:45:50.857388: 
2026-06-13 19:45:50.859107: Epoch 132
2026-06-13 19:45:50.860782: Current learning rate: 0.0088
2026-06-13 19:46:13.488603: train_loss -0.5691
2026-06-13 19:46:13.491203: val_loss -0.5208
2026-06-13 19:46:13.492755: Pseudo dice [0.5636]
2026-06-13 19:46:13.494446: Epoch time: 22.63 s
2026-06-13 19:46:14.889018: 
2026-06-13 19:46:14.890806: Epoch 133
2026-06-13 19:46:14.892390: Current learning rate: 0.00879
2026-06-13 19:46:37.512375: train_loss -0.546
2026-06-13 19:46:37.515710: val_loss -0.4985
2026-06-13 19:46:37.517245: Pseudo dice [0.5396]
2026-06-13 19:46:37.518833: Epoch time: 22.62 s
2026-06-13 19:46:38.412930: 
2026-06-13 19:46:38.414750: Epoch 134
2026-06-13 19:46:38.416278: Current learning rate: 0.00879
2026-06-13 19:47:01.184680: train_loss -0.5368
2026-06-13 19:47:01.187991: val_loss -0.468
2026-06-13 19:47:01.189618: Pseudo dice [0.4866]
2026-06-13 19:47:01.191237: Epoch time: 22.77 s
2026-06-13 19:47:02.098295: 
2026-06-13 19:47:02.100065: Epoch 135
2026-06-13 19:47:02.101680: Current learning rate: 0.00878
2026-06-13 19:47:24.778167: train_loss -0.4975
2026-06-13 19:47:24.781194: val_loss -0.5196
2026-06-13 19:47:24.782893: Pseudo dice [0.5266]
2026-06-13 19:47:24.784492: Epoch time: 22.68 s
2026-06-13 19:47:25.702084: 
2026-06-13 19:47:25.703799: Epoch 136
2026-06-13 19:47:25.705339: Current learning rate: 0.00877
2026-06-13 19:47:48.275347: train_loss -0.5268
2026-06-13 19:47:48.282781: val_loss -0.5474
2026-06-13 19:47:48.290188: Pseudo dice [0.5434]
2026-06-13 19:47:48.293572: Epoch time: 22.57 s
2026-06-13 19:47:49.196381: 
2026-06-13 19:47:49.198182: Epoch 137
2026-06-13 19:47:49.199783: Current learning rate: 0.00876
2026-06-13 19:48:11.850911: train_loss -0.5995
2026-06-13 19:48:11.854254: val_loss -0.4808
2026-06-13 19:48:11.855773: Pseudo dice [0.5318]
2026-06-13 19:48:11.857339: Epoch time: 22.66 s
2026-06-13 19:48:12.784485: 
2026-06-13 19:48:12.786237: Epoch 138
2026-06-13 19:48:12.787741: Current learning rate: 0.00875
2026-06-13 19:48:35.466162: train_loss -0.484
2026-06-13 19:48:35.468956: val_loss -0.5097
2026-06-13 19:48:35.470644: Pseudo dice [0.5284]
2026-06-13 19:48:35.472314: Epoch time: 22.68 s
2026-06-13 19:48:36.389768: 
2026-06-13 19:48:36.391611: Epoch 139
2026-06-13 19:48:36.393239: Current learning rate: 0.00874
2026-06-13 19:48:59.054150: train_loss -0.4803
2026-06-13 19:48:59.057081: val_loss -0.4465
2026-06-13 19:48:59.058829: Pseudo dice [0.4802]
2026-06-13 19:48:59.060418: Epoch time: 22.67 s
2026-06-13 19:48:59.965499: 
2026-06-13 19:48:59.967116: Epoch 140
2026-06-13 19:48:59.968722: Current learning rate: 0.00873
2026-06-13 19:49:22.728914: train_loss -0.4516
2026-06-13 19:49:22.731789: val_loss -0.4826
2026-06-13 19:49:22.733292: Pseudo dice [0.5092]
2026-06-13 19:49:22.734743: Epoch time: 22.76 s
2026-06-13 19:49:23.642933: 
2026-06-13 19:49:23.644554: Epoch 141
2026-06-13 19:49:23.646070: Current learning rate: 0.00872
2026-06-13 19:49:46.415481: train_loss -0.5166
2026-06-13 19:49:46.418136: val_loss -0.4837
2026-06-13 19:49:46.419672: Pseudo dice [0.5277]
2026-06-13 19:49:46.421234: Epoch time: 22.77 s
2026-06-13 19:49:47.332056: 
2026-06-13 19:49:47.333672: Epoch 142
2026-06-13 19:49:47.335191: Current learning rate: 0.00871
2026-06-13 19:50:10.051758: train_loss -0.5076
2026-06-13 19:50:10.054912: val_loss -0.5027
2026-06-13 19:50:10.056426: Pseudo dice [0.5579]
2026-06-13 19:50:10.057950: Epoch time: 22.72 s
2026-06-13 19:50:10.952079: 
2026-06-13 19:50:10.953654: Epoch 143
2026-06-13 19:50:10.955211: Current learning rate: 0.0087
2026-06-13 19:50:33.636164: train_loss -0.5268
2026-06-13 19:50:33.639246: val_loss -0.4775
2026-06-13 19:50:33.640835: Pseudo dice [0.483]
2026-06-13 19:50:33.642415: Epoch time: 22.69 s
2026-06-13 19:50:34.567888: 
2026-06-13 19:50:34.569544: Epoch 144
2026-06-13 19:50:34.571154: Current learning rate: 0.00869
2026-06-13 19:50:57.327636: train_loss -0.5217
2026-06-13 19:50:57.331449: val_loss -0.5355
2026-06-13 19:50:57.332999: Pseudo dice [0.5519]
2026-06-13 19:50:57.334502: Epoch time: 22.76 s
2026-06-13 19:50:58.231644: 
2026-06-13 19:50:58.236997: Epoch 145
2026-06-13 19:50:58.239001: Current learning rate: 0.00868
2026-06-13 19:51:20.989908: train_loss -0.4751
2026-06-13 19:51:20.993008: val_loss -0.5063
2026-06-13 19:51:20.994623: Pseudo dice [0.5487]
2026-06-13 19:51:20.996153: Epoch time: 22.76 s
2026-06-13 19:51:21.891567: 
2026-06-13 19:51:21.893257: Epoch 146
2026-06-13 19:51:21.895035: Current learning rate: 0.00868
2026-06-13 19:51:44.555793: train_loss -0.5499
2026-06-13 19:51:44.558759: val_loss -0.5035
2026-06-13 19:51:44.560457: Pseudo dice [0.5397]
2026-06-13 19:51:44.562092: Epoch time: 22.67 s
2026-06-13 19:51:45.539501: 
2026-06-13 19:51:45.541234: Epoch 147
2026-06-13 19:51:45.542752: Current learning rate: 0.00867
2026-06-13 19:52:08.296289: train_loss -0.5734
2026-06-13 19:52:08.300256: val_loss -0.5879
2026-06-13 19:52:08.301788: Pseudo dice [0.5836]
2026-06-13 19:52:08.303269: Epoch time: 22.76 s
2026-06-13 19:52:09.205192: 
2026-06-13 19:52:09.206765: Epoch 148
2026-06-13 19:52:09.208272: Current learning rate: 0.00866
2026-06-13 19:52:31.931287: train_loss -0.5518
2026-06-13 19:52:31.934496: val_loss -0.5725
2026-06-13 19:52:31.936037: Pseudo dice [0.5597]
2026-06-13 19:52:31.937533: Epoch time: 22.73 s
2026-06-13 19:52:31.939001: Yayy! New best EMA pseudo Dice: 0.5373
2026-06-13 19:52:33.347815: 
2026-06-13 19:52:33.349359: Epoch 149
2026-06-13 19:52:33.350830: Current learning rate: 0.00865
2026-06-13 19:52:56.091118: train_loss -0.4818
2026-06-13 19:52:56.094979: val_loss -0.5333
2026-06-13 19:52:56.096477: Pseudo dice [0.5675]
2026-06-13 19:52:56.097968: Epoch time: 22.74 s
2026-06-13 19:52:56.577170: Yayy! New best EMA pseudo Dice: 0.5403
2026-06-13 19:52:58.498694: 
2026-06-13 19:52:58.500208: Epoch 150
2026-06-13 19:52:58.501617: Current learning rate: 0.00864
2026-06-13 19:53:21.157574: train_loss -0.5315
2026-06-13 19:53:21.159520: val_loss -0.4951
2026-06-13 19:53:21.162172: Pseudo dice [0.5207]
2026-06-13 19:53:21.163728: Epoch time: 22.66 s
2026-06-13 19:53:22.075950: 
2026-06-13 19:53:22.077575: Epoch 151
2026-06-13 19:53:22.079133: Current learning rate: 0.00863
2026-06-13 19:53:44.678832: train_loss -0.5285
2026-06-13 19:53:44.681306: val_loss -0.5267
2026-06-13 19:53:44.683306: Pseudo dice [0.5398]
2026-06-13 19:53:44.684688: Epoch time: 22.6 s
2026-06-13 19:53:45.595421: 
2026-06-13 19:53:45.597012: Epoch 152
2026-06-13 19:53:45.598421: Current learning rate: 0.00862
2026-06-13 19:54:08.317747: train_loss -0.5831
2026-06-13 19:54:08.319809: val_loss -0.6009
2026-06-13 19:54:08.321274: Pseudo dice [0.585]
2026-06-13 19:54:08.322850: Epoch time: 22.72 s
2026-06-13 19:54:08.324395: Yayy! New best EMA pseudo Dice: 0.5431
2026-06-13 19:54:09.742331: 
2026-06-13 19:54:09.743958: Epoch 153
2026-06-13 19:54:09.745460: Current learning rate: 0.00861
2026-06-13 19:54:32.483968: train_loss -0.5114
2026-06-13 19:54:32.485895: val_loss -0.4358
2026-06-13 19:54:32.487572: Pseudo dice [0.5011]
2026-06-13 19:54:32.489507: Epoch time: 22.74 s
2026-06-13 19:54:33.425796: 
2026-06-13 19:54:33.427558: Epoch 154
2026-06-13 19:54:33.429181: Current learning rate: 0.0086
2026-06-13 19:54:56.105498: train_loss -0.5539
2026-06-13 19:54:56.107914: val_loss -0.5578
2026-06-13 19:54:56.109436: Pseudo dice [0.5743]
2026-06-13 19:54:56.110949: Epoch time: 22.68 s
2026-06-13 19:54:57.038843: 
2026-06-13 19:54:57.040842: Epoch 155
2026-06-13 19:54:57.042357: Current learning rate: 0.00859
2026-06-13 19:55:19.707983: train_loss -0.5696
2026-06-13 19:55:19.709965: val_loss -0.5502
2026-06-13 19:55:19.711412: Pseudo dice [0.5661]
2026-06-13 19:55:19.713518: Epoch time: 22.67 s
2026-06-13 19:55:19.715247: Yayy! New best EMA pseudo Dice: 0.5448
2026-06-13 19:55:21.126396: 
2026-06-13 19:55:21.128060: Epoch 156
2026-06-13 19:55:21.129817: Current learning rate: 0.00858
2026-06-13 19:55:43.904665: train_loss -0.5575
2026-06-13 19:55:43.906704: val_loss -0.4972
2026-06-13 19:55:43.908185: Pseudo dice [0.4764]
2026-06-13 19:55:43.909855: Epoch time: 22.78 s
2026-06-13 19:55:44.826053: 
2026-06-13 19:55:44.827654: Epoch 157
2026-06-13 19:55:44.829041: Current learning rate: 0.00858
2026-06-13 19:56:07.703737: train_loss -0.5023
2026-06-13 19:56:07.706561: val_loss -0.5518
2026-06-13 19:56:07.708007: Pseudo dice [0.5513]
2026-06-13 19:56:07.709488: Epoch time: 22.88 s
2026-06-13 19:56:08.635435: 
2026-06-13 19:56:08.637053: Epoch 158
2026-06-13 19:56:08.638642: Current learning rate: 0.00857
2026-06-13 19:56:31.333992: train_loss -0.4899
2026-06-13 19:56:31.336172: val_loss -0.5334
2026-06-13 19:56:31.337717: Pseudo dice [0.5771]
2026-06-13 19:56:31.339327: Epoch time: 22.7 s
2026-06-13 19:56:32.259723: 
2026-06-13 19:56:32.261379: Epoch 159
2026-06-13 19:56:32.262934: Current learning rate: 0.00856
2026-06-13 19:56:54.906987: train_loss -0.4963
2026-06-13 19:56:54.909230: val_loss -0.4657
2026-06-13 19:56:54.910868: Pseudo dice [0.5433]
2026-06-13 19:56:54.912425: Epoch time: 22.65 s
2026-06-13 19:56:55.824999: 
2026-06-13 19:56:55.826728: Epoch 160
2026-06-13 19:56:55.828290: Current learning rate: 0.00855
2026-06-13 19:57:18.500774: train_loss -0.5309
2026-06-13 19:57:18.503350: val_loss -0.4782
2026-06-13 19:57:18.504911: Pseudo dice [0.5009]
2026-06-13 19:57:18.506395: Epoch time: 22.68 s
2026-06-13 19:57:19.421154: 
2026-06-13 19:57:19.422776: Epoch 161
2026-06-13 19:57:19.425125: Current learning rate: 0.00854
2026-06-13 19:57:42.070262: train_loss -0.5155
2026-06-13 19:57:42.072542: val_loss -0.5081
2026-06-13 19:57:42.074031: Pseudo dice [0.5616]
2026-06-13 19:57:42.075461: Epoch time: 22.65 s
2026-06-13 19:57:43.000978: 
2026-06-13 19:57:43.002600: Epoch 162
2026-06-13 19:57:43.004120: Current learning rate: 0.00853
2026-06-13 19:58:05.780456: train_loss -0.5347
2026-06-13 19:58:05.782874: val_loss -0.5663
2026-06-13 19:58:05.784429: Pseudo dice [0.5529]
2026-06-13 19:58:05.785861: Epoch time: 22.78 s
2026-06-13 19:58:06.798616: 
2026-06-13 19:58:06.800291: Epoch 163
2026-06-13 19:58:06.801789: Current learning rate: 0.00852
2026-06-13 19:58:29.480711: train_loss -0.5904
2026-06-13 19:58:29.483041: val_loss -0.4537
2026-06-13 19:58:29.484571: Pseudo dice [0.4974]
2026-06-13 19:58:29.486186: Epoch time: 22.68 s
2026-06-13 19:58:30.418471: 
2026-06-13 19:58:30.420094: Epoch 164
2026-06-13 19:58:30.421695: Current learning rate: 0.00851
2026-06-13 19:58:53.217185: train_loss -0.5875
2026-06-13 19:58:53.219337: val_loss -0.512
2026-06-13 19:58:53.220816: Pseudo dice [0.5225]
2026-06-13 19:58:53.222204: Epoch time: 22.8 s
2026-06-13 19:58:54.142725: 
2026-06-13 19:58:54.144277: Epoch 165
2026-06-13 19:58:54.145794: Current learning rate: 0.0085
2026-06-13 19:59:16.791941: train_loss -0.4966
2026-06-13 19:59:16.795396: val_loss -0.5324
2026-06-13 19:59:16.801322: Pseudo dice [0.5472]
2026-06-13 19:59:16.802832: Epoch time: 22.65 s
2026-06-13 19:59:17.726024: 
2026-06-13 19:59:17.727747: Epoch 166
2026-06-13 19:59:17.729170: Current learning rate: 0.00849
2026-06-13 19:59:40.430988: train_loss -0.5313
2026-06-13 19:59:40.433390: val_loss -0.5431
2026-06-13 19:59:40.434951: Pseudo dice [0.5584]
2026-06-13 19:59:40.436425: Epoch time: 22.71 s
2026-06-13 19:59:41.869155: 
2026-06-13 19:59:41.870644: Epoch 167
2026-06-13 19:59:41.872032: Current learning rate: 0.00848
2026-06-13 20:00:04.597768: train_loss -0.4573
2026-06-13 20:00:04.599979: val_loss -0.534
2026-06-13 20:00:04.601475: Pseudo dice [0.5599]
2026-06-13 20:00:04.603153: Epoch time: 22.73 s
2026-06-13 20:00:05.512836: 
2026-06-13 20:00:05.514243: Epoch 168
2026-06-13 20:00:05.515665: Current learning rate: 0.00847
2026-06-13 20:00:28.132314: train_loss -0.5235
2026-06-13 20:00:28.134820: val_loss -0.5151
2026-06-13 20:00:28.136308: Pseudo dice [0.5286]
2026-06-13 20:00:28.137881: Epoch time: 22.62 s
2026-06-13 20:00:29.065736: 
2026-06-13 20:00:29.070981: Epoch 169
2026-06-13 20:00:29.072964: Current learning rate: 0.00847
2026-06-13 20:00:51.736316: train_loss -0.5224
2026-06-13 20:00:51.739473: val_loss -0.5462
2026-06-13 20:00:51.741173: Pseudo dice [0.5562]
2026-06-13 20:00:51.742783: Epoch time: 22.67 s
2026-06-13 20:00:52.675279: 
2026-06-13 20:00:52.676985: Epoch 170
2026-06-13 20:00:52.678480: Current learning rate: 0.00846
2026-06-13 20:01:15.510617: train_loss -0.546
2026-06-13 20:01:15.512912: val_loss -0.5157
2026-06-13 20:01:15.514475: Pseudo dice [0.5602]
2026-06-13 20:01:15.515931: Epoch time: 22.84 s
2026-06-13 20:01:16.429717: 
2026-06-13 20:01:16.431253: Epoch 171
2026-06-13 20:01:16.432648: Current learning rate: 0.00845
2026-06-13 20:01:39.242591: train_loss -0.5534
2026-06-13 20:01:39.245338: val_loss -0.4796
2026-06-13 20:01:39.246708: Pseudo dice [0.5083]
2026-06-13 20:01:39.248110: Epoch time: 22.81 s
2026-06-13 20:01:40.168593: 
2026-06-13 20:01:40.170236: Epoch 172
2026-06-13 20:01:40.171639: Current learning rate: 0.00844
2026-06-13 20:02:02.944612: train_loss -0.531
2026-06-13 20:02:02.947289: val_loss -0.5294
2026-06-13 20:02:02.948800: Pseudo dice [0.5211]
2026-06-13 20:02:02.950283: Epoch time: 22.78 s
2026-06-13 20:02:03.871566: 
2026-06-13 20:02:03.873204: Epoch 173
2026-06-13 20:02:03.874771: Current learning rate: 0.00843
2026-06-13 20:02:26.643392: train_loss -0.5041
2026-06-13 20:02:26.645895: val_loss -0.5235
2026-06-13 20:02:26.647402: Pseudo dice [0.5468]
2026-06-13 20:02:26.648815: Epoch time: 22.77 s
2026-06-13 20:02:27.568092: 
2026-06-13 20:02:27.570371: Epoch 174
2026-06-13 20:02:27.571914: Current learning rate: 0.00842
2026-06-13 20:02:50.421726: train_loss -0.5499
2026-06-13 20:02:50.424414: val_loss -0.5309
2026-06-13 20:02:50.425914: Pseudo dice [0.563]
2026-06-13 20:02:50.427584: Epoch time: 22.85 s
2026-06-13 20:02:51.355359: 
2026-06-13 20:02:51.357106: Epoch 175
2026-06-13 20:02:51.358748: Current learning rate: 0.00841
2026-06-13 20:03:14.133153: train_loss -0.5349
2026-06-13 20:03:14.136069: val_loss -0.4678
2026-06-13 20:03:14.137499: Pseudo dice [0.5067]
2026-06-13 20:03:14.140391: Epoch time: 22.78 s
2026-06-13 20:03:15.055836: 
2026-06-13 20:03:15.057667: Epoch 176
2026-06-13 20:03:15.059198: Current learning rate: 0.0084
2026-06-13 20:03:37.768183: train_loss -0.4983
2026-06-13 20:03:37.771145: val_loss -0.4264
2026-06-13 20:03:37.772640: Pseudo dice [0.4793]
2026-06-13 20:03:37.774194: Epoch time: 22.71 s
2026-06-13 20:03:38.703127: 
2026-06-13 20:03:38.704753: Epoch 177
2026-06-13 20:03:38.706287: Current learning rate: 0.00839
2026-06-13 20:04:01.424587: train_loss -0.5619
2026-06-13 20:04:01.427863: val_loss -0.4509
2026-06-13 20:04:01.429332: Pseudo dice [0.5156]
2026-06-13 20:04:01.430894: Epoch time: 22.72 s
2026-06-13 20:04:02.344342: 
2026-06-13 20:04:02.345954: Epoch 178
2026-06-13 20:04:02.347490: Current learning rate: 0.00838
2026-06-13 20:04:25.069737: train_loss -0.5327
2026-06-13 20:04:25.073558: val_loss -0.5142
2026-06-13 20:04:25.074987: Pseudo dice [0.5458]
2026-06-13 20:04:25.076494: Epoch time: 22.73 s
2026-06-13 20:04:25.991515: 
2026-06-13 20:04:25.993148: Epoch 179
2026-06-13 20:04:25.994702: Current learning rate: 0.00837
2026-06-13 20:04:48.713540: train_loss -0.5212
2026-06-13 20:04:48.716185: val_loss -0.5094
2026-06-13 20:04:48.717649: Pseudo dice [0.536]
2026-06-13 20:04:48.719104: Epoch time: 22.72 s
2026-06-13 20:04:49.632039: 
2026-06-13 20:04:49.633649: Epoch 180
2026-06-13 20:04:49.635159: Current learning rate: 0.00836
2026-06-13 20:05:12.272202: train_loss -0.541
2026-06-13 20:05:12.274956: val_loss -0.5002
2026-06-13 20:05:12.276493: Pseudo dice [0.539]
2026-06-13 20:05:12.277963: Epoch time: 22.64 s
2026-06-13 20:05:13.180470: 
2026-06-13 20:05:13.182023: Epoch 181
2026-06-13 20:05:13.183410: Current learning rate: 0.00836
2026-06-13 20:05:35.867282: train_loss -0.5258
2026-06-13 20:05:35.870658: val_loss -0.4666
2026-06-13 20:05:35.872434: Pseudo dice [0.4891]
2026-06-13 20:05:35.873951: Epoch time: 22.69 s
2026-06-13 20:05:36.782484: 
2026-06-13 20:05:36.783860: Epoch 182
2026-06-13 20:05:36.785519: Current learning rate: 0.00835
2026-06-13 20:05:59.519507: train_loss -0.5068
2026-06-13 20:05:59.521999: val_loss -0.5221
2026-06-13 20:05:59.523474: Pseudo dice [0.5604]
2026-06-13 20:05:59.524923: Epoch time: 22.74 s
2026-06-13 20:06:00.939199: 
2026-06-13 20:06:00.940792: Epoch 183
2026-06-13 20:06:00.942225: Current learning rate: 0.00834
2026-06-13 20:06:23.666646: train_loss -0.5461
2026-06-13 20:06:23.669584: val_loss -0.5197
2026-06-13 20:06:23.671043: Pseudo dice [0.5694]
2026-06-13 20:06:23.672464: Epoch time: 22.73 s
2026-06-13 20:06:24.587820: 
2026-06-13 20:06:24.589590: Epoch 184
2026-06-13 20:06:24.591044: Current learning rate: 0.00833
2026-06-13 20:06:47.216908: train_loss -0.5578
2026-06-13 20:06:47.219921: val_loss -0.4996
2026-06-13 20:06:47.221523: Pseudo dice [0.5407]
2026-06-13 20:06:47.223082: Epoch time: 22.63 s
2026-06-13 20:06:48.136867: 
2026-06-13 20:06:48.138489: Epoch 185
2026-06-13 20:06:48.139941: Current learning rate: 0.00832
2026-06-13 20:07:10.819805: train_loss -0.6019
2026-06-13 20:07:10.822287: val_loss -0.4751
2026-06-13 20:07:10.823733: Pseudo dice [0.5126]
2026-06-13 20:07:10.825227: Epoch time: 22.68 s
2026-06-13 20:07:11.735533: 
2026-06-13 20:07:11.737166: Epoch 186
2026-06-13 20:07:11.740187: Current learning rate: 0.00831
2026-06-13 20:07:34.494289: train_loss -0.4886
2026-06-13 20:07:34.497186: val_loss -0.4467
2026-06-13 20:07:34.498659: Pseudo dice [0.5143]
2026-06-13 20:07:34.500239: Epoch time: 22.76 s
2026-06-13 20:07:35.421834: 
2026-06-13 20:07:35.423490: Epoch 187
2026-06-13 20:07:35.424943: Current learning rate: 0.0083
2026-06-13 20:07:58.203242: train_loss -0.5736
2026-06-13 20:07:58.207936: val_loss -0.4996
2026-06-13 20:07:58.209497: Pseudo dice [0.5272]
2026-06-13 20:07:58.211057: Epoch time: 22.78 s
2026-06-13 20:07:59.138517: 
2026-06-13 20:07:59.140090: Epoch 188
2026-06-13 20:07:59.141667: Current learning rate: 0.00829
2026-06-13 20:08:21.910015: train_loss -0.5603
2026-06-13 20:08:21.912614: val_loss -0.4634
2026-06-13 20:08:21.914082: Pseudo dice [0.5115]
2026-06-13 20:08:21.915572: Epoch time: 22.77 s
2026-06-13 20:08:22.834772: 
2026-06-13 20:08:22.836304: Epoch 189
2026-06-13 20:08:22.837725: Current learning rate: 0.00828
2026-06-13 20:08:45.624838: train_loss -0.612
2026-06-13 20:08:45.627863: val_loss -0.5082
2026-06-13 20:08:45.629372: Pseudo dice [0.5413]
2026-06-13 20:08:45.630726: Epoch time: 22.79 s
2026-06-13 20:08:46.558309: 
2026-06-13 20:08:46.559956: Epoch 190
2026-06-13 20:08:46.561522: Current learning rate: 0.00827
2026-06-13 20:09:09.119526: train_loss -0.5061
2026-06-13 20:09:09.122844: val_loss -0.4706
2026-06-13 20:09:09.124299: Pseudo dice [0.514]
2026-06-13 20:09:09.125737: Epoch time: 22.56 s
2026-06-13 20:09:10.032700: 
2026-06-13 20:09:10.034294: Epoch 191
2026-06-13 20:09:10.035802: Current learning rate: 0.00826
2026-06-13 20:09:32.902513: train_loss -0.5629
2026-06-13 20:09:32.905149: val_loss -0.5448
2026-06-13 20:09:32.906587: Pseudo dice [0.5518]
2026-06-13 20:09:32.907969: Epoch time: 22.87 s
2026-06-13 20:09:33.831238: 
2026-06-13 20:09:33.833008: Epoch 192
2026-06-13 20:09:33.834615: Current learning rate: 0.00825
2026-06-13 20:09:56.468923: train_loss -0.6077
2026-06-13 20:09:56.472190: val_loss -0.527
2026-06-13 20:09:56.473690: Pseudo dice [0.5195]
2026-06-13 20:09:56.475167: Epoch time: 22.64 s
2026-06-13 20:09:57.385769: 
2026-06-13 20:09:57.387356: Epoch 193
2026-06-13 20:09:57.388754: Current learning rate: 0.00824
2026-06-13 20:10:20.213655: train_loss -0.5279
2026-06-13 20:10:20.217227: val_loss -0.5216
2026-06-13 20:10:20.218777: Pseudo dice [0.558]
2026-06-13 20:10:20.220289: Epoch time: 22.83 s
2026-06-13 20:10:21.147801: 
2026-06-13 20:10:21.149315: Epoch 194
2026-06-13 20:10:21.150786: Current learning rate: 0.00824
2026-06-13 20:10:43.748632: train_loss -0.5269
2026-06-13 20:10:43.751131: val_loss -0.4892
2026-06-13 20:10:43.752672: Pseudo dice [0.5225]
2026-06-13 20:10:43.754078: Epoch time: 22.6 s
2026-06-13 20:10:44.673829: 
2026-06-13 20:10:44.675680: Epoch 195
2026-06-13 20:10:44.677198: Current learning rate: 0.00823
2026-06-13 20:11:07.290745: train_loss -0.5605
2026-06-13 20:11:07.293577: val_loss -0.5053
2026-06-13 20:11:07.295083: Pseudo dice [0.5474]
2026-06-13 20:11:07.296601: Epoch time: 22.62 s
2026-06-13 20:11:08.200249: 
2026-06-13 20:11:08.201937: Epoch 196
2026-06-13 20:11:08.203343: Current learning rate: 0.00822
2026-06-13 20:11:30.842196: train_loss -0.5876
2026-06-13 20:11:30.845795: val_loss -0.5198
2026-06-13 20:11:30.847659: Pseudo dice [0.569]
2026-06-13 20:11:30.849254: Epoch time: 22.64 s
2026-06-13 20:11:31.770938: 
2026-06-13 20:11:31.772534: Epoch 197
2026-06-13 20:11:31.773959: Current learning rate: 0.00821
2026-06-13 20:11:54.496006: train_loss -0.5484
2026-06-13 20:11:54.498680: val_loss -0.4972
2026-06-13 20:11:54.500153: Pseudo dice [0.5354]
2026-06-13 20:11:54.501534: Epoch time: 22.73 s
2026-06-13 20:11:55.418376: 
2026-06-13 20:11:55.419920: Epoch 198
2026-06-13 20:11:55.421612: Current learning rate: 0.0082
2026-06-13 20:12:18.087470: train_loss -0.5612
2026-06-13 20:12:18.090107: val_loss -0.549
2026-06-13 20:12:18.091566: Pseudo dice [0.5806]
2026-06-13 20:12:18.093104: Epoch time: 22.67 s
2026-06-13 20:12:19.499994: 
2026-06-13 20:12:19.501564: Epoch 199
2026-06-13 20:12:19.503079: Current learning rate: 0.00819
2026-06-13 20:12:42.178023: train_loss -0.5087
2026-06-13 20:12:42.181174: val_loss -0.5011
2026-06-13 20:12:42.182793: Pseudo dice [0.5319]
2026-06-13 20:12:42.184284: Epoch time: 22.68 s
2026-06-13 20:12:43.588177: 
2026-06-13 20:12:43.589828: Epoch 200
2026-06-13 20:12:43.591360: Current learning rate: 0.00818
2026-06-13 20:13:06.344632: train_loss -0.5539
2026-06-13 20:13:06.347279: val_loss -0.5658
2026-06-13 20:13:06.348836: Pseudo dice [0.5921]
2026-06-13 20:13:06.350521: Epoch time: 22.76 s
2026-06-13 20:13:06.352069: Yayy! New best EMA pseudo Dice: 0.5454
2026-06-13 20:13:07.761764: 
2026-06-13 20:13:07.763855: Epoch 201
2026-06-13 20:13:07.766543: Current learning rate: 0.00817
2026-06-13 20:13:30.560376: train_loss -0.5578
2026-06-13 20:13:30.563241: val_loss -0.5459
2026-06-13 20:13:30.564724: Pseudo dice [0.5639]
2026-06-13 20:13:30.566205: Epoch time: 22.8 s
2026-06-13 20:13:30.567709: Yayy! New best EMA pseudo Dice: 0.5473
2026-06-13 20:13:31.975811: 
2026-06-13 20:13:31.977845: Epoch 202
2026-06-13 20:13:31.979396: Current learning rate: 0.00816
2026-06-13 20:13:54.636463: train_loss -0.5849
2026-06-13 20:13:54.639561: val_loss -0.5209
2026-06-13 20:13:54.641021: Pseudo dice [0.5344]
2026-06-13 20:13:54.642529: Epoch time: 22.66 s
2026-06-13 20:13:55.547586: 
2026-06-13 20:13:55.549758: Epoch 203
2026-06-13 20:13:55.551224: Current learning rate: 0.00815
2026-06-13 20:14:18.351644: train_loss -0.5751
2026-06-13 20:14:18.354191: val_loss -0.5646
2026-06-13 20:14:18.355715: Pseudo dice [0.5617]
2026-06-13 20:14:18.357369: Epoch time: 22.81 s
2026-06-13 20:14:18.359018: Yayy! New best EMA pseudo Dice: 0.5475
2026-06-13 20:14:19.788964: 
2026-06-13 20:14:19.790487: Epoch 204
2026-06-13 20:14:19.791968: Current learning rate: 0.00814
2026-06-13 20:14:42.627395: train_loss -0.5397
2026-06-13 20:14:42.645045: val_loss -0.5332
2026-06-13 20:14:42.650002: Pseudo dice [0.5784]
2026-06-13 20:14:42.652187: Epoch time: 22.84 s
2026-06-13 20:14:42.654166: Yayy! New best EMA pseudo Dice: 0.5506
2026-06-13 20:14:44.069855: 
2026-06-13 20:14:44.071623: Epoch 205
2026-06-13 20:14:44.072994: Current learning rate: 0.00813
2026-06-13 20:15:06.826233: train_loss -0.5914
2026-06-13 20:15:06.828415: val_loss -0.5504
2026-06-13 20:15:06.830656: Pseudo dice [0.5601]
2026-06-13 20:15:06.832165: Epoch time: 22.76 s
2026-06-13 20:15:06.833612: Yayy! New best EMA pseudo Dice: 0.5516
2026-06-13 20:15:08.239632: 
2026-06-13 20:15:08.241323: Epoch 206
2026-06-13 20:15:08.242881: Current learning rate: 0.00813
2026-06-13 20:15:31.027401: train_loss -0.5604
2026-06-13 20:15:31.029304: val_loss -0.4619
2026-06-13 20:15:31.031375: Pseudo dice [0.5238]
2026-06-13 20:15:31.032881: Epoch time: 22.79 s
2026-06-13 20:15:31.925689: 
2026-06-13 20:15:31.927642: Epoch 207
2026-06-13 20:15:31.929053: Current learning rate: 0.00812
2026-06-13 20:15:54.783406: train_loss -0.5703
2026-06-13 20:15:54.785385: val_loss -0.5215
2026-06-13 20:15:54.786853: Pseudo dice [0.5511]
2026-06-13 20:15:54.789028: Epoch time: 22.86 s
2026-06-13 20:15:55.675996: 
2026-06-13 20:15:55.677631: Epoch 208
2026-06-13 20:15:55.679438: Current learning rate: 0.00811
2026-06-13 20:16:18.330581: train_loss -0.5563
2026-06-13 20:16:18.332778: val_loss -0.5094
2026-06-13 20:16:18.334300: Pseudo dice [0.5344]
2026-06-13 20:16:18.335844: Epoch time: 22.66 s
2026-06-13 20:16:19.226169: 
2026-06-13 20:16:19.227715: Epoch 209
2026-06-13 20:16:19.229255: Current learning rate: 0.0081
2026-06-13 20:16:41.916602: train_loss -0.5933
2026-06-13 20:16:41.918786: val_loss -0.5333
2026-06-13 20:16:41.920212: Pseudo dice [0.556]
2026-06-13 20:16:41.921680: Epoch time: 22.69 s
2026-06-13 20:16:42.806040: 
2026-06-13 20:16:42.807643: Epoch 210
2026-06-13 20:16:42.809140: Current learning rate: 0.00809
2026-06-13 20:17:05.566341: train_loss -0.5818
2026-06-13 20:17:05.568278: val_loss -0.5041
2026-06-13 20:17:05.569789: Pseudo dice [0.5488]
2026-06-13 20:17:05.571313: Epoch time: 22.76 s
2026-06-13 20:17:06.453572: 
2026-06-13 20:17:06.455191: Epoch 211
2026-06-13 20:17:06.456577: Current learning rate: 0.00808
2026-06-13 20:17:29.152893: train_loss -0.5808
2026-06-13 20:17:29.155061: val_loss -0.5462
2026-06-13 20:17:29.156529: Pseudo dice [0.5892]
2026-06-13 20:17:29.158087: Epoch time: 22.7 s
2026-06-13 20:17:29.159523: Yayy! New best EMA pseudo Dice: 0.5525
2026-06-13 20:17:30.540306: 
2026-06-13 20:17:30.541918: Epoch 212
2026-06-13 20:17:30.543353: Current learning rate: 0.00807
2026-06-13 20:17:53.281794: train_loss -0.6074
2026-06-13 20:17:53.283908: val_loss -0.5166
2026-06-13 20:17:53.285635: Pseudo dice [0.5622]
2026-06-13 20:17:53.287338: Epoch time: 22.74 s
2026-06-13 20:17:53.289140: Yayy! New best EMA pseudo Dice: 0.5535
2026-06-13 20:17:54.669333: 
2026-06-13 20:17:54.670815: Epoch 213
2026-06-13 20:17:54.672253: Current learning rate: 0.00806
2026-06-13 20:18:17.451300: train_loss -0.6049
2026-06-13 20:18:17.453552: val_loss -0.5182
2026-06-13 20:18:17.454984: Pseudo dice [0.5299]
2026-06-13 20:18:17.456584: Epoch time: 22.78 s
2026-06-13 20:18:18.346230: 
2026-06-13 20:18:18.347796: Epoch 214
2026-06-13 20:18:18.349280: Current learning rate: 0.00805
2026-06-13 20:18:41.120730: train_loss -0.578
2026-06-13 20:18:41.122922: val_loss -0.5383
2026-06-13 20:18:41.124392: Pseudo dice [0.5712]
2026-06-13 20:18:41.125949: Epoch time: 22.78 s
2026-06-13 20:18:42.033214: 
2026-06-13 20:18:42.034668: Epoch 215
2026-06-13 20:18:42.036232: Current learning rate: 0.00804
2026-06-13 20:19:04.841369: train_loss -0.573
2026-06-13 20:19:04.843338: val_loss -0.4956
2026-06-13 20:19:04.844848: Pseudo dice [0.5284]
2026-06-13 20:19:04.846336: Epoch time: 22.81 s
2026-06-13 20:19:06.260001: 
2026-06-13 20:19:06.261510: Epoch 216
2026-06-13 20:19:06.263073: Current learning rate: 0.00803
2026-06-13 20:19:29.101361: train_loss -0.5331
2026-06-13 20:19:29.103659: val_loss -0.4776
2026-06-13 20:19:29.105284: Pseudo dice [0.5125]
2026-06-13 20:19:29.106851: Epoch time: 22.84 s
2026-06-13 20:19:29.995976: 
2026-06-13 20:19:29.997655: Epoch 217
2026-06-13 20:19:29.999418: Current learning rate: 0.00802
2026-06-13 20:19:52.903943: train_loss -0.5787
2026-06-13 20:19:52.907598: val_loss -0.486
2026-06-13 20:19:52.909197: Pseudo dice [0.5214]
2026-06-13 20:19:52.910717: Epoch time: 22.91 s
2026-06-13 20:19:53.809871: 
2026-06-13 20:19:53.811759: Epoch 218
2026-06-13 20:19:53.813345: Current learning rate: 0.00801
2026-06-13 20:20:16.531931: train_loss -0.5511
2026-06-13 20:20:16.534126: val_loss -0.5858
2026-06-13 20:20:16.535696: Pseudo dice [0.5735]
2026-06-13 20:20:16.537198: Epoch time: 22.72 s
2026-06-13 20:20:17.422918: 
2026-06-13 20:20:17.424488: Epoch 219
2026-06-13 20:20:17.426026: Current learning rate: 0.00801
2026-06-13 20:20:40.045742: train_loss -0.5603
2026-06-13 20:20:40.047676: val_loss -0.4942
2026-06-13 20:20:40.049164: Pseudo dice [0.5661]
2026-06-13 20:20:40.050807: Epoch time: 22.62 s
2026-06-13 20:20:40.943599: 
2026-06-13 20:20:40.945409: Epoch 220
2026-06-13 20:20:40.946938: Current learning rate: 0.008
2026-06-13 20:21:03.570135: train_loss -0.5622
2026-06-13 20:21:03.572433: val_loss -0.5113
2026-06-13 20:21:03.573871: Pseudo dice [0.5368]
2026-06-13 20:21:03.575364: Epoch time: 22.63 s
2026-06-13 20:21:04.469637: 
2026-06-13 20:21:04.471203: Epoch 221
2026-06-13 20:21:04.472793: Current learning rate: 0.00799
2026-06-13 20:21:27.098731: train_loss -0.5672
2026-06-13 20:21:27.101352: val_loss -0.5423
2026-06-13 20:21:27.102900: Pseudo dice [0.5626]
2026-06-13 20:21:27.104336: Epoch time: 22.63 s
2026-06-13 20:21:27.990491: 
2026-06-13 20:21:27.992005: Epoch 222
2026-06-13 20:21:27.993798: Current learning rate: 0.00798
2026-06-13 20:21:50.686095: train_loss -0.5616
2026-06-13 20:21:50.688671: val_loss -0.4779
2026-06-13 20:21:50.690311: Pseudo dice [0.5063]
2026-06-13 20:21:50.691877: Epoch time: 22.7 s
2026-06-13 20:21:51.583754: 
2026-06-13 20:21:51.585283: Epoch 223
2026-06-13 20:21:51.586685: Current learning rate: 0.00797
2026-06-13 20:22:14.340154: train_loss -0.5506
2026-06-13 20:22:14.343048: val_loss -0.4927
2026-06-13 20:22:14.344646: Pseudo dice [0.5237]
2026-06-13 20:22:14.346143: Epoch time: 22.76 s
2026-06-13 20:22:15.239004: 
2026-06-13 20:22:15.240653: Epoch 224
2026-06-13 20:22:15.242243: Current learning rate: 0.00796
2026-06-13 20:22:37.916490: train_loss -0.5855
2026-06-13 20:22:37.919168: val_loss -0.5064
2026-06-13 20:22:37.920635: Pseudo dice [0.5389]
2026-06-13 20:22:37.922349: Epoch time: 22.68 s
2026-06-13 20:22:38.811117: 
2026-06-13 20:22:38.812593: Epoch 225
2026-06-13 20:22:38.813959: Current learning rate: 0.00795
2026-06-13 20:23:01.597691: train_loss -0.5672
2026-06-13 20:23:01.600780: val_loss -0.4409
2026-06-13 20:23:01.602277: Pseudo dice [0.5186]
2026-06-13 20:23:01.603794: Epoch time: 22.79 s
2026-06-13 20:23:02.491845: 
2026-06-13 20:23:02.493462: Epoch 226
2026-06-13 20:23:02.494882: Current learning rate: 0.00794
2026-06-13 20:23:25.008550: train_loss -0.6141
2026-06-13 20:23:25.011543: val_loss -0.5268
2026-06-13 20:23:25.012998: Pseudo dice [0.5611]
2026-06-13 20:23:25.014561: Epoch time: 22.52 s
2026-06-13 20:23:25.899909: 
2026-06-13 20:23:25.901407: Epoch 227
2026-06-13 20:23:25.902866: Current learning rate: 0.00793
2026-06-13 20:23:48.684730: train_loss -0.6337
2026-06-13 20:23:48.690735: val_loss -0.4699
2026-06-13 20:23:48.692321: Pseudo dice [0.5338]
2026-06-13 20:23:48.693838: Epoch time: 22.79 s
2026-06-13 20:23:49.571213: 
2026-06-13 20:23:49.572833: Epoch 228
2026-06-13 20:23:49.578332: Current learning rate: 0.00792
2026-06-13 20:24:12.312663: train_loss -0.5345
2026-06-13 20:24:12.315474: val_loss -0.5125
2026-06-13 20:24:12.316909: Pseudo dice [0.5437]
2026-06-13 20:24:12.321623: Epoch time: 22.74 s
2026-06-13 20:24:13.211862: 
2026-06-13 20:24:13.216976: Epoch 229
2026-06-13 20:24:13.218840: Current learning rate: 0.00791
2026-06-13 20:24:35.846373: train_loss -0.5561
2026-06-13 20:24:35.850012: val_loss -0.5653
2026-06-13 20:24:35.851658: Pseudo dice [0.552]
2026-06-13 20:24:35.853456: Epoch time: 22.64 s
2026-06-13 20:24:36.733774: 
2026-06-13 20:24:36.735378: Epoch 230
2026-06-13 20:24:36.737151: Current learning rate: 0.0079
2026-06-13 20:24:59.379751: train_loss -0.578
2026-06-13 20:24:59.382633: val_loss -0.5025
2026-06-13 20:24:59.384199: Pseudo dice [0.5481]
2026-06-13 20:24:59.385751: Epoch time: 22.65 s
2026-06-13 20:25:00.274991: 
2026-06-13 20:25:00.278823: Epoch 231
2026-06-13 20:25:00.280465: Current learning rate: 0.00789
2026-06-13 20:25:23.015422: train_loss -0.5676
2026-06-13 20:25:23.018416: val_loss -0.478
2026-06-13 20:25:23.019878: Pseudo dice [0.5064]
2026-06-13 20:25:23.021352: Epoch time: 22.74 s
2026-06-13 20:25:23.913239: 
2026-06-13 20:25:23.918109: Epoch 232
2026-06-13 20:25:23.919653: Current learning rate: 0.00789
2026-06-13 20:25:46.635889: train_loss -0.5587
2026-06-13 20:25:46.638817: val_loss -0.5636
2026-06-13 20:25:46.640522: Pseudo dice [0.5834]
2026-06-13 20:25:46.641975: Epoch time: 22.72 s
2026-06-13 20:25:47.520912: 
2026-06-13 20:25:47.522467: Epoch 233
2026-06-13 20:25:47.524032: Current learning rate: 0.00788
2026-06-13 20:26:10.225807: train_loss -0.5684
2026-06-13 20:26:10.228488: val_loss -0.5287
2026-06-13 20:26:10.230008: Pseudo dice [0.5589]
2026-06-13 20:26:10.231395: Epoch time: 22.71 s
2026-06-13 20:26:11.612386: 
2026-06-13 20:26:11.613972: Epoch 234
2026-06-13 20:26:11.615340: Current learning rate: 0.00787
2026-06-13 20:26:34.344604: train_loss -0.5547
2026-06-13 20:26:34.347857: val_loss -0.5478
2026-06-13 20:26:34.349492: Pseudo dice [0.5632]
2026-06-13 20:26:34.350901: Epoch time: 22.73 s
2026-06-13 20:26:35.230199: 
2026-06-13 20:26:35.231834: Epoch 235
2026-06-13 20:26:35.233455: Current learning rate: 0.00786
2026-06-13 20:26:57.928011: train_loss -0.5624
2026-06-13 20:26:57.930726: val_loss -0.5341
2026-06-13 20:26:57.932193: Pseudo dice [0.5219]
2026-06-13 20:26:57.933627: Epoch time: 22.7 s
2026-06-13 20:26:58.817542: 
2026-06-13 20:26:58.819228: Epoch 236
2026-06-13 20:26:58.820606: Current learning rate: 0.00785
2026-06-13 20:27:21.520217: train_loss -0.5117
2026-06-13 20:27:21.523213: val_loss -0.4839
2026-06-13 20:27:21.524690: Pseudo dice [0.518]
2026-06-13 20:27:21.526201: Epoch time: 22.7 s
2026-06-13 20:27:22.401867: 
2026-06-13 20:27:22.403491: Epoch 237
2026-06-13 20:27:22.404849: Current learning rate: 0.00784
2026-06-13 20:27:44.977161: train_loss -0.5415
2026-06-13 20:27:44.980336: val_loss -0.5452
2026-06-13 20:27:44.981983: Pseudo dice [0.5473]
2026-06-13 20:27:44.983388: Epoch time: 22.58 s
2026-06-13 20:27:45.877130: 
2026-06-13 20:27:45.878658: Epoch 238
2026-06-13 20:27:45.880080: Current learning rate: 0.00783
2026-06-13 20:28:08.675948: train_loss -0.5155
2026-06-13 20:28:08.679194: val_loss -0.5125
2026-06-13 20:28:08.681199: Pseudo dice [0.5453]
2026-06-13 20:28:08.682762: Epoch time: 22.8 s
2026-06-13 20:28:09.567688: 
2026-06-13 20:28:09.569205: Epoch 239
2026-06-13 20:28:09.570594: Current learning rate: 0.00782
2026-06-13 20:28:32.296489: train_loss -0.5563
2026-06-13 20:28:32.299219: val_loss -0.5289
2026-06-13 20:28:32.300613: Pseudo dice [0.5531]
2026-06-13 20:28:32.302146: Epoch time: 22.73 s
2026-06-13 20:28:33.192442: 
2026-06-13 20:28:33.193993: Epoch 240
2026-06-13 20:28:33.195573: Current learning rate: 0.00781
2026-06-13 20:28:55.724414: train_loss -0.5616
2026-06-13 20:28:55.727346: val_loss -0.4894
2026-06-13 20:28:55.728877: Pseudo dice [0.5372]
2026-06-13 20:28:55.730490: Epoch time: 22.53 s
2026-06-13 20:28:56.627458: 
2026-06-13 20:28:56.629076: Epoch 241
2026-06-13 20:28:56.630435: Current learning rate: 0.0078
2026-06-13 20:29:19.365473: train_loss -0.5875
2026-06-13 20:29:19.368301: val_loss -0.522
2026-06-13 20:29:19.369753: Pseudo dice [0.5514]
2026-06-13 20:29:19.371279: Epoch time: 22.74 s
2026-06-13 20:29:20.258342: 
2026-06-13 20:29:20.260367: Epoch 242
2026-06-13 20:29:20.261925: Current learning rate: 0.00779
2026-06-13 20:29:43.005420: train_loss -0.5568
2026-06-13 20:29:43.008960: val_loss -0.5459
2026-06-13 20:29:43.010458: Pseudo dice [0.5571]
2026-06-13 20:29:43.012001: Epoch time: 22.75 s
2026-06-13 20:29:43.903660: 
2026-06-13 20:29:43.905635: Epoch 243
2026-06-13 20:29:43.907563: Current learning rate: 0.00778
2026-06-13 20:30:06.671274: train_loss -0.582
2026-06-13 20:30:06.674185: val_loss -0.5436
2026-06-13 20:30:06.675675: Pseudo dice [0.5626]
2026-06-13 20:30:06.677170: Epoch time: 22.77 s
2026-06-13 20:30:07.561024: 
2026-06-13 20:30:07.562687: Epoch 244
2026-06-13 20:30:07.564230: Current learning rate: 0.00777
2026-06-13 20:30:30.273183: train_loss -0.5393
2026-06-13 20:30:30.276573: val_loss -0.5214
2026-06-13 20:30:30.278375: Pseudo dice [0.5639]
2026-06-13 20:30:30.279956: Epoch time: 22.71 s
2026-06-13 20:30:31.172673: 
2026-06-13 20:30:31.174690: Epoch 245
2026-06-13 20:30:31.178678: Current learning rate: 0.00777
2026-06-13 20:30:53.920675: train_loss -0.5725
2026-06-13 20:30:53.930921: val_loss -0.4564
2026-06-13 20:30:53.937048: Pseudo dice [0.5193]
2026-06-13 20:30:53.940796: Epoch time: 22.75 s
2026-06-13 20:30:54.825185: 
2026-06-13 20:30:54.827097: Epoch 246
2026-06-13 20:30:54.828710: Current learning rate: 0.00776
2026-06-13 20:31:17.521659: train_loss -0.5591
2026-06-13 20:31:17.526498: val_loss -0.4805
2026-06-13 20:31:17.529627: Pseudo dice [0.5498]
2026-06-13 20:31:17.532944: Epoch time: 22.7 s
2026-06-13 20:31:18.425332: 
2026-06-13 20:31:18.427107: Epoch 247
2026-06-13 20:31:18.428791: Current learning rate: 0.00775
2026-06-13 20:31:41.103785: train_loss -0.6094
2026-06-13 20:31:41.106642: val_loss -0.5118
2026-06-13 20:31:41.108262: Pseudo dice [0.5305]
2026-06-13 20:31:41.109745: Epoch time: 22.68 s
2026-06-13 20:31:42.014052: 
2026-06-13 20:31:42.016093: Epoch 248
2026-06-13 20:31:42.018349: Current learning rate: 0.00774
2026-06-13 20:32:04.754376: train_loss -0.592
2026-06-13 20:32:04.757370: val_loss -0.5533
2026-06-13 20:32:04.759964: Pseudo dice [0.5536]
2026-06-13 20:32:04.761560: Epoch time: 22.74 s
2026-06-13 20:32:05.656222: 
2026-06-13 20:32:05.658623: Epoch 249
2026-06-13 20:32:05.661460: Current learning rate: 0.00773
2026-06-13 20:32:28.455337: train_loss -0.5618
2026-06-13 20:32:28.458850: val_loss -0.5104
2026-06-13 20:32:28.460386: Pseudo dice [0.545]
2026-06-13 20:32:28.465742: Epoch time: 22.8 s
2026-06-13 20:32:29.838726: 
2026-06-13 20:32:29.840439: Epoch 250
2026-06-13 20:32:29.845133: Current learning rate: 0.00772
2026-06-13 20:32:52.502759: train_loss -0.5998
2026-06-13 20:32:52.505338: val_loss -0.4976
2026-06-13 20:32:52.506800: Pseudo dice [0.5429]
2026-06-13 20:32:52.508180: Epoch time: 22.66 s
2026-06-13 20:32:53.404772: 
2026-06-13 20:32:53.406346: Epoch 251
2026-06-13 20:32:53.407761: Current learning rate: 0.00771
2026-06-13 20:33:16.077060: train_loss -0.6068
2026-06-13 20:33:16.080037: val_loss -0.5365
2026-06-13 20:33:16.081543: Pseudo dice [0.5853]
2026-06-13 20:33:16.083117: Epoch time: 22.67 s
2026-06-13 20:33:17.471453: 
2026-06-13 20:33:17.473420: Epoch 252
2026-06-13 20:33:17.475169: Current learning rate: 0.0077
2026-06-13 20:33:40.199262: train_loss -0.517
2026-06-13 20:33:40.201365: val_loss -0.5786
2026-06-13 20:33:40.202824: Pseudo dice [0.5637]
2026-06-13 20:33:40.204411: Epoch time: 22.73 s
2026-06-13 20:33:41.082521: 
2026-06-13 20:33:41.084199: Epoch 253
2026-06-13 20:33:41.085613: Current learning rate: 0.00769
2026-06-13 20:34:03.712589: train_loss -0.5438
2026-06-13 20:34:03.714662: val_loss -0.5123
2026-06-13 20:34:03.716143: Pseudo dice [0.5472]
2026-06-13 20:34:03.718150: Epoch time: 22.63 s
2026-06-13 20:34:04.595697: 
2026-06-13 20:34:04.597287: Epoch 254
2026-06-13 20:34:04.599610: Current learning rate: 0.00768
2026-06-13 20:34:27.202289: train_loss -0.5968
2026-06-13 20:34:27.204453: val_loss -0.5464
2026-06-13 20:34:27.206015: Pseudo dice [0.562]
2026-06-13 20:34:27.207326: Epoch time: 22.61 s
2026-06-13 20:34:28.082859: 
2026-06-13 20:34:28.084505: Epoch 255
2026-06-13 20:34:28.085951: Current learning rate: 0.00767
2026-06-13 20:34:50.843604: train_loss -0.5902
2026-06-13 20:34:50.845542: val_loss -0.5092
2026-06-13 20:34:50.847006: Pseudo dice [0.5416]
2026-06-13 20:34:50.848493: Epoch time: 22.76 s
2026-06-13 20:34:51.739863: 
2026-06-13 20:34:51.741571: Epoch 256
2026-06-13 20:34:51.742973: Current learning rate: 0.00766
2026-06-13 20:35:14.504532: train_loss -0.5626
2026-06-13 20:35:14.506653: val_loss -0.4681
2026-06-13 20:35:14.508149: Pseudo dice [0.52]
2026-06-13 20:35:14.509681: Epoch time: 22.77 s
2026-06-13 20:35:15.397793: 
2026-06-13 20:35:15.399355: Epoch 257
2026-06-13 20:35:15.400857: Current learning rate: 0.00765
2026-06-13 20:35:38.079897: train_loss -0.5848
2026-06-13 20:35:38.082359: val_loss -0.4579
2026-06-13 20:35:38.083797: Pseudo dice [0.5053]
2026-06-13 20:35:38.085358: Epoch time: 22.68 s
2026-06-13 20:35:38.973727: 
2026-06-13 20:35:38.975339: Epoch 258
2026-06-13 20:35:38.976738: Current learning rate: 0.00764
2026-06-13 20:36:01.749817: train_loss -0.5821
2026-06-13 20:36:01.751698: val_loss -0.5839
2026-06-13 20:36:01.754686: Pseudo dice [0.6049]
2026-06-13 20:36:01.757351: Epoch time: 22.78 s
2026-06-13 20:36:02.657315: 
2026-06-13 20:36:02.658911: Epoch 259
2026-06-13 20:36:02.660306: Current learning rate: 0.00764
2026-06-13 20:36:25.340824: train_loss -0.5409
2026-06-13 20:36:25.343311: val_loss -0.5293
2026-06-13 20:36:25.344972: Pseudo dice [0.554]
2026-06-13 20:36:25.346525: Epoch time: 22.68 s
2026-06-13 20:36:26.238970: 
2026-06-13 20:36:26.240727: Epoch 260
2026-06-13 20:36:26.242371: Current learning rate: 0.00763
2026-06-13 20:36:48.996654: train_loss -0.5715
2026-06-13 20:36:48.999007: val_loss -0.5093
2026-06-13 20:36:49.000452: Pseudo dice [0.5344]
2026-06-13 20:36:49.001798: Epoch time: 22.76 s
2026-06-13 20:36:49.881676: 
2026-06-13 20:36:49.883188: Epoch 261
2026-06-13 20:36:49.884619: Current learning rate: 0.00762
2026-06-13 20:37:12.706089: train_loss -0.6081
2026-06-13 20:37:12.708092: val_loss -0.4478
2026-06-13 20:37:12.709547: Pseudo dice [0.5336]
2026-06-13 20:37:12.710949: Epoch time: 22.83 s
2026-06-13 20:37:13.597047: 
2026-06-13 20:37:13.598545: Epoch 262
2026-06-13 20:37:13.600137: Current learning rate: 0.00761
2026-06-13 20:37:36.260795: train_loss -0.577
2026-06-13 20:37:36.265781: val_loss -0.5029
2026-06-13 20:37:36.267282: Pseudo dice [0.5483]
2026-06-13 20:37:36.268800: Epoch time: 22.66 s
2026-06-13 20:37:37.170785: 
2026-06-13 20:37:37.172487: Epoch 263
2026-06-13 20:37:37.174240: Current learning rate: 0.0076
2026-06-13 20:37:59.905138: train_loss -0.5946
2026-06-13 20:37:59.907413: val_loss -0.5557
2026-06-13 20:37:59.908962: Pseudo dice [0.5784]
2026-06-13 20:37:59.910478: Epoch time: 22.74 s
2026-06-13 20:38:00.797513: 
2026-06-13 20:38:00.799083: Epoch 264
2026-06-13 20:38:00.800616: Current learning rate: 0.00759
2026-06-13 20:38:23.469371: train_loss -0.5939
2026-06-13 20:38:23.471318: val_loss -0.5079
2026-06-13 20:38:23.472827: Pseudo dice [0.536]
2026-06-13 20:38:23.474223: Epoch time: 22.67 s
2026-06-13 20:38:24.362417: 
2026-06-13 20:38:24.363899: Epoch 265
2026-06-13 20:38:24.365327: Current learning rate: 0.00758
2026-06-13 20:38:47.115947: train_loss -0.6128
2026-06-13 20:38:47.118037: val_loss -0.5571
2026-06-13 20:38:47.119612: Pseudo dice [0.607]
2026-06-13 20:38:47.123304: Epoch time: 22.75 s
2026-06-13 20:38:47.124772: Yayy! New best EMA pseudo Dice: 0.5545
2026-06-13 20:38:48.504893: 
2026-06-13 20:38:48.506797: Epoch 266
2026-06-13 20:38:48.508471: Current learning rate: 0.00757
2026-06-13 20:39:11.348552: train_loss -0.605
2026-06-13 20:39:11.353278: val_loss -0.5826
2026-06-13 20:39:11.354952: Pseudo dice [0.5929]
2026-06-13 20:39:11.356523: Epoch time: 22.84 s
2026-06-13 20:39:11.358154: Yayy! New best EMA pseudo Dice: 0.5584
2026-06-13 20:39:12.747702: 
2026-06-13 20:39:12.749938: Epoch 267
2026-06-13 20:39:12.751558: Current learning rate: 0.00756
2026-06-13 20:39:35.639531: train_loss -0.5259
2026-06-13 20:39:35.644019: val_loss -0.5678
2026-06-13 20:39:35.645906: Pseudo dice [0.586]
2026-06-13 20:39:35.647953: Epoch time: 22.89 s
2026-06-13 20:39:35.649560: Yayy! New best EMA pseudo Dice: 0.5611
2026-06-13 20:39:37.028747: 
2026-06-13 20:39:37.030634: Epoch 268
2026-06-13 20:39:37.032226: Current learning rate: 0.00755
2026-06-13 20:39:59.755852: train_loss -0.6081
2026-06-13 20:39:59.758172: val_loss -0.4759
2026-06-13 20:39:59.759592: Pseudo dice [0.5429]
2026-06-13 20:39:59.761042: Epoch time: 22.73 s
2026-06-13 20:40:01.150842: 
2026-06-13 20:40:01.152437: Epoch 269
2026-06-13 20:40:01.154277: Current learning rate: 0.00754
2026-06-13 20:40:23.850976: train_loss -0.5666
2026-06-13 20:40:23.857306: val_loss -0.5225
2026-06-13 20:40:23.859408: Pseudo dice [0.5299]
2026-06-13 20:40:23.860843: Epoch time: 22.7 s
2026-06-13 20:40:24.758140: 
2026-06-13 20:40:24.759692: Epoch 270
2026-06-13 20:40:24.761524: Current learning rate: 0.00753
2026-06-13 20:40:47.443808: train_loss -0.544
2026-06-13 20:40:47.446360: val_loss -0.4914
2026-06-13 20:40:47.447836: Pseudo dice [0.5454]
2026-06-13 20:40:47.449167: Epoch time: 22.69 s
2026-06-13 20:40:48.347212: 
2026-06-13 20:40:48.352133: Epoch 271
2026-06-13 20:40:48.354091: Current learning rate: 0.00752
2026-06-13 20:41:11.080904: train_loss -0.5643
2026-06-13 20:41:11.096481: val_loss -0.5744
2026-06-13 20:41:11.098070: Pseudo dice [0.6049]
2026-06-13 20:41:11.099592: Epoch time: 22.73 s
2026-06-13 20:41:11.982100: 
2026-06-13 20:41:11.983682: Epoch 272
2026-06-13 20:41:11.985370: Current learning rate: 0.00751
2026-06-13 20:41:34.802051: train_loss -0.5999
2026-06-13 20:41:34.805211: val_loss -0.4905
2026-06-13 20:41:34.806792: Pseudo dice [0.5371]
2026-06-13 20:41:34.808247: Epoch time: 22.82 s
2026-06-13 20:41:35.698631: 
2026-06-13 20:41:35.700246: Epoch 273
2026-06-13 20:41:35.702093: Current learning rate: 0.00751
2026-06-13 20:41:58.499252: train_loss -0.6251
2026-06-13 20:41:58.502284: val_loss -0.5582
2026-06-13 20:41:58.503886: Pseudo dice [0.5423]
2026-06-13 20:41:58.505453: Epoch time: 22.8 s
2026-06-13 20:41:59.401691: 
2026-06-13 20:41:59.403832: Epoch 274
2026-06-13 20:41:59.405733: Current learning rate: 0.0075
2026-06-13 20:42:22.147522: train_loss -0.5849
2026-06-13 20:42:22.152981: val_loss -0.514
2026-06-13 20:42:22.154575: Pseudo dice [0.527]
2026-06-13 20:42:22.156117: Epoch time: 22.75 s
2026-06-13 20:42:23.052182: 
2026-06-13 20:42:23.053790: Epoch 275
2026-06-13 20:42:23.055589: Current learning rate: 0.00749
2026-06-13 20:42:45.678630: train_loss -0.5623
2026-06-13 20:42:45.681533: val_loss -0.5325
2026-06-13 20:42:45.683093: Pseudo dice [0.5546]
2026-06-13 20:42:45.684780: Epoch time: 22.63 s
2026-06-13 20:42:46.580404: 
2026-06-13 20:42:46.582051: Epoch 276
2026-06-13 20:42:46.584050: Current learning rate: 0.00748
2026-06-13 20:43:09.386654: train_loss -0.5465
2026-06-13 20:43:09.389325: val_loss -0.5376
2026-06-13 20:43:09.390963: Pseudo dice [0.5947]
2026-06-13 20:43:09.392632: Epoch time: 22.81 s
2026-06-13 20:43:10.282801: 
2026-06-13 20:43:10.284430: Epoch 277
2026-06-13 20:43:10.286171: Current learning rate: 0.00747
2026-06-13 20:43:33.268086: train_loss -0.5986
2026-06-13 20:43:33.271132: val_loss -0.4747
2026-06-13 20:43:33.272672: Pseudo dice [0.5455]
2026-06-13 20:43:33.276509: Epoch time: 22.99 s
2026-06-13 20:43:34.178368: 
2026-06-13 20:43:34.180058: Epoch 278
2026-06-13 20:43:34.181461: Current learning rate: 0.00746
2026-06-13 20:43:56.869699: train_loss -0.6037
2026-06-13 20:43:56.872343: val_loss -0.5071
2026-06-13 20:43:56.874170: Pseudo dice [0.5347]
2026-06-13 20:43:56.875543: Epoch time: 22.69 s
2026-06-13 20:43:57.771548: 
2026-06-13 20:43:57.773482: Epoch 279
2026-06-13 20:43:57.774871: Current learning rate: 0.00745
2026-06-13 20:44:20.403328: train_loss -0.6247
2026-06-13 20:44:20.406198: val_loss -0.533
2026-06-13 20:44:20.407728: Pseudo dice [0.5388]
2026-06-13 20:44:20.409267: Epoch time: 22.63 s
2026-06-13 20:44:21.296729: 
2026-06-13 20:44:21.298330: Epoch 280
2026-06-13 20:44:21.299964: Current learning rate: 0.00744
2026-06-13 20:44:43.949970: train_loss -0.5819
2026-06-13 20:44:43.953998: val_loss -0.5134
2026-06-13 20:44:43.955639: Pseudo dice [0.5769]
2026-06-13 20:44:43.957278: Epoch time: 22.65 s
2026-06-13 20:44:44.846975: 
2026-06-13 20:44:44.848455: Epoch 281
2026-06-13 20:44:44.849823: Current learning rate: 0.00743
2026-06-13 20:45:07.570837: train_loss -0.582
2026-06-13 20:45:07.574365: val_loss -0.568
2026-06-13 20:45:07.576032: Pseudo dice [0.5769]
2026-06-13 20:45:07.577525: Epoch time: 22.72 s
2026-06-13 20:45:08.474910: 
2026-06-13 20:45:08.476648: Epoch 282
2026-06-13 20:45:08.478192: Current learning rate: 0.00742
2026-06-13 20:45:31.269540: train_loss -0.5772
2026-06-13 20:45:31.277996: val_loss -0.493
2026-06-13 20:45:31.280957: Pseudo dice [0.5038]
2026-06-13 20:45:31.285141: Epoch time: 22.8 s
2026-06-13 20:45:32.187905: 
2026-06-13 20:45:32.189456: Epoch 283
2026-06-13 20:45:32.190819: Current learning rate: 0.00741
2026-06-13 20:45:54.913763: train_loss -0.5914
2026-06-13 20:45:54.921068: val_loss -0.5254
2026-06-13 20:45:54.922976: Pseudo dice [0.5416]
2026-06-13 20:45:54.925571: Epoch time: 22.73 s
2026-06-13 20:45:55.835237: 
2026-06-13 20:45:55.836785: Epoch 284
2026-06-13 20:45:55.838197: Current learning rate: 0.0074
2026-06-13 20:46:18.634091: train_loss -0.627
2026-06-13 20:46:18.638137: val_loss -0.4973
2026-06-13 20:46:18.639776: Pseudo dice [0.5322]
2026-06-13 20:46:18.641384: Epoch time: 22.8 s
2026-06-13 20:46:19.527736: 
2026-06-13 20:46:19.529555: Epoch 285
2026-06-13 20:46:19.530915: Current learning rate: 0.00739
2026-06-13 20:46:42.266641: train_loss -0.5548
2026-06-13 20:46:42.269667: val_loss -0.5117
2026-06-13 20:46:42.271394: Pseudo dice [0.514]
2026-06-13 20:46:42.272934: Epoch time: 22.74 s
2026-06-13 20:46:43.165948: 
2026-06-13 20:46:43.167429: Epoch 286
2026-06-13 20:46:43.168842: Current learning rate: 0.00738
2026-06-13 20:47:05.855812: train_loss -0.5771
2026-06-13 20:47:05.858948: val_loss -0.4946
2026-06-13 20:47:05.860530: Pseudo dice [0.541]
2026-06-13 20:47:05.861990: Epoch time: 22.69 s
2026-06-13 20:47:07.267475: 
2026-06-13 20:47:07.268999: Epoch 287
2026-06-13 20:47:07.270388: Current learning rate: 0.00738
2026-06-13 20:47:29.975464: train_loss -0.5394
2026-06-13 20:47:29.981224: val_loss -0.561
2026-06-13 20:47:29.982751: Pseudo dice [0.5651]
2026-06-13 20:47:29.986005: Epoch time: 22.71 s
2026-06-13 20:47:30.883877: 
2026-06-13 20:47:30.885319: Epoch 288
2026-06-13 20:47:30.886743: Current learning rate: 0.00737
2026-06-13 20:47:53.795985: train_loss -0.5902
2026-06-13 20:47:53.799308: val_loss -0.4722
2026-06-13 20:47:53.800761: Pseudo dice [0.513]
2026-06-13 20:47:53.802313: Epoch time: 22.91 s
2026-06-13 20:47:54.713203: 
2026-06-13 20:47:54.714746: Epoch 289
2026-06-13 20:47:54.716234: Current learning rate: 0.00736
2026-06-13 20:48:17.464983: train_loss -0.5456
2026-06-13 20:48:17.468261: val_loss -0.5057
2026-06-13 20:48:17.469754: Pseudo dice [0.5371]
2026-06-13 20:48:17.471114: Epoch time: 22.75 s
2026-06-13 20:48:18.366897: 
2026-06-13 20:48:18.370994: Epoch 290
2026-06-13 20:48:18.373410: Current learning rate: 0.00735
2026-06-13 20:48:41.081801: train_loss -0.5128
2026-06-13 20:48:41.085803: val_loss -0.5014
2026-06-13 20:48:41.087368: Pseudo dice [0.5508]
2026-06-13 20:48:41.088930: Epoch time: 22.72 s
2026-06-13 20:48:41.986142: 
2026-06-13 20:48:41.987669: Epoch 291
2026-06-13 20:48:41.989047: Current learning rate: 0.00734
2026-06-13 20:49:04.821269: train_loss -0.5589
2026-06-13 20:49:04.825137: val_loss -0.61
2026-06-13 20:49:04.826657: Pseudo dice [0.6114]
2026-06-13 20:49:04.828178: Epoch time: 22.84 s
2026-06-13 20:49:05.730171: 
2026-06-13 20:49:05.731827: Epoch 292
2026-06-13 20:49:05.733341: Current learning rate: 0.00733
2026-06-13 20:49:28.454552: train_loss -0.5667
2026-06-13 20:49:28.457872: val_loss -0.5349
2026-06-13 20:49:28.459384: Pseudo dice [0.5776]
2026-06-13 20:49:28.460776: Epoch time: 22.73 s
2026-06-13 20:49:29.369243: 
2026-06-13 20:49:29.370750: Epoch 293
2026-06-13 20:49:29.372159: Current learning rate: 0.00732
2026-06-13 20:49:52.061283: train_loss -0.5649
2026-06-13 20:49:52.064728: val_loss -0.5273
2026-06-13 20:49:52.066319: Pseudo dice [0.5371]
2026-06-13 20:49:52.067911: Epoch time: 22.69 s
2026-06-13 20:49:52.980186: 
2026-06-13 20:49:52.986018: Epoch 294
2026-06-13 20:49:52.991976: Current learning rate: 0.00731
2026-06-13 20:50:15.858554: train_loss -0.564
2026-06-13 20:50:15.861455: val_loss -0.5254
2026-06-13 20:50:15.863038: Pseudo dice [0.5612]
2026-06-13 20:50:15.864570: Epoch time: 22.88 s
2026-06-13 20:50:16.783280: 
2026-06-13 20:50:16.784846: Epoch 295
2026-06-13 20:50:16.786983: Current learning rate: 0.0073
2026-06-13 20:50:39.568159: train_loss -0.5524
2026-06-13 20:50:39.571527: val_loss -0.5219
2026-06-13 20:50:39.573086: Pseudo dice [0.5679]
2026-06-13 20:50:39.574576: Epoch time: 22.79 s
2026-06-13 20:50:40.494918: 
2026-06-13 20:50:40.496577: Epoch 296
2026-06-13 20:50:40.498087: Current learning rate: 0.00729
2026-06-13 20:51:03.202641: train_loss -0.5716
2026-06-13 20:51:03.206169: val_loss -0.4663
2026-06-13 20:51:03.207810: Pseudo dice [0.5255]
2026-06-13 20:51:03.209267: Epoch time: 22.71 s
2026-06-13 20:51:04.113614: 
2026-06-13 20:51:04.115216: Epoch 297
2026-06-13 20:51:04.116650: Current learning rate: 0.00728
2026-06-13 20:51:26.925174: train_loss -0.6062
2026-06-13 20:51:26.927713: val_loss -0.4919
2026-06-13 20:51:26.929194: Pseudo dice [0.5231]
2026-06-13 20:51:26.931040: Epoch time: 22.81 s
2026-06-13 20:51:27.855220: 
2026-06-13 20:51:27.856766: Epoch 298
2026-06-13 20:51:27.858437: Current learning rate: 0.00727
2026-06-13 20:51:50.571418: train_loss -0.6069
2026-06-13 20:51:50.574514: val_loss -0.5423
2026-06-13 20:51:50.576145: Pseudo dice [0.5885]
2026-06-13 20:51:50.577674: Epoch time: 22.72 s
2026-06-13 20:51:51.476259: 
2026-06-13 20:51:51.478445: Epoch 299
2026-06-13 20:51:51.479957: Current learning rate: 0.00726
2026-06-13 20:52:14.230751: train_loss -0.608
2026-06-13 20:52:14.233788: val_loss -0.532
2026-06-13 20:52:14.235719: Pseudo dice [0.5427]
2026-06-13 20:52:14.237125: Epoch time: 22.76 s
2026-06-13 20:52:15.603324: 
2026-06-13 20:52:15.604886: Epoch 300
2026-06-13 20:52:15.606380: Current learning rate: 0.00725
2026-06-13 20:52:38.351279: train_loss -0.592
2026-06-13 20:52:38.354560: val_loss -0.4669
2026-06-13 20:52:38.356225: Pseudo dice [0.5094]
2026-06-13 20:52:38.358344: Epoch time: 22.75 s
2026-06-13 20:52:39.252268: 
2026-06-13 20:52:39.253895: Epoch 301
2026-06-13 20:52:39.255424: Current learning rate: 0.00724
2026-06-13 20:53:01.981143: train_loss -0.5673
2026-06-13 20:53:01.983260: val_loss -0.5339
2026-06-13 20:53:01.984803: Pseudo dice [0.5793]
2026-06-13 20:53:01.986350: Epoch time: 22.73 s
2026-06-13 20:53:02.885387: 
2026-06-13 20:53:02.886992: Epoch 302
2026-06-13 20:53:02.888556: Current learning rate: 0.00724
2026-06-13 20:53:25.604524: train_loss -0.5945
2026-06-13 20:53:25.606615: val_loss -0.4403
2026-06-13 20:53:25.608377: Pseudo dice [0.4744]
2026-06-13 20:53:25.609781: Epoch time: 22.72 s
2026-06-13 20:53:26.507330: 
2026-06-13 20:53:26.508920: Epoch 303
2026-06-13 20:53:26.510414: Current learning rate: 0.00723
2026-06-13 20:53:49.267465: train_loss -0.5713
2026-06-13 20:53:49.270344: val_loss -0.5639
2026-06-13 20:53:49.271829: Pseudo dice [0.576]
2026-06-13 20:53:49.273336: Epoch time: 22.76 s
2026-06-13 20:53:50.678986: 
2026-06-13 20:53:50.683588: Epoch 304
2026-06-13 20:53:50.685991: Current learning rate: 0.00722
2026-06-13 20:54:13.305246: train_loss -0.5816
2026-06-13 20:54:13.307410: val_loss -0.4666
2026-06-13 20:54:13.308913: Pseudo dice [0.4872]
2026-06-13 20:54:13.310266: Epoch time: 22.63 s
2026-06-13 20:54:14.219173: 
2026-06-13 20:54:14.220788: Epoch 305
2026-06-13 20:54:14.222244: Current learning rate: 0.00721
2026-06-13 20:54:36.919428: train_loss -0.597
2026-06-13 20:54:36.921389: val_loss -0.5099
2026-06-13 20:54:36.922858: Pseudo dice [0.5435]
2026-06-13 20:54:36.924238: Epoch time: 22.7 s
2026-06-13 20:54:37.829539: 
2026-06-13 20:54:37.831160: Epoch 306
2026-06-13 20:54:37.832613: Current learning rate: 0.0072
2026-06-13 20:55:00.558089: train_loss -0.6199
2026-06-13 20:55:00.560322: val_loss -0.5066
2026-06-13 20:55:00.561737: Pseudo dice [0.528]
2026-06-13 20:55:00.563151: Epoch time: 22.73 s
2026-06-13 20:55:01.467522: 
2026-06-13 20:55:01.469081: Epoch 307
2026-06-13 20:55:01.470606: Current learning rate: 0.00719
2026-06-13 20:55:24.183105: train_loss -0.5662
2026-06-13 20:55:24.185361: val_loss -0.5861
2026-06-13 20:55:24.186880: Pseudo dice [0.5558]
2026-06-13 20:55:24.188289: Epoch time: 22.72 s
2026-06-13 20:55:25.100044: 
2026-06-13 20:55:25.101582: Epoch 308
2026-06-13 20:55:25.103023: Current learning rate: 0.00718
2026-06-13 20:55:47.921989: train_loss -0.5742
2026-06-13 20:55:47.924130: val_loss -0.5166
2026-06-13 20:55:47.925616: Pseudo dice [0.5534]
2026-06-13 20:55:47.927193: Epoch time: 22.82 s
2026-06-13 20:55:48.826994: 
2026-06-13 20:55:48.828548: Epoch 309
2026-06-13 20:55:48.830236: Current learning rate: 0.00717
2026-06-13 20:56:11.599574: train_loss -0.5549
2026-06-13 20:56:11.601735: val_loss -0.507
2026-06-13 20:56:11.603346: Pseudo dice [0.5325]
2026-06-13 20:56:11.604764: Epoch time: 22.77 s
2026-06-13 20:56:12.508143: 
2026-06-13 20:56:12.509945: Epoch 310
2026-06-13 20:56:12.511401: Current learning rate: 0.00716
2026-06-13 20:56:35.190309: train_loss -0.5828
2026-06-13 20:56:35.192650: val_loss -0.4383
2026-06-13 20:56:35.194053: Pseudo dice [0.4675]
2026-06-13 20:56:35.195606: Epoch time: 22.68 s
2026-06-13 20:56:36.107520: 
2026-06-13 20:56:36.109179: Epoch 311
2026-06-13 20:56:36.110654: Current learning rate: 0.00715
2026-06-13 20:56:58.811744: train_loss -0.5668
2026-06-13 20:56:58.813900: val_loss -0.5245
2026-06-13 20:56:58.815351: Pseudo dice [0.5417]
2026-06-13 20:56:58.816904: Epoch time: 22.71 s
2026-06-13 20:56:59.716314: 
2026-06-13 20:56:59.717984: Epoch 312
2026-06-13 20:56:59.719542: Current learning rate: 0.00714
2026-06-13 20:57:22.451105: train_loss -0.5749
2026-06-13 20:57:22.453273: val_loss -0.5556
2026-06-13 20:57:22.454763: Pseudo dice [0.5901]
2026-06-13 20:57:22.456618: Epoch time: 22.74 s
2026-06-13 20:57:23.372085: 
2026-06-13 20:57:23.373696: Epoch 313
2026-06-13 20:57:23.375142: Current learning rate: 0.00713
2026-06-13 20:57:46.116902: train_loss -0.6127
2026-06-13 20:57:46.121783: val_loss -0.5521
2026-06-13 20:57:46.126404: Pseudo dice [0.5534]
2026-06-13 20:57:46.127759: Epoch time: 22.75 s
2026-06-13 20:57:47.030789: 
2026-06-13 20:57:47.032404: Epoch 314
2026-06-13 20:57:47.033923: Current learning rate: 0.00712
2026-06-13 20:58:09.899267: train_loss -0.5839
2026-06-13 20:58:09.901279: val_loss -0.5527
2026-06-13 20:58:09.902843: Pseudo dice [0.562]
2026-06-13 20:58:09.904358: Epoch time: 22.87 s
2026-06-13 20:58:10.817191: 
2026-06-13 20:58:10.818840: Epoch 315
2026-06-13 20:58:10.820425: Current learning rate: 0.00711
2026-06-13 20:58:33.519433: train_loss -0.5944
2026-06-13 20:58:33.521852: val_loss -0.5397
2026-06-13 20:58:33.523347: Pseudo dice [0.5525]
2026-06-13 20:58:33.524893: Epoch time: 22.7 s
2026-06-13 20:58:34.421412: 
2026-06-13 20:58:34.422935: Epoch 316
2026-06-13 20:58:34.424411: Current learning rate: 0.0071
2026-06-13 20:58:57.068508: train_loss -0.6408
2026-06-13 20:58:57.070675: val_loss -0.5233
2026-06-13 20:58:57.072345: Pseudo dice [0.5488]
2026-06-13 20:58:57.073893: Epoch time: 22.65 s
2026-06-13 20:58:57.981482: 
2026-06-13 20:58:57.982943: Epoch 317
2026-06-13 20:58:57.984369: Current learning rate: 0.0071
2026-06-13 20:59:20.647750: train_loss -0.6231
2026-06-13 20:59:20.649742: val_loss -0.5532
2026-06-13 20:59:20.651327: Pseudo dice [0.5811]
2026-06-13 20:59:20.652765: Epoch time: 22.67 s
2026-06-13 20:59:21.564231: 
2026-06-13 20:59:21.565739: Epoch 318
2026-06-13 20:59:21.567155: Current learning rate: 0.00709
2026-06-13 20:59:44.264452: train_loss -0.6227
2026-06-13 20:59:44.267294: val_loss -0.5166
2026-06-13 20:59:44.269541: Pseudo dice [0.5516]
2026-06-13 20:59:44.272043: Epoch time: 22.7 s
2026-06-13 20:59:45.177213: 
2026-06-13 20:59:45.178898: Epoch 319
2026-06-13 20:59:45.180712: Current learning rate: 0.00708
2026-06-13 21:00:07.861232: train_loss -0.5873
2026-06-13 21:00:07.863867: val_loss -0.5111
2026-06-13 21:00:07.865895: Pseudo dice [0.5493]
2026-06-13 21:00:07.867507: Epoch time: 22.68 s
2026-06-13 21:00:08.771852: 
2026-06-13 21:00:08.773459: Epoch 320
2026-06-13 21:00:08.775705: Current learning rate: 0.00707
2026-06-13 21:00:31.578389: train_loss -0.604
2026-06-13 21:00:31.580786: val_loss -0.536
2026-06-13 21:00:31.582183: Pseudo dice [0.5583]
2026-06-13 21:00:31.583678: Epoch time: 22.81 s
2026-06-13 21:00:32.999477: 
2026-06-13 21:00:33.001073: Epoch 321
2026-06-13 21:00:33.002999: Current learning rate: 0.00706
2026-06-13 21:00:55.631099: train_loss -0.5966
2026-06-13 21:00:55.633545: val_loss -0.5541
2026-06-13 21:00:55.635060: Pseudo dice [0.5928]
2026-06-13 21:00:55.636556: Epoch time: 22.63 s
2026-06-13 21:00:56.562718: 
2026-06-13 21:00:56.564269: Epoch 322
2026-06-13 21:00:56.566121: Current learning rate: 0.00705
2026-06-13 21:01:19.163516: train_loss -0.5812
2026-06-13 21:01:19.165833: val_loss -0.5568
2026-06-13 21:01:19.167410: Pseudo dice [0.5783]
2026-06-13 21:01:19.169028: Epoch time: 22.6 s
2026-06-13 21:01:20.065256: 
2026-06-13 21:01:20.067088: Epoch 323
2026-06-13 21:01:20.068886: Current learning rate: 0.00704
2026-06-13 21:01:42.836487: train_loss -0.5926
2026-06-13 21:01:42.838537: val_loss -0.564
2026-06-13 21:01:42.840707: Pseudo dice [0.5767]
2026-06-13 21:01:42.842182: Epoch time: 22.77 s
2026-06-13 21:01:43.755291: 
2026-06-13 21:01:43.756877: Epoch 324
2026-06-13 21:01:43.758394: Current learning rate: 0.00703
2026-06-13 21:02:06.557840: train_loss -0.6302
2026-06-13 21:02:06.559885: val_loss -0.5634
2026-06-13 21:02:06.561479: Pseudo dice [0.5901]
2026-06-13 21:02:06.563008: Epoch time: 22.8 s
2026-06-13 21:02:06.564554: Yayy! New best EMA pseudo Dice: 0.5617
2026-06-13 21:02:07.966553: 
2026-06-13 21:02:07.968276: Epoch 325
2026-06-13 21:02:07.969866: Current learning rate: 0.00702
2026-06-13 21:02:30.604139: train_loss -0.5817
2026-06-13 21:02:30.607205: val_loss -0.5379
2026-06-13 21:02:30.608666: Pseudo dice [0.5567]
2026-06-13 21:02:30.610189: Epoch time: 22.64 s
2026-06-13 21:02:31.514402: 
2026-06-13 21:02:31.516750: Epoch 326
2026-06-13 21:02:31.518419: Current learning rate: 0.00701
2026-06-13 21:02:54.213799: train_loss -0.5938
2026-06-13 21:02:54.216747: val_loss -0.5208
2026-06-13 21:02:54.218208: Pseudo dice [0.5552]
2026-06-13 21:02:54.219712: Epoch time: 22.7 s
2026-06-13 21:02:55.124955: 
2026-06-13 21:02:55.126616: Epoch 327
2026-06-13 21:02:55.128333: Current learning rate: 0.007
2026-06-13 21:03:17.935025: train_loss -0.6329
2026-06-13 21:03:17.937771: val_loss -0.5724
2026-06-13 21:03:17.939178: Pseudo dice [0.5704]
2026-06-13 21:03:17.940566: Epoch time: 22.81 s
2026-06-13 21:03:18.848809: 
2026-06-13 21:03:18.850452: Epoch 328
2026-06-13 21:03:18.851935: Current learning rate: 0.00699
2026-06-13 21:03:41.602342: train_loss -0.5765
2026-06-13 21:03:41.605751: val_loss -0.5211
2026-06-13 21:03:41.607275: Pseudo dice [0.5202]
2026-06-13 21:03:41.608800: Epoch time: 22.75 s
2026-06-13 21:03:42.509786: 
2026-06-13 21:03:42.511504: Epoch 329
2026-06-13 21:03:42.513010: Current learning rate: 0.00698
2026-06-13 21:04:05.276862: train_loss -0.6236
2026-06-13 21:04:05.279288: val_loss -0.5254
2026-06-13 21:04:05.280739: Pseudo dice [0.5343]
2026-06-13 21:04:05.282177: Epoch time: 22.77 s
2026-06-13 21:04:06.194755: 
2026-06-13 21:04:06.199424: Epoch 330
2026-06-13 21:04:06.201143: Current learning rate: 0.00697
2026-06-13 21:04:28.923671: train_loss -0.6296
2026-06-13 21:04:28.926269: val_loss -0.5436
2026-06-13 21:04:28.931118: Pseudo dice [0.5652]
2026-06-13 21:04:28.932857: Epoch time: 22.73 s
2026-06-13 21:04:29.837045: 
2026-06-13 21:04:29.839454: Epoch 331
2026-06-13 21:04:29.841917: Current learning rate: 0.00696
2026-06-13 21:04:52.500767: train_loss -0.5982
2026-06-13 21:04:52.504053: val_loss -0.5213
2026-06-13 21:04:52.505585: Pseudo dice [0.5488]
2026-06-13 21:04:52.507058: Epoch time: 22.66 s
2026-06-13 21:04:53.416154: 
2026-06-13 21:04:53.417650: Epoch 332
2026-06-13 21:04:53.419621: Current learning rate: 0.00696
2026-06-13 21:05:16.078385: train_loss -0.6081
2026-06-13 21:05:16.081955: val_loss -0.5081
2026-06-13 21:05:16.083722: Pseudo dice [0.5742]
2026-06-13 21:05:16.085392: Epoch time: 22.66 s
2026-06-13 21:05:16.985766: 
2026-06-13 21:05:16.987419: Epoch 333
2026-06-13 21:05:16.989204: Current learning rate: 0.00695
2026-06-13 21:05:39.629831: train_loss -0.6099
2026-06-13 21:05:39.633340: val_loss -0.5667
2026-06-13 21:05:39.634949: Pseudo dice [0.583]
2026-06-13 21:05:39.636469: Epoch time: 22.64 s
2026-06-13 21:05:40.546569: 
2026-06-13 21:05:40.548124: Epoch 334
2026-06-13 21:05:40.549675: Current learning rate: 0.00694
2026-06-13 21:06:03.328755: train_loss -0.6367
2026-06-13 21:06:03.333891: val_loss -0.5904
2026-06-13 21:06:03.335929: Pseudo dice [0.5716]
2026-06-13 21:06:03.337718: Epoch time: 22.78 s
2026-06-13 21:06:04.241004: 
2026-06-13 21:06:04.242553: Epoch 335
2026-06-13 21:06:04.244197: Current learning rate: 0.00693
2026-06-13 21:06:26.911377: train_loss -0.6199
2026-06-13 21:06:26.914637: val_loss -0.5183
2026-06-13 21:06:26.916308: Pseudo dice [0.5402]
2026-06-13 21:06:26.918105: Epoch time: 22.67 s
2026-06-13 21:06:27.840974: 
2026-06-13 21:06:27.842564: Epoch 336
2026-06-13 21:06:27.844151: Current learning rate: 0.00692
2026-06-13 21:06:50.519823: train_loss -0.5807
2026-06-13 21:06:50.522920: val_loss -0.5168
2026-06-13 21:06:50.524603: Pseudo dice [0.537]
2026-06-13 21:06:50.526090: Epoch time: 22.68 s
2026-06-13 21:06:51.443579: 
2026-06-13 21:06:51.445225: Epoch 337
2026-06-13 21:06:51.447015: Current learning rate: 0.00691
2026-06-13 21:07:14.076335: train_loss -0.6316
2026-06-13 21:07:14.080557: val_loss -0.5227
2026-06-13 21:07:14.082098: Pseudo dice [0.5571]
2026-06-13 21:07:14.083596: Epoch time: 22.63 s
2026-06-13 21:07:15.490520: 
2026-06-13 21:07:15.492146: Epoch 338
2026-06-13 21:07:15.493713: Current learning rate: 0.0069
2026-06-13 21:07:38.290954: train_loss -0.6644
2026-06-13 21:07:38.294034: val_loss -0.5801
2026-06-13 21:07:38.295590: Pseudo dice [0.5952]
2026-06-13 21:07:38.297114: Epoch time: 22.8 s
2026-06-13 21:07:39.213058: 
2026-06-13 21:07:39.214512: Epoch 339
2026-06-13 21:07:39.216165: Current learning rate: 0.00689
2026-06-13 21:08:01.853314: train_loss -0.5979
2026-06-13 21:08:01.856634: val_loss -0.4829
2026-06-13 21:08:01.858835: Pseudo dice [0.4949]
2026-06-13 21:08:01.860337: Epoch time: 22.64 s
2026-06-13 21:08:02.784795: 
2026-06-13 21:08:02.787314: Epoch 340
2026-06-13 21:08:02.790337: Current learning rate: 0.00688
2026-06-13 21:08:25.563818: train_loss -0.5661
2026-06-13 21:08:25.567297: val_loss -0.4733
2026-06-13 21:08:25.568852: Pseudo dice [0.4988]
2026-06-13 21:08:25.570331: Epoch time: 22.78 s
2026-06-13 21:08:26.485406: 
2026-06-13 21:08:26.486933: Epoch 341
2026-06-13 21:08:26.488322: Current learning rate: 0.00687
2026-06-13 21:08:49.219920: train_loss -0.6195
2026-06-13 21:08:49.223293: val_loss -0.5412
2026-06-13 21:08:49.224862: Pseudo dice [0.56]
2026-06-13 21:08:49.226421: Epoch time: 22.74 s
2026-06-13 21:08:50.139652: 
2026-06-13 21:08:50.141173: Epoch 342
2026-06-13 21:08:50.142635: Current learning rate: 0.00686
2026-06-13 21:09:12.973296: train_loss -0.5995
2026-06-13 21:09:12.976472: val_loss -0.5047
2026-06-13 21:09:12.978037: Pseudo dice [0.5635]
2026-06-13 21:09:12.979565: Epoch time: 22.83 s
2026-06-13 21:09:13.896617: 
2026-06-13 21:09:13.898371: Epoch 343
2026-06-13 21:09:13.899863: Current learning rate: 0.00685
2026-06-13 21:09:36.597486: train_loss -0.5779
2026-06-13 21:09:36.601110: val_loss -0.4523
2026-06-13 21:09:36.602577: Pseudo dice [0.4928]
2026-06-13 21:09:36.604137: Epoch time: 22.7 s
2026-06-13 21:09:37.523043: 
2026-06-13 21:09:37.524644: Epoch 344
2026-06-13 21:09:37.526179: Current learning rate: 0.00684
2026-06-13 21:10:00.206351: train_loss -0.5692
2026-06-13 21:10:00.212707: val_loss -0.523
2026-06-13 21:10:00.215366: Pseudo dice [0.5681]
2026-06-13 21:10:00.220253: Epoch time: 22.68 s
2026-06-13 21:10:01.136335: 
2026-06-13 21:10:01.137937: Epoch 345
2026-06-13 21:10:01.139352: Current learning rate: 0.00683
2026-06-13 21:10:23.888676: train_loss -0.5379
2026-06-13 21:10:23.892048: val_loss -0.4748
2026-06-13 21:10:23.893659: Pseudo dice [0.533]
2026-06-13 21:10:23.895160: Epoch time: 22.75 s
2026-06-13 21:10:24.818426: 
2026-06-13 21:10:24.820176: Epoch 346
2026-06-13 21:10:24.821878: Current learning rate: 0.00682
2026-06-13 21:10:47.619165: train_loss -0.605
2026-06-13 21:10:47.624086: val_loss -0.5085
2026-06-13 21:10:47.625755: Pseudo dice [0.5457]
2026-06-13 21:10:47.627308: Epoch time: 22.8 s
2026-06-13 21:10:48.544866: 
2026-06-13 21:10:48.546565: Epoch 347
2026-06-13 21:10:48.550296: Current learning rate: 0.00681
2026-06-13 21:11:11.175007: train_loss -0.6408
2026-06-13 21:11:11.178878: val_loss -0.5255
2026-06-13 21:11:11.180468: Pseudo dice [0.5476]
2026-06-13 21:11:11.181893: Epoch time: 22.63 s
2026-06-13 21:11:12.134327: 
2026-06-13 21:11:12.136059: Epoch 348
2026-06-13 21:11:12.137435: Current learning rate: 0.0068
2026-06-13 21:11:34.740966: train_loss -0.6541
2026-06-13 21:11:34.745040: val_loss -0.5393
2026-06-13 21:11:34.746589: Pseudo dice [0.5374]
2026-06-13 21:11:34.748062: Epoch time: 22.61 s
2026-06-13 21:11:35.653267: 
2026-06-13 21:11:35.654802: Epoch 349
2026-06-13 21:11:35.656331: Current learning rate: 0.0068
2026-06-13 21:11:58.302424: train_loss -0.6373
2026-06-13 21:11:58.306241: val_loss -0.5694
2026-06-13 21:11:58.307935: Pseudo dice [0.581]
2026-06-13 21:11:58.309720: Epoch time: 22.65 s
2026-06-13 21:11:59.701853: 
2026-06-13 21:11:59.703617: Epoch 350
2026-06-13 21:11:59.705313: Current learning rate: 0.00679
2026-06-13 21:12:22.435504: train_loss -0.5892
2026-06-13 21:12:22.438355: val_loss -0.5119
2026-06-13 21:12:22.439905: Pseudo dice [0.5444]
2026-06-13 21:12:22.441483: Epoch time: 22.73 s
2026-06-13 21:12:23.358198: 
2026-06-13 21:12:23.359731: Epoch 351
2026-06-13 21:12:23.361259: Current learning rate: 0.00678
2026-06-13 21:12:46.086535: train_loss -0.6369
2026-06-13 21:12:46.089755: val_loss -0.5262
2026-06-13 21:12:46.091197: Pseudo dice [0.5617]
2026-06-13 21:12:46.092630: Epoch time: 22.73 s
2026-06-13 21:12:47.021738: 
2026-06-13 21:12:47.023494: Epoch 352
2026-06-13 21:12:47.025005: Current learning rate: 0.00677
2026-06-13 21:13:09.827078: train_loss -0.5819
2026-06-13 21:13:09.830153: val_loss -0.5314
2026-06-13 21:13:09.831636: Pseudo dice [0.5563]
2026-06-13 21:13:09.833197: Epoch time: 22.81 s
2026-06-13 21:13:10.748793: 
2026-06-13 21:13:10.750550: Epoch 353
2026-06-13 21:13:10.752888: Current learning rate: 0.00676
2026-06-13 21:13:33.439328: train_loss -0.5644
2026-06-13 21:13:33.442173: val_loss -0.5579
2026-06-13 21:13:33.443654: Pseudo dice [0.5779]
2026-06-13 21:13:33.445153: Epoch time: 22.69 s
2026-06-13 21:13:34.862990: 
2026-06-13 21:13:34.864695: Epoch 354
2026-06-13 21:13:34.866184: Current learning rate: 0.00675
2026-06-13 21:13:57.587555: train_loss -0.6489
2026-06-13 21:13:57.589705: val_loss -0.5038
2026-06-13 21:13:57.591238: Pseudo dice [0.5367]
2026-06-13 21:13:57.592705: Epoch time: 22.73 s
2026-06-13 21:13:58.502157: 
2026-06-13 21:13:58.503895: Epoch 355
2026-06-13 21:13:58.505353: Current learning rate: 0.00674
2026-06-13 21:14:21.117960: train_loss -0.6561
2026-06-13 21:14:21.120147: val_loss -0.5529
2026-06-13 21:14:21.121643: Pseudo dice [0.5457]
2026-06-13 21:14:21.123075: Epoch time: 22.62 s
2026-06-13 21:14:22.036185: 
2026-06-13 21:14:22.037672: Epoch 356
2026-06-13 21:14:22.039344: Current learning rate: 0.00673
2026-06-13 21:14:44.791955: train_loss -0.615
2026-06-13 21:14:44.794079: val_loss -0.5689
2026-06-13 21:14:44.795535: Pseudo dice [0.5815]
2026-06-13 21:14:44.797117: Epoch time: 22.76 s
2026-06-13 21:14:45.703854: 
2026-06-13 21:14:45.705583: Epoch 357
2026-06-13 21:14:45.707209: Current learning rate: 0.00672
2026-06-13 21:15:08.272852: train_loss -0.6497
2026-06-13 21:15:08.275313: val_loss -0.5066
2026-06-13 21:15:08.277007: Pseudo dice [0.5329]
2026-06-13 21:15:08.278584: Epoch time: 22.57 s
2026-06-13 21:15:09.193693: 
2026-06-13 21:15:09.195461: Epoch 358
2026-06-13 21:15:09.197041: Current learning rate: 0.00671
2026-06-13 21:15:31.946911: train_loss -0.6096
2026-06-13 21:15:31.949318: val_loss -0.5015
2026-06-13 21:15:31.950894: Pseudo dice [0.4974]
2026-06-13 21:15:31.952626: Epoch time: 22.75 s
2026-06-13 21:15:32.873622: 
2026-06-13 21:15:32.875432: Epoch 359
2026-06-13 21:15:32.877173: Current learning rate: 0.0067
2026-06-13 21:15:55.496904: train_loss -0.6385
2026-06-13 21:15:55.499285: val_loss -0.532
2026-06-13 21:15:55.500773: Pseudo dice [0.5641]
2026-06-13 21:15:55.502295: Epoch time: 22.62 s
2026-06-13 21:15:56.413245: 
2026-06-13 21:15:56.415005: Epoch 360
2026-06-13 21:15:56.416420: Current learning rate: 0.00669
2026-06-13 21:16:19.124985: train_loss -0.5989
2026-06-13 21:16:19.128966: val_loss -0.5275
2026-06-13 21:16:19.132997: Pseudo dice [0.592]
2026-06-13 21:16:19.134905: Epoch time: 22.71 s
2026-06-13 21:16:20.063805: 
2026-06-13 21:16:20.065484: Epoch 361
2026-06-13 21:16:20.067008: Current learning rate: 0.00668
2026-06-13 21:16:42.811550: train_loss -0.5933
2026-06-13 21:16:42.814095: val_loss -0.4363
2026-06-13 21:16:42.815739: Pseudo dice [0.5122]
2026-06-13 21:16:42.817313: Epoch time: 22.75 s
2026-06-13 21:16:43.733084: 
2026-06-13 21:16:43.734824: Epoch 362
2026-06-13 21:16:43.736285: Current learning rate: 0.00667
2026-06-13 21:17:06.423123: train_loss -0.5712
2026-06-13 21:17:06.426080: val_loss -0.5158
2026-06-13 21:17:06.427705: Pseudo dice [0.5698]
2026-06-13 21:17:06.429229: Epoch time: 22.69 s
2026-06-13 21:17:07.355138: 
2026-06-13 21:17:07.357047: Epoch 363
2026-06-13 21:17:07.358729: Current learning rate: 0.00666
2026-06-13 21:17:30.030284: train_loss -0.5566
2026-06-13 21:17:30.032492: val_loss -0.4872
2026-06-13 21:17:30.034018: Pseudo dice [0.5106]
2026-06-13 21:17:30.035584: Epoch time: 22.68 s
2026-06-13 21:17:30.966805: 
2026-06-13 21:17:30.968434: Epoch 364
2026-06-13 21:17:30.970037: Current learning rate: 0.00665
2026-06-13 21:17:53.678200: train_loss -0.6031
2026-06-13 21:17:53.680243: val_loss -0.526
2026-06-13 21:17:53.681785: Pseudo dice [0.5808]
2026-06-13 21:17:53.683335: Epoch time: 22.71 s
2026-06-13 21:17:54.618391: 
2026-06-13 21:17:54.619977: Epoch 365
2026-06-13 21:17:54.621430: Current learning rate: 0.00665
2026-06-13 21:18:17.297642: train_loss -0.6187
2026-06-13 21:18:17.299830: val_loss -0.513
2026-06-13 21:18:17.301484: Pseudo dice [0.5528]
2026-06-13 21:18:17.303215: Epoch time: 22.68 s
2026-06-13 21:18:18.215744: 
2026-06-13 21:18:18.217384: Epoch 366
2026-06-13 21:18:18.218974: Current learning rate: 0.00664
2026-06-13 21:18:40.957747: train_loss -0.5857
2026-06-13 21:18:40.959668: val_loss -0.5102
2026-06-13 21:18:40.961204: Pseudo dice [0.5203]
2026-06-13 21:18:40.962639: Epoch time: 22.74 s
2026-06-13 21:18:41.886557: 
2026-06-13 21:18:41.888243: Epoch 367
2026-06-13 21:18:41.889746: Current learning rate: 0.00663
2026-06-13 21:19:04.546276: train_loss -0.6272
2026-06-13 21:19:04.548795: val_loss -0.4947
2026-06-13 21:19:04.550291: Pseudo dice [0.5224]
2026-06-13 21:19:04.551668: Epoch time: 22.66 s
2026-06-13 21:19:05.483775: 
2026-06-13 21:19:05.485272: Epoch 368
2026-06-13 21:19:05.486656: Current learning rate: 0.00662
2026-06-13 21:19:28.155799: train_loss -0.6223
2026-06-13 21:19:28.157744: val_loss -0.4975
2026-06-13 21:19:28.159193: Pseudo dice [0.5386]
2026-06-13 21:19:28.160677: Epoch time: 22.67 s
2026-06-13 21:19:29.094313: 
2026-06-13 21:19:29.096327: Epoch 369
2026-06-13 21:19:29.097976: Current learning rate: 0.00661
2026-06-13 21:19:51.731689: train_loss -0.59
2026-06-13 21:19:51.733716: val_loss -0.4924
2026-06-13 21:19:51.735377: Pseudo dice [0.5445]
2026-06-13 21:19:51.736739: Epoch time: 22.64 s
2026-06-13 21:19:52.666121: 
2026-06-13 21:19:52.668010: Epoch 370
2026-06-13 21:19:52.669528: Current learning rate: 0.0066
2026-06-13 21:20:15.292609: train_loss -0.5992
2026-06-13 21:20:15.294989: val_loss -0.4972
2026-06-13 21:20:15.296531: Pseudo dice [0.5378]
2026-06-13 21:20:15.298070: Epoch time: 22.63 s
2026-06-13 21:20:16.740040: 
2026-06-13 21:20:16.741545: Epoch 371
2026-06-13 21:20:16.742965: Current learning rate: 0.00659
2026-06-13 21:20:39.336085: train_loss -0.657
2026-06-13 21:20:39.338957: val_loss -0.5048
2026-06-13 21:20:39.340827: Pseudo dice [0.5073]
2026-06-13 21:20:39.342334: Epoch time: 22.6 s
2026-06-13 21:20:40.264463: 
2026-06-13 21:20:40.266065: Epoch 372
2026-06-13 21:20:40.267510: Current learning rate: 0.00658
2026-06-13 21:21:02.943350: train_loss -0.6362
2026-06-13 21:21:02.945413: val_loss -0.5157
2026-06-13 21:21:02.946928: Pseudo dice [0.5696]
2026-06-13 21:21:02.948574: Epoch time: 22.68 s
2026-06-13 21:21:03.860134: 
2026-06-13 21:21:03.861675: Epoch 373
2026-06-13 21:21:03.863094: Current learning rate: 0.00657
2026-06-13 21:21:26.515119: train_loss -0.6283
2026-06-13 21:21:26.517444: val_loss -0.535
2026-06-13 21:21:26.518847: Pseudo dice [0.5648]
2026-06-13 21:21:26.520367: Epoch time: 22.66 s
2026-06-13 21:21:27.447931: 
2026-06-13 21:21:27.450341: Epoch 374
2026-06-13 21:21:27.451863: Current learning rate: 0.00656
2026-06-13 21:21:50.140863: train_loss -0.62
2026-06-13 21:21:50.143179: val_loss -0.4936
2026-06-13 21:21:50.144629: Pseudo dice [0.5467]
2026-06-13 21:21:50.146197: Epoch time: 22.69 s
2026-06-13 21:21:51.068909: 
2026-06-13 21:21:51.070590: Epoch 375
2026-06-13 21:21:51.072000: Current learning rate: 0.00655
2026-06-13 21:22:13.861012: train_loss -0.6263
2026-06-13 21:22:13.866163: val_loss -0.5507
2026-06-13 21:22:13.867724: Pseudo dice [0.5541]
2026-06-13 21:22:13.869265: Epoch time: 22.79 s
2026-06-13 21:22:14.798609: 
2026-06-13 21:22:14.800204: Epoch 376
2026-06-13 21:22:14.801739: Current learning rate: 0.00654
2026-06-13 21:22:37.366887: train_loss -0.6148
2026-06-13 21:22:37.369243: val_loss -0.5564
2026-06-13 21:22:37.370889: Pseudo dice [0.5898]
2026-06-13 21:22:37.372494: Epoch time: 22.57 s
2026-06-13 21:22:38.298615: 
2026-06-13 21:22:38.300054: Epoch 377
2026-06-13 21:22:38.301397: Current learning rate: 0.00653
2026-06-13 21:23:00.979726: train_loss -0.6159
2026-06-13 21:23:00.990041: val_loss -0.4755
2026-06-13 21:23:00.991600: Pseudo dice [0.5091]
2026-06-13 21:23:00.993349: Epoch time: 22.68 s
2026-06-13 21:23:01.923018: 
2026-06-13 21:23:01.924527: Epoch 378
2026-06-13 21:23:01.925941: Current learning rate: 0.00652
2026-06-13 21:23:24.635238: train_loss -0.5757
2026-06-13 21:23:24.637942: val_loss -0.5193
2026-06-13 21:23:24.639395: Pseudo dice [0.5475]
2026-06-13 21:23:24.640836: Epoch time: 22.71 s
2026-06-13 21:23:25.564105: 
2026-06-13 21:23:25.565744: Epoch 379
2026-06-13 21:23:25.567313: Current learning rate: 0.00651
2026-06-13 21:23:48.223415: train_loss -0.6489
2026-06-13 21:23:48.226277: val_loss -0.5462
2026-06-13 21:23:48.227686: Pseudo dice [0.5824]
2026-06-13 21:23:48.230229: Epoch time: 22.66 s
2026-06-13 21:23:49.150451: 
2026-06-13 21:23:49.152109: Epoch 380
2026-06-13 21:23:49.153896: Current learning rate: 0.0065
2026-06-13 21:24:11.837130: train_loss -0.6375
2026-06-13 21:24:11.839715: val_loss -0.5832
2026-06-13 21:24:11.841321: Pseudo dice [0.5967]
2026-06-13 21:24:11.842785: Epoch time: 22.69 s
2026-06-13 21:24:12.773692: 
2026-06-13 21:24:12.775727: Epoch 381
2026-06-13 21:24:12.777238: Current learning rate: 0.00649
2026-06-13 21:24:35.464699: train_loss -0.5699
2026-06-13 21:24:35.468159: val_loss -0.5019
2026-06-13 21:24:35.469795: Pseudo dice [0.5251]
2026-06-13 21:24:35.471414: Epoch time: 22.69 s
2026-06-13 21:24:36.390377: 
2026-06-13 21:24:36.391931: Epoch 382
2026-06-13 21:24:36.393428: Current learning rate: 0.00648
2026-06-13 21:24:59.061947: train_loss -0.5831
2026-06-13 21:24:59.068517: val_loss -0.5468
2026-06-13 21:24:59.069997: Pseudo dice [0.5853]
2026-06-13 21:24:59.071522: Epoch time: 22.67 s
2026-06-13 21:24:59.991410: 
2026-06-13 21:24:59.993312: Epoch 383
2026-06-13 21:24:59.995045: Current learning rate: 0.00648
2026-06-13 21:25:22.767240: train_loss -0.5881
2026-06-13 21:25:22.772254: val_loss -0.493
2026-06-13 21:25:22.775192: Pseudo dice [0.5367]
2026-06-13 21:25:22.776667: Epoch time: 22.78 s
2026-06-13 21:25:23.695281: 
2026-06-13 21:25:23.697249: Epoch 384
2026-06-13 21:25:23.698851: Current learning rate: 0.00647
2026-06-13 21:25:46.387535: train_loss -0.6226
2026-06-13 21:25:46.390548: val_loss -0.5289
2026-06-13 21:25:46.392215: Pseudo dice [0.543]
2026-06-13 21:25:46.393644: Epoch time: 22.69 s
2026-06-13 21:25:47.328979: 
2026-06-13 21:25:47.330565: Epoch 385
2026-06-13 21:25:47.332000: Current learning rate: 0.00646
2026-06-13 21:26:10.137578: train_loss -0.5743
2026-06-13 21:26:10.140337: val_loss -0.5318
2026-06-13 21:26:10.141866: Pseudo dice [0.545]
2026-06-13 21:26:10.143307: Epoch time: 22.81 s
2026-06-13 21:26:11.073333: 
2026-06-13 21:26:11.079725: Epoch 386
2026-06-13 21:26:11.082714: Current learning rate: 0.00645
2026-06-13 21:26:33.872479: train_loss -0.5925
2026-06-13 21:26:33.875775: val_loss -0.5432
2026-06-13 21:26:33.877495: Pseudo dice [0.5627]
2026-06-13 21:26:33.879024: Epoch time: 22.8 s
2026-06-13 21:26:35.317814: 
2026-06-13 21:26:35.319486: Epoch 387
2026-06-13 21:26:35.321206: Current learning rate: 0.00644
2026-06-13 21:26:58.152981: train_loss -0.6022
2026-06-13 21:26:58.156629: val_loss -0.5824
2026-06-13 21:26:58.158060: Pseudo dice [0.5758]
2026-06-13 21:26:58.160208: Epoch time: 22.84 s
2026-06-13 21:26:59.112451: 
2026-06-13 21:26:59.114066: Epoch 388
2026-06-13 21:26:59.115634: Current learning rate: 0.00643
2026-06-13 21:27:21.789522: train_loss -0.6257
2026-06-13 21:27:21.792541: val_loss -0.5178
2026-06-13 21:27:21.794394: Pseudo dice [0.568]
2026-06-13 21:27:21.799119: Epoch time: 22.68 s
2026-06-13 21:27:22.729370: 
2026-06-13 21:27:22.731105: Epoch 389
2026-06-13 21:27:22.732657: Current learning rate: 0.00642
2026-06-13 21:27:45.470326: train_loss -0.6416
2026-06-13 21:27:45.473117: val_loss -0.5421
2026-06-13 21:27:45.474744: Pseudo dice [0.5815]
2026-06-13 21:27:45.476612: Epoch time: 22.74 s
2026-06-13 21:27:46.405980: 
2026-06-13 21:27:46.407481: Epoch 390
2026-06-13 21:27:46.408968: Current learning rate: 0.00641
2026-06-13 21:28:09.085285: train_loss -0.6506
2026-06-13 21:28:09.088184: val_loss -0.5278
2026-06-13 21:28:09.090302: Pseudo dice [0.5773]
2026-06-13 21:28:09.091838: Epoch time: 22.68 s
2026-06-13 21:28:10.031728: 
2026-06-13 21:28:10.033300: Epoch 391
2026-06-13 21:28:10.034796: Current learning rate: 0.0064
2026-06-13 21:28:32.715146: train_loss -0.5791
2026-06-13 21:28:32.718214: val_loss -0.5591
2026-06-13 21:28:32.719975: Pseudo dice [0.5624]
2026-06-13 21:28:32.721515: Epoch time: 22.68 s
2026-06-13 21:28:33.657984: 
2026-06-13 21:28:33.659656: Epoch 392
2026-06-13 21:28:33.661153: Current learning rate: 0.00639
2026-06-13 21:28:56.366283: train_loss -0.4982
2026-06-13 21:28:56.369581: val_loss -0.5105
2026-06-13 21:28:56.371059: Pseudo dice [0.5399]
2026-06-13 21:28:56.372593: Epoch time: 22.71 s
2026-06-13 21:28:57.371062: 
2026-06-13 21:28:57.373589: Epoch 393
2026-06-13 21:28:57.375185: Current learning rate: 0.00638
2026-06-13 21:29:19.992345: train_loss -0.6154
2026-06-13 21:29:19.995440: val_loss -0.4728
2026-06-13 21:29:19.997132: Pseudo dice [0.5217]
2026-06-13 21:29:19.998582: Epoch time: 22.62 s
2026-06-13 21:29:20.931887: 
2026-06-13 21:29:20.933949: Epoch 394
2026-06-13 21:29:20.939078: Current learning rate: 0.00637
2026-06-13 21:29:43.608564: train_loss -0.6214
2026-06-13 21:29:43.611718: val_loss -0.5818
2026-06-13 21:29:43.613914: Pseudo dice [0.5915]
2026-06-13 21:29:43.615710: Epoch time: 22.68 s
2026-06-13 21:29:44.554287: 
2026-06-13 21:29:44.555979: Epoch 395
2026-06-13 21:29:44.557592: Current learning rate: 0.00636
2026-06-13 21:30:07.410152: train_loss -0.6164
2026-06-13 21:30:07.415855: val_loss -0.5896
2026-06-13 21:30:07.417498: Pseudo dice [0.5842]
2026-06-13 21:30:07.419106: Epoch time: 22.86 s
2026-06-13 21:30:08.360396: 
2026-06-13 21:30:08.362092: Epoch 396
2026-06-13 21:30:08.364213: Current learning rate: 0.00635
2026-06-13 21:30:31.115906: train_loss -0.6262
2026-06-13 21:30:31.119359: val_loss -0.5295
2026-06-13 21:30:31.120877: Pseudo dice [0.5627]
2026-06-13 21:30:31.122357: Epoch time: 22.76 s
2026-06-13 21:30:32.047329: 
2026-06-13 21:30:32.048921: Epoch 397
2026-06-13 21:30:32.050412: Current learning rate: 0.00634
2026-06-13 21:30:54.758992: train_loss -0.5924
2026-06-13 21:30:54.762677: val_loss -0.5202
2026-06-13 21:30:54.764286: Pseudo dice [0.5449]
2026-06-13 21:30:54.765935: Epoch time: 22.71 s
2026-06-13 21:30:55.711159: 
2026-06-13 21:30:55.713983: Epoch 398
2026-06-13 21:30:55.715867: Current learning rate: 0.00633
2026-06-13 21:31:18.500499: train_loss -0.6372
2026-06-13 21:31:18.505495: val_loss -0.5002
2026-06-13 21:31:18.507142: Pseudo dice [0.5755]
2026-06-13 21:31:18.508699: Epoch time: 22.79 s
2026-06-13 21:31:19.450164: 
2026-06-13 21:31:19.453478: Epoch 399
2026-06-13 21:31:19.456008: Current learning rate: 0.00632
2026-06-13 21:31:42.017656: train_loss -0.6471
2026-06-13 21:31:42.024925: val_loss -0.5373
2026-06-13 21:31:42.026872: Pseudo dice [0.565]
2026-06-13 21:31:42.028498: Epoch time: 22.57 s
2026-06-13 21:31:43.445368: 
2026-06-13 21:31:43.447191: Epoch 400
2026-06-13 21:31:43.448915: Current learning rate: 0.00631
2026-06-13 21:32:06.058238: train_loss -0.6275
2026-06-13 21:32:06.061640: val_loss -0.4205
2026-06-13 21:32:06.063336: Pseudo dice [0.4994]
2026-06-13 21:32:06.065582: Epoch time: 22.61 s
2026-06-13 21:32:06.996249: 
2026-06-13 21:32:06.998211: Epoch 401
2026-06-13 21:32:07.000052: Current learning rate: 0.0063
2026-06-13 21:32:29.753734: train_loss -0.6316
2026-06-13 21:32:29.757465: val_loss -0.5068
2026-06-13 21:32:29.759039: Pseudo dice [0.5234]
2026-06-13 21:32:29.760585: Epoch time: 22.76 s
2026-06-13 21:32:31.202482: 
2026-06-13 21:32:31.204146: Epoch 402
2026-06-13 21:32:31.205744: Current learning rate: 0.0063
2026-06-13 21:32:53.844089: train_loss -0.646
2026-06-13 21:32:53.850516: val_loss -0.5591
2026-06-13 21:32:53.852243: Pseudo dice [0.5778]
2026-06-13 21:32:53.853774: Epoch time: 22.64 s
2026-06-13 21:32:54.796106: 
2026-06-13 21:32:54.797853: Epoch 403
2026-06-13 21:32:54.799388: Current learning rate: 0.00629
2026-06-13 21:33:17.421603: train_loss -0.6689
2026-06-13 21:33:17.425993: val_loss -0.5631
2026-06-13 21:33:17.427533: Pseudo dice [0.5913]
2026-06-13 21:33:17.429065: Epoch time: 22.63 s
2026-06-13 21:33:18.357441: 
2026-06-13 21:33:18.359102: Epoch 404
2026-06-13 21:33:18.361125: Current learning rate: 0.00628
2026-06-13 21:33:41.036006: train_loss -0.6327
2026-06-13 21:33:41.039736: val_loss -0.4915
2026-06-13 21:33:41.041209: Pseudo dice [0.5377]
2026-06-13 21:33:41.042775: Epoch time: 22.68 s
2026-06-13 21:33:41.986965: 
2026-06-13 21:33:41.988965: Epoch 405
2026-06-13 21:33:41.990571: Current learning rate: 0.00627
2026-06-13 21:34:04.636181: train_loss -0.6442
2026-06-13 21:34:04.639546: val_loss -0.4878
2026-06-13 21:34:04.641085: Pseudo dice [0.4932]
2026-06-13 21:34:04.642618: Epoch time: 22.65 s
2026-06-13 21:34:05.573610: 
2026-06-13 21:34:05.575277: Epoch 406
2026-06-13 21:34:05.576705: Current learning rate: 0.00626
2026-06-13 21:34:28.214740: train_loss -0.6317
2026-06-13 21:34:28.218127: val_loss -0.459
2026-06-13 21:34:28.219536: Pseudo dice [0.5214]
2026-06-13 21:34:28.220961: Epoch time: 22.64 s
2026-06-13 21:34:29.154417: 
2026-06-13 21:34:29.155983: Epoch 407
2026-06-13 21:34:29.157505: Current learning rate: 0.00625
2026-06-13 21:34:51.906851: train_loss -0.6109
2026-06-13 21:34:51.910056: val_loss -0.5586
2026-06-13 21:34:51.911604: Pseudo dice [0.5669]
2026-06-13 21:34:51.913124: Epoch time: 22.75 s
2026-06-13 21:34:52.856184: 
2026-06-13 21:34:52.857988: Epoch 408
2026-06-13 21:34:52.859348: Current learning rate: 0.00624
2026-06-13 21:35:15.637089: train_loss -0.6251
2026-06-13 21:35:15.640361: val_loss -0.5503
2026-06-13 21:35:15.641943: Pseudo dice [0.5619]
2026-06-13 21:35:15.643428: Epoch time: 22.78 s
2026-06-13 21:35:16.575200: 
2026-06-13 21:35:16.576667: Epoch 409
2026-06-13 21:35:16.578180: Current learning rate: 0.00623
2026-06-13 21:35:39.237128: train_loss -0.6484
2026-06-13 21:35:39.240214: val_loss -0.5745
2026-06-13 21:35:39.241857: Pseudo dice [0.5721]
2026-06-13 21:35:39.243562: Epoch time: 22.66 s
2026-06-13 21:35:40.182299: 
2026-06-13 21:35:40.183917: Epoch 410
2026-06-13 21:35:40.185427: Current learning rate: 0.00622
2026-06-13 21:36:02.835583: train_loss -0.6505
2026-06-13 21:36:02.852630: val_loss -0.5313
2026-06-13 21:36:02.858727: Pseudo dice [0.5674]
2026-06-13 21:36:02.871671: Epoch time: 22.65 s
2026-06-13 21:36:03.777964: 
2026-06-13 21:36:03.779553: Epoch 411
2026-06-13 21:36:03.780939: Current learning rate: 0.00621
2026-06-13 21:36:26.532738: train_loss -0.6447
2026-06-13 21:36:26.534795: val_loss -0.551
2026-06-13 21:36:26.536186: Pseudo dice [0.5671]
2026-06-13 21:36:26.537555: Epoch time: 22.76 s
2026-06-13 21:36:27.438079: 
2026-06-13 21:36:27.439569: Epoch 412
2026-06-13 21:36:27.441031: Current learning rate: 0.0062
2026-06-13 21:36:50.253678: train_loss -0.6291
2026-06-13 21:36:50.255970: val_loss -0.5105
2026-06-13 21:36:50.257523: Pseudo dice [0.5222]
2026-06-13 21:36:50.259164: Epoch time: 22.82 s
2026-06-13 21:36:51.173878: 
2026-06-13 21:36:51.175667: Epoch 413
2026-06-13 21:36:51.177369: Current learning rate: 0.00619
2026-06-13 21:37:13.870899: train_loss -0.6501
2026-06-13 21:37:13.873446: val_loss -0.5278
2026-06-13 21:37:13.875014: Pseudo dice [0.5705]
2026-06-13 21:37:13.876565: Epoch time: 22.7 s
2026-06-13 21:37:14.785665: 
2026-06-13 21:37:14.787663: Epoch 414
2026-06-13 21:37:14.790047: Current learning rate: 0.00618
2026-06-13 21:37:37.396799: train_loss -0.5839
2026-06-13 21:37:37.398864: val_loss -0.5218
2026-06-13 21:37:37.400404: Pseudo dice [0.5547]
2026-06-13 21:37:37.401904: Epoch time: 22.61 s
2026-06-13 21:37:38.297877: 
2026-06-13 21:37:38.299482: Epoch 415
2026-06-13 21:37:38.301017: Current learning rate: 0.00617
2026-06-13 21:38:00.993810: train_loss -0.6289
2026-06-13 21:38:00.996094: val_loss -0.5068
2026-06-13 21:38:00.997581: Pseudo dice [0.5494]
2026-06-13 21:38:00.999132: Epoch time: 22.7 s
2026-06-13 21:38:01.901533: 
2026-06-13 21:38:01.903198: Epoch 416
2026-06-13 21:38:01.904879: Current learning rate: 0.00616
2026-06-13 21:38:24.535567: train_loss -0.5952
2026-06-13 21:38:24.537818: val_loss -0.522
2026-06-13 21:38:24.539463: Pseudo dice [0.5523]
2026-06-13 21:38:24.540981: Epoch time: 22.64 s
2026-06-13 21:38:25.448023: 
2026-06-13 21:38:25.449835: Epoch 417
2026-06-13 21:38:25.451395: Current learning rate: 0.00615
2026-06-13 21:38:48.277285: train_loss -0.6097
2026-06-13 21:38:48.279281: val_loss -0.5216
2026-06-13 21:38:48.280722: Pseudo dice [0.5768]
2026-06-13 21:38:48.282168: Epoch time: 22.83 s
2026-06-13 21:38:49.187255: 
2026-06-13 21:38:49.189094: Epoch 418
2026-06-13 21:38:49.190534: Current learning rate: 0.00614
2026-06-13 21:39:11.980415: train_loss -0.6103
2026-06-13 21:39:11.982607: val_loss -0.4439
2026-06-13 21:39:11.984128: Pseudo dice [0.4879]
2026-06-13 21:39:11.985626: Epoch time: 22.79 s
2026-06-13 21:39:13.418489: 
2026-06-13 21:39:13.420166: Epoch 419
2026-06-13 21:39:13.421706: Current learning rate: 0.00613
2026-06-13 21:39:36.255411: train_loss -0.6116
2026-06-13 21:39:36.257448: val_loss -0.6026
2026-06-13 21:39:36.258904: Pseudo dice [0.6086]
2026-06-13 21:39:36.260458: Epoch time: 22.84 s
2026-06-13 21:39:37.169129: 
2026-06-13 21:39:37.170831: Epoch 420
2026-06-13 21:39:37.172308: Current learning rate: 0.00612
2026-06-13 21:40:00.021823: train_loss -0.5874
2026-06-13 21:40:00.024970: val_loss -0.4655
2026-06-13 21:40:00.027069: Pseudo dice [0.5245]
2026-06-13 21:40:00.029141: Epoch time: 22.85 s
2026-06-13 21:40:00.934798: 
2026-06-13 21:40:00.936536: Epoch 421
2026-06-13 21:40:00.938118: Current learning rate: 0.00612
2026-06-13 21:40:23.578404: train_loss -0.6507
2026-06-13 21:40:23.580958: val_loss -0.5696
2026-06-13 21:40:23.582639: Pseudo dice [0.581]
2026-06-13 21:40:23.584265: Epoch time: 22.64 s
2026-06-13 21:40:24.494668: 
2026-06-13 21:40:24.497894: Epoch 422
2026-06-13 21:40:24.499764: Current learning rate: 0.00611
2026-06-13 21:40:47.263252: train_loss -0.6583
2026-06-13 21:40:47.266129: val_loss -0.5397
2026-06-13 21:40:47.267647: Pseudo dice [0.5505]
2026-06-13 21:40:47.269086: Epoch time: 22.77 s
2026-06-13 21:40:48.187959: 
2026-06-13 21:40:48.189509: Epoch 423
2026-06-13 21:40:48.191010: Current learning rate: 0.0061
2026-06-13 21:41:10.973115: train_loss -0.6372
2026-06-13 21:41:10.975408: val_loss -0.5144
2026-06-13 21:41:10.977183: Pseudo dice [0.5373]
2026-06-13 21:41:10.978960: Epoch time: 22.79 s
2026-06-13 21:41:11.882539: 
2026-06-13 21:41:11.884102: Epoch 424
2026-06-13 21:41:11.885515: Current learning rate: 0.00609
2026-06-13 21:41:34.518653: train_loss -0.5997
2026-06-13 21:41:34.521015: val_loss -0.5278
2026-06-13 21:41:34.522480: Pseudo dice [0.535]
2026-06-13 21:41:34.523908: Epoch time: 22.64 s
2026-06-13 21:41:35.437891: 
2026-06-13 21:41:35.439796: Epoch 425
2026-06-13 21:41:35.441350: Current learning rate: 0.00608
2026-06-13 21:41:58.248818: train_loss -0.6101
2026-06-13 21:41:58.250887: val_loss -0.549
2026-06-13 21:41:58.252479: Pseudo dice [0.5981]
2026-06-13 21:41:58.254040: Epoch time: 22.81 s
2026-06-13 21:41:59.157404: 
2026-06-13 21:41:59.159051: Epoch 426
2026-06-13 21:41:59.160559: Current learning rate: 0.00607
2026-06-13 21:42:21.885685: train_loss -0.6214
2026-06-13 21:42:21.888210: val_loss -0.5235
2026-06-13 21:42:21.889911: Pseudo dice [0.5742]
2026-06-13 21:42:21.891569: Epoch time: 22.73 s
2026-06-13 21:42:22.798874: 
2026-06-13 21:42:22.800712: Epoch 427
2026-06-13 21:42:22.802424: Current learning rate: 0.00606
2026-06-13 21:42:45.433292: train_loss -0.6487
2026-06-13 21:42:45.435560: val_loss -0.5
2026-06-13 21:42:45.437222: Pseudo dice [0.5644]
2026-06-13 21:42:45.438887: Epoch time: 22.64 s
2026-06-13 21:42:46.343730: 
2026-06-13 21:42:46.345245: Epoch 428
2026-06-13 21:42:46.346689: Current learning rate: 0.00605
2026-06-13 21:43:09.042283: train_loss -0.602
2026-06-13 21:43:09.045287: val_loss -0.4597
2026-06-13 21:43:09.047073: Pseudo dice [0.4979]
2026-06-13 21:43:09.048614: Epoch time: 22.7 s
2026-06-13 21:43:09.971932: 
2026-06-13 21:43:09.984149: Epoch 429
2026-06-13 21:43:09.985771: Current learning rate: 0.00604
2026-06-13 21:43:32.825585: train_loss -0.6288
2026-06-13 21:43:32.828034: val_loss -0.5323
2026-06-13 21:43:32.832857: Pseudo dice [0.552]
2026-06-13 21:43:32.834463: Epoch time: 22.85 s
2026-06-13 21:43:33.747487: 
2026-06-13 21:43:33.749121: Epoch 430
2026-06-13 21:43:33.750698: Current learning rate: 0.00603
2026-06-13 21:43:56.597641: train_loss -0.6559
2026-06-13 21:43:56.601432: val_loss -0.5628
2026-06-13 21:43:56.602951: Pseudo dice [0.5753]
2026-06-13 21:43:56.604591: Epoch time: 22.85 s
2026-06-13 21:43:57.513404: 
2026-06-13 21:43:57.515076: Epoch 431
2026-06-13 21:43:57.516597: Current learning rate: 0.00602
2026-06-13 21:44:20.354583: train_loss -0.6428
2026-06-13 21:44:20.357967: val_loss -0.5313
2026-06-13 21:44:20.359553: Pseudo dice [0.57]
2026-06-13 21:44:20.361907: Epoch time: 22.84 s
2026-06-13 21:44:21.288306: 
2026-06-13 21:44:21.290701: Epoch 432
2026-06-13 21:44:21.292405: Current learning rate: 0.00601
2026-06-13 21:44:44.021446: train_loss -0.6397
2026-06-13 21:44:44.024290: val_loss -0.5998
2026-06-13 21:44:44.025867: Pseudo dice [0.5925]
2026-06-13 21:44:44.027346: Epoch time: 22.73 s
2026-06-13 21:44:44.935428: 
2026-06-13 21:44:44.937182: Epoch 433
2026-06-13 21:44:44.938762: Current learning rate: 0.006
2026-06-13 21:45:07.600482: train_loss -0.6229
2026-06-13 21:45:07.603265: val_loss -0.5056
2026-06-13 21:45:07.604909: Pseudo dice [0.5359]
2026-06-13 21:45:07.606461: Epoch time: 22.67 s
2026-06-13 21:45:08.516771: 
2026-06-13 21:45:08.518348: Epoch 434
2026-06-13 21:45:08.519913: Current learning rate: 0.00599
2026-06-13 21:45:31.195215: train_loss -0.6385
2026-06-13 21:45:31.197771: val_loss -0.4926
2026-06-13 21:45:31.200602: Pseudo dice [0.5286]
2026-06-13 21:45:31.202068: Epoch time: 22.68 s
2026-06-13 21:45:32.128326: 
2026-06-13 21:45:32.130894: Epoch 435
2026-06-13 21:45:32.132410: Current learning rate: 0.00598
2026-06-13 21:45:54.856756: train_loss -0.6436
2026-06-13 21:45:54.859494: val_loss -0.5425
2026-06-13 21:45:54.861026: Pseudo dice [0.5671]
2026-06-13 21:45:54.862716: Epoch time: 22.73 s
2026-06-13 21:45:55.778476: 
2026-06-13 21:45:55.780150: Epoch 436
2026-06-13 21:45:55.781724: Current learning rate: 0.00597
2026-06-13 21:46:18.470678: train_loss -0.6635
2026-06-13 21:46:18.473467: val_loss -0.5252
2026-06-13 21:46:18.475008: Pseudo dice [0.55]
2026-06-13 21:46:18.476625: Epoch time: 22.69 s
2026-06-13 21:46:19.894168: 
2026-06-13 21:46:19.896063: Epoch 437
2026-06-13 21:46:19.897780: Current learning rate: 0.00596
2026-06-13 21:46:42.624500: train_loss -0.6089
2026-06-13 21:46:42.633354: val_loss -0.4939
2026-06-13 21:46:42.635953: Pseudo dice [0.5434]
2026-06-13 21:46:42.641565: Epoch time: 22.73 s
2026-06-13 21:46:43.558833: 
2026-06-13 21:46:43.560414: Epoch 438
2026-06-13 21:46:43.561964: Current learning rate: 0.00595
2026-06-13 21:47:06.230360: train_loss -0.6165
2026-06-13 21:47:06.233873: val_loss -0.5529
2026-06-13 21:47:06.235349: Pseudo dice [0.5794]
2026-06-13 21:47:06.236717: Epoch time: 22.67 s
2026-06-13 21:47:07.135580: 
2026-06-13 21:47:07.137179: Epoch 439
2026-06-13 21:47:07.139349: Current learning rate: 0.00594
2026-06-13 21:47:29.784424: train_loss -0.6306
2026-06-13 21:47:29.788279: val_loss -0.5508
2026-06-13 21:47:29.789759: Pseudo dice [0.5707]
2026-06-13 21:47:29.791442: Epoch time: 22.65 s
2026-06-13 21:47:30.698050: 
2026-06-13 21:47:30.699599: Epoch 440
2026-06-13 21:47:30.700996: Current learning rate: 0.00593
2026-06-13 21:47:53.487727: train_loss -0.6664
2026-06-13 21:47:53.491059: val_loss -0.4739
2026-06-13 21:47:53.492545: Pseudo dice [0.5517]
2026-06-13 21:47:53.493894: Epoch time: 22.79 s
2026-06-13 21:47:54.402416: 
2026-06-13 21:47:54.403997: Epoch 441
2026-06-13 21:47:54.405546: Current learning rate: 0.00592
2026-06-13 21:48:17.011060: train_loss -0.628
2026-06-13 21:48:17.013774: val_loss -0.5466
2026-06-13 21:48:17.015342: Pseudo dice [0.5606]
2026-06-13 21:48:17.016754: Epoch time: 22.61 s
2026-06-13 21:48:18.113412: 
2026-06-13 21:48:18.114935: Epoch 442
2026-06-13 21:48:18.116452: Current learning rate: 0.00592
2026-06-13 21:48:40.821626: train_loss -0.6468
2026-06-13 21:48:40.824399: val_loss -0.5182
2026-06-13 21:48:40.825873: Pseudo dice [0.5786]
2026-06-13 21:48:40.827383: Epoch time: 22.71 s
2026-06-13 21:48:41.733477: 
2026-06-13 21:48:41.735143: Epoch 443
2026-06-13 21:48:41.736641: Current learning rate: 0.00591
2026-06-13 21:49:04.304243: train_loss -0.6472
2026-06-13 21:49:04.307272: val_loss -0.4679
2026-06-13 21:49:04.308841: Pseudo dice [0.5057]
2026-06-13 21:49:04.310302: Epoch time: 22.57 s
2026-06-13 21:49:05.207237: 
2026-06-13 21:49:05.208909: Epoch 444
2026-06-13 21:49:05.210398: Current learning rate: 0.0059
2026-06-13 21:49:27.817140: train_loss -0.6416
2026-06-13 21:49:27.819781: val_loss -0.5042
2026-06-13 21:49:27.821293: Pseudo dice [0.5631]
2026-06-13 21:49:27.822848: Epoch time: 22.61 s
2026-06-13 21:49:28.720702: 
2026-06-13 21:49:28.723310: Epoch 445
2026-06-13 21:49:28.725155: Current learning rate: 0.00589
2026-06-13 21:49:51.397642: train_loss -0.6596
2026-06-13 21:49:51.400490: val_loss -0.5322
2026-06-13 21:49:51.401983: Pseudo dice [0.5758]
2026-06-13 21:49:51.403535: Epoch time: 22.68 s
2026-06-13 21:49:52.306985: 
2026-06-13 21:49:52.308457: Epoch 446
2026-06-13 21:49:52.309903: Current learning rate: 0.00588
2026-06-13 21:50:15.069076: train_loss -0.6662
2026-06-13 21:50:15.072056: val_loss -0.5716
2026-06-13 21:50:15.073611: Pseudo dice [0.6074]
2026-06-13 21:50:15.075016: Epoch time: 22.76 s
2026-06-13 21:50:15.076370: Yayy! New best EMA pseudo Dice: 0.5623
2026-06-13 21:50:16.460582: 
2026-06-13 21:50:16.462863: Epoch 447
2026-06-13 21:50:16.464332: Current learning rate: 0.00587
2026-06-13 21:50:39.022467: train_loss -0.665
2026-06-13 21:50:39.025026: val_loss -0.548
2026-06-13 21:50:39.026559: Pseudo dice [0.5651]
2026-06-13 21:50:39.027940: Epoch time: 22.56 s
2026-06-13 21:50:39.029478: Yayy! New best EMA pseudo Dice: 0.5626
2026-06-13 21:50:40.415740: 
2026-06-13 21:50:40.417398: Epoch 448
2026-06-13 21:50:40.418817: Current learning rate: 0.00586
2026-06-13 21:51:03.019456: train_loss -0.6523
2026-06-13 21:51:03.022660: val_loss -0.5284
2026-06-13 21:51:03.024140: Pseudo dice [0.5608]
2026-06-13 21:51:03.025674: Epoch time: 22.6 s
2026-06-13 21:51:03.918453: 
2026-06-13 21:51:03.920126: Epoch 449
2026-06-13 21:51:03.921522: Current learning rate: 0.00585
2026-06-13 21:51:26.666440: train_loss -0.6647
2026-06-13 21:51:26.669657: val_loss -0.5044
2026-06-13 21:51:26.671160: Pseudo dice [0.5601]
2026-06-13 21:51:26.672620: Epoch time: 22.75 s
2026-06-13 21:51:28.055448: 
2026-06-13 21:51:28.056959: Epoch 450
2026-06-13 21:51:28.058743: Current learning rate: 0.00584
2026-06-13 21:51:50.729183: train_loss -0.6837
2026-06-13 21:51:50.732000: val_loss -0.5313
2026-06-13 21:51:50.734517: Pseudo dice [0.567]
2026-06-13 21:51:50.736163: Epoch time: 22.67 s
2026-06-13 21:51:50.737724: Yayy! New best EMA pseudo Dice: 0.5626
2026-06-13 21:51:52.122748: 
2026-06-13 21:51:52.124654: Epoch 451
2026-06-13 21:51:52.126076: Current learning rate: 0.00583
2026-06-13 21:52:14.713223: train_loss -0.6402
2026-06-13 21:52:14.716131: val_loss -0.6043
2026-06-13 21:52:14.717625: Pseudo dice [0.6179]
2026-06-13 21:52:14.719211: Epoch time: 22.59 s
2026-06-13 21:52:14.720787: Yayy! New best EMA pseudo Dice: 0.5682
2026-06-13 21:52:16.103082: 
2026-06-13 21:52:16.104785: Epoch 452
2026-06-13 21:52:16.106243: Current learning rate: 0.00582
2026-06-13 21:52:38.808180: train_loss -0.6401
2026-06-13 21:52:38.811574: val_loss -0.5089
2026-06-13 21:52:38.813218: Pseudo dice [0.5479]
2026-06-13 21:52:38.814782: Epoch time: 22.71 s
2026-06-13 21:52:39.712713: 
2026-06-13 21:52:39.714303: Epoch 453
2026-06-13 21:52:39.715885: Current learning rate: 0.00581
2026-06-13 21:53:02.431151: train_loss -0.6486
2026-06-13 21:53:02.434432: val_loss -0.4799
2026-06-13 21:53:02.436013: Pseudo dice [0.5222]
2026-06-13 21:53:02.437522: Epoch time: 22.72 s
2026-06-13 21:53:03.845200: 
2026-06-13 21:53:03.846778: Epoch 454
2026-06-13 21:53:03.848165: Current learning rate: 0.0058
2026-06-13 21:53:26.479065: train_loss -0.6531
2026-06-13 21:53:26.482527: val_loss -0.4859
2026-06-13 21:53:26.484075: Pseudo dice [0.5204]
2026-06-13 21:53:26.485603: Epoch time: 22.63 s
2026-06-13 21:53:27.390009: 
2026-06-13 21:53:27.391490: Epoch 455
2026-06-13 21:53:27.393010: Current learning rate: 0.00579
2026-06-13 21:53:50.083983: train_loss -0.5585
2026-06-13 21:53:50.086150: val_loss -0.6147
2026-06-13 21:53:50.087616: Pseudo dice [0.6015]
2026-06-13 21:53:50.089180: Epoch time: 22.69 s
2026-06-13 21:53:50.976292: 
2026-06-13 21:53:50.977958: Epoch 456
2026-06-13 21:53:50.979486: Current learning rate: 0.00578
2026-06-13 21:54:13.759717: train_loss -0.5126
2026-06-13 21:54:13.762023: val_loss -0.5446
2026-06-13 21:54:13.763731: Pseudo dice [0.5702]
2026-06-13 21:54:13.765217: Epoch time: 22.78 s
2026-06-13 21:54:14.676219: 
2026-06-13 21:54:14.677996: Epoch 457
2026-06-13 21:54:14.679635: Current learning rate: 0.00577
2026-06-13 21:54:37.442948: train_loss -0.6013
2026-06-13 21:54:37.445000: val_loss -0.5235
2026-06-13 21:54:37.446512: Pseudo dice [0.569]
2026-06-13 21:54:37.448007: Epoch time: 22.77 s
2026-06-13 21:54:38.350312: 
2026-06-13 21:54:38.352023: Epoch 458
2026-06-13 21:54:38.353400: Current learning rate: 0.00576
2026-06-13 21:55:01.032469: train_loss -0.669
2026-06-13 21:55:01.034506: val_loss -0.4573
2026-06-13 21:55:01.036079: Pseudo dice [0.5184]
2026-06-13 21:55:01.037641: Epoch time: 22.68 s
2026-06-13 21:55:01.929551: 
2026-06-13 21:55:01.931109: Epoch 459
2026-06-13 21:55:01.932573: Current learning rate: 0.00575
2026-06-13 21:55:24.654769: train_loss -0.6719
2026-06-13 21:55:24.656788: val_loss -0.4782
2026-06-13 21:55:24.658351: Pseudo dice [0.5418]
2026-06-13 21:55:24.659818: Epoch time: 22.73 s
2026-06-13 21:55:25.562263: 
2026-06-13 21:55:25.563944: Epoch 460
2026-06-13 21:55:25.565799: Current learning rate: 0.00574
2026-06-13 21:55:48.290248: train_loss -0.6251
2026-06-13 21:55:48.292584: val_loss -0.5646
2026-06-13 21:55:48.294071: Pseudo dice [0.5662]
2026-06-13 21:55:48.295475: Epoch time: 22.73 s
2026-06-13 21:55:49.187369: 
2026-06-13 21:55:49.188982: Epoch 461
2026-06-13 21:55:49.190355: Current learning rate: 0.00573
2026-06-13 21:56:11.905941: train_loss -0.679
2026-06-13 21:56:11.907770: val_loss -0.5415
2026-06-13 21:56:11.909242: Pseudo dice [0.5484]
2026-06-13 21:56:11.910661: Epoch time: 22.72 s
2026-06-13 21:56:12.823833: 
2026-06-13 21:56:12.825392: Epoch 462
2026-06-13 21:56:12.826928: Current learning rate: 0.00572
2026-06-13 21:56:35.607580: train_loss -0.6626
2026-06-13 21:56:35.609497: val_loss -0.5928
2026-06-13 21:56:35.611072: Pseudo dice [0.5955]
2026-06-13 21:56:35.612626: Epoch time: 22.78 s
2026-06-13 21:56:36.515533: 
2026-06-13 21:56:36.517154: Epoch 463
2026-06-13 21:56:36.518640: Current learning rate: 0.00571
2026-06-13 21:56:59.176754: train_loss -0.6547
2026-06-13 21:56:59.180021: val_loss -0.4997
2026-06-13 21:56:59.182409: Pseudo dice [0.5481]
2026-06-13 21:56:59.184211: Epoch time: 22.66 s
2026-06-13 21:57:00.087365: 
2026-06-13 21:57:00.089090: Epoch 464
2026-06-13 21:57:00.090712: Current learning rate: 0.0057
2026-06-13 21:57:22.851528: train_loss -0.6485
2026-06-13 21:57:22.854075: val_loss -0.5573
2026-06-13 21:57:22.855829: Pseudo dice [0.5855]
2026-06-13 21:57:22.857551: Epoch time: 22.77 s
2026-06-13 21:57:23.752738: 
2026-06-13 21:57:23.754725: Epoch 465
2026-06-13 21:57:23.756359: Current learning rate: 0.0057
2026-06-13 21:57:46.594682: train_loss -0.6711
2026-06-13 21:57:46.597685: val_loss -0.5662
2026-06-13 21:57:46.599479: Pseudo dice [0.6051]
2026-06-13 21:57:46.601107: Epoch time: 22.84 s
2026-06-13 21:57:47.504680: 
2026-06-13 21:57:47.506381: Epoch 466
2026-06-13 21:57:47.507996: Current learning rate: 0.00569
2026-06-13 21:58:10.167558: train_loss -0.6771
2026-06-13 21:58:10.169760: val_loss -0.5601
2026-06-13 21:58:10.171138: Pseudo dice [0.5454]
2026-06-13 21:58:10.172599: Epoch time: 22.66 s
2026-06-13 21:58:11.075086: 
2026-06-13 21:58:11.076841: Epoch 467
2026-06-13 21:58:11.078325: Current learning rate: 0.00568
2026-06-13 21:58:33.790804: train_loss -0.6564
2026-06-13 21:58:33.792951: val_loss -0.5346
2026-06-13 21:58:33.794729: Pseudo dice [0.5675]
2026-06-13 21:58:33.796408: Epoch time: 22.72 s
2026-06-13 21:58:34.693394: 
2026-06-13 21:58:34.695046: Epoch 468
2026-06-13 21:58:34.696513: Current learning rate: 0.00567
2026-06-13 21:58:57.393953: train_loss -0.6358
2026-06-13 21:58:57.395913: val_loss -0.5187
2026-06-13 21:58:57.397424: Pseudo dice [0.554]
2026-06-13 21:58:57.398957: Epoch time: 22.7 s
2026-06-13 21:58:58.315034: 
2026-06-13 21:58:58.316672: Epoch 469
2026-06-13 21:58:58.318235: Current learning rate: 0.00566
2026-06-13 21:59:21.046685: train_loss -0.638
2026-06-13 21:59:21.048777: val_loss -0.5405
2026-06-13 21:59:21.050363: Pseudo dice [0.5793]
2026-06-13 21:59:21.051851: Epoch time: 22.73 s
2026-06-13 21:59:21.959708: 
2026-06-13 21:59:21.961446: Epoch 470
2026-06-13 21:59:21.962995: Current learning rate: 0.00565
2026-06-13 21:59:44.728222: train_loss -0.6276
2026-06-13 21:59:44.730718: val_loss -0.5476
2026-06-13 21:59:44.732672: Pseudo dice [0.5852]
2026-06-13 21:59:44.734161: Epoch time: 22.77 s
2026-06-13 21:59:45.639297: 
2026-06-13 21:59:45.641026: Epoch 471
2026-06-13 21:59:45.642443: Current learning rate: 0.00564
2026-06-13 22:00:08.391798: train_loss -0.6056
2026-06-13 22:00:08.393812: val_loss -0.5082
2026-06-13 22:00:08.395303: Pseudo dice [0.5362]
2026-06-13 22:00:08.396791: Epoch time: 22.75 s
2026-06-13 22:00:09.816947: 
2026-06-13 22:00:09.818596: Epoch 472
2026-06-13 22:00:09.820025: Current learning rate: 0.00563
2026-06-13 22:00:32.589568: train_loss -0.6365
2026-06-13 22:00:32.591813: val_loss -0.4613
2026-06-13 22:00:32.593335: Pseudo dice [0.5075]
2026-06-13 22:00:32.594873: Epoch time: 22.77 s
2026-06-13 22:00:33.508033: 
2026-06-13 22:00:33.509636: Epoch 473
2026-06-13 22:00:33.511302: Current learning rate: 0.00562
2026-06-13 22:00:56.265183: train_loss -0.6102
2026-06-13 22:00:56.267309: val_loss -0.5261
2026-06-13 22:00:56.268872: Pseudo dice [0.5919]
2026-06-13 22:00:56.270391: Epoch time: 22.76 s
2026-06-13 22:00:57.177882: 
2026-06-13 22:00:57.179805: Epoch 474
2026-06-13 22:00:57.181373: Current learning rate: 0.00561
2026-06-13 22:01:19.940873: train_loss -0.6685
2026-06-13 22:01:19.942835: val_loss -0.5386
2026-06-13 22:01:19.944885: Pseudo dice [0.5753]
2026-06-13 22:01:19.946374: Epoch time: 22.76 s
2026-06-13 22:01:20.844636: 
2026-06-13 22:01:20.846265: Epoch 475
2026-06-13 22:01:20.847674: Current learning rate: 0.0056
2026-06-13 22:01:43.544819: train_loss -0.6569
2026-06-13 22:01:43.548192: val_loss -0.5418
2026-06-13 22:01:43.549911: Pseudo dice [0.5789]
2026-06-13 22:01:43.551357: Epoch time: 22.7 s
2026-06-13 22:01:44.471131: 
2026-06-13 22:01:44.472652: Epoch 476
2026-06-13 22:01:44.474000: Current learning rate: 0.00559
2026-06-13 22:02:07.305756: train_loss -0.6503
2026-06-13 22:02:07.309116: val_loss -0.5051
2026-06-13 22:02:07.310697: Pseudo dice [0.5551]
2026-06-13 22:02:07.312201: Epoch time: 22.84 s
2026-06-13 22:02:08.222295: 
2026-06-13 22:02:08.223901: Epoch 477
2026-06-13 22:02:08.225442: Current learning rate: 0.00558
2026-06-13 22:02:31.012070: train_loss -0.6483
2026-06-13 22:02:31.015233: val_loss -0.526
2026-06-13 22:02:31.016692: Pseudo dice [0.577]
2026-06-13 22:02:31.018222: Epoch time: 22.79 s
2026-06-13 22:02:31.940340: 
2026-06-13 22:02:31.942477: Epoch 478
2026-06-13 22:02:31.944709: Current learning rate: 0.00557
2026-06-13 22:02:54.582012: train_loss -0.6354
2026-06-13 22:02:54.585228: val_loss -0.556
2026-06-13 22:02:54.586860: Pseudo dice [0.5756]
2026-06-13 22:02:54.588283: Epoch time: 22.64 s
2026-06-13 22:02:55.506191: 
2026-06-13 22:02:55.509009: Epoch 479
2026-06-13 22:02:55.511831: Current learning rate: 0.00556
2026-06-13 22:03:18.220493: train_loss -0.6207
2026-06-13 22:03:18.226367: val_loss -0.5139
2026-06-13 22:03:18.227967: Pseudo dice [0.5627]
2026-06-13 22:03:18.229430: Epoch time: 22.72 s
2026-06-13 22:03:19.162159: 
2026-06-13 22:03:19.163924: Epoch 480
2026-06-13 22:03:19.165573: Current learning rate: 0.00555
2026-06-13 22:03:41.841918: train_loss -0.6015
2026-06-13 22:03:41.844661: val_loss -0.4621
2026-06-13 22:03:41.846307: Pseudo dice [0.4818]
2026-06-13 22:03:41.847840: Epoch time: 22.68 s
2026-06-13 22:03:42.772435: 
2026-06-13 22:03:42.774024: Epoch 481
2026-06-13 22:03:42.775564: Current learning rate: 0.00554
2026-06-13 22:04:05.494702: train_loss -0.6499
2026-06-13 22:04:05.497591: val_loss -0.5038
2026-06-13 22:04:05.499394: Pseudo dice [0.5377]
2026-06-13 22:04:05.500958: Epoch time: 22.72 s
2026-06-13 22:04:06.413466: 
2026-06-13 22:04:06.415485: Epoch 482
2026-06-13 22:04:06.416848: Current learning rate: 0.00553
2026-06-13 22:04:29.084779: train_loss -0.6647
2026-06-13 22:04:29.087650: val_loss -0.4864
2026-06-13 22:04:29.089450: Pseudo dice [0.5051]
2026-06-13 22:04:29.091158: Epoch time: 22.67 s
2026-06-13 22:04:30.023225: 
2026-06-13 22:04:30.024765: Epoch 483
2026-06-13 22:04:30.026302: Current learning rate: 0.00552
2026-06-13 22:04:52.621108: train_loss -0.6405
2026-06-13 22:04:52.624145: val_loss -0.598
2026-06-13 22:04:52.625779: Pseudo dice [0.5878]
2026-06-13 22:04:52.627472: Epoch time: 22.6 s
2026-06-13 22:04:53.544932: 
2026-06-13 22:04:53.547165: Epoch 484
2026-06-13 22:04:53.548884: Current learning rate: 0.00551
2026-06-13 22:05:16.153754: train_loss -0.6706
2026-06-13 22:05:16.157123: val_loss -0.5491
2026-06-13 22:05:16.158724: Pseudo dice [0.5863]
2026-06-13 22:05:16.160370: Epoch time: 22.61 s
2026-06-13 22:05:17.070951: 
2026-06-13 22:05:17.072661: Epoch 485
2026-06-13 22:05:17.074220: Current learning rate: 0.0055
2026-06-13 22:05:39.780136: train_loss -0.6653
2026-06-13 22:05:39.783169: val_loss -0.5098
2026-06-13 22:05:39.784884: Pseudo dice [0.5731]
2026-06-13 22:05:39.786498: Epoch time: 22.71 s
2026-06-13 22:05:40.700418: 
2026-06-13 22:05:40.702108: Epoch 486
2026-06-13 22:05:40.703619: Current learning rate: 0.00549
2026-06-13 22:06:03.453791: train_loss -0.6539
2026-06-13 22:06:03.456779: val_loss -0.5379
2026-06-13 22:06:03.458319: Pseudo dice [0.5636]
2026-06-13 22:06:03.459860: Epoch time: 22.75 s
2026-06-13 22:06:04.375098: 
2026-06-13 22:06:04.376610: Epoch 487
2026-06-13 22:06:04.378037: Current learning rate: 0.00548
2026-06-13 22:06:27.136359: train_loss -0.6507
2026-06-13 22:06:27.139825: val_loss -0.5039
2026-06-13 22:06:27.141588: Pseudo dice [0.536]
2026-06-13 22:06:27.143178: Epoch time: 22.76 s
2026-06-13 22:06:28.050164: 
2026-06-13 22:06:28.051784: Epoch 488
2026-06-13 22:06:28.053376: Current learning rate: 0.00547
2026-06-13 22:06:50.742154: train_loss -0.6053
2026-06-13 22:06:50.745059: val_loss -0.4584
2026-06-13 22:06:50.746687: Pseudo dice [0.2881]
2026-06-13 22:06:50.748466: Epoch time: 22.69 s
2026-06-13 22:06:52.163281: 
2026-06-13 22:06:52.164935: Epoch 489
2026-06-13 22:06:52.166447: Current learning rate: 0.00546
2026-06-13 22:07:14.961800: train_loss -0.6469
2026-06-13 22:07:14.964881: val_loss -0.4691
2026-06-13 22:07:14.969368: Pseudo dice [0.5414]
2026-06-13 22:07:14.970965: Epoch time: 22.8 s
2026-06-13 22:07:15.885921: 
2026-06-13 22:07:15.887556: Epoch 490
2026-06-13 22:07:15.889067: Current learning rate: 0.00546
2026-06-13 22:07:38.619436: train_loss -0.6691
2026-06-13 22:07:38.623733: val_loss -0.5069
2026-06-13 22:07:38.625248: Pseudo dice [0.5594]
2026-06-13 22:07:38.626733: Epoch time: 22.73 s
2026-06-13 22:07:39.542609: 
2026-06-13 22:07:39.545468: Epoch 491
2026-06-13 22:07:39.547087: Current learning rate: 0.00545
2026-06-13 22:08:02.197582: train_loss -0.6515
2026-06-13 22:08:02.200187: val_loss -0.5246
2026-06-13 22:08:02.201725: Pseudo dice [0.5723]
2026-06-13 22:08:02.203419: Epoch time: 22.66 s
2026-06-13 22:08:03.136261: 
2026-06-13 22:08:03.138230: Epoch 492
2026-06-13 22:08:03.139802: Current learning rate: 0.00544
2026-06-13 22:08:25.881966: train_loss -0.6361
2026-06-13 22:08:25.884748: val_loss -0.5619
2026-06-13 22:08:25.886247: Pseudo dice [0.5719]
2026-06-13 22:08:25.887836: Epoch time: 22.75 s
2026-06-13 22:08:26.795373: 
2026-06-13 22:08:26.797000: Epoch 493
2026-06-13 22:08:26.798557: Current learning rate: 0.00543
2026-06-13 22:08:49.517994: train_loss -0.661
2026-06-13 22:08:49.521325: val_loss -0.518
2026-06-13 22:08:49.523028: Pseudo dice [0.5727]
2026-06-13 22:08:49.524643: Epoch time: 22.72 s
2026-06-13 22:08:50.445159: 
2026-06-13 22:08:50.446778: Epoch 494
2026-06-13 22:08:50.448304: Current learning rate: 0.00542
2026-06-13 22:09:13.186750: train_loss -0.658
2026-06-13 22:09:13.189664: val_loss -0.5716
2026-06-13 22:09:13.191182: Pseudo dice [0.5745]
2026-06-13 22:09:13.192704: Epoch time: 22.74 s
2026-06-13 22:09:14.112227: 
2026-06-13 22:09:14.114167: Epoch 495
2026-06-13 22:09:14.115749: Current learning rate: 0.00541
2026-06-13 22:09:36.837325: train_loss -0.6301
2026-06-13 22:09:36.839958: val_loss -0.4444
2026-06-13 22:09:36.841810: Pseudo dice [0.47]
2026-06-13 22:09:36.843538: Epoch time: 22.73 s
2026-06-13 22:09:37.781189: 
2026-06-13 22:09:37.782792: Epoch 496
2026-06-13 22:09:37.784320: Current learning rate: 0.0054
2026-06-13 22:10:00.596866: train_loss -0.6887
2026-06-13 22:10:00.600912: val_loss -0.5543
2026-06-13 22:10:00.602551: Pseudo dice [0.5942]
2026-06-13 22:10:00.604219: Epoch time: 22.82 s
2026-06-13 22:10:01.503548: 
2026-06-13 22:10:01.505166: Epoch 497
2026-06-13 22:10:01.506869: Current learning rate: 0.00539
2026-06-13 22:10:24.130245: train_loss -0.6516
2026-06-13 22:10:24.133160: val_loss -0.5349
2026-06-13 22:10:24.134780: Pseudo dice [0.56]
2026-06-13 22:10:24.136329: Epoch time: 22.63 s
2026-06-13 22:10:25.057714: 
2026-06-13 22:10:25.059628: Epoch 498
2026-06-13 22:10:25.061256: Current learning rate: 0.00538
2026-06-13 22:10:47.675458: train_loss -0.645
2026-06-13 22:10:47.678695: val_loss -0.5413
2026-06-13 22:10:47.680388: Pseudo dice [0.5524]
2026-06-13 22:10:47.681926: Epoch time: 22.62 s
2026-06-13 22:10:48.593807: 
2026-06-13 22:10:48.595412: Epoch 499
2026-06-13 22:10:48.596941: Current learning rate: 0.00537
2026-06-13 22:11:11.306916: train_loss -0.6676
2026-06-13 22:11:11.309976: val_loss -0.5208
2026-06-13 22:11:11.311475: Pseudo dice [0.5869]
2026-06-13 22:11:11.313221: Epoch time: 22.71 s
2026-06-13 22:11:12.706411: 
2026-06-13 22:11:12.708049: Epoch 500
2026-06-13 22:11:12.709481: Current learning rate: 0.00536
2026-06-13 22:11:35.394541: train_loss -0.656
2026-06-13 22:11:35.402434: val_loss -0.4273
2026-06-13 22:11:35.405277: Pseudo dice [0.3861]
2026-06-13 22:11:35.410553: Epoch time: 22.69 s
2026-06-13 22:11:36.331422: 
2026-06-13 22:11:36.333037: Epoch 501
2026-06-13 22:11:36.334555: Current learning rate: 0.00535
2026-06-13 22:11:59.061457: train_loss -0.6028
2026-06-13 22:11:59.064710: val_loss -0.588
2026-06-13 22:11:59.066243: Pseudo dice [0.6094]
2026-06-13 22:11:59.067856: Epoch time: 22.73 s
2026-06-13 22:11:59.976812: 
2026-06-13 22:11:59.978464: Epoch 502
2026-06-13 22:11:59.980027: Current learning rate: 0.00534
2026-06-13 22:12:22.688624: train_loss -0.5847
2026-06-13 22:12:22.690804: val_loss -0.5359
2026-06-13 22:12:22.692436: Pseudo dice [0.5352]
2026-06-13 22:12:22.694031: Epoch time: 22.71 s
2026-06-13 22:12:23.590389: 
2026-06-13 22:12:23.591970: Epoch 503
2026-06-13 22:12:23.593468: Current learning rate: 0.00533
2026-06-13 22:12:46.218587: train_loss -0.6739
2026-06-13 22:12:46.220617: val_loss -0.5228
2026-06-13 22:12:46.222313: Pseudo dice [0.5398]
2026-06-13 22:12:46.223781: Epoch time: 22.63 s
2026-06-13 22:12:47.127730: 
2026-06-13 22:12:47.129369: Epoch 504
2026-06-13 22:12:47.130865: Current learning rate: 0.00532
2026-06-13 22:13:09.699587: train_loss -0.6337
2026-06-13 22:13:09.701858: val_loss -0.5248
2026-06-13 22:13:09.703341: Pseudo dice [0.5728]
2026-06-13 22:13:09.704668: Epoch time: 22.57 s
2026-06-13 22:13:10.603965: 
2026-06-13 22:13:10.605625: Epoch 505
2026-06-13 22:13:10.607143: Current learning rate: 0.00531
2026-06-13 22:13:33.334853: train_loss -0.634
2026-06-13 22:13:33.336890: val_loss -0.5661
2026-06-13 22:13:33.338424: Pseudo dice [0.5713]
2026-06-13 22:13:33.339940: Epoch time: 22.73 s
2026-06-13 22:13:34.252075: 
2026-06-13 22:13:34.253619: Epoch 506
2026-06-13 22:13:34.255049: Current learning rate: 0.0053
2026-06-13 22:13:56.933835: train_loss -0.6303
2026-06-13 22:13:56.935799: val_loss -0.5658
2026-06-13 22:13:56.937181: Pseudo dice [0.6019]
2026-06-13 22:13:56.938619: Epoch time: 22.68 s
2026-06-13 22:13:58.338656: 
2026-06-13 22:13:58.340240: Epoch 507
2026-06-13 22:13:58.341814: Current learning rate: 0.00529
2026-06-13 22:14:21.069758: train_loss -0.6648
2026-06-13 22:14:21.071695: val_loss -0.5397
2026-06-13 22:14:21.073118: Pseudo dice [0.565]
2026-06-13 22:14:21.074649: Epoch time: 22.73 s
2026-06-13 22:14:21.981721: 
2026-06-13 22:14:21.983243: Epoch 508
2026-06-13 22:14:21.984754: Current learning rate: 0.00528
2026-06-13 22:14:44.695988: train_loss -0.6738
2026-06-13 22:14:44.698659: val_loss -0.502
2026-06-13 22:14:44.700204: Pseudo dice [0.5503]
2026-06-13 22:14:44.702029: Epoch time: 22.72 s
2026-06-13 22:14:45.607317: 
2026-06-13 22:14:45.608881: Epoch 509
2026-06-13 22:14:45.610253: Current learning rate: 0.00527
2026-06-13 22:15:08.294832: train_loss -0.655
2026-06-13 22:15:08.296886: val_loss -0.515
2026-06-13 22:15:08.298295: Pseudo dice [0.5496]
2026-06-13 22:15:08.299638: Epoch time: 22.69 s
2026-06-13 22:15:09.207728: 
2026-06-13 22:15:09.209413: Epoch 510
2026-06-13 22:15:09.210888: Current learning rate: 0.00526
2026-06-13 22:15:31.929408: train_loss -0.6674
2026-06-13 22:15:31.931302: val_loss -0.5059
2026-06-13 22:15:31.932775: Pseudo dice [0.5226]
2026-06-13 22:15:31.934294: Epoch time: 22.72 s
2026-06-13 22:15:32.847896: 
2026-06-13 22:15:32.849515: Epoch 511
2026-06-13 22:15:32.850970: Current learning rate: 0.00525
2026-06-13 22:15:55.523675: train_loss -0.6097
2026-06-13 22:15:55.525897: val_loss -0.5114
2026-06-13 22:15:55.527393: Pseudo dice [0.555]
2026-06-13 22:15:55.528853: Epoch time: 22.68 s
2026-06-13 22:15:56.446138: 
2026-06-13 22:15:56.448253: Epoch 512
2026-06-13 22:15:56.451152: Current learning rate: 0.00524
2026-06-13 22:16:19.151309: train_loss -0.6728
2026-06-13 22:16:19.153380: val_loss -0.552
2026-06-13 22:16:19.154898: Pseudo dice [0.5855]
2026-06-13 22:16:19.156383: Epoch time: 22.71 s
2026-06-13 22:16:20.067658: 
2026-06-13 22:16:20.069982: Epoch 513
2026-06-13 22:16:20.072510: Current learning rate: 0.00523
2026-06-13 22:16:42.684609: train_loss -0.6452
2026-06-13 22:16:42.686522: val_loss -0.5339
2026-06-13 22:16:42.687916: Pseudo dice [0.5735]
2026-06-13 22:16:42.689427: Epoch time: 22.62 s
2026-06-13 22:16:43.597798: 
2026-06-13 22:16:43.599370: Epoch 514
2026-06-13 22:16:43.600929: Current learning rate: 0.00522
2026-06-13 22:17:06.239670: train_loss -0.6481
2026-06-13 22:17:06.241975: val_loss -0.5491
2026-06-13 22:17:06.244603: Pseudo dice [0.5579]
2026-06-13 22:17:06.245951: Epoch time: 22.64 s
2026-06-13 22:17:07.160549: 
2026-06-13 22:17:07.162063: Epoch 515
2026-06-13 22:17:07.163528: Current learning rate: 0.00521
2026-06-13 22:17:29.981468: train_loss -0.6215
2026-06-13 22:17:29.983488: val_loss -0.5276
2026-06-13 22:17:29.984966: Pseudo dice [0.5739]
2026-06-13 22:17:29.986631: Epoch time: 22.82 s
2026-06-13 22:17:30.900318: 
2026-06-13 22:17:30.901913: Epoch 516
2026-06-13 22:17:30.903312: Current learning rate: 0.0052
2026-06-13 22:17:53.470529: train_loss -0.6175
2026-06-13 22:17:53.473181: val_loss -0.5312
2026-06-13 22:17:53.474524: Pseudo dice [0.5475]
2026-06-13 22:17:53.475990: Epoch time: 22.57 s
2026-06-13 22:17:54.398185: 
2026-06-13 22:17:54.400619: Epoch 517
2026-06-13 22:17:54.403352: Current learning rate: 0.00519
2026-06-13 22:18:17.117728: train_loss -0.6616
2026-06-13 22:18:17.119991: val_loss -0.5019
2026-06-13 22:18:17.121491: Pseudo dice [0.5611]
2026-06-13 22:18:17.122899: Epoch time: 22.72 s
2026-06-13 22:18:18.027327: 
2026-06-13 22:18:18.028952: Epoch 518
2026-06-13 22:18:18.030424: Current learning rate: 0.00518
2026-06-13 22:18:40.652356: train_loss -0.6613
2026-06-13 22:18:40.655794: val_loss -0.5335
2026-06-13 22:18:40.657495: Pseudo dice [0.5641]
2026-06-13 22:18:40.660238: Epoch time: 22.63 s
2026-06-13 22:18:41.563349: 
2026-06-13 22:18:41.564989: Epoch 519
2026-06-13 22:18:41.566490: Current learning rate: 0.00518
2026-06-13 22:19:04.479052: train_loss -0.6693
2026-06-13 22:19:04.481483: val_loss -0.5567
2026-06-13 22:19:04.483062: Pseudo dice [0.5592]
2026-06-13 22:19:04.484555: Epoch time: 22.92 s
2026-06-13 22:19:05.401463: 
2026-06-13 22:19:05.403119: Epoch 520
2026-06-13 22:19:05.404679: Current learning rate: 0.00517
2026-06-13 22:19:28.145618: train_loss -0.6541
2026-06-13 22:19:28.147983: val_loss -0.4396
2026-06-13 22:19:28.149483: Pseudo dice [0.5004]
2026-06-13 22:19:28.150958: Epoch time: 22.75 s
2026-06-13 22:19:29.056800: 
2026-06-13 22:19:29.058292: Epoch 521
2026-06-13 22:19:29.059861: Current learning rate: 0.00516
2026-06-13 22:19:51.780888: train_loss -0.6956
2026-06-13 22:19:51.783485: val_loss -0.604
2026-06-13 22:19:51.785090: Pseudo dice [0.611]
2026-06-13 22:19:51.787133: Epoch time: 22.73 s
2026-06-13 22:19:52.690755: 
2026-06-13 22:19:52.692291: Epoch 522
2026-06-13 22:19:52.693890: Current learning rate: 0.00515
2026-06-13 22:20:15.448631: train_loss -0.6246
2026-06-13 22:20:15.451044: val_loss -0.4621
2026-06-13 22:20:15.455255: Pseudo dice [0.5048]
2026-06-13 22:20:15.456739: Epoch time: 22.76 s
2026-06-13 22:20:16.363616: 
2026-06-13 22:20:16.365274: Epoch 523
2026-06-13 22:20:16.366906: Current learning rate: 0.00514
2026-06-13 22:20:39.125314: train_loss -0.6801
2026-06-13 22:20:39.127636: val_loss -0.5584
2026-06-13 22:20:39.129140: Pseudo dice [0.5838]
2026-06-13 22:20:39.130638: Epoch time: 22.76 s
2026-06-13 22:20:40.547366: 
2026-06-13 22:20:40.548960: Epoch 524
2026-06-13 22:20:40.550307: Current learning rate: 0.00513
2026-06-13 22:21:03.263965: train_loss -0.6732
2026-06-13 22:21:03.268203: val_loss -0.5483
2026-06-13 22:21:03.269662: Pseudo dice [0.5424]
2026-06-13 22:21:03.271184: Epoch time: 22.72 s
2026-06-13 22:21:04.190512: 
2026-06-13 22:21:04.192074: Epoch 525
2026-06-13 22:21:04.193526: Current learning rate: 0.00512
2026-06-13 22:21:27.014827: train_loss -0.6641
2026-06-13 22:21:27.017453: val_loss -0.5526
2026-06-13 22:21:27.018879: Pseudo dice [0.543]
2026-06-13 22:21:27.020296: Epoch time: 22.83 s
2026-06-13 22:21:27.919105: 
2026-06-13 22:21:27.920745: Epoch 526
2026-06-13 22:21:27.922180: Current learning rate: 0.00511
2026-06-13 22:21:50.696849: train_loss -0.6873
2026-06-13 22:21:50.699516: val_loss -0.4693
2026-06-13 22:21:50.700894: Pseudo dice [0.5206]
2026-06-13 22:21:50.702475: Epoch time: 22.78 s
2026-06-13 22:21:51.618754: 
2026-06-13 22:21:51.620284: Epoch 527
2026-06-13 22:21:51.621709: Current learning rate: 0.0051
2026-06-13 22:22:14.438922: train_loss -0.6428
2026-06-13 22:22:14.441699: val_loss -0.5211
2026-06-13 22:22:14.443289: Pseudo dice [0.5303]
2026-06-13 22:22:14.445091: Epoch time: 22.82 s
2026-06-13 22:22:15.354697: 
2026-06-13 22:22:15.356193: Epoch 528
2026-06-13 22:22:15.357690: Current learning rate: 0.00509
2026-06-13 22:22:38.163070: train_loss -0.6597
2026-06-13 22:22:38.165727: val_loss -0.5178
2026-06-13 22:22:38.167219: Pseudo dice [0.5151]
2026-06-13 22:22:38.169740: Epoch time: 22.81 s
2026-06-13 22:22:39.077864: 
2026-06-13 22:22:39.079633: Epoch 529
2026-06-13 22:22:39.081071: Current learning rate: 0.00508
2026-06-13 22:23:01.783603: train_loss -0.6524
2026-06-13 22:23:01.786528: val_loss -0.5523
2026-06-13 22:23:01.787969: Pseudo dice [0.591]
2026-06-13 22:23:01.789529: Epoch time: 22.71 s
2026-06-13 22:23:02.700951: 
2026-06-13 22:23:02.702605: Epoch 530
2026-06-13 22:23:02.704004: Current learning rate: 0.00507
2026-06-13 22:23:25.462192: train_loss -0.6675
2026-06-13 22:23:25.464923: val_loss -0.5595
2026-06-13 22:23:25.466442: Pseudo dice [0.5439]
2026-06-13 22:23:25.467985: Epoch time: 22.76 s
2026-06-13 22:23:26.382607: 
2026-06-13 22:23:26.384367: Epoch 531
2026-06-13 22:23:26.385751: Current learning rate: 0.00506
2026-06-13 22:23:49.164636: train_loss -0.6406
2026-06-13 22:23:49.167839: val_loss -0.5953
2026-06-13 22:23:49.169336: Pseudo dice [0.6074]
2026-06-13 22:23:49.170850: Epoch time: 22.78 s
2026-06-13 22:23:50.093174: 
2026-06-13 22:23:50.094743: Epoch 532
2026-06-13 22:23:50.096211: Current learning rate: 0.00505
2026-06-13 22:24:12.792866: train_loss -0.6103
2026-06-13 22:24:12.795610: val_loss -0.482
2026-06-13 22:24:12.797187: Pseudo dice [0.5453]
2026-06-13 22:24:12.798710: Epoch time: 22.7 s
2026-06-13 22:24:13.703861: 
2026-06-13 22:24:13.705403: Epoch 533
2026-06-13 22:24:13.706976: Current learning rate: 0.00504
2026-06-13 22:24:36.442494: train_loss -0.6722
2026-06-13 22:24:36.445529: val_loss -0.516
2026-06-13 22:24:36.447164: Pseudo dice [0.5214]
2026-06-13 22:24:36.449074: Epoch time: 22.74 s
2026-06-13 22:24:37.353395: 
2026-06-13 22:24:37.355168: Epoch 534
2026-06-13 22:24:37.356696: Current learning rate: 0.00503
2026-06-13 22:25:00.138870: train_loss -0.6625
2026-06-13 22:25:00.142146: val_loss -0.5891
2026-06-13 22:25:00.143619: Pseudo dice [0.6017]
2026-06-13 22:25:00.146808: Epoch time: 22.79 s
2026-06-13 22:25:01.057367: 
2026-06-13 22:25:01.059241: Epoch 535
2026-06-13 22:25:01.060749: Current learning rate: 0.00502
2026-06-13 22:25:23.875780: train_loss -0.6938
2026-06-13 22:25:23.879835: val_loss -0.5204
2026-06-13 22:25:23.881917: Pseudo dice [0.564]
2026-06-13 22:25:23.883952: Epoch time: 22.82 s
2026-06-13 22:25:24.787958: 
2026-06-13 22:25:24.789542: Epoch 536
2026-06-13 22:25:24.790842: Current learning rate: 0.00501
2026-06-13 22:25:47.494071: train_loss -0.6821
2026-06-13 22:25:47.496809: val_loss -0.5671
2026-06-13 22:25:47.498185: Pseudo dice [0.5721]
2026-06-13 22:25:47.500086: Epoch time: 22.71 s
2026-06-13 22:25:48.424971: 
2026-06-13 22:25:48.426975: Epoch 537
2026-06-13 22:25:48.428469: Current learning rate: 0.005
2026-06-13 22:26:11.183892: train_loss -0.6459
2026-06-13 22:26:11.187269: val_loss -0.5721
2026-06-13 22:26:11.188814: Pseudo dice [0.5852]
2026-06-13 22:26:11.190306: Epoch time: 22.76 s
2026-06-13 22:26:12.103428: 
2026-06-13 22:26:12.109274: Epoch 538
2026-06-13 22:26:12.114683: Current learning rate: 0.00499
2026-06-13 22:26:34.720654: train_loss -0.6517
2026-06-13 22:26:34.723475: val_loss -0.5106
2026-06-13 22:26:34.724965: Pseudo dice [0.5575]
2026-06-13 22:26:34.726447: Epoch time: 22.62 s
2026-06-13 22:26:35.638355: 
2026-06-13 22:26:35.639911: Epoch 539
2026-06-13 22:26:35.641426: Current learning rate: 0.00498
2026-06-13 22:26:58.328311: train_loss -0.6489
2026-06-13 22:26:58.331230: val_loss -0.5427
2026-06-13 22:26:58.332734: Pseudo dice [0.5727]
2026-06-13 22:26:58.334226: Epoch time: 22.69 s
2026-06-13 22:26:59.251270: 
2026-06-13 22:26:59.252851: Epoch 540
2026-06-13 22:26:59.254400: Current learning rate: 0.00497
2026-06-13 22:27:21.943456: train_loss -0.6388
2026-06-13 22:27:21.946666: val_loss -0.5299
2026-06-13 22:27:21.948078: Pseudo dice [0.5317]
2026-06-13 22:27:21.949615: Epoch time: 22.69 s
2026-06-13 22:27:22.858847: 
2026-06-13 22:27:22.860384: Epoch 541
2026-06-13 22:27:22.861910: Current learning rate: 0.00496
2026-06-13 22:27:45.660197: train_loss -0.6654
2026-06-13 22:27:45.663482: val_loss -0.5435
2026-06-13 22:27:45.665015: Pseudo dice [0.5527]
2026-06-13 22:27:45.666616: Epoch time: 22.8 s
2026-06-13 22:27:47.092676: 
2026-06-13 22:27:47.094162: Epoch 542
2026-06-13 22:27:47.096084: Current learning rate: 0.00495
2026-06-13 22:28:09.679230: train_loss -0.6431
2026-06-13 22:28:09.690694: val_loss -0.5036
2026-06-13 22:28:09.692276: Pseudo dice [0.5323]
2026-06-13 22:28:09.693781: Epoch time: 22.59 s
2026-06-13 22:28:10.593583: 
2026-06-13 22:28:10.595310: Epoch 543
2026-06-13 22:28:10.596744: Current learning rate: 0.00494
2026-06-13 22:28:33.323200: train_loss -0.6639
2026-06-13 22:28:33.326205: val_loss -0.4958
2026-06-13 22:28:33.327766: Pseudo dice [0.5503]
2026-06-13 22:28:33.329728: Epoch time: 22.73 s
2026-06-13 22:28:34.246721: 
2026-06-13 22:28:34.248302: Epoch 544
2026-06-13 22:28:34.249777: Current learning rate: 0.00493
2026-06-13 22:28:56.911398: train_loss -0.7004
2026-06-13 22:28:56.914568: val_loss -0.5789
2026-06-13 22:28:56.916403: Pseudo dice [0.5713]
2026-06-13 22:28:56.918447: Epoch time: 22.67 s
2026-06-13 22:28:57.819413: 
2026-06-13 22:28:57.821081: Epoch 545
2026-06-13 22:28:57.822527: Current learning rate: 0.00492
2026-06-13 22:29:20.545277: train_loss -0.6819
2026-06-13 22:29:20.547890: val_loss -0.4791
2026-06-13 22:29:20.549439: Pseudo dice [0.4827]
2026-06-13 22:29:20.550943: Epoch time: 22.73 s
2026-06-13 22:29:21.459487: 
2026-06-13 22:29:21.461169: Epoch 546
2026-06-13 22:29:21.462950: Current learning rate: 0.00491
2026-06-13 22:29:44.151515: train_loss -0.636
2026-06-13 22:29:44.155074: val_loss -0.6119
2026-06-13 22:29:44.156663: Pseudo dice [0.5971]
2026-06-13 22:29:44.158185: Epoch time: 22.69 s
2026-06-13 22:29:45.056952: 
2026-06-13 22:29:45.058779: Epoch 547
2026-06-13 22:29:45.060397: Current learning rate: 0.0049
2026-06-13 22:30:07.804624: train_loss -0.6694
2026-06-13 22:30:07.807579: val_loss -0.4678
2026-06-13 22:30:07.809230: Pseudo dice [0.2671]
2026-06-13 22:30:07.810865: Epoch time: 22.75 s
2026-06-13 22:30:08.714782: 
2026-06-13 22:30:08.716680: Epoch 548
2026-06-13 22:30:08.718292: Current learning rate: 0.00489
2026-06-13 22:30:31.440803: train_loss -0.6604
2026-06-13 22:30:31.444060: val_loss -0.5523
2026-06-13 22:30:31.445870: Pseudo dice [0.551]
2026-06-13 22:30:31.447466: Epoch time: 22.73 s
2026-06-13 22:30:32.348161: 
2026-06-13 22:30:32.349886: Epoch 549
2026-06-13 22:30:32.351495: Current learning rate: 0.00488
2026-06-13 22:30:54.918265: train_loss -0.6758
2026-06-13 22:30:54.921714: val_loss -0.4899
2026-06-13 22:30:54.923320: Pseudo dice [0.5102]
2026-06-13 22:30:54.924909: Epoch time: 22.57 s
2026-06-13 22:30:56.322003: 
2026-06-13 22:30:56.323726: Epoch 550
2026-06-13 22:30:56.325279: Current learning rate: 0.00487
2026-06-13 22:31:18.942343: train_loss -0.6517
2026-06-13 22:31:18.945177: val_loss -0.5441
2026-06-13 22:31:18.946702: Pseudo dice [0.5909]
2026-06-13 22:31:18.948229: Epoch time: 22.62 s
2026-06-13 22:31:19.849622: 
2026-06-13 22:31:19.851201: Epoch 551
2026-06-13 22:31:19.852736: Current learning rate: 0.00486
2026-06-13 22:31:42.553596: train_loss -0.6052
2026-06-13 22:31:42.555574: val_loss -0.5418
2026-06-13 22:31:42.557167: Pseudo dice [0.5694]
2026-06-13 22:31:42.558676: Epoch time: 22.71 s
2026-06-13 22:31:43.466658: 
2026-06-13 22:31:43.468328: Epoch 552
2026-06-13 22:31:43.469958: Current learning rate: 0.00485
2026-06-13 22:32:06.150546: train_loss -0.5868
2026-06-13 22:32:06.153156: val_loss -0.546
2026-06-13 22:32:06.154688: Pseudo dice [0.5563]
2026-06-13 22:32:06.156252: Epoch time: 22.69 s
2026-06-13 22:32:07.054862: 
2026-06-13 22:32:07.056552: Epoch 553
2026-06-13 22:32:07.058427: Current learning rate: 0.00484
2026-06-13 22:32:29.850337: train_loss -0.7042
2026-06-13 22:32:29.852583: val_loss -0.5134
2026-06-13 22:32:29.854243: Pseudo dice [0.556]
2026-06-13 22:32:29.855698: Epoch time: 22.8 s
2026-06-13 22:32:30.751776: 
2026-06-13 22:32:30.753736: Epoch 554
2026-06-13 22:32:30.755268: Current learning rate: 0.00484
2026-06-13 22:32:53.539119: train_loss -0.6362
2026-06-13 22:32:53.541351: val_loss -0.5333
2026-06-13 22:32:53.542930: Pseudo dice [0.5418]
2026-06-13 22:32:53.544404: Epoch time: 22.79 s
2026-06-13 22:32:54.447271: 
2026-06-13 22:32:54.448961: Epoch 555
2026-06-13 22:32:54.450640: Current learning rate: 0.00483
2026-06-13 22:33:17.105052: train_loss -0.6673
2026-06-13 22:33:17.107366: val_loss -0.5771
2026-06-13 22:33:17.108993: Pseudo dice [0.6143]
2026-06-13 22:33:17.110501: Epoch time: 22.66 s
2026-06-13 22:33:18.003933: 
2026-06-13 22:33:18.005547: Epoch 556
2026-06-13 22:33:18.007014: Current learning rate: 0.00482
2026-06-13 22:33:40.693472: train_loss -0.6854
2026-06-13 22:33:40.695657: val_loss -0.578
2026-06-13 22:33:40.697097: Pseudo dice [0.5763]
2026-06-13 22:33:40.698634: Epoch time: 22.69 s
2026-06-13 22:33:41.598408: 
2026-06-13 22:33:41.600040: Epoch 557
2026-06-13 22:33:41.601554: Current learning rate: 0.00481
2026-06-13 22:34:04.247987: train_loss -0.6812
2026-06-13 22:34:04.250256: val_loss -0.4877
2026-06-13 22:34:04.251726: Pseudo dice [0.5814]
2026-06-13 22:34:04.253273: Epoch time: 22.65 s
2026-06-13 22:34:05.156338: 
2026-06-13 22:34:05.157889: Epoch 558
2026-06-13 22:34:05.159367: Current learning rate: 0.0048
2026-06-13 22:34:27.826070: train_loss -0.6415
2026-06-13 22:34:27.828301: val_loss -0.5059
2026-06-13 22:34:27.829849: Pseudo dice [0.5203]
2026-06-13 22:34:27.831256: Epoch time: 22.67 s
2026-06-13 22:34:28.738351: 
2026-06-13 22:34:28.739937: Epoch 559
2026-06-13 22:34:28.741491: Current learning rate: 0.00479
2026-06-13 22:34:51.406618: train_loss -0.6334
2026-06-13 22:34:51.408855: val_loss -0.5417
2026-06-13 22:34:51.410316: Pseudo dice [0.5803]
2026-06-13 22:34:51.411782: Epoch time: 22.67 s
2026-06-13 22:34:52.830014: 
2026-06-13 22:34:52.831678: Epoch 560
2026-06-13 22:34:52.833266: Current learning rate: 0.00478
2026-06-13 22:35:15.605557: train_loss -0.6812
2026-06-13 22:35:15.607837: val_loss -0.4654
2026-06-13 22:35:15.609368: Pseudo dice [0.5222]
2026-06-13 22:35:15.612415: Epoch time: 22.78 s
2026-06-13 22:35:16.504136: 
2026-06-13 22:35:16.505717: Epoch 561
2026-06-13 22:35:16.507304: Current learning rate: 0.00477
2026-06-13 22:35:39.196651: train_loss -0.6572
2026-06-13 22:35:39.198895: val_loss -0.53
2026-06-13 22:35:39.200424: Pseudo dice [0.5618]
2026-06-13 22:35:39.201881: Epoch time: 22.69 s
2026-06-13 22:35:40.091079: 
2026-06-13 22:35:40.092709: Epoch 562
2026-06-13 22:35:40.094118: Current learning rate: 0.00476
2026-06-13 22:36:02.692640: train_loss -0.6712
2026-06-13 22:36:02.696697: val_loss -0.5095
2026-06-13 22:36:02.698979: Pseudo dice [0.5206]
2026-06-13 22:36:02.700434: Epoch time: 22.6 s
2026-06-13 22:36:03.603371: 
2026-06-13 22:36:03.604949: Epoch 563
2026-06-13 22:36:03.606531: Current learning rate: 0.00475
2026-06-13 22:36:26.321176: train_loss -0.6405
2026-06-13 22:36:26.323150: val_loss -0.4908
2026-06-13 22:36:26.324735: Pseudo dice [0.5154]
2026-06-13 22:36:26.326257: Epoch time: 22.72 s
2026-06-13 22:36:27.292910: 
2026-06-13 22:36:27.294482: Epoch 564
2026-06-13 22:36:27.295969: Current learning rate: 0.00474
2026-06-13 22:36:50.068103: train_loss -0.6315
2026-06-13 22:36:50.070301: val_loss -0.5009
2026-06-13 22:36:50.071736: Pseudo dice [0.5421]
2026-06-13 22:36:50.073139: Epoch time: 22.78 s
2026-06-13 22:36:50.973988: 
2026-06-13 22:36:50.975554: Epoch 565
2026-06-13 22:36:50.976982: Current learning rate: 0.00473
2026-06-13 22:37:13.852173: train_loss -0.6354
2026-06-13 22:37:13.854585: val_loss -0.5911
2026-06-13 22:37:13.856203: Pseudo dice [0.6034]
2026-06-13 22:37:13.857741: Epoch time: 22.88 s
2026-06-13 22:37:14.767576: 
2026-06-13 22:37:14.769346: Epoch 566
2026-06-13 22:37:14.770830: Current learning rate: 0.00472
2026-06-13 22:37:37.324016: train_loss -0.6785
2026-06-13 22:37:37.326084: val_loss -0.5219
2026-06-13 22:37:37.327736: Pseudo dice [0.5499]
2026-06-13 22:37:37.329439: Epoch time: 22.56 s
2026-06-13 22:37:38.246235: 
2026-06-13 22:37:38.248373: Epoch 567
2026-06-13 22:37:38.251503: Current learning rate: 0.00471
2026-06-13 22:38:00.941080: train_loss -0.6483
2026-06-13 22:38:00.943018: val_loss -0.5007
2026-06-13 22:38:00.944478: Pseudo dice [0.5007]
2026-06-13 22:38:00.945979: Epoch time: 22.7 s
2026-06-13 22:38:01.846893: 
2026-06-13 22:38:01.848774: Epoch 568
2026-06-13 22:38:01.850175: Current learning rate: 0.0047
2026-06-13 22:38:24.452527: train_loss -0.673
2026-06-13 22:38:24.454804: val_loss -0.5292
2026-06-13 22:38:24.456500: Pseudo dice [0.5641]
2026-06-13 22:38:24.458139: Epoch time: 22.61 s
2026-06-13 22:38:25.361638: 
2026-06-13 22:38:25.363419: Epoch 569
2026-06-13 22:38:25.364959: Current learning rate: 0.00469
2026-06-13 22:38:48.031780: train_loss -0.7143
2026-06-13 22:38:48.033863: val_loss -0.4892
2026-06-13 22:38:48.035445: Pseudo dice [0.5251]
2026-06-13 22:38:48.036917: Epoch time: 22.67 s
2026-06-13 22:38:48.929519: 
2026-06-13 22:38:48.931117: Epoch 570
2026-06-13 22:38:48.932502: Current learning rate: 0.00468
2026-06-13 22:39:11.730106: train_loss -0.7015
2026-06-13 22:39:11.732409: val_loss -0.557
2026-06-13 22:39:11.733847: Pseudo dice [0.5698]
2026-06-13 22:39:11.735287: Epoch time: 22.8 s
2026-06-13 22:39:12.639083: 
2026-06-13 22:39:12.640716: Epoch 571
2026-06-13 22:39:12.642242: Current learning rate: 0.00467
2026-06-13 22:39:35.457754: train_loss -0.658
2026-06-13 22:39:35.460969: val_loss -0.5083
2026-06-13 22:39:35.462538: Pseudo dice [0.5621]
2026-06-13 22:39:35.464016: Epoch time: 22.82 s
2026-06-13 22:39:36.359063: 
2026-06-13 22:39:36.361922: Epoch 572
2026-06-13 22:39:36.364719: Current learning rate: 0.00466
2026-06-13 22:39:59.150006: train_loss -0.6871
2026-06-13 22:39:59.152570: val_loss -0.528
2026-06-13 22:39:59.154103: Pseudo dice [0.5604]
2026-06-13 22:39:59.155687: Epoch time: 22.79 s
2026-06-13 22:40:00.068970: 
2026-06-13 22:40:00.070560: Epoch 573
2026-06-13 22:40:00.071959: Current learning rate: 0.00465
2026-06-13 22:40:22.925283: train_loss -0.6773
2026-06-13 22:40:22.927756: val_loss -0.4917
2026-06-13 22:40:22.929293: Pseudo dice [0.5601]
2026-06-13 22:40:22.930830: Epoch time: 22.86 s
2026-06-13 22:40:23.834464: 
2026-06-13 22:40:23.836286: Epoch 574
2026-06-13 22:40:23.837878: Current learning rate: 0.00464
2026-06-13 22:40:46.577762: train_loss -0.662
2026-06-13 22:40:46.580527: val_loss -0.4938
2026-06-13 22:40:46.582155: Pseudo dice [0.5519]
2026-06-13 22:40:46.584032: Epoch time: 22.74 s
2026-06-13 22:40:47.483963: 
2026-06-13 22:40:47.485635: Epoch 575
2026-06-13 22:40:47.487136: Current learning rate: 0.00463
2026-06-13 22:41:10.061123: train_loss -0.6875
2026-06-13 22:41:10.063750: val_loss -0.5427
2026-06-13 22:41:10.065309: Pseudo dice [0.5597]
2026-06-13 22:41:10.066865: Epoch time: 22.58 s
2026-06-13 22:41:10.976569: 
2026-06-13 22:41:10.978198: Epoch 576
2026-06-13 22:41:10.979756: Current learning rate: 0.00462
2026-06-13 22:41:33.751710: train_loss -0.6886
2026-06-13 22:41:33.754523: val_loss -0.5605
2026-06-13 22:41:33.756234: Pseudo dice [0.5987]
2026-06-13 22:41:33.758404: Epoch time: 22.78 s
2026-06-13 22:41:34.666597: 
2026-06-13 22:41:34.668259: Epoch 577
2026-06-13 22:41:34.669743: Current learning rate: 0.00461
2026-06-13 22:41:57.444560: train_loss -0.6652
2026-06-13 22:41:57.447365: val_loss -0.523
2026-06-13 22:41:57.448972: Pseudo dice [0.5593]
2026-06-13 22:41:57.450471: Epoch time: 22.78 s
2026-06-13 22:41:58.917416: 
2026-06-13 22:41:58.919389: Epoch 578
2026-06-13 22:41:58.920956: Current learning rate: 0.0046
2026-06-13 22:42:21.636774: train_loss -0.6826
2026-06-13 22:42:21.639509: val_loss -0.5417
2026-06-13 22:42:21.641109: Pseudo dice [0.5344]
2026-06-13 22:42:21.642642: Epoch time: 22.72 s
2026-06-13 22:42:22.564064: 
2026-06-13 22:42:22.565686: Epoch 579
2026-06-13 22:42:22.567253: Current learning rate: 0.00459
2026-06-13 22:42:45.369984: train_loss -0.6694
2026-06-13 22:42:45.372574: val_loss -0.5463
2026-06-13 22:42:45.374035: Pseudo dice [0.581]
2026-06-13 22:42:45.375534: Epoch time: 22.81 s
2026-06-13 22:42:46.274665: 
2026-06-13 22:42:46.276466: Epoch 580
2026-06-13 22:42:46.277782: Current learning rate: 0.00458
2026-06-13 22:43:08.951615: train_loss -0.6574
2026-06-13 22:43:08.955148: val_loss -0.5445
2026-06-13 22:43:08.956862: Pseudo dice [0.5945]
2026-06-13 22:43:08.958542: Epoch time: 22.68 s
2026-06-13 22:43:09.870583: 
2026-06-13 22:43:09.872327: Epoch 581
2026-06-13 22:43:09.874455: Current learning rate: 0.00457
2026-06-13 22:43:32.733297: train_loss -0.6776
2026-06-13 22:43:32.736755: val_loss -0.5574
2026-06-13 22:43:32.738209: Pseudo dice [0.5867]
2026-06-13 22:43:32.739703: Epoch time: 22.86 s
2026-06-13 22:43:33.660987: 
2026-06-13 22:43:33.662546: Epoch 582
2026-06-13 22:43:33.664110: Current learning rate: 0.00456
2026-06-13 22:43:56.394789: train_loss -0.6739
2026-06-13 22:43:56.397746: val_loss -0.5109
2026-06-13 22:43:56.399299: Pseudo dice [0.5295]
2026-06-13 22:43:56.400748: Epoch time: 22.73 s
2026-06-13 22:43:57.311945: 
2026-06-13 22:43:57.313524: Epoch 583
2026-06-13 22:43:57.314883: Current learning rate: 0.00455
2026-06-13 22:44:20.021587: train_loss -0.7179
2026-06-13 22:44:20.024655: val_loss -0.4892
2026-06-13 22:44:20.026193: Pseudo dice [0.5338]
2026-06-13 22:44:20.027733: Epoch time: 22.71 s
2026-06-13 22:44:20.927394: 
2026-06-13 22:44:20.929584: Epoch 584
2026-06-13 22:44:20.930996: Current learning rate: 0.00454
2026-06-13 22:44:43.657448: train_loss -0.6843
2026-06-13 22:44:43.660519: val_loss -0.5555
2026-06-13 22:44:43.662004: Pseudo dice [0.5845]
2026-06-13 22:44:43.663578: Epoch time: 22.73 s
2026-06-13 22:44:44.593462: 
2026-06-13 22:44:44.595056: Epoch 585
2026-06-13 22:44:44.596558: Current learning rate: 0.00453
2026-06-13 22:45:07.135097: train_loss -0.6797
2026-06-13 22:45:07.137620: val_loss -0.5844
2026-06-13 22:45:07.139107: Pseudo dice [0.5864]
2026-06-13 22:45:07.140533: Epoch time: 22.54 s
2026-06-13 22:45:08.052026: 
2026-06-13 22:45:08.053535: Epoch 586
2026-06-13 22:45:08.054858: Current learning rate: 0.00452
2026-06-13 22:45:30.785998: train_loss -0.6825
2026-06-13 22:45:30.788869: val_loss -0.5539
2026-06-13 22:45:30.790233: Pseudo dice [0.5698]
2026-06-13 22:45:30.791651: Epoch time: 22.74 s
2026-06-13 22:45:31.694657: 
2026-06-13 22:45:31.696092: Epoch 587
2026-06-13 22:45:31.697480: Current learning rate: 0.00451
2026-06-13 22:45:54.272214: train_loss -0.6603
2026-06-13 22:45:54.277868: val_loss -0.4892
2026-06-13 22:45:54.279886: Pseudo dice [0.5437]
2026-06-13 22:45:54.281404: Epoch time: 22.58 s
2026-06-13 22:45:55.196507: 
2026-06-13 22:45:55.198104: Epoch 588
2026-06-13 22:45:55.199616: Current learning rate: 0.0045
2026-06-13 22:46:17.898304: train_loss -0.7224
2026-06-13 22:46:17.900977: val_loss -0.5155
2026-06-13 22:46:17.902571: Pseudo dice [0.556]
2026-06-13 22:46:17.904051: Epoch time: 22.7 s
2026-06-13 22:46:18.807491: 
2026-06-13 22:46:18.809100: Epoch 589
2026-06-13 22:46:18.810639: Current learning rate: 0.00449
2026-06-13 22:46:41.485880: train_loss -0.6983
2026-06-13 22:46:41.488893: val_loss -0.5767
2026-06-13 22:46:41.490418: Pseudo dice [0.5658]
2026-06-13 22:46:41.491914: Epoch time: 22.68 s
2026-06-13 22:46:42.517827: 
2026-06-13 22:46:42.519305: Epoch 590
2026-06-13 22:46:42.520704: Current learning rate: 0.00448
2026-06-13 22:47:05.191491: train_loss -0.6486
2026-06-13 22:47:05.194811: val_loss -0.477
2026-06-13 22:47:05.196842: Pseudo dice [0.5411]
2026-06-13 22:47:05.198204: Epoch time: 22.67 s
2026-06-13 22:47:06.109833: 
2026-06-13 22:47:06.111397: Epoch 591
2026-06-13 22:47:06.113421: Current learning rate: 0.00447
2026-06-13 22:47:28.889399: train_loss -0.6571
2026-06-13 22:47:28.892563: val_loss -0.4585
2026-06-13 22:47:28.894041: Pseudo dice [0.5347]
2026-06-13 22:47:28.895433: Epoch time: 22.78 s
2026-06-13 22:47:29.797206: 
2026-06-13 22:47:29.798799: Epoch 592
2026-06-13 22:47:29.800184: Current learning rate: 0.00446
2026-06-13 22:47:52.531332: train_loss -0.684
2026-06-13 22:47:52.535332: val_loss -0.554
2026-06-13 22:47:52.539572: Pseudo dice [0.5741]
2026-06-13 22:47:52.541105: Epoch time: 22.74 s
2026-06-13 22:47:53.440328: 
2026-06-13 22:47:53.448894: Epoch 593
2026-06-13 22:47:53.450445: Current learning rate: 0.00445
2026-06-13 22:48:16.111274: train_loss -0.68
2026-06-13 22:48:16.114502: val_loss -0.5107
2026-06-13 22:48:16.116046: Pseudo dice [0.5414]
2026-06-13 22:48:16.117575: Epoch time: 22.67 s
2026-06-13 22:48:17.029763: 
2026-06-13 22:48:17.031327: Epoch 594
2026-06-13 22:48:17.032828: Current learning rate: 0.00444
2026-06-13 22:48:39.664679: train_loss -0.7086
2026-06-13 22:48:39.667294: val_loss -0.5011
2026-06-13 22:48:39.668913: Pseudo dice [0.5193]
2026-06-13 22:48:39.670398: Epoch time: 22.64 s
2026-06-13 22:48:41.149257: 
2026-06-13 22:48:41.151139: Epoch 595
2026-06-13 22:48:41.152661: Current learning rate: 0.00443
2026-06-13 22:49:03.757519: train_loss -0.6821
2026-06-13 22:49:03.760681: val_loss -0.5006
2026-06-13 22:49:03.762258: Pseudo dice [0.569]
2026-06-13 22:49:03.763848: Epoch time: 22.61 s
2026-06-13 22:49:04.670846: 
2026-06-13 22:49:04.672573: Epoch 596
2026-06-13 22:49:04.674046: Current learning rate: 0.00442
2026-06-13 22:49:27.362651: train_loss -0.6677
2026-06-13 22:49:27.366944: val_loss -0.5048
2026-06-13 22:49:27.368491: Pseudo dice [0.5568]
2026-06-13 22:49:27.370035: Epoch time: 22.69 s
2026-06-13 22:49:28.275164: 
2026-06-13 22:49:28.276949: Epoch 597
2026-06-13 22:49:28.278493: Current learning rate: 0.00441
2026-06-13 22:49:51.079590: train_loss -0.6846
2026-06-13 22:49:51.082423: val_loss -0.5718
2026-06-13 22:49:51.084072: Pseudo dice [0.3356]
2026-06-13 22:49:51.085633: Epoch time: 22.81 s
2026-06-13 22:49:51.985312: 
2026-06-13 22:49:51.987071: Epoch 598
2026-06-13 22:49:51.988580: Current learning rate: 0.0044
2026-06-13 22:50:14.736099: train_loss -0.6992
2026-06-13 22:50:14.738754: val_loss -0.5389
2026-06-13 22:50:14.740491: Pseudo dice [0.5657]
2026-06-13 22:50:14.742014: Epoch time: 22.75 s
2026-06-13 22:50:15.646776: 
2026-06-13 22:50:15.648416: Epoch 599
2026-06-13 22:50:15.650026: Current learning rate: 0.00439
2026-06-13 22:50:38.253554: train_loss -0.7051
2026-06-13 22:50:38.255630: val_loss -0.5559
2026-06-13 22:50:38.257097: Pseudo dice [0.5614]
2026-06-13 22:50:38.258686: Epoch time: 22.61 s
2026-06-13 22:50:39.655230: 
2026-06-13 22:50:39.656920: Epoch 600
2026-06-13 22:50:39.658428: Current learning rate: 0.00438
2026-06-13 22:51:02.492322: train_loss -0.6489
2026-06-13 22:51:02.494570: val_loss -0.5513
2026-06-13 22:51:02.496104: Pseudo dice [0.5653]
2026-06-13 22:51:02.497635: Epoch time: 22.84 s
2026-06-13 22:51:03.397534: 
2026-06-13 22:51:03.399227: Epoch 601
2026-06-13 22:51:03.400700: Current learning rate: 0.00437
2026-06-13 22:51:26.261345: train_loss -0.715
2026-06-13 22:51:26.263613: val_loss -0.4676
2026-06-13 22:51:26.265139: Pseudo dice [0.5524]
2026-06-13 22:51:26.266618: Epoch time: 22.86 s
2026-06-13 22:51:27.179266: 
2026-06-13 22:51:27.180920: Epoch 602
2026-06-13 22:51:27.182493: Current learning rate: 0.00436
2026-06-13 22:51:49.939447: train_loss -0.7191
2026-06-13 22:51:49.941563: val_loss -0.5261
2026-06-13 22:51:49.943202: Pseudo dice [0.5411]
2026-06-13 22:51:49.944728: Epoch time: 22.76 s
2026-06-13 22:51:50.847338: 
2026-06-13 22:51:50.849041: Epoch 603
2026-06-13 22:51:50.850678: Current learning rate: 0.00435
2026-06-13 22:52:13.659230: train_loss -0.7021
2026-06-13 22:52:13.661462: val_loss -0.4526
2026-06-13 22:52:13.663002: Pseudo dice [0.5152]
2026-06-13 22:52:13.664484: Epoch time: 22.81 s
2026-06-13 22:52:14.578505: 
2026-06-13 22:52:14.580134: Epoch 604
2026-06-13 22:52:14.581642: Current learning rate: 0.00434
2026-06-13 22:52:37.326072: train_loss -0.6961
2026-06-13 22:52:37.328413: val_loss -0.5728
2026-06-13 22:52:37.330057: Pseudo dice [0.5931]
2026-06-13 22:52:37.331595: Epoch time: 22.75 s
2026-06-13 22:52:38.248535: 
2026-06-13 22:52:38.250360: Epoch 605
2026-06-13 22:52:38.252094: Current learning rate: 0.00433
2026-06-13 22:53:01.024715: train_loss -0.6875
2026-06-13 22:53:01.026698: val_loss -0.5062
2026-06-13 22:53:01.028298: Pseudo dice [0.5401]
2026-06-13 22:53:01.029842: Epoch time: 22.78 s
2026-06-13 22:53:01.938290: 
2026-06-13 22:53:01.940397: Epoch 606
2026-06-13 22:53:01.941922: Current learning rate: 0.00432
2026-06-13 22:53:24.559124: train_loss -0.6938
2026-06-13 22:53:24.561621: val_loss -0.5507
2026-06-13 22:53:24.563419: Pseudo dice [0.2802]
2026-06-13 22:53:24.564893: Epoch time: 22.62 s
2026-06-13 22:53:25.464024: 
2026-06-13 22:53:25.465677: Epoch 607
2026-06-13 22:53:25.467308: Current learning rate: 0.00431
2026-06-13 22:53:48.434085: train_loss -0.6713
2026-06-13 22:53:48.436428: val_loss -0.5137
2026-06-13 22:53:48.437954: Pseudo dice [0.5349]
2026-06-13 22:53:48.439465: Epoch time: 22.97 s
2026-06-13 22:53:49.343919: 
2026-06-13 22:53:49.345473: Epoch 608
2026-06-13 22:53:49.346843: Current learning rate: 0.0043
2026-06-13 22:54:12.151619: train_loss -0.6649
2026-06-13 22:54:12.153977: val_loss -0.5277
2026-06-13 22:54:12.155517: Pseudo dice [0.5728]
2026-06-13 22:54:12.156861: Epoch time: 22.81 s
2026-06-13 22:54:13.071552: 
2026-06-13 22:54:13.073201: Epoch 609
2026-06-13 22:54:13.074673: Current learning rate: 0.00429
2026-06-13 22:54:35.877170: train_loss -0.6474
2026-06-13 22:54:35.879263: val_loss -0.5042
2026-06-13 22:54:35.880767: Pseudo dice [0.559]
2026-06-13 22:54:35.882271: Epoch time: 22.81 s
2026-06-13 22:54:36.804870: 
2026-06-13 22:54:36.806422: Epoch 610
2026-06-13 22:54:36.807990: Current learning rate: 0.00429
2026-06-13 22:54:59.501185: train_loss -0.6904
2026-06-13 22:54:59.503490: val_loss -0.5201
2026-06-13 22:54:59.505078: Pseudo dice [0.5419]
2026-06-13 22:54:59.506544: Epoch time: 22.7 s
2026-06-13 22:55:00.417449: 
2026-06-13 22:55:00.419068: Epoch 611
2026-06-13 22:55:00.420625: Current learning rate: 0.00428
2026-06-13 22:55:23.122281: train_loss -0.7213
2026-06-13 22:55:23.124468: val_loss -0.5971
2026-06-13 22:55:23.126040: Pseudo dice [0.5991]
2026-06-13 22:55:23.127574: Epoch time: 22.71 s
2026-06-13 22:55:24.044286: 
2026-06-13 22:55:24.045992: Epoch 612
2026-06-13 22:55:24.047379: Current learning rate: 0.00427
2026-06-13 22:55:46.720931: train_loss -0.7345
2026-06-13 22:55:46.723025: val_loss -0.5434
2026-06-13 22:55:46.724532: Pseudo dice [0.5867]
2026-06-13 22:55:46.726004: Epoch time: 22.68 s
2026-06-13 22:55:48.140524: 
2026-06-13 22:55:48.142402: Epoch 613
2026-06-13 22:55:48.143890: Current learning rate: 0.00426
2026-06-13 22:56:10.694098: train_loss -0.6909
2026-06-13 22:56:10.696527: val_loss -0.5548
2026-06-13 22:56:10.698061: Pseudo dice [0.5636]
2026-06-13 22:56:10.699688: Epoch time: 22.55 s
2026-06-13 22:56:11.640921: 
2026-06-13 22:56:11.642583: Epoch 614
2026-06-13 22:56:11.644092: Current learning rate: 0.00425
2026-06-13 22:56:34.360213: train_loss -0.6935
2026-06-13 22:56:34.362493: val_loss -0.5637
2026-06-13 22:56:34.364037: Pseudo dice [0.5978]
2026-06-13 22:56:34.365527: Epoch time: 22.72 s
2026-06-13 22:56:35.289075: 
2026-06-13 22:56:35.291229: Epoch 615
2026-06-13 22:56:35.292747: Current learning rate: 0.00424
2026-06-13 22:56:57.875976: train_loss -0.6948
2026-06-13 22:56:57.878620: val_loss -0.5427
2026-06-13 22:56:57.880265: Pseudo dice [0.5777]
2026-06-13 22:56:57.881816: Epoch time: 22.59 s
2026-06-13 22:56:58.796432: 
2026-06-13 22:56:58.798034: Epoch 616
2026-06-13 22:56:58.799544: Current learning rate: 0.00423
2026-06-13 22:57:21.477216: train_loss -0.7034
2026-06-13 22:57:21.480170: val_loss -0.5468
2026-06-13 22:57:21.481696: Pseudo dice [0.5732]
2026-06-13 22:57:21.483249: Epoch time: 22.68 s
2026-06-13 22:57:22.399942: 
2026-06-13 22:57:22.401553: Epoch 617
2026-06-13 22:57:22.403049: Current learning rate: 0.00422
2026-06-13 22:57:45.180669: train_loss -0.6943
2026-06-13 22:57:45.183322: val_loss -0.5411
2026-06-13 22:57:45.188138: Pseudo dice [0.5938]
2026-06-13 22:57:45.189703: Epoch time: 22.78 s
2026-06-13 22:57:46.099038: 
2026-06-13 22:57:46.100730: Epoch 618
2026-06-13 22:57:46.102171: Current learning rate: 0.00421
2026-06-13 22:58:08.753255: train_loss -0.713
2026-06-13 22:58:08.755995: val_loss -0.5322
2026-06-13 22:58:08.757517: Pseudo dice [0.5797]
2026-06-13 22:58:08.759020: Epoch time: 22.66 s
2026-06-13 22:58:09.677127: 
2026-06-13 22:58:09.678815: Epoch 619
2026-06-13 22:58:09.680344: Current learning rate: 0.0042
2026-06-13 22:58:32.285498: train_loss -0.6865
2026-06-13 22:58:32.288514: val_loss -0.5083
2026-06-13 22:58:32.290116: Pseudo dice [0.5517]
2026-06-13 22:58:32.291652: Epoch time: 22.61 s
2026-06-13 22:58:33.217618: 
2026-06-13 22:58:33.219313: Epoch 620
2026-06-13 22:58:33.220787: Current learning rate: 0.00419
2026-06-13 22:58:55.944040: train_loss -0.7309
2026-06-13 22:58:55.946605: val_loss -0.5356
2026-06-13 22:58:55.948152: Pseudo dice [0.5701]
2026-06-13 22:58:55.949698: Epoch time: 22.73 s
2026-06-13 22:58:56.868130: 
2026-06-13 22:58:56.870224: Epoch 621
2026-06-13 22:58:56.871772: Current learning rate: 0.00418
2026-06-13 22:59:19.710848: train_loss -0.7164
2026-06-13 22:59:19.713517: val_loss -0.5127
2026-06-13 22:59:19.715053: Pseudo dice [0.5531]
2026-06-13 22:59:19.716645: Epoch time: 22.84 s
2026-06-13 22:59:20.641021: 
2026-06-13 22:59:20.642658: Epoch 622
2026-06-13 22:59:20.644163: Current learning rate: 0.00417
2026-06-13 22:59:43.276845: train_loss -0.726
2026-06-13 22:59:43.280106: val_loss -0.5361
2026-06-13 22:59:43.281636: Pseudo dice [0.5657]
2026-06-13 22:59:43.283130: Epoch time: 22.64 s
2026-06-13 22:59:44.196402: 
2026-06-13 22:59:44.198075: Epoch 623
2026-06-13 22:59:44.199505: Current learning rate: 0.00416
2026-06-13 23:00:07.108510: train_loss -0.6709
2026-06-13 23:00:07.110970: val_loss -0.5213
2026-06-13 23:00:07.112485: Pseudo dice [0.577]
2026-06-13 23:00:07.113952: Epoch time: 22.91 s
2026-06-13 23:00:08.030513: 
2026-06-13 23:00:08.032212: Epoch 624
2026-06-13 23:00:08.034188: Current learning rate: 0.00415
2026-06-13 23:00:30.765324: train_loss -0.6874
2026-06-13 23:00:30.768132: val_loss -0.5773
2026-06-13 23:00:30.769662: Pseudo dice [0.583]
2026-06-13 23:00:30.771105: Epoch time: 22.74 s
2026-06-13 23:00:31.674923: 
2026-06-13 23:00:31.676458: Epoch 625
2026-06-13 23:00:31.677968: Current learning rate: 0.00414
2026-06-13 23:00:54.383233: train_loss -0.6414
2026-06-13 23:00:54.386550: val_loss -0.5322
2026-06-13 23:00:54.388057: Pseudo dice [0.5734]
2026-06-13 23:00:54.389601: Epoch time: 22.71 s
2026-06-13 23:00:55.301866: 
2026-06-13 23:00:55.303521: Epoch 626
2026-06-13 23:00:55.305100: Current learning rate: 0.00413
2026-06-13 23:01:18.084047: train_loss -0.6782
2026-06-13 23:01:18.086591: val_loss -0.5407
2026-06-13 23:01:18.088132: Pseudo dice [0.5798]
2026-06-13 23:01:18.092125: Epoch time: 22.78 s
2026-06-13 23:01:19.004928: 
2026-06-13 23:01:19.006383: Epoch 627
2026-06-13 23:01:19.007823: Current learning rate: 0.00412
2026-06-13 23:01:41.767176: train_loss -0.6652
2026-06-13 23:01:41.770393: val_loss -0.5074
2026-06-13 23:01:41.773404: Pseudo dice [0.5335]
2026-06-13 23:01:41.775562: Epoch time: 22.76 s
2026-06-13 23:01:42.689463: 
2026-06-13 23:01:42.696536: Epoch 628
2026-06-13 23:01:42.698794: Current learning rate: 0.00411
2026-06-13 23:02:05.448438: train_loss -0.7144
2026-06-13 23:02:05.451611: val_loss -0.4868
2026-06-13 23:02:05.453171: Pseudo dice [0.5553]
2026-06-13 23:02:05.454721: Epoch time: 22.76 s
2026-06-13 23:02:06.360516: 
2026-06-13 23:02:06.362201: Epoch 629
2026-06-13 23:02:06.363612: Current learning rate: 0.0041
2026-06-13 23:02:29.057769: train_loss -0.709
2026-06-13 23:02:29.060930: val_loss -0.5517
2026-06-13 23:02:29.062565: Pseudo dice [0.5653]
2026-06-13 23:02:29.064373: Epoch time: 22.7 s
2026-06-13 23:02:29.978993: 
2026-06-13 23:02:29.980687: Epoch 630
2026-06-13 23:02:29.982243: Current learning rate: 0.00409
2026-06-13 23:02:52.735594: train_loss -0.6959
2026-06-13 23:02:52.739078: val_loss -0.5363
2026-06-13 23:02:52.741367: Pseudo dice [0.5232]
2026-06-13 23:02:52.743261: Epoch time: 22.76 s
2026-06-13 23:02:54.175902: 
2026-06-13 23:02:54.178342: Epoch 631
2026-06-13 23:02:54.180824: Current learning rate: 0.00408
2026-06-13 23:03:16.856916: train_loss -0.7153
2026-06-13 23:03:16.860055: val_loss -0.5302
2026-06-13 23:03:16.861637: Pseudo dice [0.5626]
2026-06-13 23:03:16.863134: Epoch time: 22.68 s
2026-06-13 23:03:17.773792: 
2026-06-13 23:03:17.775553: Epoch 632
2026-06-13 23:03:17.776985: Current learning rate: 0.00407
2026-06-13 23:03:40.465788: train_loss -0.6582
2026-06-13 23:03:40.468451: val_loss -0.4898
2026-06-13 23:03:40.470048: Pseudo dice [0.5137]
2026-06-13 23:03:40.471930: Epoch time: 22.69 s
2026-06-13 23:03:41.379338: 
2026-06-13 23:03:41.381380: Epoch 633
2026-06-13 23:03:41.383063: Current learning rate: 0.00406
2026-06-13 23:04:04.341439: train_loss -0.6918
2026-06-13 23:04:04.344490: val_loss -0.5269
2026-06-13 23:04:04.346148: Pseudo dice [0.5362]
2026-06-13 23:04:04.347781: Epoch time: 22.96 s
2026-06-13 23:04:05.263415: 
2026-06-13 23:04:05.265151: Epoch 634
2026-06-13 23:04:05.266812: Current learning rate: 0.00405
2026-06-13 23:04:28.043324: train_loss -0.6437
2026-06-13 23:04:28.046617: val_loss -0.5419
2026-06-13 23:04:28.048213: Pseudo dice [0.4061]
2026-06-13 23:04:28.050213: Epoch time: 22.78 s
2026-06-13 23:04:28.958127: 
2026-06-13 23:04:28.959777: Epoch 635
2026-06-13 23:04:28.961351: Current learning rate: 0.00404
2026-06-13 23:04:51.628847: train_loss -0.6541
2026-06-13 23:04:51.632131: val_loss -0.4915
2026-06-13 23:04:51.633710: Pseudo dice [0.5429]
2026-06-13 23:04:51.635294: Epoch time: 22.67 s
2026-06-13 23:04:52.543933: 
2026-06-13 23:04:52.545721: Epoch 636
2026-06-13 23:04:52.547247: Current learning rate: 0.00403
2026-06-13 23:05:15.176662: train_loss -0.7128
2026-06-13 23:05:15.179577: val_loss -0.5301
2026-06-13 23:05:15.181226: Pseudo dice [0.5441]
2026-06-13 23:05:15.182871: Epoch time: 22.63 s
2026-06-13 23:05:16.098070: 
2026-06-13 23:05:16.099828: Epoch 637
2026-06-13 23:05:16.101314: Current learning rate: 0.00402
2026-06-13 23:05:38.981273: train_loss -0.7023
2026-06-13 23:05:38.984667: val_loss -0.5698
2026-06-13 23:05:38.986272: Pseudo dice [0.6069]
2026-06-13 23:05:38.987951: Epoch time: 22.88 s
2026-06-13 23:05:39.914193: 
2026-06-13 23:05:39.915817: Epoch 638
2026-06-13 23:05:39.917322: Current learning rate: 0.00401
2026-06-13 23:06:02.702627: train_loss -0.6753
2026-06-13 23:06:02.705228: val_loss -0.5331
2026-06-13 23:06:02.706701: Pseudo dice [0.5676]
2026-06-13 23:06:02.708245: Epoch time: 22.79 s
2026-06-13 23:06:03.614934: 
2026-06-13 23:06:03.616570: Epoch 639
2026-06-13 23:06:03.618104: Current learning rate: 0.004
2026-06-13 23:06:26.444879: train_loss -0.6979
2026-06-13 23:06:26.448436: val_loss -0.5011
2026-06-13 23:06:26.449887: Pseudo dice [0.5409]
2026-06-13 23:06:26.451420: Epoch time: 22.83 s
2026-06-13 23:06:27.370268: 
2026-06-13 23:06:27.371754: Epoch 640
2026-06-13 23:06:27.373204: Current learning rate: 0.00399
2026-06-13 23:06:50.300721: train_loss -0.6811
2026-06-13 23:06:50.304157: val_loss -0.5408
2026-06-13 23:06:50.305746: Pseudo dice [0.5399]
2026-06-13 23:06:50.307290: Epoch time: 22.93 s
2026-06-13 23:06:51.224074: 
2026-06-13 23:06:51.225769: Epoch 641
2026-06-13 23:06:51.227302: Current learning rate: 0.00398
2026-06-13 23:07:14.135377: train_loss -0.6536
2026-06-13 23:07:14.137454: val_loss -0.4905
2026-06-13 23:07:14.139397: Pseudo dice [0.5386]
2026-06-13 23:07:14.141011: Epoch time: 22.91 s
2026-06-13 23:07:15.039525: 
2026-06-13 23:07:15.041257: Epoch 642
2026-06-13 23:07:15.042799: Current learning rate: 0.00397
2026-06-13 23:07:37.844410: train_loss -0.7055
2026-06-13 23:07:37.846900: val_loss -0.4632
2026-06-13 23:07:37.848524: Pseudo dice [0.5209]
2026-06-13 23:07:37.850017: Epoch time: 22.81 s
2026-06-13 23:07:38.777803: 
2026-06-13 23:07:38.779477: Epoch 643
2026-06-13 23:07:38.781084: Current learning rate: 0.00396
2026-06-13 23:08:01.518093: train_loss -0.7078
2026-06-13 23:08:01.520443: val_loss -0.5579
2026-06-13 23:08:01.521995: Pseudo dice [0.5931]
2026-06-13 23:08:01.523401: Epoch time: 22.74 s
2026-06-13 23:08:02.435862: 
2026-06-13 23:08:02.437407: Epoch 644
2026-06-13 23:08:02.438943: Current learning rate: 0.00395
2026-06-13 23:08:25.186535: train_loss -0.7297
2026-06-13 23:08:25.188922: val_loss -0.5585
2026-06-13 23:08:25.191090: Pseudo dice [0.5625]
2026-06-13 23:08:25.192619: Epoch time: 22.75 s
2026-06-13 23:08:26.113572: 
2026-06-13 23:08:26.116203: Epoch 645
2026-06-13 23:08:26.118137: Current learning rate: 0.00394
2026-06-13 23:08:48.838368: train_loss -0.6921
2026-06-13 23:08:48.840321: val_loss -0.4964
2026-06-13 23:08:48.841754: Pseudo dice [0.5679]
2026-06-13 23:08:48.843348: Epoch time: 22.73 s
2026-06-13 23:08:49.745516: 
2026-06-13 23:08:49.747091: Epoch 646
2026-06-13 23:08:49.748589: Current learning rate: 0.00393
2026-06-13 23:09:12.478145: train_loss -0.6797
2026-06-13 23:09:12.480984: val_loss -0.6125
2026-06-13 23:09:12.482534: Pseudo dice [0.6194]
2026-06-13 23:09:12.484063: Epoch time: 22.73 s
2026-06-13 23:09:13.393344: 
2026-06-13 23:09:13.395146: Epoch 647
2026-06-13 23:09:13.396571: Current learning rate: 0.00392
2026-06-13 23:09:36.200092: train_loss -0.6688
2026-06-13 23:09:36.203613: val_loss -0.5261
2026-06-13 23:09:36.205165: Pseudo dice [0.5777]
2026-06-13 23:09:36.206686: Epoch time: 22.81 s
2026-06-13 23:09:37.628971: 
2026-06-13 23:09:37.630674: Epoch 648
2026-06-13 23:09:37.632208: Current learning rate: 0.00391
2026-06-13 23:10:00.417732: train_loss -0.7094
2026-06-13 23:10:00.422384: val_loss -0.4905
2026-06-13 23:10:00.423985: Pseudo dice [0.5326]
2026-06-13 23:10:00.425549: Epoch time: 22.79 s
2026-06-13 23:10:01.348274: 
2026-06-13 23:10:01.350006: Epoch 649
2026-06-13 23:10:01.352076: Current learning rate: 0.0039
2026-06-13 23:10:24.098895: train_loss -0.6928
2026-06-13 23:10:24.101143: val_loss -0.5315
2026-06-13 23:10:24.102702: Pseudo dice [0.5468]
2026-06-13 23:10:24.104342: Epoch time: 22.75 s
2026-06-13 23:10:25.517976: 
2026-06-13 23:10:25.519629: Epoch 650
2026-06-13 23:10:25.521136: Current learning rate: 0.00389
2026-06-13 23:10:48.165583: train_loss -0.6702
2026-06-13 23:10:48.167599: val_loss -0.559
2026-06-13 23:10:48.169092: Pseudo dice [0.5803]
2026-06-13 23:10:48.170516: Epoch time: 22.65 s
2026-06-13 23:10:49.082293: 
2026-06-13 23:10:49.083960: Epoch 651
2026-06-13 23:10:49.085536: Current learning rate: 0.00388
2026-06-13 23:11:11.729695: train_loss -0.7107
2026-06-13 23:11:11.732131: val_loss -0.5324
2026-06-13 23:11:11.733622: Pseudo dice [0.5548]
2026-06-13 23:11:11.735722: Epoch time: 22.65 s
2026-06-13 23:11:12.652199: 
2026-06-13 23:11:12.653904: Epoch 652
2026-06-13 23:11:12.655422: Current learning rate: 0.00387
2026-06-13 23:11:35.403725: train_loss -0.7005
2026-06-13 23:11:35.406105: val_loss -0.5003
2026-06-13 23:11:35.407645: Pseudo dice [0.5273]
2026-06-13 23:11:35.409122: Epoch time: 22.75 s
2026-06-13 23:11:36.323524: 
2026-06-13 23:11:36.325197: Epoch 653
2026-06-13 23:11:36.326722: Current learning rate: 0.00386
2026-06-13 23:11:59.139278: train_loss -0.6884
2026-06-13 23:11:59.143372: val_loss -0.5438
2026-06-13 23:11:59.146404: Pseudo dice [0.5702]
2026-06-13 23:11:59.149662: Epoch time: 22.82 s
2026-06-13 23:12:00.067830: 
2026-06-13 23:12:00.069611: Epoch 654
2026-06-13 23:12:00.071248: Current learning rate: 0.00385
2026-06-13 23:12:22.739184: train_loss -0.6973
2026-06-13 23:12:22.741815: val_loss -0.5747
2026-06-13 23:12:22.743388: Pseudo dice [0.5795]
2026-06-13 23:12:22.745171: Epoch time: 22.67 s
2026-06-13 23:12:23.651245: 
2026-06-13 23:12:23.652886: Epoch 655
2026-06-13 23:12:23.654401: Current learning rate: 0.00384
2026-06-13 23:12:46.261021: train_loss -0.7213
2026-06-13 23:12:46.263796: val_loss -0.5416
2026-06-13 23:12:46.265472: Pseudo dice [0.5741]
2026-06-13 23:12:46.267086: Epoch time: 22.61 s
2026-06-13 23:12:47.183307: 
2026-06-13 23:12:47.185225: Epoch 656
2026-06-13 23:12:47.186734: Current learning rate: 0.00383
2026-06-13 23:13:09.788795: train_loss -0.7121
2026-06-13 23:13:09.790999: val_loss -0.6043
2026-06-13 23:13:09.792396: Pseudo dice [0.6195]
2026-06-13 23:13:09.793901: Epoch time: 22.61 s
2026-06-13 23:13:10.707731: 
2026-06-13 23:13:10.709620: Epoch 657
2026-06-13 23:13:10.711161: Current learning rate: 0.00382
2026-06-13 23:13:33.518448: train_loss -0.7078
2026-06-13 23:13:33.520670: val_loss -0.5131
2026-06-13 23:13:33.522353: Pseudo dice [0.5479]
2026-06-13 23:13:33.523895: Epoch time: 22.81 s
2026-06-13 23:13:34.434157: 
2026-06-13 23:13:34.435699: Epoch 658
2026-06-13 23:13:34.437255: Current learning rate: 0.00381
2026-06-13 23:13:57.098855: train_loss -0.7073
2026-06-13 23:13:57.101338: val_loss -0.5513
2026-06-13 23:13:57.102860: Pseudo dice [0.5725]
2026-06-13 23:13:57.104524: Epoch time: 22.67 s
2026-06-13 23:13:58.044944: 
2026-06-13 23:13:58.046460: Epoch 659
2026-06-13 23:13:58.047988: Current learning rate: 0.0038
2026-06-13 23:14:20.705369: train_loss -0.6874
2026-06-13 23:14:20.707558: val_loss -0.5153
2026-06-13 23:14:20.709339: Pseudo dice [0.5736]
2026-06-13 23:14:20.710974: Epoch time: 22.66 s
2026-06-13 23:14:21.633875: 
2026-06-13 23:14:21.635547: Epoch 660
2026-06-13 23:14:21.637065: Current learning rate: 0.00379
2026-06-13 23:14:44.312612: train_loss -0.726
2026-06-13 23:14:44.317759: val_loss -0.5377
2026-06-13 23:14:44.319687: Pseudo dice [0.5625]
2026-06-13 23:14:44.324073: Epoch time: 22.68 s
2026-06-13 23:14:45.231740: 
2026-06-13 23:14:45.233478: Epoch 661
2026-06-13 23:14:45.234919: Current learning rate: 0.00378
2026-06-13 23:15:07.917621: train_loss -0.7268
2026-06-13 23:15:07.920543: val_loss -0.5847
2026-06-13 23:15:07.922034: Pseudo dice [0.5869]
2026-06-13 23:15:07.923537: Epoch time: 22.69 s
2026-06-13 23:15:08.830580: 
2026-06-13 23:15:08.832272: Epoch 662
2026-06-13 23:15:08.833750: Current learning rate: 0.00377
2026-06-13 23:15:31.578089: train_loss -0.7188
2026-06-13 23:15:31.580832: val_loss -0.4762
2026-06-13 23:15:31.582359: Pseudo dice [0.524]
2026-06-13 23:15:31.583922: Epoch time: 22.75 s
2026-06-13 23:15:32.502580: 
2026-06-13 23:15:32.504204: Epoch 663
2026-06-13 23:15:32.505867: Current learning rate: 0.00376
2026-06-13 23:15:55.215765: train_loss -0.7445
2026-06-13 23:15:55.218996: val_loss -0.5629
2026-06-13 23:15:55.220608: Pseudo dice [0.5934]
2026-06-13 23:15:55.222183: Epoch time: 22.71 s
2026-06-13 23:15:56.130927: 
2026-06-13 23:15:56.142755: Epoch 664
2026-06-13 23:15:56.145641: Current learning rate: 0.00375
2026-06-13 23:16:18.924566: train_loss -0.7197
2026-06-13 23:16:18.927783: val_loss -0.5035
2026-06-13 23:16:18.929387: Pseudo dice [0.5495]
2026-06-13 23:16:18.931137: Epoch time: 22.79 s
2026-06-13 23:16:20.346525: 
2026-06-13 23:16:20.348146: Epoch 665
2026-06-13 23:16:20.349582: Current learning rate: 0.00374
2026-06-13 23:16:43.127008: train_loss -0.7236
2026-06-13 23:16:43.129642: val_loss -0.5371
2026-06-13 23:16:43.131553: Pseudo dice [0.5694]
2026-06-13 23:16:43.133195: Epoch time: 22.78 s
2026-06-13 23:16:44.054166: 
2026-06-13 23:16:44.056129: Epoch 666
2026-06-13 23:16:44.057655: Current learning rate: 0.00373
2026-06-13 23:17:06.770145: train_loss -0.7233
2026-06-13 23:17:06.774236: val_loss -0.4955
2026-06-13 23:17:06.775708: Pseudo dice [0.5441]
2026-06-13 23:17:06.777253: Epoch time: 22.72 s
2026-06-13 23:17:07.693776: 
2026-06-13 23:17:07.695601: Epoch 667
2026-06-13 23:17:07.697134: Current learning rate: 0.00372
2026-06-13 23:17:30.629864: train_loss -0.7109
2026-06-13 23:17:30.633253: val_loss -0.4846
2026-06-13 23:17:30.634737: Pseudo dice [0.5014]
2026-06-13 23:17:30.637845: Epoch time: 22.94 s
2026-06-13 23:17:31.560228: 
2026-06-13 23:17:31.561825: Epoch 668
2026-06-13 23:17:31.563228: Current learning rate: 0.00371
2026-06-13 23:17:54.377596: train_loss -0.7117
2026-06-13 23:17:54.380720: val_loss -0.5253
2026-06-13 23:17:54.382219: Pseudo dice [0.5706]
2026-06-13 23:17:54.383718: Epoch time: 22.82 s
2026-06-13 23:17:55.329881: 
2026-06-13 23:17:55.331477: Epoch 669
2026-06-13 23:17:55.332901: Current learning rate: 0.0037
2026-06-13 23:18:17.935121: train_loss -0.6923
2026-06-13 23:18:17.938568: val_loss -0.5342
2026-06-13 23:18:17.944597: Pseudo dice [0.553]
2026-06-13 23:18:17.946390: Epoch time: 22.61 s
2026-06-13 23:18:18.873139: 
2026-06-13 23:18:18.874776: Epoch 670
2026-06-13 23:18:18.876206: Current learning rate: 0.00369
2026-06-13 23:18:41.685980: train_loss -0.6852
2026-06-13 23:18:41.688984: val_loss -0.4995
2026-06-13 23:18:41.690464: Pseudo dice [0.545]
2026-06-13 23:18:41.691829: Epoch time: 22.81 s
2026-06-13 23:18:42.630907: 
2026-06-13 23:18:42.632500: Epoch 671
2026-06-13 23:18:42.633859: Current learning rate: 0.00368
2026-06-13 23:19:05.451989: train_loss -0.712
2026-06-13 23:19:05.454779: val_loss -0.4843
2026-06-13 23:19:05.456304: Pseudo dice [0.5084]
2026-06-13 23:19:05.457716: Epoch time: 22.82 s
2026-06-13 23:19:06.379652: 
2026-06-13 23:19:06.384898: Epoch 672
2026-06-13 23:19:06.386334: Current learning rate: 0.00367
2026-06-13 23:19:29.053035: train_loss -0.6778
2026-06-13 23:19:29.056056: val_loss -0.558
2026-06-13 23:19:29.057533: Pseudo dice [0.5815]
2026-06-13 23:19:29.058892: Epoch time: 22.67 s
2026-06-13 23:19:29.980923: 
2026-06-13 23:19:29.982757: Epoch 673
2026-06-13 23:19:29.984375: Current learning rate: 0.00366
2026-06-13 23:19:52.760910: train_loss -0.7042
2026-06-13 23:19:52.764002: val_loss -0.5268
2026-06-13 23:19:52.765546: Pseudo dice [0.556]
2026-06-13 23:19:52.767086: Epoch time: 22.78 s
2026-06-13 23:19:53.695843: 
2026-06-13 23:19:53.697446: Epoch 674
2026-06-13 23:19:53.698832: Current learning rate: 0.00365
2026-06-13 23:20:16.453374: train_loss -0.7084
2026-06-13 23:20:16.456217: val_loss -0.5079
2026-06-13 23:20:16.457804: Pseudo dice [0.541]
2026-06-13 23:20:16.459295: Epoch time: 22.76 s
2026-06-13 23:20:17.377350: 
2026-06-13 23:20:17.379005: Epoch 675
2026-06-13 23:20:17.380392: Current learning rate: 0.00364
2026-06-13 23:20:40.109343: train_loss -0.7071
2026-06-13 23:20:40.112887: val_loss -0.5858
2026-06-13 23:20:40.114443: Pseudo dice [0.6181]
2026-06-13 23:20:40.115922: Epoch time: 22.73 s
2026-06-13 23:20:41.054677: 
2026-06-13 23:20:41.056374: Epoch 676
2026-06-13 23:20:41.057868: Current learning rate: 0.00363
2026-06-13 23:21:03.986280: train_loss -0.6952
2026-06-13 23:21:03.989541: val_loss -0.4906
2026-06-13 23:21:03.991024: Pseudo dice [0.3637]
2026-06-13 23:21:03.992558: Epoch time: 22.93 s
2026-06-13 23:21:04.913783: 
2026-06-13 23:21:04.915301: Epoch 677
2026-06-13 23:21:04.916713: Current learning rate: 0.00362
2026-06-13 23:21:27.656913: train_loss -0.7064
2026-06-13 23:21:27.659739: val_loss -0.515
2026-06-13 23:21:27.661261: Pseudo dice [0.5417]
2026-06-13 23:21:27.662782: Epoch time: 22.74 s
2026-06-13 23:21:28.592223: 
2026-06-13 23:21:28.593814: Epoch 678
2026-06-13 23:21:28.595335: Current learning rate: 0.00361
2026-06-13 23:21:51.503626: train_loss -0.6782
2026-06-13 23:21:51.508301: val_loss -0.5157
2026-06-13 23:21:51.509851: Pseudo dice [0.567]
2026-06-13 23:21:51.511459: Epoch time: 22.91 s
2026-06-13 23:21:52.437940: 
2026-06-13 23:21:52.439521: Epoch 679
2026-06-13 23:21:52.441021: Current learning rate: 0.0036
2026-06-13 23:22:15.031751: train_loss -0.7007
2026-06-13 23:22:15.036990: val_loss -0.5374
2026-06-13 23:22:15.045188: Pseudo dice [0.5719]
2026-06-13 23:22:15.046705: Epoch time: 22.59 s
2026-06-13 23:22:15.973588: 
2026-06-13 23:22:15.975181: Epoch 680
2026-06-13 23:22:15.976746: Current learning rate: 0.00359
2026-06-13 23:22:38.655565: train_loss -0.701
2026-06-13 23:22:38.659724: val_loss -0.5402
2026-06-13 23:22:38.664732: Pseudo dice [0.5632]
2026-06-13 23:22:38.669059: Epoch time: 22.68 s
2026-06-13 23:22:39.592929: 
2026-06-13 23:22:39.594780: Epoch 681
2026-06-13 23:22:39.596212: Current learning rate: 0.00358
2026-06-13 23:23:02.308050: train_loss -0.6993
2026-06-13 23:23:02.312071: val_loss -0.5497
2026-06-13 23:23:02.313818: Pseudo dice [0.5586]
2026-06-13 23:23:02.315614: Epoch time: 22.72 s
2026-06-13 23:23:03.228858: 
2026-06-13 23:23:03.230296: Epoch 682
2026-06-13 23:23:03.231770: Current learning rate: 0.00357
2026-06-13 23:23:25.941671: train_loss -0.7062
2026-06-13 23:23:25.944375: val_loss -0.5063
2026-06-13 23:23:25.945801: Pseudo dice [0.5244]
2026-06-13 23:23:25.947176: Epoch time: 22.71 s
2026-06-13 23:23:27.424215: 
2026-06-13 23:23:27.425835: Epoch 683
2026-06-13 23:23:27.427363: Current learning rate: 0.00356
2026-06-13 23:23:50.110627: train_loss -0.6552
2026-06-13 23:23:50.112710: val_loss -0.4603
2026-06-13 23:23:50.115005: Pseudo dice [0.5203]
2026-06-13 23:23:50.116395: Epoch time: 22.69 s
2026-06-13 23:23:51.025858: 
2026-06-13 23:23:51.027429: Epoch 684
2026-06-13 23:23:51.028900: Current learning rate: 0.00355
2026-06-13 23:24:13.863157: train_loss -0.6425
2026-06-13 23:24:13.865280: val_loss -0.5528
2026-06-13 23:24:13.866843: Pseudo dice [0.5946]
2026-06-13 23:24:13.868309: Epoch time: 22.84 s
2026-06-13 23:24:14.782674: 
2026-06-13 23:24:14.785226: Epoch 685
2026-06-13 23:24:14.786620: Current learning rate: 0.00354
2026-06-13 23:24:37.523032: train_loss -0.671
2026-06-13 23:24:37.525290: val_loss -0.5329
2026-06-13 23:24:37.526859: Pseudo dice [0.5415]
2026-06-13 23:24:37.528437: Epoch time: 22.74 s
2026-06-13 23:24:38.441806: 
2026-06-13 23:24:38.443458: Epoch 686
2026-06-13 23:24:38.445062: Current learning rate: 0.00353
2026-06-13 23:25:01.254319: train_loss -0.6992
2026-06-13 23:25:01.256545: val_loss -0.4776
2026-06-13 23:25:01.258079: Pseudo dice [0.5344]
2026-06-13 23:25:01.259583: Epoch time: 22.81 s
2026-06-13 23:25:02.188687: 
2026-06-13 23:25:02.190395: Epoch 687
2026-06-13 23:25:02.192010: Current learning rate: 0.00352
2026-06-13 23:25:24.918232: train_loss -0.6851
2026-06-13 23:25:24.920443: val_loss -0.575
2026-06-13 23:25:24.922254: Pseudo dice [0.5736]
2026-06-13 23:25:24.923763: Epoch time: 22.73 s
2026-06-13 23:25:25.855445: 
2026-06-13 23:25:25.857075: Epoch 688
2026-06-13 23:25:25.858753: Current learning rate: 0.00351
2026-06-13 23:25:48.647817: train_loss -0.6907
2026-06-13 23:25:48.650032: val_loss -0.544
2026-06-13 23:25:48.651558: Pseudo dice [0.542]
2026-06-13 23:25:48.653069: Epoch time: 22.79 s
2026-06-13 23:25:49.594643: 
2026-06-13 23:25:49.596540: Epoch 689
2026-06-13 23:25:49.598016: Current learning rate: 0.0035
2026-06-13 23:26:12.372693: train_loss -0.7206
2026-06-13 23:26:12.374904: val_loss -0.497
2026-06-13 23:26:12.376529: Pseudo dice [0.5445]
2026-06-13 23:26:12.377941: Epoch time: 22.78 s
2026-06-13 23:26:13.307447: 
2026-06-13 23:26:13.309146: Epoch 690
2026-06-13 23:26:13.311129: Current learning rate: 0.00349
2026-06-13 23:26:36.088553: train_loss -0.7479
2026-06-13 23:26:36.090789: val_loss -0.4903
2026-06-13 23:26:36.092192: Pseudo dice [0.5452]
2026-06-13 23:26:36.093754: Epoch time: 22.78 s
2026-06-13 23:26:37.012694: 
2026-06-13 23:26:37.014263: Epoch 691
2026-06-13 23:26:37.015829: Current learning rate: 0.00348
2026-06-13 23:26:59.877563: train_loss -0.7268
2026-06-13 23:26:59.881392: val_loss -0.5324
2026-06-13 23:26:59.883915: Pseudo dice [0.5803]
2026-06-13 23:26:59.886668: Epoch time: 22.87 s
2026-06-13 23:27:00.818262: 
2026-06-13 23:27:00.820016: Epoch 692
2026-06-13 23:27:00.821429: Current learning rate: 0.00346
2026-06-13 23:27:23.624693: train_loss -0.7108
2026-06-13 23:27:23.626851: val_loss -0.4915
2026-06-13 23:27:23.629291: Pseudo dice [0.5466]
2026-06-13 23:27:23.630750: Epoch time: 22.81 s
2026-06-13 23:27:24.557041: 
2026-06-13 23:27:24.558915: Epoch 693
2026-06-13 23:27:24.560430: Current learning rate: 0.00345
2026-06-13 23:27:47.306422: train_loss -0.7441
2026-06-13 23:27:47.308273: val_loss -0.5221
2026-06-13 23:27:47.309769: Pseudo dice [0.5719]
2026-06-13 23:27:47.311242: Epoch time: 22.75 s
2026-06-13 23:27:48.244724: 
2026-06-13 23:27:48.246416: Epoch 694
2026-06-13 23:27:48.247877: Current learning rate: 0.00344
2026-06-13 23:28:10.934135: train_loss -0.6907
2026-06-13 23:28:10.936330: val_loss -0.5621
2026-06-13 23:28:10.937850: Pseudo dice [0.5638]
2026-06-13 23:28:10.939254: Epoch time: 22.69 s
2026-06-13 23:28:11.869121: 
2026-06-13 23:28:11.870801: Epoch 695
2026-06-13 23:28:11.872211: Current learning rate: 0.00343
2026-06-13 23:28:34.619980: train_loss -0.7271
2026-06-13 23:28:34.621889: val_loss -0.5502
2026-06-13 23:28:34.623335: Pseudo dice [0.5556]
2026-06-13 23:28:34.624753: Epoch time: 22.75 s
2026-06-13 23:28:35.555027: 
2026-06-13 23:28:35.556921: Epoch 696
2026-06-13 23:28:35.558316: Current learning rate: 0.00342
2026-06-13 23:28:58.227597: train_loss -0.7318
2026-06-13 23:28:58.229434: val_loss -0.5441
2026-06-13 23:28:58.230989: Pseudo dice [0.5711]
2026-06-13 23:28:58.232422: Epoch time: 22.67 s
2026-06-13 23:28:59.151030: 
2026-06-13 23:28:59.152542: Epoch 697
2026-06-13 23:28:59.153911: Current learning rate: 0.00341
2026-06-13 23:29:21.814648: train_loss -0.7198
2026-06-13 23:29:21.816760: val_loss -0.5275
2026-06-13 23:29:21.818201: Pseudo dice [0.5703]
2026-06-13 23:29:21.819608: Epoch time: 22.66 s
2026-06-13 23:29:22.737880: 
2026-06-13 23:29:22.740120: Epoch 698
2026-06-13 23:29:22.741591: Current learning rate: 0.0034
2026-06-13 23:29:45.509059: train_loss -0.7022
2026-06-13 23:29:45.518289: val_loss -0.5751
2026-06-13 23:29:45.521007: Pseudo dice [0.5864]
2026-06-13 23:29:45.522489: Epoch time: 22.77 s
2026-06-13 23:29:46.439785: 
2026-06-13 23:29:46.450042: Epoch 699
2026-06-13 23:29:46.451594: Current learning rate: 0.00339
2026-06-13 23:30:09.157335: train_loss -0.7164
2026-06-13 23:30:09.160757: val_loss -0.5177
2026-06-13 23:30:09.162759: Pseudo dice [0.5405]
2026-06-13 23:30:09.164767: Epoch time: 22.72 s
2026-06-13 23:30:11.114747: 
2026-06-13 23:30:11.116598: Epoch 700
2026-06-13 23:30:11.118203: Current learning rate: 0.00338
2026-06-13 23:30:33.897568: train_loss -0.7197
2026-06-13 23:30:33.899782: val_loss -0.5571
2026-06-13 23:30:33.901314: Pseudo dice [0.5661]
2026-06-13 23:30:33.902823: Epoch time: 22.78 s
2026-06-13 23:30:34.828642: 
2026-06-13 23:30:34.830365: Epoch 701
2026-06-13 23:30:34.832067: Current learning rate: 0.00337
2026-06-13 23:30:57.545366: train_loss -0.7066
2026-06-13 23:30:57.547438: val_loss -0.5749
2026-06-13 23:30:57.548946: Pseudo dice [0.5653]
2026-06-13 23:30:57.550502: Epoch time: 22.72 s
2026-06-13 23:30:58.469849: 
2026-06-13 23:30:58.471465: Epoch 702
2026-06-13 23:30:58.473020: Current learning rate: 0.00336
2026-06-13 23:31:21.344654: train_loss -0.6838
2026-06-13 23:31:21.349442: val_loss -0.5094
2026-06-13 23:31:21.352196: Pseudo dice [0.5279]
2026-06-13 23:31:21.354277: Epoch time: 22.88 s
2026-06-13 23:31:22.302454: 
2026-06-13 23:31:22.304070: Epoch 703
2026-06-13 23:31:22.305641: Current learning rate: 0.00335
2026-06-13 23:31:44.910673: train_loss -0.6967
2026-06-13 23:31:44.915617: val_loss -0.5359
2026-06-13 23:31:44.917277: Pseudo dice [0.5764]
2026-06-13 23:31:44.918871: Epoch time: 22.61 s
2026-06-13 23:31:45.837995: 
2026-06-13 23:31:45.840041: Epoch 704
2026-06-13 23:31:45.841504: Current learning rate: 0.00334
2026-06-13 23:32:08.682891: train_loss -0.723
2026-06-13 23:32:08.687338: val_loss -0.5331
2026-06-13 23:32:08.693283: Pseudo dice [0.5695]
2026-06-13 23:32:08.696153: Epoch time: 22.85 s
2026-06-13 23:32:09.636304: 
2026-06-13 23:32:09.637929: Epoch 705
2026-06-13 23:32:09.639540: Current learning rate: 0.00333
2026-06-13 23:32:32.257129: train_loss -0.7253
2026-06-13 23:32:32.259798: val_loss -0.5919
2026-06-13 23:32:32.265147: Pseudo dice [0.6054]
2026-06-13 23:32:32.266864: Epoch time: 22.62 s
2026-06-13 23:32:33.189738: 
2026-06-13 23:32:33.191444: Epoch 706
2026-06-13 23:32:33.193588: Current learning rate: 0.00332
2026-06-13 23:32:55.978906: train_loss -0.7281
2026-06-13 23:32:55.982072: val_loss -0.5049
2026-06-13 23:32:55.983513: Pseudo dice [0.5083]
2026-06-13 23:32:55.984998: Epoch time: 22.79 s
2026-06-13 23:32:56.930474: 
2026-06-13 23:32:56.932518: Epoch 707
2026-06-13 23:32:56.933977: Current learning rate: 0.00331
2026-06-13 23:33:19.726059: train_loss -0.731
2026-06-13 23:33:19.729156: val_loss -0.5829
2026-06-13 23:33:19.730615: Pseudo dice [0.5693]
2026-06-13 23:33:19.732177: Epoch time: 22.8 s
2026-06-13 23:33:20.657329: 
2026-06-13 23:33:20.659033: Epoch 708
2026-06-13 23:33:20.660650: Current learning rate: 0.0033
2026-06-13 23:33:43.297008: train_loss -0.7239
2026-06-13 23:33:43.299717: val_loss -0.527
2026-06-13 23:33:43.301263: Pseudo dice [0.5642]
2026-06-13 23:33:43.302664: Epoch time: 22.64 s
2026-06-13 23:33:44.234421: 
2026-06-13 23:33:44.236159: Epoch 709
2026-06-13 23:33:44.237674: Current learning rate: 0.00329
2026-06-13 23:34:07.013286: train_loss -0.7108
2026-06-13 23:34:07.016222: val_loss -0.5556
2026-06-13 23:34:07.017716: Pseudo dice [0.5826]
2026-06-13 23:34:07.019182: Epoch time: 22.78 s
2026-06-13 23:34:07.940330: 
2026-06-13 23:34:07.941941: Epoch 710
2026-06-13 23:34:07.943298: Current learning rate: 0.00328
2026-06-13 23:34:30.622209: train_loss -0.7191
2026-06-13 23:34:30.625352: val_loss -0.4887
2026-06-13 23:34:30.626982: Pseudo dice [0.5278]
2026-06-13 23:34:30.628511: Epoch time: 22.68 s
2026-06-13 23:34:31.556214: 
2026-06-13 23:34:31.557861: Epoch 711
2026-06-13 23:34:31.559427: Current learning rate: 0.00327
2026-06-13 23:34:54.343182: train_loss -0.7212
2026-06-13 23:34:54.345991: val_loss -0.5791
2026-06-13 23:34:54.347727: Pseudo dice [0.6245]
2026-06-13 23:34:54.349267: Epoch time: 22.79 s
2026-06-13 23:34:55.272811: 
2026-06-13 23:34:55.274447: Epoch 712
2026-06-13 23:34:55.275915: Current learning rate: 0.00326
2026-06-13 23:35:17.967047: train_loss -0.7364
2026-06-13 23:35:17.970312: val_loss -0.5593
2026-06-13 23:35:17.971847: Pseudo dice [0.582]
2026-06-13 23:35:17.973383: Epoch time: 22.7 s
2026-06-13 23:35:18.905729: 
2026-06-13 23:35:18.907400: Epoch 713
2026-06-13 23:35:18.908816: Current learning rate: 0.00325
2026-06-13 23:35:41.670632: train_loss -0.7284
2026-06-13 23:35:41.675125: val_loss -0.5147
2026-06-13 23:35:41.676716: Pseudo dice [0.534]
2026-06-13 23:35:41.678705: Epoch time: 22.77 s
2026-06-13 23:35:42.683781: 
2026-06-13 23:35:42.685587: Epoch 714
2026-06-13 23:35:42.687055: Current learning rate: 0.00324
2026-06-13 23:36:05.498765: train_loss -0.7075
2026-06-13 23:36:05.503259: val_loss -0.4956
2026-06-13 23:36:05.505539: Pseudo dice [0.5537]
2026-06-13 23:36:05.507185: Epoch time: 22.82 s
2026-06-13 23:36:06.439481: 
2026-06-13 23:36:06.441274: Epoch 715
2026-06-13 23:36:06.442792: Current learning rate: 0.00323
2026-06-13 23:36:29.151685: train_loss -0.7253
2026-06-13 23:36:29.154700: val_loss -0.6035
2026-06-13 23:36:29.156165: Pseudo dice [0.611]
2026-06-13 23:36:29.157657: Epoch time: 22.71 s
2026-06-13 23:36:30.081473: 
2026-06-13 23:36:30.086093: Epoch 716
2026-06-13 23:36:30.087640: Current learning rate: 0.00322
2026-06-13 23:36:52.883601: train_loss -0.6808
2026-06-13 23:36:52.886792: val_loss -0.6379
2026-06-13 23:36:52.888224: Pseudo dice [0.6474]
2026-06-13 23:36:52.889586: Epoch time: 22.8 s
2026-06-13 23:36:52.891035: Yayy! New best EMA pseudo Dice: 0.5756
2026-06-13 23:36:54.821315: 
2026-06-13 23:36:54.822796: Epoch 717
2026-06-13 23:36:54.824277: Current learning rate: 0.00321
2026-06-13 23:37:17.486705: train_loss -0.7277
2026-06-13 23:37:17.489429: val_loss -0.5247
2026-06-13 23:37:17.490867: Pseudo dice [0.5665]
2026-06-13 23:37:17.492421: Epoch time: 22.67 s
2026-06-13 23:37:18.431307: 
2026-06-13 23:37:18.432967: Epoch 718
2026-06-13 23:37:18.434450: Current learning rate: 0.0032
2026-06-13 23:37:41.119581: train_loss -0.7407
2026-06-13 23:37:41.122524: val_loss -0.5853
2026-06-13 23:37:41.124238: Pseudo dice [0.5721]
2026-06-13 23:37:41.125896: Epoch time: 22.69 s
2026-06-13 23:37:42.050480: 
2026-06-13 23:37:42.052318: Epoch 719
2026-06-13 23:37:42.053940: Current learning rate: 0.00319
2026-06-13 23:38:04.786824: train_loss -0.7014
2026-06-13 23:38:04.790511: val_loss -0.5364
2026-06-13 23:38:04.792991: Pseudo dice [0.5493]
2026-06-13 23:38:04.796911: Epoch time: 22.74 s
2026-06-13 23:38:05.734257: 
2026-06-13 23:38:05.735946: Epoch 720
2026-06-13 23:38:05.737644: Current learning rate: 0.00318
2026-06-13 23:38:28.345132: train_loss -0.702
2026-06-13 23:38:28.349958: val_loss -0.5544
2026-06-13 23:38:28.351533: Pseudo dice [0.5812]
2026-06-13 23:38:28.353239: Epoch time: 22.61 s
2026-06-13 23:38:29.272629: 
2026-06-13 23:38:29.274360: Epoch 721
2026-06-13 23:38:29.276801: Current learning rate: 0.00317
2026-06-13 23:38:51.876666: train_loss -0.7185
2026-06-13 23:38:51.879637: val_loss -0.5545
2026-06-13 23:38:51.881183: Pseudo dice [0.5608]
2026-06-13 23:38:51.882796: Epoch time: 22.61 s
2026-06-13 23:38:52.829459: 
2026-06-13 23:38:52.831164: Epoch 722
2026-06-13 23:38:52.832589: Current learning rate: 0.00316
2026-06-13 23:39:15.577670: train_loss -0.7457
2026-06-13 23:39:15.580861: val_loss -0.5535
2026-06-13 23:39:15.582355: Pseudo dice [0.5792]
2026-06-13 23:39:15.583860: Epoch time: 22.75 s
2026-06-13 23:39:16.511084: 
2026-06-13 23:39:16.512700: Epoch 723
2026-06-13 23:39:16.514463: Current learning rate: 0.00315
2026-06-13 23:39:39.296980: train_loss -0.7468
2026-06-13 23:39:39.299550: val_loss -0.5084
2026-06-13 23:39:39.301069: Pseudo dice [0.5447]
2026-06-13 23:39:39.302639: Epoch time: 22.79 s
2026-06-13 23:39:40.227937: 
2026-06-13 23:39:40.229398: Epoch 724
2026-06-13 23:39:40.230905: Current learning rate: 0.00314
2026-06-13 23:40:02.958887: train_loss -0.7318
2026-06-13 23:40:02.962344: val_loss -0.5054
2026-06-13 23:40:02.963861: Pseudo dice [0.5752]
2026-06-13 23:40:02.965462: Epoch time: 22.73 s
2026-06-13 23:40:03.887824: 
2026-06-13 23:40:03.889610: Epoch 725
2026-06-13 23:40:03.890969: Current learning rate: 0.00313
2026-06-13 23:40:26.576475: train_loss -0.7213
2026-06-13 23:40:26.581254: val_loss -0.5194
2026-06-13 23:40:26.582747: Pseudo dice [0.5496]
2026-06-13 23:40:26.584146: Epoch time: 22.69 s
2026-06-13 23:40:27.505224: 
2026-06-13 23:40:27.506774: Epoch 726
2026-06-13 23:40:27.508343: Current learning rate: 0.00312
2026-06-13 23:40:50.290773: train_loss -0.7277
2026-06-13 23:40:50.293723: val_loss -0.5001
2026-06-13 23:40:50.295240: Pseudo dice [0.5534]
2026-06-13 23:40:50.296591: Epoch time: 22.79 s
2026-06-13 23:40:51.209409: 
2026-06-13 23:40:51.210974: Epoch 727
2026-06-13 23:40:51.212485: Current learning rate: 0.00311
2026-06-13 23:41:13.835290: train_loss -0.7157
2026-06-13 23:41:13.845464: val_loss -0.5499
2026-06-13 23:41:13.850943: Pseudo dice [0.5164]
2026-06-13 23:41:13.852578: Epoch time: 22.63 s
2026-06-13 23:41:14.771978: 
2026-06-13 23:41:14.773540: Epoch 728
2026-06-13 23:41:14.775032: Current learning rate: 0.0031
2026-06-13 23:41:37.398664: train_loss -0.703
2026-06-13 23:41:37.401085: val_loss -0.4951
2026-06-13 23:41:37.402676: Pseudo dice [0.5657]
2026-06-13 23:41:37.404174: Epoch time: 22.63 s
2026-06-13 23:41:38.317994: 
2026-06-13 23:41:38.320503: Epoch 729
2026-06-13 23:41:38.321970: Current learning rate: 0.00309
2026-06-13 23:42:01.027061: train_loss -0.6881
2026-06-13 23:42:01.029568: val_loss -0.4647
2026-06-13 23:42:01.031128: Pseudo dice [0.2907]
2026-06-13 23:42:01.032631: Epoch time: 22.71 s
2026-06-13 23:42:01.952515: 
2026-06-13 23:42:01.954040: Epoch 730
2026-06-13 23:42:01.955401: Current learning rate: 0.00308
2026-06-13 23:42:24.646536: train_loss -0.7301
2026-06-13 23:42:24.649007: val_loss -0.5408
2026-06-13 23:42:24.650744: Pseudo dice [0.5457]
2026-06-13 23:42:24.652442: Epoch time: 22.7 s
2026-06-13 23:42:25.576416: 
2026-06-13 23:42:25.578118: Epoch 731
2026-06-13 23:42:25.579693: Current learning rate: 0.00307
2026-06-13 23:42:48.257058: train_loss -0.6876
2026-06-13 23:42:48.259203: val_loss -0.5527
2026-06-13 23:42:48.260881: Pseudo dice [0.5852]
2026-06-13 23:42:48.262465: Epoch time: 22.68 s
2026-06-13 23:42:49.191227: 
2026-06-13 23:42:49.192919: Epoch 732
2026-06-13 23:42:49.194511: Current learning rate: 0.00306
2026-06-13 23:43:11.813014: train_loss -0.7233
2026-06-13 23:43:11.816945: val_loss -0.5465
2026-06-13 23:43:11.819740: Pseudo dice [0.5672]
2026-06-13 23:43:11.821268: Epoch time: 22.62 s
2026-06-13 23:43:12.756935: 
2026-06-13 23:43:12.758516: Epoch 733
2026-06-13 23:43:12.760128: Current learning rate: 0.00305
2026-06-13 23:43:35.523908: train_loss -0.7082
2026-06-13 23:43:35.526314: val_loss -0.504
2026-06-13 23:43:35.527745: Pseudo dice [0.5606]
2026-06-13 23:43:35.529462: Epoch time: 22.77 s
2026-06-13 23:43:36.983288: 
2026-06-13 23:43:36.985283: Epoch 734
2026-06-13 23:43:36.986639: Current learning rate: 0.00304
2026-06-13 23:43:59.896578: train_loss -0.7059
2026-06-13 23:43:59.898643: val_loss -0.5571
2026-06-13 23:43:59.900887: Pseudo dice [0.5687]
2026-06-13 23:43:59.902312: Epoch time: 22.91 s
2026-06-13 23:44:00.917705: 
2026-06-13 23:44:00.919338: Epoch 735
2026-06-13 23:44:00.920738: Current learning rate: 0.00303
2026-06-13 23:44:23.746981: train_loss -0.6872
2026-06-13 23:44:23.749390: val_loss -0.4922
2026-06-13 23:44:23.750836: Pseudo dice [0.5459]
2026-06-13 23:44:23.752200: Epoch time: 22.83 s
2026-06-13 23:44:24.683268: 
2026-06-13 23:44:24.684917: Epoch 736
2026-06-13 23:44:24.686475: Current learning rate: 0.00302
2026-06-13 23:44:47.405302: train_loss -0.7206
2026-06-13 23:44:47.407822: val_loss -0.5502
2026-06-13 23:44:47.409654: Pseudo dice [0.5742]
2026-06-13 23:44:47.411119: Epoch time: 22.72 s
2026-06-13 23:44:48.348003: 
2026-06-13 23:44:48.349543: Epoch 737
2026-06-13 23:44:48.351000: Current learning rate: 0.00301
2026-06-13 23:45:11.074118: train_loss -0.7099
2026-06-13 23:45:11.079345: val_loss -0.5803
2026-06-13 23:45:11.080947: Pseudo dice [0.6003]
2026-06-13 23:45:11.085990: Epoch time: 22.73 s
2026-06-13 23:45:12.014683: 
2026-06-13 23:45:12.016955: Epoch 738
2026-06-13 23:45:12.018409: Current learning rate: 0.003
2026-06-13 23:45:34.833075: train_loss -0.7193
2026-06-13 23:45:34.835675: val_loss -0.5004
2026-06-13 23:45:34.837427: Pseudo dice [0.537]
2026-06-13 23:45:34.839177: Epoch time: 22.82 s
2026-06-13 23:45:35.777147: 
2026-06-13 23:45:35.778842: Epoch 739
2026-06-13 23:45:35.780401: Current learning rate: 0.00299
2026-06-13 23:45:58.514344: train_loss -0.7063
2026-06-13 23:45:58.516655: val_loss -0.5495
2026-06-13 23:45:58.518233: Pseudo dice [0.5602]
2026-06-13 23:45:58.519729: Epoch time: 22.74 s
2026-06-13 23:45:59.449306: 
2026-06-13 23:45:59.450925: Epoch 740
2026-06-13 23:45:59.452413: Current learning rate: 0.00297
2026-06-13 23:46:22.163755: train_loss -0.713
2026-06-13 23:46:22.165880: val_loss -0.5142
2026-06-13 23:46:22.167415: Pseudo dice [0.577]
2026-06-13 23:46:22.168936: Epoch time: 22.72 s
2026-06-13 23:46:23.100295: 
2026-06-13 23:46:23.101878: Epoch 741
2026-06-13 23:46:23.103339: Current learning rate: 0.00296
2026-06-13 23:46:45.928256: train_loss -0.6891
2026-06-13 23:46:45.930385: val_loss -0.4974
2026-06-13 23:46:45.931937: Pseudo dice [0.5349]
2026-06-13 23:46:45.933416: Epoch time: 22.83 s
2026-06-13 23:46:46.854130: 
2026-06-13 23:46:46.857241: Epoch 742
2026-06-13 23:46:46.860856: Current learning rate: 0.00295
2026-06-13 23:47:09.581424: train_loss -0.7177
2026-06-13 23:47:09.584122: val_loss -0.5316
2026-06-13 23:47:09.585669: Pseudo dice [0.574]
2026-06-13 23:47:09.587241: Epoch time: 22.73 s
2026-06-13 23:47:10.520225: 
2026-06-13 23:47:10.528969: Epoch 743
2026-06-13 23:47:10.530653: Current learning rate: 0.00294
2026-06-13 23:47:33.109020: train_loss -0.7069
2026-06-13 23:47:33.111912: val_loss -0.555
2026-06-13 23:47:33.113521: Pseudo dice [0.5854]
2026-06-13 23:47:33.114990: Epoch time: 22.59 s
2026-06-13 23:47:34.046853: 
2026-06-13 23:47:34.048507: Epoch 744
2026-06-13 23:47:34.049985: Current learning rate: 0.00293
2026-06-13 23:47:56.734012: train_loss -0.7088
2026-06-13 23:47:56.737003: val_loss -0.5133
2026-06-13 23:47:56.738570: Pseudo dice [0.5603]
2026-06-13 23:47:56.740060: Epoch time: 22.69 s
2026-06-13 23:47:57.671392: 
2026-06-13 23:47:57.673257: Epoch 745
2026-06-13 23:47:57.674881: Current learning rate: 0.00292
2026-06-13 23:48:20.488008: train_loss -0.7407
2026-06-13 23:48:20.492283: val_loss -0.574
2026-06-13 23:48:20.493682: Pseudo dice [0.6053]
2026-06-13 23:48:20.495181: Epoch time: 22.82 s
2026-06-13 23:48:21.425599: 
2026-06-13 23:48:21.427271: Epoch 746
2026-06-13 23:48:21.428800: Current learning rate: 0.00291
2026-06-13 23:48:44.085189: train_loss -0.7626
2026-06-13 23:48:44.087438: val_loss -0.5713
2026-06-13 23:48:44.088929: Pseudo dice [0.5856]
2026-06-13 23:48:44.090451: Epoch time: 22.66 s
2026-06-13 23:48:45.018215: 
2026-06-13 23:48:45.019871: Epoch 747
2026-06-13 23:48:45.021347: Current learning rate: 0.0029
2026-06-13 23:49:07.737532: train_loss -0.7176
2026-06-13 23:49:07.740595: val_loss -0.5591
2026-06-13 23:49:07.742236: Pseudo dice [0.3447]
2026-06-13 23:49:07.743825: Epoch time: 22.72 s
2026-06-13 23:49:08.675542: 
2026-06-13 23:49:08.677318: Epoch 748
2026-06-13 23:49:08.678792: Current learning rate: 0.00289
2026-06-13 23:49:31.389364: train_loss -0.7304
2026-06-13 23:49:31.394451: val_loss -0.4768
2026-06-13 23:49:31.396151: Pseudo dice [0.5325]
2026-06-13 23:49:31.397595: Epoch time: 22.71 s
2026-06-13 23:49:32.328386: 
2026-06-13 23:49:32.330035: Epoch 749
2026-06-13 23:49:32.331495: Current learning rate: 0.00288
2026-06-13 23:49:55.041861: train_loss -0.7194
2026-06-13 23:49:55.050333: val_loss -0.5136
2026-06-13 23:49:55.054416: Pseudo dice [0.5743]
2026-06-13 23:49:55.070590: Epoch time: 22.71 s
2026-06-13 23:49:56.492810: 
2026-06-13 23:49:56.495613: Epoch 750
2026-06-13 23:49:56.498777: Current learning rate: 0.00287
2026-06-13 23:50:19.110013: train_loss -0.7107
2026-06-13 23:50:19.112999: val_loss -0.5811
2026-06-13 23:50:19.114496: Pseudo dice [0.5847]
2026-06-13 23:50:19.115941: Epoch time: 22.62 s
2026-06-13 23:50:20.551104: 
2026-06-13 23:50:20.552608: Epoch 751
2026-06-13 23:50:20.554438: Current learning rate: 0.00286
2026-06-13 23:50:43.282205: train_loss -0.7363
2026-06-13 23:50:43.284911: val_loss -0.5782
2026-06-13 23:50:43.286496: Pseudo dice [0.607]
2026-06-13 23:50:43.287997: Epoch time: 22.73 s
2026-06-13 23:50:44.222028: 
2026-06-13 23:50:44.224372: Epoch 752
2026-06-13 23:50:44.225880: Current learning rate: 0.00285
2026-06-13 23:51:06.930469: train_loss -0.6898
2026-06-13 23:51:06.933407: val_loss -0.5379
2026-06-13 23:51:06.934974: Pseudo dice [0.5454]
2026-06-13 23:51:06.936512: Epoch time: 22.71 s
2026-06-13 23:51:07.860685: 
2026-06-13 23:51:07.862781: Epoch 753
2026-06-13 23:51:07.864245: Current learning rate: 0.00284
2026-06-13 23:51:30.637573: train_loss -0.7257
2026-06-13 23:51:30.641359: val_loss -0.5336
2026-06-13 23:51:30.642920: Pseudo dice [0.5706]
2026-06-13 23:51:30.644848: Epoch time: 22.78 s
2026-06-13 23:51:31.584025: 
2026-06-13 23:51:31.586160: Epoch 754
2026-06-13 23:51:31.587817: Current learning rate: 0.00283
2026-06-13 23:51:54.318197: train_loss -0.7311
2026-06-13 23:51:54.329751: val_loss -0.5682
2026-06-13 23:51:54.331412: Pseudo dice [0.575]
2026-06-13 23:51:54.333276: Epoch time: 22.74 s
2026-06-13 23:51:55.265549: 
2026-06-13 23:51:55.267163: Epoch 755
2026-06-13 23:51:55.268686: Current learning rate: 0.00282
2026-06-13 23:52:18.069037: train_loss -0.7391
2026-06-13 23:52:18.073316: val_loss -0.5691
2026-06-13 23:52:18.075108: Pseudo dice [0.5676]
2026-06-13 23:52:18.076621: Epoch time: 22.8 s
2026-06-13 23:52:19.017318: 
2026-06-13 23:52:19.019193: Epoch 756
2026-06-13 23:52:19.021315: Current learning rate: 0.00281
2026-06-13 23:52:41.700074: train_loss -0.7096
2026-06-13 23:52:41.703257: val_loss -0.5618
2026-06-13 23:52:41.705240: Pseudo dice [0.5962]
2026-06-13 23:52:41.706874: Epoch time: 22.68 s
2026-06-13 23:52:42.647633: 
2026-06-13 23:52:42.649378: Epoch 757
2026-06-13 23:52:42.650996: Current learning rate: 0.0028
2026-06-13 23:53:05.376946: train_loss -0.7219
2026-06-13 23:53:05.383104: val_loss -0.5283
2026-06-13 23:53:05.384651: Pseudo dice [0.5577]
2026-06-13 23:53:05.386158: Epoch time: 22.73 s
2026-06-13 23:53:06.324812: 
2026-06-13 23:53:06.326405: Epoch 758
2026-06-13 23:53:06.327950: Current learning rate: 0.00279
2026-06-13 23:53:28.906506: train_loss -0.7292
2026-06-13 23:53:28.909149: val_loss -0.4907
2026-06-13 23:53:28.910513: Pseudo dice [0.5261]
2026-06-13 23:53:28.911885: Epoch time: 22.58 s
2026-06-13 23:53:29.848324: 
2026-06-13 23:53:29.850121: Epoch 759
2026-06-13 23:53:29.851544: Current learning rate: 0.00278
2026-06-13 23:53:52.534359: train_loss -0.7302
2026-06-13 23:53:52.537942: val_loss -0.5498
2026-06-13 23:53:52.539423: Pseudo dice [0.5735]
2026-06-13 23:53:52.540770: Epoch time: 22.69 s
2026-06-13 23:53:53.475120: 
2026-06-13 23:53:53.476715: Epoch 760
2026-06-13 23:53:53.478247: Current learning rate: 0.00277
2026-06-13 23:54:16.206107: train_loss -0.6802
2026-06-13 23:54:16.209564: val_loss -0.5159
2026-06-13 23:54:16.211158: Pseudo dice [0.5135]
2026-06-13 23:54:16.212636: Epoch time: 22.73 s
2026-06-13 23:54:17.135078: 
2026-06-13 23:54:17.137646: Epoch 761
2026-06-13 23:54:17.139105: Current learning rate: 0.00276
2026-06-13 23:54:39.830927: train_loss -0.7136
2026-06-13 23:54:39.833853: val_loss -0.5756
2026-06-13 23:54:39.835212: Pseudo dice [0.5752]
2026-06-13 23:54:39.837318: Epoch time: 22.7 s
2026-06-13 23:54:40.780394: 
2026-06-13 23:54:40.782002: Epoch 762
2026-06-13 23:54:40.783540: Current learning rate: 0.00275
2026-06-13 23:55:03.469779: train_loss -0.6985
2026-06-13 23:55:03.472974: val_loss -0.5806
2026-06-13 23:55:03.474553: Pseudo dice [0.6004]
2026-06-13 23:55:03.475889: Epoch time: 22.69 s
2026-06-13 23:55:04.414234: 
2026-06-13 23:55:04.415801: Epoch 763
2026-06-13 23:55:04.417260: Current learning rate: 0.00274
2026-06-13 23:55:27.221992: train_loss -0.7097
2026-06-13 23:55:27.225264: val_loss -0.5594
2026-06-13 23:55:27.226756: Pseudo dice [0.5834]
2026-06-13 23:55:27.228136: Epoch time: 22.81 s
2026-06-13 23:55:28.172001: 
2026-06-13 23:55:28.173752: Epoch 764
2026-06-13 23:55:28.175184: Current learning rate: 0.00273
2026-06-13 23:55:50.876258: train_loss -0.7139
2026-06-13 23:55:50.880216: val_loss -0.4984
2026-06-13 23:55:50.882011: Pseudo dice [0.5083]
2026-06-13 23:55:50.883681: Epoch time: 22.71 s
2026-06-13 23:55:51.818813: 
2026-06-13 23:55:51.820326: Epoch 765
2026-06-13 23:55:51.821828: Current learning rate: 0.00272
2026-06-13 23:56:14.585794: train_loss -0.7291
2026-06-13 23:56:14.589842: val_loss -0.582
2026-06-13 23:56:14.591428: Pseudo dice [0.5636]
2026-06-13 23:56:14.593138: Epoch time: 22.77 s
2026-06-13 23:56:15.538454: 
2026-06-13 23:56:15.539982: Epoch 766
2026-06-13 23:56:15.541520: Current learning rate: 0.00271
2026-06-13 23:56:38.147645: train_loss -0.7201
2026-06-13 23:56:38.151155: val_loss -0.5151
2026-06-13 23:56:38.152676: Pseudo dice [0.5523]
2026-06-13 23:56:38.154206: Epoch time: 22.61 s
2026-06-13 23:56:39.096977: 
2026-06-13 23:56:39.098503: Epoch 767
2026-06-13 23:56:39.100493: Current learning rate: 0.0027
2026-06-13 23:57:01.762531: train_loss -0.7181
2026-06-13 23:57:01.765242: val_loss -0.5081
2026-06-13 23:57:01.766882: Pseudo dice [0.5352]
2026-06-13 23:57:01.768424: Epoch time: 22.67 s
2026-06-13 23:57:03.230742: 
2026-06-13 23:57:03.232529: Epoch 768
2026-06-13 23:57:03.234066: Current learning rate: 0.00268
2026-06-13 23:57:26.018412: train_loss -0.7293
2026-06-13 23:57:26.024624: val_loss -0.4738
2026-06-13 23:57:26.029293: Pseudo dice [0.5147]
2026-06-13 23:57:26.030869: Epoch time: 22.79 s
2026-06-13 23:57:26.984973: 
2026-06-13 23:57:26.986566: Epoch 769
2026-06-13 23:57:26.988122: Current learning rate: 0.00267
2026-06-13 23:57:49.597435: train_loss -0.7469
2026-06-13 23:57:49.600773: val_loss -0.5056
2026-06-13 23:57:49.602468: Pseudo dice [0.5452]
2026-06-13 23:57:49.603989: Epoch time: 22.61 s
2026-06-13 23:57:50.560638: 
2026-06-13 23:57:50.562615: Epoch 770
2026-06-13 23:57:50.565030: Current learning rate: 0.00266
2026-06-13 23:58:13.075555: train_loss -0.7467
2026-06-13 23:58:13.078246: val_loss -0.5883
2026-06-13 23:58:13.079870: Pseudo dice [0.59]
2026-06-13 23:58:13.081440: Epoch time: 22.52 s
2026-06-13 23:58:14.023874: 
2026-06-13 23:58:14.025648: Epoch 771
2026-06-13 23:58:14.028716: Current learning rate: 0.00265
2026-06-13 23:58:36.786326: train_loss -0.7211
2026-06-13 23:58:36.789007: val_loss -0.477
2026-06-13 23:58:36.790574: Pseudo dice [0.4974]
2026-06-13 23:58:36.792200: Epoch time: 22.76 s
2026-06-13 23:58:37.731881: 
2026-06-13 23:58:37.734002: Epoch 772
2026-06-13 23:58:37.735500: Current learning rate: 0.00264
2026-06-13 23:59:00.356275: train_loss -0.7369
2026-06-13 23:59:00.358687: val_loss -0.4806
2026-06-13 23:59:00.360335: Pseudo dice [0.5244]
2026-06-13 23:59:00.361873: Epoch time: 22.63 s
2026-06-13 23:59:01.300150: 
2026-06-13 23:59:01.313634: Epoch 773
2026-06-13 23:59:01.315321: Current learning rate: 0.00263
2026-06-13 23:59:24.033665: train_loss -0.7015
2026-06-13 23:59:24.047065: val_loss -0.518
2026-06-13 23:59:24.051168: Pseudo dice [0.5617]
2026-06-13 23:59:24.052676: Epoch time: 22.73 s
2026-06-13 23:59:25.000806: 
2026-06-13 23:59:25.002396: Epoch 774
2026-06-13 23:59:25.003848: Current learning rate: 0.00262
2026-06-13 23:59:47.730027: train_loss -0.6875
2026-06-13 23:59:47.732006: val_loss -0.5315
2026-06-13 23:59:47.733476: Pseudo dice [0.5545]
2026-06-13 23:59:47.734950: Epoch time: 22.73 s
2026-06-13 23:59:48.665220: 
2026-06-13 23:59:48.667080: Epoch 775
2026-06-13 23:59:48.668769: Current learning rate: 0.00261
2026-06-14 00:00:11.425588: train_loss -0.7165
2026-06-14 00:00:11.428358: val_loss -0.4881
2026-06-14 00:00:11.429908: Pseudo dice [0.515]
2026-06-14 00:00:11.431525: Epoch time: 22.76 s
2026-06-14 00:00:12.361700: 
2026-06-14 00:00:12.363323: Epoch 776
2026-06-14 00:00:12.364784: Current learning rate: 0.0026
2026-06-14 00:00:35.121675: train_loss -0.7411
2026-06-14 00:00:35.123885: val_loss -0.5343
2026-06-14 00:00:35.125592: Pseudo dice [0.5604]
2026-06-14 00:00:35.127204: Epoch time: 22.76 s
2026-06-14 00:00:36.071670: 
2026-06-14 00:00:36.075704: Epoch 777
2026-06-14 00:00:36.077556: Current learning rate: 0.00259
2026-06-14 00:00:58.852068: train_loss -0.6963
2026-06-14 00:00:58.857160: val_loss -0.4879
2026-06-14 00:00:58.863547: Pseudo dice [0.5209]
2026-06-14 00:00:58.865691: Epoch time: 22.78 s
2026-06-14 00:00:59.819568: 
2026-06-14 00:00:59.821519: Epoch 778
2026-06-14 00:00:59.823281: Current learning rate: 0.00258
2026-06-14 00:01:22.801029: train_loss -0.7206
2026-06-14 00:01:22.803692: val_loss -0.5423
2026-06-14 00:01:22.805645: Pseudo dice [0.5786]
2026-06-14 00:01:22.807369: Epoch time: 22.98 s
2026-06-14 00:01:23.765016: 
2026-06-14 00:01:23.766952: Epoch 779
2026-06-14 00:01:23.768539: Current learning rate: 0.00257
2026-06-14 00:01:46.623787: train_loss -0.7189
2026-06-14 00:01:46.628914: val_loss -0.4908
2026-06-14 00:01:46.631532: Pseudo dice [0.5272]
2026-06-14 00:01:46.633240: Epoch time: 22.86 s
2026-06-14 00:01:47.573777: 
2026-06-14 00:01:47.575805: Epoch 780
2026-06-14 00:01:47.577853: Current learning rate: 0.00256
2026-06-14 00:02:10.446164: train_loss -0.7254
2026-06-14 00:02:10.448786: val_loss -0.5544
2026-06-14 00:02:10.450520: Pseudo dice [0.582]
2026-06-14 00:02:10.452148: Epoch time: 22.87 s
2026-06-14 00:02:11.401364: 
2026-06-14 00:02:11.403462: Epoch 781
2026-06-14 00:02:11.405530: Current learning rate: 0.00255
2026-06-14 00:02:34.007123: train_loss -0.736
2026-06-14 00:02:34.009742: val_loss -0.5543
2026-06-14 00:02:34.011428: Pseudo dice [0.579]
2026-06-14 00:02:34.013364: Epoch time: 22.61 s
2026-06-14 00:02:34.972227: 
2026-06-14 00:02:34.974042: Epoch 782
2026-06-14 00:02:34.975758: Current learning rate: 0.00254
2026-06-14 00:02:57.716587: train_loss -0.7282
2026-06-14 00:02:57.720551: val_loss -0.542
2026-06-14 00:02:57.724952: Pseudo dice [0.5582]
2026-06-14 00:02:57.727458: Epoch time: 22.75 s
2026-06-14 00:02:58.669477: 
2026-06-14 00:02:58.671214: Epoch 783
2026-06-14 00:02:58.672980: Current learning rate: 0.00253
2026-06-14 00:03:21.570343: train_loss -0.7359
2026-06-14 00:03:21.572656: val_loss -0.5557
2026-06-14 00:03:21.575063: Pseudo dice [0.5704]
2026-06-14 00:03:21.578030: Epoch time: 22.9 s
2026-06-14 00:03:23.025901: 
2026-06-14 00:03:23.033308: Epoch 784
2026-06-14 00:03:23.035013: Current learning rate: 0.00252
2026-06-14 00:03:45.709291: train_loss -0.7325
2026-06-14 00:03:45.713068: val_loss -0.5564
2026-06-14 00:03:45.716032: Pseudo dice [0.5927]
2026-06-14 00:03:45.723232: Epoch time: 22.68 s
2026-06-14 00:03:46.668191: 
2026-06-14 00:03:46.670079: Epoch 785
2026-06-14 00:03:46.671896: Current learning rate: 0.00251
2026-06-14 00:04:09.533830: train_loss -0.7224
2026-06-14 00:04:09.536077: val_loss -0.5614
2026-06-14 00:04:09.537806: Pseudo dice [0.5766]
2026-06-14 00:04:09.539437: Epoch time: 22.87 s
2026-06-14 00:04:10.495549: 
2026-06-14 00:04:10.497414: Epoch 786
2026-06-14 00:04:10.499141: Current learning rate: 0.0025
2026-06-14 00:04:33.328220: train_loss -0.7082
2026-06-14 00:04:33.330545: val_loss -0.5431
2026-06-14 00:04:33.332048: Pseudo dice [0.5822]
2026-06-14 00:04:33.333459: Epoch time: 22.83 s
2026-06-14 00:04:34.268458: 
2026-06-14 00:04:34.270025: Epoch 787
2026-06-14 00:04:34.271570: Current learning rate: 0.00249
2026-06-14 00:04:57.210614: train_loss -0.7361
2026-06-14 00:04:57.213179: val_loss -0.5132
2026-06-14 00:04:57.215165: Pseudo dice [0.5509]
2026-06-14 00:04:57.216758: Epoch time: 22.94 s
2026-06-14 00:04:58.161070: 
2026-06-14 00:04:58.162851: Epoch 788
2026-06-14 00:04:58.164403: Current learning rate: 0.00248
2026-06-14 00:05:20.991185: train_loss -0.7337
2026-06-14 00:05:20.995382: val_loss -0.6051
2026-06-14 00:05:20.997809: Pseudo dice [0.6088]
2026-06-14 00:05:20.999861: Epoch time: 22.83 s
2026-06-14 00:05:21.943158: 
2026-06-14 00:05:21.944764: Epoch 789
2026-06-14 00:05:21.946363: Current learning rate: 0.00247
2026-06-14 00:05:44.811716: train_loss -0.7028
2026-06-14 00:05:44.814235: val_loss -0.5568
2026-06-14 00:05:44.815785: Pseudo dice [0.5545]
2026-06-14 00:05:44.817383: Epoch time: 22.87 s
2026-06-14 00:05:45.766579: 
2026-06-14 00:05:45.768296: Epoch 790
2026-06-14 00:05:45.769844: Current learning rate: 0.00245
2026-06-14 00:06:08.579845: train_loss -0.7323
2026-06-14 00:06:08.582301: val_loss -0.483
2026-06-14 00:06:08.583922: Pseudo dice [0.5209]
2026-06-14 00:06:08.586835: Epoch time: 22.81 s
2026-06-14 00:06:09.538239: 
2026-06-14 00:06:09.539979: Epoch 791
2026-06-14 00:06:09.541663: Current learning rate: 0.00244
2026-06-14 00:06:32.379416: train_loss -0.7129
2026-06-14 00:06:32.382823: val_loss -0.5781
2026-06-14 00:06:32.384424: Pseudo dice [0.5841]
2026-06-14 00:06:32.386719: Epoch time: 22.84 s
2026-06-14 00:06:33.327358: 
2026-06-14 00:06:33.329123: Epoch 792
2026-06-14 00:06:33.330642: Current learning rate: 0.00243
2026-06-14 00:06:56.218822: train_loss -0.7318
2026-06-14 00:06:56.223504: val_loss -0.5232
2026-06-14 00:06:56.225173: Pseudo dice [0.5374]
2026-06-14 00:06:56.226969: Epoch time: 22.89 s
2026-06-14 00:06:57.166288: 
2026-06-14 00:06:57.168139: Epoch 793
2026-06-14 00:06:57.170345: Current learning rate: 0.00242
2026-06-14 00:07:20.030469: train_loss -0.7546
2026-06-14 00:07:20.034531: val_loss -0.5511
2026-06-14 00:07:20.036340: Pseudo dice [0.5582]
2026-06-14 00:07:20.038006: Epoch time: 22.87 s
2026-06-14 00:07:20.981639: 
2026-06-14 00:07:20.983475: Epoch 794
2026-06-14 00:07:20.985403: Current learning rate: 0.00241
2026-06-14 00:07:43.743753: train_loss -0.7107
2026-06-14 00:07:43.747038: val_loss -0.5768
2026-06-14 00:07:43.748772: Pseudo dice [0.5835]
2026-06-14 00:07:43.750349: Epoch time: 22.76 s
2026-06-14 00:07:44.701722: 
2026-06-14 00:07:44.703542: Epoch 795
2026-06-14 00:07:44.705833: Current learning rate: 0.0024
2026-06-14 00:08:07.457481: train_loss -0.7423
2026-06-14 00:08:07.463002: val_loss -0.5314
2026-06-14 00:08:07.464730: Pseudo dice [0.561]
2026-06-14 00:08:07.466525: Epoch time: 22.76 s
2026-06-14 00:08:08.401630: 
2026-06-14 00:08:08.403379: Epoch 796
2026-06-14 00:08:08.405449: Current learning rate: 0.00239
2026-06-14 00:08:31.217568: train_loss -0.7493
2026-06-14 00:08:31.221695: val_loss -0.5683
2026-06-14 00:08:31.223341: Pseudo dice [0.5842]
2026-06-14 00:08:31.228416: Epoch time: 22.82 s
2026-06-14 00:08:32.177770: 
2026-06-14 00:08:32.179628: Epoch 797
2026-06-14 00:08:32.181597: Current learning rate: 0.00238
2026-06-14 00:08:55.083294: train_loss -0.7626
2026-06-14 00:08:55.089345: val_loss -0.5514
2026-06-14 00:08:55.091360: Pseudo dice [0.5664]
2026-06-14 00:08:55.093070: Epoch time: 22.91 s
2026-06-14 00:08:56.042596: 
2026-06-14 00:08:56.048249: Epoch 798
2026-06-14 00:08:56.055151: Current learning rate: 0.00237
2026-06-14 00:09:18.964405: train_loss -0.7551
2026-06-14 00:09:18.972090: val_loss -0.5026
2026-06-14 00:09:18.975906: Pseudo dice [0.5295]
2026-06-14 00:09:18.979261: Epoch time: 22.92 s
2026-06-14 00:09:19.941852: 
2026-06-14 00:09:19.943668: Epoch 799
2026-06-14 00:09:19.945570: Current learning rate: 0.00236
2026-06-14 00:09:42.642327: train_loss -0.759
2026-06-14 00:09:42.645072: val_loss -0.5643
2026-06-14 00:09:42.646730: Pseudo dice [0.5648]
2026-06-14 00:09:42.648229: Epoch time: 22.7 s
2026-06-14 00:09:44.079885: 
2026-06-14 00:09:44.081483: Epoch 800
2026-06-14 00:09:44.083040: Current learning rate: 0.00235
2026-06-14 00:10:06.768742: train_loss -0.7432
2026-06-14 00:10:06.775128: val_loss -0.5013
2026-06-14 00:10:06.777891: Pseudo dice [0.5497]
2026-06-14 00:10:06.779605: Epoch time: 22.69 s
2026-06-14 00:10:08.231679: 
2026-06-14 00:10:08.233732: Epoch 801
2026-06-14 00:10:08.235244: Current learning rate: 0.00234
2026-06-14 00:10:30.975273: train_loss -0.7591
2026-06-14 00:10:30.978257: val_loss -0.5639
2026-06-14 00:10:30.979888: Pseudo dice [0.5888]
2026-06-14 00:10:30.981508: Epoch time: 22.74 s
2026-06-14 00:10:31.921500: 
2026-06-14 00:10:31.923226: Epoch 802
2026-06-14 00:10:31.924817: Current learning rate: 0.00233
2026-06-14 00:10:54.685692: train_loss -0.7337
2026-06-14 00:10:54.697229: val_loss -0.5404
2026-06-14 00:10:54.699152: Pseudo dice [0.5781]
2026-06-14 00:10:54.700944: Epoch time: 22.77 s
2026-06-14 00:10:55.651003: 
2026-06-14 00:10:55.653714: Epoch 803
2026-06-14 00:10:55.655251: Current learning rate: 0.00232
2026-06-14 00:11:18.337909: train_loss -0.7315
2026-06-14 00:11:18.340977: val_loss -0.5898
2026-06-14 00:11:18.342504: Pseudo dice [0.6149]
2026-06-14 00:11:18.344028: Epoch time: 22.69 s
2026-06-14 00:11:19.295156: 
2026-06-14 00:11:19.296908: Epoch 804
2026-06-14 00:11:19.298604: Current learning rate: 0.00231
2026-06-14 00:11:41.961161: train_loss -0.7568
2026-06-14 00:11:41.964614: val_loss -0.5365
2026-06-14 00:11:41.966217: Pseudo dice [0.5438]
2026-06-14 00:11:41.967782: Epoch time: 22.67 s
2026-06-14 00:11:42.913766: 
2026-06-14 00:11:42.915343: Epoch 805
2026-06-14 00:11:42.916726: Current learning rate: 0.0023
2026-06-14 00:12:05.568154: train_loss -0.761
2026-06-14 00:12:05.571828: val_loss -0.5164
2026-06-14 00:12:05.574285: Pseudo dice [0.5992]
2026-06-14 00:12:05.576240: Epoch time: 22.66 s
2026-06-14 00:12:06.521886: 
2026-06-14 00:12:06.523855: Epoch 806
2026-06-14 00:12:06.525885: Current learning rate: 0.00229
2026-06-14 00:12:29.188568: train_loss -0.7419
2026-06-14 00:12:29.191639: val_loss -0.5573
2026-06-14 00:12:29.193192: Pseudo dice [0.5649]
2026-06-14 00:12:29.194706: Epoch time: 22.67 s
2026-06-14 00:12:30.144831: 
2026-06-14 00:12:30.146615: Epoch 807
2026-06-14 00:12:30.148212: Current learning rate: 0.00228
2026-06-14 00:12:52.876918: train_loss -0.7577
2026-06-14 00:12:52.880751: val_loss -0.5269
2026-06-14 00:12:52.884799: Pseudo dice [0.5451]
2026-06-14 00:12:52.887383: Epoch time: 22.73 s
2026-06-14 00:12:53.834902: 
2026-06-14 00:12:53.836648: Epoch 808
2026-06-14 00:12:53.838269: Current learning rate: 0.00226
2026-06-14 00:13:16.533608: train_loss -0.7478
2026-06-14 00:13:16.536823: val_loss -0.5232
2026-06-14 00:13:16.538436: Pseudo dice [0.5562]
2026-06-14 00:13:16.539985: Epoch time: 22.7 s
2026-06-14 00:13:17.488190: 
2026-06-14 00:13:17.489865: Epoch 809
2026-06-14 00:13:17.491299: Current learning rate: 0.00225
2026-06-14 00:13:40.020448: train_loss -0.7725
2026-06-14 00:13:40.023623: val_loss -0.5878
2026-06-14 00:13:40.025356: Pseudo dice [0.5803]
2026-06-14 00:13:40.027050: Epoch time: 22.53 s
2026-06-14 00:13:41.071164: 
2026-06-14 00:13:41.073223: Epoch 810
2026-06-14 00:13:41.074988: Current learning rate: 0.00224
2026-06-14 00:14:03.791146: train_loss -0.7399
2026-06-14 00:14:03.794867: val_loss -0.5366
2026-06-14 00:14:03.796511: Pseudo dice [0.5798]
2026-06-14 00:14:03.798108: Epoch time: 22.72 s
2026-06-14 00:14:04.746636: 
2026-06-14 00:14:04.749280: Epoch 811
2026-06-14 00:14:04.750737: Current learning rate: 0.00223
2026-06-14 00:14:27.281173: train_loss -0.7712
2026-06-14 00:14:27.285037: val_loss -0.5362
2026-06-14 00:14:27.286482: Pseudo dice [0.572]
2026-06-14 00:14:27.287873: Epoch time: 22.54 s
2026-06-14 00:14:28.229691: 
2026-06-14 00:14:28.231794: Epoch 812
2026-06-14 00:14:28.233358: Current learning rate: 0.00222
2026-06-14 00:14:51.030748: train_loss -0.7402
2026-06-14 00:14:51.037439: val_loss -0.496
2026-06-14 00:14:51.043831: Pseudo dice [0.5634]
2026-06-14 00:14:51.049486: Epoch time: 22.8 s
2026-06-14 00:14:51.994375: 
2026-06-14 00:14:51.996110: Epoch 813
2026-06-14 00:14:51.998042: Current learning rate: 0.00221
2026-06-14 00:15:14.590588: train_loss -0.7476
2026-06-14 00:15:14.594628: val_loss -0.5557
2026-06-14 00:15:14.596344: Pseudo dice [0.599]
2026-06-14 00:15:14.597946: Epoch time: 22.6 s
2026-06-14 00:15:15.547056: 
2026-06-14 00:15:15.548764: Epoch 814
2026-06-14 00:15:15.550334: Current learning rate: 0.0022
2026-06-14 00:15:38.200007: train_loss -0.7508
2026-06-14 00:15:38.202991: val_loss -0.57
2026-06-14 00:15:38.204566: Pseudo dice [0.5849]
2026-06-14 00:15:38.206100: Epoch time: 22.65 s
2026-06-14 00:15:39.135972: 
2026-06-14 00:15:39.137614: Epoch 815
2026-06-14 00:15:39.139122: Current learning rate: 0.00219
2026-06-14 00:16:01.760021: train_loss -0.7373
2026-06-14 00:16:01.763028: val_loss -0.5451
2026-06-14 00:16:01.764554: Pseudo dice [0.5395]
2026-06-14 00:16:01.766041: Epoch time: 22.63 s
2026-06-14 00:16:02.701943: 
2026-06-14 00:16:02.703534: Epoch 816
2026-06-14 00:16:02.705104: Current learning rate: 0.00218
2026-06-14 00:16:25.424276: train_loss -0.7494
2026-06-14 00:16:25.426840: val_loss -0.5423
2026-06-14 00:16:25.428783: Pseudo dice [0.566]
2026-06-14 00:16:25.430565: Epoch time: 22.72 s
2026-06-14 00:16:26.875250: 
2026-06-14 00:16:26.877400: Epoch 817
2026-06-14 00:16:26.879251: Current learning rate: 0.00217
2026-06-14 00:16:49.645124: train_loss -0.7477
2026-06-14 00:16:49.647905: val_loss -0.5142
2026-06-14 00:16:49.649849: Pseudo dice [0.5559]
2026-06-14 00:16:49.651445: Epoch time: 22.77 s
2026-06-14 00:16:50.584051: 
2026-06-14 00:16:50.585830: Epoch 818
2026-06-14 00:16:50.587447: Current learning rate: 0.00216
2026-06-14 00:17:13.351769: train_loss -0.748
2026-06-14 00:17:13.365491: val_loss -0.5162
2026-06-14 00:17:13.368919: Pseudo dice [0.5605]
2026-06-14 00:17:13.370612: Epoch time: 22.77 s
2026-06-14 00:17:14.315281: 
2026-06-14 00:17:14.317036: Epoch 819
2026-06-14 00:17:14.319940: Current learning rate: 0.00215
2026-06-14 00:17:36.983419: train_loss -0.742
2026-06-14 00:17:36.985827: val_loss -0.5194
2026-06-14 00:17:36.987255: Pseudo dice [0.5678]
2026-06-14 00:17:36.988589: Epoch time: 22.67 s
2026-06-14 00:17:37.904436: 
2026-06-14 00:17:37.906150: Epoch 820
2026-06-14 00:17:37.907671: Current learning rate: 0.00214
2026-06-14 00:18:00.476773: train_loss -0.7389
2026-06-14 00:18:00.478990: val_loss -0.5691
2026-06-14 00:18:00.480511: Pseudo dice [0.5727]
2026-06-14 00:18:00.482024: Epoch time: 22.57 s
2026-06-14 00:18:01.400826: 
2026-06-14 00:18:01.402384: Epoch 821
2026-06-14 00:18:01.403966: Current learning rate: 0.00213
2026-06-14 00:18:24.106361: train_loss -0.7518
2026-06-14 00:18:24.108689: val_loss -0.5152
2026-06-14 00:18:24.110353: Pseudo dice [0.5454]
2026-06-14 00:18:24.112013: Epoch time: 22.71 s
2026-06-14 00:18:25.045455: 
2026-06-14 00:18:25.046936: Epoch 822
2026-06-14 00:18:25.048433: Current learning rate: 0.00212
2026-06-14 00:18:47.874196: train_loss -0.753
2026-06-14 00:18:47.877194: val_loss -0.5602
2026-06-14 00:18:47.878893: Pseudo dice [0.5911]
2026-06-14 00:18:47.880651: Epoch time: 22.83 s
2026-06-14 00:18:48.798124: 
2026-06-14 00:18:48.802845: Epoch 823
2026-06-14 00:18:48.804477: Current learning rate: 0.0021
2026-06-14 00:19:11.723017: train_loss -0.7504
2026-06-14 00:19:11.725639: val_loss -0.5139
2026-06-14 00:19:11.727556: Pseudo dice [0.5429]
2026-06-14 00:19:11.729487: Epoch time: 22.93 s
2026-06-14 00:19:12.654731: 
2026-06-14 00:19:12.656827: Epoch 824
2026-06-14 00:19:12.659065: Current learning rate: 0.00209
2026-06-14 00:19:35.559283: train_loss -0.7569
2026-06-14 00:19:35.561870: val_loss -0.5965
2026-06-14 00:19:35.563551: Pseudo dice [0.606]
2026-06-14 00:19:35.565364: Epoch time: 22.91 s
2026-06-14 00:19:36.494320: 
2026-06-14 00:19:36.498798: Epoch 825
2026-06-14 00:19:36.500934: Current learning rate: 0.00208
2026-06-14 00:19:59.201396: train_loss -0.7458
2026-06-14 00:19:59.205197: val_loss -0.4473
2026-06-14 00:19:59.206921: Pseudo dice [0.5136]
2026-06-14 00:19:59.208650: Epoch time: 22.71 s
2026-06-14 00:20:00.122764: 
2026-06-14 00:20:00.128840: Epoch 826
2026-06-14 00:20:00.132794: Current learning rate: 0.00207
2026-06-14 00:20:22.752378: train_loss -0.7435
2026-06-14 00:20:22.757395: val_loss -0.5609
2026-06-14 00:20:22.760224: Pseudo dice [0.5742]
2026-06-14 00:20:22.762809: Epoch time: 22.63 s
2026-06-14 00:20:23.685768: 
2026-06-14 00:20:23.688051: Epoch 827
2026-06-14 00:20:23.690332: Current learning rate: 0.00206
2026-06-14 00:20:46.450541: train_loss -0.7515
2026-06-14 00:20:46.457578: val_loss -0.572
2026-06-14 00:20:46.459496: Pseudo dice [0.5986]
2026-06-14 00:20:46.461451: Epoch time: 22.77 s
2026-06-14 00:20:47.375983: 
2026-06-14 00:20:47.379393: Epoch 828
2026-06-14 00:20:47.385697: Current learning rate: 0.00205
2026-06-14 00:21:10.120571: train_loss -0.7582
2026-06-14 00:21:10.124673: val_loss -0.5654
2026-06-14 00:21:10.126397: Pseudo dice [0.5888]
2026-06-14 00:21:10.127954: Epoch time: 22.75 s
2026-06-14 00:21:11.046379: 
2026-06-14 00:21:11.048212: Epoch 829
2026-06-14 00:21:11.050019: Current learning rate: 0.00204
2026-06-14 00:21:33.778226: train_loss -0.7524
2026-06-14 00:21:33.781584: val_loss -0.5215
2026-06-14 00:21:33.786199: Pseudo dice [0.5694]
2026-06-14 00:21:33.788170: Epoch time: 22.73 s
2026-06-14 00:21:34.701779: 
2026-06-14 00:21:34.703887: Epoch 830
2026-06-14 00:21:34.706245: Current learning rate: 0.00203
2026-06-14 00:21:57.362988: train_loss -0.7492
2026-06-14 00:21:57.365524: val_loss -0.5502
2026-06-14 00:21:57.367094: Pseudo dice [0.5496]
2026-06-14 00:21:57.368833: Epoch time: 22.66 s
2026-06-14 00:21:58.286828: 
2026-06-14 00:21:58.288814: Epoch 831
2026-06-14 00:21:58.290760: Current learning rate: 0.00202
2026-06-14 00:22:20.887625: train_loss -0.7481
2026-06-14 00:22:20.890259: val_loss -0.5769
2026-06-14 00:22:20.892032: Pseudo dice [0.5862]
2026-06-14 00:22:20.893744: Epoch time: 22.6 s
2026-06-14 00:22:21.806754: 
2026-06-14 00:22:21.808443: Epoch 832
2026-06-14 00:22:21.812866: Current learning rate: 0.00201
2026-06-14 00:22:44.511698: train_loss -0.7649
2026-06-14 00:22:44.514668: val_loss -0.4961
2026-06-14 00:22:44.519032: Pseudo dice [0.5491]
2026-06-14 00:22:44.520531: Epoch time: 22.71 s
2026-06-14 00:22:45.430421: 
2026-06-14 00:22:45.432228: Epoch 833
2026-06-14 00:22:45.435357: Current learning rate: 0.002
2026-06-14 00:23:08.317457: train_loss -0.7549
2026-06-14 00:23:08.320913: val_loss -0.5425
2026-06-14 00:23:08.322756: Pseudo dice [0.5699]
2026-06-14 00:23:08.324596: Epoch time: 22.89 s
2026-06-14 00:23:09.238204: 
2026-06-14 00:23:09.240397: Epoch 834
2026-06-14 00:23:09.245930: Current learning rate: 0.00199
2026-06-14 00:23:31.929041: train_loss -0.7427
2026-06-14 00:23:31.931219: val_loss -0.5426
2026-06-14 00:23:31.932767: Pseudo dice [0.5869]
2026-06-14 00:23:31.934141: Epoch time: 22.69 s
2026-06-14 00:23:32.849913: 
2026-06-14 00:23:32.853760: Epoch 835
2026-06-14 00:23:32.855533: Current learning rate: 0.00198
2026-06-14 00:23:56.280778: train_loss -0.75
2026-06-14 00:23:56.283506: val_loss -0.5507
2026-06-14 00:23:56.285135: Pseudo dice [0.5552]
2026-06-14 00:23:56.286840: Epoch time: 23.43 s
2026-06-14 00:23:57.204203: 
2026-06-14 00:23:57.206104: Epoch 836
2026-06-14 00:23:57.208536: Current learning rate: 0.00196
2026-06-14 00:24:19.857856: train_loss -0.7662
2026-06-14 00:24:19.860769: val_loss -0.549
2026-06-14 00:24:19.862577: Pseudo dice [0.5337]
2026-06-14 00:24:19.866612: Epoch time: 22.65 s
2026-06-14 00:24:20.781026: 
2026-06-14 00:24:20.783192: Epoch 837
2026-06-14 00:24:20.787677: Current learning rate: 0.00195
2026-06-14 00:24:43.407793: train_loss -0.7661
2026-06-14 00:24:43.432867: val_loss -0.5775
2026-06-14 00:24:43.434609: Pseudo dice [0.5929]
2026-06-14 00:24:43.437690: Epoch time: 22.63 s
2026-06-14 00:24:44.349336: 
2026-06-14 00:24:44.351272: Epoch 838
2026-06-14 00:24:44.355351: Current learning rate: 0.00194
2026-06-14 00:25:07.081065: train_loss -0.7557
2026-06-14 00:25:07.084643: val_loss -0.5552
2026-06-14 00:25:07.086268: Pseudo dice [0.5652]
2026-06-14 00:25:07.087801: Epoch time: 22.73 s
2026-06-14 00:25:08.000228: 
2026-06-14 00:25:08.005136: Epoch 839
2026-06-14 00:25:08.008075: Current learning rate: 0.00193
2026-06-14 00:25:30.738855: train_loss -0.7608
2026-06-14 00:25:30.743323: val_loss -0.5873
2026-06-14 00:25:30.748796: Pseudo dice [0.5929]
2026-06-14 00:25:30.755511: Epoch time: 22.74 s
2026-06-14 00:25:31.674840: 
2026-06-14 00:25:31.676321: Epoch 840
2026-06-14 00:25:31.678073: Current learning rate: 0.00192
2026-06-14 00:25:54.441616: train_loss -0.7474
2026-06-14 00:25:54.444158: val_loss -0.5294
2026-06-14 00:25:54.445698: Pseudo dice [0.5666]
2026-06-14 00:25:54.447204: Epoch time: 22.77 s
2026-06-14 00:25:55.364226: 
2026-06-14 00:25:55.365695: Epoch 841
2026-06-14 00:25:55.367602: Current learning rate: 0.00191
2026-06-14 00:26:18.131803: train_loss -0.7667
2026-06-14 00:26:18.134512: val_loss -0.5942
2026-06-14 00:26:18.136539: Pseudo dice [0.5833]
2026-06-14 00:26:18.138472: Epoch time: 22.77 s
2026-06-14 00:26:19.048982: 
2026-06-14 00:26:19.050521: Epoch 842
2026-06-14 00:26:19.052302: Current learning rate: 0.0019
2026-06-14 00:26:41.772024: train_loss -0.7506
2026-06-14 00:26:41.783185: val_loss -0.5568
2026-06-14 00:26:41.786762: Pseudo dice [0.5494]
2026-06-14 00:26:41.792847: Epoch time: 22.72 s
2026-06-14 00:26:42.760999: 
2026-06-14 00:26:42.764180: Epoch 843
2026-06-14 00:26:42.767244: Current learning rate: 0.00189
2026-06-14 00:27:05.468173: train_loss -0.7364
2026-06-14 00:27:05.471145: val_loss -0.5518
2026-06-14 00:27:05.472677: Pseudo dice [0.5881]
2026-06-14 00:27:05.474222: Epoch time: 22.71 s
2026-06-14 00:27:06.392660: 
2026-06-14 00:27:06.402106: Epoch 844
2026-06-14 00:27:06.406579: Current learning rate: 0.00188
2026-06-14 00:27:29.098272: train_loss -0.7542
2026-06-14 00:27:29.100889: val_loss -0.5756
2026-06-14 00:27:29.102418: Pseudo dice [0.6012]
2026-06-14 00:27:29.103884: Epoch time: 22.71 s
2026-06-14 00:27:30.023156: 
2026-06-14 00:27:30.024632: Epoch 845
2026-06-14 00:27:30.026037: Current learning rate: 0.00187
2026-06-14 00:27:52.723496: train_loss -0.7671
2026-06-14 00:27:52.730397: val_loss -0.5734
2026-06-14 00:27:52.733119: Pseudo dice [0.569]
2026-06-14 00:27:52.738029: Epoch time: 22.7 s
2026-06-14 00:27:53.666996: 
2026-06-14 00:27:53.669358: Epoch 846
2026-06-14 00:27:53.671384: Current learning rate: 0.00186
2026-06-14 00:28:16.443648: train_loss -0.7741
2026-06-14 00:28:16.446081: val_loss -0.5158
2026-06-14 00:28:16.447463: Pseudo dice [0.5608]
2026-06-14 00:28:16.448861: Epoch time: 22.78 s
2026-06-14 00:28:17.364509: 
2026-06-14 00:28:17.366165: Epoch 847
2026-06-14 00:28:17.367616: Current learning rate: 0.00185
2026-06-14 00:28:40.138601: train_loss -0.7591
2026-06-14 00:28:40.141230: val_loss -0.5372
2026-06-14 00:28:40.142600: Pseudo dice [0.5481]
2026-06-14 00:28:40.144225: Epoch time: 22.78 s
2026-06-14 00:28:41.060136: 
2026-06-14 00:28:41.062007: Epoch 848
2026-06-14 00:28:41.063467: Current learning rate: 0.00184
2026-06-14 00:29:03.763001: train_loss -0.7626
2026-06-14 00:29:03.766542: val_loss -0.5427
2026-06-14 00:29:03.768150: Pseudo dice [0.576]
2026-06-14 00:29:03.769790: Epoch time: 22.7 s
2026-06-14 00:29:04.689969: 
2026-06-14 00:29:04.692004: Epoch 849
2026-06-14 00:29:04.693507: Current learning rate: 0.00182
2026-06-14 00:29:27.407198: train_loss -0.7617
2026-06-14 00:29:27.410276: val_loss -0.5496
2026-06-14 00:29:27.411901: Pseudo dice [0.5732]
2026-06-14 00:29:27.413527: Epoch time: 22.72 s
2026-06-14 00:29:28.823415: 
2026-06-14 00:29:28.825036: Epoch 850
2026-06-14 00:29:28.826634: Current learning rate: 0.00181
2026-06-14 00:29:51.526438: train_loss -0.7728
2026-06-14 00:29:51.533738: val_loss -0.561
2026-06-14 00:29:51.535436: Pseudo dice [0.5893]
2026-06-14 00:29:51.537082: Epoch time: 22.7 s
2026-06-14 00:29:52.450138: 
2026-06-14 00:29:52.452053: Epoch 851
2026-06-14 00:29:52.453755: Current learning rate: 0.0018
2026-06-14 00:30:15.128351: train_loss -0.7743
2026-06-14 00:30:15.133491: val_loss -0.5194
2026-06-14 00:30:15.135081: Pseudo dice [0.5467]
2026-06-14 00:30:15.136510: Epoch time: 22.68 s
2026-06-14 00:30:16.039521: 
2026-06-14 00:30:16.041026: Epoch 852
2026-06-14 00:30:16.042517: Current learning rate: 0.00179
2026-06-14 00:30:38.641346: train_loss -0.7695
2026-06-14 00:30:38.644586: val_loss -0.5611
2026-06-14 00:30:38.646305: Pseudo dice [0.5764]
2026-06-14 00:30:38.647790: Epoch time: 22.6 s
2026-06-14 00:30:40.063999: 
2026-06-14 00:30:40.065919: Epoch 853
2026-06-14 00:30:40.069477: Current learning rate: 0.00178
2026-06-14 00:31:02.644435: train_loss -0.7718
2026-06-14 00:31:02.648003: val_loss -0.5357
2026-06-14 00:31:02.651136: Pseudo dice [0.5604]
2026-06-14 00:31:02.652690: Epoch time: 22.58 s
2026-06-14 00:31:03.555635: 
2026-06-14 00:31:03.557306: Epoch 854
2026-06-14 00:31:03.558793: Current learning rate: 0.00177
2026-06-14 00:31:26.231999: train_loss -0.7466
2026-06-14 00:31:26.239836: val_loss -0.5302
2026-06-14 00:31:26.243715: Pseudo dice [0.5221]
2026-06-14 00:31:26.247728: Epoch time: 22.68 s
2026-06-14 00:31:27.200816: 
2026-06-14 00:31:27.203045: Epoch 855
2026-06-14 00:31:27.205184: Current learning rate: 0.00176
2026-06-14 00:31:49.802877: train_loss -0.7482
2026-06-14 00:31:49.805908: val_loss -0.5323
2026-06-14 00:31:49.807535: Pseudo dice [0.5645]
2026-06-14 00:31:49.809067: Epoch time: 22.6 s
2026-06-14 00:31:50.709735: 
2026-06-14 00:31:50.711598: Epoch 856
2026-06-14 00:31:50.713294: Current learning rate: 0.00175
2026-06-14 00:32:13.452571: train_loss -0.7598
2026-06-14 00:32:13.459498: val_loss -0.5983
2026-06-14 00:32:13.461204: Pseudo dice [0.608]
2026-06-14 00:32:13.462874: Epoch time: 22.74 s
2026-06-14 00:32:14.388383: 
2026-06-14 00:32:14.391467: Epoch 857
2026-06-14 00:32:14.396706: Current learning rate: 0.00174
2026-06-14 00:32:36.999440: train_loss -0.7547
2026-06-14 00:32:37.004919: val_loss -0.5838
2026-06-14 00:32:37.006343: Pseudo dice [0.5814]
2026-06-14 00:32:37.007738: Epoch time: 22.61 s
2026-06-14 00:32:37.908229: 
2026-06-14 00:32:37.909873: Epoch 858
2026-06-14 00:32:37.911354: Current learning rate: 0.00173
2026-06-14 00:33:00.536921: train_loss -0.782
2026-06-14 00:33:00.539900: val_loss -0.5358
2026-06-14 00:33:00.541559: Pseudo dice [0.5639]
2026-06-14 00:33:00.543061: Epoch time: 22.63 s
2026-06-14 00:33:01.450257: 
2026-06-14 00:33:01.453894: Epoch 859
2026-06-14 00:33:01.456958: Current learning rate: 0.00172
2026-06-14 00:33:24.118845: train_loss -0.7805
2026-06-14 00:33:24.123297: val_loss -0.5628
2026-06-14 00:33:24.125374: Pseudo dice [0.577]
2026-06-14 00:33:24.127719: Epoch time: 22.67 s
2026-06-14 00:33:25.037336: 
2026-06-14 00:33:25.040613: Epoch 860
2026-06-14 00:33:25.043317: Current learning rate: 0.0017
2026-06-14 00:33:47.691600: train_loss -0.7668
2026-06-14 00:33:47.695154: val_loss -0.5663
2026-06-14 00:33:47.696689: Pseudo dice [0.5745]
2026-06-14 00:33:47.698141: Epoch time: 22.66 s
2026-06-14 00:33:48.605956: 
2026-06-14 00:33:48.607449: Epoch 861
2026-06-14 00:33:48.608946: Current learning rate: 0.00169
2026-06-14 00:34:11.322158: train_loss -0.7674
2026-06-14 00:34:11.325378: val_loss -0.5719
2026-06-14 00:34:11.327246: Pseudo dice [0.5918]
2026-06-14 00:34:11.329548: Epoch time: 22.72 s
2026-06-14 00:34:12.243311: 
2026-06-14 00:34:12.245016: Epoch 862
2026-06-14 00:34:12.246673: Current learning rate: 0.00168
2026-06-14 00:34:34.992454: train_loss -0.7703
2026-06-14 00:34:34.996324: val_loss -0.5549
2026-06-14 00:34:34.998049: Pseudo dice [0.5806]
2026-06-14 00:34:35.000291: Epoch time: 22.75 s
2026-06-14 00:34:35.909032: 
2026-06-14 00:34:35.911083: Epoch 863
2026-06-14 00:34:35.912803: Current learning rate: 0.00167
2026-06-14 00:34:58.457623: train_loss -0.738
2026-06-14 00:34:58.465243: val_loss -0.5374
2026-06-14 00:34:58.469182: Pseudo dice [0.5563]
2026-06-14 00:34:58.470693: Epoch time: 22.55 s
2026-06-14 00:34:59.385744: 
2026-06-14 00:34:59.387252: Epoch 864
2026-06-14 00:34:59.388649: Current learning rate: 0.00166
2026-06-14 00:35:22.074954: train_loss -0.7671
2026-06-14 00:35:22.078517: val_loss -0.5291
2026-06-14 00:35:22.080127: Pseudo dice [0.5641]
2026-06-14 00:35:22.081681: Epoch time: 22.69 s
2026-06-14 00:35:22.983640: 
2026-06-14 00:35:22.985333: Epoch 865
2026-06-14 00:35:22.986832: Current learning rate: 0.00165
2026-06-14 00:35:45.718335: train_loss -0.758
2026-06-14 00:35:45.721676: val_loss -0.5521
2026-06-14 00:35:45.723487: Pseudo dice [0.5626]
2026-06-14 00:35:45.725128: Epoch time: 22.74 s
2026-06-14 00:35:46.634119: 
2026-06-14 00:35:46.636660: Epoch 866
2026-06-14 00:35:46.638142: Current learning rate: 0.00164
2026-06-14 00:36:09.454715: train_loss -0.7613
2026-06-14 00:36:09.458362: val_loss -0.5912
2026-06-14 00:36:09.459919: Pseudo dice [0.3988]
2026-06-14 00:36:09.461379: Epoch time: 22.82 s
2026-06-14 00:36:10.365190: 
2026-06-14 00:36:10.366915: Epoch 867
2026-06-14 00:36:10.372635: Current learning rate: 0.00163
2026-06-14 00:36:33.106431: train_loss -0.7694
2026-06-14 00:36:33.110248: val_loss -0.458
2026-06-14 00:36:33.112499: Pseudo dice [0.5017]
2026-06-14 00:36:33.114716: Epoch time: 22.74 s
2026-06-14 00:36:34.027281: 
2026-06-14 00:36:34.029326: Epoch 868
2026-06-14 00:36:34.031174: Current learning rate: 0.00162
2026-06-14 00:36:56.707652: train_loss -0.7527
2026-06-14 00:36:56.739795: val_loss -0.5423
2026-06-14 00:36:56.741516: Pseudo dice [0.5551]
2026-06-14 00:36:56.743183: Epoch time: 22.68 s
2026-06-14 00:36:57.651239: 
2026-06-14 00:36:57.653120: Epoch 869
2026-06-14 00:36:57.654734: Current learning rate: 0.00161
2026-06-14 00:37:20.475353: train_loss -0.7579
2026-06-14 00:37:20.479587: val_loss -0.5431
2026-06-14 00:37:20.481197: Pseudo dice [0.5763]
2026-06-14 00:37:20.485620: Epoch time: 22.83 s
2026-06-14 00:37:21.391874: 
2026-06-14 00:37:21.393469: Epoch 870
2026-06-14 00:37:21.395064: Current learning rate: 0.00159
2026-06-14 00:37:44.263775: train_loss -0.7411
2026-06-14 00:37:44.268902: val_loss -0.5009
2026-06-14 00:37:44.270615: Pseudo dice [0.5431]
2026-06-14 00:37:44.272148: Epoch time: 22.87 s
2026-06-14 00:37:45.169970: 
2026-06-14 00:37:45.171626: Epoch 871
2026-06-14 00:37:45.173396: Current learning rate: 0.00158
2026-06-14 00:38:07.977264: train_loss -0.7466
2026-06-14 00:38:07.983015: val_loss -0.5715
2026-06-14 00:38:07.984575: Pseudo dice [0.5805]
2026-06-14 00:38:07.989031: Epoch time: 22.81 s
2026-06-14 00:38:09.389194: 
2026-06-14 00:38:09.390919: Epoch 872
2026-06-14 00:38:09.392870: Current learning rate: 0.00157
2026-06-14 00:38:32.068848: train_loss -0.7648
2026-06-14 00:38:32.072918: val_loss -0.5798
2026-06-14 00:38:32.074424: Pseudo dice [0.5908]
2026-06-14 00:38:32.076549: Epoch time: 22.68 s
2026-06-14 00:38:32.973164: 
2026-06-14 00:38:32.974719: Epoch 873
2026-06-14 00:38:32.976680: Current learning rate: 0.00156
2026-06-14 00:38:55.644345: train_loss -0.7717
2026-06-14 00:38:55.649362: val_loss -0.5563
2026-06-14 00:38:55.650877: Pseudo dice [0.5832]
2026-06-14 00:38:55.652734: Epoch time: 22.67 s
2026-06-14 00:38:56.550435: 
2026-06-14 00:38:56.552109: Epoch 874
2026-06-14 00:38:56.553983: Current learning rate: 0.00155
2026-06-14 00:39:19.198972: train_loss -0.7667
2026-06-14 00:39:19.211553: val_loss -0.6051
2026-06-14 00:39:19.215209: Pseudo dice [0.6294]
2026-06-14 00:39:19.221003: Epoch time: 22.65 s
2026-06-14 00:39:20.126878: 
2026-06-14 00:39:20.129122: Epoch 875
2026-06-14 00:39:20.131007: Current learning rate: 0.00154
2026-06-14 00:39:42.755860: train_loss -0.7704
2026-06-14 00:39:42.757925: val_loss -0.5199
2026-06-14 00:39:42.759600: Pseudo dice [0.5587]
2026-06-14 00:39:42.760962: Epoch time: 22.63 s
2026-06-14 00:39:43.660258: 
2026-06-14 00:39:43.661834: Epoch 876
2026-06-14 00:39:43.663221: Current learning rate: 0.00153
2026-06-14 00:40:06.231867: train_loss -0.77
2026-06-14 00:40:06.234356: val_loss -0.5673
2026-06-14 00:40:06.235987: Pseudo dice [0.563]
2026-06-14 00:40:06.237774: Epoch time: 22.57 s
2026-06-14 00:40:07.139822: 
2026-06-14 00:40:07.142874: Epoch 877
2026-06-14 00:40:07.146155: Current learning rate: 0.00152
2026-06-14 00:40:29.842067: train_loss -0.7605
2026-06-14 00:40:29.844240: val_loss -0.5242
2026-06-14 00:40:29.845712: Pseudo dice [0.5381]
2026-06-14 00:40:29.847237: Epoch time: 22.7 s
2026-06-14 00:40:30.755105: 
2026-06-14 00:40:30.756763: Epoch 878
2026-06-14 00:40:30.758286: Current learning rate: 0.00151
2026-06-14 00:40:53.469390: train_loss -0.7533
2026-06-14 00:40:53.471708: val_loss -0.5659
2026-06-14 00:40:53.473373: Pseudo dice [0.5672]
2026-06-14 00:40:53.475350: Epoch time: 22.72 s
2026-06-14 00:40:54.439213: 
2026-06-14 00:40:54.440835: Epoch 879
2026-06-14 00:40:54.442354: Current learning rate: 0.00149
2026-06-14 00:41:17.169399: train_loss -0.7624
2026-06-14 00:41:17.171597: val_loss -0.5009
2026-06-14 00:41:17.173168: Pseudo dice [0.5273]
2026-06-14 00:41:17.175357: Epoch time: 22.73 s
2026-06-14 00:41:18.077415: 
2026-06-14 00:41:18.079096: Epoch 880
2026-06-14 00:41:18.082252: Current learning rate: 0.00148
2026-06-14 00:41:40.664615: train_loss -0.7617
2026-06-14 00:41:40.666680: val_loss -0.5705
2026-06-14 00:41:40.668496: Pseudo dice [0.5809]
2026-06-14 00:41:40.669917: Epoch time: 22.59 s
2026-06-14 00:41:41.592515: 
2026-06-14 00:41:41.594136: Epoch 881
2026-06-14 00:41:41.595583: Current learning rate: 0.00147
2026-06-14 00:42:04.302197: train_loss -0.7625
2026-06-14 00:42:04.305032: val_loss -0.5224
2026-06-14 00:42:04.306624: Pseudo dice [0.5832]
2026-06-14 00:42:04.308259: Epoch time: 22.71 s
2026-06-14 00:42:05.213731: 
2026-06-14 00:42:05.235834: Epoch 882
2026-06-14 00:42:05.254364: Current learning rate: 0.00146
2026-06-14 00:42:28.008850: train_loss -0.7599
2026-06-14 00:42:28.010866: val_loss -0.5306
2026-06-14 00:42:28.012316: Pseudo dice [0.6026]
2026-06-14 00:42:28.013940: Epoch time: 22.8 s
2026-06-14 00:42:28.924309: 
2026-06-14 00:42:28.925834: Epoch 883
2026-06-14 00:42:28.927354: Current learning rate: 0.00145
2026-06-14 00:42:51.570224: train_loss -0.7524
2026-06-14 00:42:51.573064: val_loss -0.5162
2026-06-14 00:42:51.574796: Pseudo dice [0.5149]
2026-06-14 00:42:51.576547: Epoch time: 22.65 s
2026-06-14 00:42:52.477374: 
2026-06-14 00:42:52.479012: Epoch 884
2026-06-14 00:42:52.481065: Current learning rate: 0.00144
2026-06-14 00:43:15.183371: train_loss -0.7728
2026-06-14 00:43:15.185482: val_loss -0.5656
2026-06-14 00:43:15.187025: Pseudo dice [0.582]
2026-06-14 00:43:15.188468: Epoch time: 22.71 s
2026-06-14 00:43:16.092133: 
2026-06-14 00:43:16.093638: Epoch 885
2026-06-14 00:43:16.095249: Current learning rate: 0.00143
2026-06-14 00:43:38.723440: train_loss -0.7642
2026-06-14 00:43:38.728456: val_loss -0.5385
2026-06-14 00:43:38.730806: Pseudo dice [0.5533]
2026-06-14 00:43:38.732568: Epoch time: 22.63 s
2026-06-14 00:43:39.636803: 
2026-06-14 00:43:39.638825: Epoch 886
2026-06-14 00:43:39.640753: Current learning rate: 0.00142
2026-06-14 00:44:02.183505: train_loss -0.7757
2026-06-14 00:44:02.189240: val_loss -0.5038
2026-06-14 00:44:02.190848: Pseudo dice [0.5211]
2026-06-14 00:44:02.192327: Epoch time: 22.55 s
2026-06-14 00:44:03.091560: 
2026-06-14 00:44:03.093099: Epoch 887
2026-06-14 00:44:03.094609: Current learning rate: 0.00141
2026-06-14 00:44:25.818817: train_loss -0.7821
2026-06-14 00:44:25.821100: val_loss -0.5138
2026-06-14 00:44:25.822917: Pseudo dice [0.5347]
2026-06-14 00:44:25.824577: Epoch time: 22.73 s
2026-06-14 00:44:26.744505: 
2026-06-14 00:44:26.746356: Epoch 888
2026-06-14 00:44:26.748026: Current learning rate: 0.00139
2026-06-14 00:44:49.455601: train_loss -0.7476
2026-06-14 00:44:49.457660: val_loss -0.5677
2026-06-14 00:44:49.459445: Pseudo dice [0.5879]
2026-06-14 00:44:49.460903: Epoch time: 22.71 s
2026-06-14 00:44:50.369292: 
2026-06-14 00:44:50.370861: Epoch 889
2026-06-14 00:44:50.372374: Current learning rate: 0.00138
2026-06-14 00:45:13.098746: train_loss -0.7741
2026-06-14 00:45:13.101172: val_loss -0.5158
2026-06-14 00:45:13.102546: Pseudo dice [0.5504]
2026-06-14 00:45:13.104167: Epoch time: 22.73 s
2026-06-14 00:45:14.531423: 
2026-06-14 00:45:14.536606: Epoch 890
2026-06-14 00:45:14.539264: Current learning rate: 0.00137
2026-06-14 00:45:37.334200: train_loss -0.7524
2026-06-14 00:45:37.336298: val_loss -0.5582
2026-06-14 00:45:37.337986: Pseudo dice [0.5976]
2026-06-14 00:45:37.339537: Epoch time: 22.8 s
2026-06-14 00:45:38.236261: 
2026-06-14 00:45:38.237902: Epoch 891
2026-06-14 00:45:38.239504: Current learning rate: 0.00136
2026-06-14 00:46:00.949467: train_loss -0.765
2026-06-14 00:46:00.952145: val_loss -0.5592
2026-06-14 00:46:00.953935: Pseudo dice [0.5618]
2026-06-14 00:46:00.955370: Epoch time: 22.71 s
2026-06-14 00:46:01.858012: 
2026-06-14 00:46:01.860152: Epoch 892
2026-06-14 00:46:01.861634: Current learning rate: 0.00135
2026-06-14 00:46:24.496992: train_loss -0.7807
2026-06-14 00:46:24.500054: val_loss -0.5279
2026-06-14 00:46:24.501964: Pseudo dice [0.5494]
2026-06-14 00:46:24.503811: Epoch time: 22.64 s
2026-06-14 00:46:25.404903: 
2026-06-14 00:46:25.406958: Epoch 893
2026-06-14 00:46:25.408708: Current learning rate: 0.00134
2026-06-14 00:46:48.071447: train_loss -0.7787
2026-06-14 00:46:48.073570: val_loss -0.598
2026-06-14 00:46:48.075033: Pseudo dice [0.6132]
2026-06-14 00:46:48.076455: Epoch time: 22.67 s
2026-06-14 00:46:48.983592: 
2026-06-14 00:46:48.985235: Epoch 894
2026-06-14 00:46:48.986743: Current learning rate: 0.00133
2026-06-14 00:47:11.595513: train_loss -0.7694
2026-06-14 00:47:11.597968: val_loss -0.5458
2026-06-14 00:47:11.599766: Pseudo dice [0.5758]
2026-06-14 00:47:11.601727: Epoch time: 22.61 s
2026-06-14 00:47:12.641145: 
2026-06-14 00:47:12.642904: Epoch 895
2026-06-14 00:47:12.644344: Current learning rate: 0.00132
2026-06-14 00:47:35.256991: train_loss -0.7751
2026-06-14 00:47:35.259310: val_loss -0.5582
2026-06-14 00:47:35.260877: Pseudo dice [0.5909]
2026-06-14 00:47:35.262424: Epoch time: 22.62 s
2026-06-14 00:47:36.161374: 
2026-06-14 00:47:36.163021: Epoch 896
2026-06-14 00:47:36.164576: Current learning rate: 0.0013
2026-06-14 00:47:58.726964: train_loss -0.7869
2026-06-14 00:47:58.731157: val_loss -0.5561
2026-06-14 00:47:58.735257: Pseudo dice [0.555]
2026-06-14 00:47:58.738258: Epoch time: 22.57 s
2026-06-14 00:47:59.645077: 
2026-06-14 00:47:59.648279: Epoch 897
2026-06-14 00:47:59.651242: Current learning rate: 0.00129
2026-06-14 00:48:22.408357: train_loss -0.7734
2026-06-14 00:48:22.410521: val_loss -0.5541
2026-06-14 00:48:22.412094: Pseudo dice [0.5498]
2026-06-14 00:48:22.413681: Epoch time: 22.76 s
2026-06-14 00:48:23.323734: 
2026-06-14 00:48:23.325403: Epoch 898
2026-06-14 00:48:23.326995: Current learning rate: 0.00128
2026-06-14 00:48:45.903698: train_loss -0.7727
2026-06-14 00:48:45.907765: val_loss -0.5306
2026-06-14 00:48:45.909570: Pseudo dice [0.5585]
2026-06-14 00:48:45.911397: Epoch time: 22.58 s
2026-06-14 00:48:46.827851: 
2026-06-14 00:48:46.829699: Epoch 899
2026-06-14 00:48:46.832882: Current learning rate: 0.00127
2026-06-14 00:49:09.365968: train_loss -0.7849
2026-06-14 00:49:09.369196: val_loss -0.5898
2026-06-14 00:49:09.377466: Pseudo dice [0.6104]
2026-06-14 00:49:09.379129: Epoch time: 22.54 s
2026-06-14 00:49:10.776671: 
2026-06-14 00:49:10.778296: Epoch 900
2026-06-14 00:49:10.780066: Current learning rate: 0.00126
2026-06-14 00:49:33.356870: train_loss -0.7883
2026-06-14 00:49:33.360258: val_loss -0.5746
2026-06-14 00:49:33.362637: Pseudo dice [0.5905]
2026-06-14 00:49:33.365010: Epoch time: 22.58 s
2026-06-14 00:49:34.275827: 
2026-06-14 00:49:34.278930: Epoch 901
2026-06-14 00:49:34.281863: Current learning rate: 0.00125
2026-06-14 00:49:56.960460: train_loss -0.7662
2026-06-14 00:49:56.963963: val_loss -0.6053
2026-06-14 00:49:56.965779: Pseudo dice [0.6162]
2026-06-14 00:49:56.967392: Epoch time: 22.69 s
2026-06-14 00:49:56.969137: Yayy! New best EMA pseudo Dice: 0.5766
2026-06-14 00:49:58.370797: 
2026-06-14 00:49:58.376206: Epoch 902
2026-06-14 00:49:58.377900: Current learning rate: 0.00124
2026-06-14 00:50:21.006347: train_loss -0.7766
2026-06-14 00:50:21.010034: val_loss -0.5613
2026-06-14 00:50:21.011815: Pseudo dice [0.5836]
2026-06-14 00:50:21.013692: Epoch time: 22.64 s
2026-06-14 00:50:21.015429: Yayy! New best EMA pseudo Dice: 0.5773
2026-06-14 00:50:22.417836: 
2026-06-14 00:50:22.419964: Epoch 903
2026-06-14 00:50:22.421672: Current learning rate: 0.00122
2026-06-14 00:50:44.951279: train_loss -0.7959
2026-06-14 00:50:44.954165: val_loss -0.6058
2026-06-14 00:50:44.955631: Pseudo dice [0.6282]
2026-06-14 00:50:44.957026: Epoch time: 22.53 s
2026-06-14 00:50:44.958542: Yayy! New best EMA pseudo Dice: 0.5824
2026-06-14 00:50:46.360480: 
2026-06-14 00:50:46.362018: Epoch 904
2026-06-14 00:50:46.363407: Current learning rate: 0.00121
2026-06-14 00:51:08.981485: train_loss -0.7871
2026-06-14 00:51:08.984776: val_loss -0.5185
2026-06-14 00:51:08.986338: Pseudo dice [0.5628]
2026-06-14 00:51:08.987830: Epoch time: 22.62 s
2026-06-14 00:51:09.889307: 
2026-06-14 00:51:09.891288: Epoch 905
2026-06-14 00:51:09.892651: Current learning rate: 0.0012
2026-06-14 00:51:32.585231: train_loss -0.7645
2026-06-14 00:51:32.588250: val_loss -0.5468
2026-06-14 00:51:32.589769: Pseudo dice [0.5449]
2026-06-14 00:51:32.591331: Epoch time: 22.7 s
2026-06-14 00:51:33.494863: 
2026-06-14 00:51:33.496619: Epoch 906
2026-06-14 00:51:33.498337: Current learning rate: 0.00119
2026-06-14 00:51:56.020665: train_loss -0.7722
2026-06-14 00:51:56.023553: val_loss -0.584
2026-06-14 00:51:56.025189: Pseudo dice [0.603]
2026-06-14 00:51:56.026799: Epoch time: 22.53 s
2026-06-14 00:51:56.934160: 
2026-06-14 00:51:56.937019: Epoch 907
2026-06-14 00:51:56.941443: Current learning rate: 0.00118
2026-06-14 00:52:19.581435: train_loss -0.7674
2026-06-14 00:52:19.585056: val_loss -0.6021
2026-06-14 00:52:19.587063: Pseudo dice [0.6124]
2026-06-14 00:52:19.588738: Epoch time: 22.65 s
2026-06-14 00:52:19.591056: Yayy! New best EMA pseudo Dice: 0.5828
2026-06-14 00:52:21.510288: 
2026-06-14 00:52:21.516114: Epoch 908
2026-06-14 00:52:21.521559: Current learning rate: 0.00117
2026-06-14 00:52:44.188504: train_loss -0.7848
2026-06-14 00:52:44.194085: val_loss -0.5603
2026-06-14 00:52:44.197095: Pseudo dice [0.5632]
2026-06-14 00:52:44.200664: Epoch time: 22.68 s
2026-06-14 00:52:45.110751: 
2026-06-14 00:52:45.112683: Epoch 909
2026-06-14 00:52:45.114620: Current learning rate: 0.00116
2026-06-14 00:53:07.720269: train_loss -0.7683
2026-06-14 00:53:07.723073: val_loss -0.509
2026-06-14 00:53:07.724735: Pseudo dice [0.5669]
2026-06-14 00:53:07.726195: Epoch time: 22.61 s
2026-06-14 00:53:08.629223: 
2026-06-14 00:53:08.630743: Epoch 910
2026-06-14 00:53:08.632281: Current learning rate: 0.00115
2026-06-14 00:53:31.288287: train_loss -0.7847
2026-06-14 00:53:31.292837: val_loss -0.5255
2026-06-14 00:53:31.296307: Pseudo dice [0.577]
2026-06-14 00:53:31.299765: Epoch time: 22.66 s
2026-06-14 00:53:32.211288: 
2026-06-14 00:53:32.213030: Epoch 911
2026-06-14 00:53:32.215176: Current learning rate: 0.00113
2026-06-14 00:53:54.853884: train_loss -0.7805
2026-06-14 00:53:54.856715: val_loss -0.5989
2026-06-14 00:53:54.858506: Pseudo dice [0.5978]
2026-06-14 00:53:54.860057: Epoch time: 22.64 s
2026-06-14 00:53:55.757664: 
2026-06-14 00:53:55.759435: Epoch 912
2026-06-14 00:53:55.760945: Current learning rate: 0.00112
2026-06-14 00:54:18.356217: train_loss -0.7856
2026-06-14 00:54:18.359167: val_loss -0.5254
2026-06-14 00:54:18.360809: Pseudo dice [0.5555]
2026-06-14 00:54:18.362366: Epoch time: 22.6 s
2026-06-14 00:54:19.304449: 
2026-06-14 00:54:19.306152: Epoch 913
2026-06-14 00:54:19.307667: Current learning rate: 0.00111
2026-06-14 00:54:42.072852: train_loss -0.781
2026-06-14 00:54:42.076723: val_loss -0.5653
2026-06-14 00:54:42.078522: Pseudo dice [0.5848]
2026-06-14 00:54:42.080196: Epoch time: 22.77 s
2026-06-14 00:54:42.988855: 
2026-06-14 00:54:42.990481: Epoch 914
2026-06-14 00:54:42.992123: Current learning rate: 0.0011
2026-06-14 00:55:05.575909: train_loss -0.7905
2026-06-14 00:55:05.579127: val_loss -0.4956
2026-06-14 00:55:05.580623: Pseudo dice [0.5517]
2026-06-14 00:55:05.582327: Epoch time: 22.59 s
2026-06-14 00:55:06.492944: 
2026-06-14 00:55:06.494503: Epoch 915
2026-06-14 00:55:06.496150: Current learning rate: 0.00109
2026-06-14 00:55:29.132615: train_loss -0.774
2026-06-14 00:55:29.136448: val_loss -0.5702
2026-06-14 00:55:29.138092: Pseudo dice [0.6045]
2026-06-14 00:55:29.139754: Epoch time: 22.64 s
2026-06-14 00:55:30.046077: 
2026-06-14 00:55:30.048034: Epoch 916
2026-06-14 00:55:30.049931: Current learning rate: 0.00108
2026-06-14 00:55:52.755464: train_loss -0.7947
2026-06-14 00:55:52.758877: val_loss -0.5234
2026-06-14 00:55:52.760640: Pseudo dice [0.5488]
2026-06-14 00:55:52.762301: Epoch time: 22.71 s
2026-06-14 00:55:53.658746: 
2026-06-14 00:55:53.660598: Epoch 917
2026-06-14 00:55:53.662467: Current learning rate: 0.00106
2026-06-14 00:56:16.410608: train_loss -0.7965
2026-06-14 00:56:16.415894: val_loss -0.5879
2026-06-14 00:56:16.418201: Pseudo dice [0.6154]
2026-06-14 00:56:16.420129: Epoch time: 22.75 s
2026-06-14 00:56:17.332418: 
2026-06-14 00:56:17.334453: Epoch 918
2026-06-14 00:56:17.336263: Current learning rate: 0.00105
2026-06-14 00:56:39.858462: train_loss -0.7942
2026-06-14 00:56:39.861340: val_loss -0.5799
2026-06-14 00:56:39.862961: Pseudo dice [0.5992]
2026-06-14 00:56:39.864494: Epoch time: 22.53 s
2026-06-14 00:56:40.780634: 
2026-06-14 00:56:40.783275: Epoch 919
2026-06-14 00:56:40.784922: Current learning rate: 0.00104
2026-06-14 00:57:03.471558: train_loss -0.762
2026-06-14 00:57:03.475169: val_loss -0.5529
2026-06-14 00:57:03.477118: Pseudo dice [0.5848]
2026-06-14 00:57:03.478882: Epoch time: 22.69 s
2026-06-14 00:57:04.390942: 
2026-06-14 00:57:04.392768: Epoch 920
2026-06-14 00:57:04.394442: Current learning rate: 0.00103
2026-06-14 00:57:27.002478: train_loss -0.7654
2026-06-14 00:57:27.008682: val_loss -0.5718
2026-06-14 00:57:27.010397: Pseudo dice [0.589]
2026-06-14 00:57:27.012017: Epoch time: 22.61 s
2026-06-14 00:57:27.013573: Yayy! New best EMA pseudo Dice: 0.5829
2026-06-14 00:57:28.419693: 
2026-06-14 00:57:28.421462: Epoch 921
2026-06-14 00:57:28.422974: Current learning rate: 0.00102
2026-06-14 00:57:50.988284: train_loss -0.7746
2026-06-14 00:57:50.991432: val_loss -0.5795
2026-06-14 00:57:50.993020: Pseudo dice [0.6044]
2026-06-14 00:57:50.994523: Epoch time: 22.57 s
2026-06-14 00:57:50.996021: Yayy! New best EMA pseudo Dice: 0.5851
2026-06-14 00:57:52.413692: 
2026-06-14 00:57:52.415420: Epoch 922
2026-06-14 00:57:52.416921: Current learning rate: 0.00101
2026-06-14 00:58:15.129545: train_loss -0.7726
2026-06-14 00:58:15.139767: val_loss -0.5765
2026-06-14 00:58:15.142263: Pseudo dice [0.6093]
2026-06-14 00:58:15.145214: Epoch time: 22.72 s
2026-06-14 00:58:15.146855: Yayy! New best EMA pseudo Dice: 0.5875
2026-06-14 00:58:16.560088: 
2026-06-14 00:58:16.561842: Epoch 923
2026-06-14 00:58:16.563546: Current learning rate: 0.001
2026-06-14 00:58:39.178557: train_loss -0.7748
2026-06-14 00:58:39.184396: val_loss -0.524
2026-06-14 00:58:39.186481: Pseudo dice [0.5632]
2026-06-14 00:58:39.187928: Epoch time: 22.62 s
2026-06-14 00:58:40.101020: 
2026-06-14 00:58:40.104348: Epoch 924
2026-06-14 00:58:40.107705: Current learning rate: 0.00098
2026-06-14 00:59:02.624144: train_loss -0.7812
2026-06-14 00:59:02.630182: val_loss -0.5173
2026-06-14 00:59:02.632792: Pseudo dice [0.5477]
2026-06-14 00:59:02.634370: Epoch time: 22.52 s
2026-06-14 00:59:03.541887: 
2026-06-14 00:59:03.543587: Epoch 925
2026-06-14 00:59:03.545503: Current learning rate: 0.00097
2026-06-14 00:59:26.163959: train_loss -0.7876
2026-06-14 00:59:26.167532: val_loss -0.5634
2026-06-14 00:59:26.169144: Pseudo dice [0.5818]
2026-06-14 00:59:26.170646: Epoch time: 22.62 s
2026-06-14 00:59:27.580196: 
2026-06-14 00:59:27.581745: Epoch 926
2026-06-14 00:59:27.583569: Current learning rate: 0.00096
2026-06-14 00:59:50.262381: train_loss -0.7861
2026-06-14 00:59:50.265262: val_loss -0.5407
2026-06-14 00:59:50.266924: Pseudo dice [0.5558]
2026-06-14 00:59:50.268594: Epoch time: 22.68 s
2026-06-14 00:59:51.164533: 
2026-06-14 00:59:51.166269: Epoch 927
2026-06-14 00:59:51.168107: Current learning rate: 0.00095
2026-06-14 01:00:13.819572: train_loss -0.796
2026-06-14 01:00:13.831596: val_loss -0.5352
2026-06-14 01:00:13.833669: Pseudo dice [0.5821]
2026-06-14 01:00:13.835563: Epoch time: 22.66 s
2026-06-14 01:00:14.732890: 
2026-06-14 01:00:14.734757: Epoch 928
2026-06-14 01:00:14.736511: Current learning rate: 0.00094
2026-06-14 01:00:37.297435: train_loss -0.7995
2026-06-14 01:00:37.302477: val_loss -0.4894
2026-06-14 01:00:37.304191: Pseudo dice [0.537]
2026-06-14 01:00:37.305982: Epoch time: 22.57 s
2026-06-14 01:00:38.201429: 
2026-06-14 01:00:38.203474: Epoch 929
2026-06-14 01:00:38.205276: Current learning rate: 0.00092
2026-06-14 01:01:00.864813: train_loss -0.7787
2026-06-14 01:01:00.869545: val_loss -0.5248
2026-06-14 01:01:00.873342: Pseudo dice [0.5644]
2026-06-14 01:01:00.875179: Epoch time: 22.66 s
2026-06-14 01:01:01.790309: 
2026-06-14 01:01:01.792339: Epoch 930
2026-06-14 01:01:01.794232: Current learning rate: 0.00091
2026-06-14 01:01:24.390246: train_loss -0.7872
2026-06-14 01:01:24.394102: val_loss -0.5124
2026-06-14 01:01:24.395977: Pseudo dice [0.5512]
2026-06-14 01:01:24.397716: Epoch time: 22.6 s
2026-06-14 01:01:25.304939: 
2026-06-14 01:01:25.307278: Epoch 931
2026-06-14 01:01:25.309280: Current learning rate: 0.0009
2026-06-14 01:01:47.939732: train_loss -0.7777
2026-06-14 01:01:47.944185: val_loss -0.5121
2026-06-14 01:01:47.945990: Pseudo dice [0.559]
2026-06-14 01:01:47.947827: Epoch time: 22.64 s
2026-06-14 01:01:48.843376: 
2026-06-14 01:01:48.845307: Epoch 932
2026-06-14 01:01:48.846926: Current learning rate: 0.00089
2026-06-14 01:02:11.447243: train_loss -0.7965
2026-06-14 01:02:11.454362: val_loss -0.5741
2026-06-14 01:02:11.460836: Pseudo dice [0.6018]
2026-06-14 01:02:11.463134: Epoch time: 22.6 s
2026-06-14 01:02:12.375736: 
2026-06-14 01:02:12.379300: Epoch 933
2026-06-14 01:02:12.382532: Current learning rate: 0.00088
2026-06-14 01:02:34.934856: train_loss -0.7944
2026-06-14 01:02:34.938158: val_loss -0.5042
2026-06-14 01:02:34.939793: Pseudo dice [0.5586]
2026-06-14 01:02:34.941444: Epoch time: 22.56 s
2026-06-14 01:02:35.859200: 
2026-06-14 01:02:35.860870: Epoch 934
2026-06-14 01:02:35.862375: Current learning rate: 0.00087
2026-06-14 01:02:58.475262: train_loss -0.7901
2026-06-14 01:02:58.480163: val_loss -0.5659
2026-06-14 01:02:58.481956: Pseudo dice [0.5864]
2026-06-14 01:02:58.483872: Epoch time: 22.62 s
2026-06-14 01:02:59.390072: 
2026-06-14 01:02:59.391809: Epoch 935
2026-06-14 01:02:59.393508: Current learning rate: 0.00085
2026-06-14 01:03:22.062328: train_loss -0.7969
2026-06-14 01:03:22.065117: val_loss -0.5304
2026-06-14 01:03:22.066695: Pseudo dice [0.5852]
2026-06-14 01:03:22.068249: Epoch time: 22.67 s
2026-06-14 01:03:22.964590: 
2026-06-14 01:03:22.966290: Epoch 936
2026-06-14 01:03:22.967749: Current learning rate: 0.00084
2026-06-14 01:03:45.629011: train_loss -0.7823
2026-06-14 01:03:45.632503: val_loss -0.5156
2026-06-14 01:03:45.635237: Pseudo dice [0.5459]
2026-06-14 01:03:45.638202: Epoch time: 22.67 s
2026-06-14 01:03:46.544138: 
2026-06-14 01:03:46.545796: Epoch 937
2026-06-14 01:03:46.547314: Current learning rate: 0.00083
2026-06-14 01:04:09.178277: train_loss -0.7912
2026-06-14 01:04:09.181420: val_loss -0.5813
2026-06-14 01:04:09.183011: Pseudo dice [0.6255]
2026-06-14 01:04:09.184490: Epoch time: 22.64 s
2026-06-14 01:04:10.086905: 
2026-06-14 01:04:10.088855: Epoch 938
2026-06-14 01:04:10.090509: Current learning rate: 0.00082
2026-06-14 01:04:32.566629: train_loss -0.7944
2026-06-14 01:04:32.569750: val_loss -0.5948
2026-06-14 01:04:32.571565: Pseudo dice [0.5983]
2026-06-14 01:04:32.573238: Epoch time: 22.48 s
2026-06-14 01:04:33.474382: 
2026-06-14 01:04:33.476146: Epoch 939
2026-06-14 01:04:33.477817: Current learning rate: 0.00081
2026-06-14 01:04:56.083881: train_loss -0.7845
2026-06-14 01:04:56.087033: val_loss -0.5631
2026-06-14 01:04:56.088808: Pseudo dice [0.572]
2026-06-14 01:04:56.092037: Epoch time: 22.61 s
2026-06-14 01:04:57.014264: 
2026-06-14 01:04:57.016635: Epoch 940
2026-06-14 01:04:57.018936: Current learning rate: 0.00079
2026-06-14 01:05:19.645838: train_loss -0.7875
2026-06-14 01:05:19.649457: val_loss -0.5214
2026-06-14 01:05:19.651188: Pseudo dice [0.5751]
2026-06-14 01:05:19.652851: Epoch time: 22.63 s
2026-06-14 01:05:20.548452: 
2026-06-14 01:05:20.553439: Epoch 941
2026-06-14 01:05:20.555959: Current learning rate: 0.00078
2026-06-14 01:05:43.140469: train_loss -0.7954
2026-06-14 01:05:43.143323: val_loss -0.5648
2026-06-14 01:05:43.144845: Pseudo dice [0.5948]
2026-06-14 01:05:43.146522: Epoch time: 22.59 s
2026-06-14 01:05:44.038665: 
2026-06-14 01:05:44.040293: Epoch 942
2026-06-14 01:05:44.041768: Current learning rate: 0.00077
2026-06-14 01:06:06.576044: train_loss -0.7968
2026-06-14 01:06:06.578901: val_loss -0.5852
2026-06-14 01:06:06.580528: Pseudo dice [0.5921]
2026-06-14 01:06:06.582042: Epoch time: 22.54 s
2026-06-14 01:06:07.480085: 
2026-06-14 01:06:07.482576: Epoch 943
2026-06-14 01:06:07.484330: Current learning rate: 0.00076
2026-06-14 01:06:30.053029: train_loss -0.7975
2026-06-14 01:06:30.056556: val_loss -0.5974
2026-06-14 01:06:30.058392: Pseudo dice [0.6202]
2026-06-14 01:06:30.060043: Epoch time: 22.57 s
2026-06-14 01:06:30.956130: 
2026-06-14 01:06:30.962513: Epoch 944
2026-06-14 01:06:30.964366: Current learning rate: 0.00075
2026-06-14 01:06:53.517061: train_loss -0.7988
2026-06-14 01:06:53.520132: val_loss -0.5578
2026-06-14 01:06:53.521761: Pseudo dice [0.585]
2026-06-14 01:06:53.523385: Epoch time: 22.56 s
2026-06-14 01:06:54.940727: 
2026-06-14 01:06:54.942812: Epoch 945
2026-06-14 01:06:54.944441: Current learning rate: 0.00074
2026-06-14 01:07:17.611298: train_loss -0.7856
2026-06-14 01:07:17.613983: val_loss -0.5715
2026-06-14 01:07:17.615565: Pseudo dice [0.569]
2026-06-14 01:07:17.617273: Epoch time: 22.67 s
2026-06-14 01:07:18.510922: 
2026-06-14 01:07:18.512425: Epoch 946
2026-06-14 01:07:18.513900: Current learning rate: 0.00072
2026-06-14 01:07:41.132938: train_loss -0.7875
2026-06-14 01:07:41.135434: val_loss -0.518
2026-06-14 01:07:41.137285: Pseudo dice [0.5762]
2026-06-14 01:07:41.138938: Epoch time: 22.62 s
2026-06-14 01:07:42.034476: 
2026-06-14 01:07:42.038091: Epoch 947
2026-06-14 01:07:42.039838: Current learning rate: 0.00071
2026-06-14 01:08:04.814224: train_loss -0.7827
2026-06-14 01:08:04.816395: val_loss -0.5398
2026-06-14 01:08:04.818014: Pseudo dice [0.5835]
2026-06-14 01:08:04.819530: Epoch time: 22.78 s
2026-06-14 01:08:05.730538: 
2026-06-14 01:08:05.732129: Epoch 948
2026-06-14 01:08:05.733715: Current learning rate: 0.0007
2026-06-14 01:08:28.286048: train_loss -0.7932
2026-06-14 01:08:28.288285: val_loss -0.5725
2026-06-14 01:08:28.289947: Pseudo dice [0.5757]
2026-06-14 01:08:28.291471: Epoch time: 22.56 s
2026-06-14 01:08:29.193578: 
2026-06-14 01:08:29.197864: Epoch 949
2026-06-14 01:08:29.199630: Current learning rate: 0.00069
2026-06-14 01:08:51.816258: train_loss -0.7869
2026-06-14 01:08:51.818883: val_loss -0.4715
2026-06-14 01:08:51.820690: Pseudo dice [0.5509]
2026-06-14 01:08:51.822360: Epoch time: 22.62 s
2026-06-14 01:08:53.229867: 
2026-06-14 01:08:53.231654: Epoch 950
2026-06-14 01:08:53.233341: Current learning rate: 0.00067
2026-06-14 01:09:15.860639: train_loss -0.7934
2026-06-14 01:09:15.862875: val_loss -0.591
2026-06-14 01:09:15.864439: Pseudo dice [0.575]
2026-06-14 01:09:15.865949: Epoch time: 22.63 s
2026-06-14 01:09:16.765998: 
2026-06-14 01:09:16.767551: Epoch 951
2026-06-14 01:09:16.768921: Current learning rate: 0.00066
2026-06-14 01:09:39.372858: train_loss -0.7739
2026-06-14 01:09:39.375005: val_loss -0.5603
2026-06-14 01:09:39.376692: Pseudo dice [0.5666]
2026-06-14 01:09:39.378283: Epoch time: 22.61 s
2026-06-14 01:09:40.273777: 
2026-06-14 01:09:40.275532: Epoch 952
2026-06-14 01:09:40.277238: Current learning rate: 0.00065
2026-06-14 01:10:02.829208: train_loss -0.7987
2026-06-14 01:10:02.831419: val_loss -0.5696
2026-06-14 01:10:02.832921: Pseudo dice [0.5937]
2026-06-14 01:10:02.834407: Epoch time: 22.56 s
2026-06-14 01:10:03.747178: 
2026-06-14 01:10:03.748684: Epoch 953
2026-06-14 01:10:03.750304: Current learning rate: 0.00064
2026-06-14 01:10:26.450910: train_loss -0.795
2026-06-14 01:10:26.454044: val_loss -0.5859
2026-06-14 01:10:26.456120: Pseudo dice [0.5743]
2026-06-14 01:10:26.458073: Epoch time: 22.7 s
2026-06-14 01:10:27.435743: 
2026-06-14 01:10:27.437737: Epoch 954
2026-06-14 01:10:27.439481: Current learning rate: 0.00063
2026-06-14 01:10:50.204916: train_loss -0.7869
2026-06-14 01:10:50.206938: val_loss -0.6081
2026-06-14 01:10:50.208464: Pseudo dice [0.634]
2026-06-14 01:10:50.209953: Epoch time: 22.77 s
2026-06-14 01:10:51.125850: 
2026-06-14 01:10:51.127679: Epoch 955
2026-06-14 01:10:51.129253: Current learning rate: 0.00061
2026-06-14 01:11:13.786384: train_loss -0.795
2026-06-14 01:11:13.788893: val_loss -0.5653
2026-06-14 01:11:13.790556: Pseudo dice [0.6245]
2026-06-14 01:11:13.792383: Epoch time: 22.66 s
2026-06-14 01:11:13.794024: Yayy! New best EMA pseudo Dice: 0.5881
2026-06-14 01:11:15.195509: 
2026-06-14 01:11:15.197199: Epoch 956
2026-06-14 01:11:15.198865: Current learning rate: 0.0006
2026-06-14 01:11:37.814014: train_loss -0.7744
2026-06-14 01:11:37.816469: val_loss -0.5816
2026-06-14 01:11:37.818164: Pseudo dice [0.5917]
2026-06-14 01:11:37.819716: Epoch time: 22.62 s
2026-06-14 01:11:37.821550: Yayy! New best EMA pseudo Dice: 0.5885
2026-06-14 01:11:39.239197: 
2026-06-14 01:11:39.244547: Epoch 957
2026-06-14 01:11:39.246524: Current learning rate: 0.00059
2026-06-14 01:12:01.881976: train_loss -0.7852
2026-06-14 01:12:01.884400: val_loss -0.5629
2026-06-14 01:12:01.886247: Pseudo dice [0.5766]
2026-06-14 01:12:01.888031: Epoch time: 22.64 s
2026-06-14 01:12:02.798246: 
2026-06-14 01:12:02.800356: Epoch 958
2026-06-14 01:12:02.803313: Current learning rate: 0.00058
2026-06-14 01:12:25.588910: train_loss -0.7775
2026-06-14 01:12:25.593319: val_loss -0.4815
2026-06-14 01:12:25.595199: Pseudo dice [0.5492]
2026-06-14 01:12:25.596822: Epoch time: 22.79 s
2026-06-14 01:12:26.516571: 
2026-06-14 01:12:26.518294: Epoch 959
2026-06-14 01:12:26.520007: Current learning rate: 0.00056
2026-06-14 01:12:49.177472: train_loss -0.7884
2026-06-14 01:12:49.184399: val_loss -0.5427
2026-06-14 01:12:49.186306: Pseudo dice [0.5691]
2026-06-14 01:12:49.188254: Epoch time: 22.66 s
2026-06-14 01:12:50.096107: 
2026-06-14 01:12:50.101756: Epoch 960
2026-06-14 01:12:50.103482: Current learning rate: 0.00055
2026-06-14 01:13:12.737494: train_loss -0.7993
2026-06-14 01:13:12.739828: val_loss -0.4801
2026-06-14 01:13:12.741545: Pseudo dice [0.5558]
2026-06-14 01:13:12.743306: Epoch time: 22.64 s
2026-06-14 01:13:13.654666: 
2026-06-14 01:13:13.659900: Epoch 961
2026-06-14 01:13:13.662268: Current learning rate: 0.00054
2026-06-14 01:13:36.449472: train_loss -0.7915
2026-06-14 01:13:36.451963: val_loss -0.57
2026-06-14 01:13:36.453683: Pseudo dice [0.5861]
2026-06-14 01:13:36.455391: Epoch time: 22.8 s
2026-06-14 01:13:37.365062: 
2026-06-14 01:13:37.366865: Epoch 962
2026-06-14 01:13:37.368522: Current learning rate: 0.00053
2026-06-14 01:14:00.126088: train_loss -0.7874
2026-06-14 01:14:00.128860: val_loss -0.5407
2026-06-14 01:14:00.130444: Pseudo dice [0.5724]
2026-06-14 01:14:00.132352: Epoch time: 22.76 s
2026-06-14 01:14:01.543085: 
2026-06-14 01:14:01.544753: Epoch 963
2026-06-14 01:14:01.546206: Current learning rate: 0.00051
2026-06-14 01:14:24.232151: train_loss -0.7994
2026-06-14 01:14:24.234420: val_loss -0.6243
2026-06-14 01:14:24.237474: Pseudo dice [0.6255]
2026-06-14 01:14:24.240322: Epoch time: 22.69 s
2026-06-14 01:14:25.167149: 
2026-06-14 01:14:25.168967: Epoch 964
2026-06-14 01:14:25.172372: Current learning rate: 0.0005
2026-06-14 01:14:47.745356: train_loss -0.7833
2026-06-14 01:14:47.748012: val_loss -0.5339
2026-06-14 01:14:47.749583: Pseudo dice [0.573]
2026-06-14 01:14:47.751058: Epoch time: 22.58 s
2026-06-14 01:14:48.662730: 
2026-06-14 01:14:48.665617: Epoch 965
2026-06-14 01:14:48.667033: Current learning rate: 0.00049
2026-06-14 01:15:11.189577: train_loss -0.7966
2026-06-14 01:15:11.192979: val_loss -0.5512
2026-06-14 01:15:11.194740: Pseudo dice [0.5667]
2026-06-14 01:15:11.196360: Epoch time: 22.53 s
2026-06-14 01:15:12.105772: 
2026-06-14 01:15:12.108073: Epoch 966
2026-06-14 01:15:12.111400: Current learning rate: 0.00048
2026-06-14 01:15:34.721418: train_loss -0.8002
2026-06-14 01:15:34.724483: val_loss -0.5708
2026-06-14 01:15:34.726079: Pseudo dice [0.594]
2026-06-14 01:15:34.727823: Epoch time: 22.62 s
2026-06-14 01:15:35.639990: 
2026-06-14 01:15:35.641676: Epoch 967
2026-06-14 01:15:35.643736: Current learning rate: 0.00046
2026-06-14 01:15:58.223609: train_loss -0.7982
2026-06-14 01:15:58.228249: val_loss -0.5576
2026-06-14 01:15:58.231767: Pseudo dice [0.5987]
2026-06-14 01:15:58.233943: Epoch time: 22.58 s
2026-06-14 01:15:59.196029: 
2026-06-14 01:15:59.198989: Epoch 968
2026-06-14 01:15:59.204507: Current learning rate: 0.00045
2026-06-14 01:16:21.940810: train_loss -0.7941
2026-06-14 01:16:21.943458: val_loss -0.614
2026-06-14 01:16:21.944938: Pseudo dice [0.604]
2026-06-14 01:16:21.946487: Epoch time: 22.75 s
2026-06-14 01:16:22.875768: 
2026-06-14 01:16:22.877902: Epoch 969
2026-06-14 01:16:22.879452: Current learning rate: 0.00044
2026-06-14 01:16:45.513557: train_loss -0.8015
2026-06-14 01:16:45.515640: val_loss -0.5239
2026-06-14 01:16:45.517147: Pseudo dice [0.5768]
2026-06-14 01:16:45.518811: Epoch time: 22.64 s
2026-06-14 01:16:46.449433: 
2026-06-14 01:16:46.451000: Epoch 970
2026-06-14 01:16:46.452487: Current learning rate: 0.00043
2026-06-14 01:17:09.098510: train_loss -0.8042
2026-06-14 01:17:09.106313: val_loss -0.5616
2026-06-14 01:17:09.108646: Pseudo dice [0.5957]
2026-06-14 01:17:09.113707: Epoch time: 22.65 s
2026-06-14 01:17:10.043623: 
2026-06-14 01:17:10.045995: Epoch 971
2026-06-14 01:17:10.047565: Current learning rate: 0.00041
2026-06-14 01:17:32.735630: train_loss -0.7952
2026-06-14 01:17:32.738783: val_loss -0.574
2026-06-14 01:17:32.740581: Pseudo dice [0.5762]
2026-06-14 01:17:32.742348: Epoch time: 22.69 s
2026-06-14 01:17:33.675308: 
2026-06-14 01:17:33.677194: Epoch 972
2026-06-14 01:17:33.679274: Current learning rate: 0.0004
2026-06-14 01:17:56.308170: train_loss -0.807
2026-06-14 01:17:56.310944: val_loss -0.5905
2026-06-14 01:17:56.312671: Pseudo dice [0.5903]
2026-06-14 01:17:56.314421: Epoch time: 22.63 s
2026-06-14 01:17:57.230523: 
2026-06-14 01:17:57.232197: Epoch 973
2026-06-14 01:17:57.234078: Current learning rate: 0.00039
2026-06-14 01:18:19.930508: train_loss -0.7937
2026-06-14 01:18:19.933637: val_loss -0.617
2026-06-14 01:18:19.935245: Pseudo dice [0.614]
2026-06-14 01:18:19.937033: Epoch time: 22.7 s
2026-06-14 01:18:19.938709: Yayy! New best EMA pseudo Dice: 0.5886
2026-06-14 01:18:21.355972: 
2026-06-14 01:18:21.357543: Epoch 974
2026-06-14 01:18:21.359008: Current learning rate: 0.00037
2026-06-14 01:18:43.941228: train_loss -0.788
2026-06-14 01:18:43.945308: val_loss -0.548
2026-06-14 01:18:43.946870: Pseudo dice [0.5786]
2026-06-14 01:18:43.948342: Epoch time: 22.59 s
2026-06-14 01:18:44.861272: 
2026-06-14 01:18:44.862815: Epoch 975
2026-06-14 01:18:44.864342: Current learning rate: 0.00036
2026-06-14 01:19:07.448244: train_loss -0.8043
2026-06-14 01:19:07.451162: val_loss -0.5274
2026-06-14 01:19:07.453492: Pseudo dice [0.5548]
2026-06-14 01:19:07.455175: Epoch time: 22.59 s
2026-06-14 01:19:08.375983: 
2026-06-14 01:19:08.377629: Epoch 976
2026-06-14 01:19:08.379184: Current learning rate: 0.00035
2026-06-14 01:19:31.095634: train_loss -0.7953
2026-06-14 01:19:31.098931: val_loss -0.5862
2026-06-14 01:19:31.100686: Pseudo dice [0.6083]
2026-06-14 01:19:31.102502: Epoch time: 22.72 s
2026-06-14 01:19:32.022387: 
2026-06-14 01:19:32.033481: Epoch 977
2026-06-14 01:19:32.040600: Current learning rate: 0.00034
2026-06-14 01:19:54.790044: train_loss -0.7989
2026-06-14 01:19:54.792821: val_loss -0.5504
2026-06-14 01:19:54.794611: Pseudo dice [0.578]
2026-06-14 01:19:54.796173: Epoch time: 22.77 s
2026-06-14 01:19:55.714656: 
2026-06-14 01:19:55.717222: Epoch 978
2026-06-14 01:19:55.718758: Current learning rate: 0.00032
2026-06-14 01:20:18.390414: train_loss -0.7771
2026-06-14 01:20:18.394020: val_loss -0.5267
2026-06-14 01:20:18.395546: Pseudo dice [0.5647]
2026-06-14 01:20:18.397095: Epoch time: 22.68 s
2026-06-14 01:20:19.331398: 
2026-06-14 01:20:19.333014: Epoch 979
2026-06-14 01:20:19.335284: Current learning rate: 0.00031
2026-06-14 01:20:41.871016: train_loss -0.7991
2026-06-14 01:20:41.874074: val_loss -0.4843
2026-06-14 01:20:41.875851: Pseudo dice [0.5571]
2026-06-14 01:20:41.877524: Epoch time: 22.54 s
2026-06-14 01:20:42.788467: 
2026-06-14 01:20:42.790225: Epoch 980
2026-06-14 01:20:42.791790: Current learning rate: 0.0003
2026-06-14 01:21:05.361711: train_loss -0.8041
2026-06-14 01:21:05.364742: val_loss -0.5801
2026-06-14 01:21:05.366420: Pseudo dice [0.5974]
2026-06-14 01:21:05.367937: Epoch time: 22.57 s
2026-06-14 01:21:06.791010: 
2026-06-14 01:21:06.792794: Epoch 981
2026-06-14 01:21:06.794402: Current learning rate: 0.00028
2026-06-14 01:21:29.363565: train_loss -0.7998
2026-06-14 01:21:29.367311: val_loss -0.5681
2026-06-14 01:21:29.368981: Pseudo dice [0.5666]
2026-06-14 01:21:29.371155: Epoch time: 22.57 s
2026-06-14 01:21:30.277235: 
2026-06-14 01:21:30.279008: Epoch 982
2026-06-14 01:21:30.280701: Current learning rate: 0.00027
2026-06-14 01:21:52.746167: train_loss -0.8072
2026-06-14 01:21:52.748491: val_loss -0.5704
2026-06-14 01:21:52.750393: Pseudo dice [0.5716]
2026-06-14 01:21:52.752079: Epoch time: 22.47 s
2026-06-14 01:21:53.665209: 
2026-06-14 01:21:53.669732: Epoch 983
2026-06-14 01:21:53.671486: Current learning rate: 0.00026
2026-06-14 01:22:16.291885: train_loss -0.7974
2026-06-14 01:22:16.293897: val_loss -0.6167
2026-06-14 01:22:16.295579: Pseudo dice [0.6194]
2026-06-14 01:22:16.297259: Epoch time: 22.63 s
2026-06-14 01:22:17.204907: 
2026-06-14 01:22:17.206730: Epoch 984
2026-06-14 01:22:17.208302: Current learning rate: 0.00024
2026-06-14 01:22:39.842315: train_loss -0.7955
2026-06-14 01:22:39.856563: val_loss -0.5498
2026-06-14 01:22:39.858326: Pseudo dice [0.5936]
2026-06-14 01:22:39.861097: Epoch time: 22.64 s
2026-06-14 01:22:40.771707: 
2026-06-14 01:22:40.773351: Epoch 985
2026-06-14 01:22:40.774940: Current learning rate: 0.00023
2026-06-14 01:23:03.329635: train_loss -0.7955
2026-06-14 01:23:03.331982: val_loss -0.6233
2026-06-14 01:23:03.333694: Pseudo dice [0.6183]
2026-06-14 01:23:03.335393: Epoch time: 22.56 s
2026-06-14 01:23:04.254619: 
2026-06-14 01:23:04.256300: Epoch 986
2026-06-14 01:23:04.257914: Current learning rate: 0.00021
2026-06-14 01:23:26.767192: train_loss -0.7961
2026-06-14 01:23:26.771294: val_loss -0.5569
2026-06-14 01:23:26.772807: Pseudo dice [0.5779]
2026-06-14 01:23:26.774315: Epoch time: 22.51 s
2026-06-14 01:23:27.745669: 
2026-06-14 01:23:27.747405: Epoch 987
2026-06-14 01:23:27.748887: Current learning rate: 0.0002
2026-06-14 01:23:50.386305: train_loss -0.7979
2026-06-14 01:23:50.388361: val_loss -0.5745
2026-06-14 01:23:50.389867: Pseudo dice [0.5976]
2026-06-14 01:23:50.391403: Epoch time: 22.64 s
2026-06-14 01:23:51.305689: 
2026-06-14 01:23:51.307241: Epoch 988
2026-06-14 01:23:51.308746: Current learning rate: 0.00019
2026-06-14 01:24:13.975473: train_loss -0.7981
2026-06-14 01:24:13.977889: val_loss -0.58
2026-06-14 01:24:13.979561: Pseudo dice [0.6144]
2026-06-14 01:24:13.981091: Epoch time: 22.67 s
2026-06-14 01:24:13.982654: Yayy! New best EMA pseudo Dice: 0.5909
2026-06-14 01:24:15.382799: 
2026-06-14 01:24:15.384399: Epoch 989
2026-06-14 01:24:15.385811: Current learning rate: 0.00017
2026-06-14 01:24:37.835756: train_loss -0.8071
2026-06-14 01:24:37.842876: val_loss -0.6131
2026-06-14 01:24:37.844586: Pseudo dice [0.6052]
2026-06-14 01:24:37.846285: Epoch time: 22.45 s
2026-06-14 01:24:37.848096: Yayy! New best EMA pseudo Dice: 0.5924
2026-06-14 01:24:39.255813: 
2026-06-14 01:24:39.257551: Epoch 990
2026-06-14 01:24:39.259128: Current learning rate: 0.00016
2026-06-14 01:25:01.866610: train_loss -0.7897
2026-06-14 01:25:01.869767: val_loss -0.5817
2026-06-14 01:25:01.871337: Pseudo dice [0.5786]
2026-06-14 01:25:01.872907: Epoch time: 22.61 s
2026-06-14 01:25:02.773453: 
2026-06-14 01:25:02.775186: Epoch 991
2026-06-14 01:25:02.776729: Current learning rate: 0.00014
2026-06-14 01:25:25.332679: train_loss -0.8012
2026-06-14 01:25:25.337656: val_loss -0.589
2026-06-14 01:25:25.339314: Pseudo dice [0.5856]
2026-06-14 01:25:25.341318: Epoch time: 22.56 s
2026-06-14 01:25:26.254517: 
2026-06-14 01:25:26.256243: Epoch 992
2026-06-14 01:25:26.257999: Current learning rate: 0.00013
2026-06-14 01:25:48.759020: train_loss -0.795
2026-06-14 01:25:48.761622: val_loss -0.6073
2026-06-14 01:25:48.763144: Pseudo dice [0.5944]
2026-06-14 01:25:48.764655: Epoch time: 22.51 s
2026-06-14 01:25:49.670302: 
2026-06-14 01:25:49.671950: Epoch 993
2026-06-14 01:25:49.673499: Current learning rate: 0.00011
2026-06-14 01:26:12.311949: train_loss -0.8057
2026-06-14 01:26:12.314934: val_loss -0.5529
2026-06-14 01:26:12.316534: Pseudo dice [0.6123]
2026-06-14 01:26:12.318087: Epoch time: 22.64 s
2026-06-14 01:26:12.319588: Yayy! New best EMA pseudo Dice: 0.593
2026-06-14 01:26:13.723332: 
2026-06-14 01:26:13.725140: Epoch 994
2026-06-14 01:26:13.726668: Current learning rate: 0.0001
2026-06-14 01:26:36.315401: train_loss -0.7997
2026-06-14 01:26:36.319052: val_loss -0.5892
2026-06-14 01:26:36.320863: Pseudo dice [0.601]
2026-06-14 01:26:36.322608: Epoch time: 22.59 s
2026-06-14 01:26:36.324261: Yayy! New best EMA pseudo Dice: 0.5938
2026-06-14 01:26:37.727434: 
2026-06-14 01:26:37.729284: Epoch 995
2026-06-14 01:26:37.730822: Current learning rate: 8e-05
2026-06-14 01:27:00.344155: train_loss -0.7982
2026-06-14 01:27:00.347068: val_loss -0.5651
2026-06-14 01:27:00.349017: Pseudo dice [0.6058]
2026-06-14 01:27:00.353134: Epoch time: 22.62 s
2026-06-14 01:27:00.356982: Yayy! New best EMA pseudo Dice: 0.595
2026-06-14 01:27:01.762194: 
2026-06-14 01:27:01.764096: Epoch 996
2026-06-14 01:27:01.765920: Current learning rate: 7e-05
2026-06-14 01:27:24.312825: train_loss -0.8068
2026-06-14 01:27:24.315769: val_loss -0.5243
2026-06-14 01:27:24.317300: Pseudo dice [0.561]
2026-06-14 01:27:24.318820: Epoch time: 22.55 s
2026-06-14 01:27:25.221277: 
2026-06-14 01:27:25.224642: Epoch 997
2026-06-14 01:27:25.226107: Current learning rate: 5e-05
2026-06-14 01:27:47.921370: train_loss -0.796
2026-06-14 01:27:47.923605: val_loss -0.5034
2026-06-14 01:27:47.925269: Pseudo dice [0.541]
2026-06-14 01:27:47.926801: Epoch time: 22.7 s
2026-06-14 01:27:49.325331: 
2026-06-14 01:27:49.327000: Epoch 998
2026-06-14 01:27:49.328523: Current learning rate: 4e-05
2026-06-14 01:28:11.936867: train_loss -0.794
2026-06-14 01:28:11.939368: val_loss -0.6067
2026-06-14 01:28:11.941120: Pseudo dice [0.6011]
2026-06-14 01:28:11.942608: Epoch time: 22.61 s
2026-06-14 01:28:12.855705: 
2026-06-14 01:28:12.857453: Epoch 999
2026-06-14 01:28:12.859053: Current learning rate: 2e-05
2026-06-14 01:28:35.482379: train_loss -0.7969
2026-06-14 01:28:35.490572: val_loss -0.5633
2026-06-14 01:28:35.499899: Pseudo dice [0.5869]
2026-06-14 01:28:35.501755: Epoch time: 22.63 s
2026-06-14 01:28:36.916733: Training done.
2026-06-14 01:28:36.980674: Using splits from existing split file: /data/drdcad/datasets_nnUNet/nnUNet_preprocessed/Dataset101_SBOvessel/splits_final.json
2026-06-14 01:28:36.983302: The split file contains 5 splits.
2026-06-14 01:28:36.985257: Desired fold for training: 1
2026-06-14 01:28:36.987313: This split has 91 training and 23 validation cases.
2026-06-14 01:28:36.989295: predicting 00004_00001_3
2026-06-14 01:28:37.692310: 00004_00001_3, shape torch.Size([1, 591, 560, 560]), rank 0
2026-06-14 01:29:42.718169: predicting 00009_00001_3
2026-06-14 01:29:43.497365: 00009_00001_3, shape torch.Size([1, 778, 530, 530]), rank 0
2026-06-14 01:31:02.500674: predicting 00011_00002_3
2026-06-14 01:31:02.900995: 00011_00002_3, shape torch.Size([1, 519, 484, 484]), rank 0
2026-06-14 01:31:43.367674: predicting 00016_00002_4
2026-06-14 01:31:43.828655: 00016_00002_4, shape torch.Size([1, 676, 453, 453]), rank 0
2026-06-14 01:32:34.359652: predicting 00023_00001_3
2026-06-14 01:32:34.952193: 00023_00001_3, shape torch.Size([1, 647, 527, 527]), rank 0
2026-06-14 01:33:40.872572: predicting 00027_00001_3
2026-06-14 01:33:41.440423: 00027_00001_3, shape torch.Size([1, 503, 565, 565]), rank 0
2026-06-14 01:34:27.734185: predicting 00029_00001_3
2026-06-14 01:34:28.489014: 00029_00001_3, shape torch.Size([1, 674, 556, 556]), rank 0
2026-06-14 01:35:34.548688: predicting 00032_00001_3
2026-06-14 01:35:35.168936: 00032_00001_3, shape torch.Size([1, 509, 603, 603]), rank 0
2026-06-14 01:36:33.686988: predicting 00035_00001_3
2026-06-14 01:36:34.245720: 00035_00001_3, shape torch.Size([1, 457, 550, 550]), rank 0
2026-06-14 01:37:20.482382: predicting 00036_00001_3
2026-06-14 01:37:21.285439: 00036_00001_3, shape torch.Size([1, 780, 580, 580]), rank 0
2026-06-14 01:39:01.314574: predicting 00038_00001_3
2026-06-14 01:39:01.764054: 00038_00001_3, shape torch.Size([1, 552, 474, 474]), rank 0
2026-06-14 01:39:42.354497: predicting 00040_00001_7
2026-06-14 01:39:43.116357: 00040_00001_7, shape torch.Size([1, 664, 552, 552]), rank 0
2026-06-14 01:40:49.266651: predicting 00056_00001_3
2026-06-14 01:40:50.191359: 00056_00001_3, shape torch.Size([1, 691, 550, 550]), rank 0
2026-06-14 01:41:55.888482: predicting 00059_00001_3
2026-06-14 01:41:56.234559: 00059_00001_3, shape torch.Size([1, 608, 399, 399]), rank 0
2026-06-14 01:42:29.473532: predicting 00063_00001_3
2026-06-14 01:42:30.178334: 00063_00001_3, shape torch.Size([1, 698, 494, 494]), rank 0
2026-06-14 01:43:20.305281: predicting 00070_00001_3
2026-06-14 01:43:21.204934: 00070_00001_3, shape torch.Size([1, 669, 610, 610]), rank 0
2026-06-14 01:44:43.884376: predicting 00072_00001_3
2026-06-14 01:44:44.639954: 00072_00001_3, shape torch.Size([1, 733, 535, 535]), rank 0
2026-06-14 01:45:56.516720: predicting 00072_00002_3
2026-06-14 01:45:57.267009: 00072_00002_3, shape torch.Size([1, 753, 530, 530]), rank 0
2026-06-14 01:47:09.153100: predicting 00073_00001_3
2026-06-14 01:47:09.817770: 00073_00001_3, shape torch.Size([1, 708, 504, 504]), rank 0
2026-06-14 01:48:04.944484: predicting 00074_00001_3
2026-06-14 01:48:05.504644: 00074_00001_3, shape torch.Size([1, 517, 530, 530]), rank 0
2026-06-14 01:48:57.883812: predicting 00086_00001_7
2026-06-14 01:48:58.466301: 00086_00001_7, shape torch.Size([1, 727, 479, 479]), rank 0
2026-06-14 01:49:53.556344: predicting 00099_00001_3
2026-06-14 01:49:54.256122: 00099_00001_3, shape torch.Size([1, 610, 580, 580]), rank 0
2026-06-14 01:51:08.656937: predicting 00110_00001_10
2026-06-14 01:51:09.015481: 00110_00001_10, shape torch.Size([1, 680, 281, 508]), rank 0
2026-06-14 01:52:42.074666: Validation complete
2026-06-14 01:52:42.081182: Mean Validation Dice:  0.5620105896290353
==========================================
Training finished: fold 1
==========================================
