==========================================
nnUNet training
==========================================
nnUNet_raw=/data/drdcad/datasets_nnUNet/nnUNet_raw
nnUNet_preprocessed=/data/drdcad/datasets_nnUNet/nnUNet_preprocessed
nnUNet_results=/data/drdcad/datasets_nnUNet/nnUNet_results
DATASET_ID=101
CONFIG=3d_fullres
FOLD=1
CUDA_VISIBLE_DEVICES=0
==========================================
Tue Jun 16 01:50:32 2026       
+-----------------------------------------------------------------------------------------+
| NVIDIA-SMI 580.126.09             Driver Version: 580.126.09     CUDA Version: 13.0     |
+-----------------------------------------+------------------------+----------------------+
| GPU  Name                 Persistence-M | Bus-Id          Disp.A | Volatile Uncorr. ECC |
| Fan  Temp   Perf          Pwr:Usage/Cap |           Memory-Usage | GPU-Util  Compute M. |
|                                         |                        |               MIG M. |
|=========================================+========================+======================|
|   0  NVIDIA A100-SXM4-80GB          On  |   00000000:46:00.0 Off |                    0 |
| N/A   33C    P0             60W /  400W |       0MiB /  81920MiB |      0%      Default |
|                                         |                        |             Disabled |
+-----------------------------------------+------------------------+----------------------+

+-----------------------------------------------------------------------------------------+
| Processes:                                                                              |
|  GPU   GI   CI              PID   Type   Process name                        GPU Memory |
|        ID   ID                                                               Usage      |
|=========================================================================================|
|  No running processes found                                                             |
+-----------------------------------------------------------------------------------------+

############################
INFO: You are using the old nnU-Net default plans. We have updated our recommendations. Please consider using those instead! Read more here: https://github.com/MIC-DKFZ/nnUNet/blob/master/documentation/resenc_presets.md
############################

Using device: cuda:0

#######################################################################
Please cite the following paper when using nnU-Net:
Isensee, F., Jaeger, P. F., Kohl, S. A., Petersen, J., & Maier-Hein, K. H. (2021). nnU-Net: a self-configuring method for deep learning-based biomedical image segmentation. Nature methods, 18(2), 203-211.
#######################################################################

2026-06-16 01:50:47.205272: Using torch.compile...
2026-06-16 01:50:48.564147: do_dummy_2d_data_aug: False
2026-06-16 01:50:48.567100: Using splits from existing split file: /data/drdcad/datasets_nnUNet/nnUNet_preprocessed/Dataset101_SBOvessel/splits_final.json
2026-06-16 01:50:48.570271: The split file contains 5 splits.
2026-06-16 01:50:48.571797: Desired fold for training: 1
2026-06-16 01:50:48.573133: This split has 91 training and 23 validation cases.
using pin_memory on device 0
using pin_memory on device 0

This is the configuration used by this training:
Configuration name: 3d_fullres
 {'data_identifier': 'nnUNetPlans_3d_fullres', 'preprocessor_name': 'DefaultPreprocessor', 'batch_size': 2, 'patch_size': [128, 128, 128], 'median_image_size_in_voxels': [619.0, 512.0, 520.0], 'spacing': [1.0, 0.79296875, 0.79296875], 'normalization_schemes': ['CTNormalization'], 'use_mask_for_norm': [False], 'resampling_fn_data': 'resample_data_or_seg_to_shape', 'resampling_fn_seg': 'resample_data_or_seg_to_shape', 'resampling_fn_data_kwargs': {'is_seg': False, 'order': 3, 'order_z': 0, 'force_separate_z': None}, 'resampling_fn_seg_kwargs': {'is_seg': True, 'order': 1, 'order_z': 0, 'force_separate_z': None}, 'resampling_fn_probabilities': 'resample_data_or_seg_to_shape', 'resampling_fn_probabilities_kwargs': {'is_seg': False, 'order': 1, 'order_z': 0, 'force_separate_z': None}, 'architecture': {'network_class_name': 'dynamic_network_architectures.architectures.unet.PlainConvUNet', 'arch_kwargs': {'n_stages': 6, 'features_per_stage': [32, 64, 128, 256, 320, 320], 'conv_op': 'torch.nn.modules.conv.Conv3d', 'kernel_sizes': [[3, 3, 3], [3, 3, 3], [3, 3, 3], [3, 3, 3], [3, 3, 3], [3, 3, 3]], 'strides': [[1, 1, 1], [2, 2, 2], [2, 2, 2], [2, 2, 2], [2, 2, 2], [2, 2, 2]], 'n_conv_per_stage': [2, 2, 2, 2, 2, 2], 'n_conv_per_stage_decoder': [2, 2, 2, 2, 2], 'conv_bias': True, 'norm_op': 'torch.nn.modules.instancenorm.InstanceNorm3d', 'norm_op_kwargs': {'eps': 1e-05, 'affine': True}, 'dropout_op': None, 'dropout_op_kwargs': None, 'nonlin': 'torch.nn.LeakyReLU', 'nonlin_kwargs': {'inplace': True}}, '_kw_requires_import': ['conv_op', 'norm_op', 'dropout_op', 'nonlin']}, 'batch_dice': True} 

These are the global plan.json settings:
 {'dataset_name': 'Dataset101_SBOvessel', 'plans_name': 'nnUNetPlans', 'original_median_spacing_after_transp': [1.0, 0.79296875, 0.79296875], 'original_median_shape_after_transp': [619, 512, 512], 'image_reader_writer': 'SimpleITKIO', 'transpose_forward': [0, 1, 2], 'transpose_backward': [0, 1, 2], 'experiment_planner_used': 'ExperimentPlanner', 'label_manager': 'LabelManager', 'foreground_intensity_properties_per_channel': {'0': {'max': 3071.0, 'mean': 91.13086700439453, 'median': 87.0, 'min': -992.0, 'percentile_00_5': -71.0, 'percentile_99_5': 306.0, 'std': 78.98731994628906}}} 

2026-06-16 01:50:50.358732: Unable to plot network architecture: nnUNet_compile is enabled!
2026-06-16 01:50:50.410039: 
2026-06-16 01:50:50.412036: Epoch 0
2026-06-16 01:50:50.414705: Current learning rate: 0.01
2026-06-16 01:52:09.912149: train_loss 0.0292
2026-06-16 01:52:09.914932: val_loss -0.0424
2026-06-16 01:52:09.916325: Pseudo dice [0.0133]
2026-06-16 01:52:09.917722: Epoch time: 79.51 s
2026-06-16 01:52:09.918970: Yayy! New best EMA pseudo Dice: 0.0133
2026-06-16 01:52:11.219902: 
2026-06-16 01:52:11.221336: Epoch 1
2026-06-16 01:52:11.222795: Current learning rate: 0.00999
2026-06-16 01:52:33.934363: train_loss -0.0769
2026-06-16 01:52:33.938911: val_loss -0.1411
2026-06-16 01:52:33.940464: Pseudo dice [0.2137]
2026-06-16 01:52:33.941896: Epoch time: 22.72 s
2026-06-16 01:52:33.943376: Yayy! New best EMA pseudo Dice: 0.0333
2026-06-16 01:52:35.314261: 
2026-06-16 01:52:35.315634: Epoch 2
2026-06-16 01:52:35.316941: Current learning rate: 0.00998
2026-06-16 01:52:57.626381: train_loss -0.1745
2026-06-16 01:52:57.630167: val_loss -0.2698
2026-06-16 01:52:57.632041: Pseudo dice [0.3452]
2026-06-16 01:52:57.633892: Epoch time: 22.31 s
2026-06-16 01:52:57.635484: Yayy! New best EMA pseudo Dice: 0.0645
2026-06-16 01:52:59.022009: 
2026-06-16 01:52:59.023557: Epoch 3
2026-06-16 01:52:59.024909: Current learning rate: 0.00997
2026-06-16 01:53:21.606177: train_loss -0.2238
2026-06-16 01:53:21.610824: val_loss -0.2063
2026-06-16 01:53:21.612281: Pseudo dice [0.2753]
2026-06-16 01:53:21.613731: Epoch time: 22.59 s
2026-06-16 01:53:21.615292: Yayy! New best EMA pseudo Dice: 0.0856
2026-06-16 01:53:22.993044: 
2026-06-16 01:53:22.994620: Epoch 4
2026-06-16 01:53:22.995963: Current learning rate: 0.00996
2026-06-16 01:53:45.236754: train_loss -0.2401
2026-06-16 01:53:45.242002: val_loss -0.3071
2026-06-16 01:53:45.243529: Pseudo dice [0.3519]
2026-06-16 01:53:45.245153: Epoch time: 22.24 s
2026-06-16 01:53:45.246737: Yayy! New best EMA pseudo Dice: 0.1122
2026-06-16 01:53:46.663627: 
2026-06-16 01:53:46.665406: Epoch 5
2026-06-16 01:53:46.666703: Current learning rate: 0.00995
2026-06-16 01:54:08.929248: train_loss -0.2752
2026-06-16 01:54:08.933739: val_loss -0.2423
2026-06-16 01:54:08.935244: Pseudo dice [0.2673]
2026-06-16 01:54:08.936946: Epoch time: 22.27 s
2026-06-16 01:54:08.938427: Yayy! New best EMA pseudo Dice: 0.1277
2026-06-16 01:54:10.279627: 
2026-06-16 01:54:10.281035: Epoch 6
2026-06-16 01:54:10.282548: Current learning rate: 0.00995
2026-06-16 01:54:32.286633: train_loss -0.2741
2026-06-16 01:54:32.291479: val_loss -0.321
2026-06-16 01:54:32.292876: Pseudo dice [0.3733]
2026-06-16 01:54:32.294493: Epoch time: 22.01 s
2026-06-16 01:54:32.295772: Yayy! New best EMA pseudo Dice: 0.1523
2026-06-16 01:54:33.674230: 
2026-06-16 01:54:33.675665: Epoch 7
2026-06-16 01:54:33.677035: Current learning rate: 0.00994
2026-06-16 01:54:55.678170: train_loss -0.2813
2026-06-16 01:54:55.681115: val_loss -0.2896
2026-06-16 01:54:55.682511: Pseudo dice [0.3339]
2026-06-16 01:54:55.683967: Epoch time: 22.0 s
2026-06-16 01:54:55.685304: Yayy! New best EMA pseudo Dice: 0.1705
2026-06-16 01:54:57.048154: 
2026-06-16 01:54:57.050123: Epoch 8
2026-06-16 01:54:57.051525: Current learning rate: 0.00993
2026-06-16 01:55:19.110536: train_loss -0.28
2026-06-16 01:55:19.115911: val_loss -0.337
2026-06-16 01:55:19.117413: Pseudo dice [0.3895]
2026-06-16 01:55:19.118788: Epoch time: 22.06 s
2026-06-16 01:55:19.120131: Yayy! New best EMA pseudo Dice: 0.1924
2026-06-16 01:55:20.509333: 
2026-06-16 01:55:20.510748: Epoch 9
2026-06-16 01:55:20.512110: Current learning rate: 0.00992
2026-06-16 01:55:53.169821: train_loss -0.3052
2026-06-16 01:55:53.174852: val_loss -0.3423
2026-06-16 01:55:53.176353: Pseudo dice [0.3745]
2026-06-16 01:55:53.177716: Epoch time: 32.66 s
2026-06-16 01:55:53.179077: Yayy! New best EMA pseudo Dice: 0.2106
2026-06-16 01:55:54.540040: 
2026-06-16 01:55:54.541557: Epoch 10
2026-06-16 01:55:54.542973: Current learning rate: 0.00991
2026-06-16 01:56:16.648670: train_loss -0.3228
2026-06-16 01:56:16.651670: val_loss -0.3457
2026-06-16 01:56:16.653214: Pseudo dice [0.3807]
2026-06-16 01:56:16.655001: Epoch time: 22.11 s
2026-06-16 01:56:16.656600: Yayy! New best EMA pseudo Dice: 0.2276
2026-06-16 01:56:18.036101: 
2026-06-16 01:56:18.038954: Epoch 11
2026-06-16 01:56:18.040379: Current learning rate: 0.0099
2026-06-16 01:56:40.095507: train_loss -0.3379
2026-06-16 01:56:40.097521: val_loss -0.3905
2026-06-16 01:56:40.099008: Pseudo dice [0.4305]
2026-06-16 01:56:40.100815: Epoch time: 22.06 s
2026-06-16 01:56:40.102337: Yayy! New best EMA pseudo Dice: 0.2479
2026-06-16 01:56:41.445299: 
2026-06-16 01:56:41.446918: Epoch 12
2026-06-16 01:56:41.448397: Current learning rate: 0.00989
2026-06-16 01:57:32.914865: train_loss -0.3585
2026-06-16 01:57:32.918702: val_loss -0.4177
2026-06-16 01:57:32.920297: Pseudo dice [0.4376]
2026-06-16 01:57:32.921762: Epoch time: 51.47 s
2026-06-16 01:57:32.923116: Yayy! New best EMA pseudo Dice: 0.2669
2026-06-16 01:57:34.782151: 
2026-06-16 01:57:34.783584: Epoch 13
2026-06-16 01:57:34.785059: Current learning rate: 0.00988
2026-06-16 01:58:33.138659: train_loss -0.3436
2026-06-16 01:58:33.142163: val_loss -0.3234
2026-06-16 01:58:33.143558: Pseudo dice [0.3799]
2026-06-16 01:58:33.144943: Epoch time: 58.36 s
2026-06-16 01:58:33.146331: Yayy! New best EMA pseudo Dice: 0.2782
2026-06-16 01:58:34.511464: 
2026-06-16 01:58:34.512943: Epoch 14
2026-06-16 01:58:34.514297: Current learning rate: 0.00987
2026-06-16 01:58:56.738567: train_loss -0.35
2026-06-16 01:58:56.742277: val_loss -0.3498
2026-06-16 01:58:56.743761: Pseudo dice [0.408]
2026-06-16 01:58:56.745163: Epoch time: 22.23 s
2026-06-16 01:58:56.746754: Yayy! New best EMA pseudo Dice: 0.2911
2026-06-16 01:58:58.110288: 
2026-06-16 01:58:58.111680: Epoch 15
2026-06-16 01:58:58.113101: Current learning rate: 0.00986
2026-06-16 01:59:21.762699: train_loss -0.3412
2026-06-16 01:59:21.766236: val_loss -0.3449
2026-06-16 01:59:21.767647: Pseudo dice [0.393]
2026-06-16 01:59:21.768982: Epoch time: 23.65 s
2026-06-16 01:59:21.770323: Yayy! New best EMA pseudo Dice: 0.3013
2026-06-16 01:59:23.139580: 
2026-06-16 01:59:23.140996: Epoch 16
2026-06-16 01:59:23.142435: Current learning rate: 0.00986
2026-06-16 02:00:15.216482: train_loss -0.3415
2026-06-16 02:00:15.221145: val_loss -0.3226
2026-06-16 02:00:15.222806: Pseudo dice [0.3647]
2026-06-16 02:00:15.224599: Epoch time: 52.08 s
2026-06-16 02:00:15.226117: Yayy! New best EMA pseudo Dice: 0.3077
2026-06-16 02:00:16.607046: 
2026-06-16 02:00:16.611051: Epoch 17
2026-06-16 02:00:16.612393: Current learning rate: 0.00985
2026-06-16 02:01:15.907088: train_loss -0.3525
2026-06-16 02:01:15.911016: val_loss -0.4228
2026-06-16 02:01:15.912456: Pseudo dice [0.4573]
2026-06-16 02:01:15.913987: Epoch time: 59.3 s
2026-06-16 02:01:15.915301: Yayy! New best EMA pseudo Dice: 0.3226
2026-06-16 02:01:17.297378: 
2026-06-16 02:01:17.299417: Epoch 18
2026-06-16 02:01:17.301127: Current learning rate: 0.00984
2026-06-16 02:01:39.631986: train_loss -0.3893
2026-06-16 02:01:39.634851: val_loss -0.3987
2026-06-16 02:01:39.636619: Pseudo dice [0.4404]
2026-06-16 02:01:39.638512: Epoch time: 22.34 s
2026-06-16 02:01:39.640161: Yayy! New best EMA pseudo Dice: 0.3344
2026-06-16 02:01:41.014158: 
2026-06-16 02:01:41.015673: Epoch 19
2026-06-16 02:01:41.017051: Current learning rate: 0.00983
2026-06-16 02:02:05.077617: train_loss -0.3761
2026-06-16 02:02:05.082264: val_loss -0.4005
2026-06-16 02:02:05.083894: Pseudo dice [0.4208]
2026-06-16 02:02:05.085390: Epoch time: 24.06 s
2026-06-16 02:02:05.086772: Yayy! New best EMA pseudo Dice: 0.343
2026-06-16 02:02:06.452479: 
2026-06-16 02:02:06.453963: Epoch 20
2026-06-16 02:02:06.455341: Current learning rate: 0.00982
2026-06-16 02:02:28.625207: train_loss -0.3792
2026-06-16 02:02:28.628774: val_loss -0.421
2026-06-16 02:02:28.630182: Pseudo dice [0.4564]
2026-06-16 02:02:28.631642: Epoch time: 22.17 s
2026-06-16 02:02:28.632963: Yayy! New best EMA pseudo Dice: 0.3544
2026-06-16 02:02:30.034740: 
2026-06-16 02:02:30.036372: Epoch 21
2026-06-16 02:02:30.037825: Current learning rate: 0.00981
2026-06-16 02:02:52.239159: train_loss -0.4096
2026-06-16 02:02:52.242524: val_loss -0.3784
2026-06-16 02:02:52.243898: Pseudo dice [0.4327]
2026-06-16 02:02:52.245210: Epoch time: 22.21 s
2026-06-16 02:02:52.246752: Yayy! New best EMA pseudo Dice: 0.3622
2026-06-16 02:02:53.618947: 
2026-06-16 02:02:53.620343: Epoch 22
2026-06-16 02:02:53.621692: Current learning rate: 0.0098
2026-06-16 02:03:43.402857: train_loss -0.4014
2026-06-16 02:03:43.406392: val_loss -0.4276
2026-06-16 02:03:43.408048: Pseudo dice [0.433]
2026-06-16 02:03:43.409518: Epoch time: 49.78 s
2026-06-16 02:03:43.411042: Yayy! New best EMA pseudo Dice: 0.3693
2026-06-16 02:03:44.774196: 
2026-06-16 02:03:44.775806: Epoch 23
2026-06-16 02:03:44.777142: Current learning rate: 0.00979
2026-06-16 02:05:13.504562: train_loss -0.4282
2026-06-16 02:05:13.508317: val_loss -0.4687
2026-06-16 02:05:13.509797: Pseudo dice [0.5014]
2026-06-16 02:05:13.511581: Epoch time: 88.73 s
2026-06-16 02:05:13.513030: Yayy! New best EMA pseudo Dice: 0.3825
2026-06-16 02:05:14.886758: 
2026-06-16 02:05:14.888248: Epoch 24
2026-06-16 02:05:14.889632: Current learning rate: 0.00978
2026-06-16 02:05:47.205159: train_loss -0.3973
2026-06-16 02:05:47.207701: val_loss -0.3825
2026-06-16 02:05:47.209195: Pseudo dice [0.4495]
2026-06-16 02:05:47.210644: Epoch time: 32.32 s
2026-06-16 02:05:47.212102: Yayy! New best EMA pseudo Dice: 0.3892
2026-06-16 02:05:48.719687: 
2026-06-16 02:05:48.721125: Epoch 25
2026-06-16 02:05:48.722535: Current learning rate: 0.00977
2026-06-16 02:07:01.135975: train_loss -0.4092
2026-06-16 02:07:01.139581: val_loss -0.4081
2026-06-16 02:07:01.141049: Pseudo dice [0.4347]
2026-06-16 02:07:01.142393: Epoch time: 72.42 s
2026-06-16 02:07:01.143833: Yayy! New best EMA pseudo Dice: 0.3938
2026-06-16 02:07:02.493882: 
2026-06-16 02:07:02.495494: Epoch 26
2026-06-16 02:07:02.496840: Current learning rate: 0.00977
2026-06-16 02:07:34.843771: train_loss -0.4535
2026-06-16 02:07:34.846590: val_loss -0.4187
2026-06-16 02:07:34.848035: Pseudo dice [0.4537]
2026-06-16 02:07:34.849426: Epoch time: 32.35 s
2026-06-16 02:07:34.850796: Yayy! New best EMA pseudo Dice: 0.3998
2026-06-16 02:07:36.198007: 
2026-06-16 02:07:36.199432: Epoch 27
2026-06-16 02:07:36.200902: Current learning rate: 0.00976
2026-06-16 02:07:58.409798: train_loss -0.4185
2026-06-16 02:07:58.416266: val_loss -0.4089
2026-06-16 02:07:58.417999: Pseudo dice [0.4369]
2026-06-16 02:07:58.419340: Epoch time: 22.21 s
2026-06-16 02:07:58.420747: Yayy! New best EMA pseudo Dice: 0.4035
2026-06-16 02:07:59.768317: 
2026-06-16 02:07:59.770422: Epoch 28
2026-06-16 02:07:59.771793: Current learning rate: 0.00975
2026-06-16 02:08:22.009826: train_loss -0.4395
2026-06-16 02:08:22.013628: val_loss -0.4717
2026-06-16 02:08:22.015069: Pseudo dice [0.5256]
2026-06-16 02:08:22.016499: Epoch time: 22.24 s
2026-06-16 02:08:22.017944: Yayy! New best EMA pseudo Dice: 0.4157
2026-06-16 02:08:23.375434: 
2026-06-16 02:08:23.376930: Epoch 29
2026-06-16 02:08:23.378186: Current learning rate: 0.00974
2026-06-16 02:08:45.546729: train_loss -0.4344
2026-06-16 02:08:45.550222: val_loss -0.4276
2026-06-16 02:08:45.551788: Pseudo dice [0.4856]
2026-06-16 02:08:45.553272: Epoch time: 22.17 s
2026-06-16 02:08:45.554746: Yayy! New best EMA pseudo Dice: 0.4227
2026-06-16 02:08:47.434758: 
2026-06-16 02:08:47.436238: Epoch 30
2026-06-16 02:08:47.437588: Current learning rate: 0.00973
2026-06-16 02:09:24.843425: train_loss -0.4203
2026-06-16 02:09:24.847357: val_loss -0.4394
2026-06-16 02:09:24.849023: Pseudo dice [0.4685]
2026-06-16 02:09:24.850754: Epoch time: 37.41 s
2026-06-16 02:09:24.852222: Yayy! New best EMA pseudo Dice: 0.4273
2026-06-16 02:09:26.214135: 
2026-06-16 02:09:26.215623: Epoch 31
2026-06-16 02:09:26.217087: Current learning rate: 0.00972
2026-06-16 02:09:48.622228: train_loss -0.4517
2026-06-16 02:09:48.625983: val_loss -0.4511
2026-06-16 02:09:48.627363: Pseudo dice [0.4581]
2026-06-16 02:09:48.628788: Epoch time: 22.41 s
2026-06-16 02:09:48.630127: Yayy! New best EMA pseudo Dice: 0.4303
2026-06-16 02:09:49.972555: 
2026-06-16 02:09:49.973971: Epoch 32
2026-06-16 02:09:49.975318: Current learning rate: 0.00971
2026-06-16 02:10:12.363667: train_loss -0.4367
2026-06-16 02:10:12.366197: val_loss -0.4169
2026-06-16 02:10:12.367845: Pseudo dice [0.4489]
2026-06-16 02:10:12.369292: Epoch time: 22.39 s
2026-06-16 02:10:12.371127: Yayy! New best EMA pseudo Dice: 0.4322
2026-06-16 02:10:13.735534: 
2026-06-16 02:10:13.737092: Epoch 33
2026-06-16 02:10:13.738437: Current learning rate: 0.0097
2026-06-16 02:10:36.139198: train_loss -0.4362
2026-06-16 02:10:36.141179: val_loss -0.3951
2026-06-16 02:10:36.142665: Pseudo dice [0.4352]
2026-06-16 02:10:36.144067: Epoch time: 22.4 s
2026-06-16 02:10:36.145433: Yayy! New best EMA pseudo Dice: 0.4325
2026-06-16 02:10:37.500174: 
2026-06-16 02:10:37.501546: Epoch 34
2026-06-16 02:10:37.502923: Current learning rate: 0.00969
2026-06-16 02:10:59.839586: train_loss -0.4428
2026-06-16 02:10:59.844849: val_loss -0.5061
2026-06-16 02:10:59.846342: Pseudo dice [0.5186]
2026-06-16 02:10:59.847690: Epoch time: 22.34 s
2026-06-16 02:10:59.849100: Yayy! New best EMA pseudo Dice: 0.4411
2026-06-16 02:11:01.209902: 
2026-06-16 02:11:01.211614: Epoch 35
2026-06-16 02:11:01.213005: Current learning rate: 0.00968
2026-06-16 02:12:22.895718: train_loss -0.4596
2026-06-16 02:12:22.900836: val_loss -0.4971
2026-06-16 02:12:22.902955: Pseudo dice [0.5075]
2026-06-16 02:12:22.904731: Epoch time: 81.69 s
2026-06-16 02:12:22.906342: Yayy! New best EMA pseudo Dice: 0.4477
2026-06-16 02:12:24.355917: 
2026-06-16 02:12:24.357506: Epoch 36
2026-06-16 02:12:24.358934: Current learning rate: 0.00968
2026-06-16 02:12:48.047335: train_loss -0.4699
2026-06-16 02:12:48.050659: val_loss -0.4748
2026-06-16 02:12:48.052050: Pseudo dice [0.4895]
2026-06-16 02:12:48.053679: Epoch time: 23.69 s
2026-06-16 02:12:48.055120: Yayy! New best EMA pseudo Dice: 0.4519
2026-06-16 02:12:49.427135: 
2026-06-16 02:12:49.430464: Epoch 37
2026-06-16 02:12:49.432984: Current learning rate: 0.00967
2026-06-16 02:13:11.768139: train_loss -0.4625
2026-06-16 02:13:11.771166: val_loss -0.3939
2026-06-16 02:13:11.772818: Pseudo dice [0.4237]
2026-06-16 02:13:11.774486: Epoch time: 22.34 s
2026-06-16 02:13:12.667791: 
2026-06-16 02:13:12.669354: Epoch 38
2026-06-16 02:13:12.670898: Current learning rate: 0.00966
2026-06-16 02:13:34.945856: train_loss -0.4331
2026-06-16 02:13:34.948908: val_loss -0.4637
2026-06-16 02:13:34.950467: Pseudo dice [0.4787]
2026-06-16 02:13:34.951942: Epoch time: 22.28 s
2026-06-16 02:13:34.953494: Yayy! New best EMA pseudo Dice: 0.4521
2026-06-16 02:13:36.339742: 
2026-06-16 02:13:36.341291: Epoch 39
2026-06-16 02:13:36.342859: Current learning rate: 0.00965
2026-06-16 02:13:58.675797: train_loss -0.4742
2026-06-16 02:13:58.679548: val_loss -0.4606
2026-06-16 02:13:58.681137: Pseudo dice [0.5048]
2026-06-16 02:13:58.682902: Epoch time: 22.34 s
2026-06-16 02:13:58.684249: Yayy! New best EMA pseudo Dice: 0.4573
2026-06-16 02:14:00.102681: 
2026-06-16 02:14:00.104084: Epoch 40
2026-06-16 02:14:00.105496: Current learning rate: 0.00964
2026-06-16 02:14:27.453872: train_loss -0.4506
2026-06-16 02:14:27.456280: val_loss -0.4721
2026-06-16 02:14:27.457646: Pseudo dice [0.4805]
2026-06-16 02:14:27.459028: Epoch time: 27.35 s
2026-06-16 02:14:27.460431: Yayy! New best EMA pseudo Dice: 0.4596
2026-06-16 02:14:28.925038: 
2026-06-16 02:14:28.926532: Epoch 41
2026-06-16 02:14:28.927890: Current learning rate: 0.00963
2026-06-16 02:14:58.260731: train_loss -0.4297
2026-06-16 02:14:58.263330: val_loss -0.4445
2026-06-16 02:14:58.264807: Pseudo dice [0.4793]
2026-06-16 02:14:58.266222: Epoch time: 29.34 s
2026-06-16 02:14:58.267647: Yayy! New best EMA pseudo Dice: 0.4616
2026-06-16 02:14:59.632157: 
2026-06-16 02:14:59.633604: Epoch 42
2026-06-16 02:14:59.635107: Current learning rate: 0.00962
2026-06-16 02:16:08.860540: train_loss -0.45
2026-06-16 02:16:08.863801: val_loss -0.4515
2026-06-16 02:16:08.865148: Pseudo dice [0.4927]
2026-06-16 02:16:08.866563: Epoch time: 69.23 s
2026-06-16 02:16:08.867877: Yayy! New best EMA pseudo Dice: 0.4647
2026-06-16 02:16:10.281793: 
2026-06-16 02:16:10.283351: Epoch 43
2026-06-16 02:16:10.284821: Current learning rate: 0.00961
2026-06-16 02:16:58.179418: train_loss -0.4533
2026-06-16 02:16:58.183392: val_loss -0.4527
2026-06-16 02:16:58.185214: Pseudo dice [0.4735]
2026-06-16 02:16:58.186544: Epoch time: 47.9 s
2026-06-16 02:16:58.187969: Yayy! New best EMA pseudo Dice: 0.4656
2026-06-16 02:16:59.622817: 
2026-06-16 02:16:59.624396: Epoch 44
2026-06-16 02:16:59.625793: Current learning rate: 0.0096
2026-06-16 02:17:46.468714: train_loss -0.4668
2026-06-16 02:17:46.473336: val_loss -0.43
2026-06-16 02:17:46.475863: Pseudo dice [0.4466]
2026-06-16 02:17:46.478478: Epoch time: 46.85 s
2026-06-16 02:17:47.358128: 
2026-06-16 02:17:47.359575: Epoch 45
2026-06-16 02:17:47.361048: Current learning rate: 0.00959
2026-06-16 02:18:31.644516: train_loss -0.4782
2026-06-16 02:18:31.647267: val_loss -0.4722
2026-06-16 02:18:31.648680: Pseudo dice [0.4976]
2026-06-16 02:18:31.650196: Epoch time: 44.29 s
2026-06-16 02:18:31.651543: Yayy! New best EMA pseudo Dice: 0.4671
2026-06-16 02:18:33.141737: 
2026-06-16 02:18:33.143255: Epoch 46
2026-06-16 02:18:33.144630: Current learning rate: 0.00959
2026-06-16 02:20:28.440749: train_loss -0.4709
2026-06-16 02:20:28.444247: val_loss -0.5444
2026-06-16 02:20:28.445767: Pseudo dice [0.5408]
2026-06-16 02:20:28.447244: Epoch time: 115.3 s
2026-06-16 02:20:28.448583: Yayy! New best EMA pseudo Dice: 0.4745
2026-06-16 02:20:29.853351: 
2026-06-16 02:20:29.854814: Epoch 47
2026-06-16 02:20:29.856174: Current learning rate: 0.00958
2026-06-16 02:21:48.327787: train_loss -0.4732
2026-06-16 02:21:48.331611: val_loss -0.463
2026-06-16 02:21:48.333623: Pseudo dice [0.5052]
2026-06-16 02:21:48.335927: Epoch time: 78.48 s
2026-06-16 02:21:48.337456: Yayy! New best EMA pseudo Dice: 0.4775
2026-06-16 02:21:50.270528: 
2026-06-16 02:21:50.277399: Epoch 48
2026-06-16 02:21:50.279228: Current learning rate: 0.00957
2026-06-16 02:22:12.911019: train_loss -0.4808
2026-06-16 02:22:12.914145: val_loss -0.4562
2026-06-16 02:22:12.916059: Pseudo dice [0.4885]
2026-06-16 02:22:12.917713: Epoch time: 22.64 s
2026-06-16 02:22:12.919221: Yayy! New best EMA pseudo Dice: 0.4786
2026-06-16 02:22:14.277304: 
2026-06-16 02:22:14.279110: Epoch 49
2026-06-16 02:22:14.280562: Current learning rate: 0.00956
2026-06-16 02:22:46.815826: train_loss -0.4777
2026-06-16 02:22:46.818408: val_loss -0.4891
2026-06-16 02:22:46.820018: Pseudo dice [0.5126]
2026-06-16 02:22:46.821584: Epoch time: 32.54 s
2026-06-16 02:22:47.381017: Yayy! New best EMA pseudo Dice: 0.482
2026-06-16 02:22:49.051076: 
2026-06-16 02:22:49.052773: Epoch 50
2026-06-16 02:22:49.054191: Current learning rate: 0.00955
2026-06-16 02:23:51.406701: train_loss -0.4685
2026-06-16 02:23:51.410277: val_loss -0.5195
2026-06-16 02:23:51.411816: Pseudo dice [0.5301]
2026-06-16 02:23:51.413190: Epoch time: 62.36 s
2026-06-16 02:23:51.414598: Yayy! New best EMA pseudo Dice: 0.4868
2026-06-16 02:23:52.782537: 
2026-06-16 02:23:52.784039: Epoch 51
2026-06-16 02:23:52.785467: Current learning rate: 0.00954
2026-06-16 02:24:15.326429: train_loss -0.4979
2026-06-16 02:24:15.329170: val_loss -0.4095
2026-06-16 02:24:15.330659: Pseudo dice [0.4311]
2026-06-16 02:24:15.332177: Epoch time: 22.54 s
2026-06-16 02:24:16.282049: 
2026-06-16 02:24:16.283452: Epoch 52
2026-06-16 02:24:16.284866: Current learning rate: 0.00953
2026-06-16 02:25:07.857784: train_loss -0.477
2026-06-16 02:25:07.861244: val_loss -0.5167
2026-06-16 02:25:07.862532: Pseudo dice [0.5369]
2026-06-16 02:25:07.863891: Epoch time: 51.58 s
2026-06-16 02:25:08.739500: 
2026-06-16 02:25:08.745137: Epoch 53
2026-06-16 02:25:08.750379: Current learning rate: 0.00952
2026-06-16 02:26:44.348259: train_loss -0.4679
2026-06-16 02:26:44.352204: val_loss -0.503
2026-06-16 02:26:44.353643: Pseudo dice [0.5339]
2026-06-16 02:26:44.355065: Epoch time: 95.61 s
2026-06-16 02:26:44.356361: Yayy! New best EMA pseudo Dice: 0.4915
2026-06-16 02:26:45.967710: 
2026-06-16 02:26:45.969167: Epoch 54
2026-06-16 02:26:45.970912: Current learning rate: 0.00951
2026-06-16 02:28:05.371111: train_loss -0.5014
2026-06-16 02:28:05.374945: val_loss -0.4472
2026-06-16 02:28:05.376527: Pseudo dice [0.4222]
2026-06-16 02:28:05.378061: Epoch time: 79.4 s
2026-06-16 02:28:06.254672: 
2026-06-16 02:28:06.256118: Epoch 55
2026-06-16 02:28:06.257546: Current learning rate: 0.0095
2026-06-16 02:28:32.997428: train_loss -0.4836
2026-06-16 02:28:33.000176: val_loss -0.4728
2026-06-16 02:28:33.001819: Pseudo dice [0.4913]
2026-06-16 02:28:33.003453: Epoch time: 26.74 s
2026-06-16 02:28:33.890036: 
2026-06-16 02:28:33.891773: Epoch 56
2026-06-16 02:28:33.893038: Current learning rate: 0.00949
2026-06-16 02:29:19.723406: train_loss -0.4969
2026-06-16 02:29:19.728278: val_loss -0.4695
2026-06-16 02:29:19.729757: Pseudo dice [0.4658]
2026-06-16 02:29:19.731259: Epoch time: 45.83 s
2026-06-16 02:29:20.604835: 
2026-06-16 02:29:20.606511: Epoch 57
2026-06-16 02:29:20.607958: Current learning rate: 0.00949
2026-06-16 02:29:43.055353: train_loss -0.5124
2026-06-16 02:29:43.058066: val_loss -0.5174
2026-06-16 02:29:43.059675: Pseudo dice [0.5375]
2026-06-16 02:29:43.061066: Epoch time: 22.45 s
2026-06-16 02:29:43.946025: 
2026-06-16 02:29:43.947456: Epoch 58
2026-06-16 02:29:43.948968: Current learning rate: 0.00948
2026-06-16 02:30:25.960978: train_loss -0.4934
2026-06-16 02:30:25.964180: val_loss -0.4527
2026-06-16 02:30:25.965526: Pseudo dice [0.4829]
2026-06-16 02:30:25.966923: Epoch time: 42.02 s
2026-06-16 02:30:27.086813: 
2026-06-16 02:30:27.088207: Epoch 59
2026-06-16 02:30:27.089597: Current learning rate: 0.00947
2026-06-16 02:31:00.026692: train_loss -0.527
2026-06-16 02:31:00.029778: val_loss -0.493
2026-06-16 02:31:00.031269: Pseudo dice [0.5095]
2026-06-16 02:31:00.032659: Epoch time: 32.94 s
2026-06-16 02:31:00.916709: 
2026-06-16 02:31:00.918394: Epoch 60
2026-06-16 02:31:00.919880: Current learning rate: 0.00946
2026-06-16 02:31:23.364851: train_loss -0.521
2026-06-16 02:31:23.367313: val_loss -0.461
2026-06-16 02:31:23.368704: Pseudo dice [0.4897]
2026-06-16 02:31:23.370071: Epoch time: 22.45 s
2026-06-16 02:31:24.248810: 
2026-06-16 02:31:24.250238: Epoch 61
2026-06-16 02:31:24.251626: Current learning rate: 0.00945
2026-06-16 02:31:46.601395: train_loss -0.4581
2026-06-16 02:31:46.604045: val_loss -0.4572
2026-06-16 02:31:46.605379: Pseudo dice [0.4473]
2026-06-16 02:31:46.606692: Epoch time: 22.35 s
2026-06-16 02:31:47.485645: 
2026-06-16 02:31:47.487092: Epoch 62
2026-06-16 02:31:47.488465: Current learning rate: 0.00944
2026-06-16 02:32:09.816351: train_loss -0.4975
2026-06-16 02:32:09.818440: val_loss -0.4812
2026-06-16 02:32:09.819923: Pseudo dice [0.5164]
2026-06-16 02:32:09.821508: Epoch time: 22.33 s
2026-06-16 02:32:10.708845: 
2026-06-16 02:32:10.710278: Epoch 63
2026-06-16 02:32:10.711646: Current learning rate: 0.00943
2026-06-16 02:32:33.006995: train_loss -0.514
2026-06-16 02:32:33.017284: val_loss -0.5255
2026-06-16 02:32:33.023932: Pseudo dice [0.545]
2026-06-16 02:32:33.025334: Epoch time: 22.3 s
2026-06-16 02:32:33.026670: Yayy! New best EMA pseudo Dice: 0.4946
2026-06-16 02:32:34.412337: 
2026-06-16 02:32:34.413715: Epoch 64
2026-06-16 02:32:34.415092: Current learning rate: 0.00942
2026-06-16 02:32:56.837058: train_loss -0.5221
2026-06-16 02:32:56.840131: val_loss -0.5238
2026-06-16 02:32:56.841549: Pseudo dice [0.5382]
2026-06-16 02:32:56.843086: Epoch time: 22.43 s
2026-06-16 02:32:56.844755: Yayy! New best EMA pseudo Dice: 0.499
2026-06-16 02:32:58.231925: 
2026-06-16 02:32:58.233465: Epoch 65
2026-06-16 02:32:58.234992: Current learning rate: 0.00941
2026-06-16 02:33:20.640145: train_loss -0.5086
2026-06-16 02:33:20.642910: val_loss -0.4777
2026-06-16 02:33:20.644519: Pseudo dice [0.5031]
2026-06-16 02:33:20.646142: Epoch time: 22.41 s
2026-06-16 02:33:20.647489: Yayy! New best EMA pseudo Dice: 0.4994
2026-06-16 02:33:22.556271: 
2026-06-16 02:33:22.557757: Epoch 66
2026-06-16 02:33:22.559200: Current learning rate: 0.0094
2026-06-16 02:33:45.040022: train_loss -0.4996
2026-06-16 02:33:45.043480: val_loss -0.472
2026-06-16 02:33:45.044986: Pseudo dice [0.4828]
2026-06-16 02:33:45.046547: Epoch time: 22.48 s
2026-06-16 02:33:45.934819: 
2026-06-16 02:33:45.936620: Epoch 67
2026-06-16 02:33:45.938396: Current learning rate: 0.00939
2026-06-16 02:34:08.404073: train_loss -0.5113
2026-06-16 02:34:08.406682: val_loss -0.4365
2026-06-16 02:34:08.408251: Pseudo dice [0.4574]
2026-06-16 02:34:08.409670: Epoch time: 22.47 s
2026-06-16 02:34:09.308040: 
2026-06-16 02:34:09.309596: Epoch 68
2026-06-16 02:34:09.311008: Current learning rate: 0.00939
2026-06-16 02:34:31.698568: train_loss -0.5197
2026-06-16 02:34:31.701132: val_loss -0.5154
2026-06-16 02:34:31.702551: Pseudo dice [0.5511]
2026-06-16 02:34:31.704149: Epoch time: 22.39 s
2026-06-16 02:34:31.706009: Yayy! New best EMA pseudo Dice: 0.4994
2026-06-16 02:34:33.097828: 
2026-06-16 02:34:33.099585: Epoch 69
2026-06-16 02:34:33.101070: Current learning rate: 0.00938
2026-06-16 02:34:55.558023: train_loss -0.4918
2026-06-16 02:34:55.561285: val_loss -0.4957
2026-06-16 02:34:55.562814: Pseudo dice [0.5266]
2026-06-16 02:34:55.564334: Epoch time: 22.46 s
2026-06-16 02:34:55.565841: Yayy! New best EMA pseudo Dice: 0.5021
2026-06-16 02:34:56.842509: 
2026-06-16 02:34:56.844117: Epoch 70
2026-06-16 02:34:56.845553: Current learning rate: 0.00937
2026-06-16 02:35:19.363117: train_loss -0.5021
2026-06-16 02:35:19.366644: val_loss -0.4518
2026-06-16 02:35:19.368208: Pseudo dice [0.4903]
2026-06-16 02:35:19.369632: Epoch time: 22.52 s
2026-06-16 02:35:20.272218: 
2026-06-16 02:35:20.273832: Epoch 71
2026-06-16 02:35:20.275428: Current learning rate: 0.00936
2026-06-16 02:35:42.658745: train_loss -0.5216
2026-06-16 02:35:42.661280: val_loss -0.4574
2026-06-16 02:35:42.662723: Pseudo dice [0.4963]
2026-06-16 02:35:42.664140: Epoch time: 22.39 s
2026-06-16 02:35:43.569563: 
2026-06-16 02:35:43.571135: Epoch 72
2026-06-16 02:35:43.572602: Current learning rate: 0.00935
2026-06-16 02:36:05.964902: train_loss -0.5359
2026-06-16 02:36:05.967336: val_loss -0.477
2026-06-16 02:36:05.968922: Pseudo dice [0.5147]
2026-06-16 02:36:05.970439: Epoch time: 22.4 s
2026-06-16 02:36:06.867078: 
2026-06-16 02:36:06.869096: Epoch 73
2026-06-16 02:36:06.870600: Current learning rate: 0.00934
2026-06-16 02:36:29.355834: train_loss -0.5314
2026-06-16 02:36:29.359280: val_loss -0.4829
2026-06-16 02:36:29.360904: Pseudo dice [0.4922]
2026-06-16 02:36:29.362430: Epoch time: 22.49 s
2026-06-16 02:36:30.261620: 
2026-06-16 02:36:30.263129: Epoch 74
2026-06-16 02:36:30.264530: Current learning rate: 0.00933
2026-06-16 02:36:52.731307: train_loss -0.4917
2026-06-16 02:36:52.734478: val_loss -0.5455
2026-06-16 02:36:52.735965: Pseudo dice [0.5459]
2026-06-16 02:36:52.737619: Epoch time: 22.47 s
2026-06-16 02:36:52.739058: Yayy! New best EMA pseudo Dice: 0.5054
2026-06-16 02:36:54.134146: 
2026-06-16 02:36:54.135617: Epoch 75
2026-06-16 02:36:54.136997: Current learning rate: 0.00932
2026-06-16 02:37:16.436255: train_loss -0.5061
2026-06-16 02:37:16.440599: val_loss -0.4772
2026-06-16 02:37:16.442169: Pseudo dice [0.4878]
2026-06-16 02:37:16.443689: Epoch time: 22.3 s
2026-06-16 02:37:17.341256: 
2026-06-16 02:37:17.342682: Epoch 76
2026-06-16 02:37:17.344238: Current learning rate: 0.00931
2026-06-16 02:37:39.725603: train_loss -0.5483
2026-06-16 02:37:39.727476: val_loss -0.5328
2026-06-16 02:37:39.728944: Pseudo dice [0.5584]
2026-06-16 02:37:39.730373: Epoch time: 22.39 s
2026-06-16 02:37:39.731726: Yayy! New best EMA pseudo Dice: 0.5092
2026-06-16 02:37:41.142258: 
2026-06-16 02:37:41.143766: Epoch 77
2026-06-16 02:37:41.145126: Current learning rate: 0.0093
2026-06-16 02:38:03.508881: train_loss -0.5466
2026-06-16 02:38:03.514980: val_loss -0.5117
2026-06-16 02:38:03.516501: Pseudo dice [0.5152]
2026-06-16 02:38:03.517846: Epoch time: 22.37 s
2026-06-16 02:38:03.519244: Yayy! New best EMA pseudo Dice: 0.5098
2026-06-16 02:38:04.935109: 
2026-06-16 02:38:04.936557: Epoch 78
2026-06-16 02:38:04.938642: Current learning rate: 0.0093
2026-06-16 02:38:27.351555: train_loss -0.5418
2026-06-16 02:38:27.355478: val_loss -0.5559
2026-06-16 02:38:27.356871: Pseudo dice [0.5526]
2026-06-16 02:38:27.358270: Epoch time: 22.42 s
2026-06-16 02:38:27.359633: Yayy! New best EMA pseudo Dice: 0.514
2026-06-16 02:38:28.763562: 
2026-06-16 02:38:28.765107: Epoch 79
2026-06-16 02:38:28.766497: Current learning rate: 0.00929
2026-06-16 02:39:46.484132: train_loss -0.5389
2026-06-16 02:39:46.487334: val_loss -0.5197
2026-06-16 02:39:46.488618: Pseudo dice [0.5248]
2026-06-16 02:39:46.489916: Epoch time: 77.72 s
2026-06-16 02:39:46.491425: Yayy! New best EMA pseudo Dice: 0.5151
2026-06-16 02:39:47.910751: 
2026-06-16 02:39:47.912220: Epoch 80
2026-06-16 02:39:47.916184: Current learning rate: 0.00928
2026-06-16 02:40:47.023021: train_loss -0.545
2026-06-16 02:40:47.026499: val_loss -0.5432
2026-06-16 02:40:47.028023: Pseudo dice [0.5465]
2026-06-16 02:40:47.029439: Epoch time: 59.11 s
2026-06-16 02:40:47.030862: Yayy! New best EMA pseudo Dice: 0.5183
2026-06-16 02:40:48.442010: 
2026-06-16 02:40:48.444794: Epoch 81
2026-06-16 02:40:48.447450: Current learning rate: 0.00927
2026-06-16 02:41:10.826612: train_loss -0.5295
2026-06-16 02:41:10.829157: val_loss -0.5175
2026-06-16 02:41:10.830661: Pseudo dice [0.5065]
2026-06-16 02:41:10.832035: Epoch time: 22.39 s
2026-06-16 02:41:12.288840: 
2026-06-16 02:41:12.290317: Epoch 82
2026-06-16 02:41:12.291677: Current learning rate: 0.00926
2026-06-16 02:41:34.865295: train_loss -0.5271
2026-06-16 02:41:34.867913: val_loss -0.4468
2026-06-16 02:41:34.869312: Pseudo dice [0.4746]
2026-06-16 02:41:34.870681: Epoch time: 22.58 s
2026-06-16 02:41:35.749774: 
2026-06-16 02:41:35.751215: Epoch 83
2026-06-16 02:41:35.752587: Current learning rate: 0.00925
2026-06-16 02:41:58.294808: train_loss -0.5121
2026-06-16 02:41:58.298146: val_loss -0.5073
2026-06-16 02:41:58.299541: Pseudo dice [0.5226]
2026-06-16 02:41:58.301229: Epoch time: 22.55 s
2026-06-16 02:41:59.173895: 
2026-06-16 02:41:59.175280: Epoch 84
2026-06-16 02:41:59.176528: Current learning rate: 0.00924
2026-06-16 02:42:21.581084: train_loss -0.548
2026-06-16 02:42:21.583501: val_loss -0.5145
2026-06-16 02:42:21.584838: Pseudo dice [0.5408]
2026-06-16 02:42:21.586243: Epoch time: 22.41 s
2026-06-16 02:42:22.471908: 
2026-06-16 02:42:22.473431: Epoch 85
2026-06-16 02:42:22.474718: Current learning rate: 0.00923
2026-06-16 02:42:49.186879: train_loss -0.5158
2026-06-16 02:42:49.189728: val_loss -0.4648
2026-06-16 02:42:49.191130: Pseudo dice [0.4905]
2026-06-16 02:42:49.192486: Epoch time: 26.72 s
2026-06-16 02:42:50.087131: 
2026-06-16 02:42:50.088777: Epoch 86
2026-06-16 02:42:50.090199: Current learning rate: 0.00922
2026-06-16 02:43:12.657336: train_loss -0.5259
2026-06-16 02:43:12.660729: val_loss -0.5357
2026-06-16 02:43:12.662135: Pseudo dice [0.5374]
2026-06-16 02:43:12.663532: Epoch time: 22.57 s
2026-06-16 02:43:13.559391: 
2026-06-16 02:43:13.560905: Epoch 87
2026-06-16 02:43:13.562241: Current learning rate: 0.00921
2026-06-16 02:43:36.163090: train_loss -0.5447
2026-06-16 02:43:36.165778: val_loss -0.4814
2026-06-16 02:43:36.167098: Pseudo dice [0.5177]
2026-06-16 02:43:36.168479: Epoch time: 22.6 s
2026-06-16 02:43:37.053845: 
2026-06-16 02:43:37.056269: Epoch 88
2026-06-16 02:43:37.057717: Current learning rate: 0.0092
2026-06-16 02:43:59.436034: train_loss -0.5199
2026-06-16 02:43:59.438691: val_loss -0.4697
2026-06-16 02:43:59.440156: Pseudo dice [0.5122]
2026-06-16 02:43:59.441543: Epoch time: 22.38 s
2026-06-16 02:44:00.324109: 
2026-06-16 02:44:00.325525: Epoch 89
2026-06-16 02:44:00.326905: Current learning rate: 0.0092
2026-06-16 02:44:22.817116: train_loss -0.5193
2026-06-16 02:44:22.820558: val_loss -0.5083
2026-06-16 02:44:22.821943: Pseudo dice [0.5135]
2026-06-16 02:44:22.823320: Epoch time: 22.49 s
2026-06-16 02:44:23.703249: 
2026-06-16 02:44:23.704787: Epoch 90
2026-06-16 02:44:23.706202: Current learning rate: 0.00919
2026-06-16 02:44:56.954206: train_loss -0.5162
2026-06-16 02:44:56.956795: val_loss -0.5002
2026-06-16 02:44:56.958200: Pseudo dice [0.4927]
2026-06-16 02:44:56.959499: Epoch time: 33.25 s
2026-06-16 02:44:57.839389: 
2026-06-16 02:44:57.841050: Epoch 91
2026-06-16 02:44:57.842350: Current learning rate: 0.00918
2026-06-16 02:45:20.158110: train_loss -0.5551
2026-06-16 02:45:20.160868: val_loss -0.4984
2026-06-16 02:45:20.164423: Pseudo dice [0.5068]
2026-06-16 02:45:20.166014: Epoch time: 22.32 s
2026-06-16 02:45:21.051991: 
2026-06-16 02:45:21.053635: Epoch 92
2026-06-16 02:45:21.054943: Current learning rate: 0.00917
2026-06-16 02:45:43.400489: train_loss -0.5231
2026-06-16 02:45:43.403866: val_loss -0.5128
2026-06-16 02:45:43.405357: Pseudo dice [0.537]
2026-06-16 02:45:43.406739: Epoch time: 22.35 s
2026-06-16 02:45:44.292928: 
2026-06-16 02:45:44.294411: Epoch 93
2026-06-16 02:45:44.295809: Current learning rate: 0.00916
2026-06-16 02:46:48.344907: train_loss -0.5397
2026-06-16 02:46:48.348591: val_loss -0.4859
2026-06-16 02:46:48.350165: Pseudo dice [0.5141]
2026-06-16 02:46:48.351662: Epoch time: 64.05 s
2026-06-16 02:46:49.228683: 
2026-06-16 02:46:49.230195: Epoch 94
2026-06-16 02:46:49.231682: Current learning rate: 0.00915
2026-06-16 02:47:11.505992: train_loss -0.5571
2026-06-16 02:47:11.508590: val_loss -0.5428
2026-06-16 02:47:11.510005: Pseudo dice [0.5636]
2026-06-16 02:47:11.511407: Epoch time: 22.28 s
2026-06-16 02:47:11.512804: Yayy! New best EMA pseudo Dice: 0.5199
2026-06-16 02:47:12.883883: 
2026-06-16 02:47:12.885643: Epoch 95
2026-06-16 02:47:12.887056: Current learning rate: 0.00914
2026-06-16 02:47:35.290295: train_loss -0.501
2026-06-16 02:47:35.293114: val_loss -0.4512
2026-06-16 02:47:35.294552: Pseudo dice [0.4849]
2026-06-16 02:47:35.296040: Epoch time: 22.41 s
2026-06-16 02:47:36.180998: 
2026-06-16 02:47:36.182695: Epoch 96
2026-06-16 02:47:36.184096: Current learning rate: 0.00913
2026-06-16 02:47:58.648292: train_loss -0.5317
2026-06-16 02:47:58.651199: val_loss -0.4729
2026-06-16 02:47:58.652521: Pseudo dice [0.4875]
2026-06-16 02:47:58.654112: Epoch time: 22.47 s
2026-06-16 02:47:59.547301: 
2026-06-16 02:47:59.553298: Epoch 97
2026-06-16 02:47:59.554896: Current learning rate: 0.00912
2026-06-16 02:48:41.048084: train_loss -0.5689
2026-06-16 02:48:41.050985: val_loss -0.4874
2026-06-16 02:48:41.052714: Pseudo dice [0.5171]
2026-06-16 02:48:41.054120: Epoch time: 41.5 s
2026-06-16 02:48:41.947557: 
2026-06-16 02:48:41.948998: Epoch 98
2026-06-16 02:48:41.950420: Current learning rate: 0.00911
2026-06-16 02:49:04.308681: train_loss -0.5667
2026-06-16 02:49:04.311956: val_loss -0.509
2026-06-16 02:49:04.313507: Pseudo dice [0.5342]
2026-06-16 02:49:04.314796: Epoch time: 22.36 s
2026-06-16 02:49:05.203511: 
2026-06-16 02:49:05.205194: Epoch 99
2026-06-16 02:49:05.206578: Current learning rate: 0.0091
2026-06-16 02:49:27.615986: train_loss -0.5711
2026-06-16 02:49:27.618441: val_loss -0.5441
2026-06-16 02:49:27.619860: Pseudo dice [0.5304]
2026-06-16 02:49:27.621287: Epoch time: 22.41 s
2026-06-16 02:49:29.019098: 
2026-06-16 02:49:29.021223: Epoch 100
2026-06-16 02:49:29.022701: Current learning rate: 0.0091
2026-06-16 02:49:51.387357: train_loss -0.519
2026-06-16 02:49:51.389997: val_loss -0.5299
2026-06-16 02:49:51.391451: Pseudo dice [0.5475]
2026-06-16 02:49:51.393561: Epoch time: 22.37 s
2026-06-16 02:49:51.395535: Yayy! New best EMA pseudo Dice: 0.5204
2026-06-16 02:49:53.332186: 
2026-06-16 02:49:53.333826: Epoch 101
2026-06-16 02:49:53.335232: Current learning rate: 0.00909
2026-06-16 02:50:18.592185: train_loss -0.5456
2026-06-16 02:50:18.595465: val_loss -0.5349
2026-06-16 02:50:18.597028: Pseudo dice [0.5388]
2026-06-16 02:50:18.598592: Epoch time: 25.26 s
2026-06-16 02:50:18.600075: Yayy! New best EMA pseudo Dice: 0.5222
2026-06-16 02:50:19.970487: 
2026-06-16 02:50:19.972021: Epoch 102
2026-06-16 02:50:19.973439: Current learning rate: 0.00908
2026-06-16 02:50:48.867903: train_loss -0.5333
2026-06-16 02:50:48.870390: val_loss -0.5138
2026-06-16 02:50:48.871854: Pseudo dice [0.5152]
2026-06-16 02:50:48.873306: Epoch time: 28.9 s
2026-06-16 02:50:49.777367: 
2026-06-16 02:50:49.778901: Epoch 103
2026-06-16 02:50:49.780250: Current learning rate: 0.00907
2026-06-16 02:51:12.149267: train_loss -0.5312
2026-06-16 02:51:12.152763: val_loss -0.4709
2026-06-16 02:51:12.154195: Pseudo dice [0.4853]
2026-06-16 02:51:12.155510: Epoch time: 22.37 s
2026-06-16 02:51:13.043738: 
2026-06-16 02:51:13.045268: Epoch 104
2026-06-16 02:51:13.046530: Current learning rate: 0.00906
2026-06-16 02:51:35.528216: train_loss -0.5422
2026-06-16 02:51:35.530282: val_loss -0.4843
2026-06-16 02:51:35.531818: Pseudo dice [0.5197]
2026-06-16 02:51:35.533174: Epoch time: 22.49 s
2026-06-16 02:51:36.416966: 
2026-06-16 02:51:36.418494: Epoch 105
2026-06-16 02:51:36.419795: Current learning rate: 0.00905
2026-06-16 02:51:58.951150: train_loss -0.5315
2026-06-16 02:51:58.953619: val_loss -0.5567
2026-06-16 02:51:58.955039: Pseudo dice [0.5649]
2026-06-16 02:51:58.956410: Epoch time: 22.54 s
2026-06-16 02:51:58.957742: Yayy! New best EMA pseudo Dice: 0.5228
2026-06-16 02:52:00.340113: 
2026-06-16 02:52:00.341737: Epoch 106
2026-06-16 02:52:00.343091: Current learning rate: 0.00904
2026-06-16 02:52:22.763424: train_loss -0.5587
2026-06-16 02:52:22.766930: val_loss -0.5457
2026-06-16 02:52:22.768416: Pseudo dice [0.5715]
2026-06-16 02:52:22.769841: Epoch time: 22.42 s
2026-06-16 02:52:22.771145: Yayy! New best EMA pseudo Dice: 0.5276
2026-06-16 02:52:24.344821: 
2026-06-16 02:52:24.347551: Epoch 107
2026-06-16 02:52:24.350226: Current learning rate: 0.00903
2026-06-16 02:52:50.441280: train_loss -0.5421
2026-06-16 02:52:50.444329: val_loss -0.4926
2026-06-16 02:52:50.445886: Pseudo dice [0.511]
2026-06-16 02:52:50.447532: Epoch time: 26.1 s
2026-06-16 02:52:51.349262: 
2026-06-16 02:52:51.350854: Epoch 108
2026-06-16 02:52:51.352385: Current learning rate: 0.00902
2026-06-16 02:53:13.847991: train_loss -0.5639
2026-06-16 02:53:13.852682: val_loss -0.5209
2026-06-16 02:53:13.854052: Pseudo dice [0.5382]
2026-06-16 02:53:13.855639: Epoch time: 22.5 s
2026-06-16 02:53:14.757095: 
2026-06-16 02:53:14.758607: Epoch 109
2026-06-16 02:53:14.760068: Current learning rate: 0.00901
2026-06-16 02:53:48.661678: train_loss -0.5625
2026-06-16 02:53:48.665030: val_loss -0.5284
2026-06-16 02:53:48.666511: Pseudo dice [0.5211]
2026-06-16 02:53:48.667911: Epoch time: 33.91 s
2026-06-16 02:53:49.549863: 
2026-06-16 02:53:49.551638: Epoch 110
2026-06-16 02:53:49.553327: Current learning rate: 0.009
2026-06-16 02:54:30.510091: train_loss -0.5453
2026-06-16 02:54:30.519936: val_loss -0.487
2026-06-16 02:54:30.521289: Pseudo dice [0.5282]
2026-06-16 02:54:30.522682: Epoch time: 40.96 s
2026-06-16 02:54:31.424580: 
2026-06-16 02:54:31.426002: Epoch 111
2026-06-16 02:54:31.427329: Current learning rate: 0.009
2026-06-16 02:54:53.933639: train_loss -0.5454
2026-06-16 02:54:53.936811: val_loss -0.5202
2026-06-16 02:54:53.938372: Pseudo dice [0.5356]
2026-06-16 02:54:53.940200: Epoch time: 22.51 s
2026-06-16 02:54:54.825633: 
2026-06-16 02:54:54.827079: Epoch 112
2026-06-16 02:54:54.828427: Current learning rate: 0.00899
2026-06-16 02:55:17.261116: train_loss -0.5239
2026-06-16 02:55:17.263996: val_loss -0.4921
2026-06-16 02:55:17.265416: Pseudo dice [0.5482]
2026-06-16 02:55:17.266924: Epoch time: 22.44 s
2026-06-16 02:55:17.268442: Yayy! New best EMA pseudo Dice: 0.5297
2026-06-16 02:55:18.647043: 
2026-06-16 02:55:18.648442: Epoch 113
2026-06-16 02:55:18.649817: Current learning rate: 0.00898
2026-06-16 02:55:41.060874: train_loss -0.5694
2026-06-16 02:55:41.064413: val_loss -0.5131
2026-06-16 02:55:41.065836: Pseudo dice [0.5483]
2026-06-16 02:55:41.067239: Epoch time: 22.41 s
2026-06-16 02:55:41.068559: Yayy! New best EMA pseudo Dice: 0.5315
2026-06-16 02:55:42.433522: 
2026-06-16 02:55:42.435105: Epoch 114
2026-06-16 02:55:42.436479: Current learning rate: 0.00897
2026-06-16 02:56:04.888403: train_loss -0.5532
2026-06-16 02:56:04.890586: val_loss -0.5258
2026-06-16 02:56:04.893907: Pseudo dice [0.5356]
2026-06-16 02:56:04.895610: Epoch time: 22.46 s
2026-06-16 02:56:04.897252: Yayy! New best EMA pseudo Dice: 0.5319
2026-06-16 02:56:06.287701: 
2026-06-16 02:56:06.289335: Epoch 115
2026-06-16 02:56:06.290691: Current learning rate: 0.00896
2026-06-16 02:56:35.817174: train_loss -0.5708
2026-06-16 02:56:35.818912: val_loss -0.5009
2026-06-16 02:56:35.820246: Pseudo dice [0.529]
2026-06-16 02:56:35.821814: Epoch time: 29.53 s
2026-06-16 02:56:36.824581: 
2026-06-16 02:56:36.826237: Epoch 116
2026-06-16 02:56:36.827686: Current learning rate: 0.00895
2026-06-16 02:57:06.588270: train_loss -0.5728
2026-06-16 02:57:06.591937: val_loss -0.5157
2026-06-16 02:57:06.593417: Pseudo dice [0.529]
2026-06-16 02:57:06.594706: Epoch time: 29.76 s
2026-06-16 02:57:07.492343: 
2026-06-16 02:57:07.494598: Epoch 117
2026-06-16 02:57:07.496171: Current learning rate: 0.00894
2026-06-16 02:57:29.920974: train_loss -0.5618
2026-06-16 02:57:29.923856: val_loss -0.537
2026-06-16 02:57:29.925215: Pseudo dice [0.5621]
2026-06-16 02:57:29.926624: Epoch time: 22.43 s
2026-06-16 02:57:29.927969: Yayy! New best EMA pseudo Dice: 0.5345
2026-06-16 02:57:31.347462: 
2026-06-16 02:57:31.349961: Epoch 118
2026-06-16 02:57:31.352355: Current learning rate: 0.00893
2026-06-16 02:57:53.762876: train_loss -0.5634
2026-06-16 02:57:53.766560: val_loss -0.5355
2026-06-16 02:57:53.767902: Pseudo dice [0.5394]
2026-06-16 02:57:53.769298: Epoch time: 22.42 s
2026-06-16 02:57:53.770643: Yayy! New best EMA pseudo Dice: 0.535
2026-06-16 02:57:55.705270: 
2026-06-16 02:57:55.706701: Epoch 119
2026-06-16 02:57:55.708091: Current learning rate: 0.00892
2026-06-16 02:58:18.199706: train_loss -0.5756
2026-06-16 02:58:18.203292: val_loss -0.494
2026-06-16 02:58:18.205403: Pseudo dice [0.5194]
2026-06-16 02:58:18.206824: Epoch time: 22.5 s
2026-06-16 02:58:19.104981: 
2026-06-16 02:58:19.106503: Epoch 120
2026-06-16 02:58:19.107863: Current learning rate: 0.00891
2026-06-16 02:58:42.227547: train_loss -0.5607
2026-06-16 02:58:42.232770: val_loss -0.5044
2026-06-16 02:58:42.235310: Pseudo dice [0.5]
2026-06-16 02:58:42.237976: Epoch time: 23.12 s
2026-06-16 02:58:43.140374: 
2026-06-16 02:58:43.141891: Epoch 121
2026-06-16 02:58:43.143571: Current learning rate: 0.0089
2026-06-16 02:59:07.095598: train_loss -0.5674
2026-06-16 02:59:07.100172: val_loss -0.5485
2026-06-16 02:59:07.101553: Pseudo dice [0.57]
2026-06-16 02:59:07.102896: Epoch time: 23.96 s
2026-06-16 02:59:08.011929: 
2026-06-16 02:59:08.013372: Epoch 122
2026-06-16 02:59:08.014750: Current learning rate: 0.00889
2026-06-16 02:59:30.880561: train_loss -0.5728
2026-06-16 02:59:30.883551: val_loss -0.5067
2026-06-16 02:59:30.884975: Pseudo dice [0.5428]
2026-06-16 02:59:30.886381: Epoch time: 22.87 s
2026-06-16 02:59:31.773335: 
2026-06-16 02:59:31.775223: Epoch 123
2026-06-16 02:59:31.776625: Current learning rate: 0.00889
2026-06-16 02:59:54.287785: train_loss -0.5722
2026-06-16 02:59:54.290805: val_loss -0.5193
2026-06-16 02:59:54.292180: Pseudo dice [0.5466]
2026-06-16 02:59:54.293601: Epoch time: 22.52 s
2026-06-16 02:59:54.294965: Yayy! New best EMA pseudo Dice: 0.5361
2026-06-16 02:59:55.671289: 
2026-06-16 02:59:55.672792: Epoch 124
2026-06-16 02:59:55.674183: Current learning rate: 0.00888
2026-06-16 03:00:18.136398: train_loss -0.5674
2026-06-16 03:00:18.140100: val_loss -0.5527
2026-06-16 03:00:18.142492: Pseudo dice [0.5419]
2026-06-16 03:00:18.145066: Epoch time: 22.47 s
2026-06-16 03:00:18.147521: Yayy! New best EMA pseudo Dice: 0.5367
2026-06-16 03:00:19.549512: 
2026-06-16 03:00:19.551168: Epoch 125
2026-06-16 03:00:19.553133: Current learning rate: 0.00887
2026-06-16 03:00:42.208124: train_loss -0.5722
2026-06-16 03:00:42.211030: val_loss -0.5264
2026-06-16 03:00:42.212457: Pseudo dice [0.5392]
2026-06-16 03:00:42.213816: Epoch time: 22.66 s
2026-06-16 03:00:42.215281: Yayy! New best EMA pseudo Dice: 0.5369
2026-06-16 03:00:43.608021: 
2026-06-16 03:00:43.609607: Epoch 126
2026-06-16 03:00:43.611020: Current learning rate: 0.00886
2026-06-16 03:01:06.030807: train_loss -0.5738
2026-06-16 03:01:06.033872: val_loss -0.4396
2026-06-16 03:01:06.035412: Pseudo dice [0.4616]
2026-06-16 03:01:06.036757: Epoch time: 22.42 s
2026-06-16 03:01:06.938848: 
2026-06-16 03:01:06.940633: Epoch 127
2026-06-16 03:01:06.944735: Current learning rate: 0.00885
2026-06-16 03:01:29.324860: train_loss -0.5435
2026-06-16 03:01:29.327410: val_loss -0.489
2026-06-16 03:01:29.328679: Pseudo dice [0.4738]
2026-06-16 03:01:29.330043: Epoch time: 22.39 s
2026-06-16 03:01:30.225863: 
2026-06-16 03:01:30.227648: Epoch 128
2026-06-16 03:01:30.228969: Current learning rate: 0.00884
2026-06-16 03:01:52.702918: train_loss -0.5641
2026-06-16 03:01:52.705480: val_loss -0.5355
2026-06-16 03:01:52.706821: Pseudo dice [0.545]
2026-06-16 03:01:52.708200: Epoch time: 22.48 s
2026-06-16 03:01:53.605861: 
2026-06-16 03:01:53.607263: Epoch 129
2026-06-16 03:01:53.608624: Current learning rate: 0.00883
2026-06-16 03:02:25.623495: train_loss -0.5416
2026-06-16 03:02:25.625849: val_loss -0.4971
2026-06-16 03:02:25.630223: Pseudo dice [0.5302]
2026-06-16 03:02:25.631668: Epoch time: 32.02 s
2026-06-16 03:02:26.552327: 
2026-06-16 03:02:26.553800: Epoch 130
2026-06-16 03:02:26.556508: Current learning rate: 0.00882
2026-06-16 03:02:48.964802: train_loss -0.5556
2026-06-16 03:02:48.968276: val_loss -0.5201
2026-06-16 03:02:48.969634: Pseudo dice [0.529]
2026-06-16 03:02:48.971113: Epoch time: 22.41 s
2026-06-16 03:02:49.875038: 
2026-06-16 03:02:49.876513: Epoch 131
2026-06-16 03:02:49.877893: Current learning rate: 0.00881
2026-06-16 03:03:12.694130: train_loss -0.5741
2026-06-16 03:03:12.696758: val_loss -0.4833
2026-06-16 03:03:12.698232: Pseudo dice [0.5086]
2026-06-16 03:03:12.699634: Epoch time: 22.82 s
2026-06-16 03:03:13.611954: 
2026-06-16 03:03:13.613694: Epoch 132
2026-06-16 03:03:13.615116: Current learning rate: 0.0088
2026-06-16 03:03:35.995965: train_loss -0.5707
2026-06-16 03:03:35.998358: val_loss -0.5198
2026-06-16 03:03:35.999982: Pseudo dice [0.5378]
2026-06-16 03:03:36.001403: Epoch time: 22.38 s
2026-06-16 03:03:36.907081: 
2026-06-16 03:03:36.908809: Epoch 133
2026-06-16 03:03:36.910235: Current learning rate: 0.00879
2026-06-16 03:03:59.358138: train_loss -0.5622
2026-06-16 03:03:59.361531: val_loss -0.515
2026-06-16 03:03:59.362952: Pseudo dice [0.5329]
2026-06-16 03:03:59.364372: Epoch time: 22.45 s
2026-06-16 03:04:00.305768: 
2026-06-16 03:04:00.308029: Epoch 134
2026-06-16 03:04:00.309422: Current learning rate: 0.00879
2026-06-16 03:04:24.738824: train_loss -0.5314
2026-06-16 03:04:24.741364: val_loss -0.4925
2026-06-16 03:04:24.742978: Pseudo dice [0.4932]
2026-06-16 03:04:24.744522: Epoch time: 24.43 s
2026-06-16 03:04:25.684433: 
2026-06-16 03:04:25.685842: Epoch 135
2026-06-16 03:04:25.687226: Current learning rate: 0.00878
2026-06-16 03:04:51.447619: train_loss -0.5416
2026-06-16 03:04:51.450073: val_loss -0.4988
2026-06-16 03:04:51.451617: Pseudo dice [0.5332]
2026-06-16 03:04:51.452976: Epoch time: 25.76 s
2026-06-16 03:04:53.228596: 
2026-06-16 03:04:53.234630: Epoch 136
2026-06-16 03:04:53.236119: Current learning rate: 0.00877
2026-06-16 03:05:15.840329: train_loss -0.5738
2026-06-16 03:05:15.846814: val_loss -0.508
2026-06-16 03:05:15.848387: Pseudo dice [0.5129]
2026-06-16 03:05:15.852744: Epoch time: 22.61 s
2026-06-16 03:05:16.761136: 
2026-06-16 03:05:16.762721: Epoch 137
2026-06-16 03:05:16.763978: Current learning rate: 0.00876
2026-06-16 03:05:39.228554: train_loss -0.5593
2026-06-16 03:05:39.231313: val_loss -0.4956
2026-06-16 03:05:39.232799: Pseudo dice [0.5287]
2026-06-16 03:05:39.234200: Epoch time: 22.47 s
2026-06-16 03:05:40.150265: 
2026-06-16 03:05:40.151762: Epoch 138
2026-06-16 03:05:40.153191: Current learning rate: 0.00875
2026-06-16 03:06:02.707744: train_loss -0.5723
2026-06-16 03:06:02.709803: val_loss -0.5392
2026-06-16 03:06:02.711160: Pseudo dice [0.554]
2026-06-16 03:06:02.712549: Epoch time: 22.56 s
2026-06-16 03:06:03.628187: 
2026-06-16 03:06:03.629796: Epoch 139
2026-06-16 03:06:03.631157: Current learning rate: 0.00874
2026-06-16 03:06:26.030985: train_loss -0.5907
2026-06-16 03:06:26.034549: val_loss -0.5049
2026-06-16 03:06:26.035997: Pseudo dice [0.512]
2026-06-16 03:06:26.037503: Epoch time: 22.4 s
2026-06-16 03:06:26.953675: 
2026-06-16 03:06:26.955203: Epoch 140
2026-06-16 03:06:26.956706: Current learning rate: 0.00873
2026-06-16 03:07:00.514067: train_loss -0.5405
2026-06-16 03:07:00.516445: val_loss -0.5122
2026-06-16 03:07:00.517930: Pseudo dice [0.5431]
2026-06-16 03:07:00.519285: Epoch time: 33.56 s
2026-06-16 03:07:01.435227: 
2026-06-16 03:07:01.436674: Epoch 141
2026-06-16 03:07:01.438070: Current learning rate: 0.00872
2026-06-16 03:07:23.853671: train_loss -0.5833
2026-06-16 03:07:23.857194: val_loss -0.5484
2026-06-16 03:07:23.858608: Pseudo dice [0.5515]
2026-06-16 03:07:23.860261: Epoch time: 22.42 s
2026-06-16 03:07:24.778215: 
2026-06-16 03:07:24.780051: Epoch 142
2026-06-16 03:07:24.784706: Current learning rate: 0.00871
2026-06-16 03:07:53.521757: train_loss -0.5827
2026-06-16 03:07:53.524492: val_loss -0.5143
2026-06-16 03:07:53.525929: Pseudo dice [0.5294]
2026-06-16 03:07:53.527407: Epoch time: 28.74 s
2026-06-16 03:07:54.444340: 
2026-06-16 03:07:54.446122: Epoch 143
2026-06-16 03:07:54.447593: Current learning rate: 0.0087
2026-06-16 03:08:16.917485: train_loss -0.5768
2026-06-16 03:08:16.920015: val_loss -0.4981
2026-06-16 03:08:16.921339: Pseudo dice [0.5288]
2026-06-16 03:08:16.922598: Epoch time: 22.47 s
2026-06-16 03:08:17.880829: 
2026-06-16 03:08:17.882246: Epoch 144
2026-06-16 03:08:17.883521: Current learning rate: 0.00869
2026-06-16 03:08:45.573100: train_loss -0.5831
2026-06-16 03:08:45.576415: val_loss -0.4768
2026-06-16 03:08:45.577748: Pseudo dice [0.5013]
2026-06-16 03:08:45.579236: Epoch time: 27.69 s
2026-06-16 03:08:46.499415: 
2026-06-16 03:08:46.501024: Epoch 145
2026-06-16 03:08:46.502388: Current learning rate: 0.00868
2026-06-16 03:09:09.623705: train_loss -0.5827
2026-06-16 03:09:09.626270: val_loss -0.5322
2026-06-16 03:09:09.627817: Pseudo dice [0.5551]
2026-06-16 03:09:09.629292: Epoch time: 23.13 s
2026-06-16 03:09:10.537677: 
2026-06-16 03:09:10.539266: Epoch 146
2026-06-16 03:09:10.540743: Current learning rate: 0.00868
2026-06-16 03:09:32.880503: train_loss -0.597
2026-06-16 03:09:32.883175: val_loss -0.5276
2026-06-16 03:09:32.884713: Pseudo dice [0.543]
2026-06-16 03:09:32.886335: Epoch time: 22.34 s
2026-06-16 03:09:33.805526: 
2026-06-16 03:09:33.807151: Epoch 147
2026-06-16 03:09:33.808971: Current learning rate: 0.00867
2026-06-16 03:09:56.233629: train_loss -0.5667
2026-06-16 03:09:56.236404: val_loss -0.5319
2026-06-16 03:09:56.237834: Pseudo dice [0.5455]
2026-06-16 03:09:56.239254: Epoch time: 22.43 s
2026-06-16 03:09:57.156277: 
2026-06-16 03:09:57.157790: Epoch 148
2026-06-16 03:09:57.159254: Current learning rate: 0.00866
2026-06-16 03:10:22.464122: train_loss -0.559
2026-06-16 03:10:22.467767: val_loss -0.547
2026-06-16 03:10:22.469437: Pseudo dice [0.5635]
2026-06-16 03:10:22.470959: Epoch time: 25.31 s
2026-06-16 03:10:23.389429: 
2026-06-16 03:10:23.390789: Epoch 149
2026-06-16 03:10:23.392235: Current learning rate: 0.00865
2026-06-16 03:10:45.980417: train_loss -0.568
2026-06-16 03:10:45.982818: val_loss -0.4416
2026-06-16 03:10:45.984141: Pseudo dice [0.4557]
2026-06-16 03:10:45.985573: Epoch time: 22.59 s
2026-06-16 03:10:47.387827: 
2026-06-16 03:10:47.389355: Epoch 150
2026-06-16 03:10:47.390808: Current learning rate: 0.00864
2026-06-16 03:11:09.702185: train_loss -0.5609
2026-06-16 03:11:09.705334: val_loss -0.4666
2026-06-16 03:11:09.706795: Pseudo dice [0.5012]
2026-06-16 03:11:09.708184: Epoch time: 22.32 s
2026-06-16 03:11:10.641752: 
2026-06-16 03:11:10.643672: Epoch 151
2026-06-16 03:11:10.645357: Current learning rate: 0.00863
2026-06-16 03:11:33.190991: train_loss -0.5691
2026-06-16 03:11:33.194200: val_loss -0.4388
2026-06-16 03:11:33.195606: Pseudo dice [0.4926]
2026-06-16 03:11:33.197037: Epoch time: 22.55 s
2026-06-16 03:11:34.182675: 
2026-06-16 03:11:34.184191: Epoch 152
2026-06-16 03:11:34.185537: Current learning rate: 0.00862
2026-06-16 03:11:56.648446: train_loss -0.5662
2026-06-16 03:11:56.650982: val_loss -0.4749
2026-06-16 03:11:56.652455: Pseudo dice [0.5233]
2026-06-16 03:11:56.653807: Epoch time: 22.47 s
2026-06-16 03:11:57.586508: 
2026-06-16 03:11:57.587818: Epoch 153
2026-06-16 03:11:57.589070: Current learning rate: 0.00861
2026-06-16 03:12:20.562138: train_loss -0.5389
2026-06-16 03:12:20.564674: val_loss -0.5038
2026-06-16 03:12:20.566090: Pseudo dice [0.5151]
2026-06-16 03:12:20.567480: Epoch time: 22.98 s
2026-06-16 03:12:21.495025: 
2026-06-16 03:12:21.496545: Epoch 154
2026-06-16 03:12:21.498037: Current learning rate: 0.0086
2026-06-16 03:12:44.003658: train_loss -0.569
2026-06-16 03:12:44.007054: val_loss -0.5317
2026-06-16 03:12:44.008827: Pseudo dice [0.558]
2026-06-16 03:12:44.010428: Epoch time: 22.51 s
2026-06-16 03:12:44.922931: 
2026-06-16 03:12:44.924418: Epoch 155
2026-06-16 03:12:44.925855: Current learning rate: 0.00859
2026-06-16 03:13:07.388261: train_loss -0.5861
2026-06-16 03:13:07.391058: val_loss -0.5347
2026-06-16 03:13:07.393059: Pseudo dice [0.5576]
2026-06-16 03:13:07.394499: Epoch time: 22.47 s
2026-06-16 03:13:08.307121: 
2026-06-16 03:13:08.308753: Epoch 156
2026-06-16 03:13:08.310157: Current learning rate: 0.00858
2026-06-16 03:13:30.735162: train_loss -0.594
2026-06-16 03:13:30.737731: val_loss -0.5397
2026-06-16 03:13:30.739302: Pseudo dice [0.5493]
2026-06-16 03:13:30.740851: Epoch time: 22.43 s
2026-06-16 03:13:31.655168: 
2026-06-16 03:13:31.657535: Epoch 157
2026-06-16 03:13:31.659621: Current learning rate: 0.00858
2026-06-16 03:13:54.143352: train_loss -0.589
2026-06-16 03:13:54.146898: val_loss -0.4753
2026-06-16 03:13:54.148820: Pseudo dice [0.4884]
2026-06-16 03:13:54.150575: Epoch time: 22.49 s
2026-06-16 03:13:55.068910: 
2026-06-16 03:13:55.071029: Epoch 158
2026-06-16 03:13:55.073730: Current learning rate: 0.00857
2026-06-16 03:14:17.575240: train_loss -0.5743
2026-06-16 03:14:17.577929: val_loss -0.534
2026-06-16 03:14:17.579309: Pseudo dice [0.5398]
2026-06-16 03:14:17.580865: Epoch time: 22.51 s
2026-06-16 03:14:18.497431: 
2026-06-16 03:14:18.499261: Epoch 159
2026-06-16 03:14:18.500687: Current learning rate: 0.00856
2026-06-16 03:14:40.907345: train_loss -0.5831
2026-06-16 03:14:40.910080: val_loss -0.5547
2026-06-16 03:14:40.911550: Pseudo dice [0.5672]
2026-06-16 03:14:40.913051: Epoch time: 22.41 s
2026-06-16 03:14:41.845456: 
2026-06-16 03:14:41.847074: Epoch 160
2026-06-16 03:14:41.848511: Current learning rate: 0.00855
2026-06-16 03:15:04.187059: train_loss -0.6031
2026-06-16 03:15:04.190812: val_loss -0.5419
2026-06-16 03:15:04.192558: Pseudo dice [0.5392]
2026-06-16 03:15:04.193969: Epoch time: 22.34 s
2026-06-16 03:15:05.119214: 
2026-06-16 03:15:05.121179: Epoch 161
2026-06-16 03:15:05.122733: Current learning rate: 0.00854
2026-06-16 03:15:27.702746: train_loss -0.57
2026-06-16 03:15:27.705583: val_loss -0.5696
2026-06-16 03:15:27.707179: Pseudo dice [0.5879]
2026-06-16 03:15:27.708593: Epoch time: 22.58 s
2026-06-16 03:15:27.710151: Yayy! New best EMA pseudo Dice: 0.5377
2026-06-16 03:15:29.157595: 
2026-06-16 03:15:29.159345: Epoch 162
2026-06-16 03:15:29.160929: Current learning rate: 0.00853
2026-06-16 03:15:51.654081: train_loss -0.5934
2026-06-16 03:15:51.656718: val_loss -0.5186
2026-06-16 03:15:51.658132: Pseudo dice [0.562]
2026-06-16 03:15:51.659718: Epoch time: 22.5 s
2026-06-16 03:15:51.661186: Yayy! New best EMA pseudo Dice: 0.5402
2026-06-16 03:15:53.073039: 
2026-06-16 03:15:53.074582: Epoch 163
2026-06-16 03:15:53.076137: Current learning rate: 0.00852
2026-06-16 03:16:15.442606: train_loss -0.6019
2026-06-16 03:16:15.445808: val_loss -0.5544
2026-06-16 03:16:15.447400: Pseudo dice [0.5789]
2026-06-16 03:16:15.448957: Epoch time: 22.37 s
2026-06-16 03:16:15.450550: Yayy! New best EMA pseudo Dice: 0.544
2026-06-16 03:16:16.863734: 
2026-06-16 03:16:16.865538: Epoch 164
2026-06-16 03:16:16.867038: Current learning rate: 0.00851
2026-06-16 03:16:39.228957: train_loss -0.5906
2026-06-16 03:16:39.232377: val_loss -0.554
2026-06-16 03:16:39.233861: Pseudo dice [0.5418]
2026-06-16 03:16:39.235368: Epoch time: 22.37 s
2026-06-16 03:16:40.176757: 
2026-06-16 03:16:40.178325: Epoch 165
2026-06-16 03:16:40.179608: Current learning rate: 0.0085
2026-06-16 03:17:11.622067: train_loss -0.5992
2026-06-16 03:17:11.625674: val_loss -0.4803
2026-06-16 03:17:11.627087: Pseudo dice [0.5195]
2026-06-16 03:17:11.628528: Epoch time: 31.45 s
2026-06-16 03:17:12.547119: 
2026-06-16 03:17:12.548621: Epoch 166
2026-06-16 03:17:12.550022: Current learning rate: 0.00849
2026-06-16 03:17:35.182201: train_loss -0.5387
2026-06-16 03:17:35.184826: val_loss -0.516
2026-06-16 03:17:35.186261: Pseudo dice [0.5454]
2026-06-16 03:17:35.187611: Epoch time: 22.64 s
2026-06-16 03:17:36.109226: 
2026-06-16 03:17:36.110723: Epoch 167
2026-06-16 03:17:36.112145: Current learning rate: 0.00848
2026-06-16 03:17:58.563148: train_loss -0.5406
2026-06-16 03:17:58.566965: val_loss -0.575
2026-06-16 03:17:58.569633: Pseudo dice [0.5655]
2026-06-16 03:17:58.572199: Epoch time: 22.45 s
2026-06-16 03:17:58.573885: Yayy! New best EMA pseudo Dice: 0.5442
2026-06-16 03:17:59.995855: 
2026-06-16 03:17:59.997472: Epoch 168
2026-06-16 03:17:59.998761: Current learning rate: 0.00847
2026-06-16 03:18:22.451998: train_loss -0.5964
2026-06-16 03:18:22.457603: val_loss -0.5203
2026-06-16 03:18:22.459640: Pseudo dice [0.5265]
2026-06-16 03:18:22.461169: Epoch time: 22.46 s
2026-06-16 03:18:23.394016: 
2026-06-16 03:18:23.395433: Epoch 169
2026-06-16 03:18:23.396825: Current learning rate: 0.00847
2026-06-16 03:18:45.856529: train_loss -0.5944
2026-06-16 03:18:45.859150: val_loss -0.5339
2026-06-16 03:18:45.860637: Pseudo dice [0.5588]
2026-06-16 03:18:45.862172: Epoch time: 22.46 s
2026-06-16 03:18:47.331684: 
2026-06-16 03:18:47.333521: Epoch 170
2026-06-16 03:18:47.334965: Current learning rate: 0.00846
2026-06-16 03:19:09.821047: train_loss -0.5742
2026-06-16 03:19:09.823807: val_loss -0.4821
2026-06-16 03:19:09.825294: Pseudo dice [0.4922]
2026-06-16 03:19:09.826726: Epoch time: 22.49 s
2026-06-16 03:19:10.747856: 
2026-06-16 03:19:10.749720: Epoch 171
2026-06-16 03:19:10.751201: Current learning rate: 0.00845
2026-06-16 03:19:33.303947: train_loss -0.5951
2026-06-16 03:19:33.307317: val_loss -0.4971
2026-06-16 03:19:33.308956: Pseudo dice [0.5151]
2026-06-16 03:19:33.310438: Epoch time: 22.56 s
2026-06-16 03:19:34.230736: 
2026-06-16 03:19:34.232317: Epoch 172
2026-06-16 03:19:34.233915: Current learning rate: 0.00844
2026-06-16 03:19:56.718846: train_loss -0.5986
2026-06-16 03:19:56.722545: val_loss -0.5299
2026-06-16 03:19:56.723930: Pseudo dice [0.556]
2026-06-16 03:19:56.725286: Epoch time: 22.49 s
2026-06-16 03:19:57.654742: 
2026-06-16 03:19:57.656312: Epoch 173
2026-06-16 03:19:57.657839: Current learning rate: 0.00843
2026-06-16 03:20:20.193277: train_loss -0.5762
2026-06-16 03:20:20.195899: val_loss -0.4834
2026-06-16 03:20:20.197300: Pseudo dice [0.4846]
2026-06-16 03:20:20.198738: Epoch time: 22.54 s
2026-06-16 03:20:21.166960: 
2026-06-16 03:20:21.168603: Epoch 174
2026-06-16 03:20:21.170162: Current learning rate: 0.00842
2026-06-16 03:20:43.577404: train_loss -0.6007
2026-06-16 03:20:43.580122: val_loss -0.516
2026-06-16 03:20:43.581464: Pseudo dice [0.5283]
2026-06-16 03:20:43.582853: Epoch time: 22.41 s
2026-06-16 03:20:44.507765: 
2026-06-16 03:20:44.509265: Epoch 175
2026-06-16 03:20:44.510730: Current learning rate: 0.00841
2026-06-16 03:21:07.288275: train_loss -0.5877
2026-06-16 03:21:07.291436: val_loss -0.534
2026-06-16 03:21:07.292927: Pseudo dice [0.5526]
2026-06-16 03:21:07.294432: Epoch time: 22.78 s
2026-06-16 03:21:08.235728: 
2026-06-16 03:21:08.237228: Epoch 176
2026-06-16 03:21:08.238746: Current learning rate: 0.0084
2026-06-16 03:21:30.602304: train_loss -0.5994
2026-06-16 03:21:30.606074: val_loss -0.511
2026-06-16 03:21:30.607517: Pseudo dice [0.5232]
2026-06-16 03:21:30.609000: Epoch time: 22.37 s
2026-06-16 03:21:31.536083: 
2026-06-16 03:21:31.537569: Epoch 177
2026-06-16 03:21:31.539052: Current learning rate: 0.00839
2026-06-16 03:21:53.975874: train_loss -0.6096
2026-06-16 03:21:53.978426: val_loss -0.5596
2026-06-16 03:21:53.979961: Pseudo dice [0.5663]
2026-06-16 03:21:53.981365: Epoch time: 22.44 s
2026-06-16 03:21:54.915548: 
2026-06-16 03:21:54.917102: Epoch 178
2026-06-16 03:21:54.918498: Current learning rate: 0.00838
2026-06-16 03:22:17.367777: train_loss -0.6212
2026-06-16 03:22:17.370471: val_loss -0.535
2026-06-16 03:22:17.371795: Pseudo dice [0.5658]
2026-06-16 03:22:17.373158: Epoch time: 22.45 s
2026-06-16 03:22:18.313197: 
2026-06-16 03:22:18.314704: Epoch 179
2026-06-16 03:22:18.316106: Current learning rate: 0.00837
2026-06-16 03:22:40.853705: train_loss -0.5989
2026-06-16 03:22:40.858009: val_loss -0.454
2026-06-16 03:22:40.859946: Pseudo dice [0.4707]
2026-06-16 03:22:40.861682: Epoch time: 22.54 s
2026-06-16 03:22:41.775314: 
2026-06-16 03:22:41.776840: Epoch 180
2026-06-16 03:22:41.778270: Current learning rate: 0.00836
2026-06-16 03:23:04.196298: train_loss -0.6119
2026-06-16 03:23:04.199337: val_loss -0.5274
2026-06-16 03:23:04.200624: Pseudo dice [0.5549]
2026-06-16 03:23:04.201914: Epoch time: 22.42 s
2026-06-16 03:23:05.124203: 
2026-06-16 03:23:05.125622: Epoch 181
2026-06-16 03:23:05.127023: Current learning rate: 0.00836
2026-06-16 03:23:27.556815: train_loss -0.6235
2026-06-16 03:23:27.559323: val_loss -0.5574
2026-06-16 03:23:27.560771: Pseudo dice [0.5679]
2026-06-16 03:23:27.562268: Epoch time: 22.43 s
2026-06-16 03:23:28.492653: 
2026-06-16 03:23:28.494274: Epoch 182
2026-06-16 03:23:28.495763: Current learning rate: 0.00835
2026-06-16 03:23:50.839806: train_loss -0.6102
2026-06-16 03:23:50.843261: val_loss -0.5392
2026-06-16 03:23:50.844760: Pseudo dice [0.5798]
2026-06-16 03:23:50.846266: Epoch time: 22.35 s
2026-06-16 03:23:51.779483: 
2026-06-16 03:23:51.781116: Epoch 183
2026-06-16 03:23:51.782861: Current learning rate: 0.00834
2026-06-16 03:24:14.278996: train_loss -0.5935
2026-06-16 03:24:14.281771: val_loss -0.4939
2026-06-16 03:24:14.283454: Pseudo dice [0.5269]
2026-06-16 03:24:14.285109: Epoch time: 22.5 s
2026-06-16 03:24:15.208670: 
2026-06-16 03:24:15.210147: Epoch 184
2026-06-16 03:24:15.211733: Current learning rate: 0.00833
2026-06-16 03:24:37.651965: train_loss -0.6017
2026-06-16 03:24:37.654531: val_loss -0.5686
2026-06-16 03:24:37.655975: Pseudo dice [0.5793]
2026-06-16 03:24:37.657576: Epoch time: 22.44 s
2026-06-16 03:24:37.659139: Yayy! New best EMA pseudo Dice: 0.5447
2026-06-16 03:24:39.084276: 
2026-06-16 03:24:39.086391: Epoch 185
2026-06-16 03:24:39.087908: Current learning rate: 0.00832
2026-06-16 03:25:01.416433: train_loss -0.6017
2026-06-16 03:25:01.420573: val_loss -0.478
2026-06-16 03:25:01.422343: Pseudo dice [0.476]
2026-06-16 03:25:01.423834: Epoch time: 22.33 s
2026-06-16 03:25:02.351938: 
2026-06-16 03:25:02.353374: Epoch 186
2026-06-16 03:25:02.354750: Current learning rate: 0.00831
2026-06-16 03:25:24.752167: train_loss -0.5711
2026-06-16 03:25:24.755193: val_loss -0.5048
2026-06-16 03:25:24.756699: Pseudo dice [0.5343]
2026-06-16 03:25:24.758080: Epoch time: 22.4 s
2026-06-16 03:25:26.255948: 
2026-06-16 03:25:26.257498: Epoch 187
2026-06-16 03:25:26.258799: Current learning rate: 0.0083
2026-06-16 03:25:48.845102: train_loss -0.5955
2026-06-16 03:25:48.847614: val_loss -0.5342
2026-06-16 03:25:48.848953: Pseudo dice [0.5669]
2026-06-16 03:25:48.850430: Epoch time: 22.59 s
2026-06-16 03:25:49.768999: 
2026-06-16 03:25:49.770658: Epoch 188
2026-06-16 03:25:49.772075: Current learning rate: 0.00829
2026-06-16 03:26:12.308994: train_loss -0.6136
2026-06-16 03:26:12.312507: val_loss -0.5449
2026-06-16 03:26:12.313840: Pseudo dice [0.5572]
2026-06-16 03:26:12.315279: Epoch time: 22.54 s
2026-06-16 03:26:13.233025: 
2026-06-16 03:26:13.234636: Epoch 189
2026-06-16 03:26:13.236079: Current learning rate: 0.00828
2026-06-16 03:26:35.716756: train_loss -0.5861
2026-06-16 03:26:35.774987: val_loss -0.5074
2026-06-16 03:26:35.777078: Pseudo dice [0.5013]
2026-06-16 03:26:35.778519: Epoch time: 22.48 s
2026-06-16 03:26:36.684181: 
2026-06-16 03:26:36.685628: Epoch 190
2026-06-16 03:26:36.686930: Current learning rate: 0.00827
2026-06-16 03:27:30.119599: train_loss -0.5942
2026-06-16 03:27:30.123455: val_loss -0.5125
2026-06-16 03:27:30.125054: Pseudo dice [0.5196]
2026-06-16 03:27:30.126758: Epoch time: 53.44 s
2026-06-16 03:27:31.091620: 
2026-06-16 03:27:31.093094: Epoch 191
2026-06-16 03:27:31.094353: Current learning rate: 0.00826
2026-06-16 03:28:42.462511: train_loss -0.5894
2026-06-16 03:28:42.465934: val_loss -0.4857
2026-06-16 03:28:42.467500: Pseudo dice [0.5252]
2026-06-16 03:28:42.468931: Epoch time: 71.37 s
2026-06-16 03:28:43.399415: 
2026-06-16 03:28:43.400877: Epoch 192
2026-06-16 03:28:43.402258: Current learning rate: 0.00825
2026-06-16 03:30:18.770852: train_loss -0.6074
2026-06-16 03:30:18.775260: val_loss -0.5452
2026-06-16 03:30:18.776647: Pseudo dice [0.5673]
2026-06-16 03:30:18.778135: Epoch time: 95.37 s
2026-06-16 03:30:19.765878: 
2026-06-16 03:30:19.767511: Epoch 193
2026-06-16 03:30:19.768856: Current learning rate: 0.00824
2026-06-16 03:31:15.967067: train_loss -0.5893
2026-06-16 03:31:15.972486: val_loss -0.5051
2026-06-16 03:31:15.973974: Pseudo dice [0.5367]
2026-06-16 03:31:15.976393: Epoch time: 56.2 s
2026-06-16 03:31:16.908936: 
2026-06-16 03:31:16.910540: Epoch 194
2026-06-16 03:31:16.911968: Current learning rate: 0.00824
2026-06-16 03:32:32.883229: train_loss -0.578
2026-06-16 03:32:32.887161: val_loss -0.5535
2026-06-16 03:32:32.888776: Pseudo dice [0.548]
2026-06-16 03:32:32.890338: Epoch time: 75.98 s
2026-06-16 03:32:33.873637: 
2026-06-16 03:32:33.876691: Epoch 195
2026-06-16 03:32:33.878109: Current learning rate: 0.00823
2026-06-16 03:33:23.739374: train_loss -0.5949
2026-06-16 03:33:23.741994: val_loss -0.4715
2026-06-16 03:33:23.743457: Pseudo dice [0.5073]
2026-06-16 03:33:23.744950: Epoch time: 49.87 s
2026-06-16 03:33:24.678861: 
2026-06-16 03:33:24.681097: Epoch 196
2026-06-16 03:33:24.682531: Current learning rate: 0.00822
2026-06-16 03:34:56.267400: train_loss -0.6053
2026-06-16 03:34:56.270684: val_loss -0.4993
2026-06-16 03:34:56.271998: Pseudo dice [0.5215]
2026-06-16 03:34:56.273375: Epoch time: 91.59 s
2026-06-16 03:34:57.208532: 
2026-06-16 03:34:57.210138: Epoch 197
2026-06-16 03:34:57.211624: Current learning rate: 0.00821
2026-06-16 03:35:46.823492: train_loss -0.6109
2026-06-16 03:35:46.826065: val_loss -0.5236
2026-06-16 03:35:46.827501: Pseudo dice [0.5352]
2026-06-16 03:35:46.829105: Epoch time: 49.62 s
2026-06-16 03:35:47.993900: 
2026-06-16 03:35:47.995485: Epoch 198
2026-06-16 03:35:47.996912: Current learning rate: 0.0082
2026-06-16 03:36:52.114275: train_loss -0.6084
2026-06-16 03:36:52.117952: val_loss -0.5091
2026-06-16 03:36:52.119595: Pseudo dice [0.5265]
2026-06-16 03:36:52.121315: Epoch time: 64.12 s
2026-06-16 03:36:53.115708: 
2026-06-16 03:36:53.117417: Epoch 199
2026-06-16 03:36:53.118955: Current learning rate: 0.00819
2026-06-16 03:37:36.288897: train_loss -0.6061
2026-06-16 03:37:36.291727: val_loss -0.5487
2026-06-16 03:37:36.293275: Pseudo dice [0.5705]
2026-06-16 03:37:36.294665: Epoch time: 43.17 s
2026-06-16 03:37:37.816889: 
2026-06-16 03:37:37.818313: Epoch 200
2026-06-16 03:37:37.819669: Current learning rate: 0.00818
2026-06-16 03:39:04.381110: train_loss -0.6072
2026-06-16 03:39:04.384534: val_loss -0.5396
2026-06-16 03:39:04.386029: Pseudo dice [0.5578]
2026-06-16 03:39:04.387393: Epoch time: 86.57 s
2026-06-16 03:39:05.314244: 
2026-06-16 03:39:05.315750: Epoch 201
2026-06-16 03:39:05.317051: Current learning rate: 0.00817
2026-06-16 03:39:41.578889: train_loss -0.6376
2026-06-16 03:39:41.582031: val_loss -0.553
2026-06-16 03:39:41.583509: Pseudo dice [0.5573]
2026-06-16 03:39:41.584888: Epoch time: 36.27 s
2026-06-16 03:39:42.573149: 
2026-06-16 03:39:42.574919: Epoch 202
2026-06-16 03:39:42.576653: Current learning rate: 0.00816
2026-06-16 03:40:54.048106: train_loss -0.6149
2026-06-16 03:40:54.051415: val_loss -0.5481
2026-06-16 03:40:54.052930: Pseudo dice [0.5555]
2026-06-16 03:40:54.054315: Epoch time: 71.48 s
2026-06-16 03:40:54.994327: 
2026-06-16 03:40:54.995838: Epoch 203
2026-06-16 03:40:54.997295: Current learning rate: 0.00815
2026-06-16 03:42:27.536618: train_loss -0.6179
2026-06-16 03:42:27.540768: val_loss -0.4821
2026-06-16 03:42:27.542252: Pseudo dice [0.5157]
2026-06-16 03:42:27.543812: Epoch time: 92.54 s
2026-06-16 03:42:29.071665: 
2026-06-16 03:42:29.073224: Epoch 204
2026-06-16 03:42:29.074652: Current learning rate: 0.00814
2026-06-16 03:42:53.544654: train_loss -0.6182
2026-06-16 03:42:53.547394: val_loss -0.5181
2026-06-16 03:42:53.548925: Pseudo dice [0.5501]
2026-06-16 03:42:53.550463: Epoch time: 24.47 s
2026-06-16 03:42:54.483024: 
2026-06-16 03:42:54.484590: Epoch 205
2026-06-16 03:42:54.486282: Current learning rate: 0.00813
2026-06-16 03:43:36.375315: train_loss -0.6077
2026-06-16 03:43:36.378802: val_loss -0.4951
2026-06-16 03:43:36.380218: Pseudo dice [0.5023]
2026-06-16 03:43:36.381543: Epoch time: 41.89 s
2026-06-16 03:43:37.270382: 
2026-06-16 03:43:37.271835: Epoch 206
2026-06-16 03:43:37.273348: Current learning rate: 0.00813
2026-06-16 03:44:01.372101: train_loss -0.5923
2026-06-16 03:44:01.374763: val_loss -0.504
2026-06-16 03:44:01.376198: Pseudo dice [0.536]
2026-06-16 03:44:01.377913: Epoch time: 24.1 s
2026-06-16 03:44:02.343505: 
2026-06-16 03:44:02.345124: Epoch 207
2026-06-16 03:44:02.347663: Current learning rate: 0.00812
2026-06-16 03:44:56.253161: train_loss -0.5961
2026-06-16 03:44:56.256681: val_loss -0.5355
2026-06-16 03:44:56.258137: Pseudo dice [0.5363]
2026-06-16 03:44:56.259548: Epoch time: 53.91 s
2026-06-16 03:44:57.172649: 
2026-06-16 03:44:57.174127: Epoch 208
2026-06-16 03:44:57.175612: Current learning rate: 0.00811
2026-06-16 03:45:57.714979: train_loss -0.6076
2026-06-16 03:45:57.718572: val_loss -0.5584
2026-06-16 03:45:57.720108: Pseudo dice [0.5944]
2026-06-16 03:45:57.721462: Epoch time: 60.54 s
2026-06-16 03:45:58.753727: 
2026-06-16 03:45:58.755564: Epoch 209
2026-06-16 03:45:58.757227: Current learning rate: 0.0081
2026-06-16 03:47:05.404344: train_loss -0.6152
2026-06-16 03:47:05.407741: val_loss -0.5225
2026-06-16 03:47:05.409162: Pseudo dice [0.5293]
2026-06-16 03:47:05.410656: Epoch time: 66.65 s
2026-06-16 03:47:06.387409: 
2026-06-16 03:47:06.389486: Epoch 210
2026-06-16 03:47:06.391125: Current learning rate: 0.00809
2026-06-16 03:47:44.030668: train_loss -0.6031
2026-06-16 03:47:44.033209: val_loss -0.5047
2026-06-16 03:47:44.034692: Pseudo dice [0.5275]
2026-06-16 03:47:44.036214: Epoch time: 37.64 s
2026-06-16 03:47:44.947649: 
2026-06-16 03:47:44.949144: Epoch 211
2026-06-16 03:47:44.950514: Current learning rate: 0.00808
2026-06-16 03:48:37.674187: train_loss -0.6283
2026-06-16 03:48:37.677514: val_loss -0.5382
2026-06-16 03:48:37.679016: Pseudo dice [0.5579]
2026-06-16 03:48:37.680375: Epoch time: 52.73 s
2026-06-16 03:48:38.735358: 
2026-06-16 03:48:38.737323: Epoch 212
2026-06-16 03:48:38.738713: Current learning rate: 0.00807
2026-06-16 03:49:46.544063: train_loss -0.5902
2026-06-16 03:49:46.547545: val_loss -0.5027
2026-06-16 03:49:46.549133: Pseudo dice [0.5393]
2026-06-16 03:49:46.550558: Epoch time: 67.81 s
2026-06-16 03:49:47.453966: 
2026-06-16 03:49:47.455428: Epoch 213
2026-06-16 03:49:47.456818: Current learning rate: 0.00806
2026-06-16 03:50:41.907689: train_loss -0.5994
2026-06-16 03:50:41.910333: val_loss -0.5484
2026-06-16 03:50:41.911792: Pseudo dice [0.5552]
2026-06-16 03:50:41.913207: Epoch time: 54.45 s
2026-06-16 03:50:42.812441: 
2026-06-16 03:50:42.814109: Epoch 214
2026-06-16 03:50:42.815451: Current learning rate: 0.00805
2026-06-16 03:52:05.103063: train_loss -0.596
2026-06-16 03:52:05.106823: val_loss -0.4945
2026-06-16 03:52:05.108179: Pseudo dice [0.5504]
2026-06-16 03:52:05.109553: Epoch time: 82.29 s
2026-06-16 03:52:06.008569: 
2026-06-16 03:52:06.009980: Epoch 215
2026-06-16 03:52:06.011360: Current learning rate: 0.00804
2026-06-16 03:52:36.143170: train_loss -0.6132
2026-06-16 03:52:36.146525: val_loss -0.4576
2026-06-16 03:52:36.147944: Pseudo dice [0.5182]
2026-06-16 03:52:36.149181: Epoch time: 30.14 s
2026-06-16 03:52:37.056559: 
2026-06-16 03:52:37.058103: Epoch 216
2026-06-16 03:52:37.059474: Current learning rate: 0.00803
2026-06-16 03:54:51.112356: train_loss -0.6107
2026-06-16 03:54:51.116154: val_loss -0.5002
2026-06-16 03:54:51.117634: Pseudo dice [0.5361]
2026-06-16 03:54:51.119095: Epoch time: 134.06 s
2026-06-16 03:54:52.045842: 
2026-06-16 03:54:52.047350: Epoch 217
2026-06-16 03:54:52.048809: Current learning rate: 0.00802
2026-06-16 03:55:38.652684: train_loss -0.6247
2026-06-16 03:55:38.655205: val_loss -0.5362
2026-06-16 03:55:38.656651: Pseudo dice [0.5503]
2026-06-16 03:55:38.658034: Epoch time: 46.61 s
2026-06-16 03:55:39.560194: 
2026-06-16 03:55:39.568247: Epoch 218
2026-06-16 03:55:39.569658: Current learning rate: 0.00801
2026-06-16 03:56:33.367707: train_loss -0.5964
2026-06-16 03:56:33.371390: val_loss -0.5356
2026-06-16 03:56:33.372837: Pseudo dice [0.5527]
2026-06-16 03:56:33.374203: Epoch time: 53.81 s
2026-06-16 03:56:34.280668: 
2026-06-16 03:56:34.282254: Epoch 219
2026-06-16 03:56:34.283630: Current learning rate: 0.00801
2026-06-16 03:56:56.613651: train_loss -0.6152
2026-06-16 03:56:56.616247: val_loss -0.5665
2026-06-16 03:56:56.617717: Pseudo dice [0.5835]
2026-06-16 03:56:56.619203: Epoch time: 22.33 s
2026-06-16 03:56:56.620647: Yayy! New best EMA pseudo Dice: 0.5468
2026-06-16 03:56:58.004209: 
2026-06-16 03:56:58.005759: Epoch 220
2026-06-16 03:56:58.007113: Current learning rate: 0.008
2026-06-16 03:57:20.341145: train_loss -0.6175
2026-06-16 03:57:20.343778: val_loss -0.4773
2026-06-16 03:57:20.345316: Pseudo dice [0.4505]
2026-06-16 03:57:20.346702: Epoch time: 22.34 s
2026-06-16 03:57:21.249909: 
2026-06-16 03:57:21.251570: Epoch 221
2026-06-16 03:57:21.253036: Current learning rate: 0.00799
2026-06-16 03:57:43.629496: train_loss -0.6023
2026-06-16 03:57:43.633840: val_loss -0.4739
2026-06-16 03:57:43.635318: Pseudo dice [0.5342]
2026-06-16 03:57:43.636626: Epoch time: 22.38 s
2026-06-16 03:57:45.075495: 
2026-06-16 03:57:45.077102: Epoch 222
2026-06-16 03:57:45.078559: Current learning rate: 0.00798
2026-06-16 03:58:07.592995: train_loss -0.6254
2026-06-16 03:58:07.595528: val_loss -0.5302
2026-06-16 03:58:07.596925: Pseudo dice [0.5706]
2026-06-16 03:58:07.598383: Epoch time: 22.52 s
2026-06-16 03:58:08.493551: 
2026-06-16 03:58:08.495016: Epoch 223
2026-06-16 03:58:08.496443: Current learning rate: 0.00797
2026-06-16 03:58:30.957317: train_loss -0.6088
2026-06-16 03:58:30.959811: val_loss -0.527
2026-06-16 03:58:30.961158: Pseudo dice [0.5645]
2026-06-16 03:58:30.962522: Epoch time: 22.46 s
2026-06-16 03:58:31.864001: 
2026-06-16 03:58:31.865509: Epoch 224
2026-06-16 03:58:31.866796: Current learning rate: 0.00796
2026-06-16 03:58:54.389768: train_loss -0.6212
2026-06-16 03:58:54.392924: val_loss -0.5557
2026-06-16 03:58:54.394427: Pseudo dice [0.5659]
2026-06-16 03:58:54.395979: Epoch time: 22.53 s
2026-06-16 03:58:55.291296: 
2026-06-16 03:58:55.292807: Epoch 225
2026-06-16 03:58:55.294091: Current learning rate: 0.00795
2026-06-16 03:59:17.698205: train_loss -0.5993
2026-06-16 03:59:17.700963: val_loss -0.4836
2026-06-16 03:59:17.702491: Pseudo dice [0.5082]
2026-06-16 03:59:17.704087: Epoch time: 22.41 s
2026-06-16 03:59:18.600760: 
2026-06-16 03:59:18.602621: Epoch 226
2026-06-16 03:59:18.604458: Current learning rate: 0.00794
2026-06-16 03:59:40.936525: train_loss -0.624
2026-06-16 03:59:40.939353: val_loss -0.5474
2026-06-16 03:59:40.940823: Pseudo dice [0.5554]
2026-06-16 03:59:40.942497: Epoch time: 22.34 s
2026-06-16 03:59:41.839465: 
2026-06-16 03:59:41.841022: Epoch 227
2026-06-16 03:59:41.842548: Current learning rate: 0.00793
2026-06-16 04:00:04.265961: train_loss -0.6132
2026-06-16 04:00:04.269310: val_loss -0.5326
2026-06-16 04:00:04.270850: Pseudo dice [0.5616]
2026-06-16 04:00:04.272359: Epoch time: 22.43 s
2026-06-16 04:00:05.172755: 
2026-06-16 04:00:05.174282: Epoch 228
2026-06-16 04:00:05.175569: Current learning rate: 0.00792
2026-06-16 04:00:27.672044: train_loss -0.608
2026-06-16 04:00:27.674525: val_loss -0.5356
2026-06-16 04:00:27.675812: Pseudo dice [0.5491]
2026-06-16 04:00:27.677162: Epoch time: 22.5 s
2026-06-16 04:00:28.569786: 
2026-06-16 04:00:28.571464: Epoch 229
2026-06-16 04:00:28.572863: Current learning rate: 0.00791
2026-06-16 04:00:51.021766: train_loss -0.6089
2026-06-16 04:00:51.024279: val_loss -0.567
2026-06-16 04:00:51.025663: Pseudo dice [0.5662]
2026-06-16 04:00:51.027102: Epoch time: 22.45 s
2026-06-16 04:00:51.028452: Yayy! New best EMA pseudo Dice: 0.5472
2026-06-16 04:00:52.403695: 
2026-06-16 04:00:52.405134: Epoch 230
2026-06-16 04:00:52.406563: Current learning rate: 0.0079
2026-06-16 04:01:14.747861: train_loss -0.606
2026-06-16 04:01:14.753999: val_loss -0.5305
2026-06-16 04:01:14.756716: Pseudo dice [0.5487]
2026-06-16 04:01:14.759263: Epoch time: 22.35 s
2026-06-16 04:01:14.760858: Yayy! New best EMA pseudo Dice: 0.5473
2026-06-16 04:01:16.153604: 
2026-06-16 04:01:16.155189: Epoch 231
2026-06-16 04:01:16.156758: Current learning rate: 0.00789
2026-06-16 04:01:38.431893: train_loss -0.6127
2026-06-16 04:01:38.434479: val_loss -0.5475
2026-06-16 04:01:38.435839: Pseudo dice [0.5396]
2026-06-16 04:01:38.437195: Epoch time: 22.28 s
2026-06-16 04:01:39.342268: 
2026-06-16 04:01:39.343854: Epoch 232
2026-06-16 04:01:39.345253: Current learning rate: 0.00789
2026-06-16 04:02:01.716952: train_loss -0.6192
2026-06-16 04:02:01.719310: val_loss -0.5221
2026-06-16 04:02:01.720722: Pseudo dice [0.5492]
2026-06-16 04:02:01.722133: Epoch time: 22.38 s
2026-06-16 04:02:02.619829: 
2026-06-16 04:02:02.621260: Epoch 233
2026-06-16 04:02:02.622747: Current learning rate: 0.00788
2026-06-16 04:02:25.085837: train_loss -0.6069
2026-06-16 04:02:25.089399: val_loss -0.5038
2026-06-16 04:02:25.090846: Pseudo dice [0.5543]
2026-06-16 04:02:25.092166: Epoch time: 22.47 s
2026-06-16 04:02:25.093584: Yayy! New best EMA pseudo Dice: 0.5476
2026-06-16 04:02:26.474547: 
2026-06-16 04:02:26.476002: Epoch 234
2026-06-16 04:02:26.477415: Current learning rate: 0.00787
2026-06-16 04:02:48.867333: train_loss -0.6252
2026-06-16 04:02:48.869199: val_loss -0.5174
2026-06-16 04:02:48.870567: Pseudo dice [0.5374]
2026-06-16 04:02:48.871983: Epoch time: 22.39 s
2026-06-16 04:02:49.755908: 
2026-06-16 04:02:49.757482: Epoch 235
2026-06-16 04:02:49.759043: Current learning rate: 0.00786
2026-06-16 04:03:12.145149: train_loss -0.6083
2026-06-16 04:03:12.148820: val_loss -0.5176
2026-06-16 04:03:12.150496: Pseudo dice [0.5489]
2026-06-16 04:03:12.151839: Epoch time: 22.39 s
2026-06-16 04:03:13.047650: 
2026-06-16 04:03:13.049133: Epoch 236
2026-06-16 04:03:13.050557: Current learning rate: 0.00785
2026-06-16 04:03:35.422540: train_loss -0.5983
2026-06-16 04:03:35.425417: val_loss -0.525
2026-06-16 04:03:35.426774: Pseudo dice [0.5529]
2026-06-16 04:03:35.428191: Epoch time: 22.38 s
2026-06-16 04:03:36.940462: 
2026-06-16 04:03:36.941959: Epoch 237
2026-06-16 04:03:36.943275: Current learning rate: 0.00784
2026-06-16 04:03:59.161094: train_loss -0.611
2026-06-16 04:03:59.164302: val_loss -0.5232
2026-06-16 04:03:59.165666: Pseudo dice [0.5222]
2026-06-16 04:03:59.167001: Epoch time: 22.22 s
2026-06-16 04:04:00.068801: 
2026-06-16 04:04:00.070308: Epoch 238
2026-06-16 04:04:00.071688: Current learning rate: 0.00783
2026-06-16 04:04:22.374351: train_loss -0.5957
2026-06-16 04:04:22.378027: val_loss -0.5451
2026-06-16 04:04:22.379576: Pseudo dice [0.5508]
2026-06-16 04:04:22.380886: Epoch time: 22.31 s
2026-06-16 04:04:23.285114: 
2026-06-16 04:04:23.286697: Epoch 239
2026-06-16 04:04:23.288025: Current learning rate: 0.00782
2026-06-16 04:04:45.587007: train_loss -0.6027
2026-06-16 04:04:45.589954: val_loss -0.5648
2026-06-16 04:04:45.591457: Pseudo dice [0.5753]
2026-06-16 04:04:45.592884: Epoch time: 22.3 s
2026-06-16 04:04:45.594295: Yayy! New best EMA pseudo Dice: 0.5484
2026-06-16 04:04:47.521815: 
2026-06-16 04:04:47.523208: Epoch 240
2026-06-16 04:04:47.524540: Current learning rate: 0.00781
2026-06-16 04:05:10.059481: train_loss -0.619
2026-06-16 04:05:10.062479: val_loss -0.5546
2026-06-16 04:05:10.063985: Pseudo dice [0.5677]
2026-06-16 04:05:10.065357: Epoch time: 22.54 s
2026-06-16 04:05:10.066744: Yayy! New best EMA pseudo Dice: 0.5504
2026-06-16 04:05:11.446857: 
2026-06-16 04:05:11.448441: Epoch 241
2026-06-16 04:05:11.449790: Current learning rate: 0.0078
2026-06-16 04:05:33.906704: train_loss -0.6209
2026-06-16 04:05:33.910299: val_loss -0.5184
2026-06-16 04:05:33.911690: Pseudo dice [0.5407]
2026-06-16 04:05:33.913094: Epoch time: 22.46 s
2026-06-16 04:05:34.819893: 
2026-06-16 04:05:34.821893: Epoch 242
2026-06-16 04:05:34.823267: Current learning rate: 0.00779
2026-06-16 04:05:57.091583: train_loss -0.6424
2026-06-16 04:05:57.094757: val_loss -0.585
2026-06-16 04:05:57.096116: Pseudo dice [0.5984]
2026-06-16 04:05:57.097463: Epoch time: 22.27 s
2026-06-16 04:05:57.098857: Yayy! New best EMA pseudo Dice: 0.5543
2026-06-16 04:05:58.480712: 
2026-06-16 04:05:58.482424: Epoch 243
2026-06-16 04:05:58.483835: Current learning rate: 0.00778
2026-06-16 04:06:20.835051: train_loss -0.6262
2026-06-16 04:06:20.838039: val_loss -0.515
2026-06-16 04:06:20.839568: Pseudo dice [0.5326]
2026-06-16 04:06:20.841189: Epoch time: 22.36 s
2026-06-16 04:06:21.743095: 
2026-06-16 04:06:21.744827: Epoch 244
2026-06-16 04:06:21.746183: Current learning rate: 0.00777
2026-06-16 04:06:44.081286: train_loss -0.609
2026-06-16 04:06:44.084969: val_loss -0.5575
2026-06-16 04:06:44.086651: Pseudo dice [0.5684]
2026-06-16 04:06:44.088498: Epoch time: 22.34 s
2026-06-16 04:06:45.005354: 
2026-06-16 04:06:45.007072: Epoch 245
2026-06-16 04:06:45.008504: Current learning rate: 0.00777
2026-06-16 04:07:07.376429: train_loss -0.628
2026-06-16 04:07:07.380509: val_loss -0.5155
2026-06-16 04:07:07.382077: Pseudo dice [0.5421]
2026-06-16 04:07:07.383517: Epoch time: 22.37 s
2026-06-16 04:07:08.277494: 
2026-06-16 04:07:08.279036: Epoch 246
2026-06-16 04:07:08.280391: Current learning rate: 0.00776
2026-06-16 04:07:30.576383: train_loss -0.6255
2026-06-16 04:07:30.579242: val_loss -0.5019
2026-06-16 04:07:30.580713: Pseudo dice [0.5132]
2026-06-16 04:07:30.582136: Epoch time: 22.3 s
2026-06-16 04:07:31.499990: 
2026-06-16 04:07:31.501559: Epoch 247
2026-06-16 04:07:31.502938: Current learning rate: 0.00775
2026-06-16 04:07:54.023607: train_loss -0.6463
2026-06-16 04:07:54.027193: val_loss -0.5641
2026-06-16 04:07:54.028998: Pseudo dice [0.5543]
2026-06-16 04:07:54.030786: Epoch time: 22.52 s
2026-06-16 04:07:54.950289: 
2026-06-16 04:07:54.952016: Epoch 248
2026-06-16 04:07:54.953418: Current learning rate: 0.00774
2026-06-16 04:08:17.272285: train_loss -0.6206
2026-06-16 04:08:17.275907: val_loss -0.5095
2026-06-16 04:08:17.277347: Pseudo dice [0.5212]
2026-06-16 04:08:17.278753: Epoch time: 22.32 s
2026-06-16 04:08:18.182713: 
2026-06-16 04:08:18.184148: Epoch 249
2026-06-16 04:08:18.186952: Current learning rate: 0.00773
2026-06-16 04:08:40.630841: train_loss -0.6381
2026-06-16 04:08:40.633621: val_loss -0.5259
2026-06-16 04:08:40.635072: Pseudo dice [0.5419]
2026-06-16 04:08:40.636473: Epoch time: 22.45 s
2026-06-16 04:08:42.018937: 
2026-06-16 04:08:42.020504: Epoch 250
2026-06-16 04:08:42.021892: Current learning rate: 0.00772
2026-06-16 04:09:04.553981: train_loss -0.6068
2026-06-16 04:09:04.557012: val_loss -0.4553
2026-06-16 04:09:04.558785: Pseudo dice [0.445]
2026-06-16 04:09:04.560375: Epoch time: 22.54 s
2026-06-16 04:09:05.471207: 
2026-06-16 04:09:05.472703: Epoch 251
2026-06-16 04:09:05.474152: Current learning rate: 0.00771
2026-06-16 04:09:27.799993: train_loss -0.6139
2026-06-16 04:09:27.802813: val_loss -0.4341
2026-06-16 04:09:27.804166: Pseudo dice [0.4851]
2026-06-16 04:09:27.805567: Epoch time: 22.33 s
2026-06-16 04:09:28.710949: 
2026-06-16 04:09:28.712411: Epoch 252
2026-06-16 04:09:28.713970: Current learning rate: 0.0077
2026-06-16 04:09:51.092477: train_loss -0.6312
2026-06-16 04:09:51.095603: val_loss -0.5116
2026-06-16 04:09:51.097017: Pseudo dice [0.5139]
2026-06-16 04:09:51.098642: Epoch time: 22.38 s
2026-06-16 04:09:52.011257: 
2026-06-16 04:09:52.012757: Epoch 253
2026-06-16 04:09:52.014171: Current learning rate: 0.00769
2026-06-16 04:10:14.449579: train_loss -0.6266
2026-06-16 04:10:14.453697: val_loss -0.5261
2026-06-16 04:10:14.455476: Pseudo dice [0.5554]
2026-06-16 04:10:14.457160: Epoch time: 22.44 s
2026-06-16 04:10:15.372542: 
2026-06-16 04:10:15.374250: Epoch 254
2026-06-16 04:10:15.375681: Current learning rate: 0.00768
2026-06-16 04:10:37.726410: train_loss -0.6268
2026-06-16 04:10:37.729089: val_loss -0.5546
2026-06-16 04:10:37.731111: Pseudo dice [0.5536]
2026-06-16 04:10:37.732534: Epoch time: 22.35 s
2026-06-16 04:10:38.632933: 
2026-06-16 04:10:38.634433: Epoch 255
2026-06-16 04:10:38.635837: Current learning rate: 0.00767
2026-06-16 04:11:01.049081: train_loss -0.6268
2026-06-16 04:11:01.051814: val_loss -0.529
2026-06-16 04:11:01.053411: Pseudo dice [0.575]
2026-06-16 04:11:01.055420: Epoch time: 22.42 s
2026-06-16 04:11:01.968655: 
2026-06-16 04:11:01.970275: Epoch 256
2026-06-16 04:11:01.971627: Current learning rate: 0.00766
2026-06-16 04:11:24.316502: train_loss -0.6358
2026-06-16 04:11:24.319803: val_loss -0.4728
2026-06-16 04:11:24.321099: Pseudo dice [0.5099]
2026-06-16 04:11:24.322515: Epoch time: 22.35 s
2026-06-16 04:11:25.767230: 
2026-06-16 04:11:25.768810: Epoch 257
2026-06-16 04:11:25.770452: Current learning rate: 0.00765
2026-06-16 04:11:48.210638: train_loss -0.6436
2026-06-16 04:11:48.216663: val_loss -0.5489
2026-06-16 04:11:48.218570: Pseudo dice [0.5507]
2026-06-16 04:11:48.220197: Epoch time: 22.44 s
2026-06-16 04:11:49.135784: 
2026-06-16 04:11:49.137312: Epoch 258
2026-06-16 04:11:49.138748: Current learning rate: 0.00764
2026-06-16 04:12:11.602321: train_loss -0.6207
2026-06-16 04:12:11.605018: val_loss -0.5553
2026-06-16 04:12:11.606603: Pseudo dice [0.5742]
2026-06-16 04:12:11.608144: Epoch time: 22.47 s
2026-06-16 04:12:12.511448: 
2026-06-16 04:12:12.513159: Epoch 259
2026-06-16 04:12:12.514606: Current learning rate: 0.00764
2026-06-16 04:12:34.910378: train_loss -0.65
2026-06-16 04:12:34.913823: val_loss -0.5433
2026-06-16 04:12:34.915393: Pseudo dice [0.5343]
2026-06-16 04:12:34.916892: Epoch time: 22.4 s
2026-06-16 04:12:35.810282: 
2026-06-16 04:12:35.812029: Epoch 260
2026-06-16 04:12:35.813528: Current learning rate: 0.00763
2026-06-16 04:12:58.205508: train_loss -0.6302
2026-06-16 04:12:58.207980: val_loss -0.4784
2026-06-16 04:12:58.209679: Pseudo dice [0.5349]
2026-06-16 04:12:58.211192: Epoch time: 22.4 s
2026-06-16 04:12:59.116419: 
2026-06-16 04:12:59.118036: Epoch 261
2026-06-16 04:12:59.119328: Current learning rate: 0.00762
2026-06-16 04:13:21.668586: train_loss -0.6133
2026-06-16 04:13:21.671111: val_loss -0.4802
2026-06-16 04:13:21.672503: Pseudo dice [0.5022]
2026-06-16 04:13:21.673913: Epoch time: 22.55 s
2026-06-16 04:13:22.581987: 
2026-06-16 04:13:22.583506: Epoch 262
2026-06-16 04:13:22.585002: Current learning rate: 0.00761
2026-06-16 04:13:44.903837: train_loss -0.6426
2026-06-16 04:13:44.907449: val_loss -0.4738
2026-06-16 04:13:44.908945: Pseudo dice [0.5247]
2026-06-16 04:13:44.910492: Epoch time: 22.32 s
2026-06-16 04:13:45.830998: 
2026-06-16 04:13:45.832789: Epoch 263
2026-06-16 04:13:45.834195: Current learning rate: 0.0076
2026-06-16 04:14:08.270462: train_loss -0.6388
2026-06-16 04:14:08.272878: val_loss -0.5155
2026-06-16 04:14:08.274247: Pseudo dice [0.5348]
2026-06-16 04:14:08.275645: Epoch time: 22.44 s
2026-06-16 04:14:09.191624: 
2026-06-16 04:14:09.193194: Epoch 264
2026-06-16 04:14:09.194548: Current learning rate: 0.00759
2026-06-16 04:14:31.707709: train_loss -0.6093
2026-06-16 04:14:31.709651: val_loss -0.5064
2026-06-16 04:14:31.711169: Pseudo dice [0.5308]
2026-06-16 04:14:31.712625: Epoch time: 22.52 s
2026-06-16 04:14:32.633514: 
2026-06-16 04:14:32.635130: Epoch 265
2026-06-16 04:14:32.636339: Current learning rate: 0.00758
2026-06-16 04:14:55.190817: train_loss -0.6362
2026-06-16 04:14:55.193621: val_loss -0.5206
2026-06-16 04:14:55.194994: Pseudo dice [0.5627]
2026-06-16 04:14:55.196384: Epoch time: 22.56 s
2026-06-16 04:14:56.108711: 
2026-06-16 04:14:56.110198: Epoch 266
2026-06-16 04:14:56.111679: Current learning rate: 0.00757
2026-06-16 04:15:18.507912: train_loss -0.6181
2026-06-16 04:15:18.510513: val_loss -0.5351
2026-06-16 04:15:18.512430: Pseudo dice [0.5551]
2026-06-16 04:15:18.514848: Epoch time: 22.4 s
2026-06-16 04:15:19.427936: 
2026-06-16 04:15:19.429399: Epoch 267
2026-06-16 04:15:19.430774: Current learning rate: 0.00756
2026-06-16 04:15:41.909066: train_loss -0.648
2026-06-16 04:15:41.911639: val_loss -0.5685
2026-06-16 04:15:41.913069: Pseudo dice [0.583]
2026-06-16 04:15:41.914522: Epoch time: 22.48 s
2026-06-16 04:15:42.821484: 
2026-06-16 04:15:42.823034: Epoch 268
2026-06-16 04:15:42.824449: Current learning rate: 0.00755
2026-06-16 04:16:05.176654: train_loss -0.649
2026-06-16 04:16:05.180604: val_loss -0.5426
2026-06-16 04:16:05.182242: Pseudo dice [0.5678]
2026-06-16 04:16:05.183676: Epoch time: 22.36 s
2026-06-16 04:16:06.099916: 
2026-06-16 04:16:06.101351: Epoch 269
2026-06-16 04:16:06.102754: Current learning rate: 0.00754
2026-06-16 04:16:29.704916: train_loss -0.6297
2026-06-16 04:16:29.708232: val_loss -0.4911
2026-06-16 04:16:29.709597: Pseudo dice [0.5026]
2026-06-16 04:16:29.710954: Epoch time: 23.61 s
2026-06-16 04:16:30.617419: 
2026-06-16 04:16:30.618995: Epoch 270
2026-06-16 04:16:30.620348: Current learning rate: 0.00753
2026-06-16 04:16:52.913349: train_loss -0.6427
2026-06-16 04:16:52.916469: val_loss -0.5572
2026-06-16 04:16:52.917752: Pseudo dice [0.5704]
2026-06-16 04:16:52.919109: Epoch time: 22.3 s
2026-06-16 04:16:53.820748: 
2026-06-16 04:16:53.822228: Epoch 271
2026-06-16 04:16:53.823657: Current learning rate: 0.00752
2026-06-16 04:17:16.181391: train_loss -0.6395
2026-06-16 04:17:16.185274: val_loss -0.4878
2026-06-16 04:17:16.186749: Pseudo dice [0.5155]
2026-06-16 04:17:16.188317: Epoch time: 22.36 s
2026-06-16 04:17:17.091267: 
2026-06-16 04:17:17.092664: Epoch 272
2026-06-16 04:17:17.094092: Current learning rate: 0.00751
2026-06-16 04:17:39.429970: train_loss -0.6268
2026-06-16 04:17:39.432016: val_loss -0.5286
2026-06-16 04:17:39.433472: Pseudo dice [0.5314]
2026-06-16 04:17:39.435015: Epoch time: 22.34 s
2026-06-16 04:17:40.348816: 
2026-06-16 04:17:40.350349: Epoch 273
2026-06-16 04:17:40.351711: Current learning rate: 0.00751
2026-06-16 04:18:02.740133: train_loss -0.6118
2026-06-16 04:18:02.742678: val_loss -0.4708
2026-06-16 04:18:02.744229: Pseudo dice [0.5361]
2026-06-16 04:18:02.745877: Epoch time: 22.39 s
2026-06-16 04:18:03.660596: 
2026-06-16 04:18:03.662160: Epoch 274
2026-06-16 04:18:03.663488: Current learning rate: 0.0075
2026-06-16 04:18:25.929918: train_loss -0.6182
2026-06-16 04:18:25.933217: val_loss -0.5166
2026-06-16 04:18:25.934602: Pseudo dice [0.5199]
2026-06-16 04:18:25.935994: Epoch time: 22.27 s
2026-06-16 04:18:26.847783: 
2026-06-16 04:18:26.849303: Epoch 275
2026-06-16 04:18:26.850717: Current learning rate: 0.00749
2026-06-16 04:18:49.126284: train_loss -0.6253
2026-06-16 04:18:49.129095: val_loss -0.466
2026-06-16 04:18:49.130536: Pseudo dice [0.4803]
2026-06-16 04:18:49.131978: Epoch time: 22.28 s
2026-06-16 04:18:50.591169: 
2026-06-16 04:18:50.592946: Epoch 276
2026-06-16 04:18:50.594734: Current learning rate: 0.00748
2026-06-16 04:19:13.076586: train_loss -0.6057
2026-06-16 04:19:13.079197: val_loss -0.5396
2026-06-16 04:19:13.080761: Pseudo dice [0.5369]
2026-06-16 04:19:13.082272: Epoch time: 22.49 s
2026-06-16 04:19:13.993927: 
2026-06-16 04:19:13.996233: Epoch 277
2026-06-16 04:19:13.997630: Current learning rate: 0.00747
2026-06-16 04:19:36.447009: train_loss -0.6203
2026-06-16 04:19:36.451112: val_loss -0.5025
2026-06-16 04:19:36.452696: Pseudo dice [0.5331]
2026-06-16 04:19:36.454061: Epoch time: 22.45 s
2026-06-16 04:19:37.368663: 
2026-06-16 04:19:37.370031: Epoch 278
2026-06-16 04:19:37.371358: Current learning rate: 0.00746
2026-06-16 04:19:59.806963: train_loss -0.6346
2026-06-16 04:19:59.809730: val_loss -0.5044
2026-06-16 04:19:59.811115: Pseudo dice [0.5366]
2026-06-16 04:19:59.812517: Epoch time: 22.44 s
2026-06-16 04:20:00.719132: 
2026-06-16 04:20:00.720642: Epoch 279
2026-06-16 04:20:00.721996: Current learning rate: 0.00745
2026-06-16 04:20:23.250647: train_loss -0.6471
2026-06-16 04:20:23.253403: val_loss -0.5059
2026-06-16 04:20:23.254850: Pseudo dice [0.5463]
2026-06-16 04:20:23.256423: Epoch time: 22.53 s
2026-06-16 04:20:24.160501: 
2026-06-16 04:20:24.162069: Epoch 280
2026-06-16 04:20:24.163462: Current learning rate: 0.00744
2026-06-16 04:20:46.601647: train_loss -0.6558
2026-06-16 04:20:46.606066: val_loss -0.4932
2026-06-16 04:20:46.607568: Pseudo dice [0.5324]
2026-06-16 04:20:46.609109: Epoch time: 22.44 s
2026-06-16 04:20:47.510846: 
2026-06-16 04:20:47.512430: Epoch 281
2026-06-16 04:20:47.513950: Current learning rate: 0.00743
2026-06-16 04:21:09.918247: train_loss -0.6395
2026-06-16 04:21:09.921257: val_loss -0.4938
2026-06-16 04:21:09.922814: Pseudo dice [0.5244]
2026-06-16 04:21:09.924370: Epoch time: 22.41 s
2026-06-16 04:21:10.845388: 
2026-06-16 04:21:10.847008: Epoch 282
2026-06-16 04:21:10.848567: Current learning rate: 0.00742
2026-06-16 04:21:33.250152: train_loss -0.6201
2026-06-16 04:21:33.252846: val_loss -0.5275
2026-06-16 04:21:33.254374: Pseudo dice [0.5467]
2026-06-16 04:21:33.255841: Epoch time: 22.41 s
2026-06-16 04:21:34.179200: 
2026-06-16 04:21:34.180924: Epoch 283
2026-06-16 04:21:34.182530: Current learning rate: 0.00741
2026-06-16 04:21:56.484353: train_loss -0.609
2026-06-16 04:21:56.489674: val_loss -0.5036
2026-06-16 04:21:56.491503: Pseudo dice [0.5473]
2026-06-16 04:21:56.493142: Epoch time: 22.31 s
2026-06-16 04:21:57.404972: 
2026-06-16 04:21:57.406633: Epoch 284
2026-06-16 04:21:57.408005: Current learning rate: 0.0074
2026-06-16 04:22:19.785293: train_loss -0.6327
2026-06-16 04:22:19.787983: val_loss -0.5314
2026-06-16 04:22:19.789401: Pseudo dice [0.5507]
2026-06-16 04:22:19.790902: Epoch time: 22.38 s
2026-06-16 04:22:20.708984: 
2026-06-16 04:22:20.710551: Epoch 285
2026-06-16 04:22:20.711897: Current learning rate: 0.00739
2026-06-16 04:22:42.977809: train_loss -0.6472
2026-06-16 04:22:42.982890: val_loss -0.4887
2026-06-16 04:22:42.985401: Pseudo dice [0.5206]
2026-06-16 04:22:42.987095: Epoch time: 22.27 s
2026-06-16 04:22:43.898026: 
2026-06-16 04:22:43.899825: Epoch 286
2026-06-16 04:22:43.901674: Current learning rate: 0.00738
2026-06-16 04:23:06.251069: train_loss -0.6496
2026-06-16 04:23:06.256334: val_loss -0.522
2026-06-16 04:23:06.259339: Pseudo dice [0.5362]
2026-06-16 04:23:06.260822: Epoch time: 22.35 s
2026-06-16 04:23:07.172216: 
2026-06-16 04:23:07.173814: Epoch 287
2026-06-16 04:23:07.175417: Current learning rate: 0.00738
2026-06-16 04:23:29.503908: train_loss -0.6412
2026-06-16 04:23:29.506392: val_loss -0.5533
2026-06-16 04:23:29.507798: Pseudo dice [0.5762]
2026-06-16 04:23:29.509128: Epoch time: 22.33 s
2026-06-16 04:23:30.435672: 
2026-06-16 04:23:30.437158: Epoch 288
2026-06-16 04:23:30.438667: Current learning rate: 0.00737
2026-06-16 04:23:52.752725: train_loss -0.6381
2026-06-16 04:23:52.754685: val_loss -0.5004
2026-06-16 04:23:52.756223: Pseudo dice [0.5322]
2026-06-16 04:23:52.757638: Epoch time: 22.32 s
2026-06-16 04:23:53.692935: 
2026-06-16 04:23:53.694593: Epoch 289
2026-06-16 04:23:53.696085: Current learning rate: 0.00736
2026-06-16 04:24:16.060791: train_loss -0.6171
2026-06-16 04:24:16.065141: val_loss -0.5242
2026-06-16 04:24:16.067734: Pseudo dice [0.5471]
2026-06-16 04:24:16.069164: Epoch time: 22.37 s
2026-06-16 04:24:16.990617: 
2026-06-16 04:24:16.992181: Epoch 290
2026-06-16 04:24:16.993613: Current learning rate: 0.00735
2026-06-16 04:24:39.444426: train_loss -0.6433
2026-06-16 04:24:39.447113: val_loss -0.5495
2026-06-16 04:24:39.448525: Pseudo dice [0.548]
2026-06-16 04:24:39.449867: Epoch time: 22.45 s
2026-06-16 04:24:40.361373: 
2026-06-16 04:24:40.362868: Epoch 291
2026-06-16 04:24:40.364166: Current learning rate: 0.00734
2026-06-16 04:25:02.699410: train_loss -0.6382
2026-06-16 04:25:02.702398: val_loss -0.4895
2026-06-16 04:25:02.703902: Pseudo dice [0.4841]
2026-06-16 04:25:02.705364: Epoch time: 22.34 s
2026-06-16 04:25:03.627046: 
2026-06-16 04:25:03.628531: Epoch 292
2026-06-16 04:25:03.629929: Current learning rate: 0.00733
2026-06-16 04:25:26.005756: train_loss -0.6379
2026-06-16 04:25:26.010217: val_loss -0.5279
2026-06-16 04:25:26.011615: Pseudo dice [0.5668]
2026-06-16 04:25:26.013026: Epoch time: 22.38 s
2026-06-16 04:25:27.491724: 
2026-06-16 04:25:27.493186: Epoch 293
2026-06-16 04:25:27.494636: Current learning rate: 0.00732
2026-06-16 04:25:49.914936: train_loss -0.6437
2026-06-16 04:25:49.917883: val_loss -0.4767
2026-06-16 04:25:49.919510: Pseudo dice [0.5285]
2026-06-16 04:25:49.920923: Epoch time: 22.42 s
2026-06-16 04:25:50.855845: 
2026-06-16 04:25:50.857655: Epoch 294
2026-06-16 04:25:50.859187: Current learning rate: 0.00731
2026-06-16 04:26:13.189624: train_loss -0.6522
2026-06-16 04:26:13.192079: val_loss -0.48
2026-06-16 04:26:13.193480: Pseudo dice [0.5049]
2026-06-16 04:26:13.194859: Epoch time: 22.33 s
2026-06-16 04:26:14.102991: 
2026-06-16 04:26:14.104550: Epoch 295
2026-06-16 04:26:14.105921: Current learning rate: 0.0073
2026-06-16 04:26:36.539788: train_loss -0.6129
2026-06-16 04:26:36.543991: val_loss -0.5156
2026-06-16 04:26:36.545351: Pseudo dice [0.534]
2026-06-16 04:26:36.546774: Epoch time: 22.44 s
2026-06-16 04:26:37.471503: 
2026-06-16 04:26:37.473001: Epoch 296
2026-06-16 04:26:37.474349: Current learning rate: 0.00729
2026-06-16 04:26:59.778852: train_loss -0.6414
2026-06-16 04:26:59.781399: val_loss -0.515
2026-06-16 04:26:59.782789: Pseudo dice [0.5468]
2026-06-16 04:26:59.784102: Epoch time: 22.31 s
2026-06-16 04:27:00.694865: 
2026-06-16 04:27:00.696434: Epoch 297
2026-06-16 04:27:00.697835: Current learning rate: 0.00728
2026-06-16 04:27:22.984261: train_loss -0.6356
2026-06-16 04:27:22.987401: val_loss -0.5439
2026-06-16 04:27:22.992130: Pseudo dice [0.5479]
2026-06-16 04:27:22.993726: Epoch time: 22.29 s
2026-06-16 04:27:23.926017: 
2026-06-16 04:27:23.927693: Epoch 298
2026-06-16 04:27:23.929097: Current learning rate: 0.00727
2026-06-16 04:27:46.309635: train_loss -0.6444
2026-06-16 04:27:46.315985: val_loss -0.5555
2026-06-16 04:27:46.317533: Pseudo dice [0.5676]
2026-06-16 04:27:46.319007: Epoch time: 22.38 s
2026-06-16 04:27:47.238465: 
2026-06-16 04:27:47.240095: Epoch 299
2026-06-16 04:27:47.241541: Current learning rate: 0.00726
2026-06-16 04:28:09.621802: train_loss -0.6159
2026-06-16 04:28:09.624574: val_loss -0.5228
2026-06-16 04:28:09.626220: Pseudo dice [0.5343]
2026-06-16 04:28:09.627877: Epoch time: 22.38 s
2026-06-16 04:28:11.043015: 
2026-06-16 04:28:11.044693: Epoch 300
2026-06-16 04:28:11.046290: Current learning rate: 0.00725
2026-06-16 04:28:33.575032: train_loss -0.6286
2026-06-16 04:28:33.578138: val_loss -0.5221
2026-06-16 04:28:33.579717: Pseudo dice [0.5653]
2026-06-16 04:28:33.581288: Epoch time: 22.53 s
2026-06-16 04:28:34.497098: 
2026-06-16 04:28:34.498668: Epoch 301
2026-06-16 04:28:34.500129: Current learning rate: 0.00724
2026-06-16 04:28:56.895911: train_loss -0.6456
2026-06-16 04:28:56.900864: val_loss -0.5275
2026-06-16 04:28:56.902478: Pseudo dice [0.5491]
2026-06-16 04:28:56.904010: Epoch time: 22.4 s
2026-06-16 04:28:57.826131: 
2026-06-16 04:28:57.829244: Epoch 302
2026-06-16 04:28:57.831800: Current learning rate: 0.00724
2026-06-16 04:29:20.220619: train_loss -0.6292
2026-06-16 04:29:20.223525: val_loss -0.5251
2026-06-16 04:29:20.225173: Pseudo dice [0.528]
2026-06-16 04:29:20.226748: Epoch time: 22.4 s
2026-06-16 04:29:21.150196: 
2026-06-16 04:29:21.151848: Epoch 303
2026-06-16 04:29:21.153434: Current learning rate: 0.00723
2026-06-16 04:29:43.679549: train_loss -0.6393
2026-06-16 04:29:43.682678: val_loss -0.5151
2026-06-16 04:29:43.684072: Pseudo dice [0.5628]
2026-06-16 04:29:43.685437: Epoch time: 22.53 s
2026-06-16 04:29:44.614503: 
2026-06-16 04:29:44.625855: Epoch 304
2026-06-16 04:29:44.627564: Current learning rate: 0.00722
2026-06-16 04:30:06.985229: train_loss -0.6647
2026-06-16 04:30:06.989629: val_loss -0.5151
2026-06-16 04:30:06.991089: Pseudo dice [0.5475]
2026-06-16 04:30:06.992511: Epoch time: 22.37 s
2026-06-16 04:30:07.918805: 
2026-06-16 04:30:07.920297: Epoch 305
2026-06-16 04:30:07.921672: Current learning rate: 0.00721
2026-06-16 04:30:30.251245: train_loss -0.6511
2026-06-16 04:30:30.254014: val_loss -0.5043
2026-06-16 04:30:30.257395: Pseudo dice [0.5524]
2026-06-16 04:30:30.259273: Epoch time: 22.33 s
2026-06-16 04:30:31.177320: 
2026-06-16 04:30:31.179289: Epoch 306
2026-06-16 04:30:31.180954: Current learning rate: 0.0072
2026-06-16 04:30:53.544144: train_loss -0.6263
2026-06-16 04:30:53.549928: val_loss -0.4904
2026-06-16 04:30:53.553060: Pseudo dice [0.5267]
2026-06-16 04:30:53.556307: Epoch time: 22.37 s
2026-06-16 04:30:54.474844: 
2026-06-16 04:30:54.476434: Epoch 307
2026-06-16 04:30:54.477905: Current learning rate: 0.00719
2026-06-16 04:31:16.833381: train_loss -0.6333
2026-06-16 04:31:16.837013: val_loss -0.5491
2026-06-16 04:31:16.838435: Pseudo dice [0.5593]
2026-06-16 04:31:16.839981: Epoch time: 22.36 s
2026-06-16 04:31:17.762273: 
2026-06-16 04:31:17.763946: Epoch 308
2026-06-16 04:31:17.765651: Current learning rate: 0.00718
2026-06-16 04:31:40.167148: train_loss -0.6553
2026-06-16 04:31:40.170279: val_loss -0.5821
2026-06-16 04:31:40.171818: Pseudo dice [0.5812]
2026-06-16 04:31:40.173120: Epoch time: 22.41 s
2026-06-16 04:31:41.096928: 
2026-06-16 04:31:41.098556: Epoch 309
2026-06-16 04:31:41.100017: Current learning rate: 0.00717
2026-06-16 04:32:03.352149: train_loss -0.6674
2026-06-16 04:32:03.355036: val_loss -0.5663
2026-06-16 04:32:03.357013: Pseudo dice [0.5816]
2026-06-16 04:32:03.358446: Epoch time: 22.26 s
2026-06-16 04:32:04.286525: 
2026-06-16 04:32:04.288066: Epoch 310
2026-06-16 04:32:04.289619: Current learning rate: 0.00716
2026-06-16 04:32:26.625660: train_loss -0.6653
2026-06-16 04:32:26.629438: val_loss -0.5249
2026-06-16 04:32:26.630973: Pseudo dice [0.5462]
2026-06-16 04:32:26.632345: Epoch time: 22.34 s
2026-06-16 04:32:28.118373: 
2026-06-16 04:32:28.127526: Epoch 311
2026-06-16 04:32:28.128898: Current learning rate: 0.00715
2026-06-16 04:32:50.501023: train_loss -0.654
2026-06-16 04:32:50.503511: val_loss -0.594
2026-06-16 04:32:50.504981: Pseudo dice [0.595]
2026-06-16 04:32:50.506417: Epoch time: 22.38 s
2026-06-16 04:32:50.507862: Yayy! New best EMA pseudo Dice: 0.5553
2026-06-16 04:32:51.913559: 
2026-06-16 04:32:51.915106: Epoch 312
2026-06-16 04:32:51.916433: Current learning rate: 0.00714
2026-06-16 04:33:14.285079: train_loss -0.6796
2026-06-16 04:33:14.287874: val_loss -0.5391
2026-06-16 04:33:14.289586: Pseudo dice [0.5834]
2026-06-16 04:33:14.291212: Epoch time: 22.37 s
2026-06-16 04:33:14.292617: Yayy! New best EMA pseudo Dice: 0.5581
2026-06-16 04:33:15.690223: 
2026-06-16 04:33:15.691833: Epoch 313
2026-06-16 04:33:15.693471: Current learning rate: 0.00713
2026-06-16 04:33:38.105518: train_loss -0.6827
2026-06-16 04:33:38.108136: val_loss -0.5069
2026-06-16 04:33:38.109482: Pseudo dice [0.5388]
2026-06-16 04:33:38.111106: Epoch time: 22.42 s
2026-06-16 04:33:39.038433: 
2026-06-16 04:33:39.040023: Epoch 314
2026-06-16 04:33:39.041532: Current learning rate: 0.00712
2026-06-16 04:34:01.385438: train_loss -0.6293
2026-06-16 04:34:01.388466: val_loss -0.4651
2026-06-16 04:34:01.390008: Pseudo dice [0.4844]
2026-06-16 04:34:01.391394: Epoch time: 22.35 s
2026-06-16 04:34:02.318086: 
2026-06-16 04:34:02.320528: Epoch 315
2026-06-16 04:34:02.322021: Current learning rate: 0.00711
2026-06-16 04:34:24.682309: train_loss -0.6434
2026-06-16 04:34:24.684740: val_loss -0.4734
2026-06-16 04:34:24.686248: Pseudo dice [0.5003]
2026-06-16 04:34:24.687600: Epoch time: 22.37 s
2026-06-16 04:34:25.624402: 
2026-06-16 04:34:25.625914: Epoch 316
2026-06-16 04:34:25.627277: Current learning rate: 0.0071
2026-06-16 04:34:48.265231: train_loss -0.6532
2026-06-16 04:34:48.269558: val_loss -0.4939
2026-06-16 04:34:48.271136: Pseudo dice [0.5063]
2026-06-16 04:34:48.272629: Epoch time: 22.64 s
2026-06-16 04:34:49.214388: 
2026-06-16 04:34:49.216127: Epoch 317
2026-06-16 04:34:49.217567: Current learning rate: 0.0071
2026-06-16 04:35:11.704064: train_loss -0.6431
2026-06-16 04:35:11.706621: val_loss -0.4795
2026-06-16 04:35:11.708025: Pseudo dice [0.5134]
2026-06-16 04:35:11.709584: Epoch time: 22.49 s
2026-06-16 04:35:12.647472: 
2026-06-16 04:35:12.649127: Epoch 318
2026-06-16 04:35:12.650517: Current learning rate: 0.00709
2026-06-16 04:35:34.975505: train_loss -0.6611
2026-06-16 04:35:34.992060: val_loss -0.527
2026-06-16 04:35:34.998830: Pseudo dice [0.5346]
2026-06-16 04:35:35.000193: Epoch time: 22.33 s
2026-06-16 04:35:36.034128: 
2026-06-16 04:35:36.035646: Epoch 319
2026-06-16 04:35:36.037089: Current learning rate: 0.00708
2026-06-16 04:35:58.354023: train_loss -0.6556
2026-06-16 04:35:58.358081: val_loss -0.5139
2026-06-16 04:35:58.359524: Pseudo dice [0.5447]
2026-06-16 04:35:58.360970: Epoch time: 22.32 s
2026-06-16 04:35:59.291371: 
2026-06-16 04:35:59.293221: Epoch 320
2026-06-16 04:35:59.294837: Current learning rate: 0.00707
2026-06-16 04:36:21.645826: train_loss -0.6577
2026-06-16 04:36:21.647907: val_loss -0.5312
2026-06-16 04:36:21.649499: Pseudo dice [0.5604]
2026-06-16 04:36:21.651049: Epoch time: 22.36 s
2026-06-16 04:36:22.578399: 
2026-06-16 04:36:22.579944: Epoch 321
2026-06-16 04:36:22.581472: Current learning rate: 0.00706
2026-06-16 04:36:44.897998: train_loss -0.6312
2026-06-16 04:36:44.901646: val_loss -0.6091
2026-06-16 04:36:44.903118: Pseudo dice [0.5893]
2026-06-16 04:36:44.904582: Epoch time: 22.32 s
2026-06-16 04:36:45.843181: 
2026-06-16 04:36:45.844945: Epoch 322
2026-06-16 04:36:45.846437: Current learning rate: 0.00705
2026-06-16 04:37:08.230506: train_loss -0.6498
2026-06-16 04:37:08.234043: val_loss -0.5754
2026-06-16 04:37:08.235674: Pseudo dice [0.5753]
2026-06-16 04:37:08.237201: Epoch time: 22.39 s
2026-06-16 04:37:09.157766: 
2026-06-16 04:37:09.159320: Epoch 323
2026-06-16 04:37:09.160797: Current learning rate: 0.00704
2026-06-16 04:37:31.504794: train_loss -0.6412
2026-06-16 04:37:31.507344: val_loss -0.5281
2026-06-16 04:37:31.508744: Pseudo dice [0.5696]
2026-06-16 04:37:31.510160: Epoch time: 22.35 s
2026-06-16 04:37:32.427291: 
2026-06-16 04:37:32.428849: Epoch 324
2026-06-16 04:37:32.430344: Current learning rate: 0.00703
2026-06-16 04:37:54.891778: train_loss -0.6502
2026-06-16 04:37:54.894355: val_loss -0.545
2026-06-16 04:37:54.896149: Pseudo dice [0.5654]
2026-06-16 04:37:54.900257: Epoch time: 22.47 s
2026-06-16 04:37:55.830478: 
2026-06-16 04:37:55.832117: Epoch 325
2026-06-16 04:37:55.833528: Current learning rate: 0.00702
2026-06-16 04:38:18.118212: train_loss -0.6507
2026-06-16 04:38:18.122209: val_loss -0.5163
2026-06-16 04:38:18.123635: Pseudo dice [0.5529]
2026-06-16 04:38:18.124946: Epoch time: 22.29 s
2026-06-16 04:38:19.046301: 
2026-06-16 04:38:19.047940: Epoch 326
2026-06-16 04:38:19.049323: Current learning rate: 0.00701
2026-06-16 04:38:41.492481: train_loss -0.6479
2026-06-16 04:38:41.495456: val_loss -0.494
2026-06-16 04:38:41.496873: Pseudo dice [0.5349]
2026-06-16 04:38:41.498447: Epoch time: 22.45 s
2026-06-16 04:38:42.433914: 
2026-06-16 04:38:42.435743: Epoch 327
2026-06-16 04:38:42.437196: Current learning rate: 0.007
2026-06-16 04:39:04.719272: train_loss -0.6548
2026-06-16 04:39:04.722391: val_loss -0.5638
2026-06-16 04:39:04.723961: Pseudo dice [0.5708]
2026-06-16 04:39:04.725836: Epoch time: 22.29 s
2026-06-16 04:39:06.190161: 
2026-06-16 04:39:06.191794: Epoch 328
2026-06-16 04:39:06.193592: Current learning rate: 0.00699
2026-06-16 04:39:28.575211: train_loss -0.641
2026-06-16 04:39:28.578071: val_loss -0.5778
2026-06-16 04:39:28.579360: Pseudo dice [0.5707]
2026-06-16 04:39:28.580755: Epoch time: 22.39 s
2026-06-16 04:39:29.489524: 
2026-06-16 04:39:29.490981: Epoch 329
2026-06-16 04:39:29.492435: Current learning rate: 0.00698
2026-06-16 04:39:51.991914: train_loss -0.6823
2026-06-16 04:39:52.001049: val_loss -0.5506
2026-06-16 04:39:52.002524: Pseudo dice [0.5864]
2026-06-16 04:39:52.010245: Epoch time: 22.5 s
2026-06-16 04:39:52.936466: 
2026-06-16 04:39:52.937922: Epoch 330
2026-06-16 04:39:52.939340: Current learning rate: 0.00697
2026-06-16 04:40:15.354854: train_loss -0.647
2026-06-16 04:40:15.357406: val_loss -0.4964
2026-06-16 04:40:15.358830: Pseudo dice [0.5203]
2026-06-16 04:40:15.360329: Epoch time: 22.42 s
2026-06-16 04:40:16.274793: 
2026-06-16 04:40:16.276243: Epoch 331
2026-06-16 04:40:16.277720: Current learning rate: 0.00696
2026-06-16 04:40:38.660864: train_loss -0.6258
2026-06-16 04:40:38.664565: val_loss -0.5086
2026-06-16 04:40:38.665876: Pseudo dice [0.5232]
2026-06-16 04:40:38.667289: Epoch time: 22.39 s
2026-06-16 04:40:39.602573: 
2026-06-16 04:40:39.604158: Epoch 332
2026-06-16 04:40:39.605541: Current learning rate: 0.00696
2026-06-16 04:41:01.891618: train_loss -0.6374
2026-06-16 04:41:01.894437: val_loss -0.5084
2026-06-16 04:41:01.895869: Pseudo dice [0.5364]
2026-06-16 04:41:01.897226: Epoch time: 22.29 s
2026-06-16 04:41:02.823265: 
2026-06-16 04:41:02.825700: Epoch 333
2026-06-16 04:41:02.827330: Current learning rate: 0.00695
2026-06-16 04:41:25.210197: train_loss -0.6498
2026-06-16 04:41:25.212655: val_loss -0.5296
2026-06-16 04:41:25.214057: Pseudo dice [0.539]
2026-06-16 04:41:25.215440: Epoch time: 22.39 s
2026-06-16 04:41:26.150945: 
2026-06-16 04:41:26.152426: Epoch 334
2026-06-16 04:41:26.153793: Current learning rate: 0.00694
2026-06-16 04:41:48.641141: train_loss -0.6451
2026-06-16 04:41:48.645741: val_loss -0.5413
2026-06-16 04:41:48.647256: Pseudo dice [0.5498]
2026-06-16 04:41:48.648710: Epoch time: 22.49 s
2026-06-16 04:41:49.589837: 
2026-06-16 04:41:49.591323: Epoch 335
2026-06-16 04:41:49.592715: Current learning rate: 0.00693
2026-06-16 04:42:11.960261: train_loss -0.6701
2026-06-16 04:42:11.962949: val_loss -0.5822
2026-06-16 04:42:11.964499: Pseudo dice [0.5874]
2026-06-16 04:42:11.965978: Epoch time: 22.37 s
2026-06-16 04:42:12.907746: 
2026-06-16 04:42:12.909221: Epoch 336
2026-06-16 04:42:12.910623: Current learning rate: 0.00692
2026-06-16 04:42:35.150882: train_loss -0.6655
2026-06-16 04:42:35.153802: val_loss -0.5023
2026-06-16 04:42:35.155221: Pseudo dice [0.5162]
2026-06-16 04:42:35.156693: Epoch time: 22.24 s
2026-06-16 04:42:36.096190: 
2026-06-16 04:42:36.097652: Epoch 337
2026-06-16 04:42:36.099065: Current learning rate: 0.00691
2026-06-16 04:42:58.373243: train_loss -0.6624
2026-06-16 04:42:58.377157: val_loss -0.5002
2026-06-16 04:42:58.378511: Pseudo dice [0.5264]
2026-06-16 04:42:58.379790: Epoch time: 22.28 s
2026-06-16 04:42:59.310611: 
2026-06-16 04:42:59.312547: Epoch 338
2026-06-16 04:42:59.314267: Current learning rate: 0.0069
2026-06-16 04:43:21.736763: train_loss -0.6511
2026-06-16 04:43:21.739136: val_loss -0.444
2026-06-16 04:43:21.740571: Pseudo dice [0.4791]
2026-06-16 04:43:21.741948: Epoch time: 22.43 s
2026-06-16 04:43:22.671731: 
2026-06-16 04:43:22.673114: Epoch 339
2026-06-16 04:43:22.674521: Current learning rate: 0.00689
2026-06-16 04:43:45.049525: train_loss -0.6521
2026-06-16 04:43:45.052396: val_loss -0.5301
2026-06-16 04:43:45.053937: Pseudo dice [0.5611]
2026-06-16 04:43:45.055309: Epoch time: 22.38 s
2026-06-16 04:43:45.993916: 
2026-06-16 04:43:45.995414: Epoch 340
2026-06-16 04:43:45.996768: Current learning rate: 0.00688
2026-06-16 04:44:08.381612: train_loss -0.6607
2026-06-16 04:44:08.385464: val_loss -0.5603
2026-06-16 04:44:08.387002: Pseudo dice [0.5869]
2026-06-16 04:44:08.388492: Epoch time: 22.39 s
2026-06-16 04:44:09.318753: 
2026-06-16 04:44:09.320352: Epoch 341
2026-06-16 04:44:09.321653: Current learning rate: 0.00687
2026-06-16 04:44:31.622803: train_loss -0.6735
2026-06-16 04:44:31.625422: val_loss -0.537
2026-06-16 04:44:31.626831: Pseudo dice [0.5529]
2026-06-16 04:44:31.628301: Epoch time: 22.31 s
2026-06-16 04:44:32.577209: 
2026-06-16 04:44:32.579422: Epoch 342
2026-06-16 04:44:32.582767: Current learning rate: 0.00686
2026-06-16 04:44:54.860199: train_loss -0.6541
2026-06-16 04:44:54.862743: val_loss -0.5922
2026-06-16 04:44:54.864040: Pseudo dice [0.5899]
2026-06-16 04:44:54.865444: Epoch time: 22.28 s
2026-06-16 04:44:55.796281: 
2026-06-16 04:44:55.803377: Epoch 343
2026-06-16 04:44:55.805472: Current learning rate: 0.00685
2026-06-16 04:45:17.998184: train_loss -0.6585
2026-06-16 04:45:18.001816: val_loss -0.5404
2026-06-16 04:45:18.003215: Pseudo dice [0.566]
2026-06-16 04:45:18.004579: Epoch time: 22.2 s
2026-06-16 04:45:19.495664: 
2026-06-16 04:45:19.497114: Epoch 344
2026-06-16 04:45:19.498515: Current learning rate: 0.00684
2026-06-16 04:45:41.931982: train_loss -0.6727
2026-06-16 04:45:41.933899: val_loss -0.5699
2026-06-16 04:45:41.935443: Pseudo dice [0.5795]
2026-06-16 04:45:41.936968: Epoch time: 22.44 s
2026-06-16 04:45:42.857232: 
2026-06-16 04:45:42.858937: Epoch 345
2026-06-16 04:45:42.860391: Current learning rate: 0.00683
2026-06-16 04:46:05.239407: train_loss -0.6665
2026-06-16 04:46:05.241264: val_loss -0.545
2026-06-16 04:46:05.242704: Pseudo dice [0.5678]
2026-06-16 04:46:05.244150: Epoch time: 22.38 s
2026-06-16 04:46:06.172933: 
2026-06-16 04:46:06.174425: Epoch 346
2026-06-16 04:46:06.175734: Current learning rate: 0.00682
2026-06-16 04:46:28.546474: train_loss -0.6706
2026-06-16 04:46:28.550316: val_loss -0.5022
2026-06-16 04:46:28.551692: Pseudo dice [0.5449]
2026-06-16 04:46:28.553028: Epoch time: 22.37 s
2026-06-16 04:46:29.496823: 
2026-06-16 04:46:29.498234: Epoch 347
2026-06-16 04:46:29.499538: Current learning rate: 0.00681
2026-06-16 04:46:51.870181: train_loss -0.6451
2026-06-16 04:46:51.872916: val_loss -0.4817
2026-06-16 04:46:51.874336: Pseudo dice [0.5057]
2026-06-16 04:46:51.875814: Epoch time: 22.37 s
2026-06-16 04:46:52.810248: 
2026-06-16 04:46:52.811799: Epoch 348
2026-06-16 04:46:52.813336: Current learning rate: 0.0068
2026-06-16 04:47:15.183319: train_loss -0.6462
2026-06-16 04:47:15.186164: val_loss -0.5402
2026-06-16 04:47:15.187706: Pseudo dice [0.5625]
2026-06-16 04:47:15.189080: Epoch time: 22.37 s
2026-06-16 04:47:16.116086: 
2026-06-16 04:47:16.117612: Epoch 349
2026-06-16 04:47:16.118984: Current learning rate: 0.0068
2026-06-16 04:47:38.482918: train_loss -0.653
2026-06-16 04:47:38.486419: val_loss -0.5536
2026-06-16 04:47:38.487862: Pseudo dice [0.5747]
2026-06-16 04:47:38.489151: Epoch time: 22.37 s
2026-06-16 04:47:39.906466: 
2026-06-16 04:47:39.907922: Epoch 350
2026-06-16 04:47:39.909309: Current learning rate: 0.00679
2026-06-16 04:48:02.227787: train_loss -0.645
2026-06-16 04:48:02.230473: val_loss -0.473
2026-06-16 04:48:02.232115: Pseudo dice [0.4991]
2026-06-16 04:48:02.233594: Epoch time: 22.32 s
2026-06-16 04:48:03.165386: 
2026-06-16 04:48:03.167439: Epoch 351
2026-06-16 04:48:03.168999: Current learning rate: 0.00678
2026-06-16 04:48:25.531929: train_loss -0.6669
2026-06-16 04:48:25.534570: val_loss -0.5246
2026-06-16 04:48:25.535937: Pseudo dice [0.5318]
2026-06-16 04:48:25.537346: Epoch time: 22.37 s
2026-06-16 04:48:26.464611: 
2026-06-16 04:48:26.466210: Epoch 352
2026-06-16 04:48:26.467589: Current learning rate: 0.00677
2026-06-16 04:48:49.108147: train_loss -0.643
2026-06-16 04:48:49.111652: val_loss -0.5336
2026-06-16 04:48:49.113471: Pseudo dice [0.5259]
2026-06-16 04:48:49.115097: Epoch time: 22.64 s
2026-06-16 04:48:50.054993: 
2026-06-16 04:48:50.056446: Epoch 353
2026-06-16 04:48:50.058028: Current learning rate: 0.00676
2026-06-16 04:49:12.442580: train_loss -0.6444
2026-06-16 04:49:12.446278: val_loss -0.5601
2026-06-16 04:49:12.447821: Pseudo dice [0.5912]
2026-06-16 04:49:12.449325: Epoch time: 22.39 s
2026-06-16 04:49:13.390889: 
2026-06-16 04:49:13.394269: Epoch 354
2026-06-16 04:49:13.396054: Current learning rate: 0.00675
2026-06-16 04:49:35.765910: train_loss -0.6448
2026-06-16 04:49:35.768247: val_loss -0.5121
2026-06-16 04:49:35.769712: Pseudo dice [0.5477]
2026-06-16 04:49:35.771140: Epoch time: 22.38 s
2026-06-16 04:49:36.710175: 
2026-06-16 04:49:36.711712: Epoch 355
2026-06-16 04:49:36.713080: Current learning rate: 0.00674
2026-06-16 04:49:59.084070: train_loss -0.6391
2026-06-16 04:49:59.087507: val_loss -0.5222
2026-06-16 04:49:59.088879: Pseudo dice [0.5474]
2026-06-16 04:49:59.090216: Epoch time: 22.37 s
2026-06-16 04:50:00.022763: 
2026-06-16 04:50:00.024245: Epoch 356
2026-06-16 04:50:00.025685: Current learning rate: 0.00673
2026-06-16 04:50:22.404128: train_loss -0.6611
2026-06-16 04:50:22.406719: val_loss -0.4696
2026-06-16 04:50:22.408125: Pseudo dice [0.5093]
2026-06-16 04:50:22.409621: Epoch time: 22.38 s
2026-06-16 04:50:23.344244: 
2026-06-16 04:50:23.345814: Epoch 357
2026-06-16 04:50:23.347158: Current learning rate: 0.00672
2026-06-16 04:50:45.556440: train_loss -0.6324
2026-06-16 04:50:45.558908: val_loss -0.5075
2026-06-16 04:50:45.560519: Pseudo dice [0.5585]
2026-06-16 04:50:45.561974: Epoch time: 22.21 s
2026-06-16 04:50:46.498879: 
2026-06-16 04:50:46.500437: Epoch 358
2026-06-16 04:50:46.501808: Current learning rate: 0.00671
2026-06-16 04:51:08.829263: train_loss -0.6566
2026-06-16 04:51:08.832684: val_loss -0.5143
2026-06-16 04:51:08.834136: Pseudo dice [0.5565]
2026-06-16 04:51:08.835503: Epoch time: 22.33 s
2026-06-16 04:51:09.767974: 
2026-06-16 04:51:09.769423: Epoch 359
2026-06-16 04:51:09.770824: Current learning rate: 0.0067
2026-06-16 04:51:31.972143: train_loss -0.6705
2026-06-16 04:51:31.974062: val_loss -0.5768
2026-06-16 04:51:31.975572: Pseudo dice [0.5798]
2026-06-16 04:51:31.977016: Epoch time: 22.21 s
2026-06-16 04:51:32.910799: 
2026-06-16 04:51:32.912417: Epoch 360
2026-06-16 04:51:32.913718: Current learning rate: 0.00669
2026-06-16 04:51:55.185424: train_loss -0.6374
2026-06-16 04:51:55.187326: val_loss -0.5408
2026-06-16 04:51:55.188707: Pseudo dice [0.5596]
2026-06-16 04:51:55.190162: Epoch time: 22.28 s
2026-06-16 04:51:56.696678: 
2026-06-16 04:51:56.698181: Epoch 361
2026-06-16 04:51:56.699588: Current learning rate: 0.00668
2026-06-16 04:52:19.184399: train_loss -0.6476
2026-06-16 04:52:19.187756: val_loss -0.5057
2026-06-16 04:52:19.189132: Pseudo dice [0.5263]
2026-06-16 04:52:19.190582: Epoch time: 22.49 s
2026-06-16 04:52:20.112901: 
2026-06-16 04:52:20.114475: Epoch 362
2026-06-16 04:52:20.115897: Current learning rate: 0.00667
2026-06-16 04:52:42.487674: train_loss -0.6573
2026-06-16 04:52:42.498351: val_loss -0.5149
2026-06-16 04:52:42.499792: Pseudo dice [0.5537]
2026-06-16 04:52:42.504604: Epoch time: 22.38 s
2026-06-16 04:52:43.438554: 
2026-06-16 04:52:43.440087: Epoch 363
2026-06-16 04:52:43.441522: Current learning rate: 0.00666
2026-06-16 04:53:05.842230: train_loss -0.6552
2026-06-16 04:53:05.844754: val_loss -0.5108
2026-06-16 04:53:05.846303: Pseudo dice [0.5441]
2026-06-16 04:53:05.847615: Epoch time: 22.4 s
2026-06-16 04:53:06.784020: 
2026-06-16 04:53:06.785739: Epoch 364
2026-06-16 04:53:06.788010: Current learning rate: 0.00665
2026-06-16 04:53:29.219048: train_loss -0.6567
2026-06-16 04:53:29.222255: val_loss -0.4401
2026-06-16 04:53:29.223641: Pseudo dice [0.4442]
2026-06-16 04:53:29.225027: Epoch time: 22.44 s
2026-06-16 04:53:30.165765: 
2026-06-16 04:53:30.167355: Epoch 365
2026-06-16 04:53:30.168673: Current learning rate: 0.00665
2026-06-16 04:53:52.545383: train_loss -0.6472
2026-06-16 04:53:52.547832: val_loss -0.5067
2026-06-16 04:53:52.549260: Pseudo dice [0.5405]
2026-06-16 04:53:52.550665: Epoch time: 22.38 s
2026-06-16 04:53:53.486506: 
2026-06-16 04:53:53.487927: Epoch 366
2026-06-16 04:53:53.489374: Current learning rate: 0.00664
2026-06-16 04:54:16.094272: train_loss -0.6592
2026-06-16 04:54:16.096857: val_loss -0.5551
2026-06-16 04:54:16.098248: Pseudo dice [0.5628]
2026-06-16 04:54:16.099521: Epoch time: 22.61 s
2026-06-16 04:54:17.041586: 
2026-06-16 04:54:17.043087: Epoch 367
2026-06-16 04:54:17.044500: Current learning rate: 0.00663
2026-06-16 04:54:39.519614: train_loss -0.6703
2026-06-16 04:54:39.522300: val_loss -0.5936
2026-06-16 04:54:39.523684: Pseudo dice [0.5925]
2026-06-16 04:54:39.525286: Epoch time: 22.48 s
2026-06-16 04:54:40.469635: 
2026-06-16 04:54:40.471164: Epoch 368
2026-06-16 04:54:40.472576: Current learning rate: 0.00662
2026-06-16 04:55:02.836370: train_loss -0.6492
2026-06-16 04:55:02.838742: val_loss -0.5052
2026-06-16 04:55:02.840188: Pseudo dice [0.5226]
2026-06-16 04:55:02.841535: Epoch time: 22.37 s
2026-06-16 04:55:03.776506: 
2026-06-16 04:55:03.778685: Epoch 369
2026-06-16 04:55:03.780030: Current learning rate: 0.00661
2026-06-16 04:55:26.200177: train_loss -0.6488
2026-06-16 04:55:26.202789: val_loss -0.523
2026-06-16 04:55:26.204103: Pseudo dice [0.5318]
2026-06-16 04:55:26.205479: Epoch time: 22.42 s
2026-06-16 04:55:27.153858: 
2026-06-16 04:55:27.155324: Epoch 370
2026-06-16 04:55:27.166819: Current learning rate: 0.0066
2026-06-16 04:55:49.550478: train_loss -0.6383
2026-06-16 04:55:49.553671: val_loss -0.5097
2026-06-16 04:55:49.555123: Pseudo dice [0.5318]
2026-06-16 04:55:49.556502: Epoch time: 22.4 s
2026-06-16 04:55:50.491510: 
2026-06-16 04:55:50.492932: Epoch 371
2026-06-16 04:55:50.494330: Current learning rate: 0.00659
2026-06-16 04:56:12.884569: train_loss -0.6477
2026-06-16 04:56:12.887071: val_loss -0.5207
2026-06-16 04:56:12.888506: Pseudo dice [0.5452]
2026-06-16 04:56:12.889863: Epoch time: 22.39 s
2026-06-16 04:56:13.844888: 
2026-06-16 04:56:13.846424: Epoch 372
2026-06-16 04:56:13.847660: Current learning rate: 0.00658
2026-06-16 04:56:36.319214: train_loss -0.6395
2026-06-16 04:56:36.322180: val_loss -0.54
2026-06-16 04:56:36.323509: Pseudo dice [0.5562]
2026-06-16 04:56:36.324942: Epoch time: 22.48 s
2026-06-16 04:56:37.257235: 
2026-06-16 04:56:37.258866: Epoch 373
2026-06-16 04:56:37.260357: Current learning rate: 0.00657
2026-06-16 04:56:59.581333: train_loss -0.6665
2026-06-16 04:56:59.584612: val_loss -0.539
2026-06-16 04:56:59.585960: Pseudo dice [0.5765]
2026-06-16 04:56:59.587401: Epoch time: 22.32 s
2026-06-16 04:57:00.519820: 
2026-06-16 04:57:00.521178: Epoch 374
2026-06-16 04:57:00.522569: Current learning rate: 0.00656
2026-06-16 04:57:22.728988: train_loss -0.6756
2026-06-16 04:57:22.731512: val_loss -0.552
2026-06-16 04:57:22.732818: Pseudo dice [0.5702]
2026-06-16 04:57:22.734200: Epoch time: 22.21 s
2026-06-16 04:57:23.665148: 
2026-06-16 04:57:23.667086: Epoch 375
2026-06-16 04:57:23.668637: Current learning rate: 0.00655
2026-06-16 04:57:46.132406: train_loss -0.6634
2026-06-16 04:57:46.134813: val_loss -0.6128
2026-06-16 04:57:46.136302: Pseudo dice [0.619]
2026-06-16 04:57:46.137699: Epoch time: 22.47 s
2026-06-16 04:57:47.060386: 
2026-06-16 04:57:47.061887: Epoch 376
2026-06-16 04:57:47.063315: Current learning rate: 0.00654
2026-06-16 04:58:09.386353: train_loss -0.6693
2026-06-16 04:58:09.389500: val_loss -0.515
2026-06-16 04:58:09.390965: Pseudo dice [0.548]
2026-06-16 04:58:09.392415: Epoch time: 22.33 s
2026-06-16 04:58:10.340325: 
2026-06-16 04:58:10.342036: Epoch 377
2026-06-16 04:58:10.343522: Current learning rate: 0.00653
2026-06-16 04:58:32.725637: train_loss -0.6742
2026-06-16 04:58:32.728482: val_loss -0.5108
2026-06-16 04:58:32.730099: Pseudo dice [0.5265]
2026-06-16 04:58:32.732625: Epoch time: 22.39 s
2026-06-16 04:58:34.220150: 
2026-06-16 04:58:34.221868: Epoch 378
2026-06-16 04:58:34.223423: Current learning rate: 0.00652
2026-06-16 04:58:56.631361: train_loss -0.6543
2026-06-16 04:58:56.634291: val_loss -0.5607
2026-06-16 04:58:56.636047: Pseudo dice [0.5534]
2026-06-16 04:58:56.637621: Epoch time: 22.41 s
2026-06-16 04:58:57.553692: 
2026-06-16 04:58:57.556308: Epoch 379
2026-06-16 04:58:57.557983: Current learning rate: 0.00651
2026-06-16 04:59:19.999768: train_loss -0.6791
2026-06-16 04:59:20.003015: val_loss -0.4968
2026-06-16 04:59:20.004402: Pseudo dice [0.5104]
2026-06-16 04:59:20.005735: Epoch time: 22.45 s
2026-06-16 04:59:20.937226: 
2026-06-16 04:59:20.939082: Epoch 380
2026-06-16 04:59:20.940612: Current learning rate: 0.0065
2026-06-16 04:59:43.265812: train_loss -0.666
2026-06-16 04:59:43.268217: val_loss -0.5269
2026-06-16 04:59:43.269559: Pseudo dice [0.5592]
2026-06-16 04:59:43.270980: Epoch time: 22.33 s
2026-06-16 04:59:44.205922: 
2026-06-16 04:59:44.207472: Epoch 381
2026-06-16 04:59:44.208842: Current learning rate: 0.00649
2026-06-16 05:00:06.624250: train_loss -0.6727
2026-06-16 05:00:06.626934: val_loss -0.4156
2026-06-16 05:00:06.628375: Pseudo dice [0.4418]
2026-06-16 05:00:06.629689: Epoch time: 22.42 s
2026-06-16 05:00:07.573463: 
2026-06-16 05:00:07.574925: Epoch 382
2026-06-16 05:00:07.576360: Current learning rate: 0.00648
2026-06-16 05:00:30.046912: train_loss -0.6445
2026-06-16 05:00:30.051106: val_loss -0.4843
2026-06-16 05:00:30.052484: Pseudo dice [0.4979]
2026-06-16 05:00:30.053926: Epoch time: 22.47 s
2026-06-16 05:00:31.003443: 
2026-06-16 05:00:31.004961: Epoch 383
2026-06-16 05:00:31.006366: Current learning rate: 0.00648
2026-06-16 05:00:53.445952: train_loss -0.6419
2026-06-16 05:00:53.448252: val_loss -0.5453
2026-06-16 05:00:53.449729: Pseudo dice [0.5551]
2026-06-16 05:00:53.451083: Epoch time: 22.44 s
2026-06-16 05:00:54.403861: 
2026-06-16 05:00:54.405386: Epoch 384
2026-06-16 05:00:54.406660: Current learning rate: 0.00647
2026-06-16 05:01:16.888426: train_loss -0.6543
2026-06-16 05:01:16.892144: val_loss -0.5549
2026-06-16 05:01:16.893695: Pseudo dice [0.5741]
2026-06-16 05:01:16.895711: Epoch time: 22.49 s
2026-06-16 05:01:17.851638: 
2026-06-16 05:01:17.853191: Epoch 385
2026-06-16 05:01:17.854583: Current learning rate: 0.00646
2026-06-16 05:01:40.188391: train_loss -0.6495
2026-06-16 05:01:40.191676: val_loss -0.5502
2026-06-16 05:01:40.193108: Pseudo dice [0.5544]
2026-06-16 05:01:40.194543: Epoch time: 22.34 s
2026-06-16 05:01:41.137220: 
2026-06-16 05:01:41.139008: Epoch 386
2026-06-16 05:01:41.140377: Current learning rate: 0.00645
2026-06-16 05:02:03.564922: train_loss -0.6588
2026-06-16 05:02:03.567770: val_loss -0.5326
2026-06-16 05:02:03.569499: Pseudo dice [0.5623]
2026-06-16 05:02:03.571837: Epoch time: 22.43 s
2026-06-16 05:02:04.521062: 
2026-06-16 05:02:04.522949: Epoch 387
2026-06-16 05:02:04.524375: Current learning rate: 0.00644
2026-06-16 05:02:26.898595: train_loss -0.6549
2026-06-16 05:02:26.901036: val_loss -0.4909
2026-06-16 05:02:26.902480: Pseudo dice [0.5187]
2026-06-16 05:02:26.903894: Epoch time: 22.38 s
2026-06-16 05:02:27.845619: 
2026-06-16 05:02:27.847214: Epoch 388
2026-06-16 05:02:27.848939: Current learning rate: 0.00643
2026-06-16 05:02:50.255255: train_loss -0.6099
2026-06-16 05:02:50.259714: val_loss -0.53
2026-06-16 05:02:50.270373: Pseudo dice [0.5633]
2026-06-16 05:02:50.272437: Epoch time: 22.41 s
2026-06-16 05:02:51.220499: 
2026-06-16 05:02:51.221896: Epoch 389
2026-06-16 05:02:51.223279: Current learning rate: 0.00642
2026-06-16 05:03:13.707680: train_loss -0.6464
2026-06-16 05:03:13.710630: val_loss -0.5227
2026-06-16 05:03:13.712137: Pseudo dice [0.5438]
2026-06-16 05:03:13.713560: Epoch time: 22.49 s
2026-06-16 05:03:14.659671: 
2026-06-16 05:03:14.661147: Epoch 390
2026-06-16 05:03:14.662792: Current learning rate: 0.00641
2026-06-16 05:03:37.178813: train_loss -0.6444
2026-06-16 05:03:37.181249: val_loss -0.508
2026-06-16 05:03:37.182703: Pseudo dice [0.5076]
2026-06-16 05:03:37.184155: Epoch time: 22.52 s
2026-06-16 05:03:38.131648: 
2026-06-16 05:03:38.133447: Epoch 391
2026-06-16 05:03:38.134997: Current learning rate: 0.0064
2026-06-16 05:04:00.501451: train_loss -0.6841
2026-06-16 05:04:00.504713: val_loss -0.5361
2026-06-16 05:04:00.506205: Pseudo dice [0.5628]
2026-06-16 05:04:00.507812: Epoch time: 22.37 s
2026-06-16 05:04:01.464691: 
2026-06-16 05:04:01.466270: Epoch 392
2026-06-16 05:04:01.467632: Current learning rate: 0.00639
2026-06-16 05:04:23.757330: train_loss -0.6764
2026-06-16 05:04:23.760936: val_loss -0.5244
2026-06-16 05:04:23.762435: Pseudo dice [0.544]
2026-06-16 05:04:23.763931: Epoch time: 22.29 s
2026-06-16 05:04:24.712016: 
2026-06-16 05:04:24.713534: Epoch 393
2026-06-16 05:04:24.714998: Current learning rate: 0.00638
2026-06-16 05:04:47.100305: train_loss -0.6687
2026-06-16 05:04:47.102684: val_loss -0.478
2026-06-16 05:04:47.104092: Pseudo dice [0.5167]
2026-06-16 05:04:47.105478: Epoch time: 22.39 s
2026-06-16 05:04:48.600651: 
2026-06-16 05:04:48.602230: Epoch 394
2026-06-16 05:04:48.603754: Current learning rate: 0.00637
2026-06-16 05:05:10.947040: train_loss -0.673
2026-06-16 05:05:10.949681: val_loss -0.528
2026-06-16 05:05:10.951158: Pseudo dice [0.5318]
2026-06-16 05:05:10.952750: Epoch time: 22.35 s
2026-06-16 05:05:11.912594: 
2026-06-16 05:05:11.914294: Epoch 395
2026-06-16 05:05:11.915911: Current learning rate: 0.00636
2026-06-16 05:05:34.275017: train_loss -0.684
2026-06-16 05:05:34.277803: val_loss -0.5631
2026-06-16 05:05:34.279339: Pseudo dice [0.5881]
2026-06-16 05:05:34.281075: Epoch time: 22.36 s
2026-06-16 05:05:35.231838: 
2026-06-16 05:05:35.233529: Epoch 396
2026-06-16 05:05:35.234988: Current learning rate: 0.00635
2026-06-16 05:05:57.534363: train_loss -0.6509
2026-06-16 05:05:57.536352: val_loss -0.5596
2026-06-16 05:05:57.537894: Pseudo dice [0.5716]
2026-06-16 05:05:57.539427: Epoch time: 22.3 s
2026-06-16 05:05:58.482541: 
2026-06-16 05:05:58.484281: Epoch 397
2026-06-16 05:05:58.485839: Current learning rate: 0.00634
2026-06-16 05:06:21.001140: train_loss -0.6317
2026-06-16 05:06:21.003745: val_loss -0.5271
2026-06-16 05:06:21.005230: Pseudo dice [0.536]
2026-06-16 05:06:21.006747: Epoch time: 22.52 s
2026-06-16 05:06:21.959664: 
2026-06-16 05:06:21.961208: Epoch 398
2026-06-16 05:06:21.962590: Current learning rate: 0.00633
2026-06-16 05:06:44.349493: train_loss -0.6577
2026-06-16 05:06:44.352880: val_loss -0.5787
2026-06-16 05:06:44.354254: Pseudo dice [0.5879]
2026-06-16 05:06:44.355652: Epoch time: 22.39 s
2026-06-16 05:06:45.304117: 
2026-06-16 05:06:45.305727: Epoch 399
2026-06-16 05:06:45.307071: Current learning rate: 0.00632
2026-06-16 05:07:07.812667: train_loss -0.6713
2026-06-16 05:07:07.815228: val_loss -0.5006
2026-06-16 05:07:07.816671: Pseudo dice [0.5048]
2026-06-16 05:07:07.818028: Epoch time: 22.51 s
2026-06-16 05:07:09.240417: 
2026-06-16 05:07:09.241988: Epoch 400
2026-06-16 05:07:09.243453: Current learning rate: 0.00631
2026-06-16 05:07:31.617925: train_loss -0.6796
2026-06-16 05:07:31.621028: val_loss -0.5147
2026-06-16 05:07:31.622682: Pseudo dice [0.5376]
2026-06-16 05:07:31.624154: Epoch time: 22.38 s
2026-06-16 05:07:32.573359: 
2026-06-16 05:07:32.574898: Epoch 401
2026-06-16 05:07:32.576404: Current learning rate: 0.0063
2026-06-16 05:07:55.024581: train_loss -0.6629
2026-06-16 05:07:55.030955: val_loss -0.5046
2026-06-16 05:07:55.032508: Pseudo dice [0.5063]
2026-06-16 05:07:55.035422: Epoch time: 22.45 s
2026-06-16 05:07:55.980911: 
2026-06-16 05:07:55.982413: Epoch 402
2026-06-16 05:07:55.983795: Current learning rate: 0.0063
2026-06-16 05:08:18.363371: train_loss -0.6685
2026-06-16 05:08:18.371730: val_loss -0.4683
2026-06-16 05:08:18.373161: Pseudo dice [0.5295]
2026-06-16 05:08:18.374521: Epoch time: 22.38 s
2026-06-16 05:08:19.331403: 
2026-06-16 05:08:19.333019: Epoch 403
2026-06-16 05:08:19.334473: Current learning rate: 0.00629
2026-06-16 05:08:41.668518: train_loss -0.6733
2026-06-16 05:08:41.671397: val_loss -0.5544
2026-06-16 05:08:41.672829: Pseudo dice [0.5797]
2026-06-16 05:08:41.674277: Epoch time: 22.34 s
2026-06-16 05:08:42.618861: 
2026-06-16 05:08:42.620631: Epoch 404
2026-06-16 05:08:42.622069: Current learning rate: 0.00628
2026-06-16 05:09:05.000433: train_loss -0.6949
2026-06-16 05:09:05.003747: val_loss -0.5117
2026-06-16 05:09:05.005163: Pseudo dice [0.5305]
2026-06-16 05:09:05.006580: Epoch time: 22.38 s
2026-06-16 05:09:05.951458: 
2026-06-16 05:09:05.953041: Epoch 405
2026-06-16 05:09:05.954452: Current learning rate: 0.00627
2026-06-16 05:09:28.310098: train_loss -0.6896
2026-06-16 05:09:28.333225: val_loss -0.4954
2026-06-16 05:09:28.334899: Pseudo dice [0.5213]
2026-06-16 05:09:28.336923: Epoch time: 22.36 s
2026-06-16 05:09:29.282491: 
2026-06-16 05:09:29.284029: Epoch 406
2026-06-16 05:09:29.285495: Current learning rate: 0.00626
2026-06-16 05:09:51.837713: train_loss -0.6705
2026-06-16 05:09:51.840215: val_loss -0.5729
2026-06-16 05:09:51.841560: Pseudo dice [0.5886]
2026-06-16 05:09:51.842921: Epoch time: 22.56 s
2026-06-16 05:09:52.791497: 
2026-06-16 05:09:52.793150: Epoch 407
2026-06-16 05:09:52.794508: Current learning rate: 0.00625
2026-06-16 05:10:15.150867: train_loss -0.6979
2026-06-16 05:10:15.154093: val_loss -0.5493
2026-06-16 05:10:15.155507: Pseudo dice [0.5529]
2026-06-16 05:10:15.156901: Epoch time: 22.36 s
2026-06-16 05:10:16.108911: 
2026-06-16 05:10:16.110492: Epoch 408
2026-06-16 05:10:16.112332: Current learning rate: 0.00624
2026-06-16 05:10:38.385369: train_loss -0.7019
2026-06-16 05:10:38.388895: val_loss -0.5644
2026-06-16 05:10:38.391162: Pseudo dice [0.5416]
2026-06-16 05:10:38.392686: Epoch time: 22.28 s
2026-06-16 05:10:39.335937: 
2026-06-16 05:10:39.337931: Epoch 409
2026-06-16 05:10:39.339305: Current learning rate: 0.00623
2026-06-16 05:11:01.803286: train_loss -0.6792
2026-06-16 05:11:01.806748: val_loss -0.5408
2026-06-16 05:11:01.808640: Pseudo dice [0.5486]
2026-06-16 05:11:01.831181: Epoch time: 22.47 s
2026-06-16 05:11:03.341566: 
2026-06-16 05:11:03.343399: Epoch 410
2026-06-16 05:11:03.344934: Current learning rate: 0.00622
2026-06-16 05:11:25.798100: train_loss -0.6872
2026-06-16 05:11:25.801356: val_loss -0.5409
2026-06-16 05:11:25.802852: Pseudo dice [0.568]
2026-06-16 05:11:25.804317: Epoch time: 22.46 s
2026-06-16 05:11:26.711020: 
2026-06-16 05:11:26.712514: Epoch 411
2026-06-16 05:11:26.713906: Current learning rate: 0.00621
2026-06-16 05:11:49.140270: train_loss -0.6579
2026-06-16 05:11:49.142902: val_loss -0.4589
2026-06-16 05:11:49.144348: Pseudo dice [0.5202]
2026-06-16 05:11:49.145830: Epoch time: 22.43 s
2026-06-16 05:11:50.052218: 
2026-06-16 05:11:50.053748: Epoch 412
2026-06-16 05:11:50.055114: Current learning rate: 0.0062
2026-06-16 05:12:12.469308: train_loss -0.6669
2026-06-16 05:12:12.471805: val_loss -0.5266
2026-06-16 05:12:12.473244: Pseudo dice [0.5457]
2026-06-16 05:12:12.474662: Epoch time: 22.42 s
2026-06-16 05:12:13.388616: 
2026-06-16 05:12:13.390133: Epoch 413
2026-06-16 05:12:13.391579: Current learning rate: 0.00619
2026-06-16 05:12:35.867721: train_loss -0.6779
2026-06-16 05:12:35.872416: val_loss -0.4988
2026-06-16 05:12:35.876189: Pseudo dice [0.5197]
2026-06-16 05:12:35.879924: Epoch time: 22.48 s
2026-06-16 05:12:36.834353: 
2026-06-16 05:12:36.835813: Epoch 414
2026-06-16 05:12:36.837191: Current learning rate: 0.00618
2026-06-16 05:12:59.207543: train_loss -0.6901
2026-06-16 05:12:59.209960: val_loss -0.4914
2026-06-16 05:12:59.211390: Pseudo dice [0.5329]
2026-06-16 05:12:59.212753: Epoch time: 22.37 s
2026-06-16 05:13:00.121457: 
2026-06-16 05:13:00.123050: Epoch 415
2026-06-16 05:13:00.124431: Current learning rate: 0.00617
2026-06-16 05:13:22.642455: train_loss -0.6837
2026-06-16 05:13:22.645117: val_loss -0.5156
2026-06-16 05:13:22.646451: Pseudo dice [0.5171]
2026-06-16 05:13:22.647775: Epoch time: 22.52 s
2026-06-16 05:13:23.562582: 
2026-06-16 05:13:23.564144: Epoch 416
2026-06-16 05:13:23.565748: Current learning rate: 0.00616
2026-06-16 05:13:46.000546: train_loss -0.6688
2026-06-16 05:13:46.003851: val_loss -0.5557
2026-06-16 05:13:46.005298: Pseudo dice [0.574]
2026-06-16 05:13:46.006685: Epoch time: 22.44 s
2026-06-16 05:13:46.925286: 
2026-06-16 05:13:46.926789: Epoch 417
2026-06-16 05:13:46.928304: Current learning rate: 0.00615
2026-06-16 05:14:09.452620: train_loss -0.6615
2026-06-16 05:14:09.455026: val_loss -0.5479
2026-06-16 05:14:09.456301: Pseudo dice [0.5444]
2026-06-16 05:14:09.457629: Epoch time: 22.53 s
2026-06-16 05:14:10.384477: 
2026-06-16 05:14:10.385962: Epoch 418
2026-06-16 05:14:10.387352: Current learning rate: 0.00614
2026-06-16 05:14:32.828745: train_loss -0.6854
2026-06-16 05:14:32.831139: val_loss -0.5275
2026-06-16 05:14:32.832828: Pseudo dice [0.556]
2026-06-16 05:14:32.834310: Epoch time: 22.45 s
2026-06-16 05:14:33.750762: 
2026-06-16 05:14:33.752300: Epoch 419
2026-06-16 05:14:33.753727: Current learning rate: 0.00613
2026-06-16 05:14:56.197150: train_loss -0.6765
2026-06-16 05:14:56.199966: val_loss -0.4944
2026-06-16 05:14:56.201419: Pseudo dice [0.5142]
2026-06-16 05:14:56.202772: Epoch time: 22.45 s
2026-06-16 05:14:57.124105: 
2026-06-16 05:14:57.125595: Epoch 420
2026-06-16 05:14:57.127011: Current learning rate: 0.00612
2026-06-16 05:15:19.422468: train_loss -0.7005
2026-06-16 05:15:19.425244: val_loss -0.5599
2026-06-16 05:15:19.426836: Pseudo dice [0.5796]
2026-06-16 05:15:19.428824: Epoch time: 22.3 s
2026-06-16 05:15:20.344699: 
2026-06-16 05:15:20.346119: Epoch 421
2026-06-16 05:15:20.347562: Current learning rate: 0.00612
2026-06-16 05:15:42.713244: train_loss -0.6921
2026-06-16 05:15:42.716333: val_loss -0.5655
2026-06-16 05:15:42.717964: Pseudo dice [0.5545]
2026-06-16 05:15:42.719734: Epoch time: 22.37 s
2026-06-16 05:15:43.630980: 
2026-06-16 05:15:43.632529: Epoch 422
2026-06-16 05:15:43.633990: Current learning rate: 0.00611
2026-06-16 05:16:06.044175: train_loss -0.6645
2026-06-16 05:16:06.047626: val_loss -0.5483
2026-06-16 05:16:06.049140: Pseudo dice [0.5428]
2026-06-16 05:16:06.050515: Epoch time: 22.41 s
2026-06-16 05:16:06.972576: 
2026-06-16 05:16:06.973992: Epoch 423
2026-06-16 05:16:06.975354: Current learning rate: 0.0061
2026-06-16 05:16:29.355174: train_loss -0.6667
2026-06-16 05:16:29.358596: val_loss -0.4839
2026-06-16 05:16:29.360295: Pseudo dice [0.534]
2026-06-16 05:16:29.361828: Epoch time: 22.38 s
2026-06-16 05:16:30.287907: 
2026-06-16 05:16:30.289545: Epoch 424
2026-06-16 05:16:30.291374: Current learning rate: 0.00609
2026-06-16 05:16:52.770175: train_loss -0.6643
2026-06-16 05:16:52.772719: val_loss -0.5626
2026-06-16 05:16:52.774355: Pseudo dice [0.5691]
2026-06-16 05:16:52.775806: Epoch time: 22.48 s
2026-06-16 05:16:53.692501: 
2026-06-16 05:16:53.694372: Epoch 425
2026-06-16 05:16:53.696350: Current learning rate: 0.00608
2026-06-16 05:17:17.357124: train_loss -0.6934
2026-06-16 05:17:17.360910: val_loss -0.5616
2026-06-16 05:17:17.362258: Pseudo dice [0.5757]
2026-06-16 05:17:17.363577: Epoch time: 23.67 s
2026-06-16 05:17:18.282917: 
2026-06-16 05:17:18.284374: Epoch 426
2026-06-16 05:17:18.285839: Current learning rate: 0.00607
2026-06-16 05:17:40.638865: train_loss -0.6855
2026-06-16 05:17:40.648421: val_loss -0.5391
2026-06-16 05:17:40.650765: Pseudo dice [0.5334]
2026-06-16 05:17:40.652540: Epoch time: 22.36 s
2026-06-16 05:17:41.566283: 
2026-06-16 05:17:41.567809: Epoch 427
2026-06-16 05:17:41.569198: Current learning rate: 0.00606
2026-06-16 05:18:03.876045: train_loss -0.6874
2026-06-16 05:18:03.878489: val_loss -0.5206
2026-06-16 05:18:03.879882: Pseudo dice [0.5358]
2026-06-16 05:18:03.881303: Epoch time: 22.31 s
2026-06-16 05:18:05.366167: 
2026-06-16 05:18:05.367654: Epoch 428
2026-06-16 05:18:05.369020: Current learning rate: 0.00605
2026-06-16 05:18:27.853885: train_loss -0.6827
2026-06-16 05:18:27.856550: val_loss -0.4988
2026-06-16 05:18:27.858528: Pseudo dice [0.5129]
2026-06-16 05:18:27.859992: Epoch time: 22.49 s
2026-06-16 05:18:28.773176: 
2026-06-16 05:18:28.774687: Epoch 429
2026-06-16 05:18:28.776160: Current learning rate: 0.00604
2026-06-16 05:18:51.268161: train_loss -0.6912
2026-06-16 05:18:51.271709: val_loss -0.5576
2026-06-16 05:18:51.273216: Pseudo dice [0.5749]
2026-06-16 05:18:51.274713: Epoch time: 22.5 s
2026-06-16 05:18:52.196352: 
2026-06-16 05:18:52.197896: Epoch 430
2026-06-16 05:18:52.199303: Current learning rate: 0.00603
2026-06-16 05:19:14.776519: train_loss -0.6717
2026-06-16 05:19:14.778884: val_loss -0.511
2026-06-16 05:19:14.780271: Pseudo dice [0.5255]
2026-06-16 05:19:14.781699: Epoch time: 22.58 s
2026-06-16 05:19:15.696621: 
2026-06-16 05:19:15.698144: Epoch 431
2026-06-16 05:19:15.699471: Current learning rate: 0.00602
2026-06-16 05:19:38.281180: train_loss -0.6618
2026-06-16 05:19:38.284376: val_loss -0.563
2026-06-16 05:19:38.285867: Pseudo dice [0.5509]
2026-06-16 05:19:38.287386: Epoch time: 22.59 s
2026-06-16 05:19:39.212530: 
2026-06-16 05:19:39.214137: Epoch 432
2026-06-16 05:19:39.215506: Current learning rate: 0.00601
2026-06-16 05:20:01.627473: train_loss -0.6534
2026-06-16 05:20:01.629995: val_loss -0.4881
2026-06-16 05:20:01.631444: Pseudo dice [0.5408]
2026-06-16 05:20:01.632962: Epoch time: 22.42 s
2026-06-16 05:20:02.556664: 
2026-06-16 05:20:02.558129: Epoch 433
2026-06-16 05:20:02.559477: Current learning rate: 0.006
2026-06-16 05:20:24.990181: train_loss -0.6756
2026-06-16 05:20:24.992944: val_loss -0.5394
2026-06-16 05:20:24.994327: Pseudo dice [0.5548]
2026-06-16 05:20:24.995769: Epoch time: 22.43 s
2026-06-16 05:20:25.925424: 
2026-06-16 05:20:25.940535: Epoch 434
2026-06-16 05:20:25.947691: Current learning rate: 0.00599
2026-06-16 05:20:48.413381: train_loss -0.6945
2026-06-16 05:20:48.416671: val_loss -0.5134
2026-06-16 05:20:48.418044: Pseudo dice [0.5433]
2026-06-16 05:20:48.419537: Epoch time: 22.49 s
2026-06-16 05:20:49.342048: 
2026-06-16 05:20:49.346792: Epoch 435
2026-06-16 05:20:49.362628: Current learning rate: 0.00598
2026-06-16 05:21:11.843068: train_loss -0.68
2026-06-16 05:21:11.845527: val_loss -0.5309
2026-06-16 05:21:11.846982: Pseudo dice [0.5578]
2026-06-16 05:21:11.848331: Epoch time: 22.5 s
2026-06-16 05:21:12.765452: 
2026-06-16 05:21:12.766979: Epoch 436
2026-06-16 05:21:12.768407: Current learning rate: 0.00597
2026-06-16 05:21:35.305150: train_loss -0.7001
2026-06-16 05:21:35.307632: val_loss -0.5382
2026-06-16 05:21:35.309162: Pseudo dice [0.5449]
2026-06-16 05:21:35.310574: Epoch time: 22.54 s
2026-06-16 05:21:36.229244: 
2026-06-16 05:21:36.230725: Epoch 437
2026-06-16 05:21:36.232058: Current learning rate: 0.00596
2026-06-16 05:21:58.614540: train_loss -0.6673
2026-06-16 05:21:58.618032: val_loss -0.5102
2026-06-16 05:21:58.619375: Pseudo dice [0.4895]
2026-06-16 05:21:58.620767: Epoch time: 22.39 s
2026-06-16 05:21:59.532717: 
2026-06-16 05:21:59.534142: Epoch 438
2026-06-16 05:21:59.535593: Current learning rate: 0.00595
2026-06-16 05:22:21.969806: train_loss -0.6782
2026-06-16 05:22:21.974322: val_loss -0.5163
2026-06-16 05:22:21.977003: Pseudo dice [0.5023]
2026-06-16 05:22:21.978518: Epoch time: 22.44 s
2026-06-16 05:22:22.900846: 
2026-06-16 05:22:22.903337: Epoch 439
2026-06-16 05:22:22.904757: Current learning rate: 0.00594
2026-06-16 05:22:45.268961: train_loss -0.6872
2026-06-16 05:22:45.271421: val_loss -0.4876
2026-06-16 05:22:45.272845: Pseudo dice [0.5206]
2026-06-16 05:22:45.274194: Epoch time: 22.37 s
2026-06-16 05:22:46.193049: 
2026-06-16 05:22:46.194634: Epoch 440
2026-06-16 05:22:46.196122: Current learning rate: 0.00593
2026-06-16 05:23:08.582580: train_loss -0.6788
2026-06-16 05:23:08.585806: val_loss -0.5077
2026-06-16 05:23:08.587247: Pseudo dice [0.5393]
2026-06-16 05:23:08.588783: Epoch time: 22.39 s
2026-06-16 05:23:09.502446: 
2026-06-16 05:23:09.503922: Epoch 441
2026-06-16 05:23:09.505318: Current learning rate: 0.00592
2026-06-16 05:23:31.925975: train_loss -0.6714
2026-06-16 05:23:31.928986: val_loss -0.5491
2026-06-16 05:23:31.930513: Pseudo dice [0.5742]
2026-06-16 05:23:31.931870: Epoch time: 22.42 s
2026-06-16 05:23:32.848990: 
2026-06-16 05:23:32.851598: Epoch 442
2026-06-16 05:23:32.853449: Current learning rate: 0.00592
2026-06-16 05:23:55.254983: train_loss -0.6648
2026-06-16 05:23:55.257600: val_loss -0.4439
2026-06-16 05:23:55.259101: Pseudo dice [0.5006]
2026-06-16 05:23:55.260732: Epoch time: 22.41 s
2026-06-16 05:23:56.175868: 
2026-06-16 05:23:56.177692: Epoch 443
2026-06-16 05:23:56.179929: Current learning rate: 0.00591
2026-06-16 05:24:18.499839: train_loss -0.679
2026-06-16 05:24:18.503384: val_loss -0.4931
2026-06-16 05:24:18.504823: Pseudo dice [0.5229]
2026-06-16 05:24:18.506222: Epoch time: 22.32 s
2026-06-16 05:24:19.416902: 
2026-06-16 05:24:19.418799: Epoch 444
2026-06-16 05:24:19.420338: Current learning rate: 0.0059
2026-06-16 05:24:41.784628: train_loss -0.6688
2026-06-16 05:24:41.786512: val_loss -0.5564
2026-06-16 05:24:41.787933: Pseudo dice [0.5821]
2026-06-16 05:24:41.789333: Epoch time: 22.37 s
2026-06-16 05:24:42.706105: 
2026-06-16 05:24:42.710801: Epoch 445
2026-06-16 05:24:42.712265: Current learning rate: 0.00589
2026-06-16 05:25:04.937355: train_loss -0.6861
2026-06-16 05:25:04.940521: val_loss -0.5483
2026-06-16 05:25:04.942052: Pseudo dice [0.5765]
2026-06-16 05:25:04.943518: Epoch time: 22.23 s
2026-06-16 05:25:06.423418: 
2026-06-16 05:25:06.425727: Epoch 446
2026-06-16 05:25:06.427204: Current learning rate: 0.00588
2026-06-16 05:25:28.915567: train_loss -0.6813
2026-06-16 05:25:28.919020: val_loss -0.5523
2026-06-16 05:25:28.920528: Pseudo dice [0.568]
2026-06-16 05:25:28.922123: Epoch time: 22.49 s
2026-06-16 05:25:29.828673: 
2026-06-16 05:25:29.830421: Epoch 447
2026-06-16 05:25:29.831846: Current learning rate: 0.00587
2026-06-16 05:25:52.185663: train_loss -0.6966
2026-06-16 05:25:52.188367: val_loss -0.5139
2026-06-16 05:25:52.189929: Pseudo dice [0.543]
2026-06-16 05:25:52.191430: Epoch time: 22.36 s
2026-06-16 05:25:53.091858: 
2026-06-16 05:25:53.093583: Epoch 448
2026-06-16 05:25:53.095064: Current learning rate: 0.00586
2026-06-16 05:26:15.493613: train_loss -0.6801
2026-06-16 05:26:15.496224: val_loss -0.5381
2026-06-16 05:26:15.497816: Pseudo dice [0.5521]
2026-06-16 05:26:15.499441: Epoch time: 22.4 s
2026-06-16 05:26:16.408527: 
2026-06-16 05:26:16.410008: Epoch 449
2026-06-16 05:26:16.411517: Current learning rate: 0.00585
2026-06-16 05:26:38.766757: train_loss -0.6644
2026-06-16 05:26:38.770275: val_loss -0.5016
2026-06-16 05:26:38.771969: Pseudo dice [0.5301]
2026-06-16 05:26:38.773554: Epoch time: 22.36 s
2026-06-16 05:26:40.177418: 
2026-06-16 05:26:40.193870: Epoch 450
2026-06-16 05:26:40.198051: Current learning rate: 0.00584
2026-06-16 05:27:02.589210: train_loss -0.6721
2026-06-16 05:27:02.591574: val_loss -0.5387
2026-06-16 05:27:02.593086: Pseudo dice [0.5387]
2026-06-16 05:27:02.594640: Epoch time: 22.41 s
2026-06-16 05:27:03.497490: 
2026-06-16 05:27:03.499138: Epoch 451
2026-06-16 05:27:03.500740: Current learning rate: 0.00583
2026-06-16 05:27:25.940659: train_loss -0.6593
2026-06-16 05:27:25.943470: val_loss -0.5404
2026-06-16 05:27:25.945200: Pseudo dice [0.5691]
2026-06-16 05:27:25.948627: Epoch time: 22.44 s
2026-06-16 05:27:26.868742: 
2026-06-16 05:27:26.870694: Epoch 452
2026-06-16 05:27:26.872519: Current learning rate: 0.00582
2026-06-16 05:27:49.203683: train_loss -0.6813
2026-06-16 05:27:49.209635: val_loss -0.5436
2026-06-16 05:27:49.211521: Pseudo dice [0.5654]
2026-06-16 05:27:49.213498: Epoch time: 22.34 s
2026-06-16 05:27:50.128636: 
2026-06-16 05:27:50.130319: Epoch 453
2026-06-16 05:27:50.131701: Current learning rate: 0.00581
2026-06-16 05:28:12.457674: train_loss -0.6745
2026-06-16 05:28:12.460288: val_loss -0.5346
2026-06-16 05:28:12.461662: Pseudo dice [0.5441]
2026-06-16 05:28:12.463077: Epoch time: 22.33 s
2026-06-16 05:28:13.379463: 
2026-06-16 05:28:13.381013: Epoch 454
2026-06-16 05:28:13.382528: Current learning rate: 0.0058
2026-06-16 05:28:35.764349: train_loss -0.6794
2026-06-16 05:28:35.766884: val_loss -0.5476
2026-06-16 05:28:35.768300: Pseudo dice [0.5635]
2026-06-16 05:28:35.769688: Epoch time: 22.39 s
2026-06-16 05:28:36.682364: 
2026-06-16 05:28:36.683878: Epoch 455
2026-06-16 05:28:36.685302: Current learning rate: 0.00579
2026-06-16 05:28:59.074553: train_loss -0.676
2026-06-16 05:28:59.077878: val_loss -0.4972
2026-06-16 05:28:59.079316: Pseudo dice [0.531]
2026-06-16 05:28:59.080679: Epoch time: 22.39 s
2026-06-16 05:28:59.988819: 
2026-06-16 05:28:59.990305: Epoch 456
2026-06-16 05:28:59.991923: Current learning rate: 0.00578
2026-06-16 05:29:22.403981: train_loss -0.6728
2026-06-16 05:29:22.406934: val_loss -0.5404
2026-06-16 05:29:22.408325: Pseudo dice [0.5468]
2026-06-16 05:29:22.409731: Epoch time: 22.42 s
2026-06-16 05:29:23.323201: 
2026-06-16 05:29:23.325766: Epoch 457
2026-06-16 05:29:23.327092: Current learning rate: 0.00577
2026-06-16 05:29:45.694915: train_loss -0.694
2026-06-16 05:29:45.697633: val_loss -0.5485
2026-06-16 05:29:45.699055: Pseudo dice [0.566]
2026-06-16 05:29:45.700428: Epoch time: 22.37 s
2026-06-16 05:29:46.610285: 
2026-06-16 05:29:46.611791: Epoch 458
2026-06-16 05:29:46.613348: Current learning rate: 0.00576
2026-06-16 05:30:09.179468: train_loss -0.67
2026-06-16 05:30:09.182561: val_loss -0.5257
2026-06-16 05:30:09.183862: Pseudo dice [0.5499]
2026-06-16 05:30:09.185246: Epoch time: 22.57 s
2026-06-16 05:30:10.098614: 
2026-06-16 05:30:10.100121: Epoch 459
2026-06-16 05:30:10.101565: Current learning rate: 0.00575
2026-06-16 05:30:32.524904: train_loss -0.6641
2026-06-16 05:30:32.527175: val_loss -0.4911
2026-06-16 05:30:32.528614: Pseudo dice [0.5286]
2026-06-16 05:30:32.530144: Epoch time: 22.43 s
2026-06-16 05:30:33.443986: 
2026-06-16 05:30:33.445468: Epoch 460
2026-06-16 05:30:33.446905: Current learning rate: 0.00574
2026-06-16 05:30:55.923832: train_loss -0.6681
2026-06-16 05:30:55.926567: val_loss -0.5648
2026-06-16 05:30:55.928284: Pseudo dice [0.5812]
2026-06-16 05:30:55.929691: Epoch time: 22.48 s
2026-06-16 05:30:56.849968: 
2026-06-16 05:30:56.851424: Epoch 461
2026-06-16 05:30:56.852830: Current learning rate: 0.00573
2026-06-16 05:31:19.163642: train_loss -0.6663
2026-06-16 05:31:19.172767: val_loss -0.4842
2026-06-16 05:31:19.174882: Pseudo dice [0.5285]
2026-06-16 05:31:19.177189: Epoch time: 22.31 s
2026-06-16 05:31:20.093641: 
2026-06-16 05:31:20.095087: Epoch 462
2026-06-16 05:31:20.096543: Current learning rate: 0.00572
2026-06-16 05:31:42.427845: train_loss -0.6777
2026-06-16 05:31:42.430519: val_loss -0.5216
2026-06-16 05:31:42.432170: Pseudo dice [0.5397]
2026-06-16 05:31:42.433542: Epoch time: 22.34 s
2026-06-16 05:31:43.353533: 
2026-06-16 05:31:43.355009: Epoch 463
2026-06-16 05:31:43.356405: Current learning rate: 0.00571
2026-06-16 05:32:05.875257: train_loss -0.6856
2026-06-16 05:32:05.877628: val_loss -0.5102
2026-06-16 05:32:05.879117: Pseudo dice [0.5451]
2026-06-16 05:32:05.880472: Epoch time: 22.52 s
2026-06-16 05:32:07.347581: 
2026-06-16 05:32:07.349555: Epoch 464
2026-06-16 05:32:07.350984: Current learning rate: 0.0057
2026-06-16 05:32:29.745951: train_loss -0.6996
2026-06-16 05:32:29.750309: val_loss -0.5223
2026-06-16 05:32:29.751696: Pseudo dice [0.5329]
2026-06-16 05:32:29.753446: Epoch time: 22.4 s
2026-06-16 05:32:30.679915: 
2026-06-16 05:32:30.681439: Epoch 465
2026-06-16 05:32:30.682835: Current learning rate: 0.0057
2026-06-16 05:32:53.246729: train_loss -0.698
2026-06-16 05:32:53.249134: val_loss -0.5233
2026-06-16 05:32:53.250585: Pseudo dice [0.5405]
2026-06-16 05:32:53.251947: Epoch time: 22.57 s
2026-06-16 05:32:54.180557: 
2026-06-16 05:32:54.182174: Epoch 466
2026-06-16 05:32:54.183680: Current learning rate: 0.00569
2026-06-16 05:33:16.577599: train_loss -0.6929
2026-06-16 05:33:16.579586: val_loss -0.5104
2026-06-16 05:33:16.581329: Pseudo dice [0.5377]
2026-06-16 05:33:16.583147: Epoch time: 22.4 s
2026-06-16 05:33:17.498306: 
2026-06-16 05:33:17.499914: Epoch 467
2026-06-16 05:33:17.501365: Current learning rate: 0.00568
2026-06-16 05:33:39.943270: train_loss -0.7033
2026-06-16 05:33:39.947006: val_loss -0.5899
2026-06-16 05:33:39.948497: Pseudo dice [0.5982]
2026-06-16 05:33:39.949903: Epoch time: 22.45 s
2026-06-16 05:33:40.868593: 
2026-06-16 05:33:40.870168: Epoch 468
2026-06-16 05:33:40.871836: Current learning rate: 0.00567
2026-06-16 05:34:03.265015: train_loss -0.6716
2026-06-16 05:34:03.267695: val_loss -0.5772
2026-06-16 05:34:03.269010: Pseudo dice [0.5701]
2026-06-16 05:34:03.270303: Epoch time: 22.4 s
2026-06-16 05:34:04.178953: 
2026-06-16 05:34:04.180437: Epoch 469
2026-06-16 05:34:04.181815: Current learning rate: 0.00566
2026-06-16 05:34:26.582069: train_loss -0.6728
2026-06-16 05:34:26.584592: val_loss -0.5035
2026-06-16 05:34:26.585938: Pseudo dice [0.5267]
2026-06-16 05:34:26.587320: Epoch time: 22.4 s
2026-06-16 05:34:27.492434: 
2026-06-16 05:34:27.494122: Epoch 470
2026-06-16 05:34:27.495487: Current learning rate: 0.00565
2026-06-16 05:34:49.939136: train_loss -0.6569
2026-06-16 05:34:49.942508: val_loss -0.501
2026-06-16 05:34:49.943983: Pseudo dice [0.5145]
2026-06-16 05:34:49.945316: Epoch time: 22.45 s
2026-06-16 05:34:51.028140: 
2026-06-16 05:34:51.029985: Epoch 471
2026-06-16 05:34:51.031443: Current learning rate: 0.00564
2026-06-16 05:35:13.447736: train_loss -0.6521
2026-06-16 05:35:13.450370: val_loss -0.5293
2026-06-16 05:35:13.451730: Pseudo dice [0.5402]
2026-06-16 05:35:13.453095: Epoch time: 22.42 s
2026-06-16 05:35:14.373291: 
2026-06-16 05:35:14.374888: Epoch 472
2026-06-16 05:35:14.376307: Current learning rate: 0.00563
2026-06-16 05:35:36.740289: train_loss -0.6757
2026-06-16 05:35:36.742906: val_loss -0.5387
2026-06-16 05:35:36.744312: Pseudo dice [0.5666]
2026-06-16 05:35:36.745815: Epoch time: 22.37 s
2026-06-16 05:35:37.647416: 
2026-06-16 05:35:37.649008: Epoch 473
2026-06-16 05:35:37.650556: Current learning rate: 0.00562
2026-06-16 05:36:00.015300: train_loss -0.6663
2026-06-16 05:36:00.020167: val_loss -0.5299
2026-06-16 05:36:00.021688: Pseudo dice [0.5521]
2026-06-16 05:36:00.023180: Epoch time: 22.37 s
2026-06-16 05:36:00.930933: 
2026-06-16 05:36:00.937526: Epoch 474
2026-06-16 05:36:00.939234: Current learning rate: 0.00561
2026-06-16 05:36:23.340665: train_loss -0.6668
2026-06-16 05:36:23.343767: val_loss -0.548
2026-06-16 05:36:23.345237: Pseudo dice [0.5661]
2026-06-16 05:36:23.346599: Epoch time: 22.41 s
2026-06-16 05:36:24.255417: 
2026-06-16 05:36:24.256988: Epoch 475
2026-06-16 05:36:24.258562: Current learning rate: 0.0056
2026-06-16 05:36:46.647511: train_loss -0.6705
2026-06-16 05:36:46.649981: val_loss -0.4964
2026-06-16 05:36:46.654769: Pseudo dice [0.5406]
2026-06-16 05:36:46.656287: Epoch time: 22.39 s
2026-06-16 05:36:47.562254: 
2026-06-16 05:36:47.568386: Epoch 476
2026-06-16 05:36:47.571487: Current learning rate: 0.00559
2026-06-16 05:37:09.944392: train_loss -0.6922
2026-06-16 05:37:09.947589: val_loss -0.5182
2026-06-16 05:37:09.949032: Pseudo dice [0.5375]
2026-06-16 05:37:09.950332: Epoch time: 22.38 s
2026-06-16 05:37:10.872218: 
2026-06-16 05:37:10.873804: Epoch 477
2026-06-16 05:37:10.875227: Current learning rate: 0.00558
2026-06-16 05:37:33.483617: train_loss -0.657
2026-06-16 05:37:33.485932: val_loss -0.5394
2026-06-16 05:37:33.487285: Pseudo dice [0.5449]
2026-06-16 05:37:33.488603: Epoch time: 22.61 s
2026-06-16 05:37:34.404515: 
2026-06-16 05:37:34.405871: Epoch 478
2026-06-16 05:37:34.407249: Current learning rate: 0.00557
2026-06-16 05:37:56.759598: train_loss -0.688
2026-06-16 05:37:56.764166: val_loss -0.4944
2026-06-16 05:37:56.765640: Pseudo dice [0.533]
2026-06-16 05:37:56.767151: Epoch time: 22.36 s
2026-06-16 05:37:57.682604: 
2026-06-16 05:37:57.684203: Epoch 479
2026-06-16 05:37:57.685671: Current learning rate: 0.00556
2026-06-16 05:38:20.049997: train_loss -0.7005
2026-06-16 05:38:20.053063: val_loss -0.5595
2026-06-16 05:38:20.054590: Pseudo dice [0.5755]
2026-06-16 05:38:20.055970: Epoch time: 22.37 s
2026-06-16 05:38:20.975810: 
2026-06-16 05:38:20.979175: Epoch 480
2026-06-16 05:38:20.981768: Current learning rate: 0.00555
2026-06-16 05:38:43.295409: train_loss -0.7034
2026-06-16 05:38:43.298147: val_loss -0.5134
2026-06-16 05:38:43.299596: Pseudo dice [0.5545]
2026-06-16 05:38:43.300974: Epoch time: 22.32 s
2026-06-16 05:38:44.229354: 
2026-06-16 05:38:44.230840: Epoch 481
2026-06-16 05:38:44.234200: Current learning rate: 0.00554
2026-06-16 05:39:06.550395: train_loss -0.7029
2026-06-16 05:39:06.553223: val_loss -0.5456
2026-06-16 05:39:06.554682: Pseudo dice [0.565]
2026-06-16 05:39:06.556186: Epoch time: 22.32 s
2026-06-16 05:39:08.042101: 
2026-06-16 05:39:08.043821: Epoch 482
2026-06-16 05:39:08.045279: Current learning rate: 0.00553
2026-06-16 05:39:30.466309: train_loss -0.6956
2026-06-16 05:39:30.468998: val_loss -0.5546
2026-06-16 05:39:30.470563: Pseudo dice [0.5764]
2026-06-16 05:39:30.472403: Epoch time: 22.43 s
2026-06-16 05:39:31.388424: 
2026-06-16 05:39:31.390257: Epoch 483
2026-06-16 05:39:31.391643: Current learning rate: 0.00552
2026-06-16 05:39:53.977617: train_loss -0.7169
2026-06-16 05:39:53.980182: val_loss -0.5236
2026-06-16 05:39:53.981647: Pseudo dice [0.5316]
2026-06-16 05:39:53.983421: Epoch time: 22.59 s
2026-06-16 05:39:54.910518: 
2026-06-16 05:39:54.912380: Epoch 484
2026-06-16 05:39:54.915313: Current learning rate: 0.00551
2026-06-16 05:40:17.336354: train_loss -0.7207
2026-06-16 05:40:17.338638: val_loss -0.6046
2026-06-16 05:40:17.340095: Pseudo dice [0.6013]
2026-06-16 05:40:17.341508: Epoch time: 22.43 s
2026-06-16 05:40:18.254616: 
2026-06-16 05:40:18.256211: Epoch 485
2026-06-16 05:40:18.257536: Current learning rate: 0.0055
2026-06-16 05:40:40.707766: train_loss -0.7276
2026-06-16 05:40:40.711097: val_loss -0.5378
2026-06-16 05:40:40.712627: Pseudo dice [0.5705]
2026-06-16 05:40:40.714010: Epoch time: 22.45 s
2026-06-16 05:40:41.633052: 
2026-06-16 05:40:41.634648: Epoch 486
2026-06-16 05:40:41.636059: Current learning rate: 0.00549
2026-06-16 05:41:04.118028: train_loss -0.7066
2026-06-16 05:41:04.120502: val_loss -0.4312
2026-06-16 05:41:04.121986: Pseudo dice [0.478]
2026-06-16 05:41:04.123341: Epoch time: 22.49 s
2026-06-16 05:41:05.038307: 
2026-06-16 05:41:05.039875: Epoch 487
2026-06-16 05:41:05.041410: Current learning rate: 0.00548
2026-06-16 05:41:27.443336: train_loss -0.6637
2026-06-16 05:41:27.445958: val_loss -0.4913
2026-06-16 05:41:27.447474: Pseudo dice [0.5176]
2026-06-16 05:41:27.448956: Epoch time: 22.41 s
2026-06-16 05:41:28.363417: 
2026-06-16 05:41:28.365021: Epoch 488
2026-06-16 05:41:28.366949: Current learning rate: 0.00547
2026-06-16 05:41:50.820207: train_loss -0.6844
2026-06-16 05:41:50.823415: val_loss -0.4616
2026-06-16 05:41:50.824936: Pseudo dice [0.5224]
2026-06-16 05:41:50.826311: Epoch time: 22.46 s
2026-06-16 05:41:51.756008: 
2026-06-16 05:41:51.757581: Epoch 489
2026-06-16 05:41:51.759029: Current learning rate: 0.00546
2026-06-16 05:42:14.180269: train_loss -0.6803
2026-06-16 05:42:14.182674: val_loss -0.5191
2026-06-16 05:42:14.184183: Pseudo dice [0.5459]
2026-06-16 05:42:14.185451: Epoch time: 22.43 s
2026-06-16 05:42:15.104169: 
2026-06-16 05:42:15.105743: Epoch 490
2026-06-16 05:42:15.107303: Current learning rate: 0.00546
2026-06-16 05:42:37.499083: train_loss -0.7034
2026-06-16 05:42:37.501637: val_loss -0.5188
2026-06-16 05:42:37.503053: Pseudo dice [0.5435]
2026-06-16 05:42:37.504381: Epoch time: 22.4 s
2026-06-16 05:42:38.422653: 
2026-06-16 05:42:38.424233: Epoch 491
2026-06-16 05:42:38.425627: Current learning rate: 0.00545
2026-06-16 05:43:00.876991: train_loss -0.6965
2026-06-16 05:43:00.883162: val_loss -0.4933
2026-06-16 05:43:00.885470: Pseudo dice [0.5605]
2026-06-16 05:43:00.889012: Epoch time: 22.46 s
2026-06-16 05:43:01.820617: 
2026-06-16 05:43:01.822216: Epoch 492
2026-06-16 05:43:01.823729: Current learning rate: 0.00544
2026-06-16 05:43:24.198438: train_loss -0.6959
2026-06-16 05:43:24.200928: val_loss -0.5385
2026-06-16 05:43:24.202429: Pseudo dice [0.5707]
2026-06-16 05:43:24.203822: Epoch time: 22.38 s
2026-06-16 05:43:25.129740: 
2026-06-16 05:43:25.131192: Epoch 493
2026-06-16 05:43:25.132887: Current learning rate: 0.00543
2026-06-16 05:43:47.566725: train_loss -0.6657
2026-06-16 05:43:47.569880: val_loss -0.4816
2026-06-16 05:43:47.571374: Pseudo dice [0.4975]
2026-06-16 05:43:47.572756: Epoch time: 22.44 s
2026-06-16 05:43:48.493113: 
2026-06-16 05:43:48.494685: Epoch 494
2026-06-16 05:43:48.496231: Current learning rate: 0.00542
2026-06-16 05:44:10.787643: train_loss -0.6882
2026-06-16 05:44:10.790991: val_loss -0.5006
2026-06-16 05:44:10.792432: Pseudo dice [0.5442]
2026-06-16 05:44:10.793872: Epoch time: 22.3 s
2026-06-16 05:44:11.702989: 
2026-06-16 05:44:11.704577: Epoch 495
2026-06-16 05:44:11.705986: Current learning rate: 0.00541
2026-06-16 05:44:34.187051: train_loss -0.6616
2026-06-16 05:44:34.191692: val_loss -0.55
2026-06-16 05:44:34.193532: Pseudo dice [0.5863]
2026-06-16 05:44:34.195216: Epoch time: 22.49 s
2026-06-16 05:44:35.114646: 
2026-06-16 05:44:35.116287: Epoch 496
2026-06-16 05:44:35.117688: Current learning rate: 0.0054
2026-06-16 05:44:57.460274: train_loss -0.676
2026-06-16 05:44:57.462944: val_loss -0.4811
2026-06-16 05:44:57.464366: Pseudo dice [0.525]
2026-06-16 05:44:57.465879: Epoch time: 22.35 s
2026-06-16 05:44:58.384865: 
2026-06-16 05:44:58.386733: Epoch 497
2026-06-16 05:44:58.388318: Current learning rate: 0.00539
2026-06-16 05:45:20.833230: train_loss -0.6748
2026-06-16 05:45:20.835883: val_loss -0.537
2026-06-16 05:45:20.837373: Pseudo dice [0.5584]
2026-06-16 05:45:20.838929: Epoch time: 22.45 s
2026-06-16 05:45:21.755121: 
2026-06-16 05:45:21.756734: Epoch 498
2026-06-16 05:45:21.758098: Current learning rate: 0.00538
2026-06-16 05:45:44.142331: train_loss -0.7122
2026-06-16 05:45:44.144832: val_loss -0.5149
2026-06-16 05:45:44.146160: Pseudo dice [0.5413]
2026-06-16 05:45:44.147530: Epoch time: 22.39 s
2026-06-16 05:45:45.063462: 
2026-06-16 05:45:45.064905: Epoch 499
2026-06-16 05:45:45.066234: Current learning rate: 0.00537
2026-06-16 05:46:07.424538: train_loss -0.6977
2026-06-16 05:46:07.427352: val_loss -0.5805
2026-06-16 05:46:07.429071: Pseudo dice [0.5638]
2026-06-16 05:46:07.430523: Epoch time: 22.36 s
2026-06-16 05:46:09.398952: 
2026-06-16 05:46:09.400506: Epoch 500
2026-06-16 05:46:09.401991: Current learning rate: 0.00536
2026-06-16 05:46:31.889869: train_loss -0.71
2026-06-16 05:46:31.893583: val_loss -0.4751
2026-06-16 05:46:31.895627: Pseudo dice [0.5054]
2026-06-16 05:46:31.897094: Epoch time: 22.49 s
2026-06-16 05:46:32.823142: 
2026-06-16 05:46:32.824749: Epoch 501
2026-06-16 05:46:32.826314: Current learning rate: 0.00535
2026-06-16 05:46:55.187503: train_loss -0.7038
2026-06-16 05:46:55.190149: val_loss -0.5564
2026-06-16 05:46:55.191619: Pseudo dice [0.5699]
2026-06-16 05:46:55.192995: Epoch time: 22.37 s
2026-06-16 05:46:56.108469: 
2026-06-16 05:46:56.110021: Epoch 502
2026-06-16 05:46:56.111517: Current learning rate: 0.00534
2026-06-16 05:47:18.539751: train_loss -0.7031
2026-06-16 05:47:18.542243: val_loss -0.5436
2026-06-16 05:47:18.543676: Pseudo dice [0.5386]
2026-06-16 05:47:18.545019: Epoch time: 22.43 s
2026-06-16 05:47:19.470916: 
2026-06-16 05:47:19.472545: Epoch 503
2026-06-16 05:47:19.473877: Current learning rate: 0.00533
2026-06-16 05:47:41.861400: train_loss -0.6979
2026-06-16 05:47:41.865766: val_loss -0.4941
2026-06-16 05:47:41.869208: Pseudo dice [0.5272]
2026-06-16 05:47:41.871882: Epoch time: 22.39 s
2026-06-16 05:47:42.796828: 
2026-06-16 05:47:42.798583: Epoch 504
2026-06-16 05:47:42.800087: Current learning rate: 0.00532
2026-06-16 05:48:05.316834: train_loss -0.6992
2026-06-16 05:48:05.318719: val_loss -0.4675
2026-06-16 05:48:05.320126: Pseudo dice [0.4929]
2026-06-16 05:48:05.321573: Epoch time: 22.52 s
2026-06-16 05:48:06.230088: 
2026-06-16 05:48:06.231670: Epoch 505
2026-06-16 05:48:06.233032: Current learning rate: 0.00531
2026-06-16 05:48:28.630563: train_loss -0.7011
2026-06-16 05:48:28.633181: val_loss -0.5825
2026-06-16 05:48:28.634707: Pseudo dice [0.5908]
2026-06-16 05:48:28.636228: Epoch time: 22.4 s
2026-06-16 05:48:29.560110: 
2026-06-16 05:48:29.561643: Epoch 506
2026-06-16 05:48:29.563187: Current learning rate: 0.0053
2026-06-16 05:48:51.954195: train_loss -0.7032
2026-06-16 05:48:51.957612: val_loss -0.5085
2026-06-16 05:48:51.959106: Pseudo dice [0.5489]
2026-06-16 05:48:51.960537: Epoch time: 22.4 s
2026-06-16 05:48:52.886284: 
2026-06-16 05:48:52.887983: Epoch 507
2026-06-16 05:48:52.889348: Current learning rate: 0.00529
2026-06-16 05:49:15.357357: train_loss -0.6945
2026-06-16 05:49:15.359761: val_loss -0.5279
2026-06-16 05:49:15.361138: Pseudo dice [0.5544]
2026-06-16 05:49:15.362574: Epoch time: 22.47 s
2026-06-16 05:49:16.295014: 
2026-06-16 05:49:16.297045: Epoch 508
2026-06-16 05:49:16.298683: Current learning rate: 0.00528
2026-06-16 05:49:38.761367: train_loss -0.6964
2026-06-16 05:49:38.764180: val_loss -0.5683
2026-06-16 05:49:38.765721: Pseudo dice [0.5776]
2026-06-16 05:49:38.767260: Epoch time: 22.47 s
2026-06-16 05:49:39.695704: 
2026-06-16 05:49:39.697167: Epoch 509
2026-06-16 05:49:39.698598: Current learning rate: 0.00527
2026-06-16 05:50:02.111246: train_loss -0.7043
2026-06-16 05:50:02.114424: val_loss -0.5211
2026-06-16 05:50:02.115762: Pseudo dice [0.5382]
2026-06-16 05:50:02.117115: Epoch time: 22.42 s
2026-06-16 05:50:03.051912: 
2026-06-16 05:50:03.053448: Epoch 510
2026-06-16 05:50:03.054894: Current learning rate: 0.00526
2026-06-16 05:50:25.459894: train_loss -0.7011
2026-06-16 05:50:25.465056: val_loss -0.5081
2026-06-16 05:50:25.469159: Pseudo dice [0.5246]
2026-06-16 05:50:25.470665: Epoch time: 22.41 s
2026-06-16 05:50:26.398193: 
2026-06-16 05:50:26.400702: Epoch 511
2026-06-16 05:50:26.403094: Current learning rate: 0.00525
2026-06-16 05:50:48.839875: train_loss -0.7002
2026-06-16 05:50:48.842312: val_loss -0.5216
2026-06-16 05:50:48.843649: Pseudo dice [0.5587]
2026-06-16 05:50:48.845015: Epoch time: 22.44 s
2026-06-16 05:50:49.761272: 
2026-06-16 05:50:49.762632: Epoch 512
2026-06-16 05:50:49.764030: Current learning rate: 0.00524
2026-06-16 05:51:12.232262: train_loss -0.7054
2026-06-16 05:51:12.234895: val_loss -0.5869
2026-06-16 05:51:12.236296: Pseudo dice [0.5852]
2026-06-16 05:51:12.237640: Epoch time: 22.47 s
2026-06-16 05:51:13.156064: 
2026-06-16 05:51:13.157853: Epoch 513
2026-06-16 05:51:13.159564: Current learning rate: 0.00523
2026-06-16 05:51:35.464323: train_loss -0.7119
2026-06-16 05:51:35.466316: val_loss -0.5986
2026-06-16 05:51:35.467638: Pseudo dice [0.587]
2026-06-16 05:51:35.469141: Epoch time: 22.31 s
2026-06-16 05:51:36.385530: 
2026-06-16 05:51:36.387428: Epoch 514
2026-06-16 05:51:36.388824: Current learning rate: 0.00522
2026-06-16 05:51:58.844402: train_loss -0.6993
2026-06-16 05:51:58.846865: val_loss -0.5097
2026-06-16 05:51:58.848321: Pseudo dice [0.5532]
2026-06-16 05:51:58.849733: Epoch time: 22.46 s
2026-06-16 05:51:59.779624: 
2026-06-16 05:51:59.781133: Epoch 515
2026-06-16 05:51:59.782693: Current learning rate: 0.00521
2026-06-16 05:52:22.088550: train_loss -0.7095
2026-06-16 05:52:22.091648: val_loss -0.6043
2026-06-16 05:52:22.093003: Pseudo dice [0.6058]
2026-06-16 05:52:22.094295: Epoch time: 22.31 s
2026-06-16 05:52:22.095731: Yayy! New best EMA pseudo Dice: 0.5592
2026-06-16 05:52:23.513488: 
2026-06-16 05:52:23.514968: Epoch 516
2026-06-16 05:52:23.516420: Current learning rate: 0.0052
2026-06-16 05:52:45.908924: train_loss -0.7266
2026-06-16 05:52:45.911310: val_loss -0.525
2026-06-16 05:52:45.912740: Pseudo dice [0.5733]
2026-06-16 05:52:45.914121: Epoch time: 22.4 s
2026-06-16 05:52:45.915568: Yayy! New best EMA pseudo Dice: 0.5606
2026-06-16 05:52:47.857226: 
2026-06-16 05:52:47.858688: Epoch 517
2026-06-16 05:52:47.860086: Current learning rate: 0.00519
2026-06-16 05:53:10.299505: train_loss -0.7003
2026-06-16 05:53:10.302396: val_loss -0.509
2026-06-16 05:53:10.303936: Pseudo dice [0.5559]
2026-06-16 05:53:10.305412: Epoch time: 22.44 s
2026-06-16 05:53:11.240745: 
2026-06-16 05:53:11.243304: Epoch 518
2026-06-16 05:53:11.244914: Current learning rate: 0.00518
2026-06-16 05:53:33.703254: train_loss -0.6907
2026-06-16 05:53:33.706966: val_loss -0.526
2026-06-16 05:53:33.708488: Pseudo dice [0.556]
2026-06-16 05:53:33.709892: Epoch time: 22.46 s
2026-06-16 05:53:34.627680: 
2026-06-16 05:53:34.629494: Epoch 519
2026-06-16 05:53:34.630848: Current learning rate: 0.00518
2026-06-16 05:53:57.077318: train_loss -0.7073
2026-06-16 05:53:57.079633: val_loss -0.5746
2026-06-16 05:53:57.081051: Pseudo dice [0.5886]
2026-06-16 05:53:57.082684: Epoch time: 22.45 s
2026-06-16 05:53:57.083943: Yayy! New best EMA pseudo Dice: 0.5626
2026-06-16 05:53:58.518528: 
2026-06-16 05:53:58.525258: Epoch 520
2026-06-16 05:53:58.527026: Current learning rate: 0.00517
2026-06-16 05:54:21.041453: train_loss -0.7051
2026-06-16 05:54:21.044023: val_loss -0.6072
2026-06-16 05:54:21.045378: Pseudo dice [0.604]
2026-06-16 05:54:21.046836: Epoch time: 22.52 s
2026-06-16 05:54:21.048205: Yayy! New best EMA pseudo Dice: 0.5667
2026-06-16 05:54:22.461742: 
2026-06-16 05:54:22.463226: Epoch 521
2026-06-16 05:54:22.464617: Current learning rate: 0.00516
2026-06-16 05:54:44.915487: train_loss -0.7055
2026-06-16 05:54:44.918730: val_loss -0.5598
2026-06-16 05:54:44.920191: Pseudo dice [0.5758]
2026-06-16 05:54:44.921602: Epoch time: 22.45 s
2026-06-16 05:54:44.922972: Yayy! New best EMA pseudo Dice: 0.5677
2026-06-16 05:54:46.338059: 
2026-06-16 05:54:46.339622: Epoch 522
2026-06-16 05:54:46.340973: Current learning rate: 0.00515
2026-06-16 05:55:08.844978: train_loss -0.7264
2026-06-16 05:55:08.847934: val_loss -0.4983
2026-06-16 05:55:08.849807: Pseudo dice [0.5655]
2026-06-16 05:55:08.851840: Epoch time: 22.51 s
2026-06-16 05:55:09.786042: 
2026-06-16 05:55:09.787700: Epoch 523
2026-06-16 05:55:09.789266: Current learning rate: 0.00514
2026-06-16 05:55:32.190449: train_loss -0.7089
2026-06-16 05:55:32.200394: val_loss -0.4772
2026-06-16 05:55:32.221296: Pseudo dice [0.5566]
2026-06-16 05:55:32.223337: Epoch time: 22.41 s
2026-06-16 05:55:33.156168: 
2026-06-16 05:55:33.157706: Epoch 524
2026-06-16 05:55:33.159170: Current learning rate: 0.00513
2026-06-16 05:55:55.513588: train_loss -0.7022
2026-06-16 05:55:55.519530: val_loss -0.4916
2026-06-16 05:55:55.521093: Pseudo dice [0.5517]
2026-06-16 05:55:55.522534: Epoch time: 22.36 s
2026-06-16 05:55:56.449490: 
2026-06-16 05:55:56.451519: Epoch 525
2026-06-16 05:55:56.453099: Current learning rate: 0.00512
2026-06-16 05:56:18.774480: train_loss -0.6925
2026-06-16 05:56:18.777281: val_loss -0.5285
2026-06-16 05:56:18.778764: Pseudo dice [0.5545]
2026-06-16 05:56:18.780267: Epoch time: 22.33 s
2026-06-16 05:56:19.694692: 
2026-06-16 05:56:19.696226: Epoch 526
2026-06-16 05:56:19.697713: Current learning rate: 0.00511
2026-06-16 05:56:42.056523: train_loss -0.6772
2026-06-16 05:56:42.059024: val_loss -0.5196
2026-06-16 05:56:42.060472: Pseudo dice [0.5415]
2026-06-16 05:56:42.061889: Epoch time: 22.36 s
2026-06-16 05:56:42.973842: 
2026-06-16 05:56:42.975317: Epoch 527
2026-06-16 05:56:42.976722: Current learning rate: 0.0051
2026-06-16 05:57:05.309400: train_loss -0.6713
2026-06-16 05:57:05.312871: val_loss -0.5171
2026-06-16 05:57:05.314528: Pseudo dice [0.5452]
2026-06-16 05:57:05.316233: Epoch time: 22.34 s
2026-06-16 05:57:06.243989: 
2026-06-16 05:57:06.246683: Epoch 528
2026-06-16 05:57:06.248637: Current learning rate: 0.00509
2026-06-16 05:57:28.724609: train_loss -0.6704
2026-06-16 05:57:28.729054: val_loss -0.5451
2026-06-16 05:57:28.731091: Pseudo dice [0.5678]
2026-06-16 05:57:28.733013: Epoch time: 22.48 s
2026-06-16 05:57:29.661130: 
2026-06-16 05:57:29.662562: Epoch 529
2026-06-16 05:57:29.663986: Current learning rate: 0.00508
2026-06-16 05:57:52.022451: train_loss -0.6847
2026-06-16 05:57:52.025074: val_loss -0.5175
2026-06-16 05:57:52.026555: Pseudo dice [0.5421]
2026-06-16 05:57:52.027937: Epoch time: 22.36 s
2026-06-16 05:57:52.951160: 
2026-06-16 05:57:52.952760: Epoch 530
2026-06-16 05:57:52.954239: Current learning rate: 0.00507
2026-06-16 05:58:15.389114: train_loss -0.6991
2026-06-16 05:58:15.392735: val_loss -0.5396
2026-06-16 05:58:15.394195: Pseudo dice [0.5513]
2026-06-16 05:58:15.395737: Epoch time: 22.44 s
2026-06-16 05:58:16.329760: 
2026-06-16 05:58:16.331352: Epoch 531
2026-06-16 05:58:16.332865: Current learning rate: 0.00506
2026-06-16 05:58:38.655129: train_loss -0.7041
2026-06-16 05:58:38.658148: val_loss -0.5252
2026-06-16 05:58:38.659719: Pseudo dice [0.536]
2026-06-16 05:58:38.661198: Epoch time: 22.33 s
2026-06-16 05:58:39.580625: 
2026-06-16 05:58:39.582105: Epoch 532
2026-06-16 05:58:39.583624: Current learning rate: 0.00505
2026-06-16 05:59:01.917686: train_loss -0.6926
2026-06-16 05:59:01.920321: val_loss -0.48
2026-06-16 05:59:01.921825: Pseudo dice [0.4805]
2026-06-16 05:59:01.923473: Epoch time: 22.34 s
2026-06-16 05:59:02.845561: 
2026-06-16 05:59:02.848029: Epoch 533
2026-06-16 05:59:02.849440: Current learning rate: 0.00504
2026-06-16 05:59:25.242420: train_loss -0.6579
2026-06-16 05:59:25.246100: val_loss -0.5476
2026-06-16 05:59:25.247597: Pseudo dice [0.5559]
2026-06-16 05:59:25.249139: Epoch time: 22.4 s
2026-06-16 05:59:26.734648: 
2026-06-16 05:59:26.736413: Epoch 534
2026-06-16 05:59:26.737791: Current learning rate: 0.00503
2026-06-16 05:59:49.141353: train_loss -0.7042
2026-06-16 05:59:49.144006: val_loss -0.5482
2026-06-16 05:59:49.145372: Pseudo dice [0.5562]
2026-06-16 05:59:49.146730: Epoch time: 22.41 s
2026-06-16 05:59:50.067522: 
2026-06-16 05:59:50.070026: Epoch 535
2026-06-16 05:59:50.072530: Current learning rate: 0.00502
2026-06-16 06:00:12.632170: train_loss -0.708
2026-06-16 06:00:12.634861: val_loss -0.5357
2026-06-16 06:00:12.636263: Pseudo dice [0.5517]
2026-06-16 06:00:12.637609: Epoch time: 22.57 s
2026-06-16 06:00:13.560823: 
2026-06-16 06:00:13.562283: Epoch 536
2026-06-16 06:00:13.563862: Current learning rate: 0.00501
2026-06-16 06:00:36.078513: train_loss -0.7019
2026-06-16 06:00:36.081290: val_loss -0.4846
2026-06-16 06:00:36.082897: Pseudo dice [0.5058]
2026-06-16 06:00:36.084401: Epoch time: 22.52 s
2026-06-16 06:00:37.000321: 
2026-06-16 06:00:37.001813: Epoch 537
2026-06-16 06:00:37.003226: Current learning rate: 0.005
2026-06-16 06:00:59.444789: train_loss -0.7075
2026-06-16 06:00:59.447381: val_loss -0.5398
2026-06-16 06:00:59.448768: Pseudo dice [0.5527]
2026-06-16 06:00:59.450280: Epoch time: 22.45 s
2026-06-16 06:01:00.365154: 
2026-06-16 06:01:00.366664: Epoch 538
2026-06-16 06:01:00.368016: Current learning rate: 0.00499
2026-06-16 06:01:22.738610: train_loss -0.7059
2026-06-16 06:01:22.741284: val_loss -0.6003
2026-06-16 06:01:22.742854: Pseudo dice [0.5939]
2026-06-16 06:01:22.744260: Epoch time: 22.37 s
2026-06-16 06:01:23.666424: 
2026-06-16 06:01:23.667922: Epoch 539
2026-06-16 06:01:23.669285: Current learning rate: 0.00498
2026-06-16 06:01:46.048700: train_loss -0.7005
2026-06-16 06:01:46.055045: val_loss -0.5706
2026-06-16 06:01:46.056929: Pseudo dice [0.5681]
2026-06-16 06:01:46.058450: Epoch time: 22.38 s
2026-06-16 06:01:46.985684: 
2026-06-16 06:01:46.987252: Epoch 540
2026-06-16 06:01:46.988680: Current learning rate: 0.00497
2026-06-16 06:02:09.456545: train_loss -0.7143
2026-06-16 06:02:09.459634: val_loss -0.488
2026-06-16 06:02:09.461175: Pseudo dice [0.5235]
2026-06-16 06:02:09.462550: Epoch time: 22.47 s
2026-06-16 06:02:10.381962: 
2026-06-16 06:02:10.383415: Epoch 541
2026-06-16 06:02:10.384822: Current learning rate: 0.00496
2026-06-16 06:02:32.854957: train_loss -0.6828
2026-06-16 06:02:32.860930: val_loss -0.5247
2026-06-16 06:02:32.862633: Pseudo dice [0.5199]
2026-06-16 06:02:32.864664: Epoch time: 22.47 s
2026-06-16 06:02:33.797436: 
2026-06-16 06:02:33.800112: Epoch 542
2026-06-16 06:02:33.803672: Current learning rate: 0.00495
2026-06-16 06:02:56.278978: train_loss -0.7142
2026-06-16 06:02:56.282461: val_loss -0.4803
2026-06-16 06:02:56.283909: Pseudo dice [0.5124]
2026-06-16 06:02:56.285502: Epoch time: 22.48 s
2026-06-16 06:02:57.209630: 
2026-06-16 06:02:57.211200: Epoch 543
2026-06-16 06:02:57.212646: Current learning rate: 0.00494
2026-06-16 06:03:19.623736: train_loss -0.7293
2026-06-16 06:03:19.626469: val_loss -0.5288
2026-06-16 06:03:19.627942: Pseudo dice [0.5611]
2026-06-16 06:03:19.629526: Epoch time: 22.42 s
2026-06-16 06:03:20.552960: 
2026-06-16 06:03:20.554698: Epoch 544
2026-06-16 06:03:20.556190: Current learning rate: 0.00493
2026-06-16 06:03:43.009526: train_loss -0.7201
2026-06-16 06:03:43.012449: val_loss -0.4914
2026-06-16 06:03:43.014034: Pseudo dice [0.5289]
2026-06-16 06:03:43.015378: Epoch time: 22.46 s
2026-06-16 06:03:43.934157: 
2026-06-16 06:03:43.935929: Epoch 545
2026-06-16 06:03:43.937335: Current learning rate: 0.00492
2026-06-16 06:04:06.309854: train_loss -0.7073
2026-06-16 06:04:06.313257: val_loss -0.5219
2026-06-16 06:04:06.314768: Pseudo dice [0.5427]
2026-06-16 06:04:06.316214: Epoch time: 22.38 s
2026-06-16 06:04:07.226153: 
2026-06-16 06:04:07.227698: Epoch 546
2026-06-16 06:04:07.229068: Current learning rate: 0.00491
2026-06-16 06:04:29.684062: train_loss -0.7112
2026-06-16 06:04:29.686460: val_loss -0.5603
2026-06-16 06:04:29.687770: Pseudo dice [0.5578]
2026-06-16 06:04:29.689219: Epoch time: 22.46 s
2026-06-16 06:04:30.613311: 
2026-06-16 06:04:30.614864: Epoch 547
2026-06-16 06:04:30.616105: Current learning rate: 0.0049
2026-06-16 06:04:52.947206: train_loss -0.7123
2026-06-16 06:04:52.950013: val_loss -0.591
2026-06-16 06:04:52.951420: Pseudo dice [0.5927]
2026-06-16 06:04:52.952749: Epoch time: 22.33 s
2026-06-16 06:04:53.875111: 
2026-06-16 06:04:53.885496: Epoch 548
2026-06-16 06:04:53.887248: Current learning rate: 0.00489
2026-06-16 06:05:16.187569: train_loss -0.7127
2026-06-16 06:05:16.191021: val_loss -0.5695
2026-06-16 06:05:16.192550: Pseudo dice [0.5866]
2026-06-16 06:05:16.193997: Epoch time: 22.31 s
2026-06-16 06:05:17.123934: 
2026-06-16 06:05:17.125450: Epoch 549
2026-06-16 06:05:17.126921: Current learning rate: 0.00488
2026-06-16 06:05:39.449174: train_loss -0.7257
2026-06-16 06:05:39.451316: val_loss -0.5205
2026-06-16 06:05:39.452744: Pseudo dice [0.5302]
2026-06-16 06:05:39.454060: Epoch time: 22.33 s
2026-06-16 06:05:40.865147: 
2026-06-16 06:05:40.866721: Epoch 550
2026-06-16 06:05:40.868116: Current learning rate: 0.00487
2026-06-16 06:06:03.232341: train_loss -0.7273
2026-06-16 06:06:03.234812: val_loss -0.5622
2026-06-16 06:06:03.236265: Pseudo dice [0.5671]
2026-06-16 06:06:03.237717: Epoch time: 22.37 s
2026-06-16 06:06:04.165625: 
2026-06-16 06:06:04.167064: Epoch 551
2026-06-16 06:06:04.168534: Current learning rate: 0.00486
2026-06-16 06:06:26.566053: train_loss -0.711
2026-06-16 06:06:26.569955: val_loss -0.5522
2026-06-16 06:06:26.571382: Pseudo dice [0.5555]
2026-06-16 06:06:26.572816: Epoch time: 22.4 s
2026-06-16 06:06:28.065526: 
2026-06-16 06:06:28.067077: Epoch 552
2026-06-16 06:06:28.068563: Current learning rate: 0.00485
2026-06-16 06:06:50.557667: train_loss -0.7051
2026-06-16 06:06:50.561032: val_loss -0.4353
2026-06-16 06:06:50.562561: Pseudo dice [0.483]
2026-06-16 06:06:50.564046: Epoch time: 22.49 s
2026-06-16 06:06:51.494476: 
2026-06-16 06:06:51.496750: Epoch 553
2026-06-16 06:06:51.499446: Current learning rate: 0.00484
2026-06-16 06:07:13.906096: train_loss -0.6883
2026-06-16 06:07:13.908662: val_loss -0.5037
2026-06-16 06:07:13.910193: Pseudo dice [0.5463]
2026-06-16 06:07:13.911783: Epoch time: 22.41 s
2026-06-16 06:07:14.839025: 
2026-06-16 06:07:14.840772: Epoch 554
2026-06-16 06:07:14.842387: Current learning rate: 0.00484
2026-06-16 06:07:37.286752: train_loss -0.7102
2026-06-16 06:07:37.290927: val_loss -0.509
2026-06-16 06:07:37.292471: Pseudo dice [0.54]
2026-06-16 06:07:37.294105: Epoch time: 22.45 s
2026-06-16 06:07:38.220551: 
2026-06-16 06:07:38.222315: Epoch 555
2026-06-16 06:07:38.223950: Current learning rate: 0.00483
2026-06-16 06:08:00.516617: train_loss -0.7082
2026-06-16 06:08:00.519181: val_loss -0.5093
2026-06-16 06:08:00.520718: Pseudo dice [0.543]
2026-06-16 06:08:00.522273: Epoch time: 22.3 s
2026-06-16 06:08:01.449873: 
2026-06-16 06:08:01.451438: Epoch 556
2026-06-16 06:08:01.452958: Current learning rate: 0.00482
2026-06-16 06:08:23.846276: train_loss -0.7054
2026-06-16 06:08:23.848951: val_loss -0.5486
2026-06-16 06:08:23.850586: Pseudo dice [0.5893]
2026-06-16 06:08:23.852024: Epoch time: 22.4 s
2026-06-16 06:08:24.783963: 
2026-06-16 06:08:24.786251: Epoch 557
2026-06-16 06:08:24.787769: Current learning rate: 0.00481
2026-06-16 06:08:47.144297: train_loss -0.694
2026-06-16 06:08:47.147454: val_loss -0.555
2026-06-16 06:08:47.148931: Pseudo dice [0.5551]
2026-06-16 06:08:47.150599: Epoch time: 22.36 s
2026-06-16 06:08:48.081192: 
2026-06-16 06:08:48.082787: Epoch 558
2026-06-16 06:08:48.084174: Current learning rate: 0.0048
2026-06-16 06:09:10.447986: train_loss -0.7106
2026-06-16 06:09:10.450022: val_loss -0.5121
2026-06-16 06:09:10.451537: Pseudo dice [0.5156]
2026-06-16 06:09:10.453183: Epoch time: 22.37 s
2026-06-16 06:09:11.389935: 
2026-06-16 06:09:11.391486: Epoch 559
2026-06-16 06:09:11.392849: Current learning rate: 0.00479
2026-06-16 06:09:33.828285: train_loss -0.7104
2026-06-16 06:09:33.830806: val_loss -0.5331
2026-06-16 06:09:33.832406: Pseudo dice [0.5351]
2026-06-16 06:09:33.833992: Epoch time: 22.44 s
2026-06-16 06:09:34.760793: 
2026-06-16 06:09:34.762433: Epoch 560
2026-06-16 06:09:34.763866: Current learning rate: 0.00478
2026-06-16 06:09:57.129848: train_loss -0.7256
2026-06-16 06:09:57.133718: val_loss -0.521
2026-06-16 06:09:57.135301: Pseudo dice [0.5233]
2026-06-16 06:09:57.136822: Epoch time: 22.37 s
2026-06-16 06:09:58.061643: 
2026-06-16 06:09:58.063232: Epoch 561
2026-06-16 06:09:58.064729: Current learning rate: 0.00477
2026-06-16 06:10:20.411264: train_loss -0.7189
2026-06-16 06:10:20.413835: val_loss -0.5509
2026-06-16 06:10:20.415364: Pseudo dice [0.554]
2026-06-16 06:10:20.416802: Epoch time: 22.35 s
2026-06-16 06:10:21.341420: 
2026-06-16 06:10:21.343041: Epoch 562
2026-06-16 06:10:21.344609: Current learning rate: 0.00476
2026-06-16 06:10:43.707006: train_loss -0.7178
2026-06-16 06:10:43.709574: val_loss -0.5374
2026-06-16 06:10:43.711079: Pseudo dice [0.5367]
2026-06-16 06:10:43.712609: Epoch time: 22.37 s
2026-06-16 06:10:44.631691: 
2026-06-16 06:10:44.633463: Epoch 563
2026-06-16 06:10:44.634953: Current learning rate: 0.00475
2026-06-16 06:11:06.938855: train_loss -0.7098
2026-06-16 06:11:06.942137: val_loss -0.5264
2026-06-16 06:11:06.943610: Pseudo dice [0.5371]
2026-06-16 06:11:06.945132: Epoch time: 22.31 s
2026-06-16 06:11:07.869519: 
2026-06-16 06:11:07.871538: Epoch 564
2026-06-16 06:11:07.873126: Current learning rate: 0.00474
2026-06-16 06:11:30.321490: train_loss -0.7113
2026-06-16 06:11:30.323499: val_loss -0.521
2026-06-16 06:11:30.325144: Pseudo dice [0.5229]
2026-06-16 06:11:30.326662: Epoch time: 22.45 s
2026-06-16 06:11:31.254629: 
2026-06-16 06:11:31.256428: Epoch 565
2026-06-16 06:11:31.258049: Current learning rate: 0.00473
2026-06-16 06:11:53.590311: train_loss -0.6991
2026-06-16 06:11:53.593030: val_loss -0.5291
2026-06-16 06:11:53.595026: Pseudo dice [0.5671]
2026-06-16 06:11:53.598443: Epoch time: 22.34 s
2026-06-16 06:11:54.527547: 
2026-06-16 06:11:54.529912: Epoch 566
2026-06-16 06:11:54.531750: Current learning rate: 0.00472
2026-06-16 06:12:16.896242: train_loss -0.7138
2026-06-16 06:12:16.900344: val_loss -0.5385
2026-06-16 06:12:16.901950: Pseudo dice [0.5473]
2026-06-16 06:12:16.903492: Epoch time: 22.37 s
2026-06-16 06:12:17.823300: 
2026-06-16 06:12:17.825171: Epoch 567
2026-06-16 06:12:17.826919: Current learning rate: 0.00471
2026-06-16 06:12:40.266447: train_loss -0.6864
2026-06-16 06:12:40.269511: val_loss -0.5096
2026-06-16 06:12:40.270970: Pseudo dice [0.5187]
2026-06-16 06:12:40.272370: Epoch time: 22.44 s
2026-06-16 06:12:41.202014: 
2026-06-16 06:12:41.203514: Epoch 568
2026-06-16 06:12:41.204940: Current learning rate: 0.0047
2026-06-16 06:13:03.592854: train_loss -0.6927
2026-06-16 06:13:03.595428: val_loss -0.454
2026-06-16 06:13:03.597061: Pseudo dice [0.5045]
2026-06-16 06:13:03.598446: Epoch time: 22.39 s
2026-06-16 06:13:04.524400: 
2026-06-16 06:13:04.525889: Epoch 569
2026-06-16 06:13:04.527280: Current learning rate: 0.00469
2026-06-16 06:13:26.856354: train_loss -0.7153
2026-06-16 06:13:26.859462: val_loss -0.5421
2026-06-16 06:13:26.860741: Pseudo dice [0.5667]
2026-06-16 06:13:26.862014: Epoch time: 22.33 s
2026-06-16 06:13:28.340501: 
2026-06-16 06:13:28.341937: Epoch 570
2026-06-16 06:13:28.343324: Current learning rate: 0.00468
2026-06-16 06:13:50.872443: train_loss -0.6937
2026-06-16 06:13:50.876631: val_loss -0.5719
2026-06-16 06:13:50.878083: Pseudo dice [0.5752]
2026-06-16 06:13:50.879462: Epoch time: 22.53 s
2026-06-16 06:13:51.804683: 
2026-06-16 06:13:51.806251: Epoch 571
2026-06-16 06:13:51.807701: Current learning rate: 0.00467
2026-06-16 06:14:14.315072: train_loss -0.7097
2026-06-16 06:14:14.319314: val_loss -0.4962
2026-06-16 06:14:14.322005: Pseudo dice [0.5293]
2026-06-16 06:14:14.324515: Epoch time: 22.51 s
2026-06-16 06:14:15.248536: 
2026-06-16 06:14:15.250245: Epoch 572
2026-06-16 06:14:15.251626: Current learning rate: 0.00466
2026-06-16 06:14:37.600833: train_loss -0.7127
2026-06-16 06:14:37.604401: val_loss -0.4982
2026-06-16 06:14:37.605812: Pseudo dice [0.5389]
2026-06-16 06:14:37.607150: Epoch time: 22.35 s
2026-06-16 06:14:38.540927: 
2026-06-16 06:14:38.542720: Epoch 573
2026-06-16 06:14:38.544106: Current learning rate: 0.00465
2026-06-16 06:15:01.039919: train_loss -0.701
2026-06-16 06:15:01.041674: val_loss -0.5264
2026-06-16 06:15:01.043198: Pseudo dice [0.549]
2026-06-16 06:15:01.044582: Epoch time: 22.5 s
2026-06-16 06:15:01.974475: 
2026-06-16 06:15:01.976094: Epoch 574
2026-06-16 06:15:01.977487: Current learning rate: 0.00464
2026-06-16 06:15:24.426946: train_loss -0.7006
2026-06-16 06:15:24.429497: val_loss -0.4753
2026-06-16 06:15:24.430855: Pseudo dice [0.5215]
2026-06-16 06:15:24.432176: Epoch time: 22.45 s
2026-06-16 06:15:25.361428: 
2026-06-16 06:15:25.363055: Epoch 575
2026-06-16 06:15:25.364558: Current learning rate: 0.00463
2026-06-16 06:15:47.699489: train_loss -0.7042
2026-06-16 06:15:47.705034: val_loss -0.5307
2026-06-16 06:15:47.706447: Pseudo dice [0.5181]
2026-06-16 06:15:47.708134: Epoch time: 22.34 s
2026-06-16 06:15:48.647608: 
2026-06-16 06:15:48.649051: Epoch 576
2026-06-16 06:15:48.650413: Current learning rate: 0.00462
2026-06-16 06:16:11.030732: train_loss -0.7154
2026-06-16 06:16:11.033288: val_loss -0.5751
2026-06-16 06:16:11.034821: Pseudo dice [0.5614]
2026-06-16 06:16:11.036395: Epoch time: 22.38 s
2026-06-16 06:16:11.964160: 
2026-06-16 06:16:11.965635: Epoch 577
2026-06-16 06:16:11.967043: Current learning rate: 0.00461
2026-06-16 06:16:34.402311: train_loss -0.7032
2026-06-16 06:16:34.404888: val_loss -0.4831
2026-06-16 06:16:34.406249: Pseudo dice [0.49]
2026-06-16 06:16:34.407583: Epoch time: 22.44 s
2026-06-16 06:16:35.350996: 
2026-06-16 06:16:35.352522: Epoch 578
2026-06-16 06:16:35.353951: Current learning rate: 0.0046
2026-06-16 06:16:57.785560: train_loss -0.7123
2026-06-16 06:16:57.789490: val_loss -0.5171
2026-06-16 06:16:57.790928: Pseudo dice [0.5272]
2026-06-16 06:16:57.792541: Epoch time: 22.44 s
2026-06-16 06:16:58.730475: 
2026-06-16 06:16:58.732005: Epoch 579
2026-06-16 06:16:58.733460: Current learning rate: 0.00459
2026-06-16 06:17:21.121474: train_loss -0.6981
2026-06-16 06:17:21.124182: val_loss -0.5533
2026-06-16 06:17:21.125783: Pseudo dice [0.5785]
2026-06-16 06:17:21.127304: Epoch time: 22.39 s
2026-06-16 06:17:22.067019: 
2026-06-16 06:17:22.069167: Epoch 580
2026-06-16 06:17:22.071040: Current learning rate: 0.00458
2026-06-16 06:17:44.575438: train_loss -0.7194
2026-06-16 06:17:44.577855: val_loss -0.5089
2026-06-16 06:17:44.579271: Pseudo dice [0.5399]
2026-06-16 06:17:44.580826: Epoch time: 22.51 s
2026-06-16 06:17:45.519247: 
2026-06-16 06:17:45.521146: Epoch 581
2026-06-16 06:17:45.523808: Current learning rate: 0.00457
2026-06-16 06:18:07.931218: train_loss -0.724
2026-06-16 06:18:07.934266: val_loss -0.5566
2026-06-16 06:18:07.935865: Pseudo dice [0.5661]
2026-06-16 06:18:07.937315: Epoch time: 22.41 s
2026-06-16 06:18:08.872022: 
2026-06-16 06:18:08.873644: Epoch 582
2026-06-16 06:18:08.874987: Current learning rate: 0.00456
2026-06-16 06:18:31.178710: train_loss -0.7182
2026-06-16 06:18:31.181352: val_loss -0.5893
2026-06-16 06:18:31.182831: Pseudo dice [0.6012]
2026-06-16 06:18:31.184219: Epoch time: 22.31 s
2026-06-16 06:18:32.120649: 
2026-06-16 06:18:32.122133: Epoch 583
2026-06-16 06:18:32.123556: Current learning rate: 0.00455
2026-06-16 06:18:54.480553: train_loss -0.728
2026-06-16 06:18:54.483003: val_loss -0.5089
2026-06-16 06:18:54.484412: Pseudo dice [0.5356]
2026-06-16 06:18:54.485800: Epoch time: 22.36 s
2026-06-16 06:18:55.419997: 
2026-06-16 06:18:55.421391: Epoch 584
2026-06-16 06:18:55.422814: Current learning rate: 0.00454
2026-06-16 06:19:17.823835: train_loss -0.7202
2026-06-16 06:19:17.827392: val_loss -0.4905
2026-06-16 06:19:17.828862: Pseudo dice [0.5521]
2026-06-16 06:19:17.830199: Epoch time: 22.4 s
2026-06-16 06:19:18.762787: 
2026-06-16 06:19:18.764302: Epoch 585
2026-06-16 06:19:18.765689: Current learning rate: 0.00453
2026-06-16 06:19:40.982273: train_loss -0.7228
2026-06-16 06:19:40.985506: val_loss -0.5609
2026-06-16 06:19:40.988222: Pseudo dice [0.5872]
2026-06-16 06:19:40.995044: Epoch time: 22.22 s
2026-06-16 06:19:41.926825: 
2026-06-16 06:19:41.928436: Epoch 586
2026-06-16 06:19:41.929864: Current learning rate: 0.00452
2026-06-16 06:20:04.321845: train_loss -0.7346
2026-06-16 06:20:04.324417: val_loss -0.6054
2026-06-16 06:20:04.326053: Pseudo dice [0.6086]
2026-06-16 06:20:04.327483: Epoch time: 22.4 s
2026-06-16 06:20:05.814674: 
2026-06-16 06:20:05.816195: Epoch 587
2026-06-16 06:20:05.817551: Current learning rate: 0.00451
2026-06-16 06:20:28.359967: train_loss -0.7001
2026-06-16 06:20:28.363858: val_loss -0.514
2026-06-16 06:20:28.365289: Pseudo dice [0.5391]
2026-06-16 06:20:28.366691: Epoch time: 22.55 s
2026-06-16 06:20:29.300800: 
2026-06-16 06:20:29.302311: Epoch 588
2026-06-16 06:20:29.303608: Current learning rate: 0.0045
2026-06-16 06:20:51.722335: train_loss -0.7091
2026-06-16 06:20:51.725071: val_loss -0.5715
2026-06-16 06:20:51.726451: Pseudo dice [0.587]
2026-06-16 06:20:51.727840: Epoch time: 22.42 s
2026-06-16 06:20:52.664277: 
2026-06-16 06:20:52.665777: Epoch 589
2026-06-16 06:20:52.667150: Current learning rate: 0.00449
2026-06-16 06:21:15.087109: train_loss -0.7262
2026-06-16 06:21:15.089540: val_loss -0.5618
2026-06-16 06:21:15.091226: Pseudo dice [0.5738]
2026-06-16 06:21:15.096245: Epoch time: 22.42 s
2026-06-16 06:21:16.022216: 
2026-06-16 06:21:16.023828: Epoch 590
2026-06-16 06:21:16.025189: Current learning rate: 0.00448
2026-06-16 06:21:38.404176: train_loss -0.7064
2026-06-16 06:21:38.408105: val_loss -0.5538
2026-06-16 06:21:38.409590: Pseudo dice [0.5689]
2026-06-16 06:21:38.411021: Epoch time: 22.38 s
2026-06-16 06:21:39.355302: 
2026-06-16 06:21:39.357116: Epoch 591
2026-06-16 06:21:39.359070: Current learning rate: 0.00447
2026-06-16 06:22:01.599936: train_loss -0.7142
2026-06-16 06:22:01.611354: val_loss -0.578
2026-06-16 06:22:01.616636: Pseudo dice [0.5957]
2026-06-16 06:22:01.618182: Epoch time: 22.25 s
2026-06-16 06:22:02.554263: 
2026-06-16 06:22:02.555726: Epoch 592
2026-06-16 06:22:02.557205: Current learning rate: 0.00446
2026-06-16 06:22:24.843018: train_loss -0.7267
2026-06-16 06:22:24.845718: val_loss -0.5699
2026-06-16 06:22:24.847217: Pseudo dice [0.5885]
2026-06-16 06:22:24.848655: Epoch time: 22.29 s
2026-06-16 06:22:25.792370: 
2026-06-16 06:22:25.794051: Epoch 593
2026-06-16 06:22:25.795432: Current learning rate: 0.00445
2026-06-16 06:22:48.269633: train_loss -0.7023
2026-06-16 06:22:48.274226: val_loss -0.5422
2026-06-16 06:22:48.276082: Pseudo dice [0.549]
2026-06-16 06:22:48.277862: Epoch time: 22.48 s
2026-06-16 06:22:49.221495: 
2026-06-16 06:22:49.223062: Epoch 594
2026-06-16 06:22:49.224552: Current learning rate: 0.00444
2026-06-16 06:23:11.576074: train_loss -0.7117
2026-06-16 06:23:11.578791: val_loss -0.5475
2026-06-16 06:23:11.580363: Pseudo dice [0.553]
2026-06-16 06:23:11.581898: Epoch time: 22.36 s
2026-06-16 06:23:12.516930: 
2026-06-16 06:23:12.518604: Epoch 595
2026-06-16 06:23:12.519925: Current learning rate: 0.00443
2026-06-16 06:23:34.846702: train_loss -0.7282
2026-06-16 06:23:34.848642: val_loss -0.5449
2026-06-16 06:23:34.849984: Pseudo dice [0.5607]
2026-06-16 06:23:34.851402: Epoch time: 22.33 s
2026-06-16 06:23:35.783749: 
2026-06-16 06:23:35.785638: Epoch 596
2026-06-16 06:23:35.787181: Current learning rate: 0.00442
2026-06-16 06:23:58.106823: train_loss -0.7265
2026-06-16 06:23:58.109569: val_loss -0.5623
2026-06-16 06:23:58.111044: Pseudo dice [0.592]
2026-06-16 06:23:58.112423: Epoch time: 22.32 s
2026-06-16 06:23:59.053553: 
2026-06-16 06:23:59.054994: Epoch 597
2026-06-16 06:23:59.056687: Current learning rate: 0.00441
2026-06-16 06:24:21.503959: train_loss -0.7404
2026-06-16 06:24:21.507705: val_loss -0.5123
2026-06-16 06:24:21.509125: Pseudo dice [0.5388]
2026-06-16 06:24:21.510470: Epoch time: 22.45 s
2026-06-16 06:24:22.450624: 
2026-06-16 06:24:22.452241: Epoch 598
2026-06-16 06:24:22.453588: Current learning rate: 0.0044
2026-06-16 06:24:44.772552: train_loss -0.6989
2026-06-16 06:24:44.775394: val_loss -0.5072
2026-06-16 06:24:44.776846: Pseudo dice [0.5427]
2026-06-16 06:24:44.778402: Epoch time: 22.32 s
2026-06-16 06:24:45.711801: 
2026-06-16 06:24:45.715726: Epoch 599
2026-06-16 06:24:45.717641: Current learning rate: 0.00439
2026-06-16 06:25:08.072850: train_loss -0.716
2026-06-16 06:25:08.076052: val_loss -0.5713
2026-06-16 06:25:08.077287: Pseudo dice [0.5449]
2026-06-16 06:25:08.078606: Epoch time: 22.36 s
2026-06-16 06:25:09.515788: 
2026-06-16 06:25:09.517199: Epoch 600
2026-06-16 06:25:09.518470: Current learning rate: 0.00438
2026-06-16 06:25:31.945146: train_loss -0.7219
2026-06-16 06:25:31.947922: val_loss -0.6037
2026-06-16 06:25:31.949374: Pseudo dice [0.5872]
2026-06-16 06:25:31.950920: Epoch time: 22.43 s
2026-06-16 06:25:32.891510: 
2026-06-16 06:25:32.893152: Epoch 601
2026-06-16 06:25:32.894673: Current learning rate: 0.00437
2026-06-16 06:25:55.349420: train_loss -0.7175
2026-06-16 06:25:55.351877: val_loss -0.5517
2026-06-16 06:25:55.353292: Pseudo dice [0.581]
2026-06-16 06:25:55.354559: Epoch time: 22.46 s
2026-06-16 06:25:56.296095: 
2026-06-16 06:25:56.297582: Epoch 602
2026-06-16 06:25:56.298906: Current learning rate: 0.00436
2026-06-16 06:26:18.630608: train_loss -0.7221
2026-06-16 06:26:18.634670: val_loss -0.5517
2026-06-16 06:26:18.636290: Pseudo dice [0.5682]
2026-06-16 06:26:18.638026: Epoch time: 22.34 s
2026-06-16 06:26:19.560740: 
2026-06-16 06:26:19.562234: Epoch 603
2026-06-16 06:26:19.563751: Current learning rate: 0.00435
2026-06-16 06:26:41.893042: train_loss -0.7194
2026-06-16 06:26:41.895103: val_loss -0.5284
2026-06-16 06:26:41.896490: Pseudo dice [0.5422]
2026-06-16 06:26:41.898067: Epoch time: 22.33 s
2026-06-16 06:26:43.407337: 
2026-06-16 06:26:43.408841: Epoch 604
2026-06-16 06:26:43.410228: Current learning rate: 0.00434
2026-06-16 06:27:05.872622: train_loss -0.7126
2026-06-16 06:27:05.880427: val_loss -0.5602
2026-06-16 06:27:05.881964: Pseudo dice [0.5777]
2026-06-16 06:27:05.883523: Epoch time: 22.47 s
2026-06-16 06:27:06.817701: 
2026-06-16 06:27:06.819271: Epoch 605
2026-06-16 06:27:06.820592: Current learning rate: 0.00433
2026-06-16 06:27:29.286995: train_loss -0.7162
2026-06-16 06:27:29.290479: val_loss -0.5187
2026-06-16 06:27:29.291842: Pseudo dice [0.5358]
2026-06-16 06:27:29.293188: Epoch time: 22.47 s
2026-06-16 06:27:30.226064: 
2026-06-16 06:27:30.227688: Epoch 606
2026-06-16 06:27:30.229087: Current learning rate: 0.00432
2026-06-16 06:27:52.746221: train_loss -0.7228
2026-06-16 06:27:52.749063: val_loss -0.535
2026-06-16 06:27:52.750515: Pseudo dice [0.5572]
2026-06-16 06:27:52.751897: Epoch time: 22.52 s
2026-06-16 06:27:53.696502: 
2026-06-16 06:27:53.698470: Epoch 607
2026-06-16 06:27:53.699936: Current learning rate: 0.00431
2026-06-16 06:28:16.186104: train_loss -0.7351
2026-06-16 06:28:16.188660: val_loss -0.5664
2026-06-16 06:28:16.190331: Pseudo dice [0.5908]
2026-06-16 06:28:16.191727: Epoch time: 22.49 s
2026-06-16 06:28:17.122167: 
2026-06-16 06:28:17.123743: Epoch 608
2026-06-16 06:28:17.125568: Current learning rate: 0.0043
2026-06-16 06:28:39.577147: train_loss -0.7251
2026-06-16 06:28:39.581250: val_loss -0.5309
2026-06-16 06:28:39.583150: Pseudo dice [0.5574]
2026-06-16 06:28:39.584925: Epoch time: 22.46 s
2026-06-16 06:28:40.527972: 
2026-06-16 06:28:40.530952: Epoch 609
2026-06-16 06:28:40.533618: Current learning rate: 0.00429
2026-06-16 06:29:02.898390: train_loss -0.7278
2026-06-16 06:29:02.900942: val_loss -0.466
2026-06-16 06:29:02.902331: Pseudo dice [0.4954]
2026-06-16 06:29:02.903936: Epoch time: 22.37 s
2026-06-16 06:29:03.844154: 
2026-06-16 06:29:03.846355: Epoch 610
2026-06-16 06:29:03.849460: Current learning rate: 0.00429
2026-06-16 06:29:26.293676: train_loss -0.7219
2026-06-16 06:29:26.295659: val_loss -0.5324
2026-06-16 06:29:26.297045: Pseudo dice [0.5516]
2026-06-16 06:29:26.298418: Epoch time: 22.45 s
2026-06-16 06:29:27.237929: 
2026-06-16 06:29:27.239726: Epoch 611
2026-06-16 06:29:27.241278: Current learning rate: 0.00428
2026-06-16 06:29:49.790574: train_loss -0.7404
2026-06-16 06:29:49.794762: val_loss -0.5605
2026-06-16 06:29:49.796482: Pseudo dice [0.5837]
2026-06-16 06:29:49.797925: Epoch time: 22.55 s
2026-06-16 06:29:50.735257: 
2026-06-16 06:29:50.736955: Epoch 612
2026-06-16 06:29:50.738466: Current learning rate: 0.00427
2026-06-16 06:30:54.245052: train_loss -0.7333
2026-06-16 06:30:54.249835: val_loss -0.4659
2026-06-16 06:30:54.251515: Pseudo dice [0.5141]
2026-06-16 06:30:54.253028: Epoch time: 63.51 s
2026-06-16 06:30:55.205330: 
2026-06-16 06:30:55.206836: Epoch 613
2026-06-16 06:30:55.208241: Current learning rate: 0.00426
2026-06-16 06:31:40.501312: train_loss -0.7168
2026-06-16 06:31:40.504148: val_loss -0.4942
2026-06-16 06:31:40.505702: Pseudo dice [0.5265]
2026-06-16 06:31:40.507325: Epoch time: 45.3 s
2026-06-16 06:31:41.478555: 
2026-06-16 06:31:41.480500: Epoch 614
2026-06-16 06:31:41.482295: Current learning rate: 0.00425
2026-06-16 06:32:25.354632: train_loss -0.7323
2026-06-16 06:32:25.358368: val_loss -0.5387
2026-06-16 06:32:25.359777: Pseudo dice [0.5715]
2026-06-16 06:32:25.361341: Epoch time: 43.88 s
2026-06-16 06:32:26.328521: 
2026-06-16 06:32:26.330175: Epoch 615
2026-06-16 06:32:26.331573: Current learning rate: 0.00424
2026-06-16 06:32:55.201375: train_loss -0.7294
2026-06-16 06:32:55.204097: val_loss -0.528
2026-06-16 06:32:55.205589: Pseudo dice [0.552]
2026-06-16 06:32:55.207130: Epoch time: 28.87 s
2026-06-16 06:32:56.140160: 
2026-06-16 06:32:56.141670: Epoch 616
2026-06-16 06:32:56.143044: Current learning rate: 0.00423
2026-06-16 06:33:18.509509: train_loss -0.7307
2026-06-16 06:33:18.512151: val_loss -0.4485
2026-06-16 06:33:18.513582: Pseudo dice [0.4896]
2026-06-16 06:33:18.515007: Epoch time: 22.37 s
2026-06-16 06:33:19.451710: 
2026-06-16 06:33:19.453322: Epoch 617
2026-06-16 06:33:19.454835: Current learning rate: 0.00422
2026-06-16 06:33:41.957275: train_loss -0.7296
2026-06-16 06:33:41.960639: val_loss -0.5431
2026-06-16 06:33:41.962166: Pseudo dice [0.5388]
2026-06-16 06:33:41.963705: Epoch time: 22.51 s
2026-06-16 06:33:42.910429: 
2026-06-16 06:33:42.912084: Epoch 618
2026-06-16 06:33:42.913611: Current learning rate: 0.00421
2026-06-16 06:34:05.398971: train_loss -0.7274
2026-06-16 06:34:05.401637: val_loss -0.573
2026-06-16 06:34:05.403100: Pseudo dice [0.5219]
2026-06-16 06:34:05.404621: Epoch time: 22.49 s
2026-06-16 06:34:06.414838: 
2026-06-16 06:34:06.416413: Epoch 619
2026-06-16 06:34:06.418138: Current learning rate: 0.0042
2026-06-16 06:34:37.339677: train_loss -0.7011
2026-06-16 06:34:37.342302: val_loss -0.5392
2026-06-16 06:34:37.343860: Pseudo dice [0.553]
2026-06-16 06:34:37.345274: Epoch time: 30.93 s
2026-06-16 06:34:38.296988: 
2026-06-16 06:34:38.303083: Epoch 620
2026-06-16 06:34:38.306555: Current learning rate: 0.00419
2026-06-16 06:35:00.783285: train_loss -0.6931
2026-06-16 06:35:00.786399: val_loss -0.5118
2026-06-16 06:35:00.787692: Pseudo dice [0.5126]
2026-06-16 06:35:00.789101: Epoch time: 22.49 s
2026-06-16 06:35:02.328279: 
2026-06-16 06:35:02.329902: Epoch 621
2026-06-16 06:35:02.331248: Current learning rate: 0.00418
2026-06-16 06:35:37.939028: train_loss -0.704
2026-06-16 06:35:37.941653: val_loss -0.4841
2026-06-16 06:35:37.943249: Pseudo dice [0.5008]
2026-06-16 06:35:37.944760: Epoch time: 35.61 s
2026-06-16 06:35:38.874274: 
2026-06-16 06:35:38.875834: Epoch 622
2026-06-16 06:35:38.877371: Current learning rate: 0.00417
2026-06-16 06:36:11.411190: train_loss -0.707
2026-06-16 06:36:11.414710: val_loss -0.5319
2026-06-16 06:36:11.416244: Pseudo dice [0.5524]
2026-06-16 06:36:11.417771: Epoch time: 32.54 s
2026-06-16 06:36:12.383443: 
2026-06-16 06:36:12.385016: Epoch 623
2026-06-16 06:36:12.386698: Current learning rate: 0.00416
2026-06-16 06:36:57.331965: train_loss -0.7252
2026-06-16 06:36:57.334584: val_loss -0.5685
2026-06-16 06:36:57.336186: Pseudo dice [0.5711]
2026-06-16 06:36:57.337714: Epoch time: 44.95 s
2026-06-16 06:36:58.492448: 
2026-06-16 06:36:58.494430: Epoch 624
2026-06-16 06:36:58.495928: Current learning rate: 0.00415
2026-06-16 06:37:35.631507: train_loss -0.7461
2026-06-16 06:37:35.634862: val_loss -0.5579
2026-06-16 06:37:35.636383: Pseudo dice [0.5628]
2026-06-16 06:37:35.637961: Epoch time: 37.14 s
2026-06-16 06:37:36.861096: 
2026-06-16 06:37:36.862797: Epoch 625
2026-06-16 06:37:36.864421: Current learning rate: 0.00414
2026-06-16 06:38:08.872431: train_loss -0.7424
2026-06-16 06:38:08.875037: val_loss -0.5216
2026-06-16 06:38:08.876558: Pseudo dice [0.5112]
2026-06-16 06:38:08.878028: Epoch time: 32.01 s
2026-06-16 06:38:09.896519: 
2026-06-16 06:38:09.898434: Epoch 626
2026-06-16 06:38:09.899858: Current learning rate: 0.00413
2026-06-16 06:38:45.643067: train_loss -0.7274
2026-06-16 06:38:45.648642: val_loss -0.4709
2026-06-16 06:38:45.650660: Pseudo dice [0.5088]
2026-06-16 06:38:45.655325: Epoch time: 35.75 s
2026-06-16 06:38:46.851304: 
2026-06-16 06:38:46.852854: Epoch 627
2026-06-16 06:38:46.854253: Current learning rate: 0.00412
2026-06-16 06:39:45.583940: train_loss -0.7176
2026-06-16 06:39:45.586850: val_loss -0.5762
2026-06-16 06:39:45.588418: Pseudo dice [0.5867]
2026-06-16 06:39:45.589934: Epoch time: 58.73 s
2026-06-16 06:39:46.551207: 
2026-06-16 06:39:46.552602: Epoch 628
2026-06-16 06:39:46.554001: Current learning rate: 0.00411
2026-06-16 06:40:12.624024: train_loss -0.736
2026-06-16 06:40:12.626466: val_loss -0.5044
2026-06-16 06:40:12.627965: Pseudo dice [0.5481]
2026-06-16 06:40:12.629346: Epoch time: 26.07 s
2026-06-16 06:40:13.565847: 
2026-06-16 06:40:13.567374: Epoch 629
2026-06-16 06:40:13.568803: Current learning rate: 0.0041
2026-06-16 06:40:36.122448: train_loss -0.7165
2026-06-16 06:40:36.124842: val_loss -0.6016
2026-06-16 06:40:36.126291: Pseudo dice [0.5978]
2026-06-16 06:40:36.127720: Epoch time: 22.56 s
2026-06-16 06:40:37.084377: 
2026-06-16 06:40:37.089386: Epoch 630
2026-06-16 06:40:37.091087: Current learning rate: 0.00409
2026-06-16 06:40:59.495434: train_loss -0.6929
2026-06-16 06:40:59.498537: val_loss -0.5345
2026-06-16 06:40:59.499952: Pseudo dice [0.5509]
2026-06-16 06:40:59.501307: Epoch time: 22.41 s
2026-06-16 06:41:00.440154: 
2026-06-16 06:41:00.441659: Epoch 631
2026-06-16 06:41:00.443028: Current learning rate: 0.00408
2026-06-16 06:41:22.967187: train_loss -0.7213
2026-06-16 06:41:22.969890: val_loss -0.5281
2026-06-16 06:41:22.971304: Pseudo dice [0.5795]
2026-06-16 06:41:22.972677: Epoch time: 22.53 s
2026-06-16 06:41:23.908060: 
2026-06-16 06:41:23.909536: Epoch 632
2026-06-16 06:41:23.910938: Current learning rate: 0.00407
2026-06-16 06:42:12.834798: train_loss -0.7394
2026-06-16 06:42:12.838065: val_loss -0.5708
2026-06-16 06:42:12.839674: Pseudo dice [0.5666]
2026-06-16 06:42:12.841336: Epoch time: 48.93 s
2026-06-16 06:42:13.780889: 
2026-06-16 06:42:13.782549: Epoch 633
2026-06-16 06:42:13.783874: Current learning rate: 0.00406
2026-06-16 06:42:36.220341: train_loss -0.7256
2026-06-16 06:42:36.223153: val_loss -0.5598
2026-06-16 06:42:36.224659: Pseudo dice [0.5632]
2026-06-16 06:42:36.226081: Epoch time: 22.44 s
2026-06-16 06:42:37.167369: 
2026-06-16 06:42:37.168865: Epoch 634
2026-06-16 06:42:37.170271: Current learning rate: 0.00405
2026-06-16 06:43:19.079006: train_loss -0.7334
2026-06-16 06:43:19.082278: val_loss -0.4635
2026-06-16 06:43:19.102773: Pseudo dice [0.5005]
2026-06-16 06:43:19.104337: Epoch time: 41.91 s
2026-06-16 06:43:20.049001: 
2026-06-16 06:43:20.050883: Epoch 635
2026-06-16 06:43:20.052358: Current learning rate: 0.00404
2026-06-16 06:43:42.369967: train_loss -0.7192
2026-06-16 06:43:42.371860: val_loss -0.5367
2026-06-16 06:43:42.373793: Pseudo dice [0.5511]
2026-06-16 06:43:42.375575: Epoch time: 22.32 s
2026-06-16 06:43:43.316350: 
2026-06-16 06:43:43.318047: Epoch 636
2026-06-16 06:43:43.319618: Current learning rate: 0.00403
2026-06-16 06:44:05.738748: train_loss -0.731
2026-06-16 06:44:05.745072: val_loss -0.606
2026-06-16 06:44:05.746566: Pseudo dice [0.5805]
2026-06-16 06:44:05.748297: Epoch time: 22.42 s
2026-06-16 06:44:06.691420: 
2026-06-16 06:44:06.692987: Epoch 637
2026-06-16 06:44:06.694373: Current learning rate: 0.00402
2026-06-16 06:44:51.050860: train_loss -0.7104
2026-06-16 06:44:51.054191: val_loss -0.5259
2026-06-16 06:44:51.055635: Pseudo dice [0.5531]
2026-06-16 06:44:51.057018: Epoch time: 44.36 s
2026-06-16 06:44:52.009219: 
2026-06-16 06:44:52.010736: Epoch 638
2026-06-16 06:44:52.012175: Current learning rate: 0.00401
2026-06-16 06:45:15.176906: train_loss -0.6839
2026-06-16 06:45:15.179402: val_loss -0.4957
2026-06-16 06:45:15.180885: Pseudo dice [0.5514]
2026-06-16 06:45:15.182291: Epoch time: 23.17 s
2026-06-16 06:45:16.112101: 
2026-06-16 06:45:16.113683: Epoch 639
2026-06-16 06:45:16.115048: Current learning rate: 0.004
2026-06-16 06:45:40.553874: train_loss -0.7126
2026-06-16 06:45:40.556458: val_loss -0.5565
2026-06-16 06:45:40.558007: Pseudo dice [0.5646]
2026-06-16 06:45:40.559456: Epoch time: 24.44 s
2026-06-16 06:45:41.490829: 
2026-06-16 06:45:41.492551: Epoch 640
2026-06-16 06:45:41.493961: Current learning rate: 0.00399
2026-06-16 06:46:03.988468: train_loss -0.7274
2026-06-16 06:46:03.992760: val_loss -0.5253
2026-06-16 06:46:03.994831: Pseudo dice [0.5318]
2026-06-16 06:46:03.996431: Epoch time: 22.5 s
2026-06-16 06:46:04.942219: 
2026-06-16 06:46:04.945003: Epoch 641
2026-06-16 06:46:04.946437: Current learning rate: 0.00398
2026-06-16 06:46:27.289208: train_loss -0.7372
2026-06-16 06:46:27.291884: val_loss -0.519
2026-06-16 06:46:27.293370: Pseudo dice [0.5742]
2026-06-16 06:46:27.294778: Epoch time: 22.35 s
2026-06-16 06:46:28.231583: 
2026-06-16 06:46:28.233049: Epoch 642
2026-06-16 06:46:28.234418: Current learning rate: 0.00397
2026-06-16 06:47:07.200878: train_loss -0.7327
2026-06-16 06:47:07.204366: val_loss -0.5048
2026-06-16 06:47:07.205814: Pseudo dice [0.5287]
2026-06-16 06:47:07.207312: Epoch time: 38.97 s
2026-06-16 06:47:08.148964: 
2026-06-16 06:47:08.150746: Epoch 643
2026-06-16 06:47:08.152208: Current learning rate: 0.00396
2026-06-16 06:47:35.440803: train_loss -0.7407
2026-06-16 06:47:35.443281: val_loss -0.5342
2026-06-16 06:47:35.444758: Pseudo dice [0.5794]
2026-06-16 06:47:35.446178: Epoch time: 27.29 s
2026-06-16 06:47:36.390338: 
2026-06-16 06:47:36.392087: Epoch 644
2026-06-16 06:47:36.393621: Current learning rate: 0.00395
2026-06-16 06:47:58.820922: train_loss -0.7347
2026-06-16 06:47:58.823275: val_loss -0.5179
2026-06-16 06:47:58.824914: Pseudo dice [0.5106]
2026-06-16 06:47:58.826672: Epoch time: 22.43 s
2026-06-16 06:47:59.778250: 
2026-06-16 06:47:59.779673: Epoch 645
2026-06-16 06:47:59.780982: Current learning rate: 0.00394
2026-06-16 06:48:22.300488: train_loss -0.7302
2026-06-16 06:48:22.303190: val_loss -0.4845
2026-06-16 06:48:22.304692: Pseudo dice [0.5381]
2026-06-16 06:48:22.306127: Epoch time: 22.52 s
2026-06-16 06:48:23.287202: 
2026-06-16 06:48:23.288963: Epoch 646
2026-06-16 06:48:23.290271: Current learning rate: 0.00393
2026-06-16 06:49:22.344290: train_loss -0.7271
2026-06-16 06:49:22.347994: val_loss -0.5056
2026-06-16 06:49:22.349581: Pseudo dice [0.5217]
2026-06-16 06:49:22.351129: Epoch time: 59.06 s
2026-06-16 06:49:23.298169: 
2026-06-16 06:49:23.299828: Epoch 647
2026-06-16 06:49:23.301609: Current learning rate: 0.00392
2026-06-16 06:49:48.680564: train_loss -0.7331
2026-06-16 06:49:48.683169: val_loss -0.5093
2026-06-16 06:49:48.684606: Pseudo dice [0.526]
2026-06-16 06:49:48.685906: Epoch time: 25.38 s
2026-06-16 06:49:49.635138: 
2026-06-16 06:49:49.636582: Epoch 648
2026-06-16 06:49:49.638082: Current learning rate: 0.00391
2026-06-16 06:50:23.630554: train_loss -0.7465
2026-06-16 06:50:23.634314: val_loss -0.5737
2026-06-16 06:50:23.636346: Pseudo dice [0.5872]
2026-06-16 06:50:23.637764: Epoch time: 34.0 s
2026-06-16 06:50:24.622765: 
2026-06-16 06:50:24.624616: Epoch 649
2026-06-16 06:50:24.626782: Current learning rate: 0.0039
2026-06-16 06:52:10.027001: train_loss -0.7586
2026-06-16 06:52:10.031861: val_loss -0.5249
2026-06-16 06:52:10.033561: Pseudo dice [0.5348]
2026-06-16 06:52:10.034993: Epoch time: 105.41 s
2026-06-16 06:52:11.846033: 
2026-06-16 06:52:11.848351: Epoch 650
2026-06-16 06:52:11.850243: Current learning rate: 0.00389
2026-06-16 06:53:28.928000: train_loss -0.7487
2026-06-16 06:53:28.931777: val_loss -0.531
2026-06-16 06:53:28.934192: Pseudo dice [0.5472]
2026-06-16 06:53:28.935787: Epoch time: 77.08 s
2026-06-16 06:53:29.878093: 
2026-06-16 06:53:29.882123: Epoch 651
2026-06-16 06:53:29.886741: Current learning rate: 0.00388
2026-06-16 06:53:52.296554: train_loss -0.7374
2026-06-16 06:53:52.300183: val_loss -0.5165
2026-06-16 06:53:52.302074: Pseudo dice [0.547]
2026-06-16 06:53:52.304342: Epoch time: 22.42 s
2026-06-16 06:53:53.241943: 
2026-06-16 06:53:53.243769: Epoch 652
2026-06-16 06:53:53.245430: Current learning rate: 0.00387
2026-06-16 06:54:15.701171: train_loss -0.713
2026-06-16 06:54:15.703833: val_loss -0.5249
2026-06-16 06:54:15.705492: Pseudo dice [0.5387]
2026-06-16 06:54:15.707082: Epoch time: 22.46 s
2026-06-16 06:54:16.655374: 
2026-06-16 06:54:16.656981: Epoch 653
2026-06-16 06:54:16.658692: Current learning rate: 0.00386
2026-06-16 06:54:39.038689: train_loss -0.7223
2026-06-16 06:54:39.044311: val_loss -0.5109
2026-06-16 06:54:39.047174: Pseudo dice [0.5361]
2026-06-16 06:54:39.050242: Epoch time: 22.38 s
2026-06-16 06:54:39.994993: 
2026-06-16 06:54:39.997020: Epoch 654
2026-06-16 06:54:39.998878: Current learning rate: 0.00385
2026-06-16 06:55:02.406353: train_loss -0.7358
2026-06-16 06:55:02.409147: val_loss -0.5853
2026-06-16 06:55:02.411536: Pseudo dice [0.6063]
2026-06-16 06:55:02.416507: Epoch time: 22.41 s
2026-06-16 06:55:03.900303: 
2026-06-16 06:55:03.902121: Epoch 655
2026-06-16 06:55:03.904138: Current learning rate: 0.00384
2026-06-16 06:55:39.179003: train_loss -0.7301
2026-06-16 06:55:39.185606: val_loss -0.4669
2026-06-16 06:55:39.188118: Pseudo dice [0.5296]
2026-06-16 06:55:39.189740: Epoch time: 35.28 s
2026-06-16 06:55:40.119369: 
2026-06-16 06:55:40.121558: Epoch 656
2026-06-16 06:55:40.123363: Current learning rate: 0.00383
2026-06-16 06:56:36.109134: train_loss -0.7236
2026-06-16 06:56:36.111974: val_loss -0.5511
2026-06-16 06:56:36.113448: Pseudo dice [0.5468]
2026-06-16 06:56:36.115243: Epoch time: 55.99 s
2026-06-16 06:56:37.077193: 
2026-06-16 06:56:37.079448: Epoch 657
2026-06-16 06:56:37.081166: Current learning rate: 0.00382
2026-06-16 06:57:45.298192: train_loss -0.7435
2026-06-16 06:57:45.307338: val_loss -0.4685
2026-06-16 06:57:45.309107: Pseudo dice [0.5055]
2026-06-16 06:57:45.310778: Epoch time: 68.22 s
2026-06-16 06:57:46.246778: 
2026-06-16 06:57:46.248900: Epoch 658
2026-06-16 06:57:46.250746: Current learning rate: 0.00381
2026-06-16 06:58:08.831564: train_loss -0.7226
2026-06-16 06:58:08.836923: val_loss -0.5051
2026-06-16 06:58:08.839882: Pseudo dice [0.5446]
2026-06-16 06:58:08.841818: Epoch time: 22.59 s
2026-06-16 06:58:09.779645: 
2026-06-16 06:58:09.781646: Epoch 659
2026-06-16 06:58:09.783215: Current learning rate: 0.0038
2026-06-16 06:58:32.188293: train_loss -0.7263
2026-06-16 06:58:32.190661: val_loss -0.557
2026-06-16 06:58:32.192231: Pseudo dice [0.5892]
2026-06-16 06:58:32.193713: Epoch time: 22.41 s
2026-06-16 06:58:33.140818: 
2026-06-16 06:58:33.142897: Epoch 660
2026-06-16 06:58:33.144503: Current learning rate: 0.00379
2026-06-16 06:58:55.598696: train_loss -0.7079
2026-06-16 06:58:55.603189: val_loss -0.5364
2026-06-16 06:58:55.604986: Pseudo dice [0.5342]
2026-06-16 06:58:55.606868: Epoch time: 22.46 s
2026-06-16 06:58:56.548649: 
2026-06-16 06:58:56.550229: Epoch 661
2026-06-16 06:58:56.551805: Current learning rate: 0.00378
2026-06-16 06:59:29.246501: train_loss -0.7333
2026-06-16 06:59:29.249071: val_loss -0.4623
2026-06-16 06:59:29.250620: Pseudo dice [0.5074]
2026-06-16 06:59:29.252198: Epoch time: 32.7 s
2026-06-16 06:59:30.185608: 
2026-06-16 06:59:30.187898: Epoch 662
2026-06-16 06:59:30.191424: Current learning rate: 0.00377
2026-06-16 07:00:02.190452: train_loss -0.7245
2026-06-16 07:00:02.194992: val_loss -0.5436
2026-06-16 07:00:02.196378: Pseudo dice [0.5577]
2026-06-16 07:00:02.197952: Epoch time: 32.01 s
2026-06-16 07:00:03.158920: 
2026-06-16 07:00:03.160383: Epoch 663
2026-06-16 07:00:03.162115: Current learning rate: 0.00376
2026-06-16 07:00:25.674154: train_loss -0.7305
2026-06-16 07:00:25.677533: val_loss -0.5526
2026-06-16 07:00:25.679842: Pseudo dice [0.5871]
2026-06-16 07:00:25.681350: Epoch time: 22.52 s
2026-06-16 07:00:26.613412: 
2026-06-16 07:00:26.615058: Epoch 664
2026-06-16 07:00:26.616492: Current learning rate: 0.00375
2026-06-16 07:00:49.099003: train_loss -0.7168
2026-06-16 07:00:49.101779: val_loss -0.5678
2026-06-16 07:00:49.103419: Pseudo dice [0.5692]
2026-06-16 07:00:49.104971: Epoch time: 22.49 s
2026-06-16 07:00:50.045255: 
2026-06-16 07:00:50.047966: Epoch 665
2026-06-16 07:00:50.049426: Current learning rate: 0.00374
2026-06-16 07:01:12.411650: train_loss -0.7169
2026-06-16 07:01:12.415889: val_loss -0.5348
2026-06-16 07:01:12.417360: Pseudo dice [0.5514]
2026-06-16 07:01:12.419795: Epoch time: 22.37 s
2026-06-16 07:01:13.363790: 
2026-06-16 07:01:13.365295: Epoch 666
2026-06-16 07:01:13.366840: Current learning rate: 0.00373
2026-06-16 07:01:55.565746: train_loss -0.7193
2026-06-16 07:01:55.568542: val_loss -0.5249
2026-06-16 07:01:55.570116: Pseudo dice [0.5659]
2026-06-16 07:01:55.571902: Epoch time: 42.2 s
2026-06-16 07:01:56.506172: 
2026-06-16 07:01:56.508368: Epoch 667
2026-06-16 07:01:56.509969: Current learning rate: 0.00372
2026-06-16 07:03:00.496511: train_loss -0.7467
2026-06-16 07:03:00.500172: val_loss -0.514
2026-06-16 07:03:00.501940: Pseudo dice [0.5392]
2026-06-16 07:03:00.503321: Epoch time: 63.99 s
2026-06-16 07:03:01.656201: 
2026-06-16 07:03:01.658126: Epoch 668
2026-06-16 07:03:01.659770: Current learning rate: 0.00371
2026-06-16 07:03:24.066206: train_loss -0.7483
2026-06-16 07:03:24.068875: val_loss -0.5787
2026-06-16 07:03:24.070434: Pseudo dice [0.5885]
2026-06-16 07:03:24.071842: Epoch time: 22.41 s
2026-06-16 07:03:25.024595: 
2026-06-16 07:03:25.026173: Epoch 669
2026-06-16 07:03:25.027662: Current learning rate: 0.0037
2026-06-16 07:03:47.541629: train_loss -0.734
2026-06-16 07:03:47.547635: val_loss -0.5649
2026-06-16 07:03:47.550657: Pseudo dice [0.5424]
2026-06-16 07:03:47.556654: Epoch time: 22.52 s
2026-06-16 07:03:48.504803: 
2026-06-16 07:03:48.506453: Epoch 670
2026-06-16 07:03:48.507882: Current learning rate: 0.00369
2026-06-16 07:04:26.077573: train_loss -0.7381
2026-06-16 07:04:26.086979: val_loss -0.5138
2026-06-16 07:04:26.088638: Pseudo dice [0.524]
2026-06-16 07:04:26.090445: Epoch time: 37.57 s
2026-06-16 07:04:27.288671: 
2026-06-16 07:04:27.290571: Epoch 671
2026-06-16 07:04:27.292643: Current learning rate: 0.00368
2026-06-16 07:05:38.035849: train_loss -0.7397
2026-06-16 07:05:38.039191: val_loss -0.4802
2026-06-16 07:05:38.040911: Pseudo dice [0.5254]
2026-06-16 07:05:38.042493: Epoch time: 70.75 s
2026-06-16 07:05:39.278644: 
2026-06-16 07:05:39.280084: Epoch 672
2026-06-16 07:05:39.281628: Current learning rate: 0.00367
2026-06-16 07:06:02.307163: train_loss -0.7273
2026-06-16 07:06:02.311573: val_loss -0.5129
2026-06-16 07:06:02.313077: Pseudo dice [0.5383]
2026-06-16 07:06:02.314726: Epoch time: 23.03 s
2026-06-16 07:06:03.252830: 
2026-06-16 07:06:03.255319: Epoch 673
2026-06-16 07:06:03.257608: Current learning rate: 0.00366
2026-06-16 07:06:25.542491: train_loss -0.7373
2026-06-16 07:06:25.546100: val_loss -0.5265
2026-06-16 07:06:25.547946: Pseudo dice [0.5504]
2026-06-16 07:06:25.549801: Epoch time: 22.29 s
2026-06-16 07:06:26.491106: 
2026-06-16 07:06:26.493365: Epoch 674
2026-06-16 07:06:26.495330: Current learning rate: 0.00365
2026-06-16 07:07:50.351204: train_loss -0.7444
2026-06-16 07:07:50.354879: val_loss -0.5263
2026-06-16 07:07:50.356510: Pseudo dice [0.5454]
2026-06-16 07:07:50.358615: Epoch time: 83.86 s
2026-06-16 07:07:51.323372: 
2026-06-16 07:07:51.325043: Epoch 675
2026-06-16 07:07:51.327409: Current learning rate: 0.00364
2026-06-16 07:09:03.352484: train_loss -0.7254
2026-06-16 07:09:03.357662: val_loss -0.6038
2026-06-16 07:09:03.359537: Pseudo dice [0.5954]
2026-06-16 07:09:03.361288: Epoch time: 72.03 s
2026-06-16 07:09:04.506179: 
2026-06-16 07:09:04.507939: Epoch 676
2026-06-16 07:09:04.509789: Current learning rate: 0.00363
2026-06-16 07:10:13.222939: train_loss -0.7393
2026-06-16 07:10:13.226553: val_loss -0.5407
2026-06-16 07:10:13.228631: Pseudo dice [0.5407]
2026-06-16 07:10:13.230098: Epoch time: 68.72 s
2026-06-16 07:10:14.180794: 
2026-06-16 07:10:14.182426: Epoch 677
2026-06-16 07:10:14.183920: Current learning rate: 0.00362
2026-06-16 07:10:36.608874: train_loss -0.7126
2026-06-16 07:10:36.612392: val_loss -0.5459
2026-06-16 07:10:36.613940: Pseudo dice [0.5585]
2026-06-16 07:10:36.615402: Epoch time: 22.43 s
2026-06-16 07:10:37.559513: 
2026-06-16 07:10:37.561146: Epoch 678
2026-06-16 07:10:37.562810: Current learning rate: 0.00361
2026-06-16 07:11:00.043277: train_loss -0.7012
2026-06-16 07:11:00.046822: val_loss -0.5069
2026-06-16 07:11:00.048555: Pseudo dice [0.5305]
2026-06-16 07:11:00.049929: Epoch time: 22.48 s
2026-06-16 07:11:01.012019: 
2026-06-16 07:11:01.014133: Epoch 679
2026-06-16 07:11:01.016769: Current learning rate: 0.0036
2026-06-16 07:11:23.461624: train_loss -0.7316
2026-06-16 07:11:23.465190: val_loss -0.5616
2026-06-16 07:11:23.466694: Pseudo dice [0.5516]
2026-06-16 07:11:23.468565: Epoch time: 22.45 s
2026-06-16 07:11:24.419841: 
2026-06-16 07:11:24.421384: Epoch 680
2026-06-16 07:11:24.423935: Current learning rate: 0.00359
2026-06-16 07:11:46.893383: train_loss -0.7359
2026-06-16 07:11:46.895805: val_loss -0.5339
2026-06-16 07:11:46.897261: Pseudo dice [0.5474]
2026-06-16 07:11:46.898711: Epoch time: 22.47 s
2026-06-16 07:11:47.866139: 
2026-06-16 07:11:47.867759: Epoch 681
2026-06-16 07:11:47.869183: Current learning rate: 0.00358
2026-06-16 07:12:14.974969: train_loss -0.7321
2026-06-16 07:12:14.977633: val_loss -0.5097
2026-06-16 07:12:14.979262: Pseudo dice [0.5647]
2026-06-16 07:12:14.980988: Epoch time: 27.11 s
2026-06-16 07:12:15.947949: 
2026-06-16 07:12:15.949878: Epoch 682
2026-06-16 07:12:15.951470: Current learning rate: 0.00357
2026-06-16 07:13:03.840715: train_loss -0.7215
2026-06-16 07:13:03.845499: val_loss -0.5436
2026-06-16 07:13:03.847932: Pseudo dice [0.5598]
2026-06-16 07:13:03.850975: Epoch time: 47.89 s
2026-06-16 07:13:04.846158: 
2026-06-16 07:13:04.847842: Epoch 683
2026-06-16 07:13:04.849202: Current learning rate: 0.00356
2026-06-16 07:13:53.433735: train_loss -0.7358
2026-06-16 07:13:53.436686: val_loss -0.5438
2026-06-16 07:13:53.438648: Pseudo dice [0.575]
2026-06-16 07:13:53.440262: Epoch time: 48.59 s
2026-06-16 07:13:54.398609: 
2026-06-16 07:13:54.400120: Epoch 684
2026-06-16 07:13:54.401556: Current learning rate: 0.00355
2026-06-16 07:14:27.842918: train_loss -0.7359
2026-06-16 07:14:27.848283: val_loss -0.5361
2026-06-16 07:14:27.850614: Pseudo dice [0.5332]
2026-06-16 07:14:27.852607: Epoch time: 33.45 s
2026-06-16 07:14:28.809421: 
2026-06-16 07:14:28.811197: Epoch 685
2026-06-16 07:14:28.813122: Current learning rate: 0.00354
2026-06-16 07:14:51.175285: train_loss -0.7266
2026-06-16 07:14:51.180938: val_loss -0.5379
2026-06-16 07:14:51.183678: Pseudo dice [0.5812]
2026-06-16 07:14:51.185383: Epoch time: 22.37 s
2026-06-16 07:14:52.160915: 
2026-06-16 07:14:52.162692: Epoch 686
2026-06-16 07:14:52.164586: Current learning rate: 0.00353
2026-06-16 07:15:14.596565: train_loss -0.7364
2026-06-16 07:15:14.599408: val_loss -0.5615
2026-06-16 07:15:14.600941: Pseudo dice [0.5611]
2026-06-16 07:15:14.602461: Epoch time: 22.44 s
2026-06-16 07:15:15.560635: 
2026-06-16 07:15:15.562319: Epoch 687
2026-06-16 07:15:15.564878: Current learning rate: 0.00352
2026-06-16 07:15:38.008475: train_loss -0.7291
2026-06-16 07:15:38.011713: val_loss -0.565
2026-06-16 07:15:38.013288: Pseudo dice [0.5723]
2026-06-16 07:15:38.016885: Epoch time: 22.45 s
2026-06-16 07:15:38.980170: 
2026-06-16 07:15:38.981959: Epoch 688
2026-06-16 07:15:38.983794: Current learning rate: 0.00351
2026-06-16 07:16:05.144126: train_loss -0.7278
2026-06-16 07:16:05.148131: val_loss -0.5593
2026-06-16 07:16:05.150394: Pseudo dice [0.5785]
2026-06-16 07:16:05.155926: Epoch time: 26.16 s
2026-06-16 07:16:06.697903: 
2026-06-16 07:16:06.699612: Epoch 689
2026-06-16 07:16:06.701099: Current learning rate: 0.0035
2026-06-16 07:16:29.226206: train_loss -0.7466
2026-06-16 07:16:29.228851: val_loss -0.5778
2026-06-16 07:16:29.230278: Pseudo dice [0.5961]
2026-06-16 07:16:29.231819: Epoch time: 22.53 s
2026-06-16 07:16:30.183059: 
2026-06-16 07:16:30.184787: Epoch 690
2026-06-16 07:16:30.186316: Current learning rate: 0.00349
2026-06-16 07:17:44.978886: train_loss -0.7471
2026-06-16 07:17:44.983210: val_loss -0.5443
2026-06-16 07:17:44.984719: Pseudo dice [0.5633]
2026-06-16 07:17:44.986511: Epoch time: 74.8 s
2026-06-16 07:17:45.935889: 
2026-06-16 07:17:45.937831: Epoch 691
2026-06-16 07:17:45.939449: Current learning rate: 0.00348
2026-06-16 07:18:15.188867: train_loss -0.7439
2026-06-16 07:18:15.191837: val_loss -0.5106
2026-06-16 07:18:15.193806: Pseudo dice [0.5305]
2026-06-16 07:18:15.195380: Epoch time: 29.25 s
2026-06-16 07:18:16.156563: 
2026-06-16 07:18:16.159657: Epoch 692
2026-06-16 07:18:16.163467: Current learning rate: 0.00346
2026-06-16 07:18:55.841006: train_loss -0.7421
2026-06-16 07:18:55.845242: val_loss -0.6121
2026-06-16 07:18:55.846886: Pseudo dice [0.6122]
2026-06-16 07:18:55.848425: Epoch time: 39.69 s
2026-06-16 07:18:57.272755: 
2026-06-16 07:18:57.275292: Epoch 693
2026-06-16 07:18:57.277000: Current learning rate: 0.00345
2026-06-16 07:19:33.763589: train_loss -0.735
2026-06-16 07:19:33.766477: val_loss -0.5398
2026-06-16 07:19:33.768178: Pseudo dice [0.5608]
2026-06-16 07:19:33.770490: Epoch time: 36.49 s
2026-06-16 07:19:34.827632: 
2026-06-16 07:19:34.829242: Epoch 694
2026-06-16 07:19:34.830798: Current learning rate: 0.00344
2026-06-16 07:20:32.218642: train_loss -0.7157
2026-06-16 07:20:32.222821: val_loss -0.5504
2026-06-16 07:20:32.224575: Pseudo dice [0.5477]
2026-06-16 07:20:32.226224: Epoch time: 57.39 s
2026-06-16 07:20:33.175637: 
2026-06-16 07:20:33.177391: Epoch 695
2026-06-16 07:20:33.178936: Current learning rate: 0.00343
2026-06-16 07:20:55.572500: train_loss -0.7417
2026-06-16 07:20:55.575121: val_loss -0.5576
2026-06-16 07:20:55.576716: Pseudo dice [0.5615]
2026-06-16 07:20:55.578972: Epoch time: 22.4 s
2026-06-16 07:20:56.536420: 
2026-06-16 07:20:56.538066: Epoch 696
2026-06-16 07:20:56.541384: Current learning rate: 0.00342
2026-06-16 07:21:18.965808: train_loss -0.7361
2026-06-16 07:21:18.971188: val_loss -0.5183
2026-06-16 07:21:18.972860: Pseudo dice [0.5424]
2026-06-16 07:21:18.974585: Epoch time: 22.43 s
2026-06-16 07:21:19.933075: 
2026-06-16 07:21:19.935577: Epoch 697
2026-06-16 07:21:19.937578: Current learning rate: 0.00341
2026-06-16 07:21:42.245434: train_loss -0.7478
2026-06-16 07:21:42.249355: val_loss -0.5739
2026-06-16 07:21:42.250877: Pseudo dice [0.6058]
2026-06-16 07:21:42.252397: Epoch time: 22.31 s
2026-06-16 07:21:43.192719: 
2026-06-16 07:21:43.194138: Epoch 698
2026-06-16 07:21:43.195778: Current learning rate: 0.0034
2026-06-16 07:22:05.656473: train_loss -0.75
2026-06-16 07:22:05.659154: val_loss -0.5243
2026-06-16 07:22:05.661080: Pseudo dice [0.5433]
2026-06-16 07:22:05.662899: Epoch time: 22.46 s
2026-06-16 07:22:06.639803: 
2026-06-16 07:22:06.641436: Epoch 699
2026-06-16 07:22:06.642846: Current learning rate: 0.00339
2026-06-16 07:22:29.036522: train_loss -0.7306
2026-06-16 07:22:29.039268: val_loss -0.5126
2026-06-16 07:22:29.041453: Pseudo dice [0.5488]
2026-06-16 07:22:29.043352: Epoch time: 22.4 s
2026-06-16 07:22:30.492088: 
2026-06-16 07:22:30.493903: Epoch 700
2026-06-16 07:22:30.495736: Current learning rate: 0.00338
2026-06-16 07:22:53.025898: train_loss -0.746
2026-06-16 07:22:53.029398: val_loss -0.524
2026-06-16 07:22:53.030732: Pseudo dice [0.5411]
2026-06-16 07:22:53.032183: Epoch time: 22.53 s
2026-06-16 07:22:53.983358: 
2026-06-16 07:22:53.984805: Epoch 701
2026-06-16 07:22:53.986440: Current learning rate: 0.00337
2026-06-16 07:23:16.519612: train_loss -0.753
2026-06-16 07:23:16.522485: val_loss -0.5644
2026-06-16 07:23:16.524109: Pseudo dice [0.5783]
2026-06-16 07:23:16.527047: Epoch time: 22.54 s
2026-06-16 07:23:17.487639: 
2026-06-16 07:23:17.489404: Epoch 702
2026-06-16 07:23:17.491255: Current learning rate: 0.00336
2026-06-16 07:23:39.906031: train_loss -0.7311
2026-06-16 07:23:39.910243: val_loss -0.5649
2026-06-16 07:23:39.911621: Pseudo dice [0.5644]
2026-06-16 07:23:39.913313: Epoch time: 22.42 s
2026-06-16 07:23:40.873719: 
2026-06-16 07:23:40.875303: Epoch 703
2026-06-16 07:23:40.876662: Current learning rate: 0.00335
2026-06-16 07:24:03.254040: train_loss -0.7431
2026-06-16 07:24:03.257924: val_loss -0.5553
2026-06-16 07:24:03.259427: Pseudo dice [0.5596]
2026-06-16 07:24:03.260804: Epoch time: 22.38 s
2026-06-16 07:24:04.222124: 
2026-06-16 07:24:04.223546: Epoch 704
2026-06-16 07:24:04.225118: Current learning rate: 0.00334
2026-06-16 07:24:26.651609: train_loss -0.7328
2026-06-16 07:24:26.654988: val_loss -0.5088
2026-06-16 07:24:26.656664: Pseudo dice [0.5344]
2026-06-16 07:24:26.659122: Epoch time: 22.43 s
2026-06-16 07:24:27.615989: 
2026-06-16 07:24:27.617531: Epoch 705
2026-06-16 07:24:27.619337: Current learning rate: 0.00333
2026-06-16 07:24:57.800843: train_loss -0.7391
2026-06-16 07:24:57.803454: val_loss -0.5477
2026-06-16 07:24:57.804944: Pseudo dice [0.5501]
2026-06-16 07:24:57.806301: Epoch time: 30.19 s
2026-06-16 07:24:59.317144: 
2026-06-16 07:24:59.319269: Epoch 706
2026-06-16 07:24:59.320836: Current learning rate: 0.00332
2026-06-16 07:25:21.812958: train_loss -0.7251
2026-06-16 07:25:21.816800: val_loss -0.4613
2026-06-16 07:25:21.818484: Pseudo dice [0.5177]
2026-06-16 07:25:21.820483: Epoch time: 22.5 s
2026-06-16 07:25:22.772556: 
2026-06-16 07:25:22.776260: Epoch 707
2026-06-16 07:25:22.778763: Current learning rate: 0.00331
2026-06-16 07:25:45.392083: train_loss -0.7394
2026-06-16 07:25:45.394553: val_loss -0.5526
2026-06-16 07:25:45.396297: Pseudo dice [0.5488]
2026-06-16 07:25:45.399640: Epoch time: 22.62 s
2026-06-16 07:25:46.354731: 
2026-06-16 07:25:46.356540: Epoch 708
2026-06-16 07:25:46.358376: Current learning rate: 0.0033
2026-06-16 07:26:08.850544: train_loss -0.7502
2026-06-16 07:26:08.857074: val_loss -0.5401
2026-06-16 07:26:08.861776: Pseudo dice [0.5539]
2026-06-16 07:26:08.870031: Epoch time: 22.5 s
2026-06-16 07:26:09.820710: 
2026-06-16 07:26:09.822527: Epoch 709
2026-06-16 07:26:09.824184: Current learning rate: 0.00329
2026-06-16 07:26:32.247071: train_loss -0.7297
2026-06-16 07:26:32.251282: val_loss -0.5351
2026-06-16 07:26:32.252846: Pseudo dice [0.5482]
2026-06-16 07:26:32.255676: Epoch time: 22.43 s
2026-06-16 07:26:33.224552: 
2026-06-16 07:26:33.227018: Epoch 710
2026-06-16 07:26:33.228488: Current learning rate: 0.00328
2026-06-16 07:26:55.689418: train_loss -0.7537
2026-06-16 07:26:55.692228: val_loss -0.5542
2026-06-16 07:26:55.694742: Pseudo dice [0.5611]
2026-06-16 07:26:55.697235: Epoch time: 22.47 s
2026-06-16 07:26:56.657860: 
2026-06-16 07:26:56.660422: Epoch 711
2026-06-16 07:26:56.664010: Current learning rate: 0.00327
2026-06-16 07:27:29.987564: train_loss -0.7527
2026-06-16 07:27:29.990506: val_loss -0.5285
2026-06-16 07:27:29.992218: Pseudo dice [0.5476]
2026-06-16 07:27:29.994101: Epoch time: 33.33 s
2026-06-16 07:27:31.148884: 
2026-06-16 07:27:31.150692: Epoch 712
2026-06-16 07:27:31.152142: Current learning rate: 0.00326
2026-06-16 07:28:53.838567: train_loss -0.7537
2026-06-16 07:28:53.842581: val_loss -0.5784
2026-06-16 07:28:53.844294: Pseudo dice [0.5813]
2026-06-16 07:28:53.846035: Epoch time: 82.69 s
2026-06-16 07:28:55.063301: 
2026-06-16 07:28:55.064757: Epoch 713
2026-06-16 07:28:55.066244: Current learning rate: 0.00325
2026-06-16 07:30:02.196626: train_loss -0.7361
2026-06-16 07:30:02.200775: val_loss -0.525
2026-06-16 07:30:02.202803: Pseudo dice [0.5345]
2026-06-16 07:30:02.204576: Epoch time: 67.13 s
2026-06-16 07:30:03.168502: 
2026-06-16 07:30:03.170396: Epoch 714
2026-06-16 07:30:03.172066: Current learning rate: 0.00324
2026-06-16 07:30:30.627305: train_loss -0.7453
2026-06-16 07:30:30.630152: val_loss -0.5578
2026-06-16 07:30:30.632575: Pseudo dice [0.5736]
2026-06-16 07:30:30.634566: Epoch time: 27.46 s
2026-06-16 07:30:31.597187: 
2026-06-16 07:30:31.598971: Epoch 715
2026-06-16 07:30:31.600394: Current learning rate: 0.00323
2026-06-16 07:30:53.929437: train_loss -0.7451
2026-06-16 07:30:53.933685: val_loss -0.5453
2026-06-16 07:30:53.935273: Pseudo dice [0.556]
2026-06-16 07:30:53.936860: Epoch time: 22.33 s
2026-06-16 07:30:54.914563: 
2026-06-16 07:30:54.916442: Epoch 716
2026-06-16 07:30:54.918270: Current learning rate: 0.00322
2026-06-16 07:31:17.404416: train_loss -0.7408
2026-06-16 07:31:17.408874: val_loss -0.5568
2026-06-16 07:31:17.414065: Pseudo dice [0.5733]
2026-06-16 07:31:17.415826: Epoch time: 22.49 s
2026-06-16 07:31:18.381393: 
2026-06-16 07:31:18.383288: Epoch 717
2026-06-16 07:31:18.385152: Current learning rate: 0.00321
2026-06-16 07:31:40.795578: train_loss -0.749
2026-06-16 07:31:40.803229: val_loss -0.6162
2026-06-16 07:31:40.805325: Pseudo dice [0.6276]
2026-06-16 07:31:40.807130: Epoch time: 22.42 s
2026-06-16 07:31:41.773154: 
2026-06-16 07:31:41.774788: Epoch 718
2026-06-16 07:31:41.779792: Current learning rate: 0.0032
2026-06-16 07:32:04.208946: train_loss -0.7488
2026-06-16 07:32:04.211519: val_loss -0.5712
2026-06-16 07:32:04.213649: Pseudo dice [0.5926]
2026-06-16 07:32:04.215833: Epoch time: 22.44 s
2026-06-16 07:32:05.183603: 
2026-06-16 07:32:05.186475: Epoch 719
2026-06-16 07:32:05.188415: Current learning rate: 0.00319
2026-06-16 07:32:27.570923: train_loss -0.7694
2026-06-16 07:32:27.577655: val_loss -0.51
2026-06-16 07:32:27.580428: Pseudo dice [0.5396]
2026-06-16 07:32:27.582898: Epoch time: 22.39 s
2026-06-16 07:32:28.546490: 
2026-06-16 07:32:28.548378: Epoch 720
2026-06-16 07:32:28.550360: Current learning rate: 0.00318
2026-06-16 07:33:33.147470: train_loss -0.7455
2026-06-16 07:33:33.151182: val_loss -0.5753
2026-06-16 07:33:33.152735: Pseudo dice [0.5815]
2026-06-16 07:33:33.154797: Epoch time: 64.6 s
2026-06-16 07:33:34.375901: 
2026-06-16 07:33:34.377863: Epoch 721
2026-06-16 07:33:34.379380: Current learning rate: 0.00317
2026-06-16 07:34:57.690622: train_loss -0.7576
2026-06-16 07:34:57.694039: val_loss -0.4857
2026-06-16 07:34:57.696838: Pseudo dice [0.5021]
2026-06-16 07:34:57.698465: Epoch time: 83.32 s
2026-06-16 07:34:59.400071: 
2026-06-16 07:34:59.402185: Epoch 722
2026-06-16 07:34:59.403788: Current learning rate: 0.00316
2026-06-16 07:35:58.037570: train_loss -0.7525
2026-06-16 07:35:58.041442: val_loss -0.5329
2026-06-16 07:35:58.043112: Pseudo dice [0.561]
2026-06-16 07:35:58.044799: Epoch time: 58.64 s
2026-06-16 07:35:59.013740: 
2026-06-16 07:35:59.019078: Epoch 723
2026-06-16 07:35:59.021407: Current learning rate: 0.00315
2026-06-16 07:36:21.475587: train_loss -0.7477
2026-06-16 07:36:21.481154: val_loss -0.5226
2026-06-16 07:36:21.482958: Pseudo dice [0.5341]
2026-06-16 07:36:21.484515: Epoch time: 22.46 s
2026-06-16 07:36:22.445555: 
2026-06-16 07:36:22.448358: Epoch 724
2026-06-16 07:36:22.451310: Current learning rate: 0.00314
2026-06-16 07:36:49.565507: train_loss -0.745
2026-06-16 07:36:49.569368: val_loss -0.5497
2026-06-16 07:36:49.571283: Pseudo dice [0.5634]
2026-06-16 07:36:49.572926: Epoch time: 27.12 s
2026-06-16 07:36:50.534065: 
2026-06-16 07:36:50.536599: Epoch 725
2026-06-16 07:36:50.538168: Current learning rate: 0.00313
2026-06-16 07:37:13.052817: train_loss -0.7418
2026-06-16 07:37:13.055364: val_loss -0.5682
2026-06-16 07:37:13.056806: Pseudo dice [0.5828]
2026-06-16 07:37:13.059217: Epoch time: 22.52 s
2026-06-16 07:37:14.010921: 
2026-06-16 07:37:14.012964: Epoch 726
2026-06-16 07:37:14.014690: Current learning rate: 0.00312
2026-06-16 07:37:36.460619: train_loss -0.732
2026-06-16 07:37:36.463022: val_loss -0.5381
2026-06-16 07:37:36.465440: Pseudo dice [0.5586]
2026-06-16 07:37:36.467625: Epoch time: 22.45 s
2026-06-16 07:37:37.435356: 
2026-06-16 07:37:37.437024: Epoch 727
2026-06-16 07:37:37.439034: Current learning rate: 0.00311
2026-06-16 07:37:59.870028: train_loss -0.7382
2026-06-16 07:37:59.873327: val_loss -0.5352
2026-06-16 07:37:59.874896: Pseudo dice [0.5497]
2026-06-16 07:37:59.876468: Epoch time: 22.44 s
2026-06-16 07:38:00.843487: 
2026-06-16 07:38:00.845014: Epoch 728
2026-06-16 07:38:00.846594: Current learning rate: 0.0031
2026-06-16 07:38:23.267685: train_loss -0.7604
2026-06-16 07:38:23.269613: val_loss -0.5638
2026-06-16 07:38:23.270987: Pseudo dice [0.585]
2026-06-16 07:38:23.272368: Epoch time: 22.43 s
2026-06-16 07:38:24.233012: 
2026-06-16 07:38:24.235758: Epoch 729
2026-06-16 07:38:24.237584: Current learning rate: 0.00309
2026-06-16 07:38:46.598943: train_loss -0.7423
2026-06-16 07:38:46.600900: val_loss -0.5109
2026-06-16 07:38:46.602547: Pseudo dice [0.5277]
2026-06-16 07:38:46.604190: Epoch time: 22.37 s
2026-06-16 07:38:47.571737: 
2026-06-16 07:38:47.573594: Epoch 730
2026-06-16 07:38:47.575618: Current learning rate: 0.00308
2026-06-16 07:39:10.030176: train_loss -0.757
2026-06-16 07:39:10.043519: val_loss -0.528
2026-06-16 07:39:10.055278: Pseudo dice [0.5728]
2026-06-16 07:39:10.057546: Epoch time: 22.46 s
2026-06-16 07:39:11.035594: 
2026-06-16 07:39:11.037155: Epoch 731
2026-06-16 07:39:11.039756: Current learning rate: 0.00307
2026-06-16 07:39:33.539058: train_loss -0.7534
2026-06-16 07:39:33.541706: val_loss -0.5244
2026-06-16 07:39:33.543218: Pseudo dice [0.5518]
2026-06-16 07:39:33.545061: Epoch time: 22.5 s
2026-06-16 07:39:34.493925: 
2026-06-16 07:39:34.495703: Epoch 732
2026-06-16 07:39:34.497521: Current learning rate: 0.00306
2026-06-16 07:39:57.077955: train_loss -0.7416
2026-06-16 07:39:57.080746: val_loss -0.5634
2026-06-16 07:39:57.082375: Pseudo dice [0.5825]
2026-06-16 07:39:57.084750: Epoch time: 22.58 s
2026-06-16 07:39:58.057989: 
2026-06-16 07:39:58.059625: Epoch 733
2026-06-16 07:39:58.061039: Current learning rate: 0.00305
2026-06-16 07:40:20.524634: train_loss -0.7361
2026-06-16 07:40:20.528531: val_loss -0.538
2026-06-16 07:40:20.530049: Pseudo dice [0.547]
2026-06-16 07:40:20.531794: Epoch time: 22.47 s
2026-06-16 07:40:21.494299: 
2026-06-16 07:40:21.496284: Epoch 734
2026-06-16 07:40:21.498688: Current learning rate: 0.00304
2026-06-16 07:41:05.060110: train_loss -0.7286
2026-06-16 07:41:05.063283: val_loss -0.5558
2026-06-16 07:41:05.065198: Pseudo dice [0.5681]
2026-06-16 07:41:05.068186: Epoch time: 43.57 s
2026-06-16 07:41:06.049531: 
2026-06-16 07:41:06.051368: Epoch 735
2026-06-16 07:41:06.052933: Current learning rate: 0.00303
2026-06-16 07:41:42.905245: train_loss -0.7381
2026-06-16 07:41:42.909667: val_loss -0.556
2026-06-16 07:41:42.912064: Pseudo dice [0.5649]
2026-06-16 07:41:42.913802: Epoch time: 36.86 s
2026-06-16 07:41:44.082706: 
2026-06-16 07:41:44.085003: Epoch 736
2026-06-16 07:41:44.086627: Current learning rate: 0.00302
2026-06-16 07:42:39.066978: train_loss -0.7505
2026-06-16 07:42:39.071902: val_loss -0.5035
2026-06-16 07:42:39.073658: Pseudo dice [0.5592]
2026-06-16 07:42:39.075112: Epoch time: 54.99 s
2026-06-16 07:42:40.046101: 
2026-06-16 07:42:40.047727: Epoch 737
2026-06-16 07:42:40.049727: Current learning rate: 0.00301
2026-06-16 07:43:02.440222: train_loss -0.7305
2026-06-16 07:43:02.442990: val_loss -0.536
2026-06-16 07:43:02.444870: Pseudo dice [0.5623]
2026-06-16 07:43:02.446479: Epoch time: 22.4 s
2026-06-16 07:43:03.402658: 
2026-06-16 07:43:03.404786: Epoch 738
2026-06-16 07:43:03.406364: Current learning rate: 0.003
2026-06-16 07:43:25.701991: train_loss -0.7549
2026-06-16 07:43:25.709297: val_loss -0.5091
2026-06-16 07:43:25.717035: Pseudo dice [0.554]
2026-06-16 07:43:25.723623: Epoch time: 22.3 s
2026-06-16 07:43:27.247148: 
2026-06-16 07:43:27.249140: Epoch 739
2026-06-16 07:43:27.250616: Current learning rate: 0.00299
2026-06-16 07:43:49.737839: train_loss -0.7472
2026-06-16 07:43:49.742082: val_loss -0.561
2026-06-16 07:43:49.743708: Pseudo dice [0.5733]
2026-06-16 07:43:49.745581: Epoch time: 22.49 s
2026-06-16 07:43:50.701793: 
2026-06-16 07:43:50.703535: Epoch 740
2026-06-16 07:43:50.705204: Current learning rate: 0.00297
2026-06-16 07:44:13.137236: train_loss -0.7453
2026-06-16 07:44:13.140010: val_loss -0.5293
2026-06-16 07:44:13.141630: Pseudo dice [0.5565]
2026-06-16 07:44:13.143206: Epoch time: 22.44 s
2026-06-16 07:44:14.102024: 
2026-06-16 07:44:14.104435: Epoch 741
2026-06-16 07:44:14.106262: Current learning rate: 0.00296
2026-06-16 07:44:36.583694: train_loss -0.7572
2026-06-16 07:44:36.589886: val_loss -0.5676
2026-06-16 07:44:36.591652: Pseudo dice [0.5797]
2026-06-16 07:44:36.593208: Epoch time: 22.48 s
2026-06-16 07:44:37.547367: 
2026-06-16 07:44:37.550554: Epoch 742
2026-06-16 07:44:37.552520: Current learning rate: 0.00295
2026-06-16 07:44:59.985743: train_loss -0.7634
2026-06-16 07:44:59.989586: val_loss -0.4848
2026-06-16 07:44:59.991386: Pseudo dice [0.5121]
2026-06-16 07:44:59.993024: Epoch time: 22.44 s
2026-06-16 07:45:00.960912: 
2026-06-16 07:45:00.962958: Epoch 743
2026-06-16 07:45:00.964789: Current learning rate: 0.00294
2026-06-16 07:45:23.355969: train_loss -0.7443
2026-06-16 07:45:23.359188: val_loss -0.5713
2026-06-16 07:45:23.360863: Pseudo dice [0.5918]
2026-06-16 07:45:23.362514: Epoch time: 22.4 s
2026-06-16 07:45:24.322361: 
2026-06-16 07:45:24.324351: Epoch 744
2026-06-16 07:45:24.326058: Current learning rate: 0.00293
2026-06-16 07:45:46.700297: train_loss -0.7469
2026-06-16 07:45:46.704839: val_loss -0.5202
2026-06-16 07:45:46.707748: Pseudo dice [0.5433]
2026-06-16 07:45:46.710074: Epoch time: 22.38 s
2026-06-16 07:45:47.683166: 
2026-06-16 07:45:47.685119: Epoch 745
2026-06-16 07:45:47.686892: Current learning rate: 0.00292
2026-06-16 07:46:10.082652: train_loss -0.7367
2026-06-16 07:46:10.086725: val_loss -0.5196
2026-06-16 07:46:10.088358: Pseudo dice [0.527]
2026-06-16 07:46:10.089936: Epoch time: 22.4 s
2026-06-16 07:46:11.041040: 
2026-06-16 07:46:11.042858: Epoch 746
2026-06-16 07:46:11.044915: Current learning rate: 0.00291
2026-06-16 07:46:33.571540: train_loss -0.7542
2026-06-16 07:46:33.575603: val_loss -0.5262
2026-06-16 07:46:33.577282: Pseudo dice [0.5363]
2026-06-16 07:46:33.579214: Epoch time: 22.53 s
2026-06-16 07:46:34.542307: 
2026-06-16 07:46:34.544136: Epoch 747
2026-06-16 07:46:34.545642: Current learning rate: 0.0029
2026-06-16 07:46:56.965638: train_loss -0.7546
2026-06-16 07:46:56.971278: val_loss -0.5519
2026-06-16 07:46:56.972718: Pseudo dice [0.5706]
2026-06-16 07:46:56.974350: Epoch time: 22.42 s
2026-06-16 07:46:57.934217: 
2026-06-16 07:46:57.935997: Epoch 748
2026-06-16 07:46:57.937449: Current learning rate: 0.00289
2026-06-16 07:47:20.346604: train_loss -0.7406
2026-06-16 07:47:20.350785: val_loss -0.5046
2026-06-16 07:47:20.352336: Pseudo dice [0.5239]
2026-06-16 07:47:20.353895: Epoch time: 22.41 s
2026-06-16 07:47:21.316052: 
2026-06-16 07:47:21.317610: Epoch 749
2026-06-16 07:47:21.319279: Current learning rate: 0.00288
2026-06-16 07:47:43.809009: train_loss -0.7513
2026-06-16 07:47:43.813471: val_loss -0.5556
2026-06-16 07:47:43.815479: Pseudo dice [0.5644]
2026-06-16 07:47:43.817173: Epoch time: 22.49 s
2026-06-16 07:47:45.283449: 
2026-06-16 07:47:45.285002: Epoch 750
2026-06-16 07:47:45.286535: Current learning rate: 0.00287
2026-06-16 07:48:27.015895: train_loss -0.7575
2026-06-16 07:48:27.019791: val_loss -0.5173
2026-06-16 07:48:27.021605: Pseudo dice [0.5653]
2026-06-16 07:48:27.023236: Epoch time: 41.73 s
2026-06-16 07:48:27.992788: 
2026-06-16 07:48:27.994313: Epoch 751
2026-06-16 07:48:27.995922: Current learning rate: 0.00286
2026-06-16 07:48:50.317535: train_loss -0.766
2026-06-16 07:48:50.321342: val_loss -0.5335
2026-06-16 07:48:50.322727: Pseudo dice [0.5499]
2026-06-16 07:48:50.324143: Epoch time: 22.33 s
2026-06-16 07:48:51.299947: 
2026-06-16 07:48:51.301930: Epoch 752
2026-06-16 07:48:51.303731: Current learning rate: 0.00285
2026-06-16 07:49:13.785800: train_loss -0.7534
2026-06-16 07:49:13.792607: val_loss -0.5674
2026-06-16 07:49:13.801899: Pseudo dice [0.5609]
2026-06-16 07:49:13.816998: Epoch time: 22.49 s
2026-06-16 07:49:14.788994: 
2026-06-16 07:49:14.793050: Epoch 753
2026-06-16 07:49:14.794936: Current learning rate: 0.00284
2026-06-16 07:49:37.204537: train_loss -0.7403
2026-06-16 07:49:37.208722: val_loss -0.5007
2026-06-16 07:49:37.210609: Pseudo dice [0.5401]
2026-06-16 07:49:37.212086: Epoch time: 22.42 s
2026-06-16 07:49:38.173851: 
2026-06-16 07:49:38.186534: Epoch 754
2026-06-16 07:49:38.188467: Current learning rate: 0.00283
2026-06-16 07:51:18.355833: train_loss -0.75
2026-06-16 07:51:18.359628: val_loss -0.5531
2026-06-16 07:51:18.361130: Pseudo dice [0.5843]
2026-06-16 07:51:18.362468: Epoch time: 100.18 s
2026-06-16 07:51:20.206835: 
2026-06-16 07:51:20.208491: Epoch 755
2026-06-16 07:51:20.209958: Current learning rate: 0.00282
2026-06-16 07:52:51.823411: train_loss -0.7705
2026-06-16 07:52:51.829084: val_loss -0.577
2026-06-16 07:52:51.836377: Pseudo dice [0.5706]
2026-06-16 07:52:51.838755: Epoch time: 91.62 s
2026-06-16 07:52:53.043548: 
2026-06-16 07:52:53.045525: Epoch 756
2026-06-16 07:52:53.048398: Current learning rate: 0.00281
2026-06-16 07:55:16.760266: train_loss -0.7504
2026-06-16 07:55:16.789919: val_loss -0.5364
2026-06-16 07:55:16.792070: Pseudo dice [0.5655]
2026-06-16 07:55:16.795038: Epoch time: 143.72 s
2026-06-16 07:55:17.996597: 
2026-06-16 07:55:17.998074: Epoch 757
2026-06-16 07:55:17.999430: Current learning rate: 0.0028
2026-06-16 07:56:05.812852: train_loss -0.7508
2026-06-16 07:56:05.816477: val_loss -0.5352
2026-06-16 07:56:05.818325: Pseudo dice [0.5669]
2026-06-16 07:56:05.819853: Epoch time: 47.82 s
2026-06-16 07:56:06.780211: 
2026-06-16 07:56:06.781777: Epoch 758
2026-06-16 07:56:06.783373: Current learning rate: 0.00279
2026-06-16 07:56:29.293913: train_loss -0.7513
2026-06-16 07:56:29.298671: val_loss -0.454
2026-06-16 07:56:29.307615: Pseudo dice [0.5009]
2026-06-16 07:56:29.323194: Epoch time: 22.51 s
2026-06-16 07:56:30.292907: 
2026-06-16 07:56:30.294964: Epoch 759
2026-06-16 07:56:30.296640: Current learning rate: 0.00278
2026-06-16 07:56:52.892874: train_loss -0.7383
2026-06-16 07:56:52.895926: val_loss -0.5222
2026-06-16 07:56:52.897790: Pseudo dice [0.5386]
2026-06-16 07:56:52.899284: Epoch time: 22.6 s
2026-06-16 07:56:54.078444: 
2026-06-16 07:56:54.080223: Epoch 760
2026-06-16 07:56:54.082021: Current learning rate: 0.00277
2026-06-16 07:57:16.618479: train_loss -0.7577
2026-06-16 07:57:16.624065: val_loss -0.537
2026-06-16 07:57:16.625852: Pseudo dice [0.5595]
2026-06-16 07:57:16.627417: Epoch time: 22.54 s
2026-06-16 07:57:17.586802: 
2026-06-16 07:57:17.588595: Epoch 761
2026-06-16 07:57:17.590250: Current learning rate: 0.00276
2026-06-16 07:57:39.973854: train_loss -0.7435
2026-06-16 07:57:39.975756: val_loss -0.4826
2026-06-16 07:57:39.978810: Pseudo dice [0.5102]
2026-06-16 07:57:39.980525: Epoch time: 22.39 s
2026-06-16 07:57:40.999364: 
2026-06-16 07:57:41.001052: Epoch 762
2026-06-16 07:57:41.002487: Current learning rate: 0.00275
2026-06-16 07:58:40.293124: train_loss -0.7476
2026-06-16 07:58:40.297139: val_loss -0.5358
2026-06-16 07:58:40.298828: Pseudo dice [0.5282]
2026-06-16 07:58:40.301022: Epoch time: 59.29 s
2026-06-16 07:58:41.271069: 
2026-06-16 07:58:41.272937: Epoch 763
2026-06-16 07:58:41.274422: Current learning rate: 0.00274
2026-06-16 07:59:03.767859: train_loss -0.7421
2026-06-16 07:59:03.771624: val_loss -0.5301
2026-06-16 07:59:03.773494: Pseudo dice [0.5517]
2026-06-16 07:59:03.775531: Epoch time: 22.5 s
2026-06-16 07:59:04.764199: 
2026-06-16 07:59:04.766051: Epoch 764
2026-06-16 07:59:04.767479: Current learning rate: 0.00273
2026-06-16 07:59:27.205902: train_loss -0.7418
2026-06-16 07:59:27.208867: val_loss -0.5409
2026-06-16 07:59:27.210554: Pseudo dice [0.5223]
2026-06-16 07:59:27.212143: Epoch time: 22.44 s
2026-06-16 07:59:28.185855: 
2026-06-16 07:59:28.187973: Epoch 765
2026-06-16 07:59:28.189556: Current learning rate: 0.00272
2026-06-16 07:59:50.616361: train_loss -0.739
2026-06-16 07:59:50.618806: val_loss -0.5658
2026-06-16 07:59:50.620603: Pseudo dice [0.5449]
2026-06-16 07:59:50.622069: Epoch time: 22.43 s
2026-06-16 07:59:51.586916: 
2026-06-16 07:59:51.588359: Epoch 766
2026-06-16 07:59:51.589760: Current learning rate: 0.00271
2026-06-16 08:00:14.135489: train_loss -0.747
2026-06-16 08:00:14.139595: val_loss -0.535
2026-06-16 08:00:14.141148: Pseudo dice [0.5507]
2026-06-16 08:00:14.142865: Epoch time: 22.55 s
2026-06-16 08:00:15.122476: 
2026-06-16 08:00:15.124443: Epoch 767
2026-06-16 08:00:15.126094: Current learning rate: 0.0027
2026-06-16 08:00:37.528700: train_loss -0.7651
2026-06-16 08:00:37.548267: val_loss -0.5827
2026-06-16 08:00:37.554521: Pseudo dice [0.5769]
2026-06-16 08:00:37.560748: Epoch time: 22.41 s
2026-06-16 08:00:38.542137: 
2026-06-16 08:00:38.543664: Epoch 768
2026-06-16 08:00:38.545017: Current learning rate: 0.00268
2026-06-16 08:01:01.032189: train_loss -0.7517
2026-06-16 08:01:01.034966: val_loss -0.5341
2026-06-16 08:01:01.036472: Pseudo dice [0.5665]
2026-06-16 08:01:01.038134: Epoch time: 22.49 s
2026-06-16 08:01:02.020800: 
2026-06-16 08:01:02.023524: Epoch 769
2026-06-16 08:01:02.025139: Current learning rate: 0.00267
2026-06-16 08:01:24.462315: train_loss -0.7564
2026-06-16 08:01:24.465173: val_loss -0.5528
2026-06-16 08:01:24.467191: Pseudo dice [0.5475]
2026-06-16 08:01:24.468667: Epoch time: 22.44 s
2026-06-16 08:01:25.452249: 
2026-06-16 08:01:25.453938: Epoch 770
2026-06-16 08:01:25.455528: Current learning rate: 0.00266
2026-06-16 08:01:47.886253: train_loss -0.7652
2026-06-16 08:01:47.889531: val_loss -0.5677
2026-06-16 08:01:47.891042: Pseudo dice [0.5841]
2026-06-16 08:01:47.892623: Epoch time: 22.43 s
2026-06-16 08:01:49.420275: 
2026-06-16 08:01:49.422080: Epoch 771
2026-06-16 08:01:49.423628: Current learning rate: 0.00265
2026-06-16 08:02:11.974540: train_loss -0.7755
2026-06-16 08:02:11.977517: val_loss -0.6261
2026-06-16 08:02:11.979012: Pseudo dice [0.6141]
2026-06-16 08:02:11.980695: Epoch time: 22.56 s
2026-06-16 08:02:12.945506: 
2026-06-16 08:02:12.947286: Epoch 772
2026-06-16 08:02:12.948987: Current learning rate: 0.00264
2026-06-16 08:02:35.473195: train_loss -0.7549
2026-06-16 08:02:35.478865: val_loss -0.5651
2026-06-16 08:02:35.483886: Pseudo dice [0.5762]
2026-06-16 08:02:35.495130: Epoch time: 22.53 s
2026-06-16 08:02:36.460949: 
2026-06-16 08:02:36.463458: Epoch 773
2026-06-16 08:02:36.465889: Current learning rate: 0.00263
2026-06-16 08:02:59.066494: train_loss -0.7621
2026-06-16 08:02:59.069914: val_loss -0.598
2026-06-16 08:02:59.071617: Pseudo dice [0.5844]
2026-06-16 08:02:59.073377: Epoch time: 22.61 s
2026-06-16 08:03:00.048451: 
2026-06-16 08:03:00.049848: Epoch 774
2026-06-16 08:03:00.052735: Current learning rate: 0.00262
2026-06-16 08:03:22.581123: train_loss -0.7696
2026-06-16 08:03:22.585924: val_loss -0.5749
2026-06-16 08:03:22.588475: Pseudo dice [0.579]
2026-06-16 08:03:22.591048: Epoch time: 22.53 s
2026-06-16 08:03:23.572834: 
2026-06-16 08:03:23.577520: Epoch 775
2026-06-16 08:03:23.579156: Current learning rate: 0.00261
2026-06-16 08:03:46.087992: train_loss -0.7762
2026-06-16 08:03:46.093472: val_loss -0.5366
2026-06-16 08:03:46.097137: Pseudo dice [0.5446]
2026-06-16 08:03:46.109450: Epoch time: 22.52 s
2026-06-16 08:03:47.091156: 
2026-06-16 08:03:47.092670: Epoch 776
2026-06-16 08:03:47.094253: Current learning rate: 0.0026
2026-06-16 08:04:09.471169: train_loss -0.763
2026-06-16 08:04:09.475903: val_loss -0.5838
2026-06-16 08:04:09.477696: Pseudo dice [0.6161]
2026-06-16 08:04:09.479199: Epoch time: 22.38 s
2026-06-16 08:04:09.480643: Yayy! New best EMA pseudo Dice: 0.5683
2026-06-16 08:04:10.954559: 
2026-06-16 08:04:10.957303: Epoch 777
2026-06-16 08:04:10.958856: Current learning rate: 0.00259
2026-06-16 08:04:33.399756: train_loss -0.7673
2026-06-16 08:04:33.402421: val_loss -0.5131
2026-06-16 08:04:33.404201: Pseudo dice [0.5449]
2026-06-16 08:04:33.405823: Epoch time: 22.45 s
2026-06-16 08:04:34.381594: 
2026-06-16 08:04:34.383937: Epoch 778
2026-06-16 08:04:34.386312: Current learning rate: 0.00258
2026-06-16 08:04:56.875127: train_loss -0.7621
2026-06-16 08:04:56.877204: val_loss -0.5612
2026-06-16 08:04:56.878797: Pseudo dice [0.6105]
2026-06-16 08:04:56.880426: Epoch time: 22.49 s
2026-06-16 08:04:56.882189: Yayy! New best EMA pseudo Dice: 0.5704
2026-06-16 08:04:58.362085: 
2026-06-16 08:04:58.363687: Epoch 779
2026-06-16 08:04:58.365952: Current learning rate: 0.00257
2026-06-16 08:05:20.871995: train_loss -0.754
2026-06-16 08:05:20.877950: val_loss -0.5327
2026-06-16 08:05:20.880250: Pseudo dice [0.5569]
2026-06-16 08:05:20.882175: Epoch time: 22.51 s
2026-06-16 08:05:21.871368: 
2026-06-16 08:05:21.873142: Epoch 780
2026-06-16 08:05:21.875790: Current learning rate: 0.00256
2026-06-16 08:05:44.303684: train_loss -0.7601
2026-06-16 08:05:44.306247: val_loss -0.5272
2026-06-16 08:05:44.307647: Pseudo dice [0.5301]
2026-06-16 08:05:44.309301: Epoch time: 22.43 s
2026-06-16 08:05:45.288037: 
2026-06-16 08:05:45.289681: Epoch 781
2026-06-16 08:05:45.291257: Current learning rate: 0.00255
2026-06-16 08:06:07.761115: train_loss -0.7606
2026-06-16 08:06:07.764367: val_loss -0.5732
2026-06-16 08:06:07.766121: Pseudo dice [0.5676]
2026-06-16 08:06:07.767697: Epoch time: 22.47 s
2026-06-16 08:06:08.763546: 
2026-06-16 08:06:08.765185: Epoch 782
2026-06-16 08:06:08.766921: Current learning rate: 0.00254
2026-06-16 08:06:49.373972: train_loss -0.7556
2026-06-16 08:06:49.377851: val_loss -0.5514
2026-06-16 08:06:49.379607: Pseudo dice [0.5716]
2026-06-16 08:06:49.382288: Epoch time: 40.61 s
2026-06-16 08:06:50.361737: 
2026-06-16 08:06:50.363287: Epoch 783
2026-06-16 08:06:50.364788: Current learning rate: 0.00253
2026-06-16 08:07:12.829090: train_loss -0.7491
2026-06-16 08:07:12.832427: val_loss -0.5674
2026-06-16 08:07:12.833980: Pseudo dice [0.5818]
2026-06-16 08:07:12.835824: Epoch time: 22.47 s
2026-06-16 08:07:13.823207: 
2026-06-16 08:07:13.824808: Epoch 784
2026-06-16 08:07:13.826369: Current learning rate: 0.00252
2026-06-16 08:07:36.265633: train_loss -0.7673
2026-06-16 08:07:36.268683: val_loss -0.4706
2026-06-16 08:07:36.270679: Pseudo dice [0.5116]
2026-06-16 08:07:36.272227: Epoch time: 22.44 s
2026-06-16 08:07:37.250075: 
2026-06-16 08:07:37.251984: Epoch 785
2026-06-16 08:07:37.253708: Current learning rate: 0.00251
2026-06-16 08:07:59.632666: train_loss -0.7801
2026-06-16 08:07:59.636039: val_loss -0.4911
2026-06-16 08:07:59.637595: Pseudo dice [0.5234]
2026-06-16 08:07:59.639486: Epoch time: 22.38 s
2026-06-16 08:08:00.605190: 
2026-06-16 08:08:00.606914: Epoch 786
2026-06-16 08:08:00.608488: Current learning rate: 0.0025
2026-06-16 08:08:22.985264: train_loss -0.7551
2026-06-16 08:08:22.988206: val_loss -0.5299
2026-06-16 08:08:22.989742: Pseudo dice [0.5471]
2026-06-16 08:08:22.991343: Epoch time: 22.38 s
2026-06-16 08:08:24.509369: 
2026-06-16 08:08:24.511090: Epoch 787
2026-06-16 08:08:24.512566: Current learning rate: 0.00249
2026-06-16 08:08:47.058696: train_loss -0.7593
2026-06-16 08:08:47.061943: val_loss -0.5568
2026-06-16 08:08:47.063496: Pseudo dice [0.5477]
2026-06-16 08:08:47.065091: Epoch time: 22.55 s
2026-06-16 08:08:48.033877: 
2026-06-16 08:08:48.036538: Epoch 788
2026-06-16 08:08:48.038059: Current learning rate: 0.00248
2026-06-16 08:09:10.445628: train_loss -0.7805
2026-06-16 08:09:10.449094: val_loss -0.5135
2026-06-16 08:09:10.450672: Pseudo dice [0.5586]
2026-06-16 08:09:10.452288: Epoch time: 22.41 s
2026-06-16 08:09:11.424050: 
2026-06-16 08:09:11.425896: Epoch 789
2026-06-16 08:09:11.427587: Current learning rate: 0.00247
2026-06-16 08:09:33.978639: train_loss -0.7751
2026-06-16 08:09:33.981510: val_loss -0.4877
2026-06-16 08:09:33.983150: Pseudo dice [0.5239]
2026-06-16 08:09:33.984620: Epoch time: 22.56 s
2026-06-16 08:09:34.963979: 
2026-06-16 08:09:34.966712: Epoch 790
2026-06-16 08:09:34.968595: Current learning rate: 0.00245
2026-06-16 08:09:57.433038: train_loss -0.7633
2026-06-16 08:09:57.435977: val_loss -0.512
2026-06-16 08:09:57.437639: Pseudo dice [0.5234]
2026-06-16 08:09:57.439123: Epoch time: 22.47 s
2026-06-16 08:09:58.411850: 
2026-06-16 08:09:58.417330: Epoch 791
2026-06-16 08:09:58.422197: Current learning rate: 0.00244
2026-06-16 08:10:32.953825: train_loss -0.7767
2026-06-16 08:10:32.957976: val_loss -0.5855
2026-06-16 08:10:32.960423: Pseudo dice [0.5813]
2026-06-16 08:10:32.962813: Epoch time: 34.54 s
2026-06-16 08:10:33.941004: 
2026-06-16 08:10:33.942799: Epoch 792
2026-06-16 08:10:33.944646: Current learning rate: 0.00243
2026-06-16 08:10:56.370999: train_loss -0.771
2026-06-16 08:10:56.378125: val_loss -0.5535
2026-06-16 08:10:56.382102: Pseudo dice [0.5361]
2026-06-16 08:10:56.383763: Epoch time: 22.43 s
2026-06-16 08:10:57.355542: 
2026-06-16 08:10:57.357159: Epoch 793
2026-06-16 08:10:57.358713: Current learning rate: 0.00242
2026-06-16 08:11:19.814162: train_loss -0.7842
2026-06-16 08:11:19.817281: val_loss -0.473
2026-06-16 08:11:19.818795: Pseudo dice [0.4958]
2026-06-16 08:11:19.820398: Epoch time: 22.46 s
2026-06-16 08:11:20.805791: 
2026-06-16 08:11:20.807446: Epoch 794
2026-06-16 08:11:20.808977: Current learning rate: 0.00241
2026-06-16 08:11:43.436929: train_loss -0.7702
2026-06-16 08:11:43.439865: val_loss -0.5057
2026-06-16 08:11:43.441618: Pseudo dice [0.5288]
2026-06-16 08:11:43.443323: Epoch time: 22.63 s
2026-06-16 08:11:44.422604: 
2026-06-16 08:11:44.424027: Epoch 795
2026-06-16 08:11:44.425514: Current learning rate: 0.0024
2026-06-16 08:12:06.911260: train_loss -0.7669
2026-06-16 08:12:06.915298: val_loss -0.5469
2026-06-16 08:12:06.916773: Pseudo dice [0.5764]
2026-06-16 08:12:06.919001: Epoch time: 22.49 s
2026-06-16 08:12:07.907115: 
2026-06-16 08:12:07.908738: Epoch 796
2026-06-16 08:12:07.910166: Current learning rate: 0.00239
2026-06-16 08:12:30.360275: train_loss -0.7668
2026-06-16 08:12:30.363384: val_loss -0.5465
2026-06-16 08:12:30.365302: Pseudo dice [0.5773]
2026-06-16 08:12:30.366701: Epoch time: 22.45 s
2026-06-16 08:12:31.352658: 
2026-06-16 08:12:31.354387: Epoch 797
2026-06-16 08:12:31.356636: Current learning rate: 0.00238
2026-06-16 08:12:53.970421: train_loss -0.7596
2026-06-16 08:12:53.975143: val_loss -0.511
2026-06-16 08:12:53.977123: Pseudo dice [0.5392]
2026-06-16 08:12:53.978949: Epoch time: 22.62 s
2026-06-16 08:12:54.964191: 
2026-06-16 08:12:54.965831: Epoch 798
2026-06-16 08:12:54.967454: Current learning rate: 0.00237
2026-06-16 08:13:17.491459: train_loss -0.7589
2026-06-16 08:13:17.494541: val_loss -0.5366
2026-06-16 08:13:17.496495: Pseudo dice [0.5545]
2026-06-16 08:13:17.498187: Epoch time: 22.53 s
2026-06-16 08:13:18.476557: 
2026-06-16 08:13:18.478070: Epoch 799
2026-06-16 08:13:18.479971: Current learning rate: 0.00236
2026-06-16 08:13:41.126038: train_loss -0.7719
2026-06-16 08:13:41.129316: val_loss -0.5196
2026-06-16 08:13:41.130958: Pseudo dice [0.5605]
2026-06-16 08:13:41.132510: Epoch time: 22.65 s
2026-06-16 08:13:42.624350: 
2026-06-16 08:13:42.626357: Epoch 800
2026-06-16 08:13:42.628823: Current learning rate: 0.00235
2026-06-16 08:14:05.020770: train_loss -0.763
2026-06-16 08:14:05.023800: val_loss -0.5378
2026-06-16 08:14:05.025560: Pseudo dice [0.5403]
2026-06-16 08:14:05.027277: Epoch time: 22.4 s
2026-06-16 08:14:06.004643: 
2026-06-16 08:14:06.006114: Epoch 801
2026-06-16 08:14:06.007584: Current learning rate: 0.00234
2026-06-16 08:14:28.392562: train_loss -0.7606
2026-06-16 08:14:28.395565: val_loss -0.5043
2026-06-16 08:14:28.397244: Pseudo dice [0.5216]
2026-06-16 08:14:28.399141: Epoch time: 22.39 s
2026-06-16 08:14:29.384306: 
2026-06-16 08:14:29.386937: Epoch 802
2026-06-16 08:14:29.388520: Current learning rate: 0.00233
2026-06-16 08:14:51.913715: train_loss -0.7613
2026-06-16 08:14:51.916505: val_loss -0.5894
2026-06-16 08:14:51.918155: Pseudo dice [0.6022]
2026-06-16 08:14:51.920067: Epoch time: 22.53 s
2026-06-16 08:14:53.448206: 
2026-06-16 08:14:53.450313: Epoch 803
2026-06-16 08:14:53.452102: Current learning rate: 0.00232
2026-06-16 08:15:15.960467: train_loss -0.7745
2026-06-16 08:15:15.963153: val_loss -0.5147
2026-06-16 08:15:15.965033: Pseudo dice [0.5466]
2026-06-16 08:15:15.966706: Epoch time: 22.51 s
2026-06-16 08:15:16.949910: 
2026-06-16 08:15:16.952307: Epoch 804
2026-06-16 08:15:16.954028: Current learning rate: 0.00231
2026-06-16 08:15:50.402465: train_loss -0.786
2026-06-16 08:15:50.405754: val_loss -0.5852
2026-06-16 08:15:50.407613: Pseudo dice [0.5786]
2026-06-16 08:15:50.409177: Epoch time: 33.45 s
2026-06-16 08:15:51.393388: 
2026-06-16 08:15:51.395028: Epoch 805
2026-06-16 08:15:51.396544: Current learning rate: 0.0023
2026-06-16 08:16:13.819068: train_loss -0.779
2026-06-16 08:16:13.823076: val_loss -0.4949
2026-06-16 08:16:13.824409: Pseudo dice [0.5296]
2026-06-16 08:16:13.825803: Epoch time: 22.43 s
2026-06-16 08:16:14.791265: 
2026-06-16 08:16:14.793148: Epoch 806
2026-06-16 08:16:14.794657: Current learning rate: 0.00229
2026-06-16 08:16:37.229508: train_loss -0.784
2026-06-16 08:16:37.238215: val_loss -0.58
2026-06-16 08:16:37.249437: Pseudo dice [0.5577]
2026-06-16 08:16:37.252797: Epoch time: 22.44 s
2026-06-16 08:16:38.234576: 
2026-06-16 08:16:38.236278: Epoch 807
2026-06-16 08:16:38.237575: Current learning rate: 0.00228
2026-06-16 08:17:00.750628: train_loss -0.7802
2026-06-16 08:17:00.756069: val_loss -0.5414
2026-06-16 08:17:00.759638: Pseudo dice [0.572]
2026-06-16 08:17:00.761276: Epoch time: 22.52 s
2026-06-16 08:17:01.741252: 
2026-06-16 08:17:01.742814: Epoch 808
2026-06-16 08:17:01.744253: Current learning rate: 0.00226
2026-06-16 08:17:24.114655: train_loss -0.7695
2026-06-16 08:17:24.118488: val_loss -0.5961
2026-06-16 08:17:24.119869: Pseudo dice [0.5851]
2026-06-16 08:17:24.122047: Epoch time: 22.37 s
2026-06-16 08:17:25.110997: 
2026-06-16 08:17:25.112611: Epoch 809
2026-06-16 08:17:25.114065: Current learning rate: 0.00225
2026-06-16 08:17:47.695028: train_loss -0.7607
2026-06-16 08:17:47.698010: val_loss -0.5257
2026-06-16 08:17:47.700138: Pseudo dice [0.5495]
2026-06-16 08:17:47.702925: Epoch time: 22.58 s
2026-06-16 08:17:48.690415: 
2026-06-16 08:17:48.692167: Epoch 810
2026-06-16 08:17:48.693733: Current learning rate: 0.00224
2026-06-16 08:18:11.098486: train_loss -0.7688
2026-06-16 08:18:11.101409: val_loss -0.4667
2026-06-16 08:18:11.103267: Pseudo dice [0.536]
2026-06-16 08:18:11.104930: Epoch time: 22.41 s
2026-06-16 08:18:12.089484: 
2026-06-16 08:18:12.091133: Epoch 811
2026-06-16 08:18:12.093096: Current learning rate: 0.00223
2026-06-16 08:18:34.611676: train_loss -0.7728
2026-06-16 08:18:34.616090: val_loss -0.6179
2026-06-16 08:18:34.617757: Pseudo dice [0.6153]
2026-06-16 08:18:34.619240: Epoch time: 22.52 s
2026-06-16 08:18:35.599115: 
2026-06-16 08:18:35.601126: Epoch 812
2026-06-16 08:18:35.602970: Current learning rate: 0.00222
2026-06-16 08:18:58.075562: train_loss -0.7788
2026-06-16 08:18:58.079509: val_loss -0.5957
2026-06-16 08:18:58.080856: Pseudo dice [0.5822]
2026-06-16 08:18:58.082280: Epoch time: 22.48 s
2026-06-16 08:18:59.064345: 
2026-06-16 08:18:59.066429: Epoch 813
2026-06-16 08:18:59.068126: Current learning rate: 0.00221
2026-06-16 08:19:21.423824: train_loss -0.7689
2026-06-16 08:19:21.426496: val_loss -0.5254
2026-06-16 08:19:21.428158: Pseudo dice [0.5412]
2026-06-16 08:19:21.430438: Epoch time: 22.36 s
2026-06-16 08:19:22.411179: 
2026-06-16 08:19:22.412883: Epoch 814
2026-06-16 08:19:22.414566: Current learning rate: 0.0022
2026-06-16 08:19:44.844285: train_loss -0.7651
2026-06-16 08:19:44.851922: val_loss -0.5696
2026-06-16 08:19:44.853831: Pseudo dice [0.5732]
2026-06-16 08:19:44.855370: Epoch time: 22.43 s
2026-06-16 08:19:45.838262: 
2026-06-16 08:19:45.840021: Epoch 815
2026-06-16 08:19:45.841647: Current learning rate: 0.00219
2026-06-16 08:20:08.284545: train_loss -0.761
2026-06-16 08:20:08.287138: val_loss -0.5576
2026-06-16 08:20:08.289366: Pseudo dice [0.5838]
2026-06-16 08:20:08.291589: Epoch time: 22.45 s
2026-06-16 08:20:09.270162: 
2026-06-16 08:20:09.272359: Epoch 816
2026-06-16 08:20:09.273883: Current learning rate: 0.00218
2026-06-16 08:20:31.821575: train_loss -0.7396
2026-06-16 08:20:31.824302: val_loss -0.5362
2026-06-16 08:20:31.826144: Pseudo dice [0.5689]
2026-06-16 08:20:31.827738: Epoch time: 22.55 s
2026-06-16 08:20:32.801990: 
2026-06-16 08:20:32.803757: Epoch 817
2026-06-16 08:20:32.805137: Current learning rate: 0.00217
2026-06-16 08:20:55.245206: train_loss -0.7758
2026-06-16 08:20:55.248773: val_loss -0.5247
2026-06-16 08:20:55.250443: Pseudo dice [0.5563]
2026-06-16 08:20:55.252375: Epoch time: 22.44 s
2026-06-16 08:20:56.230061: 
2026-06-16 08:20:56.231579: Epoch 818
2026-06-16 08:20:56.234123: Current learning rate: 0.00216
2026-06-16 08:21:18.685006: train_loss -0.7732
2026-06-16 08:21:18.689175: val_loss -0.5279
2026-06-16 08:21:18.690995: Pseudo dice [0.5429]
2026-06-16 08:21:18.692692: Epoch time: 22.46 s
2026-06-16 08:21:20.218111: 
2026-06-16 08:21:20.220032: Epoch 819
2026-06-16 08:21:20.221582: Current learning rate: 0.00215
2026-06-16 08:21:42.778909: train_loss -0.7809
2026-06-16 08:21:42.782887: val_loss -0.4852
2026-06-16 08:21:42.784653: Pseudo dice [0.5198]
2026-06-16 08:21:42.786341: Epoch time: 22.56 s
2026-06-16 08:21:43.723032: 
2026-06-16 08:21:43.726346: Epoch 820
2026-06-16 08:21:43.728124: Current learning rate: 0.00214
2026-06-16 08:22:06.236563: train_loss -0.7772
2026-06-16 08:22:06.239058: val_loss -0.5077
2026-06-16 08:22:06.240581: Pseudo dice [0.5371]
2026-06-16 08:22:06.242112: Epoch time: 22.51 s
2026-06-16 08:22:07.186879: 
2026-06-16 08:22:07.188660: Epoch 821
2026-06-16 08:22:07.190233: Current learning rate: 0.00213
2026-06-16 08:22:29.625088: train_loss -0.7728
2026-06-16 08:22:29.628011: val_loss -0.5543
2026-06-16 08:22:29.629595: Pseudo dice [0.5494]
2026-06-16 08:22:29.631115: Epoch time: 22.44 s
2026-06-16 08:22:30.585099: 
2026-06-16 08:22:30.586709: Epoch 822
2026-06-16 08:22:30.588420: Current learning rate: 0.00212
2026-06-16 08:22:53.108594: train_loss -0.7488
2026-06-16 08:22:53.113084: val_loss -0.5557
2026-06-16 08:22:53.114684: Pseudo dice [0.5649]
2026-06-16 08:22:53.116338: Epoch time: 22.52 s
2026-06-16 08:22:54.068645: 
2026-06-16 08:22:54.070515: Epoch 823
2026-06-16 08:22:54.072182: Current learning rate: 0.0021
2026-06-16 08:23:16.437469: train_loss -0.7694
2026-06-16 08:23:16.441108: val_loss -0.5697
2026-06-16 08:23:16.444168: Pseudo dice [0.5799]
2026-06-16 08:23:16.446057: Epoch time: 22.37 s
2026-06-16 08:23:17.403745: 
2026-06-16 08:23:17.405470: Epoch 824
2026-06-16 08:23:17.408498: Current learning rate: 0.00209
2026-06-16 08:23:39.787672: train_loss -0.7847
2026-06-16 08:23:39.789825: val_loss -0.5251
2026-06-16 08:23:39.792130: Pseudo dice [0.5662]
2026-06-16 08:23:39.794055: Epoch time: 22.38 s
2026-06-16 08:23:40.760025: 
2026-06-16 08:23:40.762103: Epoch 825
2026-06-16 08:23:40.763805: Current learning rate: 0.00208
2026-06-16 08:24:03.151464: train_loss -0.7678
2026-06-16 08:24:03.155232: val_loss -0.5217
2026-06-16 08:24:03.157088: Pseudo dice [0.559]
2026-06-16 08:24:03.158543: Epoch time: 22.39 s
2026-06-16 08:24:04.109050: 
2026-06-16 08:24:04.111016: Epoch 826
2026-06-16 08:24:04.112892: Current learning rate: 0.00207
2026-06-16 08:24:26.557966: train_loss -0.7676
2026-06-16 08:24:26.561381: val_loss -0.5325
2026-06-16 08:24:26.563194: Pseudo dice [0.5619]
2026-06-16 08:24:26.564815: Epoch time: 22.45 s
2026-06-16 08:24:27.520540: 
2026-06-16 08:24:27.522197: Epoch 827
2026-06-16 08:24:27.523769: Current learning rate: 0.00206
2026-06-16 08:24:49.939571: train_loss -0.7742
2026-06-16 08:24:49.941970: val_loss -0.574
2026-06-16 08:24:49.943610: Pseudo dice [0.5679]
2026-06-16 08:24:49.945202: Epoch time: 22.42 s
2026-06-16 08:24:50.906126: 
2026-06-16 08:24:50.907973: Epoch 828
2026-06-16 08:24:50.909688: Current learning rate: 0.00205
2026-06-16 08:25:13.246181: train_loss -0.7792
2026-06-16 08:25:13.250659: val_loss -0.5843
2026-06-16 08:25:13.252976: Pseudo dice [0.5925]
2026-06-16 08:25:13.254845: Epoch time: 22.34 s
2026-06-16 08:25:14.215285: 
2026-06-16 08:25:14.218081: Epoch 829
2026-06-16 08:25:14.220005: Current learning rate: 0.00204
2026-06-16 08:25:36.606396: train_loss -0.7771
2026-06-16 08:25:36.609109: val_loss -0.5715
2026-06-16 08:25:36.610796: Pseudo dice [0.5992]
2026-06-16 08:25:36.612362: Epoch time: 22.39 s
2026-06-16 08:25:37.574055: 
2026-06-16 08:25:37.575906: Epoch 830
2026-06-16 08:25:37.577675: Current learning rate: 0.00203
2026-06-16 08:25:59.894637: train_loss -0.7806
2026-06-16 08:25:59.897776: val_loss -0.5106
2026-06-16 08:25:59.899521: Pseudo dice [0.57]
2026-06-16 08:25:59.901531: Epoch time: 22.32 s
2026-06-16 08:26:00.844350: 
2026-06-16 08:26:00.845868: Epoch 831
2026-06-16 08:26:00.847436: Current learning rate: 0.00202
2026-06-16 08:26:23.113503: train_loss -0.7769
2026-06-16 08:26:23.117288: val_loss -0.5104
2026-06-16 08:26:23.119242: Pseudo dice [0.5332]
2026-06-16 08:26:23.122104: Epoch time: 22.27 s
2026-06-16 08:26:24.076707: 
2026-06-16 08:26:24.078568: Epoch 832
2026-06-16 08:26:24.080484: Current learning rate: 0.00201
2026-06-16 08:26:46.446125: train_loss -0.7787
2026-06-16 08:26:46.448304: val_loss -0.5237
2026-06-16 08:26:46.450057: Pseudo dice [0.5374]
2026-06-16 08:26:46.451895: Epoch time: 22.37 s
2026-06-16 08:26:47.416383: 
2026-06-16 08:26:47.418203: Epoch 833
2026-06-16 08:26:47.419724: Current learning rate: 0.002
2026-06-16 08:27:09.769037: train_loss -0.7679
2026-06-16 08:27:09.775428: val_loss -0.5585
2026-06-16 08:27:09.777124: Pseudo dice [0.5909]
2026-06-16 08:27:09.779183: Epoch time: 22.35 s
2026-06-16 08:27:10.740822: 
2026-06-16 08:27:10.744047: Epoch 834
2026-06-16 08:27:10.745872: Current learning rate: 0.00199
2026-06-16 08:27:33.144206: train_loss -0.7728
2026-06-16 08:27:33.148092: val_loss -0.5308
2026-06-16 08:27:33.149700: Pseudo dice [0.5544]
2026-06-16 08:27:33.156489: Epoch time: 22.4 s
2026-06-16 08:27:34.123839: 
2026-06-16 08:27:34.125909: Epoch 835
2026-06-16 08:27:34.127640: Current learning rate: 0.00198
2026-06-16 08:27:56.394093: train_loss -0.7744
2026-06-16 08:27:56.397147: val_loss -0.5417
2026-06-16 08:27:56.398879: Pseudo dice [0.5625]
2026-06-16 08:27:56.402599: Epoch time: 22.27 s
2026-06-16 08:27:57.932536: 
2026-06-16 08:27:57.934837: Epoch 836
2026-06-16 08:27:57.937294: Current learning rate: 0.00196
2026-06-16 08:28:20.393146: train_loss -0.7846
2026-06-16 08:28:20.395740: val_loss -0.5319
2026-06-16 08:28:20.397332: Pseudo dice [0.5886]
2026-06-16 08:28:20.398791: Epoch time: 22.46 s
2026-06-16 08:28:21.346841: 
2026-06-16 08:28:21.349075: Epoch 837
2026-06-16 08:28:21.350893: Current learning rate: 0.00195
2026-06-16 08:28:43.694906: train_loss -0.7918
2026-06-16 08:28:43.703149: val_loss -0.521
2026-06-16 08:28:43.705940: Pseudo dice [0.5542]
2026-06-16 08:28:43.708562: Epoch time: 22.35 s
2026-06-16 08:28:44.656849: 
2026-06-16 08:28:44.659769: Epoch 838
2026-06-16 08:28:44.661522: Current learning rate: 0.00194
2026-06-16 08:29:07.144643: train_loss -0.7752
2026-06-16 08:29:07.148063: val_loss -0.5651
2026-06-16 08:29:07.150147: Pseudo dice [0.5936]
2026-06-16 08:29:07.152291: Epoch time: 22.49 s
2026-06-16 08:29:08.099525: 
2026-06-16 08:29:08.101494: Epoch 839
2026-06-16 08:29:08.103147: Current learning rate: 0.00193
2026-06-16 08:29:30.646872: train_loss -0.7819
2026-06-16 08:29:30.649112: val_loss -0.5778
2026-06-16 08:29:30.650729: Pseudo dice [0.5522]
2026-06-16 08:29:30.652748: Epoch time: 22.55 s
2026-06-16 08:29:31.589566: 
2026-06-16 08:29:31.591111: Epoch 840
2026-06-16 08:29:31.592559: Current learning rate: 0.00192
2026-06-16 08:29:54.015385: train_loss -0.7832
2026-06-16 08:29:54.019148: val_loss -0.5395
2026-06-16 08:29:54.020671: Pseudo dice [0.5754]
2026-06-16 08:29:54.022450: Epoch time: 22.43 s
2026-06-16 08:29:54.974599: 
2026-06-16 08:29:54.977847: Epoch 841
2026-06-16 08:29:54.980119: Current learning rate: 0.00191
2026-06-16 08:30:17.438658: train_loss -0.7842
2026-06-16 08:30:17.441725: val_loss -0.5461
2026-06-16 08:30:17.443333: Pseudo dice [0.5409]
2026-06-16 08:30:17.445057: Epoch time: 22.47 s
2026-06-16 08:30:18.387892: 
2026-06-16 08:30:18.389584: Epoch 842
2026-06-16 08:30:18.391126: Current learning rate: 0.0019
2026-06-16 08:30:40.687209: train_loss -0.7768
2026-06-16 08:30:40.690121: val_loss -0.5243
2026-06-16 08:30:40.691792: Pseudo dice [0.5784]
2026-06-16 08:30:40.694297: Epoch time: 22.3 s
2026-06-16 08:30:41.643535: 
2026-06-16 08:30:41.645775: Epoch 843
2026-06-16 08:30:41.647337: Current learning rate: 0.00189
2026-06-16 08:31:04.059377: train_loss -0.7814
2026-06-16 08:31:04.063154: val_loss -0.5954
2026-06-16 08:31:04.064533: Pseudo dice [0.5938]
2026-06-16 08:31:04.066741: Epoch time: 22.42 s
2026-06-16 08:31:05.025817: 
2026-06-16 08:31:05.027605: Epoch 844
2026-06-16 08:31:05.029384: Current learning rate: 0.00188
2026-06-16 08:31:27.406899: train_loss -0.7924
2026-06-16 08:31:27.414106: val_loss -0.4974
2026-06-16 08:31:27.415602: Pseudo dice [0.5366]
2026-06-16 08:31:27.425129: Epoch time: 22.38 s
2026-06-16 08:31:28.380098: 
2026-06-16 08:31:28.382022: Epoch 845
2026-06-16 08:31:28.383721: Current learning rate: 0.00187
2026-06-16 08:31:50.754525: train_loss -0.7841
2026-06-16 08:31:50.757218: val_loss -0.555
2026-06-16 08:31:50.758732: Pseudo dice [0.5522]
2026-06-16 08:31:50.760255: Epoch time: 22.38 s
2026-06-16 08:31:51.704513: 
2026-06-16 08:31:51.708554: Epoch 846
2026-06-16 08:31:51.710249: Current learning rate: 0.00186
2026-06-16 08:32:14.082982: train_loss -0.7809
2026-06-16 08:32:14.087641: val_loss -0.6113
2026-06-16 08:32:14.089570: Pseudo dice [0.6176]
2026-06-16 08:32:14.091208: Epoch time: 22.38 s
2026-06-16 08:32:15.033182: 
2026-06-16 08:32:15.034951: Epoch 847
2026-06-16 08:32:15.036392: Current learning rate: 0.00185
2026-06-16 08:32:37.467599: train_loss -0.7751
2026-06-16 08:32:37.470006: val_loss -0.569
2026-06-16 08:32:37.471465: Pseudo dice [0.5596]
2026-06-16 08:32:37.473188: Epoch time: 22.44 s
2026-06-16 08:32:38.405490: 
2026-06-16 08:32:38.407110: Epoch 848
2026-06-16 08:32:38.408615: Current learning rate: 0.00184
2026-06-16 08:33:00.939514: train_loss -0.7755
2026-06-16 08:33:00.942021: val_loss -0.552
2026-06-16 08:33:00.943517: Pseudo dice [0.541]
2026-06-16 08:33:00.944969: Epoch time: 22.54 s
2026-06-16 08:33:01.881995: 
2026-06-16 08:33:01.883523: Epoch 849
2026-06-16 08:33:01.885050: Current learning rate: 0.00182
2026-06-16 08:33:24.239973: train_loss -0.7769
2026-06-16 08:33:24.243289: val_loss -0.5412
2026-06-16 08:33:24.244737: Pseudo dice [0.564]
2026-06-16 08:33:24.246251: Epoch time: 22.36 s
2026-06-16 08:33:25.691688: 
2026-06-16 08:33:25.695162: Epoch 850
2026-06-16 08:33:25.698577: Current learning rate: 0.00181
2026-06-16 08:33:48.169547: train_loss -0.7784
2026-06-16 08:33:48.172446: val_loss -0.5508
2026-06-16 08:33:48.174314: Pseudo dice [0.5539]
2026-06-16 08:33:48.175587: Epoch time: 22.48 s
2026-06-16 08:33:49.110472: 
2026-06-16 08:33:49.112039: Epoch 851
2026-06-16 08:33:49.113544: Current learning rate: 0.0018
2026-06-16 08:34:11.546570: train_loss -0.7813
2026-06-16 08:34:11.548985: val_loss -0.5685
2026-06-16 08:34:11.550453: Pseudo dice [0.5944]
2026-06-16 08:34:11.551978: Epoch time: 22.44 s
2026-06-16 08:34:12.480435: 
2026-06-16 08:34:12.481855: Epoch 852
2026-06-16 08:34:12.483256: Current learning rate: 0.00179
2026-06-16 08:34:34.865546: train_loss -0.793
2026-06-16 08:34:34.868833: val_loss -0.5746
2026-06-16 08:34:34.870170: Pseudo dice [0.5802]
2026-06-16 08:34:34.871610: Epoch time: 22.39 s
2026-06-16 08:34:35.810670: 
2026-06-16 08:34:35.812069: Epoch 853
2026-06-16 08:34:35.813609: Current learning rate: 0.00178
2026-06-16 08:34:58.203644: train_loss -0.77
2026-06-16 08:34:58.207259: val_loss -0.5362
2026-06-16 08:34:58.208815: Pseudo dice [0.5598]
2026-06-16 08:34:58.210293: Epoch time: 22.39 s
2026-06-16 08:34:59.714271: 
2026-06-16 08:34:59.715863: Epoch 854
2026-06-16 08:34:59.718657: Current learning rate: 0.00177
2026-06-16 08:35:22.133337: train_loss -0.7747
2026-06-16 08:35:22.137383: val_loss -0.5764
2026-06-16 08:35:22.143480: Pseudo dice [0.5966]
2026-06-16 08:35:22.145010: Epoch time: 22.42 s
2026-06-16 08:35:22.146343: Yayy! New best EMA pseudo Dice: 0.5706
2026-06-16 08:35:23.566318: 
2026-06-16 08:35:23.567930: Epoch 855
2026-06-16 08:35:23.569457: Current learning rate: 0.00176
2026-06-16 08:35:46.021259: train_loss -0.7861
2026-06-16 08:35:46.025350: val_loss -0.5641
2026-06-16 08:35:46.026755: Pseudo dice [0.5837]
2026-06-16 08:35:46.028174: Epoch time: 22.46 s
2026-06-16 08:35:46.029611: Yayy! New best EMA pseudo Dice: 0.5719
2026-06-16 08:35:47.443546: 
2026-06-16 08:35:47.445005: Epoch 856
2026-06-16 08:35:47.446450: Current learning rate: 0.00175
2026-06-16 08:36:09.889839: train_loss -0.7882
2026-06-16 08:36:09.892607: val_loss -0.5421
2026-06-16 08:36:09.894104: Pseudo dice [0.5759]
2026-06-16 08:36:09.895467: Epoch time: 22.45 s
2026-06-16 08:36:09.897186: Yayy! New best EMA pseudo Dice: 0.5723
2026-06-16 08:36:11.328874: 
2026-06-16 08:36:11.330336: Epoch 857
2026-06-16 08:36:11.331750: Current learning rate: 0.00174
2026-06-16 08:36:33.683571: train_loss -0.8009
2026-06-16 08:36:33.686000: val_loss -0.4951
2026-06-16 08:36:33.687616: Pseudo dice [0.5238]
2026-06-16 08:36:33.689306: Epoch time: 22.36 s
2026-06-16 08:36:34.622873: 
2026-06-16 08:36:34.624453: Epoch 858
2026-06-16 08:36:34.625830: Current learning rate: 0.00173
2026-06-16 08:36:57.107368: train_loss -0.7985
2026-06-16 08:36:57.110810: val_loss -0.5583
2026-06-16 08:36:57.112358: Pseudo dice [0.5916]
2026-06-16 08:36:57.114665: Epoch time: 22.49 s
2026-06-16 08:36:58.045400: 
2026-06-16 08:36:58.047257: Epoch 859
2026-06-16 08:36:58.048690: Current learning rate: 0.00172
2026-06-16 08:37:20.506720: train_loss -0.7791
2026-06-16 08:37:20.509058: val_loss -0.5891
2026-06-16 08:37:20.510501: Pseudo dice [0.5768]
2026-06-16 08:37:20.511863: Epoch time: 22.46 s
2026-06-16 08:37:21.446761: 
2026-06-16 08:37:21.448326: Epoch 860
2026-06-16 08:37:21.449688: Current learning rate: 0.0017
2026-06-16 08:37:43.775226: train_loss -0.7893
2026-06-16 08:37:43.778558: val_loss -0.4769
2026-06-16 08:37:43.780202: Pseudo dice [0.5318]
2026-06-16 08:37:43.782017: Epoch time: 22.33 s
2026-06-16 08:37:44.726937: 
2026-06-16 08:37:44.728523: Epoch 861
2026-06-16 08:37:44.729873: Current learning rate: 0.00169
2026-06-16 08:38:07.148433: train_loss -0.7995
2026-06-16 08:38:07.153254: val_loss -0.5397
2026-06-16 08:38:07.154631: Pseudo dice [0.5606]
2026-06-16 08:38:07.156225: Epoch time: 22.42 s
2026-06-16 08:38:08.083174: 
2026-06-16 08:38:08.085083: Epoch 862
2026-06-16 08:38:08.086471: Current learning rate: 0.00168
2026-06-16 08:38:30.372677: train_loss -0.7959
2026-06-16 08:38:30.375130: val_loss -0.5533
2026-06-16 08:38:30.376673: Pseudo dice [0.546]
2026-06-16 08:38:30.378068: Epoch time: 22.29 s
2026-06-16 08:38:31.311366: 
2026-06-16 08:38:31.313028: Epoch 863
2026-06-16 08:38:31.314685: Current learning rate: 0.00167
2026-06-16 08:38:53.755635: train_loss -0.7848
2026-06-16 08:38:53.758341: val_loss -0.526
2026-06-16 08:38:53.759685: Pseudo dice [0.5494]
2026-06-16 08:38:53.761164: Epoch time: 22.45 s
2026-06-16 08:38:54.687118: 
2026-06-16 08:38:54.688927: Epoch 864
2026-06-16 08:38:54.690387: Current learning rate: 0.00166
2026-06-16 08:39:17.022902: train_loss -0.7801
2026-06-16 08:39:17.026772: val_loss -0.5189
2026-06-16 08:39:17.028516: Pseudo dice [0.538]
2026-06-16 08:39:17.030034: Epoch time: 22.34 s
2026-06-16 08:39:17.978892: 
2026-06-16 08:39:17.980414: Epoch 865
2026-06-16 08:39:17.981742: Current learning rate: 0.00165
2026-06-16 08:39:40.325873: train_loss -0.782
2026-06-16 08:39:40.328510: val_loss -0.5469
2026-06-16 08:39:40.329923: Pseudo dice [0.5509]
2026-06-16 08:39:40.331534: Epoch time: 22.35 s
2026-06-16 08:39:41.253485: 
2026-06-16 08:39:41.258382: Epoch 866
2026-06-16 08:39:41.259739: Current learning rate: 0.00164
2026-06-16 08:40:03.677302: train_loss -0.7812
2026-06-16 08:40:03.680037: val_loss -0.5153
2026-06-16 08:40:03.681639: Pseudo dice [0.5462]
2026-06-16 08:40:03.683356: Epoch time: 22.42 s
2026-06-16 08:40:04.616529: 
2026-06-16 08:40:04.618203: Epoch 867
2026-06-16 08:40:04.620045: Current learning rate: 0.00163
2026-06-16 08:40:26.998292: train_loss -0.7921
2026-06-16 08:40:27.001691: val_loss -0.5133
2026-06-16 08:40:27.003168: Pseudo dice [0.5304]
2026-06-16 08:40:27.004606: Epoch time: 22.38 s
2026-06-16 08:40:27.937545: 
2026-06-16 08:40:27.938894: Epoch 868
2026-06-16 08:40:27.940330: Current learning rate: 0.00162
2026-06-16 08:40:50.151751: train_loss -0.7857
2026-06-16 08:40:50.154385: val_loss -0.5413
2026-06-16 08:40:50.155730: Pseudo dice [0.562]
2026-06-16 08:40:50.157159: Epoch time: 22.22 s
2026-06-16 08:40:51.078462: 
2026-06-16 08:40:51.080474: Epoch 869
2026-06-16 08:40:51.081805: Current learning rate: 0.00161
2026-06-16 08:41:13.509759: train_loss -0.791
2026-06-16 08:41:13.512086: val_loss -0.5438
2026-06-16 08:41:13.513408: Pseudo dice [0.5761]
2026-06-16 08:41:13.515120: Epoch time: 22.43 s
2026-06-16 08:41:14.446518: 
2026-06-16 08:41:14.448170: Epoch 870
2026-06-16 08:41:14.451304: Current learning rate: 0.00159
2026-06-16 08:41:36.751712: train_loss -0.7922
2026-06-16 08:41:36.755688: val_loss -0.5579
2026-06-16 08:41:36.757245: Pseudo dice [0.585]
2026-06-16 08:41:36.758874: Epoch time: 22.31 s
2026-06-16 08:41:37.692811: 
2026-06-16 08:41:37.694303: Epoch 871
2026-06-16 08:41:37.695680: Current learning rate: 0.00158
2026-06-16 08:41:59.958814: train_loss -0.7981
2026-06-16 08:41:59.980979: val_loss -0.5541
2026-06-16 08:41:59.982743: Pseudo dice [0.5913]
2026-06-16 08:41:59.984790: Epoch time: 22.27 s
2026-06-16 08:42:01.479361: 
2026-06-16 08:42:01.481688: Epoch 872
2026-06-16 08:42:01.483052: Current learning rate: 0.00157
2026-06-16 08:42:23.854540: train_loss -0.7835
2026-06-16 08:42:23.857659: val_loss -0.5514
2026-06-16 08:42:23.859047: Pseudo dice [0.5799]
2026-06-16 08:42:23.860524: Epoch time: 22.38 s
2026-06-16 08:42:24.779567: 
2026-06-16 08:42:24.781298: Epoch 873
2026-06-16 08:42:24.782851: Current learning rate: 0.00156
2026-06-16 08:42:47.217765: train_loss -0.786
2026-06-16 08:42:47.221179: val_loss -0.5266
2026-06-16 08:42:47.222696: Pseudo dice [0.552]
2026-06-16 08:42:47.224298: Epoch time: 22.44 s
2026-06-16 08:42:48.155577: 
2026-06-16 08:42:48.157439: Epoch 874
2026-06-16 08:42:48.158815: Current learning rate: 0.00155
2026-06-16 08:43:10.544600: train_loss -0.7765
2026-06-16 08:43:10.547259: val_loss -0.5544
2026-06-16 08:43:10.548776: Pseudo dice [0.5779]
2026-06-16 08:43:10.550429: Epoch time: 22.39 s
2026-06-16 08:43:11.485440: 
2026-06-16 08:43:11.487510: Epoch 875
2026-06-16 08:43:11.488893: Current learning rate: 0.00154
2026-06-16 08:43:34.030087: train_loss -0.7734
2026-06-16 08:43:34.032382: val_loss -0.5199
2026-06-16 08:43:34.033797: Pseudo dice [0.5169]
2026-06-16 08:43:34.035316: Epoch time: 22.55 s
2026-06-16 08:43:34.972008: 
2026-06-16 08:43:34.973626: Epoch 876
2026-06-16 08:43:34.975397: Current learning rate: 0.00153
2026-06-16 08:43:57.379081: train_loss -0.7966
2026-06-16 08:43:57.382318: val_loss -0.5824
2026-06-16 08:43:57.383723: Pseudo dice [0.5775]
2026-06-16 08:43:57.385180: Epoch time: 22.41 s
2026-06-16 08:43:58.324189: 
2026-06-16 08:43:58.325720: Epoch 877
2026-06-16 08:43:58.327008: Current learning rate: 0.00152
2026-06-16 08:44:20.850270: train_loss -0.7944
2026-06-16 08:44:20.852129: val_loss -0.478
2026-06-16 08:44:20.854159: Pseudo dice [0.4953]
2026-06-16 08:44:20.855658: Epoch time: 22.53 s
2026-06-16 08:44:21.786877: 
2026-06-16 08:44:21.788540: Epoch 878
2026-06-16 08:44:21.790234: Current learning rate: 0.00151
2026-06-16 08:44:44.285266: train_loss -0.7953
2026-06-16 08:44:44.287642: val_loss -0.4985
2026-06-16 08:44:44.289016: Pseudo dice [0.5246]
2026-06-16 08:44:44.290648: Epoch time: 22.5 s
2026-06-16 08:44:45.222482: 
2026-06-16 08:44:45.224281: Epoch 879
2026-06-16 08:44:45.225656: Current learning rate: 0.00149
2026-06-16 08:45:07.596156: train_loss -0.7918
2026-06-16 08:45:07.599853: val_loss -0.5111
2026-06-16 08:45:07.601374: Pseudo dice [0.5548]
2026-06-16 08:45:07.602878: Epoch time: 22.37 s
2026-06-16 08:45:08.541116: 
2026-06-16 08:45:08.542675: Epoch 880
2026-06-16 08:45:08.544213: Current learning rate: 0.00148
2026-06-16 08:45:30.939440: train_loss -0.8063
2026-06-16 08:45:30.946240: val_loss -0.5691
2026-06-16 08:45:30.950579: Pseudo dice [0.5955]
2026-06-16 08:45:30.952494: Epoch time: 22.4 s
2026-06-16 08:45:31.887394: 
2026-06-16 08:45:31.889106: Epoch 881
2026-06-16 08:45:31.890680: Current learning rate: 0.00147
2026-06-16 08:45:54.290659: train_loss -0.7947
2026-06-16 08:45:54.293355: val_loss -0.5562
2026-06-16 08:45:54.294777: Pseudo dice [0.5616]
2026-06-16 08:45:54.296129: Epoch time: 22.4 s
2026-06-16 08:45:55.231987: 
2026-06-16 08:45:55.233728: Epoch 882
2026-06-16 08:45:55.235634: Current learning rate: 0.00146
2026-06-16 08:46:17.677633: train_loss -0.787
2026-06-16 08:46:17.681320: val_loss -0.5174
2026-06-16 08:46:17.683029: Pseudo dice [0.5289]
2026-06-16 08:46:17.685587: Epoch time: 22.45 s
2026-06-16 08:46:18.619066: 
2026-06-16 08:46:18.620823: Epoch 883
2026-06-16 08:46:18.622483: Current learning rate: 0.00145
2026-06-16 08:46:41.167190: train_loss -0.7938
2026-06-16 08:46:41.170194: val_loss -0.5882
2026-06-16 08:46:41.171682: Pseudo dice [0.5911]
2026-06-16 08:46:41.173419: Epoch time: 22.55 s
2026-06-16 08:46:42.114219: 
2026-06-16 08:46:42.116025: Epoch 884
2026-06-16 08:46:42.117935: Current learning rate: 0.00144
2026-06-16 08:47:04.459213: train_loss -0.7915
2026-06-16 08:47:04.461823: val_loss -0.5194
2026-06-16 08:47:04.463482: Pseudo dice [0.5742]
2026-06-16 08:47:04.465392: Epoch time: 22.35 s
2026-06-16 08:47:05.396105: 
2026-06-16 08:47:05.397612: Epoch 885
2026-06-16 08:47:05.398988: Current learning rate: 0.00143
2026-06-16 08:47:27.713727: train_loss -0.7874
2026-06-16 08:47:27.717799: val_loss -0.5316
2026-06-16 08:47:27.719198: Pseudo dice [0.5454]
2026-06-16 08:47:27.721836: Epoch time: 22.32 s
2026-06-16 08:47:28.659568: 
2026-06-16 08:47:28.661299: Epoch 886
2026-06-16 08:47:28.662820: Current learning rate: 0.00142
2026-06-16 08:47:51.015851: train_loss -0.7955
2026-06-16 08:47:51.018163: val_loss -0.5315
2026-06-16 08:47:51.019458: Pseudo dice [0.5607]
2026-06-16 08:47:51.020883: Epoch time: 22.36 s
2026-06-16 08:47:51.948718: 
2026-06-16 08:47:51.950375: Epoch 887
2026-06-16 08:47:51.951733: Current learning rate: 0.00141
2026-06-16 08:48:14.255866: train_loss -0.7923
2026-06-16 08:48:14.260310: val_loss -0.5269
2026-06-16 08:48:14.261735: Pseudo dice [0.5711]
2026-06-16 08:48:14.263598: Epoch time: 22.31 s
2026-06-16 08:48:15.199775: 
2026-06-16 08:48:15.202096: Epoch 888
2026-06-16 08:48:15.203770: Current learning rate: 0.00139
2026-06-16 08:48:37.462850: train_loss -0.7975
2026-06-16 08:48:37.466778: val_loss -0.5324
2026-06-16 08:48:37.469548: Pseudo dice [0.5602]
2026-06-16 08:48:37.472373: Epoch time: 22.26 s
2026-06-16 08:48:38.399333: 
2026-06-16 08:48:38.401104: Epoch 889
2026-06-16 08:48:38.402588: Current learning rate: 0.00138
2026-06-16 08:49:00.570747: train_loss -0.7979
2026-06-16 08:49:00.574783: val_loss -0.5674
2026-06-16 08:49:00.576287: Pseudo dice [0.5636]
2026-06-16 08:49:00.583335: Epoch time: 22.17 s
2026-06-16 08:49:01.516635: 
2026-06-16 08:49:01.518410: Epoch 890
2026-06-16 08:49:01.519817: Current learning rate: 0.00137
2026-06-16 08:49:23.649427: train_loss -0.7868
2026-06-16 08:49:23.651927: val_loss -0.547
2026-06-16 08:49:23.653336: Pseudo dice [0.5424]
2026-06-16 08:49:23.654694: Epoch time: 22.13 s
2026-06-16 08:49:25.160289: 
2026-06-16 08:49:25.161725: Epoch 891
2026-06-16 08:49:25.163156: Current learning rate: 0.00136
2026-06-16 08:49:47.472301: train_loss -0.7911
2026-06-16 08:49:47.477415: val_loss -0.6291
2026-06-16 08:49:47.479100: Pseudo dice [0.603]
2026-06-16 08:49:47.484442: Epoch time: 22.31 s
2026-06-16 08:49:48.404447: 
2026-06-16 08:49:48.406007: Epoch 892
2026-06-16 08:49:48.407682: Current learning rate: 0.00135
2026-06-16 08:50:10.886766: train_loss -0.7912
2026-06-16 08:50:10.889211: val_loss -0.5403
2026-06-16 08:50:10.890992: Pseudo dice [0.5445]
2026-06-16 08:50:10.893238: Epoch time: 22.48 s
2026-06-16 08:50:11.825490: 
2026-06-16 08:50:11.827217: Epoch 893
2026-06-16 08:50:11.828766: Current learning rate: 0.00134
2026-06-16 08:50:34.190700: train_loss -0.7988
2026-06-16 08:50:34.192732: val_loss -0.5348
2026-06-16 08:50:34.194416: Pseudo dice [0.5514]
2026-06-16 08:50:34.195863: Epoch time: 22.37 s
2026-06-16 08:50:35.136977: 
2026-06-16 08:50:35.138555: Epoch 894
2026-06-16 08:50:35.140029: Current learning rate: 0.00133
2026-06-16 08:50:57.453530: train_loss -0.7822
2026-06-16 08:50:57.456342: val_loss -0.5662
2026-06-16 08:50:57.457695: Pseudo dice [0.5877]
2026-06-16 08:50:57.459859: Epoch time: 22.32 s
2026-06-16 08:50:58.384490: 
2026-06-16 08:50:58.385916: Epoch 895
2026-06-16 08:50:58.387340: Current learning rate: 0.00132
2026-06-16 08:51:20.784195: train_loss -0.7931
2026-06-16 08:51:20.791563: val_loss -0.5029
2026-06-16 08:51:20.794616: Pseudo dice [0.5209]
2026-06-16 08:51:20.796014: Epoch time: 22.4 s
2026-06-16 08:51:21.730593: 
2026-06-16 08:51:21.732142: Epoch 896
2026-06-16 08:51:21.733771: Current learning rate: 0.0013
2026-06-16 08:51:44.120055: train_loss -0.7886
2026-06-16 08:51:44.125466: val_loss -0.5229
2026-06-16 08:51:44.127334: Pseudo dice [0.5559]
2026-06-16 08:51:44.132606: Epoch time: 22.39 s
2026-06-16 08:51:45.082396: 
2026-06-16 08:51:45.083901: Epoch 897
2026-06-16 08:51:45.085432: Current learning rate: 0.00129
2026-06-16 08:52:07.545801: train_loss -0.7891
2026-06-16 08:52:07.549385: val_loss -0.5696
2026-06-16 08:52:07.550880: Pseudo dice [0.58]
2026-06-16 08:52:07.552378: Epoch time: 22.46 s
2026-06-16 08:52:08.482497: 
2026-06-16 08:52:08.484095: Epoch 898
2026-06-16 08:52:08.485569: Current learning rate: 0.00128
2026-06-16 08:52:30.755893: train_loss -0.7828
2026-06-16 08:52:30.758509: val_loss -0.5479
2026-06-16 08:52:30.760003: Pseudo dice [0.5812]
2026-06-16 08:52:30.761584: Epoch time: 22.27 s
2026-06-16 08:52:31.691957: 
2026-06-16 08:52:31.693521: Epoch 899
2026-06-16 08:52:31.696193: Current learning rate: 0.00127
2026-06-16 08:52:54.134981: train_loss -0.7905
2026-06-16 08:52:54.137620: val_loss -0.5195
2026-06-16 08:52:54.139125: Pseudo dice [0.5372]
2026-06-16 08:52:54.140581: Epoch time: 22.44 s
2026-06-16 08:52:55.591800: 
2026-06-16 08:52:55.594570: Epoch 900
2026-06-16 08:52:55.596029: Current learning rate: 0.00126
2026-06-16 08:53:18.041820: train_loss -0.771
2026-06-16 08:53:18.045321: val_loss -0.5433
2026-06-16 08:53:18.046914: Pseudo dice [0.5855]
2026-06-16 08:53:18.048534: Epoch time: 22.45 s
2026-06-16 08:53:18.966129: 
2026-06-16 08:53:18.968510: Epoch 901
2026-06-16 08:53:18.969989: Current learning rate: 0.00125
2026-06-16 08:53:41.380457: train_loss -0.7936
2026-06-16 08:53:41.382900: val_loss -0.5638
2026-06-16 08:53:41.384489: Pseudo dice [0.5749]
2026-06-16 08:53:41.385936: Epoch time: 22.42 s
2026-06-16 08:53:42.320700: 
2026-06-16 08:53:42.322246: Epoch 902
2026-06-16 08:53:42.323985: Current learning rate: 0.00124
2026-06-16 08:54:04.720384: train_loss -0.7962
2026-06-16 08:54:04.723014: val_loss -0.5316
2026-06-16 08:54:04.724514: Pseudo dice [0.5618]
2026-06-16 08:54:04.726031: Epoch time: 22.4 s
2026-06-16 08:54:05.660119: 
2026-06-16 08:54:05.663724: Epoch 903
2026-06-16 08:54:05.665581: Current learning rate: 0.00122
2026-06-16 08:54:28.075761: train_loss -0.7854
2026-06-16 08:54:28.080413: val_loss -0.5427
2026-06-16 08:54:28.083390: Pseudo dice [0.57]
2026-06-16 08:54:28.084912: Epoch time: 22.42 s
2026-06-16 08:54:29.027341: 
2026-06-16 08:54:29.029019: Epoch 904
2026-06-16 08:54:29.031418: Current learning rate: 0.00121
2026-06-16 08:54:51.259347: train_loss -0.7911
2026-06-16 08:54:51.261734: val_loss -0.5154
2026-06-16 08:54:51.263104: Pseudo dice [0.5626]
2026-06-16 08:54:51.264530: Epoch time: 22.23 s
2026-06-16 08:54:52.199679: 
2026-06-16 08:54:52.201075: Epoch 905
2026-06-16 08:54:52.202521: Current learning rate: 0.0012
2026-06-16 08:55:14.441044: train_loss -0.7956
2026-06-16 08:55:14.443535: val_loss -0.5221
2026-06-16 08:55:14.444908: Pseudo dice [0.5349]
2026-06-16 08:55:14.446472: Epoch time: 22.24 s
2026-06-16 08:55:15.378392: 
2026-06-16 08:55:15.379956: Epoch 906
2026-06-16 08:55:15.381488: Current learning rate: 0.00119
2026-06-16 08:55:37.585045: train_loss -0.79
2026-06-16 08:55:37.588263: val_loss -0.5563
2026-06-16 08:55:37.589895: Pseudo dice [0.5549]
2026-06-16 08:55:37.591311: Epoch time: 22.21 s
2026-06-16 08:55:38.532143: 
2026-06-16 08:55:38.533561: Epoch 907
2026-06-16 08:55:38.534920: Current learning rate: 0.00118
2026-06-16 08:56:00.668338: train_loss -0.7967
2026-06-16 08:56:00.672226: val_loss -0.5602
2026-06-16 08:56:00.673996: Pseudo dice [0.559]
2026-06-16 08:56:00.675513: Epoch time: 22.14 s
2026-06-16 08:56:01.597920: 
2026-06-16 08:56:01.599561: Epoch 908
2026-06-16 08:56:01.601613: Current learning rate: 0.00117
2026-06-16 08:56:23.779508: train_loss -0.7965
2026-06-16 08:56:23.782474: val_loss -0.5118
2026-06-16 08:56:23.785218: Pseudo dice [0.5345]
2026-06-16 08:56:23.786631: Epoch time: 22.18 s
2026-06-16 08:56:25.284989: 
2026-06-16 08:56:25.286668: Epoch 909
2026-06-16 08:56:25.288258: Current learning rate: 0.00116
2026-06-16 08:56:47.626386: train_loss -0.7879
2026-06-16 08:56:47.629657: val_loss -0.5301
2026-06-16 08:56:47.631376: Pseudo dice [0.5468]
2026-06-16 08:56:47.632870: Epoch time: 22.34 s
2026-06-16 08:56:48.559855: 
2026-06-16 08:56:48.561236: Epoch 910
2026-06-16 08:56:48.562691: Current learning rate: 0.00115
2026-06-16 08:57:10.980625: train_loss -0.7991
2026-06-16 08:57:10.982961: val_loss -0.5343
2026-06-16 08:57:10.984572: Pseudo dice [0.5543]
2026-06-16 08:57:10.986151: Epoch time: 22.42 s
2026-06-16 08:57:11.904721: 
2026-06-16 08:57:11.906224: Epoch 911
2026-06-16 08:57:11.907865: Current learning rate: 0.00113
2026-06-16 08:57:34.261653: train_loss -0.8006
2026-06-16 08:57:34.264183: val_loss -0.5575
2026-06-16 08:57:34.265584: Pseudo dice [0.5722]
2026-06-16 08:57:34.267020: Epoch time: 22.36 s
2026-06-16 08:57:35.198813: 
2026-06-16 08:57:35.200323: Epoch 912
2026-06-16 08:57:35.201762: Current learning rate: 0.00112
2026-06-16 08:57:57.718916: train_loss -0.7999
2026-06-16 08:57:57.722266: val_loss -0.5578
2026-06-16 08:57:57.723931: Pseudo dice [0.5538]
2026-06-16 08:57:57.725279: Epoch time: 22.52 s
2026-06-16 08:57:58.730303: 
2026-06-16 08:57:58.731752: Epoch 913
2026-06-16 08:57:58.733195: Current learning rate: 0.00111
2026-06-16 08:58:21.074284: train_loss -0.7953
2026-06-16 08:58:21.079050: val_loss -0.5174
2026-06-16 08:58:21.080840: Pseudo dice [0.5555]
2026-06-16 08:58:21.082144: Epoch time: 22.35 s
2026-06-16 08:58:22.022344: 
2026-06-16 08:58:22.023928: Epoch 914
2026-06-16 08:58:22.025321: Current learning rate: 0.0011
2026-06-16 08:58:44.385130: train_loss -0.7919
2026-06-16 08:58:44.388396: val_loss -0.5423
2026-06-16 08:58:44.389904: Pseudo dice [0.5598]
2026-06-16 08:58:44.391414: Epoch time: 22.36 s
2026-06-16 08:58:45.323042: 
2026-06-16 08:58:45.324899: Epoch 915
2026-06-16 08:58:45.326574: Current learning rate: 0.00109
2026-06-16 08:59:07.711339: train_loss -0.8028
2026-06-16 08:59:07.715377: val_loss -0.4962
2026-06-16 08:59:07.716912: Pseudo dice [0.54]
2026-06-16 08:59:07.718482: Epoch time: 22.39 s
2026-06-16 08:59:08.659051: 
2026-06-16 08:59:08.660713: Epoch 916
2026-06-16 08:59:08.662487: Current learning rate: 0.00108
2026-06-16 08:59:31.113555: train_loss -0.7954
2026-06-16 08:59:31.117031: val_loss -0.5354
2026-06-16 08:59:31.119218: Pseudo dice [0.5714]
2026-06-16 08:59:31.121101: Epoch time: 22.46 s
2026-06-16 08:59:32.051916: 
2026-06-16 08:59:32.056752: Epoch 917
2026-06-16 08:59:32.058722: Current learning rate: 0.00106
2026-06-16 08:59:54.536103: train_loss -0.7952
2026-06-16 08:59:54.538924: val_loss -0.513
2026-06-16 08:59:54.540846: Pseudo dice [0.5546]
2026-06-16 08:59:54.542830: Epoch time: 22.49 s
2026-06-16 08:59:55.469435: 
2026-06-16 08:59:55.471446: Epoch 918
2026-06-16 08:59:55.473470: Current learning rate: 0.00105
2026-06-16 09:00:17.832676: train_loss -0.7961
2026-06-16 09:00:17.836991: val_loss -0.5555
2026-06-16 09:00:17.838511: Pseudo dice [0.5508]
2026-06-16 09:00:17.840172: Epoch time: 22.36 s
2026-06-16 09:00:18.766216: 
2026-06-16 09:00:18.767933: Epoch 919
2026-06-16 09:00:18.769495: Current learning rate: 0.00104
2026-06-16 09:00:41.129403: train_loss -0.7892
2026-06-16 09:00:41.133487: val_loss -0.5461
2026-06-16 09:00:41.135139: Pseudo dice [0.582]
2026-06-16 09:00:41.136800: Epoch time: 22.36 s
2026-06-16 09:00:42.068184: 
2026-06-16 09:00:42.069849: Epoch 920
2026-06-16 09:00:42.071473: Current learning rate: 0.00103
2026-06-16 09:01:04.304822: train_loss -0.7999
2026-06-16 09:01:04.307561: val_loss -0.5108
2026-06-16 09:01:04.309121: Pseudo dice [0.5266]
2026-06-16 09:01:04.310693: Epoch time: 22.24 s
2026-06-16 09:01:05.240004: 
2026-06-16 09:01:05.241808: Epoch 921
2026-06-16 09:01:05.243361: Current learning rate: 0.00102
2026-06-16 09:01:27.534249: train_loss -0.7828
2026-06-16 09:01:27.537735: val_loss -0.5111
2026-06-16 09:01:27.540535: Pseudo dice [0.5396]
2026-06-16 09:01:27.542196: Epoch time: 22.3 s
2026-06-16 09:01:28.476948: 
2026-06-16 09:01:28.478566: Epoch 922
2026-06-16 09:01:28.480157: Current learning rate: 0.00101
2026-06-16 09:01:50.670394: train_loss -0.8035
2026-06-16 09:01:50.673382: val_loss -0.5519
2026-06-16 09:01:50.675331: Pseudo dice [0.5592]
2026-06-16 09:01:50.677544: Epoch time: 22.19 s
2026-06-16 09:01:51.615814: 
2026-06-16 09:01:51.618083: Epoch 923
2026-06-16 09:01:51.620301: Current learning rate: 0.001
2026-06-16 09:02:13.937955: train_loss -0.7961
2026-06-16 09:02:13.941902: val_loss -0.505
2026-06-16 09:02:13.943799: Pseudo dice [0.5411]
2026-06-16 09:02:13.945485: Epoch time: 22.32 s
2026-06-16 09:02:14.885126: 
2026-06-16 09:02:14.886943: Epoch 924
2026-06-16 09:02:14.888419: Current learning rate: 0.00098
2026-06-16 09:02:37.112025: train_loss -0.7967
2026-06-16 09:02:37.118613: val_loss -0.5492
2026-06-16 09:02:37.120262: Pseudo dice [0.5647]
2026-06-16 09:02:37.121902: Epoch time: 22.23 s
2026-06-16 09:02:38.045586: 
2026-06-16 09:02:38.047122: Epoch 925
2026-06-16 09:02:38.048693: Current learning rate: 0.00097
2026-06-16 09:03:00.281454: train_loss -0.8029
2026-06-16 09:03:00.284224: val_loss -0.5245
2026-06-16 09:03:00.285937: Pseudo dice [0.5342]
2026-06-16 09:03:00.287537: Epoch time: 22.24 s
2026-06-16 09:03:01.231708: 
2026-06-16 09:03:01.233420: Epoch 926
2026-06-16 09:03:01.235535: Current learning rate: 0.00096
2026-06-16 09:03:23.412443: train_loss -0.8026
2026-06-16 09:03:23.415604: val_loss -0.471
2026-06-16 09:03:23.417143: Pseudo dice [0.5226]
2026-06-16 09:03:23.418803: Epoch time: 22.18 s
2026-06-16 09:03:24.353417: 
2026-06-16 09:03:24.355181: Epoch 927
2026-06-16 09:03:24.356836: Current learning rate: 0.00095
2026-06-16 09:03:46.529432: train_loss -0.8022
2026-06-16 09:03:46.532889: val_loss -0.5689
2026-06-16 09:03:46.534463: Pseudo dice [0.5927]
2026-06-16 09:03:46.536173: Epoch time: 22.18 s
2026-06-16 09:03:48.043640: 
2026-06-16 09:03:48.045520: Epoch 928
2026-06-16 09:03:48.047259: Current learning rate: 0.00094
2026-06-16 09:04:10.481030: train_loss -0.8031
2026-06-16 09:04:10.484855: val_loss -0.506
2026-06-16 09:04:10.486721: Pseudo dice [0.5463]
2026-06-16 09:04:10.488420: Epoch time: 22.44 s
2026-06-16 09:04:11.409215: 
2026-06-16 09:04:11.410927: Epoch 929
2026-06-16 09:04:11.412500: Current learning rate: 0.00092
2026-06-16 09:04:33.763707: train_loss -0.7973
2026-06-16 09:04:33.765909: val_loss -0.5761
2026-06-16 09:04:33.767707: Pseudo dice [0.5913]
2026-06-16 09:04:33.769243: Epoch time: 22.36 s
2026-06-16 09:04:34.693004: 
2026-06-16 09:04:34.694792: Epoch 930
2026-06-16 09:04:34.696240: Current learning rate: 0.00091
2026-06-16 09:04:57.143081: train_loss -0.811
2026-06-16 09:04:57.145918: val_loss -0.5832
2026-06-16 09:04:57.147591: Pseudo dice [0.5871]
2026-06-16 09:04:57.149341: Epoch time: 22.45 s
2026-06-16 09:04:58.078631: 
2026-06-16 09:04:58.080443: Epoch 931
2026-06-16 09:04:58.081952: Current learning rate: 0.0009
2026-06-16 09:05:20.542238: train_loss -0.7898
2026-06-16 09:05:20.544864: val_loss -0.5331
2026-06-16 09:05:20.546741: Pseudo dice [0.5533]
2026-06-16 09:05:20.548422: Epoch time: 22.46 s
2026-06-16 09:05:21.483667: 
2026-06-16 09:05:21.485187: Epoch 932
2026-06-16 09:05:21.486756: Current learning rate: 0.00089
2026-06-16 09:05:43.821426: train_loss -0.7947
2026-06-16 09:05:43.826161: val_loss -0.5322
2026-06-16 09:05:43.828064: Pseudo dice [0.5421]
2026-06-16 09:05:43.829924: Epoch time: 22.34 s
2026-06-16 09:05:44.769559: 
2026-06-16 09:05:44.771148: Epoch 933
2026-06-16 09:05:44.773290: Current learning rate: 0.00088
2026-06-16 09:06:07.183489: train_loss -0.8055
2026-06-16 09:06:07.188634: val_loss -0.5834
2026-06-16 09:06:07.190119: Pseudo dice [0.5941]
2026-06-16 09:06:07.191503: Epoch time: 22.41 s
2026-06-16 09:06:08.126820: 
2026-06-16 09:06:08.128677: Epoch 934
2026-06-16 09:06:08.130586: Current learning rate: 0.00087
2026-06-16 09:06:30.477286: train_loss -0.794
2026-06-16 09:06:30.483299: val_loss -0.5527
2026-06-16 09:06:30.485293: Pseudo dice [0.5586]
2026-06-16 09:06:30.486811: Epoch time: 22.35 s
2026-06-16 09:06:31.426630: 
2026-06-16 09:06:31.428271: Epoch 935
2026-06-16 09:06:31.429805: Current learning rate: 0.00085
2026-06-16 09:06:53.862785: train_loss -0.7958
2026-06-16 09:06:53.865259: val_loss -0.5469
2026-06-16 09:06:53.866975: Pseudo dice [0.563]
2026-06-16 09:06:53.869145: Epoch time: 22.44 s
2026-06-16 09:06:54.801483: 
2026-06-16 09:06:54.803135: Epoch 936
2026-06-16 09:06:54.805024: Current learning rate: 0.00084
2026-06-16 09:07:17.274663: train_loss -0.8013
2026-06-16 09:07:17.277427: val_loss -0.5795
2026-06-16 09:07:17.279089: Pseudo dice [0.5956]
2026-06-16 09:07:17.280591: Epoch time: 22.47 s
2026-06-16 09:07:18.217165: 
2026-06-16 09:07:18.218838: Epoch 937
2026-06-16 09:07:18.220499: Current learning rate: 0.00083
2026-06-16 09:07:40.591723: train_loss -0.8029
2026-06-16 09:07:40.593871: val_loss -0.5479
2026-06-16 09:07:40.595419: Pseudo dice [0.5725]
2026-06-16 09:07:40.597234: Epoch time: 22.38 s
2026-06-16 09:07:41.525529: 
2026-06-16 09:07:41.526939: Epoch 938
2026-06-16 09:07:41.528416: Current learning rate: 0.00082
2026-06-16 09:08:03.808929: train_loss -0.8045
2026-06-16 09:08:03.811591: val_loss -0.5427
2026-06-16 09:08:03.813071: Pseudo dice [0.5712]
2026-06-16 09:08:03.815946: Epoch time: 22.28 s
2026-06-16 09:08:04.738862: 
2026-06-16 09:08:04.740956: Epoch 939
2026-06-16 09:08:04.742448: Current learning rate: 0.00081
2026-06-16 09:08:27.033274: train_loss -0.7984
2026-06-16 09:08:27.038470: val_loss -0.579
2026-06-16 09:08:27.044378: Pseudo dice [0.5785]
2026-06-16 09:08:27.046218: Epoch time: 22.3 s
2026-06-16 09:08:27.987891: 
2026-06-16 09:08:27.989640: Epoch 940
2026-06-16 09:08:27.991185: Current learning rate: 0.00079
2026-06-16 09:08:50.310778: train_loss -0.8026
2026-06-16 09:08:50.313225: val_loss -0.5631
2026-06-16 09:08:50.314811: Pseudo dice [0.5893]
2026-06-16 09:08:50.316322: Epoch time: 22.32 s
2026-06-16 09:08:51.242593: 
2026-06-16 09:08:51.244210: Epoch 941
2026-06-16 09:08:51.245817: Current learning rate: 0.00078
2026-06-16 09:09:13.458740: train_loss -0.8093
2026-06-16 09:09:13.461386: val_loss -0.5516
2026-06-16 09:09:13.463104: Pseudo dice [0.5744]
2026-06-16 09:09:13.464497: Epoch time: 22.22 s
2026-06-16 09:09:14.396285: 
2026-06-16 09:09:14.397754: Epoch 942
2026-06-16 09:09:14.399320: Current learning rate: 0.00077
2026-06-16 09:09:36.663314: train_loss -0.7982
2026-06-16 09:09:36.666717: val_loss -0.5387
2026-06-16 09:09:36.668234: Pseudo dice [0.565]
2026-06-16 09:09:36.669761: Epoch time: 22.27 s
2026-06-16 09:09:37.595409: 
2026-06-16 09:09:37.597013: Epoch 943
2026-06-16 09:09:37.598631: Current learning rate: 0.00076
2026-06-16 09:09:59.848302: train_loss -0.8134
2026-06-16 09:09:59.850818: val_loss -0.558
2026-06-16 09:09:59.852355: Pseudo dice [0.5773]
2026-06-16 09:09:59.853940: Epoch time: 22.25 s
2026-06-16 09:10:00.795184: 
2026-06-16 09:10:00.796662: Epoch 944
2026-06-16 09:10:00.798107: Current learning rate: 0.00075
2026-06-16 09:10:23.067693: train_loss -0.7941
2026-06-16 09:10:23.070422: val_loss -0.5226
2026-06-16 09:10:23.072389: Pseudo dice [0.547]
2026-06-16 09:10:23.073946: Epoch time: 22.27 s
2026-06-16 09:10:24.011095: 
2026-06-16 09:10:24.012949: Epoch 945
2026-06-16 09:10:24.014505: Current learning rate: 0.00074
2026-06-16 09:10:46.259244: train_loss -0.801
2026-06-16 09:10:46.264236: val_loss -0.5338
2026-06-16 09:10:46.265878: Pseudo dice [0.5743]
2026-06-16 09:10:46.267764: Epoch time: 22.25 s
2026-06-16 09:10:47.189968: 
2026-06-16 09:10:47.191724: Epoch 946
2026-06-16 09:10:47.193436: Current learning rate: 0.00072
2026-06-16 09:11:09.326571: train_loss -0.8053
2026-06-16 09:11:09.329506: val_loss -0.5443
2026-06-16 09:11:09.331288: Pseudo dice [0.5508]
2026-06-16 09:11:09.333124: Epoch time: 22.14 s
2026-06-16 09:11:10.895572: 
2026-06-16 09:11:10.897755: Epoch 947
2026-06-16 09:11:10.900944: Current learning rate: 0.00071
2026-06-16 09:11:33.427103: train_loss -0.804
2026-06-16 09:11:33.430103: val_loss -0.5459
2026-06-16 09:11:33.432462: Pseudo dice [0.5388]
2026-06-16 09:11:33.434345: Epoch time: 22.53 s
2026-06-16 09:11:34.373754: 
2026-06-16 09:11:34.375597: Epoch 948
2026-06-16 09:11:34.377425: Current learning rate: 0.0007
2026-06-16 09:11:56.754151: train_loss -0.8041
2026-06-16 09:11:56.758157: val_loss -0.5593
2026-06-16 09:11:56.760001: Pseudo dice [0.5716]
2026-06-16 09:11:56.761549: Epoch time: 22.38 s
2026-06-16 09:11:57.681042: 
2026-06-16 09:11:57.682728: Epoch 949
2026-06-16 09:11:57.684227: Current learning rate: 0.00069
2026-06-16 09:12:20.073510: train_loss -0.8058
2026-06-16 09:12:20.082632: val_loss -0.5347
2026-06-16 09:12:20.084853: Pseudo dice [0.5493]
2026-06-16 09:12:20.086510: Epoch time: 22.39 s
2026-06-16 09:12:21.507965: 
2026-06-16 09:12:21.509844: Epoch 950
2026-06-16 09:12:21.512776: Current learning rate: 0.00067
2026-06-16 09:12:43.889167: train_loss -0.8171
2026-06-16 09:12:43.891504: val_loss -0.5357
2026-06-16 09:12:43.893074: Pseudo dice [0.5661]
2026-06-16 09:12:43.894485: Epoch time: 22.38 s
2026-06-16 09:12:44.820413: 
2026-06-16 09:12:44.822092: Epoch 951
2026-06-16 09:12:44.823800: Current learning rate: 0.00066
2026-06-16 09:13:07.157872: train_loss -0.8131
2026-06-16 09:13:07.161288: val_loss -0.592
2026-06-16 09:13:07.162749: Pseudo dice [0.5697]
2026-06-16 09:13:07.164191: Epoch time: 22.34 s
2026-06-16 09:13:08.095929: 
2026-06-16 09:13:08.097477: Epoch 952
2026-06-16 09:13:08.099016: Current learning rate: 0.00065
2026-06-16 09:13:30.472734: train_loss -0.8032
2026-06-16 09:13:30.474809: val_loss -0.5319
2026-06-16 09:13:30.476279: Pseudo dice [0.5437]
2026-06-16 09:13:30.477819: Epoch time: 22.38 s
2026-06-16 09:13:31.411311: 
2026-06-16 09:13:31.413129: Epoch 953
2026-06-16 09:13:31.416471: Current learning rate: 0.00064
2026-06-16 09:13:53.766180: train_loss -0.8033
2026-06-16 09:13:53.768960: val_loss -0.559
2026-06-16 09:13:53.770643: Pseudo dice [0.5733]
2026-06-16 09:13:53.772139: Epoch time: 22.36 s
2026-06-16 09:13:54.710663: 
2026-06-16 09:13:54.712707: Epoch 954
2026-06-16 09:13:54.714504: Current learning rate: 0.00063
2026-06-16 09:14:17.090494: train_loss -0.8035
2026-06-16 09:14:17.093976: val_loss -0.5293
2026-06-16 09:14:17.095773: Pseudo dice [0.5547]
2026-06-16 09:14:17.097598: Epoch time: 22.38 s
2026-06-16 09:14:18.037142: 
2026-06-16 09:14:18.039125: Epoch 955
2026-06-16 09:14:18.040801: Current learning rate: 0.00061
2026-06-16 09:14:40.480881: train_loss -0.8066
2026-06-16 09:14:40.483590: val_loss -0.5133
2026-06-16 09:14:40.485247: Pseudo dice [0.5544]
2026-06-16 09:14:40.486943: Epoch time: 22.44 s
2026-06-16 09:14:41.446837: 
2026-06-16 09:14:41.448562: Epoch 956
2026-06-16 09:14:41.450361: Current learning rate: 0.0006
2026-06-16 09:15:03.886303: train_loss -0.8112
2026-06-16 09:15:03.888670: val_loss -0.5591
2026-06-16 09:15:03.890055: Pseudo dice [0.5968]
2026-06-16 09:15:03.891727: Epoch time: 22.44 s
2026-06-16 09:15:04.844393: 
2026-06-16 09:15:04.845899: Epoch 957
2026-06-16 09:15:04.847386: Current learning rate: 0.00059
2026-06-16 09:15:27.123398: train_loss -0.8034
2026-06-16 09:15:27.126686: val_loss -0.5108
2026-06-16 09:15:27.128077: Pseudo dice [0.5422]
2026-06-16 09:15:27.129662: Epoch time: 22.28 s
2026-06-16 09:15:28.082154: 
2026-06-16 09:15:28.083517: Epoch 958
2026-06-16 09:15:28.087464: Current learning rate: 0.00058
2026-06-16 09:15:50.438448: train_loss -0.8013
2026-06-16 09:15:50.443757: val_loss -0.6094
2026-06-16 09:15:50.445257: Pseudo dice [0.6086]
2026-06-16 09:15:50.446802: Epoch time: 22.36 s
2026-06-16 09:15:51.383805: 
2026-06-16 09:15:51.385216: Epoch 959
2026-06-16 09:15:51.386606: Current learning rate: 0.00056
2026-06-16 09:16:13.829669: train_loss -0.7986
2026-06-16 09:16:13.831695: val_loss -0.5579
2026-06-16 09:16:13.833174: Pseudo dice [0.5688]
2026-06-16 09:16:13.834718: Epoch time: 22.45 s
2026-06-16 09:16:14.776588: 
2026-06-16 09:16:14.778241: Epoch 960
2026-06-16 09:16:14.781083: Current learning rate: 0.00055
2026-06-16 09:16:37.097575: train_loss -0.8126
2026-06-16 09:16:37.100220: val_loss -0.5579
2026-06-16 09:16:37.101663: Pseudo dice [0.5793]
2026-06-16 09:16:37.103224: Epoch time: 22.32 s
2026-06-16 09:16:38.052773: 
2026-06-16 09:16:38.054314: Epoch 961
2026-06-16 09:16:38.055820: Current learning rate: 0.00054
2026-06-16 09:17:00.372895: train_loss -0.8121
2026-06-16 09:17:00.375901: val_loss -0.5758
2026-06-16 09:17:00.378017: Pseudo dice [0.5695]
2026-06-16 09:17:00.380703: Epoch time: 22.32 s
2026-06-16 09:17:01.322914: 
2026-06-16 09:17:01.324642: Epoch 962
2026-06-16 09:17:01.326291: Current learning rate: 0.00053
2026-06-16 09:17:23.649500: train_loss -0.811
2026-06-16 09:17:23.652752: val_loss -0.5784
2026-06-16 09:17:23.654154: Pseudo dice [0.5908]
2026-06-16 09:17:23.655702: Epoch time: 22.33 s
2026-06-16 09:17:24.599069: 
2026-06-16 09:17:24.600499: Epoch 963
2026-06-16 09:17:24.602134: Current learning rate: 0.00051
2026-06-16 09:17:46.855211: train_loss -0.8019
2026-06-16 09:17:46.859045: val_loss -0.5679
2026-06-16 09:17:46.860602: Pseudo dice [0.5892]
2026-06-16 09:17:46.862234: Epoch time: 22.26 s
2026-06-16 09:17:46.863700: Yayy! New best EMA pseudo Dice: 0.5728
2026-06-16 09:17:48.296201: 
2026-06-16 09:17:48.297644: Epoch 964
2026-06-16 09:17:48.299037: Current learning rate: 0.0005
2026-06-16 09:18:10.444175: train_loss -0.8048
2026-06-16 09:18:10.448210: val_loss -0.5548
2026-06-16 09:18:10.450899: Pseudo dice [0.5706]
2026-06-16 09:18:10.452499: Epoch time: 22.15 s
2026-06-16 09:18:11.944098: 
2026-06-16 09:18:11.946143: Epoch 965
2026-06-16 09:18:11.947656: Current learning rate: 0.00049
2026-06-16 09:18:34.391509: train_loss -0.8089
2026-06-16 09:18:34.399030: val_loss -0.6197
2026-06-16 09:18:34.402482: Pseudo dice [0.6142]
2026-06-16 09:18:34.405162: Epoch time: 22.45 s
2026-06-16 09:18:34.408865: Yayy! New best EMA pseudo Dice: 0.5767
2026-06-16 09:18:35.850169: 
2026-06-16 09:18:35.851919: Epoch 966
2026-06-16 09:18:35.853477: Current learning rate: 0.00048
2026-06-16 09:18:58.186033: train_loss -0.8228
2026-06-16 09:18:58.189685: val_loss -0.5448
2026-06-16 09:18:58.191045: Pseudo dice [0.5648]
2026-06-16 09:18:58.192466: Epoch time: 22.34 s
2026-06-16 09:18:59.124493: 
2026-06-16 09:18:59.127106: Epoch 967
2026-06-16 09:18:59.128842: Current learning rate: 0.00046
2026-06-16 09:19:21.585701: train_loss -0.8015
2026-06-16 09:19:21.587595: val_loss -0.5977
2026-06-16 09:19:21.588954: Pseudo dice [0.6094]
2026-06-16 09:19:21.590396: Epoch time: 22.46 s
2026-06-16 09:19:21.591878: Yayy! New best EMA pseudo Dice: 0.5789
2026-06-16 09:19:23.035232: 
2026-06-16 09:19:23.036950: Epoch 968
2026-06-16 09:19:23.038395: Current learning rate: 0.00045
2026-06-16 09:19:45.422336: train_loss -0.8107
2026-06-16 09:19:45.424820: val_loss -0.5522
2026-06-16 09:19:45.426245: Pseudo dice [0.5691]
2026-06-16 09:19:45.427845: Epoch time: 22.39 s
2026-06-16 09:19:46.372934: 
2026-06-16 09:19:46.377919: Epoch 969
2026-06-16 09:19:46.379574: Current learning rate: 0.00044
2026-06-16 09:20:08.766166: train_loss -0.8147
2026-06-16 09:20:08.769499: val_loss -0.5279
2026-06-16 09:20:08.770819: Pseudo dice [0.5609]
2026-06-16 09:20:08.772239: Epoch time: 22.39 s
2026-06-16 09:20:09.718281: 
2026-06-16 09:20:09.719799: Epoch 970
2026-06-16 09:20:09.721325: Current learning rate: 0.00043
2026-06-16 09:20:32.172345: train_loss -0.8072
2026-06-16 09:20:32.174860: val_loss -0.571
2026-06-16 09:20:32.176301: Pseudo dice [0.5712]
2026-06-16 09:20:32.177760: Epoch time: 22.45 s
2026-06-16 09:20:33.114614: 
2026-06-16 09:20:33.116200: Epoch 971
2026-06-16 09:20:33.117814: Current learning rate: 0.00041
2026-06-16 09:20:55.474298: train_loss -0.8136
2026-06-16 09:20:55.477494: val_loss -0.5856
2026-06-16 09:20:55.479810: Pseudo dice [0.6033]
2026-06-16 09:20:55.481503: Epoch time: 22.36 s
2026-06-16 09:20:56.432289: 
2026-06-16 09:20:56.439818: Epoch 972
2026-06-16 09:20:56.442135: Current learning rate: 0.0004
2026-06-16 09:21:18.913940: train_loss -0.8082
2026-06-16 09:21:18.917181: val_loss -0.5688
2026-06-16 09:21:18.918639: Pseudo dice [0.576]
2026-06-16 09:21:18.920089: Epoch time: 22.48 s
2026-06-16 09:21:19.867868: 
2026-06-16 09:21:19.869302: Epoch 973
2026-06-16 09:21:19.870966: Current learning rate: 0.00039
2026-06-16 09:21:42.306091: train_loss -0.8024
2026-06-16 09:21:42.310688: val_loss -0.4979
2026-06-16 09:21:42.312403: Pseudo dice [0.5312]
2026-06-16 09:21:42.314131: Epoch time: 22.44 s
2026-06-16 09:21:43.263829: 
2026-06-16 09:21:43.270507: Epoch 974
2026-06-16 09:21:43.272764: Current learning rate: 0.00037
2026-06-16 09:22:05.601591: train_loss -0.8156
2026-06-16 09:22:05.604445: val_loss -0.5519
2026-06-16 09:22:05.606050: Pseudo dice [0.5728]
2026-06-16 09:22:05.607623: Epoch time: 22.34 s
2026-06-16 09:22:06.547254: 
2026-06-16 09:22:06.548812: Epoch 975
2026-06-16 09:22:06.550164: Current learning rate: 0.00036
2026-06-16 09:22:28.909571: train_loss -0.8195
2026-06-16 09:22:28.913031: val_loss -0.6129
2026-06-16 09:22:28.914466: Pseudo dice [0.6062]
2026-06-16 09:22:28.915987: Epoch time: 22.36 s
2026-06-16 09:22:29.854980: 
2026-06-16 09:22:29.856476: Epoch 976
2026-06-16 09:22:29.858034: Current learning rate: 0.00035
2026-06-16 09:22:52.253649: train_loss -0.8176
2026-06-16 09:22:52.256870: val_loss -0.571
2026-06-16 09:22:52.258771: Pseudo dice [0.561]
2026-06-16 09:22:52.260605: Epoch time: 22.4 s
2026-06-16 09:22:53.215539: 
2026-06-16 09:22:53.217627: Epoch 977
2026-06-16 09:22:53.219669: Current learning rate: 0.00034
2026-06-16 09:23:15.581830: train_loss -0.808
2026-06-16 09:23:15.584800: val_loss -0.5591
2026-06-16 09:23:15.586498: Pseudo dice [0.5977]
2026-06-16 09:23:15.588004: Epoch time: 22.37 s
2026-06-16 09:23:16.534851: 
2026-06-16 09:23:16.538828: Epoch 978
2026-06-16 09:23:16.540923: Current learning rate: 0.00032
2026-06-16 09:23:38.745280: train_loss -0.8205
2026-06-16 09:23:38.748929: val_loss -0.5518
2026-06-16 09:23:38.750449: Pseudo dice [0.5824]
2026-06-16 09:23:38.752222: Epoch time: 22.21 s
2026-06-16 09:23:39.704883: 
2026-06-16 09:23:39.706552: Epoch 979
2026-06-16 09:23:39.708107: Current learning rate: 0.00031
2026-06-16 09:24:02.015323: train_loss -0.8073
2026-06-16 09:24:02.019603: val_loss -0.557
2026-06-16 09:24:02.022639: Pseudo dice [0.5668]
2026-06-16 09:24:02.025495: Epoch time: 22.31 s
2026-06-16 09:24:02.975091: 
2026-06-16 09:24:02.979634: Epoch 980
2026-06-16 09:24:02.982227: Current learning rate: 0.0003
2026-06-16 09:24:25.178539: train_loss -0.8113
2026-06-16 09:24:25.181421: val_loss -0.568
2026-06-16 09:24:25.183127: Pseudo dice [0.5956]
2026-06-16 09:24:25.184750: Epoch time: 22.2 s
2026-06-16 09:24:26.138120: 
2026-06-16 09:24:26.139925: Epoch 981
2026-06-16 09:24:26.141655: Current learning rate: 0.00028
2026-06-16 09:24:48.294627: train_loss -0.8162
2026-06-16 09:24:48.298738: val_loss -0.5812
2026-06-16 09:24:48.300137: Pseudo dice [0.6013]
2026-06-16 09:24:48.301646: Epoch time: 22.16 s
2026-06-16 09:24:48.303102: Yayy! New best EMA pseudo Dice: 0.5809
2026-06-16 09:24:50.315474: 
2026-06-16 09:24:50.316849: Epoch 982
2026-06-16 09:24:50.318316: Current learning rate: 0.00027
2026-06-16 09:25:12.863886: train_loss -0.8066
2026-06-16 09:25:12.866416: val_loss -0.4905
2026-06-16 09:25:12.867959: Pseudo dice [0.5172]
2026-06-16 09:25:12.869507: Epoch time: 22.55 s
2026-06-16 09:25:13.806124: 
2026-06-16 09:25:13.807824: Epoch 983
2026-06-16 09:25:13.809419: Current learning rate: 0.00026
2026-06-16 09:25:36.366750: train_loss -0.8134
2026-06-16 09:25:36.368702: val_loss -0.5696
2026-06-16 09:25:36.370269: Pseudo dice [0.5618]
2026-06-16 09:25:36.371753: Epoch time: 22.56 s
2026-06-16 09:25:37.309206: 
2026-06-16 09:25:37.310636: Epoch 984
2026-06-16 09:25:37.312058: Current learning rate: 0.00024
2026-06-16 09:25:59.664472: train_loss -0.8068
2026-06-16 09:25:59.668941: val_loss -0.589
2026-06-16 09:25:59.670625: Pseudo dice [0.5901]
2026-06-16 09:25:59.672335: Epoch time: 22.36 s
2026-06-16 09:26:00.621302: 
2026-06-16 09:26:00.623092: Epoch 985
2026-06-16 09:26:00.624630: Current learning rate: 0.00023
2026-06-16 09:26:23.048414: train_loss -0.8192
2026-06-16 09:26:23.051962: val_loss -0.5314
2026-06-16 09:26:23.054014: Pseudo dice [0.525]
2026-06-16 09:26:23.055444: Epoch time: 22.43 s
2026-06-16 09:26:24.003802: 
2026-06-16 09:26:24.006747: Epoch 986
2026-06-16 09:26:24.009717: Current learning rate: 0.00021
2026-06-16 09:26:46.392483: train_loss -0.813
2026-06-16 09:26:46.395375: val_loss -0.5268
2026-06-16 09:26:46.397054: Pseudo dice [0.5679]
2026-06-16 09:26:46.398633: Epoch time: 22.39 s
2026-06-16 09:26:47.341935: 
2026-06-16 09:26:47.343716: Epoch 987
2026-06-16 09:26:47.345210: Current learning rate: 0.0002
2026-06-16 09:27:09.804412: train_loss -0.8099
2026-06-16 09:27:09.808929: val_loss -0.5672
2026-06-16 09:27:09.810357: Pseudo dice [0.5744]
2026-06-16 09:27:09.811796: Epoch time: 22.46 s
2026-06-16 09:27:10.778347: 
2026-06-16 09:27:10.779761: Epoch 988
2026-06-16 09:27:10.781025: Current learning rate: 0.00019
2026-06-16 09:27:33.346093: train_loss -0.81
2026-06-16 09:27:33.348622: val_loss -0.4712
2026-06-16 09:27:33.350123: Pseudo dice [0.5021]
2026-06-16 09:27:33.351460: Epoch time: 22.57 s
2026-06-16 09:27:34.299879: 
2026-06-16 09:27:34.302363: Epoch 989
2026-06-16 09:27:34.304423: Current learning rate: 0.00017
2026-06-16 09:27:56.769459: train_loss -0.8214
2026-06-16 09:27:56.771924: val_loss -0.5751
2026-06-16 09:27:56.773366: Pseudo dice [0.596]
2026-06-16 09:27:56.774917: Epoch time: 22.47 s
2026-06-16 09:27:57.720131: 
2026-06-16 09:27:57.721647: Epoch 990
2026-06-16 09:27:57.723066: Current learning rate: 0.00016
2026-06-16 09:28:20.054561: train_loss -0.8147
2026-06-16 09:28:20.057722: val_loss -0.5999
2026-06-16 09:28:20.059799: Pseudo dice [0.5955]
2026-06-16 09:28:20.061503: Epoch time: 22.34 s
2026-06-16 09:28:21.007428: 
2026-06-16 09:28:21.009103: Epoch 991
2026-06-16 09:28:21.010733: Current learning rate: 0.00014
2026-06-16 09:28:43.394828: train_loss -0.7994
2026-06-16 09:28:43.396919: val_loss -0.5793
2026-06-16 09:28:43.398680: Pseudo dice [0.5646]
2026-06-16 09:28:43.400193: Epoch time: 22.39 s
2026-06-16 09:28:44.345928: 
2026-06-16 09:28:44.347549: Epoch 992
2026-06-16 09:28:44.349194: Current learning rate: 0.00013
2026-06-16 09:29:06.766128: train_loss -0.8155
2026-06-16 09:29:06.773965: val_loss -0.5492
2026-06-16 09:29:06.775621: Pseudo dice [0.5809]
2026-06-16 09:29:06.777128: Epoch time: 22.42 s
2026-06-16 09:29:07.723787: 
2026-06-16 09:29:07.726066: Epoch 993
2026-06-16 09:29:07.727958: Current learning rate: 0.00011
2026-06-16 09:29:30.197868: train_loss -0.8184
2026-06-16 09:29:30.204292: val_loss -0.5849
2026-06-16 09:29:30.206197: Pseudo dice [0.6129]
2026-06-16 09:29:30.208023: Epoch time: 22.47 s
2026-06-16 09:29:31.157883: 
2026-06-16 09:29:31.159562: Epoch 994
2026-06-16 09:29:31.160937: Current learning rate: 0.0001
2026-06-16 09:29:53.525550: train_loss -0.8133
2026-06-16 09:29:53.528502: val_loss -0.5305
2026-06-16 09:29:53.530185: Pseudo dice [0.5553]
2026-06-16 09:29:53.531740: Epoch time: 22.37 s
2026-06-16 09:29:54.471124: 
2026-06-16 09:29:54.473110: Epoch 995
2026-06-16 09:29:54.474755: Current learning rate: 8e-05
2026-06-16 09:30:16.820703: train_loss -0.8207
2026-06-16 09:30:16.823643: val_loss -0.5772
2026-06-16 09:30:16.825416: Pseudo dice [0.598]
2026-06-16 09:30:16.827029: Epoch time: 22.35 s
2026-06-16 09:30:17.770585: 
2026-06-16 09:30:17.773376: Epoch 996
2026-06-16 09:30:17.776293: Current learning rate: 7e-05
2026-06-16 09:30:40.016793: train_loss -0.8091
2026-06-16 09:30:40.020774: val_loss -0.5972
2026-06-16 09:30:40.022437: Pseudo dice [0.5923]
2026-06-16 09:30:40.024294: Epoch time: 22.25 s
2026-06-16 09:30:40.971922: 
2026-06-16 09:30:40.975238: Epoch 997
2026-06-16 09:30:40.977000: Current learning rate: 5e-05
2026-06-16 09:31:03.171121: train_loss -0.8133
2026-06-16 09:31:03.174283: val_loss -0.5959
2026-06-16 09:31:03.176094: Pseudo dice [0.5828]
2026-06-16 09:31:03.177753: Epoch time: 22.2 s
2026-06-16 09:31:04.132813: 
2026-06-16 09:31:04.134583: Epoch 998
2026-06-16 09:31:04.136309: Current learning rate: 4e-05
2026-06-16 09:31:26.337462: train_loss -0.8114
2026-06-16 09:31:26.341885: val_loss -0.5709
2026-06-16 09:31:26.343714: Pseudo dice [0.5811]
2026-06-16 09:31:26.345535: Epoch time: 22.21 s
2026-06-16 09:31:27.295311: 
2026-06-16 09:31:27.297216: Epoch 999
2026-06-16 09:31:27.299064: Current learning rate: 2e-05
2026-06-16 09:31:49.499995: train_loss -0.8037
2026-06-16 09:31:49.508245: val_loss -0.5702
2026-06-16 09:31:49.509734: Pseudo dice [0.5668]
2026-06-16 09:31:49.511377: Epoch time: 22.21 s
2026-06-16 09:31:51.549202: Training done.
2026-06-16 09:31:51.638212: Using splits from existing split file: /data/drdcad/datasets_nnUNet/nnUNet_preprocessed/Dataset101_SBOvessel/splits_final.json
2026-06-16 09:31:51.643901: The split file contains 5 splits.
2026-06-16 09:31:51.645586: Desired fold for training: 1
2026-06-16 09:31:51.647451: This split has 91 training and 23 validation cases.
2026-06-16 09:31:51.649215: predicting 00004_00001_3
2026-06-16 09:31:52.266762: 00004_00001_3, shape torch.Size([1, 591, 560, 560]), rank 0
2026-06-16 09:33:05.288133: predicting 00009_00001_3
2026-06-16 09:33:06.079329: 00009_00001_3, shape torch.Size([1, 778, 530, 530]), rank 0
2026-06-16 09:34:24.265114: predicting 00011_00002_3
2026-06-16 09:34:24.662186: 00011_00002_3, shape torch.Size([1, 519, 484, 484]), rank 0
2026-06-16 09:35:04.718573: predicting 00016_00002_4
2026-06-16 09:35:05.176772: 00016_00002_4, shape torch.Size([1, 676, 453, 453]), rank 0
2026-06-16 09:35:55.154040: predicting 00023_00001_3
2026-06-16 09:35:55.780309: 00023_00001_3, shape torch.Size([1, 647, 527, 527]), rank 0
2026-06-16 09:37:00.937815: predicting 00027_00001_3
2026-06-16 09:37:01.497410: 00027_00001_3, shape torch.Size([1, 503, 565, 565]), rank 0
2026-06-16 09:37:47.218689: predicting 00029_00001_3
2026-06-16 09:37:47.984601: 00029_00001_3, shape torch.Size([1, 674, 556, 556]), rank 0
2026-06-16 09:38:53.363991: predicting 00032_00001_3
2026-06-16 09:38:54.038208: 00032_00001_3, shape torch.Size([1, 509, 603, 603]), rank 0
2026-06-16 09:39:51.904314: predicting 00035_00001_3
2026-06-16 09:39:52.460559: 00035_00001_3, shape torch.Size([1, 457, 550, 550]), rank 0
2026-06-16 09:40:38.235544: predicting 00036_00001_3
2026-06-16 09:40:39.032861: 00036_00001_3, shape torch.Size([1, 780, 580, 580]), rank 0
2026-06-16 09:42:17.801139: predicting 00038_00001_3
2026-06-16 09:42:18.249826: 00038_00001_3, shape torch.Size([1, 552, 474, 474]), rank 0
2026-06-16 09:42:58.292547: predicting 00040_00001_7
2026-06-16 09:42:59.048013: 00040_00001_7, shape torch.Size([1, 664, 552, 552]), rank 0
2026-06-16 09:44:04.183579: predicting 00056_00001_3
2026-06-16 09:44:04.943711: 00056_00001_3, shape torch.Size([1, 691, 550, 550]), rank 0
2026-06-16 09:45:10.124914: predicting 00059_00001_3
2026-06-16 09:45:10.471487: 00059_00001_3, shape torch.Size([1, 608, 399, 399]), rank 0
2026-06-16 09:45:43.560651: predicting 00063_00001_3
2026-06-16 09:45:44.263417: 00063_00001_3, shape torch.Size([1, 698, 494, 494]), rank 0
2026-06-16 09:46:34.195825: predicting 00070_00001_3
2026-06-16 09:46:35.111078: 00070_00001_3, shape torch.Size([1, 669, 610, 610]), rank 0
2026-06-16 09:47:57.509102: predicting 00072_00001_3
2026-06-16 09:47:58.278798: 00072_00001_3, shape torch.Size([1, 733, 535, 535]), rank 0
2026-06-16 09:49:09.980317: predicting 00072_00002_3
2026-06-16 09:49:10.741740: 00072_00002_3, shape torch.Size([1, 753, 530, 530]), rank 0
2026-06-16 09:50:22.405852: predicting 00073_00001_3
2026-06-16 09:50:23.086327: 00073_00001_3, shape torch.Size([1, 708, 504, 504]), rank 0
2026-06-16 09:51:18.036204: predicting 00074_00001_3
2026-06-16 09:51:18.604626: 00074_00001_3, shape torch.Size([1, 517, 530, 530]), rank 0
2026-06-16 09:52:10.805820: predicting 00086_00001_7
2026-06-16 09:52:11.400546: 00086_00001_7, shape torch.Size([1, 727, 479, 479]), rank 0
2026-06-16 09:53:06.367756: predicting 00099_00001_3
2026-06-16 09:53:07.082252: 00099_00001_3, shape torch.Size([1, 610, 580, 580]), rank 0
2026-06-16 09:54:21.269909: predicting 00110_00001_10
2026-06-16 09:54:21.643673: 00110_00001_10, shape torch.Size([1, 680, 281, 508]), rank 0
2026-06-16 09:57:29.245286: Validation complete
2026-06-16 09:57:29.247457: Mean Validation Dice:  0.5477183824805769
==========================================
Training finished: fold 1
==========================================
