==========================================
nnUNet training
==========================================
nnUNet_raw=/data/drdcad/datasets_nnUNet/nnUNet_raw
nnUNet_preprocessed=/data/drdcad/datasets_nnUNet/nnUNet_preprocessed
nnUNet_results=/data/drdcad/datasets_nnUNet/nnUNet_results
DATASET_ID=101
CONFIG=3d_fullres
FOLD=2
CUDA_VISIBLE_DEVICES=0
==========================================
Sat Jun 13 18:51:52 2026       
+-----------------------------------------------------------------------------------------+
| NVIDIA-SMI 580.126.09             Driver Version: 580.126.09     CUDA Version: 13.0     |
+-----------------------------------------+------------------------+----------------------+
| GPU  Name                 Persistence-M | Bus-Id          Disp.A | Volatile Uncorr. ECC |
| Fan  Temp   Perf          Pwr:Usage/Cap |           Memory-Usage | GPU-Util  Compute M. |
|                                         |                        |               MIG M. |
|=========================================+========================+======================|
|   0  NVIDIA A100-SXM4-80GB          On  |   00000000:85:00.0 Off |                    0 |
| N/A   28C    P0             60W /  400W |       0MiB /  81920MiB |      0%      Default |
|                                         |                        |             Disabled |
+-----------------------------------------+------------------------+----------------------+

+-----------------------------------------------------------------------------------------+
| Processes:                                                                              |
|  GPU   GI   CI              PID   Type   Process name                        GPU Memory |
|        ID   ID                                                               Usage      |
|=========================================================================================|
|  No running processes found                                                             |
+-----------------------------------------------------------------------------------------+

############################
INFO: You are using the old nnU-Net default plans. We have updated our recommendations. Please consider using those instead! Read more here: https://github.com/MIC-DKFZ/nnUNet/blob/master/documentation/resenc_presets.md
############################

Using device: cuda:0

#######################################################################
Please cite the following paper when using nnU-Net:
Isensee, F., Jaeger, P. F., Kohl, S. A., Petersen, J., & Maier-Hein, K. H. (2021). nnU-Net: a self-configuring method for deep learning-based biomedical image segmentation. Nature methods, 18(2), 203-211.
#######################################################################

2026-06-13 18:52:05.089968: Using torch.compile...
2026-06-13 18:52:06.180434: do_dummy_2d_data_aug: False
2026-06-13 18:52:06.183062: Using splits from existing split file: /data/drdcad/datasets_nnUNet/nnUNet_preprocessed/Dataset101_SBOvessel/splits_final.json
2026-06-13 18:52:06.185537: The split file contains 5 splits.
2026-06-13 18:52:06.186854: Desired fold for training: 2
2026-06-13 18:52:06.188175: This split has 91 training and 23 validation cases.
using pin_memory on device 0
using pin_memory on device 0

This is the configuration used by this training:
Configuration name: 3d_fullres
 {'data_identifier': 'nnUNetPlans_3d_fullres', 'preprocessor_name': 'DefaultPreprocessor', 'batch_size': 2, 'patch_size': [128, 128, 128], 'median_image_size_in_voxels': [619.0, 512.0, 519.0], 'spacing': [1.0, 0.79296875, 0.79296875], 'normalization_schemes': ['CTNormalization'], 'use_mask_for_norm': [False], 'resampling_fn_data': 'resample_data_or_seg_to_shape', 'resampling_fn_seg': 'resample_data_or_seg_to_shape', 'resampling_fn_data_kwargs': {'is_seg': False, 'order': 3, 'order_z': 0, 'force_separate_z': None}, 'resampling_fn_seg_kwargs': {'is_seg': True, 'order': 1, 'order_z': 0, 'force_separate_z': None}, 'resampling_fn_probabilities': 'resample_data_or_seg_to_shape', 'resampling_fn_probabilities_kwargs': {'is_seg': False, 'order': 1, 'order_z': 0, 'force_separate_z': None}, 'architecture': {'network_class_name': 'dynamic_network_architectures.architectures.unet.PlainConvUNet', 'arch_kwargs': {'n_stages': 6, 'features_per_stage': [32, 64, 128, 256, 320, 320], 'conv_op': 'torch.nn.modules.conv.Conv3d', 'kernel_sizes': [[3, 3, 3], [3, 3, 3], [3, 3, 3], [3, 3, 3], [3, 3, 3], [3, 3, 3]], 'strides': [[1, 1, 1], [2, 2, 2], [2, 2, 2], [2, 2, 2], [2, 2, 2], [2, 2, 2]], 'n_conv_per_stage': [2, 2, 2, 2, 2, 2], 'n_conv_per_stage_decoder': [2, 2, 2, 2, 2], 'conv_bias': True, 'norm_op': 'torch.nn.modules.instancenorm.InstanceNorm3d', 'norm_op_kwargs': {'eps': 1e-05, 'affine': True}, 'dropout_op': None, 'dropout_op_kwargs': None, 'nonlin': 'torch.nn.LeakyReLU', 'nonlin_kwargs': {'inplace': True}}, '_kw_requires_import': ['conv_op', 'norm_op', 'dropout_op', 'nonlin']}, 'batch_dice': True} 

These are the global plan.json settings:
 {'dataset_name': 'Dataset101_SBOvessel', 'plans_name': 'nnUNetPlans', 'original_median_spacing_after_transp': [1.0, 0.79296875, 0.79296875], 'original_median_shape_after_transp': [622, 512, 512], 'image_reader_writer': 'SimpleITKIO', 'transpose_forward': [0, 1, 2], 'transpose_backward': [0, 1, 2], 'experiment_planner_used': 'ExperimentPlanner', 'label_manager': 'LabelManager', 'foreground_intensity_properties_per_channel': {'0': {'max': 3071.0, 'mean': 91.34320831298828, 'median': 87.0, 'min': -1021.0, 'percentile_00_5': -71.0, 'percentile_99_5': 298.0, 'std': 78.90290832519531}}} 

2026-06-13 18:52:07.743510: Unable to plot network architecture: nnUNet_compile is enabled!
2026-06-13 18:52:07.763657: 
2026-06-13 18:52:07.765929: Epoch 0
2026-06-13 18:52:07.769381: Current learning rate: 0.01
2026-06-13 18:53:24.480956: train_loss 0.0413
2026-06-13 18:53:24.485350: val_loss -0.0542
2026-06-13 18:53:24.486979: Pseudo dice [0.0812]
2026-06-13 18:53:24.488317: Epoch time: 76.72 s
2026-06-13 18:53:24.489700: Yayy! New best EMA pseudo Dice: 0.0812
2026-06-13 18:53:25.897011: 
2026-06-13 18:53:25.898335: Epoch 1
2026-06-13 18:53:25.899721: Current learning rate: 0.00999
2026-06-13 18:53:47.914418: train_loss -0.0839
2026-06-13 18:53:47.917555: val_loss -0.136
2026-06-13 18:53:47.918885: Pseudo dice [0.196]
2026-06-13 18:53:47.920405: Epoch time: 22.02 s
2026-06-13 18:53:47.922211: Yayy! New best EMA pseudo Dice: 0.0927
2026-06-13 18:53:49.149150: 
2026-06-13 18:53:49.156419: Epoch 2
2026-06-13 18:53:49.163147: Current learning rate: 0.00998
2026-06-13 18:54:11.173744: train_loss -0.1511
2026-06-13 18:54:11.176711: val_loss -0.2035
2026-06-13 18:54:11.178102: Pseudo dice [0.2711]
2026-06-13 18:54:11.179551: Epoch time: 22.03 s
2026-06-13 18:54:11.180832: Yayy! New best EMA pseudo Dice: 0.1105
2026-06-13 18:54:12.566782: 
2026-06-13 18:54:12.568475: Epoch 3
2026-06-13 18:54:12.569859: Current learning rate: 0.00997
2026-06-13 18:54:34.482469: train_loss -0.1558
2026-06-13 18:54:34.486632: val_loss -0.2165
2026-06-13 18:54:34.488498: Pseudo dice [0.2739]
2026-06-13 18:54:34.490090: Epoch time: 21.92 s
2026-06-13 18:54:34.491848: Yayy! New best EMA pseudo Dice: 0.1269
2026-06-13 18:54:35.850058: 
2026-06-13 18:54:35.851797: Epoch 4
2026-06-13 18:54:35.853267: Current learning rate: 0.00996
2026-06-13 18:54:57.845999: train_loss -0.1716
2026-06-13 18:54:57.849171: val_loss -0.1891
2026-06-13 18:54:57.850622: Pseudo dice [0.2497]
2026-06-13 18:54:57.852000: Epoch time: 22.0 s
2026-06-13 18:54:57.853538: Yayy! New best EMA pseudo Dice: 0.1391
2026-06-13 18:54:59.233968: 
2026-06-13 18:54:59.235475: Epoch 5
2026-06-13 18:54:59.236727: Current learning rate: 0.00995
2026-06-13 18:55:21.209205: train_loss -0.2173
2026-06-13 18:55:21.213183: val_loss -0.2934
2026-06-13 18:55:21.214917: Pseudo dice [0.3327]
2026-06-13 18:55:21.216336: Epoch time: 21.98 s
2026-06-13 18:55:21.218796: Yayy! New best EMA pseudo Dice: 0.1585
2026-06-13 18:55:22.569898: 
2026-06-13 18:55:22.571293: Epoch 6
2026-06-13 18:55:22.572784: Current learning rate: 0.00995
2026-06-13 18:55:44.647464: train_loss -0.2313
2026-06-13 18:55:44.650893: val_loss -0.2776
2026-06-13 18:55:44.652312: Pseudo dice [0.2955]
2026-06-13 18:55:44.653735: Epoch time: 22.08 s
2026-06-13 18:55:44.655126: Yayy! New best EMA pseudo Dice: 0.1722
2026-06-13 18:55:46.016218: 
2026-06-13 18:55:46.017680: Epoch 7
2026-06-13 18:55:46.019107: Current learning rate: 0.00994
2026-06-13 18:56:08.039103: train_loss -0.2412
2026-06-13 18:56:08.041770: val_loss -0.3299
2026-06-13 18:56:08.043262: Pseudo dice [0.3775]
2026-06-13 18:56:08.044770: Epoch time: 22.02 s
2026-06-13 18:56:08.046105: Yayy! New best EMA pseudo Dice: 0.1927
2026-06-13 18:56:09.409305: 
2026-06-13 18:56:09.410776: Epoch 8
2026-06-13 18:56:09.412161: Current learning rate: 0.00993
2026-06-13 18:56:31.399202: train_loss -0.3178
2026-06-13 18:56:31.402356: val_loss -0.3189
2026-06-13 18:56:31.403783: Pseudo dice [0.3283]
2026-06-13 18:56:31.405278: Epoch time: 21.99 s
2026-06-13 18:56:31.406649: Yayy! New best EMA pseudo Dice: 0.2063
2026-06-13 18:56:32.781866: 
2026-06-13 18:56:32.783347: Epoch 9
2026-06-13 18:56:32.784752: Current learning rate: 0.00992
2026-06-13 18:56:54.839236: train_loss -0.2334
2026-06-13 18:56:54.842456: val_loss -0.2915
2026-06-13 18:56:54.843852: Pseudo dice [0.3746]
2026-06-13 18:56:54.845233: Epoch time: 22.06 s
2026-06-13 18:56:54.846818: Yayy! New best EMA pseudo Dice: 0.2231
2026-06-13 18:56:56.190407: 
2026-06-13 18:56:56.191743: Epoch 10
2026-06-13 18:56:56.193230: Current learning rate: 0.00991
2026-06-13 18:57:18.228843: train_loss -0.2701
2026-06-13 18:57:18.231589: val_loss -0.3135
2026-06-13 18:57:18.233108: Pseudo dice [0.3655]
2026-06-13 18:57:18.234811: Epoch time: 22.04 s
2026-06-13 18:57:18.236334: Yayy! New best EMA pseudo Dice: 0.2374
2026-06-13 18:57:19.583149: 
2026-06-13 18:57:19.584648: Epoch 11
2026-06-13 18:57:19.586082: Current learning rate: 0.0099
2026-06-13 18:57:41.627854: train_loss -0.2797
2026-06-13 18:57:41.630666: val_loss -0.3022
2026-06-13 18:57:41.632100: Pseudo dice [0.3471]
2026-06-13 18:57:41.633357: Epoch time: 22.05 s
2026-06-13 18:57:41.634741: Yayy! New best EMA pseudo Dice: 0.2483
2026-06-13 18:57:42.980808: 
2026-06-13 18:57:42.982312: Epoch 12
2026-06-13 18:57:42.983703: Current learning rate: 0.00989
2026-06-13 18:58:05.102699: train_loss -0.2977
2026-06-13 18:58:05.105629: val_loss -0.288
2026-06-13 18:58:05.106957: Pseudo dice [0.269]
2026-06-13 18:58:05.108316: Epoch time: 22.12 s
2026-06-13 18:58:05.109521: Yayy! New best EMA pseudo Dice: 0.2504
2026-06-13 18:58:06.466524: 
2026-06-13 18:58:06.468218: Epoch 13
2026-06-13 18:58:06.469464: Current learning rate: 0.00988
2026-06-13 18:58:28.562817: train_loss -0.3419
2026-06-13 18:58:28.565363: val_loss -0.3865
2026-06-13 18:58:28.566747: Pseudo dice [0.4036]
2026-06-13 18:58:28.568115: Epoch time: 22.1 s
2026-06-13 18:58:28.569328: Yayy! New best EMA pseudo Dice: 0.2657
2026-06-13 18:58:30.555224: 
2026-06-13 18:58:30.556690: Epoch 14
2026-06-13 18:58:30.558890: Current learning rate: 0.00987
2026-06-13 18:58:52.797355: train_loss -0.2781
2026-06-13 18:58:52.800043: val_loss -0.2943
2026-06-13 18:58:52.801449: Pseudo dice [0.3416]
2026-06-13 18:58:52.802908: Epoch time: 22.24 s
2026-06-13 18:58:52.804173: Yayy! New best EMA pseudo Dice: 0.2733
2026-06-13 18:58:54.176807: 
2026-06-13 18:58:54.178357: Epoch 15
2026-06-13 18:58:54.179763: Current learning rate: 0.00986
2026-06-13 18:59:16.232624: train_loss -0.3551
2026-06-13 18:59:16.235873: val_loss -0.3944
2026-06-13 18:59:16.237340: Pseudo dice [0.4136]
2026-06-13 18:59:16.238719: Epoch time: 22.06 s
2026-06-13 18:59:16.240115: Yayy! New best EMA pseudo Dice: 0.2873
2026-06-13 18:59:17.607091: 
2026-06-13 18:59:17.608487: Epoch 16
2026-06-13 18:59:17.610041: Current learning rate: 0.00986
2026-06-13 18:59:39.726961: train_loss -0.3595
2026-06-13 18:59:39.729065: val_loss -0.3547
2026-06-13 18:59:39.730341: Pseudo dice [0.371]
2026-06-13 18:59:39.731745: Epoch time: 22.12 s
2026-06-13 18:59:39.733064: Yayy! New best EMA pseudo Dice: 0.2957
2026-06-13 18:59:41.114828: 
2026-06-13 18:59:41.119652: Epoch 17
2026-06-13 18:59:41.121241: Current learning rate: 0.00985
2026-06-13 19:00:03.161875: train_loss -0.3152
2026-06-13 19:00:03.163944: val_loss -0.362
2026-06-13 19:00:03.165317: Pseudo dice [0.3782]
2026-06-13 19:00:03.166678: Epoch time: 22.05 s
2026-06-13 19:00:03.168044: Yayy! New best EMA pseudo Dice: 0.304
2026-06-13 19:00:04.551401: 
2026-06-13 19:00:04.552793: Epoch 18
2026-06-13 19:00:04.554098: Current learning rate: 0.00984
2026-06-13 19:00:26.541908: train_loss -0.3239
2026-06-13 19:00:26.543987: val_loss -0.4107
2026-06-13 19:00:26.545351: Pseudo dice [0.4213]
2026-06-13 19:00:26.546690: Epoch time: 21.99 s
2026-06-13 19:00:26.547973: Yayy! New best EMA pseudo Dice: 0.3157
2026-06-13 19:00:27.924735: 
2026-06-13 19:00:27.926221: Epoch 19
2026-06-13 19:00:27.927589: Current learning rate: 0.00983
2026-06-13 19:00:49.908559: train_loss -0.378
2026-06-13 19:00:49.910331: val_loss -0.348
2026-06-13 19:00:49.911706: Pseudo dice [0.3493]
2026-06-13 19:00:49.913118: Epoch time: 21.98 s
2026-06-13 19:00:49.914461: Yayy! New best EMA pseudo Dice: 0.319
2026-06-13 19:00:51.304656: 
2026-06-13 19:00:51.309061: Epoch 20
2026-06-13 19:00:51.310365: Current learning rate: 0.00982
2026-06-13 19:01:13.306133: train_loss -0.3388
2026-06-13 19:01:13.309391: val_loss -0.3853
2026-06-13 19:01:13.310622: Pseudo dice [0.402]
2026-06-13 19:01:13.311897: Epoch time: 22.0 s
2026-06-13 19:01:13.313264: Yayy! New best EMA pseudo Dice: 0.3273
2026-06-13 19:01:14.689270: 
2026-06-13 19:01:14.690771: Epoch 21
2026-06-13 19:01:14.692183: Current learning rate: 0.00981
2026-06-13 19:01:36.748562: train_loss -0.3135
2026-06-13 19:01:36.751068: val_loss -0.4163
2026-06-13 19:01:36.752575: Pseudo dice [0.4508]
2026-06-13 19:01:36.753951: Epoch time: 22.06 s
2026-06-13 19:01:36.755310: Yayy! New best EMA pseudo Dice: 0.3397
2026-06-13 19:01:38.111570: 
2026-06-13 19:01:38.112913: Epoch 22
2026-06-13 19:01:38.114295: Current learning rate: 0.0098
2026-06-13 19:02:00.135542: train_loss -0.3404
2026-06-13 19:02:00.137480: val_loss -0.3802
2026-06-13 19:02:00.138814: Pseudo dice [0.4083]
2026-06-13 19:02:00.140214: Epoch time: 22.03 s
2026-06-13 19:02:00.141506: Yayy! New best EMA pseudo Dice: 0.3465
2026-06-13 19:02:01.504477: 
2026-06-13 19:02:01.505947: Epoch 23
2026-06-13 19:02:01.507358: Current learning rate: 0.00979
2026-06-13 19:02:23.513572: train_loss -0.4261
2026-06-13 19:02:23.515529: val_loss -0.4381
2026-06-13 19:02:23.516892: Pseudo dice [0.4327]
2026-06-13 19:02:23.518430: Epoch time: 22.01 s
2026-06-13 19:02:23.519793: Yayy! New best EMA pseudo Dice: 0.3552
2026-06-13 19:02:24.896682: 
2026-06-13 19:02:24.898164: Epoch 24
2026-06-13 19:02:24.899520: Current learning rate: 0.00978
2026-06-13 19:02:46.984001: train_loss -0.364
2026-06-13 19:02:46.985961: val_loss -0.4261
2026-06-13 19:02:46.987287: Pseudo dice [0.4448]
2026-06-13 19:02:46.988580: Epoch time: 22.09 s
2026-06-13 19:02:46.989949: Yayy! New best EMA pseudo Dice: 0.3641
2026-06-13 19:02:48.340149: 
2026-06-13 19:02:48.341539: Epoch 25
2026-06-13 19:02:48.342772: Current learning rate: 0.00977
2026-06-13 19:03:10.430472: train_loss -0.4078
2026-06-13 19:03:10.432809: val_loss -0.3925
2026-06-13 19:03:10.434083: Pseudo dice [0.4197]
2026-06-13 19:03:10.435362: Epoch time: 22.09 s
2026-06-13 19:03:10.436759: Yayy! New best EMA pseudo Dice: 0.3697
2026-06-13 19:03:11.794250: 
2026-06-13 19:03:11.795770: Epoch 26
2026-06-13 19:03:11.797126: Current learning rate: 0.00977
2026-06-13 19:03:33.826526: train_loss -0.4082
2026-06-13 19:03:33.835252: val_loss -0.3863
2026-06-13 19:03:33.836510: Pseudo dice [0.4323]
2026-06-13 19:03:33.837756: Epoch time: 22.03 s
2026-06-13 19:03:33.839281: Yayy! New best EMA pseudo Dice: 0.376
2026-06-13 19:03:35.117748: 
2026-06-13 19:03:35.119435: Epoch 27
2026-06-13 19:03:35.120758: Current learning rate: 0.00976
2026-06-13 19:03:57.253263: train_loss -0.373
2026-06-13 19:03:57.256857: val_loss -0.4568
2026-06-13 19:03:57.259095: Pseudo dice [0.4771]
2026-06-13 19:03:57.260570: Epoch time: 22.14 s
2026-06-13 19:03:57.261948: Yayy! New best EMA pseudo Dice: 0.3861
2026-06-13 19:03:58.612017: 
2026-06-13 19:03:58.613499: Epoch 28
2026-06-13 19:03:58.614936: Current learning rate: 0.00975
2026-06-13 19:04:20.819287: train_loss -0.3818
2026-06-13 19:04:20.822301: val_loss -0.4796
2026-06-13 19:04:20.823654: Pseudo dice [0.4449]
2026-06-13 19:04:20.824987: Epoch time: 22.21 s
2026-06-13 19:04:20.826389: Yayy! New best EMA pseudo Dice: 0.3919
2026-06-13 19:04:22.177186: 
2026-06-13 19:04:22.178619: Epoch 29
2026-06-13 19:04:22.179982: Current learning rate: 0.00974
2026-06-13 19:04:44.271328: train_loss -0.4422
2026-06-13 19:04:44.274278: val_loss -0.4499
2026-06-13 19:04:44.275654: Pseudo dice [0.4539]
2026-06-13 19:04:44.276988: Epoch time: 22.1 s
2026-06-13 19:04:44.278438: Yayy! New best EMA pseudo Dice: 0.3981
2026-06-13 19:04:46.190363: 
2026-06-13 19:04:46.191795: Epoch 30
2026-06-13 19:04:46.193038: Current learning rate: 0.00973
2026-06-13 19:05:08.400323: train_loss -0.4397
2026-06-13 19:05:08.403626: val_loss -0.4266
2026-06-13 19:05:08.404946: Pseudo dice [0.4501]
2026-06-13 19:05:08.406332: Epoch time: 22.21 s
2026-06-13 19:05:08.407700: Yayy! New best EMA pseudo Dice: 0.4033
2026-06-13 19:05:09.784580: 
2026-06-13 19:05:09.786039: Epoch 31
2026-06-13 19:05:09.787409: Current learning rate: 0.00972
2026-06-13 19:05:31.963684: train_loss -0.4149
2026-06-13 19:05:31.966794: val_loss -0.4538
2026-06-13 19:05:31.968158: Pseudo dice [0.465]
2026-06-13 19:05:31.969535: Epoch time: 22.18 s
2026-06-13 19:05:31.970939: Yayy! New best EMA pseudo Dice: 0.4095
2026-06-13 19:05:33.345829: 
2026-06-13 19:05:33.347294: Epoch 32
2026-06-13 19:05:33.348675: Current learning rate: 0.00971
2026-06-13 19:05:55.524289: train_loss -0.4268
2026-06-13 19:05:55.527428: val_loss -0.5253
2026-06-13 19:05:55.528880: Pseudo dice [0.5463]
2026-06-13 19:05:55.530259: Epoch time: 22.18 s
2026-06-13 19:05:55.531622: Yayy! New best EMA pseudo Dice: 0.4232
2026-06-13 19:05:56.903814: 
2026-06-13 19:05:56.905298: Epoch 33
2026-06-13 19:05:56.906638: Current learning rate: 0.0097
2026-06-13 19:06:19.171735: train_loss -0.4135
2026-06-13 19:06:19.174885: val_loss -0.4473
2026-06-13 19:06:19.176297: Pseudo dice [0.4629]
2026-06-13 19:06:19.177665: Epoch time: 22.27 s
2026-06-13 19:06:19.179028: Yayy! New best EMA pseudo Dice: 0.4272
2026-06-13 19:06:20.545649: 
2026-06-13 19:06:20.548257: Epoch 34
2026-06-13 19:06:20.549623: Current learning rate: 0.00969
2026-06-13 19:06:42.850014: train_loss -0.4117
2026-06-13 19:06:42.852901: val_loss -0.4487
2026-06-13 19:06:42.854851: Pseudo dice [0.4733]
2026-06-13 19:06:42.856288: Epoch time: 22.31 s
2026-06-13 19:06:42.857630: Yayy! New best EMA pseudo Dice: 0.4318
2026-06-13 19:06:44.248646: 
2026-06-13 19:06:44.250044: Epoch 35
2026-06-13 19:06:44.251323: Current learning rate: 0.00968
2026-06-13 19:07:06.491346: train_loss -0.4134
2026-06-13 19:07:06.494387: val_loss -0.461
2026-06-13 19:07:06.495814: Pseudo dice [0.459]
2026-06-13 19:07:06.497182: Epoch time: 22.24 s
2026-06-13 19:07:06.499265: Yayy! New best EMA pseudo Dice: 0.4345
2026-06-13 19:07:07.877442: 
2026-06-13 19:07:07.878977: Epoch 36
2026-06-13 19:07:07.880358: Current learning rate: 0.00968
2026-06-13 19:07:30.062192: train_loss -0.438
2026-06-13 19:07:30.065182: val_loss -0.3701
2026-06-13 19:07:30.066493: Pseudo dice [0.3672]
2026-06-13 19:07:30.067930: Epoch time: 22.19 s
2026-06-13 19:07:30.970356: 
2026-06-13 19:07:30.971746: Epoch 37
2026-06-13 19:07:30.973116: Current learning rate: 0.00967
2026-06-13 19:07:53.148249: train_loss -0.3547
2026-06-13 19:07:53.150757: val_loss -0.497
2026-06-13 19:07:53.152274: Pseudo dice [0.5022]
2026-06-13 19:07:53.153674: Epoch time: 22.18 s
2026-06-13 19:07:53.155030: Yayy! New best EMA pseudo Dice: 0.4352
2026-06-13 19:07:54.542942: 
2026-06-13 19:07:54.549228: Epoch 38
2026-06-13 19:07:54.550688: Current learning rate: 0.00966
2026-06-13 19:08:16.675441: train_loss -0.4733
2026-06-13 19:08:16.678237: val_loss -0.4284
2026-06-13 19:08:16.679623: Pseudo dice [0.4693]
2026-06-13 19:08:16.681036: Epoch time: 22.13 s
2026-06-13 19:08:16.682501: Yayy! New best EMA pseudo Dice: 0.4386
2026-06-13 19:08:18.065158: 
2026-06-13 19:08:18.066763: Epoch 39
2026-06-13 19:08:18.068697: Current learning rate: 0.00965
2026-06-13 19:08:40.168105: train_loss -0.4297
2026-06-13 19:08:40.180002: val_loss -0.5054
2026-06-13 19:08:40.181439: Pseudo dice [0.4728]
2026-06-13 19:08:40.182760: Epoch time: 22.1 s
2026-06-13 19:08:40.184208: Yayy! New best EMA pseudo Dice: 0.442
2026-06-13 19:08:41.580590: 
2026-06-13 19:08:41.581998: Epoch 40
2026-06-13 19:08:41.583409: Current learning rate: 0.00964
2026-06-13 19:09:03.687162: train_loss -0.405
2026-06-13 19:09:03.689896: val_loss -0.4462
2026-06-13 19:09:03.691403: Pseudo dice [0.47]
2026-06-13 19:09:03.692800: Epoch time: 22.11 s
2026-06-13 19:09:03.694151: Yayy! New best EMA pseudo Dice: 0.4448
2026-06-13 19:09:05.094083: 
2026-06-13 19:09:05.095547: Epoch 41
2026-06-13 19:09:05.097010: Current learning rate: 0.00963
2026-06-13 19:09:27.245016: train_loss -0.4111
2026-06-13 19:09:27.247722: val_loss -0.4921
2026-06-13 19:09:27.248994: Pseudo dice [0.5401]
2026-06-13 19:09:27.250285: Epoch time: 22.15 s
2026-06-13 19:09:27.251618: Yayy! New best EMA pseudo Dice: 0.4544
2026-06-13 19:09:28.614993: 
2026-06-13 19:09:28.616479: Epoch 42
2026-06-13 19:09:28.617899: Current learning rate: 0.00962
2026-06-13 19:09:50.691838: train_loss -0.418
2026-06-13 19:09:50.695431: val_loss -0.5081
2026-06-13 19:09:50.696807: Pseudo dice [0.5215]
2026-06-13 19:09:50.698213: Epoch time: 22.08 s
2026-06-13 19:09:50.699661: Yayy! New best EMA pseudo Dice: 0.4611
2026-06-13 19:09:52.054680: 
2026-06-13 19:09:52.056159: Epoch 43
2026-06-13 19:09:52.057576: Current learning rate: 0.00961
2026-06-13 19:10:14.087539: train_loss -0.4172
2026-06-13 19:10:14.090006: val_loss -0.4308
2026-06-13 19:10:14.091479: Pseudo dice [0.4456]
2026-06-13 19:10:14.092986: Epoch time: 22.03 s
2026-06-13 19:10:14.977042: 
2026-06-13 19:10:14.978468: Epoch 44
2026-06-13 19:10:14.979922: Current learning rate: 0.0096
2026-06-13 19:10:37.078000: train_loss -0.4311
2026-06-13 19:10:37.080520: val_loss -0.4641
2026-06-13 19:10:37.082017: Pseudo dice [0.4733]
2026-06-13 19:10:37.083331: Epoch time: 22.1 s
2026-06-13 19:10:37.958861: 
2026-06-13 19:10:37.960170: Epoch 45
2026-06-13 19:10:37.961421: Current learning rate: 0.00959
2026-06-13 19:11:00.067279: train_loss -0.4225
2026-06-13 19:11:00.071296: val_loss -0.4388
2026-06-13 19:11:00.072805: Pseudo dice [0.4341]
2026-06-13 19:11:00.074195: Epoch time: 22.11 s
2026-06-13 19:11:00.952624: 
2026-06-13 19:11:00.954076: Epoch 46
2026-06-13 19:11:00.955425: Current learning rate: 0.00959
2026-06-13 19:11:23.057181: train_loss -0.4334
2026-06-13 19:11:23.059889: val_loss -0.461
2026-06-13 19:11:23.061344: Pseudo dice [0.5112]
2026-06-13 19:11:23.062755: Epoch time: 22.11 s
2026-06-13 19:11:23.064099: Yayy! New best EMA pseudo Dice: 0.4635
2026-06-13 19:11:24.952296: 
2026-06-13 19:11:24.953908: Epoch 47
2026-06-13 19:11:24.955271: Current learning rate: 0.00958
2026-06-13 19:11:47.156584: train_loss -0.4584
2026-06-13 19:11:47.159172: val_loss -0.426
2026-06-13 19:11:47.160482: Pseudo dice [0.4794]
2026-06-13 19:11:47.161795: Epoch time: 22.21 s
2026-06-13 19:11:47.163027: Yayy! New best EMA pseudo Dice: 0.4651
2026-06-13 19:11:48.505358: 
2026-06-13 19:11:48.506937: Epoch 48
2026-06-13 19:11:48.508290: Current learning rate: 0.00957
2026-06-13 19:12:10.724363: train_loss -0.443
2026-06-13 19:12:10.727023: val_loss -0.4245
2026-06-13 19:12:10.728440: Pseudo dice [0.4328]
2026-06-13 19:12:10.729763: Epoch time: 22.22 s
2026-06-13 19:12:11.599427: 
2026-06-13 19:12:11.600938: Epoch 49
2026-06-13 19:12:11.602273: Current learning rate: 0.00956
2026-06-13 19:12:33.921703: train_loss -0.4495
2026-06-13 19:12:33.923584: val_loss -0.4365
2026-06-13 19:12:33.925048: Pseudo dice [0.4686]
2026-06-13 19:12:33.926459: Epoch time: 22.32 s
2026-06-13 19:12:35.254856: 
2026-06-13 19:12:35.256725: Epoch 50
2026-06-13 19:12:35.258120: Current learning rate: 0.00955
2026-06-13 19:12:57.420554: train_loss -0.4627
2026-06-13 19:12:57.422483: val_loss -0.4845
2026-06-13 19:12:57.423894: Pseudo dice [0.478]
2026-06-13 19:12:57.425311: Epoch time: 22.17 s
2026-06-13 19:12:58.305897: 
2026-06-13 19:12:58.307756: Epoch 51
2026-06-13 19:12:58.309226: Current learning rate: 0.00954
2026-06-13 19:13:20.494765: train_loss -0.4829
2026-06-13 19:13:20.496670: val_loss -0.513
2026-06-13 19:13:20.498156: Pseudo dice [0.4884]
2026-06-13 19:13:20.499575: Epoch time: 22.19 s
2026-06-13 19:13:20.500906: Yayy! New best EMA pseudo Dice: 0.4665
2026-06-13 19:13:21.874277: 
2026-06-13 19:13:21.875746: Epoch 52
2026-06-13 19:13:21.877145: Current learning rate: 0.00953
2026-06-13 19:13:44.054414: train_loss -0.4351
2026-06-13 19:13:44.056726: val_loss -0.4337
2026-06-13 19:13:44.059125: Pseudo dice [0.4415]
2026-06-13 19:13:44.061752: Epoch time: 22.18 s
2026-06-13 19:13:44.940622: 
2026-06-13 19:13:44.942274: Epoch 53
2026-06-13 19:13:44.943643: Current learning rate: 0.00952
2026-06-13 19:14:07.129876: train_loss -0.3946
2026-06-13 19:14:07.131964: val_loss -0.5065
2026-06-13 19:14:07.133398: Pseudo dice [0.5184]
2026-06-13 19:14:07.134800: Epoch time: 22.19 s
2026-06-13 19:14:07.136224: Yayy! New best EMA pseudo Dice: 0.4695
2026-06-13 19:14:08.514606: 
2026-06-13 19:14:08.516090: Epoch 54
2026-06-13 19:14:08.517497: Current learning rate: 0.00951
2026-06-13 19:14:30.635845: train_loss -0.499
2026-06-13 19:14:30.637805: val_loss -0.4723
2026-06-13 19:14:30.639219: Pseudo dice [0.4914]
2026-06-13 19:14:30.640654: Epoch time: 22.12 s
2026-06-13 19:14:30.642220: Yayy! New best EMA pseudo Dice: 0.4717
2026-06-13 19:14:32.011143: 
2026-06-13 19:14:32.012581: Epoch 55
2026-06-13 19:14:32.013977: Current learning rate: 0.0095
2026-06-13 19:14:54.157887: train_loss -0.4452
2026-06-13 19:14:54.160099: val_loss -0.4569
2026-06-13 19:14:54.161530: Pseudo dice [0.4476]
2026-06-13 19:14:54.162941: Epoch time: 22.15 s
2026-06-13 19:14:55.040231: 
2026-06-13 19:14:55.041644: Epoch 56
2026-06-13 19:14:55.042941: Current learning rate: 0.00949
2026-06-13 19:15:17.158082: train_loss -0.3934
2026-06-13 19:15:17.160127: val_loss -0.4648
2026-06-13 19:15:17.161438: Pseudo dice [0.4758]
2026-06-13 19:15:17.162750: Epoch time: 22.12 s
2026-06-13 19:15:18.045675: 
2026-06-13 19:15:18.047185: Epoch 57
2026-06-13 19:15:18.048478: Current learning rate: 0.00949
2026-06-13 19:15:40.159672: train_loss -0.4891
2026-06-13 19:15:40.161861: val_loss -0.4885
2026-06-13 19:15:40.163359: Pseudo dice [0.5187]
2026-06-13 19:15:40.164768: Epoch time: 22.11 s
2026-06-13 19:15:40.166312: Yayy! New best EMA pseudo Dice: 0.4748
2026-06-13 19:15:41.534910: 
2026-06-13 19:15:41.537317: Epoch 58
2026-06-13 19:15:41.539489: Current learning rate: 0.00948
2026-06-13 19:16:03.620898: train_loss -0.4176
2026-06-13 19:16:03.623106: val_loss -0.5127
2026-06-13 19:16:03.624532: Pseudo dice [0.5003]
2026-06-13 19:16:03.625860: Epoch time: 22.09 s
2026-06-13 19:16:03.627090: Yayy! New best EMA pseudo Dice: 0.4773
2026-06-13 19:16:04.999352: 
2026-06-13 19:16:05.001056: Epoch 59
2026-06-13 19:16:05.002499: Current learning rate: 0.00947
2026-06-13 19:16:27.039240: train_loss -0.4605
2026-06-13 19:16:27.041453: val_loss -0.503
2026-06-13 19:16:27.042892: Pseudo dice [0.5375]
2026-06-13 19:16:27.044397: Epoch time: 22.04 s
2026-06-13 19:16:27.045783: Yayy! New best EMA pseudo Dice: 0.4833
2026-06-13 19:16:28.422383: 
2026-06-13 19:16:28.423826: Epoch 60
2026-06-13 19:16:28.425146: Current learning rate: 0.00946
2026-06-13 19:16:50.461674: train_loss -0.4595
2026-06-13 19:16:50.463539: val_loss -0.4963
2026-06-13 19:16:50.464857: Pseudo dice [0.5173]
2026-06-13 19:16:50.466176: Epoch time: 22.04 s
2026-06-13 19:16:50.467363: Yayy! New best EMA pseudo Dice: 0.4867
2026-06-13 19:16:51.840350: 
2026-06-13 19:16:51.842404: Epoch 61
2026-06-13 19:16:51.843818: Current learning rate: 0.00945
2026-06-13 19:17:13.916482: train_loss -0.4876
2026-06-13 19:17:13.918787: val_loss -0.5262
2026-06-13 19:17:13.920150: Pseudo dice [0.5199]
2026-06-13 19:17:13.921559: Epoch time: 22.08 s
2026-06-13 19:17:13.922890: Yayy! New best EMA pseudo Dice: 0.4901
2026-06-13 19:17:15.284947: 
2026-06-13 19:17:15.286370: Epoch 62
2026-06-13 19:17:15.287766: Current learning rate: 0.00944
2026-06-13 19:17:37.517196: train_loss -0.3966
2026-06-13 19:17:37.519192: val_loss -0.5481
2026-06-13 19:17:37.521792: Pseudo dice [0.5893]
2026-06-13 19:17:37.523036: Epoch time: 22.23 s
2026-06-13 19:17:37.524447: Yayy! New best EMA pseudo Dice: 0.5
2026-06-13 19:17:38.890718: 
2026-06-13 19:17:38.892131: Epoch 63
2026-06-13 19:17:38.893361: Current learning rate: 0.00943
2026-06-13 19:18:01.140219: train_loss -0.4801
2026-06-13 19:18:01.142177: val_loss -0.4313
2026-06-13 19:18:01.143579: Pseudo dice [0.4524]
2026-06-13 19:18:01.144951: Epoch time: 22.25 s
2026-06-13 19:18:02.580071: 
2026-06-13 19:18:02.581672: Epoch 64
2026-06-13 19:18:02.583153: Current learning rate: 0.00942
2026-06-13 19:18:24.877827: train_loss -0.5292
2026-06-13 19:18:24.880057: val_loss -0.4274
2026-06-13 19:18:24.881462: Pseudo dice [0.3725]
2026-06-13 19:18:24.883420: Epoch time: 22.3 s
2026-06-13 19:18:25.762262: 
2026-06-13 19:18:25.763728: Epoch 65
2026-06-13 19:18:25.765158: Current learning rate: 0.00941
2026-06-13 19:18:48.045975: train_loss -0.4251
2026-06-13 19:18:48.047813: val_loss -0.4414
2026-06-13 19:18:48.049418: Pseudo dice [0.4525]
2026-06-13 19:18:48.050711: Epoch time: 22.28 s
2026-06-13 19:18:48.940116: 
2026-06-13 19:18:48.941614: Epoch 66
2026-06-13 19:18:48.943057: Current learning rate: 0.0094
2026-06-13 19:19:11.246252: train_loss -0.4879
2026-06-13 19:19:11.249274: val_loss -0.5092
2026-06-13 19:19:11.250842: Pseudo dice [0.4843]
2026-06-13 19:19:11.252228: Epoch time: 22.31 s
2026-06-13 19:19:12.147987: 
2026-06-13 19:19:12.149395: Epoch 67
2026-06-13 19:19:12.150772: Current learning rate: 0.00939
2026-06-13 19:19:34.458320: train_loss -0.3949
2026-06-13 19:19:34.461243: val_loss -0.382
2026-06-13 19:19:34.462635: Pseudo dice [0.4327]
2026-06-13 19:19:34.463997: Epoch time: 22.31 s
2026-06-13 19:19:35.369136: 
2026-06-13 19:19:35.370674: Epoch 68
2026-06-13 19:19:35.371927: Current learning rate: 0.00939
2026-06-13 19:19:57.649936: train_loss -0.4371
2026-06-13 19:19:57.652826: val_loss -0.5089
2026-06-13 19:19:57.654249: Pseudo dice [0.5107]
2026-06-13 19:19:57.655599: Epoch time: 22.28 s
2026-06-13 19:19:58.560531: 
2026-06-13 19:19:58.562336: Epoch 69
2026-06-13 19:19:58.563624: Current learning rate: 0.00938
2026-06-13 19:20:20.853898: train_loss -0.4148
2026-06-13 19:20:20.856953: val_loss -0.496
2026-06-13 19:20:20.858626: Pseudo dice [0.5341]
2026-06-13 19:20:20.860166: Epoch time: 22.29 s
2026-06-13 19:20:21.762812: 
2026-06-13 19:20:21.764380: Epoch 70
2026-06-13 19:20:21.765677: Current learning rate: 0.00937
2026-06-13 19:20:44.120709: train_loss -0.4398
2026-06-13 19:20:44.123409: val_loss -0.4846
2026-06-13 19:20:44.124778: Pseudo dice [0.4818]
2026-06-13 19:20:44.126174: Epoch time: 22.36 s
2026-06-13 19:20:45.036348: 
2026-06-13 19:20:45.037818: Epoch 71
2026-06-13 19:20:45.039135: Current learning rate: 0.00936
2026-06-13 19:21:07.262095: train_loss -0.4902
2026-06-13 19:21:07.264738: val_loss -0.5133
2026-06-13 19:21:07.266106: Pseudo dice [0.545]
2026-06-13 19:21:07.267515: Epoch time: 22.23 s
2026-06-13 19:21:08.167500: 
2026-06-13 19:21:08.168967: Epoch 72
2026-06-13 19:21:08.170377: Current learning rate: 0.00935
2026-06-13 19:21:30.543333: train_loss -0.4505
2026-06-13 19:21:30.546341: val_loss -0.4741
2026-06-13 19:21:30.547735: Pseudo dice [0.4713]
2026-06-13 19:21:30.549106: Epoch time: 22.38 s
2026-06-13 19:21:31.452961: 
2026-06-13 19:21:31.454413: Epoch 73
2026-06-13 19:21:31.455861: Current learning rate: 0.00934
2026-06-13 19:21:53.911458: train_loss -0.4282
2026-06-13 19:21:53.916536: val_loss -0.5246
2026-06-13 19:21:53.918160: Pseudo dice [0.5696]
2026-06-13 19:21:53.919873: Epoch time: 22.46 s
2026-06-13 19:21:54.835270: 
2026-06-13 19:21:54.836943: Epoch 74
2026-06-13 19:21:54.838364: Current learning rate: 0.00933
2026-06-13 19:22:17.111434: train_loss -0.4293
2026-06-13 19:22:17.114002: val_loss -0.5129
2026-06-13 19:22:17.115492: Pseudo dice [0.4937]
2026-06-13 19:22:17.116934: Epoch time: 22.28 s
2026-06-13 19:22:18.031855: 
2026-06-13 19:22:18.034094: Epoch 75
2026-06-13 19:22:18.035477: Current learning rate: 0.00932
2026-06-13 19:22:40.353071: train_loss -0.4914
2026-06-13 19:22:40.357835: val_loss -0.4545
2026-06-13 19:22:40.359681: Pseudo dice [0.4553]
2026-06-13 19:22:40.361920: Epoch time: 22.32 s
2026-06-13 19:22:41.304563: 
2026-06-13 19:22:41.306497: Epoch 76
2026-06-13 19:22:41.308148: Current learning rate: 0.00931
2026-06-13 19:23:03.522863: train_loss -0.4606
2026-06-13 19:23:03.525457: val_loss -0.5112
2026-06-13 19:23:03.526874: Pseudo dice [0.5619]
2026-06-13 19:23:03.528226: Epoch time: 22.22 s
2026-06-13 19:23:04.436334: 
2026-06-13 19:23:04.437766: Epoch 77
2026-06-13 19:23:04.439201: Current learning rate: 0.0093
2026-06-13 19:23:26.682065: train_loss -0.4655
2026-06-13 19:23:26.684685: val_loss -0.4627
2026-06-13 19:23:26.686068: Pseudo dice [0.4667]
2026-06-13 19:23:26.687499: Epoch time: 22.25 s
2026-06-13 19:23:27.602334: 
2026-06-13 19:23:27.603755: Epoch 78
2026-06-13 19:23:27.605101: Current learning rate: 0.0093
2026-06-13 19:23:49.803526: train_loss -0.4768
2026-06-13 19:23:49.806409: val_loss -0.5367
2026-06-13 19:23:49.807828: Pseudo dice [0.5222]
2026-06-13 19:23:49.809175: Epoch time: 22.2 s
2026-06-13 19:23:50.714220: 
2026-06-13 19:23:50.715619: Epoch 79
2026-06-13 19:23:50.716900: Current learning rate: 0.00929
2026-06-13 19:24:12.923858: train_loss -0.4871
2026-06-13 19:24:12.926723: val_loss -0.5175
2026-06-13 19:24:12.928195: Pseudo dice [0.5277]
2026-06-13 19:24:12.929527: Epoch time: 22.21 s
2026-06-13 19:24:12.930931: Yayy! New best EMA pseudo Dice: 0.5015
2026-06-13 19:24:14.336462: 
2026-06-13 19:24:14.338253: Epoch 80
2026-06-13 19:24:14.339659: Current learning rate: 0.00928
2026-06-13 19:24:36.529214: train_loss -0.4888
2026-06-13 19:24:36.531778: val_loss -0.5101
2026-06-13 19:24:36.533375: Pseudo dice [0.5523]
2026-06-13 19:24:36.534680: Epoch time: 22.19 s
2026-06-13 19:24:36.535928: Yayy! New best EMA pseudo Dice: 0.5066
2026-06-13 19:24:37.942976: 
2026-06-13 19:24:37.944564: Epoch 81
2026-06-13 19:24:37.946028: Current learning rate: 0.00927
2026-06-13 19:25:00.046329: train_loss -0.5202
2026-06-13 19:25:00.049368: val_loss -0.5206
2026-06-13 19:25:00.050857: Pseudo dice [0.5488]
2026-06-13 19:25:00.052306: Epoch time: 22.1 s
2026-06-13 19:25:00.053750: Yayy! New best EMA pseudo Dice: 0.5108
2026-06-13 19:25:02.038621: 
2026-06-13 19:25:02.040144: Epoch 82
2026-06-13 19:25:02.041669: Current learning rate: 0.00926
2026-06-13 19:25:24.207307: train_loss -0.4785
2026-06-13 19:25:24.209941: val_loss -0.4892
2026-06-13 19:25:24.211394: Pseudo dice [0.4968]
2026-06-13 19:25:24.212747: Epoch time: 22.17 s
2026-06-13 19:25:25.087813: 
2026-06-13 19:25:25.090956: Epoch 83
2026-06-13 19:25:25.092293: Current learning rate: 0.00925
2026-06-13 19:25:47.416788: train_loss -0.5043
2026-06-13 19:25:47.419329: val_loss -0.5263
2026-06-13 19:25:47.420733: Pseudo dice [0.5494]
2026-06-13 19:25:47.422065: Epoch time: 22.33 s
2026-06-13 19:25:47.423420: Yayy! New best EMA pseudo Dice: 0.5134
2026-06-13 19:25:48.795458: 
2026-06-13 19:25:48.796939: Epoch 84
2026-06-13 19:25:48.798357: Current learning rate: 0.00924
2026-06-13 19:26:11.142525: train_loss -0.5128
2026-06-13 19:26:11.145396: val_loss -0.4721
2026-06-13 19:26:11.146995: Pseudo dice [0.4571]
2026-06-13 19:26:11.148330: Epoch time: 22.35 s
2026-06-13 19:26:12.035949: 
2026-06-13 19:26:12.037539: Epoch 85
2026-06-13 19:26:12.038898: Current learning rate: 0.00923
2026-06-13 19:26:34.288083: train_loss -0.4588
2026-06-13 19:26:34.290422: val_loss -0.494
2026-06-13 19:26:34.291713: Pseudo dice [0.5013]
2026-06-13 19:26:34.293061: Epoch time: 22.25 s
2026-06-13 19:26:35.195191: 
2026-06-13 19:26:35.196815: Epoch 86
2026-06-13 19:26:35.198305: Current learning rate: 0.00922
2026-06-13 19:26:57.499974: train_loss -0.4934
2026-06-13 19:26:57.502238: val_loss -0.558
2026-06-13 19:26:57.503625: Pseudo dice [0.5226]
2026-06-13 19:26:57.504988: Epoch time: 22.31 s
2026-06-13 19:26:58.393926: 
2026-06-13 19:26:58.395412: Epoch 87
2026-06-13 19:26:58.396812: Current learning rate: 0.00921
2026-06-13 19:27:20.667789: train_loss -0.4926
2026-06-13 19:27:20.670044: val_loss -0.4869
2026-06-13 19:27:20.671469: Pseudo dice [0.4938]
2026-06-13 19:27:20.672882: Epoch time: 22.28 s
2026-06-13 19:27:21.570704: 
2026-06-13 19:27:21.572293: Epoch 88
2026-06-13 19:27:21.573587: Current learning rate: 0.0092
2026-06-13 19:27:43.797825: train_loss -0.4956
2026-06-13 19:27:43.800126: val_loss -0.5209
2026-06-13 19:27:43.801462: Pseudo dice [0.5181]
2026-06-13 19:27:43.802869: Epoch time: 22.23 s
2026-06-13 19:27:44.700562: 
2026-06-13 19:27:44.702016: Epoch 89
2026-06-13 19:27:44.703398: Current learning rate: 0.0092
2026-06-13 19:28:06.942014: train_loss -0.5121
2026-06-13 19:28:06.944069: val_loss -0.4908
2026-06-13 19:28:06.945539: Pseudo dice [0.5159]
2026-06-13 19:28:06.946973: Epoch time: 22.24 s
2026-06-13 19:28:07.849754: 
2026-06-13 19:28:07.851245: Epoch 90
2026-06-13 19:28:07.852677: Current learning rate: 0.00919
2026-06-13 19:28:30.190430: train_loss -0.4645
2026-06-13 19:28:30.192595: val_loss -0.5538
2026-06-13 19:28:30.193905: Pseudo dice [0.5921]
2026-06-13 19:28:30.195317: Epoch time: 22.34 s
2026-06-13 19:28:30.196692: Yayy! New best EMA pseudo Dice: 0.5173
2026-06-13 19:28:31.568309: 
2026-06-13 19:28:31.569753: Epoch 91
2026-06-13 19:28:31.571168: Current learning rate: 0.00918
2026-06-13 19:28:53.868983: train_loss -0.5027
2026-06-13 19:28:53.871405: val_loss -0.5211
2026-06-13 19:28:53.872720: Pseudo dice [0.5228]
2026-06-13 19:28:53.874062: Epoch time: 22.3 s
2026-06-13 19:28:53.875446: Yayy! New best EMA pseudo Dice: 0.5179
2026-06-13 19:28:55.247592: 
2026-06-13 19:28:55.249105: Epoch 92
2026-06-13 19:28:55.250474: Current learning rate: 0.00917
2026-06-13 19:29:17.448793: train_loss -0.4988
2026-06-13 19:29:17.450958: val_loss -0.4766
2026-06-13 19:29:17.452347: Pseudo dice [0.4592]
2026-06-13 19:29:17.453670: Epoch time: 22.2 s
2026-06-13 19:29:18.332952: 
2026-06-13 19:29:18.334420: Epoch 93
2026-06-13 19:29:18.335693: Current learning rate: 0.00916
2026-06-13 19:29:40.594295: train_loss -0.5173
2026-06-13 19:29:40.596361: val_loss -0.5436
2026-06-13 19:29:40.597831: Pseudo dice [0.536]
2026-06-13 19:29:40.599255: Epoch time: 22.26 s
2026-06-13 19:29:41.487290: 
2026-06-13 19:29:41.488633: Epoch 94
2026-06-13 19:29:41.489922: Current learning rate: 0.00915
2026-06-13 19:30:03.725447: train_loss -0.5066
2026-06-13 19:30:03.727393: val_loss -0.5389
2026-06-13 19:30:03.728785: Pseudo dice [0.5268]
2026-06-13 19:30:03.730104: Epoch time: 22.24 s
2026-06-13 19:30:04.608349: 
2026-06-13 19:30:04.614194: Epoch 95
2026-06-13 19:30:04.616597: Current learning rate: 0.00914
2026-06-13 19:30:26.803653: train_loss -0.5058
2026-06-13 19:30:26.806180: val_loss -0.5376
2026-06-13 19:30:26.807775: Pseudo dice [0.5389]
2026-06-13 19:30:26.809413: Epoch time: 22.2 s
2026-06-13 19:30:26.811032: Yayy! New best EMA pseudo Dice: 0.518
2026-06-13 19:30:28.195779: 
2026-06-13 19:30:28.197360: Epoch 96
2026-06-13 19:30:28.198887: Current learning rate: 0.00913
2026-06-13 19:30:50.294336: train_loss -0.5476
2026-06-13 19:30:50.296222: val_loss -0.4999
2026-06-13 19:30:50.297766: Pseudo dice [0.5392]
2026-06-13 19:30:50.299199: Epoch time: 22.1 s
2026-06-13 19:30:50.300585: Yayy! New best EMA pseudo Dice: 0.5201
2026-06-13 19:30:51.666860: 
2026-06-13 19:30:51.668435: Epoch 97
2026-06-13 19:30:51.670040: Current learning rate: 0.00912
2026-06-13 19:31:13.868667: train_loss -0.5299
2026-06-13 19:31:13.870950: val_loss -0.5455
2026-06-13 19:31:13.872608: Pseudo dice [0.5183]
2026-06-13 19:31:13.874242: Epoch time: 22.2 s
2026-06-13 19:31:14.778800: 
2026-06-13 19:31:14.780485: Epoch 98
2026-06-13 19:31:14.781909: Current learning rate: 0.00911
2026-06-13 19:31:36.912772: train_loss -0.436
2026-06-13 19:31:36.915149: val_loss -0.4514
2026-06-13 19:31:36.916648: Pseudo dice [0.4324]
2026-06-13 19:31:36.918157: Epoch time: 22.13 s
2026-06-13 19:31:38.351029: 
2026-06-13 19:31:38.352576: Epoch 99
2026-06-13 19:31:38.354000: Current learning rate: 0.0091
2026-06-13 19:32:00.704945: train_loss -0.5354
2026-06-13 19:32:00.707985: val_loss -0.4765
2026-06-13 19:32:00.709422: Pseudo dice [0.4856]
2026-06-13 19:32:00.710803: Epoch time: 22.35 s
2026-06-13 19:32:02.072667: 
2026-06-13 19:32:02.074246: Epoch 100
2026-06-13 19:32:02.075634: Current learning rate: 0.0091
2026-06-13 19:32:24.315439: train_loss -0.4882
2026-06-13 19:32:24.317815: val_loss -0.447
2026-06-13 19:32:24.319174: Pseudo dice [0.5159]
2026-06-13 19:32:24.320660: Epoch time: 22.24 s
2026-06-13 19:32:25.215976: 
2026-06-13 19:32:25.217450: Epoch 101
2026-06-13 19:32:25.218841: Current learning rate: 0.00909
2026-06-13 19:32:47.594390: train_loss -0.4958
2026-06-13 19:32:47.596684: val_loss -0.5427
2026-06-13 19:32:47.598048: Pseudo dice [0.536]
2026-06-13 19:32:47.599411: Epoch time: 22.38 s
2026-06-13 19:32:48.478174: 
2026-06-13 19:32:48.479653: Epoch 102
2026-06-13 19:32:48.480962: Current learning rate: 0.00908
2026-06-13 19:33:10.767118: train_loss -0.4876
2026-06-13 19:33:10.769683: val_loss -0.5446
2026-06-13 19:33:10.772144: Pseudo dice [0.5192]
2026-06-13 19:33:10.774426: Epoch time: 22.29 s
2026-06-13 19:33:11.669279: 
2026-06-13 19:33:11.670800: Epoch 103
2026-06-13 19:33:11.672187: Current learning rate: 0.00907
2026-06-13 19:33:33.930510: train_loss -0.4881
2026-06-13 19:33:33.932654: val_loss -0.5187
2026-06-13 19:33:33.934000: Pseudo dice [0.5712]
2026-06-13 19:33:33.935370: Epoch time: 22.26 s
2026-06-13 19:33:34.825141: 
2026-06-13 19:33:34.826606: Epoch 104
2026-06-13 19:33:34.828001: Current learning rate: 0.00906
2026-06-13 19:33:57.198679: train_loss -0.5314
2026-06-13 19:33:57.200808: val_loss -0.559
2026-06-13 19:33:57.202184: Pseudo dice [0.571]
2026-06-13 19:33:57.203451: Epoch time: 22.37 s
2026-06-13 19:33:57.204711: Yayy! New best EMA pseudo Dice: 0.5238
2026-06-13 19:33:58.601055: 
2026-06-13 19:33:58.602394: Epoch 105
2026-06-13 19:33:58.603842: Current learning rate: 0.00905
2026-06-13 19:34:20.993869: train_loss -0.4874
2026-06-13 19:34:20.995866: val_loss -0.4346
2026-06-13 19:34:20.997230: Pseudo dice [0.3736]
2026-06-13 19:34:20.998605: Epoch time: 22.39 s
2026-06-13 19:34:21.889423: 
2026-06-13 19:34:21.890867: Epoch 106
2026-06-13 19:34:21.892295: Current learning rate: 0.00904
2026-06-13 19:34:44.288059: train_loss -0.512
2026-06-13 19:34:44.290009: val_loss -0.4734
2026-06-13 19:34:44.291411: Pseudo dice [0.4828]
2026-06-13 19:34:44.292776: Epoch time: 22.4 s
2026-06-13 19:34:45.181679: 
2026-06-13 19:34:45.183398: Epoch 107
2026-06-13 19:34:45.184728: Current learning rate: 0.00903
2026-06-13 19:35:07.511679: train_loss -0.5117
2026-06-13 19:35:07.514443: val_loss -0.4811
2026-06-13 19:35:07.515755: Pseudo dice [0.4728]
2026-06-13 19:35:07.517088: Epoch time: 22.33 s
2026-06-13 19:35:08.399066: 
2026-06-13 19:35:08.400778: Epoch 108
2026-06-13 19:35:08.402108: Current learning rate: 0.00902
2026-06-13 19:35:30.703106: train_loss -0.5053
2026-06-13 19:35:30.706096: val_loss -0.5199
2026-06-13 19:35:30.707428: Pseudo dice [0.5841]
2026-06-13 19:35:30.708780: Epoch time: 22.31 s
2026-06-13 19:35:31.606233: 
2026-06-13 19:35:31.607639: Epoch 109
2026-06-13 19:35:31.608852: Current learning rate: 0.00901
2026-06-13 19:35:53.871871: train_loss -0.4878
2026-06-13 19:35:53.874655: val_loss -0.4721
2026-06-13 19:35:53.876268: Pseudo dice [0.4962]
2026-06-13 19:35:53.877616: Epoch time: 22.27 s
2026-06-13 19:35:54.768832: 
2026-06-13 19:35:54.770331: Epoch 110
2026-06-13 19:35:54.771688: Current learning rate: 0.009
2026-06-13 19:36:17.024849: train_loss -0.5239
2026-06-13 19:36:17.027998: val_loss -0.5509
2026-06-13 19:36:17.029426: Pseudo dice [0.5787]
2026-06-13 19:36:17.031093: Epoch time: 22.26 s
2026-06-13 19:36:17.931238: 
2026-06-13 19:36:17.932719: Epoch 111
2026-06-13 19:36:17.934099: Current learning rate: 0.009
2026-06-13 19:36:40.091814: train_loss -0.4692
2026-06-13 19:36:40.095052: val_loss -0.4488
2026-06-13 19:36:40.097363: Pseudo dice [0.4689]
2026-06-13 19:36:40.098668: Epoch time: 22.16 s
2026-06-13 19:36:40.993210: 
2026-06-13 19:36:40.994757: Epoch 112
2026-06-13 19:36:40.996163: Current learning rate: 0.00899
2026-06-13 19:37:03.195156: train_loss -0.4834
2026-06-13 19:37:03.198067: val_loss -0.4724
2026-06-13 19:37:03.199411: Pseudo dice [0.4546]
2026-06-13 19:37:03.200851: Epoch time: 22.2 s
2026-06-13 19:37:04.089326: 
2026-06-13 19:37:04.090774: Epoch 113
2026-06-13 19:37:04.092196: Current learning rate: 0.00898
2026-06-13 19:37:26.225981: train_loss -0.5601
2026-06-13 19:37:26.228703: val_loss -0.4708
2026-06-13 19:37:26.229978: Pseudo dice [0.4603]
2026-06-13 19:37:26.231339: Epoch time: 22.14 s
2026-06-13 19:37:27.123523: 
2026-06-13 19:37:27.125023: Epoch 114
2026-06-13 19:37:27.126393: Current learning rate: 0.00897
2026-06-13 19:37:49.336292: train_loss -0.5182
2026-06-13 19:37:49.339793: val_loss -0.4247
2026-06-13 19:37:49.341239: Pseudo dice [0.4514]
2026-06-13 19:37:49.342597: Epoch time: 22.21 s
2026-06-13 19:37:50.227065: 
2026-06-13 19:37:50.228465: Epoch 115
2026-06-13 19:37:50.229810: Current learning rate: 0.00896
2026-06-13 19:38:12.344208: train_loss -0.4955
2026-06-13 19:38:12.346982: val_loss -0.5037
2026-06-13 19:38:12.348348: Pseudo dice [0.5347]
2026-06-13 19:38:12.349805: Epoch time: 22.12 s
2026-06-13 19:38:13.247258: 
2026-06-13 19:38:13.249053: Epoch 116
2026-06-13 19:38:13.250529: Current learning rate: 0.00895
2026-06-13 19:38:35.364005: train_loss -0.4955
2026-06-13 19:38:35.367286: val_loss -0.516
2026-06-13 19:38:35.368986: Pseudo dice [0.5221]
2026-06-13 19:38:35.370506: Epoch time: 22.12 s
2026-06-13 19:38:36.272631: 
2026-06-13 19:38:36.274481: Epoch 117
2026-06-13 19:38:36.275975: Current learning rate: 0.00894
2026-06-13 19:38:59.147648: train_loss -0.5392
2026-06-13 19:38:59.151102: val_loss -0.5061
2026-06-13 19:38:59.152554: Pseudo dice [0.5139]
2026-06-13 19:38:59.153932: Epoch time: 22.88 s
2026-06-13 19:39:00.058469: 
2026-06-13 19:39:00.060095: Epoch 118
2026-06-13 19:39:00.061494: Current learning rate: 0.00893
2026-06-13 19:39:22.405715: train_loss -0.5258
2026-06-13 19:39:22.408466: val_loss -0.5023
2026-06-13 19:39:22.409851: Pseudo dice [0.4953]
2026-06-13 19:39:22.411229: Epoch time: 22.35 s
2026-06-13 19:39:23.314204: 
2026-06-13 19:39:23.315716: Epoch 119
2026-06-13 19:39:23.317095: Current learning rate: 0.00892
2026-06-13 19:39:45.655506: train_loss -0.5284
2026-06-13 19:39:45.658196: val_loss -0.5666
2026-06-13 19:39:45.659550: Pseudo dice [0.5891]
2026-06-13 19:39:45.660911: Epoch time: 22.34 s
2026-06-13 19:39:46.559938: 
2026-06-13 19:39:46.561376: Epoch 120
2026-06-13 19:39:46.562748: Current learning rate: 0.00891
2026-06-13 19:40:08.926991: train_loss -0.5166
2026-06-13 19:40:08.929946: val_loss -0.5655
2026-06-13 19:40:08.931455: Pseudo dice [0.5749]
2026-06-13 19:40:08.932824: Epoch time: 22.37 s
2026-06-13 19:40:09.833373: 
2026-06-13 19:40:09.834807: Epoch 121
2026-06-13 19:40:09.836203: Current learning rate: 0.0089
2026-06-13 19:40:32.108732: train_loss -0.5276
2026-06-13 19:40:32.111444: val_loss -0.5155
2026-06-13 19:40:32.112930: Pseudo dice [0.4866]
2026-06-13 19:40:32.114308: Epoch time: 22.28 s
2026-06-13 19:40:33.012190: 
2026-06-13 19:40:33.013774: Epoch 122
2026-06-13 19:40:33.015217: Current learning rate: 0.00889
2026-06-13 19:40:55.373373: train_loss -0.4902
2026-06-13 19:40:55.376092: val_loss -0.4893
2026-06-13 19:40:55.377556: Pseudo dice [0.4829]
2026-06-13 19:40:55.378894: Epoch time: 22.36 s
2026-06-13 19:40:56.272500: 
2026-06-13 19:40:56.274061: Epoch 123
2026-06-13 19:40:56.275368: Current learning rate: 0.00889
2026-06-13 19:41:18.639001: train_loss -0.4994
2026-06-13 19:41:18.642660: val_loss -0.4643
2026-06-13 19:41:18.644085: Pseudo dice [0.4403]
2026-06-13 19:41:18.645474: Epoch time: 22.37 s
2026-06-13 19:41:19.556498: 
2026-06-13 19:41:19.557974: Epoch 124
2026-06-13 19:41:19.559323: Current learning rate: 0.00888
2026-06-13 19:41:41.851839: train_loss -0.5512
2026-06-13 19:41:41.854578: val_loss -0.4712
2026-06-13 19:41:41.856025: Pseudo dice [0.4734]
2026-06-13 19:41:41.857466: Epoch time: 22.3 s
2026-06-13 19:41:42.762044: 
2026-06-13 19:41:42.763531: Epoch 125
2026-06-13 19:41:42.764906: Current learning rate: 0.00887
2026-06-13 19:42:05.071414: train_loss -0.4649
2026-06-13 19:42:05.074144: val_loss -0.448
2026-06-13 19:42:05.075563: Pseudo dice [0.497]
2026-06-13 19:42:05.076983: Epoch time: 22.31 s
2026-06-13 19:42:05.995067: 
2026-06-13 19:42:05.996483: Epoch 126
2026-06-13 19:42:05.997856: Current learning rate: 0.00886
2026-06-13 19:42:28.309010: train_loss -0.5149
2026-06-13 19:42:28.311833: val_loss -0.5245
2026-06-13 19:42:28.313168: Pseudo dice [0.5222]
2026-06-13 19:42:28.314600: Epoch time: 22.32 s
2026-06-13 19:42:29.221687: 
2026-06-13 19:42:29.223104: Epoch 127
2026-06-13 19:42:29.224500: Current learning rate: 0.00885
2026-06-13 19:42:51.520407: train_loss -0.5258
2026-06-13 19:42:51.523859: val_loss -0.49
2026-06-13 19:42:51.525289: Pseudo dice [0.4841]
2026-06-13 19:42:51.526693: Epoch time: 22.3 s
2026-06-13 19:42:52.439494: 
2026-06-13 19:42:52.441070: Epoch 128
2026-06-13 19:42:52.442451: Current learning rate: 0.00884
2026-06-13 19:43:14.776666: train_loss -0.4879
2026-06-13 19:43:14.779969: val_loss -0.5361
2026-06-13 19:43:14.781553: Pseudo dice [0.5443]
2026-06-13 19:43:14.783140: Epoch time: 22.34 s
2026-06-13 19:43:15.701362: 
2026-06-13 19:43:15.703025: Epoch 129
2026-06-13 19:43:15.704749: Current learning rate: 0.00883
2026-06-13 19:43:38.023414: train_loss -0.5127
2026-06-13 19:43:38.025372: val_loss -0.4926
2026-06-13 19:43:38.026921: Pseudo dice [0.4625]
2026-06-13 19:43:38.028477: Epoch time: 22.32 s
2026-06-13 19:43:38.935810: 
2026-06-13 19:43:38.937407: Epoch 130
2026-06-13 19:43:38.938824: Current learning rate: 0.00882
2026-06-13 19:44:01.241963: train_loss -0.505
2026-06-13 19:44:01.244219: val_loss -0.5137
2026-06-13 19:44:01.245836: Pseudo dice [0.5133]
2026-06-13 19:44:01.247207: Epoch time: 22.31 s
2026-06-13 19:44:02.166449: 
2026-06-13 19:44:02.167871: Epoch 131
2026-06-13 19:44:02.169213: Current learning rate: 0.00881
2026-06-13 19:44:24.299542: train_loss -0.5753
2026-06-13 19:44:24.301486: val_loss -0.5593
2026-06-13 19:44:24.302883: Pseudo dice [0.5755]
2026-06-13 19:44:24.304446: Epoch time: 22.13 s
2026-06-13 19:44:25.205945: 
2026-06-13 19:44:25.207464: Epoch 132
2026-06-13 19:44:25.208772: Current learning rate: 0.0088
2026-06-13 19:44:47.409463: train_loss -0.4729
2026-06-13 19:44:47.411484: val_loss -0.5017
2026-06-13 19:44:47.412946: Pseudo dice [0.4529]
2026-06-13 19:44:47.414385: Epoch time: 22.2 s
2026-06-13 19:44:48.326606: 
2026-06-13 19:44:48.328193: Epoch 133
2026-06-13 19:44:48.329701: Current learning rate: 0.00879
2026-06-13 19:45:10.431396: train_loss -0.4701
2026-06-13 19:45:10.434139: val_loss -0.5172
2026-06-13 19:45:10.436188: Pseudo dice [0.5534]
2026-06-13 19:45:10.438222: Epoch time: 22.11 s
2026-06-13 19:45:11.346918: 
2026-06-13 19:45:11.348546: Epoch 134
2026-06-13 19:45:11.351409: Current learning rate: 0.00879
2026-06-13 19:45:33.492241: train_loss -0.5072
2026-06-13 19:45:33.494318: val_loss -0.4814
2026-06-13 19:45:33.495887: Pseudo dice [0.4944]
2026-06-13 19:45:33.497397: Epoch time: 22.15 s
2026-06-13 19:45:34.973357: 
2026-06-13 19:45:34.974960: Epoch 135
2026-06-13 19:45:34.976490: Current learning rate: 0.00878
2026-06-13 19:45:57.261089: train_loss -0.4643
2026-06-13 19:45:57.263131: val_loss -0.5242
2026-06-13 19:45:57.264651: Pseudo dice [0.5361]
2026-06-13 19:45:57.266321: Epoch time: 22.29 s
2026-06-13 19:45:58.192454: 
2026-06-13 19:45:58.194038: Epoch 136
2026-06-13 19:45:58.195558: Current learning rate: 0.00877
2026-06-13 19:46:20.671340: train_loss -0.5339
2026-06-13 19:46:20.673615: val_loss -0.5672
2026-06-13 19:46:20.675133: Pseudo dice [0.5743]
2026-06-13 19:46:20.676625: Epoch time: 22.48 s
2026-06-13 19:46:21.589222: 
2026-06-13 19:46:21.591046: Epoch 137
2026-06-13 19:46:21.592554: Current learning rate: 0.00876
2026-06-13 19:46:43.872654: train_loss -0.5517
2026-06-13 19:46:43.874923: val_loss -0.4589
2026-06-13 19:46:43.876614: Pseudo dice [0.4909]
2026-06-13 19:46:43.878023: Epoch time: 22.28 s
2026-06-13 19:46:44.794548: 
2026-06-13 19:46:44.796147: Epoch 138
2026-06-13 19:46:44.797647: Current learning rate: 0.00875
2026-06-13 19:47:07.175494: train_loss -0.5672
2026-06-13 19:47:07.177448: val_loss -0.5317
2026-06-13 19:47:07.179012: Pseudo dice [0.5185]
2026-06-13 19:47:07.180429: Epoch time: 22.38 s
2026-06-13 19:47:08.100168: 
2026-06-13 19:47:08.101677: Epoch 139
2026-06-13 19:47:08.103058: Current learning rate: 0.00874
2026-06-13 19:47:30.547717: train_loss -0.5769
2026-06-13 19:47:30.550019: val_loss -0.5212
2026-06-13 19:47:30.551624: Pseudo dice [0.44]
2026-06-13 19:47:30.553197: Epoch time: 22.45 s
2026-06-13 19:47:31.460795: 
2026-06-13 19:47:31.462411: Epoch 140
2026-06-13 19:47:31.463938: Current learning rate: 0.00873
2026-06-13 19:47:53.728995: train_loss -0.5279
2026-06-13 19:47:53.730945: val_loss -0.4749
2026-06-13 19:47:53.732425: Pseudo dice [0.5111]
2026-06-13 19:47:53.733839: Epoch time: 22.27 s
2026-06-13 19:47:54.655159: 
2026-06-13 19:47:54.656731: Epoch 141
2026-06-13 19:47:54.658117: Current learning rate: 0.00872
2026-06-13 19:48:16.945207: train_loss -0.5093
2026-06-13 19:48:16.947325: val_loss -0.4991
2026-06-13 19:48:16.948844: Pseudo dice [0.5546]
2026-06-13 19:48:16.950399: Epoch time: 22.29 s
2026-06-13 19:48:17.872738: 
2026-06-13 19:48:17.874429: Epoch 142
2026-06-13 19:48:17.875914: Current learning rate: 0.00871
2026-06-13 19:48:40.198109: train_loss -0.5005
2026-06-13 19:48:40.200332: val_loss -0.5617
2026-06-13 19:48:40.201873: Pseudo dice [0.5775]
2026-06-13 19:48:40.203423: Epoch time: 22.33 s
2026-06-13 19:48:41.124869: 
2026-06-13 19:48:41.126384: Epoch 143
2026-06-13 19:48:41.127827: Current learning rate: 0.0087
2026-06-13 19:49:03.392063: train_loss -0.5654
2026-06-13 19:49:03.394214: val_loss -0.5262
2026-06-13 19:49:03.395661: Pseudo dice [0.5422]
2026-06-13 19:49:03.397151: Epoch time: 22.27 s
2026-06-13 19:49:04.317611: 
2026-06-13 19:49:04.319280: Epoch 144
2026-06-13 19:49:04.320759: Current learning rate: 0.00869
2026-06-13 19:49:26.628520: train_loss -0.5463
2026-06-13 19:49:26.630799: val_loss -0.4842
2026-06-13 19:49:26.632187: Pseudo dice [0.5035]
2026-06-13 19:49:26.633557: Epoch time: 22.31 s
2026-06-13 19:49:27.567409: 
2026-06-13 19:49:27.568947: Epoch 145
2026-06-13 19:49:27.570351: Current learning rate: 0.00868
2026-06-13 19:49:49.860434: train_loss -0.5591
2026-06-13 19:49:49.863161: val_loss -0.4933
2026-06-13 19:49:49.864583: Pseudo dice [0.4751]
2026-06-13 19:49:49.866761: Epoch time: 22.29 s
2026-06-13 19:49:50.789272: 
2026-06-13 19:49:50.790861: Epoch 146
2026-06-13 19:49:50.792318: Current learning rate: 0.00868
2026-06-13 19:50:12.998628: train_loss -0.538
2026-06-13 19:50:13.000622: val_loss -0.5244
2026-06-13 19:50:13.002480: Pseudo dice [0.5363]
2026-06-13 19:50:13.003952: Epoch time: 22.21 s
2026-06-13 19:50:13.918912: 
2026-06-13 19:50:13.920406: Epoch 147
2026-06-13 19:50:13.921897: Current learning rate: 0.00867
2026-06-13 19:50:36.032957: train_loss -0.5422
2026-06-13 19:50:36.035156: val_loss -0.5118
2026-06-13 19:50:36.036670: Pseudo dice [0.5433]
2026-06-13 19:50:36.038218: Epoch time: 22.11 s
2026-06-13 19:50:36.955200: 
2026-06-13 19:50:36.956871: Epoch 148
2026-06-13 19:50:36.958373: Current learning rate: 0.00866
2026-06-13 19:50:59.141146: train_loss -0.4547
2026-06-13 19:50:59.143541: val_loss -0.5163
2026-06-13 19:50:59.146041: Pseudo dice [0.5142]
2026-06-13 19:50:59.148837: Epoch time: 22.19 s
2026-06-13 19:51:00.064307: 
2026-06-13 19:51:00.065922: Epoch 149
2026-06-13 19:51:00.068251: Current learning rate: 0.00865
2026-06-13 19:51:22.194564: train_loss -0.5377
2026-06-13 19:51:22.196442: val_loss -0.4875
2026-06-13 19:51:22.197930: Pseudo dice [0.5063]
2026-06-13 19:51:22.199373: Epoch time: 22.13 s
2026-06-13 19:51:23.600042: 
2026-06-13 19:51:23.601540: Epoch 150
2026-06-13 19:51:23.602891: Current learning rate: 0.00864
2026-06-13 19:51:45.790068: train_loss -0.5201
2026-06-13 19:51:45.793000: val_loss -0.4827
2026-06-13 19:51:45.794459: Pseudo dice [0.5568]
2026-06-13 19:51:45.795989: Epoch time: 22.19 s
2026-06-13 19:51:46.716638: 
2026-06-13 19:51:46.718267: Epoch 151
2026-06-13 19:51:46.719953: Current learning rate: 0.00863
2026-06-13 19:52:08.845493: train_loss -0.5143
2026-06-13 19:52:08.847736: val_loss -0.5279
2026-06-13 19:52:08.849309: Pseudo dice [0.567]
2026-06-13 19:52:08.850827: Epoch time: 22.13 s
2026-06-13 19:52:08.852308: Yayy! New best EMA pseudo Dice: 0.5263
2026-06-13 19:52:10.822929: 
2026-06-13 19:52:10.824615: Epoch 152
2026-06-13 19:52:10.826146: Current learning rate: 0.00862
2026-06-13 19:52:33.183097: train_loss -0.5375
2026-06-13 19:52:33.185036: val_loss -0.5055
2026-06-13 19:52:33.186585: Pseudo dice [0.5061]
2026-06-13 19:52:33.188173: Epoch time: 22.36 s
2026-06-13 19:52:34.106947: 
2026-06-13 19:52:34.109239: Epoch 153
2026-06-13 19:52:34.110780: Current learning rate: 0.00861
2026-06-13 19:52:56.465448: train_loss -0.5071
2026-06-13 19:52:56.467348: val_loss -0.5223
2026-06-13 19:52:56.468770: Pseudo dice [0.5164]
2026-06-13 19:52:56.470277: Epoch time: 22.36 s
2026-06-13 19:52:57.408755: 
2026-06-13 19:52:57.410437: Epoch 154
2026-06-13 19:52:57.411895: Current learning rate: 0.0086
2026-06-13 19:53:19.686855: train_loss -0.5183
2026-06-13 19:53:19.689717: val_loss -0.4606
2026-06-13 19:53:19.691499: Pseudo dice [0.4272]
2026-06-13 19:53:19.693001: Epoch time: 22.28 s
2026-06-13 19:53:20.626885: 
2026-06-13 19:53:20.628482: Epoch 155
2026-06-13 19:53:20.630000: Current learning rate: 0.00859
2026-06-13 19:53:42.925560: train_loss -0.5151
2026-06-13 19:53:42.928400: val_loss -0.6168
2026-06-13 19:53:42.929970: Pseudo dice [0.5757]
2026-06-13 19:53:42.931496: Epoch time: 22.3 s
2026-06-13 19:53:43.857965: 
2026-06-13 19:53:43.859456: Epoch 156
2026-06-13 19:53:43.860935: Current learning rate: 0.00858
2026-06-13 19:54:06.156003: train_loss -0.5
2026-06-13 19:54:06.159293: val_loss -0.5076
2026-06-13 19:54:06.160838: Pseudo dice [0.4608]
2026-06-13 19:54:06.162297: Epoch time: 22.3 s
2026-06-13 19:54:07.098729: 
2026-06-13 19:54:07.100488: Epoch 157
2026-06-13 19:54:07.101914: Current learning rate: 0.00858
2026-06-13 19:54:29.458583: train_loss -0.5418
2026-06-13 19:54:29.461366: val_loss -0.4635
2026-06-13 19:54:29.462783: Pseudo dice [0.5455]
2026-06-13 19:54:29.464267: Epoch time: 22.36 s
2026-06-13 19:54:30.397611: 
2026-06-13 19:54:30.399951: Epoch 158
2026-06-13 19:54:30.402573: Current learning rate: 0.00857
2026-06-13 19:54:52.744478: train_loss -0.5248
2026-06-13 19:54:52.748027: val_loss -0.5239
2026-06-13 19:54:52.749579: Pseudo dice [0.5923]
2026-06-13 19:54:52.751241: Epoch time: 22.35 s
2026-06-13 19:54:53.691249: 
2026-06-13 19:54:53.693290: Epoch 159
2026-06-13 19:54:53.695062: Current learning rate: 0.00856
2026-06-13 19:55:16.057124: train_loss -0.5268
2026-06-13 19:55:16.060192: val_loss -0.5416
2026-06-13 19:55:16.061734: Pseudo dice [0.4829]
2026-06-13 19:55:16.063172: Epoch time: 22.37 s
2026-06-13 19:55:16.999721: 
2026-06-13 19:55:17.001202: Epoch 160
2026-06-13 19:55:17.002630: Current learning rate: 0.00855
2026-06-13 19:55:39.238124: train_loss -0.5353
2026-06-13 19:55:39.241162: val_loss -0.5076
2026-06-13 19:55:39.242862: Pseudo dice [0.4847]
2026-06-13 19:55:39.244319: Epoch time: 22.24 s
2026-06-13 19:55:40.172726: 
2026-06-13 19:55:40.174380: Epoch 161
2026-06-13 19:55:40.175872: Current learning rate: 0.00854
2026-06-13 19:56:02.381727: train_loss -0.5562
2026-06-13 19:56:02.384830: val_loss -0.5494
2026-06-13 19:56:02.386362: Pseudo dice [0.5484]
2026-06-13 19:56:02.388007: Epoch time: 22.21 s
2026-06-13 19:56:03.332206: 
2026-06-13 19:56:03.333996: Epoch 162
2026-06-13 19:56:03.335413: Current learning rate: 0.00853
2026-06-13 19:56:25.602233: train_loss -0.5755
2026-06-13 19:56:25.605379: val_loss -0.499
2026-06-13 19:56:25.606993: Pseudo dice [0.4993]
2026-06-13 19:56:25.608445: Epoch time: 22.27 s
2026-06-13 19:56:26.550658: 
2026-06-13 19:56:26.552364: Epoch 163
2026-06-13 19:56:26.553791: Current learning rate: 0.00852
2026-06-13 19:56:48.852980: train_loss -0.5056
2026-06-13 19:56:48.855846: val_loss -0.5007
2026-06-13 19:56:48.857284: Pseudo dice [0.5088]
2026-06-13 19:56:48.858639: Epoch time: 22.3 s
2026-06-13 19:56:49.791486: 
2026-06-13 19:56:49.792959: Epoch 164
2026-06-13 19:56:49.794337: Current learning rate: 0.00851
2026-06-13 19:57:11.967898: train_loss -0.5607
2026-06-13 19:57:11.970697: val_loss -0.483
2026-06-13 19:57:11.972224: Pseudo dice [0.4636]
2026-06-13 19:57:11.973816: Epoch time: 22.18 s
2026-06-13 19:57:12.915881: 
2026-06-13 19:57:12.917790: Epoch 165
2026-06-13 19:57:12.919178: Current learning rate: 0.0085
2026-06-13 19:57:35.081095: train_loss -0.5075
2026-06-13 19:57:35.083906: val_loss -0.4719
2026-06-13 19:57:35.085406: Pseudo dice [0.4319]
2026-06-13 19:57:35.086826: Epoch time: 22.17 s
2026-06-13 19:57:36.007959: 
2026-06-13 19:57:36.009754: Epoch 166
2026-06-13 19:57:36.011337: Current learning rate: 0.00849
2026-06-13 19:57:58.142379: train_loss -0.5228
2026-06-13 19:57:58.145182: val_loss -0.4602
2026-06-13 19:57:58.146621: Pseudo dice [0.4337]
2026-06-13 19:57:58.148064: Epoch time: 22.14 s
2026-06-13 19:57:59.065473: 
2026-06-13 19:57:59.066979: Epoch 167
2026-06-13 19:57:59.068469: Current learning rate: 0.00848
2026-06-13 19:58:21.220975: train_loss -0.5456
2026-06-13 19:58:21.223868: val_loss -0.4576
2026-06-13 19:58:21.225429: Pseudo dice [0.467]
2026-06-13 19:58:21.226895: Epoch time: 22.16 s
2026-06-13 19:58:22.689582: 
2026-06-13 19:58:22.691156: Epoch 168
2026-06-13 19:58:22.692557: Current learning rate: 0.00847
2026-06-13 19:58:45.031081: train_loss -0.4746
2026-06-13 19:58:45.034945: val_loss -0.5186
2026-06-13 19:58:45.036964: Pseudo dice [0.5548]
2026-06-13 19:58:45.038450: Epoch time: 22.34 s
2026-06-13 19:58:45.971390: 
2026-06-13 19:58:45.973052: Epoch 169
2026-06-13 19:58:45.974594: Current learning rate: 0.00847
2026-06-13 19:59:08.259672: train_loss -0.4664
2026-06-13 19:59:08.262741: val_loss -0.5565
2026-06-13 19:59:08.264176: Pseudo dice [0.5361]
2026-06-13 19:59:08.265693: Epoch time: 22.29 s
2026-06-13 19:59:09.199785: 
2026-06-13 19:59:09.201416: Epoch 170
2026-06-13 19:59:09.202896: Current learning rate: 0.00846
2026-06-13 19:59:31.573434: train_loss -0.5059
2026-06-13 19:59:31.576302: val_loss -0.4509
2026-06-13 19:59:31.577821: Pseudo dice [0.4324]
2026-06-13 19:59:31.579329: Epoch time: 22.37 s
2026-06-13 19:59:32.520622: 
2026-06-13 19:59:32.522322: Epoch 171
2026-06-13 19:59:32.523802: Current learning rate: 0.00845
2026-06-13 19:59:54.896800: train_loss -0.5675
2026-06-13 19:59:54.900879: val_loss -0.5294
2026-06-13 19:59:54.902328: Pseudo dice [0.5121]
2026-06-13 19:59:54.903860: Epoch time: 22.38 s
2026-06-13 19:59:55.834156: 
2026-06-13 19:59:55.835735: Epoch 172
2026-06-13 19:59:55.841767: Current learning rate: 0.00844
2026-06-13 20:00:18.116988: train_loss -0.548
2026-06-13 20:00:18.119975: val_loss -0.5492
2026-06-13 20:00:18.121427: Pseudo dice [0.5672]
2026-06-13 20:00:18.122910: Epoch time: 22.28 s
2026-06-13 20:00:19.060204: 
2026-06-13 20:00:19.061741: Epoch 173
2026-06-13 20:00:19.063293: Current learning rate: 0.00843
2026-06-13 20:00:41.431950: train_loss -0.5135
2026-06-13 20:00:41.434855: val_loss -0.4849
2026-06-13 20:00:41.436359: Pseudo dice [0.5164]
2026-06-13 20:00:41.437787: Epoch time: 22.37 s
2026-06-13 20:00:42.371686: 
2026-06-13 20:00:42.373211: Epoch 174
2026-06-13 20:00:42.374563: Current learning rate: 0.00842
2026-06-13 20:01:04.683439: train_loss -0.5711
2026-06-13 20:01:04.687170: val_loss -0.5284
2026-06-13 20:01:04.688629: Pseudo dice [0.4847]
2026-06-13 20:01:04.690138: Epoch time: 22.31 s
2026-06-13 20:01:05.627365: 
2026-06-13 20:01:05.629102: Epoch 175
2026-06-13 20:01:05.630681: Current learning rate: 0.00841
2026-06-13 20:01:27.900602: train_loss -0.5205
2026-06-13 20:01:27.904275: val_loss -0.507
2026-06-13 20:01:27.906205: Pseudo dice [0.4729]
2026-06-13 20:01:27.908072: Epoch time: 22.27 s
2026-06-13 20:01:28.833811: 
2026-06-13 20:01:28.835583: Epoch 176
2026-06-13 20:01:28.837085: Current learning rate: 0.0084
2026-06-13 20:01:51.073476: train_loss -0.5618
2026-06-13 20:01:51.076323: val_loss -0.4905
2026-06-13 20:01:51.077849: Pseudo dice [0.5221]
2026-06-13 20:01:51.079392: Epoch time: 22.24 s
2026-06-13 20:01:52.009023: 
2026-06-13 20:01:52.010579: Epoch 177
2026-06-13 20:01:52.012559: Current learning rate: 0.00839
2026-06-13 20:02:14.410666: train_loss -0.5425
2026-06-13 20:02:14.413986: val_loss -0.4827
2026-06-13 20:02:14.415818: Pseudo dice [0.512]
2026-06-13 20:02:14.417371: Epoch time: 22.4 s
2026-06-13 20:02:15.344038: 
2026-06-13 20:02:15.345788: Epoch 178
2026-06-13 20:02:15.347491: Current learning rate: 0.00838
2026-06-13 20:02:37.608839: train_loss -0.57
2026-06-13 20:02:37.611770: val_loss -0.5321
2026-06-13 20:02:37.613263: Pseudo dice [0.5772]
2026-06-13 20:02:37.614806: Epoch time: 22.27 s
2026-06-13 20:02:38.546362: 
2026-06-13 20:02:38.548834: Epoch 179
2026-06-13 20:02:38.550263: Current learning rate: 0.00837
2026-06-13 20:03:00.762610: train_loss -0.5331
2026-06-13 20:03:00.765125: val_loss -0.5427
2026-06-13 20:03:00.766663: Pseudo dice [0.5719]
2026-06-13 20:03:00.768145: Epoch time: 22.22 s
2026-06-13 20:03:01.691380: 
2026-06-13 20:03:01.692921: Epoch 180
2026-06-13 20:03:01.694600: Current learning rate: 0.00836
2026-06-13 20:03:24.000265: train_loss -0.487
2026-06-13 20:03:24.002388: val_loss -0.5336
2026-06-13 20:03:24.003982: Pseudo dice [0.5635]
2026-06-13 20:03:24.005576: Epoch time: 22.31 s
2026-06-13 20:03:24.937293: 
2026-06-13 20:03:24.938750: Epoch 181
2026-06-13 20:03:24.940174: Current learning rate: 0.00836
2026-06-13 20:03:47.157190: train_loss -0.4955
2026-06-13 20:03:47.159829: val_loss -0.5094
2026-06-13 20:03:47.161378: Pseudo dice [0.494]
2026-06-13 20:03:47.162931: Epoch time: 22.22 s
2026-06-13 20:03:48.079399: 
2026-06-13 20:03:48.082714: Epoch 182
2026-06-13 20:03:48.084534: Current learning rate: 0.00835
2026-06-13 20:04:10.345529: train_loss -0.5861
2026-06-13 20:04:10.347510: val_loss -0.5344
2026-06-13 20:04:10.349023: Pseudo dice [0.5305]
2026-06-13 20:04:10.350469: Epoch time: 22.27 s
2026-06-13 20:04:11.349730: 
2026-06-13 20:04:11.351351: Epoch 183
2026-06-13 20:04:11.352826: Current learning rate: 0.00834
2026-06-13 20:04:33.557769: train_loss -0.5679
2026-06-13 20:04:33.559722: val_loss -0.5739
2026-06-13 20:04:33.561219: Pseudo dice [0.5695]
2026-06-13 20:04:33.563378: Epoch time: 22.21 s
2026-06-13 20:04:34.476449: 
2026-06-13 20:04:34.478004: Epoch 184
2026-06-13 20:04:34.479444: Current learning rate: 0.00833
2026-06-13 20:04:56.662011: train_loss -0.5157
2026-06-13 20:04:56.664369: val_loss -0.4972
2026-06-13 20:04:56.665714: Pseudo dice [0.4936]
2026-06-13 20:04:56.667735: Epoch time: 22.19 s
2026-06-13 20:04:58.159530: 
2026-06-13 20:04:58.161099: Epoch 185
2026-06-13 20:04:58.162602: Current learning rate: 0.00832
2026-06-13 20:05:20.458445: train_loss -0.532
2026-06-13 20:05:20.460776: val_loss -0.5142
2026-06-13 20:05:20.462227: Pseudo dice [0.5195]
2026-06-13 20:05:20.463608: Epoch time: 22.3 s
2026-06-13 20:05:21.389439: 
2026-06-13 20:05:21.391014: Epoch 186
2026-06-13 20:05:21.392482: Current learning rate: 0.00831
2026-06-13 20:05:43.818967: train_loss -0.5496
2026-06-13 20:05:43.821079: val_loss -0.5362
2026-06-13 20:05:43.822507: Pseudo dice [0.5094]
2026-06-13 20:05:43.823935: Epoch time: 22.43 s
2026-06-13 20:05:44.766034: 
2026-06-13 20:05:44.767723: Epoch 187
2026-06-13 20:05:44.769200: Current learning rate: 0.0083
2026-06-13 20:06:07.117750: train_loss -0.5825
2026-06-13 20:06:07.119995: val_loss -0.4979
2026-06-13 20:06:07.122025: Pseudo dice [0.4415]
2026-06-13 20:06:07.123580: Epoch time: 22.35 s
2026-06-13 20:06:08.045378: 
2026-06-13 20:06:08.046993: Epoch 188
2026-06-13 20:06:08.048350: Current learning rate: 0.00829
2026-06-13 20:06:30.385544: train_loss -0.5837
2026-06-13 20:06:30.387941: val_loss -0.5055
2026-06-13 20:06:30.389480: Pseudo dice [0.5237]
2026-06-13 20:06:30.391166: Epoch time: 22.34 s
2026-06-13 20:06:31.315737: 
2026-06-13 20:06:31.317281: Epoch 189
2026-06-13 20:06:31.318606: Current learning rate: 0.00828
2026-06-13 20:06:53.714172: train_loss -0.5323
2026-06-13 20:06:53.716178: val_loss -0.5597
2026-06-13 20:06:53.717661: Pseudo dice [0.5496]
2026-06-13 20:06:53.719038: Epoch time: 22.4 s
2026-06-13 20:06:54.646826: 
2026-06-13 20:06:54.648368: Epoch 190
2026-06-13 20:06:54.649711: Current learning rate: 0.00827
2026-06-13 20:07:16.926531: train_loss -0.5369
2026-06-13 20:07:16.928769: val_loss -0.5469
2026-06-13 20:07:16.930256: Pseudo dice [0.5064]
2026-06-13 20:07:16.931801: Epoch time: 22.28 s
2026-06-13 20:07:17.855288: 
2026-06-13 20:07:17.856916: Epoch 191
2026-06-13 20:07:17.858462: Current learning rate: 0.00826
2026-06-13 20:07:40.123730: train_loss -0.4879
2026-06-13 20:07:40.126059: val_loss -0.4901
2026-06-13 20:07:40.127608: Pseudo dice [0.496]
2026-06-13 20:07:40.129055: Epoch time: 22.27 s
2026-06-13 20:07:41.053955: 
2026-06-13 20:07:41.055541: Epoch 192
2026-06-13 20:07:41.057054: Current learning rate: 0.00825
2026-06-13 20:08:03.514968: train_loss -0.5194
2026-06-13 20:08:03.518461: val_loss -0.5406
2026-06-13 20:08:03.519945: Pseudo dice [0.5101]
2026-06-13 20:08:03.521365: Epoch time: 22.46 s
2026-06-13 20:08:04.458842: 
2026-06-13 20:08:04.460397: Epoch 193
2026-06-13 20:08:04.461774: Current learning rate: 0.00824
2026-06-13 20:08:26.710850: train_loss -0.5052
2026-06-13 20:08:26.717839: val_loss -0.5479
2026-06-13 20:08:26.719221: Pseudo dice [0.5953]
2026-06-13 20:08:26.720635: Epoch time: 22.25 s
2026-06-13 20:08:27.648421: 
2026-06-13 20:08:27.650009: Epoch 194
2026-06-13 20:08:27.651492: Current learning rate: 0.00824
2026-06-13 20:08:50.001741: train_loss -0.5363
2026-06-13 20:08:50.003818: val_loss -0.53
2026-06-13 20:08:50.005289: Pseudo dice [0.5694]
2026-06-13 20:08:50.006730: Epoch time: 22.35 s
2026-06-13 20:08:50.008049: Yayy! New best EMA pseudo Dice: 0.5267
2026-06-13 20:08:51.419472: 
2026-06-13 20:08:51.421187: Epoch 195
2026-06-13 20:08:51.422674: Current learning rate: 0.00823
2026-06-13 20:09:13.696992: train_loss -0.5885
2026-06-13 20:09:13.698991: val_loss -0.5784
2026-06-13 20:09:13.700604: Pseudo dice [0.5859]
2026-06-13 20:09:13.702055: Epoch time: 22.28 s
2026-06-13 20:09:13.703563: Yayy! New best EMA pseudo Dice: 0.5326
2026-06-13 20:09:15.119328: 
2026-06-13 20:09:15.120982: Epoch 196
2026-06-13 20:09:15.122429: Current learning rate: 0.00822
2026-06-13 20:09:37.373214: train_loss -0.5128
2026-06-13 20:09:37.375398: val_loss -0.5549
2026-06-13 20:09:37.376848: Pseudo dice [0.4887]
2026-06-13 20:09:37.378407: Epoch time: 22.25 s
2026-06-13 20:09:38.317137: 
2026-06-13 20:09:38.319007: Epoch 197
2026-06-13 20:09:38.320454: Current learning rate: 0.00821
2026-06-13 20:10:00.499481: train_loss -0.5516
2026-06-13 20:10:00.501510: val_loss -0.5753
2026-06-13 20:10:00.502986: Pseudo dice [0.6136]
2026-06-13 20:10:00.504344: Epoch time: 22.18 s
2026-06-13 20:10:00.505834: Yayy! New best EMA pseudo Dice: 0.5368
2026-06-13 20:10:01.908636: 
2026-06-13 20:10:01.910204: Epoch 198
2026-06-13 20:10:01.911741: Current learning rate: 0.0082
2026-06-13 20:10:24.167768: train_loss -0.5594
2026-06-13 20:10:24.169780: val_loss -0.4899
2026-06-13 20:10:24.171253: Pseudo dice [0.5795]
2026-06-13 20:10:24.172799: Epoch time: 22.26 s
2026-06-13 20:10:24.174261: Yayy! New best EMA pseudo Dice: 0.541
2026-06-13 20:10:25.592216: 
2026-06-13 20:10:25.594028: Epoch 199
2026-06-13 20:10:25.595535: Current learning rate: 0.00819
2026-06-13 20:10:47.728765: train_loss -0.5165
2026-06-13 20:10:47.732545: val_loss -0.5162
2026-06-13 20:10:47.735076: Pseudo dice [0.5465]
2026-06-13 20:10:47.737462: Epoch time: 22.14 s
2026-06-13 20:10:48.216875: Yayy! New best EMA pseudo Dice: 0.5416
2026-06-13 20:10:49.627687: 
2026-06-13 20:10:49.629186: Epoch 200
2026-06-13 20:10:49.630663: Current learning rate: 0.00818
2026-06-13 20:11:11.767826: train_loss -0.5814
2026-06-13 20:11:11.772124: val_loss -0.507
2026-06-13 20:11:11.773811: Pseudo dice [0.5112]
2026-06-13 20:11:11.775685: Epoch time: 22.14 s
2026-06-13 20:11:13.319185: 
2026-06-13 20:11:13.320958: Epoch 201
2026-06-13 20:11:13.322358: Current learning rate: 0.00817
2026-06-13 20:11:35.559801: train_loss -0.5495
2026-06-13 20:11:35.561841: val_loss -0.4681
2026-06-13 20:11:35.563467: Pseudo dice [0.5104]
2026-06-13 20:11:35.564956: Epoch time: 22.24 s
2026-06-13 20:11:36.489196: 
2026-06-13 20:11:36.490869: Epoch 202
2026-06-13 20:11:36.492328: Current learning rate: 0.00816
2026-06-13 20:11:58.732366: train_loss -0.5033
2026-06-13 20:11:58.734633: val_loss -0.454
2026-06-13 20:11:58.736179: Pseudo dice [0.4124]
2026-06-13 20:11:58.737647: Epoch time: 22.24 s
2026-06-13 20:11:59.668932: 
2026-06-13 20:11:59.670789: Epoch 203
2026-06-13 20:11:59.672340: Current learning rate: 0.00815
2026-06-13 20:12:21.940642: train_loss -0.5597
2026-06-13 20:12:21.942660: val_loss -0.4952
2026-06-13 20:12:21.944192: Pseudo dice [0.4983]
2026-06-13 20:12:21.945762: Epoch time: 22.27 s
2026-06-13 20:12:22.872781: 
2026-06-13 20:12:22.874509: Epoch 204
2026-06-13 20:12:22.876027: Current learning rate: 0.00814
2026-06-13 20:12:45.187220: train_loss -0.575
2026-06-13 20:12:45.189371: val_loss -0.5365
2026-06-13 20:12:45.191255: Pseudo dice [0.497]
2026-06-13 20:12:45.192835: Epoch time: 22.32 s
2026-06-13 20:12:46.131007: 
2026-06-13 20:12:46.132746: Epoch 205
2026-06-13 20:12:46.134323: Current learning rate: 0.00813
2026-06-13 20:13:08.535236: train_loss -0.5683
2026-06-13 20:13:08.537385: val_loss -0.5149
2026-06-13 20:13:08.538806: Pseudo dice [0.4659]
2026-06-13 20:13:08.540309: Epoch time: 22.41 s
2026-06-13 20:13:09.439454: 
2026-06-13 20:13:09.441651: Epoch 206
2026-06-13 20:13:09.443522: Current learning rate: 0.00813
2026-06-13 20:13:31.920890: train_loss -0.5151
2026-06-13 20:13:31.923148: val_loss -0.5306
2026-06-13 20:13:31.924726: Pseudo dice [0.5187]
2026-06-13 20:13:31.926350: Epoch time: 22.48 s
2026-06-13 20:13:32.819878: 
2026-06-13 20:13:32.821410: Epoch 207
2026-06-13 20:13:32.823008: Current learning rate: 0.00812
2026-06-13 20:13:55.213214: train_loss -0.5708
2026-06-13 20:13:55.215198: val_loss -0.574
2026-06-13 20:13:55.216757: Pseudo dice [0.5992]
2026-06-13 20:13:55.218204: Epoch time: 22.39 s
2026-06-13 20:13:56.121536: 
2026-06-13 20:13:56.123147: Epoch 208
2026-06-13 20:13:56.124783: Current learning rate: 0.00811
2026-06-13 20:14:18.567076: train_loss -0.5694
2026-06-13 20:14:18.569549: val_loss -0.5731
2026-06-13 20:14:18.570998: Pseudo dice [0.5565]
2026-06-13 20:14:18.572325: Epoch time: 22.45 s
2026-06-13 20:14:19.480369: 
2026-06-13 20:14:19.481895: Epoch 209
2026-06-13 20:14:19.483354: Current learning rate: 0.0081
2026-06-13 20:14:41.909104: train_loss -0.5796
2026-06-13 20:14:41.912376: val_loss -0.508
2026-06-13 20:14:41.913793: Pseudo dice [0.5232]
2026-06-13 20:14:41.915211: Epoch time: 22.43 s
2026-06-13 20:14:42.815475: 
2026-06-13 20:14:42.817020: Epoch 210
2026-06-13 20:14:42.818484: Current learning rate: 0.00809
2026-06-13 20:15:05.108149: train_loss -0.5778
2026-06-13 20:15:05.111224: val_loss -0.5091
2026-06-13 20:15:05.112690: Pseudo dice [0.5182]
2026-06-13 20:15:05.114228: Epoch time: 22.29 s
2026-06-13 20:15:06.024322: 
2026-06-13 20:15:06.025960: Epoch 211
2026-06-13 20:15:06.027323: Current learning rate: 0.00808
2026-06-13 20:15:28.293169: train_loss -0.5892
2026-06-13 20:15:28.299951: val_loss -0.5553
2026-06-13 20:15:28.301447: Pseudo dice [0.5903]
2026-06-13 20:15:28.303010: Epoch time: 22.27 s
2026-06-13 20:15:29.209017: 
2026-06-13 20:15:29.210676: Epoch 212
2026-06-13 20:15:29.212223: Current learning rate: 0.00807
2026-06-13 20:15:51.439362: train_loss -0.5268
2026-06-13 20:15:51.442664: val_loss -0.4789
2026-06-13 20:15:51.444229: Pseudo dice [0.5266]
2026-06-13 20:15:51.445853: Epoch time: 22.23 s
2026-06-13 20:15:52.354211: 
2026-06-13 20:15:52.355852: Epoch 213
2026-06-13 20:15:52.357252: Current learning rate: 0.00806
2026-06-13 20:16:14.603958: train_loss -0.4984
2026-06-13 20:16:14.607352: val_loss -0.5123
2026-06-13 20:16:14.608975: Pseudo dice [0.5142]
2026-06-13 20:16:14.610449: Epoch time: 22.25 s
2026-06-13 20:16:15.515286: 
2026-06-13 20:16:15.516828: Epoch 214
2026-06-13 20:16:15.518394: Current learning rate: 0.00805
2026-06-13 20:16:37.775415: train_loss -0.5238
2026-06-13 20:16:37.779504: val_loss -0.5151
2026-06-13 20:16:37.781916: Pseudo dice [0.5121]
2026-06-13 20:16:37.784733: Epoch time: 22.26 s
2026-06-13 20:16:38.686512: 
2026-06-13 20:16:38.688120: Epoch 215
2026-06-13 20:16:38.689769: Current learning rate: 0.00804
2026-06-13 20:17:00.821256: train_loss -0.5779
2026-06-13 20:17:00.824190: val_loss -0.5263
2026-06-13 20:17:00.825774: Pseudo dice [0.5578]
2026-06-13 20:17:00.827804: Epoch time: 22.14 s
2026-06-13 20:17:01.731561: 
2026-06-13 20:17:01.733126: Epoch 216
2026-06-13 20:17:01.734698: Current learning rate: 0.00803
2026-06-13 20:17:23.891251: train_loss -0.5499
2026-06-13 20:17:23.894611: val_loss -0.5266
2026-06-13 20:17:23.896185: Pseudo dice [0.5556]
2026-06-13 20:17:23.897690: Epoch time: 22.16 s
2026-06-13 20:17:24.807678: 
2026-06-13 20:17:24.809684: Epoch 217
2026-06-13 20:17:24.811136: Current learning rate: 0.00802
2026-06-13 20:17:46.953095: train_loss -0.555
2026-06-13 20:17:46.956258: val_loss -0.4444
2026-06-13 20:17:46.957827: Pseudo dice [0.5668]
2026-06-13 20:17:46.959429: Epoch time: 22.15 s
2026-06-13 20:17:48.425372: 
2026-06-13 20:17:48.426858: Epoch 218
2026-06-13 20:17:48.428241: Current learning rate: 0.00801
2026-06-13 20:18:10.754768: train_loss -0.5407
2026-06-13 20:18:10.757933: val_loss -0.5691
2026-06-13 20:18:10.759408: Pseudo dice [0.5668]
2026-06-13 20:18:10.760782: Epoch time: 22.33 s
2026-06-13 20:18:11.673539: 
2026-06-13 20:18:11.675126: Epoch 219
2026-06-13 20:18:11.676610: Current learning rate: 0.00801
2026-06-13 20:18:34.049264: train_loss -0.5393
2026-06-13 20:18:34.053329: val_loss -0.4581
2026-06-13 20:18:34.054750: Pseudo dice [0.4825]
2026-06-13 20:18:34.056167: Epoch time: 22.38 s
2026-06-13 20:18:34.970738: 
2026-06-13 20:18:34.972410: Epoch 220
2026-06-13 20:18:34.973895: Current learning rate: 0.008
2026-06-13 20:18:57.327269: train_loss -0.541
2026-06-13 20:18:57.331165: val_loss -0.4567
2026-06-13 20:18:57.332721: Pseudo dice [0.4991]
2026-06-13 20:18:57.334307: Epoch time: 22.36 s
2026-06-13 20:18:58.242852: 
2026-06-13 20:18:58.244373: Epoch 221
2026-06-13 20:18:58.245786: Current learning rate: 0.00799
2026-06-13 20:19:20.671458: train_loss -0.5506
2026-06-13 20:19:20.674572: val_loss -0.5624
2026-06-13 20:19:20.676136: Pseudo dice [0.5442]
2026-06-13 20:19:20.677525: Epoch time: 22.43 s
2026-06-13 20:19:21.582916: 
2026-06-13 20:19:21.585422: Epoch 222
2026-06-13 20:19:21.586840: Current learning rate: 0.00798
2026-06-13 20:19:43.943335: train_loss -0.5555
2026-06-13 20:19:43.946581: val_loss -0.5516
2026-06-13 20:19:43.948220: Pseudo dice [0.5509]
2026-06-13 20:19:43.949929: Epoch time: 22.36 s
2026-06-13 20:19:44.883660: 
2026-06-13 20:19:44.885261: Epoch 223
2026-06-13 20:19:44.886701: Current learning rate: 0.00797
2026-06-13 20:20:07.278928: train_loss -0.5983
2026-06-13 20:20:07.281823: val_loss -0.5505
2026-06-13 20:20:07.283384: Pseudo dice [0.503]
2026-06-13 20:20:07.284860: Epoch time: 22.4 s
2026-06-13 20:20:08.202178: 
2026-06-13 20:20:08.204693: Epoch 224
2026-06-13 20:20:08.206581: Current learning rate: 0.00796
2026-06-13 20:20:30.610074: train_loss -0.5595
2026-06-13 20:20:30.613416: val_loss -0.5196
2026-06-13 20:20:30.614944: Pseudo dice [0.508]
2026-06-13 20:20:30.616474: Epoch time: 22.41 s
2026-06-13 20:20:31.520167: 
2026-06-13 20:20:31.521762: Epoch 225
2026-06-13 20:20:31.523276: Current learning rate: 0.00795
2026-06-13 20:20:53.918212: train_loss -0.5721
2026-06-13 20:20:53.921487: val_loss -0.574
2026-06-13 20:20:53.922961: Pseudo dice [0.6245]
2026-06-13 20:20:53.924436: Epoch time: 22.4 s
2026-06-13 20:20:54.824229: 
2026-06-13 20:20:54.826413: Epoch 226
2026-06-13 20:20:54.827891: Current learning rate: 0.00794
2026-06-13 20:21:17.089463: train_loss -0.5882
2026-06-13 20:21:17.092100: val_loss -0.5039
2026-06-13 20:21:17.093637: Pseudo dice [0.5152]
2026-06-13 20:21:17.095066: Epoch time: 22.27 s
2026-06-13 20:21:17.995462: 
2026-06-13 20:21:17.997005: Epoch 227
2026-06-13 20:21:17.998355: Current learning rate: 0.00793
2026-06-13 20:21:40.307819: train_loss -0.6007
2026-06-13 20:21:40.310616: val_loss -0.5484
2026-06-13 20:21:40.312369: Pseudo dice [0.5346]
2026-06-13 20:21:40.313835: Epoch time: 22.31 s
2026-06-13 20:21:41.215088: 
2026-06-13 20:21:41.216637: Epoch 228
2026-06-13 20:21:41.218136: Current learning rate: 0.00792
2026-06-13 20:22:03.499217: train_loss -0.5457
2026-06-13 20:22:03.502450: val_loss -0.4866
2026-06-13 20:22:03.503927: Pseudo dice [0.4592]
2026-06-13 20:22:03.505302: Epoch time: 22.29 s
2026-06-13 20:22:04.400017: 
2026-06-13 20:22:04.401582: Epoch 229
2026-06-13 20:22:04.403103: Current learning rate: 0.00791
2026-06-13 20:22:26.623549: train_loss -0.5765
2026-06-13 20:22:26.626310: val_loss -0.551
2026-06-13 20:22:26.627850: Pseudo dice [0.5643]
2026-06-13 20:22:26.629331: Epoch time: 22.22 s
2026-06-13 20:22:27.525505: 
2026-06-13 20:22:27.527130: Epoch 230
2026-06-13 20:22:27.528665: Current learning rate: 0.0079
2026-06-13 20:22:49.699325: train_loss -0.6064
2026-06-13 20:22:49.702227: val_loss -0.5265
2026-06-13 20:22:49.703651: Pseudo dice [0.5549]
2026-06-13 20:22:49.704972: Epoch time: 22.17 s
2026-06-13 20:22:50.594841: 
2026-06-13 20:22:50.596393: Epoch 231
2026-06-13 20:22:50.597891: Current learning rate: 0.00789
2026-06-13 20:23:12.818400: train_loss -0.531
2026-06-13 20:23:12.821335: val_loss -0.4851
2026-06-13 20:23:12.822832: Pseudo dice [0.5129]
2026-06-13 20:23:12.824322: Epoch time: 22.22 s
2026-06-13 20:23:13.717140: 
2026-06-13 20:23:13.718777: Epoch 232
2026-06-13 20:23:13.720339: Current learning rate: 0.00789
2026-06-13 20:23:35.910757: train_loss -0.5737
2026-06-13 20:23:35.913654: val_loss -0.5349
2026-06-13 20:23:35.915388: Pseudo dice [0.5144]
2026-06-13 20:23:35.916846: Epoch time: 22.19 s
2026-06-13 20:23:36.804873: 
2026-06-13 20:23:36.806401: Epoch 233
2026-06-13 20:23:36.807945: Current learning rate: 0.00788
2026-06-13 20:23:58.889781: train_loss -0.6052
2026-06-13 20:23:58.893042: val_loss -0.5523
2026-06-13 20:23:58.894585: Pseudo dice [0.5747]
2026-06-13 20:23:58.896090: Epoch time: 22.09 s
2026-06-13 20:23:59.793842: 
2026-06-13 20:23:59.796341: Epoch 234
2026-06-13 20:23:59.800960: Current learning rate: 0.00787
2026-06-13 20:24:21.969285: train_loss -0.4736
2026-06-13 20:24:21.974844: val_loss -0.5337
2026-06-13 20:24:21.976596: Pseudo dice [0.5416]
2026-06-13 20:24:21.978035: Epoch time: 22.18 s
2026-06-13 20:24:22.883764: 
2026-06-13 20:24:22.885346: Epoch 235
2026-06-13 20:24:22.887098: Current learning rate: 0.00786
2026-06-13 20:24:44.999034: train_loss -0.5868
2026-06-13 20:24:45.001492: val_loss -0.5638
2026-06-13 20:24:45.003012: Pseudo dice [0.5333]
2026-06-13 20:24:45.004543: Epoch time: 22.12 s
2026-06-13 20:24:46.479594: 
2026-06-13 20:24:46.481533: Epoch 236
2026-06-13 20:24:46.483232: Current learning rate: 0.00785
2026-06-13 20:25:08.726768: train_loss -0.5717
2026-06-13 20:25:08.729120: val_loss -0.5041
2026-06-13 20:25:08.730732: Pseudo dice [0.5169]
2026-06-13 20:25:08.732276: Epoch time: 22.25 s
2026-06-13 20:25:09.634932: 
2026-06-13 20:25:09.636672: Epoch 237
2026-06-13 20:25:09.638553: Current learning rate: 0.00784
2026-06-13 20:25:32.046402: train_loss -0.6072
2026-06-13 20:25:32.048881: val_loss -0.5606
2026-06-13 20:25:32.050730: Pseudo dice [0.5783]
2026-06-13 20:25:32.052423: Epoch time: 22.41 s
2026-06-13 20:25:32.953304: 
2026-06-13 20:25:32.955007: Epoch 238
2026-06-13 20:25:32.956598: Current learning rate: 0.00783
2026-06-13 20:25:55.273436: train_loss -0.5596
2026-06-13 20:25:55.275748: val_loss -0.4982
2026-06-13 20:25:55.277474: Pseudo dice [0.4816]
2026-06-13 20:25:55.279019: Epoch time: 22.32 s
2026-06-13 20:25:56.175564: 
2026-06-13 20:25:56.177209: Epoch 239
2026-06-13 20:25:56.178706: Current learning rate: 0.00782
2026-06-13 20:26:18.417798: train_loss -0.5904
2026-06-13 20:26:18.419767: val_loss -0.5438
2026-06-13 20:26:18.421264: Pseudo dice [0.542]
2026-06-13 20:26:18.422821: Epoch time: 22.24 s
2026-06-13 20:26:19.323096: 
2026-06-13 20:26:19.326788: Epoch 240
2026-06-13 20:26:19.328516: Current learning rate: 0.00781
2026-06-13 20:26:41.715321: train_loss -0.5513
2026-06-13 20:26:41.718789: val_loss -0.5536
2026-06-13 20:26:41.721598: Pseudo dice [0.5527]
2026-06-13 20:26:41.724109: Epoch time: 22.39 s
2026-06-13 20:26:42.634029: 
2026-06-13 20:26:42.635581: Epoch 241
2026-06-13 20:26:42.637089: Current learning rate: 0.0078
2026-06-13 20:27:05.003615: train_loss -0.5727
2026-06-13 20:27:05.005985: val_loss -0.5436
2026-06-13 20:27:05.007498: Pseudo dice [0.5837]
2026-06-13 20:27:05.009030: Epoch time: 22.37 s
2026-06-13 20:27:05.916138: 
2026-06-13 20:27:05.918121: Epoch 242
2026-06-13 20:27:05.919847: Current learning rate: 0.00779
2026-06-13 20:27:28.267855: train_loss -0.5571
2026-06-13 20:27:28.269972: val_loss -0.4485
2026-06-13 20:27:28.271422: Pseudo dice [0.4853]
2026-06-13 20:27:28.272958: Epoch time: 22.35 s
2026-06-13 20:27:29.181871: 
2026-06-13 20:27:29.183463: Epoch 243
2026-06-13 20:27:29.184973: Current learning rate: 0.00778
2026-06-13 20:27:51.444909: train_loss -0.5355
2026-06-13 20:27:51.448720: val_loss -0.5205
2026-06-13 20:27:51.450334: Pseudo dice [0.4922]
2026-06-13 20:27:51.451902: Epoch time: 22.26 s
2026-06-13 20:27:52.355399: 
2026-06-13 20:27:52.358148: Epoch 244
2026-06-13 20:27:52.360416: Current learning rate: 0.00777
2026-06-13 20:28:14.587235: train_loss -0.5826
2026-06-13 20:28:14.594688: val_loss -0.5566
2026-06-13 20:28:14.596152: Pseudo dice [0.5659]
2026-06-13 20:28:14.597686: Epoch time: 22.23 s
2026-06-13 20:28:15.526133: 
2026-06-13 20:28:15.527731: Epoch 245
2026-06-13 20:28:15.529173: Current learning rate: 0.00777
2026-06-13 20:28:37.793328: train_loss -0.6253
2026-06-13 20:28:37.795328: val_loss -0.5827
2026-06-13 20:28:37.796882: Pseudo dice [0.5895]
2026-06-13 20:28:37.798617: Epoch time: 22.27 s
2026-06-13 20:28:38.703804: 
2026-06-13 20:28:38.705484: Epoch 246
2026-06-13 20:28:38.706828: Current learning rate: 0.00776
2026-06-13 20:29:01.000684: train_loss -0.585
2026-06-13 20:29:01.002844: val_loss -0.5236
2026-06-13 20:29:01.004446: Pseudo dice [0.5202]
2026-06-13 20:29:01.006000: Epoch time: 22.3 s
2026-06-13 20:29:01.909918: 
2026-06-13 20:29:01.911615: Epoch 247
2026-06-13 20:29:01.913193: Current learning rate: 0.00775
2026-06-13 20:29:24.225204: train_loss -0.56
2026-06-13 20:29:24.227547: val_loss -0.4666
2026-06-13 20:29:24.229122: Pseudo dice [0.5151]
2026-06-13 20:29:24.230641: Epoch time: 22.32 s
2026-06-13 20:29:25.140085: 
2026-06-13 20:29:25.141789: Epoch 248
2026-06-13 20:29:25.143470: Current learning rate: 0.00774
2026-06-13 20:29:47.432425: train_loss -0.5519
2026-06-13 20:29:47.434830: val_loss -0.4827
2026-06-13 20:29:47.436350: Pseudo dice [0.4772]
2026-06-13 20:29:47.437881: Epoch time: 22.29 s
2026-06-13 20:29:48.340278: 
2026-06-13 20:29:48.341856: Epoch 249
2026-06-13 20:29:48.343411: Current learning rate: 0.00773
2026-06-13 20:30:10.495793: train_loss -0.547
2026-06-13 20:30:10.498195: val_loss -0.5437
2026-06-13 20:30:10.499796: Pseudo dice [0.5561]
2026-06-13 20:30:10.501364: Epoch time: 22.16 s
2026-06-13 20:30:11.885504: 
2026-06-13 20:30:11.887249: Epoch 250
2026-06-13 20:30:11.888728: Current learning rate: 0.00772
2026-06-13 20:30:34.048488: train_loss -0.5725
2026-06-13 20:30:34.055866: val_loss -0.4945
2026-06-13 20:30:34.057431: Pseudo dice [0.5254]
2026-06-13 20:30:34.058948: Epoch time: 22.16 s
2026-06-13 20:30:34.961755: 
2026-06-13 20:30:34.963447: Epoch 251
2026-06-13 20:30:34.974116: Current learning rate: 0.00771
2026-06-13 20:30:57.151407: train_loss -0.5455
2026-06-13 20:30:57.153545: val_loss -0.45
2026-06-13 20:30:57.155193: Pseudo dice [0.5199]
2026-06-13 20:30:57.156767: Epoch time: 22.19 s
2026-06-13 20:30:58.061589: 
2026-06-13 20:30:58.063298: Epoch 252
2026-06-13 20:30:58.064816: Current learning rate: 0.0077
2026-06-13 20:31:20.155804: train_loss -0.5312
2026-06-13 20:31:20.186642: val_loss -0.5452
2026-06-13 20:31:20.188869: Pseudo dice [0.5753]
2026-06-13 20:31:20.190394: Epoch time: 22.1 s
2026-06-13 20:31:21.096395: 
2026-06-13 20:31:21.098338: Epoch 253
2026-06-13 20:31:21.099921: Current learning rate: 0.00769
2026-06-13 20:31:43.188955: train_loss -0.5699
2026-06-13 20:31:43.193065: val_loss -0.5189
2026-06-13 20:31:43.194699: Pseudo dice [0.5266]
2026-06-13 20:31:43.196224: Epoch time: 22.09 s
2026-06-13 20:31:44.664895: 
2026-06-13 20:31:44.666509: Epoch 254
2026-06-13 20:31:44.668071: Current learning rate: 0.00768
2026-06-13 20:32:06.898482: train_loss -0.522
2026-06-13 20:32:06.900632: val_loss -0.5241
2026-06-13 20:32:06.902421: Pseudo dice [0.5665]
2026-06-13 20:32:06.903930: Epoch time: 22.23 s
2026-06-13 20:32:07.816152: 
2026-06-13 20:32:07.818055: Epoch 255
2026-06-13 20:32:07.820060: Current learning rate: 0.00767
2026-06-13 20:32:30.201488: train_loss -0.5988
2026-06-13 20:32:30.203963: val_loss -0.5542
2026-06-13 20:32:30.205678: Pseudo dice [0.5571]
2026-06-13 20:32:30.207263: Epoch time: 22.39 s
2026-06-13 20:32:31.106486: 
2026-06-13 20:32:31.108351: Epoch 256
2026-06-13 20:32:31.110060: Current learning rate: 0.00766
2026-06-13 20:32:53.445383: train_loss -0.5822
2026-06-13 20:32:53.447632: val_loss -0.5301
2026-06-13 20:32:53.449086: Pseudo dice [0.5286]
2026-06-13 20:32:53.450634: Epoch time: 22.34 s
2026-06-13 20:32:54.358405: 
2026-06-13 20:32:54.359866: Epoch 257
2026-06-13 20:32:54.361212: Current learning rate: 0.00765
2026-06-13 20:33:16.710130: train_loss -0.5888
2026-06-13 20:33:16.712243: val_loss -0.5368
2026-06-13 20:33:16.713763: Pseudo dice [0.527]
2026-06-13 20:33:16.715436: Epoch time: 22.35 s
2026-06-13 20:33:17.604937: 
2026-06-13 20:33:17.606576: Epoch 258
2026-06-13 20:33:17.608137: Current learning rate: 0.00764
2026-06-13 20:33:39.793214: train_loss -0.6218
2026-06-13 20:33:39.796676: val_loss -0.5199
2026-06-13 20:33:39.798200: Pseudo dice [0.5222]
2026-06-13 20:33:39.799892: Epoch time: 22.19 s
2026-06-13 20:33:40.701164: 
2026-06-13 20:33:40.702791: Epoch 259
2026-06-13 20:33:40.704378: Current learning rate: 0.00764
2026-06-13 20:34:03.073922: train_loss -0.5906
2026-06-13 20:34:03.076745: val_loss -0.541
2026-06-13 20:34:03.078254: Pseudo dice [0.5228]
2026-06-13 20:34:03.079792: Epoch time: 22.37 s
2026-06-13 20:34:03.983289: 
2026-06-13 20:34:03.985018: Epoch 260
2026-06-13 20:34:03.986883: Current learning rate: 0.00763
2026-06-13 20:34:26.286193: train_loss -0.6033
2026-06-13 20:34:26.289756: val_loss -0.4619
2026-06-13 20:34:26.291250: Pseudo dice [0.5137]
2026-06-13 20:34:26.292928: Epoch time: 22.3 s
2026-06-13 20:34:27.201973: 
2026-06-13 20:34:27.203977: Epoch 261
2026-06-13 20:34:27.205425: Current learning rate: 0.00762
2026-06-13 20:34:49.560905: train_loss -0.5944
2026-06-13 20:34:49.564208: val_loss -0.5288
2026-06-13 20:34:49.565840: Pseudo dice [0.5423]
2026-06-13 20:34:49.567550: Epoch time: 22.36 s
2026-06-13 20:34:50.488872: 
2026-06-13 20:34:50.490606: Epoch 262
2026-06-13 20:34:50.492081: Current learning rate: 0.00761
2026-06-13 20:35:12.864289: train_loss -0.5279
2026-06-13 20:35:12.866999: val_loss -0.4913
2026-06-13 20:35:12.868520: Pseudo dice [0.486]
2026-06-13 20:35:12.870000: Epoch time: 22.38 s
2026-06-13 20:35:13.782179: 
2026-06-13 20:35:13.784255: Epoch 263
2026-06-13 20:35:13.785668: Current learning rate: 0.0076
2026-06-13 20:35:36.048119: train_loss -0.6221
2026-06-13 20:35:36.051336: val_loss -0.5185
2026-06-13 20:35:36.052887: Pseudo dice [0.4885]
2026-06-13 20:35:36.054255: Epoch time: 22.27 s
2026-06-13 20:35:36.957722: 
2026-06-13 20:35:36.959323: Epoch 264
2026-06-13 20:35:36.960858: Current learning rate: 0.00759
2026-06-13 20:35:59.267937: train_loss -0.5009
2026-06-13 20:35:59.270996: val_loss -0.5432
2026-06-13 20:35:59.272768: Pseudo dice [0.5611]
2026-06-13 20:35:59.274239: Epoch time: 22.31 s
2026-06-13 20:36:00.182245: 
2026-06-13 20:36:00.183762: Epoch 265
2026-06-13 20:36:00.185400: Current learning rate: 0.00758
2026-06-13 20:36:22.464429: train_loss -0.6094
2026-06-13 20:36:22.468587: val_loss -0.5632
2026-06-13 20:36:22.470127: Pseudo dice [0.5962]
2026-06-13 20:36:22.471572: Epoch time: 22.28 s
2026-06-13 20:36:23.383603: 
2026-06-13 20:36:23.385271: Epoch 266
2026-06-13 20:36:23.386760: Current learning rate: 0.00757
2026-06-13 20:36:45.700126: train_loss -0.5872
2026-06-13 20:36:45.702882: val_loss -0.578
2026-06-13 20:36:45.704283: Pseudo dice [0.5764]
2026-06-13 20:36:45.705671: Epoch time: 22.32 s
2026-06-13 20:36:46.610619: 
2026-06-13 20:36:46.612304: Epoch 267
2026-06-13 20:36:46.613868: Current learning rate: 0.00756
2026-06-13 20:37:08.810294: train_loss -0.5303
2026-06-13 20:37:08.813598: val_loss -0.4096
2026-06-13 20:37:08.815190: Pseudo dice [0.4248]
2026-06-13 20:37:08.816780: Epoch time: 22.2 s
2026-06-13 20:37:09.733648: 
2026-06-13 20:37:09.735223: Epoch 268
2026-06-13 20:37:09.736750: Current learning rate: 0.00755
2026-06-13 20:37:31.979326: train_loss -0.5915
2026-06-13 20:37:31.982367: val_loss -0.587
2026-06-13 20:37:31.986499: Pseudo dice [0.5889]
2026-06-13 20:37:31.988133: Epoch time: 22.25 s
2026-06-13 20:37:32.900476: 
2026-06-13 20:37:32.902271: Epoch 269
2026-06-13 20:37:32.904556: Current learning rate: 0.00754
2026-06-13 20:37:55.016189: train_loss -0.5307
2026-06-13 20:37:55.019198: val_loss -0.5218
2026-06-13 20:37:55.020698: Pseudo dice [0.5318]
2026-06-13 20:37:55.022160: Epoch time: 22.12 s
2026-06-13 20:37:55.940786: 
2026-06-13 20:37:55.942209: Epoch 270
2026-06-13 20:37:55.944019: Current learning rate: 0.00753
2026-06-13 20:38:18.114378: train_loss -0.5719
2026-06-13 20:38:18.117566: val_loss -0.5157
2026-06-13 20:38:18.119203: Pseudo dice [0.4834]
2026-06-13 20:38:18.120788: Epoch time: 22.17 s
2026-06-13 20:38:19.036510: 
2026-06-13 20:38:19.038155: Epoch 271
2026-06-13 20:38:19.040055: Current learning rate: 0.00752
2026-06-13 20:38:41.074059: train_loss -0.5427
2026-06-13 20:38:41.077125: val_loss -0.5154
2026-06-13 20:38:41.078541: Pseudo dice [0.5205]
2026-06-13 20:38:41.079944: Epoch time: 22.04 s
2026-06-13 20:38:42.549489: 
2026-06-13 20:38:42.550997: Epoch 272
2026-06-13 20:38:42.552463: Current learning rate: 0.00751
2026-06-13 20:39:04.867172: train_loss -0.5803
2026-06-13 20:39:04.870141: val_loss -0.5798
2026-06-13 20:39:04.871988: Pseudo dice [0.5881]
2026-06-13 20:39:04.875788: Epoch time: 22.32 s
2026-06-13 20:39:05.786385: 
2026-06-13 20:39:05.788391: Epoch 273
2026-06-13 20:39:05.790878: Current learning rate: 0.00751
2026-06-13 20:39:28.119828: train_loss -0.6117
2026-06-13 20:39:28.123498: val_loss -0.4612
2026-06-13 20:39:28.125062: Pseudo dice [0.5201]
2026-06-13 20:39:28.128818: Epoch time: 22.33 s
2026-06-13 20:39:29.033025: 
2026-06-13 20:39:29.034966: Epoch 274
2026-06-13 20:39:29.037261: Current learning rate: 0.0075
2026-06-13 20:39:51.312218: train_loss -0.6254
2026-06-13 20:39:51.315229: val_loss -0.6059
2026-06-13 20:39:51.316724: Pseudo dice [0.6047]
2026-06-13 20:39:51.318274: Epoch time: 22.28 s
2026-06-13 20:39:52.235022: 
2026-06-13 20:39:52.236573: Epoch 275
2026-06-13 20:39:52.238407: Current learning rate: 0.00749
2026-06-13 20:40:14.543972: train_loss -0.5583
2026-06-13 20:40:14.549523: val_loss -0.538
2026-06-13 20:40:14.551038: Pseudo dice [0.5224]
2026-06-13 20:40:14.552496: Epoch time: 22.31 s
2026-06-13 20:40:15.474009: 
2026-06-13 20:40:15.475495: Epoch 276
2026-06-13 20:40:15.477186: Current learning rate: 0.00748
2026-06-13 20:40:37.817150: train_loss -0.5394
2026-06-13 20:40:37.821402: val_loss -0.4957
2026-06-13 20:40:37.823317: Pseudo dice [0.4844]
2026-06-13 20:40:37.825728: Epoch time: 22.34 s
2026-06-13 20:40:38.730834: 
2026-06-13 20:40:38.732501: Epoch 277
2026-06-13 20:40:38.734606: Current learning rate: 0.00747
2026-06-13 20:41:01.046150: train_loss -0.5901
2026-06-13 20:41:01.049727: val_loss -0.5187
2026-06-13 20:41:01.051329: Pseudo dice [0.4855]
2026-06-13 20:41:01.052890: Epoch time: 22.32 s
2026-06-13 20:41:01.986613: 
2026-06-13 20:41:01.988304: Epoch 278
2026-06-13 20:41:01.990098: Current learning rate: 0.00746
2026-06-13 20:41:24.371500: train_loss -0.4968
2026-06-13 20:41:24.375163: val_loss -0.5578
2026-06-13 20:41:24.376760: Pseudo dice [0.5405]
2026-06-13 20:41:24.378194: Epoch time: 22.39 s
2026-06-13 20:41:25.296657: 
2026-06-13 20:41:25.298167: Epoch 279
2026-06-13 20:41:25.300015: Current learning rate: 0.00745
2026-06-13 20:41:47.581061: train_loss -0.547
2026-06-13 20:41:47.589795: val_loss -0.5525
2026-06-13 20:41:47.594751: Pseudo dice [0.5324]
2026-06-13 20:41:47.596364: Epoch time: 22.29 s
2026-06-13 20:41:48.518221: 
2026-06-13 20:41:48.520806: Epoch 280
2026-06-13 20:41:48.522361: Current learning rate: 0.00744
2026-06-13 20:42:10.814214: train_loss -0.5974
2026-06-13 20:42:10.818198: val_loss -0.4885
2026-06-13 20:42:10.821475: Pseudo dice [0.4801]
2026-06-13 20:42:10.823089: Epoch time: 22.3 s
2026-06-13 20:42:11.734041: 
2026-06-13 20:42:11.738218: Epoch 281
2026-06-13 20:42:11.748402: Current learning rate: 0.00743
2026-06-13 20:42:34.088706: train_loss -0.5772
2026-06-13 20:42:34.092536: val_loss -0.5043
2026-06-13 20:42:34.094104: Pseudo dice [0.4848]
2026-06-13 20:42:34.095520: Epoch time: 22.36 s
2026-06-13 20:42:35.015477: 
2026-06-13 20:42:35.017363: Epoch 282
2026-06-13 20:42:35.019494: Current learning rate: 0.00742
2026-06-13 20:42:57.276496: train_loss -0.5646
2026-06-13 20:42:57.279811: val_loss -0.4311
2026-06-13 20:42:57.281434: Pseudo dice [0.3118]
2026-06-13 20:42:57.283087: Epoch time: 22.26 s
2026-06-13 20:42:58.203755: 
2026-06-13 20:42:58.205731: Epoch 283
2026-06-13 20:42:58.207899: Current learning rate: 0.00741
2026-06-13 20:43:20.519901: train_loss -0.5755
2026-06-13 20:43:20.523216: val_loss -0.5378
2026-06-13 20:43:20.524593: Pseudo dice [0.5714]
2026-06-13 20:43:20.526152: Epoch time: 22.32 s
2026-06-13 20:43:21.444149: 
2026-06-13 20:43:21.445746: Epoch 284
2026-06-13 20:43:21.447447: Current learning rate: 0.0074
2026-06-13 20:43:43.669801: train_loss -0.5858
2026-06-13 20:43:43.672339: val_loss -0.5499
2026-06-13 20:43:43.673868: Pseudo dice [0.5356]
2026-06-13 20:43:43.675437: Epoch time: 22.23 s
2026-06-13 20:43:44.599603: 
2026-06-13 20:43:44.601238: Epoch 285
2026-06-13 20:43:44.603092: Current learning rate: 0.00739
2026-06-13 20:44:06.812688: train_loss -0.6224
2026-06-13 20:44:06.814875: val_loss -0.5086
2026-06-13 20:44:06.816544: Pseudo dice [0.4768]
2026-06-13 20:44:06.818014: Epoch time: 22.21 s
2026-06-13 20:44:07.734307: 
2026-06-13 20:44:07.735868: Epoch 286
2026-06-13 20:44:07.737383: Current learning rate: 0.00738
2026-06-13 20:44:29.848650: train_loss -0.57
2026-06-13 20:44:29.850835: val_loss -0.4997
2026-06-13 20:44:29.852384: Pseudo dice [0.5378]
2026-06-13 20:44:29.853789: Epoch time: 22.12 s
2026-06-13 20:44:30.775717: 
2026-06-13 20:44:30.777277: Epoch 287
2026-06-13 20:44:30.778613: Current learning rate: 0.00738
2026-06-13 20:44:52.947482: train_loss -0.6278
2026-06-13 20:44:52.949483: val_loss -0.548
2026-06-13 20:44:52.951165: Pseudo dice [0.5306]
2026-06-13 20:44:52.952682: Epoch time: 22.17 s
2026-06-13 20:44:53.871940: 
2026-06-13 20:44:53.873477: Epoch 288
2026-06-13 20:44:53.874852: Current learning rate: 0.00737
2026-06-13 20:45:16.022593: train_loss -0.6268
2026-06-13 20:45:16.024736: val_loss -0.5394
2026-06-13 20:45:16.026199: Pseudo dice [0.5647]
2026-06-13 20:45:16.027685: Epoch time: 22.15 s
2026-06-13 20:45:16.943861: 
2026-06-13 20:45:16.945344: Epoch 289
2026-06-13 20:45:16.946777: Current learning rate: 0.00736
2026-06-13 20:45:39.069987: train_loss -0.5641
2026-06-13 20:45:39.072262: val_loss -0.5096
2026-06-13 20:45:39.073652: Pseudo dice [0.453]
2026-06-13 20:45:39.075189: Epoch time: 22.13 s
2026-06-13 20:45:40.552685: 
2026-06-13 20:45:40.554286: Epoch 290
2026-06-13 20:45:40.555866: Current learning rate: 0.00735
2026-06-13 20:46:02.910878: train_loss -0.6119
2026-06-13 20:46:02.913305: val_loss -0.5249
2026-06-13 20:46:02.915104: Pseudo dice [0.5201]
2026-06-13 20:46:02.916716: Epoch time: 22.36 s
2026-06-13 20:46:03.839422: 
2026-06-13 20:46:03.841078: Epoch 291
2026-06-13 20:46:03.842550: Current learning rate: 0.00734
2026-06-13 20:46:26.272400: train_loss -0.6096
2026-06-13 20:46:26.274470: val_loss -0.5332
2026-06-13 20:46:26.275944: Pseudo dice [0.5523]
2026-06-13 20:46:26.277561: Epoch time: 22.43 s
2026-06-13 20:46:27.203892: 
2026-06-13 20:46:27.206038: Epoch 292
2026-06-13 20:46:27.207789: Current learning rate: 0.00733
2026-06-13 20:46:49.489137: train_loss -0.5044
2026-06-13 20:46:49.491586: val_loss -0.5024
2026-06-13 20:46:49.493113: Pseudo dice [0.5518]
2026-06-13 20:46:49.494625: Epoch time: 22.29 s
2026-06-13 20:46:50.415554: 
2026-06-13 20:46:50.417232: Epoch 293
2026-06-13 20:46:50.418800: Current learning rate: 0.00732
2026-06-13 20:47:12.807872: train_loss -0.5647
2026-06-13 20:47:12.811182: val_loss -0.5164
2026-06-13 20:47:12.812779: Pseudo dice [0.4637]
2026-06-13 20:47:12.814258: Epoch time: 22.39 s
2026-06-13 20:47:13.727530: 
2026-06-13 20:47:13.729097: Epoch 294
2026-06-13 20:47:13.730611: Current learning rate: 0.00731
2026-06-13 20:47:35.930399: train_loss -0.6066
2026-06-13 20:47:35.932743: val_loss -0.5483
2026-06-13 20:47:35.934192: Pseudo dice [0.5639]
2026-06-13 20:47:35.935810: Epoch time: 22.2 s
2026-06-13 20:47:36.854046: 
2026-06-13 20:47:36.855714: Epoch 295
2026-06-13 20:47:36.857264: Current learning rate: 0.0073
2026-06-13 20:47:59.166296: train_loss -0.5476
2026-06-13 20:47:59.168535: val_loss -0.5213
2026-06-13 20:47:59.169939: Pseudo dice [0.5553]
2026-06-13 20:47:59.171513: Epoch time: 22.31 s
2026-06-13 20:48:00.102165: 
2026-06-13 20:48:00.111607: Epoch 296
2026-06-13 20:48:00.113832: Current learning rate: 0.00729
2026-06-13 20:48:22.425258: train_loss -0.6245
2026-06-13 20:48:22.427432: val_loss -0.5779
2026-06-13 20:48:22.429497: Pseudo dice [0.5834]
2026-06-13 20:48:22.431163: Epoch time: 22.32 s
2026-06-13 20:48:23.348045: 
2026-06-13 20:48:23.349607: Epoch 297
2026-06-13 20:48:23.351020: Current learning rate: 0.00728
2026-06-13 20:48:45.707696: train_loss -0.5806
2026-06-13 20:48:45.710010: val_loss -0.5596
2026-06-13 20:48:45.711593: Pseudo dice [0.61]
2026-06-13 20:48:45.713018: Epoch time: 22.36 s
2026-06-13 20:48:46.629802: 
2026-06-13 20:48:46.631358: Epoch 298
2026-06-13 20:48:46.632898: Current learning rate: 0.00727
2026-06-13 20:49:08.914767: train_loss -0.5265
2026-06-13 20:49:08.916976: val_loss -0.5274
2026-06-13 20:49:08.918501: Pseudo dice [0.5542]
2026-06-13 20:49:08.920044: Epoch time: 22.29 s
2026-06-13 20:49:09.846227: 
2026-06-13 20:49:09.847848: Epoch 299
2026-06-13 20:49:09.849195: Current learning rate: 0.00726
2026-06-13 20:49:32.120474: train_loss -0.5776
2026-06-13 20:49:32.122551: val_loss -0.5383
2026-06-13 20:49:32.124043: Pseudo dice [0.5359]
2026-06-13 20:49:32.125633: Epoch time: 22.28 s
2026-06-13 20:49:33.539349: 
2026-06-13 20:49:33.540894: Epoch 300
2026-06-13 20:49:33.542472: Current learning rate: 0.00725
2026-06-13 20:49:55.795198: train_loss -0.5841
2026-06-13 20:49:55.797228: val_loss -0.5544
2026-06-13 20:49:55.798707: Pseudo dice [0.5265]
2026-06-13 20:49:55.800099: Epoch time: 22.26 s
2026-06-13 20:49:56.717659: 
2026-06-13 20:49:56.720374: Epoch 301
2026-06-13 20:49:56.723412: Current learning rate: 0.00724
2026-06-13 20:50:18.973058: train_loss -0.5912
2026-06-13 20:50:18.979431: val_loss -0.463
2026-06-13 20:50:18.981132: Pseudo dice [0.4631]
2026-06-13 20:50:18.985526: Epoch time: 22.26 s
2026-06-13 20:50:19.909162: 
2026-06-13 20:50:19.910794: Epoch 302
2026-06-13 20:50:19.912277: Current learning rate: 0.00724
2026-06-13 20:50:42.123590: train_loss -0.628
2026-06-13 20:50:42.125598: val_loss -0.4871
2026-06-13 20:50:42.127123: Pseudo dice [0.5212]
2026-06-13 20:50:42.129049: Epoch time: 22.22 s
2026-06-13 20:50:43.056189: 
2026-06-13 20:50:43.057705: Epoch 303
2026-06-13 20:50:43.059166: Current learning rate: 0.00723
2026-06-13 20:51:05.211829: train_loss -0.601
2026-06-13 20:51:05.214141: val_loss -0.5311
2026-06-13 20:51:05.215709: Pseudo dice [0.5303]
2026-06-13 20:51:05.217207: Epoch time: 22.16 s
2026-06-13 20:51:06.133002: 
2026-06-13 20:51:06.134580: Epoch 304
2026-06-13 20:51:06.136172: Current learning rate: 0.00722
2026-06-13 20:51:28.372356: train_loss -0.5698
2026-06-13 20:51:28.374724: val_loss -0.5028
2026-06-13 20:51:28.376248: Pseudo dice [0.5202]
2026-06-13 20:51:28.377811: Epoch time: 22.24 s
2026-06-13 20:51:29.302269: 
2026-06-13 20:51:29.303929: Epoch 305
2026-06-13 20:51:29.305511: Current learning rate: 0.00721
2026-06-13 20:51:51.470190: train_loss -0.5879
2026-06-13 20:51:51.472341: val_loss -0.5293
2026-06-13 20:51:51.473755: Pseudo dice [0.5425]
2026-06-13 20:51:51.475425: Epoch time: 22.17 s
2026-06-13 20:51:52.389664: 
2026-06-13 20:51:52.391390: Epoch 306
2026-06-13 20:51:52.392838: Current learning rate: 0.0072
2026-06-13 20:52:14.618656: train_loss -0.5994
2026-06-13 20:52:14.621520: val_loss -0.5467
2026-06-13 20:52:14.623121: Pseudo dice [0.531]
2026-06-13 20:52:14.624649: Epoch time: 22.23 s
2026-06-13 20:52:16.103577: 
2026-06-13 20:52:16.105364: Epoch 307
2026-06-13 20:52:16.106863: Current learning rate: 0.00719
2026-06-13 20:52:38.398072: train_loss -0.5661
2026-06-13 20:52:38.400441: val_loss -0.542
2026-06-13 20:52:38.402129: Pseudo dice [0.532]
2026-06-13 20:52:38.403776: Epoch time: 22.3 s
2026-06-13 20:52:39.320436: 
2026-06-13 20:52:39.322226: Epoch 308
2026-06-13 20:52:39.323805: Current learning rate: 0.00718
2026-06-13 20:53:01.707280: train_loss -0.5595
2026-06-13 20:53:01.715425: val_loss -0.5069
2026-06-13 20:53:01.720385: Pseudo dice [0.5245]
2026-06-13 20:53:01.722119: Epoch time: 22.39 s
2026-06-13 20:53:02.640783: 
2026-06-13 20:53:02.642397: Epoch 309
2026-06-13 20:53:02.643955: Current learning rate: 0.00717
2026-06-13 20:53:25.023732: train_loss -0.609
2026-06-13 20:53:25.026703: val_loss -0.5342
2026-06-13 20:53:25.028268: Pseudo dice [0.4867]
2026-06-13 20:53:25.029790: Epoch time: 22.38 s
2026-06-13 20:53:25.942746: 
2026-06-13 20:53:25.944412: Epoch 310
2026-06-13 20:53:25.945878: Current learning rate: 0.00716
2026-06-13 20:53:48.374311: train_loss -0.6056
2026-06-13 20:53:48.377190: val_loss -0.5407
2026-06-13 20:53:48.378682: Pseudo dice [0.5506]
2026-06-13 20:53:48.380297: Epoch time: 22.43 s
2026-06-13 20:53:49.302378: 
2026-06-13 20:53:49.303994: Epoch 311
2026-06-13 20:53:49.305408: Current learning rate: 0.00715
2026-06-13 20:54:11.529959: train_loss -0.6077
2026-06-13 20:54:11.532767: val_loss -0.5446
2026-06-13 20:54:11.534247: Pseudo dice [0.5808]
2026-06-13 20:54:11.535803: Epoch time: 22.23 s
2026-06-13 20:54:12.457204: 
2026-06-13 20:54:12.459595: Epoch 312
2026-06-13 20:54:12.461086: Current learning rate: 0.00714
2026-06-13 20:54:34.797636: train_loss -0.5482
2026-06-13 20:54:34.800694: val_loss -0.3346
2026-06-13 20:54:34.802817: Pseudo dice [0.2779]
2026-06-13 20:54:34.804795: Epoch time: 22.34 s
2026-06-13 20:54:35.734958: 
2026-06-13 20:54:35.736876: Epoch 313
2026-06-13 20:54:35.738514: Current learning rate: 0.00713
2026-06-13 20:54:58.051573: train_loss -0.6
2026-06-13 20:54:58.054623: val_loss -0.4948
2026-06-13 20:54:58.056394: Pseudo dice [0.5042]
2026-06-13 20:54:58.058158: Epoch time: 22.32 s
2026-06-13 20:54:58.985143: 
2026-06-13 20:54:58.986911: Epoch 314
2026-06-13 20:54:58.988464: Current learning rate: 0.00712
2026-06-13 20:55:21.236109: train_loss -0.6058
2026-06-13 20:55:21.239211: val_loss -0.5521
2026-06-13 20:55:21.240913: Pseudo dice [0.5726]
2026-06-13 20:55:21.242495: Epoch time: 22.25 s
2026-06-13 20:55:22.163203: 
2026-06-13 20:55:22.164889: Epoch 315
2026-06-13 20:55:22.166635: Current learning rate: 0.00711
2026-06-13 20:55:44.551511: train_loss -0.6121
2026-06-13 20:55:44.554365: val_loss -0.5472
2026-06-13 20:55:44.555802: Pseudo dice [0.5679]
2026-06-13 20:55:44.560252: Epoch time: 22.39 s
2026-06-13 20:55:45.493466: 
2026-06-13 20:55:45.495028: Epoch 316
2026-06-13 20:55:45.496442: Current learning rate: 0.0071
2026-06-13 20:56:07.781723: train_loss -0.5555
2026-06-13 20:56:07.784548: val_loss -0.5059
2026-06-13 20:56:07.786278: Pseudo dice [0.4646]
2026-06-13 20:56:07.788365: Epoch time: 22.29 s
2026-06-13 20:56:08.719623: 
2026-06-13 20:56:08.721174: Epoch 317
2026-06-13 20:56:08.722744: Current learning rate: 0.0071
2026-06-13 20:56:30.939750: train_loss -0.5736
2026-06-13 20:56:30.942512: val_loss -0.5235
2026-06-13 20:56:30.944022: Pseudo dice [0.5338]
2026-06-13 20:56:30.945592: Epoch time: 22.22 s
2026-06-13 20:56:31.865598: 
2026-06-13 20:56:31.867565: Epoch 318
2026-06-13 20:56:31.869024: Current learning rate: 0.00709
2026-06-13 20:56:54.079983: train_loss -0.571
2026-06-13 20:56:54.083071: val_loss -0.5751
2026-06-13 20:56:54.084654: Pseudo dice [0.5523]
2026-06-13 20:56:54.086155: Epoch time: 22.22 s
2026-06-13 20:56:55.032119: 
2026-06-13 20:56:55.033811: Epoch 319
2026-06-13 20:56:55.035307: Current learning rate: 0.00708
2026-06-13 20:57:17.203248: train_loss -0.6161
2026-06-13 20:57:17.206040: val_loss -0.5502
2026-06-13 20:57:17.207569: Pseudo dice [0.5027]
2026-06-13 20:57:17.209073: Epoch time: 22.17 s
2026-06-13 20:57:18.137323: 
2026-06-13 20:57:18.139221: Epoch 320
2026-06-13 20:57:18.140678: Current learning rate: 0.00707
2026-06-13 20:57:40.240799: train_loss -0.6334
2026-06-13 20:57:40.243869: val_loss -0.5867
2026-06-13 20:57:40.245968: Pseudo dice [0.5952]
2026-06-13 20:57:40.249293: Epoch time: 22.1 s
2026-06-13 20:57:41.176401: 
2026-06-13 20:57:41.178087: Epoch 321
2026-06-13 20:57:41.179597: Current learning rate: 0.00706
2026-06-13 20:58:03.243398: train_loss -0.6132
2026-06-13 20:58:03.246339: val_loss -0.5894
2026-06-13 20:58:03.247785: Pseudo dice [0.6028]
2026-06-13 20:58:03.249359: Epoch time: 22.07 s
2026-06-13 20:58:04.179427: 
2026-06-13 20:58:04.181064: Epoch 322
2026-06-13 20:58:04.182714: Current learning rate: 0.00705
2026-06-13 20:58:26.268974: train_loss -0.5913
2026-06-13 20:58:26.272153: val_loss -0.4925
2026-06-13 20:58:26.273705: Pseudo dice [0.3627]
2026-06-13 20:58:26.275320: Epoch time: 22.09 s
2026-06-13 20:58:27.200508: 
2026-06-13 20:58:27.202164: Epoch 323
2026-06-13 20:58:27.203715: Current learning rate: 0.00704
2026-06-13 20:58:49.228931: train_loss -0.6221
2026-06-13 20:58:49.232490: val_loss -0.5412
2026-06-13 20:58:49.234007: Pseudo dice [0.5496]
2026-06-13 20:58:49.235497: Epoch time: 22.03 s
2026-06-13 20:58:51.166271: 
2026-06-13 20:58:51.167794: Epoch 324
2026-06-13 20:58:51.169219: Current learning rate: 0.00703
2026-06-13 20:59:13.264005: train_loss -0.6284
2026-06-13 20:59:13.269412: val_loss -0.5453
2026-06-13 20:59:13.270984: Pseudo dice [0.5582]
2026-06-13 20:59:13.272480: Epoch time: 22.1 s
2026-06-13 20:59:14.777261: 
2026-06-13 20:59:14.778878: Epoch 325
2026-06-13 20:59:14.780406: Current learning rate: 0.00702
2026-06-13 20:59:37.070427: train_loss -0.5951
2026-06-13 20:59:37.073249: val_loss -0.5221
2026-06-13 20:59:37.074725: Pseudo dice [0.5158]
2026-06-13 20:59:37.076654: Epoch time: 22.29 s
2026-06-13 20:59:38.003469: 
2026-06-13 20:59:38.005123: Epoch 326
2026-06-13 20:59:38.008510: Current learning rate: 0.00701
2026-06-13 21:00:00.447205: train_loss -0.5845
2026-06-13 21:00:00.451029: val_loss -0.4919
2026-06-13 21:00:00.452646: Pseudo dice [0.4578]
2026-06-13 21:00:00.454098: Epoch time: 22.44 s
2026-06-13 21:00:01.379898: 
2026-06-13 21:00:01.381923: Epoch 327
2026-06-13 21:00:01.383841: Current learning rate: 0.007
2026-06-13 21:00:23.664239: train_loss -0.608
2026-06-13 21:00:23.667783: val_loss -0.5886
2026-06-13 21:00:23.669369: Pseudo dice [0.5909]
2026-06-13 21:00:23.674044: Epoch time: 22.29 s
2026-06-13 21:00:24.599093: 
2026-06-13 21:00:24.600801: Epoch 328
2026-06-13 21:00:24.602587: Current learning rate: 0.00699
2026-06-13 21:00:46.956339: train_loss -0.6021
2026-06-13 21:00:46.959828: val_loss -0.5694
2026-06-13 21:00:46.961535: Pseudo dice [0.571]
2026-06-13 21:00:46.962970: Epoch time: 22.36 s
2026-06-13 21:00:47.901748: 
2026-06-13 21:00:47.903373: Epoch 329
2026-06-13 21:00:47.905273: Current learning rate: 0.00698
2026-06-13 21:01:10.260396: train_loss -0.5889
2026-06-13 21:01:10.273875: val_loss -0.5809
2026-06-13 21:01:10.291838: Pseudo dice [0.5452]
2026-06-13 21:01:10.294331: Epoch time: 22.36 s
2026-06-13 21:01:11.227359: 
2026-06-13 21:01:11.229116: Epoch 330
2026-06-13 21:01:11.231609: Current learning rate: 0.00697
2026-06-13 21:01:33.710502: train_loss -0.5612
2026-06-13 21:01:33.713837: val_loss -0.5368
2026-06-13 21:01:33.715366: Pseudo dice [0.5913]
2026-06-13 21:01:33.716847: Epoch time: 22.48 s
2026-06-13 21:01:34.658712: 
2026-06-13 21:01:34.660441: Epoch 331
2026-06-13 21:01:34.662025: Current learning rate: 0.00696
2026-06-13 21:01:57.038365: train_loss -0.5865
2026-06-13 21:01:57.042066: val_loss -0.3878
2026-06-13 21:01:57.043575: Pseudo dice [0.302]
2026-06-13 21:01:57.045114: Epoch time: 22.38 s
2026-06-13 21:01:57.979105: 
2026-06-13 21:01:57.980748: Epoch 332
2026-06-13 21:01:57.982225: Current learning rate: 0.00696
2026-06-13 21:02:20.237246: train_loss -0.6114
2026-06-13 21:02:20.241318: val_loss -0.5287
2026-06-13 21:02:20.242952: Pseudo dice [0.502]
2026-06-13 21:02:20.244422: Epoch time: 22.26 s
2026-06-13 21:02:21.175900: 
2026-06-13 21:02:21.177556: Epoch 333
2026-06-13 21:02:21.179101: Current learning rate: 0.00695
2026-06-13 21:02:43.435713: train_loss -0.6288
2026-06-13 21:02:43.439290: val_loss -0.5541
2026-06-13 21:02:43.440990: Pseudo dice [0.5333]
2026-06-13 21:02:43.442693: Epoch time: 22.26 s
2026-06-13 21:02:44.386042: 
2026-06-13 21:02:44.387751: Epoch 334
2026-06-13 21:02:44.389534: Current learning rate: 0.00694
2026-06-13 21:03:06.543501: train_loss -0.6549
2026-06-13 21:03:06.546652: val_loss -0.4918
2026-06-13 21:03:06.548558: Pseudo dice [0.5039]
2026-06-13 21:03:06.552268: Epoch time: 22.16 s
2026-06-13 21:03:07.494043: 
2026-06-13 21:03:07.495657: Epoch 335
2026-06-13 21:03:07.498427: Current learning rate: 0.00693
2026-06-13 21:03:29.677132: train_loss -0.6189
2026-06-13 21:03:29.680542: val_loss -0.5473
2026-06-13 21:03:29.681969: Pseudo dice [0.5211]
2026-06-13 21:03:29.684084: Epoch time: 22.18 s
2026-06-13 21:03:30.622391: 
2026-06-13 21:03:30.623978: Epoch 336
2026-06-13 21:03:30.625781: Current learning rate: 0.00692
2026-06-13 21:03:52.754642: train_loss -0.6069
2026-06-13 21:03:52.758124: val_loss -0.5796
2026-06-13 21:03:52.759858: Pseudo dice [0.5996]
2026-06-13 21:03:52.761444: Epoch time: 22.13 s
2026-06-13 21:03:53.696024: 
2026-06-13 21:03:53.697630: Epoch 337
2026-06-13 21:03:53.699177: Current learning rate: 0.00691
2026-06-13 21:04:15.823304: train_loss -0.6025
2026-06-13 21:04:15.826469: val_loss -0.4298
2026-06-13 21:04:15.828025: Pseudo dice [0.4553]
2026-06-13 21:04:15.829554: Epoch time: 22.13 s
2026-06-13 21:04:16.766363: 
2026-06-13 21:04:16.767940: Epoch 338
2026-06-13 21:04:16.769469: Current learning rate: 0.0069
2026-06-13 21:04:38.866450: train_loss -0.6183
2026-06-13 21:04:38.869148: val_loss -0.5337
2026-06-13 21:04:38.871035: Pseudo dice [0.5236]
2026-06-13 21:04:38.873274: Epoch time: 22.1 s
2026-06-13 21:04:39.808452: 
2026-06-13 21:04:39.810133: Epoch 339
2026-06-13 21:04:39.812039: Current learning rate: 0.00689
2026-06-13 21:05:01.843995: train_loss -0.5981
2026-06-13 21:05:01.846269: val_loss -0.5568
2026-06-13 21:05:01.847980: Pseudo dice [0.531]
2026-06-13 21:05:01.849536: Epoch time: 22.04 s
2026-06-13 21:05:02.786766: 
2026-06-13 21:05:02.788629: Epoch 340
2026-06-13 21:05:02.790323: Current learning rate: 0.00688
2026-06-13 21:05:24.887156: train_loss -0.5923
2026-06-13 21:05:24.889489: val_loss -0.5265
2026-06-13 21:05:24.891051: Pseudo dice [0.5432]
2026-06-13 21:05:24.892567: Epoch time: 22.1 s
2026-06-13 21:05:25.827828: 
2026-06-13 21:05:25.829400: Epoch 341
2026-06-13 21:05:25.830934: Current learning rate: 0.00687
2026-06-13 21:05:47.915944: train_loss -0.5773
2026-06-13 21:05:47.918203: val_loss -0.4526
2026-06-13 21:05:47.919820: Pseudo dice [0.1267]
2026-06-13 21:05:47.921330: Epoch time: 22.09 s
2026-06-13 21:05:49.412920: 
2026-06-13 21:05:49.414694: Epoch 342
2026-06-13 21:05:49.416206: Current learning rate: 0.00686
2026-06-13 21:06:11.720081: train_loss -0.5705
2026-06-13 21:06:11.722235: val_loss -0.5016
2026-06-13 21:06:11.724106: Pseudo dice [0.5049]
2026-06-13 21:06:11.725870: Epoch time: 22.31 s
2026-06-13 21:06:12.665521: 
2026-06-13 21:06:12.667246: Epoch 343
2026-06-13 21:06:12.668752: Current learning rate: 0.00685
2026-06-13 21:06:34.987248: train_loss -0.6384
2026-06-13 21:06:34.989713: val_loss -0.5023
2026-06-13 21:06:34.991328: Pseudo dice [0.5502]
2026-06-13 21:06:34.993189: Epoch time: 22.32 s
2026-06-13 21:06:35.933044: 
2026-06-13 21:06:35.934992: Epoch 344
2026-06-13 21:06:35.936768: Current learning rate: 0.00684
2026-06-13 21:06:58.307584: train_loss -0.5792
2026-06-13 21:06:58.309777: val_loss -0.5521
2026-06-13 21:06:58.311584: Pseudo dice [0.5223]
2026-06-13 21:06:58.313265: Epoch time: 22.38 s
2026-06-13 21:06:59.251940: 
2026-06-13 21:06:59.253747: Epoch 345
2026-06-13 21:06:59.255689: Current learning rate: 0.00683
2026-06-13 21:07:21.713815: train_loss -0.5938
2026-06-13 21:07:21.716007: val_loss -0.5378
2026-06-13 21:07:21.717621: Pseudo dice [0.5295]
2026-06-13 21:07:21.719240: Epoch time: 22.46 s
2026-06-13 21:07:22.659497: 
2026-06-13 21:07:22.661257: Epoch 346
2026-06-13 21:07:22.664012: Current learning rate: 0.00682
2026-06-13 21:07:45.062368: train_loss -0.6016
2026-06-13 21:07:45.064978: val_loss -0.55
2026-06-13 21:07:45.066706: Pseudo dice [0.5307]
2026-06-13 21:07:45.068270: Epoch time: 22.4 s
2026-06-13 21:07:45.996799: 
2026-06-13 21:07:45.998307: Epoch 347
2026-06-13 21:07:45.999823: Current learning rate: 0.00681
2026-06-13 21:08:08.315565: train_loss -0.5853
2026-06-13 21:08:08.317987: val_loss -0.5238
2026-06-13 21:08:08.319844: Pseudo dice [0.5343]
2026-06-13 21:08:08.325049: Epoch time: 22.32 s
2026-06-13 21:08:09.276430: 
2026-06-13 21:08:09.278107: Epoch 348
2026-06-13 21:08:09.279628: Current learning rate: 0.0068
2026-06-13 21:08:31.627906: train_loss -0.6169
2026-06-13 21:08:31.630060: val_loss -0.5437
2026-06-13 21:08:31.631690: Pseudo dice [0.5302]
2026-06-13 21:08:31.633200: Epoch time: 22.35 s
2026-06-13 21:08:32.572904: 
2026-06-13 21:08:32.574678: Epoch 349
2026-06-13 21:08:32.576309: Current learning rate: 0.0068
2026-06-13 21:08:54.870142: train_loss -0.607
2026-06-13 21:08:54.872544: val_loss -0.5373
2026-06-13 21:08:54.874219: Pseudo dice [0.5748]
2026-06-13 21:08:54.875818: Epoch time: 22.3 s
2026-06-13 21:08:56.295392: 
2026-06-13 21:08:56.297445: Epoch 350
2026-06-13 21:08:56.298985: Current learning rate: 0.00679
2026-06-13 21:09:18.595964: train_loss -0.6418
2026-06-13 21:09:18.598074: val_loss -0.4914
2026-06-13 21:09:18.599713: Pseudo dice [0.4706]
2026-06-13 21:09:18.601390: Epoch time: 22.3 s
2026-06-13 21:09:19.551321: 
2026-06-13 21:09:19.553002: Epoch 351
2026-06-13 21:09:19.554679: Current learning rate: 0.00678
2026-06-13 21:09:41.901145: train_loss -0.5771
2026-06-13 21:09:41.903435: val_loss -0.5184
2026-06-13 21:09:41.906902: Pseudo dice [0.5321]
2026-06-13 21:09:41.908549: Epoch time: 22.35 s
2026-06-13 21:09:42.849786: 
2026-06-13 21:09:42.851395: Epoch 352
2026-06-13 21:09:42.853404: Current learning rate: 0.00677
2026-06-13 21:10:05.037073: train_loss -0.6115
2026-06-13 21:10:05.039403: val_loss -0.4868
2026-06-13 21:10:05.040972: Pseudo dice [0.3051]
2026-06-13 21:10:05.042562: Epoch time: 22.19 s
2026-06-13 21:10:05.990267: 
2026-06-13 21:10:05.993646: Epoch 353
2026-06-13 21:10:05.995355: Current learning rate: 0.00676
2026-06-13 21:10:28.086895: train_loss -0.608
2026-06-13 21:10:28.088979: val_loss -0.5318
2026-06-13 21:10:28.090525: Pseudo dice [0.512]
2026-06-13 21:10:28.092070: Epoch time: 22.1 s
2026-06-13 21:10:29.024971: 
2026-06-13 21:10:29.026599: Epoch 354
2026-06-13 21:10:29.028196: Current learning rate: 0.00675
2026-06-13 21:10:51.140624: train_loss -0.6263
2026-06-13 21:10:51.142661: val_loss -0.5215
2026-06-13 21:10:51.144196: Pseudo dice [0.5302]
2026-06-13 21:10:51.146057: Epoch time: 22.12 s
2026-06-13 21:10:52.097328: 
2026-06-13 21:10:52.099046: Epoch 355
2026-06-13 21:10:52.100565: Current learning rate: 0.00674
2026-06-13 21:11:14.206310: train_loss -0.5878
2026-06-13 21:11:14.208743: val_loss -0.4517
2026-06-13 21:11:14.210416: Pseudo dice [0.417]
2026-06-13 21:11:14.212121: Epoch time: 22.11 s
2026-06-13 21:11:15.148893: 
2026-06-13 21:11:15.150499: Epoch 356
2026-06-13 21:11:15.152118: Current learning rate: 0.00673
2026-06-13 21:11:37.268388: train_loss -0.5638
2026-06-13 21:11:37.270389: val_loss -0.4807
2026-06-13 21:11:37.271924: Pseudo dice [0.4437]
2026-06-13 21:11:37.274025: Epoch time: 22.12 s
2026-06-13 21:11:38.209251: 
2026-06-13 21:11:38.210906: Epoch 357
2026-06-13 21:11:38.212407: Current learning rate: 0.00672
2026-06-13 21:12:00.294721: train_loss -0.5734
2026-06-13 21:12:00.297238: val_loss -0.5377
2026-06-13 21:12:00.298833: Pseudo dice [0.5908]
2026-06-13 21:12:00.300443: Epoch time: 22.09 s
2026-06-13 21:12:01.795300: 
2026-06-13 21:12:01.797100: Epoch 358
2026-06-13 21:12:01.798619: Current learning rate: 0.00671
2026-06-13 21:12:24.154377: train_loss -0.5967
2026-06-13 21:12:24.156806: val_loss -0.555
2026-06-13 21:12:24.158417: Pseudo dice [0.5548]
2026-06-13 21:12:24.160092: Epoch time: 22.36 s
2026-06-13 21:12:25.091481: 
2026-06-13 21:12:25.093203: Epoch 359
2026-06-13 21:12:25.094730: Current learning rate: 0.0067
2026-06-13 21:12:47.440567: train_loss -0.6189
2026-06-13 21:12:47.443854: val_loss -0.5462
2026-06-13 21:12:47.445712: Pseudo dice [0.5357]
2026-06-13 21:12:47.447429: Epoch time: 22.35 s
2026-06-13 21:12:48.384462: 
2026-06-13 21:12:48.386144: Epoch 360
2026-06-13 21:12:48.387694: Current learning rate: 0.00669
2026-06-13 21:13:10.691743: train_loss -0.6061
2026-06-13 21:13:10.694036: val_loss -0.5412
2026-06-13 21:13:10.695650: Pseudo dice [0.5223]
2026-06-13 21:13:10.697380: Epoch time: 22.31 s
2026-06-13 21:13:11.631731: 
2026-06-13 21:13:11.634053: Epoch 361
2026-06-13 21:13:11.635651: Current learning rate: 0.00668
2026-06-13 21:13:33.957913: train_loss -0.5586
2026-06-13 21:13:33.960263: val_loss -0.4664
2026-06-13 21:13:33.961799: Pseudo dice [0.4602]
2026-06-13 21:13:33.963394: Epoch time: 22.33 s
2026-06-13 21:13:34.897115: 
2026-06-13 21:13:34.898791: Epoch 362
2026-06-13 21:13:34.900392: Current learning rate: 0.00667
2026-06-13 21:13:57.184087: train_loss -0.5377
2026-06-13 21:13:57.188583: val_loss -0.5738
2026-06-13 21:13:57.190151: Pseudo dice [0.5859]
2026-06-13 21:13:57.191694: Epoch time: 22.29 s
2026-06-13 21:13:58.136869: 
2026-06-13 21:13:58.138907: Epoch 363
2026-06-13 21:13:58.140689: Current learning rate: 0.00666
2026-06-13 21:14:20.465860: train_loss -0.5807
2026-06-13 21:14:20.469200: val_loss -0.5996
2026-06-13 21:14:20.470794: Pseudo dice [0.5539]
2026-06-13 21:14:20.472367: Epoch time: 22.33 s
2026-06-13 21:14:21.419575: 
2026-06-13 21:14:21.421227: Epoch 364
2026-06-13 21:14:21.422723: Current learning rate: 0.00665
2026-06-13 21:14:43.681440: train_loss -0.6223
2026-06-13 21:14:43.685602: val_loss -0.537
2026-06-13 21:14:43.687225: Pseudo dice [0.5334]
2026-06-13 21:14:43.688864: Epoch time: 22.26 s
2026-06-13 21:14:44.635899: 
2026-06-13 21:14:44.637561: Epoch 365
2026-06-13 21:14:44.639099: Current learning rate: 0.00665
2026-06-13 21:15:06.895653: train_loss -0.6068
2026-06-13 21:15:06.900424: val_loss -0.5191
2026-06-13 21:15:06.902983: Pseudo dice [0.5146]
2026-06-13 21:15:06.905499: Epoch time: 22.26 s
2026-06-13 21:15:07.839597: 
2026-06-13 21:15:07.841213: Epoch 366
2026-06-13 21:15:07.842818: Current learning rate: 0.00664
2026-06-13 21:15:30.140245: train_loss -0.5738
2026-06-13 21:15:30.143394: val_loss -0.5543
2026-06-13 21:15:30.147836: Pseudo dice [0.5531]
2026-06-13 21:15:30.149319: Epoch time: 22.3 s
2026-06-13 21:15:31.102607: 
2026-06-13 21:15:31.104590: Epoch 367
2026-06-13 21:15:31.106293: Current learning rate: 0.00663
2026-06-13 21:15:53.272430: train_loss -0.6542
2026-06-13 21:15:53.275406: val_loss -0.5331
2026-06-13 21:15:53.276985: Pseudo dice [0.4744]
2026-06-13 21:15:53.278574: Epoch time: 22.17 s
2026-06-13 21:15:54.222651: 
2026-06-13 21:15:54.224442: Epoch 368
2026-06-13 21:15:54.226329: Current learning rate: 0.00662
2026-06-13 21:16:16.384812: train_loss -0.6365
2026-06-13 21:16:16.390028: val_loss -0.5893
2026-06-13 21:16:16.391851: Pseudo dice [0.5831]
2026-06-13 21:16:16.393472: Epoch time: 22.16 s
2026-06-13 21:16:17.335390: 
2026-06-13 21:16:17.337038: Epoch 369
2026-06-13 21:16:17.338642: Current learning rate: 0.00661
2026-06-13 21:16:39.490322: train_loss -0.6363
2026-06-13 21:16:39.494366: val_loss -0.477
2026-06-13 21:16:39.496063: Pseudo dice [0.4788]
2026-06-13 21:16:39.497573: Epoch time: 22.16 s
2026-06-13 21:16:40.447544: 
2026-06-13 21:16:40.449308: Epoch 370
2026-06-13 21:16:40.450943: Current learning rate: 0.0066
2026-06-13 21:17:02.537780: train_loss -0.5895
2026-06-13 21:17:02.541704: val_loss -0.5689
2026-06-13 21:17:02.543246: Pseudo dice [0.5506]
2026-06-13 21:17:02.544890: Epoch time: 22.09 s
2026-06-13 21:17:03.478182: 
2026-06-13 21:17:03.479627: Epoch 371
2026-06-13 21:17:03.481138: Current learning rate: 0.00659
2026-06-13 21:17:25.576342: train_loss -0.5375
2026-06-13 21:17:25.579850: val_loss -0.5055
2026-06-13 21:17:25.581325: Pseudo dice [0.4693]
2026-06-13 21:17:25.582840: Epoch time: 22.1 s
2026-06-13 21:17:26.519991: 
2026-06-13 21:17:26.521574: Epoch 372
2026-06-13 21:17:26.523101: Current learning rate: 0.00658
2026-06-13 21:17:48.617735: train_loss -0.6261
2026-06-13 21:17:48.621240: val_loss -0.5399
2026-06-13 21:17:48.626667: Pseudo dice [0.5744]
2026-06-13 21:17:48.628319: Epoch time: 22.1 s
2026-06-13 21:17:49.572775: 
2026-06-13 21:17:49.575965: Epoch 373
2026-06-13 21:17:49.577715: Current learning rate: 0.00657
2026-06-13 21:18:11.642214: train_loss -0.6215
2026-06-13 21:18:11.645247: val_loss -0.5732
2026-06-13 21:18:11.646915: Pseudo dice [0.5144]
2026-06-13 21:18:11.648610: Epoch time: 22.07 s
2026-06-13 21:18:12.593684: 
2026-06-13 21:18:12.595320: Epoch 374
2026-06-13 21:18:12.597799: Current learning rate: 0.00656
2026-06-13 21:18:34.671925: train_loss -0.5909
2026-06-13 21:18:34.675065: val_loss -0.5396
2026-06-13 21:18:34.676706: Pseudo dice [0.5089]
2026-06-13 21:18:34.678250: Epoch time: 22.08 s
2026-06-13 21:18:36.195157: 
2026-06-13 21:18:36.196907: Epoch 375
2026-06-13 21:18:36.198786: Current learning rate: 0.00655
2026-06-13 21:18:58.473901: train_loss -0.6009
2026-06-13 21:18:58.477360: val_loss -0.4844
2026-06-13 21:18:58.479234: Pseudo dice [0.503]
2026-06-13 21:18:58.480803: Epoch time: 22.28 s
2026-06-13 21:18:59.437570: 
2026-06-13 21:18:59.439009: Epoch 376
2026-06-13 21:18:59.440409: Current learning rate: 0.00654
2026-06-13 21:19:21.724466: train_loss -0.6188
2026-06-13 21:19:21.727625: val_loss -0.6132
2026-06-13 21:19:21.729238: Pseudo dice [0.6095]
2026-06-13 21:19:21.730722: Epoch time: 22.29 s
2026-06-13 21:19:22.673412: 
2026-06-13 21:19:22.675071: Epoch 377
2026-06-13 21:19:22.676672: Current learning rate: 0.00653
2026-06-13 21:19:44.983673: train_loss -0.6077
2026-06-13 21:19:44.987046: val_loss -0.6172
2026-06-13 21:19:44.988530: Pseudo dice [0.6472]
2026-06-13 21:19:44.990011: Epoch time: 22.31 s
2026-06-13 21:19:45.933452: 
2026-06-13 21:19:45.935065: Epoch 378
2026-06-13 21:19:45.936640: Current learning rate: 0.00652
2026-06-13 21:20:08.263020: train_loss -0.6044
2026-06-13 21:20:08.266228: val_loss -0.5117
2026-06-13 21:20:08.267668: Pseudo dice [0.5341]
2026-06-13 21:20:08.269049: Epoch time: 22.33 s
2026-06-13 21:20:09.229370: 
2026-06-13 21:20:09.231550: Epoch 379
2026-06-13 21:20:09.232976: Current learning rate: 0.00651
2026-06-13 21:20:31.510665: train_loss -0.6189
2026-06-13 21:20:31.513443: val_loss -0.4626
2026-06-13 21:20:31.515041: Pseudo dice [0.4613]
2026-06-13 21:20:31.516730: Epoch time: 22.28 s
2026-06-13 21:20:32.457260: 
2026-06-13 21:20:32.458807: Epoch 380
2026-06-13 21:20:32.460219: Current learning rate: 0.0065
2026-06-13 21:20:54.777976: train_loss -0.5931
2026-06-13 21:20:54.781072: val_loss -0.482
2026-06-13 21:20:54.782537: Pseudo dice [0.4021]
2026-06-13 21:20:54.784046: Epoch time: 22.32 s
2026-06-13 21:20:55.726510: 
2026-06-13 21:20:55.729038: Epoch 381
2026-06-13 21:20:55.731606: Current learning rate: 0.00649
2026-06-13 21:21:18.055731: train_loss -0.6058
2026-06-13 21:21:18.058836: val_loss -0.5391
2026-06-13 21:21:18.060432: Pseudo dice [0.5102]
2026-06-13 21:21:18.061841: Epoch time: 22.33 s
2026-06-13 21:21:19.011774: 
2026-06-13 21:21:19.013191: Epoch 382
2026-06-13 21:21:19.014555: Current learning rate: 0.00648
2026-06-13 21:21:41.235034: train_loss -0.6195
2026-06-13 21:21:41.237939: val_loss -0.5894
2026-06-13 21:21:41.239854: Pseudo dice [0.5626]
2026-06-13 21:21:41.241548: Epoch time: 22.22 s
2026-06-13 21:21:42.193947: 
2026-06-13 21:21:42.195591: Epoch 383
2026-06-13 21:21:42.197151: Current learning rate: 0.00648
2026-06-13 21:22:04.366662: train_loss -0.6546
2026-06-13 21:22:04.369480: val_loss -0.5954
2026-06-13 21:22:04.370840: Pseudo dice [0.589]
2026-06-13 21:22:04.372183: Epoch time: 22.17 s
2026-06-13 21:22:05.328858: 
2026-06-13 21:22:05.330508: Epoch 384
2026-06-13 21:22:05.332047: Current learning rate: 0.00647
2026-06-13 21:22:27.549601: train_loss -0.6248
2026-06-13 21:22:27.553372: val_loss -0.5714
2026-06-13 21:22:27.555341: Pseudo dice [0.5843]
2026-06-13 21:22:27.557233: Epoch time: 22.22 s
2026-06-13 21:22:28.517616: 
2026-06-13 21:22:28.521995: Epoch 385
2026-06-13 21:22:28.526566: Current learning rate: 0.00646
2026-06-13 21:22:50.701647: train_loss -0.6123
2026-06-13 21:22:50.704747: val_loss -0.5828
2026-06-13 21:22:50.706265: Pseudo dice [0.5676]
2026-06-13 21:22:50.707699: Epoch time: 22.19 s
2026-06-13 21:22:51.656902: 
2026-06-13 21:22:51.658733: Epoch 386
2026-06-13 21:22:51.660811: Current learning rate: 0.00645
2026-06-13 21:23:13.767272: train_loss -0.6158
2026-06-13 21:23:13.769955: val_loss -0.4455
2026-06-13 21:23:13.771551: Pseudo dice [0.4711]
2026-06-13 21:23:13.772989: Epoch time: 22.11 s
2026-06-13 21:23:14.722560: 
2026-06-13 21:23:14.724352: Epoch 387
2026-06-13 21:23:14.725890: Current learning rate: 0.00644
2026-06-13 21:23:36.809063: train_loss -0.5935
2026-06-13 21:23:36.816315: val_loss -0.4997
2026-06-13 21:23:36.817880: Pseudo dice [0.5486]
2026-06-13 21:23:36.819348: Epoch time: 22.09 s
2026-06-13 21:23:37.779738: 
2026-06-13 21:23:37.781417: Epoch 388
2026-06-13 21:23:37.782923: Current learning rate: 0.00643
2026-06-13 21:23:59.895151: train_loss -0.5834
2026-06-13 21:23:59.898438: val_loss -0.5058
2026-06-13 21:23:59.899888: Pseudo dice [0.5517]
2026-06-13 21:23:59.901786: Epoch time: 22.12 s
2026-06-13 21:24:00.853532: 
2026-06-13 21:24:00.855085: Epoch 389
2026-06-13 21:24:00.856475: Current learning rate: 0.00642
2026-06-13 21:24:22.991612: train_loss -0.5598
2026-06-13 21:24:22.995442: val_loss -0.507
2026-06-13 21:24:22.997903: Pseudo dice [0.4457]
2026-06-13 21:24:22.999629: Epoch time: 22.14 s
2026-06-13 21:24:23.948398: 
2026-06-13 21:24:23.950018: Epoch 390
2026-06-13 21:24:23.952072: Current learning rate: 0.00641
2026-06-13 21:24:46.020302: train_loss -0.5402
2026-06-13 21:24:46.023353: val_loss -0.5553
2026-06-13 21:24:46.024954: Pseudo dice [0.5604]
2026-06-13 21:24:46.026567: Epoch time: 22.07 s
2026-06-13 21:24:47.563899: 
2026-06-13 21:24:47.565379: Epoch 391
2026-06-13 21:24:47.566761: Current learning rate: 0.0064
2026-06-13 21:25:09.923701: train_loss -0.5837
2026-06-13 21:25:09.926657: val_loss -0.5423
2026-06-13 21:25:09.928137: Pseudo dice [0.5769]
2026-06-13 21:25:09.929528: Epoch time: 22.36 s
2026-06-13 21:25:10.886487: 
2026-06-13 21:25:10.888057: Epoch 392
2026-06-13 21:25:10.889717: Current learning rate: 0.00639
2026-06-13 21:25:33.322174: train_loss -0.6332
2026-06-13 21:25:33.324880: val_loss -0.6147
2026-06-13 21:25:33.326453: Pseudo dice [0.617]
2026-06-13 21:25:33.327859: Epoch time: 22.44 s
2026-06-13 21:25:33.329371: Yayy! New best EMA pseudo Dice: 0.5422
2026-06-13 21:25:34.760857: 
2026-06-13 21:25:34.762483: Epoch 393
2026-06-13 21:25:34.764021: Current learning rate: 0.00638
2026-06-13 21:25:57.163106: train_loss -0.6116
2026-06-13 21:25:57.165997: val_loss -0.5541
2026-06-13 21:25:57.167501: Pseudo dice [0.5571]
2026-06-13 21:25:57.169492: Epoch time: 22.4 s
2026-06-13 21:25:57.170937: Yayy! New best EMA pseudo Dice: 0.5437
2026-06-13 21:25:58.615993: 
2026-06-13 21:25:58.619541: Epoch 394
2026-06-13 21:25:58.622149: Current learning rate: 0.00637
2026-06-13 21:26:20.972246: train_loss -0.5993
2026-06-13 21:26:20.975365: val_loss -0.5546
2026-06-13 21:26:20.976891: Pseudo dice [0.5618]
2026-06-13 21:26:20.978468: Epoch time: 22.36 s
2026-06-13 21:26:20.980210: Yayy! New best EMA pseudo Dice: 0.5455
2026-06-13 21:26:22.419055: 
2026-06-13 21:26:22.420736: Epoch 395
2026-06-13 21:26:22.422312: Current learning rate: 0.00636
2026-06-13 21:26:44.816192: train_loss -0.6094
2026-06-13 21:26:44.819643: val_loss -0.5429
2026-06-13 21:26:44.821332: Pseudo dice [0.5271]
2026-06-13 21:26:44.822956: Epoch time: 22.4 s
2026-06-13 21:26:45.770478: 
2026-06-13 21:26:45.772161: Epoch 396
2026-06-13 21:26:45.773805: Current learning rate: 0.00635
2026-06-13 21:27:08.240966: train_loss -0.5488
2026-06-13 21:27:08.245242: val_loss -0.5911
2026-06-13 21:27:08.246779: Pseudo dice [0.5745]
2026-06-13 21:27:08.248420: Epoch time: 22.47 s
2026-06-13 21:27:08.249809: Yayy! New best EMA pseudo Dice: 0.5467
2026-06-13 21:27:09.690374: 
2026-06-13 21:27:09.691920: Epoch 397
2026-06-13 21:27:09.693419: Current learning rate: 0.00634
2026-06-13 21:27:32.050022: train_loss -0.6249
2026-06-13 21:27:32.053632: val_loss -0.5003
2026-06-13 21:27:32.055317: Pseudo dice [0.4363]
2026-06-13 21:27:32.057107: Epoch time: 22.36 s
2026-06-13 21:27:33.016433: 
2026-06-13 21:27:33.018164: Epoch 398
2026-06-13 21:27:33.019782: Current learning rate: 0.00633
2026-06-13 21:27:55.294914: train_loss -0.6252
2026-06-13 21:27:55.297624: val_loss -0.566
2026-06-13 21:27:55.299777: Pseudo dice [0.5227]
2026-06-13 21:27:55.301714: Epoch time: 22.28 s
2026-06-13 21:27:56.253369: 
2026-06-13 21:27:56.255182: Epoch 399
2026-06-13 21:27:56.256545: Current learning rate: 0.00632
2026-06-13 21:28:18.442380: train_loss -0.629
2026-06-13 21:28:18.444433: val_loss -0.5556
2026-06-13 21:28:18.445860: Pseudo dice [0.5429]
2026-06-13 21:28:18.447339: Epoch time: 22.19 s
2026-06-13 21:28:19.884951: 
2026-06-13 21:28:19.886601: Epoch 400
2026-06-13 21:28:19.887992: Current learning rate: 0.00631
2026-06-13 21:28:42.051573: train_loss -0.6173
2026-06-13 21:28:42.053629: val_loss -0.541
2026-06-13 21:28:42.055535: Pseudo dice [0.5891]
2026-06-13 21:28:42.056954: Epoch time: 22.17 s
2026-06-13 21:28:43.004098: 
2026-06-13 21:28:43.005617: Epoch 401
2026-06-13 21:28:43.007025: Current learning rate: 0.0063
2026-06-13 21:29:05.132028: train_loss -0.6406
2026-06-13 21:29:05.134084: val_loss -0.5776
2026-06-13 21:29:05.135592: Pseudo dice [0.5585]
2026-06-13 21:29:05.137036: Epoch time: 22.13 s
2026-06-13 21:29:06.082078: 
2026-06-13 21:29:06.083609: Epoch 402
2026-06-13 21:29:06.085027: Current learning rate: 0.0063
2026-06-13 21:29:28.272300: train_loss -0.621
2026-06-13 21:29:28.274443: val_loss -0.5658
2026-06-13 21:29:28.275872: Pseudo dice [0.5557]
2026-06-13 21:29:28.277393: Epoch time: 22.19 s
2026-06-13 21:29:29.221914: 
2026-06-13 21:29:29.223376: Epoch 403
2026-06-13 21:29:29.225030: Current learning rate: 0.00629
2026-06-13 21:29:51.342642: train_loss -0.6424
2026-06-13 21:29:51.344905: val_loss -0.4892
2026-06-13 21:29:51.346534: Pseudo dice [0.4833]
2026-06-13 21:29:51.348042: Epoch time: 22.12 s
2026-06-13 21:29:52.292803: 
2026-06-13 21:29:52.294600: Epoch 404
2026-06-13 21:29:52.296239: Current learning rate: 0.00628
2026-06-13 21:30:14.441437: train_loss -0.6491
2026-06-13 21:30:14.443691: val_loss -0.5469
2026-06-13 21:30:14.445153: Pseudo dice [0.5277]
2026-06-13 21:30:14.446674: Epoch time: 22.15 s
2026-06-13 21:30:15.409024: 
2026-06-13 21:30:15.410892: Epoch 405
2026-06-13 21:30:15.412465: Current learning rate: 0.00627
2026-06-13 21:30:37.501891: train_loss -0.5787
2026-06-13 21:30:37.505053: val_loss -0.4764
2026-06-13 21:30:37.506962: Pseudo dice [0.5049]
2026-06-13 21:30:37.508845: Epoch time: 22.09 s
2026-06-13 21:30:38.507437: 
2026-06-13 21:30:38.509330: Epoch 406
2026-06-13 21:30:38.511165: Current learning rate: 0.00626
2026-06-13 21:31:00.642387: train_loss -0.6358
2026-06-13 21:31:00.644956: val_loss -0.5692
2026-06-13 21:31:00.646374: Pseudo dice [0.5713]
2026-06-13 21:31:00.647962: Epoch time: 22.14 s
2026-06-13 21:31:02.162397: 
2026-06-13 21:31:02.164008: Epoch 407
2026-06-13 21:31:02.165602: Current learning rate: 0.00625
2026-06-13 21:31:24.600259: train_loss -0.6093
2026-06-13 21:31:24.603725: val_loss -0.5137
2026-06-13 21:31:24.605324: Pseudo dice [0.4904]
2026-06-13 21:31:24.606853: Epoch time: 22.44 s
2026-06-13 21:31:25.555013: 
2026-06-13 21:31:25.556629: Epoch 408
2026-06-13 21:31:25.558213: Current learning rate: 0.00624
2026-06-13 21:31:47.878999: train_loss -0.6341
2026-06-13 21:31:47.881120: val_loss -0.5221
2026-06-13 21:31:47.882864: Pseudo dice [0.4877]
2026-06-13 21:31:47.884351: Epoch time: 22.33 s
2026-06-13 21:31:48.855699: 
2026-06-13 21:31:48.857792: Epoch 409
2026-06-13 21:31:48.859529: Current learning rate: 0.00623
2026-06-13 21:32:11.168702: train_loss -0.639
2026-06-13 21:32:11.171266: val_loss -0.5494
2026-06-13 21:32:11.172753: Pseudo dice [0.5552]
2026-06-13 21:32:11.174443: Epoch time: 22.31 s
2026-06-13 21:32:12.122652: 
2026-06-13 21:32:12.124280: Epoch 410
2026-06-13 21:32:12.126990: Current learning rate: 0.00622
2026-06-13 21:32:34.446741: train_loss -0.5941
2026-06-13 21:32:34.448792: val_loss -0.519
2026-06-13 21:32:34.451043: Pseudo dice [0.515]
2026-06-13 21:32:34.452606: Epoch time: 22.32 s
2026-06-13 21:32:35.382077: 
2026-06-13 21:32:35.383897: Epoch 411
2026-06-13 21:32:35.385769: Current learning rate: 0.00621
2026-06-13 21:32:57.722632: train_loss -0.5799
2026-06-13 21:32:57.725314: val_loss -0.6095
2026-06-13 21:32:57.726902: Pseudo dice [0.6178]
2026-06-13 21:32:57.728478: Epoch time: 22.34 s
2026-06-13 21:32:58.658819: 
2026-06-13 21:32:58.660365: Epoch 412
2026-06-13 21:32:58.661862: Current learning rate: 0.0062
2026-06-13 21:33:20.969538: train_loss -0.6213
2026-06-13 21:33:20.972043: val_loss -0.5
2026-06-13 21:33:20.973854: Pseudo dice [0.5327]
2026-06-13 21:33:20.975432: Epoch time: 22.31 s
2026-06-13 21:33:21.914548: 
2026-06-13 21:33:21.916227: Epoch 413
2026-06-13 21:33:21.917637: Current learning rate: 0.00619
2026-06-13 21:33:44.281220: train_loss -0.5866
2026-06-13 21:33:44.283425: val_loss -0.5777
2026-06-13 21:33:44.284856: Pseudo dice [0.5924]
2026-06-13 21:33:44.286734: Epoch time: 22.37 s
2026-06-13 21:33:45.211764: 
2026-06-13 21:33:45.213471: Epoch 414
2026-06-13 21:33:45.215657: Current learning rate: 0.00618
2026-06-13 21:34:07.427258: train_loss -0.5986
2026-06-13 21:34:07.429562: val_loss -0.5924
2026-06-13 21:34:07.431154: Pseudo dice [0.5465]
2026-06-13 21:34:07.432707: Epoch time: 22.22 s
2026-06-13 21:34:08.368041: 
2026-06-13 21:34:08.369603: Epoch 415
2026-06-13 21:34:08.371065: Current learning rate: 0.00617
2026-06-13 21:34:30.579035: train_loss -0.6256
2026-06-13 21:34:30.581235: val_loss -0.5551
2026-06-13 21:34:30.582775: Pseudo dice [0.4829]
2026-06-13 21:34:30.584472: Epoch time: 22.21 s
2026-06-13 21:34:31.515890: 
2026-06-13 21:34:31.517499: Epoch 416
2026-06-13 21:34:31.518994: Current learning rate: 0.00616
2026-06-13 21:34:53.643781: train_loss -0.5946
2026-06-13 21:34:53.646015: val_loss -0.4607
2026-06-13 21:34:53.647436: Pseudo dice [0.4691]
2026-06-13 21:34:53.649322: Epoch time: 22.13 s
2026-06-13 21:34:54.573944: 
2026-06-13 21:34:54.575979: Epoch 417
2026-06-13 21:34:54.577830: Current learning rate: 0.00615
2026-06-13 21:35:16.762582: train_loss -0.5894
2026-06-13 21:35:16.765545: val_loss -0.5502
2026-06-13 21:35:16.771554: Pseudo dice [0.5724]
2026-06-13 21:35:16.775108: Epoch time: 22.19 s
2026-06-13 21:35:17.710259: 
2026-06-13 21:35:17.712141: Epoch 418
2026-06-13 21:35:17.714249: Current learning rate: 0.00614
2026-06-13 21:35:39.840438: train_loss -0.5896
2026-06-13 21:35:39.842854: val_loss -0.5454
2026-06-13 21:35:39.844377: Pseudo dice [0.5452]
2026-06-13 21:35:39.845927: Epoch time: 22.13 s
2026-06-13 21:35:40.757690: 
2026-06-13 21:35:40.759326: Epoch 419
2026-06-13 21:35:40.760852: Current learning rate: 0.00613
2026-06-13 21:36:02.832170: train_loss -0.5932
2026-06-13 21:36:02.837587: val_loss -0.5188
2026-06-13 21:36:02.839440: Pseudo dice [0.2418]
2026-06-13 21:36:02.841499: Epoch time: 22.08 s
2026-06-13 21:36:03.760844: 
2026-06-13 21:36:03.762429: Epoch 420
2026-06-13 21:36:03.764087: Current learning rate: 0.00612
2026-06-13 21:36:25.871796: train_loss -0.6246
2026-06-13 21:36:25.875376: val_loss -0.5271
2026-06-13 21:36:25.876993: Pseudo dice [0.5335]
2026-06-13 21:36:25.878551: Epoch time: 22.11 s
2026-06-13 21:36:26.808397: 
2026-06-13 21:36:26.809972: Epoch 421
2026-06-13 21:36:26.811487: Current learning rate: 0.00612
2026-06-13 21:36:48.876728: train_loss -0.6461
2026-06-13 21:36:48.880180: val_loss -0.5231
2026-06-13 21:36:48.881643: Pseudo dice [0.5306]
2026-06-13 21:36:48.883139: Epoch time: 22.07 s
2026-06-13 21:36:49.815531: 
2026-06-13 21:36:49.817101: Epoch 422
2026-06-13 21:36:49.818542: Current learning rate: 0.00611
2026-06-13 21:37:11.822746: train_loss -0.6517
2026-06-13 21:37:11.826210: val_loss -0.5308
2026-06-13 21:37:11.827793: Pseudo dice [0.5571]
2026-06-13 21:37:11.829329: Epoch time: 22.01 s
2026-06-13 21:37:12.755108: 
2026-06-13 21:37:12.758271: Epoch 423
2026-06-13 21:37:12.761406: Current learning rate: 0.0061
2026-06-13 21:37:34.875465: train_loss -0.6359
2026-06-13 21:37:34.879221: val_loss -0.5638
2026-06-13 21:37:34.880697: Pseudo dice [0.5207]
2026-06-13 21:37:34.882264: Epoch time: 22.12 s
2026-06-13 21:37:35.813482: 
2026-06-13 21:37:35.814979: Epoch 424
2026-06-13 21:37:35.816443: Current learning rate: 0.00609
2026-06-13 21:37:57.874196: train_loss -0.6349
2026-06-13 21:37:57.878083: val_loss -0.5239
2026-06-13 21:37:57.879544: Pseudo dice [0.5455]
2026-06-13 21:37:57.881066: Epoch time: 22.06 s
2026-06-13 21:37:59.398850: 
2026-06-13 21:37:59.400572: Epoch 425
2026-06-13 21:37:59.402089: Current learning rate: 0.00608
2026-06-13 21:38:21.710996: train_loss -0.5317
2026-06-13 21:38:21.716674: val_loss -0.4441
2026-06-13 21:38:21.719099: Pseudo dice [0.4157]
2026-06-13 21:38:21.721197: Epoch time: 22.31 s
2026-06-13 21:38:22.665709: 
2026-06-13 21:38:22.667609: Epoch 426
2026-06-13 21:38:22.669041: Current learning rate: 0.00607
2026-06-13 21:38:45.014820: train_loss -0.6401
2026-06-13 21:38:45.018813: val_loss -0.5172
2026-06-13 21:38:45.020361: Pseudo dice [0.3234]
2026-06-13 21:38:45.021926: Epoch time: 22.35 s
2026-06-13 21:38:45.946017: 
2026-06-13 21:38:45.947848: Epoch 427
2026-06-13 21:38:45.949317: Current learning rate: 0.00606
2026-06-13 21:39:08.272162: train_loss -0.5951
2026-06-13 21:39:08.275891: val_loss -0.5055
2026-06-13 21:39:08.277595: Pseudo dice [0.4357]
2026-06-13 21:39:08.279129: Epoch time: 22.33 s
2026-06-13 21:39:09.210184: 
2026-06-13 21:39:09.211995: Epoch 428
2026-06-13 21:39:09.213433: Current learning rate: 0.00605
2026-06-13 21:39:31.547387: train_loss -0.6111
2026-06-13 21:39:31.550893: val_loss -0.5231
2026-06-13 21:39:31.552390: Pseudo dice [0.543]
2026-06-13 21:39:31.553962: Epoch time: 22.34 s
2026-06-13 21:39:32.487476: 
2026-06-13 21:39:32.490067: Epoch 429
2026-06-13 21:39:32.492462: Current learning rate: 0.00604
2026-06-13 21:39:54.762503: train_loss -0.5891
2026-06-13 21:39:54.769724: val_loss -0.495
2026-06-13 21:39:54.776834: Pseudo dice [0.4315]
2026-06-13 21:39:54.784871: Epoch time: 22.28 s
2026-06-13 21:39:55.720902: 
2026-06-13 21:39:55.722644: Epoch 430
2026-06-13 21:39:55.724236: Current learning rate: 0.00603
2026-06-13 21:40:18.006197: train_loss -0.6532
2026-06-13 21:40:18.009880: val_loss -0.5488
2026-06-13 21:40:18.011454: Pseudo dice [0.5224]
2026-06-13 21:40:18.013000: Epoch time: 22.29 s
2026-06-13 21:40:18.953348: 
2026-06-13 21:40:18.954921: Epoch 431
2026-06-13 21:40:18.956490: Current learning rate: 0.00602
2026-06-13 21:40:41.175761: train_loss -0.6332
2026-06-13 21:40:41.186006: val_loss -0.4959
2026-06-13 21:40:41.187479: Pseudo dice [0.4793]
2026-06-13 21:40:41.188898: Epoch time: 22.22 s
2026-06-13 21:40:42.119779: 
2026-06-13 21:40:42.121565: Epoch 432
2026-06-13 21:40:42.123059: Current learning rate: 0.00601
2026-06-13 21:41:04.319777: train_loss -0.6232
2026-06-13 21:41:04.323306: val_loss -0.5956
2026-06-13 21:41:04.324860: Pseudo dice [0.5982]
2026-06-13 21:41:04.326404: Epoch time: 22.2 s
2026-06-13 21:41:05.261035: 
2026-06-13 21:41:05.262601: Epoch 433
2026-06-13 21:41:05.264169: Current learning rate: 0.006
2026-06-13 21:41:27.388173: train_loss -0.6121
2026-06-13 21:41:27.391583: val_loss -0.5108
2026-06-13 21:41:27.393737: Pseudo dice [0.4666]
2026-06-13 21:41:27.395168: Epoch time: 22.13 s
2026-06-13 21:41:28.325643: 
2026-06-13 21:41:28.327355: Epoch 434
2026-06-13 21:41:28.328779: Current learning rate: 0.00599
2026-06-13 21:41:50.526096: train_loss -0.6332
2026-06-13 21:41:50.533165: val_loss -0.5643
2026-06-13 21:41:50.534647: Pseudo dice [0.5734]
2026-06-13 21:41:50.536041: Epoch time: 22.2 s
2026-06-13 21:41:51.461796: 
2026-06-13 21:41:51.463423: Epoch 435
2026-06-13 21:41:51.464926: Current learning rate: 0.00598
2026-06-13 21:42:13.680625: train_loss -0.6396
2026-06-13 21:42:13.683932: val_loss -0.5821
2026-06-13 21:42:13.685391: Pseudo dice [0.5623]
2026-06-13 21:42:13.686876: Epoch time: 22.22 s
2026-06-13 21:42:14.626669: 
2026-06-13 21:42:14.628154: Epoch 436
2026-06-13 21:42:14.630827: Current learning rate: 0.00597
2026-06-13 21:42:36.750239: train_loss -0.6336
2026-06-13 21:42:36.753364: val_loss -0.5522
2026-06-13 21:42:36.754912: Pseudo dice [0.3215]
2026-06-13 21:42:36.756467: Epoch time: 22.12 s
2026-06-13 21:42:37.682522: 
2026-06-13 21:42:37.684165: Epoch 437
2026-06-13 21:42:37.685642: Current learning rate: 0.00596
2026-06-13 21:42:59.819529: train_loss -0.6388
2026-06-13 21:42:59.822667: val_loss -0.4848
2026-06-13 21:42:59.824150: Pseudo dice [0.4467]
2026-06-13 21:42:59.825662: Epoch time: 22.14 s
2026-06-13 21:43:00.759780: 
2026-06-13 21:43:00.761370: Epoch 438
2026-06-13 21:43:00.762898: Current learning rate: 0.00595
2026-06-13 21:43:22.872989: train_loss -0.6576
2026-06-13 21:43:22.876869: val_loss -0.5527
2026-06-13 21:43:22.878350: Pseudo dice [0.5743]
2026-06-13 21:43:22.879858: Epoch time: 22.11 s
2026-06-13 21:43:23.809505: 
2026-06-13 21:43:23.811094: Epoch 439
2026-06-13 21:43:23.812458: Current learning rate: 0.00594
2026-06-13 21:43:45.913553: train_loss -0.6473
2026-06-13 21:43:45.916523: val_loss -0.5485
2026-06-13 21:43:45.918167: Pseudo dice [0.5091]
2026-06-13 21:43:45.919780: Epoch time: 22.1 s
2026-06-13 21:43:46.862827: 
2026-06-13 21:43:46.864350: Epoch 440
2026-06-13 21:43:46.865801: Current learning rate: 0.00593
2026-06-13 21:44:08.996966: train_loss -0.6282
2026-06-13 21:44:09.000105: val_loss -0.5456
2026-06-13 21:44:09.001543: Pseudo dice [0.2984]
2026-06-13 21:44:09.002986: Epoch time: 22.14 s
2026-06-13 21:44:09.935528: 
2026-06-13 21:44:09.937034: Epoch 441
2026-06-13 21:44:09.938686: Current learning rate: 0.00592
2026-06-13 21:44:32.066695: train_loss -0.6518
2026-06-13 21:44:32.072504: val_loss -0.6086
2026-06-13 21:44:32.074142: Pseudo dice [0.6305]
2026-06-13 21:44:32.075729: Epoch time: 22.13 s
2026-06-13 21:44:33.022878: 
2026-06-13 21:44:33.024524: Epoch 442
2026-06-13 21:44:33.026052: Current learning rate: 0.00592
2026-06-13 21:44:55.858812: train_loss -0.6443
2026-06-13 21:44:55.861845: val_loss -0.5404
2026-06-13 21:44:55.863294: Pseudo dice [0.5569]
2026-06-13 21:44:55.864835: Epoch time: 22.84 s
2026-06-13 21:44:56.802895: 
2026-06-13 21:44:56.804501: Epoch 443
2026-06-13 21:44:56.805996: Current learning rate: 0.00591
2026-06-13 21:45:19.127210: train_loss -0.6214
2026-06-13 21:45:19.130200: val_loss -0.5481
2026-06-13 21:45:19.131750: Pseudo dice [0.5894]
2026-06-13 21:45:19.133306: Epoch time: 22.33 s
2026-06-13 21:45:20.053948: 
2026-06-13 21:45:20.055451: Epoch 444
2026-06-13 21:45:20.056976: Current learning rate: 0.0059
2026-06-13 21:45:42.447437: train_loss -0.5975
2026-06-13 21:45:42.449939: val_loss -0.4742
2026-06-13 21:45:42.451360: Pseudo dice [0.4406]
2026-06-13 21:45:42.452741: Epoch time: 22.39 s
2026-06-13 21:45:43.373604: 
2026-06-13 21:45:43.375293: Epoch 445
2026-06-13 21:45:43.377126: Current learning rate: 0.00589
2026-06-13 21:46:05.597312: train_loss -0.6113
2026-06-13 21:46:05.603266: val_loss -0.524
2026-06-13 21:46:05.604736: Pseudo dice [0.5019]
2026-06-13 21:46:05.606358: Epoch time: 22.22 s
2026-06-13 21:46:06.532362: 
2026-06-13 21:46:06.533852: Epoch 446
2026-06-13 21:46:06.535260: Current learning rate: 0.00588
2026-06-13 21:46:28.877441: train_loss -0.643
2026-06-13 21:46:28.880174: val_loss -0.5461
2026-06-13 21:46:28.881747: Pseudo dice [0.5661]
2026-06-13 21:46:28.883298: Epoch time: 22.35 s
2026-06-13 21:46:29.824096: 
2026-06-13 21:46:29.825749: Epoch 447
2026-06-13 21:46:29.827300: Current learning rate: 0.00587
2026-06-13 21:46:52.199416: train_loss -0.6166
2026-06-13 21:46:52.201652: val_loss -0.5238
2026-06-13 21:46:52.203508: Pseudo dice [0.5061]
2026-06-13 21:46:52.204993: Epoch time: 22.38 s
2026-06-13 21:46:53.136255: 
2026-06-13 21:46:53.137971: Epoch 448
2026-06-13 21:46:53.139682: Current learning rate: 0.00586
2026-06-13 21:47:15.429328: train_loss -0.5951
2026-06-13 21:47:15.431780: val_loss -0.5503
2026-06-13 21:47:15.433281: Pseudo dice [0.5452]
2026-06-13 21:47:15.434750: Epoch time: 22.29 s
2026-06-13 21:47:16.371287: 
2026-06-13 21:47:16.373054: Epoch 449
2026-06-13 21:47:16.374733: Current learning rate: 0.00585
2026-06-13 21:47:38.590859: train_loss -0.6232
2026-06-13 21:47:38.592937: val_loss -0.5722
2026-06-13 21:47:38.594515: Pseudo dice [0.563]
2026-06-13 21:47:38.595965: Epoch time: 22.22 s
2026-06-13 21:47:40.007789: 
2026-06-13 21:47:40.015409: Epoch 450
2026-06-13 21:47:40.020328: Current learning rate: 0.00584
2026-06-13 21:48:02.285699: train_loss -0.6227
2026-06-13 21:48:02.287721: val_loss -0.5782
2026-06-13 21:48:02.289231: Pseudo dice [0.6071]
2026-06-13 21:48:02.290610: Epoch time: 22.28 s
2026-06-13 21:48:03.230532: 
2026-06-13 21:48:03.232223: Epoch 451
2026-06-13 21:48:03.233649: Current learning rate: 0.00583
2026-06-13 21:48:25.375377: train_loss -0.6614
2026-06-13 21:48:25.377612: val_loss -0.542
2026-06-13 21:48:25.379141: Pseudo dice [0.5432]
2026-06-13 21:48:25.380588: Epoch time: 22.15 s
2026-06-13 21:48:26.311525: 
2026-06-13 21:48:26.316326: Epoch 452
2026-06-13 21:48:26.317790: Current learning rate: 0.00582
2026-06-13 21:48:48.442578: train_loss -0.6393
2026-06-13 21:48:48.445161: val_loss -0.5198
2026-06-13 21:48:48.446760: Pseudo dice [0.5096]
2026-06-13 21:48:48.448291: Epoch time: 22.13 s
2026-06-13 21:48:49.371645: 
2026-06-13 21:48:49.373218: Epoch 453
2026-06-13 21:48:49.374820: Current learning rate: 0.00581
2026-06-13 21:49:11.533115: train_loss -0.659
2026-06-13 21:49:11.535181: val_loss -0.5076
2026-06-13 21:49:11.536667: Pseudo dice [0.4846]
2026-06-13 21:49:11.538148: Epoch time: 22.16 s
2026-06-13 21:49:12.463950: 
2026-06-13 21:49:12.468958: Epoch 454
2026-06-13 21:49:12.470625: Current learning rate: 0.0058
2026-06-13 21:49:34.621459: train_loss -0.6094
2026-06-13 21:49:34.628972: val_loss -0.5171
2026-06-13 21:49:34.630595: Pseudo dice [0.5259]
2026-06-13 21:49:34.632165: Epoch time: 22.16 s
2026-06-13 21:49:35.561627: 
2026-06-13 21:49:35.563211: Epoch 455
2026-06-13 21:49:35.564602: Current learning rate: 0.00579
2026-06-13 21:49:57.673383: train_loss -0.6484
2026-06-13 21:49:57.675379: val_loss -0.5358
2026-06-13 21:49:57.676818: Pseudo dice [0.5757]
2026-06-13 21:49:57.678273: Epoch time: 22.11 s
2026-06-13 21:49:58.605229: 
2026-06-13 21:49:58.606829: Epoch 456
2026-06-13 21:49:58.608407: Current learning rate: 0.00578
2026-06-13 21:50:20.762853: train_loss -0.5968
2026-06-13 21:50:20.764899: val_loss -0.5591
2026-06-13 21:50:20.766408: Pseudo dice [0.552]
2026-06-13 21:50:20.767873: Epoch time: 22.16 s
2026-06-13 21:50:21.692038: 
2026-06-13 21:50:21.693745: Epoch 457
2026-06-13 21:50:21.695121: Current learning rate: 0.00577
2026-06-13 21:50:43.833240: train_loss -0.659
2026-06-13 21:50:43.835570: val_loss -0.5364
2026-06-13 21:50:43.837088: Pseudo dice [0.4974]
2026-06-13 21:50:43.838741: Epoch time: 22.14 s
2026-06-13 21:50:44.765024: 
2026-06-13 21:50:44.766650: Epoch 458
2026-06-13 21:50:44.768163: Current learning rate: 0.00576
2026-06-13 21:51:06.835624: train_loss -0.6215
2026-06-13 21:51:06.840551: val_loss -0.5292
2026-06-13 21:51:06.842117: Pseudo dice [0.5337]
2026-06-13 21:51:06.843495: Epoch time: 22.07 s
2026-06-13 21:51:07.775833: 
2026-06-13 21:51:07.777565: Epoch 459
2026-06-13 21:51:07.779377: Current learning rate: 0.00575
2026-06-13 21:51:29.866378: train_loss -0.6582
2026-06-13 21:51:29.869004: val_loss -0.6051
2026-06-13 21:51:29.870489: Pseudo dice [0.5936]
2026-06-13 21:51:29.871922: Epoch time: 22.09 s
2026-06-13 21:51:30.807546: 
2026-06-13 21:51:30.809257: Epoch 460
2026-06-13 21:51:30.810986: Current learning rate: 0.00574
2026-06-13 21:51:52.890728: train_loss -0.663
2026-06-13 21:51:52.892944: val_loss -0.5181
2026-06-13 21:51:52.894428: Pseudo dice [0.503]
2026-06-13 21:51:52.896725: Epoch time: 22.08 s
2026-06-13 21:51:54.377320: 
2026-06-13 21:51:54.378929: Epoch 461
2026-06-13 21:51:54.380725: Current learning rate: 0.00573
2026-06-13 21:52:16.805407: train_loss -0.6259
2026-06-13 21:52:16.807588: val_loss -0.543
2026-06-13 21:52:16.809145: Pseudo dice [0.5799]
2026-06-13 21:52:16.810523: Epoch time: 22.43 s
2026-06-13 21:52:17.758499: 
2026-06-13 21:52:17.760276: Epoch 462
2026-06-13 21:52:17.761721: Current learning rate: 0.00572
2026-06-13 21:52:40.163003: train_loss -0.5993
2026-06-13 21:52:40.165097: val_loss -0.5286
2026-06-13 21:52:40.166743: Pseudo dice [0.4895]
2026-06-13 21:52:40.168192: Epoch time: 22.41 s
2026-06-13 21:52:41.108473: 
2026-06-13 21:52:41.110047: Epoch 463
2026-06-13 21:52:41.112031: Current learning rate: 0.00571
2026-06-13 21:53:03.487272: train_loss -0.6004
2026-06-13 21:53:03.489847: val_loss -0.609
2026-06-13 21:53:03.491323: Pseudo dice [0.5781]
2026-06-13 21:53:03.492934: Epoch time: 22.38 s
2026-06-13 21:53:04.434772: 
2026-06-13 21:53:04.436386: Epoch 464
2026-06-13 21:53:04.437922: Current learning rate: 0.0057
2026-06-13 21:53:26.812714: train_loss -0.6326
2026-06-13 21:53:26.814968: val_loss -0.5647
2026-06-13 21:53:26.816464: Pseudo dice [0.5358]
2026-06-13 21:53:26.818030: Epoch time: 22.38 s
2026-06-13 21:53:27.743621: 
2026-06-13 21:53:27.745251: Epoch 465
2026-06-13 21:53:27.746756: Current learning rate: 0.0057
2026-06-13 21:53:49.938328: train_loss -0.6411
2026-06-13 21:53:49.941943: val_loss -0.5511
2026-06-13 21:53:49.944128: Pseudo dice [0.4824]
2026-06-13 21:53:49.945695: Epoch time: 22.2 s
2026-06-13 21:53:50.866905: 
2026-06-13 21:53:50.868701: Epoch 466
2026-06-13 21:53:50.870386: Current learning rate: 0.00569
2026-06-13 21:54:13.105802: train_loss -0.6268
2026-06-13 21:54:13.109282: val_loss -0.5315
2026-06-13 21:54:13.111295: Pseudo dice [0.5301]
2026-06-13 21:54:13.112805: Epoch time: 22.24 s
2026-06-13 21:54:14.033943: 
2026-06-13 21:54:14.035417: Epoch 467
2026-06-13 21:54:14.036869: Current learning rate: 0.00568
2026-06-13 21:54:36.179280: train_loss -0.6545
2026-06-13 21:54:36.182211: val_loss -0.5234
2026-06-13 21:54:36.183784: Pseudo dice [0.4709]
2026-06-13 21:54:36.185278: Epoch time: 22.15 s
2026-06-13 21:54:37.122065: 
2026-06-13 21:54:37.123853: Epoch 468
2026-06-13 21:54:37.125414: Current learning rate: 0.00567
2026-06-13 21:54:59.327529: train_loss -0.6384
2026-06-13 21:54:59.331388: val_loss -0.5533
2026-06-13 21:54:59.332843: Pseudo dice [0.5254]
2026-06-13 21:54:59.334369: Epoch time: 22.21 s
2026-06-13 21:55:00.263136: 
2026-06-13 21:55:00.266107: Epoch 469
2026-06-13 21:55:00.269003: Current learning rate: 0.00566
2026-06-13 21:55:22.458223: train_loss -0.6419
2026-06-13 21:55:22.461447: val_loss -0.4796
2026-06-13 21:55:22.463348: Pseudo dice [0.4484]
2026-06-13 21:55:22.465037: Epoch time: 22.2 s
2026-06-13 21:55:23.396191: 
2026-06-13 21:55:23.398103: Epoch 470
2026-06-13 21:55:23.399670: Current learning rate: 0.00565
2026-06-13 21:55:45.546188: train_loss -0.6241
2026-06-13 21:55:45.549358: val_loss -0.5974
2026-06-13 21:55:45.550900: Pseudo dice [0.5967]
2026-06-13 21:55:45.552497: Epoch time: 22.15 s
2026-06-13 21:55:46.482548: 
2026-06-13 21:55:46.484148: Epoch 471
2026-06-13 21:55:46.485677: Current learning rate: 0.00564
2026-06-13 21:56:08.573923: train_loss -0.642
2026-06-13 21:56:08.577254: val_loss -0.5805
2026-06-13 21:56:08.578959: Pseudo dice [0.5808]
2026-06-13 21:56:08.580805: Epoch time: 22.09 s
2026-06-13 21:56:09.517214: 
2026-06-13 21:56:09.518859: Epoch 472
2026-06-13 21:56:09.520319: Current learning rate: 0.00563
2026-06-13 21:56:31.747342: train_loss -0.67
2026-06-13 21:56:31.751717: val_loss -0.5693
2026-06-13 21:56:31.753903: Pseudo dice [0.4776]
2026-06-13 21:56:31.755363: Epoch time: 22.23 s
2026-06-13 21:56:32.691247: 
2026-06-13 21:56:32.693014: Epoch 473
2026-06-13 21:56:32.694611: Current learning rate: 0.00562
2026-06-13 21:56:54.800693: train_loss -0.6544
2026-06-13 21:56:54.803499: val_loss -0.5215
2026-06-13 21:56:54.804956: Pseudo dice [0.51]
2026-06-13 21:56:54.806574: Epoch time: 22.11 s
2026-06-13 21:56:55.742271: 
2026-06-13 21:56:55.744077: Epoch 474
2026-06-13 21:56:55.745582: Current learning rate: 0.00561
2026-06-13 21:57:17.823154: train_loss -0.6614
2026-06-13 21:57:17.826146: val_loss -0.6116
2026-06-13 21:57:17.827677: Pseudo dice [0.5933]
2026-06-13 21:57:17.829367: Epoch time: 22.08 s
2026-06-13 21:57:18.815819: 
2026-06-13 21:57:18.817427: Epoch 475
2026-06-13 21:57:18.818947: Current learning rate: 0.0056
2026-06-13 21:57:40.895325: train_loss -0.6361
2026-06-13 21:57:40.898273: val_loss -0.5194
2026-06-13 21:57:40.899716: Pseudo dice [0.4368]
2026-06-13 21:57:40.901085: Epoch time: 22.08 s
2026-06-13 21:57:41.834426: 
2026-06-13 21:57:41.835908: Epoch 476
2026-06-13 21:57:41.837454: Current learning rate: 0.00559
2026-06-13 21:58:03.938417: train_loss -0.6213
2026-06-13 21:58:03.941574: val_loss -0.5829
2026-06-13 21:58:03.943153: Pseudo dice [0.5712]
2026-06-13 21:58:03.944774: Epoch time: 22.1 s
2026-06-13 21:58:04.877053: 
2026-06-13 21:58:04.878695: Epoch 477
2026-06-13 21:58:04.880244: Current learning rate: 0.00558
2026-06-13 21:58:26.994466: train_loss -0.6743
2026-06-13 21:58:26.997587: val_loss -0.5166
2026-06-13 21:58:26.999115: Pseudo dice [0.4691]
2026-06-13 21:58:27.000605: Epoch time: 22.12 s
2026-06-13 21:58:27.942212: 
2026-06-13 21:58:27.943836: Epoch 478
2026-06-13 21:58:27.945307: Current learning rate: 0.00557
2026-06-13 21:58:50.050758: train_loss -0.6333
2026-06-13 21:58:50.053757: val_loss -0.5637
2026-06-13 21:58:50.055266: Pseudo dice [0.5552]
2026-06-13 21:58:50.056830: Epoch time: 22.11 s
2026-06-13 21:58:51.542655: 
2026-06-13 21:58:51.544375: Epoch 479
2026-06-13 21:58:51.545911: Current learning rate: 0.00556
2026-06-13 21:59:13.834343: train_loss -0.6414
2026-06-13 21:59:13.837745: val_loss -0.5417
2026-06-13 21:59:13.839383: Pseudo dice [0.5225]
2026-06-13 21:59:13.840930: Epoch time: 22.29 s
2026-06-13 21:59:14.777168: 
2026-06-13 21:59:14.778888: Epoch 480
2026-06-13 21:59:14.780482: Current learning rate: 0.00555
2026-06-13 21:59:37.028145: train_loss -0.6441
2026-06-13 21:59:37.032989: val_loss -0.5578
2026-06-13 21:59:37.034574: Pseudo dice [0.5603]
2026-06-13 21:59:37.036025: Epoch time: 22.25 s
2026-06-13 21:59:37.970697: 
2026-06-13 21:59:37.972488: Epoch 481
2026-06-13 21:59:37.974139: Current learning rate: 0.00554
2026-06-13 22:00:00.400865: train_loss -0.5928
2026-06-13 22:00:00.404287: val_loss -0.5646
2026-06-13 22:00:00.405865: Pseudo dice [0.4743]
2026-06-13 22:00:00.407295: Epoch time: 22.43 s
2026-06-13 22:00:01.356862: 
2026-06-13 22:00:01.358866: Epoch 482
2026-06-13 22:00:01.360476: Current learning rate: 0.00553
2026-06-13 22:00:23.597973: train_loss -0.5898
2026-06-13 22:00:23.601368: val_loss -0.5554
2026-06-13 22:00:23.603029: Pseudo dice [0.5428]
2026-06-13 22:00:23.604697: Epoch time: 22.24 s
2026-06-13 22:00:24.541204: 
2026-06-13 22:00:24.542735: Epoch 483
2026-06-13 22:00:24.544258: Current learning rate: 0.00552
2026-06-13 22:00:46.875706: train_loss -0.6722
2026-06-13 22:00:46.880453: val_loss -0.5582
2026-06-13 22:00:46.882036: Pseudo dice [0.5564]
2026-06-13 22:00:46.883535: Epoch time: 22.34 s
2026-06-13 22:00:47.808995: 
2026-06-13 22:00:47.810719: Epoch 484
2026-06-13 22:00:47.812208: Current learning rate: 0.00551
2026-06-13 22:01:10.151353: train_loss -0.6553
2026-06-13 22:01:10.154855: val_loss -0.5353
2026-06-13 22:01:10.156569: Pseudo dice [0.4616]
2026-06-13 22:01:10.158014: Epoch time: 22.34 s
2026-06-13 22:01:11.103661: 
2026-06-13 22:01:11.105311: Epoch 485
2026-06-13 22:01:11.106923: Current learning rate: 0.0055
2026-06-13 22:01:33.396742: train_loss -0.6382
2026-06-13 22:01:33.399854: val_loss -0.5602
2026-06-13 22:01:33.401357: Pseudo dice [0.5437]
2026-06-13 22:01:33.402903: Epoch time: 22.29 s
2026-06-13 22:01:34.340661: 
2026-06-13 22:01:34.342243: Epoch 486
2026-06-13 22:01:34.343745: Current learning rate: 0.00549
2026-06-13 22:01:56.557783: train_loss -0.649
2026-06-13 22:01:56.562688: val_loss -0.581
2026-06-13 22:01:56.564419: Pseudo dice [0.579]
2026-06-13 22:01:56.566175: Epoch time: 22.22 s
2026-06-13 22:01:57.507083: 
2026-06-13 22:01:57.508704: Epoch 487
2026-06-13 22:01:57.510305: Current learning rate: 0.00548
2026-06-13 22:02:19.706836: train_loss -0.5614
2026-06-13 22:02:19.711108: val_loss -0.5768
2026-06-13 22:02:19.712529: Pseudo dice [0.5976]
2026-06-13 22:02:19.714040: Epoch time: 22.2 s
2026-06-13 22:02:20.658847: 
2026-06-13 22:02:20.660703: Epoch 488
2026-06-13 22:02:20.662208: Current learning rate: 0.00547
2026-06-13 22:02:42.794121: train_loss -0.5604
2026-06-13 22:02:42.797825: val_loss -0.599
2026-06-13 22:02:42.805082: Pseudo dice [0.5416]
2026-06-13 22:02:42.806783: Epoch time: 22.14 s
2026-06-13 22:02:43.746623: 
2026-06-13 22:02:43.748209: Epoch 489
2026-06-13 22:02:43.749638: Current learning rate: 0.00546
2026-06-13 22:03:05.880755: train_loss -0.6224
2026-06-13 22:03:05.885257: val_loss -0.5428
2026-06-13 22:03:05.886840: Pseudo dice [0.5457]
2026-06-13 22:03:05.888576: Epoch time: 22.14 s
2026-06-13 22:03:06.825883: 
2026-06-13 22:03:06.828516: Epoch 490
2026-06-13 22:03:06.830159: Current learning rate: 0.00546
2026-06-13 22:03:28.968347: train_loss -0.6692
2026-06-13 22:03:28.972089: val_loss -0.4821
2026-06-13 22:03:28.973744: Pseudo dice [0.4115]
2026-06-13 22:03:28.975353: Epoch time: 22.14 s
2026-06-13 22:03:29.915477: 
2026-06-13 22:03:29.917672: Epoch 491
2026-06-13 22:03:29.919653: Current learning rate: 0.00545
2026-06-13 22:03:51.989618: train_loss -0.6761
2026-06-13 22:03:51.992360: val_loss -0.5204
2026-06-13 22:03:51.993796: Pseudo dice [0.4531]
2026-06-13 22:03:51.995326: Epoch time: 22.08 s
2026-06-13 22:03:52.932490: 
2026-06-13 22:03:52.934047: Epoch 492
2026-06-13 22:03:52.935544: Current learning rate: 0.00544
2026-06-13 22:04:15.129610: train_loss -0.6488
2026-06-13 22:04:15.131634: val_loss -0.5683
2026-06-13 22:04:15.133057: Pseudo dice [0.546]
2026-06-13 22:04:15.134530: Epoch time: 22.2 s
2026-06-13 22:04:16.076181: 
2026-06-13 22:04:16.077793: Epoch 493
2026-06-13 22:04:16.079262: Current learning rate: 0.00543
2026-06-13 22:04:38.157650: train_loss -0.6548
2026-06-13 22:04:38.159855: val_loss -0.5367
2026-06-13 22:04:38.161804: Pseudo dice [0.5368]
2026-06-13 22:04:38.163296: Epoch time: 22.08 s
2026-06-13 22:04:39.094675: 
2026-06-13 22:04:39.096263: Epoch 494
2026-06-13 22:04:39.097823: Current learning rate: 0.00542
2026-06-13 22:05:01.181022: train_loss -0.6492
2026-06-13 22:05:01.183094: val_loss -0.5583
2026-06-13 22:05:01.184571: Pseudo dice [0.5923]
2026-06-13 22:05:01.185996: Epoch time: 22.09 s
2026-06-13 22:05:02.133134: 
2026-06-13 22:05:02.134681: Epoch 495
2026-06-13 22:05:02.136482: Current learning rate: 0.00541
2026-06-13 22:05:24.291605: train_loss -0.6556
2026-06-13 22:05:24.293829: val_loss -0.5982
2026-06-13 22:05:24.295444: Pseudo dice [0.5422]
2026-06-13 22:05:24.297401: Epoch time: 22.16 s
2026-06-13 22:05:25.232013: 
2026-06-13 22:05:25.233528: Epoch 496
2026-06-13 22:05:25.235038: Current learning rate: 0.0054
2026-06-13 22:05:47.372803: train_loss -0.6557
2026-06-13 22:05:47.376586: val_loss -0.4822
2026-06-13 22:05:47.378273: Pseudo dice [0.4996]
2026-06-13 22:05:47.379845: Epoch time: 22.14 s
2026-06-13 22:05:48.898270: 
2026-06-13 22:05:48.899957: Epoch 497
2026-06-13 22:05:48.901494: Current learning rate: 0.00539
2026-06-13 22:06:11.272380: train_loss -0.6372
2026-06-13 22:06:11.274398: val_loss -0.5546
2026-06-13 22:06:11.275772: Pseudo dice [0.4844]
2026-06-13 22:06:11.277510: Epoch time: 22.37 s
2026-06-13 22:06:12.220542: 
2026-06-13 22:06:12.222451: Epoch 498
2026-06-13 22:06:12.223937: Current learning rate: 0.00538
2026-06-13 22:06:34.623266: train_loss -0.63
2026-06-13 22:06:34.625264: val_loss -0.551
2026-06-13 22:06:34.626702: Pseudo dice [0.5326]
2026-06-13 22:06:34.628259: Epoch time: 22.4 s
2026-06-13 22:06:35.569194: 
2026-06-13 22:06:35.573354: Epoch 499
2026-06-13 22:06:35.579842: Current learning rate: 0.00537
2026-06-13 22:06:57.871445: train_loss -0.6511
2026-06-13 22:06:57.891617: val_loss -0.6152
2026-06-13 22:06:57.904309: Pseudo dice [0.5994]
2026-06-13 22:06:57.914855: Epoch time: 22.3 s
2026-06-13 22:06:59.360497: 
2026-06-13 22:06:59.362087: Epoch 500
2026-06-13 22:06:59.363726: Current learning rate: 0.00536
2026-06-13 22:07:21.608713: train_loss -0.6711
2026-06-13 22:07:21.610967: val_loss -0.5918
2026-06-13 22:07:21.612663: Pseudo dice [0.5939]
2026-06-13 22:07:21.614359: Epoch time: 22.25 s
2026-06-13 22:07:22.548526: 
2026-06-13 22:07:22.550250: Epoch 501
2026-06-13 22:07:22.551821: Current learning rate: 0.00535
2026-06-13 22:07:44.780504: train_loss -0.6637
2026-06-13 22:07:44.782719: val_loss -0.6082
2026-06-13 22:07:44.784452: Pseudo dice [0.6349]
2026-06-13 22:07:44.785979: Epoch time: 22.23 s
2026-06-13 22:07:44.787584: Yayy! New best EMA pseudo Dice: 0.5474
2026-06-13 22:07:46.224623: 
2026-06-13 22:07:46.226439: Epoch 502
2026-06-13 22:07:46.228022: Current learning rate: 0.00534
2026-06-13 22:08:08.417908: train_loss -0.6694
2026-06-13 22:08:08.420824: val_loss -0.5152
2026-06-13 22:08:08.422352: Pseudo dice [0.4104]
2026-06-13 22:08:08.423926: Epoch time: 22.19 s
2026-06-13 22:08:09.373962: 
2026-06-13 22:08:09.375917: Epoch 503
2026-06-13 22:08:09.377654: Current learning rate: 0.00533
2026-06-13 22:08:31.617978: train_loss -0.6456
2026-06-13 22:08:31.620229: val_loss -0.5347
2026-06-13 22:08:31.621875: Pseudo dice [0.5181]
2026-06-13 22:08:31.623832: Epoch time: 22.24 s
2026-06-13 22:08:32.560841: 
2026-06-13 22:08:32.563082: Epoch 504
2026-06-13 22:08:32.564752: Current learning rate: 0.00532
2026-06-13 22:08:54.704041: train_loss -0.6303
2026-06-13 22:08:54.706422: val_loss -0.5187
2026-06-13 22:08:54.707864: Pseudo dice [0.5109]
2026-06-13 22:08:54.709545: Epoch time: 22.14 s
2026-06-13 22:08:55.640302: 
2026-06-13 22:08:55.641950: Epoch 505
2026-06-13 22:08:55.643513: Current learning rate: 0.00531
2026-06-13 22:09:17.815701: train_loss -0.6471
2026-06-13 22:09:17.818232: val_loss -0.5792
2026-06-13 22:09:17.819792: Pseudo dice [0.5493]
2026-06-13 22:09:17.821714: Epoch time: 22.18 s
2026-06-13 22:09:18.764403: 
2026-06-13 22:09:18.766107: Epoch 506
2026-06-13 22:09:18.767611: Current learning rate: 0.0053
2026-06-13 22:09:40.921055: train_loss -0.63
2026-06-13 22:09:40.923422: val_loss -0.5335
2026-06-13 22:09:40.925061: Pseudo dice [0.5465]
2026-06-13 22:09:40.926943: Epoch time: 22.16 s
2026-06-13 22:09:41.875076: 
2026-06-13 22:09:41.876680: Epoch 507
2026-06-13 22:09:41.878233: Current learning rate: 0.00529
2026-06-13 22:10:04.071459: train_loss -0.6527
2026-06-13 22:10:04.073868: val_loss -0.5569
2026-06-13 22:10:04.075401: Pseudo dice [0.5632]
2026-06-13 22:10:04.076972: Epoch time: 22.2 s
2026-06-13 22:10:05.011942: 
2026-06-13 22:10:05.013465: Epoch 508
2026-06-13 22:10:05.014896: Current learning rate: 0.00528
2026-06-13 22:10:27.108808: train_loss -0.6749
2026-06-13 22:10:27.113046: val_loss -0.5393
2026-06-13 22:10:27.115626: Pseudo dice [0.5881]
2026-06-13 22:10:27.117227: Epoch time: 22.1 s
2026-06-13 22:10:28.060277: 
2026-06-13 22:10:28.061874: Epoch 509
2026-06-13 22:10:28.063374: Current learning rate: 0.00527
2026-06-13 22:10:50.163989: train_loss -0.6063
2026-06-13 22:10:50.166945: val_loss -0.4729
2026-06-13 22:10:50.168553: Pseudo dice [0.1645]
2026-06-13 22:10:50.170045: Epoch time: 22.1 s
2026-06-13 22:10:51.106242: 
2026-06-13 22:10:51.107670: Epoch 510
2026-06-13 22:10:51.109272: Current learning rate: 0.00526
2026-06-13 22:11:13.167881: train_loss -0.6085
2026-06-13 22:11:13.170032: val_loss -0.4795
2026-06-13 22:11:13.171578: Pseudo dice [0.4457]
2026-06-13 22:11:13.173095: Epoch time: 22.06 s
2026-06-13 22:11:14.106117: 
2026-06-13 22:11:14.107975: Epoch 511
2026-06-13 22:11:14.109603: Current learning rate: 0.00525
2026-06-13 22:11:36.172225: train_loss -0.6139
2026-06-13 22:11:36.174596: val_loss -0.4825
2026-06-13 22:11:36.176057: Pseudo dice [0.1885]
2026-06-13 22:11:36.177578: Epoch time: 22.07 s
2026-06-13 22:11:37.116215: 
2026-06-13 22:11:37.117796: Epoch 512
2026-06-13 22:11:37.119218: Current learning rate: 0.00524
2026-06-13 22:11:59.172935: train_loss -0.5308
2026-06-13 22:11:59.174878: val_loss -0.4993
2026-06-13 22:11:59.176497: Pseudo dice [0.5114]
2026-06-13 22:11:59.177952: Epoch time: 22.06 s
2026-06-13 22:12:00.110774: 
2026-06-13 22:12:00.112496: Epoch 513
2026-06-13 22:12:00.113864: Current learning rate: 0.00523
2026-06-13 22:12:22.155530: train_loss -0.5876
2026-06-13 22:12:22.158554: val_loss -0.5363
2026-06-13 22:12:22.160095: Pseudo dice [0.5199]
2026-06-13 22:12:22.162211: Epoch time: 22.05 s
2026-06-13 22:12:23.657893: 
2026-06-13 22:12:23.659476: Epoch 514
2026-06-13 22:12:23.660938: Current learning rate: 0.00522
2026-06-13 22:12:45.953088: train_loss -0.668
2026-06-13 22:12:45.955826: val_loss -0.5998
2026-06-13 22:12:45.957335: Pseudo dice [0.5936]
2026-06-13 22:12:45.958708: Epoch time: 22.3 s
2026-06-13 22:12:46.891786: 
2026-06-13 22:12:46.893349: Epoch 515
2026-06-13 22:12:46.894770: Current learning rate: 0.00521
2026-06-13 22:13:09.222416: train_loss -0.6527
2026-06-13 22:13:09.225355: val_loss -0.5258
2026-06-13 22:13:09.226864: Pseudo dice [0.4923]
2026-06-13 22:13:09.228405: Epoch time: 22.33 s
2026-06-13 22:13:10.170715: 
2026-06-13 22:13:10.172271: Epoch 516
2026-06-13 22:13:10.173730: Current learning rate: 0.0052
2026-06-13 22:13:32.415668: train_loss -0.6495
2026-06-13 22:13:32.418881: val_loss -0.5411
2026-06-13 22:13:32.420448: Pseudo dice [0.5033]
2026-06-13 22:13:32.421993: Epoch time: 22.25 s
2026-06-13 22:13:33.362304: 
2026-06-13 22:13:33.363749: Epoch 517
2026-06-13 22:13:33.365108: Current learning rate: 0.00519
2026-06-13 22:13:55.734755: train_loss -0.6698
2026-06-13 22:13:55.738120: val_loss -0.5353
2026-06-13 22:13:55.739526: Pseudo dice [0.5091]
2026-06-13 22:13:55.741030: Epoch time: 22.37 s
2026-06-13 22:13:56.679746: 
2026-06-13 22:13:56.681340: Epoch 518
2026-06-13 22:13:56.682750: Current learning rate: 0.00518
2026-06-13 22:14:19.019323: train_loss -0.6177
2026-06-13 22:14:19.022225: val_loss -0.4534
2026-06-13 22:14:19.023691: Pseudo dice [0.4542]
2026-06-13 22:14:19.025212: Epoch time: 22.34 s
2026-06-13 22:14:19.981746: 
2026-06-13 22:14:19.983237: Epoch 519
2026-06-13 22:14:19.984753: Current learning rate: 0.00518
2026-06-13 22:14:42.302918: train_loss -0.6522
2026-06-13 22:14:42.306239: val_loss -0.5279
2026-06-13 22:14:42.308090: Pseudo dice [0.5515]
2026-06-13 22:14:42.309777: Epoch time: 22.32 s
2026-06-13 22:14:43.261396: 
2026-06-13 22:14:43.263100: Epoch 520
2026-06-13 22:14:43.264649: Current learning rate: 0.00517
2026-06-13 22:15:05.494562: train_loss -0.6265
2026-06-13 22:15:05.500826: val_loss -0.5081
2026-06-13 22:15:05.502478: Pseudo dice [0.4832]
2026-06-13 22:15:05.503926: Epoch time: 22.23 s
2026-06-13 22:15:06.458799: 
2026-06-13 22:15:06.460547: Epoch 521
2026-06-13 22:15:06.462174: Current learning rate: 0.00516
2026-06-13 22:15:28.661280: train_loss -0.6266
2026-06-13 22:15:28.664665: val_loss -0.5598
2026-06-13 22:15:28.670864: Pseudo dice [0.548]
2026-06-13 22:15:28.681258: Epoch time: 22.2 s
2026-06-13 22:15:29.629250: 
2026-06-13 22:15:29.631027: Epoch 522
2026-06-13 22:15:29.632563: Current learning rate: 0.00515
2026-06-13 22:15:51.746583: train_loss -0.6383
2026-06-13 22:15:51.759445: val_loss -0.5384
2026-06-13 22:15:51.761050: Pseudo dice [0.5463]
2026-06-13 22:15:51.762427: Epoch time: 22.12 s
2026-06-13 22:15:52.707006: 
2026-06-13 22:15:52.708736: Epoch 523
2026-06-13 22:15:52.710325: Current learning rate: 0.00514
2026-06-13 22:16:14.933807: train_loss -0.6402
2026-06-13 22:16:14.937131: val_loss -0.5946
2026-06-13 22:16:14.938704: Pseudo dice [0.5873]
2026-06-13 22:16:14.940243: Epoch time: 22.23 s
2026-06-13 22:16:15.881379: 
2026-06-13 22:16:15.882907: Epoch 524
2026-06-13 22:16:15.884524: Current learning rate: 0.00513
2026-06-13 22:16:37.990005: train_loss -0.6389
2026-06-13 22:16:37.992681: val_loss -0.5219
2026-06-13 22:16:37.994225: Pseudo dice [0.561]
2026-06-13 22:16:37.995785: Epoch time: 22.11 s
2026-06-13 22:16:38.931130: 
2026-06-13 22:16:38.932791: Epoch 525
2026-06-13 22:16:38.934227: Current learning rate: 0.00512
2026-06-13 22:17:01.006152: train_loss -0.6516
2026-06-13 22:17:01.009715: val_loss -0.5644
2026-06-13 22:17:01.011339: Pseudo dice [0.5606]
2026-06-13 22:17:01.012814: Epoch time: 22.08 s
2026-06-13 22:17:01.967330: 
2026-06-13 22:17:01.968988: Epoch 526
2026-06-13 22:17:01.970445: Current learning rate: 0.00511
2026-06-13 22:17:24.108978: train_loss -0.6462
2026-06-13 22:17:24.111810: val_loss -0.5607
2026-06-13 22:17:24.113309: Pseudo dice [0.5678]
2026-06-13 22:17:24.115019: Epoch time: 22.14 s
2026-06-13 22:17:25.056223: 
2026-06-13 22:17:25.057869: Epoch 527
2026-06-13 22:17:25.059430: Current learning rate: 0.0051
2026-06-13 22:17:47.193814: train_loss -0.6251
2026-06-13 22:17:47.196538: val_loss -0.5388
2026-06-13 22:17:47.197988: Pseudo dice [0.4198]
2026-06-13 22:17:47.199523: Epoch time: 22.14 s
2026-06-13 22:17:48.146330: 
2026-06-13 22:17:48.147952: Epoch 528
2026-06-13 22:17:48.149478: Current learning rate: 0.00509
2026-06-13 22:18:10.247140: train_loss -0.6431
2026-06-13 22:18:10.250281: val_loss -0.5281
2026-06-13 22:18:10.251790: Pseudo dice [0.5263]
2026-06-13 22:18:10.253179: Epoch time: 22.1 s
2026-06-13 22:18:11.207659: 
2026-06-13 22:18:11.209174: Epoch 529
2026-06-13 22:18:11.210567: Current learning rate: 0.00508
2026-06-13 22:18:33.355798: train_loss -0.6333
2026-06-13 22:18:33.358701: val_loss -0.5503
2026-06-13 22:18:33.360360: Pseudo dice [0.5461]
2026-06-13 22:18:33.361841: Epoch time: 22.15 s
2026-06-13 22:18:34.306587: 
2026-06-13 22:18:34.308389: Epoch 530
2026-06-13 22:18:34.309947: Current learning rate: 0.00507
2026-06-13 22:18:56.359004: train_loss -0.6195
2026-06-13 22:18:56.362046: val_loss -0.5605
2026-06-13 22:18:56.363682: Pseudo dice [0.5406]
2026-06-13 22:18:56.365148: Epoch time: 22.05 s
2026-06-13 22:18:57.311692: 
2026-06-13 22:18:57.313323: Epoch 531
2026-06-13 22:18:57.315024: Current learning rate: 0.00506
2026-06-13 22:19:19.379829: train_loss -0.656
2026-06-13 22:19:19.382979: val_loss -0.5167
2026-06-13 22:19:19.387377: Pseudo dice [0.5474]
2026-06-13 22:19:19.389015: Epoch time: 22.07 s
2026-06-13 22:19:20.925878: 
2026-06-13 22:19:20.927448: Epoch 532
2026-06-13 22:19:20.928977: Current learning rate: 0.00505
2026-06-13 22:19:43.269182: train_loss -0.6428
2026-06-13 22:19:43.272280: val_loss -0.6175
2026-06-13 22:19:43.273835: Pseudo dice [0.5801]
2026-06-13 22:19:43.275282: Epoch time: 22.34 s
2026-06-13 22:19:44.211491: 
2026-06-13 22:19:44.212948: Epoch 533
2026-06-13 22:19:44.214357: Current learning rate: 0.00504
2026-06-13 22:20:06.595276: train_loss -0.6511
2026-06-13 22:20:06.598030: val_loss -0.4861
2026-06-13 22:20:06.599535: Pseudo dice [0.4634]
2026-06-13 22:20:06.601045: Epoch time: 22.38 s
2026-06-13 22:20:07.542454: 
2026-06-13 22:20:07.544066: Epoch 534
2026-06-13 22:20:07.545631: Current learning rate: 0.00503
2026-06-13 22:20:29.864330: train_loss -0.6593
2026-06-13 22:20:29.867454: val_loss -0.5023
2026-06-13 22:20:29.868937: Pseudo dice [0.1631]
2026-06-13 22:20:29.870642: Epoch time: 22.32 s
2026-06-13 22:20:30.808319: 
2026-06-13 22:20:30.809990: Epoch 535
2026-06-13 22:20:30.811503: Current learning rate: 0.00502
2026-06-13 22:20:53.121389: train_loss -0.6602
2026-06-13 22:20:53.124199: val_loss -0.45
2026-06-13 22:20:53.125616: Pseudo dice [0.223]
2026-06-13 22:20:53.127001: Epoch time: 22.31 s
2026-06-13 22:20:54.075459: 
2026-06-13 22:20:54.077364: Epoch 536
2026-06-13 22:20:54.078840: Current learning rate: 0.00501
2026-06-13 22:21:16.354603: train_loss -0.608
2026-06-13 22:21:16.357269: val_loss -0.5294
2026-06-13 22:21:16.358748: Pseudo dice [0.5251]
2026-06-13 22:21:16.360179: Epoch time: 22.28 s
2026-06-13 22:21:17.313086: 
2026-06-13 22:21:17.314798: Epoch 537
2026-06-13 22:21:17.316176: Current learning rate: 0.005
2026-06-13 22:21:39.550525: train_loss -0.6113
2026-06-13 22:21:39.553673: val_loss -0.4832
2026-06-13 22:21:39.555117: Pseudo dice [0.4699]
2026-06-13 22:21:39.556643: Epoch time: 22.24 s
2026-06-13 22:21:40.512443: 
2026-06-13 22:21:40.514149: Epoch 538
2026-06-13 22:21:40.515704: Current learning rate: 0.00499
2026-06-13 22:22:02.752580: train_loss -0.6595
2026-06-13 22:22:02.755497: val_loss -0.5672
2026-06-13 22:22:02.756944: Pseudo dice [0.5859]
2026-06-13 22:22:02.758423: Epoch time: 22.24 s
2026-06-13 22:22:03.706725: 
2026-06-13 22:22:03.708194: Epoch 539
2026-06-13 22:22:03.709562: Current learning rate: 0.00498
2026-06-13 22:22:25.904346: train_loss -0.6709
2026-06-13 22:22:25.907150: val_loss -0.591
2026-06-13 22:22:25.908566: Pseudo dice [0.5984]
2026-06-13 22:22:25.909931: Epoch time: 22.2 s
2026-06-13 22:22:26.855474: 
2026-06-13 22:22:26.857204: Epoch 540
2026-06-13 22:22:26.858961: Current learning rate: 0.00497
2026-06-13 22:22:49.065154: train_loss -0.6481
2026-06-13 22:22:49.068752: val_loss -0.5513
2026-06-13 22:22:49.070279: Pseudo dice [0.5282]
2026-06-13 22:22:49.071861: Epoch time: 22.21 s
2026-06-13 22:22:50.006407: 
2026-06-13 22:22:50.008129: Epoch 541
2026-06-13 22:22:50.010023: Current learning rate: 0.00496
2026-06-13 22:23:12.204450: train_loss -0.626
2026-06-13 22:23:12.207343: val_loss -0.4972
2026-06-13 22:23:12.208847: Pseudo dice [0.5106]
2026-06-13 22:23:12.210255: Epoch time: 22.2 s
2026-06-13 22:23:13.155146: 
2026-06-13 22:23:13.156810: Epoch 542
2026-06-13 22:23:13.158181: Current learning rate: 0.00495
2026-06-13 22:23:35.256290: train_loss -0.6861
2026-06-13 22:23:35.258630: val_loss -0.4767
2026-06-13 22:23:35.260204: Pseudo dice [0.4823]
2026-06-13 22:23:35.261732: Epoch time: 22.1 s
2026-06-13 22:23:36.211725: 
2026-06-13 22:23:36.213459: Epoch 543
2026-06-13 22:23:36.215009: Current learning rate: 0.00494
2026-06-13 22:23:58.356780: train_loss -0.6771
2026-06-13 22:23:58.358939: val_loss -0.6011
2026-06-13 22:23:58.360492: Pseudo dice [0.6065]
2026-06-13 22:23:58.362033: Epoch time: 22.15 s
2026-06-13 22:23:59.306981: 
2026-06-13 22:23:59.308647: Epoch 544
2026-06-13 22:23:59.310148: Current learning rate: 0.00493
2026-06-13 22:24:21.371989: train_loss -0.6682
2026-06-13 22:24:21.374811: val_loss -0.536
2026-06-13 22:24:21.376555: Pseudo dice [0.547]
2026-06-13 22:24:21.378073: Epoch time: 22.07 s
2026-06-13 22:24:22.316434: 
2026-06-13 22:24:22.318022: Epoch 545
2026-06-13 22:24:22.319680: Current learning rate: 0.00492
2026-06-13 22:24:44.418757: train_loss -0.6736
2026-06-13 22:24:44.421029: val_loss -0.5808
2026-06-13 22:24:44.422663: Pseudo dice [0.542]
2026-06-13 22:24:44.424306: Epoch time: 22.1 s
2026-06-13 22:24:45.376711: 
2026-06-13 22:24:45.378446: Epoch 546
2026-06-13 22:24:45.379856: Current learning rate: 0.00491
2026-06-13 22:25:07.552516: train_loss -0.6435
2026-06-13 22:25:07.554706: val_loss -0.5981
2026-06-13 22:25:07.556178: Pseudo dice [0.5975]
2026-06-13 22:25:07.557775: Epoch time: 22.18 s
2026-06-13 22:25:08.498388: 
2026-06-13 22:25:08.499902: Epoch 547
2026-06-13 22:25:08.501409: Current learning rate: 0.0049
2026-06-13 22:25:30.547689: train_loss -0.6643
2026-06-13 22:25:30.549969: val_loss -0.5621
2026-06-13 22:25:30.551389: Pseudo dice [0.5697]
2026-06-13 22:25:30.552906: Epoch time: 22.05 s
2026-06-13 22:25:31.505596: 
2026-06-13 22:25:31.507117: Epoch 548
2026-06-13 22:25:31.509362: Current learning rate: 0.00489
2026-06-13 22:25:53.580058: train_loss -0.6307
2026-06-13 22:25:53.582151: val_loss -0.5114
2026-06-13 22:25:53.583611: Pseudo dice [0.5205]
2026-06-13 22:25:53.585090: Epoch time: 22.08 s
2026-06-13 22:25:54.524214: 
2026-06-13 22:25:54.525810: Epoch 549
2026-06-13 22:25:54.527286: Current learning rate: 0.00488
2026-06-13 22:26:16.583723: train_loss -0.6862
2026-06-13 22:26:16.586258: val_loss -0.5604
2026-06-13 22:26:16.587954: Pseudo dice [0.5516]
2026-06-13 22:26:16.589813: Epoch time: 22.06 s
2026-06-13 22:26:18.606890: 
2026-06-13 22:26:18.608553: Epoch 550
2026-06-13 22:26:18.610099: Current learning rate: 0.00487
2026-06-13 22:26:40.897659: train_loss -0.6608
2026-06-13 22:26:40.900233: val_loss -0.6001
2026-06-13 22:26:40.902840: Pseudo dice [0.6134]
2026-06-13 22:26:40.904485: Epoch time: 22.29 s
2026-06-13 22:26:41.854181: 
2026-06-13 22:26:41.855842: Epoch 551
2026-06-13 22:26:41.857345: Current learning rate: 0.00486
2026-06-13 22:27:04.064386: train_loss -0.6949
2026-06-13 22:27:04.066389: val_loss -0.5942
2026-06-13 22:27:04.067913: Pseudo dice [0.5803]
2026-06-13 22:27:04.069404: Epoch time: 22.21 s
2026-06-13 22:27:05.019204: 
2026-06-13 22:27:05.020804: Epoch 552
2026-06-13 22:27:05.022301: Current learning rate: 0.00485
2026-06-13 22:27:27.293511: train_loss -0.6806
2026-06-13 22:27:27.295776: val_loss -0.5402
2026-06-13 22:27:27.297285: Pseudo dice [0.5697]
2026-06-13 22:27:27.298892: Epoch time: 22.28 s
2026-06-13 22:27:28.250646: 
2026-06-13 22:27:28.252339: Epoch 553
2026-06-13 22:27:28.253881: Current learning rate: 0.00484
2026-06-13 22:27:50.564324: train_loss -0.6104
2026-06-13 22:27:50.566468: val_loss -0.5531
2026-06-13 22:27:50.567953: Pseudo dice [0.5378]
2026-06-13 22:27:50.569419: Epoch time: 22.31 s
2026-06-13 22:27:51.529339: 
2026-06-13 22:27:51.530840: Epoch 554
2026-06-13 22:27:51.532230: Current learning rate: 0.00484
2026-06-13 22:28:13.655933: train_loss -0.6696
2026-06-13 22:28:13.657906: val_loss -0.5692
2026-06-13 22:28:13.659413: Pseudo dice [0.5506]
2026-06-13 22:28:13.660894: Epoch time: 22.13 s
2026-06-13 22:28:14.626986: 
2026-06-13 22:28:14.628754: Epoch 555
2026-06-13 22:28:14.630160: Current learning rate: 0.00483
2026-06-13 22:28:36.800794: train_loss -0.6646
2026-06-13 22:28:36.803610: val_loss -0.5903
2026-06-13 22:28:36.805495: Pseudo dice [0.591]
2026-06-13 22:28:36.807636: Epoch time: 22.17 s
2026-06-13 22:28:36.809606: Yayy! New best EMA pseudo Dice: 0.5489
2026-06-13 22:28:38.253746: 
2026-06-13 22:28:38.255503: Epoch 556
2026-06-13 22:28:38.257122: Current learning rate: 0.00482
2026-06-13 22:29:00.393356: train_loss -0.6888
2026-06-13 22:29:00.396100: val_loss -0.5443
2026-06-13 22:29:00.397610: Pseudo dice [0.6254]
2026-06-13 22:29:00.399120: Epoch time: 22.14 s
2026-06-13 22:29:00.401071: Yayy! New best EMA pseudo Dice: 0.5566
2026-06-13 22:29:01.833470: 
2026-06-13 22:29:01.835162: Epoch 557
2026-06-13 22:29:01.836538: Current learning rate: 0.00481
2026-06-13 22:29:24.023750: train_loss -0.6654
2026-06-13 22:29:24.025889: val_loss -0.4226
2026-06-13 22:29:24.027453: Pseudo dice [0.1724]
2026-06-13 22:29:24.028984: Epoch time: 22.19 s
2026-06-13 22:29:24.981503: 
2026-06-13 22:29:24.983226: Epoch 558
2026-06-13 22:29:24.984637: Current learning rate: 0.0048
2026-06-13 22:29:47.114200: train_loss -0.6496
2026-06-13 22:29:47.116344: val_loss -0.5025
2026-06-13 22:29:47.117979: Pseudo dice [0.5377]
2026-06-13 22:29:47.119600: Epoch time: 22.13 s
2026-06-13 22:29:48.077337: 
2026-06-13 22:29:48.079063: Epoch 559
2026-06-13 22:29:48.080878: Current learning rate: 0.00479
2026-06-13 22:30:10.186491: train_loss -0.6278
2026-06-13 22:30:10.188679: val_loss -0.623
2026-06-13 22:30:10.190130: Pseudo dice [0.6171]
2026-06-13 22:30:10.191711: Epoch time: 22.11 s
2026-06-13 22:30:11.144946: 
2026-06-13 22:30:11.147409: Epoch 560
2026-06-13 22:30:11.148997: Current learning rate: 0.00478
2026-06-13 22:30:33.318554: train_loss -0.6488
2026-06-13 22:30:33.320827: val_loss -0.518
2026-06-13 22:30:33.322399: Pseudo dice [0.4955]
2026-06-13 22:30:33.324579: Epoch time: 22.17 s
2026-06-13 22:30:34.282499: 
2026-06-13 22:30:34.284292: Epoch 561
2026-06-13 22:30:34.285940: Current learning rate: 0.00477
2026-06-13 22:30:56.447679: train_loss -0.6564
2026-06-13 22:30:56.449750: val_loss -0.6086
2026-06-13 22:30:56.451395: Pseudo dice [0.5788]
2026-06-13 22:30:56.453043: Epoch time: 22.17 s
2026-06-13 22:30:57.388510: 
2026-06-13 22:30:57.390327: Epoch 562
2026-06-13 22:30:57.392014: Current learning rate: 0.00476
2026-06-13 22:31:19.467809: train_loss -0.6875
2026-06-13 22:31:19.470406: val_loss -0.5679
2026-06-13 22:31:19.471993: Pseudo dice [0.5503]
2026-06-13 22:31:19.473529: Epoch time: 22.08 s
2026-06-13 22:31:20.425096: 
2026-06-13 22:31:20.426790: Epoch 563
2026-06-13 22:31:20.428350: Current learning rate: 0.00475
2026-06-13 22:31:42.515292: train_loss -0.662
2026-06-13 22:31:42.518230: val_loss -0.5048
2026-06-13 22:31:42.519827: Pseudo dice [0.5186]
2026-06-13 22:31:42.521396: Epoch time: 22.09 s
2026-06-13 22:31:43.478351: 
2026-06-13 22:31:43.480117: Epoch 564
2026-06-13 22:31:43.481768: Current learning rate: 0.00474
2026-06-13 22:32:05.625210: train_loss -0.6572
2026-06-13 22:32:05.628595: val_loss -0.5831
2026-06-13 22:32:05.630316: Pseudo dice [0.5377]
2026-06-13 22:32:05.631987: Epoch time: 22.15 s
2026-06-13 22:32:06.581881: 
2026-06-13 22:32:06.583531: Epoch 565
2026-06-13 22:32:06.585150: Current learning rate: 0.00473
2026-06-13 22:32:28.710592: train_loss -0.6688
2026-06-13 22:32:28.713718: val_loss -0.549
2026-06-13 22:32:28.715109: Pseudo dice [0.532]
2026-06-13 22:32:28.716790: Epoch time: 22.13 s
2026-06-13 22:32:29.666867: 
2026-06-13 22:32:29.668393: Epoch 566
2026-06-13 22:32:29.669951: Current learning rate: 0.00472
2026-06-13 22:32:51.793892: train_loss -0.697
2026-06-13 22:32:51.797230: val_loss -0.5397
2026-06-13 22:32:51.798830: Pseudo dice [0.5243]
2026-06-13 22:32:51.800330: Epoch time: 22.13 s
2026-06-13 22:32:53.365743: 
2026-06-13 22:32:53.367951: Epoch 567
2026-06-13 22:32:53.369633: Current learning rate: 0.00471
2026-06-13 22:33:15.595117: train_loss -0.6817
2026-06-13 22:33:15.598825: val_loss -0.5961
2026-06-13 22:33:15.600573: Pseudo dice [0.604]
2026-06-13 22:33:15.602233: Epoch time: 22.23 s
2026-06-13 22:33:16.561759: 
2026-06-13 22:33:16.563474: Epoch 568
2026-06-13 22:33:16.565115: Current learning rate: 0.0047
2026-06-13 22:33:38.933031: train_loss -0.6667
2026-06-13 22:33:38.936146: val_loss -0.5124
2026-06-13 22:33:38.937699: Pseudo dice [0.5562]
2026-06-13 22:33:38.939247: Epoch time: 22.37 s
2026-06-13 22:33:39.899556: 
2026-06-13 22:33:39.901212: Epoch 569
2026-06-13 22:33:39.902678: Current learning rate: 0.00469
2026-06-13 22:34:02.226264: train_loss -0.661
2026-06-13 22:34:02.229346: val_loss -0.6041
2026-06-13 22:34:02.230966: Pseudo dice [0.509]
2026-06-13 22:34:02.232538: Epoch time: 22.33 s
2026-06-13 22:34:03.189202: 
2026-06-13 22:34:03.190705: Epoch 570
2026-06-13 22:34:03.192648: Current learning rate: 0.00468
2026-06-13 22:34:25.439265: train_loss -0.6532
2026-06-13 22:34:25.442385: val_loss -0.5828
2026-06-13 22:34:25.444108: Pseudo dice [0.5671]
2026-06-13 22:34:25.445647: Epoch time: 22.25 s
2026-06-13 22:34:26.420109: 
2026-06-13 22:34:26.421674: Epoch 571
2026-06-13 22:34:26.423255: Current learning rate: 0.00467
2026-06-13 22:34:48.558132: train_loss -0.6836
2026-06-13 22:34:48.561409: val_loss -0.5619
2026-06-13 22:34:48.563011: Pseudo dice [0.5287]
2026-06-13 22:34:48.564504: Epoch time: 22.14 s
2026-06-13 22:34:49.519004: 
2026-06-13 22:34:49.520798: Epoch 572
2026-06-13 22:34:49.522332: Current learning rate: 0.00466
2026-06-13 22:35:11.725575: train_loss -0.673
2026-06-13 22:35:11.729247: val_loss -0.5884
2026-06-13 22:35:11.730763: Pseudo dice [0.57]
2026-06-13 22:35:11.733716: Epoch time: 22.21 s
2026-06-13 22:35:12.694324: 
2026-06-13 22:35:12.696048: Epoch 573
2026-06-13 22:35:12.697774: Current learning rate: 0.00465
2026-06-13 22:35:34.824345: train_loss -0.6636
2026-06-13 22:35:34.827270: val_loss -0.5506
2026-06-13 22:35:34.828749: Pseudo dice [0.5163]
2026-06-13 22:35:34.830157: Epoch time: 22.13 s
2026-06-13 22:35:35.789020: 
2026-06-13 22:35:35.792996: Epoch 574
2026-06-13 22:35:35.794628: Current learning rate: 0.00464
2026-06-13 22:35:57.929919: train_loss -0.6261
2026-06-13 22:35:57.933656: val_loss -0.5781
2026-06-13 22:35:57.936058: Pseudo dice [0.2239]
2026-06-13 22:35:57.937830: Epoch time: 22.14 s
2026-06-13 22:35:58.896556: 
2026-06-13 22:35:58.898731: Epoch 575
2026-06-13 22:35:58.900710: Current learning rate: 0.00463
2026-06-13 22:36:21.075710: train_loss -0.6888
2026-06-13 22:36:21.079619: val_loss -0.5447
2026-06-13 22:36:21.081162: Pseudo dice [0.5086]
2026-06-13 22:36:21.082829: Epoch time: 22.18 s
2026-06-13 22:36:22.033605: 
2026-06-13 22:36:22.035513: Epoch 576
2026-06-13 22:36:22.037083: Current learning rate: 0.00462
2026-06-13 22:36:44.056859: train_loss -0.6937
2026-06-13 22:36:44.060027: val_loss -0.6064
2026-06-13 22:36:44.061625: Pseudo dice [0.6219]
2026-06-13 22:36:44.063724: Epoch time: 22.02 s
2026-06-13 22:36:45.021461: 
2026-06-13 22:36:45.023121: Epoch 577
2026-06-13 22:36:45.024573: Current learning rate: 0.00461
2026-06-13 22:37:07.163599: train_loss -0.6968
2026-06-13 22:37:07.167280: val_loss -0.5477
2026-06-13 22:37:07.169209: Pseudo dice [0.5295]
2026-06-13 22:37:07.170791: Epoch time: 22.14 s
2026-06-13 22:37:08.132641: 
2026-06-13 22:37:08.134133: Epoch 578
2026-06-13 22:37:08.135688: Current learning rate: 0.0046
2026-06-13 22:37:30.183421: train_loss -0.6994
2026-06-13 22:37:30.186348: val_loss -0.5662
2026-06-13 22:37:30.187997: Pseudo dice [0.5021]
2026-06-13 22:37:30.189667: Epoch time: 22.05 s
2026-06-13 22:37:31.142298: 
2026-06-13 22:37:31.143899: Epoch 579
2026-06-13 22:37:31.145435: Current learning rate: 0.00459
2026-06-13 22:37:53.204515: train_loss -0.6622
2026-06-13 22:37:53.207413: val_loss -0.5848
2026-06-13 22:37:53.208901: Pseudo dice [0.5768]
2026-06-13 22:37:53.210455: Epoch time: 22.06 s
2026-06-13 22:37:54.170744: 
2026-06-13 22:37:54.172369: Epoch 580
2026-06-13 22:37:54.173882: Current learning rate: 0.00458
2026-06-13 22:38:16.229693: train_loss -0.6879
2026-06-13 22:38:16.232501: val_loss -0.6143
2026-06-13 22:38:16.233949: Pseudo dice [0.6022]
2026-06-13 22:38:16.235578: Epoch time: 22.06 s
2026-06-13 22:38:17.185435: 
2026-06-13 22:38:17.187922: Epoch 581
2026-06-13 22:38:17.189584: Current learning rate: 0.00457
2026-06-13 22:38:39.227706: train_loss -0.6781
2026-06-13 22:38:39.230550: val_loss -0.507
2026-06-13 22:38:39.232018: Pseudo dice [0.5324]
2026-06-13 22:38:39.233562: Epoch time: 22.04 s
2026-06-13 22:38:40.190639: 
2026-06-13 22:38:40.192422: Epoch 582
2026-06-13 22:38:40.193912: Current learning rate: 0.00456
2026-06-13 22:39:02.277421: train_loss -0.6716
2026-06-13 22:39:02.280746: val_loss -0.5886
2026-06-13 22:39:02.282236: Pseudo dice [0.3563]
2026-06-13 22:39:02.283745: Epoch time: 22.09 s
2026-06-13 22:39:03.241721: 
2026-06-13 22:39:03.243574: Epoch 583
2026-06-13 22:39:03.245339: Current learning rate: 0.00455
2026-06-13 22:39:25.316202: train_loss -0.6617
2026-06-13 22:39:25.319583: val_loss -0.557
2026-06-13 22:39:25.321153: Pseudo dice [0.5332]
2026-06-13 22:39:25.322650: Epoch time: 22.08 s
2026-06-13 22:39:26.292902: 
2026-06-13 22:39:26.294530: Epoch 584
2026-06-13 22:39:26.296091: Current learning rate: 0.00454
2026-06-13 22:39:48.343303: train_loss -0.6988
2026-06-13 22:39:48.346177: val_loss -0.549
2026-06-13 22:39:48.347744: Pseudo dice [0.5159]
2026-06-13 22:39:48.349300: Epoch time: 22.05 s
2026-06-13 22:39:49.882821: 
2026-06-13 22:39:49.884511: Epoch 585
2026-06-13 22:39:49.886057: Current learning rate: 0.00453
2026-06-13 22:40:12.173701: train_loss -0.6852
2026-06-13 22:40:12.177227: val_loss -0.6103
2026-06-13 22:40:12.180057: Pseudo dice [0.5766]
2026-06-13 22:40:12.181647: Epoch time: 22.29 s
2026-06-13 22:40:13.140862: 
2026-06-13 22:40:13.142441: Epoch 586
2026-06-13 22:40:13.143907: Current learning rate: 0.00452
2026-06-13 22:40:35.445127: train_loss -0.6589
2026-06-13 22:40:35.468114: val_loss -0.5815
2026-06-13 22:40:35.474614: Pseudo dice [0.5944]
2026-06-13 22:40:35.481535: Epoch time: 22.31 s
2026-06-13 22:40:36.433168: 
2026-06-13 22:40:36.434789: Epoch 587
2026-06-13 22:40:36.436365: Current learning rate: 0.00451
2026-06-13 22:40:58.721785: train_loss -0.6703
2026-06-13 22:40:58.724573: val_loss -0.5023
2026-06-13 22:40:58.726104: Pseudo dice [0.5284]
2026-06-13 22:40:58.727833: Epoch time: 22.29 s
2026-06-13 22:40:59.686441: 
2026-06-13 22:40:59.688002: Epoch 588
2026-06-13 22:40:59.689513: Current learning rate: 0.0045
2026-06-13 22:41:21.914260: train_loss -0.697
2026-06-13 22:41:21.917768: val_loss -0.5458
2026-06-13 22:41:21.919336: Pseudo dice [0.5563]
2026-06-13 22:41:21.920861: Epoch time: 22.23 s
2026-06-13 22:41:22.881824: 
2026-06-13 22:41:22.883368: Epoch 589
2026-06-13 22:41:22.884806: Current learning rate: 0.00449
2026-06-13 22:41:45.082547: train_loss -0.7202
2026-06-13 22:41:45.085406: val_loss -0.6417
2026-06-13 22:41:45.086975: Pseudo dice [0.6359]
2026-06-13 22:41:45.088478: Epoch time: 22.2 s
2026-06-13 22:41:46.043613: 
2026-06-13 22:41:46.045409: Epoch 590
2026-06-13 22:41:46.046928: Current learning rate: 0.00448
2026-06-13 22:42:08.199840: train_loss -0.6874
2026-06-13 22:42:08.202927: val_loss -0.5625
2026-06-13 22:42:08.204440: Pseudo dice [0.5149]
2026-06-13 22:42:08.205937: Epoch time: 22.16 s
2026-06-13 22:42:09.163538: 
2026-06-13 22:42:09.165051: Epoch 591
2026-06-13 22:42:09.166834: Current learning rate: 0.00447
2026-06-13 22:42:31.245397: train_loss -0.6785
2026-06-13 22:42:31.247390: val_loss -0.5945
2026-06-13 22:42:31.248900: Pseudo dice [0.5746]
2026-06-13 22:42:31.250379: Epoch time: 22.08 s
2026-06-13 22:42:32.206982: 
2026-06-13 22:42:32.208601: Epoch 592
2026-06-13 22:42:32.210119: Current learning rate: 0.00446
2026-06-13 22:42:54.281422: train_loss -0.664
2026-06-13 22:42:54.283552: val_loss -0.571
2026-06-13 22:42:54.284956: Pseudo dice [0.5872]
2026-06-13 22:42:54.286391: Epoch time: 22.08 s
2026-06-13 22:42:55.247199: 
2026-06-13 22:42:55.248856: Epoch 593
2026-06-13 22:42:55.250321: Current learning rate: 0.00445
2026-06-13 22:43:17.313420: train_loss -0.6702
2026-06-13 22:43:17.315492: val_loss -0.523
2026-06-13 22:43:17.316981: Pseudo dice [0.3335]
2026-06-13 22:43:17.318548: Epoch time: 22.07 s
2026-06-13 22:43:18.279866: 
2026-06-13 22:43:18.281330: Epoch 594
2026-06-13 22:43:18.282749: Current learning rate: 0.00444
2026-06-13 22:43:40.428212: train_loss -0.6593
2026-06-13 22:43:40.430214: val_loss -0.5904
2026-06-13 22:43:40.431737: Pseudo dice [0.5742]
2026-06-13 22:43:40.433253: Epoch time: 22.15 s
2026-06-13 22:43:41.395346: 
2026-06-13 22:43:41.396876: Epoch 595
2026-06-13 22:43:41.398306: Current learning rate: 0.00443
2026-06-13 22:44:03.552033: train_loss -0.6738
2026-06-13 22:44:03.554670: val_loss -0.4988
2026-06-13 22:44:03.556108: Pseudo dice [0.1634]
2026-06-13 22:44:03.557567: Epoch time: 22.16 s
2026-06-13 22:44:04.519251: 
2026-06-13 22:44:04.520906: Epoch 596
2026-06-13 22:44:04.522388: Current learning rate: 0.00442
2026-06-13 22:44:26.540915: train_loss -0.6641
2026-06-13 22:44:26.542944: val_loss -0.5467
2026-06-13 22:44:26.544395: Pseudo dice [0.5409]
2026-06-13 22:44:26.545759: Epoch time: 22.02 s
2026-06-13 22:44:27.504192: 
2026-06-13 22:44:27.505807: Epoch 597
2026-06-13 22:44:27.507234: Current learning rate: 0.00441
2026-06-13 22:44:49.629483: train_loss -0.6798
2026-06-13 22:44:49.631634: val_loss -0.5472
2026-06-13 22:44:49.633147: Pseudo dice [0.5608]
2026-06-13 22:44:49.634733: Epoch time: 22.13 s
2026-06-13 22:44:50.595783: 
2026-06-13 22:44:50.597351: Epoch 598
2026-06-13 22:44:50.599096: Current learning rate: 0.0044
2026-06-13 22:45:12.695715: train_loss -0.6891
2026-06-13 22:45:12.700062: val_loss -0.5671
2026-06-13 22:45:12.701550: Pseudo dice [0.5615]
2026-06-13 22:45:12.702987: Epoch time: 22.1 s
2026-06-13 22:45:13.669225: 
2026-06-13 22:45:13.670585: Epoch 599
2026-06-13 22:45:13.671935: Current learning rate: 0.00439
2026-06-13 22:45:35.754920: train_loss -0.7122
2026-06-13 22:45:35.757869: val_loss -0.5373
2026-06-13 22:45:35.759413: Pseudo dice [0.5799]
2026-06-13 22:45:35.760909: Epoch time: 22.09 s
2026-06-13 22:45:37.201515: 
2026-06-13 22:45:37.203139: Epoch 600
2026-06-13 22:45:37.204648: Current learning rate: 0.00438
2026-06-13 22:45:59.310467: train_loss -0.69
2026-06-13 22:45:59.312557: val_loss -0.5484
2026-06-13 22:45:59.314093: Pseudo dice [0.5687]
2026-06-13 22:45:59.315548: Epoch time: 22.11 s
2026-06-13 22:46:00.276307: 
2026-06-13 22:46:00.277950: Epoch 601
2026-06-13 22:46:00.279456: Current learning rate: 0.00437
2026-06-13 22:46:22.358808: train_loss -0.6693
2026-06-13 22:46:22.361816: val_loss -0.5169
2026-06-13 22:46:22.363696: Pseudo dice [0.545]
2026-06-13 22:46:22.365667: Epoch time: 22.08 s
2026-06-13 22:46:23.870475: 
2026-06-13 22:46:23.872456: Epoch 602
2026-06-13 22:46:23.874024: Current learning rate: 0.00436
2026-06-13 22:46:46.219173: train_loss -0.6884
2026-06-13 22:46:46.221191: val_loss -0.5854
2026-06-13 22:46:46.222714: Pseudo dice [0.549]
2026-06-13 22:46:46.224097: Epoch time: 22.35 s
2026-06-13 22:46:47.178275: 
2026-06-13 22:46:47.179886: Epoch 603
2026-06-13 22:46:47.181302: Current learning rate: 0.00435
2026-06-13 22:47:09.487009: train_loss -0.6733
2026-06-13 22:47:09.489105: val_loss -0.4727
2026-06-13 22:47:09.490604: Pseudo dice [0.4673]
2026-06-13 22:47:09.492142: Epoch time: 22.31 s
2026-06-13 22:47:10.459515: 
2026-06-13 22:47:10.461298: Epoch 604
2026-06-13 22:47:10.462856: Current learning rate: 0.00434
2026-06-13 22:47:32.693357: train_loss -0.6883
2026-06-13 22:47:32.695794: val_loss -0.5441
2026-06-13 22:47:32.697300: Pseudo dice [0.5509]
2026-06-13 22:47:32.698827: Epoch time: 22.23 s
2026-06-13 22:47:33.654395: 
2026-06-13 22:47:33.655959: Epoch 605
2026-06-13 22:47:33.657446: Current learning rate: 0.00433
2026-06-13 22:47:55.851448: train_loss -0.7113
2026-06-13 22:47:55.853491: val_loss -0.5551
2026-06-13 22:47:55.855055: Pseudo dice [0.4791]
2026-06-13 22:47:55.856478: Epoch time: 22.2 s
2026-06-13 22:47:56.817672: 
2026-06-13 22:47:56.819338: Epoch 606
2026-06-13 22:47:56.820856: Current learning rate: 0.00432
2026-06-13 22:48:19.010215: train_loss -0.6946
2026-06-13 22:48:19.012340: val_loss -0.5295
2026-06-13 22:48:19.013917: Pseudo dice [0.5223]
2026-06-13 22:48:19.015579: Epoch time: 22.19 s
2026-06-13 22:48:19.973058: 
2026-06-13 22:48:19.974864: Epoch 607
2026-06-13 22:48:19.976373: Current learning rate: 0.00431
2026-06-13 22:48:42.055042: train_loss -0.6881
2026-06-13 22:48:42.057494: val_loss -0.5518
2026-06-13 22:48:42.058967: Pseudo dice [0.5793]
2026-06-13 22:48:42.060545: Epoch time: 22.08 s
2026-06-13 22:48:43.023076: 
2026-06-13 22:48:43.024850: Epoch 608
2026-06-13 22:48:43.026280: Current learning rate: 0.0043
2026-06-13 22:49:05.099524: train_loss -0.6619
2026-06-13 22:49:05.102274: val_loss -0.5095
2026-06-13 22:49:05.104087: Pseudo dice [0.5423]
2026-06-13 22:49:05.105777: Epoch time: 22.08 s
2026-06-13 22:49:06.070559: 
2026-06-13 22:49:06.072110: Epoch 609
2026-06-13 22:49:06.073587: Current learning rate: 0.00429
2026-06-13 22:49:28.226942: train_loss -0.6784
2026-06-13 22:49:28.229193: val_loss -0.5732
2026-06-13 22:49:28.230867: Pseudo dice [0.5743]
2026-06-13 22:49:28.232606: Epoch time: 22.16 s
2026-06-13 22:49:29.183777: 
2026-06-13 22:49:29.185736: Epoch 610
2026-06-13 22:49:29.187408: Current learning rate: 0.00429
2026-06-13 22:49:51.209556: train_loss -0.7055
2026-06-13 22:49:51.212037: val_loss -0.5466
2026-06-13 22:49:51.213585: Pseudo dice [0.497]
2026-06-13 22:49:51.215178: Epoch time: 22.03 s
2026-06-13 22:49:52.168697: 
2026-06-13 22:49:52.170281: Epoch 611
2026-06-13 22:49:52.171840: Current learning rate: 0.00428
2026-06-13 22:50:14.288251: train_loss -0.6854
2026-06-13 22:50:14.291459: val_loss -0.5522
2026-06-13 22:50:14.292928: Pseudo dice [0.56]
2026-06-13 22:50:14.294398: Epoch time: 22.12 s
2026-06-13 22:50:15.247981: 
2026-06-13 22:50:15.249607: Epoch 612
2026-06-13 22:50:15.251071: Current learning rate: 0.00427
2026-06-13 22:50:37.313212: train_loss -0.6998
2026-06-13 22:50:37.316849: val_loss -0.5495
2026-06-13 22:50:37.318415: Pseudo dice [0.5059]
2026-06-13 22:50:37.319983: Epoch time: 22.07 s
2026-06-13 22:50:38.281573: 
2026-06-13 22:50:38.283161: Epoch 613
2026-06-13 22:50:38.284714: Current learning rate: 0.00426
2026-06-13 22:51:00.433061: train_loss -0.6902
2026-06-13 22:51:00.436192: val_loss -0.5336
2026-06-13 22:51:00.437840: Pseudo dice [0.5181]
2026-06-13 22:51:00.439345: Epoch time: 22.15 s
2026-06-13 22:51:01.411502: 
2026-06-13 22:51:01.413063: Epoch 614
2026-06-13 22:51:01.414623: Current learning rate: 0.00425
2026-06-13 22:51:23.494905: train_loss -0.706
2026-06-13 22:51:23.497781: val_loss -0.5784
2026-06-13 22:51:23.499259: Pseudo dice [0.3424]
2026-06-13 22:51:23.500817: Epoch time: 22.08 s
2026-06-13 22:51:24.460951: 
2026-06-13 22:51:24.462525: Epoch 615
2026-06-13 22:51:24.463999: Current learning rate: 0.00424
2026-06-13 22:51:46.530965: train_loss -0.6616
2026-06-13 22:51:46.546940: val_loss -0.5918
2026-06-13 22:51:46.553499: Pseudo dice [0.5841]
2026-06-13 22:51:46.560406: Epoch time: 22.07 s
2026-06-13 22:51:47.540932: 
2026-06-13 22:51:47.542522: Epoch 616
2026-06-13 22:51:47.544205: Current learning rate: 0.00423
2026-06-13 22:52:09.593621: train_loss -0.6648
2026-06-13 22:52:09.596797: val_loss -0.5511
2026-06-13 22:52:09.598411: Pseudo dice [0.5541]
2026-06-13 22:52:09.599943: Epoch time: 22.05 s
2026-06-13 22:52:10.563605: 
2026-06-13 22:52:10.565268: Epoch 617
2026-06-13 22:52:10.566777: Current learning rate: 0.00422
2026-06-13 22:52:32.653310: train_loss -0.7001
2026-06-13 22:52:32.658553: val_loss -0.5675
2026-06-13 22:52:32.660149: Pseudo dice [0.5542]
2026-06-13 22:52:32.664687: Epoch time: 22.09 s
2026-06-13 22:52:33.625767: 
2026-06-13 22:52:33.627421: Epoch 618
2026-06-13 22:52:33.628942: Current learning rate: 0.00421
2026-06-13 22:52:55.676600: train_loss -0.6907
2026-06-13 22:52:55.685885: val_loss -0.6342
2026-06-13 22:52:55.687460: Pseudo dice [0.6007]
2026-06-13 22:52:55.688928: Epoch time: 22.05 s
2026-06-13 22:52:57.215553: 
2026-06-13 22:52:57.217316: Epoch 619
2026-06-13 22:52:57.218813: Current learning rate: 0.0042
2026-06-13 22:53:19.471862: train_loss -0.7189
2026-06-13 22:53:19.474996: val_loss -0.5102
2026-06-13 22:53:19.476557: Pseudo dice [0.5474]
2026-06-13 22:53:19.478056: Epoch time: 22.26 s
2026-06-13 22:53:20.433382: 
2026-06-13 22:53:20.434971: Epoch 620
2026-06-13 22:53:20.436493: Current learning rate: 0.00419
2026-06-13 22:53:42.755878: train_loss -0.6944
2026-06-13 22:53:42.758641: val_loss -0.5732
2026-06-13 22:53:42.760197: Pseudo dice [0.5299]
2026-06-13 22:53:42.761739: Epoch time: 22.32 s
2026-06-13 22:53:43.726984: 
2026-06-13 22:53:43.728806: Epoch 621
2026-06-13 22:53:43.730263: Current learning rate: 0.00418
2026-06-13 22:54:05.930393: train_loss -0.669
2026-06-13 22:54:05.933367: val_loss -0.5292
2026-06-13 22:54:05.934885: Pseudo dice [0.512]
2026-06-13 22:54:05.936371: Epoch time: 22.2 s
2026-06-13 22:54:06.903949: 
2026-06-13 22:54:06.905560: Epoch 622
2026-06-13 22:54:06.907084: Current learning rate: 0.00417
2026-06-13 22:54:29.121179: train_loss -0.7006
2026-06-13 22:54:29.124086: val_loss -0.5434
2026-06-13 22:54:29.125761: Pseudo dice [0.5406]
2026-06-13 22:54:29.129770: Epoch time: 22.22 s
2026-06-13 22:54:30.095622: 
2026-06-13 22:54:30.097247: Epoch 623
2026-06-13 22:54:30.098770: Current learning rate: 0.00416
2026-06-13 22:54:52.329389: train_loss -0.685
2026-06-13 22:54:52.332463: val_loss -0.6011
2026-06-13 22:54:52.334037: Pseudo dice [0.5856]
2026-06-13 22:54:52.335544: Epoch time: 22.23 s
2026-06-13 22:54:53.309438: 
2026-06-13 22:54:53.311076: Epoch 624
2026-06-13 22:54:53.312558: Current learning rate: 0.00415
2026-06-13 22:55:15.450634: train_loss -0.6836
2026-06-13 22:55:15.453947: val_loss -0.515
2026-06-13 22:55:15.455585: Pseudo dice [0.2654]
2026-06-13 22:55:15.457106: Epoch time: 22.14 s
2026-06-13 22:55:16.427171: 
2026-06-13 22:55:16.428694: Epoch 625
2026-06-13 22:55:16.430104: Current learning rate: 0.00414
2026-06-13 22:55:38.473650: train_loss -0.6896
2026-06-13 22:55:38.476820: val_loss -0.5791
2026-06-13 22:55:38.478362: Pseudo dice [0.5721]
2026-06-13 22:55:38.479751: Epoch time: 22.05 s
2026-06-13 22:55:39.457088: 
2026-06-13 22:55:39.458822: Epoch 626
2026-06-13 22:55:39.460313: Current learning rate: 0.00413
2026-06-13 22:56:01.634946: train_loss -0.6953
2026-06-13 22:56:01.638501: val_loss -0.5966
2026-06-13 22:56:01.640357: Pseudo dice [0.5546]
2026-06-13 22:56:01.642100: Epoch time: 22.18 s
2026-06-13 22:56:02.605932: 
2026-06-13 22:56:02.607654: Epoch 627
2026-06-13 22:56:02.609195: Current learning rate: 0.00412
2026-06-13 22:56:24.766989: train_loss -0.6832
2026-06-13 22:56:24.770010: val_loss -0.5676
2026-06-13 22:56:24.771530: Pseudo dice [0.5372]
2026-06-13 22:56:24.772938: Epoch time: 22.16 s
2026-06-13 22:56:25.745986: 
2026-06-13 22:56:25.747526: Epoch 628
2026-06-13 22:56:25.748924: Current learning rate: 0.00411
2026-06-13 22:56:47.822559: train_loss -0.7197
2026-06-13 22:56:47.825812: val_loss -0.5917
2026-06-13 22:56:47.827279: Pseudo dice [0.6064]
2026-06-13 22:56:47.828678: Epoch time: 22.08 s
2026-06-13 22:56:48.809453: 
2026-06-13 22:56:48.811102: Epoch 629
2026-06-13 22:56:48.812678: Current learning rate: 0.0041
2026-06-13 22:57:10.793767: train_loss -0.7031
2026-06-13 22:57:10.796995: val_loss -0.5953
2026-06-13 22:57:10.798424: Pseudo dice [0.5966]
2026-06-13 22:57:10.799907: Epoch time: 21.99 s
2026-06-13 22:57:11.772676: 
2026-06-13 22:57:11.775448: Epoch 630
2026-06-13 22:57:11.776950: Current learning rate: 0.00409
2026-06-13 22:57:33.857119: train_loss -0.702
2026-06-13 22:57:33.860324: val_loss -0.5896
2026-06-13 22:57:33.861975: Pseudo dice [0.5469]
2026-06-13 22:57:33.863526: Epoch time: 22.09 s
2026-06-13 22:57:34.844596: 
2026-06-13 22:57:34.846317: Epoch 631
2026-06-13 22:57:34.847835: Current learning rate: 0.00408
2026-06-13 22:57:56.938527: train_loss -0.7035
2026-06-13 22:57:56.942256: val_loss -0.5222
2026-06-13 22:57:56.943899: Pseudo dice [0.4523]
2026-06-13 22:57:56.945520: Epoch time: 22.09 s
2026-06-13 22:57:57.912451: 
2026-06-13 22:57:57.913968: Epoch 632
2026-06-13 22:57:57.915620: Current learning rate: 0.00407
2026-06-13 22:58:20.006029: train_loss -0.6926
2026-06-13 22:58:20.008967: val_loss -0.5502
2026-06-13 22:58:20.010797: Pseudo dice [0.5916]
2026-06-13 22:58:20.012698: Epoch time: 22.09 s
2026-06-13 22:58:20.979043: 
2026-06-13 22:58:20.980662: Epoch 633
2026-06-13 22:58:20.982240: Current learning rate: 0.00406
2026-06-13 22:58:43.056934: train_loss -0.7022
2026-06-13 22:58:43.059970: val_loss -0.5524
2026-06-13 22:58:43.061776: Pseudo dice [0.5463]
2026-06-13 22:58:43.063296: Epoch time: 22.08 s
2026-06-13 22:58:44.035075: 
2026-06-13 22:58:44.037085: Epoch 634
2026-06-13 22:58:44.039245: Current learning rate: 0.00405
2026-06-13 22:59:06.065947: train_loss -0.6573
2026-06-13 22:59:06.068689: val_loss -0.5546
2026-06-13 22:59:06.070482: Pseudo dice [0.5988]
2026-06-13 22:59:06.072274: Epoch time: 22.03 s
2026-06-13 22:59:07.044067: 
2026-06-13 22:59:07.045732: Epoch 635
2026-06-13 22:59:07.047417: Current learning rate: 0.00404
2026-06-13 22:59:29.116575: train_loss -0.631
2026-06-13 22:59:29.118655: val_loss -0.5272
2026-06-13 22:59:29.120266: Pseudo dice [0.4718]
2026-06-13 22:59:29.121766: Epoch time: 22.07 s
2026-06-13 22:59:30.644702: 
2026-06-13 22:59:30.646316: Epoch 636
2026-06-13 22:59:30.647846: Current learning rate: 0.00403
2026-06-13 22:59:52.906937: train_loss -0.6645
2026-06-13 22:59:52.909132: val_loss -0.509
2026-06-13 22:59:52.910872: Pseudo dice [0.4887]
2026-06-13 22:59:52.912536: Epoch time: 22.26 s
2026-06-13 22:59:53.890213: 
2026-06-13 22:59:53.891907: Epoch 637
2026-06-13 22:59:53.893289: Current learning rate: 0.00402
2026-06-13 23:00:16.214651: train_loss -0.6356
2026-06-13 23:00:16.216925: val_loss -0.5517
2026-06-13 23:00:16.218470: Pseudo dice [0.5455]
2026-06-13 23:00:16.219961: Epoch time: 22.33 s
2026-06-13 23:00:17.502922: 
2026-06-13 23:00:17.504427: Epoch 638
2026-06-13 23:00:17.505794: Current learning rate: 0.00401
2026-06-13 23:00:39.762658: train_loss -0.6694
2026-06-13 23:00:39.764970: val_loss -0.5128
2026-06-13 23:00:39.766548: Pseudo dice [0.4751]
2026-06-13 23:00:39.768096: Epoch time: 22.26 s
2026-06-13 23:00:40.736382: 
2026-06-13 23:00:40.738746: Epoch 639
2026-06-13 23:00:40.740210: Current learning rate: 0.004
2026-06-13 23:01:02.931833: train_loss -0.698
2026-06-13 23:01:02.934032: val_loss -0.6162
2026-06-13 23:01:02.935484: Pseudo dice [0.6262]
2026-06-13 23:01:02.937032: Epoch time: 22.2 s
2026-06-13 23:01:03.912038: 
2026-06-13 23:01:03.914880: Epoch 640
2026-06-13 23:01:03.917326: Current learning rate: 0.00399
2026-06-13 23:01:26.150624: train_loss -0.6947
2026-06-13 23:01:26.152791: val_loss -0.5902
2026-06-13 23:01:26.154270: Pseudo dice [0.5743]
2026-06-13 23:01:26.155797: Epoch time: 22.24 s
2026-06-13 23:01:27.125502: 
2026-06-13 23:01:27.127109: Epoch 641
2026-06-13 23:01:27.128602: Current learning rate: 0.00398
2026-06-13 23:01:49.298103: train_loss -0.6656
2026-06-13 23:01:49.300268: val_loss -0.6038
2026-06-13 23:01:49.301746: Pseudo dice [0.6276]
2026-06-13 23:01:49.303292: Epoch time: 22.17 s
2026-06-13 23:01:50.279785: 
2026-06-13 23:01:50.281371: Epoch 642
2026-06-13 23:01:50.282822: Current learning rate: 0.00397
2026-06-13 23:02:12.525279: train_loss -0.6526
2026-06-13 23:02:12.529184: val_loss -0.5226
2026-06-13 23:02:12.530792: Pseudo dice [0.4726]
2026-06-13 23:02:12.533260: Epoch time: 22.25 s
2026-06-13 23:02:13.505110: 
2026-06-13 23:02:13.509622: Epoch 643
2026-06-13 23:02:13.511295: Current learning rate: 0.00396
2026-06-13 23:02:35.673778: train_loss -0.6764
2026-06-13 23:02:35.676254: val_loss -0.5505
2026-06-13 23:02:35.677722: Pseudo dice [0.5126]
2026-06-13 23:02:35.679268: Epoch time: 22.17 s
2026-06-13 23:02:36.653586: 
2026-06-13 23:02:36.658487: Epoch 644
2026-06-13 23:02:36.661854: Current learning rate: 0.00395
2026-06-13 23:02:58.840854: train_loss -0.6913
2026-06-13 23:02:58.842862: val_loss -0.5174
2026-06-13 23:02:58.844881: Pseudo dice [0.5137]
2026-06-13 23:02:58.846419: Epoch time: 22.19 s
2026-06-13 23:02:59.811550: 
2026-06-13 23:02:59.813204: Epoch 645
2026-06-13 23:02:59.814739: Current learning rate: 0.00394
2026-06-13 23:03:21.974956: train_loss -0.7016
2026-06-13 23:03:21.977379: val_loss -0.5794
2026-06-13 23:03:21.979137: Pseudo dice [0.6029]
2026-06-13 23:03:21.980842: Epoch time: 22.16 s
2026-06-13 23:03:22.956439: 
2026-06-13 23:03:22.958057: Epoch 646
2026-06-13 23:03:22.959774: Current learning rate: 0.00393
2026-06-13 23:03:45.114736: train_loss -0.6701
2026-06-13 23:03:45.117038: val_loss -0.5625
2026-06-13 23:03:45.118540: Pseudo dice [0.5675]
2026-06-13 23:03:45.120090: Epoch time: 22.16 s
2026-06-13 23:03:46.082401: 
2026-06-13 23:03:46.084032: Epoch 647
2026-06-13 23:03:46.085562: Current learning rate: 0.00392
2026-06-13 23:04:08.145897: train_loss -0.6926
2026-06-13 23:04:08.148031: val_loss -0.5074
2026-06-13 23:04:08.149655: Pseudo dice [0.4462]
2026-06-13 23:04:08.151189: Epoch time: 22.06 s
2026-06-13 23:04:09.113852: 
2026-06-13 23:04:09.115669: Epoch 648
2026-06-13 23:04:09.117105: Current learning rate: 0.00391
2026-06-13 23:04:31.187090: train_loss -0.6774
2026-06-13 23:04:31.189267: val_loss -0.5272
2026-06-13 23:04:31.190752: Pseudo dice [0.5745]
2026-06-13 23:04:31.192371: Epoch time: 22.07 s
2026-06-13 23:04:32.149562: 
2026-06-13 23:04:32.151125: Epoch 649
2026-06-13 23:04:32.152734: Current learning rate: 0.0039
2026-06-13 23:04:54.275150: train_loss -0.6241
2026-06-13 23:04:54.277329: val_loss -0.5376
2026-06-13 23:04:54.278879: Pseudo dice [0.5542]
2026-06-13 23:04:54.280236: Epoch time: 22.13 s
2026-06-13 23:04:55.734167: 
2026-06-13 23:04:55.736726: Epoch 650
2026-06-13 23:04:55.739232: Current learning rate: 0.00389
2026-06-13 23:05:17.818769: train_loss -0.66
2026-06-13 23:05:17.820997: val_loss -0.5053
2026-06-13 23:05:17.822560: Pseudo dice [0.5003]
2026-06-13 23:05:17.824434: Epoch time: 22.09 s
2026-06-13 23:05:18.786687: 
2026-06-13 23:05:18.788361: Epoch 651
2026-06-13 23:05:18.789846: Current learning rate: 0.00388
2026-06-13 23:05:40.782377: train_loss -0.7052
2026-06-13 23:05:40.785880: val_loss -0.5824
2026-06-13 23:05:40.787713: Pseudo dice [0.5779]
2026-06-13 23:05:40.789570: Epoch time: 22.0 s
2026-06-13 23:05:41.756685: 
2026-06-13 23:05:41.758373: Epoch 652
2026-06-13 23:05:41.759864: Current learning rate: 0.00387
2026-06-13 23:06:03.810306: train_loss -0.6791
2026-06-13 23:06:03.812505: val_loss -0.5062
2026-06-13 23:06:03.814138: Pseudo dice [0.3107]
2026-06-13 23:06:03.815632: Epoch time: 22.05 s
2026-06-13 23:06:05.335197: 
2026-06-13 23:06:05.336893: Epoch 653
2026-06-13 23:06:05.338415: Current learning rate: 0.00386
2026-06-13 23:06:27.607083: train_loss -0.7041
2026-06-13 23:06:27.609130: val_loss -0.5764
2026-06-13 23:06:27.610608: Pseudo dice [0.5363]
2026-06-13 23:06:27.612109: Epoch time: 22.27 s
2026-06-13 23:06:28.568154: 
2026-06-13 23:06:28.569994: Epoch 654
2026-06-13 23:06:28.571526: Current learning rate: 0.00385
2026-06-13 23:06:50.899912: train_loss -0.6751
2026-06-13 23:06:50.901948: val_loss -0.5312
2026-06-13 23:06:50.903512: Pseudo dice [0.524]
2026-06-13 23:06:50.905273: Epoch time: 22.33 s
2026-06-13 23:06:51.873210: 
2026-06-13 23:06:51.875158: Epoch 655
2026-06-13 23:06:51.876925: Current learning rate: 0.00384
2026-06-13 23:07:14.110071: train_loss -0.6729
2026-06-13 23:07:14.114126: val_loss -0.5496
2026-06-13 23:07:14.115860: Pseudo dice [0.5622]
2026-06-13 23:07:14.117487: Epoch time: 22.24 s
2026-06-13 23:07:15.079343: 
2026-06-13 23:07:15.080956: Epoch 656
2026-06-13 23:07:15.082501: Current learning rate: 0.00383
2026-06-13 23:07:37.306866: train_loss -0.6778
2026-06-13 23:07:37.309813: val_loss -0.5102
2026-06-13 23:07:37.311425: Pseudo dice [0.4899]
2026-06-13 23:07:37.313031: Epoch time: 22.23 s
2026-06-13 23:07:38.281810: 
2026-06-13 23:07:38.283496: Epoch 657
2026-06-13 23:07:38.285085: Current learning rate: 0.00382
2026-06-13 23:08:00.449478: train_loss -0.6693
2026-06-13 23:08:00.452877: val_loss -0.5372
2026-06-13 23:08:00.454450: Pseudo dice [0.5951]
2026-06-13 23:08:00.456009: Epoch time: 22.17 s
2026-06-13 23:08:01.419338: 
2026-06-13 23:08:01.421030: Epoch 658
2026-06-13 23:08:01.422723: Current learning rate: 0.00381
2026-06-13 23:08:23.567711: train_loss -0.7054
2026-06-13 23:08:23.570972: val_loss -0.4975
2026-06-13 23:08:23.572508: Pseudo dice [0.5277]
2026-06-13 23:08:23.574064: Epoch time: 22.15 s
2026-06-13 23:08:24.547200: 
2026-06-13 23:08:24.548848: Epoch 659
2026-06-13 23:08:24.550363: Current learning rate: 0.0038
2026-06-13 23:08:46.775751: train_loss -0.6758
2026-06-13 23:08:46.778773: val_loss -0.517
2026-06-13 23:08:46.780317: Pseudo dice [0.5607]
2026-06-13 23:08:46.781914: Epoch time: 22.23 s
2026-06-13 23:08:47.753043: 
2026-06-13 23:08:47.754804: Epoch 660
2026-06-13 23:08:47.756255: Current learning rate: 0.00379
2026-06-13 23:09:09.987432: train_loss -0.6599
2026-06-13 23:09:09.990442: val_loss -0.6069
2026-06-13 23:09:09.992238: Pseudo dice [0.5079]
2026-06-13 23:09:09.993940: Epoch time: 22.24 s
2026-06-13 23:09:10.969496: 
2026-06-13 23:09:10.971550: Epoch 661
2026-06-13 23:09:10.973246: Current learning rate: 0.00378
2026-06-13 23:09:33.122888: train_loss -0.6484
2026-06-13 23:09:33.126305: val_loss -0.5007
2026-06-13 23:09:33.127925: Pseudo dice [0.5274]
2026-06-13 23:09:33.129615: Epoch time: 22.15 s
2026-06-13 23:09:34.095894: 
2026-06-13 23:09:34.098228: Epoch 662
2026-06-13 23:09:34.099931: Current learning rate: 0.00377
2026-06-13 23:09:56.288406: train_loss -0.6932
2026-06-13 23:09:56.291153: val_loss -0.5131
2026-06-13 23:09:56.292577: Pseudo dice [0.4997]
2026-06-13 23:09:56.294123: Epoch time: 22.19 s
2026-06-13 23:09:57.270896: 
2026-06-13 23:09:57.272513: Epoch 663
2026-06-13 23:09:57.274153: Current learning rate: 0.00376
2026-06-13 23:10:19.384794: train_loss -0.6718
2026-06-13 23:10:19.388468: val_loss -0.5533
2026-06-13 23:10:19.390129: Pseudo dice [0.5774]
2026-06-13 23:10:19.391660: Epoch time: 22.11 s
2026-06-13 23:10:20.361243: 
2026-06-13 23:10:20.363005: Epoch 664
2026-06-13 23:10:20.364627: Current learning rate: 0.00375
2026-06-13 23:10:42.461686: train_loss -0.7088
2026-06-13 23:10:42.465503: val_loss -0.4968
2026-06-13 23:10:42.466994: Pseudo dice [0.4589]
2026-06-13 23:10:42.468530: Epoch time: 22.1 s
2026-06-13 23:10:43.436002: 
2026-06-13 23:10:43.437658: Epoch 665
2026-06-13 23:10:43.439120: Current learning rate: 0.00374
2026-06-13 23:11:05.503319: train_loss -0.6984
2026-06-13 23:11:05.506571: val_loss -0.5408
2026-06-13 23:11:05.508057: Pseudo dice [0.5893]
2026-06-13 23:11:05.509724: Epoch time: 22.07 s
2026-06-13 23:11:06.482654: 
2026-06-13 23:11:06.484303: Epoch 666
2026-06-13 23:11:06.486052: Current learning rate: 0.00373
2026-06-13 23:11:28.599988: train_loss -0.7204
2026-06-13 23:11:28.603462: val_loss -0.5621
2026-06-13 23:11:28.605014: Pseudo dice [0.5642]
2026-06-13 23:11:28.606527: Epoch time: 22.12 s
2026-06-13 23:11:29.571446: 
2026-06-13 23:11:29.573204: Epoch 667
2026-06-13 23:11:29.574705: Current learning rate: 0.00372
2026-06-13 23:11:51.616461: train_loss -0.711
2026-06-13 23:11:51.623163: val_loss -0.495
2026-06-13 23:11:51.626983: Pseudo dice [0.4255]
2026-06-13 23:11:51.628625: Epoch time: 22.05 s
2026-06-13 23:11:52.613608: 
2026-06-13 23:11:52.615394: Epoch 668
2026-06-13 23:11:52.616943: Current learning rate: 0.00371
2026-06-13 23:12:14.653783: train_loss -0.6978
2026-06-13 23:12:14.657475: val_loss -0.6115
2026-06-13 23:12:14.659015: Pseudo dice [0.6139]
2026-06-13 23:12:14.660579: Epoch time: 22.04 s
2026-06-13 23:12:15.634211: 
2026-06-13 23:12:15.637399: Epoch 669
2026-06-13 23:12:15.639166: Current learning rate: 0.0037
2026-06-13 23:12:37.656444: train_loss -0.6846
2026-06-13 23:12:37.659611: val_loss -0.51
2026-06-13 23:12:37.661028: Pseudo dice [0.4357]
2026-06-13 23:12:37.662574: Epoch time: 22.02 s
2026-06-13 23:12:39.212849: 
2026-06-13 23:12:39.214442: Epoch 670
2026-06-13 23:12:39.215998: Current learning rate: 0.00369
2026-06-13 23:13:01.505552: train_loss -0.6635
2026-06-13 23:13:01.509012: val_loss -0.5305
2026-06-13 23:13:01.510595: Pseudo dice [0.2884]
2026-06-13 23:13:01.512107: Epoch time: 22.29 s
2026-06-13 23:13:02.485056: 
2026-06-13 23:13:02.486618: Epoch 671
2026-06-13 23:13:02.488248: Current learning rate: 0.00368
2026-06-13 23:13:24.762331: train_loss -0.6978
2026-06-13 23:13:24.765929: val_loss -0.5266
2026-06-13 23:13:24.767423: Pseudo dice [0.5105]
2026-06-13 23:13:24.769025: Epoch time: 22.28 s
2026-06-13 23:13:25.740480: 
2026-06-13 23:13:25.742879: Epoch 672
2026-06-13 23:13:25.744528: Current learning rate: 0.00367
2026-06-13 23:13:47.997549: train_loss -0.6676
2026-06-13 23:13:48.000834: val_loss -0.5162
2026-06-13 23:13:48.002482: Pseudo dice [0.4808]
2026-06-13 23:13:48.004064: Epoch time: 22.26 s
2026-06-13 23:13:48.990979: 
2026-06-13 23:13:48.992863: Epoch 673
2026-06-13 23:13:48.994662: Current learning rate: 0.00366
2026-06-13 23:14:11.144635: train_loss -0.6617
2026-06-13 23:14:11.147467: val_loss -0.5711
2026-06-13 23:14:11.149204: Pseudo dice [0.478]
2026-06-13 23:14:11.150776: Epoch time: 22.15 s
2026-06-13 23:14:12.125910: 
2026-06-13 23:14:12.127618: Epoch 674
2026-06-13 23:14:12.129167: Current learning rate: 0.00365
2026-06-13 23:14:34.278457: train_loss -0.67
2026-06-13 23:14:34.282250: val_loss -0.5262
2026-06-13 23:14:34.284088: Pseudo dice [0.1884]
2026-06-13 23:14:34.285532: Epoch time: 22.15 s
2026-06-13 23:14:35.263080: 
2026-06-13 23:14:35.264947: Epoch 675
2026-06-13 23:14:35.266701: Current learning rate: 0.00364
2026-06-13 23:14:57.395915: train_loss -0.6543
2026-06-13 23:14:57.400679: val_loss -0.5718
2026-06-13 23:14:57.404191: Pseudo dice [0.5414]
2026-06-13 23:14:57.407448: Epoch time: 22.13 s
2026-06-13 23:14:58.391535: 
2026-06-13 23:14:58.393180: Epoch 676
2026-06-13 23:14:58.394703: Current learning rate: 0.00363
2026-06-13 23:15:20.497353: train_loss -0.6537
2026-06-13 23:15:20.500827: val_loss -0.524
2026-06-13 23:15:20.502296: Pseudo dice [0.5263]
2026-06-13 23:15:20.503808: Epoch time: 22.11 s
2026-06-13 23:15:21.478130: 
2026-06-13 23:15:21.479844: Epoch 677
2026-06-13 23:15:21.481415: Current learning rate: 0.00362
2026-06-13 23:15:43.633262: train_loss -0.6676
2026-06-13 23:15:43.636129: val_loss -0.5196
2026-06-13 23:15:43.637575: Pseudo dice [0.4969]
2026-06-13 23:15:43.639084: Epoch time: 22.16 s
2026-06-13 23:15:44.623507: 
2026-06-13 23:15:44.625401: Epoch 678
2026-06-13 23:15:44.626903: Current learning rate: 0.00361
2026-06-13 23:16:06.749547: train_loss -0.6963
2026-06-13 23:16:06.752608: val_loss -0.5702
2026-06-13 23:16:06.754164: Pseudo dice [0.5097]
2026-06-13 23:16:06.756169: Epoch time: 22.13 s
2026-06-13 23:16:07.734213: 
2026-06-13 23:16:07.735757: Epoch 679
2026-06-13 23:16:07.737287: Current learning rate: 0.0036
2026-06-13 23:16:29.819076: train_loss -0.6825
2026-06-13 23:16:29.821723: val_loss -0.5506
2026-06-13 23:16:29.823543: Pseudo dice [0.5871]
2026-06-13 23:16:29.825114: Epoch time: 22.09 s
2026-06-13 23:16:30.800199: 
2026-06-13 23:16:30.801821: Epoch 680
2026-06-13 23:16:30.803379: Current learning rate: 0.00359
2026-06-13 23:16:52.952505: train_loss -0.6872
2026-06-13 23:16:52.954621: val_loss -0.5627
2026-06-13 23:16:52.956289: Pseudo dice [0.5215]
2026-06-13 23:16:52.957696: Epoch time: 22.15 s
2026-06-13 23:16:53.945862: 
2026-06-13 23:16:53.947590: Epoch 681
2026-06-13 23:16:53.949194: Current learning rate: 0.00358
2026-06-13 23:17:16.002407: train_loss -0.6859
2026-06-13 23:17:16.006290: val_loss -0.5623
2026-06-13 23:17:16.008109: Pseudo dice [0.5738]
2026-06-13 23:17:16.010535: Epoch time: 22.06 s
2026-06-13 23:17:16.991370: 
2026-06-13 23:17:16.993082: Epoch 682
2026-06-13 23:17:16.994679: Current learning rate: 0.00357
2026-06-13 23:17:39.075166: train_loss -0.7044
2026-06-13 23:17:39.078351: val_loss -0.5864
2026-06-13 23:17:39.080148: Pseudo dice [0.5655]
2026-06-13 23:17:39.081858: Epoch time: 22.08 s
2026-06-13 23:17:40.082215: 
2026-06-13 23:17:40.083739: Epoch 683
2026-06-13 23:17:40.085160: Current learning rate: 0.00356
2026-06-13 23:18:02.082408: train_loss -0.7221
2026-06-13 23:18:02.084486: val_loss -0.5756
2026-06-13 23:18:02.086082: Pseudo dice [0.5517]
2026-06-13 23:18:02.087499: Epoch time: 22.0 s
2026-06-13 23:18:03.054518: 
2026-06-13 23:18:03.057121: Epoch 684
2026-06-13 23:18:03.060062: Current learning rate: 0.00355
2026-06-13 23:18:25.141367: train_loss -0.7211
2026-06-13 23:18:25.143652: val_loss -0.5939
2026-06-13 23:18:25.145295: Pseudo dice [0.5521]
2026-06-13 23:18:25.146999: Epoch time: 22.09 s
2026-06-13 23:18:26.114610: 
2026-06-13 23:18:26.116347: Epoch 685
2026-06-13 23:18:26.118030: Current learning rate: 0.00354
2026-06-13 23:18:48.163084: train_loss -0.7091
2026-06-13 23:18:48.165645: val_loss -0.5214
2026-06-13 23:18:48.167745: Pseudo dice [0.51]
2026-06-13 23:18:48.169259: Epoch time: 22.05 s
2026-06-13 23:18:49.156994: 
2026-06-13 23:18:49.159142: Epoch 686
2026-06-13 23:18:49.161840: Current learning rate: 0.00353
2026-06-13 23:19:11.238423: train_loss -0.6842
2026-06-13 23:19:11.240570: val_loss -0.5087
2026-06-13 23:19:11.242230: Pseudo dice [0.4737]
2026-06-13 23:19:11.243799: Epoch time: 22.08 s
2026-06-13 23:19:12.797815: 
2026-06-13 23:19:12.799537: Epoch 687
2026-06-13 23:19:12.800998: Current learning rate: 0.00352
2026-06-13 23:19:35.078698: train_loss -0.7182
2026-06-13 23:19:35.081037: val_loss -0.5549
2026-06-13 23:19:35.083127: Pseudo dice [0.5578]
2026-06-13 23:19:35.084606: Epoch time: 22.28 s
2026-06-13 23:19:36.066703: 
2026-06-13 23:19:36.068150: Epoch 688
2026-06-13 23:19:36.069567: Current learning rate: 0.00351
2026-06-13 23:19:58.365573: train_loss -0.706
2026-06-13 23:19:58.367721: val_loss -0.5877
2026-06-13 23:19:58.369326: Pseudo dice [0.5915]
2026-06-13 23:19:58.370919: Epoch time: 22.3 s
2026-06-13 23:19:59.361737: 
2026-06-13 23:19:59.364355: Epoch 689
2026-06-13 23:19:59.365842: Current learning rate: 0.0035
2026-06-13 23:20:21.623941: train_loss -0.6877
2026-06-13 23:20:21.626307: val_loss -0.5331
2026-06-13 23:20:21.627918: Pseudo dice [0.528]
2026-06-13 23:20:21.629430: Epoch time: 22.26 s
2026-06-13 23:20:22.609686: 
2026-06-13 23:20:22.611331: Epoch 690
2026-06-13 23:20:22.612859: Current learning rate: 0.00349
2026-06-13 23:20:44.874592: train_loss -0.7216
2026-06-13 23:20:44.876779: val_loss -0.5654
2026-06-13 23:20:44.878383: Pseudo dice [0.5207]
2026-06-13 23:20:44.880109: Epoch time: 22.27 s
2026-06-13 23:20:46.020857: 
2026-06-13 23:20:46.022502: Epoch 691
2026-06-13 23:20:46.024030: Current learning rate: 0.00348
2026-06-13 23:21:08.233377: train_loss -0.7176
2026-06-13 23:21:08.236226: val_loss -0.5746
2026-06-13 23:21:08.237758: Pseudo dice [0.535]
2026-06-13 23:21:08.239311: Epoch time: 22.21 s
2026-06-13 23:21:09.227459: 
2026-06-13 23:21:09.229009: Epoch 692
2026-06-13 23:21:09.230561: Current learning rate: 0.00346
2026-06-13 23:21:31.418954: train_loss -0.6939
2026-06-13 23:21:31.421013: val_loss -0.5127
2026-06-13 23:21:31.422592: Pseudo dice [0.5405]
2026-06-13 23:21:31.424007: Epoch time: 22.19 s
2026-06-13 23:21:32.406666: 
2026-06-13 23:21:32.408550: Epoch 693
2026-06-13 23:21:32.410082: Current learning rate: 0.00345
2026-06-13 23:21:54.532804: train_loss -0.7215
2026-06-13 23:21:54.535039: val_loss -0.5934
2026-06-13 23:21:54.536634: Pseudo dice [0.5838]
2026-06-13 23:21:54.538174: Epoch time: 22.13 s
2026-06-13 23:21:55.522039: 
2026-06-13 23:21:55.524016: Epoch 694
2026-06-13 23:21:55.525445: Current learning rate: 0.00344
2026-06-13 23:22:17.663623: train_loss -0.7216
2026-06-13 23:22:17.666426: val_loss -0.6222
2026-06-13 23:22:17.668095: Pseudo dice [0.5867]
2026-06-13 23:22:17.669608: Epoch time: 22.14 s
2026-06-13 23:22:18.644907: 
2026-06-13 23:22:18.646470: Epoch 695
2026-06-13 23:22:18.647965: Current learning rate: 0.00343
2026-06-13 23:22:40.784062: train_loss -0.7343
2026-06-13 23:22:40.786626: val_loss -0.5887
2026-06-13 23:22:40.788737: Pseudo dice [0.5645]
2026-06-13 23:22:40.790267: Epoch time: 22.14 s
2026-06-13 23:22:41.764012: 
2026-06-13 23:22:41.766821: Epoch 696
2026-06-13 23:22:41.770549: Current learning rate: 0.00342
2026-06-13 23:23:03.850822: train_loss -0.7148
2026-06-13 23:23:03.852960: val_loss -0.5826
2026-06-13 23:23:03.854441: Pseudo dice [0.5334]
2026-06-13 23:23:03.855937: Epoch time: 22.09 s
2026-06-13 23:23:04.831595: 
2026-06-13 23:23:04.833292: Epoch 697
2026-06-13 23:23:04.834776: Current learning rate: 0.00341
2026-06-13 23:23:26.920005: train_loss -0.7342
2026-06-13 23:23:26.922266: val_loss -0.6009
2026-06-13 23:23:26.923682: Pseudo dice [0.5491]
2026-06-13 23:23:26.925207: Epoch time: 22.09 s
2026-06-13 23:23:27.893806: 
2026-06-13 23:23:27.895396: Epoch 698
2026-06-13 23:23:27.897027: Current learning rate: 0.0034
2026-06-13 23:23:49.997847: train_loss -0.7308
2026-06-13 23:23:50.001795: val_loss -0.5886
2026-06-13 23:23:50.004694: Pseudo dice [0.5577]
2026-06-13 23:23:50.007774: Epoch time: 22.11 s
2026-06-13 23:23:50.982731: 
2026-06-13 23:23:50.984216: Epoch 699
2026-06-13 23:23:50.985708: Current learning rate: 0.00339
2026-06-13 23:24:13.150810: train_loss -0.6873
2026-06-13 23:24:13.156532: val_loss -0.5574
2026-06-13 23:24:13.158200: Pseudo dice [0.5331]
2026-06-13 23:24:13.162898: Epoch time: 22.17 s
2026-06-13 23:24:14.623724: 
2026-06-13 23:24:14.625208: Epoch 700
2026-06-13 23:24:14.626766: Current learning rate: 0.00338
2026-06-13 23:24:36.738581: train_loss -0.701
2026-06-13 23:24:36.741660: val_loss -0.5449
2026-06-13 23:24:36.744227: Pseudo dice [0.5001]
2026-06-13 23:24:36.745704: Epoch time: 22.12 s
2026-06-13 23:24:37.710977: 
2026-06-13 23:24:37.712522: Epoch 701
2026-06-13 23:24:37.714002: Current learning rate: 0.00337
2026-06-13 23:24:59.784986: train_loss -0.703
2026-06-13 23:24:59.787845: val_loss -0.5818
2026-06-13 23:24:59.789361: Pseudo dice [0.5331]
2026-06-13 23:24:59.790800: Epoch time: 22.07 s
2026-06-13 23:25:00.765554: 
2026-06-13 23:25:00.767023: Epoch 702
2026-06-13 23:25:00.768462: Current learning rate: 0.00336
2026-06-13 23:25:22.848058: train_loss -0.7217
2026-06-13 23:25:22.852164: val_loss -0.5265
2026-06-13 23:25:22.853625: Pseudo dice [0.5299]
2026-06-13 23:25:22.855106: Epoch time: 22.08 s
2026-06-13 23:25:23.819225: 
2026-06-13 23:25:23.820770: Epoch 703
2026-06-13 23:25:23.822209: Current learning rate: 0.00335
2026-06-13 23:25:45.823559: train_loss -0.7194
2026-06-13 23:25:45.826586: val_loss -0.53
2026-06-13 23:25:45.828037: Pseudo dice [0.507]
2026-06-13 23:25:45.829642: Epoch time: 22.01 s
2026-06-13 23:25:47.399228: 
2026-06-13 23:25:47.401073: Epoch 704
2026-06-13 23:25:47.403123: Current learning rate: 0.00334
2026-06-13 23:26:09.766864: train_loss -0.729
2026-06-13 23:26:09.769884: val_loss -0.5726
2026-06-13 23:26:09.771546: Pseudo dice [0.505]
2026-06-13 23:26:09.773020: Epoch time: 22.37 s
2026-06-13 23:26:10.748393: 
2026-06-13 23:26:10.754446: Epoch 705
2026-06-13 23:26:10.762044: Current learning rate: 0.00333
2026-06-13 23:26:33.055882: train_loss -0.7139
2026-06-13 23:26:33.060802: val_loss -0.5195
2026-06-13 23:26:33.062338: Pseudo dice [0.5728]
2026-06-13 23:26:33.063746: Epoch time: 22.31 s
2026-06-13 23:26:34.052285: 
2026-06-13 23:26:34.053878: Epoch 706
2026-06-13 23:26:34.055409: Current learning rate: 0.00332
2026-06-13 23:26:56.394860: train_loss -0.7084
2026-06-13 23:26:56.398180: val_loss -0.583
2026-06-13 23:26:56.399770: Pseudo dice [0.5788]
2026-06-13 23:26:56.401375: Epoch time: 22.34 s
2026-06-13 23:26:57.388011: 
2026-06-13 23:26:57.389633: Epoch 707
2026-06-13 23:26:57.391377: Current learning rate: 0.00331
2026-06-13 23:27:19.735531: train_loss -0.7108
2026-06-13 23:27:19.738211: val_loss -0.5632
2026-06-13 23:27:19.739568: Pseudo dice [0.556]
2026-06-13 23:27:19.741010: Epoch time: 22.35 s
2026-06-13 23:27:20.722510: 
2026-06-13 23:27:20.723973: Epoch 708
2026-06-13 23:27:20.725427: Current learning rate: 0.0033
2026-06-13 23:27:42.956515: train_loss -0.7227
2026-06-13 23:27:42.960014: val_loss -0.577
2026-06-13 23:27:42.961575: Pseudo dice [0.5592]
2026-06-13 23:27:42.963145: Epoch time: 22.23 s
2026-06-13 23:27:43.941757: 
2026-06-13 23:27:43.943503: Epoch 709
2026-06-13 23:27:43.944939: Current learning rate: 0.00329
2026-06-13 23:28:06.127558: train_loss -0.7145
2026-06-13 23:28:06.130779: val_loss -0.5783
2026-06-13 23:28:06.132423: Pseudo dice [0.3421]
2026-06-13 23:28:06.134042: Epoch time: 22.19 s
2026-06-13 23:28:07.122974: 
2026-06-13 23:28:07.124649: Epoch 710
2026-06-13 23:28:07.126294: Current learning rate: 0.00328
2026-06-13 23:28:29.256621: train_loss -0.7399
2026-06-13 23:28:29.261621: val_loss -0.5746
2026-06-13 23:28:29.263132: Pseudo dice [0.5559]
2026-06-13 23:28:29.264589: Epoch time: 22.13 s
2026-06-13 23:28:30.260443: 
2026-06-13 23:28:30.261986: Epoch 711
2026-06-13 23:28:30.263564: Current learning rate: 0.00327
2026-06-13 23:28:52.367870: train_loss -0.6964
2026-06-13 23:28:52.371623: val_loss -0.5727
2026-06-13 23:28:52.373185: Pseudo dice [0.5366]
2026-06-13 23:28:52.374677: Epoch time: 22.11 s
2026-06-13 23:28:53.357604: 
2026-06-13 23:28:53.359276: Epoch 712
2026-06-13 23:28:53.360866: Current learning rate: 0.00326
2026-06-13 23:29:15.514909: train_loss -0.6955
2026-06-13 23:29:15.517752: val_loss -0.5628
2026-06-13 23:29:15.519246: Pseudo dice [0.5371]
2026-06-13 23:29:15.520776: Epoch time: 22.16 s
2026-06-13 23:29:16.505761: 
2026-06-13 23:29:16.507277: Epoch 713
2026-06-13 23:29:16.508691: Current learning rate: 0.00325
2026-06-13 23:29:38.540988: train_loss -0.7164
2026-06-13 23:29:38.544585: val_loss -0.5498
2026-06-13 23:29:38.546089: Pseudo dice [0.5004]
2026-06-13 23:29:38.547575: Epoch time: 22.04 s
2026-06-13 23:29:39.531697: 
2026-06-13 23:29:39.533385: Epoch 714
2026-06-13 23:29:39.535366: Current learning rate: 0.00324
2026-06-13 23:30:01.535236: train_loss -0.7168
2026-06-13 23:30:01.539395: val_loss -0.5486
2026-06-13 23:30:01.541049: Pseudo dice [0.347]
2026-06-13 23:30:01.542723: Epoch time: 22.0 s
2026-06-13 23:30:02.532781: 
2026-06-13 23:30:02.534506: Epoch 715
2026-06-13 23:30:02.536316: Current learning rate: 0.00323
2026-06-13 23:30:24.627757: train_loss -0.7013
2026-06-13 23:30:24.631639: val_loss -0.5302
2026-06-13 23:30:24.633143: Pseudo dice [0.4659]
2026-06-13 23:30:24.634578: Epoch time: 22.1 s
2026-06-13 23:30:25.623188: 
2026-06-13 23:30:25.624866: Epoch 716
2026-06-13 23:30:25.626285: Current learning rate: 0.00322
2026-06-13 23:30:47.678644: train_loss -0.7084
2026-06-13 23:30:47.681637: val_loss -0.5584
2026-06-13 23:30:47.686963: Pseudo dice [0.5271]
2026-06-13 23:30:47.690034: Epoch time: 22.06 s
2026-06-13 23:30:48.678730: 
2026-06-13 23:30:48.680309: Epoch 717
2026-06-13 23:30:48.681834: Current learning rate: 0.00321
2026-06-13 23:31:10.709976: train_loss -0.7246
2026-06-13 23:31:10.713082: val_loss -0.5804
2026-06-13 23:31:10.714537: Pseudo dice [0.5315]
2026-06-13 23:31:10.716132: Epoch time: 22.03 s
2026-06-13 23:31:11.700483: 
2026-06-13 23:31:11.701949: Epoch 718
2026-06-13 23:31:11.703331: Current learning rate: 0.0032
2026-06-13 23:31:33.769437: train_loss -0.7278
2026-06-13 23:31:33.772692: val_loss -0.5418
2026-06-13 23:31:33.774308: Pseudo dice [0.5332]
2026-06-13 23:31:33.777324: Epoch time: 22.07 s
2026-06-13 23:31:34.762605: 
2026-06-13 23:31:34.764213: Epoch 719
2026-06-13 23:31:34.765714: Current learning rate: 0.00319
2026-06-13 23:31:56.813282: train_loss -0.7085
2026-06-13 23:31:56.816577: val_loss -0.5032
2026-06-13 23:31:56.819117: Pseudo dice [0.3936]
2026-06-13 23:31:56.821967: Epoch time: 22.05 s
2026-06-13 23:31:57.833039: 
2026-06-13 23:31:57.834858: Epoch 720
2026-06-13 23:31:57.838569: Current learning rate: 0.00318
2026-06-13 23:32:19.866765: train_loss -0.7056
2026-06-13 23:32:19.870583: val_loss -0.5287
2026-06-13 23:32:19.872097: Pseudo dice [0.5521]
2026-06-13 23:32:19.873712: Epoch time: 22.03 s
2026-06-13 23:32:21.411599: 
2026-06-13 23:32:21.413335: Epoch 721
2026-06-13 23:32:21.415020: Current learning rate: 0.00317
2026-06-13 23:32:43.726807: train_loss -0.709
2026-06-13 23:32:43.729810: val_loss -0.5298
2026-06-13 23:32:43.731332: Pseudo dice [0.4439]
2026-06-13 23:32:43.732913: Epoch time: 22.32 s
2026-06-13 23:32:44.721020: 
2026-06-13 23:32:44.722778: Epoch 722
2026-06-13 23:32:44.724412: Current learning rate: 0.00316
2026-06-13 23:33:06.937150: train_loss -0.7352
2026-06-13 23:33:06.939780: val_loss -0.5294
2026-06-13 23:33:06.941382: Pseudo dice [0.5616]
2026-06-13 23:33:06.942956: Epoch time: 22.22 s
2026-06-13 23:33:07.928493: 
2026-06-13 23:33:07.930554: Epoch 723
2026-06-13 23:33:07.932215: Current learning rate: 0.00315
2026-06-13 23:33:30.213810: train_loss -0.7035
2026-06-13 23:33:30.216771: val_loss -0.5556
2026-06-13 23:33:30.218364: Pseudo dice [0.5667]
2026-06-13 23:33:30.219827: Epoch time: 22.29 s
2026-06-13 23:33:31.215185: 
2026-06-13 23:33:31.216748: Epoch 724
2026-06-13 23:33:31.218316: Current learning rate: 0.00314
2026-06-13 23:33:53.432533: train_loss -0.7245
2026-06-13 23:33:53.436468: val_loss -0.5537
2026-06-13 23:33:53.438071: Pseudo dice [0.5531]
2026-06-13 23:33:53.439734: Epoch time: 22.22 s
2026-06-13 23:33:54.426225: 
2026-06-13 23:33:54.427929: Epoch 725
2026-06-13 23:33:54.429983: Current learning rate: 0.00313
2026-06-13 23:34:16.683551: train_loss -0.7311
2026-06-13 23:34:16.685605: val_loss -0.6082
2026-06-13 23:34:16.687127: Pseudo dice [0.5727]
2026-06-13 23:34:16.688593: Epoch time: 22.26 s
2026-06-13 23:34:17.669595: 
2026-06-13 23:34:17.671095: Epoch 726
2026-06-13 23:34:17.672657: Current learning rate: 0.00312
2026-06-13 23:34:39.825216: train_loss -0.7458
2026-06-13 23:34:39.828730: val_loss -0.609
2026-06-13 23:34:39.831717: Pseudo dice [0.5722]
2026-06-13 23:34:39.834374: Epoch time: 22.16 s
2026-06-13 23:34:40.826957: 
2026-06-13 23:34:40.828552: Epoch 727
2026-06-13 23:34:40.830049: Current learning rate: 0.00311
2026-06-13 23:35:03.009215: train_loss -0.7277
2026-06-13 23:35:03.011611: val_loss -0.5217
2026-06-13 23:35:03.013152: Pseudo dice [0.5211]
2026-06-13 23:35:03.014595: Epoch time: 22.18 s
2026-06-13 23:35:04.012220: 
2026-06-13 23:35:04.013819: Epoch 728
2026-06-13 23:35:04.015448: Current learning rate: 0.0031
2026-06-13 23:35:26.154901: train_loss -0.7171
2026-06-13 23:35:26.157086: val_loss -0.5722
2026-06-13 23:35:26.158483: Pseudo dice [0.5671]
2026-06-13 23:35:26.159865: Epoch time: 22.14 s
2026-06-13 23:35:27.136183: 
2026-06-13 23:35:27.137669: Epoch 729
2026-06-13 23:35:27.139203: Current learning rate: 0.00309
2026-06-13 23:35:49.263070: train_loss -0.7216
2026-06-13 23:35:49.267073: val_loss -0.5912
2026-06-13 23:35:49.268759: Pseudo dice [0.5782]
2026-06-13 23:35:49.271139: Epoch time: 22.13 s
2026-06-13 23:35:50.256525: 
2026-06-13 23:35:50.259000: Epoch 730
2026-06-13 23:35:50.261456: Current learning rate: 0.00308
2026-06-13 23:36:12.442069: train_loss -0.6821
2026-06-13 23:36:12.444524: val_loss -0.5371
2026-06-13 23:36:12.446081: Pseudo dice [0.5182]
2026-06-13 23:36:12.447673: Epoch time: 22.19 s
2026-06-13 23:36:13.435507: 
2026-06-13 23:36:13.437123: Epoch 731
2026-06-13 23:36:13.438591: Current learning rate: 0.00307
2026-06-13 23:36:35.432262: train_loss -0.7185
2026-06-13 23:36:35.434271: val_loss -0.5627
2026-06-13 23:36:35.435748: Pseudo dice [0.5684]
2026-06-13 23:36:35.437324: Epoch time: 22.0 s
2026-06-13 23:36:36.433282: 
2026-06-13 23:36:36.434684: Epoch 732
2026-06-13 23:36:36.436235: Current learning rate: 0.00306
2026-06-13 23:36:58.510606: train_loss -0.7037
2026-06-13 23:36:58.512775: val_loss -0.5696
2026-06-13 23:36:58.514295: Pseudo dice [0.5533]
2026-06-13 23:36:58.515854: Epoch time: 22.08 s
2026-06-13 23:36:59.493590: 
2026-06-13 23:36:59.495141: Epoch 733
2026-06-13 23:36:59.496654: Current learning rate: 0.00305
2026-06-13 23:37:21.526588: train_loss -0.7038
2026-06-13 23:37:21.538246: val_loss -0.617
2026-06-13 23:37:21.544173: Pseudo dice [0.5555]
2026-06-13 23:37:21.552953: Epoch time: 22.03 s
2026-06-13 23:37:22.549293: 
2026-06-13 23:37:22.550973: Epoch 734
2026-06-13 23:37:22.552464: Current learning rate: 0.00304
2026-06-13 23:37:44.574224: train_loss -0.7112
2026-06-13 23:37:44.576262: val_loss -0.6177
2026-06-13 23:37:44.577735: Pseudo dice [0.6297]
2026-06-13 23:37:44.579308: Epoch time: 22.03 s
2026-06-13 23:37:45.556180: 
2026-06-13 23:37:45.557765: Epoch 735
2026-06-13 23:37:45.559247: Current learning rate: 0.00303
2026-06-13 23:38:07.574328: train_loss -0.6983
2026-06-13 23:38:07.576597: val_loss -0.5557
2026-06-13 23:38:07.578144: Pseudo dice [0.6049]
2026-06-13 23:38:07.579673: Epoch time: 22.02 s
2026-06-13 23:38:08.555744: 
2026-06-13 23:38:08.557396: Epoch 736
2026-06-13 23:38:08.559075: Current learning rate: 0.00302
2026-06-13 23:38:30.558501: train_loss -0.7048
2026-06-13 23:38:30.560852: val_loss -0.5957
2026-06-13 23:38:30.562472: Pseudo dice [0.578]
2026-06-13 23:38:30.564070: Epoch time: 22.0 s
2026-06-13 23:38:30.565634: Yayy! New best EMA pseudo Dice: 0.5568
2026-06-13 23:38:32.620274: 
2026-06-13 23:38:32.621808: Epoch 737
2026-06-13 23:38:32.623383: Current learning rate: 0.00301
2026-06-13 23:38:54.932060: train_loss -0.7137
2026-06-13 23:38:54.934107: val_loss -0.5479
2026-06-13 23:38:54.935569: Pseudo dice [0.5358]
2026-06-13 23:38:54.937041: Epoch time: 22.31 s
2026-06-13 23:38:55.927905: 
2026-06-13 23:38:55.929920: Epoch 738
2026-06-13 23:38:55.931355: Current learning rate: 0.003
2026-06-13 23:39:18.178977: train_loss -0.7325
2026-06-13 23:39:18.181302: val_loss -0.5597
2026-06-13 23:39:18.182951: Pseudo dice [0.5323]
2026-06-13 23:39:18.184350: Epoch time: 22.25 s
2026-06-13 23:39:19.180556: 
2026-06-13 23:39:19.182137: Epoch 739
2026-06-13 23:39:19.183528: Current learning rate: 0.00299
2026-06-13 23:39:41.474275: train_loss -0.7225
2026-06-13 23:39:41.476470: val_loss -0.5457
2026-06-13 23:39:41.478026: Pseudo dice [0.5946]
2026-06-13 23:39:41.479669: Epoch time: 22.29 s
2026-06-13 23:39:42.471150: 
2026-06-13 23:39:42.472626: Epoch 740
2026-06-13 23:39:42.474001: Current learning rate: 0.00297
2026-06-13 23:40:04.622743: train_loss -0.7337
2026-06-13 23:40:04.625296: val_loss -0.5848
2026-06-13 23:40:04.626758: Pseudo dice [0.3169]
2026-06-13 23:40:04.628275: Epoch time: 22.15 s
2026-06-13 23:40:05.613409: 
2026-06-13 23:40:05.615090: Epoch 741
2026-06-13 23:40:05.616752: Current learning rate: 0.00296
2026-06-13 23:40:27.829219: train_loss -0.6873
2026-06-13 23:40:27.831595: val_loss -0.5923
2026-06-13 23:40:27.833174: Pseudo dice [0.5716]
2026-06-13 23:40:27.834913: Epoch time: 22.22 s
2026-06-13 23:40:28.820417: 
2026-06-13 23:40:28.822034: Epoch 742
2026-06-13 23:40:28.823482: Current learning rate: 0.00295
2026-06-13 23:40:50.918635: train_loss -0.7008
2026-06-13 23:40:50.921190: val_loss -0.4954
2026-06-13 23:40:50.922747: Pseudo dice [0.4512]
2026-06-13 23:40:50.924310: Epoch time: 22.1 s
2026-06-13 23:40:51.898837: 
2026-06-13 23:40:51.900276: Epoch 743
2026-06-13 23:40:51.902135: Current learning rate: 0.00294
2026-06-13 23:41:14.064020: train_loss -0.7097
2026-06-13 23:41:14.065887: val_loss -0.5722
2026-06-13 23:41:14.068622: Pseudo dice [0.5765]
2026-06-13 23:41:14.070107: Epoch time: 22.17 s
2026-06-13 23:41:15.050556: 
2026-06-13 23:41:15.052160: Epoch 744
2026-06-13 23:41:15.053581: Current learning rate: 0.00293
2026-06-13 23:41:37.160206: train_loss -0.7053
2026-06-13 23:41:37.163375: val_loss -0.5988
2026-06-13 23:41:37.164917: Pseudo dice [0.6001]
2026-06-13 23:41:37.166427: Epoch time: 22.11 s
2026-06-13 23:41:38.157120: 
2026-06-13 23:41:38.158694: Epoch 745
2026-06-13 23:41:38.160213: Current learning rate: 0.00292
2026-06-13 23:42:00.204038: train_loss -0.7272
2026-06-13 23:42:00.206834: val_loss -0.5786
2026-06-13 23:42:00.208288: Pseudo dice [0.5608]
2026-06-13 23:42:00.209744: Epoch time: 22.05 s
2026-06-13 23:42:01.189003: 
2026-06-13 23:42:01.190801: Epoch 746
2026-06-13 23:42:01.192291: Current learning rate: 0.00291
2026-06-13 23:42:23.244051: train_loss -0.7184
2026-06-13 23:42:23.247350: val_loss -0.5772
2026-06-13 23:42:23.248909: Pseudo dice [0.5679]
2026-06-13 23:42:23.250362: Epoch time: 22.06 s
2026-06-13 23:42:24.239347: 
2026-06-13 23:42:24.240927: Epoch 747
2026-06-13 23:42:24.242450: Current learning rate: 0.0029
2026-06-13 23:42:46.358741: train_loss -0.7148
2026-06-13 23:42:46.362562: val_loss -0.6008
2026-06-13 23:42:46.364074: Pseudo dice [0.5438]
2026-06-13 23:42:46.365494: Epoch time: 22.12 s
2026-06-13 23:42:47.344535: 
2026-06-13 23:42:47.346125: Epoch 748
2026-06-13 23:42:47.347635: Current learning rate: 0.00289
2026-06-13 23:43:09.388757: train_loss -0.7489
2026-06-13 23:43:09.391675: val_loss -0.5787
2026-06-13 23:43:09.393235: Pseudo dice [0.6144]
2026-06-13 23:43:09.394760: Epoch time: 22.05 s
2026-06-13 23:43:10.382399: 
2026-06-13 23:43:10.383977: Epoch 749
2026-06-13 23:43:10.385447: Current learning rate: 0.00288
2026-06-13 23:43:32.471473: train_loss -0.7321
2026-06-13 23:43:32.474882: val_loss -0.5869
2026-06-13 23:43:32.478184: Pseudo dice [0.5761]
2026-06-13 23:43:32.481608: Epoch time: 22.09 s
2026-06-13 23:43:33.959963: 
2026-06-13 23:43:33.961522: Epoch 750
2026-06-13 23:43:33.963144: Current learning rate: 0.00287
2026-06-13 23:43:56.029877: train_loss -0.7191
2026-06-13 23:43:56.034330: val_loss -0.5762
2026-06-13 23:43:56.035955: Pseudo dice [0.5759]
2026-06-13 23:43:56.037570: Epoch time: 22.07 s
2026-06-13 23:43:57.021636: 
2026-06-13 23:43:57.025033: Epoch 751
2026-06-13 23:43:57.028843: Current learning rate: 0.00286
2026-06-13 23:44:19.076456: train_loss -0.7111
2026-06-13 23:44:19.080007: val_loss -0.5069
2026-06-13 23:44:19.081558: Pseudo dice [0.4851]
2026-06-13 23:44:19.083139: Epoch time: 22.06 s
2026-06-13 23:44:20.069034: 
2026-06-13 23:44:20.070676: Epoch 752
2026-06-13 23:44:20.072522: Current learning rate: 0.00285
2026-06-13 23:44:42.076628: train_loss -0.7084
2026-06-13 23:44:42.079424: val_loss -0.5763
2026-06-13 23:44:42.080994: Pseudo dice [0.3827]
2026-06-13 23:44:42.082741: Epoch time: 22.01 s
2026-06-13 23:44:43.068043: 
2026-06-13 23:44:43.069630: Epoch 753
2026-06-13 23:44:43.073959: Current learning rate: 0.00284
2026-06-13 23:45:05.164701: train_loss -0.7126
2026-06-13 23:45:05.168538: val_loss -0.5517
2026-06-13 23:45:05.170017: Pseudo dice [0.5482]
2026-06-13 23:45:05.171524: Epoch time: 22.1 s
2026-06-13 23:45:06.735695: 
2026-06-13 23:45:06.738210: Epoch 754
2026-06-13 23:45:06.739730: Current learning rate: 0.00283
2026-06-13 23:45:29.007740: train_loss -0.6474
2026-06-13 23:45:29.017320: val_loss -0.5396
2026-06-13 23:45:29.022715: Pseudo dice [0.5305]
2026-06-13 23:45:29.032478: Epoch time: 22.27 s
2026-06-13 23:45:30.021488: 
2026-06-13 23:45:30.023237: Epoch 755
2026-06-13 23:45:30.024677: Current learning rate: 0.00282
2026-06-13 23:45:52.440648: train_loss -0.641
2026-06-13 23:45:52.443622: val_loss -0.5262
2026-06-13 23:45:52.445538: Pseudo dice [0.5188]
2026-06-13 23:45:52.447226: Epoch time: 22.42 s
2026-06-13 23:45:53.451441: 
2026-06-13 23:45:53.452964: Epoch 756
2026-06-13 23:45:53.454354: Current learning rate: 0.00281
2026-06-13 23:46:15.674449: train_loss -0.7235
2026-06-13 23:46:15.677541: val_loss -0.5733
2026-06-13 23:46:15.679095: Pseudo dice [0.5448]
2026-06-13 23:46:15.680625: Epoch time: 22.22 s
2026-06-13 23:46:16.672328: 
2026-06-13 23:46:16.675523: Epoch 757
2026-06-13 23:46:16.677323: Current learning rate: 0.0028
2026-06-13 23:46:38.949247: train_loss -0.7313
2026-06-13 23:46:38.953748: val_loss -0.576
2026-06-13 23:46:38.955393: Pseudo dice [0.5203]
2026-06-13 23:46:38.956929: Epoch time: 22.28 s
2026-06-13 23:46:39.948110: 
2026-06-13 23:46:39.950241: Epoch 758
2026-06-13 23:46:39.952264: Current learning rate: 0.00279
2026-06-13 23:47:02.146622: train_loss -0.72
2026-06-13 23:47:02.151529: val_loss -0.5457
2026-06-13 23:47:02.154700: Pseudo dice [0.496]
2026-06-13 23:47:02.156272: Epoch time: 22.2 s
2026-06-13 23:47:03.162089: 
2026-06-13 23:47:03.164631: Epoch 759
2026-06-13 23:47:03.180055: Current learning rate: 0.00278
2026-06-13 23:47:25.358265: train_loss -0.7276
2026-06-13 23:47:25.361758: val_loss -0.548
2026-06-13 23:47:25.363291: Pseudo dice [0.4554]
2026-06-13 23:47:25.364830: Epoch time: 22.2 s
2026-06-13 23:47:26.352983: 
2026-06-13 23:47:26.356276: Epoch 760
2026-06-13 23:47:26.360156: Current learning rate: 0.00277
2026-06-13 23:47:48.487453: train_loss -0.713
2026-06-13 23:47:48.491404: val_loss -0.5542
2026-06-13 23:47:48.492822: Pseudo dice [0.524]
2026-06-13 23:47:48.494208: Epoch time: 22.14 s
2026-06-13 23:47:49.481308: 
2026-06-13 23:47:49.482937: Epoch 761
2026-06-13 23:47:49.484431: Current learning rate: 0.00276
2026-06-13 23:48:11.607571: train_loss -0.7223
2026-06-13 23:48:11.610315: val_loss -0.6109
2026-06-13 23:48:11.611848: Pseudo dice [0.595]
2026-06-13 23:48:11.613314: Epoch time: 22.13 s
2026-06-13 23:48:12.619429: 
2026-06-13 23:48:12.621217: Epoch 762
2026-06-13 23:48:12.622639: Current learning rate: 0.00275
2026-06-13 23:48:34.677185: train_loss -0.7257
2026-06-13 23:48:34.680576: val_loss -0.5602
2026-06-13 23:48:34.682094: Pseudo dice [0.5638]
2026-06-13 23:48:34.683626: Epoch time: 22.06 s
2026-06-13 23:48:35.670380: 
2026-06-13 23:48:35.671995: Epoch 763
2026-06-13 23:48:35.673489: Current learning rate: 0.00274
2026-06-13 23:48:57.711161: train_loss -0.726
2026-06-13 23:48:57.714187: val_loss -0.5431
2026-06-13 23:48:57.715874: Pseudo dice [0.5535]
2026-06-13 23:48:57.717541: Epoch time: 22.04 s
2026-06-13 23:48:58.704935: 
2026-06-13 23:48:58.706890: Epoch 764
2026-06-13 23:48:58.708502: Current learning rate: 0.00273
2026-06-13 23:49:20.686693: train_loss -0.7347
2026-06-13 23:49:20.690967: val_loss -0.5908
2026-06-13 23:49:20.692487: Pseudo dice [0.5802]
2026-06-13 23:49:20.693886: Epoch time: 21.98 s
2026-06-13 23:49:21.681664: 
2026-06-13 23:49:21.683309: Epoch 765
2026-06-13 23:49:21.684850: Current learning rate: 0.00272
2026-06-13 23:49:43.733255: train_loss -0.7459
2026-06-13 23:49:43.736562: val_loss -0.5884
2026-06-13 23:49:43.738101: Pseudo dice [0.5602]
2026-06-13 23:49:43.739980: Epoch time: 22.05 s
2026-06-13 23:49:44.721731: 
2026-06-13 23:49:44.723537: Epoch 766
2026-06-13 23:49:44.725094: Current learning rate: 0.00271
2026-06-13 23:50:06.839639: train_loss -0.7086
2026-06-13 23:50:06.842656: val_loss -0.6062
2026-06-13 23:50:06.844201: Pseudo dice [0.4248]
2026-06-13 23:50:06.845741: Epoch time: 22.12 s
2026-06-13 23:50:07.833167: 
2026-06-13 23:50:07.834828: Epoch 767
2026-06-13 23:50:07.836800: Current learning rate: 0.0027
2026-06-13 23:50:29.886965: train_loss -0.7465
2026-06-13 23:50:29.890066: val_loss -0.5596
2026-06-13 23:50:29.891747: Pseudo dice [0.5546]
2026-06-13 23:50:29.893318: Epoch time: 22.05 s
2026-06-13 23:50:30.888701: 
2026-06-13 23:50:30.890290: Epoch 768
2026-06-13 23:50:30.891878: Current learning rate: 0.00268
2026-06-13 23:50:53.025902: train_loss -0.7287
2026-06-13 23:50:53.027982: val_loss -0.5742
2026-06-13 23:50:53.029723: Pseudo dice [0.5272]
2026-06-13 23:50:53.031193: Epoch time: 22.14 s
2026-06-13 23:50:54.024363: 
2026-06-13 23:50:54.026019: Epoch 769
2026-06-13 23:50:54.027783: Current learning rate: 0.00267
2026-06-13 23:51:16.081531: train_loss -0.7144
2026-06-13 23:51:16.084018: val_loss -0.5497
2026-06-13 23:51:16.085505: Pseudo dice [0.4888]
2026-06-13 23:51:16.086907: Epoch time: 22.06 s
2026-06-13 23:51:17.085773: 
2026-06-13 23:51:17.087574: Epoch 770
2026-06-13 23:51:17.089165: Current learning rate: 0.00266
2026-06-13 23:51:39.080193: train_loss -0.7296
2026-06-13 23:51:39.082763: val_loss -0.3551
2026-06-13 23:51:39.084547: Pseudo dice [0.0781]
2026-06-13 23:51:39.086182: Epoch time: 22.0 s
2026-06-13 23:51:40.649276: 
2026-06-13 23:51:40.650942: Epoch 771
2026-06-13 23:51:40.652500: Current learning rate: 0.00265
2026-06-13 23:52:02.889667: train_loss -0.6968
2026-06-13 23:52:02.891772: val_loss -0.5562
2026-06-13 23:52:02.893309: Pseudo dice [0.5349]
2026-06-13 23:52:02.895365: Epoch time: 22.24 s
2026-06-13 23:52:03.887519: 
2026-06-13 23:52:03.889334: Epoch 772
2026-06-13 23:52:03.890884: Current learning rate: 0.00264
2026-06-13 23:52:26.111886: train_loss -0.7209
2026-06-13 23:52:26.114455: val_loss -0.5424
2026-06-13 23:52:26.116383: Pseudo dice [0.5442]
2026-06-13 23:52:26.117828: Epoch time: 22.23 s
2026-06-13 23:52:27.117978: 
2026-06-13 23:52:27.119874: Epoch 773
2026-06-13 23:52:27.121379: Current learning rate: 0.00263
2026-06-13 23:52:49.290526: train_loss -0.7162
2026-06-13 23:52:49.292508: val_loss -0.6074
2026-06-13 23:52:49.294024: Pseudo dice [0.6027]
2026-06-13 23:52:49.295397: Epoch time: 22.17 s
2026-06-13 23:52:50.292991: 
2026-06-13 23:52:50.297541: Epoch 774
2026-06-13 23:52:50.301006: Current learning rate: 0.00262
2026-06-13 23:53:12.462415: train_loss -0.7051
2026-06-13 23:53:12.465299: val_loss -0.5769
2026-06-13 23:53:12.466738: Pseudo dice [0.5466]
2026-06-13 23:53:12.468251: Epoch time: 22.17 s
2026-06-13 23:53:13.472181: 
2026-06-13 23:53:13.473778: Epoch 775
2026-06-13 23:53:13.475188: Current learning rate: 0.00261
2026-06-13 23:53:35.690428: train_loss -0.7288
2026-06-13 23:53:35.693106: val_loss -0.6018
2026-06-13 23:53:35.694611: Pseudo dice [0.5798]
2026-06-13 23:53:35.696195: Epoch time: 22.22 s
2026-06-13 23:53:36.696745: 
2026-06-13 23:53:36.698283: Epoch 776
2026-06-13 23:53:36.699745: Current learning rate: 0.0026
2026-06-13 23:53:58.853310: train_loss -0.7294
2026-06-13 23:53:58.855678: val_loss -0.5605
2026-06-13 23:53:58.857121: Pseudo dice [0.5597]
2026-06-13 23:53:58.858752: Epoch time: 22.16 s
2026-06-13 23:53:59.851866: 
2026-06-13 23:53:59.853344: Epoch 777
2026-06-13 23:53:59.854743: Current learning rate: 0.00259
2026-06-13 23:54:21.931878: train_loss -0.7254
2026-06-13 23:54:21.933846: val_loss -0.5667
2026-06-13 23:54:21.935540: Pseudo dice [0.5953]
2026-06-13 23:54:21.937615: Epoch time: 22.08 s
2026-06-13 23:54:22.926809: 
2026-06-13 23:54:22.928374: Epoch 778
2026-06-13 23:54:22.929852: Current learning rate: 0.00258
2026-06-13 23:54:45.047782: train_loss -0.7342
2026-06-13 23:54:45.050101: val_loss -0.5437
2026-06-13 23:54:45.051589: Pseudo dice [0.504]
2026-06-13 23:54:45.052894: Epoch time: 22.12 s
2026-06-13 23:54:46.043203: 
2026-06-13 23:54:46.045609: Epoch 779
2026-06-13 23:54:46.047134: Current learning rate: 0.00257
2026-06-13 23:55:08.147271: train_loss -0.7283
2026-06-13 23:55:08.149248: val_loss -0.6002
2026-06-13 23:55:08.150772: Pseudo dice [0.5439]
2026-06-13 23:55:08.152294: Epoch time: 22.11 s
2026-06-13 23:55:09.160974: 
2026-06-13 23:55:09.162591: Epoch 780
2026-06-13 23:55:09.164019: Current learning rate: 0.00256
2026-06-13 23:55:31.223795: train_loss -0.7347
2026-06-13 23:55:31.229456: val_loss -0.5804
2026-06-13 23:55:31.245878: Pseudo dice [0.5715]
2026-06-13 23:55:31.247963: Epoch time: 22.06 s
2026-06-13 23:55:32.250478: 
2026-06-13 23:55:32.252160: Epoch 781
2026-06-13 23:55:32.253648: Current learning rate: 0.00255
2026-06-13 23:55:54.328349: train_loss -0.7265
2026-06-13 23:55:54.331434: val_loss -0.5202
2026-06-13 23:55:54.332950: Pseudo dice [0.4996]
2026-06-13 23:55:54.334612: Epoch time: 22.08 s
2026-06-13 23:55:55.342160: 
2026-06-13 23:55:55.344852: Epoch 782
2026-06-13 23:55:55.346418: Current learning rate: 0.00254
2026-06-13 23:56:17.394653: train_loss -0.7424
2026-06-13 23:56:17.397067: val_loss -0.6039
2026-06-13 23:56:17.398615: Pseudo dice [0.5972]
2026-06-13 23:56:17.399962: Epoch time: 22.05 s
2026-06-13 23:56:18.381065: 
2026-06-13 23:56:18.382806: Epoch 783
2026-06-13 23:56:18.384210: Current learning rate: 0.00253
2026-06-13 23:56:40.500619: train_loss -0.7609
2026-06-13 23:56:40.502663: val_loss -0.6019
2026-06-13 23:56:40.504056: Pseudo dice [0.5538]
2026-06-13 23:56:40.505447: Epoch time: 22.12 s
2026-06-13 23:56:41.503881: 
2026-06-13 23:56:41.505656: Epoch 784
2026-06-13 23:56:41.507071: Current learning rate: 0.00252
2026-06-13 23:57:03.608421: train_loss -0.7532
2026-06-13 23:57:03.610453: val_loss -0.5818
2026-06-13 23:57:03.611955: Pseudo dice [0.547]
2026-06-13 23:57:03.613334: Epoch time: 22.11 s
2026-06-13 23:57:04.599894: 
2026-06-13 23:57:04.601384: Epoch 785
2026-06-13 23:57:04.602755: Current learning rate: 0.00251
2026-06-13 23:57:26.691098: train_loss -0.745
2026-06-13 23:57:26.696547: val_loss -0.5778
2026-06-13 23:57:26.698004: Pseudo dice [0.5765]
2026-06-13 23:57:26.699324: Epoch time: 22.09 s
2026-06-13 23:57:27.687878: 
2026-06-13 23:57:27.689534: Epoch 786
2026-06-13 23:57:27.690949: Current learning rate: 0.0025
2026-06-13 23:57:49.799748: train_loss -0.7341
2026-06-13 23:57:49.801799: val_loss -0.5581
2026-06-13 23:57:49.803260: Pseudo dice [0.5632]
2026-06-13 23:57:49.804790: Epoch time: 22.11 s
2026-06-13 23:57:51.421445: 
2026-06-13 23:57:51.423763: Epoch 787
2026-06-13 23:57:51.431347: Current learning rate: 0.00249
2026-06-13 23:58:13.828779: train_loss -0.7323
2026-06-13 23:58:13.831156: val_loss -0.5448
2026-06-13 23:58:13.832880: Pseudo dice [0.5051]
2026-06-13 23:58:13.834439: Epoch time: 22.41 s
2026-06-13 23:58:14.858343: 
2026-06-13 23:58:14.860683: Epoch 788
2026-06-13 23:58:14.862412: Current learning rate: 0.00248
2026-06-13 23:58:37.129272: train_loss -0.7444
2026-06-13 23:58:37.131471: val_loss -0.5694
2026-06-13 23:58:37.133178: Pseudo dice [0.5436]
2026-06-13 23:58:37.134686: Epoch time: 22.27 s
2026-06-13 23:58:38.122865: 
2026-06-13 23:58:38.124560: Epoch 789
2026-06-13 23:58:38.126086: Current learning rate: 0.00247
2026-06-13 23:59:00.311893: train_loss -0.7529
2026-06-13 23:59:00.314973: val_loss -0.5853
2026-06-13 23:59:00.316591: Pseudo dice [0.5754]
2026-06-13 23:59:00.318144: Epoch time: 22.19 s
2026-06-13 23:59:01.308392: 
2026-06-13 23:59:01.310004: Epoch 790
2026-06-13 23:59:01.311542: Current learning rate: 0.00245
2026-06-13 23:59:23.462270: train_loss -0.7533
2026-06-13 23:59:23.464854: val_loss -0.5642
2026-06-13 23:59:23.466354: Pseudo dice [0.5654]
2026-06-13 23:59:23.467862: Epoch time: 22.15 s
2026-06-13 23:59:24.461453: 
2026-06-13 23:59:24.463080: Epoch 791
2026-06-13 23:59:24.464700: Current learning rate: 0.00244
2026-06-13 23:59:46.605695: train_loss -0.7439
2026-06-13 23:59:46.608486: val_loss -0.5821
2026-06-13 23:59:46.609951: Pseudo dice [0.5994]
2026-06-13 23:59:46.611459: Epoch time: 22.15 s
2026-06-13 23:59:47.608491: 
2026-06-13 23:59:47.610168: Epoch 792
2026-06-13 23:59:47.611691: Current learning rate: 0.00243
2026-06-14 00:00:09.817190: train_loss -0.7427
2026-06-14 00:00:09.821479: val_loss -0.5796
2026-06-14 00:00:09.822980: Pseudo dice [0.5625]
2026-06-14 00:00:09.824437: Epoch time: 22.21 s
2026-06-14 00:00:10.843530: 
2026-06-14 00:00:10.845087: Epoch 793
2026-06-14 00:00:10.846492: Current learning rate: 0.00242
2026-06-14 00:00:32.976285: train_loss -0.7486
2026-06-14 00:00:32.979517: val_loss -0.5277
2026-06-14 00:00:32.981327: Pseudo dice [0.4627]
2026-06-14 00:00:32.983159: Epoch time: 22.13 s
2026-06-14 00:00:33.987423: 
2026-06-14 00:00:33.989117: Epoch 794
2026-06-14 00:00:33.990880: Current learning rate: 0.00241
2026-06-14 00:00:56.222758: train_loss -0.7469
2026-06-14 00:00:56.225909: val_loss -0.5868
2026-06-14 00:00:56.227485: Pseudo dice [0.5244]
2026-06-14 00:00:56.229067: Epoch time: 22.24 s
2026-06-14 00:00:57.229761: 
2026-06-14 00:00:57.231537: Epoch 795
2026-06-14 00:00:57.233273: Current learning rate: 0.0024
2026-06-14 00:01:19.399943: train_loss -0.7573
2026-06-14 00:01:19.403631: val_loss -0.5464
2026-06-14 00:01:19.405438: Pseudo dice [0.5673]
2026-06-14 00:01:19.407348: Epoch time: 22.17 s
2026-06-14 00:01:20.422039: 
2026-06-14 00:01:20.424340: Epoch 796
2026-06-14 00:01:20.426357: Current learning rate: 0.00239
2026-06-14 00:01:42.581530: train_loss -0.7296
2026-06-14 00:01:42.588654: val_loss -0.6353
2026-06-14 00:01:42.591053: Pseudo dice [0.6636]
2026-06-14 00:01:42.593337: Epoch time: 22.16 s
2026-06-14 00:01:43.613970: 
2026-06-14 00:01:43.615670: Epoch 797
2026-06-14 00:01:43.617883: Current learning rate: 0.00238
2026-06-14 00:02:05.712835: train_loss -0.7394
2026-06-14 00:02:05.716122: val_loss -0.5443
2026-06-14 00:02:05.717970: Pseudo dice [0.2876]
2026-06-14 00:02:05.719779: Epoch time: 22.1 s
2026-06-14 00:02:06.746426: 
2026-06-14 00:02:06.748672: Epoch 798
2026-06-14 00:02:06.750744: Current learning rate: 0.00237
2026-06-14 00:02:28.910733: train_loss -0.7434
2026-06-14 00:02:28.915138: val_loss -0.6468
2026-06-14 00:02:28.916838: Pseudo dice [0.6013]
2026-06-14 00:02:28.918461: Epoch time: 22.17 s
2026-06-14 00:02:29.929182: 
2026-06-14 00:02:29.930968: Epoch 799
2026-06-14 00:02:29.932740: Current learning rate: 0.00236
2026-06-14 00:02:52.043288: train_loss -0.7385
2026-06-14 00:02:52.046456: val_loss -0.5714
2026-06-14 00:02:52.048036: Pseudo dice [0.5372]
2026-06-14 00:02:52.049877: Epoch time: 22.12 s
2026-06-14 00:02:53.536813: 
2026-06-14 00:02:53.538695: Epoch 800
2026-06-14 00:02:53.540326: Current learning rate: 0.00235
2026-06-14 00:03:15.602599: train_loss -0.7444
2026-06-14 00:03:15.617329: val_loss -0.5327
2026-06-14 00:03:15.622580: Pseudo dice [0.5215]
2026-06-14 00:03:15.625035: Epoch time: 22.07 s
2026-06-14 00:03:16.791167: 
2026-06-14 00:03:16.793379: Epoch 801
2026-06-14 00:03:16.795411: Current learning rate: 0.00234
2026-06-14 00:03:38.925873: train_loss -0.7518
2026-06-14 00:03:38.929530: val_loss -0.5649
2026-06-14 00:03:38.931452: Pseudo dice [0.5538]
2026-06-14 00:03:38.933156: Epoch time: 22.14 s
2026-06-14 00:03:39.944392: 
2026-06-14 00:03:39.946295: Epoch 802
2026-06-14 00:03:39.948206: Current learning rate: 0.00233
2026-06-14 00:04:02.037919: train_loss -0.7483
2026-06-14 00:04:02.042350: val_loss -0.5716
2026-06-14 00:04:02.045124: Pseudo dice [0.566]
2026-06-14 00:04:02.046891: Epoch time: 22.09 s
2026-06-14 00:04:03.603213: 
2026-06-14 00:04:03.605180: Epoch 803
2026-06-14 00:04:03.606619: Current learning rate: 0.00232
2026-06-14 00:04:25.888684: train_loss -0.7478
2026-06-14 00:04:25.891677: val_loss -0.6104
2026-06-14 00:04:25.893354: Pseudo dice [0.5696]
2026-06-14 00:04:25.895131: Epoch time: 22.29 s
2026-06-14 00:04:26.898940: 
2026-06-14 00:04:26.906956: Epoch 804
2026-06-14 00:04:26.910603: Current learning rate: 0.00231
2026-06-14 00:04:49.223720: train_loss -0.747
2026-06-14 00:04:49.226955: val_loss -0.6167
2026-06-14 00:04:49.228843: Pseudo dice [0.5846]
2026-06-14 00:04:49.231656: Epoch time: 22.33 s
2026-06-14 00:04:50.243680: 
2026-06-14 00:04:50.245864: Epoch 805
2026-06-14 00:04:50.247621: Current learning rate: 0.0023
2026-06-14 00:05:12.551104: train_loss -0.7413
2026-06-14 00:05:12.557401: val_loss -0.541
2026-06-14 00:05:12.560408: Pseudo dice [0.5468]
2026-06-14 00:05:12.562225: Epoch time: 22.31 s
2026-06-14 00:05:13.563067: 
2026-06-14 00:05:13.566532: Epoch 806
2026-06-14 00:05:13.569045: Current learning rate: 0.00229
2026-06-14 00:05:35.744286: train_loss -0.7412
2026-06-14 00:05:35.748128: val_loss -0.5969
2026-06-14 00:05:35.749793: Pseudo dice [0.5703]
2026-06-14 00:05:35.751430: Epoch time: 22.18 s
2026-06-14 00:05:36.761005: 
2026-06-14 00:05:36.762761: Epoch 807
2026-06-14 00:05:36.764870: Current learning rate: 0.00228
2026-06-14 00:05:59.038612: train_loss -0.7517
2026-06-14 00:05:59.045898: val_loss -0.5631
2026-06-14 00:05:59.047671: Pseudo dice [0.5596]
2026-06-14 00:05:59.049457: Epoch time: 22.28 s
2026-06-14 00:06:00.050226: 
2026-06-14 00:06:00.055108: Epoch 808
2026-06-14 00:06:00.056933: Current learning rate: 0.00226
2026-06-14 00:06:22.249237: train_loss -0.7532
2026-06-14 00:06:22.253723: val_loss -0.5508
2026-06-14 00:06:22.255694: Pseudo dice [0.5622]
2026-06-14 00:06:22.257515: Epoch time: 22.2 s
2026-06-14 00:06:23.257731: 
2026-06-14 00:06:23.259715: Epoch 809
2026-06-14 00:06:23.261580: Current learning rate: 0.00225
2026-06-14 00:06:45.460866: train_loss -0.7463
2026-06-14 00:06:45.467295: val_loss -0.568
2026-06-14 00:06:45.469010: Pseudo dice [0.5743]
2026-06-14 00:06:45.470810: Epoch time: 22.2 s
2026-06-14 00:06:46.480601: 
2026-06-14 00:06:46.482329: Epoch 810
2026-06-14 00:06:46.484533: Current learning rate: 0.00224
2026-06-14 00:07:08.610720: train_loss -0.737
2026-06-14 00:07:08.615015: val_loss -0.5459
2026-06-14 00:07:08.616661: Pseudo dice [0.5158]
2026-06-14 00:07:08.618435: Epoch time: 22.13 s
2026-06-14 00:07:09.621883: 
2026-06-14 00:07:09.623687: Epoch 811
2026-06-14 00:07:09.625780: Current learning rate: 0.00223
2026-06-14 00:07:31.711364: train_loss -0.7295
2026-06-14 00:07:31.715836: val_loss -0.5593
2026-06-14 00:07:31.719060: Pseudo dice [0.5494]
2026-06-14 00:07:31.722823: Epoch time: 22.09 s
2026-06-14 00:07:32.737092: 
2026-06-14 00:07:32.739181: Epoch 812
2026-06-14 00:07:32.742896: Current learning rate: 0.00222
2026-06-14 00:07:54.798589: train_loss -0.7483
2026-06-14 00:07:54.802616: val_loss -0.5402
2026-06-14 00:07:54.804586: Pseudo dice [0.5232]
2026-06-14 00:07:54.806602: Epoch time: 22.06 s
2026-06-14 00:07:55.817491: 
2026-06-14 00:07:55.819561: Epoch 813
2026-06-14 00:07:55.821724: Current learning rate: 0.00221
2026-06-14 00:08:17.964263: train_loss -0.7487
2026-06-14 00:08:17.968167: val_loss -0.6114
2026-06-14 00:08:17.969990: Pseudo dice [0.6346]
2026-06-14 00:08:17.971601: Epoch time: 22.15 s
2026-06-14 00:08:18.976419: 
2026-06-14 00:08:18.978944: Epoch 814
2026-06-14 00:08:18.981211: Current learning rate: 0.0022
2026-06-14 00:08:41.155871: train_loss -0.7388
2026-06-14 00:08:41.159658: val_loss -0.5498
2026-06-14 00:08:41.163483: Pseudo dice [0.3375]
2026-06-14 00:08:41.165134: Epoch time: 22.18 s
2026-06-14 00:08:42.179751: 
2026-06-14 00:08:42.181452: Epoch 815
2026-06-14 00:08:42.183685: Current learning rate: 0.00219
2026-06-14 00:09:04.234339: train_loss -0.7594
2026-06-14 00:09:04.238739: val_loss -0.5525
2026-06-14 00:09:04.242169: Pseudo dice [0.5326]
2026-06-14 00:09:04.245117: Epoch time: 22.06 s
2026-06-14 00:09:05.241099: 
2026-06-14 00:09:05.242886: Epoch 816
2026-06-14 00:09:05.244478: Current learning rate: 0.00218
2026-06-14 00:09:27.369734: train_loss -0.7518
2026-06-14 00:09:27.372034: val_loss -0.5673
2026-06-14 00:09:27.373550: Pseudo dice [0.5478]
2026-06-14 00:09:27.377053: Epoch time: 22.13 s
2026-06-14 00:09:28.384864: 
2026-06-14 00:09:28.386816: Epoch 817
2026-06-14 00:09:28.389166: Current learning rate: 0.00217
2026-06-14 00:09:50.511451: train_loss -0.7133
2026-06-14 00:09:50.513852: val_loss -0.5981
2026-06-14 00:09:50.515282: Pseudo dice [0.2286]
2026-06-14 00:09:50.516878: Epoch time: 22.13 s
2026-06-14 00:09:51.509012: 
2026-06-14 00:09:51.510547: Epoch 818
2026-06-14 00:09:51.512148: Current learning rate: 0.00216
2026-06-14 00:10:13.653128: train_loss -0.7386
2026-06-14 00:10:13.657632: val_loss -0.6086
2026-06-14 00:10:13.659579: Pseudo dice [0.6092]
2026-06-14 00:10:13.661220: Epoch time: 22.14 s
2026-06-14 00:10:15.252083: 
2026-06-14 00:10:15.255352: Epoch 819
2026-06-14 00:10:15.257294: Current learning rate: 0.00215
2026-06-14 00:10:37.567010: train_loss -0.7493
2026-06-14 00:10:37.569339: val_loss -0.5308
2026-06-14 00:10:37.571022: Pseudo dice [0.4556]
2026-06-14 00:10:37.572740: Epoch time: 22.32 s
2026-06-14 00:10:38.542988: 
2026-06-14 00:10:38.547400: Epoch 820
2026-06-14 00:10:38.549164: Current learning rate: 0.00214
2026-06-14 00:11:00.846974: train_loss -0.7347
2026-06-14 00:11:00.851491: val_loss -0.4996
2026-06-14 00:11:00.855276: Pseudo dice [0.4071]
2026-06-14 00:11:00.858744: Epoch time: 22.31 s
2026-06-14 00:11:01.830405: 
2026-06-14 00:11:01.832520: Epoch 821
2026-06-14 00:11:01.834446: Current learning rate: 0.00213
2026-06-14 00:11:24.162822: train_loss -0.7616
2026-06-14 00:11:24.165064: val_loss -0.547
2026-06-14 00:11:24.166628: Pseudo dice [0.5622]
2026-06-14 00:11:24.168178: Epoch time: 22.33 s
2026-06-14 00:11:25.150510: 
2026-06-14 00:11:25.152017: Epoch 822
2026-06-14 00:11:25.153470: Current learning rate: 0.00212
2026-06-14 00:11:47.533771: train_loss -0.7332
2026-06-14 00:11:47.537996: val_loss -0.5475
2026-06-14 00:11:47.541312: Pseudo dice [0.5421]
2026-06-14 00:11:47.544047: Epoch time: 22.38 s
2026-06-14 00:11:48.520652: 
2026-06-14 00:11:48.522481: Epoch 823
2026-06-14 00:11:48.524232: Current learning rate: 0.0021
2026-06-14 00:12:10.685914: train_loss -0.7322
2026-06-14 00:12:10.688952: val_loss -0.5709
2026-06-14 00:12:10.690554: Pseudo dice [0.5943]
2026-06-14 00:12:10.692235: Epoch time: 22.17 s
2026-06-14 00:12:11.669194: 
2026-06-14 00:12:11.671052: Epoch 824
2026-06-14 00:12:11.672698: Current learning rate: 0.00209
2026-06-14 00:12:33.892656: train_loss -0.7294
2026-06-14 00:12:33.894668: val_loss -0.5652
2026-06-14 00:12:33.896157: Pseudo dice [0.5295]
2026-06-14 00:12:33.897533: Epoch time: 22.22 s
2026-06-14 00:12:34.875911: 
2026-06-14 00:12:34.877836: Epoch 825
2026-06-14 00:12:34.879376: Current learning rate: 0.00208
2026-06-14 00:12:57.124517: train_loss -0.7363
2026-06-14 00:12:57.126533: val_loss -0.602
2026-06-14 00:12:57.128004: Pseudo dice [0.5845]
2026-06-14 00:12:57.129561: Epoch time: 22.25 s
2026-06-14 00:12:58.119199: 
2026-06-14 00:12:58.121012: Epoch 826
2026-06-14 00:12:58.122724: Current learning rate: 0.00207
2026-06-14 00:13:20.297731: train_loss -0.7377
2026-06-14 00:13:20.300100: val_loss -0.5629
2026-06-14 00:13:20.301696: Pseudo dice [0.6009]
2026-06-14 00:13:20.303274: Epoch time: 22.18 s
2026-06-14 00:13:21.284007: 
2026-06-14 00:13:21.285986: Epoch 827
2026-06-14 00:13:21.287962: Current learning rate: 0.00206
2026-06-14 00:13:43.461488: train_loss -0.7254
2026-06-14 00:13:43.463800: val_loss -0.5939
2026-06-14 00:13:43.465655: Pseudo dice [0.5528]
2026-06-14 00:13:43.467291: Epoch time: 22.18 s
2026-06-14 00:13:44.447988: 
2026-06-14 00:13:44.449852: Epoch 828
2026-06-14 00:13:44.451412: Current learning rate: 0.00205
2026-06-14 00:14:06.566588: train_loss -0.7321
2026-06-14 00:14:06.571560: val_loss -0.5288
2026-06-14 00:14:06.573118: Pseudo dice [0.4811]
2026-06-14 00:14:06.575143: Epoch time: 22.12 s
2026-06-14 00:14:07.548460: 
2026-06-14 00:14:07.550009: Epoch 829
2026-06-14 00:14:07.551509: Current learning rate: 0.00204
2026-06-14 00:14:29.674428: train_loss -0.763
2026-06-14 00:14:29.677133: val_loss -0.5191
2026-06-14 00:14:29.678841: Pseudo dice [0.4989]
2026-06-14 00:14:29.680566: Epoch time: 22.13 s
2026-06-14 00:14:30.655742: 
2026-06-14 00:14:30.658120: Epoch 830
2026-06-14 00:14:30.660015: Current learning rate: 0.00203
2026-06-14 00:14:52.865314: train_loss -0.7488
2026-06-14 00:14:52.868996: val_loss -0.5623
2026-06-14 00:14:52.871387: Pseudo dice [0.517]
2026-06-14 00:14:52.875517: Epoch time: 22.21 s
2026-06-14 00:14:53.866611: 
2026-06-14 00:14:53.871193: Epoch 831
2026-06-14 00:14:53.874622: Current learning rate: 0.00202
2026-06-14 00:15:16.031373: train_loss -0.7219
2026-06-14 00:15:16.034159: val_loss -0.5663
2026-06-14 00:15:16.035890: Pseudo dice [0.529]
2026-06-14 00:15:16.038201: Epoch time: 22.17 s
2026-06-14 00:15:17.007134: 
2026-06-14 00:15:17.009005: Epoch 832
2026-06-14 00:15:17.010740: Current learning rate: 0.00201
2026-06-14 00:15:39.181556: train_loss -0.7441
2026-06-14 00:15:39.183953: val_loss -0.6145
2026-06-14 00:15:39.185622: Pseudo dice [0.5621]
2026-06-14 00:15:39.187204: Epoch time: 22.18 s
2026-06-14 00:15:40.160515: 
2026-06-14 00:15:40.162537: Epoch 833
2026-06-14 00:15:40.164086: Current learning rate: 0.002
2026-06-14 00:16:02.292959: train_loss -0.738
2026-06-14 00:16:02.295500: val_loss -0.5463
2026-06-14 00:16:02.296918: Pseudo dice [0.5181]
2026-06-14 00:16:02.298295: Epoch time: 22.13 s
2026-06-14 00:16:03.266508: 
2026-06-14 00:16:03.267995: Epoch 834
2026-06-14 00:16:03.269549: Current learning rate: 0.00199
2026-06-14 00:16:25.394367: train_loss -0.7049
2026-06-14 00:16:25.398183: val_loss -0.5458
2026-06-14 00:16:25.400481: Pseudo dice [0.5281]
2026-06-14 00:16:25.402274: Epoch time: 22.13 s
2026-06-14 00:16:26.390482: 
2026-06-14 00:16:26.392410: Epoch 835
2026-06-14 00:16:26.394107: Current learning rate: 0.00198
2026-06-14 00:16:48.524885: train_loss -0.6942
2026-06-14 00:16:48.528135: val_loss -0.5539
2026-06-14 00:16:48.529777: Pseudo dice [0.5575]
2026-06-14 00:16:48.531193: Epoch time: 22.14 s
2026-06-14 00:16:49.516854: 
2026-06-14 00:16:49.518447: Epoch 836
2026-06-14 00:16:49.519907: Current learning rate: 0.00196
2026-06-14 00:17:11.653663: train_loss -0.7179
2026-06-14 00:17:11.657089: val_loss -0.5719
2026-06-14 00:17:11.658623: Pseudo dice [0.5252]
2026-06-14 00:17:11.660153: Epoch time: 22.14 s
2026-06-14 00:17:13.227098: 
2026-06-14 00:17:13.230455: Epoch 837
2026-06-14 00:17:13.233576: Current learning rate: 0.00195
2026-06-14 00:17:35.568305: train_loss -0.7411
2026-06-14 00:17:35.571654: val_loss -0.5667
2026-06-14 00:17:35.573314: Pseudo dice [0.5111]
2026-06-14 00:17:35.574816: Epoch time: 22.34 s
2026-06-14 00:17:36.544320: 
2026-06-14 00:17:36.545830: Epoch 838
2026-06-14 00:17:36.547270: Current learning rate: 0.00194
2026-06-14 00:17:58.847047: train_loss -0.7422
2026-06-14 00:17:58.850129: val_loss -0.5708
2026-06-14 00:17:58.851743: Pseudo dice [0.5324]
2026-06-14 00:17:58.853315: Epoch time: 22.3 s
2026-06-14 00:17:59.823714: 
2026-06-14 00:17:59.825249: Epoch 839
2026-06-14 00:17:59.826807: Current learning rate: 0.00193
2026-06-14 00:18:22.144719: train_loss -0.7545
2026-06-14 00:18:22.147597: val_loss -0.6155
2026-06-14 00:18:22.149595: Pseudo dice [0.5752]
2026-06-14 00:18:22.151173: Epoch time: 22.32 s
2026-06-14 00:18:23.135901: 
2026-06-14 00:18:23.137539: Epoch 840
2026-06-14 00:18:23.139053: Current learning rate: 0.00192
2026-06-14 00:18:45.473883: train_loss -0.7525
2026-06-14 00:18:45.478064: val_loss -0.5796
2026-06-14 00:18:45.479431: Pseudo dice [0.5575]
2026-06-14 00:18:45.480837: Epoch time: 22.34 s
2026-06-14 00:18:46.462933: 
2026-06-14 00:18:46.464418: Epoch 841
2026-06-14 00:18:46.465808: Current learning rate: 0.00191
2026-06-14 00:19:08.808388: train_loss -0.7579
2026-06-14 00:19:08.811416: val_loss -0.5729
2026-06-14 00:19:08.812864: Pseudo dice [0.5333]
2026-06-14 00:19:08.814494: Epoch time: 22.35 s
2026-06-14 00:19:09.804889: 
2026-06-14 00:19:09.806437: Epoch 842
2026-06-14 00:19:09.807800: Current learning rate: 0.0019
2026-06-14 00:19:32.164011: train_loss -0.7369
2026-06-14 00:19:32.169166: val_loss -0.6081
2026-06-14 00:19:32.172541: Pseudo dice [0.5761]
2026-06-14 00:19:32.175714: Epoch time: 22.36 s
2026-06-14 00:19:33.157006: 
2026-06-14 00:19:33.171311: Epoch 843
2026-06-14 00:19:33.176344: Current learning rate: 0.00189
2026-06-14 00:19:55.453606: train_loss -0.7636
2026-06-14 00:19:55.466187: val_loss -0.5902
2026-06-14 00:19:55.468313: Pseudo dice [0.548]
2026-06-14 00:19:55.470245: Epoch time: 22.3 s
2026-06-14 00:19:56.456255: 
2026-06-14 00:19:56.457916: Epoch 844
2026-06-14 00:19:56.459762: Current learning rate: 0.00188
2026-06-14 00:20:18.774784: train_loss -0.7537
2026-06-14 00:20:18.778059: val_loss -0.6459
2026-06-14 00:20:18.779516: Pseudo dice [0.6308]
2026-06-14 00:20:18.781031: Epoch time: 22.32 s
2026-06-14 00:20:19.771696: 
2026-06-14 00:20:19.773727: Epoch 845
2026-06-14 00:20:19.775602: Current learning rate: 0.00187
2026-06-14 00:20:42.083136: train_loss -0.7399
2026-06-14 00:20:42.087764: val_loss -0.57
2026-06-14 00:20:42.089390: Pseudo dice [0.5266]
2026-06-14 00:20:42.093211: Epoch time: 22.31 s
2026-06-14 00:20:43.073970: 
2026-06-14 00:20:43.076463: Epoch 846
2026-06-14 00:20:43.078372: Current learning rate: 0.00186
2026-06-14 00:21:05.281315: train_loss -0.7426
2026-06-14 00:21:05.285388: val_loss -0.5898
2026-06-14 00:21:05.290297: Pseudo dice [0.5537]
2026-06-14 00:21:05.292182: Epoch time: 22.21 s
2026-06-14 00:21:06.283327: 
2026-06-14 00:21:06.286253: Epoch 847
2026-06-14 00:21:06.288529: Current learning rate: 0.00185
2026-06-14 00:21:28.444091: train_loss -0.7435
2026-06-14 00:21:28.447421: val_loss -0.553
2026-06-14 00:21:28.448864: Pseudo dice [0.5495]
2026-06-14 00:21:28.450383: Epoch time: 22.16 s
2026-06-14 00:21:29.422407: 
2026-06-14 00:21:29.424067: Epoch 848
2026-06-14 00:21:29.425875: Current learning rate: 0.00184
2026-06-14 00:21:51.622462: train_loss -0.7418
2026-06-14 00:21:51.628584: val_loss -0.531
2026-06-14 00:21:51.630167: Pseudo dice [0.5105]
2026-06-14 00:21:51.631636: Epoch time: 22.2 s
2026-06-14 00:21:52.608457: 
2026-06-14 00:21:52.610796: Epoch 849
2026-06-14 00:21:52.617583: Current learning rate: 0.00182
2026-06-14 00:22:14.788237: train_loss -0.7399
2026-06-14 00:22:14.796312: val_loss -0.5801
2026-06-14 00:22:14.797960: Pseudo dice [0.5642]
2026-06-14 00:22:14.799510: Epoch time: 22.18 s
2026-06-14 00:22:16.282946: 
2026-06-14 00:22:16.285045: Epoch 850
2026-06-14 00:22:16.287081: Current learning rate: 0.00181
2026-06-14 00:22:38.385013: train_loss -0.7588
2026-06-14 00:22:38.390109: val_loss -0.5546
2026-06-14 00:22:38.391875: Pseudo dice [0.5514]
2026-06-14 00:22:38.393858: Epoch time: 22.1 s
2026-06-14 00:22:39.364012: 
2026-06-14 00:22:39.366022: Epoch 851
2026-06-14 00:22:39.368253: Current learning rate: 0.0018
2026-06-14 00:23:01.614500: train_loss -0.7318
2026-06-14 00:23:01.618268: val_loss -0.54
2026-06-14 00:23:01.619937: Pseudo dice [0.5628]
2026-06-14 00:23:01.621590: Epoch time: 22.25 s
2026-06-14 00:23:02.581269: 
2026-06-14 00:23:02.583088: Epoch 852
2026-06-14 00:23:02.588128: Current learning rate: 0.00179
2026-06-14 00:23:24.669404: train_loss -0.7318
2026-06-14 00:23:24.673321: val_loss -0.4399
2026-06-14 00:23:24.674818: Pseudo dice [0.3532]
2026-06-14 00:23:24.676250: Epoch time: 22.09 s
2026-06-14 00:23:25.650626: 
2026-06-14 00:23:25.652107: Epoch 853
2026-06-14 00:23:25.653921: Current learning rate: 0.00178
2026-06-14 00:23:47.774823: train_loss -0.733
2026-06-14 00:23:47.777961: val_loss -0.5984
2026-06-14 00:23:47.779454: Pseudo dice [0.5739]
2026-06-14 00:23:47.780872: Epoch time: 22.13 s
2026-06-14 00:23:48.741259: 
2026-06-14 00:23:48.742950: Epoch 854
2026-06-14 00:23:48.744649: Current learning rate: 0.00177
2026-06-14 00:24:11.553146: train_loss -0.7366
2026-06-14 00:24:11.562222: val_loss -0.5481
2026-06-14 00:24:11.571075: Pseudo dice [0.3865]
2026-06-14 00:24:11.575882: Epoch time: 22.81 s
2026-06-14 00:24:12.543789: 
2026-06-14 00:24:12.545624: Epoch 855
2026-06-14 00:24:12.547867: Current learning rate: 0.00176
2026-06-14 00:24:34.865942: train_loss -0.7487
2026-06-14 00:24:34.869359: val_loss -0.604
2026-06-14 00:24:34.871123: Pseudo dice [0.5674]
2026-06-14 00:24:34.872451: Epoch time: 22.32 s
2026-06-14 00:24:35.844183: 
2026-06-14 00:24:35.846900: Epoch 856
2026-06-14 00:24:35.853412: Current learning rate: 0.00175
2026-06-14 00:24:58.118280: train_loss -0.7609
2026-06-14 00:24:58.121753: val_loss -0.5793
2026-06-14 00:24:58.123349: Pseudo dice [0.5897]
2026-06-14 00:24:58.124837: Epoch time: 22.28 s
2026-06-14 00:24:59.102284: 
2026-06-14 00:24:59.103836: Epoch 857
2026-06-14 00:24:59.105679: Current learning rate: 0.00174
2026-06-14 00:25:21.425232: train_loss -0.7581
2026-06-14 00:25:21.433211: val_loss -0.5702
2026-06-14 00:25:21.436431: Pseudo dice [0.6216]
2026-06-14 00:25:21.439535: Epoch time: 22.32 s
2026-06-14 00:25:22.420904: 
2026-06-14 00:25:22.424198: Epoch 858
2026-06-14 00:25:22.428034: Current learning rate: 0.00173
2026-06-14 00:25:44.834339: train_loss -0.7532
2026-06-14 00:25:44.837635: val_loss -0.5813
2026-06-14 00:25:44.839096: Pseudo dice [0.5826]
2026-06-14 00:25:44.840709: Epoch time: 22.41 s
2026-06-14 00:25:45.813007: 
2026-06-14 00:25:45.815626: Epoch 859
2026-06-14 00:25:45.817444: Current learning rate: 0.00172
2026-06-14 00:26:08.148335: train_loss -0.7675
2026-06-14 00:26:08.153610: val_loss -0.664
2026-06-14 00:26:08.157317: Pseudo dice [0.6503]
2026-06-14 00:26:08.159928: Epoch time: 22.34 s
2026-06-14 00:26:09.143591: 
2026-06-14 00:26:09.145729: Epoch 860
2026-06-14 00:26:09.147689: Current learning rate: 0.0017
2026-06-14 00:26:31.510969: train_loss -0.7648
2026-06-14 00:26:31.513901: val_loss -0.5559
2026-06-14 00:26:31.515505: Pseudo dice [0.5217]
2026-06-14 00:26:31.517028: Epoch time: 22.37 s
2026-06-14 00:26:32.494043: 
2026-06-14 00:26:32.496063: Epoch 861
2026-06-14 00:26:32.497599: Current learning rate: 0.00169
2026-06-14 00:26:54.854206: train_loss -0.7563
2026-06-14 00:26:54.860344: val_loss -0.4824
2026-06-14 00:26:54.862160: Pseudo dice [0.4746]
2026-06-14 00:26:54.863665: Epoch time: 22.36 s
2026-06-14 00:26:55.834673: 
2026-06-14 00:26:55.836241: Epoch 862
2026-06-14 00:26:55.837850: Current learning rate: 0.00168
2026-06-14 00:27:18.139396: train_loss -0.761
2026-06-14 00:27:18.143782: val_loss -0.5371
2026-06-14 00:27:18.145507: Pseudo dice [0.5015]
2026-06-14 00:27:18.147230: Epoch time: 22.31 s
2026-06-14 00:27:19.121723: 
2026-06-14 00:27:19.126341: Epoch 863
2026-06-14 00:27:19.129786: Current learning rate: 0.00167
2026-06-14 00:27:41.294603: train_loss -0.7561
2026-06-14 00:27:41.297413: val_loss -0.561
2026-06-14 00:27:41.298986: Pseudo dice [0.5777]
2026-06-14 00:27:41.300498: Epoch time: 22.17 s
2026-06-14 00:27:42.270487: 
2026-06-14 00:27:42.272095: Epoch 864
2026-06-14 00:27:42.273605: Current learning rate: 0.00166
2026-06-14 00:28:04.505415: train_loss -0.7681
2026-06-14 00:28:04.508324: val_loss -0.5696
2026-06-14 00:28:04.510196: Pseudo dice [0.5464]
2026-06-14 00:28:04.515066: Epoch time: 22.24 s
2026-06-14 00:28:05.483712: 
2026-06-14 00:28:05.485224: Epoch 865
2026-06-14 00:28:05.486784: Current learning rate: 0.00165
2026-06-14 00:28:27.753387: train_loss -0.7427
2026-06-14 00:28:27.756890: val_loss -0.4731
2026-06-14 00:28:27.758548: Pseudo dice [0.2015]
2026-06-14 00:28:27.760196: Epoch time: 22.27 s
2026-06-14 00:28:28.721181: 
2026-06-14 00:28:28.722727: Epoch 866
2026-06-14 00:28:28.724104: Current learning rate: 0.00164
2026-06-14 00:28:50.873923: train_loss -0.7421
2026-06-14 00:28:50.876809: val_loss -0.598
2026-06-14 00:28:50.878286: Pseudo dice [0.5756]
2026-06-14 00:28:50.879864: Epoch time: 22.15 s
2026-06-14 00:28:51.843768: 
2026-06-14 00:28:51.845670: Epoch 867
2026-06-14 00:28:51.847452: Current learning rate: 0.00163
2026-06-14 00:29:13.955823: train_loss -0.7514
2026-06-14 00:29:13.958843: val_loss -0.5388
2026-06-14 00:29:13.960295: Pseudo dice [0.3623]
2026-06-14 00:29:13.961814: Epoch time: 22.11 s
2026-06-14 00:29:14.929357: 
2026-06-14 00:29:14.931125: Epoch 868
2026-06-14 00:29:14.932540: Current learning rate: 0.00162
2026-06-14 00:29:37.012125: train_loss -0.76
2026-06-14 00:29:37.014257: val_loss -0.5995
2026-06-14 00:29:37.015741: Pseudo dice [0.6376]
2026-06-14 00:29:37.017238: Epoch time: 22.08 s
2026-06-14 00:29:37.986306: 
2026-06-14 00:29:37.988215: Epoch 869
2026-06-14 00:29:37.989839: Current learning rate: 0.00161
2026-06-14 00:30:00.056483: train_loss -0.7659
2026-06-14 00:30:00.058458: val_loss -0.5869
2026-06-14 00:30:00.059967: Pseudo dice [0.5736]
2026-06-14 00:30:00.061524: Epoch time: 22.07 s
2026-06-14 00:30:01.024515: 
2026-06-14 00:30:01.026177: Epoch 870
2026-06-14 00:30:01.027679: Current learning rate: 0.00159
2026-06-14 00:30:23.126102: train_loss -0.74
2026-06-14 00:30:23.128698: val_loss -0.546
2026-06-14 00:30:23.130437: Pseudo dice [0.5363]
2026-06-14 00:30:23.132049: Epoch time: 22.1 s
2026-06-14 00:30:24.091674: 
2026-06-14 00:30:24.095973: Epoch 871
2026-06-14 00:30:24.100017: Current learning rate: 0.00158
2026-06-14 00:30:46.131330: train_loss -0.7551
2026-06-14 00:30:46.134569: val_loss -0.5462
2026-06-14 00:30:46.136438: Pseudo dice [0.5087]
2026-06-14 00:30:46.138194: Epoch time: 22.04 s
2026-06-14 00:30:47.660436: 
2026-06-14 00:30:47.662574: Epoch 872
2026-06-14 00:30:47.664493: Current learning rate: 0.00157
2026-06-14 00:31:09.935104: train_loss -0.7453
2026-06-14 00:31:09.937537: val_loss -0.6048
2026-06-14 00:31:09.939413: Pseudo dice [0.6159]
2026-06-14 00:31:09.940996: Epoch time: 22.28 s
2026-06-14 00:31:10.906811: 
2026-06-14 00:31:10.908446: Epoch 873
2026-06-14 00:31:10.910092: Current learning rate: 0.00156
2026-06-14 00:31:33.320199: train_loss -0.7385
2026-06-14 00:31:33.323096: val_loss -0.5965
2026-06-14 00:31:33.324954: Pseudo dice [0.534]
2026-06-14 00:31:33.326863: Epoch time: 22.41 s
2026-06-14 00:31:34.292185: 
2026-06-14 00:31:34.293984: Epoch 874
2026-06-14 00:31:34.295661: Current learning rate: 0.00155
2026-06-14 00:31:56.557671: train_loss -0.7575
2026-06-14 00:31:56.560807: val_loss -0.5776
2026-06-14 00:31:56.563687: Pseudo dice [0.5873]
2026-06-14 00:31:56.567481: Epoch time: 22.27 s
2026-06-14 00:31:57.547324: 
2026-06-14 00:31:57.549909: Epoch 875
2026-06-14 00:31:57.552161: Current learning rate: 0.00154
2026-06-14 00:32:19.865672: train_loss -0.7488
2026-06-14 00:32:19.867598: val_loss -0.5724
2026-06-14 00:32:19.869105: Pseudo dice [0.5435]
2026-06-14 00:32:19.870614: Epoch time: 22.32 s
2026-06-14 00:32:20.845727: 
2026-06-14 00:32:20.847485: Epoch 876
2026-06-14 00:32:20.848934: Current learning rate: 0.00153
2026-06-14 00:32:43.177849: train_loss -0.7629
2026-06-14 00:32:43.179917: val_loss -0.5671
2026-06-14 00:32:43.181551: Pseudo dice [0.547]
2026-06-14 00:32:43.183045: Epoch time: 22.33 s
2026-06-14 00:32:44.148394: 
2026-06-14 00:32:44.149932: Epoch 877
2026-06-14 00:32:44.151483: Current learning rate: 0.00152
2026-06-14 00:33:06.505249: train_loss -0.7515
2026-06-14 00:33:06.508543: val_loss -0.552
2026-06-14 00:33:06.510179: Pseudo dice [0.4867]
2026-06-14 00:33:06.511672: Epoch time: 22.36 s
2026-06-14 00:33:07.474042: 
2026-06-14 00:33:07.482361: Epoch 878
2026-06-14 00:33:07.484075: Current learning rate: 0.00151
2026-06-14 00:33:29.770603: train_loss -0.7511
2026-06-14 00:33:29.772917: val_loss -0.5316
2026-06-14 00:33:29.774345: Pseudo dice [0.5033]
2026-06-14 00:33:29.775880: Epoch time: 22.3 s
2026-06-14 00:33:30.736776: 
2026-06-14 00:33:30.738311: Epoch 879
2026-06-14 00:33:30.739810: Current learning rate: 0.00149
2026-06-14 00:33:53.095282: train_loss -0.7647
2026-06-14 00:33:53.098027: val_loss -0.5597
2026-06-14 00:33:53.099656: Pseudo dice [0.585]
2026-06-14 00:33:53.101281: Epoch time: 22.36 s
2026-06-14 00:33:54.097250: 
2026-06-14 00:33:54.099467: Epoch 880
2026-06-14 00:33:54.101492: Current learning rate: 0.00148
2026-06-14 00:34:16.296558: train_loss -0.7639
2026-06-14 00:34:16.299270: val_loss -0.5701
2026-06-14 00:34:16.301150: Pseudo dice [0.5289]
2026-06-14 00:34:16.302780: Epoch time: 22.2 s
2026-06-14 00:34:17.274386: 
2026-06-14 00:34:17.276001: Epoch 881
2026-06-14 00:34:17.277558: Current learning rate: 0.00147
2026-06-14 00:34:39.525684: train_loss -0.7627
2026-06-14 00:34:39.527922: val_loss -0.6
2026-06-14 00:34:39.529309: Pseudo dice [0.554]
2026-06-14 00:34:39.530810: Epoch time: 22.25 s
2026-06-14 00:34:40.505711: 
2026-06-14 00:34:40.507261: Epoch 882
2026-06-14 00:34:40.508689: Current learning rate: 0.00146
2026-06-14 00:35:02.795021: train_loss -0.7554
2026-06-14 00:35:02.797205: val_loss -0.582
2026-06-14 00:35:02.798691: Pseudo dice [0.5694]
2026-06-14 00:35:02.800129: Epoch time: 22.29 s
2026-06-14 00:35:03.765536: 
2026-06-14 00:35:03.767038: Epoch 883
2026-06-14 00:35:03.768483: Current learning rate: 0.00145
2026-06-14 00:35:26.025128: train_loss -0.7608
2026-06-14 00:35:26.030564: val_loss -0.5734
2026-06-14 00:35:26.032617: Pseudo dice [0.5314]
2026-06-14 00:35:26.034668: Epoch time: 22.26 s
2026-06-14 00:35:27.013201: 
2026-06-14 00:35:27.016831: Epoch 884
2026-06-14 00:35:27.020079: Current learning rate: 0.00144
2026-06-14 00:35:49.205019: train_loss -0.7577
2026-06-14 00:35:49.207426: val_loss -0.5807
2026-06-14 00:35:49.209052: Pseudo dice [0.5886]
2026-06-14 00:35:49.210654: Epoch time: 22.19 s
2026-06-14 00:35:50.184613: 
2026-06-14 00:35:50.186516: Epoch 885
2026-06-14 00:35:50.188273: Current learning rate: 0.00143
2026-06-14 00:36:12.297130: train_loss -0.7701
2026-06-14 00:36:12.299283: val_loss -0.5167
2026-06-14 00:36:12.300809: Pseudo dice [0.5004]
2026-06-14 00:36:12.302368: Epoch time: 22.11 s
2026-06-14 00:36:13.282109: 
2026-06-14 00:36:13.283736: Epoch 886
2026-06-14 00:36:13.285433: Current learning rate: 0.00142
2026-06-14 00:36:35.452446: train_loss -0.7685
2026-06-14 00:36:35.462739: val_loss -0.6018
2026-06-14 00:36:35.465167: Pseudo dice [0.5739]
2026-06-14 00:36:35.467535: Epoch time: 22.17 s
2026-06-14 00:36:36.434458: 
2026-06-14 00:36:36.436405: Epoch 887
2026-06-14 00:36:36.438171: Current learning rate: 0.00141
2026-06-14 00:36:58.595777: train_loss -0.7611
2026-06-14 00:36:58.598463: val_loss -0.6148
2026-06-14 00:36:58.600456: Pseudo dice [0.575]
2026-06-14 00:36:58.602622: Epoch time: 22.16 s
2026-06-14 00:36:59.569143: 
2026-06-14 00:36:59.571268: Epoch 888
2026-06-14 00:36:59.573407: Current learning rate: 0.00139
2026-06-14 00:37:21.643858: train_loss -0.7706
2026-06-14 00:37:21.649048: val_loss -0.5721
2026-06-14 00:37:21.650888: Pseudo dice [0.5933]
2026-06-14 00:37:21.653920: Epoch time: 22.08 s
2026-06-14 00:37:22.649216: 
2026-06-14 00:37:22.652606: Epoch 889
2026-06-14 00:37:22.654429: Current learning rate: 0.00138
2026-06-14 00:37:44.761965: train_loss -0.7751
2026-06-14 00:37:44.764412: val_loss -0.593
2026-06-14 00:37:44.765890: Pseudo dice [0.5645]
2026-06-14 00:37:44.767426: Epoch time: 22.11 s
2026-06-14 00:37:46.380782: 
2026-06-14 00:37:46.382870: Epoch 890
2026-06-14 00:37:46.385526: Current learning rate: 0.00137
2026-06-14 00:38:08.606164: train_loss -0.7705
2026-06-14 00:38:08.610726: val_loss -0.4988
2026-06-14 00:38:08.612356: Pseudo dice [0.4988]
2026-06-14 00:38:08.613991: Epoch time: 22.23 s
2026-06-14 00:38:09.582301: 
2026-06-14 00:38:09.584170: Epoch 891
2026-06-14 00:38:09.588731: Current learning rate: 0.00136
2026-06-14 00:38:31.903835: train_loss -0.7594
2026-06-14 00:38:31.908969: val_loss -0.5933
2026-06-14 00:38:31.910382: Pseudo dice [0.5719]
2026-06-14 00:38:31.912121: Epoch time: 22.32 s
2026-06-14 00:38:32.883505: 
2026-06-14 00:38:32.888106: Epoch 892
2026-06-14 00:38:32.890014: Current learning rate: 0.00135
2026-06-14 00:38:55.308809: train_loss -0.769
2026-06-14 00:38:55.312086: val_loss -0.5577
2026-06-14 00:38:55.313633: Pseudo dice [0.5345]
2026-06-14 00:38:55.315123: Epoch time: 22.43 s
2026-06-14 00:38:56.288996: 
2026-06-14 00:38:56.290761: Epoch 893
2026-06-14 00:38:56.292502: Current learning rate: 0.00134
2026-06-14 00:39:18.657509: train_loss -0.7723
2026-06-14 00:39:18.663191: val_loss -0.5351
2026-06-14 00:39:18.666651: Pseudo dice [0.528]
2026-06-14 00:39:18.669938: Epoch time: 22.37 s
2026-06-14 00:39:19.657287: 
2026-06-14 00:39:19.659563: Epoch 894
2026-06-14 00:39:19.661305: Current learning rate: 0.00133
2026-06-14 00:39:41.982390: train_loss -0.7552
2026-06-14 00:39:41.986536: val_loss -0.5887
2026-06-14 00:39:41.988273: Pseudo dice [0.5047]
2026-06-14 00:39:41.989665: Epoch time: 22.33 s
2026-06-14 00:39:42.954950: 
2026-06-14 00:39:42.956478: Epoch 895
2026-06-14 00:39:42.957906: Current learning rate: 0.00132
2026-06-14 00:40:05.307450: train_loss -0.7656
2026-06-14 00:40:05.314309: val_loss -0.5851
2026-06-14 00:40:05.317047: Pseudo dice [0.5755]
2026-06-14 00:40:05.318778: Epoch time: 22.35 s
2026-06-14 00:40:06.295463: 
2026-06-14 00:40:06.297387: Epoch 896
2026-06-14 00:40:06.299188: Current learning rate: 0.0013
2026-06-14 00:40:28.666560: train_loss -0.7615
2026-06-14 00:40:28.671134: val_loss -0.5015
2026-06-14 00:40:28.672863: Pseudo dice [0.4854]
2026-06-14 00:40:28.674456: Epoch time: 22.37 s
2026-06-14 00:40:29.636898: 
2026-06-14 00:40:29.638501: Epoch 897
2026-06-14 00:40:29.640041: Current learning rate: 0.00129
2026-06-14 00:40:51.878748: train_loss -0.7587
2026-06-14 00:40:51.883139: val_loss -0.5231
2026-06-14 00:40:51.884536: Pseudo dice [0.4736]
2026-06-14 00:40:51.886159: Epoch time: 22.24 s
2026-06-14 00:40:52.850979: 
2026-06-14 00:40:52.852785: Epoch 898
2026-06-14 00:40:52.854474: Current learning rate: 0.00128
2026-06-14 00:41:15.011612: train_loss -0.7717
2026-06-14 00:41:15.016346: val_loss -0.6062
2026-06-14 00:41:15.017939: Pseudo dice [0.5953]
2026-06-14 00:41:15.019598: Epoch time: 22.16 s
2026-06-14 00:41:15.991549: 
2026-06-14 00:41:15.993210: Epoch 899
2026-06-14 00:41:15.995177: Current learning rate: 0.00127
2026-06-14 00:41:38.159316: train_loss -0.7689
2026-06-14 00:41:38.163126: val_loss -0.5838
2026-06-14 00:41:38.164623: Pseudo dice [0.5451]
2026-06-14 00:41:38.166456: Epoch time: 22.17 s
2026-06-14 00:41:39.633480: 
2026-06-14 00:41:39.635373: Epoch 900
2026-06-14 00:41:39.637279: Current learning rate: 0.00126
2026-06-14 00:42:01.854497: train_loss -0.7586
2026-06-14 00:42:01.858275: val_loss -0.5993
2026-06-14 00:42:01.859761: Pseudo dice [0.5508]
2026-06-14 00:42:01.861343: Epoch time: 22.22 s
2026-06-14 00:42:02.830088: 
2026-06-14 00:42:02.831973: Epoch 901
2026-06-14 00:42:02.833551: Current learning rate: 0.00125
2026-06-14 00:42:25.020537: train_loss -0.7784
2026-06-14 00:42:25.026440: val_loss -0.6004
2026-06-14 00:42:25.030040: Pseudo dice [0.6136]
2026-06-14 00:42:25.035470: Epoch time: 22.19 s
2026-06-14 00:42:25.980662: 
2026-06-14 00:42:25.982220: Epoch 902
2026-06-14 00:42:25.983772: Current learning rate: 0.00124
2026-06-14 00:42:48.083874: train_loss -0.7832
2026-06-14 00:42:48.088824: val_loss -0.6019
2026-06-14 00:42:48.090828: Pseudo dice [0.553]
2026-06-14 00:42:48.094473: Epoch time: 22.1 s
2026-06-14 00:42:49.056746: 
2026-06-14 00:42:49.058430: Epoch 903
2026-06-14 00:42:49.060135: Current learning rate: 0.00122
2026-06-14 00:43:11.154969: train_loss -0.7612
2026-06-14 00:43:11.160965: val_loss -0.5154
2026-06-14 00:43:11.162972: Pseudo dice [0.303]
2026-06-14 00:43:11.164911: Epoch time: 22.1 s
2026-06-14 00:43:12.122632: 
2026-06-14 00:43:12.125025: Epoch 904
2026-06-14 00:43:12.126802: Current learning rate: 0.00121
2026-06-14 00:43:34.290958: train_loss -0.7553
2026-06-14 00:43:34.295357: val_loss -0.6066
2026-06-14 00:43:34.296908: Pseudo dice [0.5775]
2026-06-14 00:43:34.299759: Epoch time: 22.17 s
2026-06-14 00:43:35.261395: 
2026-06-14 00:43:35.263036: Epoch 905
2026-06-14 00:43:35.264565: Current learning rate: 0.0012
2026-06-14 00:43:57.426093: train_loss -0.7715
2026-06-14 00:43:57.431525: val_loss -0.5851
2026-06-14 00:43:57.435164: Pseudo dice [0.6099]
2026-06-14 00:43:57.438710: Epoch time: 22.17 s
2026-06-14 00:43:58.413874: 
2026-06-14 00:43:58.417632: Epoch 906
2026-06-14 00:43:58.419915: Current learning rate: 0.00119
2026-06-14 00:44:20.489460: train_loss -0.764
2026-06-14 00:44:20.493984: val_loss -0.5265
2026-06-14 00:44:20.495578: Pseudo dice [0.5211]
2026-06-14 00:44:20.497157: Epoch time: 22.08 s
2026-06-14 00:44:21.458470: 
2026-06-14 00:44:21.461359: Epoch 907
2026-06-14 00:44:21.463322: Current learning rate: 0.00118
2026-06-14 00:44:43.491420: train_loss -0.7808
2026-06-14 00:44:43.508946: val_loss -0.6068
2026-06-14 00:44:43.512244: Pseudo dice [0.5756]
2026-06-14 00:44:43.521567: Epoch time: 22.03 s
2026-06-14 00:44:44.489546: 
2026-06-14 00:44:44.491129: Epoch 908
2026-06-14 00:44:44.492549: Current learning rate: 0.00117
2026-06-14 00:45:06.578790: train_loss -0.7789
2026-06-14 00:45:06.583730: val_loss -0.5708
2026-06-14 00:45:06.585373: Pseudo dice [0.5407]
2026-06-14 00:45:06.587021: Epoch time: 22.09 s
2026-06-14 00:45:08.117986: 
2026-06-14 00:45:08.119928: Epoch 909
2026-06-14 00:45:08.121470: Current learning rate: 0.00116
2026-06-14 00:45:30.487918: train_loss -0.7721
2026-06-14 00:45:30.491440: val_loss -0.5226
2026-06-14 00:45:30.493271: Pseudo dice [0.3741]
2026-06-14 00:45:30.495140: Epoch time: 22.37 s
2026-06-14 00:45:31.467132: 
2026-06-14 00:45:31.468999: Epoch 910
2026-06-14 00:45:31.470612: Current learning rate: 0.00115
2026-06-14 00:45:53.888924: train_loss -0.7708
2026-06-14 00:45:53.891827: val_loss -0.468
2026-06-14 00:45:53.893495: Pseudo dice [0.4325]
2026-06-14 00:45:53.895271: Epoch time: 22.42 s
2026-06-14 00:45:54.860888: 
2026-06-14 00:45:54.862587: Epoch 911
2026-06-14 00:45:54.864169: Current learning rate: 0.00113
2026-06-14 00:46:17.255696: train_loss -0.7745
2026-06-14 00:46:17.258590: val_loss -0.5684
2026-06-14 00:46:17.260122: Pseudo dice [0.5383]
2026-06-14 00:46:17.261616: Epoch time: 22.4 s
2026-06-14 00:46:18.229552: 
2026-06-14 00:46:18.231421: Epoch 912
2026-06-14 00:46:18.232948: Current learning rate: 0.00112
2026-06-14 00:46:40.538843: train_loss -0.7682
2026-06-14 00:46:40.544213: val_loss -0.5759
2026-06-14 00:46:40.546601: Pseudo dice [0.6063]
2026-06-14 00:46:40.548601: Epoch time: 22.31 s
2026-06-14 00:46:41.527357: 
2026-06-14 00:46:41.531220: Epoch 913
2026-06-14 00:46:41.534579: Current learning rate: 0.00111
2026-06-14 00:47:03.960255: train_loss -0.7773
2026-06-14 00:47:03.971272: val_loss -0.5728
2026-06-14 00:47:03.972923: Pseudo dice [0.5652]
2026-06-14 00:47:03.977489: Epoch time: 22.43 s
2026-06-14 00:47:04.936518: 
2026-06-14 00:47:04.939052: Epoch 914
2026-06-14 00:47:04.940642: Current learning rate: 0.0011
2026-06-14 00:47:27.257477: train_loss -0.7742
2026-06-14 00:47:27.260720: val_loss -0.5738
2026-06-14 00:47:27.262295: Pseudo dice [0.5872]
2026-06-14 00:47:27.263706: Epoch time: 22.32 s
2026-06-14 00:47:28.230498: 
2026-06-14 00:47:28.232023: Epoch 915
2026-06-14 00:47:28.233418: Current learning rate: 0.00109
2026-06-14 00:47:50.613592: train_loss -0.7801
2026-06-14 00:47:50.617903: val_loss -0.6
2026-06-14 00:47:50.619693: Pseudo dice [0.6355]
2026-06-14 00:47:50.621314: Epoch time: 22.38 s
2026-06-14 00:47:51.581381: 
2026-06-14 00:47:51.583282: Epoch 916
2026-06-14 00:47:51.585047: Current learning rate: 0.00108
2026-06-14 00:48:13.888613: train_loss -0.7801
2026-06-14 00:48:13.892003: val_loss -0.5659
2026-06-14 00:48:13.893594: Pseudo dice [0.5225]
2026-06-14 00:48:13.895496: Epoch time: 22.31 s
2026-06-14 00:48:14.862418: 
2026-06-14 00:48:14.864135: Epoch 917
2026-06-14 00:48:14.865810: Current learning rate: 0.00106
2026-06-14 00:48:37.164253: train_loss -0.7736
2026-06-14 00:48:37.169922: val_loss -0.5664
2026-06-14 00:48:37.175433: Pseudo dice [0.4858]
2026-06-14 00:48:37.177675: Epoch time: 22.3 s
2026-06-14 00:48:38.135823: 
2026-06-14 00:48:38.138041: Epoch 918
2026-06-14 00:48:38.139435: Current learning rate: 0.00105
2026-06-14 00:49:00.405515: train_loss -0.7714
2026-06-14 00:49:00.411976: val_loss -0.6168
2026-06-14 00:49:00.413583: Pseudo dice [0.566]
2026-06-14 00:49:00.414979: Epoch time: 22.27 s
2026-06-14 00:49:01.385571: 
2026-06-14 00:49:01.387516: Epoch 919
2026-06-14 00:49:01.389430: Current learning rate: 0.00104
2026-06-14 00:49:23.627105: train_loss -0.784
2026-06-14 00:49:23.630448: val_loss -0.5982
2026-06-14 00:49:23.632168: Pseudo dice [0.5484]
2026-06-14 00:49:23.633727: Epoch time: 22.24 s
2026-06-14 00:49:24.583922: 
2026-06-14 00:49:24.585715: Epoch 920
2026-06-14 00:49:24.587384: Current learning rate: 0.00103
2026-06-14 00:49:46.721959: train_loss -0.7846
2026-06-14 00:49:46.725948: val_loss -0.5738
2026-06-14 00:49:46.727655: Pseudo dice [0.608]
2026-06-14 00:49:46.731789: Epoch time: 22.14 s
2026-06-14 00:49:47.698882: 
2026-06-14 00:49:47.700621: Epoch 921
2026-06-14 00:49:47.702303: Current learning rate: 0.00102
2026-06-14 00:50:09.889588: train_loss -0.7752
2026-06-14 00:50:09.894246: val_loss -0.5961
2026-06-14 00:50:09.896040: Pseudo dice [0.5557]
2026-06-14 00:50:09.897656: Epoch time: 22.19 s
2026-06-14 00:50:10.849077: 
2026-06-14 00:50:10.852010: Epoch 922
2026-06-14 00:50:10.854906: Current learning rate: 0.00101
2026-06-14 00:50:33.033553: train_loss -0.782
2026-06-14 00:50:33.037458: val_loss -0.5674
2026-06-14 00:50:33.039155: Pseudo dice [0.5362]
2026-06-14 00:50:33.043737: Epoch time: 22.19 s
2026-06-14 00:50:33.991495: 
2026-06-14 00:50:33.995664: Epoch 923
2026-06-14 00:50:33.997355: Current learning rate: 0.001
2026-06-14 00:50:56.098034: train_loss -0.7663
2026-06-14 00:50:56.104622: val_loss -0.5395
2026-06-14 00:50:56.108552: Pseudo dice [0.5375]
2026-06-14 00:50:56.110734: Epoch time: 22.11 s
2026-06-14 00:50:57.066235: 
2026-06-14 00:50:57.067991: Epoch 924
2026-06-14 00:50:57.069704: Current learning rate: 0.00098
2026-06-14 00:51:19.197218: train_loss -0.7657
2026-06-14 00:51:19.200761: val_loss -0.6049
2026-06-14 00:51:19.202422: Pseudo dice [0.6025]
2026-06-14 00:51:19.204123: Epoch time: 22.13 s
2026-06-14 00:51:20.175120: 
2026-06-14 00:51:20.177124: Epoch 925
2026-06-14 00:51:20.178682: Current learning rate: 0.00097
2026-06-14 00:51:42.288391: train_loss -0.7901
2026-06-14 00:51:42.292419: val_loss -0.6045
2026-06-14 00:51:42.294213: Pseudo dice [0.5853]
2026-06-14 00:51:42.295732: Epoch time: 22.11 s
2026-06-14 00:51:43.260373: 
2026-06-14 00:51:43.261964: Epoch 926
2026-06-14 00:51:43.263419: Current learning rate: 0.00096
2026-06-14 00:52:05.332999: train_loss -0.7545
2026-06-14 00:52:05.334855: val_loss -0.6194
2026-06-14 00:52:05.336882: Pseudo dice [0.6083]
2026-06-14 00:52:05.338389: Epoch time: 22.07 s
2026-06-14 00:52:05.339863: Yayy! New best EMA pseudo Dice: 0.5605
2026-06-14 00:52:07.367294: 
2026-06-14 00:52:07.368798: Epoch 927
2026-06-14 00:52:07.370338: Current learning rate: 0.00095
2026-06-14 00:52:29.819680: train_loss -0.7731
2026-06-14 00:52:29.822402: val_loss -0.5679
2026-06-14 00:52:29.823792: Pseudo dice [0.5302]
2026-06-14 00:52:29.825363: Epoch time: 22.45 s
2026-06-14 00:52:30.771194: 
2026-06-14 00:52:30.772715: Epoch 928
2026-06-14 00:52:30.774243: Current learning rate: 0.00094
2026-06-14 00:52:53.110785: train_loss -0.7772
2026-06-14 00:52:53.112995: val_loss -0.5819
2026-06-14 00:52:53.114480: Pseudo dice [0.5188]
2026-06-14 00:52:53.115992: Epoch time: 22.34 s
2026-06-14 00:52:54.069884: 
2026-06-14 00:52:54.072047: Epoch 929
2026-06-14 00:52:54.073958: Current learning rate: 0.00092
2026-06-14 00:53:16.469857: train_loss -0.7745
2026-06-14 00:53:16.472412: val_loss -0.5736
2026-06-14 00:53:16.474075: Pseudo dice [0.569]
2026-06-14 00:53:16.475549: Epoch time: 22.4 s
2026-06-14 00:53:17.432613: 
2026-06-14 00:53:17.434296: Epoch 930
2026-06-14 00:53:17.435938: Current learning rate: 0.00091
2026-06-14 00:53:39.828880: train_loss -0.7846
2026-06-14 00:53:39.834493: val_loss -0.5772
2026-06-14 00:53:39.837104: Pseudo dice [0.5552]
2026-06-14 00:53:39.840123: Epoch time: 22.4 s
2026-06-14 00:53:40.804930: 
2026-06-14 00:53:40.807171: Epoch 931
2026-06-14 00:53:40.809931: Current learning rate: 0.0009
2026-06-14 00:54:03.131972: train_loss -0.7777
2026-06-14 00:54:03.137764: val_loss -0.6162
2026-06-14 00:54:03.139412: Pseudo dice [0.6049]
2026-06-14 00:54:03.141420: Epoch time: 22.33 s
2026-06-14 00:54:04.100065: 
2026-06-14 00:54:04.101839: Epoch 932
2026-06-14 00:54:04.103352: Current learning rate: 0.00089
2026-06-14 00:54:26.462376: train_loss -0.7851
2026-06-14 00:54:26.470255: val_loss -0.5664
2026-06-14 00:54:26.471874: Pseudo dice [0.5135]
2026-06-14 00:54:26.473481: Epoch time: 22.36 s
2026-06-14 00:54:27.427762: 
2026-06-14 00:54:27.429630: Epoch 933
2026-06-14 00:54:27.431294: Current learning rate: 0.00088
2026-06-14 00:54:49.701096: train_loss -0.783
2026-06-14 00:54:49.703264: val_loss -0.594
2026-06-14 00:54:49.705346: Pseudo dice [0.5276]
2026-06-14 00:54:49.706999: Epoch time: 22.27 s
2026-06-14 00:54:50.676152: 
2026-06-14 00:54:50.677946: Epoch 934
2026-06-14 00:54:50.679530: Current learning rate: 0.00087
2026-06-14 00:55:12.952500: train_loss -0.7962
2026-06-14 00:55:12.958007: val_loss -0.5654
2026-06-14 00:55:12.960831: Pseudo dice [0.5413]
2026-06-14 00:55:12.963718: Epoch time: 22.28 s
2026-06-14 00:55:13.917238: 
2026-06-14 00:55:13.921218: Epoch 935
2026-06-14 00:55:13.922777: Current learning rate: 0.00085
2026-06-14 00:55:36.193418: train_loss -0.7863
2026-06-14 00:55:36.195566: val_loss -0.6444
2026-06-14 00:55:36.197047: Pseudo dice [0.6445]
2026-06-14 00:55:36.198538: Epoch time: 22.28 s
2026-06-14 00:55:36.199964: Yayy! New best EMA pseudo Dice: 0.5609
2026-06-14 00:55:37.656932: 
2026-06-14 00:55:37.658523: Epoch 936
2026-06-14 00:55:37.660014: Current learning rate: 0.00084
2026-06-14 00:55:59.833635: train_loss -0.7899
2026-06-14 00:55:59.874336: val_loss -0.5619
2026-06-14 00:55:59.876914: Pseudo dice [0.5214]
2026-06-14 00:55:59.878750: Epoch time: 22.18 s
2026-06-14 00:56:00.842322: 
2026-06-14 00:56:00.844043: Epoch 937
2026-06-14 00:56:00.845626: Current learning rate: 0.00083
2026-06-14 00:56:23.084945: train_loss -0.7799
2026-06-14 00:56:23.087870: val_loss -0.64
2026-06-14 00:56:23.089535: Pseudo dice [0.6239]
2026-06-14 00:56:23.091863: Epoch time: 22.24 s
2026-06-14 00:56:23.093583: Yayy! New best EMA pseudo Dice: 0.5636
2026-06-14 00:56:24.549780: 
2026-06-14 00:56:24.551489: Epoch 938
2026-06-14 00:56:24.553082: Current learning rate: 0.00082
2026-06-14 00:56:46.714790: train_loss -0.7803
2026-06-14 00:56:46.718834: val_loss -0.5459
2026-06-14 00:56:46.720595: Pseudo dice [0.5065]
2026-06-14 00:56:46.722561: Epoch time: 22.17 s
2026-06-14 00:56:47.683558: 
2026-06-14 00:56:47.685472: Epoch 939
2026-06-14 00:56:47.687082: Current learning rate: 0.00081
2026-06-14 00:57:09.859477: train_loss -0.7825
2026-06-14 00:57:09.862452: val_loss -0.5977
2026-06-14 00:57:09.864409: Pseudo dice [0.5351]
2026-06-14 00:57:09.866189: Epoch time: 22.18 s
2026-06-14 00:57:10.824777: 
2026-06-14 00:57:10.826449: Epoch 940
2026-06-14 00:57:10.828104: Current learning rate: 0.00079
2026-06-14 00:57:32.976827: train_loss -0.783
2026-06-14 00:57:32.979046: val_loss -0.5792
2026-06-14 00:57:32.980612: Pseudo dice [0.5119]
2026-06-14 00:57:32.982179: Epoch time: 22.15 s
2026-06-14 00:57:33.936755: 
2026-06-14 00:57:33.938511: Epoch 941
2026-06-14 00:57:33.940037: Current learning rate: 0.00078
2026-06-14 00:57:56.025845: train_loss -0.8041
2026-06-14 00:57:56.029771: val_loss -0.6001
2026-06-14 00:57:56.032431: Pseudo dice [0.5348]
2026-06-14 00:57:56.034116: Epoch time: 22.09 s
2026-06-14 00:57:56.993797: 
2026-06-14 00:57:56.997257: Epoch 942
2026-06-14 00:57:56.999414: Current learning rate: 0.00077
2026-06-14 00:58:19.091326: train_loss -0.7909
2026-06-14 00:58:19.097627: val_loss -0.5627
2026-06-14 00:58:19.105577: Pseudo dice [0.5412]
2026-06-14 00:58:19.107167: Epoch time: 22.1 s
2026-06-14 00:58:20.083676: 
2026-06-14 00:58:20.085565: Epoch 943
2026-06-14 00:58:20.087252: Current learning rate: 0.00076
2026-06-14 00:58:42.216479: train_loss -0.7826
2026-06-14 00:58:42.224859: val_loss -0.5266
2026-06-14 00:58:42.226499: Pseudo dice [0.5417]
2026-06-14 00:58:42.228180: Epoch time: 22.13 s
2026-06-14 00:58:43.181307: 
2026-06-14 00:58:43.183224: Epoch 944
2026-06-14 00:58:43.185925: Current learning rate: 0.00075
2026-06-14 00:59:05.266926: train_loss -0.7874
2026-06-14 00:59:05.269171: val_loss -0.573
2026-06-14 00:59:05.272183: Pseudo dice [0.565]
2026-06-14 00:59:05.273962: Epoch time: 22.09 s
2026-06-14 00:59:06.237421: 
2026-06-14 00:59:06.239101: Epoch 945
2026-06-14 00:59:06.242507: Current learning rate: 0.00074
2026-06-14 00:59:28.305637: train_loss -0.7654
2026-06-14 00:59:28.308881: val_loss -0.585
2026-06-14 00:59:28.310842: Pseudo dice [0.5846]
2026-06-14 00:59:28.312510: Epoch time: 22.07 s
2026-06-14 00:59:29.835158: 
2026-06-14 00:59:29.836892: Epoch 946
2026-06-14 00:59:29.838804: Current learning rate: 0.00072
2026-06-14 00:59:52.095240: train_loss -0.7984
2026-06-14 00:59:52.099055: val_loss -0.5326
2026-06-14 00:59:52.100857: Pseudo dice [0.5249]
2026-06-14 00:59:52.102743: Epoch time: 22.26 s
2026-06-14 00:59:53.052190: 
2026-06-14 00:59:53.054170: Epoch 947
2026-06-14 00:59:53.056101: Current learning rate: 0.00071
2026-06-14 01:00:15.439967: train_loss -0.7905
2026-06-14 01:00:15.442589: val_loss -0.5378
2026-06-14 01:00:15.444407: Pseudo dice [0.5764]
2026-06-14 01:00:15.446342: Epoch time: 22.39 s
2026-06-14 01:00:16.413338: 
2026-06-14 01:00:16.415242: Epoch 948
2026-06-14 01:00:16.417075: Current learning rate: 0.0007
2026-06-14 01:00:38.759368: train_loss -0.7768
2026-06-14 01:00:38.761993: val_loss -0.6103
2026-06-14 01:00:38.763809: Pseudo dice [0.5781]
2026-06-14 01:00:38.765590: Epoch time: 22.35 s
2026-06-14 01:00:39.716008: 
2026-06-14 01:00:39.717858: Epoch 949
2026-06-14 01:00:39.719792: Current learning rate: 0.00069
2026-06-14 01:01:02.088525: train_loss -0.785
2026-06-14 01:01:02.092948: val_loss -0.6072
2026-06-14 01:01:02.095040: Pseudo dice [0.573]
2026-06-14 01:01:02.097594: Epoch time: 22.37 s
2026-06-14 01:01:03.560744: 
2026-06-14 01:01:03.562865: Epoch 950
2026-06-14 01:01:03.564853: Current learning rate: 0.00067
2026-06-14 01:01:25.865071: train_loss -0.7834
2026-06-14 01:01:25.867599: val_loss -0.6211
2026-06-14 01:01:25.869828: Pseudo dice [0.5948]
2026-06-14 01:01:25.871650: Epoch time: 22.31 s
2026-06-14 01:01:26.825286: 
2026-06-14 01:01:26.827795: Epoch 951
2026-06-14 01:01:26.829833: Current learning rate: 0.00066
2026-06-14 01:01:49.132541: train_loss -0.8058
2026-06-14 01:01:49.135177: val_loss -0.5844
2026-06-14 01:01:49.136986: Pseudo dice [0.5937]
2026-06-14 01:01:49.138795: Epoch time: 22.31 s
2026-06-14 01:01:49.140598: Yayy! New best EMA pseudo Dice: 0.5643
2026-06-14 01:01:50.603811: 
2026-06-14 01:01:50.605651: Epoch 952
2026-06-14 01:01:50.607282: Current learning rate: 0.00065
2026-06-14 01:02:12.869660: train_loss -0.7829
2026-06-14 01:02:12.873384: val_loss -0.5826
2026-06-14 01:02:12.875047: Pseudo dice [0.5775]
2026-06-14 01:02:12.876665: Epoch time: 22.27 s
2026-06-14 01:02:12.878437: Yayy! New best EMA pseudo Dice: 0.5656
2026-06-14 01:02:14.353561: 
2026-06-14 01:02:14.355310: Epoch 953
2026-06-14 01:02:14.356868: Current learning rate: 0.00064
2026-06-14 01:02:36.632245: train_loss -0.7878
2026-06-14 01:02:36.635137: val_loss -0.645
2026-06-14 01:02:36.638781: Pseudo dice [0.6206]
2026-06-14 01:02:36.640408: Epoch time: 22.28 s
2026-06-14 01:02:36.642081: Yayy! New best EMA pseudo Dice: 0.5711
2026-06-14 01:02:38.098323: 
2026-06-14 01:02:38.099988: Epoch 954
2026-06-14 01:02:38.101539: Current learning rate: 0.00063
2026-06-14 01:03:00.331909: train_loss -0.7889
2026-06-14 01:03:00.334543: val_loss -0.5982
2026-06-14 01:03:00.336265: Pseudo dice [0.5832]
2026-06-14 01:03:00.337958: Epoch time: 22.23 s
2026-06-14 01:03:00.339760: Yayy! New best EMA pseudo Dice: 0.5723
2026-06-14 01:03:01.793101: 
2026-06-14 01:03:01.795289: Epoch 955
2026-06-14 01:03:01.796945: Current learning rate: 0.00061
2026-06-14 01:03:24.006319: train_loss -0.7908
2026-06-14 01:03:24.008903: val_loss -0.6
2026-06-14 01:03:24.010478: Pseudo dice [0.6012]
2026-06-14 01:03:24.011974: Epoch time: 22.21 s
2026-06-14 01:03:24.013517: Yayy! New best EMA pseudo Dice: 0.5752
2026-06-14 01:03:25.488145: 
2026-06-14 01:03:25.490475: Epoch 956
2026-06-14 01:03:25.491929: Current learning rate: 0.0006
2026-06-14 01:03:47.740385: train_loss -0.7775
2026-06-14 01:03:47.742600: val_loss -0.5666
2026-06-14 01:03:47.744242: Pseudo dice [0.54]
2026-06-14 01:03:47.745997: Epoch time: 22.25 s
2026-06-14 01:03:48.715701: 
2026-06-14 01:03:48.717678: Epoch 957
2026-06-14 01:03:48.719335: Current learning rate: 0.00059
2026-06-14 01:04:10.875406: train_loss -0.7874
2026-06-14 01:04:10.877361: val_loss -0.6145
2026-06-14 01:04:10.878837: Pseudo dice [0.5835]
2026-06-14 01:04:10.880418: Epoch time: 22.16 s
2026-06-14 01:04:11.842350: 
2026-06-14 01:04:11.844150: Epoch 958
2026-06-14 01:04:11.845716: Current learning rate: 0.00058
2026-06-14 01:04:34.103202: train_loss -0.7688
2026-06-14 01:04:34.105367: val_loss -0.5775
2026-06-14 01:04:34.106896: Pseudo dice [0.5875]
2026-06-14 01:04:34.108439: Epoch time: 22.26 s
2026-06-14 01:04:35.072675: 
2026-06-14 01:04:35.074317: Epoch 959
2026-06-14 01:04:35.075864: Current learning rate: 0.00056
2026-06-14 01:04:57.188690: train_loss -0.7883
2026-06-14 01:04:57.193875: val_loss -0.6034
2026-06-14 01:04:57.197025: Pseudo dice [0.5888]
2026-06-14 01:04:57.198576: Epoch time: 22.12 s
2026-06-14 01:04:57.200154: Yayy! New best EMA pseudo Dice: 0.5758
2026-06-14 01:04:58.666133: 
2026-06-14 01:04:58.667756: Epoch 960
2026-06-14 01:04:58.669313: Current learning rate: 0.00055
2026-06-14 01:05:20.793017: train_loss -0.7808
2026-06-14 01:05:20.795510: val_loss -0.515
2026-06-14 01:05:20.797135: Pseudo dice [0.5117]
2026-06-14 01:05:20.798634: Epoch time: 22.13 s
2026-06-14 01:05:21.753337: 
2026-06-14 01:05:21.755076: Epoch 961
2026-06-14 01:05:21.756879: Current learning rate: 0.00054
2026-06-14 01:05:43.892649: train_loss -0.7917
2026-06-14 01:05:43.894887: val_loss -0.559
2026-06-14 01:05:43.896457: Pseudo dice [0.5052]
2026-06-14 01:05:43.897959: Epoch time: 22.14 s
2026-06-14 01:05:44.851976: 
2026-06-14 01:05:44.853662: Epoch 962
2026-06-14 01:05:44.855209: Current learning rate: 0.00053
2026-06-14 01:06:07.015952: train_loss -0.7863
2026-06-14 01:06:07.017968: val_loss -0.5613
2026-06-14 01:06:07.019487: Pseudo dice [0.5483]
2026-06-14 01:06:07.020936: Epoch time: 22.16 s
2026-06-14 01:06:08.519912: 
2026-06-14 01:06:08.521939: Epoch 963
2026-06-14 01:06:08.524763: Current learning rate: 0.00051
2026-06-14 01:06:30.844421: train_loss -0.7873
2026-06-14 01:06:30.846593: val_loss -0.5848
2026-06-14 01:06:30.848341: Pseudo dice [0.5908]
2026-06-14 01:06:30.850129: Epoch time: 22.33 s
2026-06-14 01:06:31.799407: 
2026-06-14 01:06:31.801228: Epoch 964
2026-06-14 01:06:31.802833: Current learning rate: 0.0005
2026-06-14 01:06:54.112871: train_loss -0.7937
2026-06-14 01:06:54.115406: val_loss -0.6439
2026-06-14 01:06:54.117015: Pseudo dice [0.5602]
2026-06-14 01:06:54.118685: Epoch time: 22.31 s
2026-06-14 01:06:55.083565: 
2026-06-14 01:06:55.085467: Epoch 965
2026-06-14 01:06:55.088051: Current learning rate: 0.00049
2026-06-14 01:07:17.349531: train_loss -0.8015
2026-06-14 01:07:17.353189: val_loss -0.6204
2026-06-14 01:07:17.354906: Pseudo dice [0.5724]
2026-06-14 01:07:17.356558: Epoch time: 22.27 s
2026-06-14 01:07:18.310432: 
2026-06-14 01:07:18.312220: Epoch 966
2026-06-14 01:07:18.313822: Current learning rate: 0.00048
2026-06-14 01:07:40.627287: train_loss -0.7992
2026-06-14 01:07:40.631176: val_loss -0.6318
2026-06-14 01:07:40.632995: Pseudo dice [0.6214]
2026-06-14 01:07:40.634696: Epoch time: 22.32 s
2026-06-14 01:07:41.593618: 
2026-06-14 01:07:41.595390: Epoch 967
2026-06-14 01:07:41.597043: Current learning rate: 0.00046
2026-06-14 01:08:03.914495: train_loss -0.7898
2026-06-14 01:08:03.917993: val_loss -0.5717
2026-06-14 01:08:03.919655: Pseudo dice [0.5535]
2026-06-14 01:08:03.921375: Epoch time: 22.32 s
2026-06-14 01:08:04.887544: 
2026-06-14 01:08:04.889245: Epoch 968
2026-06-14 01:08:04.890728: Current learning rate: 0.00045
2026-06-14 01:08:27.126388: train_loss -0.7873
2026-06-14 01:08:27.129789: val_loss -0.6202
2026-06-14 01:08:27.131468: Pseudo dice [0.6357]
2026-06-14 01:08:27.135097: Epoch time: 22.24 s
2026-06-14 01:08:28.106814: 
2026-06-14 01:08:28.108544: Epoch 969
2026-06-14 01:08:28.110229: Current learning rate: 0.00044
2026-06-14 01:08:50.343796: train_loss -0.7956
2026-06-14 01:08:50.348008: val_loss -0.5807
2026-06-14 01:08:50.351192: Pseudo dice [0.5685]
2026-06-14 01:08:50.354520: Epoch time: 22.24 s
2026-06-14 01:08:51.332102: 
2026-06-14 01:08:51.334136: Epoch 970
2026-06-14 01:08:51.336100: Current learning rate: 0.00043
2026-06-14 01:09:13.541890: train_loss -0.7914
2026-06-14 01:09:13.548982: val_loss -0.6453
2026-06-14 01:09:13.550668: Pseudo dice [0.5694]
2026-06-14 01:09:13.552253: Epoch time: 22.21 s
2026-06-14 01:09:14.530447: 
2026-06-14 01:09:14.532217: Epoch 971
2026-06-14 01:09:14.533807: Current learning rate: 0.00041
2026-06-14 01:09:36.744672: train_loss -0.7936
2026-06-14 01:09:36.750303: val_loss -0.6039
2026-06-14 01:09:36.752254: Pseudo dice [0.5602]
2026-06-14 01:09:36.754614: Epoch time: 22.22 s
2026-06-14 01:09:37.734457: 
2026-06-14 01:09:37.736616: Epoch 972
2026-06-14 01:09:37.738646: Current learning rate: 0.0004
2026-06-14 01:09:59.974159: train_loss -0.7924
2026-06-14 01:09:59.978910: val_loss -0.5762
2026-06-14 01:09:59.981069: Pseudo dice [0.5929]
2026-06-14 01:09:59.983595: Epoch time: 22.24 s
2026-06-14 01:10:00.953307: 
2026-06-14 01:10:00.955049: Epoch 973
2026-06-14 01:10:00.957008: Current learning rate: 0.00039
2026-06-14 01:10:23.170575: train_loss -0.8046
2026-06-14 01:10:23.173936: val_loss -0.6556
2026-06-14 01:10:23.175463: Pseudo dice [0.6278]
2026-06-14 01:10:23.177027: Epoch time: 22.22 s
2026-06-14 01:10:23.178537: Yayy! New best EMA pseudo Dice: 0.5801
2026-06-14 01:10:24.645396: 
2026-06-14 01:10:24.647119: Epoch 974
2026-06-14 01:10:24.648827: Current learning rate: 0.00037
2026-06-14 01:10:46.789846: train_loss -0.7973
2026-06-14 01:10:46.795178: val_loss -0.5825
2026-06-14 01:10:46.798103: Pseudo dice [0.5632]
2026-06-14 01:10:46.801728: Epoch time: 22.15 s
2026-06-14 01:10:47.768440: 
2026-06-14 01:10:47.770508: Epoch 975
2026-06-14 01:10:47.772259: Current learning rate: 0.00036
2026-06-14 01:11:09.875295: train_loss -0.8034
2026-06-14 01:11:09.880072: val_loss -0.5858
2026-06-14 01:11:09.881749: Pseudo dice [0.5888]
2026-06-14 01:11:09.883355: Epoch time: 22.11 s
2026-06-14 01:11:10.845688: 
2026-06-14 01:11:10.847311: Epoch 976
2026-06-14 01:11:10.848772: Current learning rate: 0.00035
2026-06-14 01:11:33.081726: train_loss -0.7924
2026-06-14 01:11:33.086056: val_loss -0.6235
2026-06-14 01:11:33.087779: Pseudo dice [0.6559]
2026-06-14 01:11:33.089473: Epoch time: 22.24 s
2026-06-14 01:11:33.091182: Yayy! New best EMA pseudo Dice: 0.5871
2026-06-14 01:11:34.552280: 
2026-06-14 01:11:34.553833: Epoch 977
2026-06-14 01:11:34.555414: Current learning rate: 0.00034
2026-06-14 01:11:56.679194: train_loss -0.7877
2026-06-14 01:11:56.682723: val_loss -0.6163
2026-06-14 01:11:56.684546: Pseudo dice [0.5477]
2026-06-14 01:11:56.686176: Epoch time: 22.13 s
2026-06-14 01:11:57.645893: 
2026-06-14 01:11:57.647714: Epoch 978
2026-06-14 01:11:57.649263: Current learning rate: 0.00032
2026-06-14 01:12:19.822787: train_loss -0.8032
2026-06-14 01:12:19.835096: val_loss -0.5461
2026-06-14 01:12:19.837031: Pseudo dice [0.5312]
2026-06-14 01:12:19.838720: Epoch time: 22.18 s
2026-06-14 01:12:20.797049: 
2026-06-14 01:12:20.798813: Epoch 979
2026-06-14 01:12:20.800592: Current learning rate: 0.00031
2026-06-14 01:12:42.883085: train_loss -0.7929
2026-06-14 01:12:42.890485: val_loss -0.5997
2026-06-14 01:12:42.892200: Pseudo dice [0.5823]
2026-06-14 01:12:42.893814: Epoch time: 22.09 s
2026-06-14 01:12:43.863898: 
2026-06-14 01:12:43.865704: Epoch 980
2026-06-14 01:12:43.867464: Current learning rate: 0.0003
2026-06-14 01:13:05.913178: train_loss -0.7827
2026-06-14 01:13:05.918917: val_loss -0.631
2026-06-14 01:13:05.921009: Pseudo dice [0.6582]
2026-06-14 01:13:05.923083: Epoch time: 22.05 s
2026-06-14 01:13:07.460247: 
2026-06-14 01:13:07.462323: Epoch 981
2026-06-14 01:13:07.464134: Current learning rate: 0.00028
2026-06-14 01:13:29.838197: train_loss -0.7851
2026-06-14 01:13:29.842172: val_loss -0.5808
2026-06-14 01:13:29.843941: Pseudo dice [0.5694]
2026-06-14 01:13:29.845700: Epoch time: 22.38 s
2026-06-14 01:13:30.811201: 
2026-06-14 01:13:30.812941: Epoch 982
2026-06-14 01:13:30.814543: Current learning rate: 0.00027
2026-06-14 01:13:53.138291: train_loss -0.7996
2026-06-14 01:13:53.141649: val_loss -0.5463
2026-06-14 01:13:53.143309: Pseudo dice [0.5312]
2026-06-14 01:13:53.144924: Epoch time: 22.33 s
2026-06-14 01:13:54.115990: 
2026-06-14 01:13:54.117656: Epoch 983
2026-06-14 01:13:54.119173: Current learning rate: 0.00026
2026-06-14 01:14:16.501001: train_loss -0.7984
2026-06-14 01:14:16.504900: val_loss -0.5893
2026-06-14 01:14:16.506694: Pseudo dice [0.5847]
2026-06-14 01:14:16.508362: Epoch time: 22.39 s
2026-06-14 01:14:17.476068: 
2026-06-14 01:14:17.478108: Epoch 984
2026-06-14 01:14:17.479907: Current learning rate: 0.00024
2026-06-14 01:14:39.828456: train_loss -0.7967
2026-06-14 01:14:39.832876: val_loss -0.5669
2026-06-14 01:14:39.834399: Pseudo dice [0.5163]
2026-06-14 01:14:39.835899: Epoch time: 22.35 s
2026-06-14 01:14:40.803021: 
2026-06-14 01:14:40.804754: Epoch 985
2026-06-14 01:14:40.806255: Current learning rate: 0.00023
2026-06-14 01:15:03.135480: train_loss -0.7946
2026-06-14 01:15:03.141409: val_loss -0.5905
2026-06-14 01:15:03.142979: Pseudo dice [0.5837]
2026-06-14 01:15:03.144579: Epoch time: 22.33 s
2026-06-14 01:15:04.115251: 
2026-06-14 01:15:04.116998: Epoch 986
2026-06-14 01:15:04.122080: Current learning rate: 0.00021
2026-06-14 01:15:26.370628: train_loss -0.8048
2026-06-14 01:15:26.374216: val_loss -0.6006
2026-06-14 01:15:26.376086: Pseudo dice [0.546]
2026-06-14 01:15:26.377929: Epoch time: 22.26 s
2026-06-14 01:15:27.341632: 
2026-06-14 01:15:27.343382: Epoch 987
2026-06-14 01:15:27.344917: Current learning rate: 0.0002
2026-06-14 01:15:49.661462: train_loss -0.7926
2026-06-14 01:15:49.665420: val_loss -0.5659
2026-06-14 01:15:49.667108: Pseudo dice [0.5176]
2026-06-14 01:15:49.669631: Epoch time: 22.32 s
2026-06-14 01:15:50.641713: 
2026-06-14 01:15:50.643654: Epoch 988
2026-06-14 01:15:50.645348: Current learning rate: 0.00019
2026-06-14 01:16:13.007643: train_loss -0.787
2026-06-14 01:16:13.015091: val_loss -0.6245
2026-06-14 01:16:13.018003: Pseudo dice [0.5915]
2026-06-14 01:16:13.020190: Epoch time: 22.37 s
2026-06-14 01:16:13.998549: 
2026-06-14 01:16:14.000298: Epoch 989
2026-06-14 01:16:14.001977: Current learning rate: 0.00017
2026-06-14 01:16:36.209919: train_loss -0.7857
2026-06-14 01:16:36.213221: val_loss -0.5254
2026-06-14 01:16:36.214754: Pseudo dice [0.5451]
2026-06-14 01:16:36.216340: Epoch time: 22.21 s
2026-06-14 01:16:37.192177: 
2026-06-14 01:16:37.195372: Epoch 990
2026-06-14 01:16:37.198545: Current learning rate: 0.00016
2026-06-14 01:16:59.355247: train_loss -0.8055
2026-06-14 01:16:59.362106: val_loss -0.608
2026-06-14 01:16:59.363762: Pseudo dice [0.6152]
2026-06-14 01:16:59.365306: Epoch time: 22.16 s
2026-06-14 01:17:00.333879: 
2026-06-14 01:17:00.335806: Epoch 991
2026-06-14 01:17:00.337605: Current learning rate: 0.00014
2026-06-14 01:17:22.551700: train_loss -0.7959
2026-06-14 01:17:22.559667: val_loss -0.6348
2026-06-14 01:17:22.561384: Pseudo dice [0.6165]
2026-06-14 01:17:22.563171: Epoch time: 22.22 s
2026-06-14 01:17:23.543776: 
2026-06-14 01:17:23.545678: Epoch 992
2026-06-14 01:17:23.548326: Current learning rate: 0.00013
2026-06-14 01:17:45.717287: train_loss -0.7932
2026-06-14 01:17:45.720858: val_loss -0.6043
2026-06-14 01:17:45.722581: Pseudo dice [0.593]
2026-06-14 01:17:45.724378: Epoch time: 22.17 s
2026-06-14 01:17:46.707728: 
2026-06-14 01:17:46.709511: Epoch 993
2026-06-14 01:17:46.711432: Current learning rate: 0.00011
2026-06-14 01:18:08.852594: train_loss -0.7937
2026-06-14 01:18:08.859878: val_loss -0.5483
2026-06-14 01:18:08.865845: Pseudo dice [0.5462]
2026-06-14 01:18:08.869727: Epoch time: 22.15 s
2026-06-14 01:18:09.842842: 
2026-06-14 01:18:09.844444: Epoch 994
2026-06-14 01:18:09.846002: Current learning rate: 0.0001
2026-06-14 01:18:32.037226: train_loss -0.798
2026-06-14 01:18:32.040590: val_loss -0.5975
2026-06-14 01:18:32.057844: Pseudo dice [0.5838]
2026-06-14 01:18:32.062402: Epoch time: 22.2 s
2026-06-14 01:18:33.035885: 
2026-06-14 01:18:33.038035: Epoch 995
2026-06-14 01:18:33.040143: Current learning rate: 8e-05
2026-06-14 01:18:55.107444: train_loss -0.8033
2026-06-14 01:18:55.110639: val_loss -0.5609
2026-06-14 01:18:55.112411: Pseudo dice [0.5694]
2026-06-14 01:18:55.114225: Epoch time: 22.07 s
2026-06-14 01:18:56.086078: 
2026-06-14 01:18:56.089766: Epoch 996
2026-06-14 01:18:56.093198: Current learning rate: 7e-05
2026-06-14 01:19:18.194128: train_loss -0.7861
2026-06-14 01:19:18.197821: val_loss -0.5274
2026-06-14 01:19:18.199668: Pseudo dice [0.5165]
2026-06-14 01:19:18.202031: Epoch time: 22.11 s
2026-06-14 01:19:19.174294: 
2026-06-14 01:19:19.176165: Epoch 997
2026-06-14 01:19:19.177999: Current learning rate: 5e-05
2026-06-14 01:19:41.264099: train_loss -0.787
2026-06-14 01:19:41.267404: val_loss -0.6249
2026-06-14 01:19:41.269081: Pseudo dice [0.6631]
2026-06-14 01:19:41.271161: Epoch time: 22.09 s
2026-06-14 01:19:42.232170: 
2026-06-14 01:19:42.234051: Epoch 998
2026-06-14 01:19:42.235884: Current learning rate: 4e-05
2026-06-14 01:20:04.363484: train_loss -0.7949
2026-06-14 01:20:04.365672: val_loss -0.5607
2026-06-14 01:20:04.367382: Pseudo dice [0.5548]
2026-06-14 01:20:04.369083: Epoch time: 22.13 s
2026-06-14 01:20:05.893071: 
2026-06-14 01:20:05.897160: Epoch 999
2026-06-14 01:20:05.904858: Current learning rate: 2e-05
2026-06-14 01:20:28.248528: train_loss -0.8087
2026-06-14 01:20:28.251519: val_loss -0.569
2026-06-14 01:20:28.253306: Pseudo dice [0.5428]
2026-06-14 01:20:28.255182: Epoch time: 22.36 s
2026-06-14 01:20:29.748431: Training done.
2026-06-14 01:20:29.876152: Using splits from existing split file: /data/drdcad/datasets_nnUNet/nnUNet_preprocessed/Dataset101_SBOvessel/splits_final.json
2026-06-14 01:20:29.879397: The split file contains 5 splits.
2026-06-14 01:20:29.881164: Desired fold for training: 2
2026-06-14 01:20:29.882815: This split has 91 training and 23 validation cases.
2026-06-14 01:20:29.884511: predicting 00001_00001_3
2026-06-14 01:20:30.788542: 00001_00001_3, shape torch.Size([1, 525, 598, 598]), rank 0
2026-06-14 01:21:50.990789: predicting 00020_00001_3
2026-06-14 01:21:51.451247: 00020_00001_3, shape torch.Size([1, 661, 430, 430]), rank 0
2026-06-14 01:22:28.323045: predicting 00021_00001_3
2026-06-14 01:22:28.668041: 00021_00001_3, shape torch.Size([1, 417, 477, 477]), rank 0
2026-06-14 01:22:58.814898: predicting 00023_00002_3
2026-06-14 01:22:59.196623: 00023_00002_3, shape torch.Size([1, 442, 503, 503]), rank 0
2026-06-14 01:23:29.266798: predicting 00024_00001_3
2026-06-14 01:23:29.596956: 00024_00001_3, shape torch.Size([1, 446, 454, 454]), rank 0
2026-06-14 01:23:59.694140: predicting 00028_00001_4
2026-06-14 01:24:00.276011: 00028_00001_4, shape torch.Size([1, 696, 505, 505]), rank 0
2026-06-14 01:24:50.325129: predicting 00028_00002_7
2026-06-14 01:24:50.880106: 00028_00002_7, shape torch.Size([1, 679, 504, 504]), rank 0
2026-06-14 01:25:40.961588: predicting 00049_00001_3
2026-06-14 01:25:41.534859: 00049_00001_3, shape torch.Size([1, 461, 583, 583]), rank 0
2026-06-14 01:26:39.477848: predicting 00051_00001_3
2026-06-14 01:26:39.859164: 00051_00001_3, shape torch.Size([1, 479, 513, 513]), rank 0
2026-06-14 01:27:25.686130: predicting 00055_00001_11
2026-06-14 01:27:26.191561: 00055_00001_11, shape torch.Size([1, 537, 431, 552]), rank 0
2026-06-14 01:28:05.478563: predicting 00062_00001_3
2026-06-14 01:28:06.097683: 00062_00001_3, shape torch.Size([1, 689, 504, 504]), rank 0
2026-06-14 01:28:56.163791: predicting 00066_00001_3
2026-06-14 01:28:56.967823: 00066_00001_3, shape torch.Size([1, 683, 610, 610]), rank 0
2026-06-14 01:30:19.473960: predicting 00069_00001_3
2026-06-14 01:30:20.354228: 00069_00001_3, shape torch.Size([1, 721, 610, 610]), rank 0
2026-06-14 01:31:51.131404: predicting 00075_00001_3
2026-06-14 01:31:51.901706: 00075_00001_3, shape torch.Size([1, 715, 555, 555]), rank 0
2026-06-14 01:33:03.891285: predicting 00076_00001_9
2026-06-14 01:33:04.362226: 00076_00001_9, shape torch.Size([1, 460, 509, 509]), rank 0
2026-06-14 01:33:39.489016: predicting 00077_00001_3
2026-06-14 01:33:39.875314: 00077_00001_3, shape torch.Size([1, 507, 448, 448]), rank 0
2026-06-14 01:34:05.660900: predicting 00082_00001_3
2026-06-14 01:34:06.550631: 00082_00001_3, shape torch.Size([1, 756, 580, 580]), rank 0
2026-06-14 01:35:37.374632: predicting 00095_00001_3
2026-06-14 01:35:37.804478: 00095_00001_3, shape torch.Size([1, 651, 434, 434]), rank 0
2026-06-14 01:36:14.663364: predicting 00097_00001_3
2026-06-14 01:36:15.037211: 00097_00001_3, shape torch.Size([1, 509, 489, 489]), rank 0
2026-06-14 01:36:50.046772: predicting 00098_00002_3
2026-06-14 01:36:50.610170: 00098_00002_3, shape torch.Size([1, 702, 502, 502]), rank 0
2026-06-14 01:37:40.687664: predicting 00098_00003_4
2026-06-14 01:37:40.993729: 00098_00003_4, shape torch.Size([1, 508, 354, 457]), rank 0
2026-06-14 01:38:06.097615: predicting 00116_00001_3
2026-06-14 01:38:06.836582: 00116_00001_3, shape torch.Size([1, 674, 540, 540]), rank 0
2026-06-14 01:39:12.091374: predicting 00117_00001_3
2026-06-14 01:39:12.777247: 00117_00001_3, shape torch.Size([1, 649, 535, 535]), rank 0
2026-06-14 01:40:52.554963: Validation complete
2026-06-14 01:40:52.557783: Mean Validation Dice:  0.5646960206550437
==========================================
Training finished: fold 2
==========================================
