==========================================
nnUNet training
==========================================
nnUNet_raw=/data/drdcad/datasets_nnUNet/nnUNet_raw
nnUNet_preprocessed=/data/drdcad/datasets_nnUNet/nnUNet_preprocessed
nnUNet_results=/data/drdcad/datasets_nnUNet/nnUNet_results
DATASET_ID=101
CONFIG=3d_fullres
FOLD=3
CUDA_VISIBLE_DEVICES=0
==========================================
Sat Jun 13 18:51:52 2026       
+-----------------------------------------------------------------------------------------+
| NVIDIA-SMI 580.126.09             Driver Version: 580.126.09     CUDA Version: 13.0     |
+-----------------------------------------+------------------------+----------------------+
| GPU  Name                 Persistence-M | Bus-Id          Disp.A | Volatile Uncorr. ECC |
| Fan  Temp   Perf          Pwr:Usage/Cap |           Memory-Usage | GPU-Util  Compute M. |
|                                         |                        |               MIG M. |
|=========================================+========================+======================|
|   0  NVIDIA A100-SXM4-80GB          On  |   00000000:C7:00.0 Off |                    0 |
| N/A   33C    P0             65W /  400W |       0MiB /  81920MiB |      0%      Default |
|                                         |                        |             Disabled |
+-----------------------------------------+------------------------+----------------------+

+-----------------------------------------------------------------------------------------+
| Processes:                                                                              |
|  GPU   GI   CI              PID   Type   Process name                        GPU Memory |
|        ID   ID                                                               Usage      |
|=========================================================================================|
|  No running processes found                                                             |
+-----------------------------------------------------------------------------------------+

############################
INFO: You are using the old nnU-Net default plans. We have updated our recommendations. Please consider using those instead! Read more here: https://github.com/MIC-DKFZ/nnUNet/blob/master/documentation/resenc_presets.md
############################

Using device: cuda:0

#######################################################################
Please cite the following paper when using nnU-Net:
Isensee, F., Jaeger, P. F., Kohl, S. A., Petersen, J., & Maier-Hein, K. H. (2021). nnU-Net: a self-configuring method for deep learning-based biomedical image segmentation. Nature methods, 18(2), 203-211.
#######################################################################

2026-06-13 18:52:05.260179: Using torch.compile...
2026-06-13 18:52:06.440757: do_dummy_2d_data_aug: False
2026-06-13 18:52:06.442864: Using splits from existing split file: /data/drdcad/datasets_nnUNet/nnUNet_preprocessed/Dataset101_SBOvessel/splits_final.json
2026-06-13 18:52:06.444942: The split file contains 5 splits.
2026-06-13 18:52:06.445961: Desired fold for training: 3
2026-06-13 18:52:06.447039: This split has 91 training and 23 validation cases.
using pin_memory on device 0
using pin_memory on device 0

This is the configuration used by this training:
Configuration name: 3d_fullres
 {'data_identifier': 'nnUNetPlans_3d_fullres', 'preprocessor_name': 'DefaultPreprocessor', 'batch_size': 2, 'patch_size': [128, 128, 128], 'median_image_size_in_voxels': [619.0, 512.0, 519.0], 'spacing': [1.0, 0.79296875, 0.79296875], 'normalization_schemes': ['CTNormalization'], 'use_mask_for_norm': [False], 'resampling_fn_data': 'resample_data_or_seg_to_shape', 'resampling_fn_seg': 'resample_data_or_seg_to_shape', 'resampling_fn_data_kwargs': {'is_seg': False, 'order': 3, 'order_z': 0, 'force_separate_z': None}, 'resampling_fn_seg_kwargs': {'is_seg': True, 'order': 1, 'order_z': 0, 'force_separate_z': None}, 'resampling_fn_probabilities': 'resample_data_or_seg_to_shape', 'resampling_fn_probabilities_kwargs': {'is_seg': False, 'order': 1, 'order_z': 0, 'force_separate_z': None}, 'architecture': {'network_class_name': 'dynamic_network_architectures.architectures.unet.PlainConvUNet', 'arch_kwargs': {'n_stages': 6, 'features_per_stage': [32, 64, 128, 256, 320, 320], 'conv_op': 'torch.nn.modules.conv.Conv3d', 'kernel_sizes': [[3, 3, 3], [3, 3, 3], [3, 3, 3], [3, 3, 3], [3, 3, 3], [3, 3, 3]], 'strides': [[1, 1, 1], [2, 2, 2], [2, 2, 2], [2, 2, 2], [2, 2, 2], [2, 2, 2]], 'n_conv_per_stage': [2, 2, 2, 2, 2, 2], 'n_conv_per_stage_decoder': [2, 2, 2, 2, 2], 'conv_bias': True, 'norm_op': 'torch.nn.modules.instancenorm.InstanceNorm3d', 'norm_op_kwargs': {'eps': 1e-05, 'affine': True}, 'dropout_op': None, 'dropout_op_kwargs': None, 'nonlin': 'torch.nn.LeakyReLU', 'nonlin_kwargs': {'inplace': True}}, '_kw_requires_import': ['conv_op', 'norm_op', 'dropout_op', 'nonlin']}, 'batch_dice': True} 

These are the global plan.json settings:
 {'dataset_name': 'Dataset101_SBOvessel', 'plans_name': 'nnUNetPlans', 'original_median_spacing_after_transp': [1.0, 0.79296875, 0.79296875], 'original_median_shape_after_transp': [622, 512, 512], 'image_reader_writer': 'SimpleITKIO', 'transpose_forward': [0, 1, 2], 'transpose_backward': [0, 1, 2], 'experiment_planner_used': 'ExperimentPlanner', 'label_manager': 'LabelManager', 'foreground_intensity_properties_per_channel': {'0': {'max': 3071.0, 'mean': 91.34320831298828, 'median': 87.0, 'min': -1021.0, 'percentile_00_5': -71.0, 'percentile_99_5': 298.0, 'std': 78.90290832519531}}} 

2026-06-13 18:52:07.884452: Unable to plot network architecture: nnUNet_compile is enabled!
2026-06-13 18:52:07.918084: 
2026-06-13 18:52:07.919332: Epoch 0
2026-06-13 18:52:07.920851: Current learning rate: 0.01
2026-06-13 18:53:26.540112: train_loss 0.0698
2026-06-13 18:53:26.543856: val_loss -0.0389
2026-06-13 18:53:26.545213: Pseudo dice [0.0027]
2026-06-13 18:53:26.546345: Epoch time: 78.62 s
2026-06-13 18:53:26.547445: Yayy! New best EMA pseudo Dice: 0.0027
2026-06-13 18:53:27.972783: 
2026-06-13 18:53:27.974200: Epoch 1
2026-06-13 18:53:27.975309: Current learning rate: 0.00999
2026-06-13 18:53:50.218446: train_loss -0.0151
2026-06-13 18:53:50.220630: val_loss -0.1571
2026-06-13 18:53:50.221870: Pseudo dice [0.2319]
2026-06-13 18:53:50.222929: Epoch time: 22.25 s
2026-06-13 18:53:50.223987: Yayy! New best EMA pseudo Dice: 0.0257
2026-06-13 18:53:51.563717: 
2026-06-13 18:53:51.565158: Epoch 2
2026-06-13 18:53:51.566370: Current learning rate: 0.00998
2026-06-13 18:54:13.897330: train_loss -0.1573
2026-06-13 18:54:13.900115: val_loss -0.2553
2026-06-13 18:54:13.901286: Pseudo dice [0.3101]
2026-06-13 18:54:13.902915: Epoch time: 22.33 s
2026-06-13 18:54:13.904178: Yayy! New best EMA pseudo Dice: 0.0541
2026-06-13 18:54:15.287780: 
2026-06-13 18:54:15.288988: Epoch 3
2026-06-13 18:54:15.290069: Current learning rate: 0.00997
2026-06-13 18:54:37.689734: train_loss -0.1585
2026-06-13 18:54:37.692615: val_loss -0.2439
2026-06-13 18:54:37.693892: Pseudo dice [0.3127]
2026-06-13 18:54:37.695311: Epoch time: 22.4 s
2026-06-13 18:54:37.696650: Yayy! New best EMA pseudo Dice: 0.08
2026-06-13 18:54:39.052545: 
2026-06-13 18:54:39.053815: Epoch 4
2026-06-13 18:54:39.054918: Current learning rate: 0.00996
2026-06-13 18:55:01.390073: train_loss -0.1746
2026-06-13 18:55:01.392155: val_loss -0.2459
2026-06-13 18:55:01.393391: Pseudo dice [0.304]
2026-06-13 18:55:01.394698: Epoch time: 22.34 s
2026-06-13 18:55:01.395918: Yayy! New best EMA pseudo Dice: 0.1024
2026-06-13 18:55:02.788700: 
2026-06-13 18:55:02.789945: Epoch 5
2026-06-13 18:55:02.791047: Current learning rate: 0.00995
2026-06-13 18:55:25.146239: train_loss -0.2054
2026-06-13 18:55:25.148378: val_loss -0.2983
2026-06-13 18:55:25.149581: Pseudo dice [0.3536]
2026-06-13 18:55:25.150670: Epoch time: 22.36 s
2026-06-13 18:55:25.151731: Yayy! New best EMA pseudo Dice: 0.1275
2026-06-13 18:55:26.495806: 
2026-06-13 18:55:26.497050: Epoch 6
2026-06-13 18:55:26.498174: Current learning rate: 0.00995
2026-06-13 18:55:48.815014: train_loss -0.1588
2026-06-13 18:55:48.817635: val_loss -0.3051
2026-06-13 18:55:48.818853: Pseudo dice [0.3569]
2026-06-13 18:55:48.820061: Epoch time: 22.32 s
2026-06-13 18:55:48.821122: Yayy! New best EMA pseudo Dice: 0.1504
2026-06-13 18:55:50.181286: 
2026-06-13 18:55:50.182597: Epoch 7
2026-06-13 18:55:50.183789: Current learning rate: 0.00994
2026-06-13 18:56:12.468248: train_loss -0.1967
2026-06-13 18:56:12.470299: val_loss -0.3135
2026-06-13 18:56:12.471354: Pseudo dice [0.3829]
2026-06-13 18:56:12.472553: Epoch time: 22.29 s
2026-06-13 18:56:12.473683: Yayy! New best EMA pseudo Dice: 0.1737
2026-06-13 18:56:13.835062: 
2026-06-13 18:56:13.837610: Epoch 8
2026-06-13 18:56:13.838682: Current learning rate: 0.00993
2026-06-13 18:56:36.094848: train_loss -0.2168
2026-06-13 18:56:36.096926: val_loss -0.3233
2026-06-13 18:56:36.098123: Pseudo dice [0.3627]
2026-06-13 18:56:36.099326: Epoch time: 22.26 s
2026-06-13 18:56:36.100455: Yayy! New best EMA pseudo Dice: 0.1926
2026-06-13 18:56:37.475130: 
2026-06-13 18:56:37.476472: Epoch 9
2026-06-13 18:56:37.477709: Current learning rate: 0.00992
2026-06-13 18:56:59.822062: train_loss -0.2136
2026-06-13 18:56:59.825748: val_loss -0.331
2026-06-13 18:56:59.827119: Pseudo dice [0.3886]
2026-06-13 18:56:59.828415: Epoch time: 22.35 s
2026-06-13 18:56:59.829820: Yayy! New best EMA pseudo Dice: 0.2122
2026-06-13 18:57:01.187972: 
2026-06-13 18:57:01.189246: Epoch 10
2026-06-13 18:57:01.190446: Current learning rate: 0.00991
2026-06-13 18:57:23.538731: train_loss -0.218
2026-06-13 18:57:23.540856: val_loss -0.323
2026-06-13 18:57:23.542000: Pseudo dice [0.3617]
2026-06-13 18:57:23.543083: Epoch time: 22.35 s
2026-06-13 18:57:23.544105: Yayy! New best EMA pseudo Dice: 0.2271
2026-06-13 18:57:24.905407: 
2026-06-13 18:57:24.906653: Epoch 11
2026-06-13 18:57:24.907734: Current learning rate: 0.0099
2026-06-13 18:57:47.271397: train_loss -0.2748
2026-06-13 18:57:47.273813: val_loss -0.3358
2026-06-13 18:57:47.274991: Pseudo dice [0.365]
2026-06-13 18:57:47.276197: Epoch time: 22.37 s
2026-06-13 18:57:47.277455: Yayy! New best EMA pseudo Dice: 0.2409
2026-06-13 18:57:48.630385: 
2026-06-13 18:57:48.631756: Epoch 12
2026-06-13 18:57:48.632851: Current learning rate: 0.00989
2026-06-13 18:58:10.960142: train_loss -0.2601
2026-06-13 18:58:10.962787: val_loss -0.3633
2026-06-13 18:58:10.963908: Pseudo dice [0.4176]
2026-06-13 18:58:10.965218: Epoch time: 22.33 s
2026-06-13 18:58:10.966263: Yayy! New best EMA pseudo Dice: 0.2586
2026-06-13 18:58:12.819471: 
2026-06-13 18:58:12.820794: Epoch 13
2026-06-13 18:58:12.822007: Current learning rate: 0.00988
2026-06-13 18:58:35.110557: train_loss -0.2927
2026-06-13 18:58:35.112511: val_loss -0.313
2026-06-13 18:58:35.113623: Pseudo dice [0.3731]
2026-06-13 18:58:35.114682: Epoch time: 22.29 s
2026-06-13 18:58:35.115781: Yayy! New best EMA pseudo Dice: 0.27
2026-06-13 18:58:36.468464: 
2026-06-13 18:58:36.470258: Epoch 14
2026-06-13 18:58:36.471493: Current learning rate: 0.00987
2026-06-13 18:58:58.823667: train_loss -0.205
2026-06-13 18:58:58.827255: val_loss -0.3595
2026-06-13 18:58:58.828387: Pseudo dice [0.4038]
2026-06-13 18:58:58.829460: Epoch time: 22.36 s
2026-06-13 18:58:58.830496: Yayy! New best EMA pseudo Dice: 0.2834
2026-06-13 18:59:00.193897: 
2026-06-13 18:59:00.195120: Epoch 15
2026-06-13 18:59:00.196355: Current learning rate: 0.00986
2026-06-13 18:59:22.572401: train_loss -0.3008
2026-06-13 18:59:22.574818: val_loss -0.3916
2026-06-13 18:59:22.575932: Pseudo dice [0.4271]
2026-06-13 18:59:22.577565: Epoch time: 22.38 s
2026-06-13 18:59:22.578609: Yayy! New best EMA pseudo Dice: 0.2978
2026-06-13 18:59:23.944035: 
2026-06-13 18:59:23.945264: Epoch 16
2026-06-13 18:59:23.946502: Current learning rate: 0.00986
2026-06-13 18:59:46.322388: train_loss -0.338
2026-06-13 18:59:46.328122: val_loss -0.4161
2026-06-13 18:59:46.329252: Pseudo dice [0.4329]
2026-06-13 18:59:46.330419: Epoch time: 22.38 s
2026-06-13 18:59:46.331600: Yayy! New best EMA pseudo Dice: 0.3113
2026-06-13 18:59:47.707639: 
2026-06-13 18:59:47.708889: Epoch 17
2026-06-13 18:59:47.709945: Current learning rate: 0.00985
2026-06-13 19:00:10.049850: train_loss -0.3325
2026-06-13 19:00:10.052303: val_loss -0.3812
2026-06-13 19:00:10.053404: Pseudo dice [0.3894]
2026-06-13 19:00:10.054494: Epoch time: 22.34 s
2026-06-13 19:00:10.055695: Yayy! New best EMA pseudo Dice: 0.3191
2026-06-13 19:00:11.420414: 
2026-06-13 19:00:11.421636: Epoch 18
2026-06-13 19:00:11.422843: Current learning rate: 0.00984
2026-06-13 19:00:33.869413: train_loss -0.3384
2026-06-13 19:00:33.873134: val_loss -0.448
2026-06-13 19:00:33.874351: Pseudo dice [0.4572]
2026-06-13 19:00:33.875634: Epoch time: 22.45 s
2026-06-13 19:00:33.876944: Yayy! New best EMA pseudo Dice: 0.3329
2026-06-13 19:00:35.257999: 
2026-06-13 19:00:35.259397: Epoch 19
2026-06-13 19:00:35.260537: Current learning rate: 0.00983
2026-06-13 19:00:57.610297: train_loss -0.3112
2026-06-13 19:00:57.612531: val_loss -0.404
2026-06-13 19:00:57.613722: Pseudo dice [0.4657]
2026-06-13 19:00:57.614779: Epoch time: 22.35 s
2026-06-13 19:00:57.615842: Yayy! New best EMA pseudo Dice: 0.3462
2026-06-13 19:00:58.971938: 
2026-06-13 19:00:58.973233: Epoch 20
2026-06-13 19:00:58.974330: Current learning rate: 0.00982
2026-06-13 19:01:21.276759: train_loss -0.3312
2026-06-13 19:01:21.279058: val_loss -0.4373
2026-06-13 19:01:21.280287: Pseudo dice [0.4657]
2026-06-13 19:01:21.281510: Epoch time: 22.31 s
2026-06-13 19:01:21.282679: Yayy! New best EMA pseudo Dice: 0.3581
2026-06-13 19:01:22.660573: 
2026-06-13 19:01:22.661891: Epoch 21
2026-06-13 19:01:22.663159: Current learning rate: 0.00981
2026-06-13 19:01:44.938164: train_loss -0.3185
2026-06-13 19:01:44.940660: val_loss -0.4144
2026-06-13 19:01:44.941886: Pseudo dice [0.464]
2026-06-13 19:01:44.943154: Epoch time: 22.28 s
2026-06-13 19:01:44.944308: Yayy! New best EMA pseudo Dice: 0.3687
2026-06-13 19:01:46.286696: 
2026-06-13 19:01:46.287935: Epoch 22
2026-06-13 19:01:46.289068: Current learning rate: 0.0098
2026-06-13 19:02:08.629508: train_loss -0.3687
2026-06-13 19:02:08.631784: val_loss -0.4352
2026-06-13 19:02:08.632992: Pseudo dice [0.4769]
2026-06-13 19:02:08.634158: Epoch time: 22.34 s
2026-06-13 19:02:08.635273: Yayy! New best EMA pseudo Dice: 0.3796
2026-06-13 19:02:09.985333: 
2026-06-13 19:02:09.986463: Epoch 23
2026-06-13 19:02:09.987682: Current learning rate: 0.00979
2026-06-13 19:02:32.301623: train_loss -0.3447
2026-06-13 19:02:32.304158: val_loss -0.4251
2026-06-13 19:02:32.305230: Pseudo dice [0.4574]
2026-06-13 19:02:32.306332: Epoch time: 22.32 s
2026-06-13 19:02:32.307646: Yayy! New best EMA pseudo Dice: 0.3873
2026-06-13 19:02:33.653466: 
2026-06-13 19:02:33.654607: Epoch 24
2026-06-13 19:02:33.655781: Current learning rate: 0.00978
2026-06-13 19:02:55.971845: train_loss -0.3602
2026-06-13 19:02:55.975105: val_loss -0.4284
2026-06-13 19:02:55.976292: Pseudo dice [0.4955]
2026-06-13 19:02:55.977505: Epoch time: 22.32 s
2026-06-13 19:02:55.978696: Yayy! New best EMA pseudo Dice: 0.3982
2026-06-13 19:02:57.326281: 
2026-06-13 19:02:57.327544: Epoch 25
2026-06-13 19:02:57.328803: Current learning rate: 0.00977
2026-06-13 19:03:19.658521: train_loss -0.3623
2026-06-13 19:03:19.660753: val_loss -0.4471
2026-06-13 19:03:19.661922: Pseudo dice [0.4882]
2026-06-13 19:03:19.663109: Epoch time: 22.33 s
2026-06-13 19:03:19.664261: Yayy! New best EMA pseudo Dice: 0.4072
2026-06-13 19:03:21.019737: 
2026-06-13 19:03:21.021014: Epoch 26
2026-06-13 19:03:21.022063: Current learning rate: 0.00977
2026-06-13 19:03:43.436846: train_loss -0.3846
2026-06-13 19:03:43.439208: val_loss -0.44
2026-06-13 19:03:43.440470: Pseudo dice [0.4931]
2026-06-13 19:03:43.441555: Epoch time: 22.42 s
2026-06-13 19:03:43.442608: Yayy! New best EMA pseudo Dice: 0.4158
2026-06-13 19:03:44.791980: 
2026-06-13 19:03:44.793204: Epoch 27
2026-06-13 19:03:44.794396: Current learning rate: 0.00976
2026-06-13 19:04:07.153814: train_loss -0.4134
2026-06-13 19:04:07.157221: val_loss -0.4257
2026-06-13 19:04:07.158663: Pseudo dice [0.4866]
2026-06-13 19:04:07.159966: Epoch time: 22.36 s
2026-06-13 19:04:07.161208: Yayy! New best EMA pseudo Dice: 0.4228
2026-06-13 19:04:08.521811: 
2026-06-13 19:04:08.523139: Epoch 28
2026-06-13 19:04:08.524347: Current learning rate: 0.00975
2026-06-13 19:04:30.833252: train_loss -0.4087
2026-06-13 19:04:30.835488: val_loss -0.4396
2026-06-13 19:04:30.836673: Pseudo dice [0.4818]
2026-06-13 19:04:30.837845: Epoch time: 22.31 s
2026-06-13 19:04:30.838998: Yayy! New best EMA pseudo Dice: 0.4287
2026-06-13 19:04:32.180944: 
2026-06-13 19:04:32.182225: Epoch 29
2026-06-13 19:04:32.183397: Current learning rate: 0.00974
2026-06-13 19:04:54.579200: train_loss -0.358
2026-06-13 19:04:54.582432: val_loss -0.4719
2026-06-13 19:04:54.583664: Pseudo dice [0.5154]
2026-06-13 19:04:54.584884: Epoch time: 22.4 s
2026-06-13 19:04:54.586063: Yayy! New best EMA pseudo Dice: 0.4374
2026-06-13 19:04:56.505772: 
2026-06-13 19:04:56.507041: Epoch 30
2026-06-13 19:04:56.508140: Current learning rate: 0.00973
2026-06-13 19:05:18.942127: train_loss -0.417
2026-06-13 19:05:18.945281: val_loss -0.4481
2026-06-13 19:05:18.946529: Pseudo dice [0.5054]
2026-06-13 19:05:18.947690: Epoch time: 22.44 s
2026-06-13 19:05:18.948879: Yayy! New best EMA pseudo Dice: 0.4442
2026-06-13 19:05:20.318183: 
2026-06-13 19:05:20.319412: Epoch 31
2026-06-13 19:05:20.320498: Current learning rate: 0.00972
2026-06-13 19:05:42.683136: train_loss -0.3826
2026-06-13 19:05:42.685556: val_loss -0.4606
2026-06-13 19:05:42.686657: Pseudo dice [0.4744]
2026-06-13 19:05:42.687787: Epoch time: 22.37 s
2026-06-13 19:05:42.688862: Yayy! New best EMA pseudo Dice: 0.4472
2026-06-13 19:05:44.048354: 
2026-06-13 19:05:44.049626: Epoch 32
2026-06-13 19:05:44.050711: Current learning rate: 0.00971
2026-06-13 19:06:06.398136: train_loss -0.3264
2026-06-13 19:06:06.400512: val_loss -0.4512
2026-06-13 19:06:06.401957: Pseudo dice [0.4826]
2026-06-13 19:06:06.403102: Epoch time: 22.35 s
2026-06-13 19:06:06.404201: Yayy! New best EMA pseudo Dice: 0.4508
2026-06-13 19:06:07.771804: 
2026-06-13 19:06:07.773098: Epoch 33
2026-06-13 19:06:07.774323: Current learning rate: 0.0097
2026-06-13 19:06:30.159979: train_loss -0.343
2026-06-13 19:06:30.162664: val_loss -0.5062
2026-06-13 19:06:30.163911: Pseudo dice [0.5352]
2026-06-13 19:06:30.165116: Epoch time: 22.39 s
2026-06-13 19:06:30.166175: Yayy! New best EMA pseudo Dice: 0.4592
2026-06-13 19:06:31.546884: 
2026-06-13 19:06:31.548036: Epoch 34
2026-06-13 19:06:31.549184: Current learning rate: 0.00969
2026-06-13 19:06:53.913284: train_loss -0.4027
2026-06-13 19:06:53.915405: val_loss -0.4671
2026-06-13 19:06:53.916495: Pseudo dice [0.496]
2026-06-13 19:06:53.917534: Epoch time: 22.37 s
2026-06-13 19:06:53.918619: Yayy! New best EMA pseudo Dice: 0.4629
2026-06-13 19:06:55.297276: 
2026-06-13 19:06:55.298497: Epoch 35
2026-06-13 19:06:55.299679: Current learning rate: 0.00968
2026-06-13 19:07:17.743092: train_loss -0.3911
2026-06-13 19:07:17.745309: val_loss -0.45
2026-06-13 19:07:17.746557: Pseudo dice [0.5114]
2026-06-13 19:07:17.747810: Epoch time: 22.45 s
2026-06-13 19:07:17.748918: Yayy! New best EMA pseudo Dice: 0.4677
2026-06-13 19:07:19.123615: 
2026-06-13 19:07:19.125077: Epoch 36
2026-06-13 19:07:19.126192: Current learning rate: 0.00968
2026-06-13 19:07:41.494232: train_loss -0.4176
2026-06-13 19:07:41.499648: val_loss -0.5142
2026-06-13 19:07:41.500779: Pseudo dice [0.5511]
2026-06-13 19:07:41.502087: Epoch time: 22.37 s
2026-06-13 19:07:41.503215: Yayy! New best EMA pseudo Dice: 0.4761
2026-06-13 19:07:42.876272: 
2026-06-13 19:07:42.877526: Epoch 37
2026-06-13 19:07:42.878660: Current learning rate: 0.00967
2026-06-13 19:08:05.205269: train_loss -0.4016
2026-06-13 19:08:05.207293: val_loss -0.4856
2026-06-13 19:08:05.208406: Pseudo dice [0.5155]
2026-06-13 19:08:05.209455: Epoch time: 22.33 s
2026-06-13 19:08:05.210502: Yayy! New best EMA pseudo Dice: 0.48
2026-06-13 19:08:06.588395: 
2026-06-13 19:08:06.589614: Epoch 38
2026-06-13 19:08:06.590711: Current learning rate: 0.00966
2026-06-13 19:08:29.079123: train_loss -0.3161
2026-06-13 19:08:29.084758: val_loss -0.4556
2026-06-13 19:08:29.085901: Pseudo dice [0.4853]
2026-06-13 19:08:29.087447: Epoch time: 22.49 s
2026-06-13 19:08:29.096304: Yayy! New best EMA pseudo Dice: 0.4805
2026-06-13 19:08:30.469863: 
2026-06-13 19:08:30.471075: Epoch 39
2026-06-13 19:08:30.472399: Current learning rate: 0.00965
2026-06-13 19:08:52.891607: train_loss -0.4188
2026-06-13 19:08:52.894572: val_loss -0.4073
2026-06-13 19:08:52.895906: Pseudo dice [0.4466]
2026-06-13 19:08:52.897174: Epoch time: 22.42 s
2026-06-13 19:08:53.806683: 
2026-06-13 19:08:53.808182: Epoch 40
2026-06-13 19:08:53.809438: Current learning rate: 0.00964
2026-06-13 19:09:16.197651: train_loss -0.4288
2026-06-13 19:09:16.200474: val_loss -0.479
2026-06-13 19:09:16.201618: Pseudo dice [0.5252]
2026-06-13 19:09:16.202677: Epoch time: 22.39 s
2026-06-13 19:09:16.203741: Yayy! New best EMA pseudo Dice: 0.482
2026-06-13 19:09:17.591745: 
2026-06-13 19:09:17.593004: Epoch 41
2026-06-13 19:09:17.594131: Current learning rate: 0.00963
2026-06-13 19:09:39.968944: train_loss -0.2903
2026-06-13 19:09:39.971496: val_loss -0.5031
2026-06-13 19:09:39.972925: Pseudo dice [0.5167]
2026-06-13 19:09:39.974444: Epoch time: 22.38 s
2026-06-13 19:09:39.975839: Yayy! New best EMA pseudo Dice: 0.4854
2026-06-13 19:09:41.324171: 
2026-06-13 19:09:41.325410: Epoch 42
2026-06-13 19:09:41.326468: Current learning rate: 0.00962
2026-06-13 19:10:03.741863: train_loss -0.4113
2026-06-13 19:10:03.744891: val_loss -0.4999
2026-06-13 19:10:03.746056: Pseudo dice [0.5327]
2026-06-13 19:10:03.747256: Epoch time: 22.42 s
2026-06-13 19:10:03.748430: Yayy! New best EMA pseudo Dice: 0.4902
2026-06-13 19:10:05.110605: 
2026-06-13 19:10:05.111937: Epoch 43
2026-06-13 19:10:05.113034: Current learning rate: 0.00961
2026-06-13 19:10:27.470658: train_loss -0.428
2026-06-13 19:10:27.472759: val_loss -0.447
2026-06-13 19:10:27.473912: Pseudo dice [0.4974]
2026-06-13 19:10:27.475149: Epoch time: 22.36 s
2026-06-13 19:10:27.476318: Yayy! New best EMA pseudo Dice: 0.4909
2026-06-13 19:10:28.845850: 
2026-06-13 19:10:28.847172: Epoch 44
2026-06-13 19:10:28.848267: Current learning rate: 0.0096
2026-06-13 19:10:51.179893: train_loss -0.3841
2026-06-13 19:10:51.182095: val_loss -0.4488
2026-06-13 19:10:51.183359: Pseudo dice [0.4636]
2026-06-13 19:10:51.184456: Epoch time: 22.34 s
2026-06-13 19:10:52.064699: 
2026-06-13 19:10:52.066019: Epoch 45
2026-06-13 19:10:52.067206: Current learning rate: 0.00959
2026-06-13 19:11:14.367586: train_loss -0.4514
2026-06-13 19:11:14.370045: val_loss -0.4767
2026-06-13 19:11:14.371139: Pseudo dice [0.5006]
2026-06-13 19:11:14.372216: Epoch time: 22.3 s
2026-06-13 19:11:15.268213: 
2026-06-13 19:11:15.269524: Epoch 46
2026-06-13 19:11:15.270595: Current learning rate: 0.00959
2026-06-13 19:11:37.533051: train_loss -0.4218
2026-06-13 19:11:37.535139: val_loss -0.5104
2026-06-13 19:11:37.536285: Pseudo dice [0.5242]
2026-06-13 19:11:37.538516: Epoch time: 22.27 s
2026-06-13 19:11:37.540004: Yayy! New best EMA pseudo Dice: 0.4929
2026-06-13 19:11:39.456179: 
2026-06-13 19:11:39.457442: Epoch 47
2026-06-13 19:11:39.458519: Current learning rate: 0.00958
2026-06-13 19:12:01.853305: train_loss -0.4569
2026-06-13 19:12:01.855688: val_loss -0.5239
2026-06-13 19:12:01.856765: Pseudo dice [0.5325]
2026-06-13 19:12:01.857839: Epoch time: 22.4 s
2026-06-13 19:12:01.858900: Yayy! New best EMA pseudo Dice: 0.4968
2026-06-13 19:12:03.220687: 
2026-06-13 19:12:03.222018: Epoch 48
2026-06-13 19:12:03.223079: Current learning rate: 0.00957
2026-06-13 19:12:25.583619: train_loss -0.3949
2026-06-13 19:12:25.586067: val_loss -0.4747
2026-06-13 19:12:25.587172: Pseudo dice [0.5077]
2026-06-13 19:12:25.588340: Epoch time: 22.36 s
2026-06-13 19:12:25.589505: Yayy! New best EMA pseudo Dice: 0.4979
2026-06-13 19:12:27.004705: 
2026-06-13 19:12:27.006411: Epoch 49
2026-06-13 19:12:27.007924: Current learning rate: 0.00956
2026-06-13 19:12:49.503360: train_loss -0.4337
2026-06-13 19:12:49.505341: val_loss -0.4838
2026-06-13 19:12:49.506527: Pseudo dice [0.5207]
2026-06-13 19:12:49.507620: Epoch time: 22.5 s
2026-06-13 19:12:49.967205: Yayy! New best EMA pseudo Dice: 0.5002
2026-06-13 19:12:51.324927: 
2026-06-13 19:12:51.326143: Epoch 50
2026-06-13 19:12:51.327315: Current learning rate: 0.00955
2026-06-13 19:13:13.790698: train_loss -0.4187
2026-06-13 19:13:13.793381: val_loss -0.4784
2026-06-13 19:13:13.794454: Pseudo dice [0.5074]
2026-06-13 19:13:13.795546: Epoch time: 22.47 s
2026-06-13 19:13:13.796593: Yayy! New best EMA pseudo Dice: 0.5009
2026-06-13 19:13:15.153642: 
2026-06-13 19:13:15.154903: Epoch 51
2026-06-13 19:13:15.156023: Current learning rate: 0.00954
2026-06-13 19:13:37.686191: train_loss -0.3851
2026-06-13 19:13:37.688616: val_loss -0.5101
2026-06-13 19:13:37.689701: Pseudo dice [0.5548]
2026-06-13 19:13:37.690756: Epoch time: 22.53 s
2026-06-13 19:13:37.691859: Yayy! New best EMA pseudo Dice: 0.5063
2026-06-13 19:13:39.063891: 
2026-06-13 19:13:39.065156: Epoch 52
2026-06-13 19:13:39.066226: Current learning rate: 0.00953
2026-06-13 19:14:01.459512: train_loss -0.3536
2026-06-13 19:14:01.462040: val_loss -0.5138
2026-06-13 19:14:01.463871: Pseudo dice [0.5422]
2026-06-13 19:14:01.465065: Epoch time: 22.4 s
2026-06-13 19:14:01.466238: Yayy! New best EMA pseudo Dice: 0.5099
2026-06-13 19:14:02.815440: 
2026-06-13 19:14:02.816780: Epoch 53
2026-06-13 19:14:02.817946: Current learning rate: 0.00952
2026-06-13 19:14:25.235672: train_loss -0.4239
2026-06-13 19:14:25.237822: val_loss -0.5198
2026-06-13 19:14:25.238934: Pseudo dice [0.5572]
2026-06-13 19:14:25.240148: Epoch time: 22.42 s
2026-06-13 19:14:25.241163: Yayy! New best EMA pseudo Dice: 0.5146
2026-06-13 19:14:26.607609: 
2026-06-13 19:14:26.608896: Epoch 54
2026-06-13 19:14:26.609987: Current learning rate: 0.00951
2026-06-13 19:14:48.992882: train_loss -0.4541
2026-06-13 19:14:48.995544: val_loss -0.5133
2026-06-13 19:14:48.996773: Pseudo dice [0.5305]
2026-06-13 19:14:48.998017: Epoch time: 22.39 s
2026-06-13 19:14:48.999214: Yayy! New best EMA pseudo Dice: 0.5162
2026-06-13 19:14:50.509370: 
2026-06-13 19:14:50.510629: Epoch 55
2026-06-13 19:14:50.511903: Current learning rate: 0.0095
2026-06-13 19:15:13.003972: train_loss -0.473
2026-06-13 19:15:13.006405: val_loss -0.533
2026-06-13 19:15:13.008225: Pseudo dice [0.5665]
2026-06-13 19:15:13.010179: Epoch time: 22.5 s
2026-06-13 19:15:13.011390: Yayy! New best EMA pseudo Dice: 0.5212
2026-06-13 19:15:14.366323: 
2026-06-13 19:15:14.367767: Epoch 56
2026-06-13 19:15:14.368996: Current learning rate: 0.00949
2026-06-13 19:15:36.710761: train_loss -0.4857
2026-06-13 19:15:36.713072: val_loss -0.5024
2026-06-13 19:15:36.714356: Pseudo dice [0.5431]
2026-06-13 19:15:36.715599: Epoch time: 22.35 s
2026-06-13 19:15:36.716759: Yayy! New best EMA pseudo Dice: 0.5234
2026-06-13 19:15:38.090833: 
2026-06-13 19:15:38.092122: Epoch 57
2026-06-13 19:15:38.093208: Current learning rate: 0.00949
2026-06-13 19:16:00.425945: train_loss -0.3792
2026-06-13 19:16:00.428391: val_loss -0.5151
2026-06-13 19:16:00.429516: Pseudo dice [0.5365]
2026-06-13 19:16:00.430659: Epoch time: 22.34 s
2026-06-13 19:16:00.431926: Yayy! New best EMA pseudo Dice: 0.5247
2026-06-13 19:16:01.811580: 
2026-06-13 19:16:01.812809: Epoch 58
2026-06-13 19:16:01.814032: Current learning rate: 0.00948
2026-06-13 19:16:24.196175: train_loss -0.4357
2026-06-13 19:16:24.198340: val_loss -0.496
2026-06-13 19:16:24.199465: Pseudo dice [0.5303]
2026-06-13 19:16:24.200585: Epoch time: 22.39 s
2026-06-13 19:16:24.201989: Yayy! New best EMA pseudo Dice: 0.5253
2026-06-13 19:16:25.579908: 
2026-06-13 19:16:25.581201: Epoch 59
2026-06-13 19:16:25.582270: Current learning rate: 0.00947
2026-06-13 19:16:47.896272: train_loss -0.4798
2026-06-13 19:16:47.898672: val_loss -0.4949
2026-06-13 19:16:47.899869: Pseudo dice [0.514]
2026-06-13 19:16:47.901057: Epoch time: 22.32 s
2026-06-13 19:16:48.779245: 
2026-06-13 19:16:48.780492: Epoch 60
2026-06-13 19:16:48.781723: Current learning rate: 0.00946
2026-06-13 19:17:11.131334: train_loss -0.4855
2026-06-13 19:17:11.133766: val_loss -0.4795
2026-06-13 19:17:11.134986: Pseudo dice [0.5122]
2026-06-13 19:17:11.136196: Epoch time: 22.35 s
2026-06-13 19:17:12.020924: 
2026-06-13 19:17:12.022260: Epoch 61
2026-06-13 19:17:12.037978: Current learning rate: 0.00945
2026-06-13 19:17:34.456369: train_loss -0.4401
2026-06-13 19:17:34.459178: val_loss -0.5689
2026-06-13 19:17:34.460324: Pseudo dice [0.5726]
2026-06-13 19:17:34.461456: Epoch time: 22.44 s
2026-06-13 19:17:34.462505: Yayy! New best EMA pseudo Dice: 0.5279
2026-06-13 19:17:35.861617: 
2026-06-13 19:17:35.862787: Epoch 62
2026-06-13 19:17:35.863907: Current learning rate: 0.00944
2026-06-13 19:17:58.203515: train_loss -0.4663
2026-06-13 19:17:58.206026: val_loss -0.5026
2026-06-13 19:17:58.207165: Pseudo dice [0.54]
2026-06-13 19:17:58.208376: Epoch time: 22.34 s
2026-06-13 19:17:58.209608: Yayy! New best EMA pseudo Dice: 0.5291
2026-06-13 19:17:59.621043: 
2026-06-13 19:17:59.622257: Epoch 63
2026-06-13 19:17:59.623360: Current learning rate: 0.00943
2026-06-13 19:18:22.044386: train_loss -0.491
2026-06-13 19:18:22.046889: val_loss -0.4926
2026-06-13 19:18:22.048085: Pseudo dice [0.5494]
2026-06-13 19:18:22.049297: Epoch time: 22.42 s
2026-06-13 19:18:22.050351: Yayy! New best EMA pseudo Dice: 0.5312
2026-06-13 19:18:23.990024: 
2026-06-13 19:18:23.991677: Epoch 64
2026-06-13 19:18:23.992769: Current learning rate: 0.00942
2026-06-13 19:18:46.404954: train_loss -0.407
2026-06-13 19:18:46.410380: val_loss -0.521
2026-06-13 19:18:46.411866: Pseudo dice [0.5691]
2026-06-13 19:18:46.413235: Epoch time: 22.42 s
2026-06-13 19:18:46.414773: Yayy! New best EMA pseudo Dice: 0.535
2026-06-13 19:18:47.811758: 
2026-06-13 19:18:47.813143: Epoch 65
2026-06-13 19:18:47.814278: Current learning rate: 0.00941
2026-06-13 19:19:10.194714: train_loss -0.4953
2026-06-13 19:19:10.197093: val_loss -0.492
2026-06-13 19:19:10.198170: Pseudo dice [0.5311]
2026-06-13 19:19:10.199396: Epoch time: 22.38 s
2026-06-13 19:19:11.106153: 
2026-06-13 19:19:11.107472: Epoch 66
2026-06-13 19:19:11.108603: Current learning rate: 0.0094
2026-06-13 19:19:33.633424: train_loss -0.4417
2026-06-13 19:19:33.636407: val_loss -0.5398
2026-06-13 19:19:33.637638: Pseudo dice [0.5927]
2026-06-13 19:19:33.638758: Epoch time: 22.53 s
2026-06-13 19:19:33.639874: Yayy! New best EMA pseudo Dice: 0.5404
2026-06-13 19:19:35.038072: 
2026-06-13 19:19:35.039245: Epoch 67
2026-06-13 19:19:35.040431: Current learning rate: 0.00939
2026-06-13 19:19:57.345426: train_loss -0.4537
2026-06-13 19:19:57.347955: val_loss -0.5614
2026-06-13 19:19:57.349024: Pseudo dice [0.5611]
2026-06-13 19:19:57.350095: Epoch time: 22.31 s
2026-06-13 19:19:57.351193: Yayy! New best EMA pseudo Dice: 0.5425
2026-06-13 19:19:58.746216: 
2026-06-13 19:19:58.747498: Epoch 68
2026-06-13 19:19:58.748595: Current learning rate: 0.00939
2026-06-13 19:20:21.131007: train_loss -0.5054
2026-06-13 19:20:21.133905: val_loss -0.5164
2026-06-13 19:20:21.135046: Pseudo dice [0.5486]
2026-06-13 19:20:21.136163: Epoch time: 22.39 s
2026-06-13 19:20:21.137258: Yayy! New best EMA pseudo Dice: 0.5431
2026-06-13 19:20:22.553654: 
2026-06-13 19:20:22.554862: Epoch 69
2026-06-13 19:20:22.555954: Current learning rate: 0.00938
2026-06-13 19:20:44.993401: train_loss -0.4425
2026-06-13 19:20:44.995977: val_loss -0.5396
2026-06-13 19:20:44.997131: Pseudo dice [0.5295]
2026-06-13 19:20:44.998232: Epoch time: 22.44 s
2026-06-13 19:20:45.915718: 
2026-06-13 19:20:45.916889: Epoch 70
2026-06-13 19:20:45.917970: Current learning rate: 0.00937
2026-06-13 19:21:08.224019: train_loss -0.4296
2026-06-13 19:21:08.226129: val_loss -0.5228
2026-06-13 19:21:08.227225: Pseudo dice [0.5662]
2026-06-13 19:21:08.228431: Epoch time: 22.31 s
2026-06-13 19:21:08.229488: Yayy! New best EMA pseudo Dice: 0.5442
2026-06-13 19:21:09.622715: 
2026-06-13 19:21:09.623945: Epoch 71
2026-06-13 19:21:09.625022: Current learning rate: 0.00936
2026-06-13 19:21:31.907388: train_loss -0.5159
2026-06-13 19:21:31.909565: val_loss -0.5474
2026-06-13 19:21:31.910632: Pseudo dice [0.567]
2026-06-13 19:21:31.911721: Epoch time: 22.29 s
2026-06-13 19:21:31.912880: Yayy! New best EMA pseudo Dice: 0.5464
2026-06-13 19:21:33.327771: 
2026-06-13 19:21:33.329005: Epoch 72
2026-06-13 19:21:33.330092: Current learning rate: 0.00935
2026-06-13 19:21:55.665787: train_loss -0.3599
2026-06-13 19:21:55.668161: val_loss -0.5354
2026-06-13 19:21:55.669559: Pseudo dice [0.5487]
2026-06-13 19:21:55.670912: Epoch time: 22.34 s
2026-06-13 19:21:55.671932: Yayy! New best EMA pseudo Dice: 0.5467
2026-06-13 19:21:57.074138: 
2026-06-13 19:21:57.075294: Epoch 73
2026-06-13 19:21:57.076385: Current learning rate: 0.00934
2026-06-13 19:22:19.447717: train_loss -0.4423
2026-06-13 19:22:19.450094: val_loss -0.4965
2026-06-13 19:22:19.451357: Pseudo dice [0.533]
2026-06-13 19:22:19.452592: Epoch time: 22.37 s
2026-06-13 19:22:20.367822: 
2026-06-13 19:22:20.369107: Epoch 74
2026-06-13 19:22:20.370327: Current learning rate: 0.00933
2026-06-13 19:22:42.726830: train_loss -0.4741
2026-06-13 19:22:42.729174: val_loss -0.5702
2026-06-13 19:22:42.730401: Pseudo dice [0.5967]
2026-06-13 19:22:42.731620: Epoch time: 22.36 s
2026-06-13 19:22:42.732995: Yayy! New best EMA pseudo Dice: 0.5504
2026-06-13 19:22:44.145674: 
2026-06-13 19:22:44.147050: Epoch 75
2026-06-13 19:22:44.148303: Current learning rate: 0.00932
2026-06-13 19:23:06.549060: train_loss -0.4481
2026-06-13 19:23:06.551693: val_loss -0.3828
2026-06-13 19:23:06.552910: Pseudo dice [0.4209]
2026-06-13 19:23:06.554118: Epoch time: 22.4 s
2026-06-13 19:23:07.470741: 
2026-06-13 19:23:07.472275: Epoch 76
2026-06-13 19:23:07.473694: Current learning rate: 0.00931
2026-06-13 19:23:29.930022: train_loss -0.4173
2026-06-13 19:23:29.932473: val_loss -0.5218
2026-06-13 19:23:29.933589: Pseudo dice [0.5377]
2026-06-13 19:23:29.935231: Epoch time: 22.46 s
2026-06-13 19:23:30.851714: 
2026-06-13 19:23:30.852913: Epoch 77
2026-06-13 19:23:30.854090: Current learning rate: 0.0093
2026-06-13 19:23:53.199189: train_loss -0.4123
2026-06-13 19:23:53.202244: val_loss -0.4991
2026-06-13 19:23:53.203466: Pseudo dice [0.5351]
2026-06-13 19:23:53.204692: Epoch time: 22.35 s
2026-06-13 19:23:54.135139: 
2026-06-13 19:23:54.136565: Epoch 78
2026-06-13 19:23:54.137603: Current learning rate: 0.0093
2026-06-13 19:24:16.548348: train_loss -0.423
2026-06-13 19:24:16.551136: val_loss -0.5727
2026-06-13 19:24:16.552825: Pseudo dice [0.6009]
2026-06-13 19:24:16.554237: Epoch time: 22.41 s
2026-06-13 19:24:17.476211: 
2026-06-13 19:24:17.477465: Epoch 79
2026-06-13 19:24:17.478697: Current learning rate: 0.00929
2026-06-13 19:24:40.001402: train_loss -0.491
2026-06-13 19:24:40.003764: val_loss -0.5457
2026-06-13 19:24:40.004895: Pseudo dice [0.5586]
2026-06-13 19:24:40.006086: Epoch time: 22.53 s
2026-06-13 19:24:40.918018: 
2026-06-13 19:24:40.919245: Epoch 80
2026-06-13 19:24:40.920373: Current learning rate: 0.00928
2026-06-13 19:25:03.198498: train_loss -0.5259
2026-06-13 19:25:03.201144: val_loss -0.511
2026-06-13 19:25:03.202628: Pseudo dice [0.5292]
2026-06-13 19:25:03.203841: Epoch time: 22.28 s
2026-06-13 19:25:04.708528: 
2026-06-13 19:25:04.709818: Epoch 81
2026-06-13 19:25:04.711017: Current learning rate: 0.00927
2026-06-13 19:25:27.139222: train_loss -0.4686
2026-06-13 19:25:27.148386: val_loss -0.5322
2026-06-13 19:25:27.149587: Pseudo dice [0.5558]
2026-06-13 19:25:27.150870: Epoch time: 22.43 s
2026-06-13 19:25:28.088422: 
2026-06-13 19:25:28.089640: Epoch 82
2026-06-13 19:25:28.090826: Current learning rate: 0.00926
2026-06-13 19:25:50.508624: train_loss -0.5034
2026-06-13 19:25:50.511738: val_loss -0.5519
2026-06-13 19:25:50.512918: Pseudo dice [0.5776]
2026-06-13 19:25:50.513972: Epoch time: 22.42 s
2026-06-13 19:25:51.408615: 
2026-06-13 19:25:51.409940: Epoch 83
2026-06-13 19:25:51.411184: Current learning rate: 0.00925
2026-06-13 19:26:13.757869: train_loss -0.4817
2026-06-13 19:26:13.760203: val_loss -0.5013
2026-06-13 19:26:13.761317: Pseudo dice [0.5215]
2026-06-13 19:26:13.762350: Epoch time: 22.35 s
2026-06-13 19:26:14.651310: 
2026-06-13 19:26:14.652558: Epoch 84
2026-06-13 19:26:14.653730: Current learning rate: 0.00924
2026-06-13 19:26:37.029444: train_loss -0.4416
2026-06-13 19:26:37.032296: val_loss -0.5307
2026-06-13 19:26:37.033647: Pseudo dice [0.5619]
2026-06-13 19:26:37.034836: Epoch time: 22.38 s
2026-06-13 19:26:37.927804: 
2026-06-13 19:26:37.929136: Epoch 85
2026-06-13 19:26:37.930325: Current learning rate: 0.00923
2026-06-13 19:27:00.276996: train_loss -0.473
2026-06-13 19:27:00.279207: val_loss -0.5015
2026-06-13 19:27:00.280411: Pseudo dice [0.511]
2026-06-13 19:27:00.281533: Epoch time: 22.35 s
2026-06-13 19:27:01.185692: 
2026-06-13 19:27:01.186986: Epoch 86
2026-06-13 19:27:01.188097: Current learning rate: 0.00922
2026-06-13 19:27:23.592437: train_loss -0.4902
2026-06-13 19:27:23.595120: val_loss -0.5765
2026-06-13 19:27:23.596394: Pseudo dice [0.6164]
2026-06-13 19:27:23.597573: Epoch time: 22.41 s
2026-06-13 19:27:23.598723: Yayy! New best EMA pseudo Dice: 0.5507
2026-06-13 19:27:24.984052: 
2026-06-13 19:27:24.985268: Epoch 87
2026-06-13 19:27:24.986465: Current learning rate: 0.00921
2026-06-13 19:27:47.407541: train_loss -0.4669
2026-06-13 19:27:47.410170: val_loss -0.5608
2026-06-13 19:27:47.411278: Pseudo dice [0.5901]
2026-06-13 19:27:47.412508: Epoch time: 22.42 s
2026-06-13 19:27:47.413578: Yayy! New best EMA pseudo Dice: 0.5547
2026-06-13 19:27:48.797726: 
2026-06-13 19:27:48.798983: Epoch 88
2026-06-13 19:27:48.800190: Current learning rate: 0.0092
2026-06-13 19:28:11.184437: train_loss -0.4895
2026-06-13 19:28:11.187516: val_loss -0.5431
2026-06-13 19:28:11.188828: Pseudo dice [0.5784]
2026-06-13 19:28:11.190050: Epoch time: 22.39 s
2026-06-13 19:28:11.191307: Yayy! New best EMA pseudo Dice: 0.5571
2026-06-13 19:28:12.583258: 
2026-06-13 19:28:12.584481: Epoch 89
2026-06-13 19:28:12.585604: Current learning rate: 0.0092
2026-06-13 19:28:34.921677: train_loss -0.4381
2026-06-13 19:28:34.924004: val_loss -0.5529
2026-06-13 19:28:34.925117: Pseudo dice [0.5671]
2026-06-13 19:28:34.926273: Epoch time: 22.34 s
2026-06-13 19:28:34.927475: Yayy! New best EMA pseudo Dice: 0.5581
2026-06-13 19:28:36.319672: 
2026-06-13 19:28:36.320896: Epoch 90
2026-06-13 19:28:36.322080: Current learning rate: 0.00919
2026-06-13 19:28:58.742145: train_loss -0.5054
2026-06-13 19:28:58.744828: val_loss -0.4945
2026-06-13 19:28:58.745951: Pseudo dice [0.5279]
2026-06-13 19:28:58.747016: Epoch time: 22.42 s
2026-06-13 19:28:59.644048: 
2026-06-13 19:28:59.645269: Epoch 91
2026-06-13 19:28:59.646352: Current learning rate: 0.00918
2026-06-13 19:29:21.941762: train_loss -0.473
2026-06-13 19:29:21.945510: val_loss -0.5168
2026-06-13 19:29:21.946656: Pseudo dice [0.5345]
2026-06-13 19:29:21.947833: Epoch time: 22.3 s
2026-06-13 19:29:22.834995: 
2026-06-13 19:29:22.836271: Epoch 92
2026-06-13 19:29:22.837371: Current learning rate: 0.00917
2026-06-13 19:29:45.238750: train_loss -0.4889
2026-06-13 19:29:45.241042: val_loss -0.5646
2026-06-13 19:29:45.242372: Pseudo dice [0.5967]
2026-06-13 19:29:45.243649: Epoch time: 22.4 s
2026-06-13 19:29:46.127461: 
2026-06-13 19:29:46.128868: Epoch 93
2026-06-13 19:29:46.130181: Current learning rate: 0.00916
2026-06-13 19:30:08.435407: train_loss -0.4234
2026-06-13 19:30:08.438210: val_loss -0.449
2026-06-13 19:30:08.439720: Pseudo dice [0.4986]
2026-06-13 19:30:08.440957: Epoch time: 22.31 s
2026-06-13 19:30:09.330691: 
2026-06-13 19:30:09.332014: Epoch 94
2026-06-13 19:30:09.333286: Current learning rate: 0.00915
2026-06-13 19:30:31.561501: train_loss -0.5302
2026-06-13 19:30:31.564218: val_loss -0.5562
2026-06-13 19:30:31.565494: Pseudo dice [0.5841]
2026-06-13 19:30:31.566697: Epoch time: 22.23 s
2026-06-13 19:30:32.461028: 
2026-06-13 19:30:32.462607: Epoch 95
2026-06-13 19:30:32.464489: Current learning rate: 0.00914
2026-06-13 19:30:54.744092: train_loss -0.4839
2026-06-13 19:30:54.746616: val_loss -0.575
2026-06-13 19:30:54.747975: Pseudo dice [0.5716]
2026-06-13 19:30:54.749283: Epoch time: 22.28 s
2026-06-13 19:30:55.628773: 
2026-06-13 19:30:55.630148: Epoch 96
2026-06-13 19:30:55.631439: Current learning rate: 0.00913
2026-06-13 19:31:17.970609: train_loss -0.4716
2026-06-13 19:31:17.973800: val_loss -0.5736
2026-06-13 19:31:17.974988: Pseudo dice [0.5813]
2026-06-13 19:31:17.976200: Epoch time: 22.34 s
2026-06-13 19:31:17.977289: Yayy! New best EMA pseudo Dice: 0.5589
2026-06-13 19:31:19.357262: 
2026-06-13 19:31:19.358544: Epoch 97
2026-06-13 19:31:19.359692: Current learning rate: 0.00912
2026-06-13 19:31:41.707613: train_loss -0.5356
2026-06-13 19:31:41.710596: val_loss -0.5259
2026-06-13 19:31:41.712555: Pseudo dice [0.5695]
2026-06-13 19:31:41.714176: Epoch time: 22.35 s
2026-06-13 19:31:41.715340: Yayy! New best EMA pseudo Dice: 0.56
2026-06-13 19:31:43.736586: 
2026-06-13 19:31:43.737971: Epoch 98
2026-06-13 19:31:43.739118: Current learning rate: 0.00911
2026-06-13 19:32:06.223406: train_loss -0.4913
2026-06-13 19:32:06.226535: val_loss -0.5258
2026-06-13 19:32:06.227748: Pseudo dice [0.5704]
2026-06-13 19:32:06.228988: Epoch time: 22.49 s
2026-06-13 19:32:06.230101: Yayy! New best EMA pseudo Dice: 0.561
2026-06-13 19:32:07.633489: 
2026-06-13 19:32:07.635029: Epoch 99
2026-06-13 19:32:07.636334: Current learning rate: 0.0091
2026-06-13 19:32:30.084546: train_loss -0.4401
2026-06-13 19:32:30.086964: val_loss -0.4595
2026-06-13 19:32:30.088121: Pseudo dice [0.5086]
2026-06-13 19:32:30.089208: Epoch time: 22.45 s
2026-06-13 19:32:31.463334: 
2026-06-13 19:32:31.464774: Epoch 100
2026-06-13 19:32:31.465933: Current learning rate: 0.0091
2026-06-13 19:32:53.904640: train_loss -0.4492
2026-06-13 19:32:53.907096: val_loss -0.5289
2026-06-13 19:32:53.908332: Pseudo dice [0.556]
2026-06-13 19:32:53.909550: Epoch time: 22.44 s
2026-06-13 19:32:54.799527: 
2026-06-13 19:32:54.801159: Epoch 101
2026-06-13 19:32:54.802348: Current learning rate: 0.00909
2026-06-13 19:33:17.128590: train_loss -0.5204
2026-06-13 19:33:17.131292: val_loss -0.5558
2026-06-13 19:33:17.132627: Pseudo dice [0.5832]
2026-06-13 19:33:17.133830: Epoch time: 22.33 s
2026-06-13 19:33:18.027609: 
2026-06-13 19:33:18.029629: Epoch 102
2026-06-13 19:33:18.031155: Current learning rate: 0.00908
2026-06-13 19:33:40.466192: train_loss -0.4703
2026-06-13 19:33:40.469285: val_loss -0.3806
2026-06-13 19:33:40.470457: Pseudo dice [0.3854]
2026-06-13 19:33:40.471699: Epoch time: 22.44 s
2026-06-13 19:33:41.375051: 
2026-06-13 19:33:41.376442: Epoch 103
2026-06-13 19:33:41.377805: Current learning rate: 0.00907
2026-06-13 19:34:03.809451: train_loss -0.5046
2026-06-13 19:34:03.812270: val_loss -0.5314
2026-06-13 19:34:03.813603: Pseudo dice [0.5514]
2026-06-13 19:34:03.814876: Epoch time: 22.44 s
2026-06-13 19:34:04.701976: 
2026-06-13 19:34:04.703687: Epoch 104
2026-06-13 19:34:04.704905: Current learning rate: 0.00906
2026-06-13 19:34:27.122943: train_loss -0.5342
2026-06-13 19:34:27.125401: val_loss -0.5819
2026-06-13 19:34:27.126596: Pseudo dice [0.5912]
2026-06-13 19:34:27.127851: Epoch time: 22.42 s
2026-06-13 19:34:28.021610: 
2026-06-13 19:34:28.023664: Epoch 105
2026-06-13 19:34:28.024938: Current learning rate: 0.00905
2026-06-13 19:34:50.349815: train_loss -0.4794
2026-06-13 19:34:50.352090: val_loss -0.511
2026-06-13 19:34:50.353212: Pseudo dice [0.5461]
2026-06-13 19:34:50.354469: Epoch time: 22.33 s
2026-06-13 19:34:51.247255: 
2026-06-13 19:34:51.249138: Epoch 106
2026-06-13 19:34:51.250999: Current learning rate: 0.00904
2026-06-13 19:35:13.594328: train_loss -0.4628
2026-06-13 19:35:13.597027: val_loss -0.4923
2026-06-13 19:35:13.598325: Pseudo dice [0.473]
2026-06-13 19:35:13.600964: Epoch time: 22.35 s
2026-06-13 19:35:14.484940: 
2026-06-13 19:35:14.487324: Epoch 107
2026-06-13 19:35:14.488979: Current learning rate: 0.00903
2026-06-13 19:35:36.889666: train_loss -0.425
2026-06-13 19:35:36.892255: val_loss -0.5581
2026-06-13 19:35:36.893547: Pseudo dice [0.5869]
2026-06-13 19:35:36.894749: Epoch time: 22.41 s
2026-06-13 19:35:37.798981: 
2026-06-13 19:35:37.800259: Epoch 108
2026-06-13 19:35:37.801479: Current learning rate: 0.00902
2026-06-13 19:36:00.299986: train_loss -0.5106
2026-06-13 19:36:00.302133: val_loss -0.5309
2026-06-13 19:36:00.303423: Pseudo dice [0.5659]
2026-06-13 19:36:00.304629: Epoch time: 22.5 s
2026-06-13 19:36:01.202810: 
2026-06-13 19:36:01.204201: Epoch 109
2026-06-13 19:36:01.205419: Current learning rate: 0.00901
2026-06-13 19:36:23.603294: train_loss -0.4825
2026-06-13 19:36:23.605925: val_loss -0.5542
2026-06-13 19:36:23.607118: Pseudo dice [0.5747]
2026-06-13 19:36:23.608330: Epoch time: 22.4 s
2026-06-13 19:36:24.502139: 
2026-06-13 19:36:24.503405: Epoch 110
2026-06-13 19:36:24.504625: Current learning rate: 0.009
2026-06-13 19:36:46.873898: train_loss -0.5188
2026-06-13 19:36:46.876370: val_loss -0.5145
2026-06-13 19:36:46.877795: Pseudo dice [0.565]
2026-06-13 19:36:46.879057: Epoch time: 22.37 s
2026-06-13 19:36:47.771947: 
2026-06-13 19:36:47.773431: Epoch 111
2026-06-13 19:36:47.774798: Current learning rate: 0.009
2026-06-13 19:37:10.146797: train_loss -0.4632
2026-06-13 19:37:10.149765: val_loss -0.5514
2026-06-13 19:37:10.151033: Pseudo dice [0.5999]
2026-06-13 19:37:10.152245: Epoch time: 22.38 s
2026-06-13 19:37:11.043922: 
2026-06-13 19:37:11.045414: Epoch 112
2026-06-13 19:37:11.046559: Current learning rate: 0.00899
2026-06-13 19:37:33.424602: train_loss -0.4709
2026-06-13 19:37:33.426973: val_loss -0.5138
2026-06-13 19:37:33.428251: Pseudo dice [0.5695]
2026-06-13 19:37:33.429455: Epoch time: 22.38 s
2026-06-13 19:37:34.317166: 
2026-06-13 19:37:34.318537: Epoch 113
2026-06-13 19:37:34.319753: Current learning rate: 0.00898
2026-06-13 19:37:56.676345: train_loss -0.5256
2026-06-13 19:37:56.678826: val_loss -0.5605
2026-06-13 19:37:56.680034: Pseudo dice [0.5665]
2026-06-13 19:37:56.681223: Epoch time: 22.36 s
2026-06-13 19:37:57.591488: 
2026-06-13 19:37:57.592990: Epoch 114
2026-06-13 19:37:57.594336: Current learning rate: 0.00897
2026-06-13 19:38:19.985678: train_loss -0.4885
2026-06-13 19:38:19.988638: val_loss -0.5359
2026-06-13 19:38:19.989931: Pseudo dice [0.5591]
2026-06-13 19:38:19.991290: Epoch time: 22.4 s
2026-06-13 19:38:20.874976: 
2026-06-13 19:38:20.876398: Epoch 115
2026-06-13 19:38:20.877824: Current learning rate: 0.00896
2026-06-13 19:38:43.303335: train_loss -0.4942
2026-06-13 19:38:43.305890: val_loss -0.5198
2026-06-13 19:38:43.307064: Pseudo dice [0.5666]
2026-06-13 19:38:43.308330: Epoch time: 22.43 s
2026-06-13 19:38:44.789551: 
2026-06-13 19:38:44.790900: Epoch 116
2026-06-13 19:38:44.792169: Current learning rate: 0.00895
2026-06-13 19:39:07.157062: train_loss -0.4641
2026-06-13 19:39:07.159539: val_loss -0.5739
2026-06-13 19:39:07.160758: Pseudo dice [0.5797]
2026-06-13 19:39:07.162047: Epoch time: 22.37 s
2026-06-13 19:39:07.163443: Yayy! New best EMA pseudo Dice: 0.5611
2026-06-13 19:39:08.594676: 
2026-06-13 19:39:08.596092: Epoch 117
2026-06-13 19:39:08.597362: Current learning rate: 0.00894
2026-06-13 19:39:30.962403: train_loss -0.5042
2026-06-13 19:39:30.964894: val_loss -0.5166
2026-06-13 19:39:30.966285: Pseudo dice [0.5558]
2026-06-13 19:39:30.967646: Epoch time: 22.37 s
2026-06-13 19:39:31.884396: 
2026-06-13 19:39:31.885807: Epoch 118
2026-06-13 19:39:31.887136: Current learning rate: 0.00893
2026-06-13 19:39:54.363410: train_loss -0.4969
2026-06-13 19:39:54.366217: val_loss -0.5659
2026-06-13 19:39:54.367635: Pseudo dice [0.5858]
2026-06-13 19:39:54.369001: Epoch time: 22.48 s
2026-06-13 19:39:54.370353: Yayy! New best EMA pseudo Dice: 0.5631
2026-06-13 19:39:55.772106: 
2026-06-13 19:39:55.773965: Epoch 119
2026-06-13 19:39:55.775352: Current learning rate: 0.00892
2026-06-13 19:40:18.140873: train_loss -0.5097
2026-06-13 19:40:18.143562: val_loss -0.5803
2026-06-13 19:40:18.144704: Pseudo dice [0.583]
2026-06-13 19:40:18.145948: Epoch time: 22.37 s
2026-06-13 19:40:18.147158: Yayy! New best EMA pseudo Dice: 0.5651
2026-06-13 19:40:19.540151: 
2026-06-13 19:40:19.541488: Epoch 120
2026-06-13 19:40:19.542618: Current learning rate: 0.00891
2026-06-13 19:40:41.896159: train_loss -0.4915
2026-06-13 19:40:41.898476: val_loss -0.5569
2026-06-13 19:40:41.899646: Pseudo dice [0.5624]
2026-06-13 19:40:41.900941: Epoch time: 22.36 s
2026-06-13 19:40:42.790380: 
2026-06-13 19:40:42.791765: Epoch 121
2026-06-13 19:40:42.793026: Current learning rate: 0.0089
2026-06-13 19:41:05.254215: train_loss -0.5151
2026-06-13 19:41:05.256711: val_loss -0.5624
2026-06-13 19:41:05.257998: Pseudo dice [0.595]
2026-06-13 19:41:05.259234: Epoch time: 22.46 s
2026-06-13 19:41:05.260430: Yayy! New best EMA pseudo Dice: 0.5678
2026-06-13 19:41:06.657020: 
2026-06-13 19:41:06.658442: Epoch 122
2026-06-13 19:41:06.659691: Current learning rate: 0.00889
2026-06-13 19:41:29.064467: train_loss -0.5542
2026-06-13 19:41:29.067110: val_loss -0.5177
2026-06-13 19:41:29.068343: Pseudo dice [0.558]
2026-06-13 19:41:29.070205: Epoch time: 22.41 s
2026-06-13 19:41:29.977770: 
2026-06-13 19:41:29.979987: Epoch 123
2026-06-13 19:41:29.981254: Current learning rate: 0.00889
2026-06-13 19:41:52.395709: train_loss -0.4932
2026-06-13 19:41:52.397907: val_loss -0.5333
2026-06-13 19:41:52.399199: Pseudo dice [0.5964]
2026-06-13 19:41:52.400405: Epoch time: 22.42 s
2026-06-13 19:41:52.401568: Yayy! New best EMA pseudo Dice: 0.5698
2026-06-13 19:41:53.799746: 
2026-06-13 19:41:53.801050: Epoch 124
2026-06-13 19:41:53.802454: Current learning rate: 0.00888
2026-06-13 19:42:16.153623: train_loss -0.5043
2026-06-13 19:42:16.156192: val_loss -0.5269
2026-06-13 19:42:16.157499: Pseudo dice [0.5327]
2026-06-13 19:42:16.158678: Epoch time: 22.35 s
2026-06-13 19:42:17.060627: 
2026-06-13 19:42:17.062058: Epoch 125
2026-06-13 19:42:17.063294: Current learning rate: 0.00887
2026-06-13 19:42:39.415274: train_loss -0.5225
2026-06-13 19:42:39.418247: val_loss -0.5525
2026-06-13 19:42:39.419506: Pseudo dice [0.5807]
2026-06-13 19:42:39.420653: Epoch time: 22.36 s
2026-06-13 19:42:40.318022: 
2026-06-13 19:42:40.319262: Epoch 126
2026-06-13 19:42:40.320483: Current learning rate: 0.00886
2026-06-13 19:43:02.646917: train_loss -0.531
2026-06-13 19:43:02.648978: val_loss -0.5674
2026-06-13 19:43:02.650132: Pseudo dice [0.6085]
2026-06-13 19:43:02.651355: Epoch time: 22.33 s
2026-06-13 19:43:02.652576: Yayy! New best EMA pseudo Dice: 0.5716
2026-06-13 19:43:04.038207: 
2026-06-13 19:43:04.039411: Epoch 127
2026-06-13 19:43:04.040700: Current learning rate: 0.00885
2026-06-13 19:43:26.431085: train_loss -0.5087
2026-06-13 19:43:26.433973: val_loss -0.577
2026-06-13 19:43:26.435379: Pseudo dice [0.5786]
2026-06-13 19:43:26.436581: Epoch time: 22.39 s
2026-06-13 19:43:26.437824: Yayy! New best EMA pseudo Dice: 0.5723
2026-06-13 19:43:27.841039: 
2026-06-13 19:43:27.842334: Epoch 128
2026-06-13 19:43:27.843576: Current learning rate: 0.00884
2026-06-13 19:43:50.341068: train_loss -0.4725
2026-06-13 19:43:50.343561: val_loss -0.5298
2026-06-13 19:43:50.344846: Pseudo dice [0.5754]
2026-06-13 19:43:50.355513: Epoch time: 22.5 s
2026-06-13 19:43:50.362068: Yayy! New best EMA pseudo Dice: 0.5727
2026-06-13 19:43:51.752083: 
2026-06-13 19:43:51.753459: Epoch 129
2026-06-13 19:43:51.754639: Current learning rate: 0.00883
2026-06-13 19:44:14.174868: train_loss -0.5261
2026-06-13 19:44:14.176945: val_loss -0.5492
2026-06-13 19:44:14.178255: Pseudo dice [0.5645]
2026-06-13 19:44:14.179425: Epoch time: 22.42 s
2026-06-13 19:44:15.079642: 
2026-06-13 19:44:15.080992: Epoch 130
2026-06-13 19:44:15.082258: Current learning rate: 0.00882
2026-06-13 19:44:37.455759: train_loss -0.5461
2026-06-13 19:44:37.458366: val_loss -0.532
2026-06-13 19:44:37.459627: Pseudo dice [0.5354]
2026-06-13 19:44:37.460804: Epoch time: 22.38 s
2026-06-13 19:44:38.361229: 
2026-06-13 19:44:38.362599: Epoch 131
2026-06-13 19:44:38.363818: Current learning rate: 0.00881
2026-06-13 19:45:00.800889: train_loss -0.5393
2026-06-13 19:45:00.803492: val_loss -0.5705
2026-06-13 19:45:00.804661: Pseudo dice [0.5696]
2026-06-13 19:45:00.805880: Epoch time: 22.44 s
2026-06-13 19:45:01.708807: 
2026-06-13 19:45:01.710262: Epoch 132
2026-06-13 19:45:01.711617: Current learning rate: 0.0088
2026-06-13 19:45:24.735348: train_loss -0.5356
2026-06-13 19:45:24.741020: val_loss -0.5492
2026-06-13 19:45:24.742383: Pseudo dice [0.5886]
2026-06-13 19:45:24.743555: Epoch time: 23.03 s
2026-06-13 19:45:25.642247: 
2026-06-13 19:45:25.643622: Epoch 133
2026-06-13 19:45:25.644880: Current learning rate: 0.00879
2026-06-13 19:45:48.121648: train_loss -0.5072
2026-06-13 19:45:48.124137: val_loss -0.5029
2026-06-13 19:45:48.125365: Pseudo dice [0.5421]
2026-06-13 19:45:48.126507: Epoch time: 22.48 s
2026-06-13 19:45:49.029392: 
2026-06-13 19:45:49.030772: Epoch 134
2026-06-13 19:45:49.032048: Current learning rate: 0.00879
2026-06-13 19:46:11.452848: train_loss -0.4955
2026-06-13 19:46:11.455245: val_loss -0.6323
2026-06-13 19:46:11.456520: Pseudo dice [0.6236]
2026-06-13 19:46:11.457760: Epoch time: 22.42 s
2026-06-13 19:46:11.458986: Yayy! New best EMA pseudo Dice: 0.5731
2026-06-13 19:46:12.894603: 
2026-06-13 19:46:12.895966: Epoch 135
2026-06-13 19:46:12.897208: Current learning rate: 0.00878
2026-06-13 19:46:35.343572: train_loss -0.5134
2026-06-13 19:46:35.345795: val_loss -0.5728
2026-06-13 19:46:35.346993: Pseudo dice [0.5966]
2026-06-13 19:46:35.348234: Epoch time: 22.45 s
2026-06-13 19:46:35.349456: Yayy! New best EMA pseudo Dice: 0.5755
2026-06-13 19:46:36.745323: 
2026-06-13 19:46:36.746658: Epoch 136
2026-06-13 19:46:36.747911: Current learning rate: 0.00877
2026-06-13 19:46:59.119606: train_loss -0.5397
2026-06-13 19:46:59.122072: val_loss -0.559
2026-06-13 19:46:59.123364: Pseudo dice [0.5956]
2026-06-13 19:46:59.124532: Epoch time: 22.38 s
2026-06-13 19:46:59.125772: Yayy! New best EMA pseudo Dice: 0.5775
2026-06-13 19:47:00.524114: 
2026-06-13 19:47:00.525429: Epoch 137
2026-06-13 19:47:00.526658: Current learning rate: 0.00876
2026-06-13 19:47:22.983849: train_loss -0.5234
2026-06-13 19:47:22.986501: val_loss -0.5659
2026-06-13 19:47:22.987824: Pseudo dice [0.604]
2026-06-13 19:47:22.989292: Epoch time: 22.46 s
2026-06-13 19:47:22.990673: Yayy! New best EMA pseudo Dice: 0.5802
2026-06-13 19:47:24.395456: 
2026-06-13 19:47:24.396873: Epoch 138
2026-06-13 19:47:24.398156: Current learning rate: 0.00875
2026-06-13 19:47:46.801861: train_loss -0.531
2026-06-13 19:47:46.804501: val_loss -0.5699
2026-06-13 19:47:46.805793: Pseudo dice [0.6072]
2026-06-13 19:47:46.807139: Epoch time: 22.41 s
2026-06-13 19:47:46.808536: Yayy! New best EMA pseudo Dice: 0.5829
2026-06-13 19:47:48.209820: 
2026-06-13 19:47:48.211241: Epoch 139
2026-06-13 19:47:48.212475: Current learning rate: 0.00874
2026-06-13 19:48:10.665209: train_loss -0.5597
2026-06-13 19:48:10.667951: val_loss -0.5468
2026-06-13 19:48:10.669293: Pseudo dice [0.566]
2026-06-13 19:48:10.670713: Epoch time: 22.46 s
2026-06-13 19:48:11.585524: 
2026-06-13 19:48:11.586970: Epoch 140
2026-06-13 19:48:11.588379: Current learning rate: 0.00873
2026-06-13 19:48:33.999059: train_loss -0.4977
2026-06-13 19:48:34.002068: val_loss -0.5606
2026-06-13 19:48:34.003448: Pseudo dice [0.596]
2026-06-13 19:48:34.004722: Epoch time: 22.41 s
2026-06-13 19:48:34.917701: 
2026-06-13 19:48:34.919108: Epoch 141
2026-06-13 19:48:34.920458: Current learning rate: 0.00872
2026-06-13 19:48:57.303163: train_loss -0.5233
2026-06-13 19:48:57.305531: val_loss -0.5106
2026-06-13 19:48:57.307142: Pseudo dice [0.5273]
2026-06-13 19:48:57.308462: Epoch time: 22.39 s
2026-06-13 19:48:58.215399: 
2026-06-13 19:48:58.216785: Epoch 142
2026-06-13 19:48:58.217998: Current learning rate: 0.00871
2026-06-13 19:49:20.561703: train_loss -0.5459
2026-06-13 19:49:20.564144: val_loss -0.6044
2026-06-13 19:49:20.565347: Pseudo dice [0.605]
2026-06-13 19:49:20.566582: Epoch time: 22.35 s
2026-06-13 19:49:21.475355: 
2026-06-13 19:49:21.476883: Epoch 143
2026-06-13 19:49:21.478081: Current learning rate: 0.0087
2026-06-13 19:49:43.908086: train_loss -0.4762
2026-06-13 19:49:43.910675: val_loss -0.5607
2026-06-13 19:49:43.911885: Pseudo dice [0.5721]
2026-06-13 19:49:43.913002: Epoch time: 22.43 s
2026-06-13 19:49:44.824468: 
2026-06-13 19:49:44.825792: Epoch 144
2026-06-13 19:49:44.827035: Current learning rate: 0.00869
2026-06-13 19:50:07.157628: train_loss -0.5363
2026-06-13 19:50:07.159905: val_loss -0.5575
2026-06-13 19:50:07.161302: Pseudo dice [0.5813]
2026-06-13 19:50:07.162589: Epoch time: 22.33 s
2026-06-13 19:50:08.067716: 
2026-06-13 19:50:08.069129: Epoch 145
2026-06-13 19:50:08.070532: Current learning rate: 0.00868
2026-06-13 19:50:30.477142: train_loss -0.5557
2026-06-13 19:50:30.479729: val_loss -0.581
2026-06-13 19:50:30.481237: Pseudo dice [0.5887]
2026-06-13 19:50:30.482499: Epoch time: 22.41 s
2026-06-13 19:50:31.398439: 
2026-06-13 19:50:31.399718: Epoch 146
2026-06-13 19:50:31.400964: Current learning rate: 0.00868
2026-06-13 19:50:53.810709: train_loss -0.515
2026-06-13 19:50:53.813543: val_loss -0.5321
2026-06-13 19:50:53.814817: Pseudo dice [0.5564]
2026-06-13 19:50:53.816095: Epoch time: 22.41 s
2026-06-13 19:50:54.724556: 
2026-06-13 19:50:54.725882: Epoch 147
2026-06-13 19:50:54.727129: Current learning rate: 0.00867
2026-06-13 19:51:17.213654: train_loss -0.5302
2026-06-13 19:51:17.215973: val_loss -0.5495
2026-06-13 19:51:17.217156: Pseudo dice [0.5765]
2026-06-13 19:51:17.218401: Epoch time: 22.49 s
2026-06-13 19:51:18.121753: 
2026-06-13 19:51:18.123328: Epoch 148
2026-06-13 19:51:18.124624: Current learning rate: 0.00866
2026-06-13 19:51:40.522170: train_loss -0.5188
2026-06-13 19:51:40.525999: val_loss -0.5498
2026-06-13 19:51:40.527308: Pseudo dice [0.5609]
2026-06-13 19:51:40.528594: Epoch time: 22.4 s
2026-06-13 19:51:41.987401: 
2026-06-13 19:51:41.988916: Epoch 149
2026-06-13 19:51:41.990375: Current learning rate: 0.00865
2026-06-13 19:52:04.387451: train_loss -0.5016
2026-06-13 19:52:04.389854: val_loss -0.5317
2026-06-13 19:52:04.391192: Pseudo dice [0.5315]
2026-06-13 19:52:04.392754: Epoch time: 22.4 s
2026-06-13 19:52:05.793991: 
2026-06-13 19:52:05.795528: Epoch 150
2026-06-13 19:52:05.796957: Current learning rate: 0.00864
2026-06-13 19:52:28.206141: train_loss -0.5548
2026-06-13 19:52:28.213737: val_loss -0.5638
2026-06-13 19:52:28.220146: Pseudo dice [0.5696]
2026-06-13 19:52:28.231307: Epoch time: 22.41 s
2026-06-13 19:52:29.145987: 
2026-06-13 19:52:29.147345: Epoch 151
2026-06-13 19:52:29.148623: Current learning rate: 0.00863
2026-06-13 19:52:51.606514: train_loss -0.5104
2026-06-13 19:52:51.609036: val_loss -0.4832
2026-06-13 19:52:51.610322: Pseudo dice [0.5134]
2026-06-13 19:52:51.611534: Epoch time: 22.46 s
2026-06-13 19:52:52.529692: 
2026-06-13 19:52:52.531158: Epoch 152
2026-06-13 19:52:52.532458: Current learning rate: 0.00862
2026-06-13 19:53:15.025240: train_loss -0.4785
2026-06-13 19:53:15.027929: val_loss -0.5292
2026-06-13 19:53:15.029337: Pseudo dice [0.5808]
2026-06-13 19:53:15.030665: Epoch time: 22.5 s
2026-06-13 19:53:15.955781: 
2026-06-13 19:53:15.957285: Epoch 153
2026-06-13 19:53:15.958682: Current learning rate: 0.00861
2026-06-13 19:53:38.444899: train_loss -0.5283
2026-06-13 19:53:38.447043: val_loss -0.5351
2026-06-13 19:53:38.448382: Pseudo dice [0.5649]
2026-06-13 19:53:38.449773: Epoch time: 22.49 s
2026-06-13 19:53:39.384320: 
2026-06-13 19:53:39.385738: Epoch 154
2026-06-13 19:53:39.387101: Current learning rate: 0.0086
2026-06-13 19:54:01.938609: train_loss -0.5464
2026-06-13 19:54:01.941170: val_loss -0.5361
2026-06-13 19:54:01.942528: Pseudo dice [0.5539]
2026-06-13 19:54:01.943764: Epoch time: 22.56 s
2026-06-13 19:54:02.873155: 
2026-06-13 19:54:02.874736: Epoch 155
2026-06-13 19:54:02.875935: Current learning rate: 0.00859
2026-06-13 19:54:25.250179: train_loss -0.4864
2026-06-13 19:54:25.253022: val_loss -0.5427
2026-06-13 19:54:25.254303: Pseudo dice [0.5733]
2026-06-13 19:54:25.255993: Epoch time: 22.38 s
2026-06-13 19:54:26.182510: 
2026-06-13 19:54:26.183892: Epoch 156
2026-06-13 19:54:26.185213: Current learning rate: 0.00858
2026-06-13 19:54:48.556418: train_loss -0.5335
2026-06-13 19:54:48.558485: val_loss -0.5624
2026-06-13 19:54:48.559682: Pseudo dice [0.562]
2026-06-13 19:54:48.560886: Epoch time: 22.37 s
2026-06-13 19:54:49.480430: 
2026-06-13 19:54:49.481861: Epoch 157
2026-06-13 19:54:49.483183: Current learning rate: 0.00858
2026-06-13 19:55:11.897111: train_loss -0.4565
2026-06-13 19:55:11.899661: val_loss -0.5775
2026-06-13 19:55:11.901026: Pseudo dice [0.5925]
2026-06-13 19:55:11.902451: Epoch time: 22.42 s
2026-06-13 19:55:12.835061: 
2026-06-13 19:55:12.836445: Epoch 158
2026-06-13 19:55:12.837683: Current learning rate: 0.00857
2026-06-13 19:55:35.218911: train_loss -0.5153
2026-06-13 19:55:35.221401: val_loss -0.5775
2026-06-13 19:55:35.222723: Pseudo dice [0.6075]
2026-06-13 19:55:35.224041: Epoch time: 22.38 s
2026-06-13 19:55:36.147509: 
2026-06-13 19:55:36.148882: Epoch 159
2026-06-13 19:55:36.150065: Current learning rate: 0.00856
2026-06-13 19:55:58.690212: train_loss -0.4494
2026-06-13 19:55:58.692382: val_loss -0.5784
2026-06-13 19:55:58.693893: Pseudo dice [0.6082]
2026-06-13 19:55:58.695596: Epoch time: 22.54 s
2026-06-13 19:55:59.616975: 
2026-06-13 19:55:59.618940: Epoch 160
2026-06-13 19:55:59.620279: Current learning rate: 0.00855
2026-06-13 19:56:22.063602: train_loss -0.5082
2026-06-13 19:56:22.066185: val_loss -0.4787
2026-06-13 19:56:22.067531: Pseudo dice [0.511]
2026-06-13 19:56:22.068862: Epoch time: 22.45 s
2026-06-13 19:56:23.002784: 
2026-06-13 19:56:23.004450: Epoch 161
2026-06-13 19:56:23.005988: Current learning rate: 0.00854
2026-06-13 19:56:45.459398: train_loss -0.4396
2026-06-13 19:56:45.461953: val_loss -0.5406
2026-06-13 19:56:45.463219: Pseudo dice [0.5798]
2026-06-13 19:56:45.464607: Epoch time: 22.46 s
2026-06-13 19:56:46.389451: 
2026-06-13 19:56:46.390989: Epoch 162
2026-06-13 19:56:46.392422: Current learning rate: 0.00853
2026-06-13 19:57:08.703886: train_loss -0.5272
2026-06-13 19:57:08.706070: val_loss -0.5258
2026-06-13 19:57:08.707638: Pseudo dice [0.5513]
2026-06-13 19:57:08.708997: Epoch time: 22.32 s
2026-06-13 19:57:09.632648: 
2026-06-13 19:57:09.633998: Epoch 163
2026-06-13 19:57:09.635309: Current learning rate: 0.00852
2026-06-13 19:57:32.135512: train_loss -0.4676
2026-06-13 19:57:32.138378: val_loss -0.5373
2026-06-13 19:57:32.139777: Pseudo dice [0.571]
2026-06-13 19:57:32.141211: Epoch time: 22.5 s
2026-06-13 19:57:33.067179: 
2026-06-13 19:57:33.069198: Epoch 164
2026-06-13 19:57:33.070568: Current learning rate: 0.00851
2026-06-13 19:57:55.395199: train_loss -0.5092
2026-06-13 19:57:55.397846: val_loss -0.5659
2026-06-13 19:57:55.399278: Pseudo dice [0.5798]
2026-06-13 19:57:55.400649: Epoch time: 22.33 s
2026-06-13 19:57:56.904585: 
2026-06-13 19:57:56.906126: Epoch 165
2026-06-13 19:57:56.907477: Current learning rate: 0.0085
2026-06-13 19:58:19.354756: train_loss -0.5215
2026-06-13 19:58:19.357257: val_loss -0.5699
2026-06-13 19:58:19.358521: Pseudo dice [0.5912]
2026-06-13 19:58:19.359831: Epoch time: 22.45 s
2026-06-13 19:58:20.275143: 
2026-06-13 19:58:20.276635: Epoch 166
2026-06-13 19:58:20.277899: Current learning rate: 0.00849
2026-06-13 19:58:42.661150: train_loss -0.5373
2026-06-13 19:58:42.664139: val_loss -0.5511
2026-06-13 19:58:42.665424: Pseudo dice [0.5869]
2026-06-13 19:58:42.666840: Epoch time: 22.39 s
2026-06-13 19:58:43.576088: 
2026-06-13 19:58:43.577607: Epoch 167
2026-06-13 19:58:43.579503: Current learning rate: 0.00848
2026-06-13 19:59:06.106359: train_loss -0.5516
2026-06-13 19:59:06.109013: val_loss -0.5715
2026-06-13 19:59:06.110367: Pseudo dice [0.5806]
2026-06-13 19:59:06.111753: Epoch time: 22.53 s
2026-06-13 19:59:07.044722: 
2026-06-13 19:59:07.046370: Epoch 168
2026-06-13 19:59:07.047676: Current learning rate: 0.00847
2026-06-13 19:59:29.482396: train_loss -0.5387
2026-06-13 19:59:29.484554: val_loss -0.5466
2026-06-13 19:59:29.485940: Pseudo dice [0.5745]
2026-06-13 19:59:29.487321: Epoch time: 22.44 s
2026-06-13 19:59:30.423224: 
2026-06-13 19:59:30.424815: Epoch 169
2026-06-13 19:59:30.426111: Current learning rate: 0.00847
2026-06-13 19:59:52.909642: train_loss -0.5405
2026-06-13 19:59:52.912295: val_loss -0.555
2026-06-13 19:59:52.913588: Pseudo dice [0.5729]
2026-06-13 19:59:52.914841: Epoch time: 22.49 s
2026-06-13 19:59:53.850088: 
2026-06-13 19:59:53.851697: Epoch 170
2026-06-13 19:59:53.853008: Current learning rate: 0.00846
2026-06-13 20:00:16.297123: train_loss -0.5087
2026-06-13 20:00:16.299950: val_loss -0.5527
2026-06-13 20:00:16.301302: Pseudo dice [0.5799]
2026-06-13 20:00:16.302669: Epoch time: 22.45 s
2026-06-13 20:00:17.231141: 
2026-06-13 20:00:17.232536: Epoch 171
2026-06-13 20:00:17.233877: Current learning rate: 0.00845
2026-06-13 20:00:39.632798: train_loss -0.5368
2026-06-13 20:00:39.635188: val_loss -0.5618
2026-06-13 20:00:39.636604: Pseudo dice [0.5805]
2026-06-13 20:00:39.637930: Epoch time: 22.4 s
2026-06-13 20:00:40.563952: 
2026-06-13 20:00:40.565380: Epoch 172
2026-06-13 20:00:40.566785: Current learning rate: 0.00844
2026-06-13 20:01:02.880761: train_loss -0.4943
2026-06-13 20:01:02.883173: val_loss -0.5083
2026-06-13 20:01:02.884468: Pseudo dice [0.5125]
2026-06-13 20:01:02.885836: Epoch time: 22.32 s
2026-06-13 20:01:03.819362: 
2026-06-13 20:01:03.820751: Epoch 173
2026-06-13 20:01:03.821951: Current learning rate: 0.00843
2026-06-13 20:01:26.238153: train_loss -0.5633
2026-06-13 20:01:26.240738: val_loss -0.5471
2026-06-13 20:01:26.242071: Pseudo dice [0.5756]
2026-06-13 20:01:26.243434: Epoch time: 22.42 s
2026-06-13 20:01:27.230565: 
2026-06-13 20:01:27.231880: Epoch 174
2026-06-13 20:01:27.233403: Current learning rate: 0.00842
2026-06-13 20:01:49.592697: train_loss -0.4928
2026-06-13 20:01:49.595169: val_loss -0.5384
2026-06-13 20:01:49.596610: Pseudo dice [0.5906]
2026-06-13 20:01:49.597993: Epoch time: 22.36 s
2026-06-13 20:01:50.526080: 
2026-06-13 20:01:50.527583: Epoch 175
2026-06-13 20:01:50.528737: Current learning rate: 0.00841
2026-06-13 20:02:12.969272: train_loss -0.5094
2026-06-13 20:02:12.971779: val_loss -0.4884
2026-06-13 20:02:12.973210: Pseudo dice [0.5076]
2026-06-13 20:02:12.974372: Epoch time: 22.44 s
2026-06-13 20:02:13.900398: 
2026-06-13 20:02:13.901724: Epoch 176
2026-06-13 20:02:13.903269: Current learning rate: 0.0084
2026-06-13 20:02:36.272846: train_loss -0.4848
2026-06-13 20:02:36.275343: val_loss -0.5618
2026-06-13 20:02:36.276560: Pseudo dice [0.5966]
2026-06-13 20:02:36.277986: Epoch time: 22.37 s
2026-06-13 20:02:37.209368: 
2026-06-13 20:02:37.210717: Epoch 177
2026-06-13 20:02:37.212012: Current learning rate: 0.00839
2026-06-13 20:02:59.517952: train_loss -0.5289
2026-06-13 20:02:59.520152: val_loss -0.56
2026-06-13 20:02:59.521559: Pseudo dice [0.5858]
2026-06-13 20:02:59.522770: Epoch time: 22.31 s
2026-06-13 20:03:00.444193: 
2026-06-13 20:03:00.445766: Epoch 178
2026-06-13 20:03:00.446996: Current learning rate: 0.00838
2026-06-13 20:03:22.814373: train_loss -0.5669
2026-06-13 20:03:22.816888: val_loss -0.5511
2026-06-13 20:03:22.818297: Pseudo dice [0.6021]
2026-06-13 20:03:22.819704: Epoch time: 22.37 s
2026-06-13 20:03:23.741043: 
2026-06-13 20:03:23.742429: Epoch 179
2026-06-13 20:03:23.744362: Current learning rate: 0.00837
2026-06-13 20:03:46.274000: train_loss -0.5134
2026-06-13 20:03:46.276456: val_loss -0.5414
2026-06-13 20:03:46.277635: Pseudo dice [0.5621]
2026-06-13 20:03:46.278908: Epoch time: 22.53 s
2026-06-13 20:03:47.194235: 
2026-06-13 20:03:47.195585: Epoch 180
2026-06-13 20:03:47.196888: Current learning rate: 0.00836
2026-06-13 20:04:09.604846: train_loss -0.5612
2026-06-13 20:04:09.607111: val_loss -0.525
2026-06-13 20:04:09.608310: Pseudo dice [0.563]
2026-06-13 20:04:09.609641: Epoch time: 22.41 s
2026-06-13 20:04:10.526233: 
2026-06-13 20:04:10.527629: Epoch 181
2026-06-13 20:04:10.529003: Current learning rate: 0.00836
2026-06-13 20:04:33.135382: train_loss -0.5549
2026-06-13 20:04:33.137884: val_loss -0.5391
2026-06-13 20:04:33.139128: Pseudo dice [0.5675]
2026-06-13 20:04:33.140400: Epoch time: 22.61 s
2026-06-13 20:04:34.630951: 
2026-06-13 20:04:34.632292: Epoch 182
2026-06-13 20:04:34.633638: Current learning rate: 0.00835
2026-06-13 20:04:57.117668: train_loss -0.5017
2026-06-13 20:04:57.119967: val_loss -0.5816
2026-06-13 20:04:57.121156: Pseudo dice [0.5749]
2026-06-13 20:04:57.122448: Epoch time: 22.49 s
2026-06-13 20:04:58.036724: 
2026-06-13 20:04:58.038599: Epoch 183
2026-06-13 20:04:58.040305: Current learning rate: 0.00834
2026-06-13 20:05:20.515501: train_loss -0.5481
2026-06-13 20:05:20.517673: val_loss -0.57
2026-06-13 20:05:20.519038: Pseudo dice [0.5726]
2026-06-13 20:05:20.520398: Epoch time: 22.48 s
2026-06-13 20:05:21.422719: 
2026-06-13 20:05:21.424088: Epoch 184
2026-06-13 20:05:21.425342: Current learning rate: 0.00833
2026-06-13 20:05:43.842600: train_loss -0.5186
2026-06-13 20:05:43.845345: val_loss -0.5452
2026-06-13 20:05:43.846709: Pseudo dice [0.5901]
2026-06-13 20:05:43.847993: Epoch time: 22.42 s
2026-06-13 20:05:44.774633: 
2026-06-13 20:05:44.776087: Epoch 185
2026-06-13 20:05:44.777518: Current learning rate: 0.00832
2026-06-13 20:06:07.226547: train_loss -0.5184
2026-06-13 20:06:07.228827: val_loss -0.6061
2026-06-13 20:06:07.230261: Pseudo dice [0.6179]
2026-06-13 20:06:07.231556: Epoch time: 22.45 s
2026-06-13 20:06:08.153779: 
2026-06-13 20:06:08.155219: Epoch 186
2026-06-13 20:06:08.156501: Current learning rate: 0.00831
2026-06-13 20:06:30.664616: train_loss -0.5426
2026-06-13 20:06:30.667806: val_loss -0.5124
2026-06-13 20:06:30.669129: Pseudo dice [0.5376]
2026-06-13 20:06:30.670487: Epoch time: 22.51 s
2026-06-13 20:06:31.579380: 
2026-06-13 20:06:31.580739: Epoch 187
2026-06-13 20:06:31.581978: Current learning rate: 0.0083
2026-06-13 20:06:54.094785: train_loss -0.5823
2026-06-13 20:06:54.097677: val_loss -0.5364
2026-06-13 20:06:54.099231: Pseudo dice [0.5847]
2026-06-13 20:06:54.100610: Epoch time: 22.52 s
2026-06-13 20:06:55.028470: 
2026-06-13 20:06:55.029993: Epoch 188
2026-06-13 20:06:55.031515: Current learning rate: 0.00829
2026-06-13 20:07:17.527717: train_loss -0.5517
2026-06-13 20:07:17.530220: val_loss -0.5978
2026-06-13 20:07:17.531555: Pseudo dice [0.6191]
2026-06-13 20:07:17.532991: Epoch time: 22.5 s
2026-06-13 20:07:18.458743: 
2026-06-13 20:07:18.460217: Epoch 189
2026-06-13 20:07:18.461591: Current learning rate: 0.00828
2026-06-13 20:07:40.990326: train_loss -0.5444
2026-06-13 20:07:40.992700: val_loss -0.5532
2026-06-13 20:07:40.994012: Pseudo dice [0.582]
2026-06-13 20:07:40.995208: Epoch time: 22.53 s
2026-06-13 20:07:41.916205: 
2026-06-13 20:07:41.917625: Epoch 190
2026-06-13 20:07:41.918781: Current learning rate: 0.00827
2026-06-13 20:08:04.467911: train_loss -0.5335
2026-06-13 20:08:04.470701: val_loss -0.5458
2026-06-13 20:08:04.472005: Pseudo dice [0.5781]
2026-06-13 20:08:04.473356: Epoch time: 22.55 s
2026-06-13 20:08:05.385287: 
2026-06-13 20:08:05.386669: Epoch 191
2026-06-13 20:08:05.387858: Current learning rate: 0.00826
2026-06-13 20:08:27.797409: train_loss -0.5355
2026-06-13 20:08:27.799912: val_loss -0.5378
2026-06-13 20:08:27.801177: Pseudo dice [0.59]
2026-06-13 20:08:27.802382: Epoch time: 22.41 s
2026-06-13 20:08:28.723649: 
2026-06-13 20:08:28.725009: Epoch 192
2026-06-13 20:08:28.726220: Current learning rate: 0.00825
2026-06-13 20:08:51.101867: train_loss -0.5483
2026-06-13 20:08:51.104158: val_loss -0.5503
2026-06-13 20:08:51.105358: Pseudo dice [0.5757]
2026-06-13 20:08:51.107046: Epoch time: 22.38 s
2026-06-13 20:08:52.021055: 
2026-06-13 20:08:52.022282: Epoch 193
2026-06-13 20:08:52.023531: Current learning rate: 0.00824
2026-06-13 20:09:14.505363: train_loss -0.565
2026-06-13 20:09:14.508024: val_loss -0.5507
2026-06-13 20:09:14.509413: Pseudo dice [0.5866]
2026-06-13 20:09:14.510787: Epoch time: 22.49 s
2026-06-13 20:09:15.431106: 
2026-06-13 20:09:15.432510: Epoch 194
2026-06-13 20:09:15.433893: Current learning rate: 0.00824
2026-06-13 20:09:37.923276: train_loss -0.5664
2026-06-13 20:09:37.925887: val_loss -0.5454
2026-06-13 20:09:37.927130: Pseudo dice [0.5627]
2026-06-13 20:09:37.928353: Epoch time: 22.49 s
2026-06-13 20:09:38.857610: 
2026-06-13 20:09:38.859118: Epoch 195
2026-06-13 20:09:38.860295: Current learning rate: 0.00823
2026-06-13 20:10:01.271672: train_loss -0.558
2026-06-13 20:10:01.273849: val_loss -0.5411
2026-06-13 20:10:01.275191: Pseudo dice [0.5898]
2026-06-13 20:10:01.276525: Epoch time: 22.41 s
2026-06-13 20:10:02.191877: 
2026-06-13 20:10:02.193435: Epoch 196
2026-06-13 20:10:02.194787: Current learning rate: 0.00822
2026-06-13 20:10:24.610670: train_loss -0.5557
2026-06-13 20:10:24.613825: val_loss -0.5793
2026-06-13 20:10:24.615288: Pseudo dice [0.6065]
2026-06-13 20:10:24.616698: Epoch time: 22.42 s
2026-06-13 20:10:25.535875: 
2026-06-13 20:10:25.537317: Epoch 197
2026-06-13 20:10:25.538517: Current learning rate: 0.00821
2026-06-13 20:10:47.978113: train_loss -0.4594
2026-06-13 20:10:47.981237: val_loss -0.555
2026-06-13 20:10:47.982557: Pseudo dice [0.5949]
2026-06-13 20:10:47.983864: Epoch time: 22.44 s
2026-06-13 20:10:47.985142: Yayy! New best EMA pseudo Dice: 0.5838
2026-06-13 20:10:49.979038: 
2026-06-13 20:10:49.980353: Epoch 198
2026-06-13 20:10:49.981603: Current learning rate: 0.0082
2026-06-13 20:11:12.323864: train_loss -0.501
2026-06-13 20:11:12.325977: val_loss -0.585
2026-06-13 20:11:12.327170: Pseudo dice [0.6292]
2026-06-13 20:11:12.328389: Epoch time: 22.35 s
2026-06-13 20:11:12.329597: Yayy! New best EMA pseudo Dice: 0.5884
2026-06-13 20:11:13.726137: 
2026-06-13 20:11:13.727642: Epoch 199
2026-06-13 20:11:13.728836: Current learning rate: 0.00819
2026-06-13 20:11:36.085052: train_loss -0.5093
2026-06-13 20:11:36.087993: val_loss -0.525
2026-06-13 20:11:36.089333: Pseudo dice [0.5829]
2026-06-13 20:11:36.090659: Epoch time: 22.36 s
2026-06-13 20:11:37.476222: 
2026-06-13 20:11:37.477587: Epoch 200
2026-06-13 20:11:37.478817: Current learning rate: 0.00818
2026-06-13 20:11:59.850458: train_loss -0.5509
2026-06-13 20:11:59.852947: val_loss -0.5354
2026-06-13 20:11:59.854278: Pseudo dice [0.5608]
2026-06-13 20:11:59.855636: Epoch time: 22.38 s
2026-06-13 20:12:00.778103: 
2026-06-13 20:12:00.779394: Epoch 201
2026-06-13 20:12:00.780649: Current learning rate: 0.00817
2026-06-13 20:12:23.197348: train_loss -0.5456
2026-06-13 20:12:23.203568: val_loss -0.5389
2026-06-13 20:12:23.204920: Pseudo dice [0.5746]
2026-06-13 20:12:23.206216: Epoch time: 22.42 s
2026-06-13 20:12:24.126664: 
2026-06-13 20:12:24.128073: Epoch 202
2026-06-13 20:12:24.129284: Current learning rate: 0.00816
2026-06-13 20:12:46.580810: train_loss -0.5286
2026-06-13 20:12:46.583471: val_loss -0.5324
2026-06-13 20:12:46.585080: Pseudo dice [0.564]
2026-06-13 20:12:46.586420: Epoch time: 22.46 s
2026-06-13 20:12:47.504426: 
2026-06-13 20:12:47.506110: Epoch 203
2026-06-13 20:12:47.507360: Current learning rate: 0.00815
2026-06-13 20:13:09.952307: train_loss -0.5452
2026-06-13 20:13:09.954583: val_loss -0.5827
2026-06-13 20:13:09.955819: Pseudo dice [0.5973]
2026-06-13 20:13:09.957106: Epoch time: 22.45 s
2026-06-13 20:13:10.875519: 
2026-06-13 20:13:10.876982: Epoch 204
2026-06-13 20:13:10.878187: Current learning rate: 0.00814
2026-06-13 20:13:33.398558: train_loss -0.5407
2026-06-13 20:13:33.400777: val_loss -0.5857
2026-06-13 20:13:33.401948: Pseudo dice [0.6305]
2026-06-13 20:13:33.403244: Epoch time: 22.52 s
2026-06-13 20:13:34.319422: 
2026-06-13 20:13:34.320776: Epoch 205
2026-06-13 20:13:34.322024: Current learning rate: 0.00813
2026-06-13 20:13:56.724401: train_loss -0.4977
2026-06-13 20:13:56.727713: val_loss -0.5146
2026-06-13 20:13:56.729220: Pseudo dice [0.5555]
2026-06-13 20:13:56.730506: Epoch time: 22.41 s
2026-06-13 20:13:57.629212: 
2026-06-13 20:13:57.630546: Epoch 206
2026-06-13 20:13:57.631766: Current learning rate: 0.00813
2026-06-13 20:14:20.034688: train_loss -0.5204
2026-06-13 20:14:20.037293: val_loss -0.5492
2026-06-13 20:14:20.038470: Pseudo dice [0.569]
2026-06-13 20:14:20.039737: Epoch time: 22.41 s
2026-06-13 20:14:20.933922: 
2026-06-13 20:14:20.935213: Epoch 207
2026-06-13 20:14:20.936450: Current learning rate: 0.00812
2026-06-13 20:14:43.425015: train_loss -0.5696
2026-06-13 20:14:43.427571: val_loss -0.5253
2026-06-13 20:14:43.428792: Pseudo dice [0.5655]
2026-06-13 20:14:43.430250: Epoch time: 22.49 s
2026-06-13 20:14:44.326245: 
2026-06-13 20:14:44.327601: Epoch 208
2026-06-13 20:14:44.328853: Current learning rate: 0.00811
2026-06-13 20:15:06.772508: train_loss -0.5454
2026-06-13 20:15:06.776071: val_loss -0.5748
2026-06-13 20:15:06.777702: Pseudo dice [0.5772]
2026-06-13 20:15:06.778996: Epoch time: 22.45 s
2026-06-13 20:15:07.677664: 
2026-06-13 20:15:07.679001: Epoch 209
2026-06-13 20:15:07.680254: Current learning rate: 0.0081
2026-06-13 20:15:30.095525: train_loss -0.5588
2026-06-13 20:15:30.098170: val_loss -0.4797
2026-06-13 20:15:30.099540: Pseudo dice [0.4785]
2026-06-13 20:15:30.100901: Epoch time: 22.42 s
2026-06-13 20:15:30.996646: 
2026-06-13 20:15:30.998019: Epoch 210
2026-06-13 20:15:30.999548: Current learning rate: 0.00809
2026-06-13 20:15:53.527060: train_loss -0.5428
2026-06-13 20:15:53.529417: val_loss -0.5909
2026-06-13 20:15:53.530755: Pseudo dice [0.6278]
2026-06-13 20:15:53.532150: Epoch time: 22.53 s
2026-06-13 20:15:54.429353: 
2026-06-13 20:15:54.430732: Epoch 211
2026-06-13 20:15:54.431941: Current learning rate: 0.00808
2026-06-13 20:16:16.848067: train_loss -0.5464
2026-06-13 20:16:16.850854: val_loss -0.5431
2026-06-13 20:16:16.852162: Pseudo dice [0.5609]
2026-06-13 20:16:16.853363: Epoch time: 22.42 s
2026-06-13 20:16:17.754292: 
2026-06-13 20:16:17.755664: Epoch 212
2026-06-13 20:16:17.756843: Current learning rate: 0.00807
2026-06-13 20:16:40.161608: train_loss -0.5294
2026-06-13 20:16:40.165054: val_loss -0.5728
2026-06-13 20:16:40.166426: Pseudo dice [0.5986]
2026-06-13 20:16:40.167723: Epoch time: 22.41 s
2026-06-13 20:16:41.083270: 
2026-06-13 20:16:41.084732: Epoch 213
2026-06-13 20:16:41.086090: Current learning rate: 0.00806
2026-06-13 20:17:03.501032: train_loss -0.5015
2026-06-13 20:17:03.503980: val_loss -0.5501
2026-06-13 20:17:03.505185: Pseudo dice [0.5917]
2026-06-13 20:17:03.506371: Epoch time: 22.42 s
2026-06-13 20:17:04.980399: 
2026-06-13 20:17:04.981846: Epoch 214
2026-06-13 20:17:04.983149: Current learning rate: 0.00805
2026-06-13 20:17:27.438025: train_loss -0.5535
2026-06-13 20:17:27.440627: val_loss -0.5544
2026-06-13 20:17:27.442031: Pseudo dice [0.5835]
2026-06-13 20:17:27.443285: Epoch time: 22.46 s
2026-06-13 20:17:28.344286: 
2026-06-13 20:17:28.345713: Epoch 215
2026-06-13 20:17:28.346939: Current learning rate: 0.00804
2026-06-13 20:17:50.797602: train_loss -0.5631
2026-06-13 20:17:50.800143: val_loss -0.5591
2026-06-13 20:17:50.801341: Pseudo dice [0.6073]
2026-06-13 20:17:50.802469: Epoch time: 22.45 s
2026-06-13 20:17:51.697956: 
2026-06-13 20:17:51.699484: Epoch 216
2026-06-13 20:17:51.700711: Current learning rate: 0.00803
2026-06-13 20:18:14.200148: train_loss -0.5501
2026-06-13 20:18:14.202216: val_loss -0.5324
2026-06-13 20:18:14.203478: Pseudo dice [0.5538]
2026-06-13 20:18:14.204668: Epoch time: 22.5 s
2026-06-13 20:18:15.115098: 
2026-06-13 20:18:15.116482: Epoch 217
2026-06-13 20:18:15.117703: Current learning rate: 0.00802
2026-06-13 20:18:37.565705: train_loss -0.525
2026-06-13 20:18:37.568377: val_loss -0.5554
2026-06-13 20:18:37.569647: Pseudo dice [0.5581]
2026-06-13 20:18:37.570914: Epoch time: 22.45 s
2026-06-13 20:18:38.459426: 
2026-06-13 20:18:38.460877: Epoch 218
2026-06-13 20:18:38.462105: Current learning rate: 0.00801
2026-06-13 20:19:00.991749: train_loss -0.5528
2026-06-13 20:19:00.993983: val_loss -0.5494
2026-06-13 20:19:00.995306: Pseudo dice [0.5673]
2026-06-13 20:19:00.996525: Epoch time: 22.53 s
2026-06-13 20:19:01.903121: 
2026-06-13 20:19:01.904446: Epoch 219
2026-06-13 20:19:01.905626: Current learning rate: 0.00801
2026-06-13 20:19:24.392037: train_loss -0.5338
2026-06-13 20:19:24.394351: val_loss -0.5672
2026-06-13 20:19:24.395653: Pseudo dice [0.6084]
2026-06-13 20:19:24.396847: Epoch time: 22.49 s
2026-06-13 20:19:25.294848: 
2026-06-13 20:19:25.296331: Epoch 220
2026-06-13 20:19:25.297627: Current learning rate: 0.008
2026-06-13 20:19:47.700253: train_loss -0.5293
2026-06-13 20:19:47.702989: val_loss -0.5468
2026-06-13 20:19:47.704195: Pseudo dice [0.5746]
2026-06-13 20:19:47.705441: Epoch time: 22.41 s
2026-06-13 20:19:48.605394: 
2026-06-13 20:19:48.606832: Epoch 221
2026-06-13 20:19:48.608012: Current learning rate: 0.00799
2026-06-13 20:20:11.131664: train_loss -0.5438
2026-06-13 20:20:11.134051: val_loss -0.5602
2026-06-13 20:20:11.135360: Pseudo dice [0.5984]
2026-06-13 20:20:11.136677: Epoch time: 22.53 s
2026-06-13 20:20:12.041964: 
2026-06-13 20:20:12.043276: Epoch 222
2026-06-13 20:20:12.044646: Current learning rate: 0.00798
2026-06-13 20:20:34.584538: train_loss -0.5204
2026-06-13 20:20:34.587677: val_loss -0.5261
2026-06-13 20:20:34.589204: Pseudo dice [0.5614]
2026-06-13 20:20:34.590817: Epoch time: 22.54 s
2026-06-13 20:20:35.492854: 
2026-06-13 20:20:35.494166: Epoch 223
2026-06-13 20:20:35.495389: Current learning rate: 0.00797
2026-06-13 20:20:57.929601: train_loss -0.5669
2026-06-13 20:20:57.932531: val_loss -0.5408
2026-06-13 20:20:57.933824: Pseudo dice [0.5855]
2026-06-13 20:20:57.935179: Epoch time: 22.44 s
2026-06-13 20:20:58.832260: 
2026-06-13 20:20:58.833892: Epoch 224
2026-06-13 20:20:58.835402: Current learning rate: 0.00796
2026-06-13 20:21:21.299531: train_loss -0.5738
2026-06-13 20:21:21.301997: val_loss -0.5645
2026-06-13 20:21:21.303387: Pseudo dice [0.5936]
2026-06-13 20:21:21.304852: Epoch time: 22.47 s
2026-06-13 20:21:22.207082: 
2026-06-13 20:21:22.208495: Epoch 225
2026-06-13 20:21:22.209836: Current learning rate: 0.00795
2026-06-13 20:21:44.759702: train_loss -0.5487
2026-06-13 20:21:44.762304: val_loss -0.5763
2026-06-13 20:21:44.763551: Pseudo dice [0.5897]
2026-06-13 20:21:44.764822: Epoch time: 22.55 s
2026-06-13 20:21:45.665395: 
2026-06-13 20:21:45.667039: Epoch 226
2026-06-13 20:21:45.668598: Current learning rate: 0.00794
2026-06-13 20:22:08.054145: train_loss -0.5867
2026-06-13 20:22:08.056904: val_loss -0.569
2026-06-13 20:22:08.058294: Pseudo dice [0.5932]
2026-06-13 20:22:08.059641: Epoch time: 22.39 s
2026-06-13 20:22:08.954575: 
2026-06-13 20:22:08.956169: Epoch 227
2026-06-13 20:22:08.957507: Current learning rate: 0.00793
2026-06-13 20:22:31.397680: train_loss -0.5528
2026-06-13 20:22:31.401519: val_loss -0.5969
2026-06-13 20:22:31.403237: Pseudo dice [0.6044]
2026-06-13 20:22:31.405485: Epoch time: 22.44 s
2026-06-13 20:22:32.291375: 
2026-06-13 20:22:32.292637: Epoch 228
2026-06-13 20:22:32.293833: Current learning rate: 0.00792
2026-06-13 20:22:54.794600: train_loss -0.549
2026-06-13 20:22:54.797017: val_loss -0.5318
2026-06-13 20:22:54.798338: Pseudo dice [0.554]
2026-06-13 20:22:54.799704: Epoch time: 22.5 s
2026-06-13 20:22:55.705304: 
2026-06-13 20:22:55.706671: Epoch 229
2026-06-13 20:22:55.707966: Current learning rate: 0.00791
2026-06-13 20:23:18.215309: train_loss -0.5477
2026-06-13 20:23:18.218507: val_loss -0.5275
2026-06-13 20:23:18.219988: Pseudo dice [0.5716]
2026-06-13 20:23:18.221323: Epoch time: 22.51 s
2026-06-13 20:23:19.101945: 
2026-06-13 20:23:19.103303: Epoch 230
2026-06-13 20:23:19.104583: Current learning rate: 0.0079
2026-06-13 20:23:41.461182: train_loss -0.4794
2026-06-13 20:23:41.464085: val_loss -0.5025
2026-06-13 20:23:41.465377: Pseudo dice [0.5457]
2026-06-13 20:23:41.466606: Epoch time: 22.36 s
2026-06-13 20:23:42.350683: 
2026-06-13 20:23:42.352029: Epoch 231
2026-06-13 20:23:42.353274: Current learning rate: 0.00789
2026-06-13 20:24:04.884531: train_loss -0.5355
2026-06-13 20:24:04.887254: val_loss -0.5432
2026-06-13 20:24:04.888566: Pseudo dice [0.5671]
2026-06-13 20:24:04.889842: Epoch time: 22.53 s
2026-06-13 20:24:06.324632: 
2026-06-13 20:24:06.326047: Epoch 232
2026-06-13 20:24:06.327299: Current learning rate: 0.00789
2026-06-13 20:24:28.915622: train_loss -0.5609
2026-06-13 20:24:28.918344: val_loss -0.5509
2026-06-13 20:24:28.919683: Pseudo dice [0.5863]
2026-06-13 20:24:28.922271: Epoch time: 22.59 s
2026-06-13 20:24:29.804258: 
2026-06-13 20:24:29.805542: Epoch 233
2026-06-13 20:24:29.806893: Current learning rate: 0.00788
2026-06-13 20:24:52.326882: train_loss -0.5688
2026-06-13 20:24:52.329352: val_loss -0.5311
2026-06-13 20:24:52.330603: Pseudo dice [0.5674]
2026-06-13 20:24:52.331867: Epoch time: 22.52 s
2026-06-13 20:24:53.220065: 
2026-06-13 20:24:53.221453: Epoch 234
2026-06-13 20:24:53.222712: Current learning rate: 0.00787
2026-06-13 20:25:15.695377: train_loss -0.513
2026-06-13 20:25:15.697644: val_loss -0.5653
2026-06-13 20:25:15.698900: Pseudo dice [0.5674]
2026-06-13 20:25:15.700117: Epoch time: 22.48 s
2026-06-13 20:25:16.575077: 
2026-06-13 20:25:16.576451: Epoch 235
2026-06-13 20:25:16.577659: Current learning rate: 0.00786
2026-06-13 20:25:39.049672: train_loss -0.5712
2026-06-13 20:25:39.052417: val_loss -0.5141
2026-06-13 20:25:39.053719: Pseudo dice [0.5576]
2026-06-13 20:25:39.054994: Epoch time: 22.48 s
2026-06-13 20:25:39.943318: 
2026-06-13 20:25:39.944908: Epoch 236
2026-06-13 20:25:39.946340: Current learning rate: 0.00785
2026-06-13 20:26:02.541802: train_loss -0.6033
2026-06-13 20:26:02.544064: val_loss -0.5394
2026-06-13 20:26:02.545420: Pseudo dice [0.5771]
2026-06-13 20:26:02.546691: Epoch time: 22.6 s
2026-06-13 20:26:03.434654: 
2026-06-13 20:26:03.436078: Epoch 237
2026-06-13 20:26:03.437370: Current learning rate: 0.00784
2026-06-13 20:26:25.960579: train_loss -0.5495
2026-06-13 20:26:25.962796: val_loss -0.5766
2026-06-13 20:26:25.964169: Pseudo dice [0.6241]
2026-06-13 20:26:25.965469: Epoch time: 22.53 s
2026-06-13 20:26:26.852113: 
2026-06-13 20:26:26.855343: Epoch 238
2026-06-13 20:26:26.857949: Current learning rate: 0.00783
2026-06-13 20:26:49.322930: train_loss -0.6032
2026-06-13 20:26:49.326044: val_loss -0.5598
2026-06-13 20:26:49.327422: Pseudo dice [0.5873]
2026-06-13 20:26:49.328845: Epoch time: 22.47 s
2026-06-13 20:26:50.238070: 
2026-06-13 20:26:50.239644: Epoch 239
2026-06-13 20:26:50.240979: Current learning rate: 0.00782
2026-06-13 20:27:12.741981: train_loss -0.5813
2026-06-13 20:27:12.744521: val_loss -0.5789
2026-06-13 20:27:12.745837: Pseudo dice [0.5851]
2026-06-13 20:27:12.747236: Epoch time: 22.5 s
2026-06-13 20:27:13.652275: 
2026-06-13 20:27:13.653724: Epoch 240
2026-06-13 20:27:13.655141: Current learning rate: 0.00781
2026-06-13 20:27:36.111711: train_loss -0.5911
2026-06-13 20:27:36.114492: val_loss -0.5651
2026-06-13 20:27:36.115904: Pseudo dice [0.5573]
2026-06-13 20:27:36.117230: Epoch time: 22.46 s
2026-06-13 20:27:37.019144: 
2026-06-13 20:27:37.020558: Epoch 241
2026-06-13 20:27:37.022264: Current learning rate: 0.0078
2026-06-13 20:27:59.505749: train_loss -0.5602
2026-06-13 20:27:59.508524: val_loss -0.5652
2026-06-13 20:27:59.509845: Pseudo dice [0.5883]
2026-06-13 20:27:59.511143: Epoch time: 22.49 s
2026-06-13 20:28:00.411460: 
2026-06-13 20:28:00.413087: Epoch 242
2026-06-13 20:28:00.414429: Current learning rate: 0.00779
2026-06-13 20:28:22.854938: train_loss -0.5161
2026-06-13 20:28:22.857286: val_loss -0.5127
2026-06-13 20:28:22.858465: Pseudo dice [0.5623]
2026-06-13 20:28:22.859684: Epoch time: 22.44 s
2026-06-13 20:28:23.754514: 
2026-06-13 20:28:23.755897: Epoch 243
2026-06-13 20:28:23.757135: Current learning rate: 0.00778
2026-06-13 20:28:46.252265: train_loss -0.5374
2026-06-13 20:28:46.254627: val_loss -0.5339
2026-06-13 20:28:46.256175: Pseudo dice [0.5581]
2026-06-13 20:28:46.257449: Epoch time: 22.5 s
2026-06-13 20:28:47.155643: 
2026-06-13 20:28:47.157087: Epoch 244
2026-06-13 20:28:47.158506: Current learning rate: 0.00777
2026-06-13 20:29:09.579519: train_loss -0.5901
2026-06-13 20:29:09.582194: val_loss -0.6194
2026-06-13 20:29:09.583586: Pseudo dice [0.6216]
2026-06-13 20:29:09.584879: Epoch time: 22.42 s
2026-06-13 20:29:10.474278: 
2026-06-13 20:29:10.475566: Epoch 245
2026-06-13 20:29:10.476811: Current learning rate: 0.00777
2026-06-13 20:29:32.921382: train_loss -0.5779
2026-06-13 20:29:32.924657: val_loss -0.5515
2026-06-13 20:29:32.925997: Pseudo dice [0.5572]
2026-06-13 20:29:32.927224: Epoch time: 22.45 s
2026-06-13 20:29:33.830222: 
2026-06-13 20:29:33.832144: Epoch 246
2026-06-13 20:29:33.833447: Current learning rate: 0.00776
2026-06-13 20:29:56.301332: train_loss -0.6109
2026-06-13 20:29:56.303461: val_loss -0.6021
2026-06-13 20:29:56.304682: Pseudo dice [0.6112]
2026-06-13 20:29:56.306124: Epoch time: 22.47 s
2026-06-13 20:29:57.206614: 
2026-06-13 20:29:57.223583: Epoch 247
2026-06-13 20:29:57.229102: Current learning rate: 0.00775
2026-06-13 20:30:19.754735: train_loss -0.5853
2026-06-13 20:30:19.758590: val_loss -0.5576
2026-06-13 20:30:19.760301: Pseudo dice [0.5901]
2026-06-13 20:30:19.761805: Epoch time: 22.55 s
2026-06-13 20:30:20.670827: 
2026-06-13 20:30:20.672495: Epoch 248
2026-06-13 20:30:20.673982: Current learning rate: 0.00774
2026-06-13 20:30:43.051571: train_loss -0.6094
2026-06-13 20:30:43.054370: val_loss -0.5464
2026-06-13 20:30:43.055789: Pseudo dice [0.563]
2026-06-13 20:30:43.057539: Epoch time: 22.38 s
2026-06-13 20:30:43.949540: 
2026-06-13 20:30:43.950997: Epoch 249
2026-06-13 20:30:43.952314: Current learning rate: 0.00773
2026-06-13 20:31:06.535674: train_loss -0.5504
2026-06-13 20:31:06.538413: val_loss -0.5696
2026-06-13 20:31:06.539712: Pseudo dice [0.5992]
2026-06-13 20:31:06.541076: Epoch time: 22.59 s
2026-06-13 20:31:08.461828: 
2026-06-13 20:31:08.463295: Epoch 250
2026-06-13 20:31:08.464532: Current learning rate: 0.00772
2026-06-13 20:31:31.043579: train_loss -0.5984
2026-06-13 20:31:31.046243: val_loss -0.5583
2026-06-13 20:31:31.047591: Pseudo dice [0.5684]
2026-06-13 20:31:31.049000: Epoch time: 22.58 s
2026-06-13 20:31:31.936484: 
2026-06-13 20:31:31.938028: Epoch 251
2026-06-13 20:31:31.939298: Current learning rate: 0.00771
2026-06-13 20:31:54.479400: train_loss -0.5996
2026-06-13 20:31:54.481850: val_loss -0.5653
2026-06-13 20:31:54.483285: Pseudo dice [0.5905]
2026-06-13 20:31:54.485020: Epoch time: 22.54 s
2026-06-13 20:31:55.384970: 
2026-06-13 20:31:55.386429: Epoch 252
2026-06-13 20:31:55.387697: Current learning rate: 0.0077
2026-06-13 20:32:17.886331: train_loss -0.5866
2026-06-13 20:32:17.888762: val_loss -0.5381
2026-06-13 20:32:17.890632: Pseudo dice [0.5816]
2026-06-13 20:32:17.892067: Epoch time: 22.5 s
2026-06-13 20:32:18.779926: 
2026-06-13 20:32:18.784730: Epoch 253
2026-06-13 20:32:18.786503: Current learning rate: 0.00769
2026-06-13 20:32:41.261693: train_loss -0.5431
2026-06-13 20:32:41.264456: val_loss -0.5181
2026-06-13 20:32:41.265743: Pseudo dice [0.5711]
2026-06-13 20:32:41.267020: Epoch time: 22.48 s
2026-06-13 20:32:42.218117: 
2026-06-13 20:32:42.219610: Epoch 254
2026-06-13 20:32:42.221042: Current learning rate: 0.00768
2026-06-13 20:33:04.658178: train_loss -0.5806
2026-06-13 20:33:04.660390: val_loss -0.5889
2026-06-13 20:33:04.661644: Pseudo dice [0.5816]
2026-06-13 20:33:04.662832: Epoch time: 22.44 s
2026-06-13 20:33:05.565583: 
2026-06-13 20:33:05.566982: Epoch 255
2026-06-13 20:33:05.568292: Current learning rate: 0.00767
2026-06-13 20:33:28.051390: train_loss -0.5613
2026-06-13 20:33:28.053638: val_loss -0.5262
2026-06-13 20:33:28.055021: Pseudo dice [0.5664]
2026-06-13 20:33:28.056435: Epoch time: 22.49 s
2026-06-13 20:33:28.948483: 
2026-06-13 20:33:28.949853: Epoch 256
2026-06-13 20:33:28.951375: Current learning rate: 0.00766
2026-06-13 20:33:51.498060: train_loss -0.5465
2026-06-13 20:33:51.512709: val_loss -0.5758
2026-06-13 20:33:51.518149: Pseudo dice [0.6035]
2026-06-13 20:33:51.521040: Epoch time: 22.55 s
2026-06-13 20:33:52.437576: 
2026-06-13 20:33:52.441364: Epoch 257
2026-06-13 20:33:52.451768: Current learning rate: 0.00765
2026-06-13 20:34:14.928185: train_loss -0.5534
2026-06-13 20:34:14.930710: val_loss -0.5239
2026-06-13 20:34:14.932179: Pseudo dice [0.5207]
2026-06-13 20:34:14.933682: Epoch time: 22.49 s
2026-06-13 20:34:15.861306: 
2026-06-13 20:34:15.862939: Epoch 258
2026-06-13 20:34:15.864297: Current learning rate: 0.00764
2026-06-13 20:34:38.404712: train_loss -0.5718
2026-06-13 20:34:38.407353: val_loss -0.6073
2026-06-13 20:34:38.408882: Pseudo dice [0.6277]
2026-06-13 20:34:38.410203: Epoch time: 22.54 s
2026-06-13 20:34:39.304006: 
2026-06-13 20:34:39.305612: Epoch 259
2026-06-13 20:34:39.306865: Current learning rate: 0.00764
2026-06-13 20:35:01.684369: train_loss -0.5607
2026-06-13 20:35:01.687242: val_loss -0.5521
2026-06-13 20:35:01.688524: Pseudo dice [0.5723]
2026-06-13 20:35:01.689871: Epoch time: 22.38 s
2026-06-13 20:35:02.591666: 
2026-06-13 20:35:02.593102: Epoch 260
2026-06-13 20:35:02.594329: Current learning rate: 0.00763
2026-06-13 20:35:25.062851: train_loss -0.5567
2026-06-13 20:35:25.065189: val_loss -0.5186
2026-06-13 20:35:25.066391: Pseudo dice [0.5462]
2026-06-13 20:35:25.067639: Epoch time: 22.47 s
2026-06-13 20:35:25.961408: 
2026-06-13 20:35:25.962720: Epoch 261
2026-06-13 20:35:25.964044: Current learning rate: 0.00762
2026-06-13 20:35:48.389239: train_loss -0.5432
2026-06-13 20:35:48.401376: val_loss -0.5654
2026-06-13 20:35:48.408012: Pseudo dice [0.5709]
2026-06-13 20:35:48.409334: Epoch time: 22.43 s
2026-06-13 20:35:49.304356: 
2026-06-13 20:35:49.305814: Epoch 262
2026-06-13 20:35:49.307027: Current learning rate: 0.00761
2026-06-13 20:36:11.822542: train_loss -0.5735
2026-06-13 20:36:11.825482: val_loss -0.5791
2026-06-13 20:36:11.826780: Pseudo dice [0.6039]
2026-06-13 20:36:11.828137: Epoch time: 22.52 s
2026-06-13 20:36:12.731244: 
2026-06-13 20:36:12.732992: Epoch 263
2026-06-13 20:36:12.734327: Current learning rate: 0.0076
2026-06-13 20:36:35.313939: train_loss -0.5532
2026-06-13 20:36:35.316435: val_loss -0.5906
2026-06-13 20:36:35.317724: Pseudo dice [0.6086]
2026-06-13 20:36:35.318931: Epoch time: 22.58 s
2026-06-13 20:36:36.218156: 
2026-06-13 20:36:36.219692: Epoch 264
2026-06-13 20:36:36.220970: Current learning rate: 0.00759
2026-06-13 20:36:58.680856: train_loss -0.5444
2026-06-13 20:36:58.683118: val_loss -0.5237
2026-06-13 20:36:58.684339: Pseudo dice [0.5525]
2026-06-13 20:36:58.685735: Epoch time: 22.46 s
2026-06-13 20:36:59.588628: 
2026-06-13 20:36:59.590043: Epoch 265
2026-06-13 20:36:59.591464: Current learning rate: 0.00758
2026-06-13 20:37:22.071513: train_loss -0.5848
2026-06-13 20:37:22.074670: val_loss -0.559
2026-06-13 20:37:22.076023: Pseudo dice [0.5879]
2026-06-13 20:37:22.077353: Epoch time: 22.48 s
2026-06-13 20:37:22.969666: 
2026-06-13 20:37:22.971086: Epoch 266
2026-06-13 20:37:22.972332: Current learning rate: 0.00757
2026-06-13 20:37:45.437680: train_loss -0.5218
2026-06-13 20:37:45.439939: val_loss -0.532
2026-06-13 20:37:45.441150: Pseudo dice [0.5524]
2026-06-13 20:37:45.442444: Epoch time: 22.47 s
2026-06-13 20:37:46.860963: 
2026-06-13 20:37:46.862320: Epoch 267
2026-06-13 20:37:46.863528: Current learning rate: 0.00756
2026-06-13 20:38:09.329576: train_loss -0.5591
2026-06-13 20:38:09.332091: val_loss -0.5685
2026-06-13 20:38:09.333313: Pseudo dice [0.5744]
2026-06-13 20:38:09.334538: Epoch time: 22.47 s
2026-06-13 20:38:10.236109: 
2026-06-13 20:38:10.237403: Epoch 268
2026-06-13 20:38:10.238644: Current learning rate: 0.00755
2026-06-13 20:38:32.823166: train_loss -0.4712
2026-06-13 20:38:32.825726: val_loss -0.4906
2026-06-13 20:38:32.826953: Pseudo dice [0.5622]
2026-06-13 20:38:32.828182: Epoch time: 22.59 s
2026-06-13 20:38:33.719008: 
2026-06-13 20:38:33.720369: Epoch 269
2026-06-13 20:38:33.721586: Current learning rate: 0.00754
2026-06-13 20:38:56.173996: train_loss -0.5628
2026-06-13 20:38:56.176464: val_loss -0.5751
2026-06-13 20:38:56.177783: Pseudo dice [0.5953]
2026-06-13 20:38:56.179065: Epoch time: 22.46 s
2026-06-13 20:38:57.080725: 
2026-06-13 20:38:57.082388: Epoch 270
2026-06-13 20:38:57.083694: Current learning rate: 0.00753
2026-06-13 20:39:19.608037: train_loss -0.5716
2026-06-13 20:39:19.616459: val_loss -0.5941
2026-06-13 20:39:19.617782: Pseudo dice [0.6062]
2026-06-13 20:39:19.623453: Epoch time: 22.53 s
2026-06-13 20:39:20.529879: 
2026-06-13 20:39:20.531321: Epoch 271
2026-06-13 20:39:20.532550: Current learning rate: 0.00752
2026-06-13 20:39:43.111046: train_loss -0.5706
2026-06-13 20:39:43.113731: val_loss -0.5783
2026-06-13 20:39:43.114943: Pseudo dice [0.608]
2026-06-13 20:39:43.116719: Epoch time: 22.58 s
2026-06-13 20:39:44.018882: 
2026-06-13 20:39:44.020818: Epoch 272
2026-06-13 20:39:44.022186: Current learning rate: 0.00751
2026-06-13 20:40:06.508626: train_loss -0.52
2026-06-13 20:40:06.510994: val_loss -0.5249
2026-06-13 20:40:06.512332: Pseudo dice [0.574]
2026-06-13 20:40:06.513739: Epoch time: 22.49 s
2026-06-13 20:40:07.403063: 
2026-06-13 20:40:07.404608: Epoch 273
2026-06-13 20:40:07.405893: Current learning rate: 0.00751
2026-06-13 20:40:29.844473: train_loss -0.5559
2026-06-13 20:40:29.846853: val_loss -0.5522
2026-06-13 20:40:29.848212: Pseudo dice [0.578]
2026-06-13 20:40:29.849543: Epoch time: 22.44 s
2026-06-13 20:40:30.744613: 
2026-06-13 20:40:30.745982: Epoch 274
2026-06-13 20:40:30.747167: Current learning rate: 0.0075
2026-06-13 20:40:53.268740: train_loss -0.5626
2026-06-13 20:40:53.271466: val_loss -0.5566
2026-06-13 20:40:53.272711: Pseudo dice [0.4356]
2026-06-13 20:40:53.273929: Epoch time: 22.53 s
2026-06-13 20:40:54.171625: 
2026-06-13 20:40:54.173042: Epoch 275
2026-06-13 20:40:54.174227: Current learning rate: 0.00749
2026-06-13 20:41:16.623342: train_loss -0.5639
2026-06-13 20:41:16.625899: val_loss -0.6144
2026-06-13 20:41:16.627257: Pseudo dice [0.64]
2026-06-13 20:41:16.628585: Epoch time: 22.45 s
2026-06-13 20:41:17.535359: 
2026-06-13 20:41:17.536772: Epoch 276
2026-06-13 20:41:17.538044: Current learning rate: 0.00748
2026-06-13 20:41:39.999075: train_loss -0.6188
2026-06-13 20:41:40.001522: val_loss -0.5578
2026-06-13 20:41:40.002856: Pseudo dice [0.3133]
2026-06-13 20:41:40.004239: Epoch time: 22.46 s
2026-06-13 20:41:40.905457: 
2026-06-13 20:41:40.906885: Epoch 277
2026-06-13 20:41:40.908150: Current learning rate: 0.00747
2026-06-13 20:42:03.415421: train_loss -0.5635
2026-06-13 20:42:03.418281: val_loss -0.5588
2026-06-13 20:42:03.419810: Pseudo dice [0.5779]
2026-06-13 20:42:03.421428: Epoch time: 22.51 s
2026-06-13 20:42:04.339017: 
2026-06-13 20:42:04.340526: Epoch 278
2026-06-13 20:42:04.341816: Current learning rate: 0.00746
2026-06-13 20:42:26.938369: train_loss -0.6175
2026-06-13 20:42:26.940812: val_loss -0.5635
2026-06-13 20:42:26.945055: Pseudo dice [0.5971]
2026-06-13 20:42:26.947906: Epoch time: 22.6 s
2026-06-13 20:42:27.867532: 
2026-06-13 20:42:27.868881: Epoch 279
2026-06-13 20:42:27.870209: Current learning rate: 0.00745
2026-06-13 20:42:50.332716: train_loss -0.5939
2026-06-13 20:42:50.335063: val_loss -0.5394
2026-06-13 20:42:50.336451: Pseudo dice [0.5876]
2026-06-13 20:42:50.337670: Epoch time: 22.47 s
2026-06-13 20:42:51.249520: 
2026-06-13 20:42:51.250811: Epoch 280
2026-06-13 20:42:51.252040: Current learning rate: 0.00744
2026-06-13 20:43:13.762969: train_loss -0.5747
2026-06-13 20:43:13.766056: val_loss -0.5572
2026-06-13 20:43:13.767441: Pseudo dice [0.4387]
2026-06-13 20:43:13.768711: Epoch time: 22.51 s
2026-06-13 20:43:14.672916: 
2026-06-13 20:43:14.674251: Epoch 281
2026-06-13 20:43:14.675427: Current learning rate: 0.00743
2026-06-13 20:43:37.185155: train_loss -0.5679
2026-06-13 20:43:37.187638: val_loss -0.5341
2026-06-13 20:43:37.188933: Pseudo dice [0.5576]
2026-06-13 20:43:37.190236: Epoch time: 22.51 s
2026-06-13 20:43:38.087982: 
2026-06-13 20:43:38.089330: Epoch 282
2026-06-13 20:43:38.090732: Current learning rate: 0.00742
2026-06-13 20:44:00.694901: train_loss -0.5626
2026-06-13 20:44:00.697361: val_loss -0.5468
2026-06-13 20:44:00.698662: Pseudo dice [0.5809]
2026-06-13 20:44:00.700661: Epoch time: 22.61 s
2026-06-13 20:44:01.603925: 
2026-06-13 20:44:01.605395: Epoch 283
2026-06-13 20:44:01.607525: Current learning rate: 0.00741
2026-06-13 20:44:24.088166: train_loss -0.5429
2026-06-13 20:44:24.090968: val_loss -0.5206
2026-06-13 20:44:24.092265: Pseudo dice [0.5588]
2026-06-13 20:44:24.093597: Epoch time: 22.49 s
2026-06-13 20:44:25.515969: 
2026-06-13 20:44:25.517475: Epoch 284
2026-06-13 20:44:25.518709: Current learning rate: 0.0074
2026-06-13 20:44:47.922176: train_loss -0.6029
2026-06-13 20:44:47.925631: val_loss -0.549
2026-06-13 20:44:47.926967: Pseudo dice [0.5561]
2026-06-13 20:44:47.928372: Epoch time: 22.41 s
2026-06-13 20:44:48.832580: 
2026-06-13 20:44:48.833987: Epoch 285
2026-06-13 20:44:48.835216: Current learning rate: 0.00739
2026-06-13 20:45:11.366796: train_loss -0.5328
2026-06-13 20:45:11.369251: val_loss -0.5633
2026-06-13 20:45:11.370649: Pseudo dice [0.5886]
2026-06-13 20:45:11.371986: Epoch time: 22.54 s
2026-06-13 20:45:12.280456: 
2026-06-13 20:45:12.282122: Epoch 286
2026-06-13 20:45:12.283376: Current learning rate: 0.00738
2026-06-13 20:45:34.780711: train_loss -0.593
2026-06-13 20:45:34.783817: val_loss -0.5365
2026-06-13 20:45:34.785076: Pseudo dice [0.5772]
2026-06-13 20:45:34.786447: Epoch time: 22.5 s
2026-06-13 20:45:35.695902: 
2026-06-13 20:45:35.697323: Epoch 287
2026-06-13 20:45:35.698640: Current learning rate: 0.00738
2026-06-13 20:45:58.151489: train_loss -0.5551
2026-06-13 20:45:58.154020: val_loss -0.5663
2026-06-13 20:45:58.155470: Pseudo dice [0.6056]
2026-06-13 20:45:58.156939: Epoch time: 22.46 s
2026-06-13 20:45:59.069109: 
2026-06-13 20:45:59.076933: Epoch 288
2026-06-13 20:45:59.078650: Current learning rate: 0.00737
2026-06-13 20:46:21.454163: train_loss -0.6254
2026-06-13 20:46:21.456616: val_loss -0.5725
2026-06-13 20:46:21.457939: Pseudo dice [0.5951]
2026-06-13 20:46:21.459305: Epoch time: 22.39 s
2026-06-13 20:46:22.361245: 
2026-06-13 20:46:22.362700: Epoch 289
2026-06-13 20:46:22.364078: Current learning rate: 0.00736
2026-06-13 20:46:44.797374: train_loss -0.5832
2026-06-13 20:46:44.803890: val_loss -0.5888
2026-06-13 20:46:44.806099: Pseudo dice [0.511]
2026-06-13 20:46:44.821581: Epoch time: 22.44 s
2026-06-13 20:46:45.739629: 
2026-06-13 20:46:45.741423: Epoch 290
2026-06-13 20:46:45.742592: Current learning rate: 0.00735
2026-06-13 20:47:08.210313: train_loss -0.5872
2026-06-13 20:47:08.212942: val_loss -0.5623
2026-06-13 20:47:08.214205: Pseudo dice [0.5912]
2026-06-13 20:47:08.215476: Epoch time: 22.47 s
2026-06-13 20:47:09.116395: 
2026-06-13 20:47:09.117753: Epoch 291
2026-06-13 20:47:09.119011: Current learning rate: 0.00734
2026-06-13 20:47:31.624681: train_loss -0.5838
2026-06-13 20:47:31.626946: val_loss -0.5357
2026-06-13 20:47:31.628227: Pseudo dice [0.574]
2026-06-13 20:47:31.629437: Epoch time: 22.51 s
2026-06-13 20:47:32.540671: 
2026-06-13 20:47:32.546565: Epoch 292
2026-06-13 20:47:32.547943: Current learning rate: 0.00733
2026-06-13 20:47:55.027419: train_loss -0.5795
2026-06-13 20:47:55.030699: val_loss -0.5606
2026-06-13 20:47:55.032066: Pseudo dice [0.6045]
2026-06-13 20:47:55.033220: Epoch time: 22.49 s
2026-06-13 20:47:55.937620: 
2026-06-13 20:47:55.939011: Epoch 293
2026-06-13 20:47:55.940201: Current learning rate: 0.00732
2026-06-13 20:48:18.393007: train_loss -0.5818
2026-06-13 20:48:18.395205: val_loss -0.6079
2026-06-13 20:48:18.397165: Pseudo dice [0.6215]
2026-06-13 20:48:18.398391: Epoch time: 22.46 s
2026-06-13 20:48:19.306518: 
2026-06-13 20:48:19.307907: Epoch 294
2026-06-13 20:48:19.309208: Current learning rate: 0.00731
2026-06-13 20:48:41.817377: train_loss -0.5942
2026-06-13 20:48:41.819639: val_loss -0.5594
2026-06-13 20:48:41.820821: Pseudo dice [0.5846]
2026-06-13 20:48:41.822010: Epoch time: 22.51 s
2026-06-13 20:48:42.724833: 
2026-06-13 20:48:42.726211: Epoch 295
2026-06-13 20:48:42.727516: Current learning rate: 0.0073
2026-06-13 20:49:05.347286: train_loss -0.5396
2026-06-13 20:49:05.350369: val_loss -0.5626
2026-06-13 20:49:05.351695: Pseudo dice [0.5965]
2026-06-13 20:49:05.352975: Epoch time: 22.62 s
2026-06-13 20:49:06.263337: 
2026-06-13 20:49:06.266452: Epoch 296
2026-06-13 20:49:06.267982: Current learning rate: 0.00729
2026-06-13 20:49:28.700639: train_loss -0.5803
2026-06-13 20:49:28.703652: val_loss -0.5403
2026-06-13 20:49:28.705304: Pseudo dice [0.5729]
2026-06-13 20:49:28.706735: Epoch time: 22.44 s
2026-06-13 20:49:29.627996: 
2026-06-13 20:49:29.629318: Epoch 297
2026-06-13 20:49:29.630568: Current learning rate: 0.00728
2026-06-13 20:49:52.154139: train_loss -0.5768
2026-06-13 20:49:52.156337: val_loss -0.5525
2026-06-13 20:49:52.157540: Pseudo dice [0.5819]
2026-06-13 20:49:52.158736: Epoch time: 22.53 s
2026-06-13 20:49:53.075191: 
2026-06-13 20:49:53.076459: Epoch 298
2026-06-13 20:49:53.077655: Current learning rate: 0.00727
2026-06-13 20:50:15.501211: train_loss -0.5718
2026-06-13 20:50:15.504008: val_loss -0.564
2026-06-13 20:50:15.505399: Pseudo dice [0.5796]
2026-06-13 20:50:15.506721: Epoch time: 22.43 s
2026-06-13 20:50:16.419278: 
2026-06-13 20:50:16.420701: Epoch 299
2026-06-13 20:50:16.421961: Current learning rate: 0.00726
2026-06-13 20:50:38.894290: train_loss -0.6122
2026-06-13 20:50:38.897835: val_loss -0.5392
2026-06-13 20:50:38.899018: Pseudo dice [0.539]
2026-06-13 20:50:38.900238: Epoch time: 22.48 s
2026-06-13 20:50:40.294716: 
2026-06-13 20:50:40.296000: Epoch 300
2026-06-13 20:50:40.297293: Current learning rate: 0.00725
2026-06-13 20:51:02.790384: train_loss -0.519
2026-06-13 20:51:02.792847: val_loss -0.5899
2026-06-13 20:51:02.794060: Pseudo dice [0.6006]
2026-06-13 20:51:02.795300: Epoch time: 22.5 s
2026-06-13 20:51:04.222849: 
2026-06-13 20:51:04.224151: Epoch 301
2026-06-13 20:51:04.225371: Current learning rate: 0.00724
2026-06-13 20:51:26.707591: train_loss -0.5717
2026-06-13 20:51:26.710566: val_loss -0.5621
2026-06-13 20:51:26.712409: Pseudo dice [0.5848]
2026-06-13 20:51:26.714027: Epoch time: 22.49 s
2026-06-13 20:51:27.622001: 
2026-06-13 20:51:27.623395: Epoch 302
2026-06-13 20:51:27.624629: Current learning rate: 0.00724
2026-06-13 20:51:50.077897: train_loss -0.5619
2026-06-13 20:51:50.080355: val_loss -0.5421
2026-06-13 20:51:50.081649: Pseudo dice [0.568]
2026-06-13 20:51:50.082866: Epoch time: 22.46 s
2026-06-13 20:51:50.979331: 
2026-06-13 20:51:50.980718: Epoch 303
2026-06-13 20:51:50.982074: Current learning rate: 0.00723
2026-06-13 20:52:13.448534: train_loss -0.5808
2026-06-13 20:52:13.451096: val_loss -0.5533
2026-06-13 20:52:13.452309: Pseudo dice [0.5647]
2026-06-13 20:52:13.453525: Epoch time: 22.47 s
2026-06-13 20:52:14.356060: 
2026-06-13 20:52:14.357569: Epoch 304
2026-06-13 20:52:14.358775: Current learning rate: 0.00722
2026-06-13 20:52:36.830675: train_loss -0.611
2026-06-13 20:52:36.833750: val_loss -0.5652
2026-06-13 20:52:36.835086: Pseudo dice [0.6011]
2026-06-13 20:52:36.836333: Epoch time: 22.48 s
2026-06-13 20:52:37.739359: 
2026-06-13 20:52:37.741591: Epoch 305
2026-06-13 20:52:37.743615: Current learning rate: 0.00721
2026-06-13 20:53:00.224139: train_loss -0.6231
2026-06-13 20:53:00.226542: val_loss -0.5949
2026-06-13 20:53:00.227917: Pseudo dice [0.5882]
2026-06-13 20:53:00.229217: Epoch time: 22.49 s
2026-06-13 20:53:01.134769: 
2026-06-13 20:53:01.136249: Epoch 306
2026-06-13 20:53:01.137442: Current learning rate: 0.0072
2026-06-13 20:53:23.614738: train_loss -0.5902
2026-06-13 20:53:23.617043: val_loss -0.5988
2026-06-13 20:53:23.618269: Pseudo dice [0.4995]
2026-06-13 20:53:23.619488: Epoch time: 22.48 s
2026-06-13 20:53:24.531327: 
2026-06-13 20:53:24.532998: Epoch 307
2026-06-13 20:53:24.534267: Current learning rate: 0.00719
2026-06-13 20:53:47.198376: train_loss -0.5827
2026-06-13 20:53:47.201092: val_loss -0.5267
2026-06-13 20:53:47.202334: Pseudo dice [0.5746]
2026-06-13 20:53:47.203557: Epoch time: 22.67 s
2026-06-13 20:53:48.121682: 
2026-06-13 20:53:48.123043: Epoch 308
2026-06-13 20:53:48.124279: Current learning rate: 0.00718
2026-06-13 20:54:10.673954: train_loss -0.6099
2026-06-13 20:54:10.676231: val_loss -0.5729
2026-06-13 20:54:10.677372: Pseudo dice [0.5806]
2026-06-13 20:54:10.678625: Epoch time: 22.55 s
2026-06-13 20:54:11.605899: 
2026-06-13 20:54:11.607320: Epoch 309
2026-06-13 20:54:11.608519: Current learning rate: 0.00717
2026-06-13 20:54:34.332340: train_loss -0.6373
2026-06-13 20:54:34.334960: val_loss -0.539
2026-06-13 20:54:34.336307: Pseudo dice [0.5635]
2026-06-13 20:54:34.337538: Epoch time: 22.73 s
2026-06-13 20:54:35.255311: 
2026-06-13 20:54:35.256911: Epoch 310
2026-06-13 20:54:35.258214: Current learning rate: 0.00716
2026-06-13 20:54:57.821359: train_loss -0.5632
2026-06-13 20:54:57.823997: val_loss -0.5961
2026-06-13 20:54:57.825298: Pseudo dice [0.6135]
2026-06-13 20:54:57.826546: Epoch time: 22.57 s
2026-06-13 20:54:58.746949: 
2026-06-13 20:54:58.748636: Epoch 311
2026-06-13 20:54:58.749902: Current learning rate: 0.00715
2026-06-13 20:55:21.312003: train_loss -0.5893
2026-06-13 20:55:21.314340: val_loss -0.473
2026-06-13 20:55:21.315681: Pseudo dice [0.3943]
2026-06-13 20:55:21.316895: Epoch time: 22.57 s
2026-06-13 20:55:22.226107: 
2026-06-13 20:55:22.227461: Epoch 312
2026-06-13 20:55:22.228738: Current learning rate: 0.00714
2026-06-13 20:55:44.659671: train_loss -0.5326
2026-06-13 20:55:44.661952: val_loss -0.5012
2026-06-13 20:55:44.663151: Pseudo dice [0.5145]
2026-06-13 20:55:44.664446: Epoch time: 22.43 s
2026-06-13 20:55:45.578025: 
2026-06-13 20:55:45.579553: Epoch 313
2026-06-13 20:55:45.581035: Current learning rate: 0.00713
2026-06-13 20:56:08.191632: train_loss -0.6036
2026-06-13 20:56:08.194434: val_loss -0.5752
2026-06-13 20:56:08.195701: Pseudo dice [0.5954]
2026-06-13 20:56:08.196916: Epoch time: 22.61 s
2026-06-13 20:56:09.121891: 
2026-06-13 20:56:09.126636: Epoch 314
2026-06-13 20:56:09.127975: Current learning rate: 0.00712
2026-06-13 20:56:31.598810: train_loss -0.5797
2026-06-13 20:56:31.601388: val_loss -0.5133
2026-06-13 20:56:31.602735: Pseudo dice [0.5402]
2026-06-13 20:56:31.604087: Epoch time: 22.48 s
2026-06-13 20:56:32.520092: 
2026-06-13 20:56:32.521625: Epoch 315
2026-06-13 20:56:32.522874: Current learning rate: 0.00711
2026-06-13 20:56:55.051283: train_loss -0.5545
2026-06-13 20:56:55.053573: val_loss -0.5782
2026-06-13 20:56:55.054756: Pseudo dice [0.6178]
2026-06-13 20:56:55.056005: Epoch time: 22.53 s
2026-06-13 20:56:55.972850: 
2026-06-13 20:56:55.974251: Epoch 316
2026-06-13 20:56:55.975474: Current learning rate: 0.0071
2026-06-13 20:57:18.403395: train_loss -0.5717
2026-06-13 20:57:18.406109: val_loss -0.5574
2026-06-13 20:57:18.407487: Pseudo dice [0.5958]
2026-06-13 20:57:18.408687: Epoch time: 22.43 s
2026-06-13 20:57:19.323367: 
2026-06-13 20:57:19.324783: Epoch 317
2026-06-13 20:57:19.326064: Current learning rate: 0.0071
2026-06-13 20:57:41.771325: train_loss -0.571
2026-06-13 20:57:41.773749: val_loss -0.5908
2026-06-13 20:57:41.775288: Pseudo dice [0.6151]
2026-06-13 20:57:41.776500: Epoch time: 22.45 s
2026-06-13 20:57:43.234554: 
2026-06-13 20:57:43.235905: Epoch 318
2026-06-13 20:57:43.237184: Current learning rate: 0.00709
2026-06-13 20:58:05.673871: train_loss -0.6028
2026-06-13 20:58:05.676107: val_loss -0.5763
2026-06-13 20:58:05.677500: Pseudo dice [0.6017]
2026-06-13 20:58:05.678844: Epoch time: 22.44 s
2026-06-13 20:58:06.582574: 
2026-06-13 20:58:06.583897: Epoch 319
2026-06-13 20:58:06.585124: Current learning rate: 0.00708
2026-06-13 20:58:28.982581: train_loss -0.5376
2026-06-13 20:58:28.985456: val_loss -0.5192
2026-06-13 20:58:28.986777: Pseudo dice [0.4492]
2026-06-13 20:58:28.988075: Epoch time: 22.4 s
2026-06-13 20:58:29.901563: 
2026-06-13 20:58:29.903079: Epoch 320
2026-06-13 20:58:29.904542: Current learning rate: 0.00707
2026-06-13 20:58:52.300233: train_loss -0.5837
2026-06-13 20:58:52.302564: val_loss -0.5515
2026-06-13 20:58:52.303877: Pseudo dice [0.5884]
2026-06-13 20:58:52.306588: Epoch time: 22.4 s
2026-06-13 20:58:53.226489: 
2026-06-13 20:58:53.227983: Epoch 321
2026-06-13 20:58:53.229255: Current learning rate: 0.00706
2026-06-13 20:59:15.776667: train_loss -0.5438
2026-06-13 20:59:15.779032: val_loss -0.4966
2026-06-13 20:59:15.780381: Pseudo dice [0.5589]
2026-06-13 20:59:15.781599: Epoch time: 22.55 s
2026-06-13 20:59:16.694737: 
2026-06-13 20:59:16.696092: Epoch 322
2026-06-13 20:59:16.697288: Current learning rate: 0.00705
2026-06-13 20:59:39.147907: train_loss -0.6005
2026-06-13 20:59:39.150600: val_loss -0.519
2026-06-13 20:59:39.151775: Pseudo dice [0.5226]
2026-06-13 20:59:39.153023: Epoch time: 22.45 s
2026-06-13 20:59:40.067361: 
2026-06-13 20:59:40.068727: Epoch 323
2026-06-13 20:59:40.070104: Current learning rate: 0.00704
2026-06-13 21:00:02.556389: train_loss -0.5293
2026-06-13 21:00:02.558619: val_loss -0.5614
2026-06-13 21:00:02.559826: Pseudo dice [0.5956]
2026-06-13 21:00:02.561066: Epoch time: 22.49 s
2026-06-13 21:00:03.487503: 
2026-06-13 21:00:03.488859: Epoch 324
2026-06-13 21:00:03.490394: Current learning rate: 0.00703
2026-06-13 21:00:26.065655: train_loss -0.5529
2026-06-13 21:00:26.068280: val_loss -0.4733
2026-06-13 21:00:26.069593: Pseudo dice [0.5299]
2026-06-13 21:00:26.070920: Epoch time: 22.58 s
2026-06-13 21:00:26.991105: 
2026-06-13 21:00:26.992885: Epoch 325
2026-06-13 21:00:26.994070: Current learning rate: 0.00702
2026-06-13 21:00:49.446460: train_loss -0.6035
2026-06-13 21:00:49.449319: val_loss -0.5459
2026-06-13 21:00:49.450547: Pseudo dice [0.5814]
2026-06-13 21:00:49.451787: Epoch time: 22.46 s
2026-06-13 21:00:50.367472: 
2026-06-13 21:00:50.368811: Epoch 326
2026-06-13 21:00:50.370004: Current learning rate: 0.00701
2026-06-13 21:01:12.969661: train_loss -0.5793
2026-06-13 21:01:12.972101: val_loss -0.569
2026-06-13 21:01:12.973764: Pseudo dice [0.5745]
2026-06-13 21:01:12.975057: Epoch time: 22.6 s
2026-06-13 21:01:13.899289: 
2026-06-13 21:01:13.901160: Epoch 327
2026-06-13 21:01:13.902454: Current learning rate: 0.007
2026-06-13 21:01:36.519920: train_loss -0.583
2026-06-13 21:01:36.523090: val_loss -0.5917
2026-06-13 21:01:36.524487: Pseudo dice [0.6191]
2026-06-13 21:01:36.526505: Epoch time: 22.62 s
2026-06-13 21:01:37.441649: 
2026-06-13 21:01:37.442992: Epoch 328
2026-06-13 21:01:37.444274: Current learning rate: 0.00699
2026-06-13 21:01:59.939827: train_loss -0.6103
2026-06-13 21:01:59.942454: val_loss -0.5354
2026-06-13 21:01:59.943686: Pseudo dice [0.5698]
2026-06-13 21:01:59.944899: Epoch time: 22.5 s
2026-06-13 21:02:00.859221: 
2026-06-13 21:02:00.860569: Epoch 329
2026-06-13 21:02:00.861850: Current learning rate: 0.00698
2026-06-13 21:02:23.447485: train_loss -0.5959
2026-06-13 21:02:23.449825: val_loss -0.5422
2026-06-13 21:02:23.451177: Pseudo dice [0.4946]
2026-06-13 21:02:23.452396: Epoch time: 22.59 s
2026-06-13 21:02:24.369879: 
2026-06-13 21:02:24.371313: Epoch 330
2026-06-13 21:02:24.372551: Current learning rate: 0.00697
2026-06-13 21:02:47.029775: train_loss -0.5914
2026-06-13 21:02:47.032102: val_loss -0.5688
2026-06-13 21:02:47.033324: Pseudo dice [0.6141]
2026-06-13 21:02:47.034633: Epoch time: 22.66 s
2026-06-13 21:02:47.950868: 
2026-06-13 21:02:47.952232: Epoch 331
2026-06-13 21:02:47.953483: Current learning rate: 0.00696
2026-06-13 21:03:10.466635: train_loss -0.568
2026-06-13 21:03:10.469355: val_loss -0.524
2026-06-13 21:03:10.470678: Pseudo dice [0.5659]
2026-06-13 21:03:10.472027: Epoch time: 22.52 s
2026-06-13 21:03:11.379110: 
2026-06-13 21:03:11.380526: Epoch 332
2026-06-13 21:03:11.381790: Current learning rate: 0.00696
2026-06-13 21:03:33.892407: train_loss -0.6333
2026-06-13 21:03:33.895048: val_loss -0.5413
2026-06-13 21:03:33.896356: Pseudo dice [0.5765]
2026-06-13 21:03:33.897707: Epoch time: 22.51 s
2026-06-13 21:03:34.820460: 
2026-06-13 21:03:34.821963: Epoch 333
2026-06-13 21:03:34.823298: Current learning rate: 0.00695
2026-06-13 21:03:57.292038: train_loss -0.6113
2026-06-13 21:03:57.294400: val_loss -0.5662
2026-06-13 21:03:57.295616: Pseudo dice [0.3485]
2026-06-13 21:03:57.296812: Epoch time: 22.47 s
2026-06-13 21:03:58.212826: 
2026-06-13 21:03:58.214138: Epoch 334
2026-06-13 21:03:58.215392: Current learning rate: 0.00694
2026-06-13 21:04:20.768432: train_loss -0.6298
2026-06-13 21:04:20.771186: val_loss -0.5718
2026-06-13 21:04:20.772422: Pseudo dice [0.5923]
2026-06-13 21:04:20.773653: Epoch time: 22.56 s
2026-06-13 21:04:22.222370: 
2026-06-13 21:04:22.224341: Epoch 335
2026-06-13 21:04:22.226106: Current learning rate: 0.00693
2026-06-13 21:04:44.762594: train_loss -0.5833
2026-06-13 21:04:44.765529: val_loss -0.5419
2026-06-13 21:04:44.766914: Pseudo dice [0.5568]
2026-06-13 21:04:44.768851: Epoch time: 22.54 s
2026-06-13 21:04:45.688462: 
2026-06-13 21:04:45.689950: Epoch 336
2026-06-13 21:04:45.691180: Current learning rate: 0.00692
2026-06-13 21:05:08.191103: train_loss -0.5014
2026-06-13 21:05:08.193551: val_loss -0.5416
2026-06-13 21:05:08.194691: Pseudo dice [0.5794]
2026-06-13 21:05:08.195934: Epoch time: 22.5 s
2026-06-13 21:05:09.110857: 
2026-06-13 21:05:09.112380: Epoch 337
2026-06-13 21:05:09.113535: Current learning rate: 0.00691
2026-06-13 21:05:31.602598: train_loss -0.6045
2026-06-13 21:05:31.605403: val_loss -0.6292
2026-06-13 21:05:31.606708: Pseudo dice [0.6358]
2026-06-13 21:05:31.607993: Epoch time: 22.49 s
2026-06-13 21:05:32.527035: 
2026-06-13 21:05:32.528496: Epoch 338
2026-06-13 21:05:32.529764: Current learning rate: 0.0069
2026-06-13 21:05:54.989245: train_loss -0.616
2026-06-13 21:05:54.991661: val_loss -0.5937
2026-06-13 21:05:54.992980: Pseudo dice [0.6133]
2026-06-13 21:05:54.994260: Epoch time: 22.46 s
2026-06-13 21:05:55.905294: 
2026-06-13 21:05:55.906723: Epoch 339
2026-06-13 21:05:55.907954: Current learning rate: 0.00689
2026-06-13 21:06:18.392076: train_loss -0.5947
2026-06-13 21:06:18.394267: val_loss -0.5604
2026-06-13 21:06:18.395480: Pseudo dice [0.6041]
2026-06-13 21:06:18.396724: Epoch time: 22.49 s
2026-06-13 21:06:19.317209: 
2026-06-13 21:06:19.318631: Epoch 340
2026-06-13 21:06:19.319894: Current learning rate: 0.00688
2026-06-13 21:06:41.897434: train_loss -0.6012
2026-06-13 21:06:41.900229: val_loss -0.5476
2026-06-13 21:06:41.901601: Pseudo dice [0.5886]
2026-06-13 21:06:41.902982: Epoch time: 22.58 s
2026-06-13 21:06:42.819242: 
2026-06-13 21:06:42.820548: Epoch 341
2026-06-13 21:06:42.821696: Current learning rate: 0.00687
2026-06-13 21:07:05.373842: train_loss -0.593
2026-06-13 21:07:05.376426: val_loss -0.5676
2026-06-13 21:07:05.377623: Pseudo dice [0.5854]
2026-06-13 21:07:05.378843: Epoch time: 22.56 s
2026-06-13 21:07:06.300808: 
2026-06-13 21:07:06.302253: Epoch 342
2026-06-13 21:07:06.303557: Current learning rate: 0.00686
2026-06-13 21:07:28.780733: train_loss -0.5722
2026-06-13 21:07:28.783512: val_loss -0.5507
2026-06-13 21:07:28.784696: Pseudo dice [0.3346]
2026-06-13 21:07:28.785893: Epoch time: 22.48 s
2026-06-13 21:07:29.714429: 
2026-06-13 21:07:29.718202: Epoch 343
2026-06-13 21:07:29.719380: Current learning rate: 0.00685
2026-06-13 21:07:52.198092: train_loss -0.5732
2026-06-13 21:07:52.201327: val_loss -0.5777
2026-06-13 21:07:52.202559: Pseudo dice [0.6054]
2026-06-13 21:07:52.203699: Epoch time: 22.48 s
2026-06-13 21:07:53.132442: 
2026-06-13 21:07:53.133892: Epoch 344
2026-06-13 21:07:53.135105: Current learning rate: 0.00684
2026-06-13 21:08:15.667605: train_loss -0.6012
2026-06-13 21:08:15.670370: val_loss -0.5535
2026-06-13 21:08:15.671571: Pseudo dice [0.6067]
2026-06-13 21:08:15.673136: Epoch time: 22.54 s
2026-06-13 21:08:16.592625: 
2026-06-13 21:08:16.594690: Epoch 345
2026-06-13 21:08:16.595903: Current learning rate: 0.00683
2026-06-13 21:08:38.974100: train_loss -0.6551
2026-06-13 21:08:38.976219: val_loss -0.5617
2026-06-13 21:08:38.977421: Pseudo dice [0.6201]
2026-06-13 21:08:38.978550: Epoch time: 22.38 s
2026-06-13 21:08:39.895282: 
2026-06-13 21:08:39.896524: Epoch 346
2026-06-13 21:08:39.897616: Current learning rate: 0.00682
2026-06-13 21:09:02.406933: train_loss -0.5516
2026-06-13 21:09:02.409545: val_loss -0.5257
2026-06-13 21:09:02.410781: Pseudo dice [0.1679]
2026-06-13 21:09:02.412003: Epoch time: 22.51 s
2026-06-13 21:09:03.338911: 
2026-06-13 21:09:03.340269: Epoch 347
2026-06-13 21:09:03.341464: Current learning rate: 0.00681
2026-06-13 21:09:25.852625: train_loss -0.6201
2026-06-13 21:09:25.855972: val_loss -0.5914
2026-06-13 21:09:25.857256: Pseudo dice [0.6104]
2026-06-13 21:09:25.858545: Epoch time: 22.51 s
2026-06-13 21:09:26.783461: 
2026-06-13 21:09:26.784823: Epoch 348
2026-06-13 21:09:26.786061: Current learning rate: 0.0068
2026-06-13 21:09:49.322118: train_loss -0.6099
2026-06-13 21:09:49.324361: val_loss -0.5422
2026-06-13 21:09:49.325600: Pseudo dice [0.558]
2026-06-13 21:09:49.326807: Epoch time: 22.54 s
2026-06-13 21:09:50.249684: 
2026-06-13 21:09:50.250969: Epoch 349
2026-06-13 21:09:50.252188: Current learning rate: 0.0068
2026-06-13 21:10:12.854629: train_loss -0.6186
2026-06-13 21:10:12.857225: val_loss -0.5578
2026-06-13 21:10:12.858407: Pseudo dice [0.5935]
2026-06-13 21:10:12.859616: Epoch time: 22.61 s
2026-06-13 21:10:14.260509: 
2026-06-13 21:10:14.261925: Epoch 350
2026-06-13 21:10:14.263156: Current learning rate: 0.00679
2026-06-13 21:10:36.727374: train_loss -0.6395
2026-06-13 21:10:36.729752: val_loss -0.5354
2026-06-13 21:10:36.731130: Pseudo dice [0.5736]
2026-06-13 21:10:36.732361: Epoch time: 22.47 s
2026-06-13 21:10:38.205621: 
2026-06-13 21:10:38.207218: Epoch 351
2026-06-13 21:10:38.208487: Current learning rate: 0.00678
2026-06-13 21:11:00.599094: train_loss -0.5839
2026-06-13 21:11:00.601284: val_loss -0.5219
2026-06-13 21:11:00.602470: Pseudo dice [0.5529]
2026-06-13 21:11:00.603725: Epoch time: 22.39 s
2026-06-13 21:11:01.523134: 
2026-06-13 21:11:01.524519: Epoch 352
2026-06-13 21:11:01.525692: Current learning rate: 0.00677
2026-06-13 21:11:24.025566: train_loss -0.5794
2026-06-13 21:11:24.028261: val_loss -0.5649
2026-06-13 21:11:24.029581: Pseudo dice [0.5837]
2026-06-13 21:11:24.030818: Epoch time: 22.5 s
2026-06-13 21:11:24.963558: 
2026-06-13 21:11:24.964951: Epoch 353
2026-06-13 21:11:24.966180: Current learning rate: 0.00676
2026-06-13 21:11:47.461173: train_loss -0.5394
2026-06-13 21:11:47.463937: val_loss -0.5475
2026-06-13 21:11:47.465472: Pseudo dice [0.5675]
2026-06-13 21:11:47.466732: Epoch time: 22.5 s
2026-06-13 21:11:48.394134: 
2026-06-13 21:11:48.395594: Epoch 354
2026-06-13 21:11:48.397044: Current learning rate: 0.00675
2026-06-13 21:12:10.836683: train_loss -0.5434
2026-06-13 21:12:10.839142: val_loss -0.5051
2026-06-13 21:12:10.840347: Pseudo dice [0.5566]
2026-06-13 21:12:10.841538: Epoch time: 22.44 s
2026-06-13 21:12:11.792776: 
2026-06-13 21:12:11.794154: Epoch 355
2026-06-13 21:12:11.795442: Current learning rate: 0.00674
2026-06-13 21:12:34.398379: train_loss -0.5795
2026-06-13 21:12:34.401059: val_loss -0.6073
2026-06-13 21:12:34.402419: Pseudo dice [0.6145]
2026-06-13 21:12:34.404168: Epoch time: 22.61 s
2026-06-13 21:12:35.334157: 
2026-06-13 21:12:35.335459: Epoch 356
2026-06-13 21:12:35.336724: Current learning rate: 0.00673
2026-06-13 21:12:57.748289: train_loss -0.6072
2026-06-13 21:12:57.750788: val_loss -0.5473
2026-06-13 21:12:57.752129: Pseudo dice [0.5804]
2026-06-13 21:12:57.753321: Epoch time: 22.42 s
2026-06-13 21:12:58.679751: 
2026-06-13 21:12:58.681397: Epoch 357
2026-06-13 21:12:58.682687: Current learning rate: 0.00672
2026-06-13 21:13:21.132393: train_loss -0.5746
2026-06-13 21:13:21.134691: val_loss -0.5754
2026-06-13 21:13:21.135880: Pseudo dice [0.6216]
2026-06-13 21:13:21.137106: Epoch time: 22.45 s
2026-06-13 21:13:22.055787: 
2026-06-13 21:13:22.057183: Epoch 358
2026-06-13 21:13:22.058438: Current learning rate: 0.00671
2026-06-13 21:13:44.541859: train_loss -0.613
2026-06-13 21:13:44.544539: val_loss -0.5488
2026-06-13 21:13:44.545719: Pseudo dice [0.5487]
2026-06-13 21:13:44.547582: Epoch time: 22.49 s
2026-06-13 21:13:45.472721: 
2026-06-13 21:13:45.474047: Epoch 359
2026-06-13 21:13:45.475339: Current learning rate: 0.0067
2026-06-13 21:14:08.028516: train_loss -0.6157
2026-06-13 21:14:08.030744: val_loss -0.5414
2026-06-13 21:14:08.032013: Pseudo dice [0.544]
2026-06-13 21:14:08.033324: Epoch time: 22.56 s
2026-06-13 21:14:08.958133: 
2026-06-13 21:14:08.959527: Epoch 360
2026-06-13 21:14:08.960700: Current learning rate: 0.00669
2026-06-13 21:14:31.536611: train_loss -0.5898
2026-06-13 21:14:31.538805: val_loss -0.5659
2026-06-13 21:14:31.540009: Pseudo dice [0.6002]
2026-06-13 21:14:31.541262: Epoch time: 22.58 s
2026-06-13 21:14:32.469236: 
2026-06-13 21:14:32.470544: Epoch 361
2026-06-13 21:14:32.471818: Current learning rate: 0.00668
2026-06-13 21:14:54.964097: train_loss -0.6067
2026-06-13 21:14:54.966613: val_loss -0.5257
2026-06-13 21:14:54.967991: Pseudo dice [0.5625]
2026-06-13 21:14:54.969183: Epoch time: 22.5 s
2026-06-13 21:14:55.909504: 
2026-06-13 21:14:55.910854: Epoch 362
2026-06-13 21:14:55.912090: Current learning rate: 0.00667
2026-06-13 21:15:18.420110: train_loss -0.5433
2026-06-13 21:15:18.422697: val_loss -0.5409
2026-06-13 21:15:18.423899: Pseudo dice [0.5843]
2026-06-13 21:15:18.425171: Epoch time: 22.51 s
2026-06-13 21:15:19.344790: 
2026-06-13 21:15:19.346121: Epoch 363
2026-06-13 21:15:19.347370: Current learning rate: 0.00666
2026-06-13 21:15:41.872127: train_loss -0.6034
2026-06-13 21:15:41.880489: val_loss -0.5607
2026-06-13 21:15:41.881733: Pseudo dice [0.5867]
2026-06-13 21:15:41.882943: Epoch time: 22.53 s
2026-06-13 21:15:42.819590: 
2026-06-13 21:15:42.820925: Epoch 364
2026-06-13 21:15:42.822156: Current learning rate: 0.00665
2026-06-13 21:16:05.352817: train_loss -0.615
2026-06-13 21:16:05.356173: val_loss -0.5907
2026-06-13 21:16:05.357585: Pseudo dice [0.6243]
2026-06-13 21:16:05.359022: Epoch time: 22.53 s
2026-06-13 21:16:06.295353: 
2026-06-13 21:16:06.296808: Epoch 365
2026-06-13 21:16:06.298255: Current learning rate: 0.00665
2026-06-13 21:16:28.671204: train_loss -0.6038
2026-06-13 21:16:28.673732: val_loss -0.5749
2026-06-13 21:16:28.675095: Pseudo dice [0.6019]
2026-06-13 21:16:28.676369: Epoch time: 22.38 s
2026-06-13 21:16:29.604123: 
2026-06-13 21:16:29.605513: Epoch 366
2026-06-13 21:16:29.606754: Current learning rate: 0.00664
2026-06-13 21:16:52.054949: train_loss -0.5687
2026-06-13 21:16:52.057185: val_loss -0.5744
2026-06-13 21:16:52.058361: Pseudo dice [0.5886]
2026-06-13 21:16:52.059609: Epoch time: 22.45 s
2026-06-13 21:16:53.003272: 
2026-06-13 21:16:53.004635: Epoch 367
2026-06-13 21:16:53.005817: Current learning rate: 0.00663
2026-06-13 21:17:15.477306: train_loss -0.6198
2026-06-13 21:17:15.480016: val_loss -0.5776
2026-06-13 21:17:15.481234: Pseudo dice [0.5585]
2026-06-13 21:17:15.482476: Epoch time: 22.47 s
2026-06-13 21:17:16.938706: 
2026-06-13 21:17:16.940135: Epoch 368
2026-06-13 21:17:16.941263: Current learning rate: 0.00662
2026-06-13 21:17:39.477251: train_loss -0.5221
2026-06-13 21:17:39.479427: val_loss -0.4862
2026-06-13 21:17:39.480692: Pseudo dice [0.5312]
2026-06-13 21:17:39.481895: Epoch time: 22.54 s
2026-06-13 21:17:40.414397: 
2026-06-13 21:17:40.415716: Epoch 369
2026-06-13 21:17:40.416980: Current learning rate: 0.00661
2026-06-13 21:18:02.973317: train_loss -0.5935
2026-06-13 21:18:02.975567: val_loss -0.5158
2026-06-13 21:18:02.976824: Pseudo dice [0.3116]
2026-06-13 21:18:02.978045: Epoch time: 22.56 s
2026-06-13 21:18:03.905471: 
2026-06-13 21:18:03.906843: Epoch 370
2026-06-13 21:18:03.908030: Current learning rate: 0.0066
2026-06-13 21:18:26.394265: train_loss -0.5882
2026-06-13 21:18:26.397149: val_loss -0.5174
2026-06-13 21:18:26.398504: Pseudo dice [0.5689]
2026-06-13 21:18:26.399815: Epoch time: 22.49 s
2026-06-13 21:18:27.320528: 
2026-06-13 21:18:27.321991: Epoch 371
2026-06-13 21:18:27.323980: Current learning rate: 0.00659
2026-06-13 21:18:49.981273: train_loss -0.5524
2026-06-13 21:18:49.983764: val_loss -0.562
2026-06-13 21:18:49.985473: Pseudo dice [0.5935]
2026-06-13 21:18:49.987132: Epoch time: 22.66 s
2026-06-13 21:18:50.953388: 
2026-06-13 21:18:50.954880: Epoch 372
2026-06-13 21:18:50.956247: Current learning rate: 0.00658
2026-06-13 21:19:13.537454: train_loss -0.6263
2026-06-13 21:19:13.539807: val_loss -0.5367
2026-06-13 21:19:13.541113: Pseudo dice [0.5672]
2026-06-13 21:19:13.542471: Epoch time: 22.59 s
2026-06-13 21:19:14.466908: 
2026-06-13 21:19:14.468328: Epoch 373
2026-06-13 21:19:14.469676: Current learning rate: 0.00657
2026-06-13 21:19:37.031352: train_loss -0.6458
2026-06-13 21:19:37.034548: val_loss -0.5649
2026-06-13 21:19:37.035855: Pseudo dice [0.6115]
2026-06-13 21:19:37.037185: Epoch time: 22.57 s
2026-06-13 21:19:38.037381: 
2026-06-13 21:19:38.038860: Epoch 374
2026-06-13 21:19:38.040337: Current learning rate: 0.00656
2026-06-13 21:20:00.475750: train_loss -0.6651
2026-06-13 21:20:00.480273: val_loss -0.5907
2026-06-13 21:20:00.481571: Pseudo dice [0.6125]
2026-06-13 21:20:00.482895: Epoch time: 22.44 s
2026-06-13 21:20:01.427376: 
2026-06-13 21:20:01.428827: Epoch 375
2026-06-13 21:20:01.430162: Current learning rate: 0.00655
2026-06-13 21:20:23.877576: train_loss -0.6491
2026-06-13 21:20:23.879759: val_loss -0.5042
2026-06-13 21:20:23.881820: Pseudo dice [0.5524]
2026-06-13 21:20:23.883023: Epoch time: 22.45 s
2026-06-13 21:20:24.821842: 
2026-06-13 21:20:24.823696: Epoch 376
2026-06-13 21:20:24.824937: Current learning rate: 0.00654
2026-06-13 21:20:47.253510: train_loss -0.5849
2026-06-13 21:20:47.256021: val_loss -0.4951
2026-06-13 21:20:47.257178: Pseudo dice [0.4725]
2026-06-13 21:20:47.258404: Epoch time: 22.43 s
2026-06-13 21:20:48.201547: 
2026-06-13 21:20:48.202864: Epoch 377
2026-06-13 21:20:48.204078: Current learning rate: 0.00653
2026-06-13 21:21:10.718629: train_loss -0.589
2026-06-13 21:21:10.721006: val_loss -0.5218
2026-06-13 21:21:10.722151: Pseudo dice [0.5618]
2026-06-13 21:21:10.723341: Epoch time: 22.52 s
2026-06-13 21:21:11.651752: 
2026-06-13 21:21:11.653210: Epoch 378
2026-06-13 21:21:11.654389: Current learning rate: 0.00652
2026-06-13 21:21:34.264399: train_loss -0.5903
2026-06-13 21:21:34.267421: val_loss -0.5388
2026-06-13 21:21:34.268727: Pseudo dice [0.5605]
2026-06-13 21:21:34.269947: Epoch time: 22.61 s
2026-06-13 21:21:35.214323: 
2026-06-13 21:21:35.215622: Epoch 379
2026-06-13 21:21:35.216763: Current learning rate: 0.00651
2026-06-13 21:21:57.627538: train_loss -0.5714
2026-06-13 21:21:57.630329: val_loss -0.5807
2026-06-13 21:21:57.631631: Pseudo dice [0.357]
2026-06-13 21:21:57.632855: Epoch time: 22.41 s
2026-06-13 21:21:58.568028: 
2026-06-13 21:21:58.569294: Epoch 380
2026-06-13 21:21:58.570524: Current learning rate: 0.0065
2026-06-13 21:22:21.119639: train_loss -0.6016
2026-06-13 21:22:21.122189: val_loss -0.5656
2026-06-13 21:22:21.123393: Pseudo dice [0.5862]
2026-06-13 21:22:21.125093: Epoch time: 22.55 s
2026-06-13 21:22:22.052265: 
2026-06-13 21:22:22.053649: Epoch 381
2026-06-13 21:22:22.054820: Current learning rate: 0.00649
2026-06-13 21:22:44.567062: train_loss -0.606
2026-06-13 21:22:44.569239: val_loss -0.5309
2026-06-13 21:22:44.570442: Pseudo dice [0.5979]
2026-06-13 21:22:44.571630: Epoch time: 22.52 s
2026-06-13 21:22:45.520259: 
2026-06-13 21:22:45.521533: Epoch 382
2026-06-13 21:22:45.522743: Current learning rate: 0.00648
2026-06-13 21:23:08.245240: train_loss -0.6079
2026-06-13 21:23:08.248047: val_loss -0.5267
2026-06-13 21:23:08.249367: Pseudo dice [0.5708]
2026-06-13 21:23:08.250539: Epoch time: 22.73 s
2026-06-13 21:23:09.204214: 
2026-06-13 21:23:09.205544: Epoch 383
2026-06-13 21:23:09.206770: Current learning rate: 0.00648
2026-06-13 21:23:31.811439: train_loss -0.6053
2026-06-13 21:23:31.813891: val_loss -0.5331
2026-06-13 21:23:31.815086: Pseudo dice [0.3466]
2026-06-13 21:23:31.816288: Epoch time: 22.61 s
2026-06-13 21:23:33.294310: 
2026-06-13 21:23:33.295690: Epoch 384
2026-06-13 21:23:33.296888: Current learning rate: 0.00647
2026-06-13 21:23:55.788548: train_loss -0.6036
2026-06-13 21:23:55.794334: val_loss -0.5776
2026-06-13 21:23:55.795565: Pseudo dice [0.6004]
2026-06-13 21:23:55.796793: Epoch time: 22.5 s
2026-06-13 21:23:56.748116: 
2026-06-13 21:23:56.749513: Epoch 385
2026-06-13 21:23:56.750759: Current learning rate: 0.00646
2026-06-13 21:24:19.346691: train_loss -0.5795
2026-06-13 21:24:19.349766: val_loss -0.5298
2026-06-13 21:24:19.351123: Pseudo dice [0.5743]
2026-06-13 21:24:19.352454: Epoch time: 22.6 s
2026-06-13 21:24:20.293056: 
2026-06-13 21:24:20.294409: Epoch 386
2026-06-13 21:24:20.295646: Current learning rate: 0.00645
2026-06-13 21:24:42.779095: train_loss -0.6025
2026-06-13 21:24:42.781476: val_loss -0.5398
2026-06-13 21:24:42.782798: Pseudo dice [0.577]
2026-06-13 21:24:42.784133: Epoch time: 22.49 s
2026-06-13 21:24:43.724715: 
2026-06-13 21:24:43.726336: Epoch 387
2026-06-13 21:24:43.727944: Current learning rate: 0.00644
2026-06-13 21:25:06.154735: train_loss -0.5857
2026-06-13 21:25:06.157325: val_loss -0.5425
2026-06-13 21:25:06.158506: Pseudo dice [0.593]
2026-06-13 21:25:06.159820: Epoch time: 22.43 s
2026-06-13 21:25:07.147552: 
2026-06-13 21:25:07.148954: Epoch 388
2026-06-13 21:25:07.150171: Current learning rate: 0.00643
2026-06-13 21:25:29.687922: train_loss -0.5896
2026-06-13 21:25:29.690615: val_loss -0.5958
2026-06-13 21:25:29.691931: Pseudo dice [0.6123]
2026-06-13 21:25:29.693147: Epoch time: 22.54 s
2026-06-13 21:25:30.638607: 
2026-06-13 21:25:30.639951: Epoch 389
2026-06-13 21:25:30.641156: Current learning rate: 0.00642
2026-06-13 21:25:53.197546: train_loss -0.6229
2026-06-13 21:25:53.201611: val_loss -0.6012
2026-06-13 21:25:53.202869: Pseudo dice [0.6216]
2026-06-13 21:25:53.204093: Epoch time: 22.56 s
2026-06-13 21:25:54.144845: 
2026-06-13 21:25:54.146219: Epoch 390
2026-06-13 21:25:54.147468: Current learning rate: 0.00641
2026-06-13 21:26:16.756251: train_loss -0.6003
2026-06-13 21:26:16.758633: val_loss -0.5951
2026-06-13 21:26:16.760028: Pseudo dice [0.6084]
2026-06-13 21:26:16.761213: Epoch time: 22.61 s
2026-06-13 21:26:17.703475: 
2026-06-13 21:26:17.704841: Epoch 391
2026-06-13 21:26:17.706081: Current learning rate: 0.0064
2026-06-13 21:26:40.297407: train_loss -0.5972
2026-06-13 21:26:40.301012: val_loss -0.5067
2026-06-13 21:26:40.302379: Pseudo dice [0.5654]
2026-06-13 21:26:40.303618: Epoch time: 22.59 s
2026-06-13 21:26:41.249895: 
2026-06-13 21:26:41.251210: Epoch 392
2026-06-13 21:26:41.252447: Current learning rate: 0.00639
2026-06-13 21:27:03.816478: train_loss -0.6058
2026-06-13 21:27:03.819014: val_loss -0.5553
2026-06-13 21:27:03.820304: Pseudo dice [0.5845]
2026-06-13 21:27:03.821500: Epoch time: 22.57 s
2026-06-13 21:27:04.751104: 
2026-06-13 21:27:04.752380: Epoch 393
2026-06-13 21:27:04.753570: Current learning rate: 0.00638
2026-06-13 21:27:27.264232: train_loss -0.6111
2026-06-13 21:27:27.266819: val_loss -0.5188
2026-06-13 21:27:27.268186: Pseudo dice [0.5516]
2026-06-13 21:27:27.269628: Epoch time: 22.51 s
2026-06-13 21:27:28.210921: 
2026-06-13 21:27:28.212244: Epoch 394
2026-06-13 21:27:28.213478: Current learning rate: 0.00637
2026-06-13 21:27:50.727287: train_loss -0.58
2026-06-13 21:27:50.730220: val_loss -0.537
2026-06-13 21:27:50.732120: Pseudo dice [0.5808]
2026-06-13 21:27:50.733350: Epoch time: 22.52 s
2026-06-13 21:27:51.666870: 
2026-06-13 21:27:51.668259: Epoch 395
2026-06-13 21:27:51.669446: Current learning rate: 0.00636
2026-06-13 21:28:14.178637: train_loss -0.6077
2026-06-13 21:28:14.181253: val_loss -0.5448
2026-06-13 21:28:14.182654: Pseudo dice [0.5916]
2026-06-13 21:28:14.183911: Epoch time: 22.51 s
2026-06-13 21:28:15.116624: 
2026-06-13 21:28:15.118052: Epoch 396
2026-06-13 21:28:15.119272: Current learning rate: 0.00635
2026-06-13 21:28:37.536036: train_loss -0.6164
2026-06-13 21:28:37.538319: val_loss -0.5526
2026-06-13 21:28:37.539645: Pseudo dice [0.5731]
2026-06-13 21:28:37.540897: Epoch time: 22.42 s
2026-06-13 21:28:38.481273: 
2026-06-13 21:28:38.483648: Epoch 397
2026-06-13 21:28:38.485093: Current learning rate: 0.00634
2026-06-13 21:29:00.969447: train_loss -0.5731
2026-06-13 21:29:00.972297: val_loss -0.6119
2026-06-13 21:29:00.973641: Pseudo dice [0.6124]
2026-06-13 21:29:00.975080: Epoch time: 22.49 s
2026-06-13 21:29:01.903805: 
2026-06-13 21:29:01.905162: Epoch 398
2026-06-13 21:29:01.906413: Current learning rate: 0.00633
2026-06-13 21:29:24.316986: train_loss -0.5976
2026-06-13 21:29:24.319491: val_loss -0.5678
2026-06-13 21:29:24.320812: Pseudo dice [0.6253]
2026-06-13 21:29:24.322018: Epoch time: 22.41 s
2026-06-13 21:29:25.771582: 
2026-06-13 21:29:25.772991: Epoch 399
2026-06-13 21:29:25.774220: Current learning rate: 0.00632
2026-06-13 21:29:48.151967: train_loss -0.636
2026-06-13 21:29:48.154764: val_loss -0.5761
2026-06-13 21:29:48.156070: Pseudo dice [0.5812]
2026-06-13 21:29:48.157370: Epoch time: 22.38 s
2026-06-13 21:29:49.568560: 
2026-06-13 21:29:49.569999: Epoch 400
2026-06-13 21:29:49.571405: Current learning rate: 0.00631
2026-06-13 21:30:12.066065: train_loss -0.6049
2026-06-13 21:30:12.069552: val_loss -0.5226
2026-06-13 21:30:12.070897: Pseudo dice [0.553]
2026-06-13 21:30:12.072274: Epoch time: 22.5 s
2026-06-13 21:30:13.027692: 
2026-06-13 21:30:13.030853: Epoch 401
2026-06-13 21:30:13.032309: Current learning rate: 0.0063
2026-06-13 21:30:35.464264: train_loss -0.6357
2026-06-13 21:30:35.467665: val_loss -0.5487
2026-06-13 21:30:35.469187: Pseudo dice [0.6034]
2026-06-13 21:30:35.470642: Epoch time: 22.44 s
2026-06-13 21:30:36.417440: 
2026-06-13 21:30:36.419162: Epoch 402
2026-06-13 21:30:36.420547: Current learning rate: 0.0063
2026-06-13 21:30:58.947181: train_loss -0.5788
2026-06-13 21:30:58.949844: val_loss -0.5616
2026-06-13 21:30:58.951235: Pseudo dice [0.5782]
2026-06-13 21:30:58.952463: Epoch time: 22.53 s
2026-06-13 21:30:59.908031: 
2026-06-13 21:30:59.909670: Epoch 403
2026-06-13 21:30:59.911020: Current learning rate: 0.00629
2026-06-13 21:31:22.459563: train_loss -0.5828
2026-06-13 21:31:22.497818: val_loss -0.5752
2026-06-13 21:31:22.499472: Pseudo dice [0.6142]
2026-06-13 21:31:22.500939: Epoch time: 22.55 s
2026-06-13 21:31:23.475024: 
2026-06-13 21:31:23.482049: Epoch 404
2026-06-13 21:31:23.484991: Current learning rate: 0.00628
2026-06-13 21:31:45.948119: train_loss -0.5997
2026-06-13 21:31:45.960243: val_loss -0.556
2026-06-13 21:31:45.965225: Pseudo dice [0.579]
2026-06-13 21:31:45.967379: Epoch time: 22.47 s
2026-06-13 21:31:46.907634: 
2026-06-13 21:31:46.909224: Epoch 405
2026-06-13 21:31:46.910746: Current learning rate: 0.00627
2026-06-13 21:32:09.432093: train_loss -0.608
2026-06-13 21:32:09.435162: val_loss -0.5461
2026-06-13 21:32:09.436544: Pseudo dice [0.5449]
2026-06-13 21:32:09.437922: Epoch time: 22.53 s
2026-06-13 21:32:10.380894: 
2026-06-13 21:32:10.382455: Epoch 406
2026-06-13 21:32:10.383763: Current learning rate: 0.00626
2026-06-13 21:32:32.910139: train_loss -0.577
2026-06-13 21:32:32.913605: val_loss -0.5245
2026-06-13 21:32:32.915305: Pseudo dice [0.4827]
2026-06-13 21:32:32.916614: Epoch time: 22.53 s
2026-06-13 21:32:34.007499: 
2026-06-13 21:32:34.010797: Epoch 407
2026-06-13 21:32:34.012178: Current learning rate: 0.00625
2026-06-13 21:32:56.476886: train_loss -0.5988
2026-06-13 21:32:56.479526: val_loss -0.5281
2026-06-13 21:32:56.480912: Pseudo dice [0.5405]
2026-06-13 21:32:56.482135: Epoch time: 22.47 s
2026-06-13 21:32:57.434706: 
2026-06-13 21:32:57.436157: Epoch 408
2026-06-13 21:32:57.437683: Current learning rate: 0.00624
2026-06-13 21:33:19.943334: train_loss -0.6531
2026-06-13 21:33:19.945550: val_loss -0.5687
2026-06-13 21:33:19.946854: Pseudo dice [0.5746]
2026-06-13 21:33:19.948051: Epoch time: 22.51 s
2026-06-13 21:33:20.889924: 
2026-06-13 21:33:20.891351: Epoch 409
2026-06-13 21:33:20.892558: Current learning rate: 0.00623
2026-06-13 21:33:43.464340: train_loss -0.6395
2026-06-13 21:33:43.467728: val_loss -0.5484
2026-06-13 21:33:43.468918: Pseudo dice [0.5737]
2026-06-13 21:33:43.470141: Epoch time: 22.58 s
2026-06-13 21:33:44.411685: 
2026-06-13 21:33:44.413006: Epoch 410
2026-06-13 21:33:44.414162: Current learning rate: 0.00622
2026-06-13 21:34:06.919656: train_loss -0.6274
2026-06-13 21:34:06.921983: val_loss -0.5579
2026-06-13 21:34:06.923144: Pseudo dice [0.5908]
2026-06-13 21:34:06.924336: Epoch time: 22.51 s
2026-06-13 21:34:07.836766: 
2026-06-13 21:34:07.838205: Epoch 411
2026-06-13 21:34:07.839388: Current learning rate: 0.00621
2026-06-13 21:34:30.216452: train_loss -0.6399
2026-06-13 21:34:30.218777: val_loss -0.5735
2026-06-13 21:34:30.220008: Pseudo dice [0.5778]
2026-06-13 21:34:30.221220: Epoch time: 22.38 s
2026-06-13 21:34:31.134618: 
2026-06-13 21:34:31.135877: Epoch 412
2026-06-13 21:34:31.137092: Current learning rate: 0.0062
2026-06-13 21:34:53.618963: train_loss -0.5857
2026-06-13 21:34:53.621850: val_loss -0.5283
2026-06-13 21:34:53.623235: Pseudo dice [0.2242]
2026-06-13 21:34:53.624600: Epoch time: 22.49 s
2026-06-13 21:34:54.534428: 
2026-06-13 21:34:54.535799: Epoch 413
2026-06-13 21:34:54.537118: Current learning rate: 0.00619
2026-06-13 21:35:16.925684: train_loss -0.5161
2026-06-13 21:35:16.928486: val_loss -0.5058
2026-06-13 21:35:16.929821: Pseudo dice [0.529]
2026-06-13 21:35:16.931477: Epoch time: 22.39 s
2026-06-13 21:35:17.839446: 
2026-06-13 21:35:17.843870: Epoch 414
2026-06-13 21:35:17.853146: Current learning rate: 0.00618
2026-06-13 21:35:40.377631: train_loss -0.5816
2026-06-13 21:35:40.380130: val_loss -0.5554
2026-06-13 21:35:40.381318: Pseudo dice [0.6069]
2026-06-13 21:35:40.382507: Epoch time: 22.54 s
2026-06-13 21:35:41.291869: 
2026-06-13 21:35:41.293144: Epoch 415
2026-06-13 21:35:41.294252: Current learning rate: 0.00617
2026-06-13 21:36:03.741383: train_loss -0.591
2026-06-13 21:36:03.744865: val_loss -0.5189
2026-06-13 21:36:03.746068: Pseudo dice [0.5447]
2026-06-13 21:36:03.747239: Epoch time: 22.45 s
2026-06-13 21:36:05.181887: 
2026-06-13 21:36:05.185345: Epoch 416
2026-06-13 21:36:05.188213: Current learning rate: 0.00616
2026-06-13 21:36:27.725543: train_loss -0.5448
2026-06-13 21:36:27.728031: val_loss -0.523
2026-06-13 21:36:27.729370: Pseudo dice [0.554]
2026-06-13 21:36:27.730560: Epoch time: 22.54 s
2026-06-13 21:36:28.645307: 
2026-06-13 21:36:28.646725: Epoch 417
2026-06-13 21:36:28.647951: Current learning rate: 0.00615
2026-06-13 21:36:51.139453: train_loss -0.551
2026-06-13 21:36:51.141817: val_loss -0.5484
2026-06-13 21:36:51.142997: Pseudo dice [0.581]
2026-06-13 21:36:51.144221: Epoch time: 22.5 s
2026-06-13 21:36:52.053495: 
2026-06-13 21:36:52.054878: Epoch 418
2026-06-13 21:36:52.056794: Current learning rate: 0.00614
2026-06-13 21:37:14.640892: train_loss -0.5476
2026-06-13 21:37:14.643881: val_loss -0.6079
2026-06-13 21:37:14.645186: Pseudo dice [0.6121]
2026-06-13 21:37:14.646488: Epoch time: 22.59 s
2026-06-13 21:37:15.569202: 
2026-06-13 21:37:15.570530: Epoch 419
2026-06-13 21:37:15.572659: Current learning rate: 0.00613
2026-06-13 21:37:38.162597: train_loss -0.5934
2026-06-13 21:37:38.164884: val_loss -0.5021
2026-06-13 21:37:38.166130: Pseudo dice [0.526]
2026-06-13 21:37:38.167333: Epoch time: 22.59 s
2026-06-13 21:37:39.088039: 
2026-06-13 21:37:39.089346: Epoch 420
2026-06-13 21:37:39.090561: Current learning rate: 0.00612
2026-06-13 21:38:01.571789: train_loss -0.568
2026-06-13 21:38:01.574060: val_loss -0.5159
2026-06-13 21:38:01.575343: Pseudo dice [0.5033]
2026-06-13 21:38:01.576555: Epoch time: 22.48 s
2026-06-13 21:38:02.500382: 
2026-06-13 21:38:02.501870: Epoch 421
2026-06-13 21:38:02.503054: Current learning rate: 0.00612
2026-06-13 21:38:25.016441: train_loss -0.6237
2026-06-13 21:38:25.019007: val_loss -0.5988
2026-06-13 21:38:25.020219: Pseudo dice [0.6233]
2026-06-13 21:38:25.021480: Epoch time: 22.52 s
2026-06-13 21:38:25.939056: 
2026-06-13 21:38:25.940646: Epoch 422
2026-06-13 21:38:25.942070: Current learning rate: 0.00611
2026-06-13 21:38:48.469930: train_loss -0.6223
2026-06-13 21:38:48.472321: val_loss -0.5229
2026-06-13 21:38:48.473595: Pseudo dice [0.5652]
2026-06-13 21:38:48.474861: Epoch time: 22.53 s
2026-06-13 21:38:49.392580: 
2026-06-13 21:38:49.394081: Epoch 423
2026-06-13 21:38:49.395350: Current learning rate: 0.0061
2026-06-13 21:39:11.934124: train_loss -0.6514
2026-06-13 21:39:11.936651: val_loss -0.5697
2026-06-13 21:39:11.937853: Pseudo dice [0.2506]
2026-06-13 21:39:11.939081: Epoch time: 22.54 s
2026-06-13 21:39:12.858633: 
2026-06-13 21:39:12.860211: Epoch 424
2026-06-13 21:39:12.861770: Current learning rate: 0.00609
2026-06-13 21:39:35.317048: train_loss -0.6094
2026-06-13 21:39:35.320385: val_loss -0.4901
2026-06-13 21:39:35.321613: Pseudo dice [0.2095]
2026-06-13 21:39:35.322885: Epoch time: 22.46 s
2026-06-13 21:39:36.255684: 
2026-06-13 21:39:36.256982: Epoch 425
2026-06-13 21:39:36.258198: Current learning rate: 0.00608
2026-06-13 21:39:58.834314: train_loss -0.6175
2026-06-13 21:39:58.836639: val_loss -0.5737
2026-06-13 21:39:58.837846: Pseudo dice [0.5886]
2026-06-13 21:39:58.839026: Epoch time: 22.58 s
2026-06-13 21:39:59.764024: 
2026-06-13 21:39:59.765703: Epoch 426
2026-06-13 21:39:59.766967: Current learning rate: 0.00607
2026-06-13 21:40:22.296253: train_loss -0.6274
2026-06-13 21:40:22.298735: val_loss -0.5632
2026-06-13 21:40:22.300037: Pseudo dice [0.6026]
2026-06-13 21:40:22.301250: Epoch time: 22.53 s
2026-06-13 21:40:23.224874: 
2026-06-13 21:40:23.226268: Epoch 427
2026-06-13 21:40:23.227475: Current learning rate: 0.00606
2026-06-13 21:40:45.832248: train_loss -0.6325
2026-06-13 21:40:45.835104: val_loss -0.5923
2026-06-13 21:40:45.836361: Pseudo dice [0.6111]
2026-06-13 21:40:45.837682: Epoch time: 22.61 s
2026-06-13 21:40:46.756499: 
2026-06-13 21:40:46.757847: Epoch 428
2026-06-13 21:40:46.759143: Current learning rate: 0.00605
2026-06-13 21:41:09.201970: train_loss -0.6316
2026-06-13 21:41:09.204213: val_loss -0.5714
2026-06-13 21:41:09.205425: Pseudo dice [0.5951]
2026-06-13 21:41:09.206656: Epoch time: 22.45 s
2026-06-13 21:41:10.124766: 
2026-06-13 21:41:10.126102: Epoch 429
2026-06-13 21:41:10.127373: Current learning rate: 0.00604
2026-06-13 21:41:32.627167: train_loss -0.6095
2026-06-13 21:41:32.629432: val_loss -0.5732
2026-06-13 21:41:32.630672: Pseudo dice [0.5823]
2026-06-13 21:41:32.631866: Epoch time: 22.5 s
2026-06-13 21:41:33.555944: 
2026-06-13 21:41:33.557326: Epoch 430
2026-06-13 21:41:33.558416: Current learning rate: 0.00603
2026-06-13 21:41:56.059607: train_loss -0.636
2026-06-13 21:41:56.062576: val_loss -0.5948
2026-06-13 21:41:56.063841: Pseudo dice [0.6088]
2026-06-13 21:41:56.065120: Epoch time: 22.5 s
2026-06-13 21:41:56.995432: 
2026-06-13 21:41:56.996928: Epoch 431
2026-06-13 21:41:56.998224: Current learning rate: 0.00602
2026-06-13 21:42:19.526977: train_loss -0.6061
2026-06-13 21:42:19.529461: val_loss -0.4205
2026-06-13 21:42:19.530689: Pseudo dice [0.088]
2026-06-13 21:42:19.531915: Epoch time: 22.53 s
2026-06-13 21:42:20.454771: 
2026-06-13 21:42:20.456066: Epoch 432
2026-06-13 21:42:20.457328: Current learning rate: 0.00601
2026-06-13 21:42:42.967909: train_loss -0.545
2026-06-13 21:42:42.970229: val_loss -0.4749
2026-06-13 21:42:42.971654: Pseudo dice [0.538]
2026-06-13 21:42:42.972856: Epoch time: 22.51 s
2026-06-13 21:42:44.410151: 
2026-06-13 21:42:44.411603: Epoch 433
2026-06-13 21:42:44.412836: Current learning rate: 0.006
2026-06-13 21:43:06.882942: train_loss -0.5861
2026-06-13 21:43:06.885590: val_loss -0.5416
2026-06-13 21:43:06.886906: Pseudo dice [0.5737]
2026-06-13 21:43:06.888150: Epoch time: 22.47 s
2026-06-13 21:43:07.812725: 
2026-06-13 21:43:07.814113: Epoch 434
2026-06-13 21:43:07.815394: Current learning rate: 0.00599
2026-06-13 21:43:30.415331: train_loss -0.5863
2026-06-13 21:43:30.418073: val_loss -0.5109
2026-06-13 21:43:30.419512: Pseudo dice [0.5443]
2026-06-13 21:43:30.420897: Epoch time: 22.6 s
2026-06-13 21:43:31.348318: 
2026-06-13 21:43:31.349695: Epoch 435
2026-06-13 21:43:31.350865: Current learning rate: 0.00598
2026-06-13 21:43:53.803932: train_loss -0.6253
2026-06-13 21:43:53.806273: val_loss -0.5919
2026-06-13 21:43:53.807558: Pseudo dice [0.6066]
2026-06-13 21:43:53.808940: Epoch time: 22.46 s
2026-06-13 21:43:54.723487: 
2026-06-13 21:43:54.724837: Epoch 436
2026-06-13 21:43:54.726073: Current learning rate: 0.00597
2026-06-13 21:44:17.409874: train_loss -0.6109
2026-06-13 21:44:17.412571: val_loss -0.5713
2026-06-13 21:44:17.413884: Pseudo dice [0.6194]
2026-06-13 21:44:17.415151: Epoch time: 22.69 s
2026-06-13 21:44:18.342018: 
2026-06-13 21:44:18.343307: Epoch 437
2026-06-13 21:44:18.344523: Current learning rate: 0.00596
2026-06-13 21:44:40.865769: train_loss -0.6277
2026-06-13 21:44:40.868029: val_loss -0.576
2026-06-13 21:44:40.869184: Pseudo dice [0.602]
2026-06-13 21:44:40.870417: Epoch time: 22.52 s
2026-06-13 21:44:41.786054: 
2026-06-13 21:44:41.787428: Epoch 438
2026-06-13 21:44:41.788675: Current learning rate: 0.00595
2026-06-13 21:45:04.246247: train_loss -0.6371
2026-06-13 21:45:04.248932: val_loss -0.5665
2026-06-13 21:45:04.250163: Pseudo dice [0.6053]
2026-06-13 21:45:04.251386: Epoch time: 22.46 s
2026-06-13 21:45:05.168381: 
2026-06-13 21:45:05.169855: Epoch 439
2026-06-13 21:45:05.171136: Current learning rate: 0.00594
2026-06-13 21:45:27.660598: train_loss -0.6309
2026-06-13 21:45:27.665236: val_loss -0.5868
2026-06-13 21:45:27.666542: Pseudo dice [0.5873]
2026-06-13 21:45:27.667787: Epoch time: 22.49 s
2026-06-13 21:45:28.597655: 
2026-06-13 21:45:28.599092: Epoch 440
2026-06-13 21:45:28.600325: Current learning rate: 0.00593
2026-06-13 21:45:51.141607: train_loss -0.6512
2026-06-13 21:45:51.146806: val_loss -0.5834
2026-06-13 21:45:51.147985: Pseudo dice [0.6335]
2026-06-13 21:45:51.149366: Epoch time: 22.54 s
2026-06-13 21:45:52.071376: 
2026-06-13 21:45:52.072786: Epoch 441
2026-06-13 21:45:52.074082: Current learning rate: 0.00592
2026-06-13 21:46:14.605285: train_loss -0.6526
2026-06-13 21:46:14.607761: val_loss -0.5227
2026-06-13 21:46:14.609011: Pseudo dice [0.11]
2026-06-13 21:46:14.610271: Epoch time: 22.53 s
2026-06-13 21:46:15.537956: 
2026-06-13 21:46:15.539405: Epoch 442
2026-06-13 21:46:15.540699: Current learning rate: 0.00592
2026-06-13 21:46:38.128832: train_loss -0.6344
2026-06-13 21:46:38.131647: val_loss -0.5817
2026-06-13 21:46:38.132955: Pseudo dice [0.5947]
2026-06-13 21:46:38.134187: Epoch time: 22.59 s
2026-06-13 21:46:39.064365: 
2026-06-13 21:46:39.065652: Epoch 443
2026-06-13 21:46:39.066980: Current learning rate: 0.00591
2026-06-13 21:47:01.558774: train_loss -0.6514
2026-06-13 21:47:01.561133: val_loss -0.5242
2026-06-13 21:47:01.562564: Pseudo dice [0.2534]
2026-06-13 21:47:01.563830: Epoch time: 22.5 s
2026-06-13 21:47:02.477215: 
2026-06-13 21:47:02.478871: Epoch 444
2026-06-13 21:47:02.480120: Current learning rate: 0.0059
2026-06-13 21:47:25.044749: train_loss -0.6272
2026-06-13 21:47:25.047079: val_loss -0.6017
2026-06-13 21:47:25.048443: Pseudo dice [0.6022]
2026-06-13 21:47:25.049629: Epoch time: 22.57 s
2026-06-13 21:47:26.136036: 
2026-06-13 21:47:26.137937: Epoch 445
2026-06-13 21:47:26.139210: Current learning rate: 0.00589
2026-06-13 21:47:48.624984: train_loss -0.6206
2026-06-13 21:47:48.627748: val_loss -0.6245
2026-06-13 21:47:48.629088: Pseudo dice [0.6024]
2026-06-13 21:47:48.630239: Epoch time: 22.49 s
2026-06-13 21:47:49.542665: 
2026-06-13 21:47:49.543923: Epoch 446
2026-06-13 21:47:49.545175: Current learning rate: 0.00588
2026-06-13 21:48:12.040144: train_loss -0.6687
2026-06-13 21:48:12.042506: val_loss -0.5435
2026-06-13 21:48:12.043693: Pseudo dice [0.3144]
2026-06-13 21:48:12.044936: Epoch time: 22.5 s
2026-06-13 21:48:12.961833: 
2026-06-13 21:48:12.963136: Epoch 447
2026-06-13 21:48:12.964385: Current learning rate: 0.00587
2026-06-13 21:48:35.409699: train_loss -0.6551
2026-06-13 21:48:35.412344: val_loss -0.5766
2026-06-13 21:48:35.413585: Pseudo dice [0.6001]
2026-06-13 21:48:35.414810: Epoch time: 22.45 s
2026-06-13 21:48:36.342081: 
2026-06-13 21:48:36.343393: Epoch 448
2026-06-13 21:48:36.344609: Current learning rate: 0.00586
2026-06-13 21:48:58.777622: train_loss -0.6425
2026-06-13 21:48:58.780239: val_loss -0.5932
2026-06-13 21:48:58.781614: Pseudo dice [0.6037]
2026-06-13 21:48:58.782860: Epoch time: 22.44 s
2026-06-13 21:48:59.690247: 
2026-06-13 21:48:59.691540: Epoch 449
2026-06-13 21:48:59.692760: Current learning rate: 0.00585
2026-06-13 21:49:22.126075: train_loss -0.6307
2026-06-13 21:49:22.128378: val_loss -0.5832
2026-06-13 21:49:22.129706: Pseudo dice [0.6038]
2026-06-13 21:49:22.130909: Epoch time: 22.44 s
2026-06-13 21:49:24.061566: 
2026-06-13 21:49:24.062957: Epoch 450
2026-06-13 21:49:24.064184: Current learning rate: 0.00584
2026-06-13 21:49:46.571238: train_loss -0.6428
2026-06-13 21:49:46.575421: val_loss -0.5271
2026-06-13 21:49:46.576954: Pseudo dice [0.3371]
2026-06-13 21:49:46.578226: Epoch time: 22.51 s
2026-06-13 21:49:47.502075: 
2026-06-13 21:49:47.503716: Epoch 451
2026-06-13 21:49:47.504910: Current learning rate: 0.00583
2026-06-13 21:50:10.079280: train_loss -0.6384
2026-06-13 21:50:10.081857: val_loss -0.5373
2026-06-13 21:50:10.083158: Pseudo dice [0.5751]
2026-06-13 21:50:10.084374: Epoch time: 22.58 s
2026-06-13 21:50:11.000744: 
2026-06-13 21:50:11.002112: Epoch 452
2026-06-13 21:50:11.003333: Current learning rate: 0.00582
2026-06-13 21:50:33.664392: train_loss -0.6514
2026-06-13 21:50:33.666607: val_loss -0.5288
2026-06-13 21:50:33.667781: Pseudo dice [0.5392]
2026-06-13 21:50:33.668977: Epoch time: 22.66 s
2026-06-13 21:50:34.584151: 
2026-06-13 21:50:34.585570: Epoch 453
2026-06-13 21:50:34.586763: Current learning rate: 0.00581
2026-06-13 21:50:57.031114: train_loss -0.6338
2026-06-13 21:50:57.034052: val_loss -0.5483
2026-06-13 21:50:57.035315: Pseudo dice [0.5896]
2026-06-13 21:50:57.036509: Epoch time: 22.45 s
2026-06-13 21:50:57.958623: 
2026-06-13 21:50:57.960137: Epoch 454
2026-06-13 21:50:57.961353: Current learning rate: 0.0058
2026-06-13 21:51:20.580748: train_loss -0.6109
2026-06-13 21:51:20.584918: val_loss -0.5355
2026-06-13 21:51:20.587343: Pseudo dice [0.5737]
2026-06-13 21:51:20.589736: Epoch time: 22.62 s
2026-06-13 21:51:21.513142: 
2026-06-13 21:51:21.514482: Epoch 455
2026-06-13 21:51:21.515680: Current learning rate: 0.00579
2026-06-13 21:51:44.116282: train_loss -0.6566
2026-06-13 21:51:44.118539: val_loss -0.5924
2026-06-13 21:51:44.119750: Pseudo dice [0.6049]
2026-06-13 21:51:44.120946: Epoch time: 22.6 s
2026-06-13 21:51:45.034127: 
2026-06-13 21:51:45.035494: Epoch 456
2026-06-13 21:51:45.036697: Current learning rate: 0.00578
2026-06-13 21:52:07.609456: train_loss -0.6408
2026-06-13 21:52:07.627438: val_loss -0.5329
2026-06-13 21:52:07.628780: Pseudo dice [0.5689]
2026-06-13 21:52:07.630039: Epoch time: 22.58 s
2026-06-13 21:52:08.536850: 
2026-06-13 21:52:08.538476: Epoch 457
2026-06-13 21:52:08.539682: Current learning rate: 0.00577
2026-06-13 21:52:31.162529: train_loss -0.6519
2026-06-13 21:52:31.166526: val_loss -0.5534
2026-06-13 21:52:31.168447: Pseudo dice [0.5894]
2026-06-13 21:52:31.170420: Epoch time: 22.63 s
2026-06-13 21:52:32.097770: 
2026-06-13 21:52:32.099177: Epoch 458
2026-06-13 21:52:32.100398: Current learning rate: 0.00576
2026-06-13 21:52:54.809550: train_loss -0.6124
2026-06-13 21:52:54.811945: val_loss -0.5542
2026-06-13 21:52:54.813183: Pseudo dice [0.5865]
2026-06-13 21:52:54.814374: Epoch time: 22.71 s
2026-06-13 21:52:55.729429: 
2026-06-13 21:52:55.730849: Epoch 459
2026-06-13 21:52:55.732103: Current learning rate: 0.00575
2026-06-13 21:53:18.254377: train_loss -0.6538
2026-06-13 21:53:18.256424: val_loss -0.5486
2026-06-13 21:53:18.257846: Pseudo dice [0.5692]
2026-06-13 21:53:18.259053: Epoch time: 22.53 s
2026-06-13 21:53:19.167990: 
2026-06-13 21:53:19.169290: Epoch 460
2026-06-13 21:53:19.170493: Current learning rate: 0.00574
2026-06-13 21:53:41.697336: train_loss -0.6348
2026-06-13 21:53:41.699953: val_loss -0.5531
2026-06-13 21:53:41.701169: Pseudo dice [0.5941]
2026-06-13 21:53:41.702456: Epoch time: 22.53 s
2026-06-13 21:53:42.613677: 
2026-06-13 21:53:42.615037: Epoch 461
2026-06-13 21:53:42.616227: Current learning rate: 0.00573
2026-06-13 21:54:05.103729: train_loss -0.6139
2026-06-13 21:54:05.106194: val_loss -0.5564
2026-06-13 21:54:05.107906: Pseudo dice [0.5926]
2026-06-13 21:54:05.110720: Epoch time: 22.49 s
2026-06-13 21:54:06.027615: 
2026-06-13 21:54:06.028921: Epoch 462
2026-06-13 21:54:06.030094: Current learning rate: 0.00572
2026-06-13 21:54:28.445354: train_loss -0.6515
2026-06-13 21:54:28.447676: val_loss -0.5843
2026-06-13 21:54:28.448903: Pseudo dice [0.6133]
2026-06-13 21:54:28.450089: Epoch time: 22.42 s
2026-06-13 21:54:29.367983: 
2026-06-13 21:54:29.369259: Epoch 463
2026-06-13 21:54:29.370455: Current learning rate: 0.00571
2026-06-13 21:54:51.861274: train_loss -0.679
2026-06-13 21:54:51.863975: val_loss -0.5584
2026-06-13 21:54:51.865257: Pseudo dice [0.5876]
2026-06-13 21:54:51.866550: Epoch time: 22.49 s
2026-06-13 21:54:52.776981: 
2026-06-13 21:54:52.778356: Epoch 464
2026-06-13 21:54:52.779571: Current learning rate: 0.0057
2026-06-13 21:55:15.366687: train_loss -0.6315
2026-06-13 21:55:15.369106: val_loss -0.5977
2026-06-13 21:55:15.370437: Pseudo dice [0.4186]
2026-06-13 21:55:15.371670: Epoch time: 22.59 s
2026-06-13 21:55:16.283560: 
2026-06-13 21:55:16.285070: Epoch 465
2026-06-13 21:55:16.286289: Current learning rate: 0.0057
2026-06-13 21:55:38.758758: train_loss -0.6128
2026-06-13 21:55:38.760981: val_loss -0.5448
2026-06-13 21:55:38.762273: Pseudo dice [0.5911]
2026-06-13 21:55:38.763474: Epoch time: 22.48 s
2026-06-13 21:55:39.686649: 
2026-06-13 21:55:39.688069: Epoch 466
2026-06-13 21:55:39.689284: Current learning rate: 0.00569
2026-06-13 21:56:02.196641: train_loss -0.6327
2026-06-13 21:56:02.199807: val_loss -0.5998
2026-06-13 21:56:02.201262: Pseudo dice [0.6226]
2026-06-13 21:56:02.202484: Epoch time: 22.51 s
2026-06-13 21:56:03.114054: 
2026-06-13 21:56:03.115667: Epoch 467
2026-06-13 21:56:03.116952: Current learning rate: 0.00568
2026-06-13 21:56:25.490205: train_loss -0.5733
2026-06-13 21:56:25.492927: val_loss -0.5136
2026-06-13 21:56:25.494327: Pseudo dice [0.5536]
2026-06-13 21:56:25.495627: Epoch time: 22.38 s
2026-06-13 21:56:26.968275: 
2026-06-13 21:56:26.970314: Epoch 468
2026-06-13 21:56:26.971653: Current learning rate: 0.00567
2026-06-13 21:56:49.466412: train_loss -0.6418
2026-06-13 21:56:49.468589: val_loss -0.5366
2026-06-13 21:56:49.469940: Pseudo dice [0.5586]
2026-06-13 21:56:49.471209: Epoch time: 22.5 s
2026-06-13 21:56:50.381225: 
2026-06-13 21:56:50.382769: Epoch 469
2026-06-13 21:56:50.384006: Current learning rate: 0.00566
2026-06-13 21:57:13.029351: train_loss -0.6473
2026-06-13 21:57:13.032688: val_loss -0.5233
2026-06-13 21:57:13.035345: Pseudo dice [0.185]
2026-06-13 21:57:13.036694: Epoch time: 22.65 s
2026-06-13 21:57:13.959850: 
2026-06-13 21:57:13.961335: Epoch 470
2026-06-13 21:57:13.962581: Current learning rate: 0.00565
2026-06-13 21:57:36.398878: train_loss -0.6338
2026-06-13 21:57:36.401082: val_loss -0.5897
2026-06-13 21:57:36.402354: Pseudo dice [0.5862]
2026-06-13 21:57:36.403527: Epoch time: 22.44 s
2026-06-13 21:57:37.349028: 
2026-06-13 21:57:37.350542: Epoch 471
2026-06-13 21:57:37.351799: Current learning rate: 0.00564
2026-06-13 21:57:59.907340: train_loss -0.5965
2026-06-13 21:57:59.909590: val_loss -0.5839
2026-06-13 21:57:59.910746: Pseudo dice [0.4041]
2026-06-13 21:57:59.911964: Epoch time: 22.56 s
2026-06-13 21:58:00.817104: 
2026-06-13 21:58:00.818799: Epoch 472
2026-06-13 21:58:00.820064: Current learning rate: 0.00563
2026-06-13 21:58:23.328963: train_loss -0.6372
2026-06-13 21:58:23.331675: val_loss -0.5474
2026-06-13 21:58:23.332917: Pseudo dice [0.5577]
2026-06-13 21:58:23.334121: Epoch time: 22.51 s
2026-06-13 21:58:24.238515: 
2026-06-13 21:58:24.239930: Epoch 473
2026-06-13 21:58:24.241160: Current learning rate: 0.00562
2026-06-13 21:58:46.809462: train_loss -0.6072
2026-06-13 21:58:46.813768: val_loss -0.5765
2026-06-13 21:58:46.815009: Pseudo dice [0.5967]
2026-06-13 21:58:46.816434: Epoch time: 22.57 s
2026-06-13 21:58:47.735682: 
2026-06-13 21:58:47.737301: Epoch 474
2026-06-13 21:58:47.738482: Current learning rate: 0.00561
2026-06-13 21:59:10.165531: train_loss -0.6409
2026-06-13 21:59:10.168044: val_loss -0.5308
2026-06-13 21:59:10.169356: Pseudo dice [0.5764]
2026-06-13 21:59:10.170644: Epoch time: 22.43 s
2026-06-13 21:59:11.105928: 
2026-06-13 21:59:11.107171: Epoch 475
2026-06-13 21:59:11.108414: Current learning rate: 0.0056
2026-06-13 21:59:33.701717: train_loss -0.6012
2026-06-13 21:59:33.704483: val_loss -0.4866
2026-06-13 21:59:33.705703: Pseudo dice [0.5393]
2026-06-13 21:59:33.706945: Epoch time: 22.6 s
2026-06-13 21:59:34.615600: 
2026-06-13 21:59:34.616980: Epoch 476
2026-06-13 21:59:34.618230: Current learning rate: 0.00559
2026-06-13 21:59:57.112762: train_loss -0.623
2026-06-13 21:59:57.115294: val_loss -0.5994
2026-06-13 21:59:57.116632: Pseudo dice [0.5922]
2026-06-13 21:59:57.118021: Epoch time: 22.5 s
2026-06-13 21:59:58.028418: 
2026-06-13 21:59:58.029865: Epoch 477
2026-06-13 21:59:58.031123: Current learning rate: 0.00558
2026-06-13 22:00:20.557157: train_loss -0.6425
2026-06-13 22:00:20.559837: val_loss -0.5754
2026-06-13 22:00:20.561301: Pseudo dice [0.581]
2026-06-13 22:00:20.562712: Epoch time: 22.53 s
2026-06-13 22:00:21.487788: 
2026-06-13 22:00:21.489256: Epoch 478
2026-06-13 22:00:21.490581: Current learning rate: 0.00557
2026-06-13 22:00:43.956269: train_loss -0.6754
2026-06-13 22:00:43.959085: val_loss -0.57
2026-06-13 22:00:43.960328: Pseudo dice [0.6068]
2026-06-13 22:00:43.961537: Epoch time: 22.47 s
2026-06-13 22:00:44.875571: 
2026-06-13 22:00:44.877017: Epoch 479
2026-06-13 22:00:44.878219: Current learning rate: 0.00556
2026-06-13 22:01:07.373127: train_loss -0.6465
2026-06-13 22:01:07.375610: val_loss -0.6041
2026-06-13 22:01:07.376844: Pseudo dice [0.6106]
2026-06-13 22:01:07.378162: Epoch time: 22.5 s
2026-06-13 22:01:08.297617: 
2026-06-13 22:01:08.299061: Epoch 480
2026-06-13 22:01:08.300276: Current learning rate: 0.00555
2026-06-13 22:01:30.796265: train_loss -0.6273
2026-06-13 22:01:30.798739: val_loss -0.5864
2026-06-13 22:01:30.800005: Pseudo dice [0.6102]
2026-06-13 22:01:30.801252: Epoch time: 22.5 s
2026-06-13 22:01:31.719388: 
2026-06-13 22:01:31.722328: Epoch 481
2026-06-13 22:01:31.723524: Current learning rate: 0.00554
2026-06-13 22:01:54.194779: train_loss -0.6487
2026-06-13 22:01:54.197651: val_loss -0.5798
2026-06-13 22:01:54.198830: Pseudo dice [0.6073]
2026-06-13 22:01:54.200117: Epoch time: 22.48 s
2026-06-13 22:01:55.125260: 
2026-06-13 22:01:55.126592: Epoch 482
2026-06-13 22:01:55.127984: Current learning rate: 0.00553
2026-06-13 22:02:17.550548: train_loss -0.636
2026-06-13 22:02:17.553309: val_loss -0.5376
2026-06-13 22:02:17.554682: Pseudo dice [0.2617]
2026-06-13 22:02:17.556075: Epoch time: 22.43 s
2026-06-13 22:02:18.484815: 
2026-06-13 22:02:18.486274: Epoch 483
2026-06-13 22:02:18.487499: Current learning rate: 0.00552
2026-06-13 22:02:41.002125: train_loss -0.62
2026-06-13 22:02:41.004346: val_loss -0.5888
2026-06-13 22:02:41.005624: Pseudo dice [0.6068]
2026-06-13 22:02:41.006816: Epoch time: 22.52 s
2026-06-13 22:02:41.929866: 
2026-06-13 22:02:41.931237: Epoch 484
2026-06-13 22:02:41.932621: Current learning rate: 0.00551
2026-06-13 22:03:04.368657: train_loss -0.6408
2026-06-13 22:03:04.371351: val_loss -0.5668
2026-06-13 22:03:04.372657: Pseudo dice [0.3546]
2026-06-13 22:03:04.373844: Epoch time: 22.44 s
2026-06-13 22:03:05.307410: 
2026-06-13 22:03:05.308694: Epoch 485
2026-06-13 22:03:05.310013: Current learning rate: 0.0055
2026-06-13 22:03:27.830549: train_loss -0.6045
2026-06-13 22:03:27.833100: val_loss -0.5792
2026-06-13 22:03:27.834310: Pseudo dice [0.5897]
2026-06-13 22:03:27.835793: Epoch time: 22.52 s
2026-06-13 22:03:29.312923: 
2026-06-13 22:03:29.314324: Epoch 486
2026-06-13 22:03:29.315692: Current learning rate: 0.00549
2026-06-13 22:03:51.805623: train_loss -0.648
2026-06-13 22:03:51.808122: val_loss -0.5867
2026-06-13 22:03:51.809438: Pseudo dice [0.6117]
2026-06-13 22:03:51.810729: Epoch time: 22.49 s
2026-06-13 22:03:52.740216: 
2026-06-13 22:03:52.741635: Epoch 487
2026-06-13 22:03:52.742917: Current learning rate: 0.00548
2026-06-13 22:04:15.189685: train_loss -0.6288
2026-06-13 22:04:15.192393: val_loss -0.5932
2026-06-13 22:04:15.193843: Pseudo dice [0.6208]
2026-06-13 22:04:15.195155: Epoch time: 22.45 s
2026-06-13 22:04:16.114116: 
2026-06-13 22:04:16.115608: Epoch 488
2026-06-13 22:04:16.116789: Current learning rate: 0.00547
2026-06-13 22:04:38.519251: train_loss -0.6316
2026-06-13 22:04:38.521770: val_loss -0.5734
2026-06-13 22:04:38.523160: Pseudo dice [0.6243]
2026-06-13 22:04:38.524331: Epoch time: 22.41 s
2026-06-13 22:04:39.442208: 
2026-06-13 22:04:39.443724: Epoch 489
2026-06-13 22:04:39.445021: Current learning rate: 0.00546
2026-06-13 22:05:02.018754: train_loss -0.6575
2026-06-13 22:05:02.021005: val_loss -0.5808
2026-06-13 22:05:02.022334: Pseudo dice [0.6067]
2026-06-13 22:05:02.023576: Epoch time: 22.58 s
2026-06-13 22:05:02.959058: 
2026-06-13 22:05:02.960447: Epoch 490
2026-06-13 22:05:02.961723: Current learning rate: 0.00546
2026-06-13 22:05:25.402488: train_loss -0.6386
2026-06-13 22:05:25.414175: val_loss -0.5837
2026-06-13 22:05:25.417045: Pseudo dice [0.6121]
2026-06-13 22:05:25.418412: Epoch time: 22.44 s
2026-06-13 22:05:26.340955: 
2026-06-13 22:05:26.342362: Epoch 491
2026-06-13 22:05:26.343598: Current learning rate: 0.00545
2026-06-13 22:05:48.863383: train_loss -0.6513
2026-06-13 22:05:48.865806: val_loss -0.595
2026-06-13 22:05:48.867150: Pseudo dice [0.6075]
2026-06-13 22:05:48.868376: Epoch time: 22.52 s
2026-06-13 22:05:49.794055: 
2026-06-13 22:05:49.795667: Epoch 492
2026-06-13 22:05:49.796935: Current learning rate: 0.00544
2026-06-13 22:06:12.264646: train_loss -0.6302
2026-06-13 22:06:12.267479: val_loss -0.5166
2026-06-13 22:06:12.268769: Pseudo dice [0.2592]
2026-06-13 22:06:12.270030: Epoch time: 22.47 s
2026-06-13 22:06:13.195199: 
2026-06-13 22:06:13.196662: Epoch 493
2026-06-13 22:06:13.197874: Current learning rate: 0.00543
2026-06-13 22:06:35.595621: train_loss -0.65
2026-06-13 22:06:35.598576: val_loss -0.5841
2026-06-13 22:06:35.599846: Pseudo dice [0.6279]
2026-06-13 22:06:35.601036: Epoch time: 22.4 s
2026-06-13 22:06:36.520665: 
2026-06-13 22:06:36.521973: Epoch 494
2026-06-13 22:06:36.523141: Current learning rate: 0.00542
2026-06-13 22:06:59.010248: train_loss -0.6607
2026-06-13 22:06:59.012726: val_loss -0.5267
2026-06-13 22:06:59.013952: Pseudo dice [0.5468]
2026-06-13 22:06:59.015158: Epoch time: 22.49 s
2026-06-13 22:07:00.005483: 
2026-06-13 22:07:00.006752: Epoch 495
2026-06-13 22:07:00.008004: Current learning rate: 0.00541
2026-06-13 22:07:22.430259: train_loss -0.669
2026-06-13 22:07:22.432486: val_loss -0.5424
2026-06-13 22:07:22.433720: Pseudo dice [0.5637]
2026-06-13 22:07:22.434861: Epoch time: 22.43 s
2026-06-13 22:07:23.364302: 
2026-06-13 22:07:23.365712: Epoch 496
2026-06-13 22:07:23.366927: Current learning rate: 0.0054
2026-06-13 22:07:46.088580: train_loss -0.6343
2026-06-13 22:07:46.091130: val_loss -0.5576
2026-06-13 22:07:46.092324: Pseudo dice [0.5816]
2026-06-13 22:07:46.093499: Epoch time: 22.73 s
2026-06-13 22:07:47.014506: 
2026-06-13 22:07:47.015794: Epoch 497
2026-06-13 22:07:47.017038: Current learning rate: 0.00539
2026-06-13 22:08:09.442124: train_loss -0.6382
2026-06-13 22:08:09.447904: val_loss -0.5437
2026-06-13 22:08:09.450006: Pseudo dice [0.3148]
2026-06-13 22:08:09.458729: Epoch time: 22.43 s
2026-06-13 22:08:10.379378: 
2026-06-13 22:08:10.380638: Epoch 498
2026-06-13 22:08:10.382039: Current learning rate: 0.00538
2026-06-13 22:08:32.827341: train_loss -0.6227
2026-06-13 22:08:32.829507: val_loss -0.6012
2026-06-13 22:08:32.830739: Pseudo dice [0.6276]
2026-06-13 22:08:32.832000: Epoch time: 22.45 s
2026-06-13 22:08:33.760881: 
2026-06-13 22:08:33.762199: Epoch 499
2026-06-13 22:08:33.763380: Current learning rate: 0.00537
2026-06-13 22:08:56.242174: train_loss -0.6418
2026-06-13 22:08:56.244852: val_loss -0.5833
2026-06-13 22:08:56.246048: Pseudo dice [0.604]
2026-06-13 22:08:56.247234: Epoch time: 22.48 s
2026-06-13 22:08:57.644200: 
2026-06-13 22:08:57.645475: Epoch 500
2026-06-13 22:08:57.646695: Current learning rate: 0.00536
2026-06-13 22:09:20.055814: train_loss -0.634
2026-06-13 22:09:20.058250: val_loss -0.5405
2026-06-13 22:09:20.059474: Pseudo dice [0.5781]
2026-06-13 22:09:20.060652: Epoch time: 22.41 s
2026-06-13 22:09:20.988494: 
2026-06-13 22:09:20.989743: Epoch 501
2026-06-13 22:09:20.990946: Current learning rate: 0.00535
2026-06-13 22:09:43.572529: train_loss -0.6624
2026-06-13 22:09:43.574639: val_loss -0.5666
2026-06-13 22:09:43.575949: Pseudo dice [0.5738]
2026-06-13 22:09:43.577114: Epoch time: 22.59 s
2026-06-13 22:09:44.507834: 
2026-06-13 22:09:44.509233: Epoch 502
2026-06-13 22:09:44.510498: Current learning rate: 0.00534
2026-06-13 22:10:07.001672: train_loss -0.6203
2026-06-13 22:10:07.004457: val_loss -0.5443
2026-06-13 22:10:07.005754: Pseudo dice [0.2636]
2026-06-13 22:10:07.006995: Epoch time: 22.49 s
2026-06-13 22:10:07.963306: 
2026-06-13 22:10:07.964586: Epoch 503
2026-06-13 22:10:07.965811: Current learning rate: 0.00533
2026-06-13 22:10:30.527720: train_loss -0.6377
2026-06-13 22:10:30.530169: val_loss -0.5237
2026-06-13 22:10:30.531411: Pseudo dice [0.5607]
2026-06-13 22:10:30.532625: Epoch time: 22.57 s
2026-06-13 22:10:32.002863: 
2026-06-13 22:10:32.004200: Epoch 504
2026-06-13 22:10:32.005454: Current learning rate: 0.00532
2026-06-13 22:10:54.475078: train_loss -0.6387
2026-06-13 22:10:54.477129: val_loss -0.5447
2026-06-13 22:10:54.478311: Pseudo dice [0.5863]
2026-06-13 22:10:54.479535: Epoch time: 22.47 s
2026-06-13 22:10:55.398127: 
2026-06-13 22:10:55.399390: Epoch 505
2026-06-13 22:10:55.400633: Current learning rate: 0.00531
2026-06-13 22:11:17.981364: train_loss -0.6309
2026-06-13 22:11:17.984025: val_loss -0.5537
2026-06-13 22:11:17.985344: Pseudo dice [0.5812]
2026-06-13 22:11:17.986658: Epoch time: 22.58 s
2026-06-13 22:11:18.905428: 
2026-06-13 22:11:18.906718: Epoch 506
2026-06-13 22:11:18.907956: Current learning rate: 0.0053
2026-06-13 22:11:41.406178: train_loss -0.6387
2026-06-13 22:11:41.408579: val_loss -0.5912
2026-06-13 22:11:41.409761: Pseudo dice [0.6056]
2026-06-13 22:11:41.410894: Epoch time: 22.5 s
2026-06-13 22:11:42.392611: 
2026-06-13 22:11:42.393945: Epoch 507
2026-06-13 22:11:42.395163: Current learning rate: 0.00529
2026-06-13 22:12:04.821615: train_loss -0.6545
2026-06-13 22:12:04.824309: val_loss -0.5608
2026-06-13 22:12:04.825485: Pseudo dice [0.588]
2026-06-13 22:12:04.826676: Epoch time: 22.43 s
2026-06-13 22:12:05.756410: 
2026-06-13 22:12:05.757699: Epoch 508
2026-06-13 22:12:05.758972: Current learning rate: 0.00528
2026-06-13 22:12:28.224202: train_loss -0.6333
2026-06-13 22:12:28.228196: val_loss -0.5542
2026-06-13 22:12:28.229465: Pseudo dice [0.5845]
2026-06-13 22:12:28.230775: Epoch time: 22.47 s
2026-06-13 22:12:29.162844: 
2026-06-13 22:12:29.164288: Epoch 509
2026-06-13 22:12:29.165512: Current learning rate: 0.00527
2026-06-13 22:12:51.641991: train_loss -0.6618
2026-06-13 22:12:51.644634: val_loss -0.5572
2026-06-13 22:12:51.645990: Pseudo dice [0.6063]
2026-06-13 22:12:51.647291: Epoch time: 22.48 s
2026-06-13 22:12:52.590315: 
2026-06-13 22:12:52.591806: Epoch 510
2026-06-13 22:12:52.593074: Current learning rate: 0.00526
2026-06-13 22:13:15.089446: train_loss -0.6549
2026-06-13 22:13:15.092048: val_loss -0.5856
2026-06-13 22:13:15.093351: Pseudo dice [0.6141]
2026-06-13 22:13:15.094526: Epoch time: 22.5 s
2026-06-13 22:13:16.030561: 
2026-06-13 22:13:16.031912: Epoch 511
2026-06-13 22:13:16.033177: Current learning rate: 0.00525
2026-06-13 22:13:38.465291: train_loss -0.6873
2026-06-13 22:13:38.468797: val_loss -0.5274
2026-06-13 22:13:38.470005: Pseudo dice [0.5726]
2026-06-13 22:13:38.471253: Epoch time: 22.44 s
2026-06-13 22:13:39.397846: 
2026-06-13 22:13:39.399899: Epoch 512
2026-06-13 22:13:39.402604: Current learning rate: 0.00524
2026-06-13 22:14:01.848705: train_loss -0.6564
2026-06-13 22:14:01.852253: val_loss -0.5348
2026-06-13 22:14:01.853606: Pseudo dice [0.5846]
2026-06-13 22:14:01.855016: Epoch time: 22.45 s
2026-06-13 22:14:02.778464: 
2026-06-13 22:14:02.779814: Epoch 513
2026-06-13 22:14:02.781165: Current learning rate: 0.00523
2026-06-13 22:14:25.265482: train_loss -0.6524
2026-06-13 22:14:25.268073: val_loss -0.5629
2026-06-13 22:14:25.269436: Pseudo dice [0.6043]
2026-06-13 22:14:25.270784: Epoch time: 22.49 s
2026-06-13 22:14:26.210798: 
2026-06-13 22:14:26.212176: Epoch 514
2026-06-13 22:14:26.213443: Current learning rate: 0.00522
2026-06-13 22:14:48.912505: train_loss -0.666
2026-06-13 22:14:48.915290: val_loss -0.5473
2026-06-13 22:14:48.916523: Pseudo dice [0.5705]
2026-06-13 22:14:48.917716: Epoch time: 22.7 s
2026-06-13 22:14:49.857826: 
2026-06-13 22:14:49.859083: Epoch 515
2026-06-13 22:14:49.860352: Current learning rate: 0.00521
2026-06-13 22:15:12.423042: train_loss -0.6469
2026-06-13 22:15:12.425639: val_loss -0.5457
2026-06-13 22:15:12.426879: Pseudo dice [0.5889]
2026-06-13 22:15:12.428135: Epoch time: 22.57 s
2026-06-13 22:15:13.362823: 
2026-06-13 22:15:13.364165: Epoch 516
2026-06-13 22:15:13.365497: Current learning rate: 0.0052
2026-06-13 22:15:35.910283: train_loss -0.6757
2026-06-13 22:15:35.912723: val_loss -0.5695
2026-06-13 22:15:35.913928: Pseudo dice [0.5822]
2026-06-13 22:15:35.915120: Epoch time: 22.55 s
2026-06-13 22:15:36.852591: 
2026-06-13 22:15:36.853889: Epoch 517
2026-06-13 22:15:36.855085: Current learning rate: 0.00519
2026-06-13 22:15:59.193544: train_loss -0.6473
2026-06-13 22:15:59.196335: val_loss -0.59
2026-06-13 22:15:59.197583: Pseudo dice [0.6305]
2026-06-13 22:15:59.198797: Epoch time: 22.34 s
2026-06-13 22:16:00.144094: 
2026-06-13 22:16:00.145375: Epoch 518
2026-06-13 22:16:00.146600: Current learning rate: 0.00518
2026-06-13 22:16:22.669730: train_loss -0.6345
2026-06-13 22:16:22.672038: val_loss -0.5399
2026-06-13 22:16:22.673200: Pseudo dice [0.4436]
2026-06-13 22:16:22.674440: Epoch time: 22.53 s
2026-06-13 22:16:23.615422: 
2026-06-13 22:16:23.617294: Epoch 519
2026-06-13 22:16:23.618546: Current learning rate: 0.00518
2026-06-13 22:16:46.270546: train_loss -0.6169
2026-06-13 22:16:46.272808: val_loss -0.4771
2026-06-13 22:16:46.274106: Pseudo dice [0.5082]
2026-06-13 22:16:46.275329: Epoch time: 22.66 s
2026-06-13 22:16:47.208050: 
2026-06-13 22:16:47.209595: Epoch 520
2026-06-13 22:16:47.210859: Current learning rate: 0.00517
2026-06-13 22:17:09.680005: train_loss -0.6507
2026-06-13 22:17:09.682594: val_loss -0.5741
2026-06-13 22:17:09.683819: Pseudo dice [0.5809]
2026-06-13 22:17:09.685025: Epoch time: 22.47 s
2026-06-13 22:17:11.148052: 
2026-06-13 22:17:11.149378: Epoch 521
2026-06-13 22:17:11.150574: Current learning rate: 0.00516
2026-06-13 22:17:33.630662: train_loss -0.6464
2026-06-13 22:17:33.633505: val_loss -0.5361
2026-06-13 22:17:33.634732: Pseudo dice [0.5903]
2026-06-13 22:17:33.635956: Epoch time: 22.48 s
2026-06-13 22:17:34.573034: 
2026-06-13 22:17:34.574358: Epoch 522
2026-06-13 22:17:34.575570: Current learning rate: 0.00515
2026-06-13 22:17:57.089575: train_loss -0.6472
2026-06-13 22:17:57.091762: val_loss -0.5788
2026-06-13 22:17:57.093041: Pseudo dice [0.6038]
2026-06-13 22:17:57.094336: Epoch time: 22.52 s
2026-06-13 22:17:58.035986: 
2026-06-13 22:17:58.037261: Epoch 523
2026-06-13 22:17:58.038487: Current learning rate: 0.00514
2026-06-13 22:18:20.565906: train_loss -0.6408
2026-06-13 22:18:20.568568: val_loss -0.5884
2026-06-13 22:18:20.569883: Pseudo dice [0.6412]
2026-06-13 22:18:20.571109: Epoch time: 22.53 s
2026-06-13 22:18:21.507138: 
2026-06-13 22:18:21.508403: Epoch 524
2026-06-13 22:18:21.509576: Current learning rate: 0.00513
2026-06-13 22:18:44.117484: train_loss -0.6233
2026-06-13 22:18:44.120176: val_loss -0.5574
2026-06-13 22:18:44.121469: Pseudo dice [0.5956]
2026-06-13 22:18:44.123205: Epoch time: 22.61 s
2026-06-13 22:18:45.066647: 
2026-06-13 22:18:45.067991: Epoch 525
2026-06-13 22:18:45.069197: Current learning rate: 0.00512
2026-06-13 22:19:07.603094: train_loss -0.6541
2026-06-13 22:19:07.605706: val_loss -0.546
2026-06-13 22:19:07.606977: Pseudo dice [0.371]
2026-06-13 22:19:07.608514: Epoch time: 22.54 s
2026-06-13 22:19:08.547211: 
2026-06-13 22:19:08.548596: Epoch 526
2026-06-13 22:19:08.549773: Current learning rate: 0.00511
2026-06-13 22:19:31.043600: train_loss -0.6678
2026-06-13 22:19:31.046466: val_loss -0.5902
2026-06-13 22:19:31.047667: Pseudo dice [0.592]
2026-06-13 22:19:31.048945: Epoch time: 22.5 s
2026-06-13 22:19:31.981322: 
2026-06-13 22:19:32.031281: Epoch 527
2026-06-13 22:19:32.040681: Current learning rate: 0.0051
2026-06-13 22:19:54.421877: train_loss -0.6462
2026-06-13 22:19:54.424147: val_loss -0.5266
2026-06-13 22:19:54.425426: Pseudo dice [0.5741]
2026-06-13 22:19:54.426680: Epoch time: 22.44 s
2026-06-13 22:19:55.374532: 
2026-06-13 22:19:55.375949: Epoch 528
2026-06-13 22:19:55.377211: Current learning rate: 0.00509
2026-06-13 22:20:17.825317: train_loss -0.6789
2026-06-13 22:20:17.827758: val_loss -0.5137
2026-06-13 22:20:17.829008: Pseudo dice [0.5294]
2026-06-13 22:20:17.830154: Epoch time: 22.45 s
2026-06-13 22:20:18.765388: 
2026-06-13 22:20:18.766737: Epoch 529
2026-06-13 22:20:18.767971: Current learning rate: 0.00508
2026-06-13 22:20:41.247679: train_loss -0.6455
2026-06-13 22:20:41.251027: val_loss -0.5984
2026-06-13 22:20:41.252297: Pseudo dice [0.6162]
2026-06-13 22:20:41.253463: Epoch time: 22.48 s
2026-06-13 22:20:42.176705: 
2026-06-13 22:20:42.177950: Epoch 530
2026-06-13 22:20:42.179294: Current learning rate: 0.00507
2026-06-13 22:21:04.635288: train_loss -0.6428
2026-06-13 22:21:04.637642: val_loss -0.5386
2026-06-13 22:21:04.638922: Pseudo dice [0.5862]
2026-06-13 22:21:04.640105: Epoch time: 22.46 s
2026-06-13 22:21:05.589065: 
2026-06-13 22:21:05.590483: Epoch 531
2026-06-13 22:21:05.591653: Current learning rate: 0.00506
2026-06-13 22:21:28.016072: train_loss -0.6544
2026-06-13 22:21:28.018723: val_loss -0.6047
2026-06-13 22:21:28.020065: Pseudo dice [0.6124]
2026-06-13 22:21:28.021255: Epoch time: 22.43 s
2026-06-13 22:21:28.961092: 
2026-06-13 22:21:28.962382: Epoch 532
2026-06-13 22:21:28.963497: Current learning rate: 0.00505
2026-06-13 22:21:51.379800: train_loss -0.6795
2026-06-13 22:21:51.382433: val_loss -0.5535
2026-06-13 22:21:51.383741: Pseudo dice [0.586]
2026-06-13 22:21:51.384895: Epoch time: 22.42 s
2026-06-13 22:21:52.319566: 
2026-06-13 22:21:52.320882: Epoch 533
2026-06-13 22:21:52.322106: Current learning rate: 0.00504
2026-06-13 22:22:14.867215: train_loss -0.6876
2026-06-13 22:22:14.869761: val_loss -0.524
2026-06-13 22:22:14.871003: Pseudo dice [0.4695]
2026-06-13 22:22:14.872162: Epoch time: 22.55 s
2026-06-13 22:22:15.803052: 
2026-06-13 22:22:15.804367: Epoch 534
2026-06-13 22:22:15.805580: Current learning rate: 0.00503
2026-06-13 22:22:38.250011: train_loss -0.6269
2026-06-13 22:22:38.252303: val_loss -0.5322
2026-06-13 22:22:38.253499: Pseudo dice [0.5851]
2026-06-13 22:22:38.255007: Epoch time: 22.45 s
2026-06-13 22:22:39.200239: 
2026-06-13 22:22:39.201555: Epoch 535
2026-06-13 22:22:39.202747: Current learning rate: 0.00502
2026-06-13 22:23:01.823098: train_loss -0.6118
2026-06-13 22:23:01.825728: val_loss -0.5679
2026-06-13 22:23:01.827039: Pseudo dice [0.5991]
2026-06-13 22:23:01.828212: Epoch time: 22.62 s
2026-06-13 22:23:02.769040: 
2026-06-13 22:23:02.770372: Epoch 536
2026-06-13 22:23:02.771646: Current learning rate: 0.00501
2026-06-13 22:23:25.261328: train_loss -0.6464
2026-06-13 22:23:25.263640: val_loss -0.5278
2026-06-13 22:23:25.264826: Pseudo dice [0.224]
2026-06-13 22:23:25.266135: Epoch time: 22.49 s
2026-06-13 22:23:26.207195: 
2026-06-13 22:23:26.208574: Epoch 537
2026-06-13 22:23:26.209943: Current learning rate: 0.005
2026-06-13 22:23:48.777045: train_loss -0.6533
2026-06-13 22:23:48.779483: val_loss -0.5822
2026-06-13 22:23:48.780773: Pseudo dice [0.6178]
2026-06-13 22:23:48.782072: Epoch time: 22.57 s
2026-06-13 22:23:50.274776: 
2026-06-13 22:23:50.276074: Epoch 538
2026-06-13 22:23:50.278018: Current learning rate: 0.00499
2026-06-13 22:24:12.825663: train_loss -0.6522
2026-06-13 22:24:12.828282: val_loss -0.5685
2026-06-13 22:24:12.829528: Pseudo dice [0.5935]
2026-06-13 22:24:12.830721: Epoch time: 22.55 s
2026-06-13 22:24:13.763103: 
2026-06-13 22:24:13.764425: Epoch 539
2026-06-13 22:24:13.765672: Current learning rate: 0.00498
2026-06-13 22:24:36.299385: train_loss -0.6215
2026-06-13 22:24:36.301866: val_loss -0.5711
2026-06-13 22:24:36.303198: Pseudo dice [0.6116]
2026-06-13 22:24:36.304538: Epoch time: 22.54 s
2026-06-13 22:24:37.238475: 
2026-06-13 22:24:37.239809: Epoch 540
2026-06-13 22:24:37.241030: Current learning rate: 0.00497
2026-06-13 22:24:59.819203: train_loss -0.6445
2026-06-13 22:24:59.821377: val_loss -0.5769
2026-06-13 22:24:59.822684: Pseudo dice [0.4911]
2026-06-13 22:24:59.823879: Epoch time: 22.58 s
2026-06-13 22:25:00.754843: 
2026-06-13 22:25:00.756261: Epoch 541
2026-06-13 22:25:00.757472: Current learning rate: 0.00496
2026-06-13 22:25:23.186023: train_loss -0.6513
2026-06-13 22:25:23.188779: val_loss -0.6101
2026-06-13 22:25:23.190044: Pseudo dice [0.6319]
2026-06-13 22:25:23.191301: Epoch time: 22.43 s
2026-06-13 22:25:24.117209: 
2026-06-13 22:25:24.118857: Epoch 542
2026-06-13 22:25:24.120143: Current learning rate: 0.00495
2026-06-13 22:25:46.683313: train_loss -0.6044
2026-06-13 22:25:46.687607: val_loss -0.5366
2026-06-13 22:25:46.688955: Pseudo dice [0.5536]
2026-06-13 22:25:46.690258: Epoch time: 22.57 s
2026-06-13 22:25:47.622668: 
2026-06-13 22:25:47.624144: Epoch 543
2026-06-13 22:25:47.625879: Current learning rate: 0.00494
2026-06-13 22:26:10.116307: train_loss -0.564
2026-06-13 22:26:10.124974: val_loss -0.5641
2026-06-13 22:26:10.130036: Pseudo dice [0.6022]
2026-06-13 22:26:10.135681: Epoch time: 22.49 s
2026-06-13 22:26:11.088778: 
2026-06-13 22:26:11.090118: Epoch 544
2026-06-13 22:26:11.091365: Current learning rate: 0.00493
2026-06-13 22:26:33.556768: train_loss -0.6273
2026-06-13 22:26:33.559590: val_loss -0.577
2026-06-13 22:26:33.560898: Pseudo dice [0.5834]
2026-06-13 22:26:33.562181: Epoch time: 22.47 s
2026-06-13 22:26:34.498757: 
2026-06-13 22:26:34.500257: Epoch 545
2026-06-13 22:26:34.501590: Current learning rate: 0.00492
2026-06-13 22:26:57.047657: train_loss -0.6332
2026-06-13 22:26:57.049956: val_loss -0.5442
2026-06-13 22:26:57.051284: Pseudo dice [0.581]
2026-06-13 22:26:57.052504: Epoch time: 22.55 s
2026-06-13 22:26:57.984344: 
2026-06-13 22:26:57.985630: Epoch 546
2026-06-13 22:26:57.986890: Current learning rate: 0.00491
2026-06-13 22:27:20.360329: train_loss -0.6441
2026-06-13 22:27:20.362825: val_loss -0.534
2026-06-13 22:27:20.364125: Pseudo dice [0.5495]
2026-06-13 22:27:20.365373: Epoch time: 22.38 s
2026-06-13 22:27:21.293342: 
2026-06-13 22:27:21.294655: Epoch 547
2026-06-13 22:27:21.295865: Current learning rate: 0.0049
2026-06-13 22:27:43.754602: train_loss -0.6148
2026-06-13 22:27:43.757497: val_loss -0.5441
2026-06-13 22:27:43.758772: Pseudo dice [0.5632]
2026-06-13 22:27:43.759982: Epoch time: 22.46 s
2026-06-13 22:27:44.693101: 
2026-06-13 22:27:44.694333: Epoch 548
2026-06-13 22:27:44.695554: Current learning rate: 0.00489
2026-06-13 22:28:07.178949: train_loss -0.6513
2026-06-13 22:28:07.181377: val_loss -0.5487
2026-06-13 22:28:07.182751: Pseudo dice [0.2831]
2026-06-13 22:28:07.183990: Epoch time: 22.49 s
2026-06-13 22:28:08.121415: 
2026-06-13 22:28:08.122627: Epoch 549
2026-06-13 22:28:08.123940: Current learning rate: 0.00488
2026-06-13 22:28:30.605562: train_loss -0.6368
2026-06-13 22:28:30.607880: val_loss -0.5385
2026-06-13 22:28:30.609188: Pseudo dice [0.5588]
2026-06-13 22:28:30.610397: Epoch time: 22.49 s
2026-06-13 22:28:32.039748: 
2026-06-13 22:28:32.041073: Epoch 550
2026-06-13 22:28:32.042320: Current learning rate: 0.00487
2026-06-13 22:28:54.503367: train_loss -0.6415
2026-06-13 22:28:54.519949: val_loss -0.5907
2026-06-13 22:28:54.521490: Pseudo dice [0.6086]
2026-06-13 22:28:54.522813: Epoch time: 22.46 s
2026-06-13 22:28:55.461402: 
2026-06-13 22:28:55.462735: Epoch 551
2026-06-13 22:28:55.464008: Current learning rate: 0.00486
2026-06-13 22:29:17.955507: train_loss -0.6642
2026-06-13 22:29:17.957910: val_loss -0.5234
2026-06-13 22:29:17.959316: Pseudo dice [0.2806]
2026-06-13 22:29:17.960624: Epoch time: 22.5 s
2026-06-13 22:29:18.900810: 
2026-06-13 22:29:18.902278: Epoch 552
2026-06-13 22:29:18.903563: Current learning rate: 0.00485
2026-06-13 22:29:41.276744: train_loss -0.6606
2026-06-13 22:29:41.279300: val_loss -0.5573
2026-06-13 22:29:41.280544: Pseudo dice [0.5846]
2026-06-13 22:29:41.281756: Epoch time: 22.38 s
2026-06-13 22:29:42.222270: 
2026-06-13 22:29:42.224193: Epoch 553
2026-06-13 22:29:42.225741: Current learning rate: 0.00484
2026-06-13 22:30:04.657914: train_loss -0.627
2026-06-13 22:30:04.660704: val_loss -0.5525
2026-06-13 22:30:04.661934: Pseudo dice [0.5712]
2026-06-13 22:30:04.663198: Epoch time: 22.44 s
2026-06-13 22:30:05.605058: 
2026-06-13 22:30:05.606360: Epoch 554
2026-06-13 22:30:05.607533: Current learning rate: 0.00484
2026-06-13 22:30:28.086508: train_loss -0.6143
2026-06-13 22:30:28.089011: val_loss -0.5483
2026-06-13 22:30:28.090319: Pseudo dice [0.5599]
2026-06-13 22:30:28.091559: Epoch time: 22.48 s
2026-06-13 22:30:29.584222: 
2026-06-13 22:30:29.585604: Epoch 555
2026-06-13 22:30:29.586987: Current learning rate: 0.00483
2026-06-13 22:30:52.084590: train_loss -0.6597
2026-06-13 22:30:52.087017: val_loss -0.5742
2026-06-13 22:30:52.088560: Pseudo dice [0.5908]
2026-06-13 22:30:52.089947: Epoch time: 22.5 s
2026-06-13 22:30:53.031696: 
2026-06-13 22:30:53.033077: Epoch 556
2026-06-13 22:30:53.034354: Current learning rate: 0.00482
2026-06-13 22:31:15.478418: train_loss -0.6665
2026-06-13 22:31:15.481741: val_loss -0.6122
2026-06-13 22:31:15.483973: Pseudo dice [0.631]
2026-06-13 22:31:15.486650: Epoch time: 22.45 s
2026-06-13 22:31:16.416465: 
2026-06-13 22:31:16.417844: Epoch 557
2026-06-13 22:31:16.419537: Current learning rate: 0.00481
2026-06-13 22:31:39.096272: train_loss -0.6915
2026-06-13 22:31:39.098913: val_loss -0.5712
2026-06-13 22:31:39.100467: Pseudo dice [0.5753]
2026-06-13 22:31:39.101634: Epoch time: 22.68 s
2026-06-13 22:31:40.043705: 
2026-06-13 22:31:40.045263: Epoch 558
2026-06-13 22:31:40.046613: Current learning rate: 0.0048
2026-06-13 22:32:02.471524: train_loss -0.6586
2026-06-13 22:32:02.474211: val_loss -0.5679
2026-06-13 22:32:02.475694: Pseudo dice [0.5727]
2026-06-13 22:32:02.477166: Epoch time: 22.43 s
2026-06-13 22:32:03.423232: 
2026-06-13 22:32:03.424668: Epoch 559
2026-06-13 22:32:03.426103: Current learning rate: 0.00479
2026-06-13 22:32:25.964995: train_loss -0.676
2026-06-13 22:32:25.967767: val_loss -0.5424
2026-06-13 22:32:25.969011: Pseudo dice [0.5799]
2026-06-13 22:32:25.970993: Epoch time: 22.54 s
2026-06-13 22:32:26.919121: 
2026-06-13 22:32:26.920446: Epoch 560
2026-06-13 22:32:26.921651: Current learning rate: 0.00478
2026-06-13 22:32:49.430252: train_loss -0.6721
2026-06-13 22:32:49.432990: val_loss -0.5766
2026-06-13 22:32:49.434356: Pseudo dice [0.6134]
2026-06-13 22:32:49.435533: Epoch time: 22.51 s
2026-06-13 22:32:50.371864: 
2026-06-13 22:32:50.373233: Epoch 561
2026-06-13 22:32:50.374499: Current learning rate: 0.00477
2026-06-13 22:33:12.911609: train_loss -0.6432
2026-06-13 22:33:12.913986: val_loss -0.5556
2026-06-13 22:33:12.915215: Pseudo dice [0.5725]
2026-06-13 22:33:12.916514: Epoch time: 22.54 s
2026-06-13 22:33:13.867420: 
2026-06-13 22:33:13.868785: Epoch 562
2026-06-13 22:33:13.870028: Current learning rate: 0.00476
2026-06-13 22:33:36.311484: train_loss -0.6473
2026-06-13 22:33:36.314072: val_loss -0.5797
2026-06-13 22:33:36.315316: Pseudo dice [0.6018]
2026-06-13 22:33:36.316600: Epoch time: 22.44 s
2026-06-13 22:33:37.257587: 
2026-06-13 22:33:37.258957: Epoch 563
2026-06-13 22:33:37.260170: Current learning rate: 0.00475
2026-06-13 22:33:59.688956: train_loss -0.671
2026-06-13 22:33:59.691567: val_loss -0.5329
2026-06-13 22:33:59.692890: Pseudo dice [0.5496]
2026-06-13 22:33:59.694141: Epoch time: 22.43 s
2026-06-13 22:34:00.626120: 
2026-06-13 22:34:00.627529: Epoch 564
2026-06-13 22:34:00.628756: Current learning rate: 0.00474
2026-06-13 22:34:23.093199: train_loss -0.6127
2026-06-13 22:34:23.095755: val_loss -0.5586
2026-06-13 22:34:23.097036: Pseudo dice [0.5996]
2026-06-13 22:34:23.098249: Epoch time: 22.47 s
2026-06-13 22:34:24.028774: 
2026-06-13 22:34:24.030203: Epoch 565
2026-06-13 22:34:24.031381: Current learning rate: 0.00473
2026-06-13 22:34:46.515318: train_loss -0.6338
2026-06-13 22:34:46.517896: val_loss -0.5815
2026-06-13 22:34:46.519135: Pseudo dice [0.6001]
2026-06-13 22:34:46.520550: Epoch time: 22.49 s
2026-06-13 22:34:47.458998: 
2026-06-13 22:34:47.460276: Epoch 566
2026-06-13 22:34:47.461498: Current learning rate: 0.00472
2026-06-13 22:35:10.027253: train_loss -0.6306
2026-06-13 22:35:10.029696: val_loss -0.5701
2026-06-13 22:35:10.030980: Pseudo dice [0.5887]
2026-06-13 22:35:10.032143: Epoch time: 22.57 s
2026-06-13 22:35:10.975884: 
2026-06-13 22:35:10.977144: Epoch 567
2026-06-13 22:35:10.978438: Current learning rate: 0.00471
2026-06-13 22:35:33.637279: train_loss -0.6305
2026-06-13 22:35:33.639344: val_loss -0.5932
2026-06-13 22:35:33.640613: Pseudo dice [0.4558]
2026-06-13 22:35:33.642301: Epoch time: 22.66 s
2026-06-13 22:35:34.586931: 
2026-06-13 22:35:34.588255: Epoch 568
2026-06-13 22:35:34.589491: Current learning rate: 0.0047
2026-06-13 22:35:57.127367: train_loss -0.6557
2026-06-13 22:35:57.130058: val_loss -0.6095
2026-06-13 22:35:57.131321: Pseudo dice [0.6337]
2026-06-13 22:35:57.132607: Epoch time: 22.54 s
2026-06-13 22:35:58.074900: 
2026-06-13 22:35:58.076212: Epoch 569
2026-06-13 22:35:58.077361: Current learning rate: 0.00469
2026-06-13 22:36:20.696661: train_loss -0.6552
2026-06-13 22:36:20.700075: val_loss -0.6267
2026-06-13 22:36:20.701451: Pseudo dice [0.638]
2026-06-13 22:36:20.702752: Epoch time: 22.62 s
2026-06-13 22:36:21.640889: 
2026-06-13 22:36:21.642384: Epoch 570
2026-06-13 22:36:21.643789: Current learning rate: 0.00468
2026-06-13 22:36:44.048536: train_loss -0.6135
2026-06-13 22:36:44.050626: val_loss -0.6113
2026-06-13 22:36:44.051871: Pseudo dice [0.6314]
2026-06-13 22:36:44.053110: Epoch time: 22.41 s
2026-06-13 22:36:45.001275: 
2026-06-13 22:36:45.002589: Epoch 571
2026-06-13 22:36:45.003749: Current learning rate: 0.00467
2026-06-13 22:37:07.652633: train_loss -0.6309
2026-06-13 22:37:07.655456: val_loss -0.5586
2026-06-13 22:37:07.656754: Pseudo dice [0.566]
2026-06-13 22:37:07.658001: Epoch time: 22.65 s
2026-06-13 22:37:08.592338: 
2026-06-13 22:37:08.593663: Epoch 572
2026-06-13 22:37:08.594822: Current learning rate: 0.00466
2026-06-13 22:37:31.823804: train_loss -0.6534
2026-06-13 22:37:31.826667: val_loss -0.5577
2026-06-13 22:37:31.827884: Pseudo dice [0.3779]
2026-06-13 22:37:31.829112: Epoch time: 23.23 s
2026-06-13 22:37:32.770353: 
2026-06-13 22:37:32.771780: Epoch 573
2026-06-13 22:37:32.773013: Current learning rate: 0.00465
2026-06-13 22:37:55.327847: train_loss -0.6544
2026-06-13 22:37:55.330055: val_loss -0.6044
2026-06-13 22:37:55.331347: Pseudo dice [0.6197]
2026-06-13 22:37:55.332587: Epoch time: 22.56 s
2026-06-13 22:37:56.267876: 
2026-06-13 22:37:56.269290: Epoch 574
2026-06-13 22:37:56.270658: Current learning rate: 0.00464
2026-06-13 22:38:18.699163: train_loss -0.6601
2026-06-13 22:38:18.701906: val_loss -0.5719
2026-06-13 22:38:18.703211: Pseudo dice [0.5962]
2026-06-13 22:38:18.704403: Epoch time: 22.43 s
2026-06-13 22:38:19.658860: 
2026-06-13 22:38:19.660254: Epoch 575
2026-06-13 22:38:19.661555: Current learning rate: 0.00463
2026-06-13 22:38:42.150989: train_loss -0.6851
2026-06-13 22:38:42.153387: val_loss -0.5705
2026-06-13 22:38:42.154674: Pseudo dice [0.3572]
2026-06-13 22:38:42.155876: Epoch time: 22.49 s
2026-06-13 22:38:43.096395: 
2026-06-13 22:38:43.097687: Epoch 576
2026-06-13 22:38:43.099016: Current learning rate: 0.00462
2026-06-13 22:39:05.599698: train_loss -0.6872
2026-06-13 22:39:05.602401: val_loss -0.5886
2026-06-13 22:39:05.603773: Pseudo dice [0.5994]
2026-06-13 22:39:05.605166: Epoch time: 22.5 s
2026-06-13 22:39:06.543247: 
2026-06-13 22:39:06.544703: Epoch 577
2026-06-13 22:39:06.546051: Current learning rate: 0.00461
2026-06-13 22:39:29.097123: train_loss -0.6972
2026-06-13 22:39:29.099905: val_loss -0.5576
2026-06-13 22:39:29.101279: Pseudo dice [0.5913]
2026-06-13 22:39:29.102548: Epoch time: 22.55 s
2026-06-13 22:39:30.064111: 
2026-06-13 22:39:30.065450: Epoch 578
2026-06-13 22:39:30.066686: Current learning rate: 0.0046
2026-06-13 22:39:52.741266: train_loss -0.6733
2026-06-13 22:39:52.744079: val_loss -0.5883
2026-06-13 22:39:52.745416: Pseudo dice [0.6033]
2026-06-13 22:39:52.746856: Epoch time: 22.68 s
2026-06-13 22:39:53.689665: 
2026-06-13 22:39:53.691716: Epoch 579
2026-06-13 22:39:53.693019: Current learning rate: 0.00459
2026-06-13 22:40:16.242999: train_loss -0.6613
2026-06-13 22:40:16.246125: val_loss -0.5518
2026-06-13 22:40:16.247531: Pseudo dice [0.5782]
2026-06-13 22:40:16.249660: Epoch time: 22.55 s
2026-06-13 22:40:17.190999: 
2026-06-13 22:40:17.192361: Epoch 580
2026-06-13 22:40:17.193614: Current learning rate: 0.00458
2026-06-13 22:40:39.723471: train_loss -0.6264
2026-06-13 22:40:39.726438: val_loss -0.5408
2026-06-13 22:40:39.727714: Pseudo dice [0.5509]
2026-06-13 22:40:39.728955: Epoch time: 22.53 s
2026-06-13 22:40:40.684474: 
2026-06-13 22:40:40.685822: Epoch 581
2026-06-13 22:40:40.687005: Current learning rate: 0.00457
2026-06-13 22:41:03.259742: train_loss -0.652
2026-06-13 22:41:03.262234: val_loss -0.5758
2026-06-13 22:41:03.263667: Pseudo dice [0.598]
2026-06-13 22:41:03.264914: Epoch time: 22.58 s
2026-06-13 22:41:04.209902: 
2026-06-13 22:41:04.211180: Epoch 582
2026-06-13 22:41:04.212550: Current learning rate: 0.00456
2026-06-13 22:41:26.889009: train_loss -0.6148
2026-06-13 22:41:26.891910: val_loss -0.5426
2026-06-13 22:41:26.893163: Pseudo dice [0.2876]
2026-06-13 22:41:26.894482: Epoch time: 22.68 s
2026-06-13 22:41:27.843067: 
2026-06-13 22:41:27.844261: Epoch 583
2026-06-13 22:41:27.845438: Current learning rate: 0.00455
2026-06-13 22:41:50.341582: train_loss -0.655
2026-06-13 22:41:50.344167: val_loss -0.5965
2026-06-13 22:41:50.345655: Pseudo dice [0.6253]
2026-06-13 22:41:50.346923: Epoch time: 22.5 s
2026-06-13 22:41:51.292502: 
2026-06-13 22:41:51.293900: Epoch 584
2026-06-13 22:41:51.295291: Current learning rate: 0.00454
2026-06-13 22:42:13.880571: train_loss -0.6387
2026-06-13 22:42:13.884770: val_loss -0.5608
2026-06-13 22:42:13.886171: Pseudo dice [0.4491]
2026-06-13 22:42:13.887472: Epoch time: 22.59 s
2026-06-13 22:42:14.832653: 
2026-06-13 22:42:14.834052: Epoch 585
2026-06-13 22:42:14.835339: Current learning rate: 0.00453
2026-06-13 22:42:37.388022: train_loss -0.6639
2026-06-13 22:42:37.390879: val_loss -0.5697
2026-06-13 22:42:37.392141: Pseudo dice [0.6166]
2026-06-13 22:42:37.393399: Epoch time: 22.56 s
2026-06-13 22:42:38.341602: 
2026-06-13 22:42:38.343309: Epoch 586
2026-06-13 22:42:38.344994: Current learning rate: 0.00452
2026-06-13 22:43:00.846210: train_loss -0.6614
2026-06-13 22:43:00.848522: val_loss -0.5543
2026-06-13 22:43:00.850204: Pseudo dice [0.5942]
2026-06-13 22:43:00.851470: Epoch time: 22.51 s
2026-06-13 22:43:01.808126: 
2026-06-13 22:43:01.809654: Epoch 587
2026-06-13 22:43:01.810875: Current learning rate: 0.00451
2026-06-13 22:43:24.376377: train_loss -0.6367
2026-06-13 22:43:24.378813: val_loss -0.5448
2026-06-13 22:43:24.380042: Pseudo dice [0.2482]
2026-06-13 22:43:24.381297: Epoch time: 22.57 s
2026-06-13 22:43:25.330956: 
2026-06-13 22:43:25.332190: Epoch 588
2026-06-13 22:43:25.333484: Current learning rate: 0.0045
2026-06-13 22:43:47.619886: train_loss -0.6417
2026-06-13 22:43:47.622240: val_loss -0.4555
2026-06-13 22:43:47.623467: Pseudo dice [0.1412]
2026-06-13 22:43:47.624855: Epoch time: 22.29 s
2026-06-13 22:43:49.129532: 
2026-06-13 22:43:49.131168: Epoch 589
2026-06-13 22:43:49.132398: Current learning rate: 0.00449
2026-06-13 22:44:11.708037: train_loss -0.6288
2026-06-13 22:44:11.710690: val_loss -0.5683
2026-06-13 22:44:11.711881: Pseudo dice [0.6045]
2026-06-13 22:44:11.713033: Epoch time: 22.58 s
2026-06-13 22:44:12.659709: 
2026-06-13 22:44:12.661011: Epoch 590
2026-06-13 22:44:12.662265: Current learning rate: 0.00448
2026-06-13 22:44:35.140182: train_loss -0.6789
2026-06-13 22:44:35.142443: val_loss -0.576
2026-06-13 22:44:35.143656: Pseudo dice [0.5973]
2026-06-13 22:44:35.145004: Epoch time: 22.48 s
2026-06-13 22:44:36.092409: 
2026-06-13 22:44:36.093823: Epoch 591
2026-06-13 22:44:36.095029: Current learning rate: 0.00447
2026-06-13 22:44:58.627051: train_loss -0.6874
2026-06-13 22:44:58.629566: val_loss -0.6092
2026-06-13 22:44:58.630917: Pseudo dice [0.6275]
2026-06-13 22:44:58.632186: Epoch time: 22.54 s
2026-06-13 22:44:59.577853: 
2026-06-13 22:44:59.579307: Epoch 592
2026-06-13 22:44:59.580475: Current learning rate: 0.00446
2026-06-13 22:45:22.017283: train_loss -0.6849
2026-06-13 22:45:22.020062: val_loss -0.6415
2026-06-13 22:45:22.021313: Pseudo dice [0.664]
2026-06-13 22:45:22.022462: Epoch time: 22.44 s
2026-06-13 22:45:22.983220: 
2026-06-13 22:45:22.984488: Epoch 593
2026-06-13 22:45:22.985746: Current learning rate: 0.00445
2026-06-13 22:45:45.537450: train_loss -0.6808
2026-06-13 22:45:45.539677: val_loss -0.5539
2026-06-13 22:45:45.540943: Pseudo dice [0.5868]
2026-06-13 22:45:45.542131: Epoch time: 22.56 s
2026-06-13 22:45:46.498147: 
2026-06-13 22:45:46.499532: Epoch 594
2026-06-13 22:45:46.500845: Current learning rate: 0.00444
2026-06-13 22:46:09.012827: train_loss -0.6731
2026-06-13 22:46:09.015292: val_loss -0.5633
2026-06-13 22:46:09.016557: Pseudo dice [0.6028]
2026-06-13 22:46:09.017795: Epoch time: 22.52 s
2026-06-13 22:46:09.968177: 
2026-06-13 22:46:09.969568: Epoch 595
2026-06-13 22:46:09.970773: Current learning rate: 0.00443
2026-06-13 22:46:32.448744: train_loss -0.6637
2026-06-13 22:46:32.451708: val_loss -0.571
2026-06-13 22:46:32.452991: Pseudo dice [0.6082]
2026-06-13 22:46:32.454108: Epoch time: 22.48 s
2026-06-13 22:46:33.414159: 
2026-06-13 22:46:33.415409: Epoch 596
2026-06-13 22:46:33.416645: Current learning rate: 0.00442
2026-06-13 22:46:55.901035: train_loss -0.6968
2026-06-13 22:46:55.903419: val_loss -0.5761
2026-06-13 22:46:55.904628: Pseudo dice [0.6101]
2026-06-13 22:46:55.905849: Epoch time: 22.49 s
2026-06-13 22:46:56.859933: 
2026-06-13 22:46:56.861474: Epoch 597
2026-06-13 22:46:56.862655: Current learning rate: 0.00441
2026-06-13 22:47:19.370631: train_loss -0.6381
2026-06-13 22:47:19.375296: val_loss -0.5706
2026-06-13 22:47:19.376617: Pseudo dice [0.6123]
2026-06-13 22:47:19.377955: Epoch time: 22.51 s
2026-06-13 22:47:20.334684: 
2026-06-13 22:47:20.336032: Epoch 598
2026-06-13 22:47:20.337311: Current learning rate: 0.0044
2026-06-13 22:47:42.797749: train_loss -0.6636
2026-06-13 22:47:42.800619: val_loss -0.543
2026-06-13 22:47:42.801905: Pseudo dice [0.5955]
2026-06-13 22:47:42.803052: Epoch time: 22.46 s
2026-06-13 22:47:43.749112: 
2026-06-13 22:47:43.750426: Epoch 599
2026-06-13 22:47:43.751594: Current learning rate: 0.00439
2026-06-13 22:48:06.142949: train_loss -0.6726
2026-06-13 22:48:06.145433: val_loss -0.5629
2026-06-13 22:48:06.146698: Pseudo dice [0.5832]
2026-06-13 22:48:06.147886: Epoch time: 22.39 s
2026-06-13 22:48:07.588173: 
2026-06-13 22:48:07.593695: Epoch 600
2026-06-13 22:48:07.594867: Current learning rate: 0.00438
2026-06-13 22:48:30.048222: train_loss -0.6783
2026-06-13 22:48:30.050880: val_loss -0.5733
2026-06-13 22:48:30.052368: Pseudo dice [0.6106]
2026-06-13 22:48:30.053758: Epoch time: 22.46 s
2026-06-13 22:48:30.992800: 
2026-06-13 22:48:30.994160: Epoch 601
2026-06-13 22:48:30.995326: Current learning rate: 0.00437
2026-06-13 22:48:53.560618: train_loss -0.6754
2026-06-13 22:48:53.563515: val_loss -0.5472
2026-06-13 22:48:53.564784: Pseudo dice [0.5809]
2026-06-13 22:48:53.566103: Epoch time: 22.57 s
2026-06-13 22:48:54.510679: 
2026-06-13 22:48:54.512113: Epoch 602
2026-06-13 22:48:54.513247: Current learning rate: 0.00436
2026-06-13 22:49:16.927884: train_loss -0.697
2026-06-13 22:49:16.930250: val_loss -0.6181
2026-06-13 22:49:16.931515: Pseudo dice [0.6335]
2026-06-13 22:49:16.932745: Epoch time: 22.42 s
2026-06-13 22:49:17.884212: 
2026-06-13 22:49:17.885597: Epoch 603
2026-06-13 22:49:17.886787: Current learning rate: 0.00435
2026-06-13 22:49:40.434807: train_loss -0.6924
2026-06-13 22:49:40.437041: val_loss -0.5672
2026-06-13 22:49:40.438251: Pseudo dice [0.6139]
2026-06-13 22:49:40.439527: Epoch time: 22.55 s
2026-06-13 22:49:41.399449: 
2026-06-13 22:49:41.400744: Epoch 604
2026-06-13 22:49:41.401922: Current learning rate: 0.00434
2026-06-13 22:50:03.882937: train_loss -0.6737
2026-06-13 22:50:03.886010: val_loss -0.5342
2026-06-13 22:50:03.889585: Pseudo dice [0.5725]
2026-06-13 22:50:03.890789: Epoch time: 22.48 s
2026-06-13 22:50:04.833033: 
2026-06-13 22:50:04.834367: Epoch 605
2026-06-13 22:50:04.835553: Current learning rate: 0.00433
2026-06-13 22:50:27.362377: train_loss -0.6821
2026-06-13 22:50:27.364707: val_loss -0.5652
2026-06-13 22:50:27.365915: Pseudo dice [0.6095]
2026-06-13 22:50:27.367211: Epoch time: 22.53 s
2026-06-13 22:50:28.896654: 
2026-06-13 22:50:28.898029: Epoch 606
2026-06-13 22:50:28.899399: Current learning rate: 0.00432
2026-06-13 22:50:51.424459: train_loss -0.6499
2026-06-13 22:50:51.426661: val_loss -0.5108
2026-06-13 22:50:51.427928: Pseudo dice [0.5689]
2026-06-13 22:50:51.429175: Epoch time: 22.53 s
2026-06-13 22:50:52.373521: 
2026-06-13 22:50:52.374861: Epoch 607
2026-06-13 22:50:52.376151: Current learning rate: 0.00431
2026-06-13 22:51:14.972070: train_loss -0.6124
2026-06-13 22:51:14.975810: val_loss -0.4712
2026-06-13 22:51:14.977056: Pseudo dice [0.2089]
2026-06-13 22:51:14.978271: Epoch time: 22.6 s
2026-06-13 22:51:15.920836: 
2026-06-13 22:51:15.922405: Epoch 608
2026-06-13 22:51:15.923732: Current learning rate: 0.0043
2026-06-13 22:51:38.398627: train_loss -0.6595
2026-06-13 22:51:38.401275: val_loss -0.5212
2026-06-13 22:51:38.402453: Pseudo dice [0.2289]
2026-06-13 22:51:38.403697: Epoch time: 22.48 s
2026-06-13 22:51:39.346993: 
2026-06-13 22:51:39.348339: Epoch 609
2026-06-13 22:51:39.349580: Current learning rate: 0.00429
2026-06-13 22:52:01.853319: train_loss -0.6711
2026-06-13 22:52:01.855535: val_loss -0.6157
2026-06-13 22:52:01.856851: Pseudo dice [0.6164]
2026-06-13 22:52:01.858039: Epoch time: 22.51 s
2026-06-13 22:52:02.808241: 
2026-06-13 22:52:02.809601: Epoch 610
2026-06-13 22:52:02.810878: Current learning rate: 0.00429
2026-06-13 22:52:25.304665: train_loss -0.6535
2026-06-13 22:52:25.307561: val_loss -0.5276
2026-06-13 22:52:25.308866: Pseudo dice [0.5656]
2026-06-13 22:52:25.310015: Epoch time: 22.5 s
2026-06-13 22:52:26.274481: 
2026-06-13 22:52:26.275719: Epoch 611
2026-06-13 22:52:26.276973: Current learning rate: 0.00428
2026-06-13 22:52:48.742218: train_loss -0.6472
2026-06-13 22:52:48.744444: val_loss -0.4796
2026-06-13 22:52:48.745717: Pseudo dice [0.5236]
2026-06-13 22:52:48.747029: Epoch time: 22.47 s
2026-06-13 22:52:49.706347: 
2026-06-13 22:52:49.707912: Epoch 612
2026-06-13 22:52:49.709193: Current learning rate: 0.00427
2026-06-13 22:53:12.266003: train_loss -0.635
2026-06-13 22:53:12.268430: val_loss -0.5729
2026-06-13 22:53:12.269814: Pseudo dice [0.5802]
2026-06-13 22:53:12.271025: Epoch time: 22.56 s
2026-06-13 22:53:13.232085: 
2026-06-13 22:53:13.233434: Epoch 613
2026-06-13 22:53:13.234723: Current learning rate: 0.00426
2026-06-13 22:53:35.721715: train_loss -0.6759
2026-06-13 22:53:35.724489: val_loss -0.5706
2026-06-13 22:53:35.725821: Pseudo dice [0.6092]
2026-06-13 22:53:35.727078: Epoch time: 22.49 s
2026-06-13 22:53:36.682074: 
2026-06-13 22:53:36.683624: Epoch 614
2026-06-13 22:53:36.684883: Current learning rate: 0.00425
2026-06-13 22:53:59.285944: train_loss -0.693
2026-06-13 22:53:59.288236: val_loss -0.5711
2026-06-13 22:53:59.289473: Pseudo dice [0.4659]
2026-06-13 22:53:59.290992: Epoch time: 22.6 s
2026-06-13 22:54:00.272250: 
2026-06-13 22:54:00.273585: Epoch 615
2026-06-13 22:54:00.274721: Current learning rate: 0.00424
2026-06-13 22:54:22.711663: train_loss -0.6783
2026-06-13 22:54:22.713758: val_loss -0.5876
2026-06-13 22:54:22.715276: Pseudo dice [0.6412]
2026-06-13 22:54:22.716611: Epoch time: 22.44 s
2026-06-13 22:54:23.675178: 
2026-06-13 22:54:23.676491: Epoch 616
2026-06-13 22:54:23.678220: Current learning rate: 0.00423
2026-06-13 22:54:46.045701: train_loss -0.6899
2026-06-13 22:54:46.048331: val_loss -0.5817
2026-06-13 22:54:46.049466: Pseudo dice [0.6058]
2026-06-13 22:54:46.050740: Epoch time: 22.37 s
2026-06-13 22:54:47.028210: 
2026-06-13 22:54:47.029541: Epoch 617
2026-06-13 22:54:47.030825: Current learning rate: 0.00422
2026-06-13 22:55:09.453454: train_loss -0.6746
2026-06-13 22:55:09.455855: val_loss -0.5638
2026-06-13 22:55:09.457094: Pseudo dice [0.6016]
2026-06-13 22:55:09.459045: Epoch time: 22.43 s
2026-06-13 22:55:10.447163: 
2026-06-13 22:55:10.448501: Epoch 618
2026-06-13 22:55:10.449726: Current learning rate: 0.00421
2026-06-13 22:55:32.973075: train_loss -0.6199
2026-06-13 22:55:32.975763: val_loss -0.5468
2026-06-13 22:55:32.977026: Pseudo dice [0.3788]
2026-06-13 22:55:32.978257: Epoch time: 22.53 s
2026-06-13 22:55:33.990536: 
2026-06-13 22:55:33.991955: Epoch 619
2026-06-13 22:55:33.993230: Current learning rate: 0.0042
2026-06-13 22:55:56.434838: train_loss -0.6549
2026-06-13 22:55:56.437390: val_loss -0.4911
2026-06-13 22:55:56.438596: Pseudo dice [0.3345]
2026-06-13 22:55:56.439990: Epoch time: 22.45 s
2026-06-13 22:55:57.404293: 
2026-06-13 22:55:57.405571: Epoch 620
2026-06-13 22:55:57.406800: Current learning rate: 0.00419
2026-06-13 22:56:19.910506: train_loss -0.6404
2026-06-13 22:56:19.915878: val_loss -0.5441
2026-06-13 22:56:19.917198: Pseudo dice [0.5678]
2026-06-13 22:56:19.918551: Epoch time: 22.51 s
2026-06-13 22:56:20.879470: 
2026-06-13 22:56:20.880850: Epoch 621
2026-06-13 22:56:20.882267: Current learning rate: 0.00418
2026-06-13 22:56:43.311373: train_loss -0.6674
2026-06-13 22:56:43.313624: val_loss -0.554
2026-06-13 22:56:43.314941: Pseudo dice [0.4934]
2026-06-13 22:56:43.316159: Epoch time: 22.43 s
2026-06-13 22:56:44.272620: 
2026-06-13 22:56:44.273870: Epoch 622
2026-06-13 22:56:44.275082: Current learning rate: 0.00417
2026-06-13 22:57:06.782104: train_loss -0.6709
2026-06-13 22:57:06.784725: val_loss -0.5903
2026-06-13 22:57:06.785991: Pseudo dice [0.6103]
2026-06-13 22:57:06.787187: Epoch time: 22.51 s
2026-06-13 22:57:08.276401: 
2026-06-13 22:57:08.277654: Epoch 623
2026-06-13 22:57:08.278865: Current learning rate: 0.00416
2026-06-13 22:57:30.727292: train_loss -0.6903
2026-06-13 22:57:30.729824: val_loss -0.5659
2026-06-13 22:57:30.731117: Pseudo dice [0.5799]
2026-06-13 22:57:30.732260: Epoch time: 22.45 s
2026-06-13 22:57:31.682721: 
2026-06-13 22:57:31.684088: Epoch 624
2026-06-13 22:57:31.685322: Current learning rate: 0.00415
2026-06-13 22:57:54.249439: train_loss -0.6871
2026-06-13 22:57:54.251604: val_loss -0.6003
2026-06-13 22:57:54.252820: Pseudo dice [0.617]
2026-06-13 22:57:54.254009: Epoch time: 22.57 s
2026-06-13 22:57:55.210237: 
2026-06-13 22:57:55.211467: Epoch 625
2026-06-13 22:57:55.212720: Current learning rate: 0.00414
2026-06-13 22:58:17.714486: train_loss -0.6844
2026-06-13 22:58:17.717063: val_loss -0.57
2026-06-13 22:58:17.718280: Pseudo dice [0.5939]
2026-06-13 22:58:17.719490: Epoch time: 22.51 s
2026-06-13 22:58:18.680926: 
2026-06-13 22:58:18.682157: Epoch 626
2026-06-13 22:58:18.683376: Current learning rate: 0.00413
2026-06-13 22:58:41.257905: train_loss -0.6679
2026-06-13 22:58:41.260324: val_loss -0.5355
2026-06-13 22:58:41.261510: Pseudo dice [0.3104]
2026-06-13 22:58:41.262739: Epoch time: 22.58 s
2026-06-13 22:58:42.217309: 
2026-06-13 22:58:42.218560: Epoch 627
2026-06-13 22:58:42.219802: Current learning rate: 0.00412
2026-06-13 22:59:04.805270: train_loss -0.6252
2026-06-13 22:59:04.807516: val_loss -0.5461
2026-06-13 22:59:04.808726: Pseudo dice [0.5724]
2026-06-13 22:59:04.810046: Epoch time: 22.59 s
2026-06-13 22:59:05.775186: 
2026-06-13 22:59:05.776466: Epoch 628
2026-06-13 22:59:05.777679: Current learning rate: 0.00411
2026-06-13 22:59:28.394366: train_loss -0.6227
2026-06-13 22:59:28.397166: val_loss -0.5919
2026-06-13 22:59:28.398373: Pseudo dice [0.6286]
2026-06-13 22:59:28.399558: Epoch time: 22.62 s
2026-06-13 22:59:29.361141: 
2026-06-13 22:59:29.362484: Epoch 629
2026-06-13 22:59:29.363747: Current learning rate: 0.0041
2026-06-13 22:59:51.985052: train_loss -0.6856
2026-06-13 22:59:51.987385: val_loss -0.5354
2026-06-13 22:59:51.988653: Pseudo dice [0.2632]
2026-06-13 22:59:51.989801: Epoch time: 22.62 s
2026-06-13 22:59:52.967432: 
2026-06-13 22:59:52.968923: Epoch 630
2026-06-13 22:59:52.970121: Current learning rate: 0.00409
2026-06-13 23:00:15.527925: train_loss -0.6628
2026-06-13 23:00:15.530230: val_loss -0.5837
2026-06-13 23:00:15.531786: Pseudo dice [0.5873]
2026-06-13 23:00:15.532967: Epoch time: 22.56 s
2026-06-13 23:00:16.489789: 
2026-06-13 23:00:16.491511: Epoch 631
2026-06-13 23:00:16.492860: Current learning rate: 0.00408
2026-06-13 23:00:38.973320: train_loss -0.6458
2026-06-13 23:00:38.976147: val_loss -0.563
2026-06-13 23:00:38.977419: Pseudo dice [0.6042]
2026-06-13 23:00:38.978609: Epoch time: 22.48 s
2026-06-13 23:00:39.924969: 
2026-06-13 23:00:39.926273: Epoch 632
2026-06-13 23:00:39.927498: Current learning rate: 0.00407
2026-06-13 23:01:02.506903: train_loss -0.6718
2026-06-13 23:01:02.509130: val_loss -0.5711
2026-06-13 23:01:02.510327: Pseudo dice [0.6221]
2026-06-13 23:01:02.511532: Epoch time: 22.58 s
2026-06-13 23:01:03.468879: 
2026-06-13 23:01:03.470455: Epoch 633
2026-06-13 23:01:03.471744: Current learning rate: 0.00406
2026-06-13 23:01:25.945379: train_loss -0.6898
2026-06-13 23:01:25.947615: val_loss -0.5871
2026-06-13 23:01:25.949010: Pseudo dice [0.6044]
2026-06-13 23:01:25.950338: Epoch time: 22.48 s
2026-06-13 23:01:26.913700: 
2026-06-13 23:01:26.914932: Epoch 634
2026-06-13 23:01:26.916093: Current learning rate: 0.00405
2026-06-13 23:01:49.526806: train_loss -0.6762
2026-06-13 23:01:49.529943: val_loss -0.5753
2026-06-13 23:01:49.531199: Pseudo dice [0.5878]
2026-06-13 23:01:49.532380: Epoch time: 22.61 s
2026-06-13 23:01:50.487744: 
2026-06-13 23:01:50.489601: Epoch 635
2026-06-13 23:01:50.490885: Current learning rate: 0.00404
2026-06-13 23:02:12.916393: train_loss -0.6611
2026-06-13 23:02:12.918699: val_loss -0.507
2026-06-13 23:02:12.920078: Pseudo dice [0.3492]
2026-06-13 23:02:12.921362: Epoch time: 22.43 s
2026-06-13 23:02:13.884073: 
2026-06-13 23:02:13.885450: Epoch 636
2026-06-13 23:02:13.886655: Current learning rate: 0.00403
2026-06-13 23:02:36.385468: train_loss -0.6746
2026-06-13 23:02:36.387867: val_loss -0.5676
2026-06-13 23:02:36.389126: Pseudo dice [0.5933]
2026-06-13 23:02:36.390386: Epoch time: 22.5 s
2026-06-13 23:02:37.351968: 
2026-06-13 23:02:37.356141: Epoch 637
2026-06-13 23:02:37.360523: Current learning rate: 0.00402
2026-06-13 23:02:59.715710: train_loss -0.6818
2026-06-13 23:02:59.718790: val_loss -0.5577
2026-06-13 23:02:59.720205: Pseudo dice [0.5667]
2026-06-13 23:02:59.721544: Epoch time: 22.36 s
2026-06-13 23:03:00.690705: 
2026-06-13 23:03:00.692473: Epoch 638
2026-06-13 23:03:00.693801: Current learning rate: 0.00401
2026-06-13 23:03:23.266199: train_loss -0.6495
2026-06-13 23:03:23.268525: val_loss -0.5419
2026-06-13 23:03:23.269803: Pseudo dice [0.3571]
2026-06-13 23:03:23.271209: Epoch time: 22.58 s
2026-06-13 23:03:24.774112: 
2026-06-13 23:03:24.775601: Epoch 639
2026-06-13 23:03:24.777020: Current learning rate: 0.004
2026-06-13 23:03:47.308301: train_loss -0.6992
2026-06-13 23:03:47.310966: val_loss -0.5486
2026-06-13 23:03:47.312620: Pseudo dice [0.5926]
2026-06-13 23:03:47.313822: Epoch time: 22.54 s
2026-06-13 23:03:48.280922: 
2026-06-13 23:03:48.282301: Epoch 640
2026-06-13 23:03:48.284080: Current learning rate: 0.00399
2026-06-13 23:04:10.807403: train_loss -0.6826
2026-06-13 23:04:10.810347: val_loss -0.6033
2026-06-13 23:04:10.811653: Pseudo dice [0.6028]
2026-06-13 23:04:10.812865: Epoch time: 22.53 s
2026-06-13 23:04:11.758401: 
2026-06-13 23:04:11.759927: Epoch 641
2026-06-13 23:04:11.761205: Current learning rate: 0.00398
2026-06-13 23:04:34.207678: train_loss -0.6899
2026-06-13 23:04:34.209930: val_loss -0.5735
2026-06-13 23:04:34.211106: Pseudo dice [0.6296]
2026-06-13 23:04:34.212338: Epoch time: 22.45 s
2026-06-13 23:04:35.164220: 
2026-06-13 23:04:35.165491: Epoch 642
2026-06-13 23:04:35.166752: Current learning rate: 0.00397
2026-06-13 23:04:57.674581: train_loss -0.6551
2026-06-13 23:04:57.676977: val_loss -0.5667
2026-06-13 23:04:57.678264: Pseudo dice [0.5901]
2026-06-13 23:04:57.679489: Epoch time: 22.51 s
2026-06-13 23:04:58.637525: 
2026-06-13 23:04:58.638777: Epoch 643
2026-06-13 23:04:58.640043: Current learning rate: 0.00396
2026-06-13 23:05:21.185911: train_loss -0.6691
2026-06-13 23:05:21.188851: val_loss -0.5598
2026-06-13 23:05:21.190198: Pseudo dice [0.5947]
2026-06-13 23:05:21.191413: Epoch time: 22.55 s
2026-06-13 23:05:22.146633: 
2026-06-13 23:05:22.148099: Epoch 644
2026-06-13 23:05:22.149442: Current learning rate: 0.00395
2026-06-13 23:05:44.626736: train_loss -0.6909
2026-06-13 23:05:44.629813: val_loss -0.5734
2026-06-13 23:05:44.631180: Pseudo dice [0.6006]
2026-06-13 23:05:44.632473: Epoch time: 22.48 s
2026-06-13 23:05:45.613652: 
2026-06-13 23:05:45.619193: Epoch 645
2026-06-13 23:05:45.620601: Current learning rate: 0.00394
2026-06-13 23:06:08.103522: train_loss -0.6778
2026-06-13 23:06:08.106236: val_loss -0.5357
2026-06-13 23:06:08.107519: Pseudo dice [0.3]
2026-06-13 23:06:08.109036: Epoch time: 22.49 s
2026-06-13 23:06:09.077021: 
2026-06-13 23:06:09.078300: Epoch 646
2026-06-13 23:06:09.079526: Current learning rate: 0.00393
2026-06-13 23:06:31.629254: train_loss -0.6558
2026-06-13 23:06:31.632047: val_loss -0.5261
2026-06-13 23:06:31.633784: Pseudo dice [0.3146]
2026-06-13 23:06:31.635212: Epoch time: 22.55 s
2026-06-13 23:06:32.594573: 
2026-06-13 23:06:32.595938: Epoch 647
2026-06-13 23:06:32.597227: Current learning rate: 0.00392
2026-06-13 23:06:55.101632: train_loss -0.6903
2026-06-13 23:06:55.103829: val_loss -0.5735
2026-06-13 23:06:55.105123: Pseudo dice [0.6087]
2026-06-13 23:06:55.106358: Epoch time: 22.51 s
2026-06-13 23:06:56.060079: 
2026-06-13 23:06:56.061499: Epoch 648
2026-06-13 23:06:56.062812: Current learning rate: 0.00391
2026-06-13 23:07:18.577099: train_loss -0.6947
2026-06-13 23:07:18.579475: val_loss -0.5655
2026-06-13 23:07:18.580947: Pseudo dice [0.6143]
2026-06-13 23:07:18.582238: Epoch time: 22.52 s
2026-06-13 23:07:19.546081: 
2026-06-13 23:07:19.547469: Epoch 649
2026-06-13 23:07:19.548786: Current learning rate: 0.0039
2026-06-13 23:07:42.045129: train_loss -0.7058
2026-06-13 23:07:42.048131: val_loss -0.5976
2026-06-13 23:07:42.049347: Pseudo dice [0.6253]
2026-06-13 23:07:42.050591: Epoch time: 22.5 s
2026-06-13 23:07:43.493428: 
2026-06-13 23:07:43.494669: Epoch 650
2026-06-13 23:07:43.495881: Current learning rate: 0.00389
2026-06-13 23:08:05.941669: train_loss -0.704
2026-06-13 23:08:05.943874: val_loss -0.5627
2026-06-13 23:08:05.945194: Pseudo dice [0.5879]
2026-06-13 23:08:05.946434: Epoch time: 22.45 s
2026-06-13 23:08:06.904290: 
2026-06-13 23:08:06.905629: Epoch 651
2026-06-13 23:08:06.906858: Current learning rate: 0.00388
2026-06-13 23:08:29.347395: train_loss -0.6875
2026-06-13 23:08:29.349555: val_loss -0.5603
2026-06-13 23:08:29.350725: Pseudo dice [0.3941]
2026-06-13 23:08:29.351966: Epoch time: 22.44 s
2026-06-13 23:08:30.306689: 
2026-06-13 23:08:30.308347: Epoch 652
2026-06-13 23:08:30.309564: Current learning rate: 0.00387
2026-06-13 23:08:52.771823: train_loss -0.6824
2026-06-13 23:08:52.774802: val_loss -0.6054
2026-06-13 23:08:52.776045: Pseudo dice [0.3567]
2026-06-13 23:08:52.777320: Epoch time: 22.47 s
2026-06-13 23:08:53.736025: 
2026-06-13 23:08:53.738112: Epoch 653
2026-06-13 23:08:53.739375: Current learning rate: 0.00386
2026-06-13 23:09:16.176875: train_loss -0.6834
2026-06-13 23:09:16.179296: val_loss -0.6043
2026-06-13 23:09:16.180558: Pseudo dice [0.6375]
2026-06-13 23:09:16.181715: Epoch time: 22.44 s
2026-06-13 23:09:17.148966: 
2026-06-13 23:09:17.150252: Epoch 654
2026-06-13 23:09:17.151488: Current learning rate: 0.00385
2026-06-13 23:09:39.664679: train_loss -0.6622
2026-06-13 23:09:39.667157: val_loss -0.5168
2026-06-13 23:09:39.668376: Pseudo dice [0.5471]
2026-06-13 23:09:39.669523: Epoch time: 22.52 s
2026-06-13 23:09:40.630077: 
2026-06-13 23:09:40.631415: Epoch 655
2026-06-13 23:09:40.632556: Current learning rate: 0.00384
2026-06-13 23:10:03.060929: train_loss -0.629
2026-06-13 23:10:03.064039: val_loss -0.5742
2026-06-13 23:10:03.065264: Pseudo dice [0.5659]
2026-06-13 23:10:03.066526: Epoch time: 22.43 s
2026-06-13 23:10:04.585198: 
2026-06-13 23:10:04.586462: Epoch 656
2026-06-13 23:10:04.587710: Current learning rate: 0.00383
2026-06-13 23:10:27.222677: train_loss -0.6546
2026-06-13 23:10:27.225351: val_loss -0.5562
2026-06-13 23:10:27.226586: Pseudo dice [0.572]
2026-06-13 23:10:27.227865: Epoch time: 22.64 s
2026-06-13 23:10:28.174265: 
2026-06-13 23:10:28.175997: Epoch 657
2026-06-13 23:10:28.177260: Current learning rate: 0.00382
2026-06-13 23:10:50.755766: train_loss -0.6849
2026-06-13 23:10:50.760519: val_loss -0.5728
2026-06-13 23:10:50.763469: Pseudo dice [0.6088]
2026-06-13 23:10:50.766745: Epoch time: 22.58 s
2026-06-13 23:10:51.744717: 
2026-06-13 23:10:51.746205: Epoch 658
2026-06-13 23:10:51.747454: Current learning rate: 0.00381
2026-06-13 23:11:14.162643: train_loss -0.6983
2026-06-13 23:11:14.165334: val_loss -0.5599
2026-06-13 23:11:14.166497: Pseudo dice [0.6109]
2026-06-13 23:11:14.167721: Epoch time: 22.42 s
2026-06-13 23:11:15.107425: 
2026-06-13 23:11:15.108785: Epoch 659
2026-06-13 23:11:15.110207: Current learning rate: 0.0038
2026-06-13 23:11:37.612768: train_loss -0.6517
2026-06-13 23:11:37.614850: val_loss -0.571
2026-06-13 23:11:37.616696: Pseudo dice [0.595]
2026-06-13 23:11:37.617978: Epoch time: 22.51 s
2026-06-13 23:11:38.565989: 
2026-06-13 23:11:38.572453: Epoch 660
2026-06-13 23:11:38.575982: Current learning rate: 0.00379
2026-06-13 23:12:01.103708: train_loss -0.6873
2026-06-13 23:12:01.106049: val_loss -0.5853
2026-06-13 23:12:01.107264: Pseudo dice [0.5976]
2026-06-13 23:12:01.108489: Epoch time: 22.54 s
2026-06-13 23:12:02.065800: 
2026-06-13 23:12:02.067078: Epoch 661
2026-06-13 23:12:02.068338: Current learning rate: 0.00378
2026-06-13 23:12:24.608037: train_loss -0.6962
2026-06-13 23:12:24.611204: val_loss -0.5554
2026-06-13 23:12:24.612578: Pseudo dice [0.5859]
2026-06-13 23:12:24.613873: Epoch time: 22.54 s
2026-06-13 23:12:25.583861: 
2026-06-13 23:12:25.585389: Epoch 662
2026-06-13 23:12:25.586686: Current learning rate: 0.00377
2026-06-13 23:12:48.182886: train_loss -0.6906
2026-06-13 23:12:48.185963: val_loss -0.4785
2026-06-13 23:12:48.187413: Pseudo dice [0.5418]
2026-06-13 23:12:48.188671: Epoch time: 22.6 s
2026-06-13 23:12:49.171017: 
2026-06-13 23:12:49.173952: Epoch 663
2026-06-13 23:12:49.178151: Current learning rate: 0.00376
2026-06-13 23:13:11.697844: train_loss -0.6597
2026-06-13 23:13:11.700400: val_loss -0.5168
2026-06-13 23:13:11.701550: Pseudo dice [0.3802]
2026-06-13 23:13:11.702767: Epoch time: 22.53 s
2026-06-13 23:13:12.689760: 
2026-06-13 23:13:12.691083: Epoch 664
2026-06-13 23:13:12.692338: Current learning rate: 0.00375
2026-06-13 23:13:35.102881: train_loss -0.689
2026-06-13 23:13:35.106236: val_loss -0.5679
2026-06-13 23:13:35.107501: Pseudo dice [0.3409]
2026-06-13 23:13:35.108720: Epoch time: 22.41 s
2026-06-13 23:13:36.086506: 
2026-06-13 23:13:36.087795: Epoch 665
2026-06-13 23:13:36.089049: Current learning rate: 0.00374
2026-06-13 23:13:58.583090: train_loss -0.6978
2026-06-13 23:13:58.586247: val_loss -0.5444
2026-06-13 23:13:58.587530: Pseudo dice [0.5755]
2026-06-13 23:13:58.589176: Epoch time: 22.5 s
2026-06-13 23:13:59.554357: 
2026-06-13 23:13:59.555677: Epoch 666
2026-06-13 23:13:59.556931: Current learning rate: 0.00373
2026-06-13 23:14:22.106411: train_loss -0.66
2026-06-13 23:14:22.108478: val_loss -0.5642
2026-06-13 23:14:22.109757: Pseudo dice [0.5774]
2026-06-13 23:14:22.110952: Epoch time: 22.55 s
2026-06-13 23:14:23.064415: 
2026-06-13 23:14:23.065626: Epoch 667
2026-06-13 23:14:23.066835: Current learning rate: 0.00372
2026-06-13 23:14:45.434149: train_loss -0.7134
2026-06-13 23:14:45.437207: val_loss -0.5804
2026-06-13 23:14:45.438416: Pseudo dice [0.525]
2026-06-13 23:14:45.439631: Epoch time: 22.37 s
2026-06-13 23:14:46.407666: 
2026-06-13 23:14:46.408972: Epoch 668
2026-06-13 23:14:46.410177: Current learning rate: 0.00371
2026-06-13 23:15:08.776153: train_loss -0.6986
2026-06-13 23:15:08.778536: val_loss -0.5441
2026-06-13 23:15:08.779844: Pseudo dice [0.5878]
2026-06-13 23:15:08.781193: Epoch time: 22.37 s
2026-06-13 23:15:09.745401: 
2026-06-13 23:15:09.746648: Epoch 669
2026-06-13 23:15:09.748517: Current learning rate: 0.0037
2026-06-13 23:15:32.278204: train_loss -0.7204
2026-06-13 23:15:32.280686: val_loss -0.6102
2026-06-13 23:15:32.281995: Pseudo dice [0.6099]
2026-06-13 23:15:32.283244: Epoch time: 22.53 s
2026-06-13 23:15:33.249561: 
2026-06-13 23:15:33.250911: Epoch 670
2026-06-13 23:15:33.252132: Current learning rate: 0.00369
2026-06-13 23:15:55.772362: train_loss -0.7048
2026-06-13 23:15:55.775439: val_loss -0.5845
2026-06-13 23:15:55.776668: Pseudo dice [0.5984]
2026-06-13 23:15:55.777933: Epoch time: 22.52 s
2026-06-13 23:15:56.735054: 
2026-06-13 23:15:56.736310: Epoch 671
2026-06-13 23:15:56.737538: Current learning rate: 0.00368
2026-06-13 23:16:19.292035: train_loss -0.7008
2026-06-13 23:16:19.294695: val_loss -0.5917
2026-06-13 23:16:19.296104: Pseudo dice [0.6184]
2026-06-13 23:16:19.300176: Epoch time: 22.56 s
2026-06-13 23:16:20.266237: 
2026-06-13 23:16:20.268162: Epoch 672
2026-06-13 23:16:20.273838: Current learning rate: 0.00367
2026-06-13 23:16:42.824767: train_loss -0.6971
2026-06-13 23:16:42.827129: val_loss -0.5761
2026-06-13 23:16:42.828422: Pseudo dice [0.6146]
2026-06-13 23:16:42.829650: Epoch time: 22.56 s
2026-06-13 23:16:44.317730: 
2026-06-13 23:16:44.319068: Epoch 673
2026-06-13 23:16:44.320472: Current learning rate: 0.00366
2026-06-13 23:17:06.838757: train_loss -0.7189
2026-06-13 23:17:06.841844: val_loss -0.5337
2026-06-13 23:17:06.843353: Pseudo dice [0.5859]
2026-06-13 23:17:06.844661: Epoch time: 22.52 s
2026-06-13 23:17:07.817660: 
2026-06-13 23:17:07.819214: Epoch 674
2026-06-13 23:17:07.820461: Current learning rate: 0.00365
2026-06-13 23:17:30.554832: train_loss -0.695
2026-06-13 23:17:30.556854: val_loss -0.5395
2026-06-13 23:17:30.558039: Pseudo dice [0.3483]
2026-06-13 23:17:30.559229: Epoch time: 22.74 s
2026-06-13 23:17:31.513790: 
2026-06-13 23:17:31.515123: Epoch 675
2026-06-13 23:17:31.516409: Current learning rate: 0.00364
2026-06-13 23:17:54.166340: train_loss -0.6953
2026-06-13 23:17:54.168631: val_loss -0.6119
2026-06-13 23:17:54.169950: Pseudo dice [0.6358]
2026-06-13 23:17:54.171207: Epoch time: 22.65 s
2026-06-13 23:17:55.128904: 
2026-06-13 23:17:55.130157: Epoch 676
2026-06-13 23:17:55.131379: Current learning rate: 0.00363
2026-06-13 23:18:17.525623: train_loss -0.6815
2026-06-13 23:18:17.528457: val_loss -0.5296
2026-06-13 23:18:17.529674: Pseudo dice [0.3844]
2026-06-13 23:18:17.531604: Epoch time: 22.4 s
2026-06-13 23:18:18.497441: 
2026-06-13 23:18:18.498815: Epoch 677
2026-06-13 23:18:18.500061: Current learning rate: 0.00362
2026-06-13 23:18:41.015881: train_loss -0.6857
2026-06-13 23:18:41.018581: val_loss -0.5902
2026-06-13 23:18:41.019889: Pseudo dice [0.6528]
2026-06-13 23:18:41.021097: Epoch time: 22.52 s
2026-06-13 23:18:41.988742: 
2026-06-13 23:18:41.990177: Epoch 678
2026-06-13 23:18:41.991382: Current learning rate: 0.00361
2026-06-13 23:19:04.477531: train_loss -0.6824
2026-06-13 23:19:04.481794: val_loss -0.5854
2026-06-13 23:19:04.484951: Pseudo dice [0.5997]
2026-06-13 23:19:04.487108: Epoch time: 22.49 s
2026-06-13 23:19:05.447837: 
2026-06-13 23:19:05.449177: Epoch 679
2026-06-13 23:19:05.450415: Current learning rate: 0.0036
2026-06-13 23:19:27.875169: train_loss -0.6815
2026-06-13 23:19:27.878031: val_loss -0.4971
2026-06-13 23:19:27.879296: Pseudo dice [0.2042]
2026-06-13 23:19:27.880518: Epoch time: 22.43 s
2026-06-13 23:19:28.851947: 
2026-06-13 23:19:28.853262: Epoch 680
2026-06-13 23:19:28.854500: Current learning rate: 0.00359
2026-06-13 23:19:51.267257: train_loss -0.6961
2026-06-13 23:19:51.270413: val_loss -0.5317
2026-06-13 23:19:51.271675: Pseudo dice [0.3187]
2026-06-13 23:19:51.272995: Epoch time: 22.42 s
2026-06-13 23:19:52.241149: 
2026-06-13 23:19:52.242459: Epoch 681
2026-06-13 23:19:52.243695: Current learning rate: 0.00358
2026-06-13 23:20:14.753177: train_loss -0.6984
2026-06-13 23:20:14.757378: val_loss -0.5888
2026-06-13 23:20:14.762672: Pseudo dice [0.6178]
2026-06-13 23:20:14.764012: Epoch time: 22.51 s
2026-06-13 23:20:15.725963: 
2026-06-13 23:20:15.727289: Epoch 682
2026-06-13 23:20:15.728507: Current learning rate: 0.00357
2026-06-13 23:20:38.201192: train_loss -0.6677
2026-06-13 23:20:38.203892: val_loss -0.5364
2026-06-13 23:20:38.205225: Pseudo dice [0.5387]
2026-06-13 23:20:38.206449: Epoch time: 22.48 s
2026-06-13 23:20:39.165657: 
2026-06-13 23:20:39.167064: Epoch 683
2026-06-13 23:20:39.168186: Current learning rate: 0.00356
2026-06-13 23:21:01.653707: train_loss -0.6588
2026-06-13 23:21:01.659540: val_loss -0.6194
2026-06-13 23:21:01.660921: Pseudo dice [0.635]
2026-06-13 23:21:01.662197: Epoch time: 22.49 s
2026-06-13 23:21:02.629174: 
2026-06-13 23:21:02.630519: Epoch 684
2026-06-13 23:21:02.631843: Current learning rate: 0.00355
2026-06-13 23:21:25.081441: train_loss -0.6971
2026-06-13 23:21:25.083935: val_loss -0.5902
2026-06-13 23:21:25.085142: Pseudo dice [0.5983]
2026-06-13 23:21:25.086437: Epoch time: 22.45 s
2026-06-13 23:21:26.066842: 
2026-06-13 23:21:26.068041: Epoch 685
2026-06-13 23:21:26.069172: Current learning rate: 0.00354
2026-06-13 23:21:48.577221: train_loss -0.6811
2026-06-13 23:21:48.580110: val_loss -0.6339
2026-06-13 23:21:48.581373: Pseudo dice [0.6464]
2026-06-13 23:21:48.582653: Epoch time: 22.51 s
2026-06-13 23:21:49.546599: 
2026-06-13 23:21:49.548373: Epoch 686
2026-06-13 23:21:49.549543: Current learning rate: 0.00353
2026-06-13 23:22:12.046127: train_loss -0.6732
2026-06-13 23:22:12.049304: val_loss -0.5874
2026-06-13 23:22:12.050509: Pseudo dice [0.619]
2026-06-13 23:22:12.051713: Epoch time: 22.5 s
2026-06-13 23:22:13.019314: 
2026-06-13 23:22:13.020540: Epoch 687
2026-06-13 23:22:13.021627: Current learning rate: 0.00352
2026-06-13 23:22:35.462630: train_loss -0.7044
2026-06-13 23:22:35.465022: val_loss -0.5888
2026-06-13 23:22:35.466192: Pseudo dice [0.6039]
2026-06-13 23:22:35.467406: Epoch time: 22.44 s
2026-06-13 23:22:36.445583: 
2026-06-13 23:22:36.446848: Epoch 688
2026-06-13 23:22:36.449491: Current learning rate: 0.00351
2026-06-13 23:22:58.898082: train_loss -0.702
2026-06-13 23:22:58.901667: val_loss -0.6045
2026-06-13 23:22:58.902880: Pseudo dice [0.6067]
2026-06-13 23:22:58.904104: Epoch time: 22.45 s
2026-06-13 23:23:00.383854: 
2026-06-13 23:23:00.385123: Epoch 689
2026-06-13 23:23:00.386344: Current learning rate: 0.0035
2026-06-13 23:23:22.994691: train_loss -0.6909
2026-06-13 23:23:22.996990: val_loss -0.557
2026-06-13 23:23:22.998872: Pseudo dice [0.5938]
2026-06-13 23:23:23.000071: Epoch time: 22.61 s
2026-06-13 23:23:23.972901: 
2026-06-13 23:23:23.974222: Epoch 690
2026-06-13 23:23:23.975289: Current learning rate: 0.00349
2026-06-13 23:23:46.511805: train_loss -0.7042
2026-06-13 23:23:46.514264: val_loss -0.5505
2026-06-13 23:23:46.515502: Pseudo dice [0.2871]
2026-06-13 23:23:46.516633: Epoch time: 22.54 s
2026-06-13 23:23:47.475705: 
2026-06-13 23:23:47.476994: Epoch 691
2026-06-13 23:23:47.478245: Current learning rate: 0.00348
2026-06-13 23:24:10.013644: train_loss -0.6838
2026-06-13 23:24:10.025510: val_loss -0.5764
2026-06-13 23:24:10.026856: Pseudo dice [0.5984]
2026-06-13 23:24:10.028080: Epoch time: 22.54 s
2026-06-13 23:24:11.191713: 
2026-06-13 23:24:11.197034: Epoch 692
2026-06-13 23:24:11.203210: Current learning rate: 0.00346
2026-06-13 23:24:33.886907: train_loss -0.6885
2026-06-13 23:24:33.889359: val_loss -0.5777
2026-06-13 23:24:33.890595: Pseudo dice [0.6095]
2026-06-13 23:24:33.891921: Epoch time: 22.7 s
2026-06-13 23:24:34.857616: 
2026-06-13 23:24:34.859087: Epoch 693
2026-06-13 23:24:34.860478: Current learning rate: 0.00345
2026-06-13 23:24:57.325423: train_loss -0.714
2026-06-13 23:24:57.328875: val_loss -0.5656
2026-06-13 23:24:57.330097: Pseudo dice [0.609]
2026-06-13 23:24:57.332342: Epoch time: 22.47 s
2026-06-13 23:24:58.305730: 
2026-06-13 23:24:58.306937: Epoch 694
2026-06-13 23:24:58.308154: Current learning rate: 0.00344
2026-06-13 23:25:20.807354: train_loss -0.7057
2026-06-13 23:25:20.810874: val_loss -0.5225
2026-06-13 23:25:20.812094: Pseudo dice [0.245]
2026-06-13 23:25:20.813306: Epoch time: 22.5 s
2026-06-13 23:25:21.777147: 
2026-06-13 23:25:21.778354: Epoch 695
2026-06-13 23:25:21.779564: Current learning rate: 0.00343
2026-06-13 23:25:44.165447: train_loss -0.7176
2026-06-13 23:25:44.167872: val_loss -0.5846
2026-06-13 23:25:44.169020: Pseudo dice [0.5956]
2026-06-13 23:25:44.170244: Epoch time: 22.39 s
2026-06-13 23:25:45.132844: 
2026-06-13 23:25:45.134263: Epoch 696
2026-06-13 23:25:45.135520: Current learning rate: 0.00342
2026-06-13 23:26:07.686704: train_loss -0.6717
2026-06-13 23:26:07.689424: val_loss -0.4906
2026-06-13 23:26:07.690660: Pseudo dice [0.5067]
2026-06-13 23:26:07.691887: Epoch time: 22.55 s
2026-06-13 23:26:08.669742: 
2026-06-13 23:26:08.671017: Epoch 697
2026-06-13 23:26:08.672272: Current learning rate: 0.00341
2026-06-13 23:26:31.094245: train_loss -0.6543
2026-06-13 23:26:31.098924: val_loss -0.5179
2026-06-13 23:26:31.100339: Pseudo dice [0.5577]
2026-06-13 23:26:31.101596: Epoch time: 22.43 s
2026-06-13 23:26:32.079502: 
2026-06-13 23:26:32.080884: Epoch 698
2026-06-13 23:26:32.082130: Current learning rate: 0.0034
2026-06-13 23:26:54.620577: train_loss -0.7066
2026-06-13 23:26:54.623070: val_loss -0.5866
2026-06-13 23:26:54.624461: Pseudo dice [0.5996]
2026-06-13 23:26:54.625852: Epoch time: 22.54 s
2026-06-13 23:26:55.591268: 
2026-06-13 23:26:55.592672: Epoch 699
2026-06-13 23:26:55.594034: Current learning rate: 0.00339
2026-06-13 23:27:18.189749: train_loss -0.6486
2026-06-13 23:27:18.192307: val_loss -0.529
2026-06-13 23:27:18.193547: Pseudo dice [0.4431]
2026-06-13 23:27:18.194767: Epoch time: 22.6 s
2026-06-13 23:27:19.682561: 
2026-06-13 23:27:19.683934: Epoch 700
2026-06-13 23:27:19.685108: Current learning rate: 0.00338
2026-06-13 23:27:42.196231: train_loss -0.6653
2026-06-13 23:27:42.200332: val_loss -0.6338
2026-06-13 23:27:42.201916: Pseudo dice [0.6558]
2026-06-13 23:27:42.203200: Epoch time: 22.51 s
2026-06-13 23:27:43.192230: 
2026-06-13 23:27:43.193638: Epoch 701
2026-06-13 23:27:43.194874: Current learning rate: 0.00337
2026-06-13 23:28:05.678337: train_loss -0.6818
2026-06-13 23:28:05.681103: val_loss -0.6019
2026-06-13 23:28:05.682379: Pseudo dice [0.6233]
2026-06-13 23:28:05.683650: Epoch time: 22.49 s
2026-06-13 23:28:06.649003: 
2026-06-13 23:28:06.650275: Epoch 702
2026-06-13 23:28:06.651441: Current learning rate: 0.00336
2026-06-13 23:28:29.103066: train_loss -0.7051
2026-06-13 23:28:29.105427: val_loss -0.5782
2026-06-13 23:28:29.106614: Pseudo dice [0.3589]
2026-06-13 23:28:29.107763: Epoch time: 22.46 s
2026-06-13 23:28:30.076328: 
2026-06-13 23:28:30.077830: Epoch 703
2026-06-13 23:28:30.078933: Current learning rate: 0.00335
2026-06-13 23:28:52.589276: train_loss -0.6824
2026-06-13 23:28:52.592810: val_loss -0.5785
2026-06-13 23:28:52.594078: Pseudo dice [0.6036]
2026-06-13 23:28:52.595229: Epoch time: 22.51 s
2026-06-13 23:28:53.575999: 
2026-06-13 23:28:53.577266: Epoch 704
2026-06-13 23:28:53.578484: Current learning rate: 0.00334
2026-06-13 23:29:16.142997: train_loss -0.7205
2026-06-13 23:29:16.145931: val_loss -0.5601
2026-06-13 23:29:16.147102: Pseudo dice [0.6052]
2026-06-13 23:29:16.148547: Epoch time: 22.57 s
2026-06-13 23:29:17.661117: 
2026-06-13 23:29:17.662735: Epoch 705
2026-06-13 23:29:17.664203: Current learning rate: 0.00333
2026-06-13 23:29:40.224989: train_loss -0.6693
2026-06-13 23:29:40.230572: val_loss -0.5742
2026-06-13 23:29:40.231859: Pseudo dice [0.2338]
2026-06-13 23:29:40.233157: Epoch time: 22.56 s
2026-06-13 23:29:41.216272: 
2026-06-13 23:29:41.217762: Epoch 706
2026-06-13 23:29:41.218970: Current learning rate: 0.00332
2026-06-13 23:30:03.854780: train_loss -0.6875
2026-06-13 23:30:03.858669: val_loss -0.5687
2026-06-13 23:30:03.860028: Pseudo dice [0.5969]
2026-06-13 23:30:03.861707: Epoch time: 22.64 s
2026-06-13 23:30:04.838454: 
2026-06-13 23:30:04.839926: Epoch 707
2026-06-13 23:30:04.841332: Current learning rate: 0.00331
2026-06-13 23:30:27.428061: train_loss -0.7161
2026-06-13 23:30:27.430649: val_loss -0.5558
2026-06-13 23:30:27.432100: Pseudo dice [0.5792]
2026-06-13 23:30:27.433453: Epoch time: 22.59 s
2026-06-13 23:30:28.409250: 
2026-06-13 23:30:28.410710: Epoch 708
2026-06-13 23:30:28.412012: Current learning rate: 0.0033
2026-06-13 23:30:51.073981: train_loss -0.7033
2026-06-13 23:30:51.076566: val_loss -0.5119
2026-06-13 23:30:51.077790: Pseudo dice [0.1678]
2026-06-13 23:30:51.079072: Epoch time: 22.67 s
2026-06-13 23:30:52.043811: 
2026-06-13 23:30:52.045132: Epoch 709
2026-06-13 23:30:52.046310: Current learning rate: 0.00329
2026-06-13 23:31:14.428276: train_loss -0.6937
2026-06-13 23:31:14.432248: val_loss -0.5692
2026-06-13 23:31:14.433455: Pseudo dice [0.59]
2026-06-13 23:31:14.434671: Epoch time: 22.39 s
2026-06-13 23:31:15.406930: 
2026-06-13 23:31:15.408316: Epoch 710
2026-06-13 23:31:15.409684: Current learning rate: 0.00328
2026-06-13 23:31:37.895768: train_loss -0.6641
2026-06-13 23:31:37.898348: val_loss -0.5949
2026-06-13 23:31:37.899615: Pseudo dice [0.6122]
2026-06-13 23:31:37.901535: Epoch time: 22.49 s
2026-06-13 23:31:38.877608: 
2026-06-13 23:31:38.878906: Epoch 711
2026-06-13 23:31:38.880147: Current learning rate: 0.00327
2026-06-13 23:32:01.353974: train_loss -0.6788
2026-06-13 23:32:01.356307: val_loss -0.5139
2026-06-13 23:32:01.357599: Pseudo dice [0.389]
2026-06-13 23:32:01.358895: Epoch time: 22.48 s
2026-06-13 23:32:02.344561: 
2026-06-13 23:32:02.346798: Epoch 712
2026-06-13 23:32:02.348598: Current learning rate: 0.00326
2026-06-13 23:32:24.891506: train_loss -0.7042
2026-06-13 23:32:24.897468: val_loss -0.5602
2026-06-13 23:32:24.902552: Pseudo dice [0.5962]
2026-06-13 23:32:24.904205: Epoch time: 22.55 s
2026-06-13 23:32:25.871918: 
2026-06-13 23:32:25.873203: Epoch 713
2026-06-13 23:32:25.874531: Current learning rate: 0.00325
2026-06-13 23:32:48.424374: train_loss -0.7148
2026-06-13 23:32:48.426528: val_loss -0.5535
2026-06-13 23:32:48.427791: Pseudo dice [0.4796]
2026-06-13 23:32:48.429014: Epoch time: 22.55 s
2026-06-13 23:32:49.404156: 
2026-06-13 23:32:49.406744: Epoch 714
2026-06-13 23:32:49.408008: Current learning rate: 0.00324
2026-06-13 23:33:11.916052: train_loss -0.7242
2026-06-13 23:33:11.918140: val_loss -0.5606
2026-06-13 23:33:11.919412: Pseudo dice [0.6029]
2026-06-13 23:33:11.920613: Epoch time: 22.51 s
2026-06-13 23:33:12.904834: 
2026-06-13 23:33:12.914692: Epoch 715
2026-06-13 23:33:12.916108: Current learning rate: 0.00323
2026-06-13 23:33:35.449513: train_loss -0.7147
2026-06-13 23:33:35.452976: val_loss -0.5687
2026-06-13 23:33:35.454276: Pseudo dice [0.5957]
2026-06-13 23:33:35.455458: Epoch time: 22.55 s
2026-06-13 23:33:36.429606: 
2026-06-13 23:33:36.430889: Epoch 716
2026-06-13 23:33:36.432179: Current learning rate: 0.00322
2026-06-13 23:33:58.878133: train_loss -0.6936
2026-06-13 23:33:58.880269: val_loss -0.5661
2026-06-13 23:33:58.881414: Pseudo dice [0.6049]
2026-06-13 23:33:58.882635: Epoch time: 22.45 s
2026-06-13 23:33:59.871488: 
2026-06-13 23:33:59.872705: Epoch 717
2026-06-13 23:33:59.873924: Current learning rate: 0.00321
2026-06-13 23:34:22.376469: train_loss -0.6875
2026-06-13 23:34:22.378526: val_loss -0.5286
2026-06-13 23:34:22.380638: Pseudo dice [0.5322]
2026-06-13 23:34:22.381917: Epoch time: 22.51 s
2026-06-13 23:34:23.350244: 
2026-06-13 23:34:23.351533: Epoch 718
2026-06-13 23:34:23.352757: Current learning rate: 0.0032
2026-06-13 23:34:45.756806: train_loss -0.7088
2026-06-13 23:34:45.760395: val_loss -0.5856
2026-06-13 23:34:45.761754: Pseudo dice [0.6093]
2026-06-13 23:34:45.763062: Epoch time: 22.41 s
2026-06-13 23:34:46.733515: 
2026-06-13 23:34:46.734983: Epoch 719
2026-06-13 23:34:46.736352: Current learning rate: 0.00319
2026-06-13 23:35:09.237926: train_loss -0.6963
2026-06-13 23:35:09.240266: val_loss -0.5584
2026-06-13 23:35:09.241581: Pseudo dice [0.5816]
2026-06-13 23:35:09.242979: Epoch time: 22.51 s
2026-06-13 23:35:10.216792: 
2026-06-13 23:35:10.218182: Epoch 720
2026-06-13 23:35:10.219425: Current learning rate: 0.00318
2026-06-13 23:35:32.661191: train_loss -0.7177
2026-06-13 23:35:32.664615: val_loss -0.5595
2026-06-13 23:35:32.665763: Pseudo dice [0.5951]
2026-06-13 23:35:32.666957: Epoch time: 22.45 s
2026-06-13 23:35:33.680985: 
2026-06-13 23:35:33.682221: Epoch 721
2026-06-13 23:35:33.683305: Current learning rate: 0.00317
2026-06-13 23:35:56.843451: train_loss -0.7101
2026-06-13 23:35:56.846527: val_loss -0.5761
2026-06-13 23:35:56.847738: Pseudo dice [0.5997]
2026-06-13 23:35:56.848921: Epoch time: 23.16 s
2026-06-13 23:35:57.814979: 
2026-06-13 23:35:57.816477: Epoch 722
2026-06-13 23:35:57.817853: Current learning rate: 0.00316
2026-06-13 23:36:20.168957: train_loss -0.7232
2026-06-13 23:36:20.171105: val_loss -0.6141
2026-06-13 23:36:20.172345: Pseudo dice [0.6298]
2026-06-13 23:36:20.173592: Epoch time: 22.35 s
2026-06-13 23:36:21.165056: 
2026-06-13 23:36:21.170642: Epoch 723
2026-06-13 23:36:21.172095: Current learning rate: 0.00315
2026-06-13 23:36:43.558909: train_loss -0.7282
2026-06-13 23:36:43.561478: val_loss -0.6047
2026-06-13 23:36:43.562746: Pseudo dice [0.6471]
2026-06-13 23:36:43.564043: Epoch time: 22.39 s
2026-06-13 23:36:44.539796: 
2026-06-13 23:36:44.541054: Epoch 724
2026-06-13 23:36:44.542253: Current learning rate: 0.00314
2026-06-13 23:37:07.056754: train_loss -0.7235
2026-06-13 23:37:07.059516: val_loss -0.5916
2026-06-13 23:37:07.061043: Pseudo dice [0.6225]
2026-06-13 23:37:07.062293: Epoch time: 22.52 s
2026-06-13 23:37:08.038410: 
2026-06-13 23:37:08.039671: Epoch 725
2026-06-13 23:37:08.040910: Current learning rate: 0.00313
2026-06-13 23:37:30.505528: train_loss -0.7142
2026-06-13 23:37:30.507963: val_loss -0.5805
2026-06-13 23:37:30.509373: Pseudo dice [0.6234]
2026-06-13 23:37:30.510693: Epoch time: 22.47 s
2026-06-13 23:37:31.482905: 
2026-06-13 23:37:31.484508: Epoch 726
2026-06-13 23:37:31.485832: Current learning rate: 0.00312
2026-06-13 23:37:54.042627: train_loss -0.7055
2026-06-13 23:37:54.045626: val_loss -0.5713
2026-06-13 23:37:54.046907: Pseudo dice [0.5893]
2026-06-13 23:37:54.048103: Epoch time: 22.56 s
2026-06-13 23:37:55.013046: 
2026-06-13 23:37:55.027709: Epoch 727
2026-06-13 23:37:55.031785: Current learning rate: 0.00311
2026-06-13 23:38:17.493458: train_loss -0.706
2026-06-13 23:38:17.496548: val_loss -0.5603
2026-06-13 23:38:17.497817: Pseudo dice [0.5944]
2026-06-13 23:38:17.499135: Epoch time: 22.48 s
2026-06-13 23:38:18.476146: 
2026-06-13 23:38:18.477495: Epoch 728
2026-06-13 23:38:18.478759: Current learning rate: 0.0031
2026-06-13 23:38:40.975190: train_loss -0.7
2026-06-13 23:38:40.977458: val_loss -0.563
2026-06-13 23:38:40.978758: Pseudo dice [0.612]
2026-06-13 23:38:40.980073: Epoch time: 22.5 s
2026-06-13 23:38:41.950181: 
2026-06-13 23:38:41.951590: Epoch 729
2026-06-13 23:38:41.952809: Current learning rate: 0.00309
2026-06-13 23:39:04.518697: train_loss -0.6671
2026-06-13 23:39:04.528675: val_loss -0.5578
2026-06-13 23:39:04.530152: Pseudo dice [0.5809]
2026-06-13 23:39:04.531416: Epoch time: 22.57 s
2026-06-13 23:39:05.513490: 
2026-06-13 23:39:05.514911: Epoch 730
2026-06-13 23:39:05.516103: Current learning rate: 0.00308
2026-06-13 23:39:27.895845: train_loss -0.6997
2026-06-13 23:39:27.898566: val_loss -0.5567
2026-06-13 23:39:27.900482: Pseudo dice [0.5869]
2026-06-13 23:39:27.901788: Epoch time: 22.38 s
2026-06-13 23:39:28.889077: 
2026-06-13 23:39:28.890376: Epoch 731
2026-06-13 23:39:28.891581: Current learning rate: 0.00307
2026-06-13 23:39:51.330770: train_loss -0.7054
2026-06-13 23:39:51.333158: val_loss -0.5556
2026-06-13 23:39:51.334467: Pseudo dice [0.5947]
2026-06-13 23:39:51.335667: Epoch time: 22.44 s
2026-06-13 23:39:52.307401: 
2026-06-13 23:39:52.308718: Epoch 732
2026-06-13 23:39:52.310483: Current learning rate: 0.00306
2026-06-13 23:40:14.846251: train_loss -0.6998
2026-06-13 23:40:14.849213: val_loss -0.5759
2026-06-13 23:40:14.850473: Pseudo dice [0.6147]
2026-06-13 23:40:14.851976: Epoch time: 22.54 s
2026-06-13 23:40:14.853187: Yayy! New best EMA pseudo Dice: 0.5891
2026-06-13 23:40:16.315102: 
2026-06-13 23:40:16.316454: Epoch 733
2026-06-13 23:40:16.317639: Current learning rate: 0.00305
2026-06-13 23:40:38.833194: train_loss -0.6974
2026-06-13 23:40:38.836789: val_loss -0.5361
2026-06-13 23:40:38.838283: Pseudo dice [0.5712]
2026-06-13 23:40:38.839892: Epoch time: 22.52 s
2026-06-13 23:40:39.823257: 
2026-06-13 23:40:39.824894: Epoch 734
2026-06-13 23:40:39.826328: Current learning rate: 0.00304
2026-06-13 23:41:02.437672: train_loss -0.7107
2026-06-13 23:41:02.440584: val_loss -0.5621
2026-06-13 23:41:02.441880: Pseudo dice [0.5997]
2026-06-13 23:41:02.443247: Epoch time: 22.62 s
2026-06-13 23:41:03.418970: 
2026-06-13 23:41:03.420404: Epoch 735
2026-06-13 23:41:03.421741: Current learning rate: 0.00303
2026-06-13 23:41:25.879850: train_loss -0.7115
2026-06-13 23:41:25.882257: val_loss -0.5274
2026-06-13 23:41:25.883551: Pseudo dice [0.3976]
2026-06-13 23:41:25.884707: Epoch time: 22.46 s
2026-06-13 23:41:26.863991: 
2026-06-13 23:41:26.865248: Epoch 736
2026-06-13 23:41:26.866457: Current learning rate: 0.00302
2026-06-13 23:41:49.248659: train_loss -0.6465
2026-06-13 23:41:49.251756: val_loss -0.5545
2026-06-13 23:41:49.253247: Pseudo dice [0.5859]
2026-06-13 23:41:49.254500: Epoch time: 22.39 s
2026-06-13 23:41:50.235687: 
2026-06-13 23:41:50.236948: Epoch 737
2026-06-13 23:41:50.238193: Current learning rate: 0.00301
2026-06-13 23:42:12.688498: train_loss -0.6868
2026-06-13 23:42:12.691061: val_loss -0.5896
2026-06-13 23:42:12.692596: Pseudo dice [0.6004]
2026-06-13 23:42:12.693902: Epoch time: 22.45 s
2026-06-13 23:42:14.212235: 
2026-06-13 23:42:14.213504: Epoch 738
2026-06-13 23:42:14.214839: Current learning rate: 0.003
2026-06-13 23:42:36.678168: train_loss -0.6953
2026-06-13 23:42:36.680225: val_loss -0.55
2026-06-13 23:42:36.681327: Pseudo dice [0.6066]
2026-06-13 23:42:36.682436: Epoch time: 22.47 s
2026-06-13 23:42:37.646894: 
2026-06-13 23:42:37.648189: Epoch 739
2026-06-13 23:42:37.649435: Current learning rate: 0.00299
2026-06-13 23:43:00.176437: train_loss -0.6943
2026-06-13 23:43:00.179172: val_loss -0.5683
2026-06-13 23:43:00.180331: Pseudo dice [0.6091]
2026-06-13 23:43:00.181522: Epoch time: 22.53 s
2026-06-13 23:43:01.147356: 
2026-06-13 23:43:01.148654: Epoch 740
2026-06-13 23:43:01.149865: Current learning rate: 0.00297
2026-06-13 23:43:23.586134: train_loss -0.7101
2026-06-13 23:43:23.591459: val_loss -0.5603
2026-06-13 23:43:23.592745: Pseudo dice [0.5931]
2026-06-13 23:43:23.593956: Epoch time: 22.44 s
2026-06-13 23:43:24.566200: 
2026-06-13 23:43:24.567671: Epoch 741
2026-06-13 23:43:24.568828: Current learning rate: 0.00296
2026-06-13 23:43:47.046803: train_loss -0.699
2026-06-13 23:43:47.050127: val_loss -0.5758
2026-06-13 23:43:47.051939: Pseudo dice [0.3955]
2026-06-13 23:43:47.053241: Epoch time: 22.48 s
2026-06-13 23:43:48.034017: 
2026-06-13 23:43:48.035580: Epoch 742
2026-06-13 23:43:48.037138: Current learning rate: 0.00295
2026-06-13 23:44:10.650779: train_loss -0.6825
2026-06-13 23:44:10.654110: val_loss -0.5521
2026-06-13 23:44:10.655374: Pseudo dice [0.5562]
2026-06-13 23:44:10.656540: Epoch time: 22.62 s
2026-06-13 23:44:11.641492: 
2026-06-13 23:44:11.642737: Epoch 743
2026-06-13 23:44:11.644037: Current learning rate: 0.00294
2026-06-13 23:44:34.163783: train_loss -0.7127
2026-06-13 23:44:34.166035: val_loss -0.5862
2026-06-13 23:44:34.167317: Pseudo dice [0.6003]
2026-06-13 23:44:34.168525: Epoch time: 22.52 s
2026-06-13 23:44:35.158824: 
2026-06-13 23:44:35.160829: Epoch 744
2026-06-13 23:44:35.162868: Current learning rate: 0.00293
2026-06-13 23:44:57.654100: train_loss -0.7036
2026-06-13 23:44:57.656660: val_loss -0.5778
2026-06-13 23:44:57.657853: Pseudo dice [0.5703]
2026-06-13 23:44:57.659103: Epoch time: 22.5 s
2026-06-13 23:44:58.638551: 
2026-06-13 23:44:58.639829: Epoch 745
2026-06-13 23:44:58.641063: Current learning rate: 0.00292
2026-06-13 23:45:21.153618: train_loss -0.7046
2026-06-13 23:45:21.169021: val_loss -0.5719
2026-06-13 23:45:21.170259: Pseudo dice [0.6149]
2026-06-13 23:45:21.171462: Epoch time: 22.52 s
2026-06-13 23:45:22.140979: 
2026-06-13 23:45:22.142181: Epoch 746
2026-06-13 23:45:22.143368: Current learning rate: 0.00291
2026-06-13 23:45:44.526663: train_loss -0.717
2026-06-13 23:45:44.528946: val_loss -0.544
2026-06-13 23:45:44.530173: Pseudo dice [0.5888]
2026-06-13 23:45:44.531322: Epoch time: 22.39 s
2026-06-13 23:45:45.501865: 
2026-06-13 23:45:45.503243: Epoch 747
2026-06-13 23:45:45.504410: Current learning rate: 0.0029
2026-06-13 23:46:08.025145: train_loss -0.7136
2026-06-13 23:46:08.027709: val_loss -0.6201
2026-06-13 23:46:08.029040: Pseudo dice [0.6342]
2026-06-13 23:46:08.030286: Epoch time: 22.52 s
2026-06-13 23:46:09.001831: 
2026-06-13 23:46:09.003277: Epoch 748
2026-06-13 23:46:09.004579: Current learning rate: 0.00289
2026-06-13 23:46:31.480881: train_loss -0.7
2026-06-13 23:46:31.483591: val_loss -0.568
2026-06-13 23:46:31.484741: Pseudo dice [0.5949]
2026-06-13 23:46:31.485897: Epoch time: 22.48 s
2026-06-13 23:46:32.455634: 
2026-06-13 23:46:32.456848: Epoch 749
2026-06-13 23:46:32.458088: Current learning rate: 0.00288
2026-06-13 23:46:54.975861: train_loss -0.7101
2026-06-13 23:46:54.978281: val_loss -0.546
2026-06-13 23:46:54.979542: Pseudo dice [0.5616]
2026-06-13 23:46:54.980712: Epoch time: 22.52 s
2026-06-13 23:46:56.466568: 
2026-06-13 23:46:56.468020: Epoch 750
2026-06-13 23:46:56.469952: Current learning rate: 0.00287
2026-06-13 23:47:18.909136: train_loss -0.7247
2026-06-13 23:47:18.911297: val_loss -0.5941
2026-06-13 23:47:18.912556: Pseudo dice [0.6377]
2026-06-13 23:47:18.913756: Epoch time: 22.44 s
2026-06-13 23:47:19.896812: 
2026-06-13 23:47:19.898155: Epoch 751
2026-06-13 23:47:19.899350: Current learning rate: 0.00286
2026-06-13 23:47:42.473728: train_loss -0.7322
2026-06-13 23:47:42.476557: val_loss -0.57
2026-06-13 23:47:42.477907: Pseudo dice [0.5937]
2026-06-13 23:47:42.479149: Epoch time: 22.58 s
2026-06-13 23:47:43.467196: 
2026-06-13 23:47:43.468546: Epoch 752
2026-06-13 23:47:43.471060: Current learning rate: 0.00285
2026-06-13 23:48:05.972010: train_loss -0.6969
2026-06-13 23:48:05.974338: val_loss -0.5823
2026-06-13 23:48:05.975532: Pseudo dice [0.6097]
2026-06-13 23:48:05.976695: Epoch time: 22.51 s
2026-06-13 23:48:07.091061: 
2026-06-13 23:48:07.092381: Epoch 753
2026-06-13 23:48:07.093627: Current learning rate: 0.00284
2026-06-13 23:48:29.645327: train_loss -0.7139
2026-06-13 23:48:29.647911: val_loss -0.5586
2026-06-13 23:48:29.649274: Pseudo dice [0.6046]
2026-06-13 23:48:29.650743: Epoch time: 22.56 s
2026-06-13 23:48:29.652066: Yayy! New best EMA pseudo Dice: 0.5897
2026-06-13 23:48:31.651119: 
2026-06-13 23:48:31.652365: Epoch 754
2026-06-13 23:48:31.653762: Current learning rate: 0.00283
2026-06-13 23:48:54.288235: train_loss -0.7167
2026-06-13 23:48:54.293228: val_loss -0.5977
2026-06-13 23:48:54.297298: Pseudo dice [0.6119]
2026-06-13 23:48:54.298892: Epoch time: 22.64 s
2026-06-13 23:48:54.300329: Yayy! New best EMA pseudo Dice: 0.592
2026-06-13 23:48:55.770799: 
2026-06-13 23:48:55.772644: Epoch 755
2026-06-13 23:48:55.773970: Current learning rate: 0.00282
2026-06-13 23:49:18.370905: train_loss -0.7099
2026-06-13 23:49:18.373163: val_loss -0.5495
2026-06-13 23:49:18.374480: Pseudo dice [0.5867]
2026-06-13 23:49:18.375715: Epoch time: 22.6 s
2026-06-13 23:49:19.349189: 
2026-06-13 23:49:19.350597: Epoch 756
2026-06-13 23:49:19.351781: Current learning rate: 0.00281
2026-06-13 23:49:41.889072: train_loss -0.7014
2026-06-13 23:49:41.893179: val_loss -0.6195
2026-06-13 23:49:41.894479: Pseudo dice [0.6366]
2026-06-13 23:49:41.895814: Epoch time: 22.54 s
2026-06-13 23:49:41.897155: Yayy! New best EMA pseudo Dice: 0.596
2026-06-13 23:49:43.383507: 
2026-06-13 23:49:43.385242: Epoch 757
2026-06-13 23:49:43.386626: Current learning rate: 0.0028
2026-06-13 23:50:05.831716: train_loss -0.7459
2026-06-13 23:50:05.837394: val_loss -0.6302
2026-06-13 23:50:05.838725: Pseudo dice [0.6423]
2026-06-13 23:50:05.839967: Epoch time: 22.45 s
2026-06-13 23:50:05.841166: Yayy! New best EMA pseudo Dice: 0.6006
2026-06-13 23:50:07.292213: 
2026-06-13 23:50:07.293622: Epoch 758
2026-06-13 23:50:07.294907: Current learning rate: 0.00279
2026-06-13 23:50:29.785415: train_loss -0.7049
2026-06-13 23:50:29.788239: val_loss -0.553
2026-06-13 23:50:29.789492: Pseudo dice [0.5979]
2026-06-13 23:50:29.790740: Epoch time: 22.49 s
2026-06-13 23:50:30.771409: 
2026-06-13 23:50:30.772761: Epoch 759
2026-06-13 23:50:30.775106: Current learning rate: 0.00278
2026-06-13 23:50:53.251002: train_loss -0.7043
2026-06-13 23:50:53.253424: val_loss -0.5339
2026-06-13 23:50:53.254625: Pseudo dice [0.3857]
2026-06-13 23:50:53.255831: Epoch time: 22.48 s
2026-06-13 23:50:54.227119: 
2026-06-13 23:50:54.228461: Epoch 760
2026-06-13 23:50:54.229671: Current learning rate: 0.00277
2026-06-13 23:51:16.669206: train_loss -0.7252
2026-06-13 23:51:16.672446: val_loss -0.5929
2026-06-13 23:51:16.673680: Pseudo dice [0.6064]
2026-06-13 23:51:16.674876: Epoch time: 22.44 s
2026-06-13 23:51:17.652662: 
2026-06-13 23:51:17.653897: Epoch 761
2026-06-13 23:51:17.655125: Current learning rate: 0.00276
2026-06-13 23:51:40.148203: train_loss -0.7224
2026-06-13 23:51:40.150415: val_loss -0.5673
2026-06-13 23:51:40.151698: Pseudo dice [0.6163]
2026-06-13 23:51:40.152991: Epoch time: 22.5 s
2026-06-13 23:51:41.135498: 
2026-06-13 23:51:41.136861: Epoch 762
2026-06-13 23:51:41.138071: Current learning rate: 0.00275
2026-06-13 23:52:03.587551: train_loss -0.7298
2026-06-13 23:52:03.589820: val_loss -0.621
2026-06-13 23:52:03.591029: Pseudo dice [0.6546]
2026-06-13 23:52:03.592264: Epoch time: 22.45 s
2026-06-13 23:52:04.578756: 
2026-06-13 23:52:04.580141: Epoch 763
2026-06-13 23:52:04.581376: Current learning rate: 0.00274
2026-06-13 23:52:27.050167: train_loss -0.7285
2026-06-13 23:52:27.058912: val_loss -0.5921
2026-06-13 23:52:27.060151: Pseudo dice [0.6218]
2026-06-13 23:52:27.061382: Epoch time: 22.47 s
2026-06-13 23:52:28.035133: 
2026-06-13 23:52:28.036499: Epoch 764
2026-06-13 23:52:28.037708: Current learning rate: 0.00273
2026-06-13 23:52:50.430127: train_loss -0.7447
2026-06-13 23:52:50.432457: val_loss -0.5865
2026-06-13 23:52:50.433802: Pseudo dice [0.6168]
2026-06-13 23:52:50.435568: Epoch time: 22.4 s
2026-06-13 23:52:51.428487: 
2026-06-13 23:52:51.430439: Epoch 765
2026-06-13 23:52:51.433875: Current learning rate: 0.00272
2026-06-13 23:53:13.797865: train_loss -0.7272
2026-06-13 23:53:13.800274: val_loss -0.622
2026-06-13 23:53:13.801547: Pseudo dice [0.6612]
2026-06-13 23:53:13.802979: Epoch time: 22.37 s
2026-06-13 23:53:13.804145: Yayy! New best EMA pseudo Dice: 0.6036
2026-06-13 23:53:15.289505: 
2026-06-13 23:53:15.291206: Epoch 766
2026-06-13 23:53:15.292414: Current learning rate: 0.00271
2026-06-13 23:53:37.786003: train_loss -0.7318
2026-06-13 23:53:37.789508: val_loss -0.6025
2026-06-13 23:53:37.791124: Pseudo dice [0.6346]
2026-06-13 23:53:37.792436: Epoch time: 22.5 s
2026-06-13 23:53:37.793873: Yayy! New best EMA pseudo Dice: 0.6067
2026-06-13 23:53:39.283482: 
2026-06-13 23:53:39.285383: Epoch 767
2026-06-13 23:53:39.286968: Current learning rate: 0.0027
2026-06-13 23:54:01.857125: train_loss -0.7145
2026-06-13 23:54:01.859717: val_loss -0.5728
2026-06-13 23:54:01.861032: Pseudo dice [0.6052]
2026-06-13 23:54:01.862282: Epoch time: 22.57 s
2026-06-13 23:54:02.864850: 
2026-06-13 23:54:02.868153: Epoch 768
2026-06-13 23:54:02.871451: Current learning rate: 0.00268
2026-06-13 23:54:25.296965: train_loss -0.7343
2026-06-13 23:54:25.299655: val_loss -0.5585
2026-06-13 23:54:25.300973: Pseudo dice [0.6172]
2026-06-13 23:54:25.302181: Epoch time: 22.43 s
2026-06-13 23:54:25.303389: Yayy! New best EMA pseudo Dice: 0.6076
2026-06-13 23:54:27.313123: 
2026-06-13 23:54:27.314701: Epoch 769
2026-06-13 23:54:27.316020: Current learning rate: 0.00267
2026-06-13 23:54:49.836691: train_loss -0.7098
2026-06-13 23:54:49.848503: val_loss -0.5759
2026-06-13 23:54:49.850202: Pseudo dice [0.6056]
2026-06-13 23:54:49.851582: Epoch time: 22.52 s
2026-06-13 23:54:50.840300: 
2026-06-13 23:54:50.842113: Epoch 770
2026-06-13 23:54:50.844408: Current learning rate: 0.00266
2026-06-13 23:55:13.486969: train_loss -0.7227
2026-06-13 23:55:13.491019: val_loss -0.5558
2026-06-13 23:55:13.492271: Pseudo dice [0.3706]
2026-06-13 23:55:13.493540: Epoch time: 22.65 s
2026-06-13 23:55:14.471558: 
2026-06-13 23:55:14.472876: Epoch 771
2026-06-13 23:55:14.475454: Current learning rate: 0.00265
2026-06-13 23:55:36.985018: train_loss -0.7222
2026-06-13 23:55:36.987207: val_loss -0.5357
2026-06-13 23:55:36.988489: Pseudo dice [0.5623]
2026-06-13 23:55:36.989818: Epoch time: 22.51 s
2026-06-13 23:55:37.998944: 
2026-06-13 23:55:38.000448: Epoch 772
2026-06-13 23:55:38.002020: Current learning rate: 0.00264
2026-06-13 23:56:00.466841: train_loss -0.7336
2026-06-13 23:56:00.469210: val_loss -0.5919
2026-06-13 23:56:00.470394: Pseudo dice [0.6252]
2026-06-13 23:56:00.471547: Epoch time: 22.47 s
2026-06-13 23:56:01.465322: 
2026-06-13 23:56:01.468680: Epoch 773
2026-06-13 23:56:01.469846: Current learning rate: 0.00263
2026-06-13 23:56:23.923503: train_loss -0.7432
2026-06-13 23:56:23.926531: val_loss -0.5919
2026-06-13 23:56:23.927861: Pseudo dice [0.6081]
2026-06-13 23:56:23.929060: Epoch time: 22.46 s
2026-06-13 23:56:24.912455: 
2026-06-13 23:56:24.917651: Epoch 774
2026-06-13 23:56:24.918925: Current learning rate: 0.00262
2026-06-13 23:56:47.429187: train_loss -0.7204
2026-06-13 23:56:47.432164: val_loss -0.5806
2026-06-13 23:56:47.433478: Pseudo dice [0.6268]
2026-06-13 23:56:47.434662: Epoch time: 22.52 s
2026-06-13 23:56:48.431038: 
2026-06-13 23:56:48.432376: Epoch 775
2026-06-13 23:56:48.433531: Current learning rate: 0.00261
2026-06-13 23:57:10.885911: train_loss -0.7127
2026-06-13 23:57:10.888692: val_loss -0.5392
2026-06-13 23:57:10.890008: Pseudo dice [0.3223]
2026-06-13 23:57:10.891201: Epoch time: 22.46 s
2026-06-13 23:57:11.886838: 
2026-06-13 23:57:11.888115: Epoch 776
2026-06-13 23:57:11.889318: Current learning rate: 0.0026
2026-06-13 23:57:34.349709: train_loss -0.6846
2026-06-13 23:57:34.354570: val_loss -0.5176
2026-06-13 23:57:34.356981: Pseudo dice [0.5799]
2026-06-13 23:57:34.358119: Epoch time: 22.46 s
2026-06-13 23:57:35.336430: 
2026-06-13 23:57:35.337789: Epoch 777
2026-06-13 23:57:35.338981: Current learning rate: 0.00259
2026-06-13 23:57:57.903479: train_loss -0.6926
2026-06-13 23:57:57.906404: val_loss -0.52
2026-06-13 23:57:57.907789: Pseudo dice [0.5576]
2026-06-13 23:57:57.908993: Epoch time: 22.57 s
2026-06-13 23:57:58.917000: 
2026-06-13 23:57:58.918277: Epoch 778
2026-06-13 23:57:58.919515: Current learning rate: 0.00258
2026-06-13 23:58:21.273438: train_loss -0.7341
2026-06-13 23:58:21.276169: val_loss -0.5557
2026-06-13 23:58:21.277431: Pseudo dice [0.3452]
2026-06-13 23:58:21.278723: Epoch time: 22.36 s
2026-06-13 23:58:22.260415: 
2026-06-13 23:58:22.261685: Epoch 779
2026-06-13 23:58:22.262948: Current learning rate: 0.00257
2026-06-13 23:58:44.769572: train_loss -0.7143
2026-06-13 23:58:44.772468: val_loss -0.5632
2026-06-13 23:58:44.773730: Pseudo dice [0.6076]
2026-06-13 23:58:44.775008: Epoch time: 22.51 s
2026-06-13 23:58:45.761385: 
2026-06-13 23:58:45.762705: Epoch 780
2026-06-13 23:58:45.764118: Current learning rate: 0.00256
2026-06-13 23:59:08.260761: train_loss -0.7152
2026-06-13 23:59:08.266801: val_loss -0.5932
2026-06-13 23:59:08.268227: Pseudo dice [0.6143]
2026-06-13 23:59:08.270975: Epoch time: 22.5 s
2026-06-13 23:59:09.254330: 
2026-06-13 23:59:09.255649: Epoch 781
2026-06-13 23:59:09.256901: Current learning rate: 0.00255
2026-06-13 23:59:31.836794: train_loss -0.697
2026-06-13 23:59:31.839340: val_loss -0.5679
2026-06-13 23:59:31.840576: Pseudo dice [0.6108]
2026-06-13 23:59:31.841885: Epoch time: 22.58 s
2026-06-13 23:59:32.835466: 
2026-06-13 23:59:32.837008: Epoch 782
2026-06-13 23:59:32.838351: Current learning rate: 0.00254
2026-06-13 23:59:55.324544: train_loss -0.7249
2026-06-13 23:59:55.327769: val_loss -0.5668
2026-06-13 23:59:55.329073: Pseudo dice [0.6169]
2026-06-13 23:59:55.330265: Epoch time: 22.49 s
2026-06-13 23:59:56.321198: 
2026-06-13 23:59:56.322720: Epoch 783
2026-06-13 23:59:56.324270: Current learning rate: 0.00253
2026-06-14 00:00:18.760990: train_loss -0.7045
2026-06-14 00:00:18.763903: val_loss -0.5988
2026-06-14 00:00:18.765568: Pseudo dice [0.6243]
2026-06-14 00:00:18.767206: Epoch time: 22.44 s
2026-06-14 00:00:19.771776: 
2026-06-14 00:00:19.773120: Epoch 784
2026-06-14 00:00:19.774374: Current learning rate: 0.00252
2026-06-14 00:00:42.395364: train_loss -0.721
2026-06-14 00:00:42.398392: val_loss -0.5878
2026-06-14 00:00:42.399893: Pseudo dice [0.602]
2026-06-14 00:00:42.401552: Epoch time: 22.62 s
2026-06-14 00:00:43.943564: 
2026-06-14 00:00:43.945063: Epoch 785
2026-06-14 00:00:43.946450: Current learning rate: 0.00251
2026-06-14 00:01:06.480394: train_loss -0.7328
2026-06-14 00:01:06.484808: val_loss -0.5491
2026-06-14 00:01:06.486560: Pseudo dice [0.5985]
2026-06-14 00:01:06.488225: Epoch time: 22.54 s
2026-06-14 00:01:07.469071: 
2026-06-14 00:01:07.470785: Epoch 786
2026-06-14 00:01:07.472218: Current learning rate: 0.0025
2026-06-14 00:01:29.954792: train_loss -0.724
2026-06-14 00:01:29.958075: val_loss -0.5883
2026-06-14 00:01:29.959469: Pseudo dice [0.5977]
2026-06-14 00:01:29.960836: Epoch time: 22.49 s
2026-06-14 00:01:30.946254: 
2026-06-14 00:01:30.947917: Epoch 787
2026-06-14 00:01:30.949381: Current learning rate: 0.00249
2026-06-14 00:01:53.483600: train_loss -0.6904
2026-06-14 00:01:53.486388: val_loss -0.5229
2026-06-14 00:01:53.487818: Pseudo dice [0.5639]
2026-06-14 00:01:53.489132: Epoch time: 22.54 s
2026-06-14 00:01:54.488466: 
2026-06-14 00:01:54.489849: Epoch 788
2026-06-14 00:01:54.491089: Current learning rate: 0.00248
2026-06-14 00:02:16.970638: train_loss -0.7205
2026-06-14 00:02:16.974548: val_loss -0.5911
2026-06-14 00:02:16.975869: Pseudo dice [0.6123]
2026-06-14 00:02:16.977192: Epoch time: 22.48 s
2026-06-14 00:02:17.982013: 
2026-06-14 00:02:17.983463: Epoch 789
2026-06-14 00:02:17.984781: Current learning rate: 0.00247
2026-06-14 00:02:40.494373: train_loss -0.7482
2026-06-14 00:02:40.497008: val_loss -0.5826
2026-06-14 00:02:40.498324: Pseudo dice [0.6063]
2026-06-14 00:02:40.499555: Epoch time: 22.51 s
2026-06-14 00:02:41.481072: 
2026-06-14 00:02:41.482463: Epoch 790
2026-06-14 00:02:41.483657: Current learning rate: 0.00245
2026-06-14 00:03:03.984000: train_loss -0.7181
2026-06-14 00:03:03.986274: val_loss -0.5577
2026-06-14 00:03:03.987620: Pseudo dice [0.6164]
2026-06-14 00:03:03.989063: Epoch time: 22.5 s
2026-06-14 00:03:04.994950: 
2026-06-14 00:03:04.996390: Epoch 791
2026-06-14 00:03:04.997748: Current learning rate: 0.00244
2026-06-14 00:03:27.515769: train_loss -0.734
2026-06-14 00:03:27.519950: val_loss -0.5911
2026-06-14 00:03:27.522474: Pseudo dice [0.6143]
2026-06-14 00:03:27.524551: Epoch time: 22.52 s
2026-06-14 00:03:28.524986: 
2026-06-14 00:03:28.526486: Epoch 792
2026-06-14 00:03:28.527787: Current learning rate: 0.00243
2026-06-14 00:03:50.914345: train_loss -0.7054
2026-06-14 00:03:50.916602: val_loss -0.6007
2026-06-14 00:03:50.917940: Pseudo dice [0.636]
2026-06-14 00:03:50.919137: Epoch time: 22.39 s
2026-06-14 00:03:51.907220: 
2026-06-14 00:03:51.908579: Epoch 793
2026-06-14 00:03:51.909859: Current learning rate: 0.00242
2026-06-14 00:04:14.457936: train_loss -0.7274
2026-06-14 00:04:14.461459: val_loss -0.5679
2026-06-14 00:04:14.462895: Pseudo dice [0.4176]
2026-06-14 00:04:14.464516: Epoch time: 22.55 s
2026-06-14 00:04:15.463295: 
2026-06-14 00:04:15.464723: Epoch 794
2026-06-14 00:04:15.465996: Current learning rate: 0.00241
2026-06-14 00:04:38.016182: train_loss -0.718
2026-06-14 00:04:38.019362: val_loss -0.6061
2026-06-14 00:04:38.020713: Pseudo dice [0.5987]
2026-06-14 00:04:38.022037: Epoch time: 22.55 s
2026-06-14 00:04:39.007996: 
2026-06-14 00:04:39.009413: Epoch 795
2026-06-14 00:04:39.010822: Current learning rate: 0.0024
2026-06-14 00:05:01.457814: train_loss -0.7236
2026-06-14 00:05:01.460623: val_loss -0.5466
2026-06-14 00:05:01.463048: Pseudo dice [0.331]
2026-06-14 00:05:01.464979: Epoch time: 22.45 s
2026-06-14 00:05:02.466137: 
2026-06-14 00:05:02.468343: Epoch 796
2026-06-14 00:05:02.470547: Current learning rate: 0.00239
2026-06-14 00:05:25.080671: train_loss -0.7248
2026-06-14 00:05:25.083761: val_loss -0.6004
2026-06-14 00:05:25.086012: Pseudo dice [0.615]
2026-06-14 00:05:25.088619: Epoch time: 22.62 s
2026-06-14 00:05:26.144084: 
2026-06-14 00:05:26.146351: Epoch 797
2026-06-14 00:05:26.148004: Current learning rate: 0.00238
2026-06-14 00:05:48.721515: train_loss -0.7481
2026-06-14 00:05:48.725957: val_loss -0.5473
2026-06-14 00:05:48.727647: Pseudo dice [0.5657]
2026-06-14 00:05:48.729594: Epoch time: 22.58 s
2026-06-14 00:05:49.719679: 
2026-06-14 00:05:49.721344: Epoch 798
2026-06-14 00:05:49.723380: Current learning rate: 0.00237
2026-06-14 00:06:12.317791: train_loss -0.7406
2026-06-14 00:06:12.322113: val_loss -0.5728
2026-06-14 00:06:12.325003: Pseudo dice [0.6011]
2026-06-14 00:06:12.326623: Epoch time: 22.6 s
2026-06-14 00:06:13.411500: 
2026-06-14 00:06:13.413304: Epoch 799
2026-06-14 00:06:13.415201: Current learning rate: 0.00236
2026-06-14 00:06:36.003507: train_loss -0.739
2026-06-14 00:06:36.007718: val_loss -0.636
2026-06-14 00:06:36.014117: Pseudo dice [0.6347]
2026-06-14 00:06:36.017615: Epoch time: 22.59 s
2026-06-14 00:06:38.040672: 
2026-06-14 00:06:38.042780: Epoch 800
2026-06-14 00:06:38.044756: Current learning rate: 0.00235
2026-06-14 00:07:00.586167: train_loss -0.7279
2026-06-14 00:07:00.589624: val_loss -0.5994
2026-06-14 00:07:00.592743: Pseudo dice [0.6056]
2026-06-14 00:07:00.594554: Epoch time: 22.55 s
2026-06-14 00:07:01.590351: 
2026-06-14 00:07:01.592404: Epoch 801
2026-06-14 00:07:01.594426: Current learning rate: 0.00234
2026-06-14 00:07:24.234449: train_loss -0.7597
2026-06-14 00:07:24.237328: val_loss -0.5859
2026-06-14 00:07:24.240211: Pseudo dice [0.3867]
2026-06-14 00:07:24.242039: Epoch time: 22.65 s
2026-06-14 00:07:25.235239: 
2026-06-14 00:07:25.236851: Epoch 802
2026-06-14 00:07:25.238825: Current learning rate: 0.00233
2026-06-14 00:07:47.898170: train_loss -0.7088
2026-06-14 00:07:47.902827: val_loss -0.5713
2026-06-14 00:07:47.910641: Pseudo dice [0.2888]
2026-06-14 00:07:47.913194: Epoch time: 22.66 s
2026-06-14 00:07:48.916005: 
2026-06-14 00:07:48.922180: Epoch 803
2026-06-14 00:07:48.930044: Current learning rate: 0.00232
2026-06-14 00:08:11.610459: train_loss -0.7141
2026-06-14 00:08:11.622189: val_loss -0.6436
2026-06-14 00:08:11.625878: Pseudo dice [0.6563]
2026-06-14 00:08:11.629544: Epoch time: 22.7 s
2026-06-14 00:08:12.640990: 
2026-06-14 00:08:12.646119: Epoch 804
2026-06-14 00:08:12.650520: Current learning rate: 0.00231
2026-06-14 00:08:35.279264: train_loss -0.732
2026-06-14 00:08:35.288061: val_loss -0.6156
2026-06-14 00:08:35.295482: Pseudo dice [0.6428]
2026-06-14 00:08:35.299871: Epoch time: 22.64 s
2026-06-14 00:08:36.375485: 
2026-06-14 00:08:36.377914: Epoch 805
2026-06-14 00:08:36.380886: Current learning rate: 0.0023
2026-06-14 00:08:58.894414: train_loss -0.7511
2026-06-14 00:08:58.898083: val_loss -0.525
2026-06-14 00:08:58.900007: Pseudo dice [0.2552]
2026-06-14 00:08:58.902179: Epoch time: 22.52 s
2026-06-14 00:08:59.899119: 
2026-06-14 00:08:59.900967: Epoch 806
2026-06-14 00:08:59.903266: Current learning rate: 0.00229
2026-06-14 00:09:22.419045: train_loss -0.7291
2026-06-14 00:09:22.421880: val_loss -0.6178
2026-06-14 00:09:22.423400: Pseudo dice [0.6424]
2026-06-14 00:09:22.425470: Epoch time: 22.52 s
2026-06-14 00:09:23.428930: 
2026-06-14 00:09:23.430554: Epoch 807
2026-06-14 00:09:23.432648: Current learning rate: 0.00228
2026-06-14 00:09:45.956125: train_loss -0.7103
2026-06-14 00:09:45.964489: val_loss -0.6106
2026-06-14 00:09:45.966451: Pseudo dice [0.6379]
2026-06-14 00:09:45.968897: Epoch time: 22.53 s
2026-06-14 00:09:46.962972: 
2026-06-14 00:09:46.964556: Epoch 808
2026-06-14 00:09:46.970549: Current learning rate: 0.00226
2026-06-14 00:10:09.609692: train_loss -0.7172
2026-06-14 00:10:09.614858: val_loss -0.555
2026-06-14 00:10:09.618998: Pseudo dice [0.4268]
2026-06-14 00:10:09.620883: Epoch time: 22.65 s
2026-06-14 00:10:10.620635: 
2026-06-14 00:10:10.622306: Epoch 809
2026-06-14 00:10:10.624482: Current learning rate: 0.00225
2026-06-14 00:10:33.234309: train_loss -0.735
2026-06-14 00:10:33.241032: val_loss -0.5495
2026-06-14 00:10:33.242999: Pseudo dice [0.565]
2026-06-14 00:10:33.244908: Epoch time: 22.61 s
2026-06-14 00:10:34.338407: 
2026-06-14 00:10:34.340409: Epoch 810
2026-06-14 00:10:34.342636: Current learning rate: 0.00224
2026-06-14 00:10:56.927040: train_loss -0.7337
2026-06-14 00:10:56.931183: val_loss -0.5402
2026-06-14 00:10:56.932661: Pseudo dice [0.2647]
2026-06-14 00:10:56.934005: Epoch time: 22.59 s
2026-06-14 00:10:57.918832: 
2026-06-14 00:10:57.924134: Epoch 811
2026-06-14 00:10:57.926208: Current learning rate: 0.00223
2026-06-14 00:11:20.346784: train_loss -0.7414
2026-06-14 00:11:20.349934: val_loss -0.555
2026-06-14 00:11:20.351365: Pseudo dice [0.5844]
2026-06-14 00:11:20.352704: Epoch time: 22.43 s
2026-06-14 00:11:21.425258: 
2026-06-14 00:11:21.426742: Epoch 812
2026-06-14 00:11:21.428313: Current learning rate: 0.00222
2026-06-14 00:11:43.979659: train_loss -0.6911
2026-06-14 00:11:43.981902: val_loss -0.5952
2026-06-14 00:11:43.983162: Pseudo dice [0.6294]
2026-06-14 00:11:43.984393: Epoch time: 22.56 s
2026-06-14 00:11:44.964651: 
2026-06-14 00:11:44.966187: Epoch 813
2026-06-14 00:11:44.967474: Current learning rate: 0.00221
2026-06-14 00:12:07.522308: train_loss -0.7396
2026-06-14 00:12:07.524611: val_loss -0.5941
2026-06-14 00:12:07.525919: Pseudo dice [0.6412]
2026-06-14 00:12:07.529107: Epoch time: 22.56 s
2026-06-14 00:12:08.517206: 
2026-06-14 00:12:08.518534: Epoch 814
2026-06-14 00:12:08.519850: Current learning rate: 0.0022
2026-06-14 00:12:31.021690: train_loss -0.7316
2026-06-14 00:12:31.024446: val_loss -0.6325
2026-06-14 00:12:31.025834: Pseudo dice [0.6515]
2026-06-14 00:12:31.027120: Epoch time: 22.51 s
2026-06-14 00:12:32.023031: 
2026-06-14 00:12:32.024594: Epoch 815
2026-06-14 00:12:32.025982: Current learning rate: 0.00219
2026-06-14 00:12:54.543465: train_loss -0.7451
2026-06-14 00:12:54.546063: val_loss -0.5731
2026-06-14 00:12:54.547561: Pseudo dice [0.449]
2026-06-14 00:12:54.548800: Epoch time: 22.52 s
2026-06-14 00:12:55.525717: 
2026-06-14 00:12:55.527419: Epoch 816
2026-06-14 00:12:55.528774: Current learning rate: 0.00218
2026-06-14 00:13:17.987350: train_loss -0.7325
2026-06-14 00:13:17.989597: val_loss -0.5915
2026-06-14 00:13:17.990891: Pseudo dice [0.6103]
2026-06-14 00:13:17.992123: Epoch time: 22.46 s
2026-06-14 00:13:19.567095: 
2026-06-14 00:13:19.568413: Epoch 817
2026-06-14 00:13:19.569627: Current learning rate: 0.00217
2026-06-14 00:13:42.060818: train_loss -0.699
2026-06-14 00:13:42.066549: val_loss -0.5284
2026-06-14 00:13:42.068543: Pseudo dice [0.5656]
2026-06-14 00:13:42.070522: Epoch time: 22.49 s
2026-06-14 00:13:43.054857: 
2026-06-14 00:13:43.056711: Epoch 818
2026-06-14 00:13:43.058573: Current learning rate: 0.00216
2026-06-14 00:14:05.587419: train_loss -0.7449
2026-06-14 00:14:05.592240: val_loss -0.5854
2026-06-14 00:14:05.594017: Pseudo dice [0.6058]
2026-06-14 00:14:05.595806: Epoch time: 22.53 s
2026-06-14 00:14:06.599865: 
2026-06-14 00:14:06.602194: Epoch 819
2026-06-14 00:14:06.609303: Current learning rate: 0.00215
2026-06-14 00:14:29.260700: train_loss -0.7318
2026-06-14 00:14:29.265068: val_loss -0.6127
2026-06-14 00:14:29.269890: Pseudo dice [0.6371]
2026-06-14 00:14:29.272124: Epoch time: 22.66 s
2026-06-14 00:14:30.240969: 
2026-06-14 00:14:30.243103: Epoch 820
2026-06-14 00:14:30.246800: Current learning rate: 0.00214
2026-06-14 00:14:52.800528: train_loss -0.746
2026-06-14 00:14:52.804919: val_loss -0.5525
2026-06-14 00:14:52.807178: Pseudo dice [0.587]
2026-06-14 00:14:52.809494: Epoch time: 22.56 s
2026-06-14 00:14:53.779462: 
2026-06-14 00:14:53.782046: Epoch 821
2026-06-14 00:14:53.784188: Current learning rate: 0.00213
2026-06-14 00:15:16.430403: train_loss -0.7536
2026-06-14 00:15:16.434464: val_loss -0.5896
2026-06-14 00:15:16.436368: Pseudo dice [0.6251]
2026-06-14 00:15:16.438249: Epoch time: 22.65 s
2026-06-14 00:15:17.398874: 
2026-06-14 00:15:17.401832: Epoch 822
2026-06-14 00:15:17.404211: Current learning rate: 0.00212
2026-06-14 00:15:39.976243: train_loss -0.7498
2026-06-14 00:15:39.979594: val_loss -0.5947
2026-06-14 00:15:39.982007: Pseudo dice [0.6118]
2026-06-14 00:15:39.984001: Epoch time: 22.58 s
2026-06-14 00:15:40.955891: 
2026-06-14 00:15:40.957826: Epoch 823
2026-06-14 00:15:40.960497: Current learning rate: 0.0021
2026-06-14 00:16:03.606393: train_loss -0.7284
2026-06-14 00:16:03.608929: val_loss -0.5956
2026-06-14 00:16:03.611251: Pseudo dice [0.6325]
2026-06-14 00:16:03.615289: Epoch time: 22.65 s
2026-06-14 00:16:04.588264: 
2026-06-14 00:16:04.590240: Epoch 824
2026-06-14 00:16:04.592396: Current learning rate: 0.00209
2026-06-14 00:16:27.306433: train_loss -0.7499
2026-06-14 00:16:27.310447: val_loss -0.5839
2026-06-14 00:16:27.312843: Pseudo dice [0.6205]
2026-06-14 00:16:27.315374: Epoch time: 22.72 s
2026-06-14 00:16:28.286016: 
2026-06-14 00:16:28.288380: Epoch 825
2026-06-14 00:16:28.290078: Current learning rate: 0.00208
2026-06-14 00:16:50.892235: train_loss -0.7488
2026-06-14 00:16:50.894567: val_loss -0.5637
2026-06-14 00:16:50.896079: Pseudo dice [0.3435]
2026-06-14 00:16:50.897336: Epoch time: 22.61 s
2026-06-14 00:16:51.866860: 
2026-06-14 00:16:51.868609: Epoch 826
2026-06-14 00:16:51.870087: Current learning rate: 0.00207
2026-06-14 00:17:14.440652: train_loss -0.7214
2026-06-14 00:17:14.444081: val_loss -0.5039
2026-06-14 00:17:14.446770: Pseudo dice [0.5617]
2026-06-14 00:17:14.448444: Epoch time: 22.57 s
2026-06-14 00:17:15.396998: 
2026-06-14 00:17:15.399382: Epoch 827
2026-06-14 00:17:15.401439: Current learning rate: 0.00206
2026-06-14 00:17:37.949060: train_loss -0.7487
2026-06-14 00:17:37.953505: val_loss -0.5994
2026-06-14 00:17:37.955088: Pseudo dice [0.6248]
2026-06-14 00:17:37.956560: Epoch time: 22.55 s
2026-06-14 00:17:38.910512: 
2026-06-14 00:17:38.911966: Epoch 828
2026-06-14 00:17:38.913791: Current learning rate: 0.00205
2026-06-14 00:18:01.548374: train_loss -0.7473
2026-06-14 00:18:01.551515: val_loss -0.5219
2026-06-14 00:18:01.554211: Pseudo dice [0.5515]
2026-06-14 00:18:01.563626: Epoch time: 22.64 s
2026-06-14 00:18:02.531255: 
2026-06-14 00:18:02.533057: Epoch 829
2026-06-14 00:18:02.534890: Current learning rate: 0.00204
2026-06-14 00:18:25.014054: train_loss -0.7344
2026-06-14 00:18:25.017096: val_loss -0.6006
2026-06-14 00:18:25.018617: Pseudo dice [0.6188]
2026-06-14 00:18:25.020219: Epoch time: 22.48 s
2026-06-14 00:18:25.985764: 
2026-06-14 00:18:25.987499: Epoch 830
2026-06-14 00:18:25.989883: Current learning rate: 0.00203
2026-06-14 00:18:48.437560: train_loss -0.7522
2026-06-14 00:18:48.445385: val_loss -0.5703
2026-06-14 00:18:48.449265: Pseudo dice [0.5658]
2026-06-14 00:18:48.451750: Epoch time: 22.45 s
2026-06-14 00:18:49.421241: 
2026-06-14 00:18:49.422945: Epoch 831
2026-06-14 00:18:49.425800: Current learning rate: 0.00202
2026-06-14 00:19:11.929806: train_loss -0.7483
2026-06-14 00:19:11.938358: val_loss -0.6014
2026-06-14 00:19:11.940972: Pseudo dice [0.6084]
2026-06-14 00:19:11.944196: Epoch time: 22.51 s
2026-06-14 00:19:12.904443: 
2026-06-14 00:19:12.906740: Epoch 832
2026-06-14 00:19:12.910806: Current learning rate: 0.00201
2026-06-14 00:19:35.344511: train_loss -0.7492
2026-06-14 00:19:35.351727: val_loss -0.5874
2026-06-14 00:19:35.354216: Pseudo dice [0.3423]
2026-06-14 00:19:35.361813: Epoch time: 22.44 s
2026-06-14 00:19:36.329231: 
2026-06-14 00:19:36.330677: Epoch 833
2026-06-14 00:19:36.332767: Current learning rate: 0.002
2026-06-14 00:19:58.762460: train_loss -0.7572
2026-06-14 00:19:58.765627: val_loss -0.5861
2026-06-14 00:19:58.767314: Pseudo dice [0.6062]
2026-06-14 00:19:58.769985: Epoch time: 22.43 s
2026-06-14 00:19:59.741416: 
2026-06-14 00:19:59.743035: Epoch 834
2026-06-14 00:19:59.744781: Current learning rate: 0.00199
2026-06-14 00:20:22.265824: train_loss -0.7393
2026-06-14 00:20:22.268792: val_loss -0.5969
2026-06-14 00:20:22.270792: Pseudo dice [0.6261]
2026-06-14 00:20:22.272676: Epoch time: 22.53 s
2026-06-14 00:20:23.835648: 
2026-06-14 00:20:23.838304: Epoch 835
2026-06-14 00:20:23.840355: Current learning rate: 0.00198
2026-06-14 00:20:46.260750: train_loss -0.7282
2026-06-14 00:20:46.271166: val_loss -0.5881
2026-06-14 00:20:46.273857: Pseudo dice [0.3847]
2026-06-14 00:20:46.275858: Epoch time: 22.43 s
2026-06-14 00:20:47.220873: 
2026-06-14 00:20:47.223587: Epoch 836
2026-06-14 00:20:47.225408: Current learning rate: 0.00196
2026-06-14 00:21:09.842500: train_loss -0.7478
2026-06-14 00:21:09.845578: val_loss -0.5851
2026-06-14 00:21:09.847154: Pseudo dice [0.5957]
2026-06-14 00:21:09.848700: Epoch time: 22.62 s
2026-06-14 00:21:10.875025: 
2026-06-14 00:21:10.878086: Epoch 837
2026-06-14 00:21:10.880077: Current learning rate: 0.00195
2026-06-14 00:21:33.451161: train_loss -0.7456
2026-06-14 00:21:33.454155: val_loss -0.5177
2026-06-14 00:21:33.456589: Pseudo dice [0.5577]
2026-06-14 00:21:33.458343: Epoch time: 22.58 s
2026-06-14 00:21:34.430198: 
2026-06-14 00:21:34.432786: Epoch 838
2026-06-14 00:21:34.435485: Current learning rate: 0.00194
2026-06-14 00:21:56.953310: train_loss -0.7264
2026-06-14 00:21:56.956853: val_loss -0.5436
2026-06-14 00:21:56.958424: Pseudo dice [0.2469]
2026-06-14 00:21:56.960454: Epoch time: 22.52 s
2026-06-14 00:21:57.920674: 
2026-06-14 00:21:57.922094: Epoch 839
2026-06-14 00:21:57.923964: Current learning rate: 0.00193
2026-06-14 00:22:20.449947: train_loss -0.7104
2026-06-14 00:22:20.452500: val_loss -0.5705
2026-06-14 00:22:20.454178: Pseudo dice [0.6074]
2026-06-14 00:22:20.456326: Epoch time: 22.53 s
2026-06-14 00:22:21.420685: 
2026-06-14 00:22:21.425511: Epoch 840
2026-06-14 00:22:21.435601: Current learning rate: 0.00192
2026-06-14 00:22:43.878877: train_loss -0.7614
2026-06-14 00:22:43.887524: val_loss -0.6102
2026-06-14 00:22:43.888995: Pseudo dice [0.6213]
2026-06-14 00:22:43.890675: Epoch time: 22.46 s
2026-06-14 00:22:44.846231: 
2026-06-14 00:22:44.849281: Epoch 841
2026-06-14 00:22:44.855714: Current learning rate: 0.00191
2026-06-14 00:23:07.324798: train_loss -0.7454
2026-06-14 00:23:07.328035: val_loss -0.5799
2026-06-14 00:23:07.330090: Pseudo dice [0.6192]
2026-06-14 00:23:07.331662: Epoch time: 22.48 s
2026-06-14 00:23:08.281408: 
2026-06-14 00:23:08.283472: Epoch 842
2026-06-14 00:23:08.285362: Current learning rate: 0.0019
2026-06-14 00:23:30.898058: train_loss -0.7466
2026-06-14 00:23:30.901011: val_loss -0.5692
2026-06-14 00:23:30.902444: Pseudo dice [0.4917]
2026-06-14 00:23:30.903980: Epoch time: 22.62 s
2026-06-14 00:23:31.861096: 
2026-06-14 00:23:31.870325: Epoch 843
2026-06-14 00:23:31.872259: Current learning rate: 0.00189
2026-06-14 00:23:54.411081: train_loss -0.7351
2026-06-14 00:23:54.427320: val_loss -0.5944
2026-06-14 00:23:54.429409: Pseudo dice [0.407]
2026-06-14 00:23:54.431483: Epoch time: 22.55 s
2026-06-14 00:23:55.405933: 
2026-06-14 00:23:55.414214: Epoch 844
2026-06-14 00:23:55.416390: Current learning rate: 0.00188
2026-06-14 00:24:17.967825: train_loss -0.7611
2026-06-14 00:24:17.971193: val_loss -0.5961
2026-06-14 00:24:17.972745: Pseudo dice [0.629]
2026-06-14 00:24:17.974162: Epoch time: 22.56 s
2026-06-14 00:24:18.932670: 
2026-06-14 00:24:18.934168: Epoch 845
2026-06-14 00:24:18.935759: Current learning rate: 0.00187
2026-06-14 00:24:41.403144: train_loss -0.764
2026-06-14 00:24:41.406333: val_loss -0.5977
2026-06-14 00:24:41.408253: Pseudo dice [0.6206]
2026-06-14 00:24:41.410128: Epoch time: 22.47 s
2026-06-14 00:24:42.368979: 
2026-06-14 00:24:42.370835: Epoch 846
2026-06-14 00:24:42.372855: Current learning rate: 0.00186
2026-06-14 00:25:04.910683: train_loss -0.7593
2026-06-14 00:25:04.917336: val_loss -0.5732
2026-06-14 00:25:04.923021: Pseudo dice [0.3789]
2026-06-14 00:25:04.925732: Epoch time: 22.54 s
2026-06-14 00:25:05.891121: 
2026-06-14 00:25:05.892999: Epoch 847
2026-06-14 00:25:05.895095: Current learning rate: 0.00185
2026-06-14 00:25:28.414367: train_loss -0.7661
2026-06-14 00:25:28.417756: val_loss -0.5787
2026-06-14 00:25:28.419435: Pseudo dice [0.6164]
2026-06-14 00:25:28.421362: Epoch time: 22.52 s
2026-06-14 00:25:29.390640: 
2026-06-14 00:25:29.392033: Epoch 848
2026-06-14 00:25:29.394174: Current learning rate: 0.00184
2026-06-14 00:25:51.846366: train_loss -0.7582
2026-06-14 00:25:51.849188: val_loss -0.5882
2026-06-14 00:25:51.850876: Pseudo dice [0.6458]
2026-06-14 00:25:51.852298: Epoch time: 22.46 s
2026-06-14 00:25:52.820760: 
2026-06-14 00:25:52.822173: Epoch 849
2026-06-14 00:25:52.823456: Current learning rate: 0.00182
2026-06-14 00:26:15.116673: train_loss -0.7798
2026-06-14 00:26:15.119898: val_loss -0.5827
2026-06-14 00:26:15.121105: Pseudo dice [0.5553]
2026-06-14 00:26:15.122302: Epoch time: 22.3 s
2026-06-14 00:26:16.567400: 
2026-06-14 00:26:16.568790: Epoch 850
2026-06-14 00:26:16.570069: Current learning rate: 0.00181
2026-06-14 00:26:39.134734: train_loss -0.7626
2026-06-14 00:26:39.140912: val_loss -0.5827
2026-06-14 00:26:39.144934: Pseudo dice [0.491]
2026-06-14 00:26:39.154881: Epoch time: 22.57 s
2026-06-14 00:26:40.103526: 
2026-06-14 00:26:40.104872: Epoch 851
2026-06-14 00:26:40.106119: Current learning rate: 0.0018
2026-06-14 00:27:02.481242: train_loss -0.7399
2026-06-14 00:27:02.484000: val_loss -0.5322
2026-06-14 00:27:02.485405: Pseudo dice [0.3134]
2026-06-14 00:27:02.486836: Epoch time: 22.38 s
2026-06-14 00:27:04.025815: 
2026-06-14 00:27:04.027297: Epoch 852
2026-06-14 00:27:04.028553: Current learning rate: 0.00179
2026-06-14 00:27:26.586605: train_loss -0.7567
2026-06-14 00:27:26.590925: val_loss -0.5589
2026-06-14 00:27:26.592271: Pseudo dice [0.5977]
2026-06-14 00:27:26.593793: Epoch time: 22.56 s
2026-06-14 00:27:27.600149: 
2026-06-14 00:27:27.601624: Epoch 853
2026-06-14 00:27:27.603475: Current learning rate: 0.00178
2026-06-14 00:27:50.146666: train_loss -0.7434
2026-06-14 00:27:50.149018: val_loss -0.5905
2026-06-14 00:27:50.151018: Pseudo dice [0.6071]
2026-06-14 00:27:50.152405: Epoch time: 22.55 s
2026-06-14 00:27:51.111832: 
2026-06-14 00:27:51.113582: Epoch 854
2026-06-14 00:27:51.115066: Current learning rate: 0.00177
2026-06-14 00:28:13.625158: train_loss -0.7605
2026-06-14 00:28:13.630682: val_loss -0.5873
2026-06-14 00:28:13.632523: Pseudo dice [0.6007]
2026-06-14 00:28:13.634834: Epoch time: 22.51 s
2026-06-14 00:28:14.592000: 
2026-06-14 00:28:14.593281: Epoch 855
2026-06-14 00:28:14.594511: Current learning rate: 0.00176
2026-06-14 00:28:37.097763: train_loss -0.757
2026-06-14 00:28:37.101431: val_loss -0.632
2026-06-14 00:28:37.102688: Pseudo dice [0.6357]
2026-06-14 00:28:37.104259: Epoch time: 22.51 s
2026-06-14 00:28:38.046277: 
2026-06-14 00:28:38.047712: Epoch 856
2026-06-14 00:28:38.049155: Current learning rate: 0.00175
2026-06-14 00:29:00.483794: train_loss -0.7697
2026-06-14 00:29:00.486751: val_loss -0.5423
2026-06-14 00:29:00.488116: Pseudo dice [0.5697]
2026-06-14 00:29:00.489311: Epoch time: 22.44 s
2026-06-14 00:29:01.445544: 
2026-06-14 00:29:01.448248: Epoch 857
2026-06-14 00:29:01.450200: Current learning rate: 0.00174
2026-06-14 00:29:23.930597: train_loss -0.7647
2026-06-14 00:29:23.933433: val_loss -0.6043
2026-06-14 00:29:23.934740: Pseudo dice [0.6229]
2026-06-14 00:29:23.936108: Epoch time: 22.49 s
2026-06-14 00:29:24.889008: 
2026-06-14 00:29:24.890530: Epoch 858
2026-06-14 00:29:24.891729: Current learning rate: 0.00173
2026-06-14 00:29:47.400043: train_loss -0.7532
2026-06-14 00:29:47.405440: val_loss -0.602
2026-06-14 00:29:47.408770: Pseudo dice [0.4132]
2026-06-14 00:29:47.414746: Epoch time: 22.51 s
2026-06-14 00:29:48.365510: 
2026-06-14 00:29:48.366968: Epoch 859
2026-06-14 00:29:48.368233: Current learning rate: 0.00172
2026-06-14 00:30:10.895523: train_loss -0.762
2026-06-14 00:30:10.898374: val_loss -0.5906
2026-06-14 00:30:10.900302: Pseudo dice [0.6067]
2026-06-14 00:30:10.901753: Epoch time: 22.53 s
2026-06-14 00:30:11.857663: 
2026-06-14 00:30:11.859233: Epoch 860
2026-06-14 00:30:11.860722: Current learning rate: 0.0017
2026-06-14 00:30:34.414545: train_loss -0.7523
2026-06-14 00:30:34.418682: val_loss -0.5805
2026-06-14 00:30:34.421515: Pseudo dice [0.6024]
2026-06-14 00:30:34.423548: Epoch time: 22.56 s
2026-06-14 00:30:35.373318: 
2026-06-14 00:30:35.380886: Epoch 861
2026-06-14 00:30:35.383988: Current learning rate: 0.00169
2026-06-14 00:30:57.967898: train_loss -0.7492
2026-06-14 00:30:57.972259: val_loss -0.5923
2026-06-14 00:30:57.973613: Pseudo dice [0.6316]
2026-06-14 00:30:57.974898: Epoch time: 22.6 s
2026-06-14 00:30:58.937406: 
2026-06-14 00:30:58.938858: Epoch 862
2026-06-14 00:30:58.940163: Current learning rate: 0.00168
2026-06-14 00:31:21.467395: train_loss -0.7496
2026-06-14 00:31:21.469833: val_loss -0.6234
2026-06-14 00:31:21.471159: Pseudo dice [0.6429]
2026-06-14 00:31:21.472541: Epoch time: 22.53 s
2026-06-14 00:31:22.431299: 
2026-06-14 00:31:22.432714: Epoch 863
2026-06-14 00:31:22.434094: Current learning rate: 0.00167
2026-06-14 00:31:44.960489: train_loss -0.7657
2026-06-14 00:31:44.962924: val_loss -0.576
2026-06-14 00:31:44.964158: Pseudo dice [0.6121]
2026-06-14 00:31:44.965364: Epoch time: 22.53 s
2026-06-14 00:31:45.922999: 
2026-06-14 00:31:45.924922: Epoch 864
2026-06-14 00:31:45.928589: Current learning rate: 0.00166
2026-06-14 00:32:08.426828: train_loss -0.7515
2026-06-14 00:32:08.431570: val_loss -0.6194
2026-06-14 00:32:08.434333: Pseudo dice [0.6555]
2026-06-14 00:32:08.436368: Epoch time: 22.5 s
2026-06-14 00:32:09.401180: 
2026-06-14 00:32:09.403219: Epoch 865
2026-06-14 00:32:09.405257: Current learning rate: 0.00165
2026-06-14 00:32:31.860855: train_loss -0.7723
2026-06-14 00:32:31.865460: val_loss -0.5544
2026-06-14 00:32:31.867613: Pseudo dice [0.5856]
2026-06-14 00:32:31.869141: Epoch time: 22.46 s
2026-06-14 00:32:32.813563: 
2026-06-14 00:32:32.816558: Epoch 866
2026-06-14 00:32:32.819865: Current learning rate: 0.00164
2026-06-14 00:32:55.373988: train_loss -0.7153
2026-06-14 00:32:55.378057: val_loss -0.6183
2026-06-14 00:32:55.379622: Pseudo dice [0.6268]
2026-06-14 00:32:55.381927: Epoch time: 22.56 s
2026-06-14 00:32:56.793121: 
2026-06-14 00:32:56.794616: Epoch 867
2026-06-14 00:32:56.796407: Current learning rate: 0.00163
2026-06-14 00:33:19.295441: train_loss -0.7509
2026-06-14 00:33:19.299103: val_loss -0.5801
2026-06-14 00:33:19.301141: Pseudo dice [0.5871]
2026-06-14 00:33:19.303021: Epoch time: 22.5 s
2026-06-14 00:33:20.269219: 
2026-06-14 00:33:20.270794: Epoch 868
2026-06-14 00:33:20.272710: Current learning rate: 0.00162
2026-06-14 00:33:42.845989: train_loss -0.7403
2026-06-14 00:33:42.850769: val_loss -0.6113
2026-06-14 00:33:42.852815: Pseudo dice [0.6055]
2026-06-14 00:33:42.854591: Epoch time: 22.58 s
2026-06-14 00:33:43.814898: 
2026-06-14 00:33:43.824780: Epoch 869
2026-06-14 00:33:43.829459: Current learning rate: 0.00161
2026-06-14 00:34:06.296941: train_loss -0.756
2026-06-14 00:34:06.304418: val_loss -0.578
2026-06-14 00:34:06.308953: Pseudo dice [0.621]
2026-06-14 00:34:06.313725: Epoch time: 22.48 s
2026-06-14 00:34:07.269083: 
2026-06-14 00:34:07.273500: Epoch 870
2026-06-14 00:34:07.276080: Current learning rate: 0.00159
2026-06-14 00:34:29.932261: train_loss -0.7531
2026-06-14 00:34:29.938183: val_loss -0.5477
2026-06-14 00:34:29.940871: Pseudo dice [0.5707]
2026-06-14 00:34:29.943745: Epoch time: 22.66 s
2026-06-14 00:34:31.454052: 
2026-06-14 00:34:31.460019: Epoch 871
2026-06-14 00:34:31.462090: Current learning rate: 0.00158
2026-06-14 00:34:53.978864: train_loss -0.7666
2026-06-14 00:34:53.984461: val_loss -0.5971
2026-06-14 00:34:53.986332: Pseudo dice [0.637]
2026-06-14 00:34:53.988997: Epoch time: 22.53 s
2026-06-14 00:34:54.941802: 
2026-06-14 00:34:54.944455: Epoch 872
2026-06-14 00:34:54.947423: Current learning rate: 0.00157
2026-06-14 00:35:17.547791: train_loss -0.7556
2026-06-14 00:35:17.556703: val_loss -0.6067
2026-06-14 00:35:17.558797: Pseudo dice [0.6025]
2026-06-14 00:35:17.560866: Epoch time: 22.61 s
2026-06-14 00:35:18.523155: 
2026-06-14 00:35:18.526379: Epoch 873
2026-06-14 00:35:18.530594: Current learning rate: 0.00156
2026-06-14 00:35:41.020377: train_loss -0.7479
2026-06-14 00:35:41.024269: val_loss -0.5667
2026-06-14 00:35:41.026654: Pseudo dice [0.399]
2026-06-14 00:35:41.030372: Epoch time: 22.5 s
2026-06-14 00:35:41.982121: 
2026-06-14 00:35:41.984613: Epoch 874
2026-06-14 00:35:41.988541: Current learning rate: 0.00155
2026-06-14 00:36:04.541069: train_loss -0.7454
2026-06-14 00:36:04.546180: val_loss -0.5575
2026-06-14 00:36:04.549150: Pseudo dice [0.4145]
2026-06-14 00:36:04.554713: Epoch time: 22.56 s
2026-06-14 00:36:05.520412: 
2026-06-14 00:36:05.523251: Epoch 875
2026-06-14 00:36:05.525313: Current learning rate: 0.00154
2026-06-14 00:36:28.024287: train_loss -0.7509
2026-06-14 00:36:28.033722: val_loss -0.5641
2026-06-14 00:36:28.037486: Pseudo dice [0.5977]
2026-06-14 00:36:28.040937: Epoch time: 22.5 s
2026-06-14 00:36:29.014785: 
2026-06-14 00:36:29.021811: Epoch 876
2026-06-14 00:36:29.024134: Current learning rate: 0.00153
2026-06-14 00:36:51.584484: train_loss -0.7667
2026-06-14 00:36:51.588189: val_loss -0.5847
2026-06-14 00:36:51.590194: Pseudo dice [0.621]
2026-06-14 00:36:51.592348: Epoch time: 22.57 s
2026-06-14 00:36:52.546838: 
2026-06-14 00:36:52.548735: Epoch 877
2026-06-14 00:36:52.551200: Current learning rate: 0.00152
2026-06-14 00:37:15.090445: train_loss -0.7626
2026-06-14 00:37:15.095807: val_loss -0.6386
2026-06-14 00:37:15.100635: Pseudo dice [0.6467]
2026-06-14 00:37:15.104077: Epoch time: 22.54 s
2026-06-14 00:37:16.076811: 
2026-06-14 00:37:16.079471: Epoch 878
2026-06-14 00:37:16.082182: Current learning rate: 0.00151
2026-06-14 00:37:38.650180: train_loss -0.751
2026-06-14 00:37:38.657252: val_loss -0.5788
2026-06-14 00:37:38.662921: Pseudo dice [0.6164]
2026-06-14 00:37:38.665144: Epoch time: 22.57 s
2026-06-14 00:37:39.634886: 
2026-06-14 00:37:39.637992: Epoch 879
2026-06-14 00:37:39.640883: Current learning rate: 0.00149
2026-06-14 00:38:02.179892: train_loss -0.7407
2026-06-14 00:38:02.193064: val_loss -0.6041
2026-06-14 00:38:02.201691: Pseudo dice [0.6343]
2026-06-14 00:38:02.204412: Epoch time: 22.55 s
2026-06-14 00:38:03.163464: 
2026-06-14 00:38:03.165504: Epoch 880
2026-06-14 00:38:03.167826: Current learning rate: 0.00148
2026-06-14 00:38:25.656638: train_loss -0.7614
2026-06-14 00:38:25.664641: val_loss -0.6017
2026-06-14 00:38:25.666801: Pseudo dice [0.6197]
2026-06-14 00:38:25.669488: Epoch time: 22.49 s
2026-06-14 00:38:26.622224: 
2026-06-14 00:38:26.624911: Epoch 881
2026-06-14 00:38:26.628250: Current learning rate: 0.00147
2026-06-14 00:38:49.174717: train_loss -0.7608
2026-06-14 00:38:49.181836: val_loss -0.6006
2026-06-14 00:38:49.184725: Pseudo dice [0.6306]
2026-06-14 00:38:49.187150: Epoch time: 22.55 s
2026-06-14 00:38:50.152221: 
2026-06-14 00:38:50.158933: Epoch 882
2026-06-14 00:38:50.161909: Current learning rate: 0.00146
2026-06-14 00:39:12.715511: train_loss -0.7664
2026-06-14 00:39:12.718382: val_loss -0.6251
2026-06-14 00:39:12.721285: Pseudo dice [0.6281]
2026-06-14 00:39:12.724076: Epoch time: 22.56 s
2026-06-14 00:39:13.683474: 
2026-06-14 00:39:13.685674: Epoch 883
2026-06-14 00:39:13.689199: Current learning rate: 0.00145
2026-06-14 00:39:36.213453: train_loss -0.7548
2026-06-14 00:39:36.220687: val_loss -0.5686
2026-06-14 00:39:36.223451: Pseudo dice [0.5491]
2026-06-14 00:39:36.226009: Epoch time: 22.53 s
2026-06-14 00:39:37.195424: 
2026-06-14 00:39:37.197535: Epoch 884
2026-06-14 00:39:37.200568: Current learning rate: 0.00144
2026-06-14 00:39:59.731949: train_loss -0.7426
2026-06-14 00:39:59.738115: val_loss -0.6
2026-06-14 00:39:59.741163: Pseudo dice [0.5998]
2026-06-14 00:39:59.746586: Epoch time: 22.54 s
2026-06-14 00:40:00.720963: 
2026-06-14 00:40:00.724964: Epoch 885
2026-06-14 00:40:00.736225: Current learning rate: 0.00143
2026-06-14 00:40:23.388486: train_loss -0.7573
2026-06-14 00:40:23.395128: val_loss -0.5802
2026-06-14 00:40:23.404504: Pseudo dice [0.6173]
2026-06-14 00:40:23.410946: Epoch time: 22.67 s
2026-06-14 00:40:24.392168: 
2026-06-14 00:40:24.395943: Epoch 886
2026-06-14 00:40:24.403573: Current learning rate: 0.00142
2026-06-14 00:40:47.031174: train_loss -0.7693
2026-06-14 00:40:47.043765: val_loss -0.612
2026-06-14 00:40:47.048286: Pseudo dice [0.6251]
2026-06-14 00:40:47.051410: Epoch time: 22.64 s
2026-06-14 00:40:48.011102: 
2026-06-14 00:40:48.014151: Epoch 887
2026-06-14 00:40:48.017933: Current learning rate: 0.00141
2026-06-14 00:41:10.535058: train_loss -0.7627
2026-06-14 00:41:10.539226: val_loss -0.6109
2026-06-14 00:41:10.542774: Pseudo dice [0.6162]
2026-06-14 00:41:10.545152: Epoch time: 22.52 s
2026-06-14 00:41:11.517011: 
2026-06-14 00:41:11.522771: Epoch 888
2026-06-14 00:41:11.525745: Current learning rate: 0.00139
2026-06-14 00:41:34.119031: train_loss -0.7529
2026-06-14 00:41:34.123881: val_loss -0.5878
2026-06-14 00:41:34.128764: Pseudo dice [0.3718]
2026-06-14 00:41:34.131154: Epoch time: 22.6 s
2026-06-14 00:41:35.083097: 
2026-06-14 00:41:35.085593: Epoch 889
2026-06-14 00:41:35.088792: Current learning rate: 0.00138
2026-06-14 00:41:57.653872: train_loss -0.747
2026-06-14 00:41:57.661170: val_loss -0.5914
2026-06-14 00:41:57.663296: Pseudo dice [0.6089]
2026-06-14 00:41:57.665254: Epoch time: 22.57 s
2026-06-14 00:41:59.198193: 
2026-06-14 00:41:59.200494: Epoch 890
2026-06-14 00:41:59.203632: Current learning rate: 0.00137
2026-06-14 00:42:21.620025: train_loss -0.7591
2026-06-14 00:42:21.623739: val_loss -0.6186
2026-06-14 00:42:21.626870: Pseudo dice [0.6398]
2026-06-14 00:42:21.629465: Epoch time: 22.42 s
2026-06-14 00:42:22.582505: 
2026-06-14 00:42:22.584859: Epoch 891
2026-06-14 00:42:22.587029: Current learning rate: 0.00136
2026-06-14 00:42:45.129540: train_loss -0.7616
2026-06-14 00:42:45.134660: val_loss -0.5682
2026-06-14 00:42:45.137149: Pseudo dice [0.6116]
2026-06-14 00:42:45.139371: Epoch time: 22.55 s
2026-06-14 00:42:46.114515: 
2026-06-14 00:42:46.116786: Epoch 892
2026-06-14 00:42:46.120394: Current learning rate: 0.00135
2026-06-14 00:43:08.650343: train_loss -0.7793
2026-06-14 00:43:08.658536: val_loss -0.6062
2026-06-14 00:43:08.661717: Pseudo dice [0.6325]
2026-06-14 00:43:08.666752: Epoch time: 22.54 s
2026-06-14 00:43:09.628126: 
2026-06-14 00:43:09.630967: Epoch 893
2026-06-14 00:43:09.634010: Current learning rate: 0.00134
2026-06-14 00:43:32.281360: train_loss -0.768
2026-06-14 00:43:32.286765: val_loss -0.6264
2026-06-14 00:43:32.289718: Pseudo dice [0.6318]
2026-06-14 00:43:32.291895: Epoch time: 22.65 s
2026-06-14 00:43:33.245764: 
2026-06-14 00:43:33.248986: Epoch 894
2026-06-14 00:43:33.251547: Current learning rate: 0.00133
2026-06-14 00:43:55.867358: train_loss -0.7623
2026-06-14 00:43:55.876826: val_loss -0.5152
2026-06-14 00:43:55.883907: Pseudo dice [0.1779]
2026-06-14 00:43:55.903540: Epoch time: 22.62 s
2026-06-14 00:43:56.885552: 
2026-06-14 00:43:56.890268: Epoch 895
2026-06-14 00:43:56.905651: Current learning rate: 0.00132
2026-06-14 00:44:19.383323: train_loss -0.755
2026-06-14 00:44:19.389056: val_loss -0.5964
2026-06-14 00:44:19.392035: Pseudo dice [0.6151]
2026-06-14 00:44:19.393692: Epoch time: 22.5 s
2026-06-14 00:44:20.355211: 
2026-06-14 00:44:20.356844: Epoch 896
2026-06-14 00:44:20.359005: Current learning rate: 0.0013
2026-06-14 00:44:42.883154: train_loss -0.7601
2026-06-14 00:44:42.885887: val_loss -0.539
2026-06-14 00:44:42.887810: Pseudo dice [0.5906]
2026-06-14 00:44:42.889676: Epoch time: 22.53 s
2026-06-14 00:44:43.866942: 
2026-06-14 00:44:43.868636: Epoch 897
2026-06-14 00:44:43.870473: Current learning rate: 0.00129
2026-06-14 00:45:06.521987: train_loss -0.7467
2026-06-14 00:45:06.529485: val_loss -0.5606
2026-06-14 00:45:06.531456: Pseudo dice [0.2895]
2026-06-14 00:45:06.533974: Epoch time: 22.66 s
2026-06-14 00:45:07.661406: 
2026-06-14 00:45:07.663319: Epoch 898
2026-06-14 00:45:07.665854: Current learning rate: 0.00128
2026-06-14 00:45:30.267765: train_loss -0.7589
2026-06-14 00:45:30.271605: val_loss -0.6176
2026-06-14 00:45:30.274269: Pseudo dice [0.6315]
2026-06-14 00:45:30.276241: Epoch time: 22.61 s
2026-06-14 00:45:31.242339: 
2026-06-14 00:45:31.245270: Epoch 899
2026-06-14 00:45:31.248290: Current learning rate: 0.00127
2026-06-14 00:45:53.903917: train_loss -0.761
2026-06-14 00:45:53.912095: val_loss -0.5759
2026-06-14 00:45:53.914563: Pseudo dice [0.5972]
2026-06-14 00:45:53.916662: Epoch time: 22.66 s
2026-06-14 00:45:55.391975: 
2026-06-14 00:45:55.393766: Epoch 900
2026-06-14 00:45:55.397452: Current learning rate: 0.00126
2026-06-14 00:46:18.010684: train_loss -0.7165
2026-06-14 00:46:18.015057: val_loss -0.6167
2026-06-14 00:46:18.017483: Pseudo dice [0.6166]
2026-06-14 00:46:18.019538: Epoch time: 22.62 s
2026-06-14 00:46:18.989108: 
2026-06-14 00:46:18.991933: Epoch 901
2026-06-14 00:46:18.994618: Current learning rate: 0.00125
2026-06-14 00:46:41.516449: train_loss -0.7541
2026-06-14 00:46:41.522291: val_loss -0.5979
2026-06-14 00:46:41.524923: Pseudo dice [0.593]
2026-06-14 00:46:41.527368: Epoch time: 22.53 s
2026-06-14 00:46:42.566926: 
2026-06-14 00:46:42.568755: Epoch 902
2026-06-14 00:46:42.592345: Current learning rate: 0.00124
2026-06-14 00:47:05.056648: train_loss -0.7722
2026-06-14 00:47:05.059963: val_loss -0.6262
2026-06-14 00:47:05.061745: Pseudo dice [0.6345]
2026-06-14 00:47:05.063513: Epoch time: 22.49 s
2026-06-14 00:47:06.041995: 
2026-06-14 00:47:06.053172: Epoch 903
2026-06-14 00:47:06.055521: Current learning rate: 0.00122
2026-06-14 00:47:28.655096: train_loss -0.7648
2026-06-14 00:47:28.659856: val_loss -0.5754
2026-06-14 00:47:28.662235: Pseudo dice [0.6043]
2026-06-14 00:47:28.663993: Epoch time: 22.61 s
2026-06-14 00:47:29.619889: 
2026-06-14 00:47:29.621740: Epoch 904
2026-06-14 00:47:29.623902: Current learning rate: 0.00121
2026-06-14 00:47:52.311888: train_loss -0.7604
2026-06-14 00:47:52.317388: val_loss -0.5989
2026-06-14 00:47:52.319727: Pseudo dice [0.6116]
2026-06-14 00:47:52.321710: Epoch time: 22.69 s
2026-06-14 00:47:53.290160: 
2026-06-14 00:47:53.292755: Epoch 905
2026-06-14 00:47:53.295001: Current learning rate: 0.0012
2026-06-14 00:48:15.879114: train_loss -0.7602
2026-06-14 00:48:15.883220: val_loss -0.5801
2026-06-14 00:48:15.884659: Pseudo dice [0.6201]
2026-06-14 00:48:15.886826: Epoch time: 22.59 s
2026-06-14 00:48:16.837219: 
2026-06-14 00:48:16.838740: Epoch 906
2026-06-14 00:48:16.840710: Current learning rate: 0.00119
2026-06-14 00:48:39.331442: train_loss -0.7514
2026-06-14 00:48:39.336571: val_loss -0.5733
2026-06-14 00:48:39.337949: Pseudo dice [0.5679]
2026-06-14 00:48:39.339331: Epoch time: 22.5 s
2026-06-14 00:48:40.293992: 
2026-06-14 00:48:40.295403: Epoch 907
2026-06-14 00:48:40.296823: Current learning rate: 0.00118
2026-06-14 00:49:02.818525: train_loss -0.7455
2026-06-14 00:49:02.823982: val_loss -0.595
2026-06-14 00:49:02.826057: Pseudo dice [0.3747]
2026-06-14 00:49:02.830407: Epoch time: 22.53 s
2026-06-14 00:49:04.321462: 
2026-06-14 00:49:04.323164: Epoch 908
2026-06-14 00:49:04.325498: Current learning rate: 0.00117
2026-06-14 00:49:26.957292: train_loss -0.735
2026-06-14 00:49:26.960425: val_loss -0.62
2026-06-14 00:49:26.961957: Pseudo dice [0.6043]
2026-06-14 00:49:26.963801: Epoch time: 22.64 s
2026-06-14 00:49:27.908586: 
2026-06-14 00:49:27.910012: Epoch 909
2026-06-14 00:49:27.911512: Current learning rate: 0.00116
2026-06-14 00:49:50.401397: train_loss -0.754
2026-06-14 00:49:50.405302: val_loss -0.5555
2026-06-14 00:49:50.406895: Pseudo dice [0.5878]
2026-06-14 00:49:50.408195: Epoch time: 22.49 s
2026-06-14 00:49:51.367694: 
2026-06-14 00:49:51.369586: Epoch 910
2026-06-14 00:49:51.372357: Current learning rate: 0.00115
2026-06-14 00:50:14.010828: train_loss -0.762
2026-06-14 00:50:14.015824: val_loss -0.6065
2026-06-14 00:50:14.020351: Pseudo dice [0.6167]
2026-06-14 00:50:14.022263: Epoch time: 22.64 s
2026-06-14 00:50:14.978932: 
2026-06-14 00:50:14.980422: Epoch 911
2026-06-14 00:50:14.981868: Current learning rate: 0.00113
2026-06-14 00:50:37.424302: train_loss -0.7723
2026-06-14 00:50:37.427976: val_loss -0.5947
2026-06-14 00:50:37.429603: Pseudo dice [0.6057]
2026-06-14 00:50:37.431069: Epoch time: 22.45 s
2026-06-14 00:50:38.481114: 
2026-06-14 00:50:38.483008: Epoch 912
2026-06-14 00:50:38.485138: Current learning rate: 0.00112
2026-06-14 00:51:01.026415: train_loss -0.7786
2026-06-14 00:51:01.035938: val_loss -0.6052
2026-06-14 00:51:01.038435: Pseudo dice [0.6266]
2026-06-14 00:51:01.040151: Epoch time: 22.55 s
2026-06-14 00:51:02.010966: 
2026-06-14 00:51:02.014140: Epoch 913
2026-06-14 00:51:02.016531: Current learning rate: 0.00111
2026-06-14 00:51:24.571157: train_loss -0.7884
2026-06-14 00:51:24.574235: val_loss -0.5935
2026-06-14 00:51:24.575997: Pseudo dice [0.6235]
2026-06-14 00:51:24.577469: Epoch time: 22.56 s
2026-06-14 00:51:25.543680: 
2026-06-14 00:51:25.545120: Epoch 914
2026-06-14 00:51:25.546674: Current learning rate: 0.0011
2026-06-14 00:51:48.059978: train_loss -0.7731
2026-06-14 00:51:48.063523: val_loss -0.6257
2026-06-14 00:51:48.065950: Pseudo dice [0.5722]
2026-06-14 00:51:48.068015: Epoch time: 22.52 s
2026-06-14 00:51:49.043378: 
2026-06-14 00:51:49.046363: Epoch 915
2026-06-14 00:51:49.047995: Current learning rate: 0.00109
2026-06-14 00:52:11.617174: train_loss -0.7684
2026-06-14 00:52:11.623922: val_loss -0.576
2026-06-14 00:52:11.626413: Pseudo dice [0.5908]
2026-06-14 00:52:11.630637: Epoch time: 22.57 s
2026-06-14 00:52:12.600749: 
2026-06-14 00:52:12.603120: Epoch 916
2026-06-14 00:52:12.612083: Current learning rate: 0.00108
2026-06-14 00:52:35.130671: train_loss -0.7229
2026-06-14 00:52:35.133302: val_loss -0.5953
2026-06-14 00:52:35.134728: Pseudo dice [0.6038]
2026-06-14 00:52:35.136233: Epoch time: 22.53 s
2026-06-14 00:52:36.092778: 
2026-06-14 00:52:36.094225: Epoch 917
2026-06-14 00:52:36.096337: Current learning rate: 0.00106
2026-06-14 00:52:58.657644: train_loss -0.7571
2026-06-14 00:52:58.660295: val_loss -0.573
2026-06-14 00:52:58.662989: Pseudo dice [0.5882]
2026-06-14 00:52:58.666175: Epoch time: 22.57 s
2026-06-14 00:52:59.626743: 
2026-06-14 00:52:59.629259: Epoch 918
2026-06-14 00:52:59.630895: Current learning rate: 0.00105
2026-06-14 00:53:22.056125: train_loss -0.7732
2026-06-14 00:53:22.061429: val_loss -0.5532
2026-06-14 00:53:22.063139: Pseudo dice [0.5725]
2026-06-14 00:53:22.067888: Epoch time: 22.43 s
2026-06-14 00:53:23.023073: 
2026-06-14 00:53:23.034328: Epoch 919
2026-06-14 00:53:23.037016: Current learning rate: 0.00104
2026-06-14 00:53:45.543265: train_loss -0.7696
2026-06-14 00:53:45.550272: val_loss -0.5596
2026-06-14 00:53:45.556397: Pseudo dice [0.5954]
2026-06-14 00:53:45.559167: Epoch time: 22.52 s
2026-06-14 00:53:46.509393: 
2026-06-14 00:53:46.512155: Epoch 920
2026-06-14 00:53:46.522428: Current learning rate: 0.00103
2026-06-14 00:54:08.965188: train_loss -0.7848
2026-06-14 00:54:08.971318: val_loss -0.5841
2026-06-14 00:54:08.973254: Pseudo dice [0.6164]
2026-06-14 00:54:08.977325: Epoch time: 22.46 s
2026-06-14 00:54:09.937170: 
2026-06-14 00:54:09.938863: Epoch 921
2026-06-14 00:54:09.941819: Current learning rate: 0.00102
2026-06-14 00:54:32.509040: train_loss -0.7615
2026-06-14 00:54:32.516734: val_loss -0.5602
2026-06-14 00:54:32.518628: Pseudo dice [0.3316]
2026-06-14 00:54:32.521344: Epoch time: 22.57 s
2026-06-14 00:54:33.480333: 
2026-06-14 00:54:33.486094: Epoch 922
2026-06-14 00:54:33.491630: Current learning rate: 0.00101
2026-06-14 00:54:55.947303: train_loss -0.7797
2026-06-14 00:54:55.950556: val_loss -0.5867
2026-06-14 00:54:55.952023: Pseudo dice [0.6099]
2026-06-14 00:54:55.953701: Epoch time: 22.47 s
2026-06-14 00:54:56.910827: 
2026-06-14 00:54:56.912341: Epoch 923
2026-06-14 00:54:56.914048: Current learning rate: 0.001
2026-06-14 00:55:19.500196: train_loss -0.771
2026-06-14 00:55:19.518799: val_loss -0.6308
2026-06-14 00:55:19.521813: Pseudo dice [0.6461]
2026-06-14 00:55:19.529691: Epoch time: 22.59 s
2026-06-14 00:55:20.477422: 
2026-06-14 00:55:20.479177: Epoch 924
2026-06-14 00:55:20.480936: Current learning rate: 0.00098
2026-06-14 00:55:42.973522: train_loss -0.7796
2026-06-14 00:55:42.977074: val_loss -0.6147
2026-06-14 00:55:42.978683: Pseudo dice [0.6359]
2026-06-14 00:55:42.983677: Epoch time: 22.5 s
2026-06-14 00:55:43.940501: 
2026-06-14 00:55:43.942834: Epoch 925
2026-06-14 00:55:43.945352: Current learning rate: 0.00097
2026-06-14 00:56:06.377001: train_loss -0.7774
2026-06-14 00:56:06.381524: val_loss -0.5603
2026-06-14 00:56:06.385979: Pseudo dice [0.5838]
2026-06-14 00:56:06.388007: Epoch time: 22.44 s
2026-06-14 00:56:07.985582: 
2026-06-14 00:56:07.987819: Epoch 926
2026-06-14 00:56:07.993821: Current learning rate: 0.00096
2026-06-14 00:56:30.548693: train_loss -0.7716
2026-06-14 00:56:30.552776: val_loss -0.6123
2026-06-14 00:56:30.554615: Pseudo dice [0.6328]
2026-06-14 00:56:30.556704: Epoch time: 22.56 s
2026-06-14 00:56:31.495533: 
2026-06-14 00:56:31.497969: Epoch 927
2026-06-14 00:56:31.499989: Current learning rate: 0.00095
2026-06-14 00:56:54.203804: train_loss -0.7727
2026-06-14 00:56:54.208023: val_loss -0.5903
2026-06-14 00:56:54.209669: Pseudo dice [0.6]
2026-06-14 00:56:54.211450: Epoch time: 22.71 s
2026-06-14 00:56:55.229861: 
2026-06-14 00:56:55.231600: Epoch 928
2026-06-14 00:56:55.234649: Current learning rate: 0.00094
2026-06-14 00:57:17.758698: train_loss -0.7787
2026-06-14 00:57:17.764027: val_loss -0.5898
2026-06-14 00:57:17.765529: Pseudo dice [0.3405]
2026-06-14 00:57:17.767641: Epoch time: 22.53 s
2026-06-14 00:57:18.729672: 
2026-06-14 00:57:18.731513: Epoch 929
2026-06-14 00:57:18.733866: Current learning rate: 0.00092
2026-06-14 00:57:41.255652: train_loss -0.7715
2026-06-14 00:57:41.260320: val_loss -0.5908
2026-06-14 00:57:41.262068: Pseudo dice [0.603]
2026-06-14 00:57:41.264028: Epoch time: 22.53 s
2026-06-14 00:57:42.253597: 
2026-06-14 00:57:42.255429: Epoch 930
2026-06-14 00:57:42.257346: Current learning rate: 0.00091
2026-06-14 00:58:04.757302: train_loss -0.7814
2026-06-14 00:58:04.762668: val_loss -0.6003
2026-06-14 00:58:04.764344: Pseudo dice [0.6209]
2026-06-14 00:58:04.767749: Epoch time: 22.5 s
2026-06-14 00:58:05.733942: 
2026-06-14 00:58:05.738533: Epoch 931
2026-06-14 00:58:05.740988: Current learning rate: 0.0009
2026-06-14 00:58:28.308523: train_loss -0.7547
2026-06-14 00:58:28.312397: val_loss -0.6128
2026-06-14 00:58:28.314352: Pseudo dice [0.6156]
2026-06-14 00:58:28.316244: Epoch time: 22.58 s
2026-06-14 00:58:29.283075: 
2026-06-14 00:58:29.286181: Epoch 932
2026-06-14 00:58:29.289109: Current learning rate: 0.00089
2026-06-14 00:58:51.811374: train_loss -0.7674
2026-06-14 00:58:51.814982: val_loss -0.5962
2026-06-14 00:58:51.816601: Pseudo dice [0.6226]
2026-06-14 00:58:51.818458: Epoch time: 22.53 s
2026-06-14 00:58:52.773363: 
2026-06-14 00:58:52.777726: Epoch 933
2026-06-14 00:58:52.780023: Current learning rate: 0.00088
2026-06-14 00:59:15.348121: train_loss -0.7818
2026-06-14 00:59:15.354311: val_loss -0.6002
2026-06-14 00:59:15.355804: Pseudo dice [0.6421]
2026-06-14 00:59:15.357543: Epoch time: 22.58 s
2026-06-14 00:59:16.321406: 
2026-06-14 00:59:16.324999: Epoch 934
2026-06-14 00:59:16.327418: Current learning rate: 0.00087
2026-06-14 00:59:38.832417: train_loss -0.788
2026-06-14 00:59:38.838033: val_loss -0.5906
2026-06-14 00:59:38.840333: Pseudo dice [0.599]
2026-06-14 00:59:38.842362: Epoch time: 22.51 s
2026-06-14 00:59:39.807760: 
2026-06-14 00:59:39.810580: Epoch 935
2026-06-14 00:59:39.813003: Current learning rate: 0.00085
2026-06-14 01:00:02.398628: train_loss -0.7895
2026-06-14 01:00:02.404591: val_loss -0.5954
2026-06-14 01:00:02.406842: Pseudo dice [0.6253]
2026-06-14 01:00:02.411140: Epoch time: 22.59 s
2026-06-14 01:00:03.391067: 
2026-06-14 01:00:03.393570: Epoch 936
2026-06-14 01:00:03.395808: Current learning rate: 0.00084
2026-06-14 01:00:25.855698: train_loss -0.7801
2026-06-14 01:00:25.861998: val_loss -0.6007
2026-06-14 01:00:25.863617: Pseudo dice [0.6212]
2026-06-14 01:00:25.865631: Epoch time: 22.47 s
2026-06-14 01:00:26.825224: 
2026-06-14 01:00:26.827464: Epoch 937
2026-06-14 01:00:26.829365: Current learning rate: 0.00083
2026-06-14 01:00:49.338281: train_loss -0.7669
2026-06-14 01:00:49.344569: val_loss -0.6101
2026-06-14 01:00:49.346328: Pseudo dice [0.6549]
2026-06-14 01:00:49.348776: Epoch time: 22.51 s
2026-06-14 01:00:50.303757: 
2026-06-14 01:00:50.306205: Epoch 938
2026-06-14 01:00:50.310219: Current learning rate: 0.00082
2026-06-14 01:01:12.827907: train_loss -0.7809
2026-06-14 01:01:12.831549: val_loss -0.6466
2026-06-14 01:01:12.833593: Pseudo dice [0.6379]
2026-06-14 01:01:12.840485: Epoch time: 22.53 s
2026-06-14 01:01:13.805653: 
2026-06-14 01:01:13.809730: Epoch 939
2026-06-14 01:01:13.812163: Current learning rate: 0.00081
2026-06-14 01:01:36.365978: train_loss -0.7686
2026-06-14 01:01:36.372564: val_loss -0.6025
2026-06-14 01:01:36.375140: Pseudo dice [0.6033]
2026-06-14 01:01:36.377116: Epoch time: 22.56 s
2026-06-14 01:01:37.348532: 
2026-06-14 01:01:37.353290: Epoch 940
2026-06-14 01:01:37.355785: Current learning rate: 0.00079
2026-06-14 01:01:59.846477: train_loss -0.778
2026-06-14 01:01:59.849582: val_loss -0.6282
2026-06-14 01:01:59.851276: Pseudo dice [0.6609]
2026-06-14 01:01:59.853451: Epoch time: 22.5 s
2026-06-14 01:01:59.856400: Yayy! New best EMA pseudo Dice: 0.6104
2026-06-14 01:02:01.298010: 
2026-06-14 01:02:01.300153: Epoch 941
2026-06-14 01:02:01.301885: Current learning rate: 0.00078
2026-06-14 01:02:23.905477: train_loss -0.7604
2026-06-14 01:02:23.911573: val_loss -0.583
2026-06-14 01:02:23.913497: Pseudo dice [0.6289]
2026-06-14 01:02:23.915304: Epoch time: 22.61 s
2026-06-14 01:02:23.917104: Yayy! New best EMA pseudo Dice: 0.6122
2026-06-14 01:02:25.378982: 
2026-06-14 01:02:25.381009: Epoch 942
2026-06-14 01:02:25.384570: Current learning rate: 0.00077
2026-06-14 01:02:47.868145: train_loss -0.7749
2026-06-14 01:02:47.872011: val_loss -0.6205
2026-06-14 01:02:47.873626: Pseudo dice [0.5246]
2026-06-14 01:02:47.875552: Epoch time: 22.49 s
2026-06-14 01:02:48.831402: 
2026-06-14 01:02:48.834440: Epoch 943
2026-06-14 01:02:48.838123: Current learning rate: 0.00076
2026-06-14 01:03:11.329834: train_loss -0.7622
2026-06-14 01:03:11.333933: val_loss -0.6117
2026-06-14 01:03:11.336570: Pseudo dice [0.6333]
2026-06-14 01:03:11.339369: Epoch time: 22.5 s
2026-06-14 01:03:12.852988: 
2026-06-14 01:03:12.855044: Epoch 944
2026-06-14 01:03:12.857385: Current learning rate: 0.00075
2026-06-14 01:03:35.387918: train_loss -0.7696
2026-06-14 01:03:35.394008: val_loss -0.6003
2026-06-14 01:03:35.395774: Pseudo dice [0.6006]
2026-06-14 01:03:35.397320: Epoch time: 22.54 s
2026-06-14 01:03:36.337297: 
2026-06-14 01:03:36.340606: Epoch 945
2026-06-14 01:03:36.343071: Current learning rate: 0.00074
2026-06-14 01:03:58.816907: train_loss -0.7809
2026-06-14 01:03:58.821335: val_loss -0.5338
2026-06-14 01:03:58.823346: Pseudo dice [0.5715]
2026-06-14 01:03:58.825122: Epoch time: 22.48 s
2026-06-14 01:03:59.782990: 
2026-06-14 01:03:59.785004: Epoch 946
2026-06-14 01:03:59.787018: Current learning rate: 0.00072
2026-06-14 01:04:22.315066: train_loss -0.7983
2026-06-14 01:04:22.318836: val_loss -0.5594
2026-06-14 01:04:22.320479: Pseudo dice [0.602]
2026-06-14 01:04:22.322101: Epoch time: 22.53 s
2026-06-14 01:04:23.279130: 
2026-06-14 01:04:23.281816: Epoch 947
2026-06-14 01:04:23.283901: Current learning rate: 0.00071
2026-06-14 01:04:45.766107: train_loss -0.7803
2026-06-14 01:04:45.770594: val_loss -0.5587
2026-06-14 01:04:45.782343: Pseudo dice [0.599]
2026-06-14 01:04:45.792893: Epoch time: 22.49 s
2026-06-14 01:04:46.765585: 
2026-06-14 01:04:46.767684: Epoch 948
2026-06-14 01:04:46.769852: Current learning rate: 0.0007
2026-06-14 01:05:09.309167: train_loss -0.7741
2026-06-14 01:05:09.314547: val_loss -0.5839
2026-06-14 01:05:09.316675: Pseudo dice [0.6072]
2026-06-14 01:05:09.319097: Epoch time: 22.54 s
2026-06-14 01:05:10.288339: 
2026-06-14 01:05:10.290557: Epoch 949
2026-06-14 01:05:10.293092: Current learning rate: 0.00069
2026-06-14 01:05:32.922547: train_loss -0.7819
2026-06-14 01:05:32.926765: val_loss -0.5824
2026-06-14 01:05:32.928547: Pseudo dice [0.6251]
2026-06-14 01:05:32.929853: Epoch time: 22.64 s
2026-06-14 01:05:34.402286: 
2026-06-14 01:05:34.404583: Epoch 950
2026-06-14 01:05:34.407241: Current learning rate: 0.00067
2026-06-14 01:05:56.796407: train_loss -0.781
2026-06-14 01:05:56.811890: val_loss -0.6265
2026-06-14 01:05:56.813465: Pseudo dice [0.6474]
2026-06-14 01:05:56.815002: Epoch time: 22.4 s
2026-06-14 01:05:57.781574: 
2026-06-14 01:05:57.784149: Epoch 951
2026-06-14 01:05:57.787359: Current learning rate: 0.00066
2026-06-14 01:06:20.308450: train_loss -0.7821
2026-06-14 01:06:20.310953: val_loss -0.649
2026-06-14 01:06:20.312344: Pseudo dice [0.654]
2026-06-14 01:06:20.313675: Epoch time: 22.53 s
2026-06-14 01:06:20.314938: Yayy! New best EMA pseudo Dice: 0.6136
2026-06-14 01:06:21.761419: 
2026-06-14 01:06:21.768353: Epoch 952
2026-06-14 01:06:21.770287: Current learning rate: 0.00065
2026-06-14 01:06:44.206698: train_loss -0.7879
2026-06-14 01:06:44.209950: val_loss -0.5945
2026-06-14 01:06:44.211560: Pseudo dice [0.6084]
2026-06-14 01:06:44.212964: Epoch time: 22.45 s
2026-06-14 01:06:45.225620: 
2026-06-14 01:06:45.227515: Epoch 953
2026-06-14 01:06:45.229421: Current learning rate: 0.00064
2026-06-14 01:07:07.788744: train_loss -0.7834
2026-06-14 01:07:07.791032: val_loss -0.6118
2026-06-14 01:07:07.792408: Pseudo dice [0.6196]
2026-06-14 01:07:07.793818: Epoch time: 22.56 s
2026-06-14 01:07:07.795225: Yayy! New best EMA pseudo Dice: 0.6137
2026-06-14 01:07:09.250441: 
2026-06-14 01:07:09.251849: Epoch 954
2026-06-14 01:07:09.253199: Current learning rate: 0.00063
2026-06-14 01:07:31.828344: train_loss -0.7764
2026-06-14 01:07:31.830858: val_loss -0.5363
2026-06-14 01:07:31.832493: Pseudo dice [0.2916]
2026-06-14 01:07:31.833855: Epoch time: 22.58 s
2026-06-14 01:07:32.834693: 
2026-06-14 01:07:32.836294: Epoch 955
2026-06-14 01:07:32.837750: Current learning rate: 0.00061
2026-06-14 01:07:55.250373: train_loss -0.7667
2026-06-14 01:07:55.253653: val_loss -0.5756
2026-06-14 01:07:55.255116: Pseudo dice [0.5664]
2026-06-14 01:07:55.256593: Epoch time: 22.42 s
2026-06-14 01:07:56.221911: 
2026-06-14 01:07:56.223487: Epoch 956
2026-06-14 01:07:56.224954: Current learning rate: 0.0006
2026-06-14 01:08:18.712676: train_loss -0.7742
2026-06-14 01:08:18.714940: val_loss -0.6219
2026-06-14 01:08:18.716474: Pseudo dice [0.626]
2026-06-14 01:08:18.719112: Epoch time: 22.49 s
2026-06-14 01:08:19.699625: 
2026-06-14 01:08:19.701497: Epoch 957
2026-06-14 01:08:19.703462: Current learning rate: 0.00059
2026-06-14 01:08:42.224467: train_loss -0.7689
2026-06-14 01:08:42.227808: val_loss -0.6136
2026-06-14 01:08:42.230733: Pseudo dice [0.6305]
2026-06-14 01:08:42.233038: Epoch time: 22.53 s
2026-06-14 01:08:43.210119: 
2026-06-14 01:08:43.212087: Epoch 958
2026-06-14 01:08:43.213787: Current learning rate: 0.00058
2026-06-14 01:09:05.668447: train_loss -0.7832
2026-06-14 01:09:05.674631: val_loss -0.5501
2026-06-14 01:09:05.677204: Pseudo dice [0.4421]
2026-06-14 01:09:05.681268: Epoch time: 22.46 s
2026-06-14 01:09:06.672980: 
2026-06-14 01:09:06.681153: Epoch 959
2026-06-14 01:09:06.691031: Current learning rate: 0.00056
2026-06-14 01:09:29.173396: train_loss -0.7904
2026-06-14 01:09:29.176820: val_loss -0.5679
2026-06-14 01:09:29.181724: Pseudo dice [0.6004]
2026-06-14 01:09:29.183353: Epoch time: 22.5 s
2026-06-14 01:09:30.146678: 
2026-06-14 01:09:30.148491: Epoch 960
2026-06-14 01:09:30.151151: Current learning rate: 0.00055
2026-06-14 01:09:52.681203: train_loss -0.7934
2026-06-14 01:09:52.683923: val_loss -0.5688
2026-06-14 01:09:52.686312: Pseudo dice [0.5947]
2026-06-14 01:09:52.690979: Epoch time: 22.54 s
2026-06-14 01:09:53.676300: 
2026-06-14 01:09:53.678093: Epoch 961
2026-06-14 01:09:53.680673: Current learning rate: 0.00054
2026-06-14 01:10:16.261153: train_loss -0.7853
2026-06-14 01:10:16.266009: val_loss -0.5744
2026-06-14 01:10:16.268205: Pseudo dice [0.6081]
2026-06-14 01:10:16.270391: Epoch time: 22.59 s
2026-06-14 01:10:17.915108: 
2026-06-14 01:10:17.916831: Epoch 962
2026-06-14 01:10:17.919328: Current learning rate: 0.00053
2026-06-14 01:10:40.568980: train_loss -0.7918
2026-06-14 01:10:40.572436: val_loss -0.5996
2026-06-14 01:10:40.575314: Pseudo dice [0.6264]
2026-06-14 01:10:40.579736: Epoch time: 22.65 s
2026-06-14 01:10:41.542748: 
2026-06-14 01:10:41.546279: Epoch 963
2026-06-14 01:10:41.550773: Current learning rate: 0.00051
2026-06-14 01:11:04.160918: train_loss -0.7936
2026-06-14 01:11:04.165857: val_loss -0.5787
2026-06-14 01:11:04.170755: Pseudo dice [0.6026]
2026-06-14 01:11:04.176169: Epoch time: 22.62 s
2026-06-14 01:11:05.171047: 
2026-06-14 01:11:05.175932: Epoch 964
2026-06-14 01:11:05.180262: Current learning rate: 0.0005
2026-06-14 01:11:27.746354: train_loss -0.7908
2026-06-14 01:11:27.751851: val_loss -0.6466
2026-06-14 01:11:27.756018: Pseudo dice [0.6369]
2026-06-14 01:11:27.758255: Epoch time: 22.58 s
2026-06-14 01:11:28.736520: 
2026-06-14 01:11:28.742325: Epoch 965
2026-06-14 01:11:28.748295: Current learning rate: 0.00049
2026-06-14 01:11:51.374116: train_loss -0.7937
2026-06-14 01:11:51.379034: val_loss -0.611
2026-06-14 01:11:51.381068: Pseudo dice [0.6357]
2026-06-14 01:11:51.383036: Epoch time: 22.64 s
2026-06-14 01:11:52.347106: 
2026-06-14 01:11:52.354950: Epoch 966
2026-06-14 01:11:52.359555: Current learning rate: 0.00048
2026-06-14 01:12:14.927474: train_loss -0.7914
2026-06-14 01:12:14.931521: val_loss -0.6202
2026-06-14 01:12:14.933086: Pseudo dice [0.6279]
2026-06-14 01:12:14.935347: Epoch time: 22.58 s
2026-06-14 01:12:15.905702: 
2026-06-14 01:12:15.907603: Epoch 967
2026-06-14 01:12:15.909742: Current learning rate: 0.00046
2026-06-14 01:12:38.394859: train_loss -0.7833
2026-06-14 01:12:38.399242: val_loss -0.5699
2026-06-14 01:12:38.401131: Pseudo dice [0.4702]
2026-06-14 01:12:38.403003: Epoch time: 22.49 s
2026-06-14 01:12:39.382941: 
2026-06-14 01:12:39.384721: Epoch 968
2026-06-14 01:12:39.387488: Current learning rate: 0.00045
2026-06-14 01:13:01.904520: train_loss -0.7937
2026-06-14 01:13:01.908832: val_loss -0.5543
2026-06-14 01:13:01.910602: Pseudo dice [0.5797]
2026-06-14 01:13:01.912415: Epoch time: 22.52 s
2026-06-14 01:13:02.880401: 
2026-06-14 01:13:02.882704: Epoch 969
2026-06-14 01:13:02.884791: Current learning rate: 0.00044
2026-06-14 01:13:25.493912: train_loss -0.797
2026-06-14 01:13:25.500587: val_loss -0.5789
2026-06-14 01:13:25.507664: Pseudo dice [0.3832]
2026-06-14 01:13:25.511774: Epoch time: 22.61 s
2026-06-14 01:13:26.492387: 
2026-06-14 01:13:26.496569: Epoch 970
2026-06-14 01:13:26.506702: Current learning rate: 0.00043
2026-06-14 01:13:49.070913: train_loss -0.769
2026-06-14 01:13:49.080732: val_loss -0.601
2026-06-14 01:13:49.082524: Pseudo dice [0.6273]
2026-06-14 01:13:49.084363: Epoch time: 22.58 s
2026-06-14 01:13:50.056320: 
2026-06-14 01:13:50.058535: Epoch 971
2026-06-14 01:13:50.061287: Current learning rate: 0.00041
2026-06-14 01:14:12.584842: train_loss -0.7891
2026-06-14 01:14:12.588234: val_loss -0.5785
2026-06-14 01:14:12.590331: Pseudo dice [0.58]
2026-06-14 01:14:12.597706: Epoch time: 22.53 s
2026-06-14 01:14:13.567496: 
2026-06-14 01:14:13.570328: Epoch 972
2026-06-14 01:14:13.572555: Current learning rate: 0.0004
2026-06-14 01:14:36.104524: train_loss -0.794
2026-06-14 01:14:36.108587: val_loss -0.6192
2026-06-14 01:14:36.110777: Pseudo dice [0.637]
2026-06-14 01:14:36.112475: Epoch time: 22.54 s
2026-06-14 01:14:37.085309: 
2026-06-14 01:14:37.087721: Epoch 973
2026-06-14 01:14:37.090177: Current learning rate: 0.00039
2026-06-14 01:14:59.663650: train_loss -0.7867
2026-06-14 01:14:59.668857: val_loss -0.588
2026-06-14 01:14:59.672443: Pseudo dice [0.6067]
2026-06-14 01:14:59.691568: Epoch time: 22.58 s
2026-06-14 01:15:00.751223: 
2026-06-14 01:15:00.753044: Epoch 974
2026-06-14 01:15:00.756304: Current learning rate: 0.00037
2026-06-14 01:15:23.179533: train_loss -0.793
2026-06-14 01:15:23.183400: val_loss -0.5632
2026-06-14 01:15:23.185613: Pseudo dice [0.5889]
2026-06-14 01:15:23.187446: Epoch time: 22.43 s
2026-06-14 01:15:24.164718: 
2026-06-14 01:15:24.166801: Epoch 975
2026-06-14 01:15:24.170634: Current learning rate: 0.00036
2026-06-14 01:15:46.753634: train_loss -0.7851
2026-06-14 01:15:46.759703: val_loss -0.5809
2026-06-14 01:15:46.763506: Pseudo dice [0.6065]
2026-06-14 01:15:46.766014: Epoch time: 22.59 s
2026-06-14 01:15:47.748055: 
2026-06-14 01:15:47.751266: Epoch 976
2026-06-14 01:15:47.758427: Current learning rate: 0.00035
2026-06-14 01:16:10.241907: train_loss -0.7771
2026-06-14 01:16:10.252301: val_loss -0.5269
2026-06-14 01:16:10.254342: Pseudo dice [0.4969]
2026-06-14 01:16:10.256316: Epoch time: 22.49 s
2026-06-14 01:16:11.233192: 
2026-06-14 01:16:11.235252: Epoch 977
2026-06-14 01:16:11.238044: Current learning rate: 0.00034
2026-06-14 01:16:33.812632: train_loss -0.7793
2026-06-14 01:16:33.817388: val_loss -0.5993
2026-06-14 01:16:33.819298: Pseudo dice [0.6295]
2026-06-14 01:16:33.821310: Epoch time: 22.58 s
2026-06-14 01:16:34.802429: 
2026-06-14 01:16:34.807390: Epoch 978
2026-06-14 01:16:34.809700: Current learning rate: 0.00032
2026-06-14 01:16:57.251931: train_loss -0.7955
2026-06-14 01:16:57.257566: val_loss -0.6248
2026-06-14 01:16:57.259763: Pseudo dice [0.6452]
2026-06-14 01:16:57.261519: Epoch time: 22.45 s
2026-06-14 01:16:58.255653: 
2026-06-14 01:16:58.261962: Epoch 979
2026-06-14 01:16:58.266386: Current learning rate: 0.00031
2026-06-14 01:17:20.839855: train_loss -0.777
2026-06-14 01:17:20.850689: val_loss -0.5815
2026-06-14 01:17:20.853002: Pseudo dice [0.4003]
2026-06-14 01:17:20.870914: Epoch time: 22.59 s
2026-06-14 01:17:22.394375: 
2026-06-14 01:17:22.397053: Epoch 980
2026-06-14 01:17:22.400927: Current learning rate: 0.0003
2026-06-14 01:17:44.967260: train_loss -0.7925
2026-06-14 01:17:44.971901: val_loss -0.6159
2026-06-14 01:17:44.973932: Pseudo dice [0.6297]
2026-06-14 01:17:44.976388: Epoch time: 22.57 s
2026-06-14 01:17:45.939635: 
2026-06-14 01:17:45.941597: Epoch 981
2026-06-14 01:17:45.944422: Current learning rate: 0.00028
2026-06-14 01:18:08.520496: train_loss -0.8
2026-06-14 01:18:08.523561: val_loss -0.5989
2026-06-14 01:18:08.525410: Pseudo dice [0.6224]
2026-06-14 01:18:08.527745: Epoch time: 22.58 s
2026-06-14 01:18:09.503699: 
2026-06-14 01:18:09.505467: Epoch 982
2026-06-14 01:18:09.508469: Current learning rate: 0.00027
2026-06-14 01:18:32.145212: train_loss -0.7765
2026-06-14 01:18:32.149561: val_loss -0.52
2026-06-14 01:18:32.152444: Pseudo dice [0.5495]
2026-06-14 01:18:32.154689: Epoch time: 22.64 s
2026-06-14 01:18:33.111993: 
2026-06-14 01:18:33.116096: Epoch 983
2026-06-14 01:18:33.118222: Current learning rate: 0.00026
2026-06-14 01:18:55.549203: train_loss -0.7938
2026-06-14 01:18:55.554486: val_loss -0.5741
2026-06-14 01:18:55.558148: Pseudo dice [0.5942]
2026-06-14 01:18:55.561728: Epoch time: 22.44 s
2026-06-14 01:18:56.530095: 
2026-06-14 01:18:56.533109: Epoch 984
2026-06-14 01:18:56.535168: Current learning rate: 0.00024
2026-06-14 01:19:19.176256: train_loss -0.7946
2026-06-14 01:19:19.179199: val_loss -0.5827
2026-06-14 01:19:19.181693: Pseudo dice [0.6198]
2026-06-14 01:19:19.184222: Epoch time: 22.65 s
2026-06-14 01:19:20.165230: 
2026-06-14 01:19:20.166944: Epoch 985
2026-06-14 01:19:20.169261: Current learning rate: 0.00023
2026-06-14 01:19:42.832175: train_loss -0.7839
2026-06-14 01:19:42.843117: val_loss -0.5962
2026-06-14 01:19:42.845773: Pseudo dice [0.6113]
2026-06-14 01:19:42.847726: Epoch time: 22.67 s
2026-06-14 01:19:43.839403: 
2026-06-14 01:19:43.841397: Epoch 986
2026-06-14 01:19:43.843374: Current learning rate: 0.00021
2026-06-14 01:20:06.421690: train_loss -0.7914
2026-06-14 01:20:06.426563: val_loss -0.5865
2026-06-14 01:20:06.429150: Pseudo dice [0.6087]
2026-06-14 01:20:06.434515: Epoch time: 22.58 s
2026-06-14 01:20:07.423349: 
2026-06-14 01:20:07.430526: Epoch 987
2026-06-14 01:20:07.433577: Current learning rate: 0.0002
2026-06-14 01:20:29.986667: train_loss -0.7995
2026-06-14 01:20:29.990063: val_loss -0.568
2026-06-14 01:20:29.992433: Pseudo dice [0.5758]
2026-06-14 01:20:29.994067: Epoch time: 22.56 s
2026-06-14 01:20:30.960993: 
2026-06-14 01:20:30.963007: Epoch 988
2026-06-14 01:20:30.964590: Current learning rate: 0.00019
2026-06-14 01:20:53.530565: train_loss -0.7818
2026-06-14 01:20:53.535885: val_loss -0.5992
2026-06-14 01:20:53.537818: Pseudo dice [0.6433]
2026-06-14 01:20:53.539693: Epoch time: 22.57 s
2026-06-14 01:20:54.516634: 
2026-06-14 01:20:54.519137: Epoch 989
2026-06-14 01:20:54.521160: Current learning rate: 0.00017
2026-06-14 01:21:17.029423: train_loss -0.8023
2026-06-14 01:21:17.032153: val_loss -0.6228
2026-06-14 01:21:17.033834: Pseudo dice [0.6393]
2026-06-14 01:21:17.039325: Epoch time: 22.51 s
2026-06-14 01:21:18.009872: 
2026-06-14 01:21:18.011747: Epoch 990
2026-06-14 01:21:18.013583: Current learning rate: 0.00016
2026-06-14 01:21:40.602550: train_loss -0.7874
2026-06-14 01:21:40.605889: val_loss -0.613
2026-06-14 01:21:40.607878: Pseudo dice [0.62]
2026-06-14 01:21:40.609865: Epoch time: 22.59 s
2026-06-14 01:21:41.584556: 
2026-06-14 01:21:41.589410: Epoch 991
2026-06-14 01:21:41.591700: Current learning rate: 0.00014
2026-06-14 01:22:04.060382: train_loss -0.806
2026-06-14 01:22:04.065471: val_loss -0.5426
2026-06-14 01:22:04.067323: Pseudo dice [0.5816]
2026-06-14 01:22:04.069359: Epoch time: 22.48 s
2026-06-14 01:22:05.134590: 
2026-06-14 01:22:05.136364: Epoch 992
2026-06-14 01:22:05.138747: Current learning rate: 0.00013
2026-06-14 01:22:27.591573: train_loss -0.7918
2026-06-14 01:22:27.594893: val_loss -0.5809
2026-06-14 01:22:27.596382: Pseudo dice [0.5857]
2026-06-14 01:22:27.598582: Epoch time: 22.46 s
2026-06-14 01:22:28.580695: 
2026-06-14 01:22:28.582565: Epoch 993
2026-06-14 01:22:28.584508: Current learning rate: 0.00011
2026-06-14 01:22:51.202798: train_loss -0.8
2026-06-14 01:22:51.205945: val_loss -0.62
2026-06-14 01:22:51.207813: Pseudo dice [0.6231]
2026-06-14 01:22:51.211331: Epoch time: 22.62 s
2026-06-14 01:22:52.179683: 
2026-06-14 01:22:52.181225: Epoch 994
2026-06-14 01:22:52.182739: Current learning rate: 0.0001
2026-06-14 01:23:14.697691: train_loss -0.7921
2026-06-14 01:23:14.703996: val_loss -0.5714
2026-06-14 01:23:14.707066: Pseudo dice [0.6058]
2026-06-14 01:23:14.710141: Epoch time: 22.52 s
2026-06-14 01:23:15.675570: 
2026-06-14 01:23:15.677217: Epoch 995
2026-06-14 01:23:15.679301: Current learning rate: 8e-05
2026-06-14 01:23:38.136328: train_loss -0.8036
2026-06-14 01:23:38.140962: val_loss -0.5726
2026-06-14 01:23:38.144159: Pseudo dice [0.5839]
2026-06-14 01:23:38.146080: Epoch time: 22.46 s
2026-06-14 01:23:39.213745: 
2026-06-14 01:23:39.215997: Epoch 996
2026-06-14 01:23:39.221154: Current learning rate: 7e-05
2026-06-14 01:24:01.791474: train_loss -0.7762
2026-06-14 01:24:01.796458: val_loss -0.5968
2026-06-14 01:24:01.798448: Pseudo dice [0.6288]
2026-06-14 01:24:01.802323: Epoch time: 22.58 s
2026-06-14 01:24:03.329604: 
2026-06-14 01:24:03.332591: Epoch 997
2026-06-14 01:24:03.340106: Current learning rate: 5e-05
2026-06-14 01:24:26.015559: train_loss -0.7869
2026-06-14 01:24:26.031827: val_loss -0.6041
2026-06-14 01:24:26.036516: Pseudo dice [0.6361]
2026-06-14 01:24:26.040303: Epoch time: 22.69 s
2026-06-14 01:24:27.022677: 
2026-06-14 01:24:27.024455: Epoch 998
2026-06-14 01:24:27.026657: Current learning rate: 4e-05
2026-06-14 01:24:49.636769: train_loss -0.78
2026-06-14 01:24:49.640855: val_loss -0.6138
2026-06-14 01:24:49.643676: Pseudo dice [0.6256]
2026-06-14 01:24:49.647681: Epoch time: 22.62 s
2026-06-14 01:24:50.619117: 
2026-06-14 01:24:50.623480: Epoch 999
2026-06-14 01:24:50.630090: Current learning rate: 2e-05
2026-06-14 01:25:13.238625: train_loss -0.7855
2026-06-14 01:25:13.243176: val_loss -0.6158
2026-06-14 01:25:13.245797: Pseudo dice [0.6238]
2026-06-14 01:25:13.249036: Epoch time: 22.62 s
2026-06-14 01:25:14.742923: Training done.
2026-06-14 01:25:14.832134: Using splits from existing split file: /data/drdcad/datasets_nnUNet/nnUNet_preprocessed/Dataset101_SBOvessel/splits_final.json
2026-06-14 01:25:14.840448: The split file contains 5 splits.
2026-06-14 01:25:14.844507: Desired fold for training: 3
2026-06-14 01:25:14.848268: This split has 91 training and 23 validation cases.
2026-06-14 01:25:14.864069: predicting 00005_00001_3
2026-06-14 01:25:15.406950: 00005_00001_3, shape torch.Size([1, 619, 530, 530]), rank 0
2026-06-14 01:26:30.148885: predicting 00008_00001_3
2026-06-14 01:26:30.949423: 00008_00001_3, shape torch.Size([1, 780, 555, 555]), rank 0
2026-06-14 01:27:49.922780: predicting 00016_00001_3
2026-06-14 01:27:50.178348: 00016_00001_3, shape torch.Size([1, 486, 387, 387]), rank 0
2026-06-14 01:28:16.252847: predicting 00018_00002_7
2026-06-14 01:28:17.201348: 00018_00002_7, shape torch.Size([1, 695, 607, 607]), rank 0
2026-06-14 01:29:40.652964: predicting 00026_00001_3
2026-06-14 01:29:41.046413: 00026_00001_3, shape torch.Size([1, 463, 482, 482]), rank 0
2026-06-14 01:30:16.526012: predicting 00033_00001_3
2026-06-14 01:30:17.258158: 00033_00001_3, shape torch.Size([1, 651, 557, 557]), rank 0
2026-06-14 01:31:23.222144: predicting 00048_00001_3
2026-06-14 01:31:23.856114: 00048_00001_3, shape torch.Size([1, 760, 484, 484]), rank 0
2026-06-14 01:32:19.451196: predicting 00058_00001_3
2026-06-14 01:32:19.972338: 00058_00001_3, shape torch.Size([1, 567, 504, 504]), rank 0
2026-06-14 01:33:00.489070: predicting 00060_00002_3
2026-06-14 01:33:00.911623: 00060_00002_3, shape torch.Size([1, 488, 470, 470]), rank 0
2026-06-14 01:33:36.356935: predicting 00060_00003_5
2026-06-14 01:33:36.992019: 00060_00003_5, shape torch.Size([1, 711, 494, 494]), rank 0
2026-06-14 01:34:32.531999: predicting 00068_00001_3
2026-06-14 01:34:33.310838: 00068_00001_3, shape torch.Size([1, 685, 562, 562]), rank 0
2026-06-14 01:35:39.333652: predicting 00071_00001_5
2026-06-14 01:35:39.832867: 00071_00001_5, shape torch.Size([1, 687, 459, 459]), rank 0
2026-06-14 01:36:30.432894: predicting 00078_00001_3
2026-06-14 01:36:31.054282: 00078_00001_3, shape torch.Size([1, 483, 608, 608]), rank 0
2026-06-14 01:37:29.464913: predicting 00082_00002_3
2026-06-14 01:37:30.397496: 00082_00002_3, shape torch.Size([1, 759, 580, 580]), rank 0
2026-06-14 01:39:02.192547: predicting 00085_00001_10
2026-06-14 01:39:02.387011: 00085_00001_10, shape torch.Size([1, 477, 266, 374]), rank 0
2026-06-14 01:39:16.878226: predicting 00100_00001_3
2026-06-14 01:39:17.623949: 00100_00001_3, shape torch.Size([1, 635, 573, 573]), rank 0
2026-06-14 01:40:16.938086: predicting 00103_00001_6
2026-06-14 01:40:17.145182: 00103_00001_6, shape torch.Size([1, 299, 311, 476]), rank 0
2026-06-14 01:40:28.750516: predicting 00105_00002_3
2026-06-14 01:40:29.257057: 00105_00002_3, shape torch.Size([1, 480, 565, 565]), rank 0
2026-06-14 01:41:15.431356: predicting 00108_00001_3
2026-06-14 01:41:15.781882: 00108_00001_3, shape torch.Size([1, 580, 396, 396]), rank 0
2026-06-14 01:41:49.228183: predicting 00109_00001_3
2026-06-14 01:41:49.500809: 00109_00001_3, shape torch.Size([1, 624, 368, 368]), rank 0
2026-06-14 01:42:12.721624: predicting 00114_00001_4
2026-06-14 01:42:13.247883: 00114_00001_4, shape torch.Size([1, 478, 593, 593]), rank 0
2026-06-14 01:43:11.675305: predicting 00115_00001_3
2026-06-14 01:43:12.470618: 00115_00001_3, shape torch.Size([1, 701, 512, 512]), rank 0
2026-06-14 01:44:03.018587: predicting 00118_00001_3
2026-06-14 01:44:03.623047: 00118_00001_3, shape torch.Size([1, 581, 542, 542]), rank 0
2026-06-14 01:45:33.303807: Validation complete
2026-06-14 01:45:33.305677: Mean Validation Dice:  0.6043203285447192
==========================================
Training finished: fold 3
==========================================
