==========================================
nnUNet training
==========================================
nnUNet_raw=/data/drdcad/datasets_nnUNet/nnUNet_raw
nnUNet_preprocessed=/data/drdcad/datasets_nnUNet/nnUNet_preprocessed
nnUNet_results=/data/drdcad/datasets_nnUNet/nnUNet_results
DATASET_ID=101
CONFIG=3d_fullres
FOLD=3
CUDA_VISIBLE_DEVICES=0
==========================================
Tue Jun 16 01:50:36 2026       
+-----------------------------------------------------------------------------------------+
| NVIDIA-SMI 580.126.09             Driver Version: 580.126.09     CUDA Version: 13.0     |
+-----------------------------------------+------------------------+----------------------+
| GPU  Name                 Persistence-M | Bus-Id          Disp.A | Volatile Uncorr. ECC |
| Fan  Temp   Perf          Pwr:Usage/Cap |           Memory-Usage | GPU-Util  Compute M. |
|                                         |                        |               MIG M. |
|=========================================+========================+======================|
|   0  NVIDIA A100-SXM4-80GB          On  |   00000000:C7:00.0 Off |                    0 |
| N/A   41C    P0             67W /  400W |       0MiB /  81920MiB |      0%      Default |
|                                         |                        |             Disabled |
+-----------------------------------------+------------------------+----------------------+

+-----------------------------------------------------------------------------------------+
| Processes:                                                                              |
|  GPU   GI   CI              PID   Type   Process name                        GPU Memory |
|        ID   ID                                                               Usage      |
|=========================================================================================|
|  No running processes found                                                             |
+-----------------------------------------------------------------------------------------+

############################
INFO: You are using the old nnU-Net default plans. We have updated our recommendations. Please consider using those instead! Read more here: https://github.com/MIC-DKFZ/nnUNet/blob/master/documentation/resenc_presets.md
############################

Using device: cuda:0

#######################################################################
Please cite the following paper when using nnU-Net:
Isensee, F., Jaeger, P. F., Kohl, S. A., Petersen, J., & Maier-Hein, K. H. (2021). nnU-Net: a self-configuring method for deep learning-based biomedical image segmentation. Nature methods, 18(2), 203-211.
#######################################################################

2026-06-16 01:50:50.099853: Using torch.compile...
2026-06-16 01:50:51.234787: do_dummy_2d_data_aug: False
2026-06-16 01:50:51.237035: Using splits from existing split file: /data/drdcad/datasets_nnUNet/nnUNet_preprocessed/Dataset101_SBOvessel/splits_final.json
2026-06-16 01:50:51.239265: The split file contains 5 splits.
2026-06-16 01:50:51.240316: Desired fold for training: 3
2026-06-16 01:50:51.241371: This split has 91 training and 23 validation cases.
using pin_memory on device 0
using pin_memory on device 0

This is the configuration used by this training:
Configuration name: 3d_fullres
 {'data_identifier': 'nnUNetPlans_3d_fullres', 'preprocessor_name': 'DefaultPreprocessor', 'batch_size': 2, 'patch_size': [128, 128, 128], 'median_image_size_in_voxels': [619.0, 512.0, 520.0], 'spacing': [1.0, 0.79296875, 0.79296875], 'normalization_schemes': ['CTNormalization'], 'use_mask_for_norm': [False], 'resampling_fn_data': 'resample_data_or_seg_to_shape', 'resampling_fn_seg': 'resample_data_or_seg_to_shape', 'resampling_fn_data_kwargs': {'is_seg': False, 'order': 3, 'order_z': 0, 'force_separate_z': None}, 'resampling_fn_seg_kwargs': {'is_seg': True, 'order': 1, 'order_z': 0, 'force_separate_z': None}, 'resampling_fn_probabilities': 'resample_data_or_seg_to_shape', 'resampling_fn_probabilities_kwargs': {'is_seg': False, 'order': 1, 'order_z': 0, 'force_separate_z': None}, 'architecture': {'network_class_name': 'dynamic_network_architectures.architectures.unet.PlainConvUNet', 'arch_kwargs': {'n_stages': 6, 'features_per_stage': [32, 64, 128, 256, 320, 320], 'conv_op': 'torch.nn.modules.conv.Conv3d', 'kernel_sizes': [[3, 3, 3], [3, 3, 3], [3, 3, 3], [3, 3, 3], [3, 3, 3], [3, 3, 3]], 'strides': [[1, 1, 1], [2, 2, 2], [2, 2, 2], [2, 2, 2], [2, 2, 2], [2, 2, 2]], 'n_conv_per_stage': [2, 2, 2, 2, 2, 2], 'n_conv_per_stage_decoder': [2, 2, 2, 2, 2], 'conv_bias': True, 'norm_op': 'torch.nn.modules.instancenorm.InstanceNorm3d', 'norm_op_kwargs': {'eps': 1e-05, 'affine': True}, 'dropout_op': None, 'dropout_op_kwargs': None, 'nonlin': 'torch.nn.LeakyReLU', 'nonlin_kwargs': {'inplace': True}}, '_kw_requires_import': ['conv_op', 'norm_op', 'dropout_op', 'nonlin']}, 'batch_dice': True} 

These are the global plan.json settings:
 {'dataset_name': 'Dataset101_SBOvessel', 'plans_name': 'nnUNetPlans', 'original_median_spacing_after_transp': [1.0, 0.79296875, 0.79296875], 'original_median_shape_after_transp': [619, 512, 512], 'image_reader_writer': 'SimpleITKIO', 'transpose_forward': [0, 1, 2], 'transpose_backward': [0, 1, 2], 'experiment_planner_used': 'ExperimentPlanner', 'label_manager': 'LabelManager', 'foreground_intensity_properties_per_channel': {'0': {'max': 3071.0, 'mean': 91.13086700439453, 'median': 87.0, 'min': -992.0, 'percentile_00_5': -71.0, 'percentile_99_5': 306.0, 'std': 78.98731994628906}}} 

2026-06-16 01:50:52.777893: Unable to plot network architecture: nnUNet_compile is enabled!
2026-06-16 01:50:52.812192: 
2026-06-16 01:50:52.814191: Epoch 0
2026-06-16 01:50:52.816213: Current learning rate: 0.01
2026-06-16 01:52:12.527619: train_loss 0.0486
2026-06-16 01:52:12.531472: val_loss -0.0262
2026-06-16 01:52:12.532892: Pseudo dice [0.0004]
2026-06-16 01:52:12.534292: Epoch time: 79.72 s
2026-06-16 01:52:12.535718: Yayy! New best EMA pseudo Dice: 0.0004
2026-06-16 01:52:13.823724: 
2026-06-16 01:52:13.824891: Epoch 1
2026-06-16 01:52:13.826036: Current learning rate: 0.00999
2026-06-16 01:52:36.463929: train_loss -0.0559
2026-06-16 01:52:36.466354: val_loss -0.1005
2026-06-16 01:52:36.467823: Pseudo dice [0.1441]
2026-06-16 01:52:36.469184: Epoch time: 22.64 s
2026-06-16 01:52:36.470522: Yayy! New best EMA pseudo Dice: 0.0147
2026-06-16 01:52:37.819247: 
2026-06-16 01:52:37.820492: Epoch 2
2026-06-16 01:52:37.821690: Current learning rate: 0.00998
2026-06-16 01:53:00.581838: train_loss -0.1399
2026-06-16 01:53:00.583888: val_loss -0.1717
2026-06-16 01:53:00.584947: Pseudo dice [0.2376]
2026-06-16 01:53:00.586047: Epoch time: 22.76 s
2026-06-16 01:53:00.587108: Yayy! New best EMA pseudo Dice: 0.037
2026-06-16 01:53:01.932706: 
2026-06-16 01:53:01.933906: Epoch 3
2026-06-16 01:53:01.934976: Current learning rate: 0.00997
2026-06-16 01:53:24.737317: train_loss -0.164
2026-06-16 01:53:24.740006: val_loss -0.2716
2026-06-16 01:53:24.741381: Pseudo dice [0.336]
2026-06-16 01:53:24.742652: Epoch time: 22.81 s
2026-06-16 01:53:24.743878: Yayy! New best EMA pseudo Dice: 0.0669
2026-06-16 01:53:26.085928: 
2026-06-16 01:53:26.087228: Epoch 4
2026-06-16 01:53:26.088350: Current learning rate: 0.00996
2026-06-16 01:53:48.708979: train_loss -0.2287
2026-06-16 01:53:48.711460: val_loss -0.2888
2026-06-16 01:53:48.712822: Pseudo dice [0.3338]
2026-06-16 01:53:48.714217: Epoch time: 22.62 s
2026-06-16 01:53:48.715512: Yayy! New best EMA pseudo Dice: 0.0936
2026-06-16 01:53:50.072895: 
2026-06-16 01:53:50.074073: Epoch 5
2026-06-16 01:53:50.075189: Current learning rate: 0.00995
2026-06-16 01:54:12.686757: train_loss -0.2157
2026-06-16 01:54:12.689017: val_loss -0.2426
2026-06-16 01:54:12.690346: Pseudo dice [0.2936]
2026-06-16 01:54:12.691490: Epoch time: 22.61 s
2026-06-16 01:54:12.692645: Yayy! New best EMA pseudo Dice: 0.1136
2026-06-16 01:54:14.024267: 
2026-06-16 01:54:14.025585: Epoch 6
2026-06-16 01:54:14.027075: Current learning rate: 0.00995
2026-06-16 01:54:36.646081: train_loss -0.2507
2026-06-16 01:54:36.649237: val_loss -0.319
2026-06-16 01:54:36.650509: Pseudo dice [0.3706]
2026-06-16 01:54:36.651696: Epoch time: 22.62 s
2026-06-16 01:54:36.652773: Yayy! New best EMA pseudo Dice: 0.1393
2026-06-16 01:54:37.999437: 
2026-06-16 01:54:38.000695: Epoch 7
2026-06-16 01:54:38.001818: Current learning rate: 0.00994
2026-06-16 01:55:00.567168: train_loss -0.2777
2026-06-16 01:55:00.569396: val_loss -0.3331
2026-06-16 01:55:00.570615: Pseudo dice [0.3846]
2026-06-16 01:55:00.571802: Epoch time: 22.57 s
2026-06-16 01:55:00.572974: Yayy! New best EMA pseudo Dice: 0.1638
2026-06-16 01:55:01.929783: 
2026-06-16 01:55:01.931007: Epoch 8
2026-06-16 01:55:01.932121: Current learning rate: 0.00993
2026-06-16 01:55:24.487881: train_loss -0.307
2026-06-16 01:55:24.489952: val_loss -0.2684
2026-06-16 01:55:24.491064: Pseudo dice [0.308]
2026-06-16 01:55:24.492301: Epoch time: 22.56 s
2026-06-16 01:55:24.493528: Yayy! New best EMA pseudo Dice: 0.1782
2026-06-16 01:55:25.879696: 
2026-06-16 01:55:25.880991: Epoch 9
2026-06-16 01:55:25.882217: Current learning rate: 0.00992
2026-06-16 01:55:48.674075: train_loss -0.2884
2026-06-16 01:55:48.676749: val_loss -0.3006
2026-06-16 01:55:48.677982: Pseudo dice [0.3361]
2026-06-16 01:55:48.679191: Epoch time: 22.8 s
2026-06-16 01:55:48.680393: Yayy! New best EMA pseudo Dice: 0.194
2026-06-16 01:55:50.036033: 
2026-06-16 01:55:50.037442: Epoch 10
2026-06-16 01:55:50.038538: Current learning rate: 0.00991
2026-06-16 01:56:12.646874: train_loss -0.2949
2026-06-16 01:56:12.649378: val_loss -0.329
2026-06-16 01:56:12.650927: Pseudo dice [0.3404]
2026-06-16 01:56:12.652369: Epoch time: 22.61 s
2026-06-16 01:56:12.653578: Yayy! New best EMA pseudo Dice: 0.2087
2026-06-16 01:56:13.991758: 
2026-06-16 01:56:13.993091: Epoch 11
2026-06-16 01:56:13.994324: Current learning rate: 0.0099
2026-06-16 01:56:36.624656: train_loss -0.332
2026-06-16 01:56:36.627128: val_loss -0.347
2026-06-16 01:56:36.628594: Pseudo dice [0.3869]
2026-06-16 01:56:36.629993: Epoch time: 22.63 s
2026-06-16 01:56:36.631296: Yayy! New best EMA pseudo Dice: 0.2265
2026-06-16 01:56:37.981138: 
2026-06-16 01:56:37.982441: Epoch 12
2026-06-16 01:56:37.983673: Current learning rate: 0.00989
2026-06-16 01:57:00.697891: train_loss -0.3072
2026-06-16 01:57:00.700740: val_loss -0.3331
2026-06-16 01:57:00.701929: Pseudo dice [0.3779]
2026-06-16 01:57:00.703217: Epoch time: 22.72 s
2026-06-16 01:57:00.704278: Yayy! New best EMA pseudo Dice: 0.2416
2026-06-16 01:57:02.536833: 
2026-06-16 01:57:02.538395: Epoch 13
2026-06-16 01:57:02.539533: Current learning rate: 0.00988
2026-06-16 01:57:25.241154: train_loss -0.3197
2026-06-16 01:57:25.243423: val_loss -0.3768
2026-06-16 01:57:25.244767: Pseudo dice [0.4346]
2026-06-16 01:57:25.246041: Epoch time: 22.71 s
2026-06-16 01:57:25.247156: Yayy! New best EMA pseudo Dice: 0.2609
2026-06-16 01:57:26.595487: 
2026-06-16 01:57:26.596821: Epoch 14
2026-06-16 01:57:26.598012: Current learning rate: 0.00987
2026-06-16 01:57:49.228256: train_loss -0.3172
2026-06-16 01:57:49.230514: val_loss -0.2986
2026-06-16 01:57:49.231754: Pseudo dice [0.353]
2026-06-16 01:57:49.233077: Epoch time: 22.63 s
2026-06-16 01:57:49.234230: Yayy! New best EMA pseudo Dice: 0.2701
2026-06-16 01:57:50.580302: 
2026-06-16 01:57:50.581717: Epoch 15
2026-06-16 01:57:50.583030: Current learning rate: 0.00986
2026-06-16 01:58:13.177613: train_loss -0.3345
2026-06-16 01:58:13.180402: val_loss -0.3873
2026-06-16 01:58:13.181709: Pseudo dice [0.427]
2026-06-16 01:58:13.182971: Epoch time: 22.6 s
2026-06-16 01:58:13.184121: Yayy! New best EMA pseudo Dice: 0.2858
2026-06-16 01:58:14.546475: 
2026-06-16 01:58:14.547742: Epoch 16
2026-06-16 01:58:14.548908: Current learning rate: 0.00986
2026-06-16 01:58:37.261769: train_loss -0.3505
2026-06-16 01:58:37.263671: val_loss -0.4068
2026-06-16 01:58:37.264780: Pseudo dice [0.4476]
2026-06-16 01:58:37.266038: Epoch time: 22.72 s
2026-06-16 01:58:37.267269: Yayy! New best EMA pseudo Dice: 0.302
2026-06-16 01:58:38.630831: 
2026-06-16 01:58:38.632138: Epoch 17
2026-06-16 01:58:38.633322: Current learning rate: 0.00985
2026-06-16 01:59:01.293090: train_loss -0.3435
2026-06-16 01:59:01.295198: val_loss -0.3275
2026-06-16 01:59:01.296312: Pseudo dice [0.3974]
2026-06-16 01:59:01.297401: Epoch time: 22.66 s
2026-06-16 01:59:01.298438: Yayy! New best EMA pseudo Dice: 0.3115
2026-06-16 01:59:02.666657: 
2026-06-16 01:59:02.667904: Epoch 18
2026-06-16 01:59:02.669015: Current learning rate: 0.00984
2026-06-16 01:59:25.149478: train_loss -0.3653
2026-06-16 01:59:25.152349: val_loss -0.375
2026-06-16 01:59:25.153434: Pseudo dice [0.4119]
2026-06-16 01:59:25.154538: Epoch time: 22.48 s
2026-06-16 01:59:25.155706: Yayy! New best EMA pseudo Dice: 0.3216
2026-06-16 01:59:26.511331: 
2026-06-16 01:59:26.512647: Epoch 19
2026-06-16 01:59:26.513802: Current learning rate: 0.00983
2026-06-16 01:59:48.986103: train_loss -0.3771
2026-06-16 01:59:48.988283: val_loss -0.3623
2026-06-16 01:59:48.989548: Pseudo dice [0.4237]
2026-06-16 01:59:48.990787: Epoch time: 22.48 s
2026-06-16 01:59:48.991959: Yayy! New best EMA pseudo Dice: 0.3318
2026-06-16 01:59:50.518912: 
2026-06-16 01:59:50.520222: Epoch 20
2026-06-16 01:59:50.521302: Current learning rate: 0.00982
2026-06-16 02:00:13.188366: train_loss -0.3519
2026-06-16 02:00:13.190782: val_loss -0.3796
2026-06-16 02:00:13.192026: Pseudo dice [0.4018]
2026-06-16 02:00:13.193186: Epoch time: 22.67 s
2026-06-16 02:00:13.194394: Yayy! New best EMA pseudo Dice: 0.3388
2026-06-16 02:00:14.565633: 
2026-06-16 02:00:14.566879: Epoch 21
2026-06-16 02:00:14.568109: Current learning rate: 0.00981
2026-06-16 02:00:37.221046: train_loss -0.371
2026-06-16 02:00:37.224517: val_loss -0.3635
2026-06-16 02:00:37.225879: Pseudo dice [0.417]
2026-06-16 02:00:37.227189: Epoch time: 22.66 s
2026-06-16 02:00:37.228415: Yayy! New best EMA pseudo Dice: 0.3466
2026-06-16 02:00:38.614431: 
2026-06-16 02:00:38.615869: Epoch 22
2026-06-16 02:00:38.617101: Current learning rate: 0.0098
2026-06-16 02:01:01.343956: train_loss -0.4032
2026-06-16 02:01:01.346457: val_loss -0.4223
2026-06-16 02:01:01.347636: Pseudo dice [0.4749]
2026-06-16 02:01:01.348902: Epoch time: 22.73 s
2026-06-16 02:01:01.350080: Yayy! New best EMA pseudo Dice: 0.3594
2026-06-16 02:01:02.687485: 
2026-06-16 02:01:02.688907: Epoch 23
2026-06-16 02:01:02.690102: Current learning rate: 0.00979
2026-06-16 02:01:25.271511: train_loss -0.4164
2026-06-16 02:01:25.273986: val_loss -0.3847
2026-06-16 02:01:25.275266: Pseudo dice [0.426]
2026-06-16 02:01:25.276593: Epoch time: 22.59 s
2026-06-16 02:01:25.277890: Yayy! New best EMA pseudo Dice: 0.3661
2026-06-16 02:01:26.617064: 
2026-06-16 02:01:26.618399: Epoch 24
2026-06-16 02:01:26.619684: Current learning rate: 0.00978
2026-06-16 02:01:49.200587: train_loss -0.3962
2026-06-16 02:01:49.203554: val_loss -0.2839
2026-06-16 02:01:49.204780: Pseudo dice [0.354]
2026-06-16 02:01:49.205881: Epoch time: 22.58 s
2026-06-16 02:01:50.061949: 
2026-06-16 02:01:50.063162: Epoch 25
2026-06-16 02:01:50.064263: Current learning rate: 0.00977
2026-06-16 02:02:12.732442: train_loss -0.3491
2026-06-16 02:02:12.734717: val_loss -0.412
2026-06-16 02:02:12.735837: Pseudo dice [0.4563]
2026-06-16 02:02:12.737010: Epoch time: 22.67 s
2026-06-16 02:02:12.738167: Yayy! New best EMA pseudo Dice: 0.374
2026-06-16 02:02:14.077994: 
2026-06-16 02:02:14.079296: Epoch 26
2026-06-16 02:02:14.080535: Current learning rate: 0.00977
2026-06-16 02:02:36.716782: train_loss -0.4105
2026-06-16 02:02:36.719180: val_loss -0.4695
2026-06-16 02:02:36.720372: Pseudo dice [0.5108]
2026-06-16 02:02:36.721604: Epoch time: 22.64 s
2026-06-16 02:02:36.722791: Yayy! New best EMA pseudo Dice: 0.3877
2026-06-16 02:02:38.075689: 
2026-06-16 02:02:38.077028: Epoch 27
2026-06-16 02:02:38.078274: Current learning rate: 0.00976
2026-06-16 02:03:00.592256: train_loss -0.4387
2026-06-16 02:03:00.595465: val_loss -0.4435
2026-06-16 02:03:00.596611: Pseudo dice [0.4868]
2026-06-16 02:03:00.597708: Epoch time: 22.52 s
2026-06-16 02:03:00.598914: Yayy! New best EMA pseudo Dice: 0.3976
2026-06-16 02:03:01.951010: 
2026-06-16 02:03:01.952207: Epoch 28
2026-06-16 02:03:01.953307: Current learning rate: 0.00975
2026-06-16 02:03:24.462275: train_loss -0.3909
2026-06-16 02:03:24.465031: val_loss -0.3496
2026-06-16 02:03:24.466245: Pseudo dice [0.369]
2026-06-16 02:03:24.467619: Epoch time: 22.51 s
2026-06-16 02:03:25.337610: 
2026-06-16 02:03:25.342740: Epoch 29
2026-06-16 02:03:25.343935: Current learning rate: 0.00974
2026-06-16 02:03:47.816257: train_loss -0.3991
2026-06-16 02:03:47.818789: val_loss -0.422
2026-06-16 02:03:47.820142: Pseudo dice [0.4782]
2026-06-16 02:03:47.821330: Epoch time: 22.48 s
2026-06-16 02:03:47.822564: Yayy! New best EMA pseudo Dice: 0.4031
2026-06-16 02:03:49.707308: 
2026-06-16 02:03:49.708893: Epoch 30
2026-06-16 02:03:49.710121: Current learning rate: 0.00973
2026-06-16 02:04:12.235108: train_loss -0.4047
2026-06-16 02:04:12.238161: val_loss -0.4332
2026-06-16 02:04:12.239435: Pseudo dice [0.4901]
2026-06-16 02:04:12.240598: Epoch time: 22.53 s
2026-06-16 02:04:12.241819: Yayy! New best EMA pseudo Dice: 0.4118
2026-06-16 02:04:13.609203: 
2026-06-16 02:04:13.610599: Epoch 31
2026-06-16 02:04:13.611883: Current learning rate: 0.00972
2026-06-16 02:04:36.190799: train_loss -0.427
2026-06-16 02:04:36.193470: val_loss -0.4278
2026-06-16 02:04:36.194649: Pseudo dice [0.4806]
2026-06-16 02:04:36.196240: Epoch time: 22.58 s
2026-06-16 02:04:36.197427: Yayy! New best EMA pseudo Dice: 0.4187
2026-06-16 02:04:37.541728: 
2026-06-16 02:04:37.543035: Epoch 32
2026-06-16 02:04:37.544255: Current learning rate: 0.00971
2026-06-16 02:05:00.090474: train_loss -0.4092
2026-06-16 02:05:00.093028: val_loss -0.465
2026-06-16 02:05:00.094218: Pseudo dice [0.5047]
2026-06-16 02:05:00.095490: Epoch time: 22.55 s
2026-06-16 02:05:00.096656: Yayy! New best EMA pseudo Dice: 0.4273
2026-06-16 02:05:01.452862: 
2026-06-16 02:05:01.454149: Epoch 33
2026-06-16 02:05:01.455389: Current learning rate: 0.0097
2026-06-16 02:05:24.019866: train_loss -0.4317
2026-06-16 02:05:24.022840: val_loss -0.4304
2026-06-16 02:05:24.024092: Pseudo dice [0.4542]
2026-06-16 02:05:24.025201: Epoch time: 22.57 s
2026-06-16 02:05:24.026395: Yayy! New best EMA pseudo Dice: 0.43
2026-06-16 02:05:25.378603: 
2026-06-16 02:05:25.379898: Epoch 34
2026-06-16 02:05:25.381023: Current learning rate: 0.00969
2026-06-16 02:05:47.840335: train_loss -0.4053
2026-06-16 02:05:47.842856: val_loss -0.4675
2026-06-16 02:05:47.844195: Pseudo dice [0.4969]
2026-06-16 02:05:47.845684: Epoch time: 22.46 s
2026-06-16 02:05:47.846933: Yayy! New best EMA pseudo Dice: 0.4367
2026-06-16 02:05:49.219578: 
2026-06-16 02:05:49.220933: Epoch 35
2026-06-16 02:05:49.222159: Current learning rate: 0.00968
2026-06-16 02:06:11.903564: train_loss -0.4488
2026-06-16 02:06:11.905668: val_loss -0.4383
2026-06-16 02:06:11.906805: Pseudo dice [0.4913]
2026-06-16 02:06:11.907882: Epoch time: 22.68 s
2026-06-16 02:06:11.908962: Yayy! New best EMA pseudo Dice: 0.4421
2026-06-16 02:06:13.280816: 
2026-06-16 02:06:13.282096: Epoch 36
2026-06-16 02:06:13.283333: Current learning rate: 0.00968
2026-06-16 02:06:35.828336: train_loss -0.4217
2026-06-16 02:06:35.831011: val_loss -0.4483
2026-06-16 02:06:35.832349: Pseudo dice [0.4756]
2026-06-16 02:06:35.833596: Epoch time: 22.55 s
2026-06-16 02:06:35.834812: Yayy! New best EMA pseudo Dice: 0.4455
2026-06-16 02:06:37.203119: 
2026-06-16 02:06:37.205019: Epoch 37
2026-06-16 02:06:37.209435: Current learning rate: 0.00967
2026-06-16 02:06:59.762595: train_loss -0.4469
2026-06-16 02:06:59.764908: val_loss -0.436
2026-06-16 02:06:59.766254: Pseudo dice [0.4754]
2026-06-16 02:06:59.767333: Epoch time: 22.56 s
2026-06-16 02:06:59.768543: Yayy! New best EMA pseudo Dice: 0.4485
2026-06-16 02:07:01.146659: 
2026-06-16 02:07:01.147906: Epoch 38
2026-06-16 02:07:01.149199: Current learning rate: 0.00966
2026-06-16 02:07:23.710224: train_loss -0.4373
2026-06-16 02:07:23.713224: val_loss -0.4366
2026-06-16 02:07:23.715261: Pseudo dice [0.4712]
2026-06-16 02:07:23.716499: Epoch time: 22.56 s
2026-06-16 02:07:23.717578: Yayy! New best EMA pseudo Dice: 0.4507
2026-06-16 02:07:25.068904: 
2026-06-16 02:07:25.070278: Epoch 39
2026-06-16 02:07:25.071483: Current learning rate: 0.00965
2026-06-16 02:07:47.700976: train_loss -0.3952
2026-06-16 02:07:47.703439: val_loss -0.418
2026-06-16 02:07:47.704881: Pseudo dice [0.4483]
2026-06-16 02:07:47.706167: Epoch time: 22.63 s
2026-06-16 02:07:48.607209: 
2026-06-16 02:07:48.608462: Epoch 40
2026-06-16 02:07:48.609726: Current learning rate: 0.00964
2026-06-16 02:08:11.275031: train_loss -0.4246
2026-06-16 02:08:11.277286: val_loss -0.4239
2026-06-16 02:08:11.278485: Pseudo dice [0.4916]
2026-06-16 02:08:11.279723: Epoch time: 22.67 s
2026-06-16 02:08:11.280913: Yayy! New best EMA pseudo Dice: 0.4546
2026-06-16 02:08:12.659929: 
2026-06-16 02:08:12.661407: Epoch 41
2026-06-16 02:08:12.662474: Current learning rate: 0.00963
2026-06-16 02:08:35.235702: train_loss -0.4348
2026-06-16 02:08:35.237807: val_loss -0.3798
2026-06-16 02:08:35.239005: Pseudo dice [0.4176]
2026-06-16 02:08:35.240301: Epoch time: 22.58 s
2026-06-16 02:08:36.110456: 
2026-06-16 02:08:36.111770: Epoch 42
2026-06-16 02:08:36.112929: Current learning rate: 0.00962
2026-06-16 02:08:58.711496: train_loss -0.44
2026-06-16 02:08:58.714199: val_loss -0.4755
2026-06-16 02:08:58.715374: Pseudo dice [0.5084]
2026-06-16 02:08:58.716579: Epoch time: 22.6 s
2026-06-16 02:08:58.717815: Yayy! New best EMA pseudo Dice: 0.4567
2026-06-16 02:09:00.071023: 
2026-06-16 02:09:00.072260: Epoch 43
2026-06-16 02:09:00.073632: Current learning rate: 0.00961
2026-06-16 02:09:22.637432: train_loss -0.4593
2026-06-16 02:09:22.639534: val_loss -0.4697
2026-06-16 02:09:22.640790: Pseudo dice [0.5203]
2026-06-16 02:09:22.642081: Epoch time: 22.57 s
2026-06-16 02:09:22.643360: Yayy! New best EMA pseudo Dice: 0.463
2026-06-16 02:09:24.003020: 
2026-06-16 02:09:24.004270: Epoch 44
2026-06-16 02:09:24.005502: Current learning rate: 0.0096
2026-06-16 02:09:46.602488: train_loss -0.4788
2026-06-16 02:09:46.604674: val_loss -0.477
2026-06-16 02:09:46.605814: Pseudo dice [0.492]
2026-06-16 02:09:46.607140: Epoch time: 22.6 s
2026-06-16 02:09:46.608254: Yayy! New best EMA pseudo Dice: 0.4659
2026-06-16 02:09:47.963284: 
2026-06-16 02:09:47.964635: Epoch 45
2026-06-16 02:09:47.965731: Current learning rate: 0.00959
2026-06-16 02:10:10.732873: train_loss -0.4525
2026-06-16 02:10:10.735809: val_loss -0.4234
2026-06-16 02:10:10.737097: Pseudo dice [0.4859]
2026-06-16 02:10:10.738336: Epoch time: 22.77 s
2026-06-16 02:10:10.739528: Yayy! New best EMA pseudo Dice: 0.4679
2026-06-16 02:10:12.646824: 
2026-06-16 02:10:12.648124: Epoch 46
2026-06-16 02:10:12.649320: Current learning rate: 0.00959
2026-06-16 02:10:35.259733: train_loss -0.4775
2026-06-16 02:10:35.261966: val_loss -0.4632
2026-06-16 02:10:35.263133: Pseudo dice [0.5036]
2026-06-16 02:10:35.264242: Epoch time: 22.61 s
2026-06-16 02:10:35.265435: Yayy! New best EMA pseudo Dice: 0.4715
2026-06-16 02:10:36.602249: 
2026-06-16 02:10:36.604156: Epoch 47
2026-06-16 02:10:36.605382: Current learning rate: 0.00958
2026-06-16 02:10:59.201857: train_loss -0.4753
2026-06-16 02:10:59.204006: val_loss -0.4798
2026-06-16 02:10:59.205233: Pseudo dice [0.5052]
2026-06-16 02:10:59.206438: Epoch time: 22.6 s
2026-06-16 02:10:59.207633: Yayy! New best EMA pseudo Dice: 0.4749
2026-06-16 02:11:00.554702: 
2026-06-16 02:11:00.555914: Epoch 48
2026-06-16 02:11:00.556989: Current learning rate: 0.00957
2026-06-16 02:11:23.147748: train_loss -0.471
2026-06-16 02:11:23.150521: val_loss -0.4564
2026-06-16 02:11:23.151712: Pseudo dice [0.4872]
2026-06-16 02:11:23.152925: Epoch time: 22.59 s
2026-06-16 02:11:23.154128: Yayy! New best EMA pseudo Dice: 0.4761
2026-06-16 02:11:24.520703: 
2026-06-16 02:11:24.522163: Epoch 49
2026-06-16 02:11:24.523350: Current learning rate: 0.00956
2026-06-16 02:11:47.037977: train_loss -0.4627
2026-06-16 02:11:47.040313: val_loss -0.4147
2026-06-16 02:11:47.041639: Pseudo dice [0.447]
2026-06-16 02:11:47.042861: Epoch time: 22.52 s
2026-06-16 02:11:48.356501: 
2026-06-16 02:11:48.357822: Epoch 50
2026-06-16 02:11:48.359080: Current learning rate: 0.00955
2026-06-16 02:12:10.823586: train_loss -0.4736
2026-06-16 02:12:10.826101: val_loss -0.4781
2026-06-16 02:12:10.827354: Pseudo dice [0.5402]
2026-06-16 02:12:10.828493: Epoch time: 22.47 s
2026-06-16 02:12:10.829722: Yayy! New best EMA pseudo Dice: 0.4799
2026-06-16 02:12:12.188550: 
2026-06-16 02:12:12.189815: Epoch 51
2026-06-16 02:12:12.191078: Current learning rate: 0.00954
2026-06-16 02:12:34.697059: train_loss -0.4625
2026-06-16 02:12:34.699527: val_loss -0.4633
2026-06-16 02:12:34.700725: Pseudo dice [0.5113]
2026-06-16 02:12:34.701944: Epoch time: 22.51 s
2026-06-16 02:12:34.703126: Yayy! New best EMA pseudo Dice: 0.483
2026-06-16 02:12:36.065650: 
2026-06-16 02:12:36.069376: Epoch 52
2026-06-16 02:12:36.073420: Current learning rate: 0.00953
2026-06-16 02:12:58.586355: train_loss -0.4903
2026-06-16 02:12:58.588792: val_loss -0.4589
2026-06-16 02:12:58.590043: Pseudo dice [0.493]
2026-06-16 02:12:58.591221: Epoch time: 22.52 s
2026-06-16 02:12:58.592422: Yayy! New best EMA pseudo Dice: 0.484
2026-06-16 02:12:59.971715: 
2026-06-16 02:12:59.973508: Epoch 53
2026-06-16 02:12:59.975352: Current learning rate: 0.00952
2026-06-16 02:13:22.604248: train_loss -0.4713
2026-06-16 02:13:22.606241: val_loss -0.4782
2026-06-16 02:13:22.607380: Pseudo dice [0.5165]
2026-06-16 02:13:22.608651: Epoch time: 22.63 s
2026-06-16 02:13:22.609763: Yayy! New best EMA pseudo Dice: 0.4873
2026-06-16 02:13:23.967122: 
2026-06-16 02:13:23.968472: Epoch 54
2026-06-16 02:13:23.969706: Current learning rate: 0.00951
2026-06-16 02:13:46.504988: train_loss -0.4888
2026-06-16 02:13:46.507600: val_loss -0.4993
2026-06-16 02:13:46.508864: Pseudo dice [0.5473]
2026-06-16 02:13:46.509997: Epoch time: 22.54 s
2026-06-16 02:13:46.511134: Yayy! New best EMA pseudo Dice: 0.4933
2026-06-16 02:13:47.863027: 
2026-06-16 02:13:47.864349: Epoch 55
2026-06-16 02:13:47.865602: Current learning rate: 0.0095
2026-06-16 02:14:10.451830: train_loss -0.4989
2026-06-16 02:14:10.454206: val_loss -0.4322
2026-06-16 02:14:10.455435: Pseudo dice [0.4774]
2026-06-16 02:14:10.456626: Epoch time: 22.59 s
2026-06-16 02:14:11.329772: 
2026-06-16 02:14:11.330933: Epoch 56
2026-06-16 02:14:11.332007: Current learning rate: 0.00949
2026-06-16 02:14:33.848946: train_loss -0.4467
2026-06-16 02:14:33.851491: val_loss -0.4415
2026-06-16 02:14:33.852780: Pseudo dice [0.4889]
2026-06-16 02:14:33.854021: Epoch time: 22.52 s
2026-06-16 02:14:34.755589: 
2026-06-16 02:14:34.756907: Epoch 57
2026-06-16 02:14:34.757993: Current learning rate: 0.00949
2026-06-16 02:14:57.194319: train_loss -0.5034
2026-06-16 02:14:57.197169: val_loss -0.4854
2026-06-16 02:14:57.198474: Pseudo dice [0.5185]
2026-06-16 02:14:57.199622: Epoch time: 22.44 s
2026-06-16 02:14:57.200860: Yayy! New best EMA pseudo Dice: 0.4941
2026-06-16 02:14:58.562867: 
2026-06-16 02:14:58.564138: Epoch 58
2026-06-16 02:14:58.565386: Current learning rate: 0.00948
2026-06-16 02:15:21.054462: train_loss -0.5003
2026-06-16 02:15:21.066949: val_loss -0.4603
2026-06-16 02:15:21.068138: Pseudo dice [0.5026]
2026-06-16 02:15:21.069351: Epoch time: 22.49 s
2026-06-16 02:15:21.070531: Yayy! New best EMA pseudo Dice: 0.495
2026-06-16 02:15:22.445240: 
2026-06-16 02:15:22.446575: Epoch 59
2026-06-16 02:15:22.447661: Current learning rate: 0.00947
2026-06-16 02:15:44.852794: train_loss -0.4764
2026-06-16 02:15:44.855695: val_loss -0.4433
2026-06-16 02:15:44.856931: Pseudo dice [0.5128]
2026-06-16 02:15:44.858130: Epoch time: 22.41 s
2026-06-16 02:15:44.859170: Yayy! New best EMA pseudo Dice: 0.4968
2026-06-16 02:15:46.222169: 
2026-06-16 02:15:46.223496: Epoch 60
2026-06-16 02:15:46.224725: Current learning rate: 0.00946
2026-06-16 02:16:08.650141: train_loss -0.4873
2026-06-16 02:16:08.652807: val_loss -0.4647
2026-06-16 02:16:08.654017: Pseudo dice [0.5138]
2026-06-16 02:16:08.655183: Epoch time: 22.43 s
2026-06-16 02:16:08.656357: Yayy! New best EMA pseudo Dice: 0.4985
2026-06-16 02:16:10.030264: 
2026-06-16 02:16:10.031610: Epoch 61
2026-06-16 02:16:10.032677: Current learning rate: 0.00945
2026-06-16 02:16:32.556458: train_loss -0.5
2026-06-16 02:16:32.558949: val_loss -0.4553
2026-06-16 02:16:32.560233: Pseudo dice [0.5008]
2026-06-16 02:16:32.561450: Epoch time: 22.53 s
2026-06-16 02:16:32.562630: Yayy! New best EMA pseudo Dice: 0.4987
2026-06-16 02:16:33.942080: 
2026-06-16 02:16:33.943359: Epoch 62
2026-06-16 02:16:33.944538: Current learning rate: 0.00944
2026-06-16 02:16:56.444492: train_loss -0.5034
2026-06-16 02:16:56.446935: val_loss -0.5038
2026-06-16 02:16:56.448210: Pseudo dice [0.5568]
2026-06-16 02:16:56.449380: Epoch time: 22.5 s
2026-06-16 02:16:56.450658: Yayy! New best EMA pseudo Dice: 0.5045
2026-06-16 02:16:57.808689: 
2026-06-16 02:16:57.810112: Epoch 63
2026-06-16 02:16:57.811319: Current learning rate: 0.00943
2026-06-16 02:17:20.273950: train_loss -0.4816
2026-06-16 02:17:20.276822: val_loss -0.4988
2026-06-16 02:17:20.277984: Pseudo dice [0.5438]
2026-06-16 02:17:20.279252: Epoch time: 22.47 s
2026-06-16 02:17:20.280457: Yayy! New best EMA pseudo Dice: 0.5084
2026-06-16 02:17:22.199260: 
2026-06-16 02:17:22.200598: Epoch 64
2026-06-16 02:17:22.201905: Current learning rate: 0.00942
2026-06-16 02:17:44.749899: train_loss -0.4932
2026-06-16 02:17:44.752348: val_loss -0.4623
2026-06-16 02:17:44.753730: Pseudo dice [0.4993]
2026-06-16 02:17:44.755062: Epoch time: 22.55 s
2026-06-16 02:17:45.646351: 
2026-06-16 02:17:45.647727: Epoch 65
2026-06-16 02:17:45.648937: Current learning rate: 0.00941
2026-06-16 02:18:08.299596: train_loss -0.4794
2026-06-16 02:18:08.301908: val_loss -0.4807
2026-06-16 02:18:08.303313: Pseudo dice [0.5064]
2026-06-16 02:18:08.304815: Epoch time: 22.65 s
2026-06-16 02:18:09.190512: 
2026-06-16 02:18:09.193005: Epoch 66
2026-06-16 02:18:09.194630: Current learning rate: 0.0094
2026-06-16 02:18:31.817371: train_loss -0.4739
2026-06-16 02:18:31.820310: val_loss -0.483
2026-06-16 02:18:31.821786: Pseudo dice [0.5236]
2026-06-16 02:18:31.823104: Epoch time: 22.63 s
2026-06-16 02:18:31.824310: Yayy! New best EMA pseudo Dice: 0.509
2026-06-16 02:18:33.202091: 
2026-06-16 02:18:33.203522: Epoch 67
2026-06-16 02:18:33.204636: Current learning rate: 0.00939
2026-06-16 02:18:55.853778: train_loss -0.4959
2026-06-16 02:18:55.856193: val_loss -0.4951
2026-06-16 02:18:55.857398: Pseudo dice [0.5482]
2026-06-16 02:18:55.858603: Epoch time: 22.65 s
2026-06-16 02:18:55.859799: Yayy! New best EMA pseudo Dice: 0.513
2026-06-16 02:18:57.229484: 
2026-06-16 02:18:57.230909: Epoch 68
2026-06-16 02:18:57.232114: Current learning rate: 0.00939
2026-06-16 02:19:19.941674: train_loss -0.5286
2026-06-16 02:19:19.944290: val_loss -0.4723
2026-06-16 02:19:19.945786: Pseudo dice [0.5127]
2026-06-16 02:19:19.947090: Epoch time: 22.71 s
2026-06-16 02:19:20.847970: 
2026-06-16 02:19:20.849380: Epoch 69
2026-06-16 02:19:20.850554: Current learning rate: 0.00938
2026-06-16 02:19:43.550415: train_loss -0.4876
2026-06-16 02:19:43.553018: val_loss -0.4991
2026-06-16 02:19:43.554309: Pseudo dice [0.5203]
2026-06-16 02:19:43.555588: Epoch time: 22.7 s
2026-06-16 02:19:43.556812: Yayy! New best EMA pseudo Dice: 0.5137
2026-06-16 02:19:44.927425: 
2026-06-16 02:19:44.928743: Epoch 70
2026-06-16 02:19:44.930056: Current learning rate: 0.00937
2026-06-16 02:20:07.562427: train_loss -0.4825
2026-06-16 02:20:07.567023: val_loss -0.5263
2026-06-16 02:20:07.568714: Pseudo dice [0.5509]
2026-06-16 02:20:07.571385: Epoch time: 22.64 s
2026-06-16 02:20:07.572738: Yayy! New best EMA pseudo Dice: 0.5174
2026-06-16 02:20:08.948174: 
2026-06-16 02:20:08.949493: Epoch 71
2026-06-16 02:20:08.950677: Current learning rate: 0.00936
2026-06-16 02:20:31.623820: train_loss -0.5073
2026-06-16 02:20:31.626086: val_loss -0.4576
2026-06-16 02:20:31.627293: Pseudo dice [0.4763]
2026-06-16 02:20:31.628486: Epoch time: 22.68 s
2026-06-16 02:20:32.519230: 
2026-06-16 02:20:32.520609: Epoch 72
2026-06-16 02:20:32.521701: Current learning rate: 0.00935
2026-06-16 02:20:55.126320: train_loss -0.5139
2026-06-16 02:20:55.128869: val_loss -0.4961
2026-06-16 02:20:55.130030: Pseudo dice [0.5217]
2026-06-16 02:20:55.131307: Epoch time: 22.61 s
2026-06-16 02:20:56.023348: 
2026-06-16 02:20:56.024721: Epoch 73
2026-06-16 02:20:56.025977: Current learning rate: 0.00934
2026-06-16 02:21:18.727344: train_loss -0.5031
2026-06-16 02:21:18.729542: val_loss -0.4429
2026-06-16 02:21:18.730813: Pseudo dice [0.4996]
2026-06-16 02:21:18.731972: Epoch time: 22.71 s
2026-06-16 02:21:19.618973: 
2026-06-16 02:21:19.620296: Epoch 74
2026-06-16 02:21:19.621564: Current learning rate: 0.00933
2026-06-16 02:21:42.260334: train_loss -0.5109
2026-06-16 02:21:42.262520: val_loss -0.469
2026-06-16 02:21:42.263846: Pseudo dice [0.4998]
2026-06-16 02:21:42.265161: Epoch time: 22.64 s
2026-06-16 02:21:43.167452: 
2026-06-16 02:21:43.168738: Epoch 75
2026-06-16 02:21:43.169944: Current learning rate: 0.00932
2026-06-16 02:22:05.832299: train_loss -0.5114
2026-06-16 02:22:05.835645: val_loss -0.4644
2026-06-16 02:22:05.836978: Pseudo dice [0.5063]
2026-06-16 02:22:05.838295: Epoch time: 22.67 s
2026-06-16 02:22:06.739927: 
2026-06-16 02:22:06.741388: Epoch 76
2026-06-16 02:22:06.742620: Current learning rate: 0.00931
2026-06-16 02:22:29.370706: train_loss -0.5135
2026-06-16 02:22:29.373174: val_loss -0.4676
2026-06-16 02:22:29.374459: Pseudo dice [0.4893]
2026-06-16 02:22:29.375669: Epoch time: 22.63 s
2026-06-16 02:22:30.267996: 
2026-06-16 02:22:30.269331: Epoch 77
2026-06-16 02:22:30.270610: Current learning rate: 0.0093
2026-06-16 02:22:52.953586: train_loss -0.5115
2026-06-16 02:22:52.955967: val_loss -0.4908
2026-06-16 02:22:52.957362: Pseudo dice [0.5297]
2026-06-16 02:22:52.958589: Epoch time: 22.69 s
2026-06-16 02:22:53.871993: 
2026-06-16 02:22:53.873393: Epoch 78
2026-06-16 02:22:53.874625: Current learning rate: 0.0093
2026-06-16 02:23:16.534897: train_loss -0.5289
2026-06-16 02:23:16.538801: val_loss -0.4967
2026-06-16 02:23:16.540099: Pseudo dice [0.5355]
2026-06-16 02:23:16.541415: Epoch time: 22.66 s
2026-06-16 02:23:17.456044: 
2026-06-16 02:23:17.457428: Epoch 79
2026-06-16 02:23:17.458782: Current learning rate: 0.00929
2026-06-16 02:23:40.099750: train_loss -0.4945
2026-06-16 02:23:40.102365: val_loss -0.4811
2026-06-16 02:23:40.103692: Pseudo dice [0.5012]
2026-06-16 02:23:40.104893: Epoch time: 22.64 s
2026-06-16 02:23:41.553659: 
2026-06-16 02:23:41.555006: Epoch 80
2026-06-16 02:23:41.556272: Current learning rate: 0.00928
2026-06-16 02:24:04.220485: train_loss -0.4968
2026-06-16 02:24:04.223007: val_loss -0.5274
2026-06-16 02:24:04.224168: Pseudo dice [0.5537]
2026-06-16 02:24:04.225410: Epoch time: 22.67 s
2026-06-16 02:24:05.125458: 
2026-06-16 02:24:05.126706: Epoch 81
2026-06-16 02:24:05.128089: Current learning rate: 0.00927
2026-06-16 02:24:27.779185: train_loss -0.4935
2026-06-16 02:24:27.781951: val_loss -0.4756
2026-06-16 02:24:27.783214: Pseudo dice [0.5267]
2026-06-16 02:24:27.784418: Epoch time: 22.65 s
2026-06-16 02:24:28.693323: 
2026-06-16 02:24:28.694621: Epoch 82
2026-06-16 02:24:28.695870: Current learning rate: 0.00926
2026-06-16 02:24:51.323896: train_loss -0.5017
2026-06-16 02:24:51.326559: val_loss -0.4903
2026-06-16 02:24:51.327736: Pseudo dice [0.5449]
2026-06-16 02:24:51.328952: Epoch time: 22.63 s
2026-06-16 02:24:51.330150: Yayy! New best EMA pseudo Dice: 0.52
2026-06-16 02:24:52.715178: 
2026-06-16 02:24:52.716584: Epoch 83
2026-06-16 02:24:52.717759: Current learning rate: 0.00925
2026-06-16 02:25:15.467609: train_loss -0.4627
2026-06-16 02:25:15.470042: val_loss -0.4205
2026-06-16 02:25:15.471269: Pseudo dice [0.4557]
2026-06-16 02:25:15.472481: Epoch time: 22.75 s
2026-06-16 02:25:16.344004: 
2026-06-16 02:25:16.345348: Epoch 84
2026-06-16 02:25:16.346600: Current learning rate: 0.00924
2026-06-16 02:25:39.023650: train_loss -0.4597
2026-06-16 02:25:39.026457: val_loss -0.5279
2026-06-16 02:25:39.027723: Pseudo dice [0.5678]
2026-06-16 02:25:39.028904: Epoch time: 22.68 s
2026-06-16 02:25:39.911356: 
2026-06-16 02:25:39.912606: Epoch 85
2026-06-16 02:25:39.913761: Current learning rate: 0.00923
2026-06-16 02:26:02.516027: train_loss -0.5097
2026-06-16 02:26:02.518535: val_loss -0.519
2026-06-16 02:26:02.519723: Pseudo dice [0.5651]
2026-06-16 02:26:02.520952: Epoch time: 22.61 s
2026-06-16 02:26:02.522188: Yayy! New best EMA pseudo Dice: 0.5236
2026-06-16 02:26:03.876398: 
2026-06-16 02:26:03.878028: Epoch 86
2026-06-16 02:26:03.879147: Current learning rate: 0.00922
2026-06-16 02:26:26.463236: train_loss -0.5274
2026-06-16 02:26:26.465683: val_loss -0.5011
2026-06-16 02:26:26.467024: Pseudo dice [0.5102]
2026-06-16 02:26:26.468429: Epoch time: 22.59 s
2026-06-16 02:26:27.346328: 
2026-06-16 02:26:27.347878: Epoch 87
2026-06-16 02:26:27.349184: Current learning rate: 0.00921
2026-06-16 02:26:49.818467: train_loss -0.4922
2026-06-16 02:26:49.821459: val_loss -0.5122
2026-06-16 02:26:49.823050: Pseudo dice [0.5517]
2026-06-16 02:26:49.824418: Epoch time: 22.47 s
2026-06-16 02:26:49.825759: Yayy! New best EMA pseudo Dice: 0.5252
2026-06-16 02:26:51.197824: 
2026-06-16 02:26:51.199187: Epoch 88
2026-06-16 02:26:51.200418: Current learning rate: 0.0092
2026-06-16 02:27:13.741010: train_loss -0.5127
2026-06-16 02:27:13.743391: val_loss -0.5185
2026-06-16 02:27:13.744991: Pseudo dice [0.5615]
2026-06-16 02:27:13.746159: Epoch time: 22.54 s
2026-06-16 02:27:13.747352: Yayy! New best EMA pseudo Dice: 0.5289
2026-06-16 02:27:15.111640: 
2026-06-16 02:27:15.112863: Epoch 89
2026-06-16 02:27:15.114014: Current learning rate: 0.0092
2026-06-16 02:27:37.688074: train_loss -0.4867
2026-06-16 02:27:37.690199: val_loss -0.4732
2026-06-16 02:27:37.691376: Pseudo dice [0.5184]
2026-06-16 02:27:37.692619: Epoch time: 22.58 s
2026-06-16 02:27:38.580226: 
2026-06-16 02:27:38.581527: Epoch 90
2026-06-16 02:27:38.582758: Current learning rate: 0.00919
2026-06-16 02:28:01.168603: train_loss -0.5199
2026-06-16 02:28:01.171279: val_loss -0.503
2026-06-16 02:28:01.172847: Pseudo dice [0.5405]
2026-06-16 02:28:01.174170: Epoch time: 22.59 s
2026-06-16 02:28:01.175542: Yayy! New best EMA pseudo Dice: 0.5291
2026-06-16 02:28:02.529857: 
2026-06-16 02:28:02.531278: Epoch 91
2026-06-16 02:28:02.532585: Current learning rate: 0.00918
2026-06-16 02:28:25.057029: train_loss -0.5128
2026-06-16 02:28:25.059746: val_loss -0.486
2026-06-16 02:28:25.060975: Pseudo dice [0.5087]
2026-06-16 02:28:25.062203: Epoch time: 22.53 s
2026-06-16 02:28:25.936709: 
2026-06-16 02:28:25.938078: Epoch 92
2026-06-16 02:28:25.939292: Current learning rate: 0.00917
2026-06-16 02:28:48.552663: train_loss -0.4948
2026-06-16 02:28:48.554957: val_loss -0.5486
2026-06-16 02:28:48.556240: Pseudo dice [0.5596]
2026-06-16 02:28:48.557702: Epoch time: 22.62 s
2026-06-16 02:28:48.558995: Yayy! New best EMA pseudo Dice: 0.5303
2026-06-16 02:28:49.918134: 
2026-06-16 02:28:49.919693: Epoch 93
2026-06-16 02:28:49.920821: Current learning rate: 0.00916
2026-06-16 02:29:12.580356: train_loss -0.534
2026-06-16 02:29:12.583191: val_loss -0.4932
2026-06-16 02:29:12.584475: Pseudo dice [0.5127]
2026-06-16 02:29:12.585617: Epoch time: 22.66 s
2026-06-16 02:29:13.459199: 
2026-06-16 02:29:13.460668: Epoch 94
2026-06-16 02:29:13.461833: Current learning rate: 0.00915
2026-06-16 02:29:35.921200: train_loss -0.5427
2026-06-16 02:29:35.923571: val_loss -0.4817
2026-06-16 02:29:35.924786: Pseudo dice [0.5338]
2026-06-16 02:29:35.925924: Epoch time: 22.46 s
2026-06-16 02:29:36.797972: 
2026-06-16 02:29:36.799281: Epoch 95
2026-06-16 02:29:36.800688: Current learning rate: 0.00914
2026-06-16 02:29:59.346546: train_loss -0.5158
2026-06-16 02:29:59.348698: val_loss -0.4943
2026-06-16 02:29:59.349971: Pseudo dice [0.5269]
2026-06-16 02:29:59.351194: Epoch time: 22.55 s
2026-06-16 02:30:00.226142: 
2026-06-16 02:30:00.227609: Epoch 96
2026-06-16 02:30:00.228780: Current learning rate: 0.00913
2026-06-16 02:30:22.696051: train_loss -0.5319
2026-06-16 02:30:22.698812: val_loss -0.4995
2026-06-16 02:30:22.700092: Pseudo dice [0.5365]
2026-06-16 02:30:22.701214: Epoch time: 22.47 s
2026-06-16 02:30:23.581391: 
2026-06-16 02:30:23.582594: Epoch 97
2026-06-16 02:30:23.583857: Current learning rate: 0.00912
2026-06-16 02:30:46.157405: train_loss -0.5323
2026-06-16 02:30:46.166677: val_loss -0.5206
2026-06-16 02:30:46.168571: Pseudo dice [0.5356]
2026-06-16 02:30:46.169717: Epoch time: 22.58 s
2026-06-16 02:30:47.596120: 
2026-06-16 02:30:47.597493: Epoch 98
2026-06-16 02:30:47.598701: Current learning rate: 0.00911
2026-06-16 02:31:10.053310: train_loss -0.5587
2026-06-16 02:31:10.055214: val_loss -0.532
2026-06-16 02:31:10.056325: Pseudo dice [0.5552]
2026-06-16 02:31:10.057414: Epoch time: 22.46 s
2026-06-16 02:31:10.058489: Yayy! New best EMA pseudo Dice: 0.5327
2026-06-16 02:31:11.405813: 
2026-06-16 02:31:11.407144: Epoch 99
2026-06-16 02:31:11.408340: Current learning rate: 0.0091
2026-06-16 02:31:33.886459: train_loss -0.5274
2026-06-16 02:31:33.889090: val_loss -0.4791
2026-06-16 02:31:33.890270: Pseudo dice [0.4877]
2026-06-16 02:31:33.891458: Epoch time: 22.48 s
2026-06-16 02:31:35.245133: 
2026-06-16 02:31:35.246448: Epoch 100
2026-06-16 02:31:35.247662: Current learning rate: 0.0091
2026-06-16 02:31:57.889185: train_loss -0.5282
2026-06-16 02:31:57.891367: val_loss -0.4798
2026-06-16 02:31:57.892505: Pseudo dice [0.4948]
2026-06-16 02:31:57.893595: Epoch time: 22.64 s
2026-06-16 02:31:58.764579: 
2026-06-16 02:31:58.765953: Epoch 101
2026-06-16 02:31:58.767248: Current learning rate: 0.00909
2026-06-16 02:32:21.180070: train_loss -0.5341
2026-06-16 02:32:21.182247: val_loss -0.5046
2026-06-16 02:32:21.183562: Pseudo dice [0.5582]
2026-06-16 02:32:21.184754: Epoch time: 22.42 s
2026-06-16 02:32:22.063711: 
2026-06-16 02:32:22.065010: Epoch 102
2026-06-16 02:32:22.066189: Current learning rate: 0.00908
2026-06-16 02:32:44.722029: train_loss -0.5328
2026-06-16 02:32:44.724671: val_loss -0.526
2026-06-16 02:32:44.725820: Pseudo dice [0.5423]
2026-06-16 02:32:44.727040: Epoch time: 22.66 s
2026-06-16 02:32:45.604263: 
2026-06-16 02:32:45.605570: Epoch 103
2026-06-16 02:32:45.606809: Current learning rate: 0.00907
2026-06-16 02:33:08.083613: train_loss -0.5243
2026-06-16 02:33:08.085932: val_loss -0.5394
2026-06-16 02:33:08.087064: Pseudo dice [0.5753]
2026-06-16 02:33:08.088147: Epoch time: 22.48 s
2026-06-16 02:33:08.089383: Yayy! New best EMA pseudo Dice: 0.5342
2026-06-16 02:33:09.437400: 
2026-06-16 02:33:09.438736: Epoch 104
2026-06-16 02:33:09.439993: Current learning rate: 0.00906
2026-06-16 02:33:32.025912: train_loss -0.5195
2026-06-16 02:33:32.028183: val_loss -0.4854
2026-06-16 02:33:32.029332: Pseudo dice [0.5235]
2026-06-16 02:33:32.030511: Epoch time: 22.59 s
2026-06-16 02:33:32.912682: 
2026-06-16 02:33:32.913931: Epoch 105
2026-06-16 02:33:32.915074: Current learning rate: 0.00905
2026-06-16 02:33:55.465270: train_loss -0.5318
2026-06-16 02:33:55.467870: val_loss -0.533
2026-06-16 02:33:55.469035: Pseudo dice [0.5697]
2026-06-16 02:33:55.470221: Epoch time: 22.55 s
2026-06-16 02:33:55.471405: Yayy! New best EMA pseudo Dice: 0.5368
2026-06-16 02:33:56.858657: 
2026-06-16 02:33:56.860024: Epoch 106
2026-06-16 02:33:56.861136: Current learning rate: 0.00904
2026-06-16 02:34:19.443288: train_loss -0.5311
2026-06-16 02:34:19.445545: val_loss -0.4791
2026-06-16 02:34:19.446801: Pseudo dice [0.5234]
2026-06-16 02:34:19.448065: Epoch time: 22.59 s
2026-06-16 02:34:20.328288: 
2026-06-16 02:34:20.329809: Epoch 107
2026-06-16 02:34:20.330981: Current learning rate: 0.00903
2026-06-16 02:34:43.038434: train_loss -0.5063
2026-06-16 02:34:43.040632: val_loss -0.4632
2026-06-16 02:34:43.041870: Pseudo dice [0.4859]
2026-06-16 02:34:43.043073: Epoch time: 22.71 s
2026-06-16 02:34:43.924897: 
2026-06-16 02:34:43.926199: Epoch 108
2026-06-16 02:34:43.927348: Current learning rate: 0.00902
2026-06-16 02:35:06.536653: train_loss -0.4976
2026-06-16 02:35:06.540234: val_loss -0.4936
2026-06-16 02:35:06.541528: Pseudo dice [0.5175]
2026-06-16 02:35:06.543232: Epoch time: 22.61 s
2026-06-16 02:35:07.420518: 
2026-06-16 02:35:07.421996: Epoch 109
2026-06-16 02:35:07.423491: Current learning rate: 0.00901
2026-06-16 02:35:30.020590: train_loss -0.5126
2026-06-16 02:35:30.022875: val_loss -0.5554
2026-06-16 02:35:30.024125: Pseudo dice [0.5702]
2026-06-16 02:35:30.025356: Epoch time: 22.6 s
2026-06-16 02:35:30.911984: 
2026-06-16 02:35:30.913420: Epoch 110
2026-06-16 02:35:30.914697: Current learning rate: 0.009
2026-06-16 02:35:53.526001: train_loss -0.5288
2026-06-16 02:35:53.528731: val_loss -0.5184
2026-06-16 02:35:53.530229: Pseudo dice [0.5559]
2026-06-16 02:35:53.531579: Epoch time: 22.62 s
2026-06-16 02:35:54.414245: 
2026-06-16 02:35:54.415843: Epoch 111
2026-06-16 02:35:54.417236: Current learning rate: 0.009
2026-06-16 02:36:17.210058: train_loss -0.5515
2026-06-16 02:36:17.212697: val_loss -0.4478
2026-06-16 02:36:17.214019: Pseudo dice [0.4952]
2026-06-16 02:36:17.215207: Epoch time: 22.8 s
2026-06-16 02:36:18.100042: 
2026-06-16 02:36:18.101396: Epoch 112
2026-06-16 02:36:18.102589: Current learning rate: 0.00899
2026-06-16 02:36:40.833692: train_loss -0.53
2026-06-16 02:36:40.836082: val_loss -0.4725
2026-06-16 02:36:40.837273: Pseudo dice [0.495]
2026-06-16 02:36:40.838512: Epoch time: 22.73 s
2026-06-16 02:36:41.721684: 
2026-06-16 02:36:41.722914: Epoch 113
2026-06-16 02:36:41.724015: Current learning rate: 0.00898
2026-06-16 02:37:04.333566: train_loss -0.5292
2026-06-16 02:37:04.335892: val_loss -0.4621
2026-06-16 02:37:04.337061: Pseudo dice [0.4831]
2026-06-16 02:37:04.338257: Epoch time: 22.61 s
2026-06-16 02:37:05.217140: 
2026-06-16 02:37:05.218400: Epoch 114
2026-06-16 02:37:05.219615: Current learning rate: 0.00897
2026-06-16 02:37:28.002388: train_loss -0.5581
2026-06-16 02:37:28.005199: val_loss -0.5456
2026-06-16 02:37:28.008733: Pseudo dice [0.5655]
2026-06-16 02:37:28.011688: Epoch time: 22.79 s
2026-06-16 02:37:29.447865: 
2026-06-16 02:37:29.449425: Epoch 115
2026-06-16 02:37:29.450966: Current learning rate: 0.00896
2026-06-16 02:37:52.147409: train_loss -0.5223
2026-06-16 02:37:52.149891: val_loss -0.4528
2026-06-16 02:37:52.151018: Pseudo dice [0.494]
2026-06-16 02:37:52.152206: Epoch time: 22.7 s
2026-06-16 02:37:53.050194: 
2026-06-16 02:37:53.051549: Epoch 116
2026-06-16 02:37:53.052747: Current learning rate: 0.00895
2026-06-16 02:38:15.705113: train_loss -0.5209
2026-06-16 02:38:15.707311: val_loss -0.4664
2026-06-16 02:38:15.708604: Pseudo dice [0.499]
2026-06-16 02:38:15.709765: Epoch time: 22.66 s
2026-06-16 02:38:16.615630: 
2026-06-16 02:38:16.617022: Epoch 117
2026-06-16 02:38:16.618303: Current learning rate: 0.00894
2026-06-16 02:38:39.418837: train_loss -0.5606
2026-06-16 02:38:39.421875: val_loss -0.5272
2026-06-16 02:38:39.423127: Pseudo dice [0.5413]
2026-06-16 02:38:39.424257: Epoch time: 22.8 s
2026-06-16 02:38:40.315002: 
2026-06-16 02:38:40.316249: Epoch 118
2026-06-16 02:38:40.317498: Current learning rate: 0.00893
2026-06-16 02:39:03.129387: train_loss -0.5262
2026-06-16 02:39:03.131614: val_loss -0.4605
2026-06-16 02:39:03.132868: Pseudo dice [0.5108]
2026-06-16 02:39:03.134017: Epoch time: 22.82 s
2026-06-16 02:39:04.017369: 
2026-06-16 02:39:04.018698: Epoch 119
2026-06-16 02:39:04.019914: Current learning rate: 0.00892
2026-06-16 02:39:26.839361: train_loss -0.5293
2026-06-16 02:39:26.841402: val_loss -0.5469
2026-06-16 02:39:26.842701: Pseudo dice [0.5589]
2026-06-16 02:39:26.843981: Epoch time: 22.82 s
2026-06-16 02:39:27.738070: 
2026-06-16 02:39:27.739395: Epoch 120
2026-06-16 02:39:27.740689: Current learning rate: 0.00891
2026-06-16 02:39:50.507185: train_loss -0.5516
2026-06-16 02:39:50.509789: val_loss -0.5324
2026-06-16 02:39:50.511491: Pseudo dice [0.5711]
2026-06-16 02:39:50.512911: Epoch time: 22.77 s
2026-06-16 02:39:51.407966: 
2026-06-16 02:39:51.409325: Epoch 121
2026-06-16 02:39:51.410550: Current learning rate: 0.0089
2026-06-16 02:40:14.092065: train_loss -0.5378
2026-06-16 02:40:14.094507: val_loss -0.5208
2026-06-16 02:40:14.096328: Pseudo dice [0.5819]
2026-06-16 02:40:14.097766: Epoch time: 22.68 s
2026-06-16 02:40:15.093269: 
2026-06-16 02:40:15.094683: Epoch 122
2026-06-16 02:40:15.096081: Current learning rate: 0.00889
2026-06-16 02:40:37.679196: train_loss -0.5618
2026-06-16 02:40:37.681466: val_loss -0.5334
2026-06-16 02:40:37.682952: Pseudo dice [0.5793]
2026-06-16 02:40:37.684514: Epoch time: 22.59 s
2026-06-16 02:40:37.686432: Yayy! New best EMA pseudo Dice: 0.54
2026-06-16 02:40:39.072317: 
2026-06-16 02:40:39.073875: Epoch 123
2026-06-16 02:40:39.075219: Current learning rate: 0.00889
2026-06-16 02:41:01.653622: train_loss -0.5487
2026-06-16 02:41:01.656304: val_loss -0.4372
2026-06-16 02:41:01.657679: Pseudo dice [0.5168]
2026-06-16 02:41:01.658981: Epoch time: 22.58 s
2026-06-16 02:41:02.556746: 
2026-06-16 02:41:02.558350: Epoch 124
2026-06-16 02:41:02.560235: Current learning rate: 0.00888
2026-06-16 02:41:25.088954: train_loss -0.5476
2026-06-16 02:41:25.091300: val_loss -0.4831
2026-06-16 02:41:25.092476: Pseudo dice [0.5131]
2026-06-16 02:41:25.093720: Epoch time: 22.53 s
2026-06-16 02:41:25.977285: 
2026-06-16 02:41:25.978621: Epoch 125
2026-06-16 02:41:25.979852: Current learning rate: 0.00887
2026-06-16 02:41:48.594020: train_loss -0.5403
2026-06-16 02:41:48.596730: val_loss -0.5132
2026-06-16 02:41:48.598054: Pseudo dice [0.5485]
2026-06-16 02:41:48.599424: Epoch time: 22.62 s
2026-06-16 02:41:49.498927: 
2026-06-16 02:41:49.500190: Epoch 126
2026-06-16 02:41:49.501413: Current learning rate: 0.00886
2026-06-16 02:42:12.029576: train_loss -0.5303
2026-06-16 02:42:12.032448: val_loss -0.5409
2026-06-16 02:42:12.033715: Pseudo dice [0.544]
2026-06-16 02:42:12.034910: Epoch time: 22.53 s
2026-06-16 02:42:12.921310: 
2026-06-16 02:42:12.922630: Epoch 127
2026-06-16 02:42:12.923721: Current learning rate: 0.00885
2026-06-16 02:42:35.502923: train_loss -0.5395
2026-06-16 02:42:35.505420: val_loss -0.5197
2026-06-16 02:42:35.506676: Pseudo dice [0.5365]
2026-06-16 02:42:35.507915: Epoch time: 22.58 s
2026-06-16 02:42:36.401883: 
2026-06-16 02:42:36.403319: Epoch 128
2026-06-16 02:42:36.404452: Current learning rate: 0.00884
2026-06-16 02:42:58.973327: train_loss -0.5428
2026-06-16 02:42:58.975449: val_loss -0.5055
2026-06-16 02:42:58.976657: Pseudo dice [0.5349]
2026-06-16 02:42:58.977860: Epoch time: 22.57 s
2026-06-16 02:42:59.881330: 
2026-06-16 02:42:59.883646: Epoch 129
2026-06-16 02:42:59.886430: Current learning rate: 0.00883
2026-06-16 02:43:22.494317: train_loss -0.5094
2026-06-16 02:43:22.496931: val_loss -0.4636
2026-06-16 02:43:22.498077: Pseudo dice [0.5185]
2026-06-16 02:43:22.499264: Epoch time: 22.61 s
2026-06-16 02:43:23.404667: 
2026-06-16 02:43:23.406083: Epoch 130
2026-06-16 02:43:23.407256: Current learning rate: 0.00882
2026-06-16 02:43:45.956092: train_loss -0.5169
2026-06-16 02:43:45.958411: val_loss -0.4473
2026-06-16 02:43:45.959680: Pseudo dice [0.4846]
2026-06-16 02:43:45.960825: Epoch time: 22.55 s
2026-06-16 02:43:46.853598: 
2026-06-16 02:43:46.860408: Epoch 131
2026-06-16 02:43:46.861686: Current learning rate: 0.00881
2026-06-16 02:44:09.451711: train_loss -0.5311
2026-06-16 02:44:09.453787: val_loss -0.435
2026-06-16 02:44:09.454984: Pseudo dice [0.4744]
2026-06-16 02:44:09.456186: Epoch time: 22.6 s
2026-06-16 02:44:10.349907: 
2026-06-16 02:44:10.351167: Epoch 132
2026-06-16 02:44:10.352423: Current learning rate: 0.0088
2026-06-16 02:44:32.847055: train_loss -0.5756
2026-06-16 02:44:32.849691: val_loss -0.5074
2026-06-16 02:44:32.850895: Pseudo dice [0.5395]
2026-06-16 02:44:32.852139: Epoch time: 22.5 s
2026-06-16 02:44:34.321238: 
2026-06-16 02:44:34.322557: Epoch 133
2026-06-16 02:44:34.323651: Current learning rate: 0.00879
2026-06-16 02:44:56.893940: train_loss -0.5515
2026-06-16 02:44:56.896364: val_loss -0.5551
2026-06-16 02:44:56.897510: Pseudo dice [0.5721]
2026-06-16 02:44:56.898868: Epoch time: 22.57 s
2026-06-16 02:44:57.808615: 
2026-06-16 02:44:57.809900: Epoch 134
2026-06-16 02:44:57.811057: Current learning rate: 0.00879
2026-06-16 02:45:20.447502: train_loss -0.5477
2026-06-16 02:45:20.449617: val_loss -0.5351
2026-06-16 02:45:20.450800: Pseudo dice [0.5471]
2026-06-16 02:45:20.452027: Epoch time: 22.64 s
2026-06-16 02:45:21.358151: 
2026-06-16 02:45:21.359414: Epoch 135
2026-06-16 02:45:21.360546: Current learning rate: 0.00878
2026-06-16 02:45:43.921607: train_loss -0.5376
2026-06-16 02:45:43.924458: val_loss -0.5083
2026-06-16 02:45:43.925686: Pseudo dice [0.5378]
2026-06-16 02:45:43.926775: Epoch time: 22.56 s
2026-06-16 02:45:44.844306: 
2026-06-16 02:45:44.846188: Epoch 136
2026-06-16 02:45:44.847417: Current learning rate: 0.00877
2026-06-16 02:46:07.403533: train_loss -0.5426
2026-06-16 02:46:07.408843: val_loss -0.5269
2026-06-16 02:46:07.409979: Pseudo dice [0.565]
2026-06-16 02:46:07.411163: Epoch time: 22.56 s
2026-06-16 02:46:08.316054: 
2026-06-16 02:46:08.317725: Epoch 137
2026-06-16 02:46:08.318941: Current learning rate: 0.00876
2026-06-16 02:46:30.806478: train_loss -0.5701
2026-06-16 02:46:30.808630: val_loss -0.5381
2026-06-16 02:46:30.809902: Pseudo dice [0.5566]
2026-06-16 02:46:30.811170: Epoch time: 22.49 s
2026-06-16 02:46:31.721666: 
2026-06-16 02:46:31.722971: Epoch 138
2026-06-16 02:46:31.724193: Current learning rate: 0.00875
2026-06-16 02:46:54.146697: train_loss -0.5376
2026-06-16 02:46:54.150366: val_loss -0.4739
2026-06-16 02:46:54.151757: Pseudo dice [0.5167]
2026-06-16 02:46:54.153106: Epoch time: 22.43 s
2026-06-16 02:46:55.059073: 
2026-06-16 02:46:55.060598: Epoch 139
2026-06-16 02:46:55.061974: Current learning rate: 0.00874
2026-06-16 02:47:17.658055: train_loss -0.5551
2026-06-16 02:47:17.660377: val_loss -0.5232
2026-06-16 02:47:17.661677: Pseudo dice [0.5512]
2026-06-16 02:47:17.662992: Epoch time: 22.6 s
2026-06-16 02:47:18.572804: 
2026-06-16 02:47:18.574175: Epoch 140
2026-06-16 02:47:18.575393: Current learning rate: 0.00873
2026-06-16 02:47:41.074839: train_loss -0.5474
2026-06-16 02:47:41.077089: val_loss -0.4609
2026-06-16 02:47:41.078361: Pseudo dice [0.5163]
2026-06-16 02:47:41.079603: Epoch time: 22.5 s
2026-06-16 02:47:41.986041: 
2026-06-16 02:47:41.987210: Epoch 141
2026-06-16 02:47:41.988246: Current learning rate: 0.00872
2026-06-16 02:48:04.495068: train_loss -0.573
2026-06-16 02:48:04.502066: val_loss -0.5045
2026-06-16 02:48:04.503359: Pseudo dice [0.5463]
2026-06-16 02:48:04.504554: Epoch time: 22.51 s
2026-06-16 02:48:05.404990: 
2026-06-16 02:48:05.406325: Epoch 142
2026-06-16 02:48:05.407614: Current learning rate: 0.00871
2026-06-16 02:48:28.073625: train_loss -0.5556
2026-06-16 02:48:28.076084: val_loss -0.5476
2026-06-16 02:48:28.077421: Pseudo dice [0.5781]
2026-06-16 02:48:28.078600: Epoch time: 22.67 s
2026-06-16 02:48:28.079705: Yayy! New best EMA pseudo Dice: 0.5406
2026-06-16 02:48:29.455447: 
2026-06-16 02:48:29.456697: Epoch 143
2026-06-16 02:48:29.457909: Current learning rate: 0.0087
2026-06-16 02:48:52.261506: train_loss -0.5349
2026-06-16 02:48:52.263599: val_loss -0.4987
2026-06-16 02:48:52.264855: Pseudo dice [0.5295]
2026-06-16 02:48:52.266078: Epoch time: 22.81 s
2026-06-16 02:48:53.172055: 
2026-06-16 02:48:53.173449: Epoch 144
2026-06-16 02:48:53.174731: Current learning rate: 0.00869
2026-06-16 02:49:15.852867: train_loss -0.5487
2026-06-16 02:49:15.855547: val_loss -0.5112
2026-06-16 02:49:15.856912: Pseudo dice [0.5592]
2026-06-16 02:49:15.858156: Epoch time: 22.68 s
2026-06-16 02:49:15.859346: Yayy! New best EMA pseudo Dice: 0.5415
2026-06-16 02:49:17.248769: 
2026-06-16 02:49:17.250088: Epoch 145
2026-06-16 02:49:17.251279: Current learning rate: 0.00868
2026-06-16 02:49:39.877218: train_loss -0.5534
2026-06-16 02:49:39.879467: val_loss -0.5501
2026-06-16 02:49:39.880685: Pseudo dice [0.5855]
2026-06-16 02:49:39.881912: Epoch time: 22.63 s
2026-06-16 02:49:39.882992: Yayy! New best EMA pseudo Dice: 0.5459
2026-06-16 02:49:41.269770: 
2026-06-16 02:49:41.271100: Epoch 146
2026-06-16 02:49:41.272328: Current learning rate: 0.00868
2026-06-16 02:50:03.956296: train_loss -0.5661
2026-06-16 02:50:03.958459: val_loss -0.5189
2026-06-16 02:50:03.959664: Pseudo dice [0.5545]
2026-06-16 02:50:03.960866: Epoch time: 22.69 s
2026-06-16 02:50:03.962060: Yayy! New best EMA pseudo Dice: 0.5467
2026-06-16 02:50:05.335125: 
2026-06-16 02:50:05.336487: Epoch 147
2026-06-16 02:50:05.337811: Current learning rate: 0.00867
2026-06-16 02:50:27.849031: train_loss -0.5279
2026-06-16 02:50:27.851710: val_loss -0.5607
2026-06-16 02:50:27.852816: Pseudo dice [0.5894]
2026-06-16 02:50:27.853916: Epoch time: 22.51 s
2026-06-16 02:50:27.855118: Yayy! New best EMA pseudo Dice: 0.551
2026-06-16 02:50:29.238165: 
2026-06-16 02:50:29.239412: Epoch 148
2026-06-16 02:50:29.240636: Current learning rate: 0.00866
2026-06-16 02:50:51.841342: train_loss -0.5684
2026-06-16 02:50:51.843614: val_loss -0.4954
2026-06-16 02:50:51.844939: Pseudo dice [0.5376]
2026-06-16 02:50:51.846161: Epoch time: 22.6 s
2026-06-16 02:50:52.746852: 
2026-06-16 02:50:52.748140: Epoch 149
2026-06-16 02:50:52.749423: Current learning rate: 0.00865
2026-06-16 02:51:16.009989: train_loss -0.5265
2026-06-16 02:51:16.012262: val_loss -0.5161
2026-06-16 02:51:16.013511: Pseudo dice [0.5394]
2026-06-16 02:51:16.014709: Epoch time: 23.26 s
2026-06-16 02:51:17.408928: 
2026-06-16 02:51:17.410212: Epoch 150
2026-06-16 02:51:17.411437: Current learning rate: 0.00864
2026-06-16 02:51:40.040276: train_loss -0.5589
2026-06-16 02:51:40.042912: val_loss -0.5307
2026-06-16 02:51:40.044068: Pseudo dice [0.5592]
2026-06-16 02:51:40.045338: Epoch time: 22.63 s
2026-06-16 02:51:40.961861: 
2026-06-16 02:51:40.963242: Epoch 151
2026-06-16 02:51:40.964479: Current learning rate: 0.00863
2026-06-16 02:52:03.714582: train_loss -0.542
2026-06-16 02:52:03.716961: val_loss -0.5851
2026-06-16 02:52:03.718286: Pseudo dice [0.608]
2026-06-16 02:52:03.719501: Epoch time: 22.75 s
2026-06-16 02:52:03.720650: Yayy! New best EMA pseudo Dice: 0.5555
2026-06-16 02:52:05.096321: 
2026-06-16 02:52:05.097718: Epoch 152
2026-06-16 02:52:05.098985: Current learning rate: 0.00862
2026-06-16 02:52:27.710503: train_loss -0.5466
2026-06-16 02:52:27.713048: val_loss -0.5156
2026-06-16 02:52:27.714198: Pseudo dice [0.5571]
2026-06-16 02:52:27.715439: Epoch time: 22.62 s
2026-06-16 02:52:27.716631: Yayy! New best EMA pseudo Dice: 0.5557
2026-06-16 02:52:29.089576: 
2026-06-16 02:52:29.090987: Epoch 153
2026-06-16 02:52:29.092157: Current learning rate: 0.00861
2026-06-16 02:52:51.784020: train_loss -0.5671
2026-06-16 02:52:51.787073: val_loss -0.4968
2026-06-16 02:52:51.788481: Pseudo dice [0.5046]
2026-06-16 02:52:51.790034: Epoch time: 22.7 s
2026-06-16 02:52:52.702555: 
2026-06-16 02:52:52.704221: Epoch 154
2026-06-16 02:52:52.705461: Current learning rate: 0.0086
2026-06-16 02:53:15.418120: train_loss -0.5567
2026-06-16 02:53:15.420731: val_loss -0.5142
2026-06-16 02:53:15.421865: Pseudo dice [0.5491]
2026-06-16 02:53:15.423109: Epoch time: 22.72 s
2026-06-16 02:53:16.342493: 
2026-06-16 02:53:16.343965: Epoch 155
2026-06-16 02:53:16.345195: Current learning rate: 0.00859
2026-06-16 02:53:39.050290: train_loss -0.5558
2026-06-16 02:53:39.052680: val_loss -0.5291
2026-06-16 02:53:39.053843: Pseudo dice [0.558]
2026-06-16 02:53:39.055037: Epoch time: 22.71 s
2026-06-16 02:53:39.978620: 
2026-06-16 02:53:39.979865: Epoch 156
2026-06-16 02:53:39.980935: Current learning rate: 0.00858
2026-06-16 02:54:02.680185: train_loss -0.5417
2026-06-16 02:54:02.682865: val_loss -0.4856
2026-06-16 02:54:02.684110: Pseudo dice [0.5157]
2026-06-16 02:54:02.685302: Epoch time: 22.7 s
2026-06-16 02:54:03.616400: 
2026-06-16 02:54:03.617687: Epoch 157
2026-06-16 02:54:03.618921: Current learning rate: 0.00858
2026-06-16 02:54:26.367740: train_loss -0.5607
2026-06-16 02:54:26.370180: val_loss -0.4808
2026-06-16 02:54:26.371433: Pseudo dice [0.5135]
2026-06-16 02:54:26.372605: Epoch time: 22.75 s
2026-06-16 02:54:27.279442: 
2026-06-16 02:54:27.280709: Epoch 158
2026-06-16 02:54:27.281922: Current learning rate: 0.00857
2026-06-16 02:54:50.051484: train_loss -0.5593
2026-06-16 02:54:50.053645: val_loss -0.5708
2026-06-16 02:54:50.054883: Pseudo dice [0.5821]
2026-06-16 02:54:50.056158: Epoch time: 22.77 s
2026-06-16 02:54:50.971251: 
2026-06-16 02:54:50.972507: Epoch 159
2026-06-16 02:54:50.973743: Current learning rate: 0.00856
2026-06-16 02:55:13.692023: train_loss -0.5612
2026-06-16 02:55:13.696265: val_loss -0.5399
2026-06-16 02:55:13.697485: Pseudo dice [0.5705]
2026-06-16 02:55:13.698676: Epoch time: 22.72 s
2026-06-16 02:55:14.623045: 
2026-06-16 02:55:14.624290: Epoch 160
2026-06-16 02:55:14.625542: Current learning rate: 0.00855
2026-06-16 02:55:37.344094: train_loss -0.5831
2026-06-16 02:55:37.347499: val_loss -0.5096
2026-06-16 02:55:37.348799: Pseudo dice [0.5238]
2026-06-16 02:55:37.350151: Epoch time: 22.72 s
2026-06-16 02:55:38.274181: 
2026-06-16 02:55:38.275379: Epoch 161
2026-06-16 02:55:38.276579: Current learning rate: 0.00854
2026-06-16 02:56:00.861039: train_loss -0.539
2026-06-16 02:56:00.863140: val_loss -0.5415
2026-06-16 02:56:00.864590: Pseudo dice [0.5439]
2026-06-16 02:56:00.865803: Epoch time: 22.59 s
2026-06-16 02:56:01.779505: 
2026-06-16 02:56:01.780937: Epoch 162
2026-06-16 02:56:01.782253: Current learning rate: 0.00853
2026-06-16 02:56:24.439190: train_loss -0.5675
2026-06-16 02:56:24.441844: val_loss -0.5344
2026-06-16 02:56:24.443064: Pseudo dice [0.5717]
2026-06-16 02:56:24.444317: Epoch time: 22.66 s
2026-06-16 02:56:25.359171: 
2026-06-16 02:56:25.360552: Epoch 163
2026-06-16 02:56:25.361800: Current learning rate: 0.00852
2026-06-16 02:56:47.943484: train_loss -0.5711
2026-06-16 02:56:47.947788: val_loss -0.5672
2026-06-16 02:56:47.949347: Pseudo dice [0.5791]
2026-06-16 02:56:47.950630: Epoch time: 22.59 s
2026-06-16 02:56:48.862689: 
2026-06-16 02:56:48.864293: Epoch 164
2026-06-16 02:56:48.865646: Current learning rate: 0.00851
2026-06-16 02:57:11.529048: train_loss -0.5522
2026-06-16 02:57:11.531887: val_loss -0.5016
2026-06-16 02:57:11.533285: Pseudo dice [0.5428]
2026-06-16 02:57:11.534671: Epoch time: 22.67 s
2026-06-16 02:57:12.440290: 
2026-06-16 02:57:12.441554: Epoch 165
2026-06-16 02:57:12.442673: Current learning rate: 0.0085
2026-06-16 02:57:35.040333: train_loss -0.554
2026-06-16 02:57:35.043012: val_loss -0.5014
2026-06-16 02:57:35.044384: Pseudo dice [0.5418]
2026-06-16 02:57:35.045688: Epoch time: 22.6 s
2026-06-16 02:57:36.522335: 
2026-06-16 02:57:36.523627: Epoch 166
2026-06-16 02:57:36.524879: Current learning rate: 0.00849
2026-06-16 02:57:59.087260: train_loss -0.5772
2026-06-16 02:57:59.089518: val_loss -0.5376
2026-06-16 02:57:59.090777: Pseudo dice [0.5802]
2026-06-16 02:57:59.091990: Epoch time: 22.57 s
2026-06-16 02:58:00.004711: 
2026-06-16 02:58:00.006212: Epoch 167
2026-06-16 02:58:00.007524: Current learning rate: 0.00848
2026-06-16 02:58:22.650115: train_loss -0.5706
2026-06-16 02:58:22.652501: val_loss -0.5278
2026-06-16 02:58:22.653774: Pseudo dice [0.5495]
2026-06-16 02:58:22.655111: Epoch time: 22.65 s
2026-06-16 02:58:23.579143: 
2026-06-16 02:58:23.580555: Epoch 168
2026-06-16 02:58:23.581790: Current learning rate: 0.00847
2026-06-16 02:58:46.018266: train_loss -0.5669
2026-06-16 02:58:46.020891: val_loss -0.4476
2026-06-16 02:58:46.022197: Pseudo dice [0.4868]
2026-06-16 02:58:46.023459: Epoch time: 22.44 s
2026-06-16 02:58:46.938824: 
2026-06-16 02:58:46.940247: Epoch 169
2026-06-16 02:58:46.941557: Current learning rate: 0.00847
2026-06-16 02:59:09.396646: train_loss -0.5566
2026-06-16 02:59:09.399195: val_loss -0.5055
2026-06-16 02:59:09.400429: Pseudo dice [0.5522]
2026-06-16 02:59:09.401684: Epoch time: 22.46 s
2026-06-16 02:59:10.320008: 
2026-06-16 02:59:10.321417: Epoch 170
2026-06-16 02:59:10.322747: Current learning rate: 0.00846
2026-06-16 02:59:32.899207: train_loss -0.5253
2026-06-16 02:59:32.901556: val_loss -0.5268
2026-06-16 02:59:32.902850: Pseudo dice [0.5479]
2026-06-16 02:59:32.904227: Epoch time: 22.58 s
2026-06-16 02:59:33.821915: 
2026-06-16 02:59:33.823336: Epoch 171
2026-06-16 02:59:33.824641: Current learning rate: 0.00845
2026-06-16 02:59:56.430634: train_loss -0.5594
2026-06-16 02:59:56.433291: val_loss -0.4353
2026-06-16 02:59:56.436336: Pseudo dice [0.48]
2026-06-16 02:59:56.437644: Epoch time: 22.61 s
2026-06-16 02:59:57.348878: 
2026-06-16 02:59:57.350239: Epoch 172
2026-06-16 02:59:57.351459: Current learning rate: 0.00844
2026-06-16 03:00:20.079601: train_loss -0.5507
2026-06-16 03:00:20.081947: val_loss -0.5562
2026-06-16 03:00:20.083134: Pseudo dice [0.5847]
2026-06-16 03:00:20.084455: Epoch time: 22.73 s
2026-06-16 03:00:21.007286: 
2026-06-16 03:00:21.008625: Epoch 173
2026-06-16 03:00:21.009870: Current learning rate: 0.00843
2026-06-16 03:00:43.543417: train_loss -0.5611
2026-06-16 03:00:43.545703: val_loss -0.5368
2026-06-16 03:00:43.547020: Pseudo dice [0.5793]
2026-06-16 03:00:43.548272: Epoch time: 22.54 s
2026-06-16 03:00:44.474548: 
2026-06-16 03:00:44.475838: Epoch 174
2026-06-16 03:00:44.477029: Current learning rate: 0.00842
2026-06-16 03:01:06.982270: train_loss -0.548
2026-06-16 03:01:06.985152: val_loss -0.4065
2026-06-16 03:01:06.986417: Pseudo dice [0.4616]
2026-06-16 03:01:06.987680: Epoch time: 22.51 s
2026-06-16 03:01:07.909246: 
2026-06-16 03:01:07.910740: Epoch 175
2026-06-16 03:01:07.912049: Current learning rate: 0.00841
2026-06-16 03:01:30.458176: train_loss -0.551
2026-06-16 03:01:30.462305: val_loss -0.5612
2026-06-16 03:01:30.463528: Pseudo dice [0.5819]
2026-06-16 03:01:30.464783: Epoch time: 22.55 s
2026-06-16 03:01:31.373408: 
2026-06-16 03:01:31.374787: Epoch 176
2026-06-16 03:01:31.376152: Current learning rate: 0.0084
2026-06-16 03:01:54.035685: train_loss -0.5762
2026-06-16 03:01:54.037913: val_loss -0.5267
2026-06-16 03:01:54.039268: Pseudo dice [0.5406]
2026-06-16 03:01:54.040621: Epoch time: 22.66 s
2026-06-16 03:01:54.944927: 
2026-06-16 03:01:54.946435: Epoch 177
2026-06-16 03:01:54.947636: Current learning rate: 0.00839
2026-06-16 03:02:17.472016: train_loss -0.5806
2026-06-16 03:02:17.474690: val_loss -0.5377
2026-06-16 03:02:17.476039: Pseudo dice [0.5572]
2026-06-16 03:02:17.477172: Epoch time: 22.53 s
2026-06-16 03:02:18.385029: 
2026-06-16 03:02:18.386615: Epoch 178
2026-06-16 03:02:18.387833: Current learning rate: 0.00838
2026-06-16 03:02:40.861917: train_loss -0.5649
2026-06-16 03:02:40.864151: val_loss -0.5528
2026-06-16 03:02:40.865382: Pseudo dice [0.5685]
2026-06-16 03:02:40.866620: Epoch time: 22.48 s
2026-06-16 03:02:41.785510: 
2026-06-16 03:02:41.786811: Epoch 179
2026-06-16 03:02:41.788070: Current learning rate: 0.00837
2026-06-16 03:03:04.360642: train_loss -0.5718
2026-06-16 03:03:04.363050: val_loss -0.5654
2026-06-16 03:03:04.364331: Pseudo dice [0.5756]
2026-06-16 03:03:04.365614: Epoch time: 22.58 s
2026-06-16 03:03:05.290371: 
2026-06-16 03:03:05.291820: Epoch 180
2026-06-16 03:03:05.293139: Current learning rate: 0.00836
2026-06-16 03:03:27.854269: train_loss -0.5893
2026-06-16 03:03:27.857037: val_loss -0.4802
2026-06-16 03:03:27.858963: Pseudo dice [0.5387]
2026-06-16 03:03:27.860205: Epoch time: 22.56 s
2026-06-16 03:03:28.768477: 
2026-06-16 03:03:28.769871: Epoch 181
2026-06-16 03:03:28.771073: Current learning rate: 0.00836
2026-06-16 03:03:51.174508: train_loss -0.601
2026-06-16 03:03:51.176845: val_loss -0.4943
2026-06-16 03:03:51.178104: Pseudo dice [0.5338]
2026-06-16 03:03:51.179350: Epoch time: 22.41 s
2026-06-16 03:03:52.638780: 
2026-06-16 03:03:52.640183: Epoch 182
2026-06-16 03:03:52.641431: Current learning rate: 0.00835
2026-06-16 03:04:15.223403: train_loss -0.5573
2026-06-16 03:04:15.225768: val_loss -0.5173
2026-06-16 03:04:15.227075: Pseudo dice [0.5383]
2026-06-16 03:04:15.228477: Epoch time: 22.59 s
2026-06-16 03:04:16.144986: 
2026-06-16 03:04:16.146469: Epoch 183
2026-06-16 03:04:16.147856: Current learning rate: 0.00834
2026-06-16 03:04:38.786868: train_loss -0.5773
2026-06-16 03:04:38.789687: val_loss -0.5181
2026-06-16 03:04:38.791071: Pseudo dice [0.5678]
2026-06-16 03:04:38.792302: Epoch time: 22.64 s
2026-06-16 03:04:39.707493: 
2026-06-16 03:04:39.708973: Epoch 184
2026-06-16 03:04:39.710256: Current learning rate: 0.00833
2026-06-16 03:05:02.458113: train_loss -0.5765
2026-06-16 03:05:02.460205: val_loss -0.5523
2026-06-16 03:05:02.461517: Pseudo dice [0.5781]
2026-06-16 03:05:02.462633: Epoch time: 22.75 s
2026-06-16 03:05:03.390109: 
2026-06-16 03:05:03.391505: Epoch 185
2026-06-16 03:05:03.392789: Current learning rate: 0.00832
2026-06-16 03:05:26.190371: train_loss -0.5872
2026-06-16 03:05:26.192602: val_loss -0.5149
2026-06-16 03:05:26.193950: Pseudo dice [0.5477]
2026-06-16 03:05:26.195171: Epoch time: 22.8 s
2026-06-16 03:05:27.102298: 
2026-06-16 03:05:27.103595: Epoch 186
2026-06-16 03:05:27.104813: Current learning rate: 0.00831
2026-06-16 03:05:49.881802: train_loss -0.5818
2026-06-16 03:05:49.884348: val_loss -0.4951
2026-06-16 03:05:49.885581: Pseudo dice [0.5209]
2026-06-16 03:05:49.886803: Epoch time: 22.78 s
2026-06-16 03:05:50.796791: 
2026-06-16 03:05:50.798132: Epoch 187
2026-06-16 03:05:50.799290: Current learning rate: 0.0083
2026-06-16 03:06:13.586840: train_loss -0.5419
2026-06-16 03:06:13.589065: val_loss -0.5052
2026-06-16 03:06:13.590231: Pseudo dice [0.5479]
2026-06-16 03:06:13.591465: Epoch time: 22.79 s
2026-06-16 03:06:14.518867: 
2026-06-16 03:06:14.520375: Epoch 188
2026-06-16 03:06:14.521690: Current learning rate: 0.00829
2026-06-16 03:06:37.326197: train_loss -0.5989
2026-06-16 03:06:37.328378: val_loss -0.5358
2026-06-16 03:06:37.329675: Pseudo dice [0.5457]
2026-06-16 03:06:37.330875: Epoch time: 22.81 s
2026-06-16 03:06:38.249360: 
2026-06-16 03:06:38.250686: Epoch 189
2026-06-16 03:06:38.251997: Current learning rate: 0.00828
2026-06-16 03:07:00.997983: train_loss -0.5947
2026-06-16 03:07:01.027895: val_loss -0.5281
2026-06-16 03:07:01.029396: Pseudo dice [0.555]
2026-06-16 03:07:01.031202: Epoch time: 22.75 s
2026-06-16 03:07:01.934766: 
2026-06-16 03:07:01.936181: Epoch 190
2026-06-16 03:07:01.937522: Current learning rate: 0.00827
2026-06-16 03:07:24.703024: train_loss -0.5946
2026-06-16 03:07:24.705485: val_loss -0.5297
2026-06-16 03:07:24.707410: Pseudo dice [0.5452]
2026-06-16 03:07:24.709389: Epoch time: 22.77 s
2026-06-16 03:07:25.619477: 
2026-06-16 03:07:25.620899: Epoch 191
2026-06-16 03:07:25.622181: Current learning rate: 0.00826
2026-06-16 03:07:48.379470: train_loss -0.5533
2026-06-16 03:07:48.381799: val_loss -0.5162
2026-06-16 03:07:48.383118: Pseudo dice [0.5516]
2026-06-16 03:07:48.384342: Epoch time: 22.76 s
2026-06-16 03:07:49.298130: 
2026-06-16 03:07:49.299752: Epoch 192
2026-06-16 03:07:49.301030: Current learning rate: 0.00825
2026-06-16 03:08:12.052804: train_loss -0.6004
2026-06-16 03:08:12.055462: val_loss -0.5064
2026-06-16 03:08:12.056643: Pseudo dice [0.5525]
2026-06-16 03:08:12.057871: Epoch time: 22.76 s
2026-06-16 03:08:12.968010: 
2026-06-16 03:08:12.969351: Epoch 193
2026-06-16 03:08:12.970598: Current learning rate: 0.00824
2026-06-16 03:08:35.791221: train_loss -0.5746
2026-06-16 03:08:35.793669: val_loss -0.5575
2026-06-16 03:08:35.794993: Pseudo dice [0.5788]
2026-06-16 03:08:35.796187: Epoch time: 22.82 s
2026-06-16 03:08:36.733407: 
2026-06-16 03:08:36.734803: Epoch 194
2026-06-16 03:08:36.735997: Current learning rate: 0.00824
2026-06-16 03:08:59.416008: train_loss -0.5786
2026-06-16 03:08:59.418263: val_loss -0.5253
2026-06-16 03:08:59.419637: Pseudo dice [0.5513]
2026-06-16 03:08:59.420948: Epoch time: 22.68 s
2026-06-16 03:09:00.339161: 
2026-06-16 03:09:00.340963: Epoch 195
2026-06-16 03:09:00.342237: Current learning rate: 0.00823
2026-06-16 03:09:23.017810: train_loss -0.5693
2026-06-16 03:09:23.020460: val_loss -0.5211
2026-06-16 03:09:23.021828: Pseudo dice [0.5561]
2026-06-16 03:09:23.023047: Epoch time: 22.68 s
2026-06-16 03:09:23.957400: 
2026-06-16 03:09:23.958661: Epoch 196
2026-06-16 03:09:23.959893: Current learning rate: 0.00822
2026-06-16 03:09:46.650963: train_loss -0.5862
2026-06-16 03:09:46.654388: val_loss -0.4887
2026-06-16 03:09:46.655701: Pseudo dice [0.5561]
2026-06-16 03:09:46.658991: Epoch time: 22.69 s
2026-06-16 03:09:47.574199: 
2026-06-16 03:09:47.575486: Epoch 197
2026-06-16 03:09:47.576659: Current learning rate: 0.00821
2026-06-16 03:10:10.311373: train_loss -0.5658
2026-06-16 03:10:10.313526: val_loss -0.5285
2026-06-16 03:10:10.314760: Pseudo dice [0.5485]
2026-06-16 03:10:10.315981: Epoch time: 22.74 s
2026-06-16 03:10:11.237052: 
2026-06-16 03:10:11.238625: Epoch 198
2026-06-16 03:10:11.239859: Current learning rate: 0.0082
2026-06-16 03:10:33.949675: train_loss -0.5992
2026-06-16 03:10:33.952398: val_loss -0.5481
2026-06-16 03:10:33.953711: Pseudo dice [0.5931]
2026-06-16 03:10:33.954955: Epoch time: 22.71 s
2026-06-16 03:10:33.956215: Yayy! New best EMA pseudo Dice: 0.5564
2026-06-16 03:10:35.947693: 
2026-06-16 03:10:35.949142: Epoch 199
2026-06-16 03:10:35.950318: Current learning rate: 0.00819
2026-06-16 03:10:58.745999: train_loss -0.5936
2026-06-16 03:10:58.748537: val_loss -0.5762
2026-06-16 03:10:58.749850: Pseudo dice [0.5974]
2026-06-16 03:10:58.751166: Epoch time: 22.8 s
2026-06-16 03:10:59.229569: Yayy! New best EMA pseudo Dice: 0.5605
2026-06-16 03:11:00.614785: 
2026-06-16 03:11:00.616191: Epoch 200
2026-06-16 03:11:00.617392: Current learning rate: 0.00818
2026-06-16 03:11:23.288587: train_loss -0.5764
2026-06-16 03:11:23.291053: val_loss -0.5429
2026-06-16 03:11:23.292331: Pseudo dice [0.5652]
2026-06-16 03:11:23.293585: Epoch time: 22.67 s
2026-06-16 03:11:23.294819: Yayy! New best EMA pseudo Dice: 0.5609
2026-06-16 03:11:24.682399: 
2026-06-16 03:11:24.683837: Epoch 201
2026-06-16 03:11:24.685121: Current learning rate: 0.00817
2026-06-16 03:11:47.328820: train_loss -0.5506
2026-06-16 03:11:47.332666: val_loss -0.512
2026-06-16 03:11:47.334915: Pseudo dice [0.5424]
2026-06-16 03:11:47.336318: Epoch time: 22.65 s
2026-06-16 03:11:48.256530: 
2026-06-16 03:11:48.257911: Epoch 202
2026-06-16 03:11:48.259158: Current learning rate: 0.00816
2026-06-16 03:12:10.778812: train_loss -0.5749
2026-06-16 03:12:10.780968: val_loss -0.5355
2026-06-16 03:12:10.782200: Pseudo dice [0.5934]
2026-06-16 03:12:10.783465: Epoch time: 22.52 s
2026-06-16 03:12:10.784815: Yayy! New best EMA pseudo Dice: 0.5625
2026-06-16 03:12:12.180300: 
2026-06-16 03:12:12.181615: Epoch 203
2026-06-16 03:12:12.182907: Current learning rate: 0.00815
2026-06-16 03:12:34.815528: train_loss -0.5824
2026-06-16 03:12:34.817978: val_loss -0.4811
2026-06-16 03:12:34.819301: Pseudo dice [0.5149]
2026-06-16 03:12:34.820500: Epoch time: 22.64 s
2026-06-16 03:12:35.744690: 
2026-06-16 03:12:35.746212: Epoch 204
2026-06-16 03:12:35.747416: Current learning rate: 0.00814
2026-06-16 03:12:58.423649: train_loss -0.592
2026-06-16 03:12:58.426192: val_loss -0.5637
2026-06-16 03:12:58.427408: Pseudo dice [0.5884]
2026-06-16 03:12:58.428597: Epoch time: 22.68 s
2026-06-16 03:12:59.341767: 
2026-06-16 03:12:59.343151: Epoch 205
2026-06-16 03:12:59.344509: Current learning rate: 0.00813
2026-06-16 03:13:21.921315: train_loss -0.598
2026-06-16 03:13:21.923614: val_loss -0.5127
2026-06-16 03:13:21.924945: Pseudo dice [0.551]
2026-06-16 03:13:21.926335: Epoch time: 22.58 s
2026-06-16 03:13:22.815304: 
2026-06-16 03:13:22.816677: Epoch 206
2026-06-16 03:13:22.817939: Current learning rate: 0.00813
2026-06-16 03:13:45.462558: train_loss -0.5611
2026-06-16 03:13:45.464839: val_loss -0.5297
2026-06-16 03:13:45.466282: Pseudo dice [0.532]
2026-06-16 03:13:45.467514: Epoch time: 22.65 s
2026-06-16 03:13:46.359562: 
2026-06-16 03:13:46.361015: Epoch 207
2026-06-16 03:13:46.362355: Current learning rate: 0.00812
2026-06-16 03:14:08.928500: train_loss -0.5771
2026-06-16 03:14:08.931196: val_loss -0.4605
2026-06-16 03:14:08.932507: Pseudo dice [0.5048]
2026-06-16 03:14:08.933764: Epoch time: 22.57 s
2026-06-16 03:14:09.826705: 
2026-06-16 03:14:09.829990: Epoch 208
2026-06-16 03:14:09.831171: Current learning rate: 0.00811
2026-06-16 03:14:32.384259: train_loss -0.5467
2026-06-16 03:14:32.390759: val_loss -0.4689
2026-06-16 03:14:32.392067: Pseudo dice [0.5228]
2026-06-16 03:14:32.393347: Epoch time: 22.56 s
2026-06-16 03:14:33.275260: 
2026-06-16 03:14:33.277542: Epoch 209
2026-06-16 03:14:33.279006: Current learning rate: 0.0081
2026-06-16 03:14:55.874888: train_loss -0.5754
2026-06-16 03:14:55.877182: val_loss -0.5232
2026-06-16 03:14:55.878522: Pseudo dice [0.5684]
2026-06-16 03:14:55.879683: Epoch time: 22.6 s
2026-06-16 03:14:56.770668: 
2026-06-16 03:14:56.772670: Epoch 210
2026-06-16 03:14:56.773824: Current learning rate: 0.00809
2026-06-16 03:15:19.324018: train_loss -0.6015
2026-06-16 03:15:19.327764: val_loss -0.5122
2026-06-16 03:15:19.328996: Pseudo dice [0.5433]
2026-06-16 03:15:19.330246: Epoch time: 22.55 s
2026-06-16 03:15:20.218945: 
2026-06-16 03:15:20.220355: Epoch 211
2026-06-16 03:15:20.221652: Current learning rate: 0.00808
2026-06-16 03:15:42.786829: train_loss -0.598
2026-06-16 03:15:42.789146: val_loss -0.541
2026-06-16 03:15:42.790512: Pseudo dice [0.5769]
2026-06-16 03:15:42.791736: Epoch time: 22.57 s
2026-06-16 03:15:43.683812: 
2026-06-16 03:15:43.685216: Epoch 212
2026-06-16 03:15:43.686443: Current learning rate: 0.00807
2026-06-16 03:16:06.179006: train_loss -0.5856
2026-06-16 03:16:06.181234: val_loss -0.5643
2026-06-16 03:16:06.182570: Pseudo dice [0.5555]
2026-06-16 03:16:06.183747: Epoch time: 22.5 s
2026-06-16 03:16:07.077312: 
2026-06-16 03:16:07.078696: Epoch 213
2026-06-16 03:16:07.081939: Current learning rate: 0.00806
2026-06-16 03:16:29.646384: train_loss -0.5953
2026-06-16 03:16:29.649306: val_loss -0.5124
2026-06-16 03:16:29.650646: Pseudo dice [0.5275]
2026-06-16 03:16:29.651832: Epoch time: 22.57 s
2026-06-16 03:16:30.537921: 
2026-06-16 03:16:30.539273: Epoch 214
2026-06-16 03:16:30.540624: Current learning rate: 0.00805
2026-06-16 03:16:53.223565: train_loss -0.5759
2026-06-16 03:16:53.226253: val_loss -0.5146
2026-06-16 03:16:53.227648: Pseudo dice [0.5623]
2026-06-16 03:16:53.228845: Epoch time: 22.69 s
2026-06-16 03:16:54.117963: 
2026-06-16 03:16:54.119219: Epoch 215
2026-06-16 03:16:54.120380: Current learning rate: 0.00804
2026-06-16 03:17:16.623863: train_loss -0.6011
2026-06-16 03:17:16.626072: val_loss -0.562
2026-06-16 03:17:16.627366: Pseudo dice [0.6037]
2026-06-16 03:17:16.628518: Epoch time: 22.51 s
2026-06-16 03:17:18.083141: 
2026-06-16 03:17:18.084535: Epoch 216
2026-06-16 03:17:18.085712: Current learning rate: 0.00803
2026-06-16 03:17:40.662579: train_loss -0.6038
2026-06-16 03:17:40.665687: val_loss -0.5124
2026-06-16 03:17:40.666999: Pseudo dice [0.5364]
2026-06-16 03:17:40.668188: Epoch time: 22.58 s
2026-06-16 03:17:41.552477: 
2026-06-16 03:17:41.553794: Epoch 217
2026-06-16 03:17:41.555054: Current learning rate: 0.00802
2026-06-16 03:18:04.285019: train_loss -0.6038
2026-06-16 03:18:04.287450: val_loss -0.5378
2026-06-16 03:18:04.288726: Pseudo dice [0.5812]
2026-06-16 03:18:04.289900: Epoch time: 22.73 s
2026-06-16 03:18:05.197451: 
2026-06-16 03:18:05.199004: Epoch 218
2026-06-16 03:18:05.200221: Current learning rate: 0.00801
2026-06-16 03:18:27.801348: train_loss -0.5882
2026-06-16 03:18:27.803664: val_loss -0.4956
2026-06-16 03:18:27.805039: Pseudo dice [0.5404]
2026-06-16 03:18:27.806481: Epoch time: 22.6 s
2026-06-16 03:18:28.694372: 
2026-06-16 03:18:28.695798: Epoch 219
2026-06-16 03:18:28.697033: Current learning rate: 0.00801
2026-06-16 03:18:51.204545: train_loss -0.5906
2026-06-16 03:18:51.207217: val_loss -0.5485
2026-06-16 03:18:51.208606: Pseudo dice [0.5806]
2026-06-16 03:18:51.209822: Epoch time: 22.51 s
2026-06-16 03:18:52.110993: 
2026-06-16 03:18:52.112473: Epoch 220
2026-06-16 03:18:52.113651: Current learning rate: 0.008
2026-06-16 03:19:14.809685: train_loss -0.583
2026-06-16 03:19:14.812861: val_loss -0.5311
2026-06-16 03:19:14.814248: Pseudo dice [0.536]
2026-06-16 03:19:14.815582: Epoch time: 22.7 s
2026-06-16 03:19:15.707246: 
2026-06-16 03:19:15.708706: Epoch 221
2026-06-16 03:19:15.710117: Current learning rate: 0.00799
2026-06-16 03:19:38.345509: train_loss -0.5819
2026-06-16 03:19:38.347783: val_loss -0.5525
2026-06-16 03:19:38.349117: Pseudo dice [0.5863]
2026-06-16 03:19:38.350507: Epoch time: 22.64 s
2026-06-16 03:19:39.242309: 
2026-06-16 03:19:39.244192: Epoch 222
2026-06-16 03:19:39.245512: Current learning rate: 0.00798
2026-06-16 03:20:01.834743: train_loss -0.608
2026-06-16 03:20:01.837490: val_loss -0.4959
2026-06-16 03:20:01.838858: Pseudo dice [0.5181]
2026-06-16 03:20:01.840139: Epoch time: 22.59 s
2026-06-16 03:20:02.743380: 
2026-06-16 03:20:02.744855: Epoch 223
2026-06-16 03:20:02.746061: Current learning rate: 0.00797
2026-06-16 03:20:25.364099: train_loss -0.6161
2026-06-16 03:20:25.369121: val_loss -0.5351
2026-06-16 03:20:25.370389: Pseudo dice [0.5636]
2026-06-16 03:20:25.371575: Epoch time: 22.62 s
2026-06-16 03:20:26.266950: 
2026-06-16 03:20:26.268481: Epoch 224
2026-06-16 03:20:26.269800: Current learning rate: 0.00796
2026-06-16 03:20:48.924218: train_loss -0.5833
2026-06-16 03:20:48.926453: val_loss -0.5765
2026-06-16 03:20:48.927694: Pseudo dice [0.6002]
2026-06-16 03:20:48.928998: Epoch time: 22.66 s
2026-06-16 03:20:49.817886: 
2026-06-16 03:20:49.819208: Epoch 225
2026-06-16 03:20:49.820442: Current learning rate: 0.00795
2026-06-16 03:21:12.537465: train_loss -0.5922
2026-06-16 03:21:12.540070: val_loss -0.5439
2026-06-16 03:21:12.541450: Pseudo dice [0.5757]
2026-06-16 03:21:12.542816: Epoch time: 22.72 s
2026-06-16 03:21:13.422218: 
2026-06-16 03:21:13.423756: Epoch 226
2026-06-16 03:21:13.424938: Current learning rate: 0.00794
2026-06-16 03:21:36.074595: train_loss -0.6289
2026-06-16 03:21:36.077134: val_loss -0.4791
2026-06-16 03:21:36.078488: Pseudo dice [0.4992]
2026-06-16 03:21:36.079802: Epoch time: 22.65 s
2026-06-16 03:21:36.960246: 
2026-06-16 03:21:36.961841: Epoch 227
2026-06-16 03:21:36.963118: Current learning rate: 0.00793
2026-06-16 03:21:59.613078: train_loss -0.6046
2026-06-16 03:21:59.615205: val_loss -0.5264
2026-06-16 03:21:59.616561: Pseudo dice [0.5512]
2026-06-16 03:21:59.617694: Epoch time: 22.65 s
2026-06-16 03:22:00.508383: 
2026-06-16 03:22:00.509797: Epoch 228
2026-06-16 03:22:00.510984: Current learning rate: 0.00792
2026-06-16 03:22:23.199415: train_loss -0.6003
2026-06-16 03:22:23.202106: val_loss -0.515
2026-06-16 03:22:23.203402: Pseudo dice [0.5598]
2026-06-16 03:22:23.204638: Epoch time: 22.69 s
2026-06-16 03:22:24.083040: 
2026-06-16 03:22:24.084484: Epoch 229
2026-06-16 03:22:24.085814: Current learning rate: 0.00791
2026-06-16 03:22:46.865200: train_loss -0.5945
2026-06-16 03:22:46.867765: val_loss -0.4733
2026-06-16 03:22:46.869205: Pseudo dice [0.5203]
2026-06-16 03:22:46.870555: Epoch time: 22.78 s
2026-06-16 03:22:47.757274: 
2026-06-16 03:22:47.758712: Epoch 230
2026-06-16 03:22:47.760096: Current learning rate: 0.0079
2026-06-16 03:23:10.432863: train_loss -0.5635
2026-06-16 03:23:10.438391: val_loss -0.5438
2026-06-16 03:23:10.439717: Pseudo dice [0.568]
2026-06-16 03:23:10.441050: Epoch time: 22.68 s
2026-06-16 03:23:11.324745: 
2026-06-16 03:23:11.326171: Epoch 231
2026-06-16 03:23:11.327824: Current learning rate: 0.00789
2026-06-16 03:23:34.058647: train_loss -0.5776
2026-06-16 03:23:34.061648: val_loss -0.4767
2026-06-16 03:23:34.063081: Pseudo dice [0.4977]
2026-06-16 03:23:34.064564: Epoch time: 22.73 s
2026-06-16 03:23:34.951335: 
2026-06-16 03:23:34.952908: Epoch 232
2026-06-16 03:23:34.954242: Current learning rate: 0.00789
2026-06-16 03:23:57.677321: train_loss -0.5812
2026-06-16 03:23:57.680183: val_loss -0.5171
2026-06-16 03:23:57.681611: Pseudo dice [0.5454]
2026-06-16 03:23:57.682964: Epoch time: 22.73 s
2026-06-16 03:23:59.145079: 
2026-06-16 03:23:59.146635: Epoch 233
2026-06-16 03:23:59.147973: Current learning rate: 0.00788
2026-06-16 03:24:21.832049: train_loss -0.6259
2026-06-16 03:24:21.834612: val_loss -0.5626
2026-06-16 03:24:21.837035: Pseudo dice [0.5869]
2026-06-16 03:24:21.838565: Epoch time: 22.69 s
2026-06-16 03:24:22.722257: 
2026-06-16 03:24:22.723887: Epoch 234
2026-06-16 03:24:22.725254: Current learning rate: 0.00787
2026-06-16 03:24:45.486754: train_loss -0.6084
2026-06-16 03:24:45.489689: val_loss -0.4303
2026-06-16 03:24:45.491005: Pseudo dice [0.4721]
2026-06-16 03:24:45.492244: Epoch time: 22.77 s
2026-06-16 03:24:46.378988: 
2026-06-16 03:24:46.380433: Epoch 235
2026-06-16 03:24:46.381673: Current learning rate: 0.00786
2026-06-16 03:25:09.127424: train_loss -0.5807
2026-06-16 03:25:09.130353: val_loss -0.4935
2026-06-16 03:25:09.131782: Pseudo dice [0.5269]
2026-06-16 03:25:09.133173: Epoch time: 22.75 s
2026-06-16 03:25:10.016720: 
2026-06-16 03:25:10.018138: Epoch 236
2026-06-16 03:25:10.019425: Current learning rate: 0.00785
2026-06-16 03:25:32.834697: train_loss -0.5639
2026-06-16 03:25:32.837089: val_loss -0.5161
2026-06-16 03:25:32.838433: Pseudo dice [0.5586]
2026-06-16 03:25:32.839904: Epoch time: 22.82 s
2026-06-16 03:25:33.751346: 
2026-06-16 03:25:33.752831: Epoch 237
2026-06-16 03:25:33.754213: Current learning rate: 0.00784
2026-06-16 03:25:56.371545: train_loss -0.5698
2026-06-16 03:25:56.374631: val_loss -0.4953
2026-06-16 03:25:56.375955: Pseudo dice [0.5463]
2026-06-16 03:25:56.377182: Epoch time: 22.62 s
2026-06-16 03:25:57.255100: 
2026-06-16 03:25:57.257088: Epoch 238
2026-06-16 03:25:57.258420: Current learning rate: 0.00783
2026-06-16 03:26:20.001835: train_loss -0.5805
2026-06-16 03:26:20.004543: val_loss -0.5505
2026-06-16 03:26:20.005821: Pseudo dice [0.5848]
2026-06-16 03:26:20.007006: Epoch time: 22.75 s
2026-06-16 03:26:20.901138: 
2026-06-16 03:26:20.902558: Epoch 239
2026-06-16 03:26:20.903807: Current learning rate: 0.00782
2026-06-16 03:26:43.654357: train_loss -0.5892
2026-06-16 03:26:43.656512: val_loss -0.5409
2026-06-16 03:26:43.657853: Pseudo dice [0.5827]
2026-06-16 03:26:43.659212: Epoch time: 22.75 s
2026-06-16 03:26:44.548109: 
2026-06-16 03:26:44.549543: Epoch 240
2026-06-16 03:26:44.550860: Current learning rate: 0.00781
2026-06-16 03:27:07.242451: train_loss -0.5842
2026-06-16 03:27:07.245507: val_loss -0.5115
2026-06-16 03:27:07.246708: Pseudo dice [0.5653]
2026-06-16 03:27:07.247954: Epoch time: 22.7 s
2026-06-16 03:27:08.134732: 
2026-06-16 03:27:08.136120: Epoch 241
2026-06-16 03:27:08.137329: Current learning rate: 0.0078
2026-06-16 03:27:30.767336: train_loss -0.5952
2026-06-16 03:27:30.769658: val_loss -0.5273
2026-06-16 03:27:30.770948: Pseudo dice [0.5301]
2026-06-16 03:27:30.772102: Epoch time: 22.63 s
2026-06-16 03:27:31.662155: 
2026-06-16 03:27:31.663656: Epoch 242
2026-06-16 03:27:31.664886: Current learning rate: 0.00779
2026-06-16 03:27:54.330708: train_loss -0.5891
2026-06-16 03:27:54.333087: val_loss -0.5575
2026-06-16 03:27:54.334501: Pseudo dice [0.5941]
2026-06-16 03:27:54.335884: Epoch time: 22.67 s
2026-06-16 03:27:55.226334: 
2026-06-16 03:27:55.227784: Epoch 243
2026-06-16 03:27:55.229079: Current learning rate: 0.00778
2026-06-16 03:28:17.826931: train_loss -0.6048
2026-06-16 03:28:17.829618: val_loss -0.5254
2026-06-16 03:28:17.830909: Pseudo dice [0.5542]
2026-06-16 03:28:17.832190: Epoch time: 22.6 s
2026-06-16 03:28:18.715396: 
2026-06-16 03:28:18.716817: Epoch 244
2026-06-16 03:28:18.717967: Current learning rate: 0.00777
2026-06-16 03:28:41.313278: train_loss -0.5617
2026-06-16 03:28:41.318939: val_loss -0.5233
2026-06-16 03:28:41.320235: Pseudo dice [0.549]
2026-06-16 03:28:41.321536: Epoch time: 22.6 s
2026-06-16 03:28:42.214139: 
2026-06-16 03:28:42.215522: Epoch 245
2026-06-16 03:28:42.216925: Current learning rate: 0.00777
2026-06-16 03:29:04.777617: train_loss -0.5866
2026-06-16 03:29:04.779795: val_loss -0.5759
2026-06-16 03:29:04.781105: Pseudo dice [0.5911]
2026-06-16 03:29:04.782328: Epoch time: 22.56 s
2026-06-16 03:29:05.689169: 
2026-06-16 03:29:05.690527: Epoch 246
2026-06-16 03:29:05.691766: Current learning rate: 0.00776
2026-06-16 03:29:28.284767: train_loss -0.5937
2026-06-16 03:29:28.287833: val_loss -0.5435
2026-06-16 03:29:28.289210: Pseudo dice [0.5709]
2026-06-16 03:29:28.290400: Epoch time: 22.6 s
2026-06-16 03:29:29.184595: 
2026-06-16 03:29:29.186047: Epoch 247
2026-06-16 03:29:29.187426: Current learning rate: 0.00775
2026-06-16 03:29:51.697162: train_loss -0.5909
2026-06-16 03:29:51.701260: val_loss -0.5072
2026-06-16 03:29:51.703814: Pseudo dice [0.5493]
2026-06-16 03:29:51.705413: Epoch time: 22.51 s
2026-06-16 03:29:52.601863: 
2026-06-16 03:29:52.603205: Epoch 248
2026-06-16 03:29:52.604450: Current learning rate: 0.00774
2026-06-16 03:30:15.103851: train_loss -0.5885
2026-06-16 03:30:15.106092: val_loss -0.5318
2026-06-16 03:30:15.107438: Pseudo dice [0.5463]
2026-06-16 03:30:15.108800: Epoch time: 22.5 s
2026-06-16 03:30:15.992358: 
2026-06-16 03:30:15.993697: Epoch 249
2026-06-16 03:30:15.995179: Current learning rate: 0.00773
2026-06-16 03:30:38.566139: train_loss -0.5995
2026-06-16 03:30:38.568818: val_loss -0.5234
2026-06-16 03:30:38.570029: Pseudo dice [0.5535]
2026-06-16 03:30:38.571262: Epoch time: 22.57 s
2026-06-16 03:30:39.944285: 
2026-06-16 03:30:39.946299: Epoch 250
2026-06-16 03:30:39.947757: Current learning rate: 0.00772
2026-06-16 03:31:02.466267: train_loss -0.5811
2026-06-16 03:31:02.468985: val_loss -0.5019
2026-06-16 03:31:02.470488: Pseudo dice [0.5412]
2026-06-16 03:31:02.471950: Epoch time: 22.52 s
2026-06-16 03:31:03.968333: 
2026-06-16 03:31:03.969993: Epoch 251
2026-06-16 03:31:03.971288: Current learning rate: 0.00771
2026-06-16 03:31:26.492315: train_loss -0.5809
2026-06-16 03:31:26.494592: val_loss -0.419
2026-06-16 03:31:26.496017: Pseudo dice [0.4554]
2026-06-16 03:31:26.497380: Epoch time: 22.52 s
2026-06-16 03:31:27.390670: 
2026-06-16 03:31:27.392268: Epoch 252
2026-06-16 03:31:27.393924: Current learning rate: 0.0077
2026-06-16 03:31:49.979136: train_loss -0.5906
2026-06-16 03:31:49.982031: val_loss -0.5036
2026-06-16 03:31:49.983431: Pseudo dice [0.5288]
2026-06-16 03:31:49.984690: Epoch time: 22.59 s
2026-06-16 03:31:50.877464: 
2026-06-16 03:31:50.879064: Epoch 253
2026-06-16 03:31:50.880362: Current learning rate: 0.00769
2026-06-16 03:32:13.528363: train_loss -0.6037
2026-06-16 03:32:13.531312: val_loss -0.5196
2026-06-16 03:32:13.532814: Pseudo dice [0.5344]
2026-06-16 03:32:13.534194: Epoch time: 22.65 s
2026-06-16 03:32:14.439104: 
2026-06-16 03:32:14.440625: Epoch 254
2026-06-16 03:32:14.442002: Current learning rate: 0.00768
2026-06-16 03:32:37.215498: train_loss -0.5864
2026-06-16 03:32:37.217826: val_loss -0.5622
2026-06-16 03:32:37.219148: Pseudo dice [0.5913]
2026-06-16 03:32:37.220456: Epoch time: 22.78 s
2026-06-16 03:32:38.125460: 
2026-06-16 03:32:38.127081: Epoch 255
2026-06-16 03:32:38.128456: Current learning rate: 0.00767
2026-06-16 03:33:00.912628: train_loss -0.584
2026-06-16 03:33:00.915438: val_loss -0.4978
2026-06-16 03:33:00.916737: Pseudo dice [0.5356]
2026-06-16 03:33:00.917984: Epoch time: 22.79 s
2026-06-16 03:33:01.812800: 
2026-06-16 03:33:01.814287: Epoch 256
2026-06-16 03:33:01.815587: Current learning rate: 0.00766
2026-06-16 03:33:24.596695: train_loss -0.5948
2026-06-16 03:33:24.599232: val_loss -0.5312
2026-06-16 03:33:24.600567: Pseudo dice [0.5571]
2026-06-16 03:33:24.601946: Epoch time: 22.78 s
2026-06-16 03:33:25.492776: 
2026-06-16 03:33:25.494315: Epoch 257
2026-06-16 03:33:25.495631: Current learning rate: 0.00765
2026-06-16 03:33:48.227150: train_loss -0.6112
2026-06-16 03:33:48.229586: val_loss -0.4803
2026-06-16 03:33:48.230945: Pseudo dice [0.5084]
2026-06-16 03:33:48.232403: Epoch time: 22.74 s
2026-06-16 03:33:49.127264: 
2026-06-16 03:33:49.128645: Epoch 258
2026-06-16 03:33:49.129833: Current learning rate: 0.00764
2026-06-16 03:34:11.839647: train_loss -0.5887
2026-06-16 03:34:11.842509: val_loss -0.528
2026-06-16 03:34:11.843902: Pseudo dice [0.5668]
2026-06-16 03:34:11.845159: Epoch time: 22.71 s
2026-06-16 03:34:12.739383: 
2026-06-16 03:34:12.740757: Epoch 259
2026-06-16 03:34:12.742111: Current learning rate: 0.00764
2026-06-16 03:34:35.510949: train_loss -0.6118
2026-06-16 03:34:35.513514: val_loss -0.5057
2026-06-16 03:34:35.514841: Pseudo dice [0.547]
2026-06-16 03:34:35.516072: Epoch time: 22.77 s
2026-06-16 03:34:36.407333: 
2026-06-16 03:34:36.408837: Epoch 260
2026-06-16 03:34:36.410111: Current learning rate: 0.00763
2026-06-16 03:34:59.196455: train_loss -0.5815
2026-06-16 03:34:59.199194: val_loss -0.528
2026-06-16 03:34:59.200558: Pseudo dice [0.555]
2026-06-16 03:34:59.201887: Epoch time: 22.79 s
2026-06-16 03:35:00.100019: 
2026-06-16 03:35:00.101491: Epoch 261
2026-06-16 03:35:00.102735: Current learning rate: 0.00762
2026-06-16 03:35:22.873061: train_loss -0.613
2026-06-16 03:35:22.876127: val_loss -0.5155
2026-06-16 03:35:22.877544: Pseudo dice [0.5413]
2026-06-16 03:35:22.878977: Epoch time: 22.77 s
2026-06-16 03:35:23.780612: 
2026-06-16 03:35:23.782103: Epoch 262
2026-06-16 03:35:23.783506: Current learning rate: 0.00761
2026-06-16 03:35:46.481671: train_loss -0.5998
2026-06-16 03:35:46.484360: val_loss -0.5377
2026-06-16 03:35:46.485843: Pseudo dice [0.5761]
2026-06-16 03:35:46.487311: Epoch time: 22.7 s
2026-06-16 03:35:47.373087: 
2026-06-16 03:35:47.374443: Epoch 263
2026-06-16 03:35:47.375675: Current learning rate: 0.0076
2026-06-16 03:36:10.034396: train_loss -0.6161
2026-06-16 03:36:10.036859: val_loss -0.5707
2026-06-16 03:36:10.038364: Pseudo dice [0.5869]
2026-06-16 03:36:10.039722: Epoch time: 22.66 s
2026-06-16 03:36:10.925255: 
2026-06-16 03:36:10.926594: Epoch 264
2026-06-16 03:36:10.927826: Current learning rate: 0.00759
2026-06-16 03:36:33.683914: train_loss -0.6172
2026-06-16 03:36:33.686823: val_loss -0.51
2026-06-16 03:36:33.688336: Pseudo dice [0.5437]
2026-06-16 03:36:33.689636: Epoch time: 22.76 s
2026-06-16 03:36:34.577679: 
2026-06-16 03:36:34.579177: Epoch 265
2026-06-16 03:36:34.580550: Current learning rate: 0.00758
2026-06-16 03:36:57.332872: train_loss -0.6163
2026-06-16 03:36:57.335773: val_loss -0.5634
2026-06-16 03:36:57.337138: Pseudo dice [0.6031]
2026-06-16 03:36:57.338416: Epoch time: 22.76 s
2026-06-16 03:36:58.226379: 
2026-06-16 03:36:58.227660: Epoch 266
2026-06-16 03:36:58.228840: Current learning rate: 0.00757
2026-06-16 03:37:20.982990: train_loss -0.6226
2026-06-16 03:37:20.985170: val_loss -0.537
2026-06-16 03:37:20.986578: Pseudo dice [0.592]
2026-06-16 03:37:20.987901: Epoch time: 22.76 s
2026-06-16 03:37:21.883142: 
2026-06-16 03:37:21.884629: Epoch 267
2026-06-16 03:37:21.885858: Current learning rate: 0.00756
2026-06-16 03:37:44.550650: train_loss -0.6235
2026-06-16 03:37:44.553307: val_loss -0.528
2026-06-16 03:37:44.554646: Pseudo dice [0.553]
2026-06-16 03:37:44.555900: Epoch time: 22.67 s
2026-06-16 03:37:45.447754: 
2026-06-16 03:37:45.449135: Epoch 268
2026-06-16 03:37:45.450369: Current learning rate: 0.00755
2026-06-16 03:38:08.144356: train_loss -0.6111
2026-06-16 03:38:08.146777: val_loss -0.5042
2026-06-16 03:38:08.148041: Pseudo dice [0.5357]
2026-06-16 03:38:08.149282: Epoch time: 22.7 s
2026-06-16 03:38:09.632568: 
2026-06-16 03:38:09.633964: Epoch 269
2026-06-16 03:38:09.635202: Current learning rate: 0.00754
2026-06-16 03:38:32.323715: train_loss -0.6333
2026-06-16 03:38:32.326218: val_loss -0.5624
2026-06-16 03:38:32.327589: Pseudo dice [0.5798]
2026-06-16 03:38:32.328812: Epoch time: 22.69 s
2026-06-16 03:38:33.238865: 
2026-06-16 03:38:33.240312: Epoch 270
2026-06-16 03:38:33.241496: Current learning rate: 0.00753
2026-06-16 03:38:55.919192: train_loss -0.608
2026-06-16 03:38:55.922051: val_loss -0.5865
2026-06-16 03:38:55.923398: Pseudo dice [0.5829]
2026-06-16 03:38:55.924776: Epoch time: 22.68 s
2026-06-16 03:38:56.820783: 
2026-06-16 03:38:56.822149: Epoch 271
2026-06-16 03:38:56.823396: Current learning rate: 0.00752
2026-06-16 03:39:19.634499: train_loss -0.5809
2026-06-16 03:39:19.636948: val_loss -0.5608
2026-06-16 03:39:19.638246: Pseudo dice [0.5703]
2026-06-16 03:39:19.639485: Epoch time: 22.81 s
2026-06-16 03:39:19.640729: Yayy! New best EMA pseudo Dice: 0.5629
2026-06-16 03:39:21.026702: 
2026-06-16 03:39:21.028208: Epoch 272
2026-06-16 03:39:21.029553: Current learning rate: 0.00751
2026-06-16 03:39:43.739741: train_loss -0.6121
2026-06-16 03:39:43.742076: val_loss -0.5242
2026-06-16 03:39:43.743384: Pseudo dice [0.5491]
2026-06-16 03:39:43.744694: Epoch time: 22.71 s
2026-06-16 03:39:44.640469: 
2026-06-16 03:39:44.641879: Epoch 273
2026-06-16 03:39:44.643315: Current learning rate: 0.00751
2026-06-16 03:40:07.274505: train_loss -0.592
2026-06-16 03:40:07.277331: val_loss -0.5183
2026-06-16 03:40:07.278654: Pseudo dice [0.5576]
2026-06-16 03:40:07.279930: Epoch time: 22.63 s
2026-06-16 03:40:08.173474: 
2026-06-16 03:40:08.174953: Epoch 274
2026-06-16 03:40:08.176176: Current learning rate: 0.0075
2026-06-16 03:40:30.772620: train_loss -0.6174
2026-06-16 03:40:30.775064: val_loss -0.5455
2026-06-16 03:40:30.776524: Pseudo dice [0.5618]
2026-06-16 03:40:30.777768: Epoch time: 22.6 s
2026-06-16 03:40:31.672992: 
2026-06-16 03:40:31.675035: Epoch 275
2026-06-16 03:40:31.676759: Current learning rate: 0.00749
2026-06-16 03:40:54.277071: train_loss -0.6177
2026-06-16 03:40:54.279194: val_loss -0.5241
2026-06-16 03:40:54.280455: Pseudo dice [0.5525]
2026-06-16 03:40:54.281677: Epoch time: 22.61 s
2026-06-16 03:40:55.174651: 
2026-06-16 03:40:55.175940: Epoch 276
2026-06-16 03:40:55.177088: Current learning rate: 0.00748
2026-06-16 03:41:17.748281: train_loss -0.604
2026-06-16 03:41:17.750756: val_loss -0.546
2026-06-16 03:41:17.751965: Pseudo dice [0.5703]
2026-06-16 03:41:17.753043: Epoch time: 22.57 s
2026-06-16 03:41:18.653008: 
2026-06-16 03:41:18.654282: Epoch 277
2026-06-16 03:41:18.655516: Current learning rate: 0.00747
2026-06-16 03:41:41.210142: train_loss -0.6099
2026-06-16 03:41:41.212380: val_loss -0.5369
2026-06-16 03:41:41.213545: Pseudo dice [0.569]
2026-06-16 03:41:41.214714: Epoch time: 22.56 s
2026-06-16 03:41:42.109559: 
2026-06-16 03:41:42.110866: Epoch 278
2026-06-16 03:41:42.112097: Current learning rate: 0.00746
2026-06-16 03:42:04.687103: train_loss -0.6152
2026-06-16 03:42:04.689350: val_loss -0.4948
2026-06-16 03:42:04.690615: Pseudo dice [0.5386]
2026-06-16 03:42:04.691779: Epoch time: 22.58 s
2026-06-16 03:42:05.587377: 
2026-06-16 03:42:05.588880: Epoch 279
2026-06-16 03:42:05.590225: Current learning rate: 0.00745
2026-06-16 03:42:28.177918: train_loss -0.5907
2026-06-16 03:42:28.180637: val_loss -0.5289
2026-06-16 03:42:28.181897: Pseudo dice [0.5639]
2026-06-16 03:42:28.183020: Epoch time: 22.59 s
2026-06-16 03:42:29.078686: 
2026-06-16 03:42:29.079909: Epoch 280
2026-06-16 03:42:29.081336: Current learning rate: 0.00744
2026-06-16 03:42:51.624410: train_loss -0.5908
2026-06-16 03:42:51.627906: val_loss -0.541
2026-06-16 03:42:51.629131: Pseudo dice [0.5796]
2026-06-16 03:42:51.630463: Epoch time: 22.55 s
2026-06-16 03:42:52.526946: 
2026-06-16 03:42:52.528204: Epoch 281
2026-06-16 03:42:52.529314: Current learning rate: 0.00743
2026-06-16 03:43:15.151373: train_loss -0.6303
2026-06-16 03:43:15.153458: val_loss -0.5238
2026-06-16 03:43:15.154666: Pseudo dice [0.5605]
2026-06-16 03:43:15.155926: Epoch time: 22.63 s
2026-06-16 03:43:16.055383: 
2026-06-16 03:43:16.056673: Epoch 282
2026-06-16 03:43:16.057793: Current learning rate: 0.00742
2026-06-16 03:43:38.646769: train_loss -0.6331
2026-06-16 03:43:38.649477: val_loss -0.5753
2026-06-16 03:43:38.650651: Pseudo dice [0.5998]
2026-06-16 03:43:38.651896: Epoch time: 22.59 s
2026-06-16 03:43:38.652944: Yayy! New best EMA pseudo Dice: 0.5657
2026-06-16 03:43:40.024905: 
2026-06-16 03:43:40.026133: Epoch 283
2026-06-16 03:43:40.027349: Current learning rate: 0.00741
2026-06-16 03:44:02.639378: train_loss -0.6192
2026-06-16 03:44:02.642160: val_loss -0.5524
2026-06-16 03:44:02.643482: Pseudo dice [0.5806]
2026-06-16 03:44:02.644717: Epoch time: 22.62 s
2026-06-16 03:44:02.645924: Yayy! New best EMA pseudo Dice: 0.5672
2026-06-16 03:44:04.019263: 
2026-06-16 03:44:04.020611: Epoch 284
2026-06-16 03:44:04.021809: Current learning rate: 0.0074
2026-06-16 03:44:26.587333: train_loss -0.589
2026-06-16 03:44:26.589668: val_loss -0.5228
2026-06-16 03:44:26.590793: Pseudo dice [0.5668]
2026-06-16 03:44:26.592045: Epoch time: 22.57 s
2026-06-16 03:44:27.486196: 
2026-06-16 03:44:27.487555: Epoch 285
2026-06-16 03:44:27.488824: Current learning rate: 0.00739
2026-06-16 03:44:50.225689: train_loss -0.5995
2026-06-16 03:44:50.228457: val_loss -0.4544
2026-06-16 03:44:50.229806: Pseudo dice [0.4893]
2026-06-16 03:44:50.230967: Epoch time: 22.74 s
2026-06-16 03:44:51.694429: 
2026-06-16 03:44:51.695904: Epoch 286
2026-06-16 03:44:51.697125: Current learning rate: 0.00738
2026-06-16 03:45:14.337335: train_loss -0.5989
2026-06-16 03:45:14.339787: val_loss -0.5481
2026-06-16 03:45:14.340967: Pseudo dice [0.5791]
2026-06-16 03:45:14.342278: Epoch time: 22.64 s
2026-06-16 03:45:15.244153: 
2026-06-16 03:45:15.245508: Epoch 287
2026-06-16 03:45:15.246675: Current learning rate: 0.00738
2026-06-16 03:45:37.887164: train_loss -0.5969
2026-06-16 03:45:37.889467: val_loss -0.4969
2026-06-16 03:45:37.890699: Pseudo dice [0.5355]
2026-06-16 03:45:37.891880: Epoch time: 22.64 s
2026-06-16 03:45:38.797322: 
2026-06-16 03:45:38.798692: Epoch 288
2026-06-16 03:45:38.799799: Current learning rate: 0.00737
2026-06-16 03:46:01.521858: train_loss -0.6065
2026-06-16 03:46:01.524352: val_loss -0.5272
2026-06-16 03:46:01.525592: Pseudo dice [0.5568]
2026-06-16 03:46:01.526993: Epoch time: 22.73 s
2026-06-16 03:46:02.436738: 
2026-06-16 03:46:02.438031: Epoch 289
2026-06-16 03:46:02.439172: Current learning rate: 0.00736
2026-06-16 03:46:25.077718: train_loss -0.6249
2026-06-16 03:46:25.080147: val_loss -0.5316
2026-06-16 03:46:25.081342: Pseudo dice [0.5468]
2026-06-16 03:46:25.082522: Epoch time: 22.64 s
2026-06-16 03:46:25.992466: 
2026-06-16 03:46:25.993851: Epoch 290
2026-06-16 03:46:25.995047: Current learning rate: 0.00735
2026-06-16 03:46:48.610577: train_loss -0.6113
2026-06-16 03:46:48.612809: val_loss -0.526
2026-06-16 03:46:48.614076: Pseudo dice [0.5711]
2026-06-16 03:46:48.615317: Epoch time: 22.62 s
2026-06-16 03:46:49.524117: 
2026-06-16 03:46:49.525551: Epoch 291
2026-06-16 03:46:49.526692: Current learning rate: 0.00734
2026-06-16 03:47:12.201361: train_loss -0.6159
2026-06-16 03:47:12.204437: val_loss -0.5425
2026-06-16 03:47:12.205653: Pseudo dice [0.5763]
2026-06-16 03:47:12.206788: Epoch time: 22.68 s
2026-06-16 03:47:13.108385: 
2026-06-16 03:47:13.109812: Epoch 292
2026-06-16 03:47:13.111019: Current learning rate: 0.00733
2026-06-16 03:47:35.880137: train_loss -0.6076
2026-06-16 03:47:35.882502: val_loss -0.5176
2026-06-16 03:47:35.883662: Pseudo dice [0.5609]
2026-06-16 03:47:35.884921: Epoch time: 22.77 s
2026-06-16 03:47:36.812439: 
2026-06-16 03:47:36.813724: Epoch 293
2026-06-16 03:47:36.815000: Current learning rate: 0.00732
2026-06-16 03:47:59.538587: train_loss -0.6224
2026-06-16 03:47:59.540867: val_loss -0.5238
2026-06-16 03:47:59.542192: Pseudo dice [0.5516]
2026-06-16 03:47:59.543478: Epoch time: 22.73 s
2026-06-16 03:48:00.455804: 
2026-06-16 03:48:00.457343: Epoch 294
2026-06-16 03:48:00.458701: Current learning rate: 0.00731
2026-06-16 03:48:23.267326: train_loss -0.6232
2026-06-16 03:48:23.269957: val_loss -0.5662
2026-06-16 03:48:23.271163: Pseudo dice [0.5958]
2026-06-16 03:48:23.272341: Epoch time: 22.81 s
2026-06-16 03:48:24.176478: 
2026-06-16 03:48:24.177870: Epoch 295
2026-06-16 03:48:24.179132: Current learning rate: 0.0073
2026-06-16 03:48:46.930945: train_loss -0.5968
2026-06-16 03:48:46.933175: val_loss -0.4929
2026-06-16 03:48:46.934324: Pseudo dice [0.5335]
2026-06-16 03:48:46.935527: Epoch time: 22.76 s
2026-06-16 03:48:47.831208: 
2026-06-16 03:48:47.832477: Epoch 296
2026-06-16 03:48:47.833750: Current learning rate: 0.00729
2026-06-16 03:49:10.523359: train_loss -0.6135
2026-06-16 03:49:10.525652: val_loss -0.5179
2026-06-16 03:49:10.526845: Pseudo dice [0.563]
2026-06-16 03:49:10.528042: Epoch time: 22.69 s
2026-06-16 03:49:11.443354: 
2026-06-16 03:49:11.444705: Epoch 297
2026-06-16 03:49:11.445943: Current learning rate: 0.00728
2026-06-16 03:49:34.155082: train_loss -0.6184
2026-06-16 03:49:34.157764: val_loss -0.5399
2026-06-16 03:49:34.158997: Pseudo dice [0.5559]
2026-06-16 03:49:34.160223: Epoch time: 22.71 s
2026-06-16 03:49:35.078017: 
2026-06-16 03:49:35.080004: Epoch 298
2026-06-16 03:49:35.081127: Current learning rate: 0.00727
2026-06-16 03:49:57.856403: train_loss -0.6054
2026-06-16 03:49:57.858986: val_loss -0.5679
2026-06-16 03:49:57.860214: Pseudo dice [0.5865]
2026-06-16 03:49:57.861382: Epoch time: 22.78 s
2026-06-16 03:49:58.761283: 
2026-06-16 03:49:58.762628: Epoch 299
2026-06-16 03:49:58.763835: Current learning rate: 0.00726
2026-06-16 03:50:21.474331: train_loss -0.6395
2026-06-16 03:50:21.476526: val_loss -0.5076
2026-06-16 03:50:21.477816: Pseudo dice [0.5395]
2026-06-16 03:50:21.479068: Epoch time: 22.71 s
2026-06-16 03:50:22.866442: 
2026-06-16 03:50:22.867848: Epoch 300
2026-06-16 03:50:22.868986: Current learning rate: 0.00725
2026-06-16 03:50:45.566679: train_loss -0.6352
2026-06-16 03:50:45.569253: val_loss -0.5312
2026-06-16 03:50:45.570400: Pseudo dice [0.5511]
2026-06-16 03:50:45.571571: Epoch time: 22.7 s
2026-06-16 03:50:46.473622: 
2026-06-16 03:50:46.474842: Epoch 301
2026-06-16 03:50:46.476005: Current learning rate: 0.00724
2026-06-16 03:51:09.153921: train_loss -0.6218
2026-06-16 03:51:09.156303: val_loss -0.5485
2026-06-16 03:51:09.157578: Pseudo dice [0.5603]
2026-06-16 03:51:09.158861: Epoch time: 22.68 s
2026-06-16 03:51:10.054611: 
2026-06-16 03:51:10.055898: Epoch 302
2026-06-16 03:51:10.057089: Current learning rate: 0.00724
2026-06-16 03:51:32.785169: train_loss -0.6261
2026-06-16 03:51:32.787458: val_loss -0.5605
2026-06-16 03:51:32.788637: Pseudo dice [0.5885]
2026-06-16 03:51:32.789811: Epoch time: 22.73 s
2026-06-16 03:51:34.268988: 
2026-06-16 03:51:34.270222: Epoch 303
2026-06-16 03:51:34.271432: Current learning rate: 0.00723
2026-06-16 03:51:56.872035: train_loss -0.6406
2026-06-16 03:51:56.874568: val_loss -0.5483
2026-06-16 03:51:56.875650: Pseudo dice [0.6049]
2026-06-16 03:51:56.876695: Epoch time: 22.6 s
2026-06-16 03:51:57.790259: 
2026-06-16 03:51:57.791526: Epoch 304
2026-06-16 03:51:57.792764: Current learning rate: 0.00722
2026-06-16 03:52:20.425733: train_loss -0.6257
2026-06-16 03:52:20.428090: val_loss -0.5364
2026-06-16 03:52:20.429375: Pseudo dice [0.5367]
2026-06-16 03:52:20.430576: Epoch time: 22.64 s
2026-06-16 03:52:21.344030: 
2026-06-16 03:52:21.345435: Epoch 305
2026-06-16 03:52:21.346686: Current learning rate: 0.00721
2026-06-16 03:52:43.981159: train_loss -0.6369
2026-06-16 03:52:43.983345: val_loss -0.4928
2026-06-16 03:52:43.984609: Pseudo dice [0.5445]
2026-06-16 03:52:43.985796: Epoch time: 22.64 s
2026-06-16 03:52:44.894369: 
2026-06-16 03:52:44.895674: Epoch 306
2026-06-16 03:52:44.896765: Current learning rate: 0.0072
2026-06-16 03:53:07.450660: train_loss -0.6259
2026-06-16 03:53:07.453236: val_loss -0.5197
2026-06-16 03:53:07.454442: Pseudo dice [0.5751]
2026-06-16 03:53:07.455540: Epoch time: 22.56 s
2026-06-16 03:53:08.367328: 
2026-06-16 03:53:08.368627: Epoch 307
2026-06-16 03:53:08.369818: Current learning rate: 0.00719
2026-06-16 03:53:30.946973: train_loss -0.604
2026-06-16 03:53:30.949417: val_loss -0.497
2026-06-16 03:53:30.950686: Pseudo dice [0.5544]
2026-06-16 03:53:30.951848: Epoch time: 22.58 s
2026-06-16 03:53:31.849604: 
2026-06-16 03:53:31.850881: Epoch 308
2026-06-16 03:53:31.852044: Current learning rate: 0.00718
2026-06-16 03:53:54.526580: train_loss -0.6229
2026-06-16 03:53:54.529087: val_loss -0.5
2026-06-16 03:53:54.530309: Pseudo dice [0.5482]
2026-06-16 03:53:54.531514: Epoch time: 22.68 s
2026-06-16 03:53:55.441626: 
2026-06-16 03:53:55.442948: Epoch 309
2026-06-16 03:53:55.444290: Current learning rate: 0.00717
2026-06-16 03:54:18.017313: train_loss -0.6373
2026-06-16 03:54:18.020478: val_loss -0.5183
2026-06-16 03:54:18.025308: Pseudo dice [0.5561]
2026-06-16 03:54:18.026998: Epoch time: 22.58 s
2026-06-16 03:54:18.932616: 
2026-06-16 03:54:18.934042: Epoch 310
2026-06-16 03:54:18.935216: Current learning rate: 0.00716
2026-06-16 03:54:41.618109: train_loss -0.651
2026-06-16 03:54:41.620551: val_loss -0.5319
2026-06-16 03:54:41.621812: Pseudo dice [0.5682]
2026-06-16 03:54:41.623077: Epoch time: 22.69 s
2026-06-16 03:54:42.524919: 
2026-06-16 03:54:42.526241: Epoch 311
2026-06-16 03:54:42.527351: Current learning rate: 0.00715
2026-06-16 03:55:05.207086: train_loss -0.6019
2026-06-16 03:55:05.209351: val_loss -0.4694
2026-06-16 03:55:05.210569: Pseudo dice [0.5261]
2026-06-16 03:55:05.211777: Epoch time: 22.68 s
2026-06-16 03:55:06.113750: 
2026-06-16 03:55:06.115000: Epoch 312
2026-06-16 03:55:06.116156: Current learning rate: 0.00714
2026-06-16 03:55:28.788218: train_loss -0.6237
2026-06-16 03:55:28.791068: val_loss -0.5356
2026-06-16 03:55:28.792282: Pseudo dice [0.5725]
2026-06-16 03:55:28.793614: Epoch time: 22.68 s
2026-06-16 03:55:29.706294: 
2026-06-16 03:55:29.707967: Epoch 313
2026-06-16 03:55:29.709141: Current learning rate: 0.00713
2026-06-16 03:55:52.286766: train_loss -0.6215
2026-06-16 03:55:52.289205: val_loss -0.5125
2026-06-16 03:55:52.290575: Pseudo dice [0.5709]
2026-06-16 03:55:52.291774: Epoch time: 22.58 s
2026-06-16 03:55:53.211291: 
2026-06-16 03:55:53.212718: Epoch 314
2026-06-16 03:55:53.213938: Current learning rate: 0.00712
2026-06-16 03:56:15.842745: train_loss -0.636
2026-06-16 03:56:15.845017: val_loss -0.5497
2026-06-16 03:56:15.846289: Pseudo dice [0.5767]
2026-06-16 03:56:15.847568: Epoch time: 22.63 s
2026-06-16 03:56:16.814548: 
2026-06-16 03:56:16.815990: Epoch 315
2026-06-16 03:56:16.817219: Current learning rate: 0.00711
2026-06-16 03:56:39.523558: train_loss -0.6386
2026-06-16 03:56:39.526163: val_loss -0.501
2026-06-16 03:56:39.527314: Pseudo dice [0.5328]
2026-06-16 03:56:39.528518: Epoch time: 22.71 s
2026-06-16 03:56:40.434862: 
2026-06-16 03:56:40.436083: Epoch 316
2026-06-16 03:56:40.437349: Current learning rate: 0.0071
2026-06-16 03:57:03.093744: train_loss -0.6023
2026-06-16 03:57:03.095985: val_loss -0.5568
2026-06-16 03:57:03.097316: Pseudo dice [0.566]
2026-06-16 03:57:03.098521: Epoch time: 22.66 s
2026-06-16 03:57:04.008861: 
2026-06-16 03:57:04.010257: Epoch 317
2026-06-16 03:57:04.011425: Current learning rate: 0.0071
2026-06-16 03:57:26.755282: train_loss -0.6158
2026-06-16 03:57:26.757284: val_loss -0.5765
2026-06-16 03:57:26.758517: Pseudo dice [0.6023]
2026-06-16 03:57:26.759784: Epoch time: 22.75 s
2026-06-16 03:57:27.671493: 
2026-06-16 03:57:27.672756: Epoch 318
2026-06-16 03:57:27.673923: Current learning rate: 0.00709
2026-06-16 03:57:50.527935: train_loss -0.6148
2026-06-16 03:57:50.531688: val_loss -0.5653
2026-06-16 03:57:50.532848: Pseudo dice [0.6149]
2026-06-16 03:57:50.533931: Epoch time: 22.86 s
2026-06-16 03:57:50.535043: Yayy! New best EMA pseudo Dice: 0.5691
2026-06-16 03:57:51.922947: 
2026-06-16 03:57:51.924139: Epoch 319
2026-06-16 03:57:51.925385: Current learning rate: 0.00708
2026-06-16 03:58:14.735766: train_loss -0.6068
2026-06-16 03:58:14.738566: val_loss -0.5598
2026-06-16 03:58:14.741549: Pseudo dice [0.5706]
2026-06-16 03:58:14.743000: Epoch time: 22.81 s
2026-06-16 03:58:14.744972: Yayy! New best EMA pseudo Dice: 0.5692
2026-06-16 03:58:16.702881: 
2026-06-16 03:58:16.704226: Epoch 320
2026-06-16 03:58:16.705482: Current learning rate: 0.00707
2026-06-16 03:58:39.396098: train_loss -0.6098
2026-06-16 03:58:39.398114: val_loss -0.5536
2026-06-16 03:58:39.399347: Pseudo dice [0.5594]
2026-06-16 03:58:39.400415: Epoch time: 22.69 s
2026-06-16 03:58:40.308104: 
2026-06-16 03:58:40.309400: Epoch 321
2026-06-16 03:58:40.311061: Current learning rate: 0.00706
2026-06-16 03:59:03.021668: train_loss -0.6361
2026-06-16 03:59:03.024161: val_loss -0.496
2026-06-16 03:59:03.025378: Pseudo dice [0.5179]
2026-06-16 03:59:03.026621: Epoch time: 22.71 s
2026-06-16 03:59:03.930008: 
2026-06-16 03:59:03.931851: Epoch 322
2026-06-16 03:59:03.933058: Current learning rate: 0.00705
2026-06-16 03:59:26.567474: train_loss -0.6296
2026-06-16 03:59:26.570050: val_loss -0.5109
2026-06-16 03:59:26.571368: Pseudo dice [0.5442]
2026-06-16 03:59:26.572587: Epoch time: 22.64 s
2026-06-16 03:59:27.484539: 
2026-06-16 03:59:27.485956: Epoch 323
2026-06-16 03:59:27.487167: Current learning rate: 0.00704
2026-06-16 03:59:50.178439: train_loss -0.6242
2026-06-16 03:59:50.181170: val_loss -0.5379
2026-06-16 03:59:50.182397: Pseudo dice [0.5602]
2026-06-16 03:59:50.183589: Epoch time: 22.69 s
2026-06-16 03:59:51.096035: 
2026-06-16 03:59:51.097578: Epoch 324
2026-06-16 03:59:51.098770: Current learning rate: 0.00703
2026-06-16 04:00:13.864922: train_loss -0.6123
2026-06-16 04:00:13.867624: val_loss -0.5458
2026-06-16 04:00:13.868963: Pseudo dice [0.582]
2026-06-16 04:00:13.870245: Epoch time: 22.77 s
2026-06-16 04:00:14.792677: 
2026-06-16 04:00:14.794112: Epoch 325
2026-06-16 04:00:14.795252: Current learning rate: 0.00702
2026-06-16 04:00:37.498145: train_loss -0.6074
2026-06-16 04:00:37.500503: val_loss -0.4523
2026-06-16 04:00:37.501714: Pseudo dice [0.5257]
2026-06-16 04:00:37.502925: Epoch time: 22.71 s
2026-06-16 04:00:38.407426: 
2026-06-16 04:00:38.408840: Epoch 326
2026-06-16 04:00:38.410138: Current learning rate: 0.00701
2026-06-16 04:01:01.180622: train_loss -0.6107
2026-06-16 04:01:01.182899: val_loss -0.5633
2026-06-16 04:01:01.184340: Pseudo dice [0.5829]
2026-06-16 04:01:01.185654: Epoch time: 22.77 s
2026-06-16 04:01:02.104388: 
2026-06-16 04:01:02.105683: Epoch 327
2026-06-16 04:01:02.106907: Current learning rate: 0.007
2026-06-16 04:01:24.889665: train_loss -0.6063
2026-06-16 04:01:24.892752: val_loss -0.4636
2026-06-16 04:01:24.894075: Pseudo dice [0.53]
2026-06-16 04:01:24.895297: Epoch time: 22.79 s
2026-06-16 04:01:25.795903: 
2026-06-16 04:01:25.797180: Epoch 328
2026-06-16 04:01:25.798875: Current learning rate: 0.00699
2026-06-16 04:01:48.417418: train_loss -0.634
2026-06-16 04:01:48.419719: val_loss -0.5593
2026-06-16 04:01:48.420967: Pseudo dice [0.5862]
2026-06-16 04:01:48.422133: Epoch time: 22.62 s
2026-06-16 04:01:49.322619: 
2026-06-16 04:01:49.323839: Epoch 329
2026-06-16 04:01:49.325090: Current learning rate: 0.00698
2026-06-16 04:02:11.900158: train_loss -0.6348
2026-06-16 04:02:11.904928: val_loss -0.5151
2026-06-16 04:02:11.906035: Pseudo dice [0.5549]
2026-06-16 04:02:11.907311: Epoch time: 22.58 s
2026-06-16 04:02:12.807037: 
2026-06-16 04:02:12.808393: Epoch 330
2026-06-16 04:02:12.809589: Current learning rate: 0.00697
2026-06-16 04:02:35.402426: train_loss -0.6277
2026-06-16 04:02:35.405099: val_loss -0.5234
2026-06-16 04:02:35.406323: Pseudo dice [0.5454]
2026-06-16 04:02:35.407542: Epoch time: 22.6 s
2026-06-16 04:02:36.308101: 
2026-06-16 04:02:36.309478: Epoch 331
2026-06-16 04:02:36.310702: Current learning rate: 0.00696
2026-06-16 04:02:59.020715: train_loss -0.6517
2026-06-16 04:02:59.023073: val_loss -0.5192
2026-06-16 04:02:59.024194: Pseudo dice [0.5629]
2026-06-16 04:02:59.025416: Epoch time: 22.71 s
2026-06-16 04:02:59.929946: 
2026-06-16 04:02:59.931187: Epoch 332
2026-06-16 04:02:59.932394: Current learning rate: 0.00696
2026-06-16 04:03:22.606995: train_loss -0.6703
2026-06-16 04:03:22.609143: val_loss -0.5746
2026-06-16 04:03:22.610405: Pseudo dice [0.6035]
2026-06-16 04:03:22.611584: Epoch time: 22.68 s
2026-06-16 04:03:23.531990: 
2026-06-16 04:03:23.533637: Epoch 333
2026-06-16 04:03:23.534890: Current learning rate: 0.00695
2026-06-16 04:03:46.237633: train_loss -0.6335
2026-06-16 04:03:46.240206: val_loss -0.5619
2026-06-16 04:03:46.241502: Pseudo dice [0.5841]
2026-06-16 04:03:46.242731: Epoch time: 22.71 s
2026-06-16 04:03:47.148807: 
2026-06-16 04:03:47.150100: Epoch 334
2026-06-16 04:03:47.151342: Current learning rate: 0.00694
2026-06-16 04:04:09.835472: train_loss -0.6348
2026-06-16 04:04:09.837779: val_loss -0.5475
2026-06-16 04:04:09.838918: Pseudo dice [0.557]
2026-06-16 04:04:09.840158: Epoch time: 22.69 s
2026-06-16 04:04:10.760691: 
2026-06-16 04:04:10.762176: Epoch 335
2026-06-16 04:04:10.763353: Current learning rate: 0.00693
2026-06-16 04:04:33.514898: train_loss -0.6426
2026-06-16 04:04:33.517252: val_loss -0.5053
2026-06-16 04:04:33.518420: Pseudo dice [0.5601]
2026-06-16 04:04:33.519649: Epoch time: 22.76 s
2026-06-16 04:04:34.426723: 
2026-06-16 04:04:34.427973: Epoch 336
2026-06-16 04:04:34.429136: Current learning rate: 0.00692
2026-06-16 04:04:57.222608: train_loss -0.6347
2026-06-16 04:04:57.225288: val_loss -0.5166
2026-06-16 04:04:57.233357: Pseudo dice [0.5529]
2026-06-16 04:04:57.234686: Epoch time: 22.8 s
2026-06-16 04:04:58.727226: 
2026-06-16 04:04:58.729077: Epoch 337
2026-06-16 04:04:58.730160: Current learning rate: 0.00691
2026-06-16 04:05:21.436296: train_loss -0.6306
2026-06-16 04:05:21.438449: val_loss -0.536
2026-06-16 04:05:21.439607: Pseudo dice [0.556]
2026-06-16 04:05:21.442569: Epoch time: 22.71 s
2026-06-16 04:05:22.378183: 
2026-06-16 04:05:22.379589: Epoch 338
2026-06-16 04:05:22.380829: Current learning rate: 0.0069
2026-06-16 04:05:45.102689: train_loss -0.6273
2026-06-16 04:05:45.105583: val_loss -0.5219
2026-06-16 04:05:45.106762: Pseudo dice [0.5712]
2026-06-16 04:05:45.107956: Epoch time: 22.73 s
2026-06-16 04:05:46.020221: 
2026-06-16 04:05:46.021618: Epoch 339
2026-06-16 04:05:46.022855: Current learning rate: 0.00689
2026-06-16 04:06:08.742577: train_loss -0.6469
2026-06-16 04:06:08.745133: val_loss -0.5686
2026-06-16 04:06:08.746412: Pseudo dice [0.5967]
2026-06-16 04:06:08.747617: Epoch time: 22.72 s
2026-06-16 04:06:09.670683: 
2026-06-16 04:06:09.672088: Epoch 340
2026-06-16 04:06:09.673319: Current learning rate: 0.00688
2026-06-16 04:06:32.321484: train_loss -0.6319
2026-06-16 04:06:32.324021: val_loss -0.5251
2026-06-16 04:06:32.325315: Pseudo dice [0.5355]
2026-06-16 04:06:32.326563: Epoch time: 22.65 s
2026-06-16 04:06:33.254664: 
2026-06-16 04:06:33.256054: Epoch 341
2026-06-16 04:06:33.257284: Current learning rate: 0.00687
2026-06-16 04:06:55.985116: train_loss -0.63
2026-06-16 04:06:55.987360: val_loss -0.5388
2026-06-16 04:06:55.988556: Pseudo dice [0.56]
2026-06-16 04:06:55.989727: Epoch time: 22.73 s
2026-06-16 04:06:56.948161: 
2026-06-16 04:06:56.949539: Epoch 342
2026-06-16 04:06:56.950980: Current learning rate: 0.00686
2026-06-16 04:07:19.428790: train_loss -0.648
2026-06-16 04:07:19.431465: val_loss -0.4766
2026-06-16 04:07:19.432686: Pseudo dice [0.5648]
2026-06-16 04:07:19.433882: Epoch time: 22.48 s
2026-06-16 04:07:20.350847: 
2026-06-16 04:07:20.352084: Epoch 343
2026-06-16 04:07:20.353374: Current learning rate: 0.00685
2026-06-16 04:07:43.031604: train_loss -0.64
2026-06-16 04:07:43.033959: val_loss -0.5443
2026-06-16 04:07:43.035144: Pseudo dice [0.5958]
2026-06-16 04:07:43.036367: Epoch time: 22.68 s
2026-06-16 04:07:43.948081: 
2026-06-16 04:07:43.949427: Epoch 344
2026-06-16 04:07:43.950677: Current learning rate: 0.00684
2026-06-16 04:08:06.580371: train_loss -0.6492
2026-06-16 04:08:06.582775: val_loss -0.5489
2026-06-16 04:08:06.584001: Pseudo dice [0.5766]
2026-06-16 04:08:06.585188: Epoch time: 22.63 s
2026-06-16 04:08:07.517593: 
2026-06-16 04:08:07.518923: Epoch 345
2026-06-16 04:08:07.520130: Current learning rate: 0.00683
2026-06-16 04:08:30.070161: train_loss -0.6559
2026-06-16 04:08:30.072743: val_loss -0.565
2026-06-16 04:08:30.073950: Pseudo dice [0.5849]
2026-06-16 04:08:30.075157: Epoch time: 22.55 s
2026-06-16 04:08:30.076425: Yayy! New best EMA pseudo Dice: 0.5694
2026-06-16 04:08:31.466821: 
2026-06-16 04:08:31.468084: Epoch 346
2026-06-16 04:08:31.469294: Current learning rate: 0.00682
2026-06-16 04:08:54.052027: train_loss -0.6395
2026-06-16 04:08:54.054469: val_loss -0.5262
2026-06-16 04:08:54.055658: Pseudo dice [0.5735]
2026-06-16 04:08:54.056884: Epoch time: 22.59 s
2026-06-16 04:08:54.058104: Yayy! New best EMA pseudo Dice: 0.5698
2026-06-16 04:08:55.457058: 
2026-06-16 04:08:55.458589: Epoch 347
2026-06-16 04:08:55.459816: Current learning rate: 0.00681
2026-06-16 04:09:18.091937: train_loss -0.6365
2026-06-16 04:09:18.094106: val_loss -0.4851
2026-06-16 04:09:18.095366: Pseudo dice [0.5773]
2026-06-16 04:09:18.096663: Epoch time: 22.64 s
2026-06-16 04:09:18.097878: Yayy! New best EMA pseudo Dice: 0.5706
2026-06-16 04:09:19.494641: 
2026-06-16 04:09:19.495977: Epoch 348
2026-06-16 04:09:19.497175: Current learning rate: 0.0068
2026-06-16 04:09:42.084213: train_loss -0.6239
2026-06-16 04:09:42.086904: val_loss -0.4936
2026-06-16 04:09:42.088121: Pseudo dice [0.5363]
2026-06-16 04:09:42.089365: Epoch time: 22.59 s
2026-06-16 04:09:43.016806: 
2026-06-16 04:09:43.018190: Epoch 349
2026-06-16 04:09:43.019399: Current learning rate: 0.0068
2026-06-16 04:10:05.587082: train_loss -0.6523
2026-06-16 04:10:05.589533: val_loss -0.4896
2026-06-16 04:10:05.590852: Pseudo dice [0.5416]
2026-06-16 04:10:05.592655: Epoch time: 22.57 s
2026-06-16 04:10:06.984545: 
2026-06-16 04:10:06.985947: Epoch 350
2026-06-16 04:10:06.987201: Current learning rate: 0.00679
2026-06-16 04:10:29.535714: train_loss -0.6201
2026-06-16 04:10:29.538256: val_loss -0.5622
2026-06-16 04:10:29.539570: Pseudo dice [0.5807]
2026-06-16 04:10:29.540785: Epoch time: 22.55 s
2026-06-16 04:10:30.464913: 
2026-06-16 04:10:30.466267: Epoch 351
2026-06-16 04:10:30.467617: Current learning rate: 0.00678
2026-06-16 04:10:53.132150: train_loss -0.6473
2026-06-16 04:10:53.134799: val_loss -0.5482
2026-06-16 04:10:53.135980: Pseudo dice [0.5569]
2026-06-16 04:10:53.137236: Epoch time: 22.67 s
2026-06-16 04:10:54.050645: 
2026-06-16 04:10:54.051978: Epoch 352
2026-06-16 04:10:54.053258: Current learning rate: 0.00677
2026-06-16 04:11:16.537885: train_loss -0.6235
2026-06-16 04:11:16.540281: val_loss -0.5232
2026-06-16 04:11:16.541595: Pseudo dice [0.5837]
2026-06-16 04:11:16.542874: Epoch time: 22.49 s
2026-06-16 04:11:18.028703: 
2026-06-16 04:11:18.030162: Epoch 353
2026-06-16 04:11:18.031576: Current learning rate: 0.00676
2026-06-16 04:11:40.608654: train_loss -0.6266
2026-06-16 04:11:40.611229: val_loss -0.5714
2026-06-16 04:11:40.612535: Pseudo dice [0.5814]
2026-06-16 04:11:40.613734: Epoch time: 22.58 s
2026-06-16 04:11:41.526187: 
2026-06-16 04:11:41.529117: Epoch 354
2026-06-16 04:11:41.530465: Current learning rate: 0.00675
2026-06-16 04:12:04.164986: train_loss -0.641
2026-06-16 04:12:04.167801: val_loss -0.4751
2026-06-16 04:12:04.169095: Pseudo dice [0.5475]
2026-06-16 04:12:04.170499: Epoch time: 22.64 s
2026-06-16 04:12:05.092537: 
2026-06-16 04:12:05.094004: Epoch 355
2026-06-16 04:12:05.095387: Current learning rate: 0.00674
2026-06-16 04:12:27.800020: train_loss -0.6505
2026-06-16 04:12:27.802756: val_loss -0.5675
2026-06-16 04:12:27.804370: Pseudo dice [0.5745]
2026-06-16 04:12:27.805825: Epoch time: 22.71 s
2026-06-16 04:12:28.725328: 
2026-06-16 04:12:28.726864: Epoch 356
2026-06-16 04:12:28.728221: Current learning rate: 0.00673
2026-06-16 04:12:51.415483: train_loss -0.6222
2026-06-16 04:12:51.417906: val_loss -0.5128
2026-06-16 04:12:51.419140: Pseudo dice [0.5605]
2026-06-16 04:12:51.420401: Epoch time: 22.69 s
2026-06-16 04:12:52.345657: 
2026-06-16 04:12:52.347258: Epoch 357
2026-06-16 04:12:52.348642: Current learning rate: 0.00672
2026-06-16 04:13:15.139435: train_loss -0.6315
2026-06-16 04:13:15.142252: val_loss -0.5372
2026-06-16 04:13:15.143707: Pseudo dice [0.589]
2026-06-16 04:13:15.144931: Epoch time: 22.79 s
2026-06-16 04:13:16.070698: 
2026-06-16 04:13:16.072162: Epoch 358
2026-06-16 04:13:16.073568: Current learning rate: 0.00671
2026-06-16 04:13:38.757071: train_loss -0.6264
2026-06-16 04:13:38.759688: val_loss -0.5526
2026-06-16 04:13:38.761111: Pseudo dice [0.5847]
2026-06-16 04:13:38.762465: Epoch time: 22.69 s
2026-06-16 04:13:39.686573: 
2026-06-16 04:13:39.688075: Epoch 359
2026-06-16 04:13:39.689405: Current learning rate: 0.0067
2026-06-16 04:14:02.401712: train_loss -0.6427
2026-06-16 04:14:02.404209: val_loss -0.5343
2026-06-16 04:14:02.405552: Pseudo dice [0.5694]
2026-06-16 04:14:02.406921: Epoch time: 22.72 s
2026-06-16 04:14:03.336122: 
2026-06-16 04:14:03.337500: Epoch 360
2026-06-16 04:14:03.338863: Current learning rate: 0.00669
2026-06-16 04:14:26.135592: train_loss -0.6033
2026-06-16 04:14:26.138288: val_loss -0.5115
2026-06-16 04:14:26.139571: Pseudo dice [0.5283]
2026-06-16 04:14:26.140778: Epoch time: 22.8 s
2026-06-16 04:14:27.056169: 
2026-06-16 04:14:27.057590: Epoch 361
2026-06-16 04:14:27.058845: Current learning rate: 0.00668
2026-06-16 04:14:49.800723: train_loss -0.6355
2026-06-16 04:14:49.803239: val_loss -0.5055
2026-06-16 04:14:49.804603: Pseudo dice [0.5501]
2026-06-16 04:14:49.805844: Epoch time: 22.75 s
2026-06-16 04:14:50.719609: 
2026-06-16 04:14:50.721159: Epoch 362
2026-06-16 04:14:50.722544: Current learning rate: 0.00667
2026-06-16 04:15:13.407016: train_loss -0.6448
2026-06-16 04:15:13.409349: val_loss -0.5323
2026-06-16 04:15:13.410662: Pseudo dice [0.5707]
2026-06-16 04:15:13.411942: Epoch time: 22.69 s
2026-06-16 04:15:14.342709: 
2026-06-16 04:15:14.344171: Epoch 363
2026-06-16 04:15:14.345629: Current learning rate: 0.00666
2026-06-16 04:15:37.034268: train_loss -0.6528
2026-06-16 04:15:37.037228: val_loss -0.4872
2026-06-16 04:15:37.038670: Pseudo dice [0.5645]
2026-06-16 04:15:37.040097: Epoch time: 22.69 s
2026-06-16 04:15:37.968261: 
2026-06-16 04:15:37.969668: Epoch 364
2026-06-16 04:15:37.970869: Current learning rate: 0.00665
2026-06-16 04:16:00.599938: train_loss -0.6543
2026-06-16 04:16:00.602331: val_loss -0.5281
2026-06-16 04:16:00.603730: Pseudo dice [0.5707]
2026-06-16 04:16:00.605046: Epoch time: 22.63 s
2026-06-16 04:16:01.518876: 
2026-06-16 04:16:01.520372: Epoch 365
2026-06-16 04:16:01.521569: Current learning rate: 0.00665
2026-06-16 04:16:24.285868: train_loss -0.657
2026-06-16 04:16:24.288149: val_loss -0.5307
2026-06-16 04:16:24.289540: Pseudo dice [0.5585]
2026-06-16 04:16:24.290936: Epoch time: 22.77 s
2026-06-16 04:16:25.207455: 
2026-06-16 04:16:25.208925: Epoch 366
2026-06-16 04:16:25.210347: Current learning rate: 0.00664
2026-06-16 04:16:47.971090: train_loss -0.6587
2026-06-16 04:16:47.973838: val_loss -0.5674
2026-06-16 04:16:47.975163: Pseudo dice [0.5952]
2026-06-16 04:16:47.976500: Epoch time: 22.76 s
2026-06-16 04:16:48.910026: 
2026-06-16 04:16:48.911482: Epoch 367
2026-06-16 04:16:48.912625: Current learning rate: 0.00663
2026-06-16 04:17:11.677447: train_loss -0.6491
2026-06-16 04:17:11.679782: val_loss -0.5798
2026-06-16 04:17:11.681022: Pseudo dice [0.6068]
2026-06-16 04:17:11.682234: Epoch time: 22.77 s
2026-06-16 04:17:11.683490: Yayy! New best EMA pseudo Dice: 0.5718
2026-06-16 04:17:13.085502: 
2026-06-16 04:17:13.086798: Epoch 368
2026-06-16 04:17:13.088119: Current learning rate: 0.00662
2026-06-16 04:17:35.841786: train_loss -0.6566
2026-06-16 04:17:35.844037: val_loss -0.5597
2026-06-16 04:17:35.845317: Pseudo dice [0.5764]
2026-06-16 04:17:35.846566: Epoch time: 22.76 s
2026-06-16 04:17:35.847936: Yayy! New best EMA pseudo Dice: 0.5723
2026-06-16 04:17:37.250991: 
2026-06-16 04:17:37.252454: Epoch 369
2026-06-16 04:17:37.253750: Current learning rate: 0.00661
2026-06-16 04:17:59.955669: train_loss -0.6637
2026-06-16 04:17:59.958500: val_loss -0.5506
2026-06-16 04:17:59.959855: Pseudo dice [0.5712]
2026-06-16 04:17:59.961118: Epoch time: 22.71 s
2026-06-16 04:18:01.460991: 
2026-06-16 04:18:01.462367: Epoch 370
2026-06-16 04:18:01.463635: Current learning rate: 0.0066
2026-06-16 04:18:24.207294: train_loss -0.6222
2026-06-16 04:18:24.209927: val_loss -0.5372
2026-06-16 04:18:24.211227: Pseudo dice [0.5807]
2026-06-16 04:18:24.212538: Epoch time: 22.75 s
2026-06-16 04:18:24.213796: Yayy! New best EMA pseudo Dice: 0.573
2026-06-16 04:18:25.605240: 
2026-06-16 04:18:25.606656: Epoch 371
2026-06-16 04:18:25.607876: Current learning rate: 0.00659
2026-06-16 04:18:48.370519: train_loss -0.6369
2026-06-16 04:18:48.372940: val_loss -0.5068
2026-06-16 04:18:48.374308: Pseudo dice [0.5308]
2026-06-16 04:18:48.375601: Epoch time: 22.77 s
2026-06-16 04:18:49.295569: 
2026-06-16 04:18:49.297049: Epoch 372
2026-06-16 04:18:49.298304: Current learning rate: 0.00658
2026-06-16 04:19:12.059838: train_loss -0.645
2026-06-16 04:19:12.062550: val_loss -0.5155
2026-06-16 04:19:12.063781: Pseudo dice [0.5866]
2026-06-16 04:19:12.065112: Epoch time: 22.77 s
2026-06-16 04:19:12.978107: 
2026-06-16 04:19:12.979599: Epoch 373
2026-06-16 04:19:12.980854: Current learning rate: 0.00657
2026-06-16 04:19:35.749449: train_loss -0.6318
2026-06-16 04:19:35.751899: val_loss -0.5322
2026-06-16 04:19:35.753183: Pseudo dice [0.59]
2026-06-16 04:19:35.754498: Epoch time: 22.77 s
2026-06-16 04:19:36.677583: 
2026-06-16 04:19:36.678899: Epoch 374
2026-06-16 04:19:36.680150: Current learning rate: 0.00656
2026-06-16 04:19:59.428377: train_loss -0.6693
2026-06-16 04:19:59.430780: val_loss -0.5302
2026-06-16 04:19:59.432146: Pseudo dice [0.5663]
2026-06-16 04:19:59.433350: Epoch time: 22.75 s
2026-06-16 04:20:00.377280: 
2026-06-16 04:20:00.379036: Epoch 375
2026-06-16 04:20:00.380513: Current learning rate: 0.00655
2026-06-16 04:20:23.180511: train_loss -0.6212
2026-06-16 04:20:23.183794: val_loss -0.5782
2026-06-16 04:20:23.185203: Pseudo dice [0.6151]
2026-06-16 04:20:23.186568: Epoch time: 22.8 s
2026-06-16 04:20:23.187887: Yayy! New best EMA pseudo Dice: 0.5762
2026-06-16 04:20:24.600394: 
2026-06-16 04:20:24.601798: Epoch 376
2026-06-16 04:20:24.603137: Current learning rate: 0.00654
2026-06-16 04:20:47.262847: train_loss -0.6492
2026-06-16 04:20:47.265697: val_loss -0.5049
2026-06-16 04:20:47.267133: Pseudo dice [0.5387]
2026-06-16 04:20:47.268464: Epoch time: 22.66 s
2026-06-16 04:20:48.208090: 
2026-06-16 04:20:48.209580: Epoch 377
2026-06-16 04:20:48.210956: Current learning rate: 0.00653
2026-06-16 04:21:10.966517: train_loss -0.6589
2026-06-16 04:21:10.968809: val_loss -0.5422
2026-06-16 04:21:10.970078: Pseudo dice [0.5869]
2026-06-16 04:21:10.971342: Epoch time: 22.76 s
2026-06-16 04:21:11.896235: 
2026-06-16 04:21:11.897659: Epoch 378
2026-06-16 04:21:11.898883: Current learning rate: 0.00652
2026-06-16 04:21:34.627363: train_loss -0.6589
2026-06-16 04:21:34.630088: val_loss -0.5797
2026-06-16 04:21:34.631303: Pseudo dice [0.6036]
2026-06-16 04:21:34.632690: Epoch time: 22.73 s
2026-06-16 04:21:34.633880: Yayy! New best EMA pseudo Dice: 0.5769
2026-06-16 04:21:36.038258: 
2026-06-16 04:21:36.040456: Epoch 379
2026-06-16 04:21:36.043840: Current learning rate: 0.00651
2026-06-16 04:21:58.758358: train_loss -0.6511
2026-06-16 04:21:58.761137: val_loss -0.5348
2026-06-16 04:21:58.762597: Pseudo dice [0.5703]
2026-06-16 04:21:58.764221: Epoch time: 22.72 s
2026-06-16 04:21:59.686945: 
2026-06-16 04:21:59.689041: Epoch 380
2026-06-16 04:21:59.690307: Current learning rate: 0.0065
2026-06-16 04:22:22.280100: train_loss -0.6295
2026-06-16 04:22:22.282520: val_loss -0.5239
2026-06-16 04:22:22.283838: Pseudo dice [0.5817]
2026-06-16 04:22:22.285209: Epoch time: 22.59 s
2026-06-16 04:22:23.202922: 
2026-06-16 04:22:23.204322: Epoch 381
2026-06-16 04:22:23.205664: Current learning rate: 0.00649
2026-06-16 04:22:45.786026: train_loss -0.6519
2026-06-16 04:22:45.788912: val_loss -0.5227
2026-06-16 04:22:45.790292: Pseudo dice [0.5659]
2026-06-16 04:22:45.791562: Epoch time: 22.58 s
2026-06-16 04:22:46.711942: 
2026-06-16 04:22:46.713423: Epoch 382
2026-06-16 04:22:46.714668: Current learning rate: 0.00648
2026-06-16 04:23:09.384948: train_loss -0.6398
2026-06-16 04:23:09.387356: val_loss -0.5073
2026-06-16 04:23:09.388694: Pseudo dice [0.5565]
2026-06-16 04:23:09.389937: Epoch time: 22.67 s
2026-06-16 04:23:10.325783: 
2026-06-16 04:23:10.327203: Epoch 383
2026-06-16 04:23:10.328411: Current learning rate: 0.00648
2026-06-16 04:23:32.837100: train_loss -0.656
2026-06-16 04:23:32.839532: val_loss -0.5564
2026-06-16 04:23:32.840895: Pseudo dice [0.5846]
2026-06-16 04:23:32.842146: Epoch time: 22.51 s
2026-06-16 04:23:33.775460: 
2026-06-16 04:23:33.776813: Epoch 384
2026-06-16 04:23:33.778052: Current learning rate: 0.00647
2026-06-16 04:23:56.536946: train_loss -0.6434
2026-06-16 04:23:56.539695: val_loss -0.5284
2026-06-16 04:23:56.541107: Pseudo dice [0.559]
2026-06-16 04:23:56.542385: Epoch time: 22.76 s
2026-06-16 04:23:57.472121: 
2026-06-16 04:23:57.473461: Epoch 385
2026-06-16 04:23:57.474697: Current learning rate: 0.00646
2026-06-16 04:24:20.058957: train_loss -0.6465
2026-06-16 04:24:20.061261: val_loss -0.5522
2026-06-16 04:24:20.062505: Pseudo dice [0.5813]
2026-06-16 04:24:20.063696: Epoch time: 22.59 s
2026-06-16 04:24:21.559959: 
2026-06-16 04:24:21.561355: Epoch 386
2026-06-16 04:24:21.562593: Current learning rate: 0.00645
2026-06-16 04:24:44.195294: train_loss -0.6425
2026-06-16 04:24:44.197507: val_loss -0.5141
2026-06-16 04:24:44.198865: Pseudo dice [0.5765]
2026-06-16 04:24:44.200147: Epoch time: 22.64 s
2026-06-16 04:24:45.133722: 
2026-06-16 04:24:45.135175: Epoch 387
2026-06-16 04:24:45.136389: Current learning rate: 0.00644
2026-06-16 04:25:07.678571: train_loss -0.648
2026-06-16 04:25:07.681598: val_loss -0.4958
2026-06-16 04:25:07.682822: Pseudo dice [0.5539]
2026-06-16 04:25:07.684037: Epoch time: 22.55 s
2026-06-16 04:25:08.614486: 
2026-06-16 04:25:08.615968: Epoch 388
2026-06-16 04:25:08.617206: Current learning rate: 0.00643
2026-06-16 04:25:31.206919: train_loss -0.6809
2026-06-16 04:25:31.209885: val_loss -0.5666
2026-06-16 04:25:31.211347: Pseudo dice [0.6101]
2026-06-16 04:25:31.213306: Epoch time: 22.59 s
2026-06-16 04:25:32.200799: 
2026-06-16 04:25:32.202499: Epoch 389
2026-06-16 04:25:32.203839: Current learning rate: 0.00642
2026-06-16 04:25:54.791216: train_loss -0.6455
2026-06-16 04:25:54.793458: val_loss -0.5145
2026-06-16 04:25:54.794764: Pseudo dice [0.5454]
2026-06-16 04:25:54.796095: Epoch time: 22.59 s
2026-06-16 04:25:55.729749: 
2026-06-16 04:25:55.731471: Epoch 390
2026-06-16 04:25:55.732937: Current learning rate: 0.00641
2026-06-16 04:26:18.346866: train_loss -0.6398
2026-06-16 04:26:18.349369: val_loss -0.5279
2026-06-16 04:26:18.350741: Pseudo dice [0.5635]
2026-06-16 04:26:18.351911: Epoch time: 22.62 s
2026-06-16 04:26:19.283325: 
2026-06-16 04:26:19.285000: Epoch 391
2026-06-16 04:26:19.286214: Current learning rate: 0.0064
2026-06-16 04:26:41.868792: train_loss -0.6293
2026-06-16 04:26:41.871796: val_loss -0.5828
2026-06-16 04:26:41.874246: Pseudo dice [0.5943]
2026-06-16 04:26:41.875687: Epoch time: 22.59 s
2026-06-16 04:26:42.803911: 
2026-06-16 04:26:42.805282: Epoch 392
2026-06-16 04:26:42.806488: Current learning rate: 0.00639
2026-06-16 04:27:05.428246: train_loss -0.6378
2026-06-16 04:27:05.430536: val_loss -0.5438
2026-06-16 04:27:05.431870: Pseudo dice [0.5658]
2026-06-16 04:27:05.433294: Epoch time: 22.63 s
2026-06-16 04:27:06.362080: 
2026-06-16 04:27:06.363495: Epoch 393
2026-06-16 04:27:06.364786: Current learning rate: 0.00638
2026-06-16 04:27:28.972697: train_loss -0.6496
2026-06-16 04:27:28.975870: val_loss -0.5667
2026-06-16 04:27:28.977101: Pseudo dice [0.5832]
2026-06-16 04:27:28.978372: Epoch time: 22.61 s
2026-06-16 04:27:29.906717: 
2026-06-16 04:27:29.908122: Epoch 394
2026-06-16 04:27:29.909406: Current learning rate: 0.00637
2026-06-16 04:27:52.842979: train_loss -0.6538
2026-06-16 04:27:52.845440: val_loss -0.5246
2026-06-16 04:27:52.846728: Pseudo dice [0.5763]
2026-06-16 04:27:52.847963: Epoch time: 22.94 s
2026-06-16 04:27:53.777156: 
2026-06-16 04:27:53.778611: Epoch 395
2026-06-16 04:27:53.779869: Current learning rate: 0.00636
2026-06-16 04:28:16.311282: train_loss -0.6853
2026-06-16 04:28:16.314047: val_loss -0.5154
2026-06-16 04:28:16.315855: Pseudo dice [0.5495]
2026-06-16 04:28:16.317461: Epoch time: 22.54 s
2026-06-16 04:28:17.262250: 
2026-06-16 04:28:17.263951: Epoch 396
2026-06-16 04:28:17.265506: Current learning rate: 0.00635
2026-06-16 04:28:39.843797: train_loss -0.6355
2026-06-16 04:28:39.846584: val_loss -0.4413
2026-06-16 04:28:39.847914: Pseudo dice [0.4892]
2026-06-16 04:28:39.849128: Epoch time: 22.58 s
2026-06-16 04:28:40.778394: 
2026-06-16 04:28:40.779902: Epoch 397
2026-06-16 04:28:40.781097: Current learning rate: 0.00634
2026-06-16 04:29:03.353407: train_loss -0.6354
2026-06-16 04:29:03.356131: val_loss -0.5059
2026-06-16 04:29:03.357548: Pseudo dice [0.5489]
2026-06-16 04:29:03.358792: Epoch time: 22.58 s
2026-06-16 04:29:04.300102: 
2026-06-16 04:29:04.301463: Epoch 398
2026-06-16 04:29:04.302835: Current learning rate: 0.00633
2026-06-16 04:29:26.866366: train_loss -0.6495
2026-06-16 04:29:26.868979: val_loss -0.4975
2026-06-16 04:29:26.870435: Pseudo dice [0.5349]
2026-06-16 04:29:26.871746: Epoch time: 22.57 s
2026-06-16 04:29:27.798116: 
2026-06-16 04:29:27.799547: Epoch 399
2026-06-16 04:29:27.801043: Current learning rate: 0.00632
2026-06-16 04:29:50.339603: train_loss -0.6649
2026-06-16 04:29:50.342805: val_loss -0.5278
2026-06-16 04:29:50.344096: Pseudo dice [0.5779]
2026-06-16 04:29:50.345459: Epoch time: 22.54 s
2026-06-16 04:29:51.760831: 
2026-06-16 04:29:51.762240: Epoch 400
2026-06-16 04:29:51.763532: Current learning rate: 0.00631
2026-06-16 04:30:14.356773: train_loss -0.6422
2026-06-16 04:30:14.359536: val_loss -0.5245
2026-06-16 04:30:14.361185: Pseudo dice [0.5642]
2026-06-16 04:30:14.363450: Epoch time: 22.6 s
2026-06-16 04:30:15.843546: 
2026-06-16 04:30:15.845041: Epoch 401
2026-06-16 04:30:15.846322: Current learning rate: 0.0063
2026-06-16 04:30:38.488878: train_loss -0.6438
2026-06-16 04:30:38.491221: val_loss -0.5586
2026-06-16 04:30:38.492614: Pseudo dice [0.5895]
2026-06-16 04:30:38.494115: Epoch time: 22.65 s
2026-06-16 04:30:39.425246: 
2026-06-16 04:30:39.426599: Epoch 402
2026-06-16 04:30:39.427987: Current learning rate: 0.0063
2026-06-16 04:31:02.066290: train_loss -0.6769
2026-06-16 04:31:02.069592: val_loss -0.5292
2026-06-16 04:31:02.071220: Pseudo dice [0.5484]
2026-06-16 04:31:02.072725: Epoch time: 22.64 s
2026-06-16 04:31:03.003295: 
2026-06-16 04:31:03.005021: Epoch 403
2026-06-16 04:31:03.006430: Current learning rate: 0.00629
2026-06-16 04:31:25.640026: train_loss -0.6105
2026-06-16 04:31:25.642694: val_loss -0.5038
2026-06-16 04:31:25.644019: Pseudo dice [0.5411]
2026-06-16 04:31:25.645391: Epoch time: 22.64 s
2026-06-16 04:31:26.579246: 
2026-06-16 04:31:26.580642: Epoch 404
2026-06-16 04:31:26.581877: Current learning rate: 0.00628
2026-06-16 04:31:49.283856: train_loss -0.6037
2026-06-16 04:31:49.286306: val_loss -0.4889
2026-06-16 04:31:49.287758: Pseudo dice [0.5476]
2026-06-16 04:31:49.289205: Epoch time: 22.71 s
2026-06-16 04:31:50.217726: 
2026-06-16 04:31:50.219172: Epoch 405
2026-06-16 04:31:50.220520: Current learning rate: 0.00627
2026-06-16 04:32:12.936830: train_loss -0.6028
2026-06-16 04:32:12.939645: val_loss -0.5169
2026-06-16 04:32:12.940845: Pseudo dice [0.5438]
2026-06-16 04:32:12.942086: Epoch time: 22.72 s
2026-06-16 04:32:13.871535: 
2026-06-16 04:32:13.873044: Epoch 406
2026-06-16 04:32:13.874273: Current learning rate: 0.00626
2026-06-16 04:32:36.524422: train_loss -0.624
2026-06-16 04:32:36.526969: val_loss -0.5451
2026-06-16 04:32:36.528179: Pseudo dice [0.5886]
2026-06-16 04:32:36.529569: Epoch time: 22.65 s
2026-06-16 04:32:37.454211: 
2026-06-16 04:32:37.455681: Epoch 407
2026-06-16 04:32:37.456877: Current learning rate: 0.00625
2026-06-16 04:33:00.139273: train_loss -0.6194
2026-06-16 04:33:00.142486: val_loss -0.5087
2026-06-16 04:33:00.143747: Pseudo dice [0.5692]
2026-06-16 04:33:00.144918: Epoch time: 22.69 s
2026-06-16 04:33:01.074419: 
2026-06-16 04:33:01.075757: Epoch 408
2026-06-16 04:33:01.076976: Current learning rate: 0.00624
2026-06-16 04:33:23.737952: train_loss -0.6268
2026-06-16 04:33:23.740733: val_loss -0.5659
2026-06-16 04:33:23.741945: Pseudo dice [0.5939]
2026-06-16 04:33:23.743185: Epoch time: 22.66 s
2026-06-16 04:33:24.669516: 
2026-06-16 04:33:24.671074: Epoch 409
2026-06-16 04:33:24.672290: Current learning rate: 0.00623
2026-06-16 04:33:47.335441: train_loss -0.6551
2026-06-16 04:33:47.337765: val_loss -0.5369
2026-06-16 04:33:47.338997: Pseudo dice [0.5801]
2026-06-16 04:33:47.340218: Epoch time: 22.67 s
2026-06-16 04:33:48.276778: 
2026-06-16 04:33:48.278152: Epoch 410
2026-06-16 04:33:48.279340: Current learning rate: 0.00622
2026-06-16 04:34:10.841780: train_loss -0.6783
2026-06-16 04:34:10.843946: val_loss -0.5585
2026-06-16 04:34:10.845221: Pseudo dice [0.601]
2026-06-16 04:34:10.846394: Epoch time: 22.57 s
2026-06-16 04:34:11.745387: 
2026-06-16 04:34:11.746792: Epoch 411
2026-06-16 04:34:11.748093: Current learning rate: 0.00621
2026-06-16 04:34:34.406192: train_loss -0.6558
2026-06-16 04:34:34.408789: val_loss -0.5177
2026-06-16 04:34:34.410025: Pseudo dice [0.5339]
2026-06-16 04:34:34.411223: Epoch time: 22.66 s
2026-06-16 04:34:35.312706: 
2026-06-16 04:34:35.314159: Epoch 412
2026-06-16 04:34:35.315369: Current learning rate: 0.0062
2026-06-16 04:34:57.969456: train_loss -0.6289
2026-06-16 04:34:57.971769: val_loss -0.5572
2026-06-16 04:34:57.973039: Pseudo dice [0.575]
2026-06-16 04:34:57.974280: Epoch time: 22.66 s
2026-06-16 04:34:58.920772: 
2026-06-16 04:34:58.923175: Epoch 413
2026-06-16 04:34:58.925497: Current learning rate: 0.00619
2026-06-16 04:35:21.742667: train_loss -0.6554
2026-06-16 04:35:21.744885: val_loss -0.5513
2026-06-16 04:35:21.746049: Pseudo dice [0.588]
2026-06-16 04:35:21.747246: Epoch time: 22.82 s
2026-06-16 04:35:22.649841: 
2026-06-16 04:35:22.651134: Epoch 414
2026-06-16 04:35:22.652434: Current learning rate: 0.00618
2026-06-16 04:35:45.427431: train_loss -0.6495
2026-06-16 04:35:45.430402: val_loss -0.5546
2026-06-16 04:35:45.431846: Pseudo dice [0.5674]
2026-06-16 04:35:45.433142: Epoch time: 22.78 s
2026-06-16 04:35:46.351221: 
2026-06-16 04:35:46.352623: Epoch 415
2026-06-16 04:35:46.353797: Current learning rate: 0.00617
2026-06-16 04:36:09.000721: train_loss -0.6571
2026-06-16 04:36:09.003067: val_loss -0.5278
2026-06-16 04:36:09.004267: Pseudo dice [0.5383]
2026-06-16 04:36:09.005495: Epoch time: 22.65 s
2026-06-16 04:36:09.905728: 
2026-06-16 04:36:09.907166: Epoch 416
2026-06-16 04:36:09.908404: Current learning rate: 0.00616
2026-06-16 04:36:32.466125: train_loss -0.6438
2026-06-16 04:36:32.468269: val_loss -0.5076
2026-06-16 04:36:32.469666: Pseudo dice [0.5381]
2026-06-16 04:36:32.470859: Epoch time: 22.56 s
2026-06-16 04:36:33.371803: 
2026-06-16 04:36:33.373048: Epoch 417
2026-06-16 04:36:33.374227: Current learning rate: 0.00615
2026-06-16 04:36:56.050053: train_loss -0.6282
2026-06-16 04:36:56.053258: val_loss -0.5492
2026-06-16 04:36:56.054618: Pseudo dice [0.5706]
2026-06-16 04:36:56.055913: Epoch time: 22.68 s
2026-06-16 04:36:57.548773: 
2026-06-16 04:36:57.550096: Epoch 418
2026-06-16 04:36:57.551349: Current learning rate: 0.00614
2026-06-16 04:37:20.337451: train_loss -0.6403
2026-06-16 04:37:20.339810: val_loss -0.4795
2026-06-16 04:37:20.341036: Pseudo dice [0.5127]
2026-06-16 04:37:20.342378: Epoch time: 22.79 s
2026-06-16 04:37:21.245155: 
2026-06-16 04:37:21.246573: Epoch 419
2026-06-16 04:37:21.247774: Current learning rate: 0.00613
2026-06-16 04:37:44.066732: train_loss -0.648
2026-06-16 04:37:44.068953: val_loss -0.504
2026-06-16 04:37:44.070282: Pseudo dice [0.55]
2026-06-16 04:37:44.071484: Epoch time: 22.82 s
2026-06-16 04:37:44.982188: 
2026-06-16 04:37:44.983777: Epoch 420
2026-06-16 04:37:44.985079: Current learning rate: 0.00612
2026-06-16 04:38:07.768226: train_loss -0.6408
2026-06-16 04:38:07.770962: val_loss -0.5414
2026-06-16 04:38:07.772276: Pseudo dice [0.5586]
2026-06-16 04:38:07.773637: Epoch time: 22.79 s
2026-06-16 04:38:08.673799: 
2026-06-16 04:38:08.675278: Epoch 421
2026-06-16 04:38:08.676677: Current learning rate: 0.00612
2026-06-16 04:38:31.464650: train_loss -0.6532
2026-06-16 04:38:31.467006: val_loss -0.5167
2026-06-16 04:38:31.468217: Pseudo dice [0.5632]
2026-06-16 04:38:31.469489: Epoch time: 22.79 s
2026-06-16 04:38:32.377364: 
2026-06-16 04:38:32.378761: Epoch 422
2026-06-16 04:38:32.380007: Current learning rate: 0.00611
2026-06-16 04:38:55.125667: train_loss -0.6612
2026-06-16 04:38:55.127873: val_loss -0.5209
2026-06-16 04:38:55.129087: Pseudo dice [0.5531]
2026-06-16 04:38:55.130255: Epoch time: 22.75 s
2026-06-16 04:38:56.040994: 
2026-06-16 04:38:56.042319: Epoch 423
2026-06-16 04:38:56.043566: Current learning rate: 0.0061
2026-06-16 04:39:18.841923: train_loss -0.6875
2026-06-16 04:39:18.844589: val_loss -0.5386
2026-06-16 04:39:18.845862: Pseudo dice [0.565]
2026-06-16 04:39:18.847133: Epoch time: 22.8 s
2026-06-16 04:39:19.760716: 
2026-06-16 04:39:19.762038: Epoch 424
2026-06-16 04:39:19.763326: Current learning rate: 0.00609
2026-06-16 04:39:42.493374: train_loss -0.6472
2026-06-16 04:39:42.495850: val_loss -0.5494
2026-06-16 04:39:42.497106: Pseudo dice [0.562]
2026-06-16 04:39:42.498313: Epoch time: 22.73 s
2026-06-16 04:39:43.410471: 
2026-06-16 04:39:43.411848: Epoch 425
2026-06-16 04:39:43.413064: Current learning rate: 0.00608
2026-06-16 04:40:06.006199: train_loss -0.6344
2026-06-16 04:40:06.008721: val_loss -0.4988
2026-06-16 04:40:06.009988: Pseudo dice [0.5116]
2026-06-16 04:40:06.011173: Epoch time: 22.6 s
2026-06-16 04:40:06.932550: 
2026-06-16 04:40:06.933945: Epoch 426
2026-06-16 04:40:06.935153: Current learning rate: 0.00607
2026-06-16 04:40:29.525892: train_loss -0.6535
2026-06-16 04:40:29.528675: val_loss -0.5631
2026-06-16 04:40:29.529891: Pseudo dice [0.5913]
2026-06-16 04:40:29.531157: Epoch time: 22.59 s
2026-06-16 04:40:30.433497: 
2026-06-16 04:40:30.434930: Epoch 427
2026-06-16 04:40:30.436171: Current learning rate: 0.00606
2026-06-16 04:40:53.449066: train_loss -0.6627
2026-06-16 04:40:53.451822: val_loss -0.5229
2026-06-16 04:40:53.453204: Pseudo dice [0.5452]
2026-06-16 04:40:53.454435: Epoch time: 23.02 s
2026-06-16 04:40:54.363631: 
2026-06-16 04:40:54.364993: Epoch 428
2026-06-16 04:40:54.366244: Current learning rate: 0.00605
2026-06-16 04:41:17.199247: train_loss -0.6614
2026-06-16 04:41:17.201438: val_loss -0.5462
2026-06-16 04:41:17.202761: Pseudo dice [0.5733]
2026-06-16 04:41:17.203971: Epoch time: 22.84 s
2026-06-16 04:41:18.117586: 
2026-06-16 04:41:18.118867: Epoch 429
2026-06-16 04:41:18.120063: Current learning rate: 0.00604
2026-06-16 04:41:40.709197: train_loss -0.6427
2026-06-16 04:41:40.712017: val_loss -0.5371
2026-06-16 04:41:40.713210: Pseudo dice [0.5623]
2026-06-16 04:41:40.714468: Epoch time: 22.59 s
2026-06-16 04:41:41.611867: 
2026-06-16 04:41:41.615426: Epoch 430
2026-06-16 04:41:41.616955: Current learning rate: 0.00603
2026-06-16 04:42:04.213157: train_loss -0.6453
2026-06-16 04:42:04.215563: val_loss -0.5171
2026-06-16 04:42:04.216885: Pseudo dice [0.5726]
2026-06-16 04:42:04.218085: Epoch time: 22.6 s
2026-06-16 04:42:05.124206: 
2026-06-16 04:42:05.125671: Epoch 431
2026-06-16 04:42:05.126892: Current learning rate: 0.00602
2026-06-16 04:42:27.676242: train_loss -0.6804
2026-06-16 04:42:27.678790: val_loss -0.5436
2026-06-16 04:42:27.679973: Pseudo dice [0.5687]
2026-06-16 04:42:27.681224: Epoch time: 22.55 s
2026-06-16 04:42:28.586063: 
2026-06-16 04:42:28.587670: Epoch 432
2026-06-16 04:42:28.588993: Current learning rate: 0.00601
2026-06-16 04:42:51.225945: train_loss -0.6616
2026-06-16 04:42:51.231976: val_loss -0.5352
2026-06-16 04:42:51.233269: Pseudo dice [0.5714]
2026-06-16 04:42:51.234467: Epoch time: 22.64 s
2026-06-16 04:42:52.136403: 
2026-06-16 04:42:52.137890: Epoch 433
2026-06-16 04:42:52.139063: Current learning rate: 0.006
2026-06-16 04:43:14.729871: train_loss -0.6626
2026-06-16 04:43:14.732167: val_loss -0.5414
2026-06-16 04:43:14.733339: Pseudo dice [0.6003]
2026-06-16 04:43:14.734589: Epoch time: 22.59 s
2026-06-16 04:43:15.642457: 
2026-06-16 04:43:15.643761: Epoch 434
2026-06-16 04:43:15.645041: Current learning rate: 0.00599
2026-06-16 04:43:38.176415: train_loss -0.6373
2026-06-16 04:43:38.178944: val_loss -0.5375
2026-06-16 04:43:38.180272: Pseudo dice [0.5596]
2026-06-16 04:43:38.181464: Epoch time: 22.53 s
2026-06-16 04:43:39.660471: 
2026-06-16 04:43:39.661785: Epoch 435
2026-06-16 04:43:39.663020: Current learning rate: 0.00598
2026-06-16 04:44:02.281750: train_loss -0.6549
2026-06-16 04:44:02.284674: val_loss -0.561
2026-06-16 04:44:02.285952: Pseudo dice [0.5945]
2026-06-16 04:44:02.287109: Epoch time: 22.62 s
2026-06-16 04:44:03.197788: 
2026-06-16 04:44:03.199260: Epoch 436
2026-06-16 04:44:03.200484: Current learning rate: 0.00597
2026-06-16 04:44:25.784532: train_loss -0.6716
2026-06-16 04:44:25.787185: val_loss -0.5343
2026-06-16 04:44:25.788614: Pseudo dice [0.5706]
2026-06-16 04:44:25.789960: Epoch time: 22.59 s
2026-06-16 04:44:26.703338: 
2026-06-16 04:44:26.704976: Epoch 437
2026-06-16 04:44:26.709268: Current learning rate: 0.00596
2026-06-16 04:44:49.316077: train_loss -0.6548
2026-06-16 04:44:49.318400: val_loss -0.5473
2026-06-16 04:44:49.319762: Pseudo dice [0.5711]
2026-06-16 04:44:49.321233: Epoch time: 22.61 s
2026-06-16 04:44:50.234343: 
2026-06-16 04:44:50.235800: Epoch 438
2026-06-16 04:44:50.237156: Current learning rate: 0.00595
2026-06-16 04:45:12.961619: train_loss -0.6799
2026-06-16 04:45:12.964602: val_loss -0.5779
2026-06-16 04:45:12.966007: Pseudo dice [0.6012]
2026-06-16 04:45:12.967366: Epoch time: 22.73 s
2026-06-16 04:45:13.871532: 
2026-06-16 04:45:13.872909: Epoch 439
2026-06-16 04:45:13.874169: Current learning rate: 0.00594
2026-06-16 04:45:36.582331: train_loss -0.6679
2026-06-16 04:45:36.584931: val_loss -0.5252
2026-06-16 04:45:36.586257: Pseudo dice [0.5725]
2026-06-16 04:45:36.587502: Epoch time: 22.71 s
2026-06-16 04:45:37.507827: 
2026-06-16 04:45:37.509333: Epoch 440
2026-06-16 04:45:37.510881: Current learning rate: 0.00593
2026-06-16 04:46:00.190832: train_loss -0.6703
2026-06-16 04:46:00.193069: val_loss -0.5452
2026-06-16 04:46:00.194303: Pseudo dice [0.5958]
2026-06-16 04:46:00.195526: Epoch time: 22.68 s
2026-06-16 04:46:01.112054: 
2026-06-16 04:46:01.113396: Epoch 441
2026-06-16 04:46:01.114600: Current learning rate: 0.00592
2026-06-16 04:46:23.946867: train_loss -0.6742
2026-06-16 04:46:23.949684: val_loss -0.5313
2026-06-16 04:46:23.950857: Pseudo dice [0.5597]
2026-06-16 04:46:23.952190: Epoch time: 22.84 s
2026-06-16 04:46:24.861077: 
2026-06-16 04:46:24.862467: Epoch 442
2026-06-16 04:46:24.863712: Current learning rate: 0.00592
2026-06-16 04:46:47.501381: train_loss -0.675
2026-06-16 04:46:47.503865: val_loss -0.5755
2026-06-16 04:46:47.505239: Pseudo dice [0.6033]
2026-06-16 04:46:47.506576: Epoch time: 22.64 s
2026-06-16 04:46:48.424356: 
2026-06-16 04:46:48.425805: Epoch 443
2026-06-16 04:46:48.427107: Current learning rate: 0.00591
2026-06-16 04:47:11.220529: train_loss -0.6769
2026-06-16 04:47:11.222758: val_loss -0.5126
2026-06-16 04:47:11.224005: Pseudo dice [0.5414]
2026-06-16 04:47:11.225218: Epoch time: 22.8 s
2026-06-16 04:47:12.115883: 
2026-06-16 04:47:12.117215: Epoch 444
2026-06-16 04:47:12.118450: Current learning rate: 0.0059
2026-06-16 04:47:34.827803: train_loss -0.6652
2026-06-16 04:47:34.831943: val_loss -0.4825
2026-06-16 04:47:34.833283: Pseudo dice [0.4937]
2026-06-16 04:47:34.834554: Epoch time: 22.71 s
2026-06-16 04:47:35.745815: 
2026-06-16 04:47:35.747251: Epoch 445
2026-06-16 04:47:35.748520: Current learning rate: 0.00589
2026-06-16 04:47:58.442750: train_loss -0.6535
2026-06-16 04:47:58.445421: val_loss -0.5412
2026-06-16 04:47:58.446715: Pseudo dice [0.5818]
2026-06-16 04:47:58.448009: Epoch time: 22.7 s
2026-06-16 04:47:59.344220: 
2026-06-16 04:47:59.345683: Epoch 446
2026-06-16 04:47:59.346910: Current learning rate: 0.00588
2026-06-16 04:48:22.087122: train_loss -0.6724
2026-06-16 04:48:22.089471: val_loss -0.5239
2026-06-16 04:48:22.090795: Pseudo dice [0.5579]
2026-06-16 04:48:22.092049: Epoch time: 22.74 s
2026-06-16 04:48:23.006906: 
2026-06-16 04:48:23.008321: Epoch 447
2026-06-16 04:48:23.009569: Current learning rate: 0.00587
2026-06-16 04:48:45.720834: train_loss -0.6516
2026-06-16 04:48:45.724605: val_loss -0.518
2026-06-16 04:48:45.725908: Pseudo dice [0.5892]
2026-06-16 04:48:45.727312: Epoch time: 22.71 s
2026-06-16 04:48:46.620739: 
2026-06-16 04:48:46.622174: Epoch 448
2026-06-16 04:48:46.623512: Current learning rate: 0.00586
2026-06-16 04:49:09.313170: train_loss -0.684
2026-06-16 04:49:09.315490: val_loss -0.5284
2026-06-16 04:49:09.316844: Pseudo dice [0.5622]
2026-06-16 04:49:09.318313: Epoch time: 22.69 s
2026-06-16 04:49:10.223346: 
2026-06-16 04:49:10.224847: Epoch 449
2026-06-16 04:49:10.226129: Current learning rate: 0.00585
2026-06-16 04:49:32.938888: train_loss -0.6526
2026-06-16 04:49:32.941014: val_loss -0.5354
2026-06-16 04:49:32.942238: Pseudo dice [0.5412]
2026-06-16 04:49:32.943520: Epoch time: 22.72 s
2026-06-16 04:49:34.320855: 
2026-06-16 04:49:34.322294: Epoch 450
2026-06-16 04:49:34.323540: Current learning rate: 0.00584
2026-06-16 04:49:57.117125: train_loss -0.6112
2026-06-16 04:49:57.119731: val_loss -0.4735
2026-06-16 04:49:57.120957: Pseudo dice [0.5074]
2026-06-16 04:49:57.122160: Epoch time: 22.8 s
2026-06-16 04:49:58.009357: 
2026-06-16 04:49:58.010745: Epoch 451
2026-06-16 04:49:58.012352: Current learning rate: 0.00583
2026-06-16 04:50:20.742466: train_loss -0.6549
2026-06-16 04:50:20.744909: val_loss -0.5351
2026-06-16 04:50:20.746122: Pseudo dice [0.5622]
2026-06-16 04:50:20.747342: Epoch time: 22.73 s
2026-06-16 04:50:21.637539: 
2026-06-16 04:50:21.638843: Epoch 452
2026-06-16 04:50:21.640022: Current learning rate: 0.00582
2026-06-16 04:50:44.444949: train_loss -0.6681
2026-06-16 04:50:44.447023: val_loss -0.5152
2026-06-16 04:50:44.448281: Pseudo dice [0.5415]
2026-06-16 04:50:44.449519: Epoch time: 22.81 s
2026-06-16 04:50:45.903613: 
2026-06-16 04:50:45.904969: Epoch 453
2026-06-16 04:50:45.906365: Current learning rate: 0.00581
2026-06-16 04:51:08.828813: train_loss -0.6776
2026-06-16 04:51:08.832234: val_loss -0.5508
2026-06-16 04:51:08.833792: Pseudo dice [0.5655]
2026-06-16 04:51:08.835076: Epoch time: 22.93 s
2026-06-16 04:51:09.741766: 
2026-06-16 04:51:09.747140: Epoch 454
2026-06-16 04:51:09.748402: Current learning rate: 0.0058
2026-06-16 04:51:32.500858: train_loss -0.6613
2026-06-16 04:51:32.503276: val_loss -0.5431
2026-06-16 04:51:32.504657: Pseudo dice [0.5767]
2026-06-16 04:51:32.506073: Epoch time: 22.76 s
2026-06-16 04:51:33.415478: 
2026-06-16 04:51:33.417012: Epoch 455
2026-06-16 04:51:33.418418: Current learning rate: 0.00579
2026-06-16 04:51:56.542037: train_loss -0.6713
2026-06-16 04:51:56.544344: val_loss -0.5799
2026-06-16 04:51:56.545543: Pseudo dice [0.5832]
2026-06-16 04:51:56.546781: Epoch time: 23.13 s
2026-06-16 04:51:57.449589: 
2026-06-16 04:51:57.451116: Epoch 456
2026-06-16 04:51:57.452368: Current learning rate: 0.00578
2026-06-16 04:52:20.207332: train_loss -0.6712
2026-06-16 04:52:20.210052: val_loss -0.5378
2026-06-16 04:52:20.211322: Pseudo dice [0.5928]
2026-06-16 04:52:20.212589: Epoch time: 22.76 s
2026-06-16 04:52:21.121638: 
2026-06-16 04:52:21.122864: Epoch 457
2026-06-16 04:52:21.124113: Current learning rate: 0.00577
2026-06-16 04:52:43.950454: train_loss -0.668
2026-06-16 04:52:43.952784: val_loss -0.5237
2026-06-16 04:52:43.954018: Pseudo dice [0.5733]
2026-06-16 04:52:43.955281: Epoch time: 22.83 s
2026-06-16 04:52:44.858294: 
2026-06-16 04:52:44.859648: Epoch 458
2026-06-16 04:52:44.860910: Current learning rate: 0.00576
2026-06-16 04:53:07.534765: train_loss -0.6717
2026-06-16 04:53:07.537299: val_loss -0.5734
2026-06-16 04:53:07.538616: Pseudo dice [0.595]
2026-06-16 04:53:07.539836: Epoch time: 22.68 s
2026-06-16 04:53:08.433512: 
2026-06-16 04:53:08.435044: Epoch 459
2026-06-16 04:53:08.436370: Current learning rate: 0.00575
2026-06-16 04:53:31.209807: train_loss -0.6693
2026-06-16 04:53:31.212593: val_loss -0.5204
2026-06-16 04:53:31.213971: Pseudo dice [0.5657]
2026-06-16 04:53:31.215167: Epoch time: 22.78 s
2026-06-16 04:53:32.105747: 
2026-06-16 04:53:32.107092: Epoch 460
2026-06-16 04:53:32.108295: Current learning rate: 0.00574
2026-06-16 04:53:54.839024: train_loss -0.6578
2026-06-16 04:53:54.841518: val_loss -0.565
2026-06-16 04:53:54.842875: Pseudo dice [0.6038]
2026-06-16 04:53:54.844137: Epoch time: 22.73 s
2026-06-16 04:53:55.741981: 
2026-06-16 04:53:55.743520: Epoch 461
2026-06-16 04:53:55.744673: Current learning rate: 0.00573
2026-06-16 04:54:18.535188: train_loss -0.6582
2026-06-16 04:54:18.537437: val_loss -0.5518
2026-06-16 04:54:18.538683: Pseudo dice [0.5829]
2026-06-16 04:54:18.539876: Epoch time: 22.79 s
2026-06-16 04:54:19.439463: 
2026-06-16 04:54:19.440805: Epoch 462
2026-06-16 04:54:19.442324: Current learning rate: 0.00572
2026-06-16 04:54:42.189128: train_loss -0.6706
2026-06-16 04:54:42.191947: val_loss -0.5856
2026-06-16 04:54:42.193301: Pseudo dice [0.5939]
2026-06-16 04:54:42.194550: Epoch time: 22.75 s
2026-06-16 04:54:43.106139: 
2026-06-16 04:54:43.107590: Epoch 463
2026-06-16 04:54:43.108928: Current learning rate: 0.00571
2026-06-16 04:55:05.844193: train_loss -0.6582
2026-06-16 04:55:05.846605: val_loss -0.527
2026-06-16 04:55:05.847918: Pseudo dice [0.5583]
2026-06-16 04:55:05.849171: Epoch time: 22.74 s
2026-06-16 04:55:06.759386: 
2026-06-16 04:55:06.760880: Epoch 464
2026-06-16 04:55:06.762141: Current learning rate: 0.0057
2026-06-16 04:55:29.330578: train_loss -0.6656
2026-06-16 04:55:29.332824: val_loss -0.5408
2026-06-16 04:55:29.334168: Pseudo dice [0.5537]
2026-06-16 04:55:29.335490: Epoch time: 22.57 s
2026-06-16 04:55:30.232508: 
2026-06-16 04:55:30.234339: Epoch 465
2026-06-16 04:55:30.237082: Current learning rate: 0.0057
2026-06-16 04:55:52.884033: train_loss -0.667
2026-06-16 04:55:52.886753: val_loss -0.4977
2026-06-16 04:55:52.888015: Pseudo dice [0.5527]
2026-06-16 04:55:52.889225: Epoch time: 22.65 s
2026-06-16 04:55:53.785167: 
2026-06-16 04:55:53.786591: Epoch 466
2026-06-16 04:55:53.787810: Current learning rate: 0.00569
2026-06-16 04:56:16.413823: train_loss -0.6684
2026-06-16 04:56:16.416540: val_loss -0.5626
2026-06-16 04:56:16.417968: Pseudo dice [0.5806]
2026-06-16 04:56:16.419156: Epoch time: 22.63 s
2026-06-16 04:56:17.314754: 
2026-06-16 04:56:17.316239: Epoch 467
2026-06-16 04:56:17.317408: Current learning rate: 0.00568
2026-06-16 04:56:40.026788: train_loss -0.6653
2026-06-16 04:56:40.029049: val_loss -0.5753
2026-06-16 04:56:40.030419: Pseudo dice [0.5855]
2026-06-16 04:56:40.031691: Epoch time: 22.71 s
2026-06-16 04:56:40.926484: 
2026-06-16 04:56:40.927941: Epoch 468
2026-06-16 04:56:40.929157: Current learning rate: 0.00567
2026-06-16 04:57:03.624237: train_loss -0.686
2026-06-16 04:57:03.626956: val_loss -0.4995
2026-06-16 04:57:03.628220: Pseudo dice [0.5251]
2026-06-16 04:57:03.629419: Epoch time: 22.7 s
2026-06-16 04:57:04.517629: 
2026-06-16 04:57:04.518944: Epoch 469
2026-06-16 04:57:04.520184: Current learning rate: 0.00566
2026-06-16 04:57:27.091301: train_loss -0.6805
2026-06-16 04:57:27.093679: val_loss -0.5648
2026-06-16 04:57:27.094892: Pseudo dice [0.586]
2026-06-16 04:57:27.096149: Epoch time: 22.57 s
2026-06-16 04:57:27.999066: 
2026-06-16 04:57:28.000636: Epoch 470
2026-06-16 04:57:28.001886: Current learning rate: 0.00565
2026-06-16 04:57:50.610113: train_loss -0.686
2026-06-16 04:57:50.612336: val_loss -0.505
2026-06-16 04:57:50.613705: Pseudo dice [0.556]
2026-06-16 04:57:50.614913: Epoch time: 22.61 s
2026-06-16 04:57:52.082935: 
2026-06-16 04:57:52.084337: Epoch 471
2026-06-16 04:57:52.085634: Current learning rate: 0.00564
2026-06-16 04:58:14.673899: train_loss -0.6797
2026-06-16 04:58:14.676683: val_loss -0.5268
2026-06-16 04:58:14.678010: Pseudo dice [0.564]
2026-06-16 04:58:14.679237: Epoch time: 22.59 s
2026-06-16 04:58:15.593346: 
2026-06-16 04:58:15.594766: Epoch 472
2026-06-16 04:58:15.596074: Current learning rate: 0.00563
2026-06-16 04:58:38.277648: train_loss -0.6773
2026-06-16 04:58:38.280283: val_loss -0.5398
2026-06-16 04:58:38.281525: Pseudo dice [0.5814]
2026-06-16 04:58:38.282775: Epoch time: 22.69 s
2026-06-16 04:58:39.177525: 
2026-06-16 04:58:39.178995: Epoch 473
2026-06-16 04:58:39.180650: Current learning rate: 0.00562
2026-06-16 04:59:01.817132: train_loss -0.6689
2026-06-16 04:59:01.819541: val_loss -0.5143
2026-06-16 04:59:01.820994: Pseudo dice [0.5694]
2026-06-16 04:59:01.822338: Epoch time: 22.64 s
2026-06-16 04:59:02.722732: 
2026-06-16 04:59:02.724424: Epoch 474
2026-06-16 04:59:02.725785: Current learning rate: 0.00561
2026-06-16 04:59:25.347356: train_loss -0.6613
2026-06-16 04:59:25.351025: val_loss -0.5264
2026-06-16 04:59:25.352263: Pseudo dice [0.5369]
2026-06-16 04:59:25.353517: Epoch time: 22.63 s
2026-06-16 04:59:26.241482: 
2026-06-16 04:59:26.242881: Epoch 475
2026-06-16 04:59:26.244044: Current learning rate: 0.0056
2026-06-16 04:59:48.730642: train_loss -0.6682
2026-06-16 04:59:48.732824: val_loss -0.601
2026-06-16 04:59:48.733999: Pseudo dice [0.6202]
2026-06-16 04:59:48.735209: Epoch time: 22.49 s
2026-06-16 04:59:49.630669: 
2026-06-16 04:59:49.632128: Epoch 476
2026-06-16 04:59:49.633396: Current learning rate: 0.00559
2026-06-16 05:00:12.258522: train_loss -0.6548
2026-06-16 05:00:12.260660: val_loss -0.553
2026-06-16 05:00:12.261937: Pseudo dice [0.5637]
2026-06-16 05:00:12.263122: Epoch time: 22.63 s
2026-06-16 05:00:13.175740: 
2026-06-16 05:00:13.176992: Epoch 477
2026-06-16 05:00:13.178233: Current learning rate: 0.00558
2026-06-16 05:00:35.631903: train_loss -0.6719
2026-06-16 05:00:35.634486: val_loss -0.5466
2026-06-16 05:00:35.635760: Pseudo dice [0.5964]
2026-06-16 05:00:35.636976: Epoch time: 22.46 s
2026-06-16 05:00:36.571472: 
2026-06-16 05:00:36.572794: Epoch 478
2026-06-16 05:00:36.573951: Current learning rate: 0.00557
2026-06-16 05:00:59.132305: train_loss -0.6789
2026-06-16 05:00:59.134640: val_loss -0.4901
2026-06-16 05:00:59.135939: Pseudo dice [0.5285]
2026-06-16 05:00:59.137115: Epoch time: 22.56 s
2026-06-16 05:01:00.055584: 
2026-06-16 05:01:00.056946: Epoch 479
2026-06-16 05:01:00.058214: Current learning rate: 0.00556
2026-06-16 05:01:22.555499: train_loss -0.6494
2026-06-16 05:01:22.557683: val_loss -0.5817
2026-06-16 05:01:22.558825: Pseudo dice [0.6058]
2026-06-16 05:01:22.560112: Epoch time: 22.5 s
2026-06-16 05:01:23.480548: 
2026-06-16 05:01:23.481737: Epoch 480
2026-06-16 05:01:23.483003: Current learning rate: 0.00555
2026-06-16 05:01:45.886526: train_loss -0.6867
2026-06-16 05:01:45.889092: val_loss -0.5356
2026-06-16 05:01:45.890341: Pseudo dice [0.5534]
2026-06-16 05:01:45.891537: Epoch time: 22.41 s
2026-06-16 05:01:46.797376: 
2026-06-16 05:01:46.798747: Epoch 481
2026-06-16 05:01:46.799844: Current learning rate: 0.00554
2026-06-16 05:02:09.289488: train_loss -0.6882
2026-06-16 05:02:09.291720: val_loss -0.561
2026-06-16 05:02:09.292890: Pseudo dice [0.5826]
2026-06-16 05:02:09.294079: Epoch time: 22.49 s
2026-06-16 05:02:10.222795: 
2026-06-16 05:02:10.224198: Epoch 482
2026-06-16 05:02:10.225405: Current learning rate: 0.00553
2026-06-16 05:02:32.746711: train_loss -0.6669
2026-06-16 05:02:32.748823: val_loss -0.5335
2026-06-16 05:02:32.750098: Pseudo dice [0.5672]
2026-06-16 05:02:32.751307: Epoch time: 22.52 s
2026-06-16 05:02:33.666024: 
2026-06-16 05:02:33.667324: Epoch 483
2026-06-16 05:02:33.668560: Current learning rate: 0.00552
2026-06-16 05:02:56.330390: train_loss -0.6711
2026-06-16 05:02:56.333086: val_loss -0.5636
2026-06-16 05:02:56.334394: Pseudo dice [0.594]
2026-06-16 05:02:56.335560: Epoch time: 22.67 s
2026-06-16 05:02:57.238119: 
2026-06-16 05:02:57.239547: Epoch 484
2026-06-16 05:02:57.240729: Current learning rate: 0.00551
2026-06-16 05:03:19.825786: train_loss -0.6717
2026-06-16 05:03:19.828330: val_loss -0.5294
2026-06-16 05:03:19.829569: Pseudo dice [0.5634]
2026-06-16 05:03:19.830738: Epoch time: 22.59 s
2026-06-16 05:03:20.733988: 
2026-06-16 05:03:20.738828: Epoch 485
2026-06-16 05:03:20.741298: Current learning rate: 0.0055
2026-06-16 05:03:43.405062: train_loss -0.6792
2026-06-16 05:03:43.407038: val_loss -0.5015
2026-06-16 05:03:43.408219: Pseudo dice [0.5238]
2026-06-16 05:03:43.409431: Epoch time: 22.67 s
2026-06-16 05:03:44.318807: 
2026-06-16 05:03:44.320053: Epoch 486
2026-06-16 05:03:44.321222: Current learning rate: 0.00549
2026-06-16 05:04:07.041717: train_loss -0.666
2026-06-16 05:04:07.044232: val_loss -0.5319
2026-06-16 05:04:07.045451: Pseudo dice [0.574]
2026-06-16 05:04:07.046564: Epoch time: 22.72 s
2026-06-16 05:04:07.955654: 
2026-06-16 05:04:07.957052: Epoch 487
2026-06-16 05:04:07.958260: Current learning rate: 0.00548
2026-06-16 05:04:30.724115: train_loss -0.6631
2026-06-16 05:04:30.726631: val_loss -0.5294
2026-06-16 05:04:30.727886: Pseudo dice [0.5471]
2026-06-16 05:04:30.729034: Epoch time: 22.77 s
2026-06-16 05:04:31.647694: 
2026-06-16 05:04:31.649386: Epoch 488
2026-06-16 05:04:31.650686: Current learning rate: 0.00547
2026-06-16 05:04:54.401896: train_loss -0.6577
2026-06-16 05:04:54.404119: val_loss -0.5466
2026-06-16 05:04:54.405446: Pseudo dice [0.5854]
2026-06-16 05:04:54.406670: Epoch time: 22.76 s
2026-06-16 05:04:55.878832: 
2026-06-16 05:04:55.880126: Epoch 489
2026-06-16 05:04:55.881356: Current learning rate: 0.00546
2026-06-16 05:05:18.626945: train_loss -0.6274
2026-06-16 05:05:18.629745: val_loss -0.5438
2026-06-16 05:05:18.630913: Pseudo dice [0.5339]
2026-06-16 05:05:18.632163: Epoch time: 22.75 s
2026-06-16 05:05:19.543397: 
2026-06-16 05:05:19.544710: Epoch 490
2026-06-16 05:05:19.545869: Current learning rate: 0.00546
2026-06-16 05:05:42.283314: train_loss -0.6644
2026-06-16 05:05:42.285615: val_loss -0.5405
2026-06-16 05:05:42.286792: Pseudo dice [0.5611]
2026-06-16 05:05:42.288023: Epoch time: 22.74 s
2026-06-16 05:05:43.194664: 
2026-06-16 05:05:43.196018: Epoch 491
2026-06-16 05:05:43.197257: Current learning rate: 0.00545
2026-06-16 05:06:05.953014: train_loss -0.6397
2026-06-16 05:06:05.955023: val_loss -0.4701
2026-06-16 05:06:05.956210: Pseudo dice [0.534]
2026-06-16 05:06:05.957436: Epoch time: 22.76 s
2026-06-16 05:06:06.870188: 
2026-06-16 05:06:06.871525: Epoch 492
2026-06-16 05:06:06.872730: Current learning rate: 0.00544
2026-06-16 05:06:29.629394: train_loss -0.6427
2026-06-16 05:06:29.632239: val_loss -0.5543
2026-06-16 05:06:29.633507: Pseudo dice [0.57]
2026-06-16 05:06:29.634663: Epoch time: 22.76 s
2026-06-16 05:06:30.535533: 
2026-06-16 05:06:30.536757: Epoch 493
2026-06-16 05:06:30.537841: Current learning rate: 0.00543
2026-06-16 05:06:53.174909: train_loss -0.6753
2026-06-16 05:06:53.177286: val_loss -0.5198
2026-06-16 05:06:53.178453: Pseudo dice [0.554]
2026-06-16 05:06:53.179697: Epoch time: 22.64 s
2026-06-16 05:06:54.090416: 
2026-06-16 05:06:54.091671: Epoch 494
2026-06-16 05:06:54.092859: Current learning rate: 0.00542
2026-06-16 05:07:16.803146: train_loss -0.676
2026-06-16 05:07:16.805315: val_loss -0.5573
2026-06-16 05:07:16.806451: Pseudo dice [0.5861]
2026-06-16 05:07:16.807702: Epoch time: 22.71 s
2026-06-16 05:07:17.712917: 
2026-06-16 05:07:17.714126: Epoch 495
2026-06-16 05:07:17.715205: Current learning rate: 0.00541
2026-06-16 05:07:40.450513: train_loss -0.6558
2026-06-16 05:07:40.458853: val_loss -0.5107
2026-06-16 05:07:40.460026: Pseudo dice [0.5531]
2026-06-16 05:07:40.461190: Epoch time: 22.74 s
2026-06-16 05:07:41.365742: 
2026-06-16 05:07:41.367191: Epoch 496
2026-06-16 05:07:41.368329: Current learning rate: 0.0054
2026-06-16 05:08:04.087007: train_loss -0.6839
2026-06-16 05:08:04.089188: val_loss -0.5597
2026-06-16 05:08:04.090344: Pseudo dice [0.5813]
2026-06-16 05:08:04.091546: Epoch time: 22.72 s
2026-06-16 05:08:04.998490: 
2026-06-16 05:08:04.999977: Epoch 497
2026-06-16 05:08:05.001226: Current learning rate: 0.00539
2026-06-16 05:08:27.770675: train_loss -0.651
2026-06-16 05:08:27.772770: val_loss -0.5523
2026-06-16 05:08:27.773949: Pseudo dice [0.5945]
2026-06-16 05:08:27.775080: Epoch time: 22.77 s
2026-06-16 05:08:28.679968: 
2026-06-16 05:08:28.681220: Epoch 498
2026-06-16 05:08:28.682482: Current learning rate: 0.00538
2026-06-16 05:08:51.334301: train_loss -0.693
2026-06-16 05:08:51.336924: val_loss -0.536
2026-06-16 05:08:51.338158: Pseudo dice [0.594]
2026-06-16 05:08:51.339323: Epoch time: 22.66 s
2026-06-16 05:08:52.259715: 
2026-06-16 05:08:52.263287: Epoch 499
2026-06-16 05:08:52.264530: Current learning rate: 0.00537
2026-06-16 05:09:14.821531: train_loss -0.6691
2026-06-16 05:09:14.823848: val_loss -0.5547
2026-06-16 05:09:14.825027: Pseudo dice [0.5898]
2026-06-16 05:09:14.826210: Epoch time: 22.56 s
2026-06-16 05:09:16.217871: 
2026-06-16 05:09:16.219224: Epoch 500
2026-06-16 05:09:16.220351: Current learning rate: 0.00536
2026-06-16 05:09:38.962190: train_loss -0.6772
2026-06-16 05:09:38.970515: val_loss -0.5383
2026-06-16 05:09:38.972613: Pseudo dice [0.5827]
2026-06-16 05:09:38.983490: Epoch time: 22.75 s
2026-06-16 05:09:39.889011: 
2026-06-16 05:09:39.890211: Epoch 501
2026-06-16 05:09:39.891449: Current learning rate: 0.00535
2026-06-16 05:10:02.524021: train_loss -0.6774
2026-06-16 05:10:02.526730: val_loss -0.5161
2026-06-16 05:10:02.527934: Pseudo dice [0.5504]
2026-06-16 05:10:02.529038: Epoch time: 22.64 s
2026-06-16 05:10:03.436185: 
2026-06-16 05:10:03.437563: Epoch 502
2026-06-16 05:10:03.438740: Current learning rate: 0.00534
2026-06-16 05:10:26.124633: train_loss -0.6627
2026-06-16 05:10:26.126911: val_loss -0.5125
2026-06-16 05:10:26.128121: Pseudo dice [0.5596]
2026-06-16 05:10:26.129306: Epoch time: 22.69 s
2026-06-16 05:10:27.040587: 
2026-06-16 05:10:27.041901: Epoch 503
2026-06-16 05:10:27.043113: Current learning rate: 0.00533
2026-06-16 05:10:49.864489: train_loss -0.6605
2026-06-16 05:10:49.866498: val_loss -0.5285
2026-06-16 05:10:49.867778: Pseudo dice [0.5752]
2026-06-16 05:10:49.869003: Epoch time: 22.83 s
2026-06-16 05:10:50.776667: 
2026-06-16 05:10:50.777975: Epoch 504
2026-06-16 05:10:50.779263: Current learning rate: 0.00532
2026-06-16 05:11:13.533656: train_loss -0.6697
2026-06-16 05:11:13.537969: val_loss -0.5856
2026-06-16 05:11:13.539334: Pseudo dice [0.5972]
2026-06-16 05:11:13.540525: Epoch time: 22.76 s
2026-06-16 05:11:14.444199: 
2026-06-16 05:11:14.445590: Epoch 505
2026-06-16 05:11:14.446969: Current learning rate: 0.00531
2026-06-16 05:11:37.126594: train_loss -0.6495
2026-06-16 05:11:37.128844: val_loss -0.5543
2026-06-16 05:11:37.130027: Pseudo dice [0.6228]
2026-06-16 05:11:37.131225: Epoch time: 22.68 s
2026-06-16 05:11:37.132423: Yayy! New best EMA pseudo Dice: 0.578
2026-06-16 05:11:39.059694: 
2026-06-16 05:11:39.060927: Epoch 506
2026-06-16 05:11:39.062001: Current learning rate: 0.0053
2026-06-16 05:12:01.759204: train_loss -0.6681
2026-06-16 05:12:01.761296: val_loss -0.4902
2026-06-16 05:12:01.762538: Pseudo dice [0.5177]
2026-06-16 05:12:01.763771: Epoch time: 22.7 s
2026-06-16 05:12:02.665895: 
2026-06-16 05:12:02.667089: Epoch 507
2026-06-16 05:12:02.668196: Current learning rate: 0.00529
2026-06-16 05:12:25.445655: train_loss -0.6864
2026-06-16 05:12:25.448141: val_loss -0.541
2026-06-16 05:12:25.449391: Pseudo dice [0.5743]
2026-06-16 05:12:25.450583: Epoch time: 22.78 s
2026-06-16 05:12:26.347057: 
2026-06-16 05:12:26.348523: Epoch 508
2026-06-16 05:12:26.349664: Current learning rate: 0.00528
2026-06-16 05:12:49.022730: train_loss -0.6628
2026-06-16 05:12:49.024933: val_loss -0.537
2026-06-16 05:12:49.026083: Pseudo dice [0.5826]
2026-06-16 05:12:49.027194: Epoch time: 22.68 s
2026-06-16 05:12:49.943435: 
2026-06-16 05:12:49.944650: Epoch 509
2026-06-16 05:12:49.945719: Current learning rate: 0.00527
2026-06-16 05:13:12.604205: train_loss -0.6822
2026-06-16 05:13:12.612316: val_loss -0.5112
2026-06-16 05:13:12.614121: Pseudo dice [0.544]
2026-06-16 05:13:12.621210: Epoch time: 22.66 s
2026-06-16 05:13:13.519537: 
2026-06-16 05:13:13.520950: Epoch 510
2026-06-16 05:13:13.522190: Current learning rate: 0.00526
2026-06-16 05:13:36.251111: train_loss -0.6637
2026-06-16 05:13:36.253965: val_loss -0.521
2026-06-16 05:13:36.255274: Pseudo dice [0.5699]
2026-06-16 05:13:36.256486: Epoch time: 22.73 s
2026-06-16 05:13:37.160314: 
2026-06-16 05:13:37.161618: Epoch 511
2026-06-16 05:13:37.162833: Current learning rate: 0.00525
2026-06-16 05:13:59.742359: train_loss -0.6612
2026-06-16 05:13:59.744694: val_loss -0.5279
2026-06-16 05:13:59.745818: Pseudo dice [0.5747]
2026-06-16 05:13:59.746955: Epoch time: 22.58 s
2026-06-16 05:14:00.654434: 
2026-06-16 05:14:00.655781: Epoch 512
2026-06-16 05:14:00.656888: Current learning rate: 0.00524
2026-06-16 05:14:23.230403: train_loss -0.6934
2026-06-16 05:14:23.232589: val_loss -0.5602
2026-06-16 05:14:23.233797: Pseudo dice [0.5902]
2026-06-16 05:14:23.235015: Epoch time: 22.58 s
2026-06-16 05:14:24.154656: 
2026-06-16 05:14:24.155921: Epoch 513
2026-06-16 05:14:24.157881: Current learning rate: 0.00523
2026-06-16 05:14:46.728361: train_loss -0.6626
2026-06-16 05:14:46.730843: val_loss -0.4488
2026-06-16 05:14:46.732046: Pseudo dice [0.501]
2026-06-16 05:14:46.733302: Epoch time: 22.57 s
2026-06-16 05:14:47.640237: 
2026-06-16 05:14:47.641531: Epoch 514
2026-06-16 05:14:47.642729: Current learning rate: 0.00522
2026-06-16 05:15:10.167224: train_loss -0.671
2026-06-16 05:15:10.169697: val_loss -0.5729
2026-06-16 05:15:10.170949: Pseudo dice [0.5872]
2026-06-16 05:15:10.172200: Epoch time: 22.53 s
2026-06-16 05:15:11.082169: 
2026-06-16 05:15:11.083526: Epoch 515
2026-06-16 05:15:11.084735: Current learning rate: 0.00521
2026-06-16 05:15:33.699063: train_loss -0.6902
2026-06-16 05:15:33.701198: val_loss -0.5298
2026-06-16 05:15:33.702413: Pseudo dice [0.5658]
2026-06-16 05:15:33.703611: Epoch time: 22.62 s
2026-06-16 05:15:34.609849: 
2026-06-16 05:15:34.613317: Epoch 516
2026-06-16 05:15:34.617859: Current learning rate: 0.0052
2026-06-16 05:15:57.182522: train_loss -0.6708
2026-06-16 05:15:57.185260: val_loss -0.5693
2026-06-16 05:15:57.186519: Pseudo dice [0.5901]
2026-06-16 05:15:57.187712: Epoch time: 22.57 s
2026-06-16 05:15:58.104709: 
2026-06-16 05:15:58.106069: Epoch 517
2026-06-16 05:15:58.107271: Current learning rate: 0.00519
2026-06-16 05:16:20.577994: train_loss -0.6918
2026-06-16 05:16:20.580394: val_loss -0.5384
2026-06-16 05:16:20.581668: Pseudo dice [0.5817]
2026-06-16 05:16:20.582997: Epoch time: 22.47 s
2026-06-16 05:16:21.493877: 
2026-06-16 05:16:21.495062: Epoch 518
2026-06-16 05:16:21.496245: Current learning rate: 0.00518
2026-06-16 05:16:43.969842: train_loss -0.7031
2026-06-16 05:16:43.972268: val_loss -0.5213
2026-06-16 05:16:43.973495: Pseudo dice [0.5493]
2026-06-16 05:16:43.975113: Epoch time: 22.48 s
2026-06-16 05:16:44.895245: 
2026-06-16 05:16:44.896676: Epoch 519
2026-06-16 05:16:44.897904: Current learning rate: 0.00518
2026-06-16 05:17:07.364215: train_loss -0.6876
2026-06-16 05:17:07.366831: val_loss -0.5462
2026-06-16 05:17:07.368080: Pseudo dice [0.5578]
2026-06-16 05:17:07.369320: Epoch time: 22.47 s
2026-06-16 05:17:08.271431: 
2026-06-16 05:17:08.272764: Epoch 520
2026-06-16 05:17:08.273987: Current learning rate: 0.00517
2026-06-16 05:17:30.813386: train_loss -0.6884
2026-06-16 05:17:30.815567: val_loss -0.5524
2026-06-16 05:17:30.816848: Pseudo dice [0.5805]
2026-06-16 05:17:30.818051: Epoch time: 22.54 s
2026-06-16 05:17:31.734970: 
2026-06-16 05:17:31.736263: Epoch 521
2026-06-16 05:17:31.737524: Current learning rate: 0.00516
2026-06-16 05:17:54.334779: train_loss -0.6739
2026-06-16 05:17:54.336973: val_loss -0.566
2026-06-16 05:17:54.338142: Pseudo dice [0.5987]
2026-06-16 05:17:54.339378: Epoch time: 22.6 s
2026-06-16 05:17:55.253313: 
2026-06-16 05:17:55.254882: Epoch 522
2026-06-16 05:17:55.256080: Current learning rate: 0.00515
2026-06-16 05:18:17.859432: train_loss -0.7
2026-06-16 05:18:17.861972: val_loss -0.5287
2026-06-16 05:18:17.863255: Pseudo dice [0.569]
2026-06-16 05:18:17.864434: Epoch time: 22.61 s
2026-06-16 05:18:18.770212: 
2026-06-16 05:18:18.771784: Epoch 523
2026-06-16 05:18:18.773189: Current learning rate: 0.00514
2026-06-16 05:18:41.218428: train_loss -0.6841
2026-06-16 05:18:41.220796: val_loss -0.5413
2026-06-16 05:18:41.222005: Pseudo dice [0.6003]
2026-06-16 05:18:41.223192: Epoch time: 22.45 s
2026-06-16 05:18:42.711284: 
2026-06-16 05:18:42.712579: Epoch 524
2026-06-16 05:18:42.713825: Current learning rate: 0.00513
2026-06-16 05:19:05.311247: train_loss -0.6908
2026-06-16 05:19:05.313512: val_loss -0.5598
2026-06-16 05:19:05.314670: Pseudo dice [0.5888]
2026-06-16 05:19:05.315736: Epoch time: 22.6 s
2026-06-16 05:19:06.231356: 
2026-06-16 05:19:06.232789: Epoch 525
2026-06-16 05:19:06.234026: Current learning rate: 0.00512
2026-06-16 05:19:28.622139: train_loss -0.6854
2026-06-16 05:19:28.624833: val_loss -0.5346
2026-06-16 05:19:28.626081: Pseudo dice [0.5859]
2026-06-16 05:19:28.627286: Epoch time: 22.39 s
2026-06-16 05:19:29.530602: 
2026-06-16 05:19:29.532013: Epoch 526
2026-06-16 05:19:29.533265: Current learning rate: 0.00511
2026-06-16 05:19:52.128154: train_loss -0.6841
2026-06-16 05:19:52.130489: val_loss -0.5294
2026-06-16 05:19:52.131620: Pseudo dice [0.5618]
2026-06-16 05:19:52.132881: Epoch time: 22.6 s
2026-06-16 05:19:53.055081: 
2026-06-16 05:19:53.056445: Epoch 527
2026-06-16 05:19:53.057667: Current learning rate: 0.0051
2026-06-16 05:20:15.542262: train_loss -0.6978
2026-06-16 05:20:15.545353: val_loss -0.5466
2026-06-16 05:20:15.546672: Pseudo dice [0.5707]
2026-06-16 05:20:15.548061: Epoch time: 22.49 s
2026-06-16 05:20:16.457663: 
2026-06-16 05:20:16.459021: Epoch 528
2026-06-16 05:20:16.460224: Current learning rate: 0.00509
2026-06-16 05:20:39.001033: train_loss -0.6734
2026-06-16 05:20:39.003625: val_loss -0.5729
2026-06-16 05:20:39.004865: Pseudo dice [0.6055]
2026-06-16 05:20:39.006083: Epoch time: 22.54 s
2026-06-16 05:20:39.007255: Yayy! New best EMA pseudo Dice: 0.578
2026-06-16 05:20:40.392257: 
2026-06-16 05:20:40.393623: Epoch 529
2026-06-16 05:20:40.394807: Current learning rate: 0.00508
2026-06-16 05:21:02.981845: train_loss -0.6978
2026-06-16 05:21:02.984277: val_loss -0.5816
2026-06-16 05:21:02.985397: Pseudo dice [0.5975]
2026-06-16 05:21:02.986639: Epoch time: 22.59 s
2026-06-16 05:21:02.987894: Yayy! New best EMA pseudo Dice: 0.58
2026-06-16 05:21:04.381123: 
2026-06-16 05:21:04.382411: Epoch 530
2026-06-16 05:21:04.383640: Current learning rate: 0.00507
2026-06-16 05:21:26.880693: train_loss -0.693
2026-06-16 05:21:26.882740: val_loss -0.5369
2026-06-16 05:21:26.883920: Pseudo dice [0.5527]
2026-06-16 05:21:26.885001: Epoch time: 22.5 s
2026-06-16 05:21:27.787124: 
2026-06-16 05:21:27.788467: Epoch 531
2026-06-16 05:21:27.789685: Current learning rate: 0.00506
2026-06-16 05:21:50.379852: train_loss -0.7055
2026-06-16 05:21:50.383941: val_loss -0.494
2026-06-16 05:21:50.387345: Pseudo dice [0.5506]
2026-06-16 05:21:50.391992: Epoch time: 22.59 s
2026-06-16 05:21:51.304251: 
2026-06-16 05:21:51.305460: Epoch 532
2026-06-16 05:21:51.306560: Current learning rate: 0.00505
2026-06-16 05:22:13.864119: train_loss -0.6824
2026-06-16 05:22:13.866581: val_loss -0.5589
2026-06-16 05:22:13.867753: Pseudo dice [0.5735]
2026-06-16 05:22:13.868928: Epoch time: 22.56 s
2026-06-16 05:22:14.782963: 
2026-06-16 05:22:14.784342: Epoch 533
2026-06-16 05:22:14.785561: Current learning rate: 0.00504
2026-06-16 05:22:37.406372: train_loss -0.6749
2026-06-16 05:22:37.408508: val_loss -0.5346
2026-06-16 05:22:37.409791: Pseudo dice [0.5784]
2026-06-16 05:22:37.411009: Epoch time: 22.62 s
2026-06-16 05:22:38.316362: 
2026-06-16 05:22:38.317794: Epoch 534
2026-06-16 05:22:38.319072: Current learning rate: 0.00503
2026-06-16 05:23:00.860017: train_loss -0.6797
2026-06-16 05:23:00.862509: val_loss -0.5328
2026-06-16 05:23:00.863716: Pseudo dice [0.563]
2026-06-16 05:23:00.864841: Epoch time: 22.54 s
2026-06-16 05:23:01.783841: 
2026-06-16 05:23:01.785121: Epoch 535
2026-06-16 05:23:01.786330: Current learning rate: 0.00502
2026-06-16 05:23:24.224038: train_loss -0.6989
2026-06-16 05:23:24.226413: val_loss -0.5582
2026-06-16 05:23:24.227535: Pseudo dice [0.5903]
2026-06-16 05:23:24.228791: Epoch time: 22.44 s
2026-06-16 05:23:25.148359: 
2026-06-16 05:23:25.150285: Epoch 536
2026-06-16 05:23:25.151531: Current learning rate: 0.00501
2026-06-16 05:23:47.708057: train_loss -0.6878
2026-06-16 05:23:47.710161: val_loss -0.5552
2026-06-16 05:23:47.711407: Pseudo dice [0.5892]
2026-06-16 05:23:47.712667: Epoch time: 22.56 s
2026-06-16 05:23:48.626992: 
2026-06-16 05:23:48.628341: Epoch 537
2026-06-16 05:23:48.629564: Current learning rate: 0.005
2026-06-16 05:24:11.123279: train_loss -0.6997
2026-06-16 05:24:11.126141: val_loss -0.5872
2026-06-16 05:24:11.127289: Pseudo dice [0.5886]
2026-06-16 05:24:11.128550: Epoch time: 22.5 s
2026-06-16 05:24:12.044702: 
2026-06-16 05:24:12.045861: Epoch 538
2026-06-16 05:24:12.047012: Current learning rate: 0.00499
2026-06-16 05:24:34.588822: train_loss -0.6577
2026-06-16 05:24:34.591050: val_loss -0.5187
2026-06-16 05:24:34.592223: Pseudo dice [0.5655]
2026-06-16 05:24:34.593368: Epoch time: 22.55 s
2026-06-16 05:24:35.501478: 
2026-06-16 05:24:35.502889: Epoch 539
2026-06-16 05:24:35.504047: Current learning rate: 0.00498
2026-06-16 05:24:58.047828: train_loss -0.6698
2026-06-16 05:24:58.049816: val_loss -0.5204
2026-06-16 05:24:58.051045: Pseudo dice [0.5537]
2026-06-16 05:24:58.052237: Epoch time: 22.55 s
2026-06-16 05:24:58.967376: 
2026-06-16 05:24:58.968783: Epoch 540
2026-06-16 05:24:58.969922: Current learning rate: 0.00497
2026-06-16 05:25:21.514340: train_loss -0.681
2026-06-16 05:25:21.517045: val_loss -0.5428
2026-06-16 05:25:21.518224: Pseudo dice [0.5769]
2026-06-16 05:25:21.519363: Epoch time: 22.55 s
2026-06-16 05:25:22.974854: 
2026-06-16 05:25:22.976120: Epoch 541
2026-06-16 05:25:22.977392: Current learning rate: 0.00496
2026-06-16 05:25:45.493708: train_loss -0.6921
2026-06-16 05:25:45.495931: val_loss -0.5445
2026-06-16 05:25:45.497106: Pseudo dice [0.5624]
2026-06-16 05:25:45.498350: Epoch time: 22.52 s
2026-06-16 05:25:46.403631: 
2026-06-16 05:25:46.404905: Epoch 542
2026-06-16 05:25:46.406177: Current learning rate: 0.00495
2026-06-16 05:26:08.998177: train_loss -0.6864
2026-06-16 05:26:09.001464: val_loss -0.4953
2026-06-16 05:26:09.002815: Pseudo dice [0.5475]
2026-06-16 05:26:09.004002: Epoch time: 22.6 s
2026-06-16 05:26:09.916561: 
2026-06-16 05:26:09.917804: Epoch 543
2026-06-16 05:26:09.918911: Current learning rate: 0.00494
2026-06-16 05:26:32.433814: train_loss -0.663
2026-06-16 05:26:32.436478: val_loss -0.5483
2026-06-16 05:26:32.437713: Pseudo dice [0.5862]
2026-06-16 05:26:32.438867: Epoch time: 22.52 s
2026-06-16 05:26:33.346457: 
2026-06-16 05:26:33.347839: Epoch 544
2026-06-16 05:26:33.349142: Current learning rate: 0.00493
2026-06-16 05:26:55.935390: train_loss -0.6589
2026-06-16 05:26:55.943633: val_loss -0.5791
2026-06-16 05:26:55.945018: Pseudo dice [0.5883]
2026-06-16 05:26:55.946205: Epoch time: 22.59 s
2026-06-16 05:26:56.849498: 
2026-06-16 05:26:56.850960: Epoch 545
2026-06-16 05:26:56.852133: Current learning rate: 0.00492
2026-06-16 05:27:19.441923: train_loss -0.6907
2026-06-16 05:27:19.444603: val_loss -0.5304
2026-06-16 05:27:19.445874: Pseudo dice [0.5818]
2026-06-16 05:27:19.447192: Epoch time: 22.59 s
2026-06-16 05:27:20.356746: 
2026-06-16 05:27:20.358118: Epoch 546
2026-06-16 05:27:20.359340: Current learning rate: 0.00491
2026-06-16 05:27:42.894168: train_loss -0.6929
2026-06-16 05:27:42.896840: val_loss -0.5622
2026-06-16 05:27:42.898263: Pseudo dice [0.5755]
2026-06-16 05:27:42.899677: Epoch time: 22.54 s
2026-06-16 05:27:43.810466: 
2026-06-16 05:27:43.811824: Epoch 547
2026-06-16 05:27:43.813079: Current learning rate: 0.0049
2026-06-16 05:28:06.363577: train_loss -0.7006
2026-06-16 05:28:06.365960: val_loss -0.5496
2026-06-16 05:28:06.367353: Pseudo dice [0.5929]
2026-06-16 05:28:06.368750: Epoch time: 22.55 s
2026-06-16 05:28:07.287866: 
2026-06-16 05:28:07.289504: Epoch 548
2026-06-16 05:28:07.291014: Current learning rate: 0.00489
2026-06-16 05:28:29.844291: train_loss -0.6746
2026-06-16 05:28:29.846741: val_loss -0.5269
2026-06-16 05:28:29.848018: Pseudo dice [0.5687]
2026-06-16 05:28:29.849314: Epoch time: 22.56 s
2026-06-16 05:28:30.760671: 
2026-06-16 05:28:30.762073: Epoch 549
2026-06-16 05:28:30.763330: Current learning rate: 0.00488
2026-06-16 05:28:53.403555: train_loss -0.6971
2026-06-16 05:28:53.406232: val_loss -0.5339
2026-06-16 05:28:53.407506: Pseudo dice [0.5619]
2026-06-16 05:28:53.408731: Epoch time: 22.64 s
2026-06-16 05:28:54.810604: 
2026-06-16 05:28:54.811950: Epoch 550
2026-06-16 05:28:54.813223: Current learning rate: 0.00487
2026-06-16 05:29:17.355913: train_loss -0.6858
2026-06-16 05:29:17.358262: val_loss -0.5973
2026-06-16 05:29:17.359527: Pseudo dice [0.6112]
2026-06-16 05:29:17.360930: Epoch time: 22.55 s
2026-06-16 05:29:18.259891: 
2026-06-16 05:29:18.261403: Epoch 551
2026-06-16 05:29:18.262794: Current learning rate: 0.00486
2026-06-16 05:29:40.822948: train_loss -0.7032
2026-06-16 05:29:40.825140: val_loss -0.5678
2026-06-16 05:29:40.826354: Pseudo dice [0.5976]
2026-06-16 05:29:40.827635: Epoch time: 22.56 s
2026-06-16 05:29:40.828791: Yayy! New best EMA pseudo Dice: 0.5801
2026-06-16 05:29:42.239339: 
2026-06-16 05:29:42.240762: Epoch 552
2026-06-16 05:29:42.241992: Current learning rate: 0.00485
2026-06-16 05:30:04.740780: train_loss -0.6845
2026-06-16 05:30:04.743426: val_loss -0.5415
2026-06-16 05:30:04.744630: Pseudo dice [0.551]
2026-06-16 05:30:04.745878: Epoch time: 22.5 s
2026-06-16 05:30:05.649450: 
2026-06-16 05:30:05.650770: Epoch 553
2026-06-16 05:30:05.651938: Current learning rate: 0.00484
2026-06-16 05:30:28.124501: train_loss -0.6787
2026-06-16 05:30:28.126839: val_loss -0.5012
2026-06-16 05:30:28.128090: Pseudo dice [0.5642]
2026-06-16 05:30:28.129364: Epoch time: 22.48 s
2026-06-16 05:30:29.036169: 
2026-06-16 05:30:29.037586: Epoch 554
2026-06-16 05:30:29.038920: Current learning rate: 0.00484
2026-06-16 05:30:51.546429: train_loss -0.6906
2026-06-16 05:30:51.548843: val_loss -0.5587
2026-06-16 05:30:51.550079: Pseudo dice [0.5834]
2026-06-16 05:30:51.551331: Epoch time: 22.51 s
2026-06-16 05:30:52.468968: 
2026-06-16 05:30:52.470433: Epoch 555
2026-06-16 05:30:52.471670: Current learning rate: 0.00483
2026-06-16 05:31:15.073134: train_loss -0.6935
2026-06-16 05:31:15.076343: val_loss -0.532
2026-06-16 05:31:15.077524: Pseudo dice [0.5481]
2026-06-16 05:31:15.078801: Epoch time: 22.61 s
2026-06-16 05:31:15.995948: 
2026-06-16 05:31:15.997329: Epoch 556
2026-06-16 05:31:15.998609: Current learning rate: 0.00482
2026-06-16 05:31:38.663157: train_loss -0.6982
2026-06-16 05:31:38.665566: val_loss -0.5611
2026-06-16 05:31:38.666841: Pseudo dice [0.5858]
2026-06-16 05:31:38.670413: Epoch time: 22.67 s
2026-06-16 05:31:39.604349: 
2026-06-16 05:31:39.605842: Epoch 557
2026-06-16 05:31:39.607041: Current learning rate: 0.00481
2026-06-16 05:32:02.200331: train_loss -0.6748
2026-06-16 05:32:02.202423: val_loss -0.5539
2026-06-16 05:32:02.203686: Pseudo dice [0.5684]
2026-06-16 05:32:02.204919: Epoch time: 22.6 s
2026-06-16 05:32:03.683318: 
2026-06-16 05:32:03.684658: Epoch 558
2026-06-16 05:32:03.685948: Current learning rate: 0.0048
2026-06-16 05:32:26.185440: train_loss -0.668
2026-06-16 05:32:26.188156: val_loss -0.4999
2026-06-16 05:32:26.189521: Pseudo dice [0.541]
2026-06-16 05:32:26.190691: Epoch time: 22.5 s
2026-06-16 05:32:27.101570: 
2026-06-16 05:32:27.103058: Epoch 559
2026-06-16 05:32:27.104337: Current learning rate: 0.00479
2026-06-16 05:32:49.698550: train_loss -0.6565
2026-06-16 05:32:49.700885: val_loss -0.5565
2026-06-16 05:32:49.702194: Pseudo dice [0.5881]
2026-06-16 05:32:49.703429: Epoch time: 22.6 s
2026-06-16 05:32:50.617023: 
2026-06-16 05:32:50.618391: Epoch 560
2026-06-16 05:32:50.619625: Current learning rate: 0.00478
2026-06-16 05:33:13.151323: train_loss -0.7086
2026-06-16 05:33:13.153842: val_loss -0.5634
2026-06-16 05:33:13.155142: Pseudo dice [0.61]
2026-06-16 05:33:13.156373: Epoch time: 22.54 s
2026-06-16 05:33:14.064887: 
2026-06-16 05:33:14.066407: Epoch 561
2026-06-16 05:33:14.067636: Current learning rate: 0.00477
2026-06-16 05:33:36.663840: train_loss -0.6855
2026-06-16 05:33:36.666581: val_loss -0.5484
2026-06-16 05:33:36.667809: Pseudo dice [0.6121]
2026-06-16 05:33:36.669037: Epoch time: 22.6 s
2026-06-16 05:33:37.590116: 
2026-06-16 05:33:37.591458: Epoch 562
2026-06-16 05:33:37.593248: Current learning rate: 0.00476
2026-06-16 05:34:00.215456: train_loss -0.6882
2026-06-16 05:34:00.218008: val_loss -0.5484
2026-06-16 05:34:00.219368: Pseudo dice [0.5809]
2026-06-16 05:34:00.220908: Epoch time: 22.63 s
2026-06-16 05:34:00.222479: Yayy! New best EMA pseudo Dice: 0.5801
2026-06-16 05:34:01.638163: 
2026-06-16 05:34:01.639595: Epoch 563
2026-06-16 05:34:01.641023: Current learning rate: 0.00475
2026-06-16 05:34:24.179464: train_loss -0.6958
2026-06-16 05:34:24.182881: val_loss -0.536
2026-06-16 05:34:24.184256: Pseudo dice [0.5707]
2026-06-16 05:34:24.185649: Epoch time: 22.54 s
2026-06-16 05:34:25.101426: 
2026-06-16 05:34:25.102780: Epoch 564
2026-06-16 05:34:25.103988: Current learning rate: 0.00474
2026-06-16 05:34:47.675707: train_loss -0.6896
2026-06-16 05:34:47.678550: val_loss -0.5496
2026-06-16 05:34:47.679869: Pseudo dice [0.5877]
2026-06-16 05:34:47.681317: Epoch time: 22.58 s
2026-06-16 05:34:48.602765: 
2026-06-16 05:34:48.604241: Epoch 565
2026-06-16 05:34:48.605469: Current learning rate: 0.00473
2026-06-16 05:35:11.124104: train_loss -0.6892
2026-06-16 05:35:11.126588: val_loss -0.5559
2026-06-16 05:35:11.127914: Pseudo dice [0.5962]
2026-06-16 05:35:11.129192: Epoch time: 22.52 s
2026-06-16 05:35:11.130413: Yayy! New best EMA pseudo Dice: 0.5816
2026-06-16 05:35:12.538513: 
2026-06-16 05:35:12.539885: Epoch 566
2026-06-16 05:35:12.541181: Current learning rate: 0.00472
2026-06-16 05:35:35.181856: train_loss -0.6716
2026-06-16 05:35:35.184276: val_loss -0.5555
2026-06-16 05:35:35.185575: Pseudo dice [0.5827]
2026-06-16 05:35:35.186911: Epoch time: 22.64 s
2026-06-16 05:35:35.188119: Yayy! New best EMA pseudo Dice: 0.5817
2026-06-16 05:35:36.584587: 
2026-06-16 05:35:36.586134: Epoch 567
2026-06-16 05:35:36.587547: Current learning rate: 0.00471
2026-06-16 05:35:59.160038: train_loss -0.6677
2026-06-16 05:35:59.163256: val_loss -0.5577
2026-06-16 05:35:59.164454: Pseudo dice [0.581]
2026-06-16 05:35:59.165779: Epoch time: 22.58 s
2026-06-16 05:36:00.071105: 
2026-06-16 05:36:00.072532: Epoch 568
2026-06-16 05:36:00.073987: Current learning rate: 0.0047
2026-06-16 05:36:22.587698: train_loss -0.7046
2026-06-16 05:36:22.590028: val_loss -0.5399
2026-06-16 05:36:22.591307: Pseudo dice [0.5811]
2026-06-16 05:36:22.592568: Epoch time: 22.52 s
2026-06-16 05:36:23.518490: 
2026-06-16 05:36:23.519867: Epoch 569
2026-06-16 05:36:23.521065: Current learning rate: 0.00469
2026-06-16 05:36:46.010648: train_loss -0.7122
2026-06-16 05:36:46.013167: val_loss -0.5228
2026-06-16 05:36:46.014573: Pseudo dice [0.5764]
2026-06-16 05:36:46.015823: Epoch time: 22.49 s
2026-06-16 05:36:46.926177: 
2026-06-16 05:36:46.927910: Epoch 570
2026-06-16 05:36:46.929327: Current learning rate: 0.00468
2026-06-16 05:37:09.440795: train_loss -0.7056
2026-06-16 05:37:09.443711: val_loss -0.5205
2026-06-16 05:37:09.445011: Pseudo dice [0.5404]
2026-06-16 05:37:09.446207: Epoch time: 22.52 s
2026-06-16 05:37:10.362485: 
2026-06-16 05:37:10.363938: Epoch 571
2026-06-16 05:37:10.365354: Current learning rate: 0.00467
2026-06-16 05:37:32.907537: train_loss -0.697
2026-06-16 05:37:32.912548: val_loss -0.5669
2026-06-16 05:37:32.913979: Pseudo dice [0.6152]
2026-06-16 05:37:32.915246: Epoch time: 22.55 s
2026-06-16 05:37:33.821162: 
2026-06-16 05:37:33.822728: Epoch 572
2026-06-16 05:37:33.823927: Current learning rate: 0.00466
2026-06-16 05:37:56.424674: train_loss -0.6875
2026-06-16 05:37:56.427011: val_loss -0.5558
2026-06-16 05:37:56.428259: Pseudo dice [0.6106]
2026-06-16 05:37:56.429747: Epoch time: 22.6 s
2026-06-16 05:37:56.430967: Yayy! New best EMA pseudo Dice: 0.5838
2026-06-16 05:37:57.826970: 
2026-06-16 05:37:57.828336: Epoch 573
2026-06-16 05:37:57.829607: Current learning rate: 0.00465
2026-06-16 05:38:20.368574: train_loss -0.6846
2026-06-16 05:38:20.371950: val_loss -0.5602
2026-06-16 05:38:20.374065: Pseudo dice [0.5847]
2026-06-16 05:38:20.375321: Epoch time: 22.54 s
2026-06-16 05:38:20.376671: Yayy! New best EMA pseudo Dice: 0.5839
2026-06-16 05:38:21.792169: 
2026-06-16 05:38:21.793628: Epoch 574
2026-06-16 05:38:21.794879: Current learning rate: 0.00464
2026-06-16 05:38:44.412381: train_loss -0.7012
2026-06-16 05:38:44.414747: val_loss -0.51
2026-06-16 05:38:44.416135: Pseudo dice [0.5585]
2026-06-16 05:38:44.417500: Epoch time: 22.62 s
2026-06-16 05:38:45.908679: 
2026-06-16 05:38:45.910154: Epoch 575
2026-06-16 05:38:45.911526: Current learning rate: 0.00463
2026-06-16 05:39:08.473987: train_loss -0.7166
2026-06-16 05:39:08.476265: val_loss -0.5497
2026-06-16 05:39:08.477647: Pseudo dice [0.5863]
2026-06-16 05:39:08.478948: Epoch time: 22.57 s
2026-06-16 05:39:09.402452: 
2026-06-16 05:39:09.403887: Epoch 576
2026-06-16 05:39:09.405088: Current learning rate: 0.00462
2026-06-16 05:39:31.967691: train_loss -0.6988
2026-06-16 05:39:31.971116: val_loss -0.5227
2026-06-16 05:39:31.972484: Pseudo dice [0.563]
2026-06-16 05:39:31.973848: Epoch time: 22.57 s
2026-06-16 05:39:32.890122: 
2026-06-16 05:39:32.892136: Epoch 577
2026-06-16 05:39:32.893486: Current learning rate: 0.00461
2026-06-16 05:39:55.514273: train_loss -0.6949
2026-06-16 05:39:55.516784: val_loss -0.5777
2026-06-16 05:39:55.518157: Pseudo dice [0.6112]
2026-06-16 05:39:55.519778: Epoch time: 22.63 s
2026-06-16 05:39:56.441175: 
2026-06-16 05:39:56.442817: Epoch 578
2026-06-16 05:39:56.444250: Current learning rate: 0.0046
2026-06-16 05:40:19.092883: train_loss -0.701
2026-06-16 05:40:19.095338: val_loss -0.543
2026-06-16 05:40:19.096720: Pseudo dice [0.5889]
2026-06-16 05:40:19.098086: Epoch time: 22.65 s
2026-06-16 05:40:20.016475: 
2026-06-16 05:40:20.017940: Epoch 579
2026-06-16 05:40:20.019442: Current learning rate: 0.00459
2026-06-16 05:40:42.568117: train_loss -0.6884
2026-06-16 05:40:42.570892: val_loss -0.554
2026-06-16 05:40:42.572248: Pseudo dice [0.568]
2026-06-16 05:40:42.573655: Epoch time: 22.55 s
2026-06-16 05:40:43.502128: 
2026-06-16 05:40:43.503560: Epoch 580
2026-06-16 05:40:43.504817: Current learning rate: 0.00458
2026-06-16 05:41:06.283708: train_loss -0.6821
2026-06-16 05:41:06.286592: val_loss -0.5731
2026-06-16 05:41:06.288020: Pseudo dice [0.5887]
2026-06-16 05:41:06.289353: Epoch time: 22.78 s
2026-06-16 05:41:07.220322: 
2026-06-16 05:41:07.221864: Epoch 581
2026-06-16 05:41:07.223236: Current learning rate: 0.00457
2026-06-16 05:41:29.848936: train_loss -0.6812
2026-06-16 05:41:29.851167: val_loss -0.5378
2026-06-16 05:41:29.852600: Pseudo dice [0.5826]
2026-06-16 05:41:29.853976: Epoch time: 22.63 s
2026-06-16 05:41:30.782523: 
2026-06-16 05:41:30.784314: Epoch 582
2026-06-16 05:41:30.786615: Current learning rate: 0.00456
2026-06-16 05:41:53.368850: train_loss -0.7096
2026-06-16 05:41:53.371637: val_loss -0.5473
2026-06-16 05:41:53.373073: Pseudo dice [0.5764]
2026-06-16 05:41:53.374423: Epoch time: 22.59 s
2026-06-16 05:41:54.298651: 
2026-06-16 05:41:54.300197: Epoch 583
2026-06-16 05:41:54.301503: Current learning rate: 0.00455
2026-06-16 05:42:17.002327: train_loss -0.6892
2026-06-16 05:42:17.004978: val_loss -0.5437
2026-06-16 05:42:17.006429: Pseudo dice [0.5675]
2026-06-16 05:42:17.008020: Epoch time: 22.7 s
2026-06-16 05:42:17.958198: 
2026-06-16 05:42:17.959637: Epoch 584
2026-06-16 05:42:17.960806: Current learning rate: 0.00454
2026-06-16 05:42:40.454977: train_loss -0.704
2026-06-16 05:42:40.457424: val_loss -0.5963
2026-06-16 05:42:40.458641: Pseudo dice [0.6204]
2026-06-16 05:42:40.459840: Epoch time: 22.5 s
2026-06-16 05:42:40.461040: Yayy! New best EMA pseudo Dice: 0.5846
2026-06-16 05:42:41.867615: 
2026-06-16 05:42:41.869070: Epoch 585
2026-06-16 05:42:41.870301: Current learning rate: 0.00453
2026-06-16 05:43:04.519191: train_loss -0.6994
2026-06-16 05:43:04.522228: val_loss -0.5527
2026-06-16 05:43:04.523562: Pseudo dice [0.5821]
2026-06-16 05:43:04.524741: Epoch time: 22.65 s
2026-06-16 05:43:05.448830: 
2026-06-16 05:43:05.450243: Epoch 586
2026-06-16 05:43:05.451499: Current learning rate: 0.00452
2026-06-16 05:43:28.037478: train_loss -0.7127
2026-06-16 05:43:28.039926: val_loss -0.5467
2026-06-16 05:43:28.041163: Pseudo dice [0.5406]
2026-06-16 05:43:28.042424: Epoch time: 22.59 s
2026-06-16 05:43:28.970153: 
2026-06-16 05:43:28.971634: Epoch 587
2026-06-16 05:43:28.972852: Current learning rate: 0.00451
2026-06-16 05:43:51.539543: train_loss -0.6947
2026-06-16 05:43:51.541918: val_loss -0.5448
2026-06-16 05:43:51.543249: Pseudo dice [0.5789]
2026-06-16 05:43:51.544626: Epoch time: 22.57 s
2026-06-16 05:43:52.471555: 
2026-06-16 05:43:52.473004: Epoch 588
2026-06-16 05:43:52.474301: Current learning rate: 0.0045
2026-06-16 05:44:15.144492: train_loss -0.7095
2026-06-16 05:44:15.147239: val_loss -0.5346
2026-06-16 05:44:15.148460: Pseudo dice [0.5871]
2026-06-16 05:44:15.149737: Epoch time: 22.67 s
2026-06-16 05:44:16.066251: 
2026-06-16 05:44:16.067645: Epoch 589
2026-06-16 05:44:16.068880: Current learning rate: 0.00449
2026-06-16 05:44:38.643895: train_loss -0.7169
2026-06-16 05:44:38.646317: val_loss -0.5573
2026-06-16 05:44:38.647629: Pseudo dice [0.5867]
2026-06-16 05:44:38.649035: Epoch time: 22.58 s
2026-06-16 05:44:39.567810: 
2026-06-16 05:44:39.569160: Epoch 590
2026-06-16 05:44:39.570354: Current learning rate: 0.00448
2026-06-16 05:45:02.181164: train_loss -0.7193
2026-06-16 05:45:02.183802: val_loss -0.53
2026-06-16 05:45:02.185105: Pseudo dice [0.5739]
2026-06-16 05:45:02.186374: Epoch time: 22.61 s
2026-06-16 05:45:03.102287: 
2026-06-16 05:45:03.103704: Epoch 591
2026-06-16 05:45:03.104945: Current learning rate: 0.00447
2026-06-16 05:45:25.609399: train_loss -0.7162
2026-06-16 05:45:25.612145: val_loss -0.5149
2026-06-16 05:45:25.613535: Pseudo dice [0.5702]
2026-06-16 05:45:25.614834: Epoch time: 22.51 s
2026-06-16 05:45:27.115361: 
2026-06-16 05:45:27.116687: Epoch 592
2026-06-16 05:45:27.117905: Current learning rate: 0.00446
2026-06-16 05:45:49.707975: train_loss -0.7064
2026-06-16 05:45:49.710540: val_loss -0.5637
2026-06-16 05:45:49.711734: Pseudo dice [0.6035]
2026-06-16 05:45:49.713255: Epoch time: 22.59 s
2026-06-16 05:45:50.632683: 
2026-06-16 05:45:50.634102: Epoch 593
2026-06-16 05:45:50.635333: Current learning rate: 0.00445
2026-06-16 05:46:13.396476: train_loss -0.7079
2026-06-16 05:46:13.398659: val_loss -0.5486
2026-06-16 05:46:13.400087: Pseudo dice [0.5711]
2026-06-16 05:46:13.401374: Epoch time: 22.76 s
2026-06-16 05:46:14.324655: 
2026-06-16 05:46:14.328261: Epoch 594
2026-06-16 05:46:14.329632: Current learning rate: 0.00444
2026-06-16 05:46:36.923654: train_loss -0.6941
2026-06-16 05:46:36.926084: val_loss -0.5304
2026-06-16 05:46:36.927403: Pseudo dice [0.586]
2026-06-16 05:46:36.928629: Epoch time: 22.6 s
2026-06-16 05:46:37.843613: 
2026-06-16 05:46:37.845234: Epoch 595
2026-06-16 05:46:37.846544: Current learning rate: 0.00443
2026-06-16 05:47:00.497735: train_loss -0.7001
2026-06-16 05:47:00.500098: val_loss -0.579
2026-06-16 05:47:00.501449: Pseudo dice [0.607]
2026-06-16 05:47:00.502676: Epoch time: 22.66 s
2026-06-16 05:47:01.439331: 
2026-06-16 05:47:01.440719: Epoch 596
2026-06-16 05:47:01.441943: Current learning rate: 0.00442
2026-06-16 05:47:24.036880: train_loss -0.701
2026-06-16 05:47:24.039087: val_loss -0.5424
2026-06-16 05:47:24.040276: Pseudo dice [0.567]
2026-06-16 05:47:24.041496: Epoch time: 22.6 s
2026-06-16 05:47:24.957912: 
2026-06-16 05:47:24.959221: Epoch 597
2026-06-16 05:47:24.960481: Current learning rate: 0.00441
2026-06-16 05:47:47.602683: train_loss -0.6994
2026-06-16 05:47:47.605627: val_loss -0.5274
2026-06-16 05:47:47.606905: Pseudo dice [0.5894]
2026-06-16 05:47:47.608123: Epoch time: 22.65 s
2026-06-16 05:47:48.553934: 
2026-06-16 05:47:48.555352: Epoch 598
2026-06-16 05:47:48.556557: Current learning rate: 0.0044
2026-06-16 05:48:11.159970: train_loss -0.6818
2026-06-16 05:48:11.162429: val_loss -0.5295
2026-06-16 05:48:11.163862: Pseudo dice [0.5733]
2026-06-16 05:48:11.165211: Epoch time: 22.61 s
2026-06-16 05:48:12.089483: 
2026-06-16 05:48:12.090927: Epoch 599
2026-06-16 05:48:12.092120: Current learning rate: 0.00439
2026-06-16 05:48:34.683280: train_loss -0.6975
2026-06-16 05:48:34.685974: val_loss -0.5746
2026-06-16 05:48:34.687285: Pseudo dice [0.622]
2026-06-16 05:48:34.688462: Epoch time: 22.59 s
2026-06-16 05:48:35.181896: Yayy! New best EMA pseudo Dice: 0.5859
2026-06-16 05:48:36.589635: 
2026-06-16 05:48:36.591051: Epoch 600
2026-06-16 05:48:36.592333: Current learning rate: 0.00438
2026-06-16 05:48:59.282608: train_loss -0.7175
2026-06-16 05:48:59.285112: val_loss -0.6067
2026-06-16 05:48:59.286417: Pseudo dice [0.6287]
2026-06-16 05:48:59.287656: Epoch time: 22.69 s
2026-06-16 05:48:59.288857: Yayy! New best EMA pseudo Dice: 0.5902
2026-06-16 05:49:00.703292: 
2026-06-16 05:49:00.704660: Epoch 601
2026-06-16 05:49:00.705892: Current learning rate: 0.00437
2026-06-16 05:49:23.372628: train_loss -0.7238
2026-06-16 05:49:23.375101: val_loss -0.552
2026-06-16 05:49:23.376548: Pseudo dice [0.6051]
2026-06-16 05:49:23.381431: Epoch time: 22.67 s
2026-06-16 05:49:23.382712: Yayy! New best EMA pseudo Dice: 0.5917
2026-06-16 05:49:24.776375: 
2026-06-16 05:49:24.777924: Epoch 602
2026-06-16 05:49:24.779198: Current learning rate: 0.00436
2026-06-16 05:49:47.383799: train_loss -0.6898
2026-06-16 05:49:47.386303: val_loss -0.4726
2026-06-16 05:49:47.387617: Pseudo dice [0.5176]
2026-06-16 05:49:47.388968: Epoch time: 22.61 s
2026-06-16 05:49:48.336474: 
2026-06-16 05:49:48.338433: Epoch 603
2026-06-16 05:49:48.340429: Current learning rate: 0.00435
2026-06-16 05:50:11.012041: train_loss -0.686
2026-06-16 05:50:11.015527: val_loss -0.5883
2026-06-16 05:50:11.016818: Pseudo dice [0.6085]
2026-06-16 05:50:11.018136: Epoch time: 22.68 s
2026-06-16 05:50:11.948231: 
2026-06-16 05:50:11.949719: Epoch 604
2026-06-16 05:50:11.951037: Current learning rate: 0.00434
2026-06-16 05:50:34.537614: train_loss -0.7006
2026-06-16 05:50:34.540040: val_loss -0.5034
2026-06-16 05:50:34.541278: Pseudo dice [0.5501]
2026-06-16 05:50:34.542462: Epoch time: 22.59 s
2026-06-16 05:50:35.461491: 
2026-06-16 05:50:35.462938: Epoch 605
2026-06-16 05:50:35.464277: Current learning rate: 0.00433
2026-06-16 05:50:58.114759: train_loss -0.7164
2026-06-16 05:50:58.117229: val_loss -0.5658
2026-06-16 05:50:58.118420: Pseudo dice [0.6195]
2026-06-16 05:50:58.119587: Epoch time: 22.65 s
2026-06-16 05:50:59.045755: 
2026-06-16 05:50:59.047389: Epoch 606
2026-06-16 05:50:59.048720: Current learning rate: 0.00432
2026-06-16 05:51:21.749427: train_loss -0.7054
2026-06-16 05:51:21.752144: val_loss -0.5339
2026-06-16 05:51:21.753470: Pseudo dice [0.5631]
2026-06-16 05:51:21.754822: Epoch time: 22.7 s
2026-06-16 05:51:22.667265: 
2026-06-16 05:51:22.668715: Epoch 607
2026-06-16 05:51:22.670035: Current learning rate: 0.00431
2026-06-16 05:51:45.249705: train_loss -0.7133
2026-06-16 05:51:45.253082: val_loss -0.5184
2026-06-16 05:51:45.254466: Pseudo dice [0.5517]
2026-06-16 05:51:45.255866: Epoch time: 22.58 s
2026-06-16 05:51:46.193578: 
2026-06-16 05:51:46.195317: Epoch 608
2026-06-16 05:51:46.196665: Current learning rate: 0.0043
2026-06-16 05:52:08.844671: train_loss -0.6947
2026-06-16 05:52:08.846929: val_loss -0.5303
2026-06-16 05:52:08.848278: Pseudo dice [0.5863]
2026-06-16 05:52:08.849533: Epoch time: 22.65 s
2026-06-16 05:52:10.331830: 
2026-06-16 05:52:10.333219: Epoch 609
2026-06-16 05:52:10.334413: Current learning rate: 0.00429
2026-06-16 05:52:33.061711: train_loss -0.7038
2026-06-16 05:52:33.064285: val_loss -0.5218
2026-06-16 05:52:33.065545: Pseudo dice [0.5708]
2026-06-16 05:52:33.066804: Epoch time: 22.73 s
2026-06-16 05:52:33.991290: 
2026-06-16 05:52:33.992715: Epoch 610
2026-06-16 05:52:33.994027: Current learning rate: 0.00429
2026-06-16 05:52:56.707492: train_loss -0.7087
2026-06-16 05:52:56.709943: val_loss -0.5604
2026-06-16 05:52:56.711235: Pseudo dice [0.585]
2026-06-16 05:52:56.712463: Epoch time: 22.72 s
2026-06-16 05:52:57.636989: 
2026-06-16 05:52:57.638388: Epoch 611
2026-06-16 05:52:57.639617: Current learning rate: 0.00428
2026-06-16 05:53:20.289030: train_loss -0.6849
2026-06-16 05:53:20.291252: val_loss -0.5984
2026-06-16 05:53:20.292594: Pseudo dice [0.6114]
2026-06-16 05:53:20.293790: Epoch time: 22.65 s
2026-06-16 05:53:21.221086: 
2026-06-16 05:53:21.222521: Epoch 612
2026-06-16 05:53:21.223751: Current learning rate: 0.00427
2026-06-16 05:53:43.929258: train_loss -0.71
2026-06-16 05:53:43.932191: val_loss -0.5448
2026-06-16 05:53:43.933393: Pseudo dice [0.581]
2026-06-16 05:53:43.934661: Epoch time: 22.71 s
2026-06-16 05:53:44.868303: 
2026-06-16 05:53:44.869747: Epoch 613
2026-06-16 05:53:44.870970: Current learning rate: 0.00426
2026-06-16 05:54:07.513659: train_loss -0.6881
2026-06-16 05:54:07.517117: val_loss -0.5678
2026-06-16 05:54:07.518433: Pseudo dice [0.591]
2026-06-16 05:54:07.519856: Epoch time: 22.65 s
2026-06-16 05:54:08.439480: 
2026-06-16 05:54:08.440958: Epoch 614
2026-06-16 05:54:08.442149: Current learning rate: 0.00425
2026-06-16 05:54:31.146733: train_loss -0.7051
2026-06-16 05:54:31.149328: val_loss -0.5155
2026-06-16 05:54:31.150669: Pseudo dice [0.5633]
2026-06-16 05:54:31.151908: Epoch time: 22.71 s
2026-06-16 05:54:32.080970: 
2026-06-16 05:54:32.082478: Epoch 615
2026-06-16 05:54:32.083870: Current learning rate: 0.00424
2026-06-16 05:54:54.757768: train_loss -0.7184
2026-06-16 05:54:54.760602: val_loss -0.4836
2026-06-16 05:54:54.762014: Pseudo dice [0.5265]
2026-06-16 05:54:54.763338: Epoch time: 22.68 s
2026-06-16 05:54:55.700678: 
2026-06-16 05:54:55.702211: Epoch 616
2026-06-16 05:54:55.703612: Current learning rate: 0.00423
2026-06-16 05:55:18.309679: train_loss -0.6743
2026-06-16 05:55:18.312466: val_loss -0.5997
2026-06-16 05:55:18.313941: Pseudo dice [0.6205]
2026-06-16 05:55:18.315227: Epoch time: 22.61 s
2026-06-16 05:55:19.240472: 
2026-06-16 05:55:19.242684: Epoch 617
2026-06-16 05:55:19.244709: Current learning rate: 0.00422
2026-06-16 05:55:41.916270: train_loss -0.6843
2026-06-16 05:55:41.918414: val_loss -0.5601
2026-06-16 05:55:41.919730: Pseudo dice [0.5674]
2026-06-16 05:55:41.921102: Epoch time: 22.68 s
2026-06-16 05:55:42.845002: 
2026-06-16 05:55:42.846753: Epoch 618
2026-06-16 05:55:42.848047: Current learning rate: 0.00421
2026-06-16 05:56:05.574366: train_loss -0.6627
2026-06-16 05:56:05.577037: val_loss -0.4802
2026-06-16 05:56:05.578316: Pseudo dice [0.5012]
2026-06-16 05:56:05.579571: Epoch time: 22.73 s
2026-06-16 05:56:06.503193: 
2026-06-16 05:56:06.504823: Epoch 619
2026-06-16 05:56:06.506020: Current learning rate: 0.0042
2026-06-16 05:56:29.037021: train_loss -0.7007
2026-06-16 05:56:29.039339: val_loss -0.4961
2026-06-16 05:56:29.040569: Pseudo dice [0.5435]
2026-06-16 05:56:29.041767: Epoch time: 22.53 s
2026-06-16 05:56:29.979379: 
2026-06-16 05:56:29.983381: Epoch 620
2026-06-16 05:56:29.984658: Current learning rate: 0.00419
2026-06-16 05:56:52.719275: train_loss -0.6986
2026-06-16 05:56:52.721504: val_loss -0.5593
2026-06-16 05:56:52.722759: Pseudo dice [0.5877]
2026-06-16 05:56:52.723975: Epoch time: 22.74 s
2026-06-16 05:56:53.643917: 
2026-06-16 05:56:53.645258: Epoch 621
2026-06-16 05:56:53.646481: Current learning rate: 0.00418
2026-06-16 05:57:16.271577: train_loss -0.7155
2026-06-16 05:57:16.274436: val_loss -0.5252
2026-06-16 05:57:16.275809: Pseudo dice [0.5763]
2026-06-16 05:57:16.277066: Epoch time: 22.63 s
2026-06-16 05:57:17.213837: 
2026-06-16 05:57:17.215351: Epoch 622
2026-06-16 05:57:17.216712: Current learning rate: 0.00417
2026-06-16 05:57:39.898782: train_loss -0.7163
2026-06-16 05:57:39.901022: val_loss -0.5398
2026-06-16 05:57:39.902257: Pseudo dice [0.5951]
2026-06-16 05:57:39.903471: Epoch time: 22.69 s
2026-06-16 05:57:40.824438: 
2026-06-16 05:57:40.825848: Epoch 623
2026-06-16 05:57:40.827080: Current learning rate: 0.00416
2026-06-16 05:58:03.384007: train_loss -0.7038
2026-06-16 05:58:03.386098: val_loss -0.5597
2026-06-16 05:58:03.387370: Pseudo dice [0.586]
2026-06-16 05:58:03.388761: Epoch time: 22.56 s
2026-06-16 05:58:04.309400: 
2026-06-16 05:58:04.310847: Epoch 624
2026-06-16 05:58:04.312139: Current learning rate: 0.00415
2026-06-16 05:58:27.073297: train_loss -0.6972
2026-06-16 05:58:27.075996: val_loss -0.5965
2026-06-16 05:58:27.077380: Pseudo dice [0.6074]
2026-06-16 05:58:27.078605: Epoch time: 22.76 s
2026-06-16 05:58:28.539423: 
2026-06-16 05:58:28.540934: Epoch 625
2026-06-16 05:58:28.542216: Current learning rate: 0.00414
2026-06-16 05:58:51.190963: train_loss -0.6973
2026-06-16 05:58:51.193141: val_loss -0.6149
2026-06-16 05:58:51.194460: Pseudo dice [0.6223]
2026-06-16 05:58:51.195655: Epoch time: 22.65 s
2026-06-16 05:58:52.110964: 
2026-06-16 05:58:52.112441: Epoch 626
2026-06-16 05:58:52.113656: Current learning rate: 0.00413
2026-06-16 05:59:14.970785: train_loss -0.7131
2026-06-16 05:59:14.973036: val_loss -0.546
2026-06-16 05:59:14.974213: Pseudo dice [0.573]
2026-06-16 05:59:14.975377: Epoch time: 22.86 s
2026-06-16 05:59:15.924780: 
2026-06-16 05:59:15.926178: Epoch 627
2026-06-16 05:59:15.927398: Current learning rate: 0.00412
2026-06-16 05:59:38.707562: train_loss -0.7035
2026-06-16 05:59:38.710232: val_loss -0.5518
2026-06-16 05:59:38.711431: Pseudo dice [0.5975]
2026-06-16 05:59:38.712631: Epoch time: 22.78 s
2026-06-16 05:59:39.636840: 
2026-06-16 05:59:39.638171: Epoch 628
2026-06-16 05:59:39.639402: Current learning rate: 0.00411
2026-06-16 06:00:02.376894: train_loss -0.718
2026-06-16 06:00:02.379093: val_loss -0.5829
2026-06-16 06:00:02.380312: Pseudo dice [0.5985]
2026-06-16 06:00:02.381532: Epoch time: 22.74 s
2026-06-16 06:00:03.343503: 
2026-06-16 06:00:03.345016: Epoch 629
2026-06-16 06:00:03.346375: Current learning rate: 0.0041
2026-06-16 06:00:26.180496: train_loss -0.7146
2026-06-16 06:00:26.182757: val_loss -0.5708
2026-06-16 06:00:26.184005: Pseudo dice [0.5922]
2026-06-16 06:00:26.185198: Epoch time: 22.84 s
2026-06-16 06:00:27.112516: 
2026-06-16 06:00:27.113762: Epoch 630
2026-06-16 06:00:27.114888: Current learning rate: 0.00409
2026-06-16 06:00:49.821210: train_loss -0.715
2026-06-16 06:00:49.824022: val_loss -0.5734
2026-06-16 06:00:49.825319: Pseudo dice [0.6087]
2026-06-16 06:00:49.826530: Epoch time: 22.71 s
2026-06-16 06:00:50.756217: 
2026-06-16 06:00:50.757601: Epoch 631
2026-06-16 06:00:50.758806: Current learning rate: 0.00408
2026-06-16 06:01:13.428743: train_loss -0.7174
2026-06-16 06:01:13.431030: val_loss -0.5302
2026-06-16 06:01:13.432211: Pseudo dice [0.5712]
2026-06-16 06:01:13.433467: Epoch time: 22.67 s
2026-06-16 06:01:14.353229: 
2026-06-16 06:01:14.354628: Epoch 632
2026-06-16 06:01:14.355868: Current learning rate: 0.00407
2026-06-16 06:01:37.172163: train_loss -0.7113
2026-06-16 06:01:37.174507: val_loss -0.5053
2026-06-16 06:01:37.176075: Pseudo dice [0.5335]
2026-06-16 06:01:37.177499: Epoch time: 22.82 s
2026-06-16 06:01:38.105928: 
2026-06-16 06:01:38.107273: Epoch 633
2026-06-16 06:01:38.108514: Current learning rate: 0.00406
2026-06-16 06:02:00.699944: train_loss -0.7123
2026-06-16 06:02:00.703060: val_loss -0.5431
2026-06-16 06:02:00.704370: Pseudo dice [0.5714]
2026-06-16 06:02:00.705591: Epoch time: 22.6 s
2026-06-16 06:02:01.643351: 
2026-06-16 06:02:01.644778: Epoch 634
2026-06-16 06:02:01.646136: Current learning rate: 0.00405
2026-06-16 06:02:24.325041: train_loss -0.6873
2026-06-16 06:02:24.327712: val_loss -0.5657
2026-06-16 06:02:24.329104: Pseudo dice [0.5952]
2026-06-16 06:02:24.330300: Epoch time: 22.68 s
2026-06-16 06:02:25.258331: 
2026-06-16 06:02:25.259638: Epoch 635
2026-06-16 06:02:25.260904: Current learning rate: 0.00404
2026-06-16 06:02:47.977185: train_loss -0.6917
2026-06-16 06:02:47.979376: val_loss -0.5381
2026-06-16 06:02:47.980550: Pseudo dice [0.5502]
2026-06-16 06:02:47.981855: Epoch time: 22.72 s
2026-06-16 06:02:48.920050: 
2026-06-16 06:02:48.921369: Epoch 636
2026-06-16 06:02:48.922613: Current learning rate: 0.00403
2026-06-16 06:03:11.693564: train_loss -0.7146
2026-06-16 06:03:11.696276: val_loss -0.5231
2026-06-16 06:03:11.697574: Pseudo dice [0.5634]
2026-06-16 06:03:11.698856: Epoch time: 22.77 s
2026-06-16 06:03:12.618927: 
2026-06-16 06:03:12.620411: Epoch 637
2026-06-16 06:03:12.621786: Current learning rate: 0.00402
2026-06-16 06:03:35.450582: train_loss -0.6934
2026-06-16 06:03:35.453201: val_loss -0.5664
2026-06-16 06:03:35.454654: Pseudo dice [0.6049]
2026-06-16 06:03:35.456005: Epoch time: 22.83 s
2026-06-16 06:03:36.371902: 
2026-06-16 06:03:36.373336: Epoch 638
2026-06-16 06:03:36.374530: Current learning rate: 0.00401
2026-06-16 06:03:59.161916: train_loss -0.7255
2026-06-16 06:03:59.164006: val_loss -0.5672
2026-06-16 06:03:59.165320: Pseudo dice [0.5822]
2026-06-16 06:03:59.166500: Epoch time: 22.79 s
2026-06-16 06:04:00.090442: 
2026-06-16 06:04:00.091734: Epoch 639
2026-06-16 06:04:00.092905: Current learning rate: 0.004
2026-06-16 06:04:22.835361: train_loss -0.7019
2026-06-16 06:04:22.840418: val_loss -0.5053
2026-06-16 06:04:22.841778: Pseudo dice [0.5608]
2026-06-16 06:04:22.843158: Epoch time: 22.75 s
2026-06-16 06:04:23.763009: 
2026-06-16 06:04:23.764770: Epoch 640
2026-06-16 06:04:23.765999: Current learning rate: 0.00399
2026-06-16 06:04:46.564237: train_loss -0.7084
2026-06-16 06:04:46.566481: val_loss -0.5699
2026-06-16 06:04:46.567672: Pseudo dice [0.5945]
2026-06-16 06:04:46.568938: Epoch time: 22.8 s
2026-06-16 06:04:47.494100: 
2026-06-16 06:04:47.495545: Epoch 641
2026-06-16 06:04:47.496935: Current learning rate: 0.00398
2026-06-16 06:05:10.104605: train_loss -0.7153
2026-06-16 06:05:10.106855: val_loss -0.5707
2026-06-16 06:05:10.108150: Pseudo dice [0.6133]
2026-06-16 06:05:10.109522: Epoch time: 22.61 s
2026-06-16 06:05:11.612891: 
2026-06-16 06:05:11.614350: Epoch 642
2026-06-16 06:05:11.615577: Current learning rate: 0.00397
2026-06-16 06:05:34.259294: train_loss -0.7241
2026-06-16 06:05:34.262134: val_loss -0.5308
2026-06-16 06:05:34.263426: Pseudo dice [0.592]
2026-06-16 06:05:34.264675: Epoch time: 22.65 s
2026-06-16 06:05:35.185143: 
2026-06-16 06:05:35.186600: Epoch 643
2026-06-16 06:05:35.187942: Current learning rate: 0.00396
2026-06-16 06:05:57.815907: train_loss -0.7302
2026-06-16 06:05:57.818428: val_loss -0.5446
2026-06-16 06:05:57.819652: Pseudo dice [0.5793]
2026-06-16 06:05:57.820888: Epoch time: 22.63 s
2026-06-16 06:05:58.741343: 
2026-06-16 06:05:58.742877: Epoch 644
2026-06-16 06:05:58.744082: Current learning rate: 0.00395
2026-06-16 06:06:21.330726: train_loss -0.7262
2026-06-16 06:06:21.332857: val_loss -0.546
2026-06-16 06:06:21.334108: Pseudo dice [0.5628]
2026-06-16 06:06:21.335347: Epoch time: 22.59 s
2026-06-16 06:06:22.255795: 
2026-06-16 06:06:22.257120: Epoch 645
2026-06-16 06:06:22.258332: Current learning rate: 0.00394
2026-06-16 06:06:44.967366: train_loss -0.7158
2026-06-16 06:06:44.970029: val_loss -0.5557
2026-06-16 06:06:44.971335: Pseudo dice [0.6003]
2026-06-16 06:06:44.972687: Epoch time: 22.71 s
2026-06-16 06:06:45.889513: 
2026-06-16 06:06:45.890927: Epoch 646
2026-06-16 06:06:45.892308: Current learning rate: 0.00393
2026-06-16 06:07:08.536819: train_loss -0.7159
2026-06-16 06:07:08.539150: val_loss -0.5485
2026-06-16 06:07:08.540392: Pseudo dice [0.5819]
2026-06-16 06:07:08.541765: Epoch time: 22.65 s
2026-06-16 06:07:09.459873: 
2026-06-16 06:07:09.461280: Epoch 647
2026-06-16 06:07:09.462591: Current learning rate: 0.00392
2026-06-16 06:07:32.085217: train_loss -0.7381
2026-06-16 06:07:32.087632: val_loss -0.5507
2026-06-16 06:07:32.088892: Pseudo dice [0.5887]
2026-06-16 06:07:32.090161: Epoch time: 22.63 s
2026-06-16 06:07:33.010414: 
2026-06-16 06:07:33.011751: Epoch 648
2026-06-16 06:07:33.013000: Current learning rate: 0.00391
2026-06-16 06:07:55.581214: train_loss -0.7131
2026-06-16 06:07:55.584067: val_loss -0.5706
2026-06-16 06:07:55.585904: Pseudo dice [0.6032]
2026-06-16 06:07:55.587220: Epoch time: 22.57 s
2026-06-16 06:07:56.505696: 
2026-06-16 06:07:56.507080: Epoch 649
2026-06-16 06:07:56.508307: Current learning rate: 0.0039
2026-06-16 06:08:19.166274: train_loss -0.7284
2026-06-16 06:08:19.171284: val_loss -0.5386
2026-06-16 06:08:19.172596: Pseudo dice [0.5548]
2026-06-16 06:08:19.173808: Epoch time: 22.66 s
2026-06-16 06:08:20.586683: 
2026-06-16 06:08:20.588150: Epoch 650
2026-06-16 06:08:20.589363: Current learning rate: 0.00389
2026-06-16 06:08:43.258246: train_loss -0.7075
2026-06-16 06:08:43.260418: val_loss -0.4983
2026-06-16 06:08:43.261626: Pseudo dice [0.5703]
2026-06-16 06:08:43.262831: Epoch time: 22.67 s
2026-06-16 06:08:44.178899: 
2026-06-16 06:08:44.180232: Epoch 651
2026-06-16 06:08:44.181466: Current learning rate: 0.00388
2026-06-16 06:09:06.698143: train_loss -0.7114
2026-06-16 06:09:06.700856: val_loss -0.5561
2026-06-16 06:09:06.702178: Pseudo dice [0.5766]
2026-06-16 06:09:06.703396: Epoch time: 22.52 s
2026-06-16 06:09:07.614227: 
2026-06-16 06:09:07.615592: Epoch 652
2026-06-16 06:09:07.616785: Current learning rate: 0.00387
2026-06-16 06:09:30.217448: train_loss -0.696
2026-06-16 06:09:30.220050: val_loss -0.5515
2026-06-16 06:09:30.221309: Pseudo dice [0.5859]
2026-06-16 06:09:30.222571: Epoch time: 22.6 s
2026-06-16 06:09:31.139495: 
2026-06-16 06:09:31.140947: Epoch 653
2026-06-16 06:09:31.142309: Current learning rate: 0.00386
2026-06-16 06:09:53.853322: train_loss -0.718
2026-06-16 06:09:53.856021: val_loss -0.5463
2026-06-16 06:09:53.857705: Pseudo dice [0.5736]
2026-06-16 06:09:53.860137: Epoch time: 22.71 s
2026-06-16 06:09:54.776327: 
2026-06-16 06:09:54.777719: Epoch 654
2026-06-16 06:09:54.778938: Current learning rate: 0.00385
2026-06-16 06:10:17.537929: train_loss -0.7054
2026-06-16 06:10:17.540666: val_loss -0.5404
2026-06-16 06:10:17.541947: Pseudo dice [0.5722]
2026-06-16 06:10:17.543165: Epoch time: 22.76 s
2026-06-16 06:10:18.464886: 
2026-06-16 06:10:18.466294: Epoch 655
2026-06-16 06:10:18.467536: Current learning rate: 0.00384
2026-06-16 06:10:41.164062: train_loss -0.7079
2026-06-16 06:10:41.166590: val_loss -0.5496
2026-06-16 06:10:41.167776: Pseudo dice [0.5867]
2026-06-16 06:10:41.168865: Epoch time: 22.7 s
2026-06-16 06:10:42.102991: 
2026-06-16 06:10:42.104374: Epoch 656
2026-06-16 06:10:42.105507: Current learning rate: 0.00383
2026-06-16 06:11:04.806060: train_loss -0.727
2026-06-16 06:11:04.808486: val_loss -0.4945
2026-06-16 06:11:04.809893: Pseudo dice [0.5631]
2026-06-16 06:11:04.811116: Epoch time: 22.7 s
2026-06-16 06:11:05.731055: 
2026-06-16 06:11:05.732531: Epoch 657
2026-06-16 06:11:05.733852: Current learning rate: 0.00382
2026-06-16 06:11:28.374256: train_loss -0.7307
2026-06-16 06:11:28.376832: val_loss -0.537
2026-06-16 06:11:28.378083: Pseudo dice [0.5725]
2026-06-16 06:11:28.379427: Epoch time: 22.64 s
2026-06-16 06:11:29.295433: 
2026-06-16 06:11:29.296986: Epoch 658
2026-06-16 06:11:29.298268: Current learning rate: 0.00381
2026-06-16 06:11:51.869009: train_loss -0.7153
2026-06-16 06:11:51.872885: val_loss -0.5073
2026-06-16 06:11:51.874176: Pseudo dice [0.5452]
2026-06-16 06:11:51.875452: Epoch time: 22.57 s
2026-06-16 06:11:53.356751: 
2026-06-16 06:11:53.358300: Epoch 659
2026-06-16 06:11:53.359498: Current learning rate: 0.0038
2026-06-16 06:12:16.098939: train_loss -0.7214
2026-06-16 06:12:16.101156: val_loss -0.5125
2026-06-16 06:12:16.102511: Pseudo dice [0.5758]
2026-06-16 06:12:16.103723: Epoch time: 22.74 s
2026-06-16 06:12:17.013417: 
2026-06-16 06:12:17.014822: Epoch 660
2026-06-16 06:12:17.016023: Current learning rate: 0.00379
2026-06-16 06:12:39.779636: train_loss -0.6999
2026-06-16 06:12:39.782256: val_loss -0.531
2026-06-16 06:12:39.783433: Pseudo dice [0.579]
2026-06-16 06:12:39.784657: Epoch time: 22.77 s
2026-06-16 06:12:40.716906: 
2026-06-16 06:12:40.718462: Epoch 661
2026-06-16 06:12:40.719616: Current learning rate: 0.00378
2026-06-16 06:13:03.362015: train_loss -0.6972
2026-06-16 06:13:03.364319: val_loss -0.5389
2026-06-16 06:13:03.365613: Pseudo dice [0.5742]
2026-06-16 06:13:03.366874: Epoch time: 22.65 s
2026-06-16 06:13:04.294140: 
2026-06-16 06:13:04.295805: Epoch 662
2026-06-16 06:13:04.297092: Current learning rate: 0.00377
2026-06-16 06:13:27.051309: train_loss -0.7258
2026-06-16 06:13:27.053675: val_loss -0.548
2026-06-16 06:13:27.055297: Pseudo dice [0.5922]
2026-06-16 06:13:27.056623: Epoch time: 22.76 s
2026-06-16 06:13:27.976207: 
2026-06-16 06:13:27.977718: Epoch 663
2026-06-16 06:13:27.978954: Current learning rate: 0.00376
2026-06-16 06:13:50.625654: train_loss -0.7126
2026-06-16 06:13:50.628301: val_loss -0.5437
2026-06-16 06:13:50.629597: Pseudo dice [0.5761]
2026-06-16 06:13:50.630819: Epoch time: 22.65 s
2026-06-16 06:13:51.555590: 
2026-06-16 06:13:51.557077: Epoch 664
2026-06-16 06:13:51.558426: Current learning rate: 0.00375
2026-06-16 06:14:14.245970: train_loss -0.7155
2026-06-16 06:14:14.248407: val_loss -0.5126
2026-06-16 06:14:14.249654: Pseudo dice [0.5584]
2026-06-16 06:14:14.250929: Epoch time: 22.69 s
2026-06-16 06:14:15.175452: 
2026-06-16 06:14:15.176781: Epoch 665
2026-06-16 06:14:15.177954: Current learning rate: 0.00374
2026-06-16 06:14:37.897349: train_loss -0.7172
2026-06-16 06:14:37.899939: val_loss -0.5018
2026-06-16 06:14:37.901309: Pseudo dice [0.5308]
2026-06-16 06:14:37.902658: Epoch time: 22.72 s
2026-06-16 06:14:38.823647: 
2026-06-16 06:14:38.825220: Epoch 666
2026-06-16 06:14:38.826478: Current learning rate: 0.00373
2026-06-16 06:15:01.500763: train_loss -0.7172
2026-06-16 06:15:01.503571: val_loss -0.5497
2026-06-16 06:15:01.504970: Pseudo dice [0.5729]
2026-06-16 06:15:01.506174: Epoch time: 22.68 s
2026-06-16 06:15:02.457916: 
2026-06-16 06:15:02.459288: Epoch 667
2026-06-16 06:15:02.460533: Current learning rate: 0.00372
2026-06-16 06:15:25.181168: train_loss -0.7182
2026-06-16 06:15:25.183632: val_loss -0.5764
2026-06-16 06:15:25.185029: Pseudo dice [0.636]
2026-06-16 06:15:25.186322: Epoch time: 22.72 s
2026-06-16 06:15:26.117817: 
2026-06-16 06:15:26.119207: Epoch 668
2026-06-16 06:15:26.120480: Current learning rate: 0.00371
2026-06-16 06:15:48.773948: train_loss -0.729
2026-06-16 06:15:48.776752: val_loss -0.5381
2026-06-16 06:15:48.778093: Pseudo dice [0.5886]
2026-06-16 06:15:48.779408: Epoch time: 22.66 s
2026-06-16 06:15:49.722867: 
2026-06-16 06:15:49.724336: Epoch 669
2026-06-16 06:15:49.725505: Current learning rate: 0.0037
2026-06-16 06:16:12.304038: train_loss -0.7253
2026-06-16 06:16:12.306835: val_loss -0.5446
2026-06-16 06:16:12.308123: Pseudo dice [0.5708]
2026-06-16 06:16:12.309320: Epoch time: 22.58 s
2026-06-16 06:16:13.243610: 
2026-06-16 06:16:13.244964: Epoch 670
2026-06-16 06:16:13.246188: Current learning rate: 0.00369
2026-06-16 06:16:35.814996: train_loss -0.7124
2026-06-16 06:16:35.818685: val_loss -0.5058
2026-06-16 06:16:35.819917: Pseudo dice [0.5459]
2026-06-16 06:16:35.821182: Epoch time: 22.57 s
2026-06-16 06:16:36.743494: 
2026-06-16 06:16:36.744974: Epoch 671
2026-06-16 06:16:36.746287: Current learning rate: 0.00368
2026-06-16 06:16:59.376951: train_loss -0.7007
2026-06-16 06:16:59.383248: val_loss -0.5769
2026-06-16 06:16:59.384482: Pseudo dice [0.6019]
2026-06-16 06:16:59.390949: Epoch time: 22.63 s
2026-06-16 06:17:00.325857: 
2026-06-16 06:17:00.327190: Epoch 672
2026-06-16 06:17:00.328446: Current learning rate: 0.00367
2026-06-16 06:17:22.963179: train_loss -0.7161
2026-06-16 06:17:22.966120: val_loss -0.5633
2026-06-16 06:17:22.967490: Pseudo dice [0.5968]
2026-06-16 06:17:22.968683: Epoch time: 22.64 s
2026-06-16 06:17:23.913654: 
2026-06-16 06:17:23.914958: Epoch 673
2026-06-16 06:17:23.916207: Current learning rate: 0.00366
2026-06-16 06:17:46.618055: train_loss -0.7064
2026-06-16 06:17:46.620747: val_loss -0.5392
2026-06-16 06:17:46.622025: Pseudo dice [0.5811]
2026-06-16 06:17:46.623204: Epoch time: 22.71 s
2026-06-16 06:17:47.558403: 
2026-06-16 06:17:47.559732: Epoch 674
2026-06-16 06:17:47.560986: Current learning rate: 0.00365
2026-06-16 06:18:10.203871: train_loss -0.6949
2026-06-16 06:18:10.206329: val_loss -0.5363
2026-06-16 06:18:10.207555: Pseudo dice [0.5682]
2026-06-16 06:18:10.208785: Epoch time: 22.65 s
2026-06-16 06:18:11.151687: 
2026-06-16 06:18:11.153119: Epoch 675
2026-06-16 06:18:11.154388: Current learning rate: 0.00364
2026-06-16 06:18:33.896508: train_loss -0.7088
2026-06-16 06:18:33.899116: val_loss -0.5712
2026-06-16 06:18:33.900363: Pseudo dice [0.611]
2026-06-16 06:18:33.901575: Epoch time: 22.75 s
2026-06-16 06:18:35.378711: 
2026-06-16 06:18:35.380109: Epoch 676
2026-06-16 06:18:35.381328: Current learning rate: 0.00363
2026-06-16 06:18:58.166726: train_loss -0.723
2026-06-16 06:18:58.169095: val_loss -0.582
2026-06-16 06:18:58.170356: Pseudo dice [0.6068]
2026-06-16 06:18:58.171593: Epoch time: 22.79 s
2026-06-16 06:18:59.109122: 
2026-06-16 06:18:59.110369: Epoch 677
2026-06-16 06:18:59.111491: Current learning rate: 0.00362
2026-06-16 06:19:21.840019: train_loss -0.7163
2026-06-16 06:19:21.842279: val_loss -0.6001
2026-06-16 06:19:21.843482: Pseudo dice [0.6165]
2026-06-16 06:19:21.844693: Epoch time: 22.73 s
2026-06-16 06:19:22.782588: 
2026-06-16 06:19:22.783872: Epoch 678
2026-06-16 06:19:22.784953: Current learning rate: 0.00361
2026-06-16 06:19:45.560771: train_loss -0.7348
2026-06-16 06:19:45.568799: val_loss -0.5948
2026-06-16 06:19:45.570244: Pseudo dice [0.6124]
2026-06-16 06:19:45.571432: Epoch time: 22.78 s
2026-06-16 06:19:46.507465: 
2026-06-16 06:19:46.508835: Epoch 679
2026-06-16 06:19:46.510077: Current learning rate: 0.0036
2026-06-16 06:20:09.184767: train_loss -0.7267
2026-06-16 06:20:09.187176: val_loss -0.5158
2026-06-16 06:20:09.188416: Pseudo dice [0.5665]
2026-06-16 06:20:09.189713: Epoch time: 22.68 s
2026-06-16 06:20:10.123791: 
2026-06-16 06:20:10.125117: Epoch 680
2026-06-16 06:20:10.126396: Current learning rate: 0.00359
2026-06-16 06:20:32.784840: train_loss -0.7032
2026-06-16 06:20:32.793684: val_loss -0.5429
2026-06-16 06:20:32.794947: Pseudo dice [0.5585]
2026-06-16 06:20:32.798705: Epoch time: 22.66 s
2026-06-16 06:20:33.748939: 
2026-06-16 06:20:33.750157: Epoch 681
2026-06-16 06:20:33.751217: Current learning rate: 0.00358
2026-06-16 06:20:56.467031: train_loss -0.729
2026-06-16 06:20:56.469992: val_loss -0.5479
2026-06-16 06:20:56.471127: Pseudo dice [0.5983]
2026-06-16 06:20:56.472322: Epoch time: 22.72 s
2026-06-16 06:20:57.412296: 
2026-06-16 06:20:57.413622: Epoch 682
2026-06-16 06:20:57.414684: Current learning rate: 0.00357
2026-06-16 06:21:20.195151: train_loss -0.7261
2026-06-16 06:21:20.197298: val_loss -0.5954
2026-06-16 06:21:20.198396: Pseudo dice [0.6203]
2026-06-16 06:21:20.199501: Epoch time: 22.78 s
2026-06-16 06:21:21.137870: 
2026-06-16 06:21:21.139158: Epoch 683
2026-06-16 06:21:21.140458: Current learning rate: 0.00356
2026-06-16 06:21:43.829271: train_loss -0.7206
2026-06-16 06:21:43.831471: val_loss -0.5296
2026-06-16 06:21:43.832613: Pseudo dice [0.5804]
2026-06-16 06:21:43.833820: Epoch time: 22.69 s
2026-06-16 06:21:44.762481: 
2026-06-16 06:21:44.764215: Epoch 684
2026-06-16 06:21:44.765495: Current learning rate: 0.00355
2026-06-16 06:22:07.484260: train_loss -0.7031
2026-06-16 06:22:07.486773: val_loss -0.5277
2026-06-16 06:22:07.487969: Pseudo dice [0.571]
2026-06-16 06:22:07.489200: Epoch time: 22.72 s
2026-06-16 06:22:08.417405: 
2026-06-16 06:22:08.418946: Epoch 685
2026-06-16 06:22:08.420057: Current learning rate: 0.00354
2026-06-16 06:22:31.052706: train_loss -0.7071
2026-06-16 06:22:31.055348: val_loss -0.5729
2026-06-16 06:22:31.056627: Pseudo dice [0.588]
2026-06-16 06:22:31.057851: Epoch time: 22.64 s
2026-06-16 06:22:31.998694: 
2026-06-16 06:22:32.000101: Epoch 686
2026-06-16 06:22:32.001241: Current learning rate: 0.00353
2026-06-16 06:22:54.714658: train_loss -0.726
2026-06-16 06:22:54.716854: val_loss -0.5793
2026-06-16 06:22:54.718101: Pseudo dice [0.5965]
2026-06-16 06:22:54.719394: Epoch time: 22.72 s
2026-06-16 06:22:55.665561: 
2026-06-16 06:22:55.666937: Epoch 687
2026-06-16 06:22:55.668154: Current learning rate: 0.00352
2026-06-16 06:23:18.506809: train_loss -0.729
2026-06-16 06:23:18.509440: val_loss -0.5749
2026-06-16 06:23:18.510710: Pseudo dice [0.6001]
2026-06-16 06:23:18.511906: Epoch time: 22.84 s
2026-06-16 06:23:19.472810: 
2026-06-16 06:23:19.474290: Epoch 688
2026-06-16 06:23:19.475646: Current learning rate: 0.00351
2026-06-16 06:23:42.091151: train_loss -0.7201
2026-06-16 06:23:42.093669: val_loss -0.5585
2026-06-16 06:23:42.095083: Pseudo dice [0.5847]
2026-06-16 06:23:42.096365: Epoch time: 22.62 s
2026-06-16 06:23:43.037559: 
2026-06-16 06:23:43.038859: Epoch 689
2026-06-16 06:23:43.040430: Current learning rate: 0.0035
2026-06-16 06:24:05.656177: train_loss -0.7184
2026-06-16 06:24:05.659820: val_loss -0.5681
2026-06-16 06:24:05.661460: Pseudo dice [0.6137]
2026-06-16 06:24:05.663267: Epoch time: 22.62 s
2026-06-16 06:24:06.601306: 
2026-06-16 06:24:06.602736: Epoch 690
2026-06-16 06:24:06.603967: Current learning rate: 0.00349
2026-06-16 06:24:29.257145: train_loss -0.7098
2026-06-16 06:24:29.260455: val_loss -0.5354
2026-06-16 06:24:29.261892: Pseudo dice [0.5744]
2026-06-16 06:24:29.263348: Epoch time: 22.66 s
2026-06-16 06:24:30.192959: 
2026-06-16 06:24:30.194418: Epoch 691
2026-06-16 06:24:30.195670: Current learning rate: 0.00348
2026-06-16 06:24:52.750644: train_loss -0.7071
2026-06-16 06:24:52.753591: val_loss -0.5425
2026-06-16 06:24:52.756082: Pseudo dice [0.5736]
2026-06-16 06:24:52.758882: Epoch time: 22.56 s
2026-06-16 06:24:53.689357: 
2026-06-16 06:24:53.692019: Epoch 692
2026-06-16 06:24:53.693916: Current learning rate: 0.00346
2026-06-16 06:25:16.303781: train_loss -0.7348
2026-06-16 06:25:16.307904: val_loss -0.57
2026-06-16 06:25:16.310209: Pseudo dice [0.6053]
2026-06-16 06:25:16.311955: Epoch time: 22.62 s
2026-06-16 06:25:17.805427: 
2026-06-16 06:25:17.806967: Epoch 693
2026-06-16 06:25:17.808481: Current learning rate: 0.00345
2026-06-16 06:25:40.510400: train_loss -0.7083
2026-06-16 06:25:40.513866: val_loss -0.5809
2026-06-16 06:25:40.515965: Pseudo dice [0.6186]
2026-06-16 06:25:40.518199: Epoch time: 22.71 s
2026-06-16 06:25:40.520705: Yayy! New best EMA pseudo Dice: 0.5925
2026-06-16 06:25:41.954114: 
2026-06-16 06:25:41.957092: Epoch 694
2026-06-16 06:25:41.958857: Current learning rate: 0.00344
2026-06-16 06:26:04.631173: train_loss -0.7247
2026-06-16 06:26:04.633524: val_loss -0.5496
2026-06-16 06:26:04.634714: Pseudo dice [0.578]
2026-06-16 06:26:04.636098: Epoch time: 22.68 s
2026-06-16 06:26:05.567091: 
2026-06-16 06:26:05.569265: Epoch 695
2026-06-16 06:26:05.571064: Current learning rate: 0.00343
2026-06-16 06:26:28.295041: train_loss -0.7257
2026-06-16 06:26:28.297124: val_loss -0.5702
2026-06-16 06:26:28.298410: Pseudo dice [0.59]
2026-06-16 06:26:28.299632: Epoch time: 22.73 s
2026-06-16 06:26:29.252279: 
2026-06-16 06:26:29.254136: Epoch 696
2026-06-16 06:26:29.255571: Current learning rate: 0.00342
2026-06-16 06:26:51.822306: train_loss -0.7128
2026-06-16 06:26:51.825655: val_loss -0.5401
2026-06-16 06:26:51.827410: Pseudo dice [0.5917]
2026-06-16 06:26:51.828869: Epoch time: 22.57 s
2026-06-16 06:26:52.762063: 
2026-06-16 06:26:52.764409: Epoch 697
2026-06-16 06:26:52.766278: Current learning rate: 0.00341
2026-06-16 06:27:15.368924: train_loss -0.7242
2026-06-16 06:27:15.373191: val_loss -0.5826
2026-06-16 06:27:15.375028: Pseudo dice [0.628]
2026-06-16 06:27:15.377185: Epoch time: 22.61 s
2026-06-16 06:27:15.379071: Yayy! New best EMA pseudo Dice: 0.5947
2026-06-16 06:27:16.813732: 
2026-06-16 06:27:16.815365: Epoch 698
2026-06-16 06:27:16.816958: Current learning rate: 0.0034
2026-06-16 06:27:39.353507: train_loss -0.7366
2026-06-16 06:27:39.356857: val_loss -0.5044
2026-06-16 06:27:39.358533: Pseudo dice [0.5516]
2026-06-16 06:27:39.360241: Epoch time: 22.54 s
2026-06-16 06:27:40.297000: 
2026-06-16 06:27:40.299334: Epoch 699
2026-06-16 06:27:40.301678: Current learning rate: 0.00339
2026-06-16 06:28:02.835920: train_loss -0.7199
2026-06-16 06:28:02.839091: val_loss -0.6195
2026-06-16 06:28:02.840610: Pseudo dice [0.6417]
2026-06-16 06:28:02.841953: Epoch time: 22.54 s
2026-06-16 06:28:03.342360: Yayy! New best EMA pseudo Dice: 0.5955
2026-06-16 06:28:04.791292: 
2026-06-16 06:28:04.793491: Epoch 700
2026-06-16 06:28:04.795000: Current learning rate: 0.00338
2026-06-16 06:28:27.497689: train_loss -0.7329
2026-06-16 06:28:27.504747: val_loss -0.5611
2026-06-16 06:28:27.506752: Pseudo dice [0.5935]
2026-06-16 06:28:27.508312: Epoch time: 22.71 s
2026-06-16 06:28:28.453227: 
2026-06-16 06:28:28.455454: Epoch 701
2026-06-16 06:28:28.457033: Current learning rate: 0.00337
2026-06-16 06:28:51.023431: train_loss -0.7281
2026-06-16 06:28:51.026068: val_loss -0.546
2026-06-16 06:28:51.027559: Pseudo dice [0.5819]
2026-06-16 06:28:51.029016: Epoch time: 22.57 s
2026-06-16 06:28:51.964934: 
2026-06-16 06:28:51.967381: Epoch 702
2026-06-16 06:28:51.969005: Current learning rate: 0.00336
2026-06-16 06:29:14.515611: train_loss -0.7352
2026-06-16 06:29:14.518716: val_loss -0.5655
2026-06-16 06:29:14.520079: Pseudo dice [0.602]
2026-06-16 06:29:14.521416: Epoch time: 22.55 s
2026-06-16 06:29:15.455622: 
2026-06-16 06:29:15.457028: Epoch 703
2026-06-16 06:29:15.458584: Current learning rate: 0.00335
2026-06-16 06:29:37.976590: train_loss -0.7169
2026-06-16 06:29:37.980448: val_loss -0.5649
2026-06-16 06:29:37.982247: Pseudo dice [0.5999]
2026-06-16 06:29:37.983651: Epoch time: 22.52 s
2026-06-16 06:29:38.919543: 
2026-06-16 06:29:38.921171: Epoch 704
2026-06-16 06:29:38.923003: Current learning rate: 0.00334
2026-06-16 06:30:01.442664: train_loss -0.7293
2026-06-16 06:30:01.445699: val_loss -0.5466
2026-06-16 06:30:01.447198: Pseudo dice [0.596]
2026-06-16 06:30:01.448680: Epoch time: 22.52 s
2026-06-16 06:30:02.375716: 
2026-06-16 06:30:02.377207: Epoch 705
2026-06-16 06:30:02.378594: Current learning rate: 0.00333
2026-06-16 06:30:25.019340: train_loss -0.7365
2026-06-16 06:30:25.023035: val_loss -0.593
2026-06-16 06:30:25.025221: Pseudo dice [0.633]
2026-06-16 06:30:25.027522: Epoch time: 22.64 s
2026-06-16 06:30:25.029503: Yayy! New best EMA pseudo Dice: 0.5991
2026-06-16 06:30:26.452297: 
2026-06-16 06:30:26.454494: Epoch 706
2026-06-16 06:30:26.456145: Current learning rate: 0.00332
2026-06-16 06:30:49.044382: train_loss -0.7311
2026-06-16 06:30:49.046875: val_loss -0.4964
2026-06-16 06:30:49.048147: Pseudo dice [0.5345]
2026-06-16 06:30:49.049510: Epoch time: 22.59 s
2026-06-16 06:30:49.986215: 
2026-06-16 06:30:49.987740: Epoch 707
2026-06-16 06:30:49.989350: Current learning rate: 0.00331
2026-06-16 06:31:12.576638: train_loss -0.7569
2026-06-16 06:31:12.579425: val_loss -0.5094
2026-06-16 06:31:12.580915: Pseudo dice [0.5504]
2026-06-16 06:31:12.582578: Epoch time: 22.59 s
2026-06-16 06:31:13.534897: 
2026-06-16 06:31:13.536633: Epoch 708
2026-06-16 06:31:13.537921: Current learning rate: 0.0033
2026-06-16 06:31:36.214570: train_loss -0.7369
2026-06-16 06:31:36.219134: val_loss -0.5653
2026-06-16 06:31:36.221336: Pseudo dice [0.5836]
2026-06-16 06:31:36.223239: Epoch time: 22.68 s
2026-06-16 06:31:37.696599: 
2026-06-16 06:31:37.699498: Epoch 709
2026-06-16 06:31:37.701997: Current learning rate: 0.00329
2026-06-16 06:32:00.275116: train_loss -0.7413
2026-06-16 06:32:00.278255: val_loss -0.5773
2026-06-16 06:32:00.279636: Pseudo dice [0.5843]
2026-06-16 06:32:00.281015: Epoch time: 22.58 s
2026-06-16 06:32:01.211558: 
2026-06-16 06:32:01.213199: Epoch 710
2026-06-16 06:32:01.214615: Current learning rate: 0.00328
2026-06-16 06:32:23.901183: train_loss -0.739
2026-06-16 06:32:23.904547: val_loss -0.5538
2026-06-16 06:32:23.906350: Pseudo dice [0.5801]
2026-06-16 06:32:23.907830: Epoch time: 22.69 s
2026-06-16 06:32:24.838929: 
2026-06-16 06:32:24.840351: Epoch 711
2026-06-16 06:32:24.841604: Current learning rate: 0.00327
2026-06-16 06:32:47.559604: train_loss -0.7343
2026-06-16 06:32:47.562621: val_loss -0.5452
2026-06-16 06:32:47.564199: Pseudo dice [0.5972]
2026-06-16 06:32:47.565848: Epoch time: 22.72 s
2026-06-16 06:32:48.503972: 
2026-06-16 06:32:48.505573: Epoch 712
2026-06-16 06:32:48.506958: Current learning rate: 0.00326
2026-06-16 06:33:11.288969: train_loss -0.7346
2026-06-16 06:33:11.293004: val_loss -0.5575
2026-06-16 06:33:11.294556: Pseudo dice [0.5926]
2026-06-16 06:33:11.296051: Epoch time: 22.79 s
2026-06-16 06:33:12.242357: 
2026-06-16 06:33:12.245409: Epoch 713
2026-06-16 06:33:12.248212: Current learning rate: 0.00325
2026-06-16 06:33:34.883827: train_loss -0.7276
2026-06-16 06:33:34.886568: val_loss -0.5247
2026-06-16 06:33:34.887939: Pseudo dice [0.5757]
2026-06-16 06:33:34.889256: Epoch time: 22.64 s
2026-06-16 06:33:35.831357: 
2026-06-16 06:33:35.833070: Epoch 714
2026-06-16 06:33:35.834350: Current learning rate: 0.00324
2026-06-16 06:33:58.501778: train_loss -0.7319
2026-06-16 06:33:58.506172: val_loss -0.5434
2026-06-16 06:33:58.507841: Pseudo dice [0.5855]
2026-06-16 06:33:58.509527: Epoch time: 22.67 s
2026-06-16 06:33:59.451396: 
2026-06-16 06:33:59.453300: Epoch 715
2026-06-16 06:33:59.454674: Current learning rate: 0.00323
2026-06-16 06:34:22.082476: train_loss -0.7349
2026-06-16 06:34:22.085644: val_loss -0.5842
2026-06-16 06:34:22.088288: Pseudo dice [0.6024]
2026-06-16 06:34:22.090264: Epoch time: 22.63 s
2026-06-16 06:34:23.041013: 
2026-06-16 06:34:23.042376: Epoch 716
2026-06-16 06:34:23.043724: Current learning rate: 0.00322
2026-06-16 06:34:45.709516: train_loss -0.7224
2026-06-16 06:34:45.712483: val_loss -0.5194
2026-06-16 06:34:45.714017: Pseudo dice [0.5631]
2026-06-16 06:34:45.715411: Epoch time: 22.67 s
2026-06-16 06:34:46.659570: 
2026-06-16 06:34:46.661221: Epoch 717
2026-06-16 06:34:46.662434: Current learning rate: 0.00321
2026-06-16 06:35:09.266011: train_loss -0.7297
2026-06-16 06:35:09.270424: val_loss -0.507
2026-06-16 06:35:09.272154: Pseudo dice [0.542]
2026-06-16 06:35:09.273648: Epoch time: 22.61 s
2026-06-16 06:35:10.214840: 
2026-06-16 06:35:10.217222: Epoch 718
2026-06-16 06:35:10.220176: Current learning rate: 0.0032
2026-06-16 06:35:32.805684: train_loss -0.7462
2026-06-16 06:35:32.811429: val_loss -0.5742
2026-06-16 06:35:32.813503: Pseudo dice [0.5912]
2026-06-16 06:35:32.816913: Epoch time: 22.59 s
2026-06-16 06:35:33.758678: 
2026-06-16 06:35:33.760899: Epoch 719
2026-06-16 06:35:33.763397: Current learning rate: 0.00319
2026-06-16 06:35:56.445129: train_loss -0.7019
2026-06-16 06:35:56.447868: val_loss -0.5065
2026-06-16 06:35:56.449380: Pseudo dice [0.5528]
2026-06-16 06:35:56.451829: Epoch time: 22.69 s
2026-06-16 06:35:57.389958: 
2026-06-16 06:35:57.391832: Epoch 720
2026-06-16 06:35:57.394133: Current learning rate: 0.00318
2026-06-16 06:36:20.147747: train_loss -0.7159
2026-06-16 06:36:20.151207: val_loss -0.5597
2026-06-16 06:36:20.152739: Pseudo dice [0.5883]
2026-06-16 06:36:20.154233: Epoch time: 22.76 s
2026-06-16 06:36:21.080420: 
2026-06-16 06:36:21.082340: Epoch 721
2026-06-16 06:36:21.084027: Current learning rate: 0.00317
2026-06-16 06:36:43.786851: train_loss -0.7325
2026-06-16 06:36:43.789941: val_loss -0.5793
2026-06-16 06:36:43.791439: Pseudo dice [0.6189]
2026-06-16 06:36:43.793149: Epoch time: 22.71 s
2026-06-16 06:36:44.737867: 
2026-06-16 06:36:44.739579: Epoch 722
2026-06-16 06:36:44.741171: Current learning rate: 0.00316
2026-06-16 06:37:07.318315: train_loss -0.7338
2026-06-16 06:37:07.321404: val_loss -0.5454
2026-06-16 06:37:07.323129: Pseudo dice [0.5696]
2026-06-16 06:37:07.324702: Epoch time: 22.58 s
2026-06-16 06:37:08.267769: 
2026-06-16 06:37:08.271220: Epoch 723
2026-06-16 06:37:08.273726: Current learning rate: 0.00315
2026-06-16 06:37:30.865977: train_loss -0.7206
2026-06-16 06:37:30.869402: val_loss -0.464
2026-06-16 06:37:30.871280: Pseudo dice [0.5288]
2026-06-16 06:37:30.872812: Epoch time: 22.6 s
2026-06-16 06:37:31.798283: 
2026-06-16 06:37:31.799752: Epoch 724
2026-06-16 06:37:31.801029: Current learning rate: 0.00314
2026-06-16 06:37:54.383394: train_loss -0.7198
2026-06-16 06:37:54.388272: val_loss -0.5624
2026-06-16 06:37:54.390023: Pseudo dice [0.5992]
2026-06-16 06:37:54.391804: Epoch time: 22.59 s
2026-06-16 06:37:55.878961: 
2026-06-16 06:37:55.880584: Epoch 725
2026-06-16 06:37:55.882038: Current learning rate: 0.00313
2026-06-16 06:38:18.488701: train_loss -0.7076
2026-06-16 06:38:18.491218: val_loss -0.5746
2026-06-16 06:38:18.492778: Pseudo dice [0.6055]
2026-06-16 06:38:18.494185: Epoch time: 22.61 s
2026-06-16 06:38:19.445608: 
2026-06-16 06:38:19.448294: Epoch 726
2026-06-16 06:38:19.450482: Current learning rate: 0.00312
2026-06-16 06:38:42.137457: train_loss -0.736
2026-06-16 06:38:42.140883: val_loss -0.5801
2026-06-16 06:38:42.142507: Pseudo dice [0.6055]
2026-06-16 06:38:42.143937: Epoch time: 22.69 s
2026-06-16 06:38:43.088861: 
2026-06-16 06:38:43.091798: Epoch 727
2026-06-16 06:38:43.093552: Current learning rate: 0.00311
2026-06-16 06:39:05.787009: train_loss -0.736
2026-06-16 06:39:05.789500: val_loss -0.5625
2026-06-16 06:39:05.790820: Pseudo dice [0.5954]
2026-06-16 06:39:05.792142: Epoch time: 22.7 s
2026-06-16 06:39:06.730623: 
2026-06-16 06:39:06.732929: Epoch 728
2026-06-16 06:39:06.734594: Current learning rate: 0.0031
2026-06-16 06:39:29.393612: train_loss -0.7551
2026-06-16 06:39:29.396139: val_loss -0.5499
2026-06-16 06:39:29.397820: Pseudo dice [0.5657]
2026-06-16 06:39:29.399247: Epoch time: 22.66 s
2026-06-16 06:39:30.337673: 
2026-06-16 06:39:30.339231: Epoch 729
2026-06-16 06:39:30.340703: Current learning rate: 0.00309
2026-06-16 06:39:53.983859: train_loss -0.7437
2026-06-16 06:39:53.996906: val_loss -0.5363
2026-06-16 06:39:53.998628: Pseudo dice [0.5769]
2026-06-16 06:39:54.001115: Epoch time: 23.65 s
2026-06-16 06:39:54.930460: 
2026-06-16 06:39:54.932128: Epoch 730
2026-06-16 06:39:54.933488: Current learning rate: 0.00308
2026-06-16 06:40:17.743599: train_loss -0.7363
2026-06-16 06:40:17.747359: val_loss -0.5204
2026-06-16 06:40:17.748988: Pseudo dice [0.5512]
2026-06-16 06:40:17.750506: Epoch time: 22.81 s
2026-06-16 06:40:18.697596: 
2026-06-16 06:40:18.699147: Epoch 731
2026-06-16 06:40:18.700429: Current learning rate: 0.00307
2026-06-16 06:40:41.438165: train_loss -0.7455
2026-06-16 06:40:41.442047: val_loss -0.5379
2026-06-16 06:40:41.444087: Pseudo dice [0.5816]
2026-06-16 06:40:41.446626: Epoch time: 22.74 s
2026-06-16 06:40:42.379261: 
2026-06-16 06:40:42.381018: Epoch 732
2026-06-16 06:40:42.382736: Current learning rate: 0.00306
2026-06-16 06:41:05.012054: train_loss -0.7338
2026-06-16 06:41:05.022935: val_loss -0.5068
2026-06-16 06:41:05.024460: Pseudo dice [0.5487]
2026-06-16 06:41:05.025789: Epoch time: 22.63 s
2026-06-16 06:41:05.972791: 
2026-06-16 06:41:05.976764: Epoch 733
2026-06-16 06:41:05.979567: Current learning rate: 0.00305
2026-06-16 06:41:28.764567: train_loss -0.7257
2026-06-16 06:41:28.767792: val_loss -0.5274
2026-06-16 06:41:28.769468: Pseudo dice [0.5679]
2026-06-16 06:41:28.771272: Epoch time: 22.79 s
2026-06-16 06:41:29.714082: 
2026-06-16 06:41:29.717398: Epoch 734
2026-06-16 06:41:29.719127: Current learning rate: 0.00304
2026-06-16 06:41:52.468701: train_loss -0.7119
2026-06-16 06:41:52.471510: val_loss -0.5165
2026-06-16 06:41:52.473196: Pseudo dice [0.5562]
2026-06-16 06:41:52.474783: Epoch time: 22.76 s
2026-06-16 06:41:53.419589: 
2026-06-16 06:41:53.421365: Epoch 735
2026-06-16 06:41:53.422838: Current learning rate: 0.00303
2026-06-16 06:42:16.041787: train_loss -0.7416
2026-06-16 06:42:16.044807: val_loss -0.591
2026-06-16 06:42:16.046298: Pseudo dice [0.6117]
2026-06-16 06:42:16.047811: Epoch time: 22.62 s
2026-06-16 06:42:17.011717: 
2026-06-16 06:42:17.014290: Epoch 736
2026-06-16 06:42:17.015971: Current learning rate: 0.00302
2026-06-16 06:42:39.666500: train_loss -0.7367
2026-06-16 06:42:39.669397: val_loss -0.5822
2026-06-16 06:42:39.671292: Pseudo dice [0.6065]
2026-06-16 06:42:39.672934: Epoch time: 22.66 s
2026-06-16 06:42:40.600323: 
2026-06-16 06:42:40.602331: Epoch 737
2026-06-16 06:42:40.603984: Current learning rate: 0.00301
2026-06-16 06:43:03.308463: train_loss -0.7347
2026-06-16 06:43:03.311243: val_loss -0.4966
2026-06-16 06:43:03.312999: Pseudo dice [0.5607]
2026-06-16 06:43:03.315108: Epoch time: 22.71 s
2026-06-16 06:43:04.243219: 
2026-06-16 06:43:04.245057: Epoch 738
2026-06-16 06:43:04.246913: Current learning rate: 0.003
2026-06-16 06:43:26.952017: train_loss -0.7405
2026-06-16 06:43:26.954720: val_loss -0.5806
2026-06-16 06:43:26.955999: Pseudo dice [0.618]
2026-06-16 06:43:26.957393: Epoch time: 22.71 s
2026-06-16 06:43:27.895981: 
2026-06-16 06:43:27.897775: Epoch 739
2026-06-16 06:43:27.899273: Current learning rate: 0.00299
2026-06-16 06:43:50.575758: train_loss -0.7233
2026-06-16 06:43:50.579570: val_loss -0.5432
2026-06-16 06:43:50.581103: Pseudo dice [0.6063]
2026-06-16 06:43:50.582586: Epoch time: 22.68 s
2026-06-16 06:43:51.531824: 
2026-06-16 06:43:51.534435: Epoch 740
2026-06-16 06:43:51.536150: Current learning rate: 0.00297
2026-06-16 06:44:14.190926: train_loss -0.7438
2026-06-16 06:44:14.193980: val_loss -0.5475
2026-06-16 06:44:14.195675: Pseudo dice [0.5964]
2026-06-16 06:44:14.197180: Epoch time: 22.66 s
2026-06-16 06:44:15.125241: 
2026-06-16 06:44:15.126630: Epoch 741
2026-06-16 06:44:15.128093: Current learning rate: 0.00296
2026-06-16 06:44:37.818477: train_loss -0.7311
2026-06-16 06:44:37.822264: val_loss -0.5511
2026-06-16 06:44:37.824134: Pseudo dice [0.5981]
2026-06-16 06:44:37.825827: Epoch time: 22.69 s
2026-06-16 06:44:39.319704: 
2026-06-16 06:44:39.321873: Epoch 742
2026-06-16 06:44:39.323524: Current learning rate: 0.00295
2026-06-16 06:45:01.961400: train_loss -0.7458
2026-06-16 06:45:01.964936: val_loss -0.5124
2026-06-16 06:45:01.966793: Pseudo dice [0.5589]
2026-06-16 06:45:01.968955: Epoch time: 22.64 s
2026-06-16 06:45:02.911429: 
2026-06-16 06:45:02.913547: Epoch 743
2026-06-16 06:45:02.915815: Current learning rate: 0.00294
2026-06-16 06:45:25.535981: train_loss -0.7307
2026-06-16 06:45:25.538332: val_loss -0.568
2026-06-16 06:45:25.539716: Pseudo dice [0.5944]
2026-06-16 06:45:25.541550: Epoch time: 22.63 s
2026-06-16 06:45:26.477057: 
2026-06-16 06:45:26.478875: Epoch 744
2026-06-16 06:45:26.480545: Current learning rate: 0.00293
2026-06-16 06:45:49.209610: train_loss -0.7525
2026-06-16 06:45:49.215943: val_loss -0.5228
2026-06-16 06:45:49.217674: Pseudo dice [0.5584]
2026-06-16 06:45:49.221509: Epoch time: 22.73 s
2026-06-16 06:45:50.162838: 
2026-06-16 06:45:50.166131: Epoch 745
2026-06-16 06:45:50.168654: Current learning rate: 0.00292
2026-06-16 06:46:12.853877: train_loss -0.7357
2026-06-16 06:46:12.857460: val_loss -0.5265
2026-06-16 06:46:12.859142: Pseudo dice [0.581]
2026-06-16 06:46:12.860868: Epoch time: 22.69 s
2026-06-16 06:46:13.807391: 
2026-06-16 06:46:13.809054: Epoch 746
2026-06-16 06:46:13.810623: Current learning rate: 0.00291
2026-06-16 06:46:36.551086: train_loss -0.7226
2026-06-16 06:46:36.554246: val_loss -0.5236
2026-06-16 06:46:36.555937: Pseudo dice [0.5657]
2026-06-16 06:46:36.557391: Epoch time: 22.74 s
2026-06-16 06:46:37.493224: 
2026-06-16 06:46:37.496126: Epoch 747
2026-06-16 06:46:37.498977: Current learning rate: 0.0029
2026-06-16 06:47:00.143089: train_loss -0.7403
2026-06-16 06:47:00.146187: val_loss -0.5417
2026-06-16 06:47:00.147656: Pseudo dice [0.5616]
2026-06-16 06:47:00.149092: Epoch time: 22.65 s
2026-06-16 06:47:01.082202: 
2026-06-16 06:47:01.083846: Epoch 748
2026-06-16 06:47:01.085273: Current learning rate: 0.00289
2026-06-16 06:47:23.778252: train_loss -0.7331
2026-06-16 06:47:23.781280: val_loss -0.5784
2026-06-16 06:47:23.782757: Pseudo dice [0.601]
2026-06-16 06:47:23.784313: Epoch time: 22.7 s
2026-06-16 06:47:24.730874: 
2026-06-16 06:47:24.732315: Epoch 749
2026-06-16 06:47:24.733703: Current learning rate: 0.00288
2026-06-16 06:47:47.248828: train_loss -0.7448
2026-06-16 06:47:47.251707: val_loss -0.5439
2026-06-16 06:47:47.253514: Pseudo dice [0.5794]
2026-06-16 06:47:47.254896: Epoch time: 22.52 s
2026-06-16 06:47:48.677195: 
2026-06-16 06:47:48.678788: Epoch 750
2026-06-16 06:47:48.680157: Current learning rate: 0.00287
2026-06-16 06:48:11.505963: train_loss -0.7409
2026-06-16 06:48:11.509573: val_loss -0.5421
2026-06-16 06:48:11.512156: Pseudo dice [0.567]
2026-06-16 06:48:11.514272: Epoch time: 22.83 s
2026-06-16 06:48:12.461260: 
2026-06-16 06:48:12.463864: Epoch 751
2026-06-16 06:48:12.466951: Current learning rate: 0.00286
2026-06-16 06:48:35.022938: train_loss -0.7463
2026-06-16 06:48:35.026273: val_loss -0.5514
2026-06-16 06:48:35.027722: Pseudo dice [0.5825]
2026-06-16 06:48:35.029498: Epoch time: 22.56 s
2026-06-16 06:48:35.961535: 
2026-06-16 06:48:35.963476: Epoch 752
2026-06-16 06:48:35.965012: Current learning rate: 0.00285
2026-06-16 06:48:58.705678: train_loss -0.7498
2026-06-16 06:48:58.708538: val_loss -0.5573
2026-06-16 06:48:58.710352: Pseudo dice [0.5988]
2026-06-16 06:48:58.712283: Epoch time: 22.75 s
2026-06-16 06:48:59.652908: 
2026-06-16 06:48:59.654696: Epoch 753
2026-06-16 06:48:59.656281: Current learning rate: 0.00284
2026-06-16 06:49:22.435833: train_loss -0.7456
2026-06-16 06:49:22.440258: val_loss -0.5514
2026-06-16 06:49:22.442122: Pseudo dice [0.5869]
2026-06-16 06:49:22.443941: Epoch time: 22.78 s
2026-06-16 06:49:23.387699: 
2026-06-16 06:49:23.389728: Epoch 754
2026-06-16 06:49:23.391867: Current learning rate: 0.00283
2026-06-16 06:49:45.978920: train_loss -0.744
2026-06-16 06:49:45.981607: val_loss -0.5538
2026-06-16 06:49:45.983235: Pseudo dice [0.592]
2026-06-16 06:49:45.984765: Epoch time: 22.59 s
2026-06-16 06:49:46.924956: 
2026-06-16 06:49:46.926506: Epoch 755
2026-06-16 06:49:46.927968: Current learning rate: 0.00282
2026-06-16 06:50:09.544414: train_loss -0.7187
2026-06-16 06:50:09.546831: val_loss -0.5813
2026-06-16 06:50:09.548153: Pseudo dice [0.6039]
2026-06-16 06:50:09.549501: Epoch time: 22.62 s
2026-06-16 06:50:10.481888: 
2026-06-16 06:50:10.483571: Epoch 756
2026-06-16 06:50:10.485263: Current learning rate: 0.00281
2026-06-16 06:50:32.985963: train_loss -0.7354
2026-06-16 06:50:32.989538: val_loss -0.5592
2026-06-16 06:50:32.991709: Pseudo dice [0.5724]
2026-06-16 06:50:32.993399: Epoch time: 22.51 s
2026-06-16 06:50:33.933531: 
2026-06-16 06:50:33.936163: Epoch 757
2026-06-16 06:50:33.937683: Current learning rate: 0.0028
2026-06-16 06:50:56.591713: train_loss -0.7443
2026-06-16 06:50:56.596594: val_loss -0.5888
2026-06-16 06:50:56.598373: Pseudo dice [0.6182]
2026-06-16 06:50:56.600382: Epoch time: 22.66 s
2026-06-16 06:50:58.168876: 
2026-06-16 06:50:58.171669: Epoch 758
2026-06-16 06:50:58.175783: Current learning rate: 0.00279
2026-06-16 06:51:20.858826: train_loss -0.7314
2026-06-16 06:51:20.861396: val_loss -0.5289
2026-06-16 06:51:20.862924: Pseudo dice [0.5547]
2026-06-16 06:51:20.864754: Epoch time: 22.69 s
2026-06-16 06:51:21.800603: 
2026-06-16 06:51:21.802897: Epoch 759
2026-06-16 06:51:21.804763: Current learning rate: 0.00278
2026-06-16 06:51:44.444260: train_loss -0.7495
2026-06-16 06:51:44.447921: val_loss -0.5483
2026-06-16 06:51:44.450364: Pseudo dice [0.5858]
2026-06-16 06:51:44.452615: Epoch time: 22.64 s
2026-06-16 06:51:45.388633: 
2026-06-16 06:51:45.391161: Epoch 760
2026-06-16 06:51:45.392792: Current learning rate: 0.00277
2026-06-16 06:52:07.993240: train_loss -0.7462
2026-06-16 06:52:07.996755: val_loss -0.5146
2026-06-16 06:52:07.998255: Pseudo dice [0.5647]
2026-06-16 06:52:07.999610: Epoch time: 22.61 s
2026-06-16 06:52:08.934142: 
2026-06-16 06:52:08.936255: Epoch 761
2026-06-16 06:52:08.938192: Current learning rate: 0.00276
2026-06-16 06:52:31.610152: train_loss -0.7437
2026-06-16 06:52:31.613024: val_loss -0.5573
2026-06-16 06:52:31.615082: Pseudo dice [0.6064]
2026-06-16 06:52:31.616669: Epoch time: 22.68 s
2026-06-16 06:52:32.562042: 
2026-06-16 06:52:32.563814: Epoch 762
2026-06-16 06:52:32.565132: Current learning rate: 0.00275
2026-06-16 06:52:55.258857: train_loss -0.7505
2026-06-16 06:52:55.261964: val_loss -0.5478
2026-06-16 06:52:55.263494: Pseudo dice [0.5901]
2026-06-16 06:52:55.265003: Epoch time: 22.7 s
2026-06-16 06:52:56.210844: 
2026-06-16 06:52:56.212956: Epoch 763
2026-06-16 06:52:56.214882: Current learning rate: 0.00274
2026-06-16 06:53:18.780792: train_loss -0.7373
2026-06-16 06:53:18.784293: val_loss -0.538
2026-06-16 06:53:18.785826: Pseudo dice [0.5896]
2026-06-16 06:53:18.787293: Epoch time: 22.57 s
2026-06-16 06:53:19.733565: 
2026-06-16 06:53:19.735197: Epoch 764
2026-06-16 06:53:19.736782: Current learning rate: 0.00273
2026-06-16 06:53:42.402039: train_loss -0.75
2026-06-16 06:53:42.404403: val_loss -0.5719
2026-06-16 06:53:42.405899: Pseudo dice [0.5918]
2026-06-16 06:53:42.407384: Epoch time: 22.67 s
2026-06-16 06:53:43.353106: 
2026-06-16 06:53:43.355034: Epoch 765
2026-06-16 06:53:43.356603: Current learning rate: 0.00272
2026-06-16 06:54:05.973388: train_loss -0.7388
2026-06-16 06:54:05.977825: val_loss -0.5476
2026-06-16 06:54:05.981217: Pseudo dice [0.5917]
2026-06-16 06:54:05.982775: Epoch time: 22.62 s
2026-06-16 06:54:06.929840: 
2026-06-16 06:54:06.931543: Epoch 766
2026-06-16 06:54:06.932935: Current learning rate: 0.00271
2026-06-16 06:54:29.626065: train_loss -0.7536
2026-06-16 06:54:29.629105: val_loss -0.5498
2026-06-16 06:54:29.630563: Pseudo dice [0.5952]
2026-06-16 06:54:29.632235: Epoch time: 22.7 s
2026-06-16 06:54:30.581471: 
2026-06-16 06:54:30.583855: Epoch 767
2026-06-16 06:54:30.585613: Current learning rate: 0.0027
2026-06-16 06:54:53.286140: train_loss -0.7413
2026-06-16 06:54:53.289145: val_loss -0.5706
2026-06-16 06:54:53.291028: Pseudo dice [0.5934]
2026-06-16 06:54:53.292602: Epoch time: 22.71 s
2026-06-16 06:54:54.239048: 
2026-06-16 06:54:54.241603: Epoch 768
2026-06-16 06:54:54.243253: Current learning rate: 0.00268
2026-06-16 06:55:16.906825: train_loss -0.7298
2026-06-16 06:55:16.910964: val_loss -0.4886
2026-06-16 06:55:16.912690: Pseudo dice [0.5786]
2026-06-16 06:55:16.915145: Epoch time: 22.67 s
2026-06-16 06:55:17.906049: 
2026-06-16 06:55:17.907908: Epoch 769
2026-06-16 06:55:17.909674: Current learning rate: 0.00267
2026-06-16 06:55:40.504112: train_loss -0.734
2026-06-16 06:55:40.507271: val_loss -0.53
2026-06-16 06:55:40.509223: Pseudo dice [0.5979]
2026-06-16 06:55:40.512155: Epoch time: 22.6 s
2026-06-16 06:55:41.466212: 
2026-06-16 06:55:41.468339: Epoch 770
2026-06-16 06:55:41.470078: Current learning rate: 0.00266
2026-06-16 06:56:04.188442: train_loss -0.7289
2026-06-16 06:56:04.191367: val_loss -0.4963
2026-06-16 06:56:04.192925: Pseudo dice [0.5432]
2026-06-16 06:56:04.194351: Epoch time: 22.72 s
2026-06-16 06:56:05.136851: 
2026-06-16 06:56:05.138624: Epoch 771
2026-06-16 06:56:05.140239: Current learning rate: 0.00265
2026-06-16 06:56:27.767504: train_loss -0.7239
2026-06-16 06:56:27.771483: val_loss -0.5533
2026-06-16 06:56:27.773255: Pseudo dice [0.5756]
2026-06-16 06:56:27.774953: Epoch time: 22.63 s
2026-06-16 06:56:28.716064: 
2026-06-16 06:56:28.718249: Epoch 772
2026-06-16 06:56:28.720115: Current learning rate: 0.00264
2026-06-16 06:56:51.383836: train_loss -0.7527
2026-06-16 06:56:51.386902: val_loss -0.5628
2026-06-16 06:56:51.388747: Pseudo dice [0.5736]
2026-06-16 06:56:51.390274: Epoch time: 22.67 s
2026-06-16 06:56:52.337861: 
2026-06-16 06:56:52.341909: Epoch 773
2026-06-16 06:56:52.343946: Current learning rate: 0.00263
2026-06-16 06:57:14.962163: train_loss -0.7416
2026-06-16 06:57:14.964911: val_loss -0.4905
2026-06-16 06:57:14.966883: Pseudo dice [0.5722]
2026-06-16 06:57:14.968264: Epoch time: 22.63 s
2026-06-16 06:57:16.466565: 
2026-06-16 06:57:16.468867: Epoch 774
2026-06-16 06:57:16.470512: Current learning rate: 0.00262
2026-06-16 06:57:39.093117: train_loss -0.7614
2026-06-16 06:57:39.096159: val_loss -0.5822
2026-06-16 06:57:39.097717: Pseudo dice [0.6158]
2026-06-16 06:57:39.099184: Epoch time: 22.63 s
2026-06-16 06:57:40.040626: 
2026-06-16 06:57:40.043495: Epoch 775
2026-06-16 06:57:40.045175: Current learning rate: 0.00261
2026-06-16 06:58:02.715746: train_loss -0.7451
2026-06-16 06:58:02.719206: val_loss -0.5103
2026-06-16 06:58:02.721055: Pseudo dice [0.5473]
2026-06-16 06:58:02.722610: Epoch time: 22.68 s
2026-06-16 06:58:03.663512: 
2026-06-16 06:58:03.665707: Epoch 776
2026-06-16 06:58:03.667305: Current learning rate: 0.0026
2026-06-16 06:58:26.264365: train_loss -0.7783
2026-06-16 06:58:26.268004: val_loss -0.5462
2026-06-16 06:58:26.270507: Pseudo dice [0.585]
2026-06-16 06:58:26.272533: Epoch time: 22.6 s
2026-06-16 06:58:27.211291: 
2026-06-16 06:58:27.212942: Epoch 777
2026-06-16 06:58:27.214280: Current learning rate: 0.00259
2026-06-16 06:58:49.955921: train_loss -0.7353
2026-06-16 06:58:49.960597: val_loss -0.5604
2026-06-16 06:58:49.962149: Pseudo dice [0.5932]
2026-06-16 06:58:49.964244: Epoch time: 22.75 s
2026-06-16 06:58:50.906535: 
2026-06-16 06:58:50.907900: Epoch 778
2026-06-16 06:58:50.909292: Current learning rate: 0.00258
2026-06-16 06:59:13.531096: train_loss -0.752
2026-06-16 06:59:13.533554: val_loss -0.5921
2026-06-16 06:59:13.534839: Pseudo dice [0.6207]
2026-06-16 06:59:13.536084: Epoch time: 22.63 s
2026-06-16 06:59:14.474348: 
2026-06-16 06:59:14.475808: Epoch 779
2026-06-16 06:59:14.477031: Current learning rate: 0.00257
2026-06-16 06:59:37.073493: train_loss -0.7541
2026-06-16 06:59:37.075838: val_loss -0.5377
2026-06-16 06:59:37.077447: Pseudo dice [0.5707]
2026-06-16 06:59:37.078787: Epoch time: 22.6 s
2026-06-16 06:59:38.010259: 
2026-06-16 06:59:38.011865: Epoch 780
2026-06-16 06:59:38.013126: Current learning rate: 0.00256
2026-06-16 07:00:00.682634: train_loss -0.7486
2026-06-16 07:00:00.685395: val_loss -0.6017
2026-06-16 07:00:00.686656: Pseudo dice [0.6269]
2026-06-16 07:00:00.687876: Epoch time: 22.67 s
2026-06-16 07:00:01.621848: 
2026-06-16 07:00:01.623193: Epoch 781
2026-06-16 07:00:01.624427: Current learning rate: 0.00255
2026-06-16 07:00:24.238039: train_loss -0.7307
2026-06-16 07:00:24.240552: val_loss -0.5335
2026-06-16 07:00:24.241913: Pseudo dice [0.5747]
2026-06-16 07:00:24.243415: Epoch time: 22.62 s
2026-06-16 07:00:25.170089: 
2026-06-16 07:00:25.171571: Epoch 782
2026-06-16 07:00:25.172824: Current learning rate: 0.00254
2026-06-16 07:00:47.872602: train_loss -0.7499
2026-06-16 07:00:47.875076: val_loss -0.5589
2026-06-16 07:00:47.876378: Pseudo dice [0.6015]
2026-06-16 07:00:47.877610: Epoch time: 22.7 s
2026-06-16 07:00:48.828866: 
2026-06-16 07:00:48.830592: Epoch 783
2026-06-16 07:00:48.831814: Current learning rate: 0.00253
2026-06-16 07:01:11.612852: train_loss -0.7533
2026-06-16 07:01:11.615841: val_loss -0.5658
2026-06-16 07:01:11.617154: Pseudo dice [0.5945]
2026-06-16 07:01:11.618373: Epoch time: 22.78 s
2026-06-16 07:01:12.552538: 
2026-06-16 07:01:12.553958: Epoch 784
2026-06-16 07:01:12.555192: Current learning rate: 0.00252
2026-06-16 07:01:35.231764: train_loss -0.7545
2026-06-16 07:01:35.234356: val_loss -0.5595
2026-06-16 07:01:35.235678: Pseudo dice [0.622]
2026-06-16 07:01:35.236912: Epoch time: 22.68 s
2026-06-16 07:01:36.165910: 
2026-06-16 07:01:36.167583: Epoch 785
2026-06-16 07:01:36.169125: Current learning rate: 0.00251
2026-06-16 07:01:58.837913: train_loss -0.7634
2026-06-16 07:01:58.840223: val_loss -0.567
2026-06-16 07:01:58.841581: Pseudo dice [0.6029]
2026-06-16 07:01:58.842946: Epoch time: 22.67 s
2026-06-16 07:01:59.772625: 
2026-06-16 07:01:59.773977: Epoch 786
2026-06-16 07:01:59.775271: Current learning rate: 0.0025
2026-06-16 07:02:22.437328: train_loss -0.7295
2026-06-16 07:02:22.440389: val_loss -0.5319
2026-06-16 07:02:22.441876: Pseudo dice [0.5867]
2026-06-16 07:02:22.443109: Epoch time: 22.67 s
2026-06-16 07:02:23.368440: 
2026-06-16 07:02:23.369907: Epoch 787
2026-06-16 07:02:23.371183: Current learning rate: 0.00249
2026-06-16 07:02:46.045405: train_loss -0.7514
2026-06-16 07:02:46.047768: val_loss -0.5302
2026-06-16 07:02:46.049031: Pseudo dice [0.581]
2026-06-16 07:02:46.050375: Epoch time: 22.68 s
2026-06-16 07:02:46.984359: 
2026-06-16 07:02:46.985864: Epoch 788
2026-06-16 07:02:46.987077: Current learning rate: 0.00248
2026-06-16 07:03:09.629309: train_loss -0.7623
2026-06-16 07:03:09.631746: val_loss -0.5655
2026-06-16 07:03:09.633238: Pseudo dice [0.604]
2026-06-16 07:03:09.634551: Epoch time: 22.65 s
2026-06-16 07:03:10.561846: 
2026-06-16 07:03:10.563319: Epoch 789
2026-06-16 07:03:10.564613: Current learning rate: 0.00247
2026-06-16 07:03:33.258933: train_loss -0.7612
2026-06-16 07:03:33.262106: val_loss -0.556
2026-06-16 07:03:33.263531: Pseudo dice [0.5882]
2026-06-16 07:03:33.264917: Epoch time: 22.7 s
2026-06-16 07:03:34.749298: 
2026-06-16 07:03:34.750756: Epoch 790
2026-06-16 07:03:34.751973: Current learning rate: 0.00245
2026-06-16 07:03:57.374024: train_loss -0.7499
2026-06-16 07:03:57.376608: val_loss -0.5531
2026-06-16 07:03:57.377944: Pseudo dice [0.5995]
2026-06-16 07:03:57.379274: Epoch time: 22.63 s
2026-06-16 07:03:58.321759: 
2026-06-16 07:03:58.323185: Epoch 791
2026-06-16 07:03:58.324361: Current learning rate: 0.00244
2026-06-16 07:04:21.086094: train_loss -0.7399
2026-06-16 07:04:21.088372: val_loss -0.5711
2026-06-16 07:04:21.089824: Pseudo dice [0.6114]
2026-06-16 07:04:21.091141: Epoch time: 22.77 s
2026-06-16 07:04:22.028424: 
2026-06-16 07:04:22.029829: Epoch 792
2026-06-16 07:04:22.031098: Current learning rate: 0.00243
2026-06-16 07:04:44.766240: train_loss -0.7632
2026-06-16 07:04:44.768932: val_loss -0.5709
2026-06-16 07:04:44.770288: Pseudo dice [0.6065]
2026-06-16 07:04:44.771734: Epoch time: 22.74 s
2026-06-16 07:04:45.714679: 
2026-06-16 07:04:45.716114: Epoch 793
2026-06-16 07:04:45.717480: Current learning rate: 0.00242
2026-06-16 07:05:08.574391: train_loss -0.7505
2026-06-16 07:05:08.576905: val_loss -0.5409
2026-06-16 07:05:08.578267: Pseudo dice [0.5679]
2026-06-16 07:05:08.579748: Epoch time: 22.86 s
2026-06-16 07:05:09.517384: 
2026-06-16 07:05:09.518819: Epoch 794
2026-06-16 07:05:09.520227: Current learning rate: 0.00241
2026-06-16 07:05:32.201018: train_loss -0.7589
2026-06-16 07:05:32.203480: val_loss -0.559
2026-06-16 07:05:32.208809: Pseudo dice [0.5947]
2026-06-16 07:05:32.210323: Epoch time: 22.68 s
2026-06-16 07:05:33.158638: 
2026-06-16 07:05:33.160126: Epoch 795
2026-06-16 07:05:33.161545: Current learning rate: 0.0024
2026-06-16 07:05:55.812480: train_loss -0.7413
2026-06-16 07:05:55.815233: val_loss -0.526
2026-06-16 07:05:55.816556: Pseudo dice [0.566]
2026-06-16 07:05:55.817894: Epoch time: 22.65 s
2026-06-16 07:05:56.764927: 
2026-06-16 07:05:56.766583: Epoch 796
2026-06-16 07:05:56.768044: Current learning rate: 0.00239
2026-06-16 07:06:19.457129: train_loss -0.7635
2026-06-16 07:06:19.459886: val_loss -0.5342
2026-06-16 07:06:19.461409: Pseudo dice [0.576]
2026-06-16 07:06:19.462821: Epoch time: 22.69 s
2026-06-16 07:06:20.400358: 
2026-06-16 07:06:20.401916: Epoch 797
2026-06-16 07:06:20.403338: Current learning rate: 0.00238
2026-06-16 07:06:43.124398: train_loss -0.7571
2026-06-16 07:06:43.126787: val_loss -0.5119
2026-06-16 07:06:43.128107: Pseudo dice [0.5675]
2026-06-16 07:06:43.129510: Epoch time: 22.73 s
2026-06-16 07:06:44.075537: 
2026-06-16 07:06:44.079769: Epoch 798
2026-06-16 07:06:44.081326: Current learning rate: 0.00237
2026-06-16 07:07:06.832062: train_loss -0.7585
2026-06-16 07:07:06.834940: val_loss -0.4856
2026-06-16 07:07:06.836217: Pseudo dice [0.5507]
2026-06-16 07:07:06.837431: Epoch time: 22.76 s
2026-06-16 07:07:07.772421: 
2026-06-16 07:07:07.774470: Epoch 799
2026-06-16 07:07:07.775768: Current learning rate: 0.00236
2026-06-16 07:07:30.425662: train_loss -0.7441
2026-06-16 07:07:30.428122: val_loss -0.5861
2026-06-16 07:07:30.429371: Pseudo dice [0.6174]
2026-06-16 07:07:30.430886: Epoch time: 22.65 s
2026-06-16 07:07:31.862500: 
2026-06-16 07:07:31.863866: Epoch 800
2026-06-16 07:07:31.865300: Current learning rate: 0.00235
2026-06-16 07:07:54.396251: train_loss -0.7456
2026-06-16 07:07:54.398547: val_loss -0.6214
2026-06-16 07:07:54.399835: Pseudo dice [0.64]
2026-06-16 07:07:54.401088: Epoch time: 22.53 s
2026-06-16 07:07:55.351712: 
2026-06-16 07:07:55.353069: Epoch 801
2026-06-16 07:07:55.354272: Current learning rate: 0.00234
2026-06-16 07:08:18.018043: train_loss -0.7534
2026-06-16 07:08:18.021031: val_loss -0.5794
2026-06-16 07:08:18.022372: Pseudo dice [0.6178]
2026-06-16 07:08:18.023705: Epoch time: 22.67 s
2026-06-16 07:08:18.958204: 
2026-06-16 07:08:18.959789: Epoch 802
2026-06-16 07:08:18.961151: Current learning rate: 0.00233
2026-06-16 07:08:41.591471: train_loss -0.7648
2026-06-16 07:08:41.594358: val_loss -0.5271
2026-06-16 07:08:41.595685: Pseudo dice [0.5893]
2026-06-16 07:08:41.597019: Epoch time: 22.63 s
2026-06-16 07:08:42.556036: 
2026-06-16 07:08:42.557930: Epoch 803
2026-06-16 07:08:42.559593: Current learning rate: 0.00232
2026-06-16 07:09:05.203979: train_loss -0.7394
2026-06-16 07:09:05.206235: val_loss -0.5419
2026-06-16 07:09:05.207648: Pseudo dice [0.5982]
2026-06-16 07:09:05.208851: Epoch time: 22.65 s
2026-06-16 07:09:06.155661: 
2026-06-16 07:09:06.157138: Epoch 804
2026-06-16 07:09:06.158359: Current learning rate: 0.00231
2026-06-16 07:09:28.663427: train_loss -0.7637
2026-06-16 07:09:28.669293: val_loss -0.5831
2026-06-16 07:09:28.670663: Pseudo dice [0.607]
2026-06-16 07:09:28.671982: Epoch time: 22.51 s
2026-06-16 07:09:29.618336: 
2026-06-16 07:09:29.619718: Epoch 805
2026-06-16 07:09:29.620925: Current learning rate: 0.0023
2026-06-16 07:09:52.258859: train_loss -0.7585
2026-06-16 07:09:52.261533: val_loss -0.5667
2026-06-16 07:09:52.262946: Pseudo dice [0.6089]
2026-06-16 07:09:52.264315: Epoch time: 22.64 s
2026-06-16 07:09:53.200819: 
2026-06-16 07:09:53.210237: Epoch 806
2026-06-16 07:09:53.211565: Current learning rate: 0.00229
2026-06-16 07:10:15.841232: train_loss -0.7663
2026-06-16 07:10:15.843602: val_loss -0.6106
2026-06-16 07:10:15.844799: Pseudo dice [0.6118]
2026-06-16 07:10:15.846051: Epoch time: 22.64 s
2026-06-16 07:10:17.340370: 
2026-06-16 07:10:17.344457: Epoch 807
2026-06-16 07:10:17.345770: Current learning rate: 0.00228
2026-06-16 07:10:40.076919: train_loss -0.755
2026-06-16 07:10:40.079522: val_loss -0.5748
2026-06-16 07:10:40.080798: Pseudo dice [0.5901]
2026-06-16 07:10:40.081961: Epoch time: 22.74 s
2026-06-16 07:10:41.035023: 
2026-06-16 07:10:41.036731: Epoch 808
2026-06-16 07:10:41.038095: Current learning rate: 0.00226
2026-06-16 07:11:03.692065: train_loss -0.7544
2026-06-16 07:11:03.694213: val_loss -0.5723
2026-06-16 07:11:03.695496: Pseudo dice [0.5975]
2026-06-16 07:11:03.696747: Epoch time: 22.66 s
2026-06-16 07:11:04.631473: 
2026-06-16 07:11:04.633103: Epoch 809
2026-06-16 07:11:04.634396: Current learning rate: 0.00225
2026-06-16 07:11:27.240933: train_loss -0.7491
2026-06-16 07:11:27.243186: val_loss -0.5884
2026-06-16 07:11:27.244467: Pseudo dice [0.6266]
2026-06-16 07:11:27.245672: Epoch time: 22.61 s
2026-06-16 07:11:27.246944: Yayy! New best EMA pseudo Dice: 0.6006
2026-06-16 07:11:28.674788: 
2026-06-16 07:11:28.676356: Epoch 810
2026-06-16 07:11:28.677688: Current learning rate: 0.00224
2026-06-16 07:11:51.368522: train_loss -0.7567
2026-06-16 07:11:51.371325: val_loss -0.5391
2026-06-16 07:11:51.372579: Pseudo dice [0.5967]
2026-06-16 07:11:51.373823: Epoch time: 22.69 s
2026-06-16 07:11:52.315367: 
2026-06-16 07:11:52.316945: Epoch 811
2026-06-16 07:11:52.318199: Current learning rate: 0.00223
2026-06-16 07:12:14.928923: train_loss -0.7619
2026-06-16 07:12:14.931436: val_loss -0.5692
2026-06-16 07:12:14.932878: Pseudo dice [0.6232]
2026-06-16 07:12:14.934200: Epoch time: 22.61 s
2026-06-16 07:12:14.935383: Yayy! New best EMA pseudo Dice: 0.6025
2026-06-16 07:12:16.356224: 
2026-06-16 07:12:16.357563: Epoch 812
2026-06-16 07:12:16.358857: Current learning rate: 0.00222
2026-06-16 07:12:38.911124: train_loss -0.7628
2026-06-16 07:12:38.913225: val_loss -0.526
2026-06-16 07:12:38.914548: Pseudo dice [0.5893]
2026-06-16 07:12:38.915822: Epoch time: 22.56 s
2026-06-16 07:12:39.862692: 
2026-06-16 07:12:39.864143: Epoch 813
2026-06-16 07:12:39.865492: Current learning rate: 0.00221
2026-06-16 07:13:02.568254: train_loss -0.7587
2026-06-16 07:13:02.570868: val_loss -0.5282
2026-06-16 07:13:02.572149: Pseudo dice [0.5792]
2026-06-16 07:13:02.573379: Epoch time: 22.71 s
2026-06-16 07:13:03.521935: 
2026-06-16 07:13:03.523573: Epoch 814
2026-06-16 07:13:03.528378: Current learning rate: 0.0022
2026-06-16 07:13:26.111132: train_loss -0.7472
2026-06-16 07:13:26.113322: val_loss -0.5235
2026-06-16 07:13:26.114651: Pseudo dice [0.5674]
2026-06-16 07:13:26.115995: Epoch time: 22.59 s
2026-06-16 07:13:27.051052: 
2026-06-16 07:13:27.052336: Epoch 815
2026-06-16 07:13:27.053564: Current learning rate: 0.00219
2026-06-16 07:13:49.561459: train_loss -0.7577
2026-06-16 07:13:49.563737: val_loss -0.6051
2026-06-16 07:13:49.564977: Pseudo dice [0.6225]
2026-06-16 07:13:49.566209: Epoch time: 22.51 s
2026-06-16 07:13:50.570472: 
2026-06-16 07:13:50.571816: Epoch 816
2026-06-16 07:13:50.573092: Current learning rate: 0.00218
2026-06-16 07:14:13.102742: train_loss -0.7685
2026-06-16 07:14:13.105579: val_loss -0.5473
2026-06-16 07:14:13.106945: Pseudo dice [0.6014]
2026-06-16 07:14:13.108225: Epoch time: 22.53 s
2026-06-16 07:14:14.048889: 
2026-06-16 07:14:14.050587: Epoch 817
2026-06-16 07:14:14.052083: Current learning rate: 0.00217
2026-06-16 07:14:36.765949: train_loss -0.765
2026-06-16 07:14:36.768342: val_loss -0.5887
2026-06-16 07:14:36.769759: Pseudo dice [0.6124]
2026-06-16 07:14:36.771108: Epoch time: 22.72 s
2026-06-16 07:14:37.718149: 
2026-06-16 07:14:37.719785: Epoch 818
2026-06-16 07:14:37.721034: Current learning rate: 0.00216
2026-06-16 07:15:00.310695: train_loss -0.7741
2026-06-16 07:15:00.313132: val_loss -0.5226
2026-06-16 07:15:00.314466: Pseudo dice [0.5904]
2026-06-16 07:15:00.315727: Epoch time: 22.59 s
2026-06-16 07:15:01.258323: 
2026-06-16 07:15:01.259965: Epoch 819
2026-06-16 07:15:01.261502: Current learning rate: 0.00215
2026-06-16 07:15:23.884830: train_loss -0.7397
2026-06-16 07:15:23.887773: val_loss -0.5418
2026-06-16 07:15:23.889107: Pseudo dice [0.5868]
2026-06-16 07:15:23.890437: Epoch time: 22.63 s
2026-06-16 07:15:24.818265: 
2026-06-16 07:15:24.819682: Epoch 820
2026-06-16 07:15:24.820825: Current learning rate: 0.00214
2026-06-16 07:15:47.435751: train_loss -0.7531
2026-06-16 07:15:47.438213: val_loss -0.5601
2026-06-16 07:15:47.439594: Pseudo dice [0.5814]
2026-06-16 07:15:47.440925: Epoch time: 22.62 s
2026-06-16 07:15:48.341043: 
2026-06-16 07:15:48.342518: Epoch 821
2026-06-16 07:15:48.343947: Current learning rate: 0.00213
2026-06-16 07:16:10.993917: train_loss -0.7606
2026-06-16 07:16:10.996196: val_loss -0.5434
2026-06-16 07:16:10.997605: Pseudo dice [0.5838]
2026-06-16 07:16:10.998950: Epoch time: 22.65 s
2026-06-16 07:16:11.905747: 
2026-06-16 07:16:11.907007: Epoch 822
2026-06-16 07:16:11.908292: Current learning rate: 0.00212
2026-06-16 07:16:34.448832: train_loss -0.759
2026-06-16 07:16:34.451430: val_loss -0.5893
2026-06-16 07:16:34.452744: Pseudo dice [0.6182]
2026-06-16 07:16:34.454006: Epoch time: 22.54 s
2026-06-16 07:16:35.931165: 
2026-06-16 07:16:35.932721: Epoch 823
2026-06-16 07:16:35.933959: Current learning rate: 0.0021
2026-06-16 07:16:58.636630: train_loss -0.7731
2026-06-16 07:16:58.639120: val_loss -0.575
2026-06-16 07:16:58.640491: Pseudo dice [0.6141]
2026-06-16 07:16:58.641786: Epoch time: 22.71 s
2026-06-16 07:16:59.545459: 
2026-06-16 07:16:59.547524: Epoch 824
2026-06-16 07:16:59.548741: Current learning rate: 0.00209
2026-06-16 07:17:22.359023: train_loss -0.7563
2026-06-16 07:17:22.361236: val_loss -0.5545
2026-06-16 07:17:22.362525: Pseudo dice [0.6007]
2026-06-16 07:17:22.363775: Epoch time: 22.81 s
2026-06-16 07:17:23.269307: 
2026-06-16 07:17:23.270662: Epoch 825
2026-06-16 07:17:23.271975: Current learning rate: 0.00208
2026-06-16 07:17:45.876397: train_loss -0.7778
2026-06-16 07:17:45.879195: val_loss -0.5931
2026-06-16 07:17:45.880520: Pseudo dice [0.6206]
2026-06-16 07:17:45.881863: Epoch time: 22.61 s
2026-06-16 07:17:46.790745: 
2026-06-16 07:17:46.793421: Epoch 826
2026-06-16 07:17:46.797180: Current learning rate: 0.00207
2026-06-16 07:18:09.427090: train_loss -0.7552
2026-06-16 07:18:09.429594: val_loss -0.5428
2026-06-16 07:18:09.430993: Pseudo dice [0.5814]
2026-06-16 07:18:09.432248: Epoch time: 22.64 s
2026-06-16 07:18:10.343635: 
2026-06-16 07:18:10.345353: Epoch 827
2026-06-16 07:18:10.346835: Current learning rate: 0.00206
2026-06-16 07:18:33.053529: train_loss -0.7521
2026-06-16 07:18:33.055996: val_loss -0.5152
2026-06-16 07:18:33.057462: Pseudo dice [0.5463]
2026-06-16 07:18:33.058892: Epoch time: 22.71 s
2026-06-16 07:18:33.979459: 
2026-06-16 07:18:33.980991: Epoch 828
2026-06-16 07:18:33.982433: Current learning rate: 0.00205
2026-06-16 07:18:56.643332: train_loss -0.7596
2026-06-16 07:18:56.646347: val_loss -0.5312
2026-06-16 07:18:56.648532: Pseudo dice [0.5705]
2026-06-16 07:18:56.650429: Epoch time: 22.66 s
2026-06-16 07:18:57.563626: 
2026-06-16 07:18:57.565377: Epoch 829
2026-06-16 07:18:57.566916: Current learning rate: 0.00204
2026-06-16 07:19:20.186698: train_loss -0.7522
2026-06-16 07:19:20.189371: val_loss -0.5698
2026-06-16 07:19:20.191304: Pseudo dice [0.6049]
2026-06-16 07:19:20.192756: Epoch time: 22.62 s
2026-06-16 07:19:21.107200: 
2026-06-16 07:19:21.108534: Epoch 830
2026-06-16 07:19:21.109847: Current learning rate: 0.00203
2026-06-16 07:19:43.774618: train_loss -0.7684
2026-06-16 07:19:43.776921: val_loss -0.6088
2026-06-16 07:19:43.778244: Pseudo dice [0.6409]
2026-06-16 07:19:43.779468: Epoch time: 22.67 s
2026-06-16 07:19:44.694912: 
2026-06-16 07:19:44.696329: Epoch 831
2026-06-16 07:19:44.697669: Current learning rate: 0.00202
2026-06-16 07:20:07.334861: train_loss -0.7498
2026-06-16 07:20:07.337976: val_loss -0.5476
2026-06-16 07:20:07.339437: Pseudo dice [0.5906]
2026-06-16 07:20:07.340856: Epoch time: 22.64 s
2026-06-16 07:20:08.268662: 
2026-06-16 07:20:08.270665: Epoch 832
2026-06-16 07:20:08.272069: Current learning rate: 0.00201
2026-06-16 07:20:30.945747: train_loss -0.7518
2026-06-16 07:20:30.948234: val_loss -0.5152
2026-06-16 07:20:30.949606: Pseudo dice [0.5582]
2026-06-16 07:20:30.950830: Epoch time: 22.68 s
2026-06-16 07:20:31.859658: 
2026-06-16 07:20:31.863847: Epoch 833
2026-06-16 07:20:31.871593: Current learning rate: 0.002
2026-06-16 07:20:54.498858: train_loss -0.7526
2026-06-16 07:20:54.501687: val_loss -0.5448
2026-06-16 07:20:54.503785: Pseudo dice [0.5972]
2026-06-16 07:20:54.505555: Epoch time: 22.64 s
2026-06-16 07:20:55.406892: 
2026-06-16 07:20:55.408480: Epoch 834
2026-06-16 07:20:55.409844: Current learning rate: 0.00199
2026-06-16 07:21:18.006957: train_loss -0.7769
2026-06-16 07:21:18.009631: val_loss -0.5989
2026-06-16 07:21:18.010912: Pseudo dice [0.6207]
2026-06-16 07:21:18.012185: Epoch time: 22.6 s
2026-06-16 07:21:18.913181: 
2026-06-16 07:21:18.914581: Epoch 835
2026-06-16 07:21:18.915784: Current learning rate: 0.00198
2026-06-16 07:21:41.556838: train_loss -0.7657
2026-06-16 07:21:41.559632: val_loss -0.5776
2026-06-16 07:21:41.560991: Pseudo dice [0.6177]
2026-06-16 07:21:41.562253: Epoch time: 22.64 s
2026-06-16 07:21:42.468952: 
2026-06-16 07:21:42.470422: Epoch 836
2026-06-16 07:21:42.471656: Current learning rate: 0.00196
2026-06-16 07:22:04.994297: train_loss -0.7822
2026-06-16 07:22:04.997018: val_loss -0.5235
2026-06-16 07:22:04.998450: Pseudo dice [0.5794]
2026-06-16 07:22:04.999876: Epoch time: 22.53 s
2026-06-16 07:22:05.904971: 
2026-06-16 07:22:05.906550: Epoch 837
2026-06-16 07:22:05.907798: Current learning rate: 0.00195
2026-06-16 07:22:28.576627: train_loss -0.7765
2026-06-16 07:22:28.579373: val_loss -0.5602
2026-06-16 07:22:28.580987: Pseudo dice [0.602]
2026-06-16 07:22:28.582353: Epoch time: 22.67 s
2026-06-16 07:22:29.493410: 
2026-06-16 07:22:29.494777: Epoch 838
2026-06-16 07:22:29.496046: Current learning rate: 0.00194
2026-06-16 07:22:52.101170: train_loss -0.7823
2026-06-16 07:22:52.103419: val_loss -0.5707
2026-06-16 07:22:52.104752: Pseudo dice [0.6099]
2026-06-16 07:22:52.105920: Epoch time: 22.61 s
2026-06-16 07:22:53.018435: 
2026-06-16 07:22:53.019805: Epoch 839
2026-06-16 07:22:53.020984: Current learning rate: 0.00193
2026-06-16 07:23:15.573014: train_loss -0.7677
2026-06-16 07:23:15.575397: val_loss -0.545
2026-06-16 07:23:15.576633: Pseudo dice [0.6]
2026-06-16 07:23:15.577859: Epoch time: 22.56 s
2026-06-16 07:23:16.486039: 
2026-06-16 07:23:16.487465: Epoch 840
2026-06-16 07:23:16.488687: Current learning rate: 0.00192
2026-06-16 07:23:39.043092: train_loss -0.7769
2026-06-16 07:23:39.045717: val_loss -0.5869
2026-06-16 07:23:39.046960: Pseudo dice [0.6187]
2026-06-16 07:23:39.048111: Epoch time: 22.56 s
2026-06-16 07:23:40.519845: 
2026-06-16 07:23:40.521276: Epoch 841
2026-06-16 07:23:40.522558: Current learning rate: 0.00191
2026-06-16 07:24:03.187953: train_loss -0.7851
2026-06-16 07:24:03.190498: val_loss -0.5768
2026-06-16 07:24:03.191944: Pseudo dice [0.6012]
2026-06-16 07:24:03.193303: Epoch time: 22.67 s
2026-06-16 07:24:04.099911: 
2026-06-16 07:24:04.102041: Epoch 842
2026-06-16 07:24:04.103808: Current learning rate: 0.0019
2026-06-16 07:24:26.791336: train_loss -0.7877
2026-06-16 07:24:26.794474: val_loss -0.5584
2026-06-16 07:24:26.796365: Pseudo dice [0.6131]
2026-06-16 07:24:26.798383: Epoch time: 22.69 s
2026-06-16 07:24:27.713851: 
2026-06-16 07:24:27.716845: Epoch 843
2026-06-16 07:24:27.719179: Current learning rate: 0.00189
2026-06-16 07:24:50.387661: train_loss -0.7681
2026-06-16 07:24:50.394804: val_loss -0.5655
2026-06-16 07:24:50.396876: Pseudo dice [0.591]
2026-06-16 07:24:50.398972: Epoch time: 22.67 s
2026-06-16 07:24:51.313727: 
2026-06-16 07:24:51.315772: Epoch 844
2026-06-16 07:24:51.317922: Current learning rate: 0.00188
2026-06-16 07:25:13.977273: train_loss -0.7561
2026-06-16 07:25:13.984279: val_loss -0.5778
2026-06-16 07:25:13.986969: Pseudo dice [0.6006]
2026-06-16 07:25:13.990547: Epoch time: 22.66 s
2026-06-16 07:25:14.899548: 
2026-06-16 07:25:14.901067: Epoch 845
2026-06-16 07:25:14.902483: Current learning rate: 0.00187
2026-06-16 07:25:37.572311: train_loss -0.7464
2026-06-16 07:25:37.578312: val_loss -0.5189
2026-06-16 07:25:37.580918: Pseudo dice [0.5651]
2026-06-16 07:25:37.583259: Epoch time: 22.67 s
2026-06-16 07:25:38.511288: 
2026-06-16 07:25:38.515077: Epoch 846
2026-06-16 07:25:38.518370: Current learning rate: 0.00186
2026-06-16 07:26:01.251740: train_loss -0.7605
2026-06-16 07:26:01.256354: val_loss -0.536
2026-06-16 07:26:01.258020: Pseudo dice [0.5725]
2026-06-16 07:26:01.260048: Epoch time: 22.74 s
2026-06-16 07:26:02.168266: 
2026-06-16 07:26:02.170540: Epoch 847
2026-06-16 07:26:02.172482: Current learning rate: 0.00185
2026-06-16 07:26:24.908873: train_loss -0.7604
2026-06-16 07:26:24.911922: val_loss -0.5435
2026-06-16 07:26:24.913683: Pseudo dice [0.596]
2026-06-16 07:26:24.915316: Epoch time: 22.74 s
2026-06-16 07:26:25.827184: 
2026-06-16 07:26:25.830949: Epoch 848
2026-06-16 07:26:25.834201: Current learning rate: 0.00184
2026-06-16 07:26:48.500705: train_loss -0.7562
2026-06-16 07:26:48.504213: val_loss -0.5431
2026-06-16 07:26:48.506269: Pseudo dice [0.5928]
2026-06-16 07:26:48.507915: Epoch time: 22.67 s
2026-06-16 07:26:49.420143: 
2026-06-16 07:26:49.423387: Epoch 849
2026-06-16 07:26:49.425057: Current learning rate: 0.00182
2026-06-16 07:27:12.094729: train_loss -0.7604
2026-06-16 07:27:12.098023: val_loss -0.4949
2026-06-16 07:27:12.099524: Pseudo dice [0.5646]
2026-06-16 07:27:12.101015: Epoch time: 22.68 s
2026-06-16 07:27:13.502616: 
2026-06-16 07:27:13.504638: Epoch 850
2026-06-16 07:27:13.506311: Current learning rate: 0.00181
2026-06-16 07:27:36.130126: train_loss -0.7669
2026-06-16 07:27:36.132797: val_loss -0.5525
2026-06-16 07:27:36.134378: Pseudo dice [0.5814]
2026-06-16 07:27:36.135968: Epoch time: 22.63 s
2026-06-16 07:27:37.036932: 
2026-06-16 07:27:37.039253: Epoch 851
2026-06-16 07:27:37.041359: Current learning rate: 0.0018
2026-06-16 07:27:59.757239: train_loss -0.7729
2026-06-16 07:27:59.762297: val_loss -0.5965
2026-06-16 07:27:59.765524: Pseudo dice [0.6404]
2026-06-16 07:27:59.768052: Epoch time: 22.72 s
2026-06-16 07:28:00.672723: 
2026-06-16 07:28:00.674861: Epoch 852
2026-06-16 07:28:00.677037: Current learning rate: 0.00179
2026-06-16 07:28:23.298722: train_loss -0.7858
2026-06-16 07:28:23.302784: val_loss -0.5793
2026-06-16 07:28:23.304625: Pseudo dice [0.6036]
2026-06-16 07:28:23.306216: Epoch time: 22.63 s
2026-06-16 07:28:24.210708: 
2026-06-16 07:28:24.212698: Epoch 853
2026-06-16 07:28:24.214287: Current learning rate: 0.00178
2026-06-16 07:28:46.931021: train_loss -0.7703
2026-06-16 07:28:46.936714: val_loss -0.5306
2026-06-16 07:28:46.938691: Pseudo dice [0.5608]
2026-06-16 07:28:46.940784: Epoch time: 22.72 s
2026-06-16 07:28:47.899564: 
2026-06-16 07:28:47.901612: Epoch 854
2026-06-16 07:28:47.903353: Current learning rate: 0.00177
2026-06-16 07:29:10.653599: train_loss -0.7683
2026-06-16 07:29:10.656737: val_loss -0.5455
2026-06-16 07:29:10.658388: Pseudo dice [0.5944]
2026-06-16 07:29:10.659806: Epoch time: 22.75 s
2026-06-16 07:29:11.562144: 
2026-06-16 07:29:11.564031: Epoch 855
2026-06-16 07:29:11.565459: Current learning rate: 0.00176
2026-06-16 07:29:34.178391: train_loss -0.7801
2026-06-16 07:29:34.181987: val_loss -0.5771
2026-06-16 07:29:34.183572: Pseudo dice [0.6084]
2026-06-16 07:29:34.185186: Epoch time: 22.62 s
2026-06-16 07:29:35.100304: 
2026-06-16 07:29:35.102160: Epoch 856
2026-06-16 07:29:35.103461: Current learning rate: 0.00175
2026-06-16 07:29:57.772758: train_loss -0.7783
2026-06-16 07:29:57.775900: val_loss -0.5881
2026-06-16 07:29:57.777504: Pseudo dice [0.6127]
2026-06-16 07:29:57.778980: Epoch time: 22.67 s
2026-06-16 07:29:58.687485: 
2026-06-16 07:29:58.689105: Epoch 857
2026-06-16 07:29:58.690437: Current learning rate: 0.00174
2026-06-16 07:30:21.311553: train_loss -0.7812
2026-06-16 07:30:21.315861: val_loss -0.6195
2026-06-16 07:30:21.317881: Pseudo dice [0.6372]
2026-06-16 07:30:21.319648: Epoch time: 22.62 s
2026-06-16 07:30:22.210928: 
2026-06-16 07:30:22.212557: Epoch 858
2026-06-16 07:30:22.213942: Current learning rate: 0.00173
2026-06-16 07:30:44.894248: train_loss -0.7622
2026-06-16 07:30:44.897107: val_loss -0.6016
2026-06-16 07:30:44.898382: Pseudo dice [0.6328]
2026-06-16 07:30:44.899561: Epoch time: 22.68 s
2026-06-16 07:30:44.900955: Yayy! New best EMA pseudo Dice: 0.6037
2026-06-16 07:30:46.846853: 
2026-06-16 07:30:46.848481: Epoch 859
2026-06-16 07:30:46.849808: Current learning rate: 0.00172
2026-06-16 07:31:09.526894: train_loss -0.7722
2026-06-16 07:31:09.530165: val_loss -0.58
2026-06-16 07:31:09.531786: Pseudo dice [0.599]
2026-06-16 07:31:09.533257: Epoch time: 22.68 s
2026-06-16 07:31:10.431728: 
2026-06-16 07:31:10.433630: Epoch 860
2026-06-16 07:31:10.435693: Current learning rate: 0.0017
2026-06-16 07:31:33.084291: train_loss -0.7561
2026-06-16 07:31:33.086615: val_loss -0.5836
2026-06-16 07:31:33.088044: Pseudo dice [0.5917]
2026-06-16 07:31:33.089400: Epoch time: 22.65 s
2026-06-16 07:31:33.997482: 
2026-06-16 07:31:33.999082: Epoch 861
2026-06-16 07:31:34.000310: Current learning rate: 0.00169
2026-06-16 07:31:56.719385: train_loss -0.7661
2026-06-16 07:31:56.722815: val_loss -0.5163
2026-06-16 07:31:56.724897: Pseudo dice [0.5607]
2026-06-16 07:31:56.726773: Epoch time: 22.72 s
2026-06-16 07:31:57.623026: 
2026-06-16 07:31:57.624607: Epoch 862
2026-06-16 07:31:57.625991: Current learning rate: 0.00168
2026-06-16 07:32:20.186960: train_loss -0.7692
2026-06-16 07:32:20.189267: val_loss -0.5561
2026-06-16 07:32:20.190697: Pseudo dice [0.5858]
2026-06-16 07:32:20.191991: Epoch time: 22.56 s
2026-06-16 07:32:21.092262: 
2026-06-16 07:32:21.094170: Epoch 863
2026-06-16 07:32:21.095871: Current learning rate: 0.00167
2026-06-16 07:32:43.779057: train_loss -0.7597
2026-06-16 07:32:43.782046: val_loss -0.5824
2026-06-16 07:32:43.783601: Pseudo dice [0.6129]
2026-06-16 07:32:43.785213: Epoch time: 22.69 s
2026-06-16 07:32:44.694912: 
2026-06-16 07:32:44.696864: Epoch 864
2026-06-16 07:32:44.699079: Current learning rate: 0.00166
2026-06-16 07:33:07.341161: train_loss -0.7654
2026-06-16 07:33:07.346226: val_loss -0.5684
2026-06-16 07:33:07.347956: Pseudo dice [0.6035]
2026-06-16 07:33:07.349596: Epoch time: 22.65 s
2026-06-16 07:33:08.260324: 
2026-06-16 07:33:08.261941: Epoch 865
2026-06-16 07:33:08.263261: Current learning rate: 0.00165
2026-06-16 07:33:30.947851: train_loss -0.7929
2026-06-16 07:33:30.950634: val_loss -0.5821
2026-06-16 07:33:30.952200: Pseudo dice [0.6196]
2026-06-16 07:33:30.953521: Epoch time: 22.69 s
2026-06-16 07:33:31.864265: 
2026-06-16 07:33:31.866891: Epoch 866
2026-06-16 07:33:31.869030: Current learning rate: 0.00164
2026-06-16 07:33:54.541299: train_loss -0.7807
2026-06-16 07:33:54.544888: val_loss -0.5692
2026-06-16 07:33:54.546317: Pseudo dice [0.6085]
2026-06-16 07:33:54.547632: Epoch time: 22.68 s
2026-06-16 07:33:55.444490: 
2026-06-16 07:33:55.446009: Epoch 867
2026-06-16 07:33:55.447450: Current learning rate: 0.00163
2026-06-16 07:34:18.081033: train_loss -0.7838
2026-06-16 07:34:18.084302: val_loss -0.6005
2026-06-16 07:34:18.085977: Pseudo dice [0.6302]
2026-06-16 07:34:18.087596: Epoch time: 22.64 s
2026-06-16 07:34:18.088934: Yayy! New best EMA pseudo Dice: 0.6045
2026-06-16 07:34:19.482218: 
2026-06-16 07:34:19.484321: Epoch 868
2026-06-16 07:34:19.485812: Current learning rate: 0.00162
2026-06-16 07:34:42.169683: train_loss -0.7737
2026-06-16 07:34:42.172274: val_loss -0.5441
2026-06-16 07:34:42.173558: Pseudo dice [0.5815]
2026-06-16 07:34:42.174974: Epoch time: 22.69 s
2026-06-16 07:34:43.075606: 
2026-06-16 07:34:43.077450: Epoch 869
2026-06-16 07:34:43.078835: Current learning rate: 0.00161
2026-06-16 07:35:05.708222: train_loss -0.7741
2026-06-16 07:35:05.711162: val_loss -0.5594
2026-06-16 07:35:05.712783: Pseudo dice [0.5815]
2026-06-16 07:35:05.714710: Epoch time: 22.63 s
2026-06-16 07:35:06.610924: 
2026-06-16 07:35:06.612871: Epoch 870
2026-06-16 07:35:06.614301: Current learning rate: 0.00159
2026-06-16 07:35:29.293526: train_loss -0.7714
2026-06-16 07:35:29.297368: val_loss -0.5539
2026-06-16 07:35:29.299062: Pseudo dice [0.5889]
2026-06-16 07:35:29.300795: Epoch time: 22.68 s
2026-06-16 07:35:30.208484: 
2026-06-16 07:35:30.209970: Epoch 871
2026-06-16 07:35:30.211343: Current learning rate: 0.00158
2026-06-16 07:35:52.787172: train_loss -0.776
2026-06-16 07:35:52.789895: val_loss -0.5756
2026-06-16 07:35:52.791291: Pseudo dice [0.6231]
2026-06-16 07:35:52.792658: Epoch time: 22.58 s
2026-06-16 07:35:53.699758: 
2026-06-16 07:35:53.702158: Epoch 872
2026-06-16 07:35:53.704018: Current learning rate: 0.00157
2026-06-16 07:36:16.354442: train_loss -0.7745
2026-06-16 07:36:16.356738: val_loss -0.6179
2026-06-16 07:36:16.358027: Pseudo dice [0.6618]
2026-06-16 07:36:16.359301: Epoch time: 22.66 s
2026-06-16 07:36:16.360512: Yayy! New best EMA pseudo Dice: 0.6075
2026-06-16 07:36:17.760531: 
2026-06-16 07:36:17.762198: Epoch 873
2026-06-16 07:36:17.763525: Current learning rate: 0.00156
2026-06-16 07:36:40.459112: train_loss -0.7701
2026-06-16 07:36:40.471721: val_loss -0.6024
2026-06-16 07:36:40.476668: Pseudo dice [0.6268]
2026-06-16 07:36:40.478633: Epoch time: 22.7 s
2026-06-16 07:36:40.480747: Yayy! New best EMA pseudo Dice: 0.6094
2026-06-16 07:36:41.876535: 
2026-06-16 07:36:41.878068: Epoch 874
2026-06-16 07:36:41.880551: Current learning rate: 0.00155
2026-06-16 07:37:04.570120: train_loss -0.7754
2026-06-16 07:37:04.573839: val_loss -0.5423
2026-06-16 07:37:04.575440: Pseudo dice [0.5693]
2026-06-16 07:37:04.576860: Epoch time: 22.69 s
2026-06-16 07:37:05.488186: 
2026-06-16 07:37:05.489539: Epoch 875
2026-06-16 07:37:05.490835: Current learning rate: 0.00154
2026-06-16 07:37:27.999119: train_loss -0.7737
2026-06-16 07:37:28.003743: val_loss -0.5873
2026-06-16 07:37:28.008471: Pseudo dice [0.6232]
2026-06-16 07:37:28.013505: Epoch time: 22.51 s
2026-06-16 07:37:28.918452: 
2026-06-16 07:37:28.920091: Epoch 876
2026-06-16 07:37:28.921416: Current learning rate: 0.00153
2026-06-16 07:37:51.585507: train_loss -0.7779
2026-06-16 07:37:51.588900: val_loss -0.5028
2026-06-16 07:37:51.590605: Pseudo dice [0.5695]
2026-06-16 07:37:51.592727: Epoch time: 22.67 s
2026-06-16 07:37:53.070805: 
2026-06-16 07:37:53.072509: Epoch 877
2026-06-16 07:37:53.073799: Current learning rate: 0.00152
2026-06-16 07:38:15.768132: train_loss -0.7764
2026-06-16 07:38:15.772794: val_loss -0.5441
2026-06-16 07:38:15.775827: Pseudo dice [0.6113]
2026-06-16 07:38:15.778142: Epoch time: 22.7 s
2026-06-16 07:38:16.689191: 
2026-06-16 07:38:16.691776: Epoch 878
2026-06-16 07:38:16.693701: Current learning rate: 0.00151
2026-06-16 07:38:39.280724: train_loss -0.7865
2026-06-16 07:38:39.284079: val_loss -0.5614
2026-06-16 07:38:39.285481: Pseudo dice [0.6038]
2026-06-16 07:38:39.286900: Epoch time: 22.59 s
2026-06-16 07:38:40.201612: 
2026-06-16 07:38:40.203850: Epoch 879
2026-06-16 07:38:40.205546: Current learning rate: 0.00149
2026-06-16 07:39:02.831088: train_loss -0.7725
2026-06-16 07:39:02.834218: val_loss -0.5762
2026-06-16 07:39:02.835607: Pseudo dice [0.5882]
2026-06-16 07:39:02.837017: Epoch time: 22.63 s
2026-06-16 07:39:03.744026: 
2026-06-16 07:39:03.745456: Epoch 880
2026-06-16 07:39:03.746653: Current learning rate: 0.00148
2026-06-16 07:39:26.436358: train_loss -0.766
2026-06-16 07:39:26.439096: val_loss -0.5283
2026-06-16 07:39:26.440604: Pseudo dice [0.5769]
2026-06-16 07:39:26.442111: Epoch time: 22.69 s
2026-06-16 07:39:27.344360: 
2026-06-16 07:39:27.347446: Epoch 881
2026-06-16 07:39:27.349788: Current learning rate: 0.00147
2026-06-16 07:39:50.064306: train_loss -0.7689
2026-06-16 07:39:50.067419: val_loss -0.5892
2026-06-16 07:39:50.069893: Pseudo dice [0.6242]
2026-06-16 07:39:50.072157: Epoch time: 22.72 s
2026-06-16 07:39:50.981749: 
2026-06-16 07:39:50.983300: Epoch 882
2026-06-16 07:39:50.984911: Current learning rate: 0.00146
2026-06-16 07:40:13.681351: train_loss -0.7843
2026-06-16 07:40:13.684846: val_loss -0.5212
2026-06-16 07:40:13.686253: Pseudo dice [0.5472]
2026-06-16 07:40:13.687774: Epoch time: 22.7 s
2026-06-16 07:40:14.584217: 
2026-06-16 07:40:14.586340: Epoch 883
2026-06-16 07:40:14.588539: Current learning rate: 0.00145
2026-06-16 07:40:37.292050: train_loss -0.7733
2026-06-16 07:40:37.297477: val_loss -0.5844
2026-06-16 07:40:37.299771: Pseudo dice [0.6153]
2026-06-16 07:40:37.302144: Epoch time: 22.71 s
2026-06-16 07:40:38.226164: 
2026-06-16 07:40:38.228412: Epoch 884
2026-06-16 07:40:38.231209: Current learning rate: 0.00144
2026-06-16 07:41:00.857924: train_loss -0.7815
2026-06-16 07:41:00.860249: val_loss -0.5777
2026-06-16 07:41:00.861585: Pseudo dice [0.6164]
2026-06-16 07:41:00.862820: Epoch time: 22.63 s
2026-06-16 07:41:01.764065: 
2026-06-16 07:41:01.765477: Epoch 885
2026-06-16 07:41:01.766669: Current learning rate: 0.00143
2026-06-16 07:41:24.553759: train_loss -0.7706
2026-06-16 07:41:24.556667: val_loss -0.5417
2026-06-16 07:41:24.558351: Pseudo dice [0.5875]
2026-06-16 07:41:24.561138: Epoch time: 22.79 s
2026-06-16 07:41:25.464563: 
2026-06-16 07:41:25.467103: Epoch 886
2026-06-16 07:41:25.468631: Current learning rate: 0.00142
2026-06-16 07:41:48.120084: train_loss -0.7816
2026-06-16 07:41:48.123126: val_loss -0.555
2026-06-16 07:41:48.124632: Pseudo dice [0.6023]
2026-06-16 07:41:48.126134: Epoch time: 22.66 s
2026-06-16 07:41:49.027167: 
2026-06-16 07:41:49.028728: Epoch 887
2026-06-16 07:41:49.030034: Current learning rate: 0.00141
2026-06-16 07:42:11.719362: train_loss -0.7844
2026-06-16 07:42:11.721794: val_loss -0.5331
2026-06-16 07:42:11.723219: Pseudo dice [0.5944]
2026-06-16 07:42:11.724475: Epoch time: 22.69 s
2026-06-16 07:42:12.621497: 
2026-06-16 07:42:12.623646: Epoch 888
2026-06-16 07:42:12.625222: Current learning rate: 0.00139
2026-06-16 07:42:35.293477: train_loss -0.7876
2026-06-16 07:42:35.297060: val_loss -0.5671
2026-06-16 07:42:35.299035: Pseudo dice [0.6042]
2026-06-16 07:42:35.300873: Epoch time: 22.67 s
2026-06-16 07:42:36.200782: 
2026-06-16 07:42:36.202602: Epoch 889
2026-06-16 07:42:36.204839: Current learning rate: 0.00138
2026-06-16 07:42:58.720291: train_loss -0.7786
2026-06-16 07:42:58.723171: val_loss -0.5884
2026-06-16 07:42:58.724548: Pseudo dice [0.6223]
2026-06-16 07:42:58.725885: Epoch time: 22.52 s
2026-06-16 07:42:59.613594: 
2026-06-16 07:42:59.615500: Epoch 890
2026-06-16 07:42:59.617826: Current learning rate: 0.00137
2026-06-16 07:43:22.263537: train_loss -0.7921
2026-06-16 07:43:22.266607: val_loss -0.5615
2026-06-16 07:43:22.268055: Pseudo dice [0.6148]
2026-06-16 07:43:22.269500: Epoch time: 22.65 s
2026-06-16 07:43:23.176039: 
2026-06-16 07:43:23.177681: Epoch 891
2026-06-16 07:43:23.178974: Current learning rate: 0.00136
2026-06-16 07:43:45.827123: train_loss -0.7942
2026-06-16 07:43:45.830297: val_loss -0.528
2026-06-16 07:43:45.831760: Pseudo dice [0.5725]
2026-06-16 07:43:45.833436: Epoch time: 22.65 s
2026-06-16 07:43:46.725777: 
2026-06-16 07:43:46.727342: Epoch 892
2026-06-16 07:43:46.728774: Current learning rate: 0.00135
2026-06-16 07:44:09.366415: train_loss -0.7954
2026-06-16 07:44:09.369390: val_loss -0.6055
2026-06-16 07:44:09.370792: Pseudo dice [0.6234]
2026-06-16 07:44:09.372333: Epoch time: 22.64 s
2026-06-16 07:44:10.273525: 
2026-06-16 07:44:10.275882: Epoch 893
2026-06-16 07:44:10.277380: Current learning rate: 0.00134
2026-06-16 07:44:32.962458: train_loss -0.7779
2026-06-16 07:44:32.965279: val_loss -0.5634
2026-06-16 07:44:32.967259: Pseudo dice [0.5848]
2026-06-16 07:44:32.968658: Epoch time: 22.69 s
2026-06-16 07:44:33.871776: 
2026-06-16 07:44:33.873374: Epoch 894
2026-06-16 07:44:33.874821: Current learning rate: 0.00133
2026-06-16 07:44:56.675515: train_loss -0.7653
2026-06-16 07:44:56.679389: val_loss -0.5553
2026-06-16 07:44:56.680905: Pseudo dice [0.5872]
2026-06-16 07:44:56.682424: Epoch time: 22.8 s
2026-06-16 07:44:58.154058: 
2026-06-16 07:44:58.155483: Epoch 895
2026-06-16 07:44:58.156738: Current learning rate: 0.00132
2026-06-16 07:45:20.823647: train_loss -0.7679
2026-06-16 07:45:20.826513: val_loss -0.5256
2026-06-16 07:45:20.827884: Pseudo dice [0.5937]
2026-06-16 07:45:20.829200: Epoch time: 22.67 s
2026-06-16 07:45:21.737113: 
2026-06-16 07:45:21.738669: Epoch 896
2026-06-16 07:45:21.739996: Current learning rate: 0.0013
2026-06-16 07:45:44.383280: train_loss -0.7828
2026-06-16 07:45:44.385670: val_loss -0.5884
2026-06-16 07:45:44.387168: Pseudo dice [0.6192]
2026-06-16 07:45:44.388618: Epoch time: 22.65 s
2026-06-16 07:45:45.290502: 
2026-06-16 07:45:45.292223: Epoch 897
2026-06-16 07:45:45.293655: Current learning rate: 0.00129
2026-06-16 07:46:08.105908: train_loss -0.7775
2026-06-16 07:46:08.108941: val_loss -0.5903
2026-06-16 07:46:08.110350: Pseudo dice [0.6227]
2026-06-16 07:46:08.111710: Epoch time: 22.82 s
2026-06-16 07:46:09.007517: 
2026-06-16 07:46:09.009875: Epoch 898
2026-06-16 07:46:09.011558: Current learning rate: 0.00128
2026-06-16 07:46:31.754341: train_loss -0.7844
2026-06-16 07:46:31.760084: val_loss -0.5649
2026-06-16 07:46:31.762014: Pseudo dice [0.6004]
2026-06-16 07:46:31.764197: Epoch time: 22.75 s
2026-06-16 07:46:32.659281: 
2026-06-16 07:46:32.661428: Epoch 899
2026-06-16 07:46:32.663366: Current learning rate: 0.00127
2026-06-16 07:46:55.353032: train_loss -0.7835
2026-06-16 07:46:55.355828: val_loss -0.5772
2026-06-16 07:46:55.357358: Pseudo dice [0.5977]
2026-06-16 07:46:55.358862: Epoch time: 22.69 s
2026-06-16 07:46:56.780061: 
2026-06-16 07:46:56.781565: Epoch 900
2026-06-16 07:46:56.783231: Current learning rate: 0.00126
2026-06-16 07:47:19.334271: train_loss -0.7826
2026-06-16 07:47:19.339733: val_loss -0.5438
2026-06-16 07:47:19.345458: Pseudo dice [0.5921]
2026-06-16 07:47:19.346906: Epoch time: 22.56 s
2026-06-16 07:47:20.244540: 
2026-06-16 07:47:20.246151: Epoch 901
2026-06-16 07:47:20.247398: Current learning rate: 0.00125
2026-06-16 07:47:42.973563: train_loss -0.7831
2026-06-16 07:47:42.976180: val_loss -0.5314
2026-06-16 07:47:42.977779: Pseudo dice [0.5808]
2026-06-16 07:47:42.979068: Epoch time: 22.73 s
2026-06-16 07:47:43.883341: 
2026-06-16 07:47:43.885142: Epoch 902
2026-06-16 07:47:43.887399: Current learning rate: 0.00124
2026-06-16 07:48:06.500217: train_loss -0.7783
2026-06-16 07:48:06.502914: val_loss -0.5614
2026-06-16 07:48:06.504550: Pseudo dice [0.589]
2026-06-16 07:48:06.506313: Epoch time: 22.62 s
2026-06-16 07:48:07.405527: 
2026-06-16 07:48:07.410826: Epoch 903
2026-06-16 07:48:07.415973: Current learning rate: 0.00122
2026-06-16 07:48:30.048029: train_loss -0.792
2026-06-16 07:48:30.051387: val_loss -0.5597
2026-06-16 07:48:30.053806: Pseudo dice [0.5972]
2026-06-16 07:48:30.055586: Epoch time: 22.64 s
2026-06-16 07:48:30.967104: 
2026-06-16 07:48:30.968471: Epoch 904
2026-06-16 07:48:30.970033: Current learning rate: 0.00121
2026-06-16 07:48:53.721052: train_loss -0.7767
2026-06-16 07:48:53.724830: val_loss -0.5574
2026-06-16 07:48:53.726589: Pseudo dice [0.607]
2026-06-16 07:48:53.728838: Epoch time: 22.75 s
2026-06-16 07:48:54.635434: 
2026-06-16 07:48:54.637040: Epoch 905
2026-06-16 07:48:54.638853: Current learning rate: 0.0012
2026-06-16 07:49:17.321172: train_loss -0.7933
2026-06-16 07:49:17.324805: val_loss -0.5312
2026-06-16 07:49:17.326925: Pseudo dice [0.6125]
2026-06-16 07:49:17.328619: Epoch time: 22.69 s
2026-06-16 07:49:18.224295: 
2026-06-16 07:49:18.225958: Epoch 906
2026-06-16 07:49:18.227338: Current learning rate: 0.00119
2026-06-16 07:49:40.800857: train_loss -0.7792
2026-06-16 07:49:40.811958: val_loss -0.5833
2026-06-16 07:49:40.813415: Pseudo dice [0.6192]
2026-06-16 07:49:40.833505: Epoch time: 22.58 s
2026-06-16 07:49:41.743286: 
2026-06-16 07:49:41.745043: Epoch 907
2026-06-16 07:49:41.746481: Current learning rate: 0.00118
2026-06-16 07:50:04.422583: train_loss -0.8009
2026-06-16 07:50:04.426010: val_loss -0.5822
2026-06-16 07:50:04.428142: Pseudo dice [0.5992]
2026-06-16 07:50:04.430263: Epoch time: 22.68 s
2026-06-16 07:50:05.326127: 
2026-06-16 07:50:05.328056: Epoch 908
2026-06-16 07:50:05.330137: Current learning rate: 0.00117
2026-06-16 07:50:28.056212: train_loss -0.7864
2026-06-16 07:50:28.058565: val_loss -0.5364
2026-06-16 07:50:28.060291: Pseudo dice [0.5726]
2026-06-16 07:50:28.061861: Epoch time: 22.73 s
2026-06-16 07:50:28.959676: 
2026-06-16 07:50:28.961484: Epoch 909
2026-06-16 07:50:28.966390: Current learning rate: 0.00116
2026-06-16 07:50:51.526985: train_loss -0.7755
2026-06-16 07:50:51.529647: val_loss -0.5663
2026-06-16 07:50:51.531011: Pseudo dice [0.617]
2026-06-16 07:50:51.532279: Epoch time: 22.57 s
2026-06-16 07:50:52.429821: 
2026-06-16 07:50:52.431254: Epoch 910
2026-06-16 07:50:52.432505: Current learning rate: 0.00115
2026-06-16 07:51:15.139905: train_loss -0.7822
2026-06-16 07:51:15.144157: val_loss -0.5376
2026-06-16 07:51:15.145738: Pseudo dice [0.5787]
2026-06-16 07:51:15.147254: Epoch time: 22.71 s
2026-06-16 07:51:16.046095: 
2026-06-16 07:51:16.047785: Epoch 911
2026-06-16 07:51:16.049079: Current learning rate: 0.00113
2026-06-16 07:51:38.718431: train_loss -0.7789
2026-06-16 07:51:38.721860: val_loss -0.5695
2026-06-16 07:51:38.724166: Pseudo dice [0.6096]
2026-06-16 07:51:38.726139: Epoch time: 22.67 s
2026-06-16 07:51:39.622467: 
2026-06-16 07:51:39.623859: Epoch 912
2026-06-16 07:51:39.625111: Current learning rate: 0.00112
2026-06-16 07:52:02.195804: train_loss -0.7789
2026-06-16 07:52:02.198935: val_loss -0.6042
2026-06-16 07:52:02.200320: Pseudo dice [0.6298]
2026-06-16 07:52:02.201704: Epoch time: 22.57 s
2026-06-16 07:52:03.094036: 
2026-06-16 07:52:03.095704: Epoch 913
2026-06-16 07:52:03.097029: Current learning rate: 0.00111
2026-06-16 07:52:25.679959: train_loss -0.7859
2026-06-16 07:52:25.683194: val_loss -0.5923
2026-06-16 07:52:25.684599: Pseudo dice [0.6166]
2026-06-16 07:52:25.685882: Epoch time: 22.59 s
2026-06-16 07:52:27.171855: 
2026-06-16 07:52:27.173720: Epoch 914
2026-06-16 07:52:27.175193: Current learning rate: 0.0011
2026-06-16 07:52:49.939376: train_loss -0.759
2026-06-16 07:52:49.942116: val_loss -0.5778
2026-06-16 07:52:49.943368: Pseudo dice [0.6102]
2026-06-16 07:52:49.945126: Epoch time: 22.77 s
2026-06-16 07:52:50.847219: 
2026-06-16 07:52:50.848742: Epoch 915
2026-06-16 07:52:50.850227: Current learning rate: 0.00109
2026-06-16 07:53:13.514472: train_loss -0.7838
2026-06-16 07:53:13.518361: val_loss -0.5544
2026-06-16 07:53:13.519951: Pseudo dice [0.5971]
2026-06-16 07:53:13.521344: Epoch time: 22.67 s
2026-06-16 07:53:14.431438: 
2026-06-16 07:53:14.433382: Epoch 916
2026-06-16 07:53:14.434957: Current learning rate: 0.00108
2026-06-16 07:53:37.256614: train_loss -0.7912
2026-06-16 07:53:37.259160: val_loss -0.5737
2026-06-16 07:53:37.260782: Pseudo dice [0.6151]
2026-06-16 07:53:37.262376: Epoch time: 22.83 s
2026-06-16 07:53:38.173690: 
2026-06-16 07:53:38.175917: Epoch 917
2026-06-16 07:53:38.177270: Current learning rate: 0.00106
2026-06-16 07:54:00.857832: train_loss -0.7863
2026-06-16 07:54:00.860166: val_loss -0.5568
2026-06-16 07:54:00.861668: Pseudo dice [0.5959]
2026-06-16 07:54:00.863005: Epoch time: 22.69 s
2026-06-16 07:54:01.773307: 
2026-06-16 07:54:01.774830: Epoch 918
2026-06-16 07:54:01.776224: Current learning rate: 0.00105
2026-06-16 07:54:24.448542: train_loss -0.7889
2026-06-16 07:54:24.452396: val_loss -0.5787
2026-06-16 07:54:24.453740: Pseudo dice [0.6091]
2026-06-16 07:54:24.455499: Epoch time: 22.68 s
2026-06-16 07:54:25.362929: 
2026-06-16 07:54:25.365633: Epoch 919
2026-06-16 07:54:25.367986: Current learning rate: 0.00104
2026-06-16 07:54:48.008859: train_loss -0.7975
2026-06-16 07:54:48.011609: val_loss -0.6013
2026-06-16 07:54:48.013039: Pseudo dice [0.6349]
2026-06-16 07:54:48.014543: Epoch time: 22.65 s
2026-06-16 07:54:48.912180: 
2026-06-16 07:54:48.914176: Epoch 920
2026-06-16 07:54:48.915915: Current learning rate: 0.00103
2026-06-16 07:55:11.444500: train_loss -0.7901
2026-06-16 07:55:11.448000: val_loss -0.5845
2026-06-16 07:55:11.450068: Pseudo dice [0.6132]
2026-06-16 07:55:11.452090: Epoch time: 22.53 s
2026-06-16 07:55:12.367205: 
2026-06-16 07:55:12.368750: Epoch 921
2026-06-16 07:55:12.370122: Current learning rate: 0.00102
2026-06-16 07:55:34.871274: train_loss -0.8011
2026-06-16 07:55:34.874302: val_loss -0.6287
2026-06-16 07:55:34.875778: Pseudo dice [0.6522]
2026-06-16 07:55:34.878372: Epoch time: 22.5 s
2026-06-16 07:55:34.879825: Yayy! New best EMA pseudo Dice: 0.6126
2026-06-16 07:55:36.281383: 
2026-06-16 07:55:36.283116: Epoch 922
2026-06-16 07:55:36.284873: Current learning rate: 0.00101
2026-06-16 07:55:58.825731: train_loss -0.7956
2026-06-16 07:55:58.828743: val_loss -0.514
2026-06-16 07:55:58.830993: Pseudo dice [0.5642]
2026-06-16 07:55:58.832533: Epoch time: 22.55 s
2026-06-16 07:55:59.743170: 
2026-06-16 07:55:59.745105: Epoch 923
2026-06-16 07:55:59.747505: Current learning rate: 0.001
2026-06-16 07:56:22.398628: train_loss -0.7679
2026-06-16 07:56:22.402800: val_loss -0.5819
2026-06-16 07:56:22.404274: Pseudo dice [0.6194]
2026-06-16 07:56:22.406213: Epoch time: 22.66 s
2026-06-16 07:56:23.306091: 
2026-06-16 07:56:23.307931: Epoch 924
2026-06-16 07:56:23.309680: Current learning rate: 0.00098
2026-06-16 07:56:46.010972: train_loss -0.7992
2026-06-16 07:56:46.017819: val_loss -0.5291
2026-06-16 07:56:46.019521: Pseudo dice [0.5835]
2026-06-16 07:56:46.020920: Epoch time: 22.71 s
2026-06-16 07:56:46.909618: 
2026-06-16 07:56:46.911171: Epoch 925
2026-06-16 07:56:46.912947: Current learning rate: 0.00097
2026-06-16 07:57:09.569963: train_loss -0.7912
2026-06-16 07:57:09.574404: val_loss -0.5188
2026-06-16 07:57:09.579975: Pseudo dice [0.566]
2026-06-16 07:57:09.582003: Epoch time: 22.66 s
2026-06-16 07:57:10.487535: 
2026-06-16 07:57:10.494163: Epoch 926
2026-06-16 07:57:10.508356: Current learning rate: 0.00096
2026-06-16 07:57:33.174379: train_loss -0.7858
2026-06-16 07:57:33.178101: val_loss -0.5633
2026-06-16 07:57:33.180513: Pseudo dice [0.6004]
2026-06-16 07:57:33.183103: Epoch time: 22.69 s
2026-06-16 07:57:34.095890: 
2026-06-16 07:57:34.097334: Epoch 927
2026-06-16 07:57:34.098649: Current learning rate: 0.00095
2026-06-16 07:57:56.835621: train_loss -0.7926
2026-06-16 07:57:56.838514: val_loss -0.5439
2026-06-16 07:57:56.839981: Pseudo dice [0.5909]
2026-06-16 07:57:56.841394: Epoch time: 22.74 s
2026-06-16 07:57:57.736951: 
2026-06-16 07:57:57.738391: Epoch 928
2026-06-16 07:57:57.739865: Current learning rate: 0.00094
2026-06-16 07:58:20.392090: train_loss -0.7835
2026-06-16 07:58:20.394519: val_loss -0.579
2026-06-16 07:58:20.396040: Pseudo dice [0.6278]
2026-06-16 07:58:20.397422: Epoch time: 22.66 s
2026-06-16 07:58:21.306460: 
2026-06-16 07:58:21.308986: Epoch 929
2026-06-16 07:58:21.310642: Current learning rate: 0.00092
2026-06-16 07:58:43.932646: train_loss -0.7841
2026-06-16 07:58:43.935348: val_loss -0.5311
2026-06-16 07:58:43.936873: Pseudo dice [0.5781]
2026-06-16 07:58:43.938758: Epoch time: 22.63 s
2026-06-16 07:58:44.848842: 
2026-06-16 07:58:44.850708: Epoch 930
2026-06-16 07:58:44.852200: Current learning rate: 0.00091
2026-06-16 07:59:07.496890: train_loss -0.7678
2026-06-16 07:59:07.500780: val_loss -0.5932
2026-06-16 07:59:07.502422: Pseudo dice [0.6293]
2026-06-16 07:59:07.503696: Epoch time: 22.65 s
2026-06-16 07:59:08.406849: 
2026-06-16 07:59:08.408939: Epoch 931
2026-06-16 07:59:08.410491: Current learning rate: 0.0009
2026-06-16 07:59:31.100659: train_loss -0.7902
2026-06-16 07:59:31.104432: val_loss -0.5704
2026-06-16 07:59:31.106196: Pseudo dice [0.6147]
2026-06-16 07:59:31.108331: Epoch time: 22.69 s
2026-06-16 07:59:32.556600: 
2026-06-16 07:59:32.558981: Epoch 932
2026-06-16 07:59:32.562344: Current learning rate: 0.00089
2026-06-16 07:59:55.252935: train_loss -0.7804
2026-06-16 07:59:55.255039: val_loss -0.5856
2026-06-16 07:59:55.256286: Pseudo dice [0.616]
2026-06-16 07:59:55.257524: Epoch time: 22.7 s
2026-06-16 07:59:56.168377: 
2026-06-16 07:59:56.170075: Epoch 933
2026-06-16 07:59:56.171539: Current learning rate: 0.00088
2026-06-16 08:00:18.808922: train_loss -0.7978
2026-06-16 08:00:18.815102: val_loss -0.5707
2026-06-16 08:00:18.816830: Pseudo dice [0.6097]
2026-06-16 08:00:18.819489: Epoch time: 22.64 s
2026-06-16 08:00:19.711590: 
2026-06-16 08:00:19.714019: Epoch 934
2026-06-16 08:00:19.715815: Current learning rate: 0.00087
2026-06-16 08:00:42.338614: train_loss -0.7968
2026-06-16 08:00:42.343293: val_loss -0.602
2026-06-16 08:00:42.346095: Pseudo dice [0.6127]
2026-06-16 08:00:42.350046: Epoch time: 22.63 s
2026-06-16 08:00:43.254610: 
2026-06-16 08:00:43.259340: Epoch 935
2026-06-16 08:00:43.262883: Current learning rate: 0.00085
2026-06-16 08:01:05.933016: train_loss -0.7955
2026-06-16 08:01:05.935490: val_loss -0.5194
2026-06-16 08:01:05.937020: Pseudo dice [0.5557]
2026-06-16 08:01:05.938525: Epoch time: 22.68 s
2026-06-16 08:01:06.848410: 
2026-06-16 08:01:06.850106: Epoch 936
2026-06-16 08:01:06.851509: Current learning rate: 0.00084
2026-06-16 08:01:29.379280: train_loss -0.78
2026-06-16 08:01:29.382453: val_loss -0.5477
2026-06-16 08:01:29.384262: Pseudo dice [0.5893]
2026-06-16 08:01:29.385709: Epoch time: 22.53 s
2026-06-16 08:01:30.290977: 
2026-06-16 08:01:30.293330: Epoch 937
2026-06-16 08:01:30.296401: Current learning rate: 0.00083
2026-06-16 08:01:52.950572: train_loss -0.7841
2026-06-16 08:01:52.953229: val_loss -0.5604
2026-06-16 08:01:52.954673: Pseudo dice [0.5932]
2026-06-16 08:01:52.956283: Epoch time: 22.66 s
2026-06-16 08:01:53.861409: 
2026-06-16 08:01:53.862919: Epoch 938
2026-06-16 08:01:53.864180: Current learning rate: 0.00082
2026-06-16 08:02:16.414755: train_loss -0.8066
2026-06-16 08:02:16.417231: val_loss -0.5724
2026-06-16 08:02:16.418714: Pseudo dice [0.6058]
2026-06-16 08:02:16.420258: Epoch time: 22.55 s
2026-06-16 08:02:17.326679: 
2026-06-16 08:02:17.328316: Epoch 939
2026-06-16 08:02:17.329658: Current learning rate: 0.00081
2026-06-16 08:02:40.044344: train_loss -0.7933
2026-06-16 08:02:40.047203: val_loss -0.5429
2026-06-16 08:02:40.048776: Pseudo dice [0.5889]
2026-06-16 08:02:40.050352: Epoch time: 22.72 s
2026-06-16 08:02:40.955527: 
2026-06-16 08:02:40.957124: Epoch 940
2026-06-16 08:02:40.958596: Current learning rate: 0.00079
2026-06-16 08:03:03.547101: train_loss -0.7992
2026-06-16 08:03:03.550723: val_loss -0.5783
2026-06-16 08:03:03.552488: Pseudo dice [0.6149]
2026-06-16 08:03:03.554219: Epoch time: 22.59 s
2026-06-16 08:03:04.466068: 
2026-06-16 08:03:04.468120: Epoch 941
2026-06-16 08:03:04.470021: Current learning rate: 0.00078
2026-06-16 08:03:27.106190: train_loss -0.7841
2026-06-16 08:03:27.110271: val_loss -0.6009
2026-06-16 08:03:27.111663: Pseudo dice [0.6323]
2026-06-16 08:03:27.113981: Epoch time: 22.64 s
2026-06-16 08:03:28.009143: 
2026-06-16 08:03:28.010839: Epoch 942
2026-06-16 08:03:28.012242: Current learning rate: 0.00077
2026-06-16 08:03:50.712144: train_loss -0.7805
2026-06-16 08:03:50.715366: val_loss -0.5147
2026-06-16 08:03:50.717041: Pseudo dice [0.5565]
2026-06-16 08:03:50.718875: Epoch time: 22.7 s
2026-06-16 08:03:51.624637: 
2026-06-16 08:03:51.628829: Epoch 943
2026-06-16 08:03:51.632875: Current learning rate: 0.00076
2026-06-16 08:04:14.340525: train_loss -0.7818
2026-06-16 08:04:14.346172: val_loss -0.5776
2026-06-16 08:04:14.349097: Pseudo dice [0.5992]
2026-06-16 08:04:14.351102: Epoch time: 22.72 s
2026-06-16 08:04:15.259006: 
2026-06-16 08:04:15.260465: Epoch 944
2026-06-16 08:04:15.261963: Current learning rate: 0.00075
2026-06-16 08:04:37.919312: train_loss -0.792
2026-06-16 08:04:37.922193: val_loss -0.581
2026-06-16 08:04:37.923836: Pseudo dice [0.5891]
2026-06-16 08:04:37.925489: Epoch time: 22.66 s
2026-06-16 08:04:38.838599: 
2026-06-16 08:04:38.840392: Epoch 945
2026-06-16 08:04:38.841864: Current learning rate: 0.00074
2026-06-16 08:05:01.392031: train_loss -0.7934
2026-06-16 08:05:01.395768: val_loss -0.595
2026-06-16 08:05:01.397282: Pseudo dice [0.6141]
2026-06-16 08:05:01.398809: Epoch time: 22.55 s
2026-06-16 08:05:02.297479: 
2026-06-16 08:05:02.299029: Epoch 946
2026-06-16 08:05:02.300537: Current learning rate: 0.00072
2026-06-16 08:05:25.114656: train_loss -0.7962
2026-06-16 08:05:25.122057: val_loss -0.5615
2026-06-16 08:05:25.124571: Pseudo dice [0.5816]
2026-06-16 08:05:25.126796: Epoch time: 22.82 s
2026-06-16 08:05:26.035446: 
2026-06-16 08:05:26.037420: Epoch 947
2026-06-16 08:05:26.039737: Current learning rate: 0.00071
2026-06-16 08:05:48.730964: train_loss -0.7927
2026-06-16 08:05:48.733239: val_loss -0.5712
2026-06-16 08:05:48.734629: Pseudo dice [0.5999]
2026-06-16 08:05:48.735987: Epoch time: 22.7 s
2026-06-16 08:05:49.635665: 
2026-06-16 08:05:49.637322: Epoch 948
2026-06-16 08:05:49.638578: Current learning rate: 0.0007
2026-06-16 08:06:12.417138: train_loss -0.7814
2026-06-16 08:06:12.420872: val_loss -0.5664
2026-06-16 08:06:12.422313: Pseudo dice [0.6074]
2026-06-16 08:06:12.423723: Epoch time: 22.78 s
2026-06-16 08:06:13.332022: 
2026-06-16 08:06:13.334475: Epoch 949
2026-06-16 08:06:13.336374: Current learning rate: 0.00069
2026-06-16 08:06:36.018465: train_loss -0.7896
2026-06-16 08:06:36.025324: val_loss -0.568
2026-06-16 08:06:36.026914: Pseudo dice [0.5991]
2026-06-16 08:06:36.028523: Epoch time: 22.69 s
2026-06-16 08:06:37.421941: 
2026-06-16 08:06:37.424178: Epoch 950
2026-06-16 08:06:37.425818: Current learning rate: 0.00067
2026-06-16 08:07:00.103709: train_loss -0.7921
2026-06-16 08:07:00.107223: val_loss -0.5375
2026-06-16 08:07:00.108897: Pseudo dice [0.5717]
2026-06-16 08:07:00.110647: Epoch time: 22.68 s
2026-06-16 08:07:01.587099: 
2026-06-16 08:07:01.589477: Epoch 951
2026-06-16 08:07:01.591144: Current learning rate: 0.00066
2026-06-16 08:07:24.344140: train_loss -0.7957
2026-06-16 08:07:24.347478: val_loss -0.5387
2026-06-16 08:07:24.349056: Pseudo dice [0.5705]
2026-06-16 08:07:24.350497: Epoch time: 22.76 s
2026-06-16 08:07:25.260223: 
2026-06-16 08:07:25.262373: Epoch 952
2026-06-16 08:07:25.263882: Current learning rate: 0.00065
2026-06-16 08:07:47.925294: train_loss -0.792
2026-06-16 08:07:47.928739: val_loss -0.5411
2026-06-16 08:07:47.930406: Pseudo dice [0.5832]
2026-06-16 08:07:47.932016: Epoch time: 22.67 s
2026-06-16 08:07:48.850344: 
2026-06-16 08:07:48.852128: Epoch 953
2026-06-16 08:07:48.853565: Current learning rate: 0.00064
2026-06-16 08:08:11.558342: train_loss -0.7858
2026-06-16 08:08:11.562017: val_loss -0.5725
2026-06-16 08:08:11.564908: Pseudo dice [0.5925]
2026-06-16 08:08:11.567343: Epoch time: 22.71 s
2026-06-16 08:08:12.474936: 
2026-06-16 08:08:12.477122: Epoch 954
2026-06-16 08:08:12.478710: Current learning rate: 0.00063
2026-06-16 08:08:35.244848: train_loss -0.8039
2026-06-16 08:08:35.249717: val_loss -0.605
2026-06-16 08:08:35.252439: Pseudo dice [0.6362]
2026-06-16 08:08:35.254046: Epoch time: 22.77 s
2026-06-16 08:08:36.168771: 
2026-06-16 08:08:36.171388: Epoch 955
2026-06-16 08:08:36.173040: Current learning rate: 0.00061
2026-06-16 08:08:58.882768: train_loss -0.7865
2026-06-16 08:08:58.888019: val_loss -0.5653
2026-06-16 08:08:58.890358: Pseudo dice [0.6256]
2026-06-16 08:08:58.893058: Epoch time: 22.71 s
2026-06-16 08:08:59.804364: 
2026-06-16 08:08:59.808591: Epoch 956
2026-06-16 08:08:59.810685: Current learning rate: 0.0006
2026-06-16 08:09:22.449408: train_loss -0.7941
2026-06-16 08:09:22.451943: val_loss -0.5844
2026-06-16 08:09:22.453467: Pseudo dice [0.6221]
2026-06-16 08:09:22.455420: Epoch time: 22.65 s
2026-06-16 08:09:23.416815: 
2026-06-16 08:09:23.418346: Epoch 957
2026-06-16 08:09:23.419616: Current learning rate: 0.00059
2026-06-16 08:09:46.113905: train_loss -0.7963
2026-06-16 08:09:46.116751: val_loss -0.615
2026-06-16 08:09:46.118265: Pseudo dice [0.6309]
2026-06-16 08:09:46.119691: Epoch time: 22.7 s
2026-06-16 08:09:47.030160: 
2026-06-16 08:09:47.032437: Epoch 958
2026-06-16 08:09:47.034010: Current learning rate: 0.00058
2026-06-16 08:10:09.627921: train_loss -0.798
2026-06-16 08:10:09.634317: val_loss -0.5812
2026-06-16 08:10:09.636330: Pseudo dice [0.6179]
2026-06-16 08:10:09.638096: Epoch time: 22.6 s
2026-06-16 08:10:10.554376: 
2026-06-16 08:10:10.555784: Epoch 959
2026-06-16 08:10:10.557024: Current learning rate: 0.00056
2026-06-16 08:10:33.168895: train_loss -0.8003
2026-06-16 08:10:33.173092: val_loss -0.5747
2026-06-16 08:10:33.174665: Pseudo dice [0.5989]
2026-06-16 08:10:33.177001: Epoch time: 22.62 s
2026-06-16 08:10:34.081972: 
2026-06-16 08:10:34.083515: Epoch 960
2026-06-16 08:10:34.085835: Current learning rate: 0.00055
2026-06-16 08:10:56.817461: train_loss -0.7984
2026-06-16 08:10:56.820413: val_loss -0.5997
2026-06-16 08:10:56.821869: Pseudo dice [0.6354]
2026-06-16 08:10:56.823954: Epoch time: 22.74 s
2026-06-16 08:10:57.730466: 
2026-06-16 08:10:57.732676: Epoch 961
2026-06-16 08:10:57.735093: Current learning rate: 0.00054
2026-06-16 08:11:20.443463: train_loss -0.7753
2026-06-16 08:11:20.448003: val_loss -0.5657
2026-06-16 08:11:20.450883: Pseudo dice [0.5993]
2026-06-16 08:11:20.454191: Epoch time: 22.71 s
2026-06-16 08:11:21.358714: 
2026-06-16 08:11:21.361258: Epoch 962
2026-06-16 08:11:21.362801: Current learning rate: 0.00053
2026-06-16 08:11:44.031425: train_loss -0.7853
2026-06-16 08:11:44.034166: val_loss -0.5569
2026-06-16 08:11:44.035651: Pseudo dice [0.6072]
2026-06-16 08:11:44.037133: Epoch time: 22.67 s
2026-06-16 08:11:44.935369: 
2026-06-16 08:11:44.937075: Epoch 963
2026-06-16 08:11:44.938625: Current learning rate: 0.00051
2026-06-16 08:12:07.661273: train_loss -0.7968
2026-06-16 08:12:07.665337: val_loss -0.5876
2026-06-16 08:12:07.667017: Pseudo dice [0.6273]
2026-06-16 08:12:07.668771: Epoch time: 22.73 s
2026-06-16 08:12:08.583479: 
2026-06-16 08:12:08.585061: Epoch 964
2026-06-16 08:12:08.586498: Current learning rate: 0.0005
2026-06-16 08:12:31.137824: train_loss -0.812
2026-06-16 08:12:31.141700: val_loss -0.5931
2026-06-16 08:12:31.143132: Pseudo dice [0.6421]
2026-06-16 08:12:31.145233: Epoch time: 22.56 s
2026-06-16 08:12:31.147349: Yayy! New best EMA pseudo Dice: 0.6128
2026-06-16 08:12:32.561555: 
2026-06-16 08:12:32.563242: Epoch 965
2026-06-16 08:12:32.565545: Current learning rate: 0.00049
2026-06-16 08:12:55.170358: train_loss -0.8012
2026-06-16 08:12:55.173315: val_loss -0.6066
2026-06-16 08:12:55.175337: Pseudo dice [0.6293]
2026-06-16 08:12:55.176849: Epoch time: 22.61 s
2026-06-16 08:12:55.178245: Yayy! New best EMA pseudo Dice: 0.6145
2026-06-16 08:12:56.574342: 
2026-06-16 08:12:56.575737: Epoch 966
2026-06-16 08:12:56.577131: Current learning rate: 0.00048
2026-06-16 08:13:19.154509: train_loss -0.7981
2026-06-16 08:13:19.157486: val_loss -0.5657
2026-06-16 08:13:19.158720: Pseudo dice [0.6065]
2026-06-16 08:13:19.159880: Epoch time: 22.58 s
2026-06-16 08:13:20.056704: 
2026-06-16 08:13:20.058270: Epoch 967
2026-06-16 08:13:20.059600: Current learning rate: 0.00046
2026-06-16 08:13:42.802284: train_loss -0.7921
2026-06-16 08:13:42.805393: val_loss -0.559
2026-06-16 08:13:42.807016: Pseudo dice [0.6006]
2026-06-16 08:13:42.808727: Epoch time: 22.75 s
2026-06-16 08:13:44.264095: 
2026-06-16 08:13:44.266810: Epoch 968
2026-06-16 08:13:44.268975: Current learning rate: 0.00045
2026-06-16 08:14:06.909729: train_loss -0.803
2026-06-16 08:14:06.912816: val_loss -0.5524
2026-06-16 08:14:06.914325: Pseudo dice [0.6151]
2026-06-16 08:14:06.916846: Epoch time: 22.65 s
2026-06-16 08:14:07.814675: 
2026-06-16 08:14:07.817213: Epoch 969
2026-06-16 08:14:07.819984: Current learning rate: 0.00044
2026-06-16 08:14:30.421099: train_loss -0.7977
2026-06-16 08:14:30.423996: val_loss -0.5994
2026-06-16 08:14:30.425336: Pseudo dice [0.6372]
2026-06-16 08:14:30.426665: Epoch time: 22.61 s
2026-06-16 08:14:30.428065: Yayy! New best EMA pseudo Dice: 0.6151
2026-06-16 08:14:31.837467: 
2026-06-16 08:14:31.839035: Epoch 970
2026-06-16 08:14:31.840405: Current learning rate: 0.00043
2026-06-16 08:14:54.577715: train_loss -0.7845
2026-06-16 08:14:54.581547: val_loss -0.5673
2026-06-16 08:14:54.583831: Pseudo dice [0.6174]
2026-06-16 08:14:54.586102: Epoch time: 22.74 s
2026-06-16 08:14:54.588613: Yayy! New best EMA pseudo Dice: 0.6153
2026-06-16 08:14:55.997824: 
2026-06-16 08:14:55.999551: Epoch 971
2026-06-16 08:14:56.001082: Current learning rate: 0.00041
2026-06-16 08:15:18.658768: train_loss -0.7922
2026-06-16 08:15:18.664010: val_loss -0.5312
2026-06-16 08:15:18.667062: Pseudo dice [0.5736]
2026-06-16 08:15:18.668776: Epoch time: 22.66 s
2026-06-16 08:15:19.587560: 
2026-06-16 08:15:19.589556: Epoch 972
2026-06-16 08:15:19.590968: Current learning rate: 0.0004
2026-06-16 08:15:42.227684: train_loss -0.8087
2026-06-16 08:15:42.238672: val_loss -0.556
2026-06-16 08:15:42.240941: Pseudo dice [0.5997]
2026-06-16 08:15:42.242778: Epoch time: 22.64 s
2026-06-16 08:15:43.145704: 
2026-06-16 08:15:43.148090: Epoch 973
2026-06-16 08:15:43.149485: Current learning rate: 0.00039
2026-06-16 08:16:05.818340: train_loss -0.7961
2026-06-16 08:16:05.821001: val_loss -0.5804
2026-06-16 08:16:05.822715: Pseudo dice [0.5998]
2026-06-16 08:16:05.824088: Epoch time: 22.67 s
2026-06-16 08:16:06.749057: 
2026-06-16 08:16:06.751909: Epoch 974
2026-06-16 08:16:06.753526: Current learning rate: 0.00037
2026-06-16 08:16:29.498298: train_loss -0.8041
2026-06-16 08:16:29.501054: val_loss -0.578
2026-06-16 08:16:29.502622: Pseudo dice [0.6166]
2026-06-16 08:16:29.504151: Epoch time: 22.75 s
2026-06-16 08:16:30.427356: 
2026-06-16 08:16:30.428828: Epoch 975
2026-06-16 08:16:30.430293: Current learning rate: 0.00036
2026-06-16 08:16:53.050184: train_loss -0.8027
2026-06-16 08:16:53.053043: val_loss -0.572
2026-06-16 08:16:53.054438: Pseudo dice [0.6093]
2026-06-16 08:16:53.055820: Epoch time: 22.62 s
2026-06-16 08:16:53.968035: 
2026-06-16 08:16:53.971050: Epoch 976
2026-06-16 08:16:53.973205: Current learning rate: 0.00035
2026-06-16 08:17:16.671663: train_loss -0.7963
2026-06-16 08:17:16.675288: val_loss -0.5728
2026-06-16 08:17:16.677521: Pseudo dice [0.6014]
2026-06-16 08:17:16.679328: Epoch time: 22.7 s
2026-06-16 08:17:17.585032: 
2026-06-16 08:17:17.586557: Epoch 977
2026-06-16 08:17:17.587846: Current learning rate: 0.00034
2026-06-16 08:17:40.208541: train_loss -0.7965
2026-06-16 08:17:40.210933: val_loss -0.5455
2026-06-16 08:17:40.213046: Pseudo dice [0.6078]
2026-06-16 08:17:40.214605: Epoch time: 22.62 s
2026-06-16 08:17:41.122795: 
2026-06-16 08:17:41.124527: Epoch 978
2026-06-16 08:17:41.125855: Current learning rate: 0.00032
2026-06-16 08:18:03.860458: train_loss -0.798
2026-06-16 08:18:03.863710: val_loss -0.5972
2026-06-16 08:18:03.865253: Pseudo dice [0.6062]
2026-06-16 08:18:03.866825: Epoch time: 22.74 s
2026-06-16 08:18:04.775455: 
2026-06-16 08:18:04.777207: Epoch 979
2026-06-16 08:18:04.778581: Current learning rate: 0.00031
2026-06-16 08:18:27.417243: train_loss -0.8098
2026-06-16 08:18:27.421050: val_loss -0.5461
2026-06-16 08:18:27.422605: Pseudo dice [0.5971]
2026-06-16 08:18:27.425450: Epoch time: 22.64 s
2026-06-16 08:18:28.335216: 
2026-06-16 08:18:28.337238: Epoch 980
2026-06-16 08:18:28.339218: Current learning rate: 0.0003
2026-06-16 08:18:51.001080: train_loss -0.8028
2026-06-16 08:18:51.003673: val_loss -0.5686
2026-06-16 08:18:51.005080: Pseudo dice [0.6258]
2026-06-16 08:18:51.006720: Epoch time: 22.67 s
2026-06-16 08:18:51.915240: 
2026-06-16 08:18:51.917319: Epoch 981
2026-06-16 08:18:51.919044: Current learning rate: 0.00028
2026-06-16 08:19:14.515392: train_loss -0.8045
2026-06-16 08:19:14.518480: val_loss -0.5801
2026-06-16 08:19:14.519926: Pseudo dice [0.6093]
2026-06-16 08:19:14.521387: Epoch time: 22.6 s
2026-06-16 08:19:15.430221: 
2026-06-16 08:19:15.431818: Epoch 982
2026-06-16 08:19:15.434899: Current learning rate: 0.00027
2026-06-16 08:19:38.017118: train_loss -0.8033
2026-06-16 08:19:38.019541: val_loss -0.5186
2026-06-16 08:19:38.020843: Pseudo dice [0.574]
2026-06-16 08:19:38.022239: Epoch time: 22.59 s
2026-06-16 08:19:38.939851: 
2026-06-16 08:19:38.941659: Epoch 983
2026-06-16 08:19:38.943416: Current learning rate: 0.00026
2026-06-16 08:20:01.532740: train_loss -0.803
2026-06-16 08:20:01.536591: val_loss -0.5554
2026-06-16 08:20:01.538085: Pseudo dice [0.5886]
2026-06-16 08:20:01.539387: Epoch time: 22.59 s
2026-06-16 08:20:02.452827: 
2026-06-16 08:20:02.454473: Epoch 984
2026-06-16 08:20:02.456104: Current learning rate: 0.00024
2026-06-16 08:20:25.138204: train_loss -0.803
2026-06-16 08:20:25.141623: val_loss -0.5953
2026-06-16 08:20:25.143049: Pseudo dice [0.6269]
2026-06-16 08:20:25.144324: Epoch time: 22.69 s
2026-06-16 08:20:26.067576: 
2026-06-16 08:20:26.069100: Epoch 985
2026-06-16 08:20:26.070564: Current learning rate: 0.00023
2026-06-16 08:20:48.681437: train_loss -0.7885
2026-06-16 08:20:48.686981: val_loss -0.5786
2026-06-16 08:20:48.688612: Pseudo dice [0.6116]
2026-06-16 08:20:48.695181: Epoch time: 22.61 s
2026-06-16 08:20:50.195134: 
2026-06-16 08:20:50.196800: Epoch 986
2026-06-16 08:20:50.198366: Current learning rate: 0.00021
2026-06-16 08:21:12.860101: train_loss -0.8068
2026-06-16 08:21:12.864223: val_loss -0.5733
2026-06-16 08:21:12.866268: Pseudo dice [0.6159]
2026-06-16 08:21:12.868241: Epoch time: 22.67 s
2026-06-16 08:21:13.780743: 
2026-06-16 08:21:13.782137: Epoch 987
2026-06-16 08:21:13.783402: Current learning rate: 0.0002
2026-06-16 08:21:36.407104: train_loss -0.8042
2026-06-16 08:21:36.409613: val_loss -0.5537
2026-06-16 08:21:36.410870: Pseudo dice [0.6026]
2026-06-16 08:21:36.412077: Epoch time: 22.63 s
2026-06-16 08:21:37.313639: 
2026-06-16 08:21:37.315559: Epoch 988
2026-06-16 08:21:37.316972: Current learning rate: 0.00019
2026-06-16 08:21:59.943720: train_loss -0.8054
2026-06-16 08:21:59.947345: val_loss -0.5833
2026-06-16 08:21:59.948787: Pseudo dice [0.6306]
2026-06-16 08:21:59.950398: Epoch time: 22.63 s
2026-06-16 08:22:00.865243: 
2026-06-16 08:22:00.867564: Epoch 989
2026-06-16 08:22:00.869610: Current learning rate: 0.00017
2026-06-16 08:22:23.493395: train_loss -0.7981
2026-06-16 08:22:23.495854: val_loss -0.5393
2026-06-16 08:22:23.497385: Pseudo dice [0.6088]
2026-06-16 08:22:23.499251: Epoch time: 22.63 s
2026-06-16 08:22:24.406827: 
2026-06-16 08:22:24.409334: Epoch 990
2026-06-16 08:22:24.411861: Current learning rate: 0.00016
2026-06-16 08:22:46.974411: train_loss -0.8149
2026-06-16 08:22:46.977894: val_loss -0.5637
2026-06-16 08:22:46.979714: Pseudo dice [0.6191]
2026-06-16 08:22:46.981469: Epoch time: 22.57 s
2026-06-16 08:22:47.880068: 
2026-06-16 08:22:47.881686: Epoch 991
2026-06-16 08:22:47.893138: Current learning rate: 0.00014
2026-06-16 08:23:10.568510: train_loss -0.8122
2026-06-16 08:23:10.571271: val_loss -0.5544
2026-06-16 08:23:10.572934: Pseudo dice [0.6188]
2026-06-16 08:23:10.574509: Epoch time: 22.69 s
2026-06-16 08:23:11.486859: 
2026-06-16 08:23:11.488394: Epoch 992
2026-06-16 08:23:11.489970: Current learning rate: 0.00013
2026-06-16 08:23:34.231065: train_loss -0.8056
2026-06-16 08:23:34.234206: val_loss -0.5489
2026-06-16 08:23:34.236054: Pseudo dice [0.5945]
2026-06-16 08:23:34.237308: Epoch time: 22.75 s
2026-06-16 08:23:35.162751: 
2026-06-16 08:23:35.164300: Epoch 993
2026-06-16 08:23:35.165856: Current learning rate: 0.00011
2026-06-16 08:23:57.793044: train_loss -0.812
2026-06-16 08:23:57.799304: val_loss -0.5786
2026-06-16 08:23:57.801148: Pseudo dice [0.6178]
2026-06-16 08:23:57.803346: Epoch time: 22.63 s
2026-06-16 08:23:58.715473: 
2026-06-16 08:23:58.717225: Epoch 994
2026-06-16 08:23:58.719010: Current learning rate: 0.0001
2026-06-16 08:24:21.344894: train_loss -0.8041
2026-06-16 08:24:21.348508: val_loss -0.5758
2026-06-16 08:24:21.350979: Pseudo dice [0.5943]
2026-06-16 08:24:21.352777: Epoch time: 22.63 s
2026-06-16 08:24:22.264585: 
2026-06-16 08:24:22.266009: Epoch 995
2026-06-16 08:24:22.267318: Current learning rate: 8e-05
2026-06-16 08:24:44.969307: train_loss -0.8215
2026-06-16 08:24:44.973269: val_loss -0.5667
2026-06-16 08:24:44.974804: Pseudo dice [0.6186]
2026-06-16 08:24:44.976538: Epoch time: 22.71 s
2026-06-16 08:24:45.880077: 
2026-06-16 08:24:45.882096: Epoch 996
2026-06-16 08:24:45.883578: Current learning rate: 7e-05
2026-06-16 08:25:08.526244: train_loss -0.8091
2026-06-16 08:25:08.534615: val_loss -0.6028
2026-06-16 08:25:08.536898: Pseudo dice [0.6429]
2026-06-16 08:25:08.541291: Epoch time: 22.65 s
2026-06-16 08:25:09.454358: 
2026-06-16 08:25:09.456419: Epoch 997
2026-06-16 08:25:09.457920: Current learning rate: 5e-05
2026-06-16 08:25:32.152980: train_loss -0.8072
2026-06-16 08:25:32.158924: val_loss -0.6259
2026-06-16 08:25:32.162599: Pseudo dice [0.6723]
2026-06-16 08:25:32.164782: Epoch time: 22.7 s
2026-06-16 08:25:32.166860: Yayy! New best EMA pseudo Dice: 0.619
2026-06-16 08:25:33.592054: 
2026-06-16 08:25:33.594933: Epoch 998
2026-06-16 08:25:33.597086: Current learning rate: 4e-05
2026-06-16 08:25:56.326796: train_loss -0.8012
2026-06-16 08:25:56.329253: val_loss -0.5606
2026-06-16 08:25:56.330623: Pseudo dice [0.5817]
2026-06-16 08:25:56.332066: Epoch time: 22.74 s
2026-06-16 08:25:57.258244: 
2026-06-16 08:25:57.259746: Epoch 999
2026-06-16 08:25:57.261024: Current learning rate: 2e-05
2026-06-16 08:26:19.877881: train_loss -0.8117
2026-06-16 08:26:19.883371: val_loss -0.5519
2026-06-16 08:26:19.885640: Pseudo dice [0.5927]
2026-06-16 08:26:19.887815: Epoch time: 22.62 s
2026-06-16 08:26:21.311860: Training done.
2026-06-16 08:26:21.437433: Using splits from existing split file: /data/drdcad/datasets_nnUNet/nnUNet_preprocessed/Dataset101_SBOvessel/splits_final.json
2026-06-16 08:26:21.441143: The split file contains 5 splits.
2026-06-16 08:26:21.442386: Desired fold for training: 3
2026-06-16 08:26:21.443673: This split has 91 training and 23 validation cases.
2026-06-16 08:26:21.445106: predicting 00005_00001_3
2026-06-16 08:26:21.982176: 00005_00001_3, shape torch.Size([1, 619, 530, 530]), rank 0
2026-06-16 08:27:36.171627: predicting 00008_00001_3
2026-06-16 08:27:36.933770: 00008_00001_3, shape torch.Size([1, 780, 555, 555]), rank 0
2026-06-16 08:28:56.499277: predicting 00016_00001_3
2026-06-16 08:28:56.767213: 00016_00001_3, shape torch.Size([1, 486, 387, 387]), rank 0
2026-06-16 08:29:23.052921: predicting 00018_00002_7
2026-06-16 08:29:23.990734: 00018_00002_7, shape torch.Size([1, 695, 607, 607]), rank 0
2026-06-16 08:30:47.971699: predicting 00026_00001_3
2026-06-16 08:30:48.359960: 00026_00001_3, shape torch.Size([1, 463, 482, 482]), rank 0
2026-06-16 08:31:24.112017: predicting 00033_00001_3
2026-06-16 08:31:24.804196: 00033_00001_3, shape torch.Size([1, 651, 557, 557]), rank 0
2026-06-16 08:32:31.326853: predicting 00048_00001_3
2026-06-16 08:32:31.946141: 00048_00001_3, shape torch.Size([1, 760, 484, 484]), rank 0
2026-06-16 08:33:28.077107: predicting 00058_00001_3
2026-06-16 08:33:28.598800: 00058_00001_3, shape torch.Size([1, 567, 504, 504]), rank 0
2026-06-16 08:34:09.495212: predicting 00060_00002_3
2026-06-16 08:34:09.913285: 00060_00002_3, shape torch.Size([1, 488, 470, 470]), rank 0
2026-06-16 08:34:45.665840: predicting 00060_00003_5
2026-06-16 08:34:46.288153: 00060_00003_5, shape torch.Size([1, 711, 494, 494]), rank 0
2026-06-16 08:35:42.282878: predicting 00068_00001_3
2026-06-16 08:35:43.046834: 00068_00001_3, shape torch.Size([1, 685, 562, 562]), rank 0
2026-06-16 08:36:49.332977: predicting 00071_00001_5
2026-06-16 08:36:49.825741: 00071_00001_5, shape torch.Size([1, 687, 459, 459]), rank 0
2026-06-16 08:37:40.760737: predicting 00078_00001_3
2026-06-16 08:37:41.392765: 00078_00001_3, shape torch.Size([1, 483, 608, 608]), rank 0
2026-06-16 08:38:40.155658: predicting 00082_00002_3
2026-06-16 08:38:41.081582: 00082_00002_3, shape torch.Size([1, 759, 580, 580]), rank 0
2026-06-16 08:40:13.523242: predicting 00085_00001_10
2026-06-16 08:40:13.720292: 00085_00001_10, shape torch.Size([1, 477, 266, 374]), rank 0
2026-06-16 08:40:28.362252: predicting 00100_00001_3
2026-06-16 08:40:30.261807: 00100_00001_3, shape torch.Size([1, 635, 573, 573]), rank 0
2026-06-16 08:41:30.006122: predicting 00103_00001_6
2026-06-16 08:41:30.206556: 00103_00001_6, shape torch.Size([1, 299, 311, 476]), rank 0
2026-06-16 08:41:41.939701: predicting 00105_00002_3
2026-06-16 08:41:42.469175: 00105_00002_3, shape torch.Size([1, 480, 565, 565]), rank 0
2026-06-16 08:42:28.987870: predicting 00108_00001_3
2026-06-16 08:42:29.335262: 00108_00001_3, shape torch.Size([1, 580, 396, 396]), rank 0
2026-06-16 08:43:03.513095: predicting 00109_00001_3
2026-06-16 08:43:03.804605: 00109_00001_3, shape torch.Size([1, 624, 368, 368]), rank 0
2026-06-16 08:43:27.199729: predicting 00114_00001_4
2026-06-16 08:43:27.717011: 00114_00001_4, shape torch.Size([1, 478, 593, 593]), rank 0
2026-06-16 08:44:26.569798: predicting 00115_00001_3
2026-06-16 08:44:27.267614: 00115_00001_3, shape torch.Size([1, 701, 512, 512]), rank 0
2026-06-16 08:45:18.237487: predicting 00118_00001_3
2026-06-16 08:45:18.823783: 00118_00001_3, shape torch.Size([1, 581, 542, 542]), rank 0
2026-06-16 08:46:58.492539: Validation complete
2026-06-16 08:46:58.495465: Mean Validation Dice:  0.589217469095691
==========================================
Training finished: fold 3
==========================================
