nnUNet_raw=/data/drdcad/datasets_nnUNet/nnUNet_raw
nnUNet_preprocessed=/data/drdcad/datasets_nnUNet/nnUNet_preprocessed
nnUNet_results=/data/drdcad/datasets_nnUNet/nnUNet_results

############################
INFO: You are using the old nnU-Net default plans. We have updated our recommendations. Please consider using those instead! Read more here: https://github.com/MIC-DKFZ/nnUNet/blob/master/documentation/resenc_presets.md
############################

Using device: cuda:0

#######################################################################
Please cite the following paper when using nnU-Net:
Isensee, F., Jaeger, P. F., Kohl, S. A., Petersen, J., & Maier-Hein, K. H. (2021). nnU-Net: a self-configuring method for deep learning-based biomedical image segmentation. Nature methods, 18(2), 203-211.
#######################################################################

2026-06-14 16:33:03.545675: Using torch.compile...
2026-06-14 16:33:04.821411: do_dummy_2d_data_aug: False
2026-06-14 16:33:04.829252: Using splits from existing split file: /data/drdcad/datasets_nnUNet/nnUNet_preprocessed/Dataset100_SmallBowelObstruction/splits_final.json
2026-06-14 16:33:04.835264: The split file contains 5 splits.
2026-06-14 16:33:04.838898: Desired fold for training: 0
2026-06-14 16:33:04.842941: This split has 26 training and 7 validation cases.
using pin_memory on device 0
using pin_memory on device 0

This is the configuration used by this training:
Configuration name: 3d_fullres
 {'data_identifier': 'nnUNetPlans_3d_fullres', 'preprocessor_name': 'DefaultPreprocessor', 'batch_size': 2, 'patch_size': [128, 128, 128], 'median_image_size_in_voxels': [591.0, 512.0, 554.0], 'spacing': [1.0, 0.7421875, 0.7421875], 'normalization_schemes': ['CTNormalization'], 'use_mask_for_norm': [False], 'resampling_fn_data': 'resample_data_or_seg_to_shape', 'resampling_fn_seg': 'resample_data_or_seg_to_shape', 'resampling_fn_data_kwargs': {'is_seg': False, 'order': 3, 'order_z': 0, 'force_separate_z': None}, 'resampling_fn_seg_kwargs': {'is_seg': True, 'order': 1, 'order_z': 0, 'force_separate_z': None}, 'resampling_fn_probabilities': 'resample_data_or_seg_to_shape', 'resampling_fn_probabilities_kwargs': {'is_seg': False, 'order': 1, 'order_z': 0, 'force_separate_z': None}, 'architecture': {'network_class_name': 'dynamic_network_architectures.architectures.unet.PlainConvUNet', 'arch_kwargs': {'n_stages': 6, 'features_per_stage': [32, 64, 128, 256, 320, 320], 'conv_op': 'torch.nn.modules.conv.Conv3d', 'kernel_sizes': [[3, 3, 3], [3, 3, 3], [3, 3, 3], [3, 3, 3], [3, 3, 3], [3, 3, 3]], 'strides': [[1, 1, 1], [2, 2, 2], [2, 2, 2], [2, 2, 2], [2, 2, 2], [2, 2, 2]], 'n_conv_per_stage': [2, 2, 2, 2, 2, 2], 'n_conv_per_stage_decoder': [2, 2, 2, 2, 2], 'conv_bias': True, 'norm_op': 'torch.nn.modules.instancenorm.InstanceNorm3d', 'norm_op_kwargs': {'eps': 1e-05, 'affine': True}, 'dropout_op': None, 'dropout_op_kwargs': None, 'nonlin': 'torch.nn.LeakyReLU', 'nonlin_kwargs': {'inplace': True}}, '_kw_requires_import': ['conv_op', 'norm_op', 'dropout_op', 'nonlin']}, 'batch_dice': True} 

These are the global plan.json settings:
 {'dataset_name': 'Dataset100_SmallBowelObstruction', 'plans_name': 'nnUNetPlans', 'original_median_spacing_after_transp': [1.0, 0.7421875, 0.7421875], 'original_median_shape_after_transp': [591, 512, 512], 'image_reader_writer': 'SimpleITKIO', 'transpose_forward': [0, 1, 2], 'transpose_backward': [0, 1, 2], 'experiment_planner_used': 'ExperimentPlanner', 'label_manager': 'LabelManager', 'foreground_intensity_properties_per_channel': {'0': {'max': 1382.0, 'mean': 154.93222045898438, 'median': 154.0, 'min': -2048.0, 'percentile_00_5': -29.0, 'percentile_99_5': 394.0, 'std': 70.64446258544922}}} 

2026-06-14 16:33:06.180123: Unable to plot network architecture: nnUNet_compile is enabled!
2026-06-14 16:33:06.225162: 
2026-06-14 16:33:06.228333: Epoch 0
2026-06-14 16:33:06.231866: Current learning rate: 0.01
2026-06-14 16:33:46.507838: train_loss 0.0675
2026-06-14 16:33:46.511210: val_loss -0.0064
2026-06-14 16:33:46.512779: Pseudo dice [0.0, 0.0001]
2026-06-14 16:33:46.514564: Epoch time: 40.28 s
2026-06-14 16:33:46.516493: Yayy! New best EMA pseudo Dice: 0.0
2026-06-14 16:33:47.906680: 
2026-06-14 16:33:47.909189: Epoch 1
2026-06-14 16:33:47.911665: Current learning rate: 0.00999
2026-06-14 16:34:10.494242: train_loss -0.0777
2026-06-14 16:34:10.498537: val_loss -0.1632
2026-06-14 16:34:10.500638: Pseudo dice [0.0, 0.3955]
2026-06-14 16:34:10.502691: Epoch time: 22.59 s
2026-06-14 16:34:10.504317: Yayy! New best EMA pseudo Dice: 0.0198
2026-06-14 16:34:11.850876: 
2026-06-14 16:34:11.852902: Epoch 2
2026-06-14 16:34:11.854390: Current learning rate: 0.00998
2026-06-14 16:34:34.573452: train_loss -0.1987
2026-06-14 16:34:34.576587: val_loss -0.2007
2026-06-14 16:34:34.578505: Pseudo dice [0.0, 0.4702]
2026-06-14 16:34:34.580202: Epoch time: 22.72 s
2026-06-14 16:34:34.582223: Yayy! New best EMA pseudo Dice: 0.0413
2026-06-14 16:34:36.240556: 
2026-06-14 16:34:36.244260: Epoch 3
2026-06-14 16:34:36.247181: Current learning rate: 0.00997
2026-06-14 16:34:58.972249: train_loss -0.3152
2026-06-14 16:34:58.975342: val_loss -0.2928
2026-06-14 16:34:58.977149: Pseudo dice [0.3174, 0.4897]
2026-06-14 16:34:58.978695: Epoch time: 22.73 s
2026-06-14 16:34:58.980125: Yayy! New best EMA pseudo Dice: 0.0776
2026-06-14 16:35:00.350391: 
2026-06-14 16:35:00.353419: Epoch 4
2026-06-14 16:35:00.355246: Current learning rate: 0.00996
2026-06-14 16:35:23.309689: train_loss -0.3516
2026-06-14 16:35:23.316481: val_loss -0.3223
2026-06-14 16:35:23.318555: Pseudo dice [0.3306, 0.5242]
2026-06-14 16:35:23.320039: Epoch time: 22.96 s
2026-06-14 16:35:23.321403: Yayy! New best EMA pseudo Dice: 0.1125
2026-06-14 16:35:24.703442: 
2026-06-14 16:35:24.706422: Epoch 5
2026-06-14 16:35:24.710042: Current learning rate: 0.00995
2026-06-14 16:35:47.562390: train_loss -0.4002
2026-06-14 16:35:47.568203: val_loss -0.3757
2026-06-14 16:35:47.570261: Pseudo dice [0.4076, 0.5727]
2026-06-14 16:35:47.571924: Epoch time: 22.86 s
2026-06-14 16:35:47.573864: Yayy! New best EMA pseudo Dice: 0.1503
2026-06-14 16:35:48.971410: 
2026-06-14 16:35:48.973273: Epoch 6
2026-06-14 16:35:48.976114: Current learning rate: 0.00995
2026-06-14 16:36:11.635463: train_loss -0.4803
2026-06-14 16:36:11.639859: val_loss -0.3977
2026-06-14 16:36:11.644016: Pseudo dice [0.4838, 0.6295]
2026-06-14 16:36:11.647473: Epoch time: 22.66 s
2026-06-14 16:36:11.651959: Yayy! New best EMA pseudo Dice: 0.1909
2026-06-14 16:36:13.033109: 
2026-06-14 16:36:13.038569: Epoch 7
2026-06-14 16:36:13.043176: Current learning rate: 0.00994
2026-06-14 16:36:35.720696: train_loss -0.4458
2026-06-14 16:36:35.732656: val_loss -0.4021
2026-06-14 16:36:35.736661: Pseudo dice [0.4417, 0.5544]
2026-06-14 16:36:35.741360: Epoch time: 22.69 s
2026-06-14 16:36:35.747544: Yayy! New best EMA pseudo Dice: 0.2217
2026-06-14 16:36:37.128839: 
2026-06-14 16:36:37.132677: Epoch 8
2026-06-14 16:36:37.135697: Current learning rate: 0.00993
2026-06-14 16:36:59.995215: train_loss -0.4994
2026-06-14 16:36:59.998841: val_loss -0.4441
2026-06-14 16:37:00.001188: Pseudo dice [0.5133, 0.5859]
2026-06-14 16:37:00.003249: Epoch time: 22.87 s
2026-06-14 16:37:00.005420: Yayy! New best EMA pseudo Dice: 0.2544
2026-06-14 16:37:01.386116: 
2026-06-14 16:37:01.388264: Epoch 9
2026-06-14 16:37:01.390580: Current learning rate: 0.00992
2026-06-14 16:37:24.413241: train_loss -0.5265
2026-06-14 16:37:24.416041: val_loss -0.4513
2026-06-14 16:37:24.417777: Pseudo dice [0.5224, 0.6681]
2026-06-14 16:37:24.419360: Epoch time: 23.03 s
2026-06-14 16:37:24.420752: Yayy! New best EMA pseudo Dice: 0.2885
2026-06-14 16:37:25.762760: 
2026-06-14 16:37:25.764623: Epoch 10
2026-06-14 16:37:25.766387: Current learning rate: 0.00991
2026-06-14 16:37:48.578866: train_loss -0.5364
2026-06-14 16:37:48.590199: val_loss -0.4363
2026-06-14 16:37:48.596692: Pseudo dice [0.5073, 0.6362]
2026-06-14 16:37:48.601043: Epoch time: 22.82 s
2026-06-14 16:37:48.604754: Yayy! New best EMA pseudo Dice: 0.3169
2026-06-14 16:37:49.968307: 
2026-06-14 16:37:49.971216: Epoch 11
2026-06-14 16:37:49.973313: Current learning rate: 0.0099
2026-06-14 16:38:12.767031: train_loss -0.5726
2026-06-14 16:38:12.771860: val_loss -0.4416
2026-06-14 16:38:12.774453: Pseudo dice [0.5395, 0.6659]
2026-06-14 16:38:12.776951: Epoch time: 22.8 s
2026-06-14 16:38:12.780055: Yayy! New best EMA pseudo Dice: 0.3454
2026-06-14 16:38:14.145913: 
2026-06-14 16:38:14.151714: Epoch 12
2026-06-14 16:38:14.157157: Current learning rate: 0.00989
2026-06-14 16:38:37.088156: train_loss -0.5902
2026-06-14 16:38:37.090964: val_loss -0.3771
2026-06-14 16:38:37.092490: Pseudo dice [0.4629, 0.5808]
2026-06-14 16:38:37.094173: Epoch time: 22.94 s
2026-06-14 16:38:37.095705: Yayy! New best EMA pseudo Dice: 0.3631
2026-06-14 16:38:38.462520: 
2026-06-14 16:38:38.465093: Epoch 13
2026-06-14 16:38:38.466790: Current learning rate: 0.00988
2026-06-14 16:39:01.186989: train_loss -0.5841
2026-06-14 16:39:01.191710: val_loss -0.4941
2026-06-14 16:39:01.193784: Pseudo dice [0.5427, 0.641]
2026-06-14 16:39:01.196020: Epoch time: 22.73 s
2026-06-14 16:39:01.201058: Yayy! New best EMA pseudo Dice: 0.386
2026-06-14 16:39:02.595063: 
2026-06-14 16:39:02.598675: Epoch 14
2026-06-14 16:39:02.602314: Current learning rate: 0.00987
2026-06-14 16:39:25.358432: train_loss -0.5915
2026-06-14 16:39:25.361664: val_loss -0.514
2026-06-14 16:39:25.363778: Pseudo dice [0.597, 0.7109]
2026-06-14 16:39:25.365973: Epoch time: 22.76 s
2026-06-14 16:39:25.368032: Yayy! New best EMA pseudo Dice: 0.4128
2026-06-14 16:39:27.052029: 
2026-06-14 16:39:27.054079: Epoch 15
2026-06-14 16:39:27.055611: Current learning rate: 0.00986
2026-06-14 16:39:49.759492: train_loss -0.6121
2026-06-14 16:39:49.764959: val_loss -0.4896
2026-06-14 16:39:49.766755: Pseudo dice [0.5661, 0.7069]
2026-06-14 16:39:49.770673: Epoch time: 22.71 s
2026-06-14 16:39:49.772787: Yayy! New best EMA pseudo Dice: 0.4351
2026-06-14 16:39:51.181490: 
2026-06-14 16:39:51.183437: Epoch 16
2026-06-14 16:39:51.185318: Current learning rate: 0.00986
2026-06-14 16:40:13.921058: train_loss -0.6102
2026-06-14 16:40:13.943193: val_loss -0.5258
2026-06-14 16:40:13.956899: Pseudo dice [0.5557, 0.6943]
2026-06-14 16:40:13.969837: Epoch time: 22.74 s
2026-06-14 16:40:13.982759: Yayy! New best EMA pseudo Dice: 0.4541
2026-06-14 16:40:15.694869: 
2026-06-14 16:40:15.699039: Epoch 17
2026-06-14 16:40:15.702001: Current learning rate: 0.00985
2026-06-14 16:40:38.564497: train_loss -0.6088
2026-06-14 16:40:38.569295: val_loss -0.514
2026-06-14 16:40:38.570891: Pseudo dice [0.5779, 0.7027]
2026-06-14 16:40:38.572666: Epoch time: 22.87 s
2026-06-14 16:40:38.576260: Yayy! New best EMA pseudo Dice: 0.4727
2026-06-14 16:40:39.962556: 
2026-06-14 16:40:39.964386: Epoch 18
2026-06-14 16:40:39.966049: Current learning rate: 0.00984
2026-06-14 16:41:02.853626: train_loss -0.6257
2026-06-14 16:41:02.859008: val_loss -0.4685
2026-06-14 16:41:02.861011: Pseudo dice [0.471, 0.6794]
2026-06-14 16:41:02.862750: Epoch time: 22.89 s
2026-06-14 16:41:02.864385: Yayy! New best EMA pseudo Dice: 0.483
2026-06-14 16:41:04.257566: 
2026-06-14 16:41:04.260106: Epoch 19
2026-06-14 16:41:04.262286: Current learning rate: 0.00983
2026-06-14 16:41:27.050627: train_loss -0.6434
2026-06-14 16:41:27.059533: val_loss -0.5002
2026-06-14 16:41:27.061664: Pseudo dice [0.6029, 0.7054]
2026-06-14 16:41:27.064940: Epoch time: 22.79 s
2026-06-14 16:41:27.066713: Yayy! New best EMA pseudo Dice: 0.5001
2026-06-14 16:41:28.455928: 
2026-06-14 16:41:28.461108: Epoch 20
2026-06-14 16:41:28.466646: Current learning rate: 0.00982
2026-06-14 16:41:51.201246: train_loss -0.6521
2026-06-14 16:41:51.207718: val_loss -0.5414
2026-06-14 16:41:51.216034: Pseudo dice [0.6293, 0.702]
2026-06-14 16:41:51.220298: Epoch time: 22.75 s
2026-06-14 16:41:51.223679: Yayy! New best EMA pseudo Dice: 0.5166
2026-06-14 16:41:52.663499: 
2026-06-14 16:41:52.667726: Epoch 21
2026-06-14 16:41:52.670948: Current learning rate: 0.00981
2026-06-14 16:42:15.417747: train_loss -0.6634
2026-06-14 16:42:15.421426: val_loss -0.5716
2026-06-14 16:42:15.423189: Pseudo dice [0.66, 0.689]
2026-06-14 16:42:15.425175: Epoch time: 22.76 s
2026-06-14 16:42:15.427235: Yayy! New best EMA pseudo Dice: 0.5324
2026-06-14 16:42:16.790826: 
2026-06-14 16:42:16.793473: Epoch 22
2026-06-14 16:42:16.795696: Current learning rate: 0.0098
2026-06-14 16:42:39.655687: train_loss -0.6725
2026-06-14 16:42:39.660131: val_loss -0.5409
2026-06-14 16:42:39.661839: Pseudo dice [0.6086, 0.7084]
2026-06-14 16:42:39.663506: Epoch time: 22.87 s
2026-06-14 16:42:39.665498: Yayy! New best EMA pseudo Dice: 0.545
2026-06-14 16:42:41.015751: 
2026-06-14 16:42:41.018930: Epoch 23
2026-06-14 16:42:41.022424: Current learning rate: 0.00979
2026-06-14 16:43:03.864838: train_loss -0.6591
2026-06-14 16:43:03.868732: val_loss -0.5091
2026-06-14 16:43:03.870818: Pseudo dice [0.582, 0.7105]
2026-06-14 16:43:03.873029: Epoch time: 22.85 s
2026-06-14 16:43:03.875196: Yayy! New best EMA pseudo Dice: 0.5552
2026-06-14 16:43:05.408944: 
2026-06-14 16:43:05.412045: Epoch 24
2026-06-14 16:43:05.415766: Current learning rate: 0.00978
2026-06-14 16:43:28.364772: train_loss -0.6531
2026-06-14 16:43:28.374228: val_loss -0.4226
2026-06-14 16:43:28.378547: Pseudo dice [0.524, 0.6231]
2026-06-14 16:43:28.383050: Epoch time: 22.96 s
2026-06-14 16:43:28.387403: Yayy! New best EMA pseudo Dice: 0.557
2026-06-14 16:43:29.758562: 
2026-06-14 16:43:29.764600: Epoch 25
2026-06-14 16:43:29.769852: Current learning rate: 0.00977
2026-06-14 16:43:52.530938: train_loss -0.6803
2026-06-14 16:43:52.534966: val_loss -0.5783
2026-06-14 16:43:52.536638: Pseudo dice [0.6334, 0.7265]
2026-06-14 16:43:52.538605: Epoch time: 22.77 s
2026-06-14 16:43:52.540198: Yayy! New best EMA pseudo Dice: 0.5693
2026-06-14 16:43:54.188554: 
2026-06-14 16:43:54.191294: Epoch 26
2026-06-14 16:43:54.192891: Current learning rate: 0.00977
2026-06-14 16:44:16.908643: train_loss -0.7084
2026-06-14 16:44:16.912135: val_loss -0.5924
2026-06-14 16:44:16.913817: Pseudo dice [0.6651, 0.7279]
2026-06-14 16:44:16.915479: Epoch time: 22.72 s
2026-06-14 16:44:16.917125: Yayy! New best EMA pseudo Dice: 0.582
2026-06-14 16:44:18.263611: 
2026-06-14 16:44:18.265812: Epoch 27
2026-06-14 16:44:18.267971: Current learning rate: 0.00976
2026-06-14 16:44:41.006570: train_loss -0.6973
2026-06-14 16:44:41.010001: val_loss -0.5608
2026-06-14 16:44:41.011688: Pseudo dice [0.6792, 0.7574]
2026-06-14 16:44:41.013770: Epoch time: 22.74 s
2026-06-14 16:44:41.015247: Yayy! New best EMA pseudo Dice: 0.5956
2026-06-14 16:44:42.371851: 
2026-06-14 16:44:42.373657: Epoch 28
2026-06-14 16:44:42.375201: Current learning rate: 0.00975
2026-06-14 16:45:05.100821: train_loss -0.6939
2026-06-14 16:45:05.112559: val_loss -0.5927
2026-06-14 16:45:05.115743: Pseudo dice [0.6627, 0.7403]
2026-06-14 16:45:05.118050: Epoch time: 22.73 s
2026-06-14 16:45:05.120659: Yayy! New best EMA pseudo Dice: 0.6062
2026-06-14 16:45:06.548345: 
2026-06-14 16:45:06.552734: Epoch 29
2026-06-14 16:45:06.557381: Current learning rate: 0.00974
2026-06-14 16:45:29.343333: train_loss -0.6912
2026-06-14 16:45:29.347343: val_loss -0.5406
2026-06-14 16:45:29.349458: Pseudo dice [0.6163, 0.7344]
2026-06-14 16:45:29.351834: Epoch time: 22.8 s
2026-06-14 16:45:29.353705: Yayy! New best EMA pseudo Dice: 0.6131
2026-06-14 16:45:30.751589: 
2026-06-14 16:45:30.753670: Epoch 30
2026-06-14 16:45:30.755335: Current learning rate: 0.00973
2026-06-14 16:45:53.406261: train_loss -0.7021
2026-06-14 16:45:53.409702: val_loss -0.5773
2026-06-14 16:45:53.411338: Pseudo dice [0.6335, 0.7307]
2026-06-14 16:45:53.412869: Epoch time: 22.66 s
2026-06-14 16:45:53.414563: Yayy! New best EMA pseudo Dice: 0.62
2026-06-14 16:45:54.799888: 
2026-06-14 16:45:54.802131: Epoch 31
2026-06-14 16:45:54.803850: Current learning rate: 0.00972
2026-06-14 16:46:17.626992: train_loss -0.7124
2026-06-14 16:46:17.638662: val_loss -0.5445
2026-06-14 16:46:17.642555: Pseudo dice [0.6541, 0.7199]
2026-06-14 16:46:17.647612: Epoch time: 22.83 s
2026-06-14 16:46:17.651674: Yayy! New best EMA pseudo Dice: 0.6267
2026-06-14 16:46:19.037095: 
2026-06-14 16:46:19.041885: Epoch 32
2026-06-14 16:46:19.044222: Current learning rate: 0.00971
2026-06-14 16:46:41.861868: train_loss -0.6956
2026-06-14 16:46:41.868003: val_loss -0.5397
2026-06-14 16:46:41.871177: Pseudo dice [0.6144, 0.7192]
2026-06-14 16:46:41.874456: Epoch time: 22.83 s
2026-06-14 16:46:41.877926: Yayy! New best EMA pseudo Dice: 0.6307
2026-06-14 16:46:43.270934: 
2026-06-14 16:46:43.277334: Epoch 33
2026-06-14 16:46:43.281780: Current learning rate: 0.0097
2026-06-14 16:47:06.216155: train_loss -0.7202
2026-06-14 16:47:06.221771: val_loss -0.5459
2026-06-14 16:47:06.225776: Pseudo dice [0.6148, 0.7384]
2026-06-14 16:47:06.229579: Epoch time: 22.95 s
2026-06-14 16:47:06.233192: Yayy! New best EMA pseudo Dice: 0.6353
2026-06-14 16:47:07.615727: 
2026-06-14 16:47:07.617523: Epoch 34
2026-06-14 16:47:07.619262: Current learning rate: 0.00969
2026-06-14 16:47:30.387761: train_loss -0.6922
2026-06-14 16:47:30.391755: val_loss -0.5311
2026-06-14 16:47:30.393910: Pseudo dice [0.6397, 0.6962]
2026-06-14 16:47:30.396718: Epoch time: 22.77 s
2026-06-14 16:47:30.399433: Yayy! New best EMA pseudo Dice: 0.6386
2026-06-14 16:47:31.773986: 
2026-06-14 16:47:31.775733: Epoch 35
2026-06-14 16:47:31.777371: Current learning rate: 0.00968
2026-06-14 16:47:54.969229: train_loss -0.7204
2026-06-14 16:47:54.972521: val_loss -0.5147
2026-06-14 16:47:54.974399: Pseudo dice [0.6393, 0.6798]
2026-06-14 16:47:54.976328: Epoch time: 23.2 s
2026-06-14 16:47:54.978144: Yayy! New best EMA pseudo Dice: 0.6407
2026-06-14 16:47:56.379961: 
2026-06-14 16:47:56.382240: Epoch 36
2026-06-14 16:47:56.383802: Current learning rate: 0.00968
2026-06-14 16:48:19.263468: train_loss -0.7257
2026-06-14 16:48:19.269690: val_loss -0.5968
2026-06-14 16:48:19.273654: Pseudo dice [0.6766, 0.7331]
2026-06-14 16:48:19.276926: Epoch time: 22.88 s
2026-06-14 16:48:19.281208: Yayy! New best EMA pseudo Dice: 0.6471
2026-06-14 16:48:20.974778: 
2026-06-14 16:48:20.976887: Epoch 37
2026-06-14 16:48:20.978637: Current learning rate: 0.00967
2026-06-14 16:48:43.723793: train_loss -0.7362
2026-06-14 16:48:43.736078: val_loss -0.5529
2026-06-14 16:48:43.739857: Pseudo dice [0.6416, 0.7494]
2026-06-14 16:48:43.743663: Epoch time: 22.75 s
2026-06-14 16:48:43.747098: Yayy! New best EMA pseudo Dice: 0.6519
2026-06-14 16:48:45.169556: 
2026-06-14 16:48:45.173729: Epoch 38
2026-06-14 16:48:45.177083: Current learning rate: 0.00966
2026-06-14 16:49:07.897642: train_loss -0.7233
2026-06-14 16:49:07.905911: val_loss -0.5575
2026-06-14 16:49:07.910506: Pseudo dice [0.6303, 0.7392]
2026-06-14 16:49:07.913176: Epoch time: 22.73 s
2026-06-14 16:49:07.914907: Yayy! New best EMA pseudo Dice: 0.6552
2026-06-14 16:49:09.315662: 
2026-06-14 16:49:09.317477: Epoch 39
2026-06-14 16:49:09.319102: Current learning rate: 0.00965
2026-06-14 16:49:32.018210: train_loss -0.7521
2026-06-14 16:49:32.021037: val_loss -0.574
2026-06-14 16:49:32.023681: Pseudo dice [0.6127, 0.7383]
2026-06-14 16:49:32.025228: Epoch time: 22.7 s
2026-06-14 16:49:32.026704: Yayy! New best EMA pseudo Dice: 0.6573
2026-06-14 16:49:33.411613: 
2026-06-14 16:49:33.414191: Epoch 40
2026-06-14 16:49:33.416217: Current learning rate: 0.00964
2026-06-14 16:49:56.294732: train_loss -0.7364
2026-06-14 16:49:56.305780: val_loss -0.5863
2026-06-14 16:49:56.309791: Pseudo dice [0.6779, 0.7577]
2026-06-14 16:49:56.313174: Epoch time: 22.88 s
2026-06-14 16:49:56.317547: Yayy! New best EMA pseudo Dice: 0.6633
2026-06-14 16:49:57.714198: 
2026-06-14 16:49:57.718698: Epoch 41
2026-06-14 16:49:57.722657: Current learning rate: 0.00963
2026-06-14 16:50:20.574599: train_loss -0.7585
2026-06-14 16:50:20.581207: val_loss -0.4815
2026-06-14 16:50:20.586022: Pseudo dice [0.6104, 0.6985]
2026-06-14 16:50:20.588469: Epoch time: 22.86 s
2026-06-14 16:50:21.450572: 
2026-06-14 16:50:21.454671: Epoch 42
2026-06-14 16:50:21.458990: Current learning rate: 0.00962
2026-06-14 16:50:44.424636: train_loss -0.7447
2026-06-14 16:50:44.428869: val_loss -0.5352
2026-06-14 16:50:44.431172: Pseudo dice [0.6417, 0.7204]
2026-06-14 16:50:44.433505: Epoch time: 22.98 s
2026-06-14 16:50:44.435548: Yayy! New best EMA pseudo Dice: 0.6643
2026-06-14 16:50:45.833879: 
2026-06-14 16:50:45.836198: Epoch 43
2026-06-14 16:50:45.838394: Current learning rate: 0.00961
2026-06-14 16:51:08.731341: train_loss -0.74
2026-06-14 16:51:08.735515: val_loss -0.5964
2026-06-14 16:51:08.737365: Pseudo dice [0.6699, 0.7767]
2026-06-14 16:51:08.739035: Epoch time: 22.9 s
2026-06-14 16:51:08.741745: Yayy! New best EMA pseudo Dice: 0.6702
2026-06-14 16:51:10.101449: 
2026-06-14 16:51:10.107279: Epoch 44
2026-06-14 16:51:10.112976: Current learning rate: 0.0096
2026-06-14 16:51:32.837744: train_loss -0.7549
2026-06-14 16:51:32.844362: val_loss -0.6423
2026-06-14 16:51:32.847097: Pseudo dice [0.6954, 0.788]
2026-06-14 16:51:32.849487: Epoch time: 22.74 s
2026-06-14 16:51:32.851925: Yayy! New best EMA pseudo Dice: 0.6773
2026-06-14 16:51:34.227060: 
2026-06-14 16:51:34.230066: Epoch 45
2026-06-14 16:51:34.233547: Current learning rate: 0.00959
2026-06-14 16:51:56.862029: train_loss -0.7529
2026-06-14 16:51:56.867513: val_loss -0.5907
2026-06-14 16:51:56.871219: Pseudo dice [0.6558, 0.7196]
2026-06-14 16:51:56.874395: Epoch time: 22.64 s
2026-06-14 16:51:56.877832: Yayy! New best EMA pseudo Dice: 0.6784
2026-06-14 16:51:58.264232: 
2026-06-14 16:51:58.269419: Epoch 46
2026-06-14 16:51:58.273689: Current learning rate: 0.00959
2026-06-14 16:52:21.159884: train_loss -0.7577
2026-06-14 16:52:21.170953: val_loss -0.6339
2026-06-14 16:52:21.176177: Pseudo dice [0.6864, 0.7539]
2026-06-14 16:52:21.182904: Epoch time: 22.9 s
2026-06-14 16:52:21.187489: Yayy! New best EMA pseudo Dice: 0.6826
2026-06-14 16:52:22.567726: 
2026-06-14 16:52:22.572056: Epoch 47
2026-06-14 16:52:22.575221: Current learning rate: 0.00958
2026-06-14 16:52:45.353977: train_loss -0.7703
2026-06-14 16:52:45.357512: val_loss -0.6481
2026-06-14 16:52:45.359277: Pseudo dice [0.6801, 0.7754]
2026-06-14 16:52:45.361284: Epoch time: 22.79 s
2026-06-14 16:52:45.363276: Yayy! New best EMA pseudo Dice: 0.6871
2026-06-14 16:52:46.994917: 
2026-06-14 16:52:46.997277: Epoch 48
2026-06-14 16:52:46.999361: Current learning rate: 0.00957
2026-06-14 16:53:09.758580: train_loss -0.7437
2026-06-14 16:53:09.762852: val_loss -0.5602
2026-06-14 16:53:09.764996: Pseudo dice [0.6476, 0.7626]
2026-06-14 16:53:09.766531: Epoch time: 22.76 s
2026-06-14 16:53:09.768011: Yayy! New best EMA pseudo Dice: 0.6889
2026-06-14 16:53:11.111498: 
2026-06-14 16:53:11.115802: Epoch 49
2026-06-14 16:53:11.119795: Current learning rate: 0.00956
2026-06-14 16:53:33.808122: train_loss -0.757
2026-06-14 16:53:33.816729: val_loss -0.6321
2026-06-14 16:53:33.819082: Pseudo dice [0.6925, 0.774]
2026-06-14 16:53:33.822457: Epoch time: 22.7 s
2026-06-14 16:53:34.291375: Yayy! New best EMA pseudo Dice: 0.6933
2026-06-14 16:53:35.646806: 
2026-06-14 16:53:35.649282: Epoch 50
2026-06-14 16:53:35.651927: Current learning rate: 0.00955
2026-06-14 16:53:58.506998: train_loss -0.7545
2026-06-14 16:53:58.511313: val_loss -0.4833
2026-06-14 16:53:58.513859: Pseudo dice [0.5899, 0.7256]
2026-06-14 16:53:58.516440: Epoch time: 22.86 s
2026-06-14 16:53:59.378088: 
2026-06-14 16:53:59.380647: Epoch 51
2026-06-14 16:53:59.382931: Current learning rate: 0.00954
2026-06-14 16:54:22.084713: train_loss -0.7708
2026-06-14 16:54:22.090167: val_loss -0.6123
2026-06-14 16:54:22.091819: Pseudo dice [0.697, 0.7641]
2026-06-14 16:54:22.093820: Epoch time: 22.71 s
2026-06-14 16:54:22.095369: Yayy! New best EMA pseudo Dice: 0.6938
2026-06-14 16:54:23.464754: 
2026-06-14 16:54:23.467816: Epoch 52
2026-06-14 16:54:23.472260: Current learning rate: 0.00953
2026-06-14 16:54:46.114663: train_loss -0.7682
2026-06-14 16:54:46.120276: val_loss -0.5946
2026-06-14 16:54:46.121908: Pseudo dice [0.6752, 0.7559]
2026-06-14 16:54:46.123901: Epoch time: 22.65 s
2026-06-14 16:54:46.125533: Yayy! New best EMA pseudo Dice: 0.696
2026-06-14 16:54:47.486373: 
2026-06-14 16:54:47.488405: Epoch 53
2026-06-14 16:54:47.490078: Current learning rate: 0.00952
2026-06-14 16:55:10.288870: train_loss -0.7785
2026-06-14 16:55:10.295327: val_loss -0.616
2026-06-14 16:55:10.301096: Pseudo dice [0.6858, 0.7782]
2026-06-14 16:55:10.305386: Epoch time: 22.8 s
2026-06-14 16:55:10.309987: Yayy! New best EMA pseudo Dice: 0.6996
2026-06-14 16:55:11.720413: 
2026-06-14 16:55:11.724097: Epoch 54
2026-06-14 16:55:11.730387: Current learning rate: 0.00951
2026-06-14 16:55:34.368791: train_loss -0.7778
2026-06-14 16:55:34.374783: val_loss -0.568
2026-06-14 16:55:34.378662: Pseudo dice [0.6774, 0.7626]
2026-06-14 16:55:34.382357: Epoch time: 22.65 s
2026-06-14 16:55:34.385630: Yayy! New best EMA pseudo Dice: 0.7016
2026-06-14 16:55:35.762566: 
2026-06-14 16:55:35.766708: Epoch 55
2026-06-14 16:55:35.770420: Current learning rate: 0.0095
2026-06-14 16:55:58.530173: train_loss -0.7647
2026-06-14 16:55:58.534290: val_loss -0.6094
2026-06-14 16:55:58.536228: Pseudo dice [0.698, 0.7692]
2026-06-14 16:55:58.539677: Epoch time: 22.77 s
2026-06-14 16:55:58.542924: Yayy! New best EMA pseudo Dice: 0.7048
2026-06-14 16:55:59.942389: 
2026-06-14 16:55:59.945258: Epoch 56
2026-06-14 16:55:59.947581: Current learning rate: 0.00949
2026-06-14 16:56:22.801637: train_loss -0.7809
2026-06-14 16:56:22.806649: val_loss -0.5938
2026-06-14 16:56:22.809008: Pseudo dice [0.6818, 0.746]
2026-06-14 16:56:22.811066: Epoch time: 22.86 s
2026-06-14 16:56:22.812961: Yayy! New best EMA pseudo Dice: 0.7057
2026-06-14 16:56:24.183755: 
2026-06-14 16:56:24.187048: Epoch 57
2026-06-14 16:56:24.191040: Current learning rate: 0.00949
2026-06-14 16:56:46.998044: train_loss -0.7692
2026-06-14 16:56:47.003795: val_loss -0.5465
2026-06-14 16:56:47.007701: Pseudo dice [0.6299, 0.7109]
2026-06-14 16:56:47.011717: Epoch time: 22.82 s
2026-06-14 16:56:47.879622: 
2026-06-14 16:56:47.883323: Epoch 58
2026-06-14 16:56:47.887270: Current learning rate: 0.00948
2026-06-14 16:57:10.886511: train_loss -0.7455
2026-06-14 16:57:10.894306: val_loss -0.6474
2026-06-14 16:57:10.896858: Pseudo dice [0.6815, 0.7628]
2026-06-14 16:57:10.898948: Epoch time: 23.01 s
2026-06-14 16:57:11.773259: 
2026-06-14 16:57:11.777890: Epoch 59
2026-06-14 16:57:11.781680: Current learning rate: 0.00947
2026-06-14 16:57:34.683350: train_loss -0.7321
2026-06-14 16:57:34.686392: val_loss -0.5421
2026-06-14 16:57:34.688117: Pseudo dice [0.6426, 0.7355]
2026-06-14 16:57:34.689798: Epoch time: 22.91 s
2026-06-14 16:57:35.556583: 
2026-06-14 16:57:35.558569: Epoch 60
2026-06-14 16:57:35.560811: Current learning rate: 0.00946
2026-06-14 16:57:58.379438: train_loss -0.7855
2026-06-14 16:57:58.384396: val_loss -0.5691
2026-06-14 16:57:58.386075: Pseudo dice [0.6888, 0.7351]
2026-06-14 16:57:58.387764: Epoch time: 22.82 s
2026-06-14 16:57:59.550154: 
2026-06-14 16:57:59.551916: Epoch 61
2026-06-14 16:57:59.553581: Current learning rate: 0.00945
2026-06-14 16:58:22.312084: train_loss -0.7779
2026-06-14 16:58:22.318004: val_loss -0.595
2026-06-14 16:58:22.320009: Pseudo dice [0.6751, 0.7513]
2026-06-14 16:58:22.321983: Epoch time: 22.76 s
2026-06-14 16:58:23.191691: 
2026-06-14 16:58:23.196168: Epoch 62
2026-06-14 16:58:23.200669: Current learning rate: 0.00944
2026-06-14 16:58:45.939845: train_loss -0.7837
2026-06-14 16:58:45.951543: val_loss -0.5759
2026-06-14 16:58:45.955327: Pseudo dice [0.6875, 0.7314]
2026-06-14 16:58:45.958386: Epoch time: 22.75 s
2026-06-14 16:58:46.852593: 
2026-06-14 16:58:46.856852: Epoch 63
2026-06-14 16:58:46.859839: Current learning rate: 0.00943
2026-06-14 16:59:09.518348: train_loss -0.777
2026-06-14 16:59:09.524338: val_loss -0.5761
2026-06-14 16:59:09.528154: Pseudo dice [0.6604, 0.7486]
2026-06-14 16:59:09.531291: Epoch time: 22.67 s
2026-06-14 16:59:10.409293: 
2026-06-14 16:59:10.412009: Epoch 64
2026-06-14 16:59:10.413751: Current learning rate: 0.00942
2026-06-14 16:59:33.250875: train_loss -0.7783
2026-06-14 16:59:33.262274: val_loss -0.6628
2026-06-14 16:59:33.263824: Pseudo dice [0.7268, 0.7888]
2026-06-14 16:59:33.265420: Epoch time: 22.84 s
2026-06-14 16:59:33.267205: Yayy! New best EMA pseudo Dice: 0.7103
2026-06-14 16:59:34.657118: 
2026-06-14 16:59:34.659037: Epoch 65
2026-06-14 16:59:34.660626: Current learning rate: 0.00941
2026-06-14 16:59:57.431601: train_loss -0.7781
2026-06-14 16:59:57.437348: val_loss -0.5985
2026-06-14 16:59:57.440277: Pseudo dice [0.69, 0.7481]
2026-06-14 16:59:57.442321: Epoch time: 22.78 s
2026-06-14 16:59:57.443885: Yayy! New best EMA pseudo Dice: 0.7112
2026-06-14 16:59:58.834459: 
2026-06-14 16:59:58.837158: Epoch 66
2026-06-14 16:59:58.839262: Current learning rate: 0.0094
2026-06-14 17:00:21.740194: train_loss -0.7936
2026-06-14 17:00:21.745528: val_loss -0.5856
2026-06-14 17:00:21.749367: Pseudo dice [0.6677, 0.7474]
2026-06-14 17:00:21.753008: Epoch time: 22.91 s
2026-06-14 17:00:22.628342: 
2026-06-14 17:00:22.632426: Epoch 67
2026-06-14 17:00:22.636570: Current learning rate: 0.00939
2026-06-14 17:00:45.336776: train_loss -0.8065
2026-06-14 17:00:45.348774: val_loss -0.631
2026-06-14 17:00:45.350682: Pseudo dice [0.7154, 0.7805]
2026-06-14 17:00:45.353922: Epoch time: 22.71 s
2026-06-14 17:00:45.357521: Yayy! New best EMA pseudo Dice: 0.7145
2026-06-14 17:00:46.746156: 
2026-06-14 17:00:46.747907: Epoch 68
2026-06-14 17:00:46.749535: Current learning rate: 0.00939
2026-06-14 17:01:09.519119: train_loss -0.7634
2026-06-14 17:01:09.525523: val_loss -0.5527
2026-06-14 17:01:09.528356: Pseudo dice [0.6916, 0.7166]
2026-06-14 17:01:09.530554: Epoch time: 22.77 s
2026-06-14 17:01:10.408688: 
2026-06-14 17:01:10.410427: Epoch 69
2026-06-14 17:01:10.412482: Current learning rate: 0.00938
2026-06-14 17:01:33.104766: train_loss -0.7839
2026-06-14 17:01:33.108067: val_loss -0.6627
2026-06-14 17:01:33.111056: Pseudo dice [0.7217, 0.7982]
2026-06-14 17:01:33.113645: Epoch time: 22.7 s
2026-06-14 17:01:33.116522: Yayy! New best EMA pseudo Dice: 0.7181
2026-06-14 17:01:34.520635: 
2026-06-14 17:01:34.522520: Epoch 70
2026-06-14 17:01:34.524338: Current learning rate: 0.00937
2026-06-14 17:01:57.012462: train_loss -0.7962
2026-06-14 17:01:57.024840: val_loss -0.6153
2026-06-14 17:01:57.028977: Pseudo dice [0.6965, 0.7706]
2026-06-14 17:01:57.033418: Epoch time: 22.49 s
2026-06-14 17:01:57.037741: Yayy! New best EMA pseudo Dice: 0.7197
2026-06-14 17:01:58.433370: 
2026-06-14 17:01:58.438236: Epoch 71
2026-06-14 17:01:58.442279: Current learning rate: 0.00936
2026-06-14 17:02:21.158391: train_loss -0.7712
2026-06-14 17:02:21.163746: val_loss -0.5378
2026-06-14 17:02:21.167636: Pseudo dice [0.6906, 0.7055]
2026-06-14 17:02:21.172313: Epoch time: 22.73 s
2026-06-14 17:02:22.332742: 
2026-06-14 17:02:22.336742: Epoch 72
2026-06-14 17:02:22.340385: Current learning rate: 0.00935
2026-06-14 17:02:45.161366: train_loss -0.7836
2026-06-14 17:02:45.168956: val_loss -0.5729
2026-06-14 17:02:45.174206: Pseudo dice [0.6937, 0.7439]
2026-06-14 17:02:45.182452: Epoch time: 22.83 s
2026-06-14 17:02:46.068452: 
2026-06-14 17:02:46.072102: Epoch 73
2026-06-14 17:02:46.075992: Current learning rate: 0.00934
2026-06-14 17:03:09.026958: train_loss -0.7875
2026-06-14 17:03:09.036800: val_loss -0.559
2026-06-14 17:03:09.040538: Pseudo dice [0.6357, 0.763]
2026-06-14 17:03:09.044440: Epoch time: 22.96 s
2026-06-14 17:03:09.932283: 
2026-06-14 17:03:09.937643: Epoch 74
2026-06-14 17:03:09.942435: Current learning rate: 0.00933
2026-06-14 17:03:32.750137: train_loss -0.7959
2026-06-14 17:03:32.756397: val_loss -0.5869
2026-06-14 17:03:32.760072: Pseudo dice [0.7215, 0.7898]
2026-06-14 17:03:32.764055: Epoch time: 22.82 s
2026-06-14 17:03:32.768101: Yayy! New best EMA pseudo Dice: 0.7198
2026-06-14 17:03:34.181029: 
2026-06-14 17:03:34.184707: Epoch 75
2026-06-14 17:03:34.187446: Current learning rate: 0.00932
2026-06-14 17:03:56.929182: train_loss -0.7843
2026-06-14 17:03:56.933529: val_loss -0.6027
2026-06-14 17:03:56.938180: Pseudo dice [0.7064, 0.8076]
2026-06-14 17:03:56.942669: Epoch time: 22.75 s
2026-06-14 17:03:56.947249: Yayy! New best EMA pseudo Dice: 0.7235
2026-06-14 17:03:58.366948: 
2026-06-14 17:03:58.372295: Epoch 76
2026-06-14 17:03:58.375727: Current learning rate: 0.00931
2026-06-14 17:04:21.159764: train_loss -0.7751
2026-06-14 17:04:21.163949: val_loss -0.6457
2026-06-14 17:04:21.166204: Pseudo dice [0.7138, 0.8077]
2026-06-14 17:04:21.168477: Epoch time: 22.79 s
2026-06-14 17:04:21.171118: Yayy! New best EMA pseudo Dice: 0.7272
2026-06-14 17:04:22.574841: 
2026-06-14 17:04:22.579336: Epoch 77
2026-06-14 17:04:22.582176: Current learning rate: 0.0093
2026-06-14 17:04:45.410555: train_loss -0.7883
2026-06-14 17:04:45.414845: val_loss -0.6275
2026-06-14 17:04:45.417644: Pseudo dice [0.7053, 0.7514]
2026-06-14 17:04:45.424496: Epoch time: 22.84 s
2026-06-14 17:04:45.428396: Yayy! New best EMA pseudo Dice: 0.7273
2026-06-14 17:04:46.871426: 
2026-06-14 17:04:46.873512: Epoch 78
2026-06-14 17:04:46.875588: Current learning rate: 0.0093
2026-06-14 17:05:09.690431: train_loss -0.7913
2026-06-14 17:05:09.695870: val_loss -0.6479
2026-06-14 17:05:09.699177: Pseudo dice [0.7022, 0.786]
2026-06-14 17:05:09.701584: Epoch time: 22.82 s
2026-06-14 17:05:09.705163: Yayy! New best EMA pseudo Dice: 0.729
2026-06-14 17:05:11.106365: 
2026-06-14 17:05:11.108324: Epoch 79
2026-06-14 17:05:11.110790: Current learning rate: 0.00929
2026-06-14 17:05:33.780041: train_loss -0.8072
2026-06-14 17:05:33.788849: val_loss -0.63
2026-06-14 17:05:33.793369: Pseudo dice [0.6976, 0.776]
2026-06-14 17:05:33.797122: Epoch time: 22.67 s
2026-06-14 17:05:33.800309: Yayy! New best EMA pseudo Dice: 0.7298
2026-06-14 17:05:35.523095: 
2026-06-14 17:05:35.525347: Epoch 80
2026-06-14 17:05:35.527283: Current learning rate: 0.00928
2026-06-14 17:05:58.305525: train_loss -0.8042
2026-06-14 17:05:58.308517: val_loss -0.6217
2026-06-14 17:05:58.310512: Pseudo dice [0.693, 0.7887]
2026-06-14 17:05:58.313168: Epoch time: 22.78 s
2026-06-14 17:05:58.315834: Yayy! New best EMA pseudo Dice: 0.7309
2026-06-14 17:05:59.707288: 
2026-06-14 17:05:59.709486: Epoch 81
2026-06-14 17:05:59.711033: Current learning rate: 0.00927
2026-06-14 17:06:22.606869: train_loss -0.8138
2026-06-14 17:06:22.616948: val_loss -0.6219
2026-06-14 17:06:22.620866: Pseudo dice [0.7096, 0.7686]
2026-06-14 17:06:22.623014: Epoch time: 22.9 s
2026-06-14 17:06:22.625191: Yayy! New best EMA pseudo Dice: 0.7317
2026-06-14 17:06:24.129534: 
2026-06-14 17:06:24.133687: Epoch 82
2026-06-14 17:06:24.138224: Current learning rate: 0.00926
2026-06-14 17:06:46.928945: train_loss -0.7971
2026-06-14 17:06:46.937536: val_loss -0.6472
2026-06-14 17:06:46.940326: Pseudo dice [0.7427, 0.8068]
2026-06-14 17:06:46.942830: Epoch time: 22.8 s
2026-06-14 17:06:46.945594: Yayy! New best EMA pseudo Dice: 0.736
2026-06-14 17:06:48.612565: 
2026-06-14 17:06:48.614182: Epoch 83
2026-06-14 17:06:48.616166: Current learning rate: 0.00925
2026-06-14 17:07:11.551802: train_loss -0.7989
2026-06-14 17:07:11.555710: val_loss -0.5573
2026-06-14 17:07:11.558544: Pseudo dice [0.7136, 0.7636]
2026-06-14 17:07:11.561232: Epoch time: 22.94 s
2026-06-14 17:07:11.563705: Yayy! New best EMA pseudo Dice: 0.7363
2026-06-14 17:07:12.945605: 
2026-06-14 17:07:12.948334: Epoch 84
2026-06-14 17:07:12.951375: Current learning rate: 0.00924
2026-06-14 17:07:35.658409: train_loss -0.8035
2026-06-14 17:07:35.662444: val_loss -0.6433
2026-06-14 17:07:35.664817: Pseudo dice [0.712, 0.7979]
2026-06-14 17:07:35.667012: Epoch time: 22.71 s
2026-06-14 17:07:35.669304: Yayy! New best EMA pseudo Dice: 0.7382
2026-06-14 17:07:37.060793: 
2026-06-14 17:07:37.063199: Epoch 85
2026-06-14 17:07:37.065407: Current learning rate: 0.00923
2026-06-14 17:07:59.874396: train_loss -0.807
2026-06-14 17:07:59.878932: val_loss -0.6565
2026-06-14 17:07:59.881053: Pseudo dice [0.7145, 0.8142]
2026-06-14 17:07:59.882735: Epoch time: 22.81 s
2026-06-14 17:07:59.884594: Yayy! New best EMA pseudo Dice: 0.7408
2026-06-14 17:08:01.254632: 
2026-06-14 17:08:01.256398: Epoch 86
2026-06-14 17:08:01.258313: Current learning rate: 0.00922
2026-06-14 17:08:23.960115: train_loss -0.8262
2026-06-14 17:08:23.964168: val_loss -0.6672
2026-06-14 17:08:23.966233: Pseudo dice [0.7285, 0.8078]
2026-06-14 17:08:23.968412: Epoch time: 22.71 s
2026-06-14 17:08:23.970621: Yayy! New best EMA pseudo Dice: 0.7435
2026-06-14 17:08:25.355260: 
2026-06-14 17:08:25.358160: Epoch 87
2026-06-14 17:08:25.361821: Current learning rate: 0.00921
2026-06-14 17:08:48.035424: train_loss -0.8032
2026-06-14 17:08:48.042288: val_loss -0.6041
2026-06-14 17:08:48.046409: Pseudo dice [0.7261, 0.7845]
2026-06-14 17:08:48.052217: Epoch time: 22.68 s
2026-06-14 17:08:48.056520: Yayy! New best EMA pseudo Dice: 0.7447
2026-06-14 17:08:49.476614: 
2026-06-14 17:08:49.480622: Epoch 88
2026-06-14 17:08:49.484499: Current learning rate: 0.0092
2026-06-14 17:09:12.262503: train_loss -0.8085
2026-06-14 17:09:12.271173: val_loss -0.5653
2026-06-14 17:09:12.274173: Pseudo dice [0.6709, 0.7628]
2026-06-14 17:09:12.276994: Epoch time: 22.79 s
2026-06-14 17:09:13.137149: 
2026-06-14 17:09:13.141785: Epoch 89
2026-06-14 17:09:13.145599: Current learning rate: 0.0092
2026-06-14 17:09:35.861912: train_loss -0.7801
2026-06-14 17:09:35.865450: val_loss -0.6085
2026-06-14 17:09:35.867230: Pseudo dice [0.6642, 0.8124]
2026-06-14 17:09:35.868895: Epoch time: 22.73 s
2026-06-14 17:09:36.721916: 
2026-06-14 17:09:36.723839: Epoch 90
2026-06-14 17:09:36.725758: Current learning rate: 0.00919
2026-06-14 17:09:59.313245: train_loss -0.8021
2026-06-14 17:09:59.316501: val_loss -0.6498
2026-06-14 17:09:59.318371: Pseudo dice [0.6976, 0.7618]
2026-06-14 17:09:59.320523: Epoch time: 22.59 s
2026-06-14 17:10:00.185272: 
2026-06-14 17:10:00.187528: Epoch 91
2026-06-14 17:10:00.189068: Current learning rate: 0.00918
2026-06-14 17:10:23.036232: train_loss -0.804
2026-06-14 17:10:23.046481: val_loss -0.5408
2026-06-14 17:10:23.051040: Pseudo dice [0.6271, 0.6997]
2026-06-14 17:10:23.056335: Epoch time: 22.85 s
2026-06-14 17:10:23.909684: 
2026-06-14 17:10:23.911673: Epoch 92
2026-06-14 17:10:23.913848: Current learning rate: 0.00917
2026-06-14 17:10:46.781235: train_loss -0.7963
2026-06-14 17:10:46.806625: val_loss -0.5267
2026-06-14 17:10:46.823858: Pseudo dice [0.6531, 0.7537]
2026-06-14 17:10:46.827615: Epoch time: 22.87 s
2026-06-14 17:10:47.676701: 
2026-06-14 17:10:47.681447: Epoch 93
2026-06-14 17:10:47.686334: Current learning rate: 0.00916
2026-06-14 17:11:10.380639: train_loss -0.8028
2026-06-14 17:11:10.383574: val_loss -0.6807
2026-06-14 17:11:10.385596: Pseudo dice [0.7337, 0.7958]
2026-06-14 17:11:10.387669: Epoch time: 22.7 s
2026-06-14 17:11:11.283571: 
2026-06-14 17:11:11.287994: Epoch 94
2026-06-14 17:11:11.291335: Current learning rate: 0.00915
2026-06-14 17:11:34.138430: train_loss -0.8143
2026-06-14 17:11:34.143426: val_loss -0.6338
2026-06-14 17:11:34.145556: Pseudo dice [0.712, 0.7714]
2026-06-14 17:11:34.147423: Epoch time: 22.86 s
2026-06-14 17:11:35.298382: 
2026-06-14 17:11:35.300584: Epoch 95
2026-06-14 17:11:35.302326: Current learning rate: 0.00914
2026-06-14 17:11:58.152443: train_loss -0.8007
2026-06-14 17:11:58.156994: val_loss -0.6143
2026-06-14 17:11:58.160262: Pseudo dice [0.652, 0.7793]
2026-06-14 17:11:58.163195: Epoch time: 22.85 s
2026-06-14 17:11:59.018862: 
2026-06-14 17:11:59.022767: Epoch 96
2026-06-14 17:11:59.025479: Current learning rate: 0.00913
2026-06-14 17:12:21.839241: train_loss -0.8117
2026-06-14 17:12:21.844361: val_loss -0.6153
2026-06-14 17:12:21.848969: Pseudo dice [0.7209, 0.7916]
2026-06-14 17:12:21.852388: Epoch time: 22.82 s
2026-06-14 17:12:22.715401: 
2026-06-14 17:12:22.718267: Epoch 97
2026-06-14 17:12:22.720322: Current learning rate: 0.00912
2026-06-14 17:12:45.559297: train_loss -0.8274
2026-06-14 17:12:45.563392: val_loss -0.6551
2026-06-14 17:12:45.565135: Pseudo dice [0.7399, 0.8151]
2026-06-14 17:12:45.566839: Epoch time: 22.84 s
2026-06-14 17:12:46.433360: 
2026-06-14 17:12:46.437596: Epoch 98
2026-06-14 17:12:46.442060: Current learning rate: 0.00911
2026-06-14 17:13:09.259277: train_loss -0.8227
2026-06-14 17:13:09.262518: val_loss -0.6745
2026-06-14 17:13:09.264314: Pseudo dice [0.7642, 0.8198]
2026-06-14 17:13:09.266092: Epoch time: 22.83 s
2026-06-14 17:13:10.129996: 
2026-06-14 17:13:10.131776: Epoch 99
2026-06-14 17:13:10.133456: Current learning rate: 0.0091
2026-06-14 17:13:32.772460: train_loss -0.8392
2026-06-14 17:13:32.777138: val_loss -0.6368
2026-06-14 17:13:32.780035: Pseudo dice [0.7403, 0.8138]
2026-06-14 17:13:32.783073: Epoch time: 22.64 s
2026-06-14 17:13:33.273596: Yayy! New best EMA pseudo Dice: 0.7475
2026-06-14 17:13:34.642481: 
2026-06-14 17:13:34.644420: Epoch 100
2026-06-14 17:13:34.647854: Current learning rate: 0.0091
2026-06-14 17:13:57.496105: train_loss -0.8288
2026-06-14 17:13:57.507670: val_loss -0.6393
2026-06-14 17:13:57.510571: Pseudo dice [0.7346, 0.8209]
2026-06-14 17:13:57.512616: Epoch time: 22.85 s
2026-06-14 17:13:57.516133: Yayy! New best EMA pseudo Dice: 0.7505
2026-06-14 17:13:58.875557: 
2026-06-14 17:13:58.879367: Epoch 101
2026-06-14 17:13:58.882554: Current learning rate: 0.00909
2026-06-14 17:14:21.588773: train_loss -0.8166
2026-06-14 17:14:21.592212: val_loss -0.6857
2026-06-14 17:14:21.594333: Pseudo dice [0.7673, 0.8304]
2026-06-14 17:14:21.596272: Epoch time: 22.71 s
2026-06-14 17:14:21.597915: Yayy! New best EMA pseudo Dice: 0.7554
2026-06-14 17:14:22.973578: 
2026-06-14 17:14:22.975772: Epoch 102
2026-06-14 17:14:22.978192: Current learning rate: 0.00908
2026-06-14 17:14:45.699135: train_loss -0.8199
2026-06-14 17:14:45.702411: val_loss -0.6201
2026-06-14 17:14:45.704289: Pseudo dice [0.7027, 0.7754]
2026-06-14 17:14:45.706052: Epoch time: 22.73 s
2026-06-14 17:14:46.556739: 
2026-06-14 17:14:46.558679: Epoch 103
2026-06-14 17:14:46.560732: Current learning rate: 0.00907
2026-06-14 17:15:09.241731: train_loss -0.8098
2026-06-14 17:15:09.250541: val_loss -0.5734
2026-06-14 17:15:09.253870: Pseudo dice [0.6992, 0.7517]
2026-06-14 17:15:09.257468: Epoch time: 22.69 s
2026-06-14 17:15:10.108580: 
2026-06-14 17:15:10.110436: Epoch 104
2026-06-14 17:15:10.111969: Current learning rate: 0.00906
2026-06-14 17:15:32.906714: train_loss -0.8098
2026-06-14 17:15:32.911200: val_loss -0.6384
2026-06-14 17:15:32.913735: Pseudo dice [0.7279, 0.813]
2026-06-14 17:15:32.915931: Epoch time: 22.8 s
2026-06-14 17:15:33.785518: 
2026-06-14 17:15:33.788945: Epoch 105
2026-06-14 17:15:33.792302: Current learning rate: 0.00905
2026-06-14 17:15:56.588845: train_loss -0.8203
2026-06-14 17:15:56.598953: val_loss -0.5974
2026-06-14 17:15:56.605212: Pseudo dice [0.7238, 0.7491]
2026-06-14 17:15:56.609107: Epoch time: 22.8 s
2026-06-14 17:15:57.475901: 
2026-06-14 17:15:57.479239: Epoch 106
2026-06-14 17:15:57.482435: Current learning rate: 0.00904
2026-06-14 17:16:20.332356: train_loss -0.8108
2026-06-14 17:16:20.337907: val_loss -0.6014
2026-06-14 17:16:20.339659: Pseudo dice [0.732, 0.7818]
2026-06-14 17:16:20.341496: Epoch time: 22.86 s
2026-06-14 17:16:21.494382: 
2026-06-14 17:16:21.497375: Epoch 107
2026-06-14 17:16:21.499276: Current learning rate: 0.00903
2026-06-14 17:16:44.362703: train_loss -0.8116
2026-06-14 17:16:44.365814: val_loss -0.6128
2026-06-14 17:16:44.367743: Pseudo dice [0.7035, 0.7743]
2026-06-14 17:16:44.369677: Epoch time: 22.87 s
2026-06-14 17:16:45.249024: 
2026-06-14 17:16:45.251022: Epoch 108
2026-06-14 17:16:45.252897: Current learning rate: 0.00902
2026-06-14 17:17:08.160363: train_loss -0.8203
2026-06-14 17:17:08.163984: val_loss -0.692
2026-06-14 17:17:08.166260: Pseudo dice [0.753, 0.8071]
2026-06-14 17:17:08.168138: Epoch time: 22.91 s
2026-06-14 17:17:09.046816: 
2026-06-14 17:17:09.050913: Epoch 109
2026-06-14 17:17:09.054395: Current learning rate: 0.00901
2026-06-14 17:17:31.978373: train_loss -0.8262
2026-06-14 17:17:31.984843: val_loss -0.6324
2026-06-14 17:17:31.987532: Pseudo dice [0.7132, 0.7911]
2026-06-14 17:17:31.990383: Epoch time: 22.93 s
2026-06-14 17:17:32.886526: 
2026-06-14 17:17:32.890835: Epoch 110
2026-06-14 17:17:32.894841: Current learning rate: 0.009
2026-06-14 17:17:55.606098: train_loss -0.838
2026-06-14 17:17:55.609372: val_loss -0.6237
2026-06-14 17:17:55.611114: Pseudo dice [0.7253, 0.7901]
2026-06-14 17:17:55.612821: Epoch time: 22.72 s
2026-06-14 17:17:56.464380: 
2026-06-14 17:17:56.466392: Epoch 111
2026-06-14 17:17:56.468678: Current learning rate: 0.009
2026-06-14 17:18:19.185421: train_loss -0.8266
2026-06-14 17:18:19.189115: val_loss -0.5941
2026-06-14 17:18:19.190977: Pseudo dice [0.7089, 0.7914]
2026-06-14 17:18:19.192787: Epoch time: 22.72 s
2026-06-14 17:18:20.065474: 
2026-06-14 17:18:20.067442: Epoch 112
2026-06-14 17:18:20.069204: Current learning rate: 0.00899
2026-06-14 17:18:42.909910: train_loss -0.8282
2026-06-14 17:18:42.917286: val_loss -0.6105
2026-06-14 17:18:42.919673: Pseudo dice [0.7039, 0.8065]
2026-06-14 17:18:42.921921: Epoch time: 22.85 s
2026-06-14 17:18:43.791872: 
2026-06-14 17:18:43.798032: Epoch 113
2026-06-14 17:18:43.802048: Current learning rate: 0.00898
2026-06-14 17:19:06.574966: train_loss -0.8279
2026-06-14 17:19:06.579586: val_loss -0.6758
2026-06-14 17:19:06.583322: Pseudo dice [0.724, 0.7993]
2026-06-14 17:19:06.589068: Epoch time: 22.78 s
2026-06-14 17:19:07.473589: 
2026-06-14 17:19:07.478883: Epoch 114
2026-06-14 17:19:07.484048: Current learning rate: 0.00897
2026-06-14 17:19:30.224790: train_loss -0.821
2026-06-14 17:19:30.231618: val_loss -0.6744
2026-06-14 17:19:30.237562: Pseudo dice [0.7046, 0.8084]
2026-06-14 17:19:30.242938: Epoch time: 22.75 s
2026-06-14 17:19:31.119159: 
2026-06-14 17:19:31.121709: Epoch 115
2026-06-14 17:19:31.123899: Current learning rate: 0.00896
2026-06-14 17:19:53.950763: train_loss -0.8055
2026-06-14 17:19:53.962760: val_loss -0.489
2026-06-14 17:19:53.966739: Pseudo dice [0.6044, 0.678]
2026-06-14 17:19:53.971510: Epoch time: 22.83 s
2026-06-14 17:19:54.849532: 
2026-06-14 17:19:54.851412: Epoch 116
2026-06-14 17:19:54.853152: Current learning rate: 0.00895
2026-06-14 17:20:17.612723: train_loss -0.8017
2026-06-14 17:20:17.619231: val_loss -0.5342
2026-06-14 17:20:17.621036: Pseudo dice [0.6921, 0.7643]
2026-06-14 17:20:17.622785: Epoch time: 22.76 s
2026-06-14 17:20:18.991286: 
2026-06-14 17:20:18.993035: Epoch 117
2026-06-14 17:20:18.994925: Current learning rate: 0.00894
2026-06-14 17:20:41.552133: train_loss -0.8187
2026-06-14 17:20:41.559819: val_loss -0.6087
2026-06-14 17:20:41.563807: Pseudo dice [0.7136, 0.745]
2026-06-14 17:20:41.567992: Epoch time: 22.56 s
2026-06-14 17:20:42.450677: 
2026-06-14 17:20:42.454306: Epoch 118
2026-06-14 17:20:42.456732: Current learning rate: 0.00893
2026-06-14 17:21:05.031917: train_loss -0.8163
2026-06-14 17:21:05.037585: val_loss -0.5816
2026-06-14 17:21:05.040039: Pseudo dice [0.679, 0.7584]
2026-06-14 17:21:05.042714: Epoch time: 22.58 s
2026-06-14 17:21:05.914555: 
2026-06-14 17:21:05.920511: Epoch 119
2026-06-14 17:21:05.924465: Current learning rate: 0.00892
2026-06-14 17:21:29.077270: train_loss -0.8233
2026-06-14 17:21:29.083434: val_loss -0.6259
2026-06-14 17:21:29.087555: Pseudo dice [0.727, 0.7875]
2026-06-14 17:21:29.091897: Epoch time: 23.16 s
2026-06-14 17:21:29.966107: 
2026-06-14 17:21:29.968329: Epoch 120
2026-06-14 17:21:29.972032: Current learning rate: 0.00891
2026-06-14 17:21:52.780767: train_loss -0.8235
2026-06-14 17:21:52.783881: val_loss -0.6393
2026-06-14 17:21:52.786465: Pseudo dice [0.7234, 0.7653]
2026-06-14 17:21:52.788238: Epoch time: 22.82 s
2026-06-14 17:21:53.662830: 
2026-06-14 17:21:53.665184: Epoch 121
2026-06-14 17:21:53.667008: Current learning rate: 0.0089
2026-06-14 17:22:16.408492: train_loss -0.8292
2026-06-14 17:22:16.424371: val_loss -0.6438
2026-06-14 17:22:16.427053: Pseudo dice [0.7522, 0.809]
2026-06-14 17:22:16.429199: Epoch time: 22.75 s
2026-06-14 17:22:17.304822: 
2026-06-14 17:22:17.308637: Epoch 122
2026-06-14 17:22:17.311850: Current learning rate: 0.00889
2026-06-14 17:22:40.071065: train_loss -0.8292
2026-06-14 17:22:40.076239: val_loss -0.5932
2026-06-14 17:22:40.079967: Pseudo dice [0.7363, 0.7686]
2026-06-14 17:22:40.084230: Epoch time: 22.77 s
2026-06-14 17:22:40.950460: 
2026-06-14 17:22:40.954984: Epoch 123
2026-06-14 17:22:40.960101: Current learning rate: 0.00889
2026-06-14 17:23:03.747016: train_loss -0.8375
2026-06-14 17:23:03.750665: val_loss -0.6471
2026-06-14 17:23:03.753598: Pseudo dice [0.7316, 0.7836]
2026-06-14 17:23:03.755715: Epoch time: 22.8 s
2026-06-14 17:23:04.631944: 
2026-06-14 17:23:04.633969: Epoch 124
2026-06-14 17:23:04.636291: Current learning rate: 0.00888
2026-06-14 17:23:27.345293: train_loss -0.8418
2026-06-14 17:23:27.359975: val_loss -0.5807
2026-06-14 17:23:27.364685: Pseudo dice [0.7229, 0.7344]
2026-06-14 17:23:27.369411: Epoch time: 22.71 s
2026-06-14 17:23:28.231921: 
2026-06-14 17:23:28.234122: Epoch 125
2026-06-14 17:23:28.236116: Current learning rate: 0.00887
2026-06-14 17:23:50.860997: train_loss -0.8324
2026-06-14 17:23:50.865862: val_loss -0.5766
2026-06-14 17:23:50.868185: Pseudo dice [0.7101, 0.7417]
2026-06-14 17:23:50.869972: Epoch time: 22.63 s
2026-06-14 17:23:51.745522: 
2026-06-14 17:23:51.747651: Epoch 126
2026-06-14 17:23:51.749523: Current learning rate: 0.00886
2026-06-14 17:24:14.480083: train_loss -0.8339
2026-06-14 17:24:14.484603: val_loss -0.6645
2026-06-14 17:24:14.488353: Pseudo dice [0.7587, 0.7955]
2026-06-14 17:24:14.493795: Epoch time: 22.74 s
2026-06-14 17:24:15.370558: 
2026-06-14 17:24:15.373049: Epoch 127
2026-06-14 17:24:15.375206: Current learning rate: 0.00885
2026-06-14 17:24:38.402380: train_loss -0.8134
2026-06-14 17:24:38.412648: val_loss -0.6198
2026-06-14 17:24:38.416420: Pseudo dice [0.7136, 0.7369]
2026-06-14 17:24:38.420506: Epoch time: 23.03 s
2026-06-14 17:24:39.301713: 
2026-06-14 17:24:39.304676: Epoch 128
2026-06-14 17:24:39.307351: Current learning rate: 0.00884
2026-06-14 17:25:02.229240: train_loss -0.823
2026-06-14 17:25:02.233392: val_loss -0.6394
2026-06-14 17:25:02.236597: Pseudo dice [0.7551, 0.7857]
2026-06-14 17:25:02.239374: Epoch time: 22.93 s
2026-06-14 17:25:03.112308: 
2026-06-14 17:25:03.114106: Epoch 129
2026-06-14 17:25:03.115899: Current learning rate: 0.00883
2026-06-14 17:25:25.907671: train_loss -0.8364
2026-06-14 17:25:25.910924: val_loss -0.6335
2026-06-14 17:25:25.912972: Pseudo dice [0.7157, 0.7979]
2026-06-14 17:25:25.915133: Epoch time: 22.8 s
2026-06-14 17:25:26.783897: 
2026-06-14 17:25:26.786081: Epoch 130
2026-06-14 17:25:26.787855: Current learning rate: 0.00882
2026-06-14 17:25:49.598666: train_loss -0.8415
2026-06-14 17:25:49.609454: val_loss -0.6692
2026-06-14 17:25:49.613490: Pseudo dice [0.7324, 0.801]
2026-06-14 17:25:49.616595: Epoch time: 22.82 s
2026-06-14 17:25:50.797509: 
2026-06-14 17:25:50.799951: Epoch 131
2026-06-14 17:25:50.802276: Current learning rate: 0.00881
2026-06-14 17:26:13.598103: train_loss -0.8267
2026-06-14 17:26:13.603271: val_loss -0.6625
2026-06-14 17:26:13.606231: Pseudo dice [0.6992, 0.7367]
2026-06-14 17:26:13.609671: Epoch time: 22.8 s
2026-06-14 17:26:14.491274: 
2026-06-14 17:26:14.494198: Epoch 132
2026-06-14 17:26:14.497359: Current learning rate: 0.0088
2026-06-14 17:26:37.321235: train_loss -0.8291
2026-06-14 17:26:37.324986: val_loss -0.6934
2026-06-14 17:26:37.326885: Pseudo dice [0.7538, 0.7996]
2026-06-14 17:26:37.328869: Epoch time: 22.83 s
2026-06-14 17:26:38.206313: 
2026-06-14 17:26:38.208277: Epoch 133
2026-06-14 17:26:38.210178: Current learning rate: 0.00879
2026-06-14 17:27:00.954781: train_loss -0.8218
2026-06-14 17:27:00.958935: val_loss -0.6115
2026-06-14 17:27:00.961778: Pseudo dice [0.7012, 0.7627]
2026-06-14 17:27:00.965261: Epoch time: 22.75 s
2026-06-14 17:27:01.835973: 
2026-06-14 17:27:01.838252: Epoch 134
2026-06-14 17:27:01.840135: Current learning rate: 0.00879
2026-06-14 17:27:24.552718: train_loss -0.8136
2026-06-14 17:27:24.556085: val_loss -0.6362
2026-06-14 17:27:24.558537: Pseudo dice [0.7236, 0.7663]
2026-06-14 17:27:24.560600: Epoch time: 22.72 s
2026-06-14 17:27:25.444065: 
2026-06-14 17:27:25.447691: Epoch 135
2026-06-14 17:27:25.450177: Current learning rate: 0.00878
2026-06-14 17:27:48.065984: train_loss -0.8389
2026-06-14 17:27:48.069629: val_loss -0.6785
2026-06-14 17:27:48.072181: Pseudo dice [0.7221, 0.8011]
2026-06-14 17:27:48.074551: Epoch time: 22.62 s
2026-06-14 17:27:48.969543: 
2026-06-14 17:27:48.974364: Epoch 136
2026-06-14 17:27:48.977018: Current learning rate: 0.00877
2026-06-14 17:28:11.712726: train_loss -0.8423
2026-06-14 17:28:11.724166: val_loss -0.6079
2026-06-14 17:28:11.727806: Pseudo dice [0.6687, 0.791]
2026-06-14 17:28:11.731662: Epoch time: 22.74 s
2026-06-14 17:28:12.631040: 
2026-06-14 17:28:12.647000: Epoch 137
2026-06-14 17:28:12.651794: Current learning rate: 0.00876
2026-06-14 17:28:35.303493: train_loss -0.844
2026-06-14 17:28:35.306742: val_loss -0.6179
2026-06-14 17:28:35.308841: Pseudo dice [0.6755, 0.7742]
2026-06-14 17:28:35.310918: Epoch time: 22.67 s
2026-06-14 17:28:36.182555: 
2026-06-14 17:28:36.184670: Epoch 138
2026-06-14 17:28:36.186642: Current learning rate: 0.00875
2026-06-14 17:28:58.967849: train_loss -0.8543
2026-06-14 17:28:58.974566: val_loss -0.6763
2026-06-14 17:28:58.978855: Pseudo dice [0.7614, 0.7875]
2026-06-14 17:28:58.981455: Epoch time: 22.79 s
2026-06-14 17:28:59.858158: 
2026-06-14 17:28:59.860280: Epoch 139
2026-06-14 17:28:59.862547: Current learning rate: 0.00874
2026-06-14 17:29:22.705575: train_loss -0.8321
2026-06-14 17:29:22.714958: val_loss -0.6247
2026-06-14 17:29:22.720278: Pseudo dice [0.7315, 0.7652]
2026-06-14 17:29:22.725592: Epoch time: 22.85 s
2026-06-14 17:29:23.630083: 
2026-06-14 17:29:23.636037: Epoch 140
2026-06-14 17:29:23.641187: Current learning rate: 0.00873
2026-06-14 17:29:46.297567: train_loss -0.8322
2026-06-14 17:29:46.301083: val_loss -0.6978
2026-06-14 17:29:46.305804: Pseudo dice [0.7575, 0.8099]
2026-06-14 17:29:46.309595: Epoch time: 22.67 s
2026-06-14 17:29:47.207478: 
2026-06-14 17:29:47.209742: Epoch 141
2026-06-14 17:29:47.212379: Current learning rate: 0.00872
2026-06-14 17:30:09.937297: train_loss -0.8523
2026-06-14 17:30:09.940253: val_loss -0.5807
2026-06-14 17:30:09.942630: Pseudo dice [0.7138, 0.783]
2026-06-14 17:30:09.944750: Epoch time: 22.73 s
2026-06-14 17:30:10.824239: 
2026-06-14 17:30:10.827726: Epoch 142
2026-06-14 17:30:10.830827: Current learning rate: 0.00871
2026-06-14 17:30:33.451448: train_loss -0.8447
2026-06-14 17:30:33.456105: val_loss -0.6111
2026-06-14 17:30:33.458347: Pseudo dice [0.7166, 0.7591]
2026-06-14 17:30:33.461407: Epoch time: 22.63 s
2026-06-14 17:30:34.644001: 
2026-06-14 17:30:34.646047: Epoch 143
2026-06-14 17:30:34.647768: Current learning rate: 0.0087
2026-06-14 17:30:57.484447: train_loss -0.8058
2026-06-14 17:30:57.489832: val_loss -0.5914
2026-06-14 17:30:57.494115: Pseudo dice [0.6537, 0.7308]
2026-06-14 17:30:57.497565: Epoch time: 22.84 s
2026-06-14 17:30:58.375441: 
2026-06-14 17:30:58.378112: Epoch 144
2026-06-14 17:30:58.379898: Current learning rate: 0.00869
2026-06-14 17:31:21.180034: train_loss -0.8293
2026-06-14 17:31:21.187471: val_loss -0.631
2026-06-14 17:31:21.193205: Pseudo dice [0.7383, 0.7518]
2026-06-14 17:31:21.197613: Epoch time: 22.81 s
2026-06-14 17:31:22.088336: 
2026-06-14 17:31:22.092861: Epoch 145
2026-06-14 17:31:22.096902: Current learning rate: 0.00868
2026-06-14 17:31:44.905940: train_loss -0.8406
2026-06-14 17:31:44.912247: val_loss -0.7116
2026-06-14 17:31:44.914533: Pseudo dice [0.7647, 0.7969]
2026-06-14 17:31:44.918084: Epoch time: 22.82 s
2026-06-14 17:31:45.800106: 
2026-06-14 17:31:45.805298: Epoch 146
2026-06-14 17:31:45.809335: Current learning rate: 0.00868
2026-06-14 17:32:08.696997: train_loss -0.8304
2026-06-14 17:32:08.701435: val_loss -0.606
2026-06-14 17:32:08.703435: Pseudo dice [0.699, 0.7083]
2026-06-14 17:32:08.705558: Epoch time: 22.9 s
2026-06-14 17:32:09.589204: 
2026-06-14 17:32:09.592242: Epoch 147
2026-06-14 17:32:09.594884: Current learning rate: 0.00867
2026-06-14 17:32:32.393314: train_loss -0.8195
2026-06-14 17:32:32.397858: val_loss -0.6339
2026-06-14 17:32:32.400532: Pseudo dice [0.7279, 0.752]
2026-06-14 17:32:32.403608: Epoch time: 22.81 s
2026-06-14 17:32:33.296145: 
2026-06-14 17:32:33.299360: Epoch 148
2026-06-14 17:32:33.302145: Current learning rate: 0.00866
2026-06-14 17:32:56.235323: train_loss -0.8272
2026-06-14 17:32:56.243683: val_loss -0.6147
2026-06-14 17:32:56.249872: Pseudo dice [0.6973, 0.7738]
2026-06-14 17:32:56.254976: Epoch time: 22.94 s
2026-06-14 17:32:57.156783: 
2026-06-14 17:32:57.160722: Epoch 149
2026-06-14 17:32:57.164191: Current learning rate: 0.00865
2026-06-14 17:33:19.824143: train_loss -0.8354
2026-06-14 17:33:19.827043: val_loss -0.6163
2026-06-14 17:33:19.828788: Pseudo dice [0.7297, 0.7714]
2026-06-14 17:33:19.830425: Epoch time: 22.67 s
2026-06-14 17:33:21.200036: 
2026-06-14 17:33:21.202203: Epoch 150
2026-06-14 17:33:21.204036: Current learning rate: 0.00864
2026-06-14 17:33:43.928576: train_loss -0.8474
2026-06-14 17:33:43.937028: val_loss -0.5832
2026-06-14 17:33:43.940461: Pseudo dice [0.7172, 0.7323]
2026-06-14 17:33:43.943047: Epoch time: 22.73 s
2026-06-14 17:33:44.830831: 
2026-06-14 17:33:44.833047: Epoch 151
2026-06-14 17:33:44.835264: Current learning rate: 0.00863
2026-06-14 17:34:07.618036: train_loss -0.8274
2026-06-14 17:34:07.622797: val_loss -0.5993
2026-06-14 17:34:07.625455: Pseudo dice [0.671, 0.7606]
2026-06-14 17:34:07.628279: Epoch time: 22.79 s
2026-06-14 17:34:08.514237: 
2026-06-14 17:34:08.516511: Epoch 152
2026-06-14 17:34:08.518782: Current learning rate: 0.00862
2026-06-14 17:34:31.313230: train_loss -0.8402
2026-06-14 17:34:31.327698: val_loss -0.5983
2026-06-14 17:34:31.331018: Pseudo dice [0.7205, 0.7304]
2026-06-14 17:34:31.334440: Epoch time: 22.8 s
2026-06-14 17:34:32.212455: 
2026-06-14 17:34:32.215356: Epoch 153
2026-06-14 17:34:32.220019: Current learning rate: 0.00861
2026-06-14 17:34:54.938089: train_loss -0.8366
2026-06-14 17:34:54.941962: val_loss -0.5967
2026-06-14 17:34:54.944244: Pseudo dice [0.6954, 0.7973]
2026-06-14 17:34:54.946939: Epoch time: 22.73 s
2026-06-14 17:34:56.169781: 
2026-06-14 17:34:56.175102: Epoch 154
2026-06-14 17:34:56.179038: Current learning rate: 0.0086
2026-06-14 17:35:19.053038: train_loss -0.824
2026-06-14 17:35:19.057797: val_loss -0.5437
2026-06-14 17:35:19.059415: Pseudo dice [0.6424, 0.7289]
2026-06-14 17:35:19.061283: Epoch time: 22.88 s
2026-06-14 17:35:19.943928: 
2026-06-14 17:35:19.946180: Epoch 155
2026-06-14 17:35:19.948194: Current learning rate: 0.00859
2026-06-14 17:35:42.626895: train_loss -0.825
2026-06-14 17:35:42.630742: val_loss -0.7072
2026-06-14 17:35:42.632855: Pseudo dice [0.7319, 0.8092]
2026-06-14 17:35:42.634967: Epoch time: 22.68 s
2026-06-14 17:35:43.526176: 
2026-06-14 17:35:43.528071: Epoch 156
2026-06-14 17:35:43.530351: Current learning rate: 0.00858
2026-06-14 17:36:06.230678: train_loss -0.837
2026-06-14 17:36:06.234119: val_loss -0.6344
2026-06-14 17:36:06.235962: Pseudo dice [0.7228, 0.7914]
2026-06-14 17:36:06.238108: Epoch time: 22.71 s
2026-06-14 17:36:07.131786: 
2026-06-14 17:36:07.134310: Epoch 157
2026-06-14 17:36:07.136073: Current learning rate: 0.00858
2026-06-14 17:36:29.806046: train_loss -0.8542
2026-06-14 17:36:29.810948: val_loss -0.6058
2026-06-14 17:36:29.813654: Pseudo dice [0.6654, 0.8092]
2026-06-14 17:36:29.816301: Epoch time: 22.68 s
2026-06-14 17:36:30.712237: 
2026-06-14 17:36:30.714299: Epoch 158
2026-06-14 17:36:30.715987: Current learning rate: 0.00857
2026-06-14 17:36:53.288125: train_loss -0.8536
2026-06-14 17:36:53.292223: val_loss -0.6239
2026-06-14 17:36:53.294582: Pseudo dice [0.7149, 0.7813]
2026-06-14 17:36:53.296421: Epoch time: 22.58 s
2026-06-14 17:36:54.195590: 
2026-06-14 17:36:54.201472: Epoch 159
2026-06-14 17:36:54.207234: Current learning rate: 0.00856
2026-06-14 17:37:16.945355: train_loss -0.8535
2026-06-14 17:37:16.948498: val_loss -0.5853
2026-06-14 17:37:16.950306: Pseudo dice [0.696, 0.7801]
2026-06-14 17:37:16.952227: Epoch time: 22.75 s
2026-06-14 17:37:17.850109: 
2026-06-14 17:37:17.852461: Epoch 160
2026-06-14 17:37:17.854632: Current learning rate: 0.00855
2026-06-14 17:37:40.600037: train_loss -0.8414
2026-06-14 17:37:40.608272: val_loss -0.6068
2026-06-14 17:37:40.621231: Pseudo dice [0.6717, 0.7401]
2026-06-14 17:37:40.623442: Epoch time: 22.75 s
2026-06-14 17:37:41.512369: 
2026-06-14 17:37:41.514951: Epoch 161
2026-06-14 17:37:41.517051: Current learning rate: 0.00854
2026-06-14 17:38:04.234602: train_loss -0.8186
2026-06-14 17:38:04.237992: val_loss -0.6298
2026-06-14 17:38:04.239974: Pseudo dice [0.6702, 0.7415]
2026-06-14 17:38:04.242202: Epoch time: 22.72 s
2026-06-14 17:38:05.133189: 
2026-06-14 17:38:05.135428: Epoch 162
2026-06-14 17:38:05.137902: Current learning rate: 0.00853
2026-06-14 17:38:27.809101: train_loss -0.8294
2026-06-14 17:38:27.813692: val_loss -0.5902
2026-06-14 17:38:27.817435: Pseudo dice [0.6882, 0.7435]
2026-06-14 17:38:27.821032: Epoch time: 22.68 s
2026-06-14 17:38:28.721012: 
2026-06-14 17:38:28.724870: Epoch 163
2026-06-14 17:38:28.727520: Current learning rate: 0.00852
2026-06-14 17:38:51.591105: train_loss -0.8286
2026-06-14 17:38:51.601568: val_loss -0.6308
2026-06-14 17:38:51.605273: Pseudo dice [0.6897, 0.7864]
2026-06-14 17:38:51.609413: Epoch time: 22.87 s
2026-06-14 17:38:52.503347: 
2026-06-14 17:38:52.507678: Epoch 164
2026-06-14 17:38:52.511919: Current learning rate: 0.00851
2026-06-14 17:39:15.443060: train_loss -0.8218
2026-06-14 17:39:15.449720: val_loss -0.601
2026-06-14 17:39:15.452220: Pseudo dice [0.703, 0.8127]
2026-06-14 17:39:15.454925: Epoch time: 22.94 s
2026-06-14 17:39:16.340176: 
2026-06-14 17:39:16.342304: Epoch 165
2026-06-14 17:39:16.348610: Current learning rate: 0.0085
2026-06-14 17:39:39.200460: train_loss -0.8315
2026-06-14 17:39:39.212298: val_loss -0.6576
2026-06-14 17:39:39.219521: Pseudo dice [0.7053, 0.7686]
2026-06-14 17:39:39.222275: Epoch time: 22.86 s
2026-06-14 17:39:40.405605: 
2026-06-14 17:39:40.411620: Epoch 166
2026-06-14 17:39:40.413923: Current learning rate: 0.00849
2026-06-14 17:40:03.382068: train_loss -0.8409
2026-06-14 17:40:03.385891: val_loss -0.5977
2026-06-14 17:40:03.387689: Pseudo dice [0.6957, 0.7626]
2026-06-14 17:40:03.389508: Epoch time: 22.98 s
2026-06-14 17:40:04.268544: 
2026-06-14 17:40:04.271652: Epoch 167
2026-06-14 17:40:04.274522: Current learning rate: 0.00848
2026-06-14 17:40:26.979915: train_loss -0.8547
2026-06-14 17:40:26.985384: val_loss -0.603
2026-06-14 17:40:26.990307: Pseudo dice [0.7365, 0.7889]
2026-06-14 17:40:26.996682: Epoch time: 22.71 s
2026-06-14 17:40:27.886421: 
2026-06-14 17:40:27.892331: Epoch 168
2026-06-14 17:40:27.897542: Current learning rate: 0.00847
2026-06-14 17:40:50.604660: train_loss -0.8512
2026-06-14 17:40:50.609705: val_loss -0.5889
2026-06-14 17:40:50.613438: Pseudo dice [0.675, 0.7854]
2026-06-14 17:40:50.616112: Epoch time: 22.72 s
2026-06-14 17:40:51.526968: 
2026-06-14 17:40:51.531558: Epoch 169
2026-06-14 17:40:51.536906: Current learning rate: 0.00847
2026-06-14 17:41:14.322492: train_loss -0.8501
2026-06-14 17:41:14.329042: val_loss -0.6888
2026-06-14 17:41:14.331532: Pseudo dice [0.7351, 0.8097]
2026-06-14 17:41:14.333706: Epoch time: 22.8 s
2026-06-14 17:41:15.224304: 
2026-06-14 17:41:15.231134: Epoch 170
2026-06-14 17:41:15.234814: Current learning rate: 0.00846
2026-06-14 17:41:37.962728: train_loss -0.8544
2026-06-14 17:41:37.965945: val_loss -0.6137
2026-06-14 17:41:37.967766: Pseudo dice [0.707, 0.7748]
2026-06-14 17:41:37.970885: Epoch time: 22.74 s
2026-06-14 17:41:38.867531: 
2026-06-14 17:41:38.869491: Epoch 171
2026-06-14 17:41:38.872554: Current learning rate: 0.00845
2026-06-14 17:42:01.761770: train_loss -0.8469
2026-06-14 17:42:01.765299: val_loss -0.5702
2026-06-14 17:42:01.767937: Pseudo dice [0.6398, 0.7446]
2026-06-14 17:42:01.769765: Epoch time: 22.9 s
2026-06-14 17:42:02.658971: 
2026-06-14 17:42:02.661163: Epoch 172
2026-06-14 17:42:02.663009: Current learning rate: 0.00844
2026-06-14 17:42:25.481802: train_loss -0.8466
2026-06-14 17:42:25.487230: val_loss -0.5874
2026-06-14 17:42:25.489888: Pseudo dice [0.6586, 0.7387]
2026-06-14 17:42:25.493237: Epoch time: 22.82 s
2026-06-14 17:42:26.415104: 
2026-06-14 17:42:26.420212: Epoch 173
2026-06-14 17:42:26.425133: Current learning rate: 0.00843
2026-06-14 17:42:49.275620: train_loss -0.8323
2026-06-14 17:42:49.281795: val_loss -0.5515
2026-06-14 17:42:49.285417: Pseudo dice [0.7208, 0.7605]
2026-06-14 17:42:49.289994: Epoch time: 22.86 s
2026-06-14 17:42:50.209523: 
2026-06-14 17:42:50.212919: Epoch 174
2026-06-14 17:42:50.216931: Current learning rate: 0.00842
2026-06-14 17:43:13.019326: train_loss -0.8626
2026-06-14 17:43:13.022990: val_loss -0.6555
2026-06-14 17:43:13.025421: Pseudo dice [0.741, 0.8196]
2026-06-14 17:43:13.027575: Epoch time: 22.81 s
2026-06-14 17:43:13.916794: 
2026-06-14 17:43:13.921193: Epoch 175
2026-06-14 17:43:13.924333: Current learning rate: 0.00841
2026-06-14 17:43:36.793775: train_loss -0.8623
2026-06-14 17:43:36.798379: val_loss -0.6252
2026-06-14 17:43:36.800744: Pseudo dice [0.7154, 0.811]
2026-06-14 17:43:36.803149: Epoch time: 22.88 s
2026-06-14 17:43:37.712429: 
2026-06-14 17:43:37.716443: Epoch 176
2026-06-14 17:43:37.720216: Current learning rate: 0.0084
2026-06-14 17:44:00.430679: train_loss -0.8554
2026-06-14 17:44:00.446324: val_loss -0.6402
2026-06-14 17:44:00.448180: Pseudo dice [0.7695, 0.7832]
2026-06-14 17:44:00.449851: Epoch time: 22.72 s
2026-06-14 17:44:01.632812: 
2026-06-14 17:44:01.634923: Epoch 177
2026-06-14 17:44:01.636767: Current learning rate: 0.00839
2026-06-14 17:44:24.447341: train_loss -0.8584
2026-06-14 17:44:24.452186: val_loss -0.6234
2026-06-14 17:44:24.455185: Pseudo dice [0.7315, 0.8121]
2026-06-14 17:44:24.457844: Epoch time: 22.82 s
2026-06-14 17:44:25.346577: 
2026-06-14 17:44:25.348635: Epoch 178
2026-06-14 17:44:25.350483: Current learning rate: 0.00838
2026-06-14 17:44:48.128525: train_loss -0.8494
2026-06-14 17:44:48.133363: val_loss -0.6296
2026-06-14 17:44:48.135440: Pseudo dice [0.7338, 0.8001]
2026-06-14 17:44:48.139327: Epoch time: 22.78 s
2026-06-14 17:44:49.161221: 
2026-06-14 17:44:49.165290: Epoch 179
2026-06-14 17:44:49.173104: Current learning rate: 0.00837
2026-06-14 17:45:12.069660: train_loss -0.8519
2026-06-14 17:45:12.074847: val_loss -0.6625
2026-06-14 17:45:12.078638: Pseudo dice [0.6865, 0.7826]
2026-06-14 17:45:12.082762: Epoch time: 22.91 s
2026-06-14 17:45:12.976196: 
2026-06-14 17:45:12.980157: Epoch 180
2026-06-14 17:45:12.982726: Current learning rate: 0.00836
2026-06-14 17:45:35.657908: train_loss -0.8223
2026-06-14 17:45:35.662550: val_loss -0.5653
2026-06-14 17:45:35.665748: Pseudo dice [0.6207, 0.7392]
2026-06-14 17:45:35.668358: Epoch time: 22.68 s
2026-06-14 17:45:36.559375: 
2026-06-14 17:45:36.561617: Epoch 181
2026-06-14 17:45:36.563958: Current learning rate: 0.00836
2026-06-14 17:45:59.525062: train_loss -0.8305
2026-06-14 17:45:59.536153: val_loss -0.6032
2026-06-14 17:45:59.539941: Pseudo dice [0.72, 0.7794]
2026-06-14 17:45:59.544019: Epoch time: 22.97 s
2026-06-14 17:46:00.440045: 
2026-06-14 17:46:00.444424: Epoch 182
2026-06-14 17:46:00.448300: Current learning rate: 0.00835
2026-06-14 17:46:23.147076: train_loss -0.8288
2026-06-14 17:46:23.152753: val_loss -0.6959
2026-06-14 17:46:23.156476: Pseudo dice [0.7483, 0.7825]
2026-06-14 17:46:23.160720: Epoch time: 22.71 s
2026-06-14 17:46:24.060770: 
2026-06-14 17:46:24.064911: Epoch 183
2026-06-14 17:46:24.068863: Current learning rate: 0.00834
2026-06-14 17:46:47.016892: train_loss -0.8159
2026-06-14 17:46:47.022406: val_loss -0.5558
2026-06-14 17:46:47.025299: Pseudo dice [0.6792, 0.6969]
2026-06-14 17:46:47.027789: Epoch time: 22.96 s
2026-06-14 17:46:47.956024: 
2026-06-14 17:46:47.960583: Epoch 184
2026-06-14 17:46:47.964622: Current learning rate: 0.00833
2026-06-14 17:47:10.736043: train_loss -0.8149
2026-06-14 17:47:10.743270: val_loss -0.6017
2026-06-14 17:47:10.746264: Pseudo dice [0.6986, 0.7359]
2026-06-14 17:47:10.748052: Epoch time: 22.78 s
2026-06-14 17:47:11.634247: 
2026-06-14 17:47:11.637555: Epoch 185
2026-06-14 17:47:11.639759: Current learning rate: 0.00832
2026-06-14 17:47:34.451603: train_loss -0.8251
2026-06-14 17:47:34.456743: val_loss -0.6209
2026-06-14 17:47:34.458754: Pseudo dice [0.7208, 0.7913]
2026-06-14 17:47:34.461619: Epoch time: 22.82 s
2026-06-14 17:47:35.347193: 
2026-06-14 17:47:35.349089: Epoch 186
2026-06-14 17:47:35.351047: Current learning rate: 0.00831
2026-06-14 17:47:58.229557: train_loss -0.8212
2026-06-14 17:47:58.232573: val_loss -0.643
2026-06-14 17:47:58.234537: Pseudo dice [0.7158, 0.807]
2026-06-14 17:47:58.236326: Epoch time: 22.88 s
2026-06-14 17:47:59.122921: 
2026-06-14 17:47:59.124939: Epoch 187
2026-06-14 17:47:59.126664: Current learning rate: 0.0083
2026-06-14 17:48:21.916587: train_loss -0.8388
2026-06-14 17:48:21.921125: val_loss -0.6614
2026-06-14 17:48:21.923282: Pseudo dice [0.692, 0.8159]
2026-06-14 17:48:21.925475: Epoch time: 22.79 s
2026-06-14 17:48:23.112662: 
2026-06-14 17:48:23.114710: Epoch 188
2026-06-14 17:48:23.117058: Current learning rate: 0.00829
2026-06-14 17:48:46.004244: train_loss -0.8423
2026-06-14 17:48:46.008493: val_loss -0.6663
2026-06-14 17:48:46.010752: Pseudo dice [0.761, 0.8261]
2026-06-14 17:48:46.013293: Epoch time: 22.89 s
2026-06-14 17:48:46.896297: 
2026-06-14 17:48:46.900183: Epoch 189
2026-06-14 17:48:46.903889: Current learning rate: 0.00828
2026-06-14 17:49:09.696105: train_loss -0.8417
2026-06-14 17:49:09.701250: val_loss -0.6663
2026-06-14 17:49:09.704617: Pseudo dice [0.7415, 0.8028]
2026-06-14 17:49:09.707534: Epoch time: 22.8 s
2026-06-14 17:49:10.599152: 
2026-06-14 17:49:10.602958: Epoch 190
2026-06-14 17:49:10.605998: Current learning rate: 0.00827
2026-06-14 17:49:33.465245: train_loss -0.848
2026-06-14 17:49:33.469490: val_loss -0.6566
2026-06-14 17:49:33.472874: Pseudo dice [0.7233, 0.8135]
2026-06-14 17:49:33.476445: Epoch time: 22.87 s
2026-06-14 17:49:34.375784: 
2026-06-14 17:49:34.379146: Epoch 191
2026-06-14 17:49:34.383291: Current learning rate: 0.00826
2026-06-14 17:49:57.104773: train_loss -0.8281
2026-06-14 17:49:57.108048: val_loss -0.6119
2026-06-14 17:49:57.109971: Pseudo dice [0.7228, 0.8145]
2026-06-14 17:49:57.111841: Epoch time: 22.73 s
2026-06-14 17:49:58.010040: 
2026-06-14 17:49:58.012493: Epoch 192
2026-06-14 17:49:58.014583: Current learning rate: 0.00825
2026-06-14 17:50:20.896355: train_loss -0.8276
2026-06-14 17:50:20.899245: val_loss -0.6319
2026-06-14 17:50:20.901262: Pseudo dice [0.7347, 0.7704]
2026-06-14 17:50:20.902997: Epoch time: 22.89 s
2026-06-14 17:50:21.782970: 
2026-06-14 17:50:21.785004: Epoch 193
2026-06-14 17:50:21.786659: Current learning rate: 0.00824
2026-06-14 17:50:44.639158: train_loss -0.8377
2026-06-14 17:50:44.650314: val_loss -0.6531
2026-06-14 17:50:44.654532: Pseudo dice [0.7492, 0.8284]
2026-06-14 17:50:44.657708: Epoch time: 22.86 s
2026-06-14 17:50:44.661694: Yayy! New best EMA pseudo Dice: 0.7566
2026-06-14 17:50:46.177454: 
2026-06-14 17:50:46.179747: Epoch 194
2026-06-14 17:50:46.181614: Current learning rate: 0.00824
2026-06-14 17:51:08.899149: train_loss -0.843
2026-06-14 17:51:08.907058: val_loss -0.6365
2026-06-14 17:51:08.910439: Pseudo dice [0.7298, 0.7777]
2026-06-14 17:51:08.912901: Epoch time: 22.72 s
2026-06-14 17:51:09.811809: 
2026-06-14 17:51:09.817152: Epoch 195
2026-06-14 17:51:09.821395: Current learning rate: 0.00823
2026-06-14 17:51:32.598398: train_loss -0.8405
2026-06-14 17:51:32.601967: val_loss -0.7129
2026-06-14 17:51:32.605798: Pseudo dice [0.7539, 0.8066]
2026-06-14 17:51:32.609993: Epoch time: 22.79 s
2026-06-14 17:51:32.613234: Yayy! New best EMA pseudo Dice: 0.7587
2026-06-14 17:51:34.030714: 
2026-06-14 17:51:34.035128: Epoch 196
2026-06-14 17:51:34.038991: Current learning rate: 0.00822
2026-06-14 17:51:56.733431: train_loss -0.8635
2026-06-14 17:51:56.738774: val_loss -0.5539
2026-06-14 17:51:56.741071: Pseudo dice [0.6976, 0.797]
2026-06-14 17:51:56.742868: Epoch time: 22.7 s
2026-06-14 17:51:57.651509: 
2026-06-14 17:51:57.653829: Epoch 197
2026-06-14 17:51:57.658547: Current learning rate: 0.00821
2026-06-14 17:52:20.417783: train_loss -0.8504
2026-06-14 17:52:20.421211: val_loss -0.7052
2026-06-14 17:52:20.423201: Pseudo dice [0.703, 0.821]
2026-06-14 17:52:20.425179: Epoch time: 22.77 s
2026-06-14 17:52:21.324295: 
2026-06-14 17:52:21.326199: Epoch 198
2026-06-14 17:52:21.328127: Current learning rate: 0.0082
2026-06-14 17:52:44.151287: train_loss -0.8414
2026-06-14 17:52:44.154838: val_loss -0.6908
2026-06-14 17:52:44.156726: Pseudo dice [0.7666, 0.8261]
2026-06-14 17:52:44.158677: Epoch time: 22.83 s
2026-06-14 17:52:44.161199: Yayy! New best EMA pseudo Dice: 0.7618
2026-06-14 17:52:45.896594: 
2026-06-14 17:52:45.898839: Epoch 199
2026-06-14 17:52:45.903401: Current learning rate: 0.00819
2026-06-14 17:53:08.637105: train_loss -0.8438
2026-06-14 17:53:08.647510: val_loss -0.6519
2026-06-14 17:53:08.651348: Pseudo dice [0.7041, 0.7791]
2026-06-14 17:53:08.656065: Epoch time: 22.74 s
2026-06-14 17:53:10.019961: 
2026-06-14 17:53:10.023814: Epoch 200
2026-06-14 17:53:10.028164: Current learning rate: 0.00818
2026-06-14 17:53:32.764814: train_loss -0.8487
2026-06-14 17:53:32.769637: val_loss -0.573
2026-06-14 17:53:32.775000: Pseudo dice [0.6669, 0.7344]
2026-06-14 17:53:32.781609: Epoch time: 22.75 s
2026-06-14 17:53:33.685822: 
2026-06-14 17:53:33.689440: Epoch 201
2026-06-14 17:53:33.693257: Current learning rate: 0.00817
2026-06-14 17:53:56.535552: train_loss -0.8354
2026-06-14 17:53:56.542286: val_loss -0.6562
2026-06-14 17:53:56.546377: Pseudo dice [0.7602, 0.7919]
2026-06-14 17:53:56.550345: Epoch time: 22.85 s
2026-06-14 17:53:57.445848: 
2026-06-14 17:53:57.448005: Epoch 202
2026-06-14 17:53:57.450358: Current learning rate: 0.00816
2026-06-14 17:54:20.295585: train_loss -0.8408
2026-06-14 17:54:20.302342: val_loss -0.6011
2026-06-14 17:54:20.305997: Pseudo dice [0.6468, 0.7746]
2026-06-14 17:54:20.308409: Epoch time: 22.85 s
2026-06-14 17:54:21.205309: 
2026-06-14 17:54:21.208186: Epoch 203
2026-06-14 17:54:21.212831: Current learning rate: 0.00815
2026-06-14 17:54:44.368719: train_loss -0.8549
2026-06-14 17:54:44.372479: val_loss -0.5971
2026-06-14 17:54:44.374964: Pseudo dice [0.6946, 0.8069]
2026-06-14 17:54:44.378078: Epoch time: 23.16 s
2026-06-14 17:54:45.268890: 
2026-06-14 17:54:45.270890: Epoch 204
2026-06-14 17:54:45.272723: Current learning rate: 0.00814
2026-06-14 17:55:08.175965: train_loss -0.8545
2026-06-14 17:55:08.185274: val_loss -0.6556
2026-06-14 17:55:08.188871: Pseudo dice [0.7411, 0.7917]
2026-06-14 17:55:08.192282: Epoch time: 22.91 s
2026-06-14 17:55:09.086512: 
2026-06-14 17:55:09.088517: Epoch 205
2026-06-14 17:55:09.090422: Current learning rate: 0.00813
2026-06-14 17:55:31.955669: train_loss -0.8583
2026-06-14 17:55:31.962805: val_loss -0.6771
2026-06-14 17:55:31.964890: Pseudo dice [0.7319, 0.8104]
2026-06-14 17:55:31.966995: Epoch time: 22.87 s
2026-06-14 17:55:32.833416: 
2026-06-14 17:55:32.835551: Epoch 206
2026-06-14 17:55:32.837301: Current learning rate: 0.00813
2026-06-14 17:55:55.643672: train_loss -0.8567
2026-06-14 17:55:55.648313: val_loss -0.6649
2026-06-14 17:55:55.652069: Pseudo dice [0.7309, 0.794]
2026-06-14 17:55:55.656271: Epoch time: 22.81 s
2026-06-14 17:55:56.526206: 
2026-06-14 17:55:56.529032: Epoch 207
2026-06-14 17:55:56.533056: Current learning rate: 0.00812
2026-06-14 17:56:19.274048: train_loss -0.851
2026-06-14 17:56:19.282885: val_loss -0.5621
2026-06-14 17:56:19.287776: Pseudo dice [0.7036, 0.7848]
2026-06-14 17:56:19.292351: Epoch time: 22.75 s
2026-06-14 17:56:20.172422: 
2026-06-14 17:56:20.176145: Epoch 208
2026-06-14 17:56:20.179757: Current learning rate: 0.00811
2026-06-14 17:56:43.064421: train_loss -0.8585
2026-06-14 17:56:43.070760: val_loss -0.6429
2026-06-14 17:56:43.072943: Pseudo dice [0.7265, 0.7967]
2026-06-14 17:56:43.075474: Epoch time: 22.89 s
2026-06-14 17:56:43.951453: 
2026-06-14 17:56:43.953561: Epoch 209
2026-06-14 17:56:43.955580: Current learning rate: 0.0081
2026-06-14 17:57:06.723428: train_loss -0.8431
2026-06-14 17:57:06.726791: val_loss -0.5835
2026-06-14 17:57:06.728778: Pseudo dice [0.6952, 0.737]
2026-06-14 17:57:06.730547: Epoch time: 22.77 s
2026-06-14 17:57:07.598986: 
2026-06-14 17:57:07.601227: Epoch 210
2026-06-14 17:57:07.603881: Current learning rate: 0.00809
2026-06-14 17:57:30.251143: train_loss -0.8386
2026-06-14 17:57:30.254206: val_loss -0.6346
2026-06-14 17:57:30.256323: Pseudo dice [0.7198, 0.7811]
2026-06-14 17:57:30.257990: Epoch time: 22.65 s
2026-06-14 17:57:31.433804: 
2026-06-14 17:57:31.436139: Epoch 211
2026-06-14 17:57:31.437937: Current learning rate: 0.00808
2026-06-14 17:57:54.424786: train_loss -0.8407
2026-06-14 17:57:54.429641: val_loss -0.6194
2026-06-14 17:57:54.431672: Pseudo dice [0.7193, 0.7746]
2026-06-14 17:57:54.433644: Epoch time: 22.99 s
2026-06-14 17:57:55.311948: 
2026-06-14 17:57:55.313898: Epoch 212
2026-06-14 17:57:55.315529: Current learning rate: 0.00807
2026-06-14 17:58:18.067821: train_loss -0.8446
2026-06-14 17:58:18.074317: val_loss -0.667
2026-06-14 17:58:18.078920: Pseudo dice [0.75, 0.7806]
2026-06-14 17:58:18.083195: Epoch time: 22.76 s
2026-06-14 17:58:18.958395: 
2026-06-14 17:58:18.961129: Epoch 213
2026-06-14 17:58:18.964282: Current learning rate: 0.00806
2026-06-14 17:58:41.896291: train_loss -0.8396
2026-06-14 17:58:41.904197: val_loss -0.6285
2026-06-14 17:58:41.910207: Pseudo dice [0.713, 0.7777]
2026-06-14 17:58:41.915599: Epoch time: 22.94 s
2026-06-14 17:58:42.796457: 
2026-06-14 17:58:42.800606: Epoch 214
2026-06-14 17:58:42.805027: Current learning rate: 0.00805
2026-06-14 17:59:05.753269: train_loss -0.8518
2026-06-14 17:59:05.766296: val_loss -0.5837
2026-06-14 17:59:05.768428: Pseudo dice [0.6421, 0.7393]
2026-06-14 17:59:05.770485: Epoch time: 22.96 s
2026-06-14 17:59:06.650052: 
2026-06-14 17:59:06.652226: Epoch 215
2026-06-14 17:59:06.654183: Current learning rate: 0.00804
2026-06-14 17:59:29.640609: train_loss -0.8406
2026-06-14 17:59:29.645577: val_loss -0.5659
2026-06-14 17:59:29.647335: Pseudo dice [0.6654, 0.7464]
2026-06-14 17:59:29.649104: Epoch time: 22.99 s
2026-06-14 17:59:30.546058: 
2026-06-14 17:59:30.549295: Epoch 216
2026-06-14 17:59:30.552371: Current learning rate: 0.00803
2026-06-14 17:59:53.297425: train_loss -0.8587
2026-06-14 17:59:53.306198: val_loss -0.7118
2026-06-14 17:59:53.308893: Pseudo dice [0.771, 0.8156]
2026-06-14 17:59:53.312322: Epoch time: 22.75 s
2026-06-14 17:59:54.186622: 
2026-06-14 17:59:54.188716: Epoch 217
2026-06-14 17:59:54.190681: Current learning rate: 0.00802
2026-06-14 18:00:16.912184: train_loss -0.8643
2026-06-14 18:00:16.917378: val_loss -0.666
2026-06-14 18:00:16.919320: Pseudo dice [0.7459, 0.7955]
2026-06-14 18:00:16.923145: Epoch time: 22.73 s
2026-06-14 18:00:17.790905: 
2026-06-14 18:00:17.792746: Epoch 218
2026-06-14 18:00:17.794423: Current learning rate: 0.00801
2026-06-14 18:00:40.474894: train_loss -0.8643
2026-06-14 18:00:40.479743: val_loss -0.6732
2026-06-14 18:00:40.483104: Pseudo dice [0.7486, 0.8119]
2026-06-14 18:00:40.486946: Epoch time: 22.68 s
2026-06-14 18:00:41.366742: 
2026-06-14 18:00:41.368655: Epoch 219
2026-06-14 18:00:41.370583: Current learning rate: 0.00801
2026-06-14 18:01:04.143621: train_loss -0.865
2026-06-14 18:01:04.146739: val_loss -0.6328
2026-06-14 18:01:04.148777: Pseudo dice [0.7434, 0.8082]
2026-06-14 18:01:04.150613: Epoch time: 22.78 s
2026-06-14 18:01:05.025123: 
2026-06-14 18:01:05.028878: Epoch 220
2026-06-14 18:01:05.033050: Current learning rate: 0.008
2026-06-14 18:01:27.712820: train_loss -0.871
2026-06-14 18:01:27.719184: val_loss -0.6551
2026-06-14 18:01:27.721852: Pseudo dice [0.7271, 0.8288]
2026-06-14 18:01:27.723778: Epoch time: 22.69 s
2026-06-14 18:01:28.601557: 
2026-06-14 18:01:28.604553: Epoch 221
2026-06-14 18:01:28.606494: Current learning rate: 0.00799
2026-06-14 18:01:51.646486: train_loss -0.8266
2026-06-14 18:01:51.649785: val_loss -0.561
2026-06-14 18:01:51.651657: Pseudo dice [0.6912, 0.7184]
2026-06-14 18:01:51.653391: Epoch time: 23.05 s
2026-06-14 18:01:52.517001: 
2026-06-14 18:01:52.519478: Epoch 222
2026-06-14 18:01:52.522066: Current learning rate: 0.00798
2026-06-14 18:02:15.324762: train_loss -0.8534
2026-06-14 18:02:15.328056: val_loss -0.6486
2026-06-14 18:02:15.330187: Pseudo dice [0.725, 0.7813]
2026-06-14 18:02:15.332277: Epoch time: 22.81 s
2026-06-14 18:02:16.489544: 
2026-06-14 18:02:16.498964: Epoch 223
2026-06-14 18:02:16.501516: Current learning rate: 0.00797
2026-06-14 18:02:39.324976: train_loss -0.8563
2026-06-14 18:02:39.334783: val_loss -0.7066
2026-06-14 18:02:39.338551: Pseudo dice [0.7501, 0.8187]
2026-06-14 18:02:39.342456: Epoch time: 22.84 s
2026-06-14 18:02:40.241897: 
2026-06-14 18:02:40.244352: Epoch 224
2026-06-14 18:02:40.246531: Current learning rate: 0.00796
2026-06-14 18:03:03.086785: train_loss -0.8622
2026-06-14 18:03:03.092179: val_loss -0.6066
2026-06-14 18:03:03.095902: Pseudo dice [0.7291, 0.7779]
2026-06-14 18:03:03.100265: Epoch time: 22.85 s
2026-06-14 18:03:03.983521: 
2026-06-14 18:03:03.988022: Epoch 225
2026-06-14 18:03:03.992180: Current learning rate: 0.00795
2026-06-14 18:03:26.884973: train_loss -0.8554
2026-06-14 18:03:26.887808: val_loss -0.6486
2026-06-14 18:03:26.889627: Pseudo dice [0.7368, 0.7525]
2026-06-14 18:03:26.891230: Epoch time: 22.9 s
2026-06-14 18:03:27.824632: 
2026-06-14 18:03:27.828325: Epoch 226
2026-06-14 18:03:27.831559: Current learning rate: 0.00794
2026-06-14 18:03:50.582299: train_loss -0.8433
2026-06-14 18:03:50.589141: val_loss -0.5908
2026-06-14 18:03:50.592487: Pseudo dice [0.6771, 0.8015]
2026-06-14 18:03:50.594662: Epoch time: 22.76 s
2026-06-14 18:03:51.468005: 
2026-06-14 18:03:51.470436: Epoch 227
2026-06-14 18:03:51.472489: Current learning rate: 0.00793
2026-06-14 18:04:14.353507: train_loss -0.8494
2026-06-14 18:04:14.356773: val_loss -0.5683
2026-06-14 18:04:14.358437: Pseudo dice [0.7107, 0.7294]
2026-06-14 18:04:14.360321: Epoch time: 22.89 s
2026-06-14 18:04:15.240801: 
2026-06-14 18:04:15.243759: Epoch 228
2026-06-14 18:04:15.245413: Current learning rate: 0.00792
2026-06-14 18:04:38.111458: train_loss -0.8425
2026-06-14 18:04:38.115801: val_loss -0.6967
2026-06-14 18:04:38.119745: Pseudo dice [0.7379, 0.7823]
2026-06-14 18:04:38.123724: Epoch time: 22.87 s
2026-06-14 18:04:39.000972: 
2026-06-14 18:04:39.005256: Epoch 229
2026-06-14 18:04:39.009157: Current learning rate: 0.00791
2026-06-14 18:05:02.006905: train_loss -0.8467
2026-06-14 18:05:02.011819: val_loss -0.5963
2026-06-14 18:05:02.013919: Pseudo dice [0.6705, 0.7503]
2026-06-14 18:05:02.016104: Epoch time: 23.01 s
2026-06-14 18:05:02.891433: 
2026-06-14 18:05:02.894513: Epoch 230
2026-06-14 18:05:02.897776: Current learning rate: 0.0079
2026-06-14 18:05:25.656447: train_loss -0.8304
2026-06-14 18:05:25.661698: val_loss -0.6724
2026-06-14 18:05:25.664175: Pseudo dice [0.736, 0.7999]
2026-06-14 18:05:25.666626: Epoch time: 22.77 s
2026-06-14 18:05:26.534829: 
2026-06-14 18:05:26.540491: Epoch 231
2026-06-14 18:05:26.549286: Current learning rate: 0.00789
2026-06-14 18:05:49.456521: train_loss -0.8515
2026-06-14 18:05:49.460585: val_loss -0.6769
2026-06-14 18:05:49.462322: Pseudo dice [0.7439, 0.817]
2026-06-14 18:05:49.464680: Epoch time: 22.92 s
2026-06-14 18:05:50.330210: 
2026-06-14 18:05:50.332436: Epoch 232
2026-06-14 18:05:50.334573: Current learning rate: 0.00789
2026-06-14 18:06:13.180416: train_loss -0.8659
2026-06-14 18:06:13.184566: val_loss -0.5934
2026-06-14 18:06:13.186507: Pseudo dice [0.7179, 0.8106]
2026-06-14 18:06:13.188380: Epoch time: 22.85 s
2026-06-14 18:06:14.061554: 
2026-06-14 18:06:14.063426: Epoch 233
2026-06-14 18:06:14.065216: Current learning rate: 0.00788
2026-06-14 18:06:36.948772: train_loss -0.8566
2026-06-14 18:06:36.953102: val_loss -0.5792
2026-06-14 18:06:36.955012: Pseudo dice [0.7259, 0.7642]
2026-06-14 18:06:36.957592: Epoch time: 22.89 s
2026-06-14 18:06:37.829667: 
2026-06-14 18:06:37.831624: Epoch 234
2026-06-14 18:06:37.833461: Current learning rate: 0.00787
2026-06-14 18:07:00.725846: train_loss -0.859
2026-06-14 18:07:00.730623: val_loss -0.6164
2026-06-14 18:07:00.734078: Pseudo dice [0.6976, 0.7906]
2026-06-14 18:07:00.737829: Epoch time: 22.9 s
2026-06-14 18:07:01.943093: 
2026-06-14 18:07:01.945526: Epoch 235
2026-06-14 18:07:01.946968: Current learning rate: 0.00786
2026-06-14 18:07:24.669755: train_loss -0.8563
2026-06-14 18:07:24.680412: val_loss -0.6341
2026-06-14 18:07:24.684464: Pseudo dice [0.7044, 0.7363]
2026-06-14 18:07:24.688168: Epoch time: 22.73 s
2026-06-14 18:07:25.573960: 
2026-06-14 18:07:25.576082: Epoch 236
2026-06-14 18:07:25.577995: Current learning rate: 0.00785
2026-06-14 18:07:48.367497: train_loss -0.8281
2026-06-14 18:07:48.375643: val_loss -0.561
2026-06-14 18:07:48.377814: Pseudo dice [0.6562, 0.791]
2026-06-14 18:07:48.379735: Epoch time: 22.79 s
2026-06-14 18:07:49.309553: 
2026-06-14 18:07:49.315303: Epoch 237
2026-06-14 18:07:49.321308: Current learning rate: 0.00784
2026-06-14 18:08:12.128145: train_loss -0.8466
2026-06-14 18:08:12.131480: val_loss -0.6278
2026-06-14 18:08:12.133319: Pseudo dice [0.7614, 0.8219]
2026-06-14 18:08:12.135062: Epoch time: 22.82 s
2026-06-14 18:08:13.014671: 
2026-06-14 18:08:13.017826: Epoch 238
2026-06-14 18:08:13.019955: Current learning rate: 0.00783
2026-06-14 18:08:35.911343: train_loss -0.8429
2026-06-14 18:08:35.915333: val_loss -0.6614
2026-06-14 18:08:35.917178: Pseudo dice [0.7416, 0.7773]
2026-06-14 18:08:35.918796: Epoch time: 22.9 s
2026-06-14 18:08:36.777791: 
2026-06-14 18:08:36.780083: Epoch 239
2026-06-14 18:08:36.781772: Current learning rate: 0.00782
2026-06-14 18:08:59.469753: train_loss -0.8402
2026-06-14 18:08:59.472444: val_loss -0.6736
2026-06-14 18:08:59.473995: Pseudo dice [0.7607, 0.8024]
2026-06-14 18:08:59.475707: Epoch time: 22.69 s
2026-06-14 18:09:00.345659: 
2026-06-14 18:09:00.352637: Epoch 240
2026-06-14 18:09:00.358376: Current learning rate: 0.00781
2026-06-14 18:09:23.367364: train_loss -0.8474
2026-06-14 18:09:23.382254: val_loss -0.6525
2026-06-14 18:09:23.394370: Pseudo dice [0.7547, 0.8006]
2026-06-14 18:09:23.398085: Epoch time: 23.02 s
2026-06-14 18:09:24.284870: 
2026-06-14 18:09:24.288879: Epoch 241
2026-06-14 18:09:24.294238: Current learning rate: 0.0078
2026-06-14 18:09:47.139668: train_loss -0.8536
2026-06-14 18:09:47.152623: val_loss -0.6982
2026-06-14 18:09:47.158044: Pseudo dice [0.7759, 0.8199]
2026-06-14 18:09:47.164194: Epoch time: 22.86 s
2026-06-14 18:09:48.108935: 
2026-06-14 18:09:48.114141: Epoch 242
2026-06-14 18:09:48.118779: Current learning rate: 0.00779
2026-06-14 18:10:10.995726: train_loss -0.8556
2026-06-14 18:10:11.003990: val_loss -0.6762
2026-06-14 18:10:11.008021: Pseudo dice [0.6863, 0.8084]
2026-06-14 18:10:11.010691: Epoch time: 22.89 s
2026-06-14 18:10:11.968870: 
2026-06-14 18:10:11.975602: Epoch 243
2026-06-14 18:10:11.980729: Current learning rate: 0.00778
2026-06-14 18:10:34.787902: train_loss -0.8575
2026-06-14 18:10:34.790778: val_loss -0.6037
2026-06-14 18:10:34.794846: Pseudo dice [0.7406, 0.7596]
2026-06-14 18:10:34.798728: Epoch time: 22.82 s
2026-06-14 18:10:35.679269: 
2026-06-14 18:10:35.681231: Epoch 244
2026-06-14 18:10:35.683078: Current learning rate: 0.00777
2026-06-14 18:10:58.432384: train_loss -0.8602
2026-06-14 18:10:58.437820: val_loss -0.685
2026-06-14 18:10:58.439693: Pseudo dice [0.7312, 0.8031]
2026-06-14 18:10:58.441519: Epoch time: 22.75 s
2026-06-14 18:10:59.312864: 
2026-06-14 18:10:59.314928: Epoch 245
2026-06-14 18:10:59.316756: Current learning rate: 0.00777
2026-06-14 18:11:22.196460: train_loss -0.8629
2026-06-14 18:11:22.201721: val_loss -0.6464
2026-06-14 18:11:22.206268: Pseudo dice [0.733, 0.8031]
2026-06-14 18:11:22.210632: Epoch time: 22.88 s
2026-06-14 18:11:23.117991: 
2026-06-14 18:11:23.122462: Epoch 246
2026-06-14 18:11:23.127567: Current learning rate: 0.00776
2026-06-14 18:11:45.901878: train_loss -0.8614
2026-06-14 18:11:45.907180: val_loss -0.7128
2026-06-14 18:11:45.911193: Pseudo dice [0.7862, 0.8033]
2026-06-14 18:11:45.914245: Epoch time: 22.78 s
2026-06-14 18:11:45.919001: Yayy! New best EMA pseudo Dice: 0.7637
2026-06-14 18:11:47.311604: 
2026-06-14 18:11:47.315507: Epoch 247
2026-06-14 18:11:47.319956: Current learning rate: 0.00775
2026-06-14 18:12:10.721830: train_loss -0.8568
2026-06-14 18:12:10.729907: val_loss -0.5865
2026-06-14 18:12:10.732580: Pseudo dice [0.7023, 0.771]
2026-06-14 18:12:10.734629: Epoch time: 23.41 s
2026-06-14 18:12:11.642395: 
2026-06-14 18:12:11.645839: Epoch 248
2026-06-14 18:12:11.648210: Current learning rate: 0.00774
2026-06-14 18:12:34.615037: train_loss -0.8428
2026-06-14 18:12:34.618580: val_loss -0.6039
2026-06-14 18:12:34.620447: Pseudo dice [0.7576, 0.7637]
2026-06-14 18:12:34.622273: Epoch time: 22.97 s
2026-06-14 18:12:35.505928: 
2026-06-14 18:12:35.510070: Epoch 249
2026-06-14 18:12:35.512319: Current learning rate: 0.00773
2026-06-14 18:12:58.363936: train_loss -0.8555
2026-06-14 18:12:58.367149: val_loss -0.718
2026-06-14 18:12:58.368855: Pseudo dice [0.7508, 0.7835]
2026-06-14 18:12:58.370543: Epoch time: 22.86 s
2026-06-14 18:12:59.750804: 
2026-06-14 18:12:59.752996: Epoch 250
2026-06-14 18:12:59.754937: Current learning rate: 0.00772
2026-06-14 18:13:22.611869: train_loss -0.8522
2026-06-14 18:13:22.615648: val_loss -0.6938
2026-06-14 18:13:22.617411: Pseudo dice [0.7434, 0.8208]
2026-06-14 18:13:22.619110: Epoch time: 22.86 s
2026-06-14 18:13:23.500782: 
2026-06-14 18:13:23.503285: Epoch 251
2026-06-14 18:13:23.505120: Current learning rate: 0.00771
2026-06-14 18:13:46.369020: train_loss -0.8508
2026-06-14 18:13:46.373529: val_loss -0.5989
2026-06-14 18:13:46.375874: Pseudo dice [0.7575, 0.7597]
2026-06-14 18:13:46.377807: Epoch time: 22.87 s
2026-06-14 18:13:47.265335: 
2026-06-14 18:13:47.267565: Epoch 252
2026-06-14 18:13:47.269803: Current learning rate: 0.0077
2026-06-14 18:14:10.058498: train_loss -0.8458
2026-06-14 18:14:10.062855: val_loss -0.6777
2026-06-14 18:14:10.066910: Pseudo dice [0.7597, 0.7962]
2026-06-14 18:14:10.072442: Epoch time: 22.79 s
2026-06-14 18:14:10.076664: Yayy! New best EMA pseudo Dice: 0.7646
2026-06-14 18:14:11.461630: 
2026-06-14 18:14:11.465838: Epoch 253
2026-06-14 18:14:11.469380: Current learning rate: 0.00769
2026-06-14 18:14:34.344193: train_loss -0.847
2026-06-14 18:14:34.357565: val_loss -0.6404
2026-06-14 18:14:34.362359: Pseudo dice [0.749, 0.7893]
2026-06-14 18:14:34.367510: Epoch time: 22.88 s
2026-06-14 18:14:34.373589: Yayy! New best EMA pseudo Dice: 0.7651
2026-06-14 18:14:35.763685: 
2026-06-14 18:14:35.767860: Epoch 254
2026-06-14 18:14:35.771902: Current learning rate: 0.00768
2026-06-14 18:14:58.467520: train_loss -0.8594
2026-06-14 18:14:58.471483: val_loss -0.6422
2026-06-14 18:14:58.473943: Pseudo dice [0.7734, 0.8132]
2026-06-14 18:14:58.476582: Epoch time: 22.7 s
2026-06-14 18:14:58.478593: Yayy! New best EMA pseudo Dice: 0.7679
2026-06-14 18:14:59.875733: 
2026-06-14 18:14:59.882183: Epoch 255
2026-06-14 18:14:59.888586: Current learning rate: 0.00767
2026-06-14 18:15:22.660826: train_loss -0.8653
2026-06-14 18:15:22.664056: val_loss -0.5537
2026-06-14 18:15:22.668338: Pseudo dice [0.7643, 0.7862]
2026-06-14 18:15:22.670509: Epoch time: 22.79 s
2026-06-14 18:15:22.672745: Yayy! New best EMA pseudo Dice: 0.7686
2026-06-14 18:15:24.108609: 
2026-06-14 18:15:24.112021: Epoch 256
2026-06-14 18:15:24.115865: Current learning rate: 0.00766
2026-06-14 18:15:47.017006: train_loss -0.8522
2026-06-14 18:15:47.021311: val_loss -0.5851
2026-06-14 18:15:47.023328: Pseudo dice [0.7048, 0.7415]
2026-06-14 18:15:47.025009: Epoch time: 22.91 s
2026-06-14 18:15:47.909860: 
2026-06-14 18:15:47.911861: Epoch 257
2026-06-14 18:15:47.913783: Current learning rate: 0.00765
2026-06-14 18:16:10.701031: train_loss -0.8593
2026-06-14 18:16:10.705430: val_loss -0.6018
2026-06-14 18:16:10.707781: Pseudo dice [0.697, 0.7679]
2026-06-14 18:16:10.710029: Epoch time: 22.79 s
2026-06-14 18:16:11.595605: 
2026-06-14 18:16:11.597575: Epoch 258
2026-06-14 18:16:11.599251: Current learning rate: 0.00764
2026-06-14 18:16:34.384491: train_loss -0.8573
2026-06-14 18:16:34.387894: val_loss -0.6746
2026-06-14 18:16:34.389802: Pseudo dice [0.706, 0.8201]
2026-06-14 18:16:34.391836: Epoch time: 22.79 s
2026-06-14 18:16:35.600986: 
2026-06-14 18:16:35.603269: Epoch 259
2026-06-14 18:16:35.605309: Current learning rate: 0.00764
2026-06-14 18:16:58.349567: train_loss -0.8589
2026-06-14 18:16:58.357409: val_loss -0.6805
2026-06-14 18:16:58.362449: Pseudo dice [0.7157, 0.8077]
2026-06-14 18:16:58.366522: Epoch time: 22.75 s
2026-06-14 18:16:59.262731: 
2026-06-14 18:16:59.267024: Epoch 260
2026-06-14 18:16:59.272153: Current learning rate: 0.00763
2026-06-14 18:17:22.119689: train_loss -0.8647
2026-06-14 18:17:22.123473: val_loss -0.6495
2026-06-14 18:17:22.125576: Pseudo dice [0.7623, 0.7998]
2026-06-14 18:17:22.127761: Epoch time: 22.86 s
2026-06-14 18:17:23.049445: 
2026-06-14 18:17:23.053269: Epoch 261
2026-06-14 18:17:23.056952: Current learning rate: 0.00762
2026-06-14 18:17:45.802498: train_loss -0.8661
2026-06-14 18:17:45.807414: val_loss -0.5936
2026-06-14 18:17:45.809235: Pseudo dice [0.7135, 0.793]
2026-06-14 18:17:45.811175: Epoch time: 22.75 s
2026-06-14 18:17:46.747864: 
2026-06-14 18:17:46.750258: Epoch 262
2026-06-14 18:17:46.752089: Current learning rate: 0.00761
2026-06-14 18:18:09.520184: train_loss -0.8675
2026-06-14 18:18:09.524115: val_loss -0.7119
2026-06-14 18:18:09.526504: Pseudo dice [0.76, 0.8116]
2026-06-14 18:18:09.528471: Epoch time: 22.77 s
2026-06-14 18:18:10.411833: 
2026-06-14 18:18:10.413754: Epoch 263
2026-06-14 18:18:10.415457: Current learning rate: 0.0076
2026-06-14 18:18:33.258112: train_loss -0.859
2026-06-14 18:18:33.262191: val_loss -0.5576
2026-06-14 18:18:33.264694: Pseudo dice [0.717, 0.7597]
2026-06-14 18:18:33.266745: Epoch time: 22.85 s
2026-06-14 18:18:34.164869: 
2026-06-14 18:18:34.169267: Epoch 264
2026-06-14 18:18:34.172822: Current learning rate: 0.00759
2026-06-14 18:18:57.040028: train_loss -0.862
2026-06-14 18:18:57.043634: val_loss -0.6243
2026-06-14 18:18:57.046487: Pseudo dice [0.737, 0.8092]
2026-06-14 18:18:57.049631: Epoch time: 22.88 s
2026-06-14 18:18:57.944348: 
2026-06-14 18:18:57.946641: Epoch 265
2026-06-14 18:18:57.949091: Current learning rate: 0.00758
2026-06-14 18:19:20.683112: train_loss -0.8625
2026-06-14 18:19:20.693547: val_loss -0.6305
2026-06-14 18:19:20.697524: Pseudo dice [0.7444, 0.8037]
2026-06-14 18:19:20.701206: Epoch time: 22.74 s
2026-06-14 18:19:21.589659: 
2026-06-14 18:19:21.594096: Epoch 266
2026-06-14 18:19:21.597492: Current learning rate: 0.00757
2026-06-14 18:19:44.412951: train_loss -0.868
2026-06-14 18:19:44.418322: val_loss -0.6518
2026-06-14 18:19:44.420875: Pseudo dice [0.7389, 0.7925]
2026-06-14 18:19:44.424029: Epoch time: 22.82 s
2026-06-14 18:19:45.329760: 
2026-06-14 18:19:45.333490: Epoch 267
2026-06-14 18:19:45.337034: Current learning rate: 0.00756
2026-06-14 18:20:08.129704: train_loss -0.8555
2026-06-14 18:20:08.134865: val_loss -0.5713
2026-06-14 18:20:08.136921: Pseudo dice [0.7032, 0.7316]
2026-06-14 18:20:08.138929: Epoch time: 22.8 s
2026-06-14 18:20:09.077951: 
2026-06-14 18:20:09.080347: Epoch 268
2026-06-14 18:20:09.082108: Current learning rate: 0.00755
2026-06-14 18:20:31.948023: train_loss -0.86
2026-06-14 18:20:31.951861: val_loss -0.6717
2026-06-14 18:20:31.953376: Pseudo dice [0.7336, 0.7874]
2026-06-14 18:20:31.954922: Epoch time: 22.87 s
2026-06-14 18:20:32.845522: 
2026-06-14 18:20:32.847672: Epoch 269
2026-06-14 18:20:32.849426: Current learning rate: 0.00754
2026-06-14 18:20:55.834499: train_loss -0.8555
2026-06-14 18:20:55.837580: val_loss -0.6582
2026-06-14 18:20:55.839270: Pseudo dice [0.6942, 0.8016]
2026-06-14 18:20:55.840982: Epoch time: 22.99 s
2026-06-14 18:20:56.717887: 
2026-06-14 18:20:56.720233: Epoch 270
2026-06-14 18:20:56.722176: Current learning rate: 0.00753
2026-06-14 18:21:19.358707: train_loss -0.8518
2026-06-14 18:21:19.361698: val_loss -0.6196
2026-06-14 18:21:19.364251: Pseudo dice [0.7532, 0.7931]
2026-06-14 18:21:19.366076: Epoch time: 22.64 s
2026-06-14 18:21:20.243299: 
2026-06-14 18:21:20.245121: Epoch 271
2026-06-14 18:21:20.246949: Current learning rate: 0.00752
2026-06-14 18:21:42.971347: train_loss -0.8649
2026-06-14 18:21:42.982006: val_loss -0.5771
2026-06-14 18:21:42.985322: Pseudo dice [0.6557, 0.7774]
2026-06-14 18:21:42.988664: Epoch time: 22.73 s
2026-06-14 18:21:44.172528: 
2026-06-14 18:21:44.176640: Epoch 272
2026-06-14 18:21:44.181047: Current learning rate: 0.00751
2026-06-14 18:22:06.705386: train_loss -0.8634
2026-06-14 18:22:06.708597: val_loss -0.6521
2026-06-14 18:22:06.710280: Pseudo dice [0.7421, 0.8157]
2026-06-14 18:22:06.712097: Epoch time: 22.53 s
2026-06-14 18:22:07.578078: 
2026-06-14 18:22:07.584303: Epoch 273
2026-06-14 18:22:07.588503: Current learning rate: 0.00751
2026-06-14 18:22:30.470422: train_loss -0.8687
2026-06-14 18:22:30.483819: val_loss -0.7039
2026-06-14 18:22:30.489450: Pseudo dice [0.7592, 0.8126]
2026-06-14 18:22:30.493146: Epoch time: 22.89 s
2026-06-14 18:22:31.362876: 
2026-06-14 18:22:31.367595: Epoch 274
2026-06-14 18:22:31.372246: Current learning rate: 0.0075
2026-06-14 18:22:54.197016: train_loss -0.8576
2026-06-14 18:22:54.202721: val_loss -0.6811
2026-06-14 18:22:54.205922: Pseudo dice [0.7373, 0.7967]
2026-06-14 18:22:54.208546: Epoch time: 22.83 s
2026-06-14 18:22:55.073952: 
2026-06-14 18:22:55.081064: Epoch 275
2026-06-14 18:22:55.086655: Current learning rate: 0.00749
2026-06-14 18:23:18.003834: train_loss -0.8635
2026-06-14 18:23:18.007482: val_loss -0.5893
2026-06-14 18:23:18.009287: Pseudo dice [0.7638, 0.8043]
2026-06-14 18:23:18.011112: Epoch time: 22.93 s
2026-06-14 18:23:18.886885: 
2026-06-14 18:23:18.892795: Epoch 276
2026-06-14 18:23:18.894591: Current learning rate: 0.00748
2026-06-14 18:23:41.586973: train_loss -0.864
2026-06-14 18:23:41.597984: val_loss -0.6805
2026-06-14 18:23:41.600287: Pseudo dice [0.7622, 0.811]
2026-06-14 18:23:41.602428: Epoch time: 22.7 s
2026-06-14 18:23:42.468884: 
2026-06-14 18:23:42.470888: Epoch 277
2026-06-14 18:23:42.472659: Current learning rate: 0.00747
2026-06-14 18:24:05.359706: train_loss -0.8661
2026-06-14 18:24:05.364633: val_loss -0.5822
2026-06-14 18:24:05.366837: Pseudo dice [0.7461, 0.8115]
2026-06-14 18:24:05.368994: Epoch time: 22.89 s
2026-06-14 18:24:06.238643: 
2026-06-14 18:24:06.242257: Epoch 278
2026-06-14 18:24:06.245363: Current learning rate: 0.00746
2026-06-14 18:24:29.120540: train_loss -0.8724
2026-06-14 18:24:29.126398: val_loss -0.6721
2026-06-14 18:24:29.129625: Pseudo dice [0.7309, 0.818]
2026-06-14 18:24:29.132404: Epoch time: 22.88 s
2026-06-14 18:24:30.022567: 
2026-06-14 18:24:30.027333: Epoch 279
2026-06-14 18:24:30.031994: Current learning rate: 0.00745
2026-06-14 18:24:52.749740: train_loss -0.8712
2026-06-14 18:24:52.752955: val_loss -0.6788
2026-06-14 18:24:52.754833: Pseudo dice [0.7544, 0.8261]
2026-06-14 18:24:52.756663: Epoch time: 22.73 s
2026-06-14 18:24:52.758548: Yayy! New best EMA pseudo Dice: 0.7702
2026-06-14 18:24:54.117437: 
2026-06-14 18:24:54.121565: Epoch 280
2026-06-14 18:24:54.125574: Current learning rate: 0.00744
2026-06-14 18:25:16.910956: train_loss -0.865
2026-06-14 18:25:16.921442: val_loss -0.622
2026-06-14 18:25:16.923487: Pseudo dice [0.739, 0.7953]
2026-06-14 18:25:16.926285: Epoch time: 22.79 s
2026-06-14 18:25:17.791178: 
2026-06-14 18:25:17.794874: Epoch 281
2026-06-14 18:25:17.798594: Current learning rate: 0.00743
2026-06-14 18:25:40.667458: train_loss -0.8682
2026-06-14 18:25:40.672194: val_loss -0.6438
2026-06-14 18:25:40.674756: Pseudo dice [0.7592, 0.8304]
2026-06-14 18:25:40.676853: Epoch time: 22.88 s
2026-06-14 18:25:40.680429: Yayy! New best EMA pseudo Dice: 0.7724
2026-06-14 18:25:42.039309: 
2026-06-14 18:25:42.041901: Epoch 282
2026-06-14 18:25:42.044885: Current learning rate: 0.00742
2026-06-14 18:26:04.743022: train_loss -0.8734
2026-06-14 18:26:04.746876: val_loss -0.6888
2026-06-14 18:26:04.749613: Pseudo dice [0.7712, 0.8337]
2026-06-14 18:26:04.752236: Epoch time: 22.7 s
2026-06-14 18:26:04.754313: Yayy! New best EMA pseudo Dice: 0.7754
2026-06-14 18:26:06.404254: 
2026-06-14 18:26:06.410595: Epoch 283
2026-06-14 18:26:06.413001: Current learning rate: 0.00741
2026-06-14 18:26:29.372474: train_loss -0.8697
2026-06-14 18:26:29.377903: val_loss -0.6713
2026-06-14 18:26:29.379785: Pseudo dice [0.7832, 0.82]
2026-06-14 18:26:29.382749: Epoch time: 22.97 s
2026-06-14 18:26:29.384685: Yayy! New best EMA pseudo Dice: 0.778
2026-06-14 18:26:30.734669: 
2026-06-14 18:26:30.737473: Epoch 284
2026-06-14 18:26:30.739112: Current learning rate: 0.0074
2026-06-14 18:26:53.954710: train_loss -0.8699
2026-06-14 18:26:53.962565: val_loss -0.6975
2026-06-14 18:26:53.966407: Pseudo dice [0.7659, 0.8233]
2026-06-14 18:26:53.970093: Epoch time: 23.22 s
2026-06-14 18:26:53.973274: Yayy! New best EMA pseudo Dice: 0.7797
2026-06-14 18:26:55.353508: 
2026-06-14 18:26:55.356449: Epoch 285
2026-06-14 18:26:55.358294: Current learning rate: 0.00739
2026-06-14 18:27:18.861100: train_loss -0.8617
2026-06-14 18:27:18.864775: val_loss -0.6959
2026-06-14 18:27:18.868210: Pseudo dice [0.7773, 0.83]
2026-06-14 18:27:18.870858: Epoch time: 23.51 s
2026-06-14 18:27:18.872714: Yayy! New best EMA pseudo Dice: 0.7821
2026-06-14 18:27:20.252107: 
2026-06-14 18:27:20.254345: Epoch 286
2026-06-14 18:27:20.256598: Current learning rate: 0.00738
2026-06-14 18:27:43.991100: train_loss -0.8688
2026-06-14 18:27:43.996403: val_loss -0.6718
2026-06-14 18:27:43.998299: Pseudo dice [0.7567, 0.8285]
2026-06-14 18:27:44.000181: Epoch time: 23.74 s
2026-06-14 18:27:44.002036: Yayy! New best EMA pseudo Dice: 0.7831
2026-06-14 18:27:45.378073: 
2026-06-14 18:27:45.380431: Epoch 287
2026-06-14 18:27:45.382974: Current learning rate: 0.00738
2026-06-14 18:28:08.801414: train_loss -0.8636
2026-06-14 18:28:08.811848: val_loss -0.6569
2026-06-14 18:28:08.817266: Pseudo dice [0.7239, 0.7948]
2026-06-14 18:28:08.822504: Epoch time: 23.42 s
2026-06-14 18:28:09.720388: 
2026-06-14 18:28:09.724442: Epoch 288
2026-06-14 18:28:09.728498: Current learning rate: 0.00737
2026-06-14 18:28:32.699849: train_loss -0.8617
2026-06-14 18:28:32.706411: val_loss -0.6583
2026-06-14 18:28:32.709605: Pseudo dice [0.7488, 0.8132]
2026-06-14 18:28:32.718822: Epoch time: 22.98 s
2026-06-14 18:28:33.611212: 
2026-06-14 18:28:33.614397: Epoch 289
2026-06-14 18:28:33.618930: Current learning rate: 0.00736
2026-06-14 18:28:58.533106: train_loss -0.8615
2026-06-14 18:28:58.546743: val_loss -0.6639
2026-06-14 18:28:58.550591: Pseudo dice [0.7579, 0.7937]
2026-06-14 18:28:58.555057: Epoch time: 24.92 s
2026-06-14 18:28:59.455763: 
2026-06-14 18:28:59.459828: Epoch 290
2026-06-14 18:28:59.464540: Current learning rate: 0.00735
2026-06-14 18:29:22.355233: train_loss -0.8729
2026-06-14 18:29:22.359532: val_loss -0.5902
2026-06-14 18:29:22.362375: Pseudo dice [0.6465, 0.7851]
2026-06-14 18:29:22.366567: Epoch time: 22.9 s
2026-06-14 18:29:23.244541: 
2026-06-14 18:29:23.250517: Epoch 291
2026-06-14 18:29:23.253294: Current learning rate: 0.00734
2026-06-14 18:29:46.103966: train_loss -0.8751
2026-06-14 18:29:46.108106: val_loss -0.6897
2026-06-14 18:29:46.110940: Pseudo dice [0.7543, 0.8173]
2026-06-14 18:29:46.114343: Epoch time: 22.86 s
2026-06-14 18:29:46.991808: 
2026-06-14 18:29:46.993948: Epoch 292
2026-06-14 18:29:46.996453: Current learning rate: 0.00733
2026-06-14 18:30:09.905795: train_loss -0.8752
2026-06-14 18:30:09.909660: val_loss -0.6197
2026-06-14 18:30:09.911554: Pseudo dice [0.7524, 0.7705]
2026-06-14 18:30:09.914036: Epoch time: 22.92 s
2026-06-14 18:30:10.803961: 
2026-06-14 18:30:10.806905: Epoch 293
2026-06-14 18:30:10.809709: Current learning rate: 0.00732
2026-06-14 18:30:33.540880: train_loss -0.8707
2026-06-14 18:30:33.547030: val_loss -0.6503
2026-06-14 18:30:33.549951: Pseudo dice [0.7518, 0.8116]
2026-06-14 18:30:33.552610: Epoch time: 22.74 s
2026-06-14 18:30:34.437697: 
2026-06-14 18:30:34.439775: Epoch 294
2026-06-14 18:30:34.442386: Current learning rate: 0.00731
2026-06-14 18:30:57.160938: train_loss -0.8788
2026-06-14 18:30:57.164638: val_loss -0.6585
2026-06-14 18:30:57.166587: Pseudo dice [0.7567, 0.8113]
2026-06-14 18:30:57.168513: Epoch time: 22.72 s
2026-06-14 18:30:58.372025: 
2026-06-14 18:30:58.374464: Epoch 295
2026-06-14 18:30:58.383357: Current learning rate: 0.0073
2026-06-14 18:31:21.205039: train_loss -0.8698
2026-06-14 18:31:21.215530: val_loss -0.6649
2026-06-14 18:31:21.219199: Pseudo dice [0.7425, 0.8251]
2026-06-14 18:31:21.223235: Epoch time: 22.83 s
2026-06-14 18:31:22.117508: 
2026-06-14 18:31:22.121902: Epoch 296
2026-06-14 18:31:22.125707: Current learning rate: 0.00729
2026-06-14 18:31:45.093053: train_loss -0.8696
2026-06-14 18:31:45.107342: val_loss -0.566
2026-06-14 18:31:45.111100: Pseudo dice [0.7041, 0.7291]
2026-06-14 18:31:45.114577: Epoch time: 22.98 s
2026-06-14 18:31:45.991598: 
2026-06-14 18:31:45.994744: Epoch 297
2026-06-14 18:31:45.999001: Current learning rate: 0.00728
2026-06-14 18:32:08.825935: train_loss -0.8719
2026-06-14 18:32:08.832291: val_loss -0.6165
2026-06-14 18:32:08.838911: Pseudo dice [0.7203, 0.795]
2026-06-14 18:32:08.843953: Epoch time: 22.84 s
2026-06-14 18:32:09.733112: 
2026-06-14 18:32:09.738620: Epoch 298
2026-06-14 18:32:09.744231: Current learning rate: 0.00727
2026-06-14 18:32:32.772051: train_loss -0.8767
2026-06-14 18:32:32.776533: val_loss -0.5376
2026-06-14 18:32:32.779610: Pseudo dice [0.727, 0.7895]
2026-06-14 18:32:32.783630: Epoch time: 23.04 s
2026-06-14 18:32:33.667619: 
2026-06-14 18:32:33.672145: Epoch 299
2026-06-14 18:32:33.677072: Current learning rate: 0.00726
2026-06-14 18:32:56.597845: train_loss -0.877
2026-06-14 18:32:56.604901: val_loss -0.6872
2026-06-14 18:32:56.607512: Pseudo dice [0.7457, 0.7999]
2026-06-14 18:32:56.610306: Epoch time: 22.93 s
2026-06-14 18:32:57.979453: 
2026-06-14 18:32:57.983756: Epoch 300
2026-06-14 18:32:57.988287: Current learning rate: 0.00725
2026-06-14 18:33:20.836740: train_loss -0.8848
2026-06-14 18:33:20.839680: val_loss -0.6662
2026-06-14 18:33:20.841798: Pseudo dice [0.7484, 0.8209]
2026-06-14 18:33:20.843569: Epoch time: 22.86 s
2026-06-14 18:33:21.729834: 
2026-06-14 18:33:21.734634: Epoch 301
2026-06-14 18:33:21.738828: Current learning rate: 0.00724
2026-06-14 18:33:44.530511: train_loss -0.8744
2026-06-14 18:33:44.533374: val_loss -0.6815
2026-06-14 18:33:44.535103: Pseudo dice [0.7453, 0.8217]
2026-06-14 18:33:44.536859: Epoch time: 22.8 s
2026-06-14 18:33:45.417893: 
2026-06-14 18:33:45.420328: Epoch 302
2026-06-14 18:33:45.422223: Current learning rate: 0.00724
2026-06-14 18:34:08.276911: train_loss -0.8782
2026-06-14 18:34:08.284163: val_loss -0.5797
2026-06-14 18:34:08.286444: Pseudo dice [0.7352, 0.7911]
2026-06-14 18:34:08.288697: Epoch time: 22.86 s
2026-06-14 18:34:09.169775: 
2026-06-14 18:34:09.172125: Epoch 303
2026-06-14 18:34:09.174254: Current learning rate: 0.00723
2026-06-14 18:34:31.975961: train_loss -0.885
2026-06-14 18:34:31.980677: val_loss -0.6682
2026-06-14 18:34:31.985422: Pseudo dice [0.7514, 0.8061]
2026-06-14 18:34:31.988159: Epoch time: 22.81 s
2026-06-14 18:34:32.856773: 
2026-06-14 18:34:32.858926: Epoch 304
2026-06-14 18:34:32.861573: Current learning rate: 0.00722
2026-06-14 18:34:55.696598: train_loss -0.8736
2026-06-14 18:34:55.711114: val_loss -0.6415
2026-06-14 18:34:55.716369: Pseudo dice [0.7171, 0.782]
2026-06-14 18:34:55.720842: Epoch time: 22.84 s
2026-06-14 18:34:56.617540: 
2026-06-14 18:34:56.620821: Epoch 305
2026-06-14 18:34:56.624665: Current learning rate: 0.00721
2026-06-14 18:35:19.481766: train_loss -0.8592
2026-06-14 18:35:19.486387: val_loss -0.6601
2026-06-14 18:35:19.491022: Pseudo dice [0.7128, 0.7962]
2026-06-14 18:35:19.495698: Epoch time: 22.87 s
2026-06-14 18:35:20.390270: 
2026-06-14 18:35:20.393043: Epoch 306
2026-06-14 18:35:20.396697: Current learning rate: 0.0072
2026-06-14 18:35:43.241460: train_loss -0.8683
2026-06-14 18:35:43.250326: val_loss -0.677
2026-06-14 18:35:43.256081: Pseudo dice [0.7459, 0.8143]
2026-06-14 18:35:43.260670: Epoch time: 22.85 s
2026-06-14 18:35:44.455735: 
2026-06-14 18:35:44.461573: Epoch 307
2026-06-14 18:35:44.467997: Current learning rate: 0.00719
2026-06-14 18:36:07.328275: train_loss -0.8677
2026-06-14 18:36:07.340137: val_loss -0.5778
2026-06-14 18:36:07.344186: Pseudo dice [0.7057, 0.7673]
2026-06-14 18:36:07.349253: Epoch time: 22.87 s
2026-06-14 18:36:08.234374: 
2026-06-14 18:36:08.236161: Epoch 308
2026-06-14 18:36:08.237828: Current learning rate: 0.00718
2026-06-14 18:36:31.149021: train_loss -0.8608
2026-06-14 18:36:31.152402: val_loss -0.7007
2026-06-14 18:36:31.154470: Pseudo dice [0.7779, 0.8274]
2026-06-14 18:36:31.156925: Epoch time: 22.92 s
2026-06-14 18:36:32.030052: 
2026-06-14 18:36:32.032052: Epoch 309
2026-06-14 18:36:32.033819: Current learning rate: 0.00717
2026-06-14 18:36:55.043547: train_loss -0.8679
2026-06-14 18:36:55.046820: val_loss -0.664
2026-06-14 18:36:55.049254: Pseudo dice [0.7495, 0.8135]
2026-06-14 18:36:55.051276: Epoch time: 23.01 s
2026-06-14 18:36:55.936632: 
2026-06-14 18:36:55.938967: Epoch 310
2026-06-14 18:36:55.941318: Current learning rate: 0.00716
2026-06-14 18:37:18.956157: train_loss -0.8806
2026-06-14 18:37:18.962866: val_loss -0.7326
2026-06-14 18:37:18.965977: Pseudo dice [0.7708, 0.8217]
2026-06-14 18:37:18.969151: Epoch time: 23.02 s
2026-06-14 18:37:19.838784: 
2026-06-14 18:37:19.840577: Epoch 311
2026-06-14 18:37:19.842633: Current learning rate: 0.00715
2026-06-14 18:37:42.641189: train_loss -0.8818
2026-06-14 18:37:42.644451: val_loss -0.6879
2026-06-14 18:37:42.646314: Pseudo dice [0.758, 0.8186]
2026-06-14 18:37:42.648553: Epoch time: 22.8 s
2026-06-14 18:37:43.537939: 
2026-06-14 18:37:43.539813: Epoch 312
2026-06-14 18:37:43.541592: Current learning rate: 0.00714
2026-06-14 18:38:06.310307: train_loss -0.873
2026-06-14 18:38:06.315632: val_loss -0.6885
2026-06-14 18:38:06.318577: Pseudo dice [0.7596, 0.8216]
2026-06-14 18:38:06.321241: Epoch time: 22.77 s
2026-06-14 18:38:07.204456: 
2026-06-14 18:38:07.206352: Epoch 313
2026-06-14 18:38:07.208284: Current learning rate: 0.00713
2026-06-14 18:38:29.892376: train_loss -0.8744
2026-06-14 18:38:29.896623: val_loss -0.6358
2026-06-14 18:38:29.898277: Pseudo dice [0.7542, 0.8032]
2026-06-14 18:38:29.900130: Epoch time: 22.69 s
2026-06-14 18:38:30.788407: 
2026-06-14 18:38:30.791353: Epoch 314
2026-06-14 18:38:30.793381: Current learning rate: 0.00712
2026-06-14 18:38:53.744977: train_loss -0.8738
2026-06-14 18:38:53.748395: val_loss -0.6935
2026-06-14 18:38:53.750298: Pseudo dice [0.7603, 0.8145]
2026-06-14 18:38:53.751977: Epoch time: 22.96 s
2026-06-14 18:38:54.629933: 
2026-06-14 18:38:54.632818: Epoch 315
2026-06-14 18:38:54.635072: Current learning rate: 0.00711
2026-06-14 18:39:17.474816: train_loss -0.8809
2026-06-14 18:39:17.479185: val_loss -0.6311
2026-06-14 18:39:17.483856: Pseudo dice [0.7631, 0.8396]
2026-06-14 18:39:17.487803: Epoch time: 22.85 s
2026-06-14 18:39:18.381505: 
2026-06-14 18:39:18.387209: Epoch 316
2026-06-14 18:39:18.392792: Current learning rate: 0.0071
2026-06-14 18:39:41.036232: train_loss -0.8772
2026-06-14 18:39:41.048905: val_loss -0.6892
2026-06-14 18:39:41.053607: Pseudo dice [0.7806, 0.8246]
2026-06-14 18:39:41.058949: Epoch time: 22.66 s
2026-06-14 18:39:41.948026: 
2026-06-14 18:39:41.951427: Epoch 317
2026-06-14 18:39:41.955382: Current learning rate: 0.0071
2026-06-14 18:40:04.726175: train_loss -0.8762
2026-06-14 18:40:04.730588: val_loss -0.7028
2026-06-14 18:40:04.735021: Pseudo dice [0.7977, 0.8465]
2026-06-14 18:40:04.740622: Epoch time: 22.78 s
2026-06-14 18:40:04.745502: Yayy! New best EMA pseudo Dice: 0.7862
2026-06-14 18:40:06.111164: 
2026-06-14 18:40:06.113386: Epoch 318
2026-06-14 18:40:06.115402: Current learning rate: 0.00709
2026-06-14 18:40:28.827761: train_loss -0.8789
2026-06-14 18:40:28.833115: val_loss -0.6657
2026-06-14 18:40:28.837973: Pseudo dice [0.7654, 0.8103]
2026-06-14 18:40:28.842899: Epoch time: 22.72 s
2026-06-14 18:40:28.847560: Yayy! New best EMA pseudo Dice: 0.7864
2026-06-14 18:40:30.538049: 
2026-06-14 18:40:30.544672: Epoch 319
2026-06-14 18:40:30.552114: Current learning rate: 0.00708
2026-06-14 18:40:53.312116: train_loss -0.8834
2026-06-14 18:40:53.316521: val_loss -0.6654
2026-06-14 18:40:53.318348: Pseudo dice [0.7473, 0.799]
2026-06-14 18:40:53.320374: Epoch time: 22.77 s
2026-06-14 18:40:54.189253: 
2026-06-14 18:40:54.191960: Epoch 320
2026-06-14 18:40:54.201439: Current learning rate: 0.00707
2026-06-14 18:41:16.874759: train_loss -0.8577
2026-06-14 18:41:16.881172: val_loss -0.5914
2026-06-14 18:41:16.883259: Pseudo dice [0.6842, 0.7872]
2026-06-14 18:41:16.885638: Epoch time: 22.69 s
2026-06-14 18:41:17.755796: 
2026-06-14 18:41:17.757691: Epoch 321
2026-06-14 18:41:17.759556: Current learning rate: 0.00706
2026-06-14 18:41:40.578094: train_loss -0.838
2026-06-14 18:41:40.584347: val_loss -0.5557
2026-06-14 18:41:40.587957: Pseudo dice [0.7261, 0.7053]
2026-06-14 18:41:40.589977: Epoch time: 22.82 s
2026-06-14 18:41:41.483811: 
2026-06-14 18:41:41.485626: Epoch 322
2026-06-14 18:41:41.487601: Current learning rate: 0.00705
2026-06-14 18:42:04.551751: train_loss -0.8429
2026-06-14 18:42:04.555789: val_loss -0.6057
2026-06-14 18:42:04.557950: Pseudo dice [0.7369, 0.7072]
2026-06-14 18:42:04.560005: Epoch time: 23.07 s
2026-06-14 18:42:05.466855: 
2026-06-14 18:42:05.469111: Epoch 323
2026-06-14 18:42:05.471548: Current learning rate: 0.00704
2026-06-14 18:42:28.397695: train_loss -0.8377
2026-06-14 18:42:28.401434: val_loss -0.5541
2026-06-14 18:42:28.403364: Pseudo dice [0.6909, 0.7052]
2026-06-14 18:42:28.405650: Epoch time: 22.93 s
2026-06-14 18:42:29.271526: 
2026-06-14 18:42:29.273724: Epoch 324
2026-06-14 18:42:29.275559: Current learning rate: 0.00703
2026-06-14 18:42:52.037420: train_loss -0.8409
2026-06-14 18:42:52.041767: val_loss -0.6422
2026-06-14 18:42:52.043530: Pseudo dice [0.7252, 0.7655]
2026-06-14 18:42:52.046487: Epoch time: 22.77 s
2026-06-14 18:42:52.946044: 
2026-06-14 18:42:52.948017: Epoch 325
2026-06-14 18:42:52.950429: Current learning rate: 0.00702
2026-06-14 18:43:15.834395: train_loss -0.8639
2026-06-14 18:43:15.839499: val_loss -0.6381
2026-06-14 18:43:15.841523: Pseudo dice [0.7699, 0.8108]
2026-06-14 18:43:15.845132: Epoch time: 22.89 s
2026-06-14 18:43:16.711550: 
2026-06-14 18:43:16.713247: Epoch 326
2026-06-14 18:43:16.714935: Current learning rate: 0.00701
2026-06-14 18:43:39.476041: train_loss -0.867
2026-06-14 18:43:39.481197: val_loss -0.6764
2026-06-14 18:43:39.485134: Pseudo dice [0.7456, 0.7885]
2026-06-14 18:43:39.488827: Epoch time: 22.77 s
2026-06-14 18:43:40.366525: 
2026-06-14 18:43:40.370645: Epoch 327
2026-06-14 18:43:40.373311: Current learning rate: 0.007
2026-06-14 18:44:03.199634: train_loss -0.8458
2026-06-14 18:44:03.204470: val_loss -0.6085
2026-06-14 18:44:03.206659: Pseudo dice [0.7232, 0.7194]
2026-06-14 18:44:03.208434: Epoch time: 22.83 s
2026-06-14 18:44:04.077835: 
2026-06-14 18:44:04.079693: Epoch 328
2026-06-14 18:44:04.084221: Current learning rate: 0.00699
2026-06-14 18:44:27.036023: train_loss -0.8566
2026-06-14 18:44:27.040544: val_loss -0.6664
2026-06-14 18:44:27.044510: Pseudo dice [0.7188, 0.7936]
2026-06-14 18:44:27.049648: Epoch time: 22.96 s
2026-06-14 18:44:27.928103: 
2026-06-14 18:44:27.931998: Epoch 329
2026-06-14 18:44:27.935703: Current learning rate: 0.00698
2026-06-14 18:44:50.557040: train_loss -0.8599
2026-06-14 18:44:50.559636: val_loss -0.6126
2026-06-14 18:44:50.561162: Pseudo dice [0.7041, 0.8051]
2026-06-14 18:44:50.562745: Epoch time: 22.63 s
2026-06-14 18:44:51.735782: 
2026-06-14 18:44:51.739395: Epoch 330
2026-06-14 18:44:51.742835: Current learning rate: 0.00697
2026-06-14 18:45:14.456254: train_loss -0.846
2026-06-14 18:45:14.467592: val_loss -0.5605
2026-06-14 18:45:14.471575: Pseudo dice [0.7175, 0.7919]
2026-06-14 18:45:14.477599: Epoch time: 22.72 s
2026-06-14 18:45:15.350269: 
2026-06-14 18:45:15.352889: Epoch 331
2026-06-14 18:45:15.355277: Current learning rate: 0.00696
2026-06-14 18:45:38.071915: train_loss -0.8594
2026-06-14 18:45:38.074966: val_loss -0.6813
2026-06-14 18:45:38.077007: Pseudo dice [0.7715, 0.8406]
2026-06-14 18:45:38.079450: Epoch time: 22.72 s
2026-06-14 18:45:38.948625: 
2026-06-14 18:45:38.958374: Epoch 332
2026-06-14 18:45:38.969131: Current learning rate: 0.00696
2026-06-14 18:46:01.835048: train_loss -0.8569
2026-06-14 18:46:01.840771: val_loss -0.5722
2026-06-14 18:46:01.843091: Pseudo dice [0.719, 0.7341]
2026-06-14 18:46:01.845044: Epoch time: 22.89 s
2026-06-14 18:46:02.716493: 
2026-06-14 18:46:02.718385: Epoch 333
2026-06-14 18:46:02.720105: Current learning rate: 0.00695
2026-06-14 18:46:25.473995: train_loss -0.8424
2026-06-14 18:46:25.478075: val_loss -0.6741
2026-06-14 18:46:25.480049: Pseudo dice [0.7641, 0.799]
2026-06-14 18:46:25.481993: Epoch time: 22.76 s
2026-06-14 18:46:26.359235: 
2026-06-14 18:46:26.362302: Epoch 334
2026-06-14 18:46:26.365281: Current learning rate: 0.00694
2026-06-14 18:46:49.189944: train_loss -0.8383
2026-06-14 18:46:49.192648: val_loss -0.651
2026-06-14 18:46:49.194471: Pseudo dice [0.7559, 0.8091]
2026-06-14 18:46:49.196145: Epoch time: 22.83 s
2026-06-14 18:46:50.068456: 
2026-06-14 18:46:50.070571: Epoch 335
2026-06-14 18:46:50.072528: Current learning rate: 0.00693
2026-06-14 18:47:12.899122: train_loss -0.8524
2026-06-14 18:47:12.903310: val_loss -0.635
2026-06-14 18:47:12.905421: Pseudo dice [0.7587, 0.8046]
2026-06-14 18:47:12.908295: Epoch time: 22.83 s
2026-06-14 18:47:13.791983: 
2026-06-14 18:47:13.794901: Epoch 336
2026-06-14 18:47:13.799051: Current learning rate: 0.00692
2026-06-14 18:47:36.671486: train_loss -0.8456
2026-06-14 18:47:36.679725: val_loss -0.6026
2026-06-14 18:47:36.682307: Pseudo dice [0.7193, 0.7788]
2026-06-14 18:47:36.685299: Epoch time: 22.88 s
2026-06-14 18:47:37.562237: 
2026-06-14 18:47:37.564402: Epoch 337
2026-06-14 18:47:37.566501: Current learning rate: 0.00691
2026-06-14 18:48:00.429569: train_loss -0.8499
2026-06-14 18:48:00.434737: val_loss -0.6653
2026-06-14 18:48:00.439142: Pseudo dice [0.7452, 0.7863]
2026-06-14 18:48:00.442915: Epoch time: 22.87 s
2026-06-14 18:48:01.318030: 
2026-06-14 18:48:01.321061: Epoch 338
2026-06-14 18:48:01.323279: Current learning rate: 0.0069
2026-06-14 18:48:24.245400: train_loss -0.8487
2026-06-14 18:48:24.251595: val_loss -0.5899
2026-06-14 18:48:24.253337: Pseudo dice [0.6835, 0.7768]
2026-06-14 18:48:24.255781: Epoch time: 22.93 s
2026-06-14 18:48:25.144413: 
2026-06-14 18:48:25.148851: Epoch 339
2026-06-14 18:48:25.153595: Current learning rate: 0.00689
2026-06-14 18:48:47.963933: train_loss -0.8609
2026-06-14 18:48:47.970311: val_loss -0.6247
2026-06-14 18:48:47.974175: Pseudo dice [0.7346, 0.7655]
2026-06-14 18:48:47.979212: Epoch time: 22.82 s
2026-06-14 18:48:48.877275: 
2026-06-14 18:48:48.881410: Epoch 340
2026-06-14 18:48:48.885571: Current learning rate: 0.00688
2026-06-14 18:49:11.521440: train_loss -0.8622
2026-06-14 18:49:11.524419: val_loss -0.6438
2026-06-14 18:49:11.526562: Pseudo dice [0.7466, 0.8195]
2026-06-14 18:49:11.528786: Epoch time: 22.65 s
2026-06-14 18:49:12.414173: 
2026-06-14 18:49:12.418314: Epoch 341
2026-06-14 18:49:12.424068: Current learning rate: 0.00687
2026-06-14 18:49:35.254007: train_loss -0.855
2026-06-14 18:49:35.258239: val_loss -0.674
2026-06-14 18:49:35.260020: Pseudo dice [0.7158, 0.7993]
2026-06-14 18:49:35.261831: Epoch time: 22.84 s
2026-06-14 18:49:36.142810: 
2026-06-14 18:49:36.145015: Epoch 342
2026-06-14 18:49:36.147185: Current learning rate: 0.00686
2026-06-14 18:49:59.012005: train_loss -0.8516
2026-06-14 18:49:59.015153: val_loss -0.6787
2026-06-14 18:49:59.022370: Pseudo dice [0.7382, 0.8059]
2026-06-14 18:49:59.026160: Epoch time: 22.87 s
2026-06-14 18:50:00.226734: 
2026-06-14 18:50:00.228879: Epoch 343
2026-06-14 18:50:00.230849: Current learning rate: 0.00685
2026-06-14 18:50:22.833968: train_loss -0.8611
2026-06-14 18:50:22.837969: val_loss -0.6961
2026-06-14 18:50:22.839921: Pseudo dice [0.7792, 0.832]
2026-06-14 18:50:22.841856: Epoch time: 22.61 s
2026-06-14 18:50:23.721077: 
2026-06-14 18:50:23.723153: Epoch 344
2026-06-14 18:50:23.724938: Current learning rate: 0.00684
2026-06-14 18:50:46.626688: train_loss -0.8617
2026-06-14 18:50:46.630857: val_loss -0.6766
2026-06-14 18:50:46.632498: Pseudo dice [0.7674, 0.8104]
2026-06-14 18:50:46.635605: Epoch time: 22.91 s
2026-06-14 18:50:47.514841: 
2026-06-14 18:50:47.517379: Epoch 345
2026-06-14 18:50:47.519761: Current learning rate: 0.00683
2026-06-14 18:51:10.151719: train_loss -0.8705
2026-06-14 18:51:10.156614: val_loss -0.6459
2026-06-14 18:51:10.158684: Pseudo dice [0.7799, 0.782]
2026-06-14 18:51:10.160731: Epoch time: 22.64 s
2026-06-14 18:51:11.035789: 
2026-06-14 18:51:11.038105: Epoch 346
2026-06-14 18:51:11.039922: Current learning rate: 0.00682
2026-06-14 18:51:34.029130: train_loss -0.8759
2026-06-14 18:51:34.032241: val_loss -0.6146
2026-06-14 18:51:34.034069: Pseudo dice [0.7364, 0.7763]
2026-06-14 18:51:34.036012: Epoch time: 22.99 s
2026-06-14 18:51:34.920062: 
2026-06-14 18:51:34.926665: Epoch 347
2026-06-14 18:51:34.931801: Current learning rate: 0.00681
2026-06-14 18:51:57.818091: train_loss -0.87
2026-06-14 18:51:57.821035: val_loss -0.631
2026-06-14 18:51:57.822796: Pseudo dice [0.7681, 0.8204]
2026-06-14 18:51:57.825540: Epoch time: 22.9 s
2026-06-14 18:51:58.703479: 
2026-06-14 18:51:58.705597: Epoch 348
2026-06-14 18:51:58.707541: Current learning rate: 0.0068
2026-06-14 18:52:21.610552: train_loss -0.8705
2026-06-14 18:52:21.616052: val_loss -0.6485
2026-06-14 18:52:21.618494: Pseudo dice [0.7518, 0.7988]
2026-06-14 18:52:21.620791: Epoch time: 22.91 s
2026-06-14 18:52:22.504432: 
2026-06-14 18:52:22.506527: Epoch 349
2026-06-14 18:52:22.508131: Current learning rate: 0.0068
2026-06-14 18:52:45.375906: train_loss -0.8723
2026-06-14 18:52:45.378974: val_loss -0.7193
2026-06-14 18:52:45.383058: Pseudo dice [0.783, 0.8265]
2026-06-14 18:52:45.385915: Epoch time: 22.87 s
2026-06-14 18:52:46.755633: 
2026-06-14 18:52:46.758029: Epoch 350
2026-06-14 18:52:46.759969: Current learning rate: 0.00679
2026-06-14 18:53:09.573028: train_loss -0.8837
2026-06-14 18:53:09.575740: val_loss -0.6649
2026-06-14 18:53:09.578314: Pseudo dice [0.7614, 0.8106]
2026-06-14 18:53:09.580260: Epoch time: 22.82 s
2026-06-14 18:53:10.453433: 
2026-06-14 18:53:10.457163: Epoch 351
2026-06-14 18:53:10.460986: Current learning rate: 0.00678
2026-06-14 18:53:33.164728: train_loss -0.8872
2026-06-14 18:53:33.189132: val_loss -0.6927
2026-06-14 18:53:33.191906: Pseudo dice [0.778, 0.815]
2026-06-14 18:53:33.194448: Epoch time: 22.71 s
2026-06-14 18:53:34.077581: 
2026-06-14 18:53:34.080009: Epoch 352
2026-06-14 18:53:34.082781: Current learning rate: 0.00677
2026-06-14 18:53:57.010953: train_loss -0.8796
2026-06-14 18:53:57.014230: val_loss -0.6624
2026-06-14 18:53:57.016493: Pseudo dice [0.7587, 0.8043]
2026-06-14 18:53:57.018808: Epoch time: 22.93 s
2026-06-14 18:53:57.892650: 
2026-06-14 18:53:57.895981: Epoch 353
2026-06-14 18:53:57.899345: Current learning rate: 0.00676
2026-06-14 18:54:20.690894: train_loss -0.8813
2026-06-14 18:54:20.694437: val_loss -0.6974
2026-06-14 18:54:20.696299: Pseudo dice [0.7647, 0.8198]
2026-06-14 18:54:20.698134: Epoch time: 22.8 s
2026-06-14 18:54:21.581170: 
2026-06-14 18:54:21.583084: Epoch 354
2026-06-14 18:54:21.584933: Current learning rate: 0.00675
2026-06-14 18:54:44.833809: train_loss -0.8837
2026-06-14 18:54:44.838647: val_loss -0.6849
2026-06-14 18:54:44.840349: Pseudo dice [0.7526, 0.8343]
2026-06-14 18:54:44.842104: Epoch time: 23.25 s
2026-06-14 18:54:45.721824: 
2026-06-14 18:54:45.723972: Epoch 355
2026-06-14 18:54:45.726983: Current learning rate: 0.00674
2026-06-14 18:55:08.575047: train_loss -0.877
2026-06-14 18:55:08.578954: val_loss -0.6806
2026-06-14 18:55:08.581124: Pseudo dice [0.7664, 0.8247]
2026-06-14 18:55:08.582975: Epoch time: 22.85 s
2026-06-14 18:55:09.460895: 
2026-06-14 18:55:09.463174: Epoch 356
2026-06-14 18:55:09.465644: Current learning rate: 0.00673
2026-06-14 18:55:32.305520: train_loss -0.8791
2026-06-14 18:55:32.312310: val_loss -0.6962
2026-06-14 18:55:32.314549: Pseudo dice [0.7911, 0.848]
2026-06-14 18:55:32.316392: Epoch time: 22.85 s
2026-06-14 18:55:33.193767: 
2026-06-14 18:55:33.195855: Epoch 357
2026-06-14 18:55:33.198281: Current learning rate: 0.00672
2026-06-14 18:55:55.932274: train_loss -0.8587
2026-06-14 18:55:55.936992: val_loss -0.5689
2026-06-14 18:55:55.939250: Pseudo dice [0.7016, 0.7098]
2026-06-14 18:55:55.941205: Epoch time: 22.74 s
2026-06-14 18:55:56.842010: 
2026-06-14 18:55:56.845191: Epoch 358
2026-06-14 18:55:56.849123: Current learning rate: 0.00671
2026-06-14 18:56:19.906251: train_loss -0.8558
2026-06-14 18:56:19.913142: val_loss -0.589
2026-06-14 18:56:19.929574: Pseudo dice [0.7129, 0.7667]
2026-06-14 18:56:19.932823: Epoch time: 23.07 s
2026-06-14 18:56:20.813019: 
2026-06-14 18:56:20.816912: Epoch 359
2026-06-14 18:56:20.821011: Current learning rate: 0.0067
2026-06-14 18:56:43.679821: train_loss -0.8678
2026-06-14 18:56:43.682838: val_loss -0.6287
2026-06-14 18:56:43.684901: Pseudo dice [0.7367, 0.8006]
2026-06-14 18:56:43.686612: Epoch time: 22.87 s
2026-06-14 18:56:44.566644: 
2026-06-14 18:56:44.568426: Epoch 360
2026-06-14 18:56:44.570174: Current learning rate: 0.00669
2026-06-14 18:57:07.342604: train_loss -0.8811
2026-06-14 18:57:07.357918: val_loss -0.6579
2026-06-14 18:57:07.366943: Pseudo dice [0.7539, 0.8159]
2026-06-14 18:57:07.371568: Epoch time: 22.78 s
2026-06-14 18:57:08.270448: 
2026-06-14 18:57:08.273705: Epoch 361
2026-06-14 18:57:08.278886: Current learning rate: 0.00668
2026-06-14 18:57:31.086864: train_loss -0.8823
2026-06-14 18:57:31.091023: val_loss -0.6193
2026-06-14 18:57:31.094247: Pseudo dice [0.7353, 0.8158]
2026-06-14 18:57:31.096940: Epoch time: 22.82 s
2026-06-14 18:57:31.991920: 
2026-06-14 18:57:31.993603: Epoch 362
2026-06-14 18:57:31.995267: Current learning rate: 0.00667
2026-06-14 18:57:54.798911: train_loss -0.8764
2026-06-14 18:57:54.803576: val_loss -0.6064
2026-06-14 18:57:54.806972: Pseudo dice [0.7023, 0.801]
2026-06-14 18:57:54.810187: Epoch time: 22.81 s
2026-06-14 18:57:55.705274: 
2026-06-14 18:57:55.709182: Epoch 363
2026-06-14 18:57:55.712517: Current learning rate: 0.00666
2026-06-14 18:58:18.664220: train_loss -0.874
2026-06-14 18:58:18.674312: val_loss -0.6178
2026-06-14 18:58:18.679064: Pseudo dice [0.7496, 0.7704]
2026-06-14 18:58:18.682366: Epoch time: 22.96 s
2026-06-14 18:58:19.567784: 
2026-06-14 18:58:19.570313: Epoch 364
2026-06-14 18:58:19.573199: Current learning rate: 0.00665
2026-06-14 18:58:42.507241: train_loss -0.868
2026-06-14 18:58:42.510125: val_loss -0.6302
2026-06-14 18:58:42.511989: Pseudo dice [0.7395, 0.7696]
2026-06-14 18:58:42.513717: Epoch time: 22.94 s
2026-06-14 18:58:43.392169: 
2026-06-14 18:58:43.394325: Epoch 365
2026-06-14 18:58:43.396397: Current learning rate: 0.00665
2026-06-14 18:59:06.368539: train_loss -0.847
2026-06-14 18:59:06.372055: val_loss -0.5413
2026-06-14 18:59:06.373902: Pseudo dice [0.7155, 0.8013]
2026-06-14 18:59:06.375540: Epoch time: 22.98 s
2026-06-14 18:59:07.551215: 
2026-06-14 18:59:07.552900: Epoch 366
2026-06-14 18:59:07.554614: Current learning rate: 0.00664
2026-06-14 18:59:30.460006: train_loss -0.8431
2026-06-14 18:59:30.466321: val_loss -0.6104
2026-06-14 18:59:30.469872: Pseudo dice [0.6647, 0.7889]
2026-06-14 18:59:30.471899: Epoch time: 22.91 s
2026-06-14 18:59:31.351519: 
2026-06-14 18:59:31.353398: Epoch 367
2026-06-14 18:59:31.355205: Current learning rate: 0.00663
2026-06-14 18:59:54.613346: train_loss -0.8556
2026-06-14 18:59:54.616454: val_loss -0.7022
2026-06-14 18:59:54.618545: Pseudo dice [0.7538, 0.817]
2026-06-14 18:59:54.620669: Epoch time: 23.26 s
2026-06-14 18:59:55.519734: 
2026-06-14 18:59:55.521585: Epoch 368
2026-06-14 18:59:55.523613: Current learning rate: 0.00662
2026-06-14 19:00:19.600177: train_loss -0.8621
2026-06-14 19:00:19.606807: val_loss -0.6365
2026-06-14 19:00:19.610054: Pseudo dice [0.7293, 0.8114]
2026-06-14 19:00:19.612805: Epoch time: 24.08 s
2026-06-14 19:00:20.516888: 
2026-06-14 19:00:20.518939: Epoch 369
2026-06-14 19:00:20.521326: Current learning rate: 0.00661
2026-06-14 19:00:44.384665: train_loss -0.8747
2026-06-14 19:00:44.388633: val_loss -0.6574
2026-06-14 19:00:44.390550: Pseudo dice [0.7072, 0.8065]
2026-06-14 19:00:44.392401: Epoch time: 23.87 s
2026-06-14 19:00:45.270134: 
2026-06-14 19:00:45.272065: Epoch 370
2026-06-14 19:00:45.273798: Current learning rate: 0.0066
2026-06-14 19:01:08.749102: train_loss -0.8705
2026-06-14 19:01:08.752539: val_loss -0.6776
2026-06-14 19:01:08.754481: Pseudo dice [0.745, 0.8241]
2026-06-14 19:01:08.756828: Epoch time: 23.48 s
2026-06-14 19:01:09.632601: 
2026-06-14 19:01:09.634328: Epoch 371
2026-06-14 19:01:09.635939: Current learning rate: 0.00659
2026-06-14 19:01:33.053906: train_loss -0.8758
2026-06-14 19:01:33.058937: val_loss -0.6244
2026-06-14 19:01:33.060562: Pseudo dice [0.7124, 0.8007]
2026-06-14 19:01:33.062165: Epoch time: 23.42 s
2026-06-14 19:01:33.941854: 
2026-06-14 19:01:33.943990: Epoch 372
2026-06-14 19:01:33.945500: Current learning rate: 0.00658
2026-06-14 19:01:56.804791: train_loss -0.8406
2026-06-14 19:01:56.808547: val_loss -0.7075
2026-06-14 19:01:56.810151: Pseudo dice [0.7613, 0.8122]
2026-06-14 19:01:56.812370: Epoch time: 22.86 s
2026-06-14 19:01:57.698825: 
2026-06-14 19:01:57.700505: Epoch 373
2026-06-14 19:01:57.702023: Current learning rate: 0.00657
2026-06-14 19:02:20.726757: train_loss -0.8396
2026-06-14 19:02:20.729850: val_loss -0.6368
2026-06-14 19:02:20.731766: Pseudo dice [0.7061, 0.8146]
2026-06-14 19:02:20.733660: Epoch time: 23.03 s
2026-06-14 19:02:21.611962: 
2026-06-14 19:02:21.614233: Epoch 374
2026-06-14 19:02:21.616090: Current learning rate: 0.00656
2026-06-14 19:02:44.464305: train_loss -0.8674
2026-06-14 19:02:44.468698: val_loss -0.6327
2026-06-14 19:02:44.471593: Pseudo dice [0.7516, 0.8103]
2026-06-14 19:02:44.474554: Epoch time: 22.85 s
2026-06-14 19:02:45.363835: 
2026-06-14 19:02:45.366966: Epoch 375
2026-06-14 19:02:45.369144: Current learning rate: 0.00655
2026-06-14 19:03:08.419672: train_loss -0.864
2026-06-14 19:03:08.423849: val_loss -0.6354
2026-06-14 19:03:08.425893: Pseudo dice [0.7527, 0.823]
2026-06-14 19:03:08.428201: Epoch time: 23.06 s
2026-06-14 19:03:09.310243: 
2026-06-14 19:03:09.318100: Epoch 376
2026-06-14 19:03:09.320101: Current learning rate: 0.00654
2026-06-14 19:03:32.137444: train_loss -0.8616
2026-06-14 19:03:32.141073: val_loss -0.6698
2026-06-14 19:03:32.142895: Pseudo dice [0.7666, 0.8168]
2026-06-14 19:03:32.144591: Epoch time: 22.83 s
2026-06-14 19:03:33.022803: 
2026-06-14 19:03:33.024717: Epoch 377
2026-06-14 19:03:33.026390: Current learning rate: 0.00653
2026-06-14 19:03:55.850936: train_loss -0.876
2026-06-14 19:03:55.853763: val_loss -0.7259
2026-06-14 19:03:55.856027: Pseudo dice [0.7794, 0.8517]
2026-06-14 19:03:55.858271: Epoch time: 22.83 s
2026-06-14 19:03:57.067362: 
2026-06-14 19:03:57.069488: Epoch 378
2026-06-14 19:03:57.071290: Current learning rate: 0.00652
2026-06-14 19:04:19.857804: train_loss -0.8737
2026-06-14 19:04:19.861681: val_loss -0.5255
2026-06-14 19:04:19.863303: Pseudo dice [0.7141, 0.7627]
2026-06-14 19:04:19.865196: Epoch time: 22.79 s
2026-06-14 19:04:20.754490: 
2026-06-14 19:04:20.756313: Epoch 379
2026-06-14 19:04:20.757935: Current learning rate: 0.00651
2026-06-14 19:04:43.556928: train_loss -0.8759
2026-06-14 19:04:43.560861: val_loss -0.6189
2026-06-14 19:04:43.562707: Pseudo dice [0.7735, 0.7987]
2026-06-14 19:04:43.564671: Epoch time: 22.8 s
2026-06-14 19:04:44.450195: 
2026-06-14 19:04:44.452083: Epoch 380
2026-06-14 19:04:44.454004: Current learning rate: 0.0065
2026-06-14 19:05:07.384931: train_loss -0.8733
2026-06-14 19:05:07.388162: val_loss -0.6319
2026-06-14 19:05:07.389998: Pseudo dice [0.7662, 0.8208]
2026-06-14 19:05:07.391609: Epoch time: 22.94 s
2026-06-14 19:05:08.269943: 
2026-06-14 19:05:08.271897: Epoch 381
2026-06-14 19:05:08.273794: Current learning rate: 0.00649
2026-06-14 19:05:31.169672: train_loss -0.8801
2026-06-14 19:05:31.184490: val_loss -0.6809
2026-06-14 19:05:31.189788: Pseudo dice [0.7419, 0.8142]
2026-06-14 19:05:31.195394: Epoch time: 22.9 s
2026-06-14 19:05:32.095297: 
2026-06-14 19:05:32.099401: Epoch 382
2026-06-14 19:05:32.101388: Current learning rate: 0.00648
2026-06-14 19:05:55.178260: train_loss -0.8688
2026-06-14 19:05:55.183681: val_loss -0.6466
2026-06-14 19:05:55.187643: Pseudo dice [0.7343, 0.7863]
2026-06-14 19:05:55.190761: Epoch time: 23.08 s
2026-06-14 19:05:56.111103: 
2026-06-14 19:05:56.115866: Epoch 383
2026-06-14 19:05:56.119813: Current learning rate: 0.00648
2026-06-14 19:06:18.820695: train_loss -0.8721
2026-06-14 19:06:18.829309: val_loss -0.6695
2026-06-14 19:06:18.834842: Pseudo dice [0.7518, 0.7959]
2026-06-14 19:06:18.838711: Epoch time: 22.71 s
2026-06-14 19:06:19.744503: 
2026-06-14 19:06:19.747871: Epoch 384
2026-06-14 19:06:19.750936: Current learning rate: 0.00647
2026-06-14 19:06:42.750966: train_loss -0.8737
2026-06-14 19:06:42.760106: val_loss -0.6798
2026-06-14 19:06:42.773000: Pseudo dice [0.7842, 0.806]
2026-06-14 19:06:42.775817: Epoch time: 23.01 s
2026-06-14 19:06:43.672354: 
2026-06-14 19:06:43.675952: Epoch 385
2026-06-14 19:06:43.678694: Current learning rate: 0.00646
2026-06-14 19:07:06.348924: train_loss -0.867
2026-06-14 19:07:06.352765: val_loss -0.6089
2026-06-14 19:07:06.356037: Pseudo dice [0.7107, 0.8149]
2026-06-14 19:07:06.359077: Epoch time: 22.68 s
2026-06-14 19:07:07.251614: 
2026-06-14 19:07:07.254099: Epoch 386
2026-06-14 19:07:07.256053: Current learning rate: 0.00645
2026-06-14 19:07:30.004080: train_loss -0.8727
2026-06-14 19:07:30.011232: val_loss -0.6685
2026-06-14 19:07:30.021322: Pseudo dice [0.7356, 0.8047]
2026-06-14 19:07:30.029626: Epoch time: 22.75 s
2026-06-14 19:07:30.937375: 
2026-06-14 19:07:30.946869: Epoch 387
2026-06-14 19:07:30.956937: Current learning rate: 0.00644
2026-06-14 19:07:54.015633: train_loss -0.8741
2026-06-14 19:07:54.025911: val_loss -0.6963
2026-06-14 19:07:54.030289: Pseudo dice [0.7471, 0.8476]
2026-06-14 19:07:54.035550: Epoch time: 23.08 s
2026-06-14 19:07:54.943749: 
2026-06-14 19:07:54.946364: Epoch 388
2026-06-14 19:07:54.950326: Current learning rate: 0.00643
2026-06-14 19:08:17.876062: train_loss -0.8749
2026-06-14 19:08:17.880060: val_loss -0.6861
2026-06-14 19:08:17.883535: Pseudo dice [0.7405, 0.8212]
2026-06-14 19:08:17.889020: Epoch time: 22.93 s
2026-06-14 19:08:18.787191: 
2026-06-14 19:08:18.789359: Epoch 389
2026-06-14 19:08:18.792315: Current learning rate: 0.00642
2026-06-14 19:08:41.723825: train_loss -0.8752
2026-06-14 19:08:41.733136: val_loss -0.6731
2026-06-14 19:08:41.736687: Pseudo dice [0.7594, 0.8253]
2026-06-14 19:08:41.739878: Epoch time: 22.94 s
2026-06-14 19:08:42.929006: 
2026-06-14 19:08:42.932388: Epoch 390
2026-06-14 19:08:42.935166: Current learning rate: 0.00641
2026-06-14 19:09:05.789498: train_loss -0.8834
2026-06-14 19:09:05.793246: val_loss -0.6503
2026-06-14 19:09:05.795693: Pseudo dice [0.702, 0.7965]
2026-06-14 19:09:05.797670: Epoch time: 22.86 s
2026-06-14 19:09:06.686909: 
2026-06-14 19:09:06.688746: Epoch 391
2026-06-14 19:09:06.700451: Current learning rate: 0.0064
2026-06-14 19:09:29.554087: train_loss -0.885
2026-06-14 19:09:29.558379: val_loss -0.666
2026-06-14 19:09:29.561229: Pseudo dice [0.7628, 0.7979]
2026-06-14 19:09:29.564520: Epoch time: 22.87 s
2026-06-14 19:09:30.451238: 
2026-06-14 19:09:30.453104: Epoch 392
2026-06-14 19:09:30.454866: Current learning rate: 0.00639
2026-06-14 19:09:53.319447: train_loss -0.8833
2026-06-14 19:09:53.328307: val_loss -0.6727
2026-06-14 19:09:53.330306: Pseudo dice [0.7576, 0.7988]
2026-06-14 19:09:53.332607: Epoch time: 22.87 s
2026-06-14 19:09:54.235247: 
2026-06-14 19:09:54.237643: Epoch 393
2026-06-14 19:09:54.240351: Current learning rate: 0.00638
2026-06-14 19:10:16.929766: train_loss -0.8908
2026-06-14 19:10:16.933858: val_loss -0.6639
2026-06-14 19:10:16.935822: Pseudo dice [0.7488, 0.8358]
2026-06-14 19:10:16.938644: Epoch time: 22.7 s
2026-06-14 19:10:17.835619: 
2026-06-14 19:10:17.837739: Epoch 394
2026-06-14 19:10:17.839734: Current learning rate: 0.00637
2026-06-14 19:10:40.675914: train_loss -0.885
2026-06-14 19:10:40.679791: val_loss -0.7308
2026-06-14 19:10:40.681689: Pseudo dice [0.7834, 0.8315]
2026-06-14 19:10:40.683865: Epoch time: 22.84 s
2026-06-14 19:10:41.569358: 
2026-06-14 19:10:41.572327: Epoch 395
2026-06-14 19:10:41.574679: Current learning rate: 0.00636
2026-06-14 19:11:04.523398: train_loss -0.8748
2026-06-14 19:11:04.528370: val_loss -0.6805
2026-06-14 19:11:04.530637: Pseudo dice [0.7795, 0.8266]
2026-06-14 19:11:04.532872: Epoch time: 22.96 s
2026-06-14 19:11:05.422182: 
2026-06-14 19:11:05.423961: Epoch 396
2026-06-14 19:11:05.425635: Current learning rate: 0.00635
2026-06-14 19:11:28.054509: train_loss -0.885
2026-06-14 19:11:28.057410: val_loss -0.7364
2026-06-14 19:11:28.058954: Pseudo dice [0.7979, 0.8271]
2026-06-14 19:11:28.060613: Epoch time: 22.63 s
2026-06-14 19:11:28.951905: 
2026-06-14 19:11:28.953597: Epoch 397
2026-06-14 19:11:28.955083: Current learning rate: 0.00634
2026-06-14 19:11:52.148522: train_loss -0.8842
2026-06-14 19:11:52.155224: val_loss -0.6737
2026-06-14 19:11:52.157840: Pseudo dice [0.7713, 0.8275]
2026-06-14 19:11:52.160584: Epoch time: 23.2 s
2026-06-14 19:11:52.162452: Yayy! New best EMA pseudo Dice: 0.7876
2026-06-14 19:11:53.548743: 
2026-06-14 19:11:53.551258: Epoch 398
2026-06-14 19:11:53.552843: Current learning rate: 0.00633
2026-06-14 19:12:16.254909: train_loss -0.8833
2026-06-14 19:12:16.259881: val_loss -0.707
2026-06-14 19:12:16.261757: Pseudo dice [0.7686, 0.8186]
2026-06-14 19:12:16.263422: Epoch time: 22.71 s
2026-06-14 19:12:16.265022: Yayy! New best EMA pseudo Dice: 0.7882
2026-06-14 19:12:17.659222: 
2026-06-14 19:12:17.661021: Epoch 399
2026-06-14 19:12:17.662642: Current learning rate: 0.00632
2026-06-14 19:12:40.498588: train_loss -0.8848
2026-06-14 19:12:40.502446: val_loss -0.6682
2026-06-14 19:12:40.504690: Pseudo dice [0.7638, 0.8145]
2026-06-14 19:12:40.506687: Epoch time: 22.84 s
2026-06-14 19:12:40.993594: Yayy! New best EMA pseudo Dice: 0.7883
2026-06-14 19:12:42.370297: 
2026-06-14 19:12:42.373783: Epoch 400
2026-06-14 19:12:42.379263: Current learning rate: 0.00631
2026-06-14 19:13:05.144765: train_loss -0.8825
2026-06-14 19:13:05.148732: val_loss -0.6214
2026-06-14 19:13:05.151462: Pseudo dice [0.7424, 0.8001]
2026-06-14 19:13:05.153788: Epoch time: 22.78 s
2026-06-14 19:13:06.343023: 
2026-06-14 19:13:06.347638: Epoch 401
2026-06-14 19:13:06.352034: Current learning rate: 0.0063
2026-06-14 19:13:29.105817: train_loss -0.8761
2026-06-14 19:13:29.111352: val_loss -0.6616
2026-06-14 19:13:29.114058: Pseudo dice [0.7582, 0.7843]
2026-06-14 19:13:29.116435: Epoch time: 22.76 s
2026-06-14 19:13:29.998454: 
2026-06-14 19:13:30.001139: Epoch 402
2026-06-14 19:13:30.003033: Current learning rate: 0.0063
2026-06-14 19:13:52.944477: train_loss -0.8719
2026-06-14 19:13:52.947452: val_loss -0.6162
2026-06-14 19:13:52.949243: Pseudo dice [0.73, 0.7705]
2026-06-14 19:13:52.950882: Epoch time: 22.95 s
2026-06-14 19:13:53.850760: 
2026-06-14 19:13:53.852835: Epoch 403
2026-06-14 19:13:53.854625: Current learning rate: 0.00629
2026-06-14 19:14:16.843453: train_loss -0.864
2026-06-14 19:14:16.847082: val_loss -0.7053
2026-06-14 19:14:16.848937: Pseudo dice [0.7827, 0.8121]
2026-06-14 19:14:16.852278: Epoch time: 22.99 s
2026-06-14 19:14:17.759457: 
2026-06-14 19:14:17.761815: Epoch 404
2026-06-14 19:14:17.763891: Current learning rate: 0.00628
2026-06-14 19:14:40.626204: train_loss -0.877
2026-06-14 19:14:40.629786: val_loss -0.6105
2026-06-14 19:14:40.631512: Pseudo dice [0.7322, 0.783]
2026-06-14 19:14:40.633277: Epoch time: 22.87 s
2026-06-14 19:14:41.531845: 
2026-06-14 19:14:41.533684: Epoch 405
2026-06-14 19:14:41.535494: Current learning rate: 0.00627
2026-06-14 19:15:04.368013: train_loss -0.8434
2026-06-14 19:15:04.371211: val_loss -0.6036
2026-06-14 19:15:04.373026: Pseudo dice [0.7449, 0.768]
2026-06-14 19:15:04.374641: Epoch time: 22.84 s
2026-06-14 19:15:05.267226: 
2026-06-14 19:15:05.268923: Epoch 406
2026-06-14 19:15:05.270461: Current learning rate: 0.00626
2026-06-14 19:15:28.073926: train_loss -0.8566
2026-06-14 19:15:28.078051: val_loss -0.6849
2026-06-14 19:15:28.079917: Pseudo dice [0.7391, 0.812]
2026-06-14 19:15:28.081513: Epoch time: 22.81 s
2026-06-14 19:15:28.968345: 
2026-06-14 19:15:28.972442: Epoch 407
2026-06-14 19:15:28.975210: Current learning rate: 0.00625
2026-06-14 19:15:51.817856: train_loss -0.8652
2026-06-14 19:15:51.822182: val_loss -0.6593
2026-06-14 19:15:51.823993: Pseudo dice [0.7419, 0.8088]
2026-06-14 19:15:51.826483: Epoch time: 22.85 s
2026-06-14 19:15:52.725872: 
2026-06-14 19:15:52.727891: Epoch 408
2026-06-14 19:15:52.731184: Current learning rate: 0.00624
2026-06-14 19:16:15.653464: train_loss -0.8641
2026-06-14 19:16:15.657700: val_loss -0.675
2026-06-14 19:16:15.661784: Pseudo dice [0.7511, 0.8191]
2026-06-14 19:16:15.665508: Epoch time: 22.93 s
2026-06-14 19:16:16.559643: 
2026-06-14 19:16:16.561491: Epoch 409
2026-06-14 19:16:16.563172: Current learning rate: 0.00623
2026-06-14 19:16:39.394020: train_loss -0.8632
2026-06-14 19:16:39.396757: val_loss -0.6143
2026-06-14 19:16:39.398359: Pseudo dice [0.7639, 0.8136]
2026-06-14 19:16:39.400025: Epoch time: 22.84 s
2026-06-14 19:16:40.295236: 
2026-06-14 19:16:40.297061: Epoch 410
2026-06-14 19:16:40.298646: Current learning rate: 0.00622
2026-06-14 19:17:03.252540: train_loss -0.8715
2026-06-14 19:17:03.261812: val_loss -0.5662
2026-06-14 19:17:03.263792: Pseudo dice [0.704, 0.7211]
2026-06-14 19:17:03.266784: Epoch time: 22.96 s
2026-06-14 19:17:04.134519: 
2026-06-14 19:17:04.136367: Epoch 411
2026-06-14 19:17:04.138312: Current learning rate: 0.00621
2026-06-14 19:17:27.051842: train_loss -0.8628
2026-06-14 19:17:27.056579: val_loss -0.5942
2026-06-14 19:17:27.061337: Pseudo dice [0.7351, 0.7868]
2026-06-14 19:17:27.065892: Epoch time: 22.92 s
2026-06-14 19:17:27.951840: 
2026-06-14 19:17:27.956142: Epoch 412
2026-06-14 19:17:27.960071: Current learning rate: 0.0062
2026-06-14 19:17:50.727005: train_loss -0.876
2026-06-14 19:17:50.731486: val_loss -0.6451
2026-06-14 19:17:50.734104: Pseudo dice [0.7525, 0.8076]
2026-06-14 19:17:50.735857: Epoch time: 22.78 s
2026-06-14 19:17:51.896923: 
2026-06-14 19:17:51.898704: Epoch 413
2026-06-14 19:17:51.900273: Current learning rate: 0.00619
2026-06-14 19:18:14.818904: train_loss -0.8752
2026-06-14 19:18:14.823581: val_loss -0.7016
2026-06-14 19:18:14.825464: Pseudo dice [0.7393, 0.8219]
2026-06-14 19:18:14.827289: Epoch time: 22.92 s
2026-06-14 19:18:15.714239: 
2026-06-14 19:18:15.715909: Epoch 414
2026-06-14 19:18:15.717667: Current learning rate: 0.00618
2026-06-14 19:18:38.460375: train_loss -0.8776
2026-06-14 19:18:38.465312: val_loss -0.6468
2026-06-14 19:18:38.468318: Pseudo dice [0.6982, 0.8292]
2026-06-14 19:18:38.473047: Epoch time: 22.75 s
2026-06-14 19:18:39.343442: 
2026-06-14 19:18:39.345550: Epoch 415
2026-06-14 19:18:39.348011: Current learning rate: 0.00617
2026-06-14 19:19:02.177054: train_loss -0.8721
2026-06-14 19:19:02.185683: val_loss -0.6254
2026-06-14 19:19:02.188482: Pseudo dice [0.7788, 0.824]
2026-06-14 19:19:02.191387: Epoch time: 22.83 s
2026-06-14 19:19:03.062315: 
2026-06-14 19:19:03.064516: Epoch 416
2026-06-14 19:19:03.066588: Current learning rate: 0.00616
2026-06-14 19:19:25.966395: train_loss -0.8818
2026-06-14 19:19:25.971671: val_loss -0.6745
2026-06-14 19:19:25.974543: Pseudo dice [0.7759, 0.8152]
2026-06-14 19:19:25.976586: Epoch time: 22.9 s
2026-06-14 19:19:26.852401: 
2026-06-14 19:19:26.858120: Epoch 417
2026-06-14 19:19:26.862814: Current learning rate: 0.00615
2026-06-14 19:19:49.689574: train_loss -0.8788
2026-06-14 19:19:49.699151: val_loss -0.6415
2026-06-14 19:19:49.702430: Pseudo dice [0.7458, 0.7786]
2026-06-14 19:19:49.705300: Epoch time: 22.84 s
2026-06-14 19:19:50.571167: 
2026-06-14 19:19:50.575038: Epoch 418
2026-06-14 19:19:50.578243: Current learning rate: 0.00614
2026-06-14 19:20:13.371268: train_loss -0.8823
2026-06-14 19:20:13.375330: val_loss -0.6702
2026-06-14 19:20:13.377989: Pseudo dice [0.7634, 0.8101]
2026-06-14 19:20:13.380245: Epoch time: 22.8 s
2026-06-14 19:20:14.251724: 
2026-06-14 19:20:14.261656: Epoch 419
2026-06-14 19:20:14.277176: Current learning rate: 0.00613
2026-06-14 19:20:36.878583: train_loss -0.8819
2026-06-14 19:20:36.882981: val_loss -0.6482
2026-06-14 19:20:36.884681: Pseudo dice [0.738, 0.7806]
2026-06-14 19:20:36.886411: Epoch time: 22.63 s
2026-06-14 19:20:37.746099: 
2026-06-14 19:20:37.747849: Epoch 420
2026-06-14 19:20:37.749554: Current learning rate: 0.00612
2026-06-14 19:21:00.543724: train_loss -0.8705
2026-06-14 19:21:00.549590: val_loss -0.6135
2026-06-14 19:21:00.552015: Pseudo dice [0.7384, 0.8126]
2026-06-14 19:21:00.554085: Epoch time: 22.8 s
2026-06-14 19:21:01.591519: 
2026-06-14 19:21:01.594541: Epoch 421
2026-06-14 19:21:01.596700: Current learning rate: 0.00612
2026-06-14 19:21:24.579595: train_loss -0.8611
2026-06-14 19:21:24.584505: val_loss -0.6386
2026-06-14 19:21:24.588660: Pseudo dice [0.7427, 0.809]
2026-06-14 19:21:24.592535: Epoch time: 22.99 s
2026-06-14 19:21:25.458995: 
2026-06-14 19:21:25.461934: Epoch 422
2026-06-14 19:21:25.464353: Current learning rate: 0.00611
2026-06-14 19:21:48.368450: train_loss -0.871
2026-06-14 19:21:48.373917: val_loss -0.6369
2026-06-14 19:21:48.375600: Pseudo dice [0.7583, 0.7895]
2026-06-14 19:21:48.377401: Epoch time: 22.91 s
2026-06-14 19:21:49.242810: 
2026-06-14 19:21:49.244926: Epoch 423
2026-06-14 19:21:49.246949: Current learning rate: 0.0061
2026-06-14 19:22:12.224966: train_loss -0.8727
2026-06-14 19:22:12.228351: val_loss -0.6786
2026-06-14 19:22:12.230198: Pseudo dice [0.766, 0.8142]
2026-06-14 19:22:12.232337: Epoch time: 22.98 s
2026-06-14 19:22:13.105158: 
2026-06-14 19:22:13.107087: Epoch 424
2026-06-14 19:22:13.109075: Current learning rate: 0.00609
2026-06-14 19:22:35.773597: train_loss -0.8819
2026-06-14 19:22:35.776486: val_loss -0.6839
2026-06-14 19:22:35.778459: Pseudo dice [0.7525, 0.7975]
2026-06-14 19:22:35.779986: Epoch time: 22.67 s
2026-06-14 19:22:36.950932: 
2026-06-14 19:22:36.952718: Epoch 425
2026-06-14 19:22:36.954540: Current learning rate: 0.00608
2026-06-14 19:22:59.620996: train_loss -0.8767
2026-06-14 19:22:59.635055: val_loss -0.6447
2026-06-14 19:22:59.641671: Pseudo dice [0.7797, 0.7869]
2026-06-14 19:22:59.646665: Epoch time: 22.67 s
2026-06-14 19:23:00.518944: 
2026-06-14 19:23:00.522587: Epoch 426
2026-06-14 19:23:00.526414: Current learning rate: 0.00607
2026-06-14 19:23:23.354518: train_loss -0.8841
2026-06-14 19:23:23.357828: val_loss -0.7042
2026-06-14 19:23:23.359889: Pseudo dice [0.7365, 0.823]
2026-06-14 19:23:23.363038: Epoch time: 22.84 s
2026-06-14 19:23:24.231406: 
2026-06-14 19:23:24.234523: Epoch 427
2026-06-14 19:23:24.237576: Current learning rate: 0.00606
2026-06-14 19:23:47.111668: train_loss -0.8892
2026-06-14 19:23:47.116940: val_loss -0.6831
2026-06-14 19:23:47.120360: Pseudo dice [0.7436, 0.8088]
2026-06-14 19:23:47.123987: Epoch time: 22.88 s
2026-06-14 19:23:47.990777: 
2026-06-14 19:23:47.993529: Epoch 428
2026-06-14 19:23:47.995552: Current learning rate: 0.00605
2026-06-14 19:24:10.837920: train_loss -0.8923
2026-06-14 19:24:10.851765: val_loss -0.659
2026-06-14 19:24:10.855598: Pseudo dice [0.7594, 0.8174]
2026-06-14 19:24:10.859755: Epoch time: 22.85 s
2026-06-14 19:24:11.757162: 
2026-06-14 19:24:11.761653: Epoch 429
2026-06-14 19:24:11.766733: Current learning rate: 0.00604
2026-06-14 19:24:34.592335: train_loss -0.89
2026-06-14 19:24:34.598052: val_loss -0.6719
2026-06-14 19:24:34.601139: Pseudo dice [0.7577, 0.8031]
2026-06-14 19:24:34.603270: Epoch time: 22.84 s
2026-06-14 19:24:35.469394: 
2026-06-14 19:24:35.472445: Epoch 430
2026-06-14 19:24:35.475866: Current learning rate: 0.00603
2026-06-14 19:24:58.322852: train_loss -0.8748
2026-06-14 19:24:58.326034: val_loss -0.6686
2026-06-14 19:24:58.327618: Pseudo dice [0.7676, 0.825]
2026-06-14 19:24:58.329232: Epoch time: 22.85 s
2026-06-14 19:24:59.187231: 
2026-06-14 19:24:59.190465: Epoch 431
2026-06-14 19:24:59.193399: Current learning rate: 0.00602
2026-06-14 19:25:22.218854: train_loss -0.8851
2026-06-14 19:25:22.225221: val_loss -0.6259
2026-06-14 19:25:22.227560: Pseudo dice [0.7693, 0.8205]
2026-06-14 19:25:22.229406: Epoch time: 23.03 s
2026-06-14 19:25:23.092428: 
2026-06-14 19:25:23.096297: Epoch 432
2026-06-14 19:25:23.099334: Current learning rate: 0.00601
2026-06-14 19:25:45.788275: train_loss -0.8888
2026-06-14 19:25:45.791853: val_loss -0.6193
2026-06-14 19:25:45.793925: Pseudo dice [0.7331, 0.7813]
2026-06-14 19:25:45.795858: Epoch time: 22.7 s
2026-06-14 19:25:46.669041: 
2026-06-14 19:25:46.671088: Epoch 433
2026-06-14 19:25:46.673539: Current learning rate: 0.006
2026-06-14 19:26:09.387265: train_loss -0.8816
2026-06-14 19:26:09.394996: val_loss -0.642
2026-06-14 19:26:09.397152: Pseudo dice [0.7348, 0.8205]
2026-06-14 19:26:09.398957: Epoch time: 22.72 s
2026-06-14 19:26:10.258503: 
2026-06-14 19:26:10.260629: Epoch 434
2026-06-14 19:26:10.262634: Current learning rate: 0.00599
2026-06-14 19:26:33.123807: train_loss -0.8833
2026-06-14 19:26:33.129838: val_loss -0.5984
2026-06-14 19:26:33.132193: Pseudo dice [0.7377, 0.767]
2026-06-14 19:26:33.135642: Epoch time: 22.87 s
2026-06-14 19:26:34.009440: 
2026-06-14 19:26:34.013569: Epoch 435
2026-06-14 19:26:34.018289: Current learning rate: 0.00598
2026-06-14 19:26:56.792013: train_loss -0.8822
2026-06-14 19:26:56.798283: val_loss -0.6313
2026-06-14 19:26:56.803102: Pseudo dice [0.7338, 0.8009]
2026-06-14 19:26:56.805433: Epoch time: 22.78 s
2026-06-14 19:26:57.663386: 
2026-06-14 19:26:57.672324: Epoch 436
2026-06-14 19:26:57.675412: Current learning rate: 0.00597
2026-06-14 19:27:20.580533: train_loss -0.8859
2026-06-14 19:27:20.586963: val_loss -0.6177
2026-06-14 19:27:20.589723: Pseudo dice [0.7408, 0.8338]
2026-06-14 19:27:20.592724: Epoch time: 22.92 s
2026-06-14 19:27:21.452850: 
2026-06-14 19:27:21.456094: Epoch 437
2026-06-14 19:27:21.459118: Current learning rate: 0.00596
2026-06-14 19:27:44.166565: train_loss -0.8823
2026-06-14 19:27:44.173262: val_loss -0.665
2026-06-14 19:27:44.175856: Pseudo dice [0.787, 0.8163]
2026-06-14 19:27:44.179471: Epoch time: 22.71 s
2026-06-14 19:27:45.346554: 
2026-06-14 19:27:45.350024: Epoch 438
2026-06-14 19:27:45.353058: Current learning rate: 0.00595
2026-06-14 19:28:08.069873: train_loss -0.8893
2026-06-14 19:28:08.073536: val_loss -0.7038
2026-06-14 19:28:08.075960: Pseudo dice [0.774, 0.8421]
2026-06-14 19:28:08.079587: Epoch time: 22.72 s
2026-06-14 19:28:08.949311: 
2026-06-14 19:28:08.951824: Epoch 439
2026-06-14 19:28:08.953993: Current learning rate: 0.00594
2026-06-14 19:28:32.833639: train_loss -0.8917
2026-06-14 19:28:32.837541: val_loss -0.6546
2026-06-14 19:28:32.840140: Pseudo dice [0.7413, 0.8051]
2026-06-14 19:28:32.842816: Epoch time: 23.89 s
2026-06-14 19:28:33.715160: 
2026-06-14 19:28:33.718792: Epoch 440
2026-06-14 19:28:33.722125: Current learning rate: 0.00593
2026-06-14 19:28:57.074819: train_loss -0.8844
2026-06-14 19:28:57.080207: val_loss -0.6843
2026-06-14 19:28:57.082942: Pseudo dice [0.7614, 0.7978]
2026-06-14 19:28:57.085398: Epoch time: 23.36 s
2026-06-14 19:28:57.963486: 
2026-06-14 19:28:57.966715: Epoch 441
2026-06-14 19:28:57.969733: Current learning rate: 0.00592
2026-06-14 19:29:21.519965: train_loss -0.87
2026-06-14 19:29:21.523089: val_loss -0.7177
2026-06-14 19:29:21.525507: Pseudo dice [0.7621, 0.8333]
2026-06-14 19:29:21.527627: Epoch time: 23.56 s
2026-06-14 19:29:22.398968: 
2026-06-14 19:29:22.401879: Epoch 442
2026-06-14 19:29:22.405130: Current learning rate: 0.00592
2026-06-14 19:29:45.783184: train_loss -0.8722
2026-06-14 19:29:45.790419: val_loss -0.6874
2026-06-14 19:29:45.796692: Pseudo dice [0.7415, 0.8072]
2026-06-14 19:29:45.804133: Epoch time: 23.39 s
2026-06-14 19:29:46.698619: 
2026-06-14 19:29:46.704131: Epoch 443
2026-06-14 19:29:46.709143: Current learning rate: 0.00591
2026-06-14 19:30:10.202302: train_loss -0.8782
2026-06-14 19:30:10.218449: val_loss -0.6922
2026-06-14 19:30:10.227218: Pseudo dice [0.7293, 0.7998]
2026-06-14 19:30:10.234333: Epoch time: 23.5 s
2026-06-14 19:30:11.101887: 
2026-06-14 19:30:11.104779: Epoch 444
2026-06-14 19:30:11.108153: Current learning rate: 0.0059
2026-06-14 19:30:36.389419: train_loss -0.8757
2026-06-14 19:30:36.397855: val_loss -0.6647
2026-06-14 19:30:36.404309: Pseudo dice [0.7396, 0.8059]
2026-06-14 19:30:36.410101: Epoch time: 25.29 s
2026-06-14 19:30:37.278630: 
2026-06-14 19:30:37.301461: Epoch 445
2026-06-14 19:30:37.306600: Current learning rate: 0.00589
2026-06-14 19:31:00.158995: train_loss -0.87
2026-06-14 19:31:00.165494: val_loss -0.622
2026-06-14 19:31:00.170985: Pseudo dice [0.6819, 0.7848]
2026-06-14 19:31:00.177842: Epoch time: 22.88 s
2026-06-14 19:31:01.043726: 
2026-06-14 19:31:01.046388: Epoch 446
2026-06-14 19:31:01.048410: Current learning rate: 0.00588
2026-06-14 19:31:23.698106: train_loss -0.8634
2026-06-14 19:31:23.704017: val_loss -0.6766
2026-06-14 19:31:23.707233: Pseudo dice [0.7197, 0.8049]
2026-06-14 19:31:23.709548: Epoch time: 22.66 s
2026-06-14 19:31:24.560772: 
2026-06-14 19:31:24.563951: Epoch 447
2026-06-14 19:31:24.568928: Current learning rate: 0.00587
2026-06-14 19:31:47.447973: train_loss -0.8667
2026-06-14 19:31:47.451373: val_loss -0.6365
2026-06-14 19:31:47.454330: Pseudo dice [0.7294, 0.7999]
2026-06-14 19:31:47.461011: Epoch time: 22.89 s
2026-06-14 19:31:48.319217: 
2026-06-14 19:31:48.322642: Epoch 448
2026-06-14 19:31:48.326930: Current learning rate: 0.00586
2026-06-14 19:32:11.251378: train_loss -0.8705
2026-06-14 19:32:11.258242: val_loss -0.6854
2026-06-14 19:32:11.260993: Pseudo dice [0.7447, 0.7832]
2026-06-14 19:32:11.263260: Epoch time: 22.93 s
2026-06-14 19:32:12.121213: 
2026-06-14 19:32:12.125544: Epoch 449
2026-06-14 19:32:12.128732: Current learning rate: 0.00585
2026-06-14 19:32:34.965923: train_loss -0.883
2026-06-14 19:32:34.971997: val_loss -0.6227
2026-06-14 19:32:34.973970: Pseudo dice [0.7589, 0.8117]
2026-06-14 19:32:34.975935: Epoch time: 22.85 s
2026-06-14 19:32:36.553294: 
2026-06-14 19:32:36.555638: Epoch 450
2026-06-14 19:32:36.558059: Current learning rate: 0.00584
2026-06-14 19:32:59.301577: train_loss -0.8841
2026-06-14 19:32:59.304784: val_loss -0.6627
2026-06-14 19:32:59.306754: Pseudo dice [0.751, 0.7919]
2026-06-14 19:32:59.308700: Epoch time: 22.75 s
2026-06-14 19:33:00.170919: 
2026-06-14 19:33:00.172898: Epoch 451
2026-06-14 19:33:00.175028: Current learning rate: 0.00583
2026-06-14 19:33:22.900120: train_loss -0.8834
2026-06-14 19:33:22.903492: val_loss -0.6773
2026-06-14 19:33:22.905591: Pseudo dice [0.7648, 0.8252]
2026-06-14 19:33:22.907538: Epoch time: 22.73 s
2026-06-14 19:33:23.769765: 
2026-06-14 19:33:23.771986: Epoch 452
2026-06-14 19:33:23.774002: Current learning rate: 0.00582
2026-06-14 19:33:46.440073: train_loss -0.8808
2026-06-14 19:33:46.445840: val_loss -0.7116
2026-06-14 19:33:46.447719: Pseudo dice [0.7587, 0.8187]
2026-06-14 19:33:46.450248: Epoch time: 22.67 s
2026-06-14 19:33:47.304442: 
2026-06-14 19:33:47.315943: Epoch 453
2026-06-14 19:33:47.321211: Current learning rate: 0.00581
2026-06-14 19:34:10.099356: train_loss -0.8791
2026-06-14 19:34:10.106140: val_loss -0.6937
2026-06-14 19:34:10.109257: Pseudo dice [0.7629, 0.829]
2026-06-14 19:34:10.111938: Epoch time: 22.8 s
2026-06-14 19:34:10.979789: 
2026-06-14 19:34:10.985140: Epoch 454
2026-06-14 19:34:10.989260: Current learning rate: 0.0058
2026-06-14 19:34:33.849359: train_loss -0.8854
2026-06-14 19:34:33.852899: val_loss -0.6962
2026-06-14 19:34:33.855067: Pseudo dice [0.7361, 0.8346]
2026-06-14 19:34:33.856766: Epoch time: 22.87 s
2026-06-14 19:34:34.705800: 
2026-06-14 19:34:34.707889: Epoch 455
2026-06-14 19:34:34.709762: Current learning rate: 0.00579
2026-06-14 19:34:57.607728: train_loss -0.8896
2026-06-14 19:34:57.618783: val_loss -0.673
2026-06-14 19:34:57.622711: Pseudo dice [0.7539, 0.8301]
2026-06-14 19:34:57.628695: Epoch time: 22.9 s
2026-06-14 19:34:58.480883: 
2026-06-14 19:34:58.508464: Epoch 456
2026-06-14 19:34:58.510512: Current learning rate: 0.00578
2026-06-14 19:35:21.194936: train_loss -0.8869
2026-06-14 19:35:21.199153: val_loss -0.6416
2026-06-14 19:35:21.201453: Pseudo dice [0.7627, 0.825]
2026-06-14 19:35:21.203662: Epoch time: 22.71 s
2026-06-14 19:35:22.082800: 
2026-06-14 19:35:22.086256: Epoch 457
2026-06-14 19:35:22.090075: Current learning rate: 0.00577
2026-06-14 19:35:44.774347: train_loss -0.8935
2026-06-14 19:35:44.780513: val_loss -0.7349
2026-06-14 19:35:44.782511: Pseudo dice [0.7903, 0.8416]
2026-06-14 19:35:44.784799: Epoch time: 22.69 s
2026-06-14 19:35:45.634104: 
2026-06-14 19:35:45.636687: Epoch 458
2026-06-14 19:35:45.639219: Current learning rate: 0.00576
2026-06-14 19:36:08.442605: train_loss -0.8937
2026-06-14 19:36:08.450060: val_loss -0.6829
2026-06-14 19:36:08.453559: Pseudo dice [0.7719, 0.8296]
2026-06-14 19:36:08.456858: Epoch time: 22.81 s
2026-06-14 19:36:09.313242: 
2026-06-14 19:36:09.315221: Epoch 459
2026-06-14 19:36:09.317128: Current learning rate: 0.00575
2026-06-14 19:36:32.083144: train_loss -0.8942
2026-06-14 19:36:32.086706: val_loss -0.7162
2026-06-14 19:36:32.089015: Pseudo dice [0.7608, 0.8345]
2026-06-14 19:36:32.091249: Epoch time: 22.77 s
2026-06-14 19:36:32.944634: 
2026-06-14 19:36:32.946631: Epoch 460
2026-06-14 19:36:32.948767: Current learning rate: 0.00574
2026-06-14 19:36:55.644231: train_loss -0.8892
2026-06-14 19:36:55.657687: val_loss -0.6684
2026-06-14 19:36:55.659331: Pseudo dice [0.7566, 0.8334]
2026-06-14 19:36:55.661211: Epoch time: 22.7 s
2026-06-14 19:36:55.662969: Yayy! New best EMA pseudo Dice: 0.7886
2026-06-14 19:36:57.038156: 
2026-06-14 19:36:57.042023: Epoch 461
2026-06-14 19:36:57.046746: Current learning rate: 0.00573
2026-06-14 19:37:20.048476: train_loss -0.8805
2026-06-14 19:37:20.058536: val_loss -0.7069
2026-06-14 19:37:20.062293: Pseudo dice [0.7527, 0.825]
2026-06-14 19:37:20.066259: Epoch time: 23.01 s
2026-06-14 19:37:20.070939: Yayy! New best EMA pseudo Dice: 0.7886
2026-06-14 19:37:21.710395: 
2026-06-14 19:37:21.713389: Epoch 462
2026-06-14 19:37:21.716732: Current learning rate: 0.00572
2026-06-14 19:37:44.619967: train_loss -0.885
2026-06-14 19:37:44.624869: val_loss -0.7073
2026-06-14 19:37:44.629280: Pseudo dice [0.7717, 0.8366]
2026-06-14 19:37:44.634101: Epoch time: 22.91 s
2026-06-14 19:37:44.637866: Yayy! New best EMA pseudo Dice: 0.7901
2026-06-14 19:37:45.992001: 
2026-06-14 19:37:45.994138: Epoch 463
2026-06-14 19:37:45.996606: Current learning rate: 0.00571
2026-06-14 19:38:08.919001: train_loss -0.8889
2026-06-14 19:38:08.923698: val_loss -0.7165
2026-06-14 19:38:08.928035: Pseudo dice [0.7902, 0.8361]
2026-06-14 19:38:08.932276: Epoch time: 22.93 s
2026-06-14 19:38:08.936150: Yayy! New best EMA pseudo Dice: 0.7925
2026-06-14 19:38:10.286961: 
2026-06-14 19:38:10.289026: Epoch 464
2026-06-14 19:38:10.291410: Current learning rate: 0.0057
2026-06-14 19:38:33.125411: train_loss -0.8823
2026-06-14 19:38:33.129174: val_loss -0.6565
2026-06-14 19:38:33.131007: Pseudo dice [0.74, 0.8213]
2026-06-14 19:38:33.132533: Epoch time: 22.84 s
2026-06-14 19:38:33.997396: 
2026-06-14 19:38:33.999319: Epoch 465
2026-06-14 19:38:34.001040: Current learning rate: 0.0057
2026-06-14 19:38:56.755665: train_loss -0.8872
2026-06-14 19:38:56.759428: val_loss -0.579
2026-06-14 19:38:56.762304: Pseudo dice [0.7414, 0.8083]
2026-06-14 19:38:56.764245: Epoch time: 22.76 s
2026-06-14 19:38:57.616066: 
2026-06-14 19:38:57.618013: Epoch 466
2026-06-14 19:38:57.620206: Current learning rate: 0.00569
2026-06-14 19:39:20.496933: train_loss -0.8819
2026-06-14 19:39:20.502780: val_loss -0.6761
2026-06-14 19:39:20.504870: Pseudo dice [0.7801, 0.8381]
2026-06-14 19:39:20.506929: Epoch time: 22.88 s
2026-06-14 19:39:21.368854: 
2026-06-14 19:39:21.371276: Epoch 467
2026-06-14 19:39:21.373106: Current learning rate: 0.00568
2026-06-14 19:39:44.202506: train_loss -0.8818
2026-06-14 19:39:44.207420: val_loss -0.6765
2026-06-14 19:39:44.209265: Pseudo dice [0.7654, 0.8288]
2026-06-14 19:39:44.211398: Epoch time: 22.83 s
2026-06-14 19:39:45.062868: 
2026-06-14 19:39:45.064914: Epoch 468
2026-06-14 19:39:45.068327: Current learning rate: 0.00567
2026-06-14 19:40:07.976578: train_loss -0.8921
2026-06-14 19:40:07.979312: val_loss -0.6554
2026-06-14 19:40:07.981061: Pseudo dice [0.7876, 0.8239]
2026-06-14 19:40:07.982977: Epoch time: 22.91 s
2026-06-14 19:40:07.984910: Yayy! New best EMA pseudo Dice: 0.7935
2026-06-14 19:40:09.336954: 
2026-06-14 19:40:09.339771: Epoch 469
2026-06-14 19:40:09.343585: Current learning rate: 0.00566
2026-06-14 19:40:32.069413: train_loss -0.8934
2026-06-14 19:40:32.073517: val_loss -0.7039
2026-06-14 19:40:32.075485: Pseudo dice [0.7537, 0.7918]
2026-06-14 19:40:32.077073: Epoch time: 22.73 s
2026-06-14 19:40:32.929566: 
2026-06-14 19:40:32.934721: Epoch 470
2026-06-14 19:40:32.938098: Current learning rate: 0.00565
2026-06-14 19:40:55.669040: train_loss -0.8915
2026-06-14 19:40:55.679056: val_loss -0.6775
2026-06-14 19:40:55.683532: Pseudo dice [0.7686, 0.8448]
2026-06-14 19:40:55.686947: Epoch time: 22.74 s
2026-06-14 19:40:56.547145: 
2026-06-14 19:40:56.549644: Epoch 471
2026-06-14 19:40:56.552168: Current learning rate: 0.00564
2026-06-14 19:41:19.431729: train_loss -0.8987
2026-06-14 19:41:19.440865: val_loss -0.6421
2026-06-14 19:41:19.445252: Pseudo dice [0.769, 0.8396]
2026-06-14 19:41:19.449859: Epoch time: 22.89 s
2026-06-14 19:41:19.453513: Yayy! New best EMA pseudo Dice: 0.7941
2026-06-14 19:41:20.809427: 
2026-06-14 19:41:20.815150: Epoch 472
2026-06-14 19:41:20.818749: Current learning rate: 0.00563
2026-06-14 19:41:43.640906: train_loss -0.8889
2026-06-14 19:41:43.644011: val_loss -0.6373
2026-06-14 19:41:43.646166: Pseudo dice [0.7176, 0.8046]
2026-06-14 19:41:43.647934: Epoch time: 22.83 s
2026-06-14 19:41:44.533078: 
2026-06-14 19:41:44.536550: Epoch 473
2026-06-14 19:41:44.540176: Current learning rate: 0.00562
2026-06-14 19:42:07.339787: train_loss -0.8809
2026-06-14 19:42:07.345685: val_loss -0.7207
2026-06-14 19:42:07.350230: Pseudo dice [0.7768, 0.8312]
2026-06-14 19:42:07.352917: Epoch time: 22.81 s
2026-06-14 19:42:08.209820: 
2026-06-14 19:42:08.214804: Epoch 474
2026-06-14 19:42:08.218345: Current learning rate: 0.00561
2026-06-14 19:42:31.042776: train_loss -0.8872
2026-06-14 19:42:31.051143: val_loss -0.5511
2026-06-14 19:42:31.055013: Pseudo dice [0.6582, 0.7171]
2026-06-14 19:42:31.059009: Epoch time: 22.83 s
2026-06-14 19:42:32.218988: 
2026-06-14 19:42:32.222782: Epoch 475
2026-06-14 19:42:32.226042: Current learning rate: 0.0056
2026-06-14 19:42:55.068647: train_loss -0.8783
2026-06-14 19:42:55.074731: val_loss -0.7005
2026-06-14 19:42:55.076787: Pseudo dice [0.7474, 0.8246]
2026-06-14 19:42:55.078845: Epoch time: 22.85 s
2026-06-14 19:42:55.943305: 
2026-06-14 19:42:55.947385: Epoch 476
2026-06-14 19:42:55.951953: Current learning rate: 0.00559
2026-06-14 19:43:18.867738: train_loss -0.8739
2026-06-14 19:43:18.871298: val_loss -0.5939
2026-06-14 19:43:18.873110: Pseudo dice [0.7317, 0.8004]
2026-06-14 19:43:18.875992: Epoch time: 22.93 s
2026-06-14 19:43:19.728720: 
2026-06-14 19:43:19.730550: Epoch 477
2026-06-14 19:43:19.732132: Current learning rate: 0.00558
2026-06-14 19:43:42.552275: train_loss -0.882
2026-06-14 19:43:42.555110: val_loss -0.6628
2026-06-14 19:43:42.556999: Pseudo dice [0.7657, 0.8072]
2026-06-14 19:43:42.559119: Epoch time: 22.82 s
2026-06-14 19:43:43.415292: 
2026-06-14 19:43:43.418293: Epoch 478
2026-06-14 19:43:43.420769: Current learning rate: 0.00557
2026-06-14 19:44:06.312668: train_loss -0.8805
2026-06-14 19:44:06.318266: val_loss -0.6584
2026-06-14 19:44:06.320360: Pseudo dice [0.7331, 0.7842]
2026-06-14 19:44:06.322280: Epoch time: 22.9 s
2026-06-14 19:44:07.184001: 
2026-06-14 19:44:07.188061: Epoch 479
2026-06-14 19:44:07.190777: Current learning rate: 0.00556
2026-06-14 19:44:29.900271: train_loss -0.8834
2026-06-14 19:44:29.919382: val_loss -0.643
2026-06-14 19:44:29.923204: Pseudo dice [0.7092, 0.7691]
2026-06-14 19:44:29.926025: Epoch time: 22.72 s
2026-06-14 19:44:30.794150: 
2026-06-14 19:44:30.798011: Epoch 480
2026-06-14 19:44:30.803383: Current learning rate: 0.00555
2026-06-14 19:44:53.863924: train_loss -0.888
2026-06-14 19:44:53.867505: val_loss -0.7066
2026-06-14 19:44:53.869735: Pseudo dice [0.7668, 0.8212]
2026-06-14 19:44:53.872112: Epoch time: 23.07 s
2026-06-14 19:44:54.736953: 
2026-06-14 19:44:54.741429: Epoch 481
2026-06-14 19:44:54.745848: Current learning rate: 0.00554
2026-06-14 19:45:17.628967: train_loss -0.855
2026-06-14 19:45:17.633195: val_loss -0.573
2026-06-14 19:45:17.635540: Pseudo dice [0.665, 0.7434]
2026-06-14 19:45:17.638172: Epoch time: 22.89 s
2026-06-14 19:45:18.505602: 
2026-06-14 19:45:18.507508: Epoch 482
2026-06-14 19:45:18.509246: Current learning rate: 0.00553
2026-06-14 19:45:41.290790: train_loss -0.8736
2026-06-14 19:45:41.296999: val_loss -0.686
2026-06-14 19:45:41.300154: Pseudo dice [0.7179, 0.8326]
2026-06-14 19:45:41.302725: Epoch time: 22.79 s
2026-06-14 19:45:42.172123: 
2026-06-14 19:45:42.174810: Epoch 483
2026-06-14 19:45:42.177056: Current learning rate: 0.00552
2026-06-14 19:46:04.971356: train_loss -0.8801
2026-06-14 19:46:04.974839: val_loss -0.6843
2026-06-14 19:46:04.978262: Pseudo dice [0.7512, 0.8024]
2026-06-14 19:46:04.981228: Epoch time: 22.8 s
2026-06-14 19:46:05.840656: 
2026-06-14 19:46:05.842504: Epoch 484
2026-06-14 19:46:05.844547: Current learning rate: 0.00551
2026-06-14 19:46:28.656327: train_loss -0.8901
2026-06-14 19:46:28.659269: val_loss -0.6738
2026-06-14 19:46:28.661339: Pseudo dice [0.7506, 0.81]
2026-06-14 19:46:28.663243: Epoch time: 22.82 s
2026-06-14 19:46:29.522968: 
2026-06-14 19:46:29.524915: Epoch 485
2026-06-14 19:46:29.526740: Current learning rate: 0.0055
2026-06-14 19:46:52.488409: train_loss -0.8818
2026-06-14 19:46:52.492773: val_loss -0.5945
2026-06-14 19:46:52.494716: Pseudo dice [0.6717, 0.7726]
2026-06-14 19:46:52.498003: Epoch time: 22.97 s
2026-06-14 19:46:53.362559: 
2026-06-14 19:46:53.365070: Epoch 486
2026-06-14 19:46:53.366977: Current learning rate: 0.00549
2026-06-14 19:47:16.283579: train_loss -0.8778
2026-06-14 19:47:16.288782: val_loss -0.6688
2026-06-14 19:47:16.290798: Pseudo dice [0.7378, 0.8108]
2026-06-14 19:47:16.296401: Epoch time: 22.92 s
2026-06-14 19:47:17.156153: 
2026-06-14 19:47:17.158102: Epoch 487
2026-06-14 19:47:17.159877: Current learning rate: 0.00548
2026-06-14 19:47:39.967157: train_loss -0.8845
2026-06-14 19:47:39.971537: val_loss -0.6858
2026-06-14 19:47:39.973476: Pseudo dice [0.7657, 0.8219]
2026-06-14 19:47:39.975377: Epoch time: 22.81 s
2026-06-14 19:47:41.148024: 
2026-06-14 19:47:41.150670: Epoch 488
2026-06-14 19:47:41.153118: Current learning rate: 0.00547
2026-06-14 19:48:04.101849: train_loss -0.8832
2026-06-14 19:48:04.115624: val_loss -0.6189
2026-06-14 19:48:04.119241: Pseudo dice [0.7356, 0.828]
2026-06-14 19:48:04.122912: Epoch time: 22.96 s
2026-06-14 19:48:04.990195: 
2026-06-14 19:48:04.992807: Epoch 489
2026-06-14 19:48:04.995354: Current learning rate: 0.00546
2026-06-14 19:48:27.788876: train_loss -0.8886
2026-06-14 19:48:27.792320: val_loss -0.6809
2026-06-14 19:48:27.794713: Pseudo dice [0.7652, 0.8312]
2026-06-14 19:48:27.796546: Epoch time: 22.8 s
2026-06-14 19:48:28.678943: 
2026-06-14 19:48:28.681310: Epoch 490
2026-06-14 19:48:28.683581: Current learning rate: 0.00546
2026-06-14 19:48:51.385146: train_loss -0.8877
2026-06-14 19:48:51.390298: val_loss -0.6303
2026-06-14 19:48:51.392518: Pseudo dice [0.7618, 0.8069]
2026-06-14 19:48:51.394290: Epoch time: 22.71 s
2026-06-14 19:48:52.263148: 
2026-06-14 19:48:52.266160: Epoch 491
2026-06-14 19:48:52.268204: Current learning rate: 0.00545
2026-06-14 19:49:15.036028: train_loss -0.8964
2026-06-14 19:49:15.040528: val_loss -0.5904
2026-06-14 19:49:15.042168: Pseudo dice [0.7439, 0.7981]
2026-06-14 19:49:15.043894: Epoch time: 22.77 s
2026-06-14 19:49:15.920114: 
2026-06-14 19:49:15.922076: Epoch 492
2026-06-14 19:49:15.924024: Current learning rate: 0.00544
2026-06-14 19:49:38.770701: train_loss -0.8847
2026-06-14 19:49:38.773608: val_loss -0.6166
2026-06-14 19:49:38.775462: Pseudo dice [0.7306, 0.8024]
2026-06-14 19:49:38.777233: Epoch time: 22.85 s
2026-06-14 19:49:39.652706: 
2026-06-14 19:49:39.654695: Epoch 493
2026-06-14 19:49:39.656478: Current learning rate: 0.00543
2026-06-14 19:50:02.340970: train_loss -0.8845
2026-06-14 19:50:02.344515: val_loss -0.6759
2026-06-14 19:50:02.346530: Pseudo dice [0.749, 0.8266]
2026-06-14 19:50:02.348577: Epoch time: 22.69 s
2026-06-14 19:50:03.216102: 
2026-06-14 19:50:03.219159: Epoch 494
2026-06-14 19:50:03.223008: Current learning rate: 0.00542
2026-06-14 19:50:25.919796: train_loss -0.8924
2026-06-14 19:50:25.924172: val_loss -0.7538
2026-06-14 19:50:25.926682: Pseudo dice [0.772, 0.8382]
2026-06-14 19:50:25.928790: Epoch time: 22.7 s
2026-06-14 19:50:26.793712: 
2026-06-14 19:50:26.795745: Epoch 495
2026-06-14 19:50:26.798078: Current learning rate: 0.00541
2026-06-14 19:50:49.571144: train_loss -0.8906
2026-06-14 19:50:49.574310: val_loss -0.6987
2026-06-14 19:50:49.576307: Pseudo dice [0.7729, 0.8169]
2026-06-14 19:50:49.578418: Epoch time: 22.78 s
2026-06-14 19:50:50.439278: 
2026-06-14 19:50:50.441082: Epoch 496
2026-06-14 19:50:50.442692: Current learning rate: 0.0054
2026-06-14 19:51:13.354378: train_loss -0.8846
2026-06-14 19:51:13.359568: val_loss -0.7136
2026-06-14 19:51:13.362763: Pseudo dice [0.773, 0.8461]
2026-06-14 19:51:13.366313: Epoch time: 22.92 s
2026-06-14 19:51:14.232279: 
2026-06-14 19:51:14.234615: Epoch 497
2026-06-14 19:51:14.236825: Current learning rate: 0.00539
2026-06-14 19:51:36.925008: train_loss -0.888
2026-06-14 19:51:36.929548: val_loss -0.6837
2026-06-14 19:51:36.931300: Pseudo dice [0.7783, 0.8362]
2026-06-14 19:51:36.933255: Epoch time: 22.69 s
2026-06-14 19:51:37.813042: 
2026-06-14 19:51:37.814935: Epoch 498
2026-06-14 19:51:37.816757: Current learning rate: 0.00538
2026-06-14 19:52:00.741728: train_loss -0.8891
2026-06-14 19:52:00.744562: val_loss -0.7215
2026-06-14 19:52:00.746669: Pseudo dice [0.7734, 0.8391]
2026-06-14 19:52:00.748435: Epoch time: 22.93 s
2026-06-14 19:52:01.614133: 
2026-06-14 19:52:01.615743: Epoch 499
2026-06-14 19:52:01.617204: Current learning rate: 0.00537
2026-06-14 19:52:24.563396: train_loss -0.8951
2026-06-14 19:52:24.568123: val_loss -0.6804
2026-06-14 19:52:24.571016: Pseudo dice [0.7838, 0.8237]
2026-06-14 19:52:24.572494: Epoch time: 22.95 s
2026-06-14 19:52:26.223779: 
2026-06-14 19:52:26.225564: Epoch 500
2026-06-14 19:52:26.227642: Current learning rate: 0.00536
2026-06-14 19:52:49.081907: train_loss -0.8863
2026-06-14 19:52:49.097593: val_loss -0.6473
2026-06-14 19:52:49.101517: Pseudo dice [0.7198, 0.8035]
2026-06-14 19:52:49.105837: Epoch time: 22.86 s
2026-06-14 19:52:49.977106: 
2026-06-14 19:52:49.980009: Epoch 501
2026-06-14 19:52:49.983912: Current learning rate: 0.00535
2026-06-14 19:53:12.862869: train_loss -0.8923
2026-06-14 19:53:12.866917: val_loss -0.6293
2026-06-14 19:53:12.870628: Pseudo dice [0.711, 0.8122]
2026-06-14 19:53:12.875419: Epoch time: 22.89 s
2026-06-14 19:53:13.733707: 
2026-06-14 19:53:13.735838: Epoch 502
2026-06-14 19:53:13.737739: Current learning rate: 0.00534
2026-06-14 19:53:36.636217: train_loss -0.8915
2026-06-14 19:53:36.639190: val_loss -0.6893
2026-06-14 19:53:36.640970: Pseudo dice [0.7651, 0.8351]
2026-06-14 19:53:36.642589: Epoch time: 22.9 s
2026-06-14 19:53:37.501896: 
2026-06-14 19:53:37.506245: Epoch 503
2026-06-14 19:53:37.509473: Current learning rate: 0.00533
2026-06-14 19:54:00.370248: train_loss -0.8923
2026-06-14 19:54:00.377325: val_loss -0.6298
2026-06-14 19:54:00.379433: Pseudo dice [0.7142, 0.8273]
2026-06-14 19:54:00.381640: Epoch time: 22.87 s
2026-06-14 19:54:01.277509: 
2026-06-14 19:54:01.280141: Epoch 504
2026-06-14 19:54:01.284195: Current learning rate: 0.00532
2026-06-14 19:54:24.111222: train_loss -0.892
2026-06-14 19:54:24.114755: val_loss -0.5649
2026-06-14 19:54:24.119499: Pseudo dice [0.6915, 0.811]
2026-06-14 19:54:24.122869: Epoch time: 22.83 s
2026-06-14 19:54:24.988504: 
2026-06-14 19:54:24.990970: Epoch 505
2026-06-14 19:54:24.993327: Current learning rate: 0.00531
2026-06-14 19:54:47.762513: train_loss -0.8811
2026-06-14 19:54:47.765677: val_loss -0.7053
2026-06-14 19:54:47.767493: Pseudo dice [0.7484, 0.8396]
2026-06-14 19:54:47.769210: Epoch time: 22.78 s
2026-06-14 19:54:48.636798: 
2026-06-14 19:54:48.639479: Epoch 506
2026-06-14 19:54:48.641470: Current learning rate: 0.0053
2026-06-14 19:55:11.552208: train_loss -0.8874
2026-06-14 19:55:11.556672: val_loss -0.6361
2026-06-14 19:55:11.558688: Pseudo dice [0.7087, 0.8028]
2026-06-14 19:55:11.560494: Epoch time: 22.92 s
2026-06-14 19:55:12.431326: 
2026-06-14 19:55:12.436519: Epoch 507
2026-06-14 19:55:12.440269: Current learning rate: 0.00529
2026-06-14 19:55:35.220495: train_loss -0.8845
2026-06-14 19:55:35.223671: val_loss -0.577
2026-06-14 19:55:35.225382: Pseudo dice [0.7343, 0.8018]
2026-06-14 19:55:35.227135: Epoch time: 22.79 s
2026-06-14 19:55:36.090694: 
2026-06-14 19:55:36.092617: Epoch 508
2026-06-14 19:55:36.094428: Current learning rate: 0.00528
2026-06-14 19:55:58.900308: train_loss -0.8873
2026-06-14 19:55:58.903484: val_loss -0.6386
2026-06-14 19:55:58.905332: Pseudo dice [0.7816, 0.8203]
2026-06-14 19:55:58.907032: Epoch time: 22.81 s
2026-06-14 19:55:59.782037: 
2026-06-14 19:55:59.784152: Epoch 509
2026-06-14 19:55:59.786331: Current learning rate: 0.00527
2026-06-14 19:56:22.688901: train_loss -0.8819
2026-06-14 19:56:22.694035: val_loss -0.7051
2026-06-14 19:56:22.695764: Pseudo dice [0.8016, 0.8242]
2026-06-14 19:56:22.697369: Epoch time: 22.91 s
2026-06-14 19:56:23.565176: 
2026-06-14 19:56:23.567148: Epoch 510
2026-06-14 19:56:23.569084: Current learning rate: 0.00526
2026-06-14 19:56:46.335240: train_loss -0.8907
2026-06-14 19:56:46.340163: val_loss -0.6573
2026-06-14 19:56:46.342126: Pseudo dice [0.7592, 0.8086]
2026-06-14 19:56:46.343855: Epoch time: 22.77 s
2026-06-14 19:56:47.217834: 
2026-06-14 19:56:47.221204: Epoch 511
2026-06-14 19:56:47.223219: Current learning rate: 0.00525
2026-06-14 19:57:10.129431: train_loss -0.8904
2026-06-14 19:57:10.134951: val_loss -0.6225
2026-06-14 19:57:10.137365: Pseudo dice [0.7486, 0.8286]
2026-06-14 19:57:10.139383: Epoch time: 22.91 s
2026-06-14 19:57:10.996952: 
2026-06-14 19:57:10.999637: Epoch 512
2026-06-14 19:57:11.003385: Current learning rate: 0.00524
2026-06-14 19:57:33.869322: train_loss -0.8922
2026-06-14 19:57:33.873793: val_loss -0.6307
2026-06-14 19:57:33.875587: Pseudo dice [0.7477, 0.8139]
2026-06-14 19:57:33.877384: Epoch time: 22.87 s
2026-06-14 19:57:35.047467: 
2026-06-14 19:57:35.049537: Epoch 513
2026-06-14 19:57:35.051251: Current learning rate: 0.00523
2026-06-14 19:57:57.803438: train_loss -0.8964
2026-06-14 19:57:57.807420: val_loss -0.6063
2026-06-14 19:57:57.809431: Pseudo dice [0.7162, 0.812]
2026-06-14 19:57:57.811283: Epoch time: 22.76 s
2026-06-14 19:57:58.676046: 
2026-06-14 19:57:58.677783: Epoch 514
2026-06-14 19:57:58.679504: Current learning rate: 0.00522
2026-06-14 19:58:21.605968: train_loss -0.9002
2026-06-14 19:58:21.608651: val_loss -0.6541
2026-06-14 19:58:21.610232: Pseudo dice [0.7589, 0.8062]
2026-06-14 19:58:21.611794: Epoch time: 22.93 s
2026-06-14 19:58:22.484067: 
2026-06-14 19:58:22.487529: Epoch 515
2026-06-14 19:58:22.489289: Current learning rate: 0.00521
2026-06-14 19:58:45.457536: train_loss -0.8953
2026-06-14 19:58:45.461716: val_loss -0.6329
2026-06-14 19:58:45.463284: Pseudo dice [0.753, 0.8026]
2026-06-14 19:58:45.465871: Epoch time: 22.97 s
2026-06-14 19:58:46.328110: 
2026-06-14 19:58:46.330008: Epoch 516
2026-06-14 19:58:46.331914: Current learning rate: 0.0052
2026-06-14 19:59:09.249015: train_loss -0.8748
2026-06-14 19:59:09.253932: val_loss -0.6799
2026-06-14 19:59:09.256563: Pseudo dice [0.7491, 0.8159]
2026-06-14 19:59:09.259541: Epoch time: 22.92 s
2026-06-14 19:59:10.118272: 
2026-06-14 19:59:10.120035: Epoch 517
2026-06-14 19:59:10.121557: Current learning rate: 0.00519
2026-06-14 19:59:32.893825: train_loss -0.8865
2026-06-14 19:59:32.898430: val_loss -0.6799
2026-06-14 19:59:32.901556: Pseudo dice [0.7569, 0.8207]
2026-06-14 19:59:32.905177: Epoch time: 22.78 s
2026-06-14 19:59:33.771891: 
2026-06-14 19:59:33.775000: Epoch 518
2026-06-14 19:59:33.777100: Current learning rate: 0.00518
2026-06-14 19:59:56.451080: train_loss -0.8898
2026-06-14 19:59:56.459666: val_loss -0.6468
2026-06-14 19:59:56.464056: Pseudo dice [0.7227, 0.8338]
2026-06-14 19:59:56.467107: Epoch time: 22.68 s
2026-06-14 19:59:57.335675: 
2026-06-14 19:59:57.344040: Epoch 519
2026-06-14 19:59:57.349399: Current learning rate: 0.00518
2026-06-14 20:00:20.060461: train_loss -0.8871
2026-06-14 20:00:20.064208: val_loss -0.6083
2026-06-14 20:00:20.066885: Pseudo dice [0.7693, 0.8347]
2026-06-14 20:00:20.068990: Epoch time: 22.73 s
2026-06-14 20:00:20.951913: 
2026-06-14 20:00:20.954097: Epoch 520
2026-06-14 20:00:20.955861: Current learning rate: 0.00517
2026-06-14 20:00:43.695283: train_loss -0.88
2026-06-14 20:00:43.701975: val_loss -0.6177
2026-06-14 20:00:43.704830: Pseudo dice [0.75, 0.7774]
2026-06-14 20:00:43.707132: Epoch time: 22.74 s
2026-06-14 20:00:44.581784: 
2026-06-14 20:00:44.585312: Epoch 521
2026-06-14 20:00:44.588858: Current learning rate: 0.00516
2026-06-14 20:01:07.425542: train_loss -0.8922
2026-06-14 20:01:07.429846: val_loss -0.6535
2026-06-14 20:01:07.431676: Pseudo dice [0.7302, 0.8042]
2026-06-14 20:01:07.433525: Epoch time: 22.84 s
2026-06-14 20:01:08.312022: 
2026-06-14 20:01:08.313834: Epoch 522
2026-06-14 20:01:08.315515: Current learning rate: 0.00515
2026-06-14 20:01:31.320801: train_loss -0.8845
2026-06-14 20:01:31.324722: val_loss -0.6099
2026-06-14 20:01:31.327211: Pseudo dice [0.6842, 0.8323]
2026-06-14 20:01:31.329640: Epoch time: 23.01 s
2026-06-14 20:01:32.199931: 
2026-06-14 20:01:32.203719: Epoch 523
2026-06-14 20:01:32.207832: Current learning rate: 0.00514
2026-06-14 20:01:55.533329: train_loss -0.8965
2026-06-14 20:01:55.541451: val_loss -0.554
2026-06-14 20:01:55.546260: Pseudo dice [0.7244, 0.8097]
2026-06-14 20:01:55.550178: Epoch time: 23.33 s
2026-06-14 20:01:56.419126: 
2026-06-14 20:01:56.423453: Epoch 524
2026-06-14 20:01:56.427141: Current learning rate: 0.00513
2026-06-14 20:02:20.437131: train_loss -0.8817
2026-06-14 20:02:20.441910: val_loss -0.6882
2026-06-14 20:02:20.443838: Pseudo dice [0.7671, 0.8173]
2026-06-14 20:02:20.445506: Epoch time: 24.02 s
2026-06-14 20:02:21.707013: 
2026-06-14 20:02:21.709092: Epoch 525
2026-06-14 20:02:21.710907: Current learning rate: 0.00512
2026-06-14 20:02:45.436907: train_loss -0.8591
2026-06-14 20:02:45.440130: val_loss -0.6363
2026-06-14 20:02:45.442041: Pseudo dice [0.7351, 0.7534]
2026-06-14 20:02:45.443743: Epoch time: 23.73 s
2026-06-14 20:02:46.325230: 
2026-06-14 20:02:46.327180: Epoch 526
2026-06-14 20:02:46.329218: Current learning rate: 0.00511
2026-06-14 20:03:10.152364: train_loss -0.8579
2026-06-14 20:03:10.155488: val_loss -0.5512
2026-06-14 20:03:10.157159: Pseudo dice [0.6493, 0.7183]
2026-06-14 20:03:10.158607: Epoch time: 23.83 s
2026-06-14 20:03:11.027221: 
2026-06-14 20:03:11.029094: Epoch 527
2026-06-14 20:03:11.030797: Current learning rate: 0.0051
2026-06-14 20:03:34.192539: train_loss -0.8636
2026-06-14 20:03:34.201734: val_loss -0.6721
2026-06-14 20:03:34.205559: Pseudo dice [0.7187, 0.8044]
2026-06-14 20:03:34.208755: Epoch time: 23.17 s
2026-06-14 20:03:35.086416: 
2026-06-14 20:03:35.091046: Epoch 528
2026-06-14 20:03:35.094915: Current learning rate: 0.00509
2026-06-14 20:03:57.875873: train_loss -0.8875
2026-06-14 20:03:57.879448: val_loss -0.5933
2026-06-14 20:03:57.881260: Pseudo dice [0.7097, 0.7735]
2026-06-14 20:03:57.883201: Epoch time: 22.79 s
2026-06-14 20:03:58.742855: 
2026-06-14 20:03:58.744670: Epoch 529
2026-06-14 20:03:58.746461: Current learning rate: 0.00508
2026-06-14 20:04:21.438868: train_loss -0.8933
2026-06-14 20:04:21.441570: val_loss -0.6348
2026-06-14 20:04:21.443474: Pseudo dice [0.7211, 0.7994]
2026-06-14 20:04:21.445214: Epoch time: 22.7 s
2026-06-14 20:04:22.314166: 
2026-06-14 20:04:22.315838: Epoch 530
2026-06-14 20:04:22.317545: Current learning rate: 0.00507
2026-06-14 20:04:45.094261: train_loss -0.8765
2026-06-14 20:04:45.097811: val_loss -0.7142
2026-06-14 20:04:45.099331: Pseudo dice [0.7605, 0.8358]
2026-06-14 20:04:45.100798: Epoch time: 22.78 s
2026-06-14 20:04:45.954306: 
2026-06-14 20:04:45.955911: Epoch 531
2026-06-14 20:04:45.957512: Current learning rate: 0.00506
2026-06-14 20:05:08.625656: train_loss -0.8893
2026-06-14 20:05:08.628917: val_loss -0.6649
2026-06-14 20:05:08.630721: Pseudo dice [0.7135, 0.8161]
2026-06-14 20:05:08.632195: Epoch time: 22.67 s
2026-06-14 20:05:09.494420: 
2026-06-14 20:05:09.499133: Epoch 532
2026-06-14 20:05:09.500741: Current learning rate: 0.00505
2026-06-14 20:05:32.246531: train_loss -0.8937
2026-06-14 20:05:32.249006: val_loss -0.5586
2026-06-14 20:05:32.250838: Pseudo dice [0.7032, 0.8208]
2026-06-14 20:05:32.252729: Epoch time: 22.75 s
2026-06-14 20:05:33.120176: 
2026-06-14 20:05:33.121994: Epoch 533
2026-06-14 20:05:33.123500: Current learning rate: 0.00504
2026-06-14 20:05:55.911595: train_loss -0.8984
2026-06-14 20:05:55.915272: val_loss -0.6768
2026-06-14 20:05:55.916956: Pseudo dice [0.7305, 0.8035]
2026-06-14 20:05:55.918530: Epoch time: 22.79 s
2026-06-14 20:05:56.783338: 
2026-06-14 20:05:56.784963: Epoch 534
2026-06-14 20:05:56.786494: Current learning rate: 0.00503
2026-06-14 20:06:19.743901: train_loss -0.8941
2026-06-14 20:06:19.746762: val_loss -0.6595
2026-06-14 20:06:19.748496: Pseudo dice [0.7134, 0.8197]
2026-06-14 20:06:19.750171: Epoch time: 22.96 s
2026-06-14 20:06:20.609689: 
2026-06-14 20:06:20.611267: Epoch 535
2026-06-14 20:06:20.612797: Current learning rate: 0.00502
2026-06-14 20:06:43.390515: train_loss -0.8958
2026-06-14 20:06:43.393468: val_loss -0.6361
2026-06-14 20:06:43.395484: Pseudo dice [0.7293, 0.8116]
2026-06-14 20:06:43.397156: Epoch time: 22.78 s
2026-06-14 20:06:44.264264: 
2026-06-14 20:06:44.270786: Epoch 536
2026-06-14 20:06:44.273803: Current learning rate: 0.00501
2026-06-14 20:07:07.070302: train_loss -0.8933
2026-06-14 20:07:07.074401: val_loss -0.613
2026-06-14 20:07:07.076280: Pseudo dice [0.7586, 0.8233]
2026-06-14 20:07:07.077890: Epoch time: 22.81 s
2026-06-14 20:07:07.939381: 
2026-06-14 20:07:07.941136: Epoch 537
2026-06-14 20:07:07.942895: Current learning rate: 0.005
2026-06-14 20:07:31.027302: train_loss -0.8967
2026-06-14 20:07:31.032668: val_loss -0.6009
2026-06-14 20:07:31.035183: Pseudo dice [0.7115, 0.8147]
2026-06-14 20:07:31.037577: Epoch time: 23.09 s
2026-06-14 20:07:31.897028: 
2026-06-14 20:07:31.898883: Epoch 538
2026-06-14 20:07:31.900382: Current learning rate: 0.00499
2026-06-14 20:07:54.797132: train_loss -0.8927
2026-06-14 20:07:54.800662: val_loss -0.6559
2026-06-14 20:07:54.802181: Pseudo dice [0.7423, 0.831]
2026-06-14 20:07:54.805114: Epoch time: 22.9 s
2026-06-14 20:07:55.665404: 
2026-06-14 20:07:55.667644: Epoch 539
2026-06-14 20:07:55.669302: Current learning rate: 0.00498
2026-06-14 20:08:18.459077: train_loss -0.8964
2026-06-14 20:08:18.464578: val_loss -0.6921
2026-06-14 20:08:18.466813: Pseudo dice [0.7853, 0.8224]
2026-06-14 20:08:18.468772: Epoch time: 22.79 s
2026-06-14 20:08:19.338594: 
2026-06-14 20:08:19.346674: Epoch 540
2026-06-14 20:08:19.351554: Current learning rate: 0.00497
2026-06-14 20:08:42.152458: train_loss -0.899
2026-06-14 20:08:42.158422: val_loss -0.6046
2026-06-14 20:08:42.163971: Pseudo dice [0.7248, 0.8118]
2026-06-14 20:08:42.169800: Epoch time: 22.81 s
2026-06-14 20:08:43.044711: 
2026-06-14 20:08:43.050020: Epoch 541
2026-06-14 20:08:43.053827: Current learning rate: 0.00496
2026-06-14 20:09:05.919586: train_loss -0.898
2026-06-14 20:09:05.922191: val_loss -0.6753
2026-06-14 20:09:05.924013: Pseudo dice [0.7725, 0.8121]
2026-06-14 20:09:05.925781: Epoch time: 22.88 s
2026-06-14 20:09:06.793097: 
2026-06-14 20:09:06.794997: Epoch 542
2026-06-14 20:09:06.796736: Current learning rate: 0.00495
2026-06-14 20:09:29.533937: train_loss -0.8995
2026-06-14 20:09:29.538558: val_loss -0.6362
2026-06-14 20:09:29.540192: Pseudo dice [0.7605, 0.787]
2026-06-14 20:09:29.541873: Epoch time: 22.74 s
2026-06-14 20:09:30.401877: 
2026-06-14 20:09:30.403769: Epoch 543
2026-06-14 20:09:30.405362: Current learning rate: 0.00494
2026-06-14 20:09:53.263165: train_loss -0.8956
2026-06-14 20:09:53.266171: val_loss -0.62
2026-06-14 20:09:53.268031: Pseudo dice [0.7409, 0.7656]
2026-06-14 20:09:53.270233: Epoch time: 22.86 s
2026-06-14 20:09:54.135422: 
2026-06-14 20:09:54.137471: Epoch 544
2026-06-14 20:09:54.139502: Current learning rate: 0.00493
2026-06-14 20:10:16.805673: train_loss -0.8906
2026-06-14 20:10:16.810431: val_loss -0.6487
2026-06-14 20:10:16.812720: Pseudo dice [0.7255, 0.7929]
2026-06-14 20:10:16.814893: Epoch time: 22.67 s
2026-06-14 20:10:17.677905: 
2026-06-14 20:10:17.681065: Epoch 545
2026-06-14 20:10:17.683293: Current learning rate: 0.00492
2026-06-14 20:10:40.637515: train_loss -0.8964
2026-06-14 20:10:40.646294: val_loss -0.5833
2026-06-14 20:10:40.649972: Pseudo dice [0.6993, 0.7704]
2026-06-14 20:10:40.653059: Epoch time: 22.96 s
2026-06-14 20:10:41.519089: 
2026-06-14 20:10:41.522639: Epoch 546
2026-06-14 20:10:41.526232: Current learning rate: 0.00491
2026-06-14 20:11:04.268810: train_loss -0.8932
2026-06-14 20:11:04.272283: val_loss -0.6238
2026-06-14 20:11:04.274026: Pseudo dice [0.7495, 0.8244]
2026-06-14 20:11:04.276265: Epoch time: 22.75 s
2026-06-14 20:11:05.136559: 
2026-06-14 20:11:05.138209: Epoch 547
2026-06-14 20:11:05.140701: Current learning rate: 0.0049
2026-06-14 20:11:27.892031: train_loss -0.9004
2026-06-14 20:11:27.895207: val_loss -0.6299
2026-06-14 20:11:27.897498: Pseudo dice [0.7448, 0.7925]
2026-06-14 20:11:27.899181: Epoch time: 22.76 s
2026-06-14 20:11:28.770236: 
2026-06-14 20:11:28.772404: Epoch 548
2026-06-14 20:11:28.774394: Current learning rate: 0.00489
2026-06-14 20:11:51.646334: train_loss -0.896
2026-06-14 20:11:51.656147: val_loss -0.6404
2026-06-14 20:11:51.659701: Pseudo dice [0.7169, 0.8041]
2026-06-14 20:11:51.664376: Epoch time: 22.88 s
2026-06-14 20:11:52.527332: 
2026-06-14 20:11:52.529452: Epoch 549
2026-06-14 20:11:52.531060: Current learning rate: 0.00488
2026-06-14 20:12:15.476590: train_loss -0.8951
2026-06-14 20:12:15.479507: val_loss -0.66
2026-06-14 20:12:15.481336: Pseudo dice [0.777, 0.8037]
2026-06-14 20:12:15.483056: Epoch time: 22.95 s
2026-06-14 20:12:17.132239: 
2026-06-14 20:12:17.134757: Epoch 550
2026-06-14 20:12:17.136749: Current learning rate: 0.00487
2026-06-14 20:12:39.860800: train_loss -0.8923
2026-06-14 20:12:39.864217: val_loss -0.6479
2026-06-14 20:12:39.866121: Pseudo dice [0.7499, 0.7921]
2026-06-14 20:12:39.867906: Epoch time: 22.73 s
2026-06-14 20:12:40.724508: 
2026-06-14 20:12:40.726373: Epoch 551
2026-06-14 20:12:40.728100: Current learning rate: 0.00486
2026-06-14 20:13:03.554118: train_loss -0.889
2026-06-14 20:13:03.563837: val_loss -0.6416
2026-06-14 20:13:03.567150: Pseudo dice [0.709, 0.7746]
2026-06-14 20:13:03.570821: Epoch time: 22.83 s
2026-06-14 20:13:04.427458: 
2026-06-14 20:13:04.430205: Epoch 552
2026-06-14 20:13:04.431969: Current learning rate: 0.00485
2026-06-14 20:13:27.286168: train_loss -0.8927
2026-06-14 20:13:27.299347: val_loss -0.6439
2026-06-14 20:13:27.303155: Pseudo dice [0.7132, 0.7812]
2026-06-14 20:13:27.306361: Epoch time: 22.86 s
2026-06-14 20:13:28.176244: 
2026-06-14 20:13:28.178002: Epoch 553
2026-06-14 20:13:28.179872: Current learning rate: 0.00484
2026-06-14 20:13:50.866675: train_loss -0.8957
2026-06-14 20:13:50.870062: val_loss -0.706
2026-06-14 20:13:50.872115: Pseudo dice [0.7267, 0.8308]
2026-06-14 20:13:50.874337: Epoch time: 22.69 s
2026-06-14 20:13:51.743957: 
2026-06-14 20:13:51.745961: Epoch 554
2026-06-14 20:13:51.747922: Current learning rate: 0.00484
2026-06-14 20:14:14.487308: train_loss -0.9039
2026-06-14 20:14:14.492866: val_loss -0.627
2026-06-14 20:14:14.495397: Pseudo dice [0.7487, 0.7879]
2026-06-14 20:14:14.497359: Epoch time: 22.74 s
2026-06-14 20:14:15.381456: 
2026-06-14 20:14:15.400667: Epoch 555
2026-06-14 20:14:15.418929: Current learning rate: 0.00483
2026-06-14 20:14:38.316996: train_loss -0.8955
2026-06-14 20:14:38.320488: val_loss -0.6133
2026-06-14 20:14:38.322349: Pseudo dice [0.7322, 0.7961]
2026-06-14 20:14:38.324573: Epoch time: 22.94 s
2026-06-14 20:14:39.198584: 
2026-06-14 20:14:39.203096: Epoch 556
2026-06-14 20:14:39.206714: Current learning rate: 0.00482
2026-06-14 20:15:02.096925: train_loss -0.8979
2026-06-14 20:15:02.099853: val_loss -0.7086
2026-06-14 20:15:02.101533: Pseudo dice [0.7579, 0.82]
2026-06-14 20:15:02.103199: Epoch time: 22.9 s
2026-06-14 20:15:02.961430: 
2026-06-14 20:15:02.963274: Epoch 557
2026-06-14 20:15:02.965363: Current learning rate: 0.00481
2026-06-14 20:15:25.595846: train_loss -0.9021
2026-06-14 20:15:25.602059: val_loss -0.6548
2026-06-14 20:15:25.603927: Pseudo dice [0.7494, 0.8133]
2026-06-14 20:15:25.605505: Epoch time: 22.64 s
2026-06-14 20:15:26.463041: 
2026-06-14 20:15:26.464843: Epoch 558
2026-06-14 20:15:26.466646: Current learning rate: 0.0048
2026-06-14 20:15:49.391103: train_loss -0.8952
2026-06-14 20:15:49.394055: val_loss -0.6946
2026-06-14 20:15:49.396170: Pseudo dice [0.767, 0.8417]
2026-06-14 20:15:49.397827: Epoch time: 22.93 s
2026-06-14 20:15:50.263330: 
2026-06-14 20:15:50.265518: Epoch 559
2026-06-14 20:15:50.267407: Current learning rate: 0.00479
2026-06-14 20:16:13.160485: train_loss -0.889
2026-06-14 20:16:13.163178: val_loss -0.7284
2026-06-14 20:16:13.164755: Pseudo dice [0.7731, 0.8219]
2026-06-14 20:16:13.166444: Epoch time: 22.9 s
2026-06-14 20:16:14.040178: 
2026-06-14 20:16:14.041885: Epoch 560
2026-06-14 20:16:14.043438: Current learning rate: 0.00478
2026-06-14 20:16:36.931138: train_loss -0.8929
2026-06-14 20:16:36.937080: val_loss -0.6351
2026-06-14 20:16:36.938782: Pseudo dice [0.7191, 0.7907]
2026-06-14 20:16:36.940382: Epoch time: 22.89 s
2026-06-14 20:16:37.805644: 
2026-06-14 20:16:37.807482: Epoch 561
2026-06-14 20:16:37.809142: Current learning rate: 0.00477
2026-06-14 20:17:00.502419: train_loss -0.8947
2026-06-14 20:17:00.507197: val_loss -0.7092
2026-06-14 20:17:00.511883: Pseudo dice [0.7852, 0.8394]
2026-06-14 20:17:00.515389: Epoch time: 22.7 s
2026-06-14 20:17:01.677099: 
2026-06-14 20:17:01.679408: Epoch 562
2026-06-14 20:17:01.681269: Current learning rate: 0.00476
2026-06-14 20:17:24.574764: train_loss -0.9003
2026-06-14 20:17:24.577687: val_loss -0.6277
2026-06-14 20:17:24.579281: Pseudo dice [0.7327, 0.8206]
2026-06-14 20:17:24.581064: Epoch time: 22.9 s
2026-06-14 20:17:25.453609: 
2026-06-14 20:17:25.455433: Epoch 563
2026-06-14 20:17:25.457146: Current learning rate: 0.00475
2026-06-14 20:17:48.205954: train_loss -0.8998
2026-06-14 20:17:48.209720: val_loss -0.6961
2026-06-14 20:17:48.211409: Pseudo dice [0.7521, 0.8106]
2026-06-14 20:17:48.213056: Epoch time: 22.75 s
2026-06-14 20:17:49.074244: 
2026-06-14 20:17:49.076201: Epoch 564
2026-06-14 20:17:49.078122: Current learning rate: 0.00474
2026-06-14 20:18:11.891961: train_loss -0.8681
2026-06-14 20:18:11.895571: val_loss -0.6262
2026-06-14 20:18:11.901122: Pseudo dice [0.6931, 0.7884]
2026-06-14 20:18:11.902783: Epoch time: 22.82 s
2026-06-14 20:18:12.767615: 
2026-06-14 20:18:12.769556: Epoch 565
2026-06-14 20:18:12.771652: Current learning rate: 0.00473
2026-06-14 20:18:35.500283: train_loss -0.8692
2026-06-14 20:18:35.505751: val_loss -0.697
2026-06-14 20:18:35.510210: Pseudo dice [0.7667, 0.8184]
2026-06-14 20:18:35.514845: Epoch time: 22.73 s
2026-06-14 20:18:36.397305: 
2026-06-14 20:18:36.399617: Epoch 566
2026-06-14 20:18:36.401466: Current learning rate: 0.00472
2026-06-14 20:18:59.277386: train_loss -0.8656
2026-06-14 20:18:59.369740: val_loss -0.6652
2026-06-14 20:18:59.380702: Pseudo dice [0.6963, 0.7839]
2026-06-14 20:18:59.391731: Epoch time: 22.88 s
2026-06-14 20:19:00.293611: 
2026-06-14 20:19:00.297478: Epoch 567
2026-06-14 20:19:00.300638: Current learning rate: 0.00471
2026-06-14 20:19:23.154152: train_loss -0.857
2026-06-14 20:19:23.162904: val_loss -0.6169
2026-06-14 20:19:23.166576: Pseudo dice [0.7225, 0.7729]
2026-06-14 20:19:23.170434: Epoch time: 22.86 s
2026-06-14 20:19:24.043214: 
2026-06-14 20:19:24.050028: Epoch 568
2026-06-14 20:19:24.053872: Current learning rate: 0.0047
2026-06-14 20:19:46.903114: train_loss -0.8586
2026-06-14 20:19:46.906114: val_loss -0.6377
2026-06-14 20:19:46.907656: Pseudo dice [0.7452, 0.7618]
2026-06-14 20:19:46.909113: Epoch time: 22.86 s
2026-06-14 20:19:47.784006: 
2026-06-14 20:19:47.785652: Epoch 569
2026-06-14 20:19:47.787165: Current learning rate: 0.00469
2026-06-14 20:20:10.451092: train_loss -0.8712
2026-06-14 20:20:10.456182: val_loss -0.6329
2026-06-14 20:20:10.458411: Pseudo dice [0.656, 0.7718]
2026-06-14 20:20:10.460998: Epoch time: 22.67 s
2026-06-14 20:20:11.329020: 
2026-06-14 20:20:11.330904: Epoch 570
2026-06-14 20:20:11.332470: Current learning rate: 0.00468
2026-06-14 20:20:34.316889: train_loss -0.8874
2026-06-14 20:20:34.319472: val_loss -0.6758
2026-06-14 20:20:34.321506: Pseudo dice [0.7454, 0.8095]
2026-06-14 20:20:34.323261: Epoch time: 22.99 s
2026-06-14 20:20:35.189246: 
2026-06-14 20:20:35.191559: Epoch 571
2026-06-14 20:20:35.194206: Current learning rate: 0.00467
2026-06-14 20:20:58.086455: train_loss -0.8831
2026-06-14 20:20:58.090022: val_loss -0.6096
2026-06-14 20:20:58.093160: Pseudo dice [0.7225, 0.8246]
2026-06-14 20:20:58.095169: Epoch time: 22.9 s
2026-06-14 20:20:58.969833: 
2026-06-14 20:20:58.973387: Epoch 572
2026-06-14 20:20:58.976956: Current learning rate: 0.00466
2026-06-14 20:21:21.968514: train_loss -0.8877
2026-06-14 20:21:21.972536: val_loss -0.6557
2026-06-14 20:21:21.974113: Pseudo dice [0.7469, 0.8191]
2026-06-14 20:21:21.975891: Epoch time: 23.0 s
2026-06-14 20:21:22.845543: 
2026-06-14 20:21:22.847420: Epoch 573
2026-06-14 20:21:22.849151: Current learning rate: 0.00465
2026-06-14 20:21:45.778279: train_loss -0.8854
2026-06-14 20:21:45.781350: val_loss -0.7301
2026-06-14 20:21:45.783072: Pseudo dice [0.7696, 0.8373]
2026-06-14 20:21:45.784840: Epoch time: 22.93 s
2026-06-14 20:21:46.971036: 
2026-06-14 20:21:46.972800: Epoch 574
2026-06-14 20:21:46.974325: Current learning rate: 0.00464
2026-06-14 20:22:09.878035: train_loss -0.8805
2026-06-14 20:22:09.880844: val_loss -0.6773
2026-06-14 20:22:09.882724: Pseudo dice [0.7476, 0.7937]
2026-06-14 20:22:09.884399: Epoch time: 22.91 s
2026-06-14 20:22:10.757787: 
2026-06-14 20:22:10.759536: Epoch 575
2026-06-14 20:22:10.761201: Current learning rate: 0.00463
2026-06-14 20:22:33.368266: train_loss -0.8934
2026-06-14 20:22:33.371774: val_loss -0.717
2026-06-14 20:22:33.373407: Pseudo dice [0.7388, 0.8249]
2026-06-14 20:22:33.375049: Epoch time: 22.61 s
2026-06-14 20:22:34.249162: 
2026-06-14 20:22:34.251126: Epoch 576
2026-06-14 20:22:34.252848: Current learning rate: 0.00462
2026-06-14 20:22:56.980150: train_loss -0.896
2026-06-14 20:22:56.985666: val_loss -0.7342
2026-06-14 20:22:56.989507: Pseudo dice [0.749, 0.8288]
2026-06-14 20:22:56.993331: Epoch time: 22.73 s
2026-06-14 20:22:57.872642: 
2026-06-14 20:22:57.874867: Epoch 577
2026-06-14 20:22:57.877141: Current learning rate: 0.00461
2026-06-14 20:23:20.641412: train_loss -0.8909
2026-06-14 20:23:20.650908: val_loss -0.6051
2026-06-14 20:23:20.655314: Pseudo dice [0.714, 0.784]
2026-06-14 20:23:20.659814: Epoch time: 22.77 s
2026-06-14 20:23:21.552304: 
2026-06-14 20:23:21.554260: Epoch 578
2026-06-14 20:23:21.555962: Current learning rate: 0.0046
2026-06-14 20:23:44.359553: train_loss -0.8948
2026-06-14 20:23:44.363521: val_loss -0.5999
2026-06-14 20:23:44.365302: Pseudo dice [0.6886, 0.8057]
2026-06-14 20:23:44.366793: Epoch time: 22.81 s
2026-06-14 20:23:45.243944: 
2026-06-14 20:23:45.246040: Epoch 579
2026-06-14 20:23:45.247850: Current learning rate: 0.00459
2026-06-14 20:24:08.067223: train_loss -0.8915
2026-06-14 20:24:08.070449: val_loss -0.6837
2026-06-14 20:24:08.072238: Pseudo dice [0.7064, 0.8479]
2026-06-14 20:24:08.075963: Epoch time: 22.82 s
2026-06-14 20:24:08.964720: 
2026-06-14 20:24:08.966599: Epoch 580
2026-06-14 20:24:08.968295: Current learning rate: 0.00458
2026-06-14 20:24:31.693121: train_loss -0.8926
2026-06-14 20:24:31.695869: val_loss -0.6924
2026-06-14 20:24:31.698036: Pseudo dice [0.7388, 0.8079]
2026-06-14 20:24:31.699696: Epoch time: 22.73 s
2026-06-14 20:24:32.574389: 
2026-06-14 20:24:32.576256: Epoch 581
2026-06-14 20:24:32.578118: Current learning rate: 0.00457
2026-06-14 20:24:55.404997: train_loss -0.8866
2026-06-14 20:24:55.408632: val_loss -0.6655
2026-06-14 20:24:55.410406: Pseudo dice [0.7009, 0.8226]
2026-06-14 20:24:55.412035: Epoch time: 22.83 s
2026-06-14 20:24:56.283928: 
2026-06-14 20:24:56.286708: Epoch 582
2026-06-14 20:24:56.288984: Current learning rate: 0.00456
2026-06-14 20:25:19.056267: train_loss -0.8925
2026-06-14 20:25:19.065912: val_loss -0.6309
2026-06-14 20:25:19.070039: Pseudo dice [0.724, 0.8296]
2026-06-14 20:25:19.075904: Epoch time: 22.77 s
2026-06-14 20:25:20.061281: 
2026-06-14 20:25:20.065606: Epoch 583
2026-06-14 20:25:20.069863: Current learning rate: 0.00455
2026-06-14 20:25:42.776750: train_loss -0.8901
2026-06-14 20:25:42.781958: val_loss -0.6858
2026-06-14 20:25:42.783835: Pseudo dice [0.7358, 0.809]
2026-06-14 20:25:42.785594: Epoch time: 22.72 s
2026-06-14 20:25:43.663900: 
2026-06-14 20:25:43.665838: Epoch 584
2026-06-14 20:25:43.667582: Current learning rate: 0.00454
2026-06-14 20:26:06.319820: train_loss -0.8918
2026-06-14 20:26:06.323405: val_loss -0.6854
2026-06-14 20:26:06.324962: Pseudo dice [0.7562, 0.8289]
2026-06-14 20:26:06.326452: Epoch time: 22.66 s
2026-06-14 20:26:07.209273: 
2026-06-14 20:26:07.210844: Epoch 585
2026-06-14 20:26:07.212457: Current learning rate: 0.00453
2026-06-14 20:26:29.902719: train_loss -0.8823
2026-06-14 20:26:29.907566: val_loss -0.612
2026-06-14 20:26:29.911904: Pseudo dice [0.6964, 0.7879]
2026-06-14 20:26:29.914867: Epoch time: 22.69 s
2026-06-14 20:26:30.819505: 
2026-06-14 20:26:30.823530: Epoch 586
2026-06-14 20:26:30.825813: Current learning rate: 0.00452
2026-06-14 20:26:53.658539: train_loss -0.8922
2026-06-14 20:26:53.662550: val_loss -0.6324
2026-06-14 20:26:53.664235: Pseudo dice [0.7416, 0.792]
2026-06-14 20:26:53.665914: Epoch time: 22.84 s
2026-06-14 20:26:54.855367: 
2026-06-14 20:26:54.857220: Epoch 587
2026-06-14 20:26:54.858801: Current learning rate: 0.00451
2026-06-14 20:27:17.512365: train_loss -0.8903
2026-06-14 20:27:17.516066: val_loss -0.704
2026-06-14 20:27:17.518031: Pseudo dice [0.7662, 0.8311]
2026-06-14 20:27:17.519750: Epoch time: 22.66 s
2026-06-14 20:27:18.408361: 
2026-06-14 20:27:18.411553: Epoch 588
2026-06-14 20:27:18.414112: Current learning rate: 0.0045
2026-06-14 20:27:41.290550: train_loss -0.8887
2026-06-14 20:27:41.293394: val_loss -0.5984
2026-06-14 20:27:41.295168: Pseudo dice [0.7394, 0.8223]
2026-06-14 20:27:41.297473: Epoch time: 22.88 s
2026-06-14 20:27:42.188535: 
2026-06-14 20:27:42.191444: Epoch 589
2026-06-14 20:27:42.193723: Current learning rate: 0.00449
2026-06-14 20:28:04.920024: train_loss -0.8879
2026-06-14 20:28:04.923489: val_loss -0.6339
2026-06-14 20:28:04.925698: Pseudo dice [0.7605, 0.826]
2026-06-14 20:28:04.928228: Epoch time: 22.73 s
2026-06-14 20:28:05.809364: 
2026-06-14 20:28:05.811342: Epoch 590
2026-06-14 20:28:05.812958: Current learning rate: 0.00448
2026-06-14 20:28:28.517633: train_loss -0.8934
2026-06-14 20:28:28.522807: val_loss -0.6767
2026-06-14 20:28:28.524460: Pseudo dice [0.7384, 0.8259]
2026-06-14 20:28:28.526144: Epoch time: 22.71 s
2026-06-14 20:28:29.400380: 
2026-06-14 20:28:29.402240: Epoch 591
2026-06-14 20:28:29.403831: Current learning rate: 0.00447
2026-06-14 20:28:52.179643: train_loss -0.8918
2026-06-14 20:28:52.184964: val_loss -0.7333
2026-06-14 20:28:52.188639: Pseudo dice [0.7652, 0.8326]
2026-06-14 20:28:52.191252: Epoch time: 22.78 s
2026-06-14 20:28:53.067761: 
2026-06-14 20:28:53.071753: Epoch 592
2026-06-14 20:28:53.076520: Current learning rate: 0.00446
2026-06-14 20:29:15.908178: train_loss -0.8918
2026-06-14 20:29:15.911471: val_loss -0.6654
2026-06-14 20:29:15.913221: Pseudo dice [0.7462, 0.7967]
2026-06-14 20:29:15.914803: Epoch time: 22.84 s
2026-06-14 20:29:16.799873: 
2026-06-14 20:29:16.801980: Epoch 593
2026-06-14 20:29:16.804021: Current learning rate: 0.00445
2026-06-14 20:29:39.508644: train_loss -0.8868
2026-06-14 20:29:39.512470: val_loss -0.6645
2026-06-14 20:29:39.514216: Pseudo dice [0.7516, 0.8028]
2026-06-14 20:29:39.515743: Epoch time: 22.71 s
2026-06-14 20:29:40.393771: 
2026-06-14 20:29:40.396306: Epoch 594
2026-06-14 20:29:40.398834: Current learning rate: 0.00444
2026-06-14 20:30:03.185355: train_loss -0.8837
2026-06-14 20:30:03.188170: val_loss -0.6364
2026-06-14 20:30:03.190068: Pseudo dice [0.7436, 0.8156]
2026-06-14 20:30:03.191574: Epoch time: 22.79 s
2026-06-14 20:30:04.081117: 
2026-06-14 20:30:04.083176: Epoch 595
2026-06-14 20:30:04.085049: Current learning rate: 0.00443
2026-06-14 20:30:27.015252: train_loss -0.8883
2026-06-14 20:30:27.018627: val_loss -0.6202
2026-06-14 20:30:27.020233: Pseudo dice [0.7073, 0.781]
2026-06-14 20:30:27.021882: Epoch time: 22.94 s
2026-06-14 20:30:27.903950: 
2026-06-14 20:30:27.907456: Epoch 596
2026-06-14 20:30:27.909056: Current learning rate: 0.00442
2026-06-14 20:30:50.713332: train_loss -0.8908
2026-06-14 20:30:50.721076: val_loss -0.6383
2026-06-14 20:30:50.723622: Pseudo dice [0.739, 0.8074]
2026-06-14 20:30:50.726304: Epoch time: 22.81 s
2026-06-14 20:30:51.639445: 
2026-06-14 20:30:51.641974: Epoch 597
2026-06-14 20:30:51.644192: Current learning rate: 0.00441
2026-06-14 20:31:14.372045: train_loss -0.8978
2026-06-14 20:31:14.377599: val_loss -0.6609
2026-06-14 20:31:14.379449: Pseudo dice [0.7731, 0.821]
2026-06-14 20:31:14.381335: Epoch time: 22.73 s
2026-06-14 20:31:15.270966: 
2026-06-14 20:31:15.272848: Epoch 598
2026-06-14 20:31:15.274615: Current learning rate: 0.0044
2026-06-14 20:31:38.000934: train_loss -0.8903
2026-06-14 20:31:38.003888: val_loss -0.684
2026-06-14 20:31:38.005764: Pseudo dice [0.7563, 0.7958]
2026-06-14 20:31:38.007643: Epoch time: 22.73 s
2026-06-14 20:31:39.181213: 
2026-06-14 20:31:39.184430: Epoch 599
2026-06-14 20:31:39.187167: Current learning rate: 0.00439
2026-06-14 20:32:01.946378: train_loss -0.8924
2026-06-14 20:32:01.953585: val_loss -0.6528
2026-06-14 20:32:01.955101: Pseudo dice [0.7262, 0.797]
2026-06-14 20:32:01.957459: Epoch time: 22.77 s
2026-06-14 20:32:03.319893: 
2026-06-14 20:32:03.321773: Epoch 600
2026-06-14 20:32:03.323618: Current learning rate: 0.00438
2026-06-14 20:32:26.033888: train_loss -0.8953
2026-06-14 20:32:26.036566: val_loss -0.6711
2026-06-14 20:32:26.038264: Pseudo dice [0.7502, 0.8374]
2026-06-14 20:32:26.040101: Epoch time: 22.71 s
2026-06-14 20:32:26.918508: 
2026-06-14 20:32:26.920683: Epoch 601
2026-06-14 20:32:26.922454: Current learning rate: 0.00437
2026-06-14 20:32:49.731391: train_loss -0.9002
2026-06-14 20:32:49.734713: val_loss -0.5979
2026-06-14 20:32:49.736809: Pseudo dice [0.7476, 0.786]
2026-06-14 20:32:49.738590: Epoch time: 22.81 s
2026-06-14 20:32:50.619466: 
2026-06-14 20:32:50.624253: Epoch 602
2026-06-14 20:32:50.628461: Current learning rate: 0.00436
2026-06-14 20:33:13.512678: train_loss -0.8864
2026-06-14 20:33:13.516478: val_loss -0.5384
2026-06-14 20:33:13.518237: Pseudo dice [0.6352, 0.7309]
2026-06-14 20:33:13.519680: Epoch time: 22.89 s
2026-06-14 20:33:14.404892: 
2026-06-14 20:33:14.406717: Epoch 603
2026-06-14 20:33:14.408353: Current learning rate: 0.00435
2026-06-14 20:33:37.302425: train_loss -0.8641
2026-06-14 20:33:37.306711: val_loss -0.6014
2026-06-14 20:33:37.308393: Pseudo dice [0.7521, 0.8081]
2026-06-14 20:33:37.310043: Epoch time: 22.9 s
2026-06-14 20:33:38.178892: 
2026-06-14 20:33:38.180679: Epoch 604
2026-06-14 20:33:38.182349: Current learning rate: 0.00434
2026-06-14 20:34:01.012768: train_loss -0.8691
2026-06-14 20:34:01.022743: val_loss -0.6363
2026-06-14 20:34:01.027461: Pseudo dice [0.7232, 0.8076]
2026-06-14 20:34:01.030996: Epoch time: 22.83 s
2026-06-14 20:34:01.915259: 
2026-06-14 20:34:01.918287: Epoch 605
2026-06-14 20:34:01.920789: Current learning rate: 0.00433
2026-06-14 20:34:24.670743: train_loss -0.8935
2026-06-14 20:34:24.674431: val_loss -0.6689
2026-06-14 20:34:24.675926: Pseudo dice [0.7521, 0.8094]
2026-06-14 20:34:24.677599: Epoch time: 22.76 s
2026-06-14 20:34:25.559060: 
2026-06-14 20:34:25.561079: Epoch 606
2026-06-14 20:34:25.562705: Current learning rate: 0.00432
2026-06-14 20:34:48.385550: train_loss -0.8882
2026-06-14 20:34:48.388607: val_loss -0.6999
2026-06-14 20:34:48.390230: Pseudo dice [0.7541, 0.8195]
2026-06-14 20:34:48.391849: Epoch time: 22.83 s
2026-06-14 20:34:49.277434: 
2026-06-14 20:34:49.284971: Epoch 607
2026-06-14 20:34:49.287763: Current learning rate: 0.00431
2026-06-14 20:35:12.064400: train_loss -0.8925
2026-06-14 20:35:12.067703: val_loss -0.5687
2026-06-14 20:35:12.069787: Pseudo dice [0.7432, 0.7783]
2026-06-14 20:35:12.071267: Epoch time: 22.79 s
2026-06-14 20:35:12.939393: 
2026-06-14 20:35:12.941381: Epoch 608
2026-06-14 20:35:12.943046: Current learning rate: 0.0043
2026-06-14 20:35:35.792500: train_loss -0.8938
2026-06-14 20:35:35.797727: val_loss -0.5884
2026-06-14 20:35:35.799472: Pseudo dice [0.7001, 0.759]
2026-06-14 20:35:35.806261: Epoch time: 22.85 s
2026-06-14 20:35:36.694113: 
2026-06-14 20:35:36.695924: Epoch 609
2026-06-14 20:35:36.697799: Current learning rate: 0.00429
2026-06-14 20:35:59.415464: train_loss -0.8971
2026-06-14 20:35:59.420376: val_loss -0.6333
2026-06-14 20:35:59.424018: Pseudo dice [0.7202, 0.7923]
2026-06-14 20:35:59.427693: Epoch time: 22.72 s
2026-06-14 20:36:00.363829: 
2026-06-14 20:36:00.366902: Epoch 610
2026-06-14 20:36:00.369106: Current learning rate: 0.00429
2026-06-14 20:36:23.133318: train_loss -0.8939
2026-06-14 20:36:23.136336: val_loss -0.6446
2026-06-14 20:36:23.138251: Pseudo dice [0.76, 0.7844]
2026-06-14 20:36:23.140114: Epoch time: 22.77 s
2026-06-14 20:36:24.320387: 
2026-06-14 20:36:24.322399: Epoch 611
2026-06-14 20:36:24.324312: Current learning rate: 0.00428
2026-06-14 20:36:47.006023: train_loss -0.8915
2026-06-14 20:36:47.009477: val_loss -0.6707
2026-06-14 20:36:47.011035: Pseudo dice [0.7826, 0.815]
2026-06-14 20:36:47.012834: Epoch time: 22.69 s
2026-06-14 20:36:47.890117: 
2026-06-14 20:36:47.892082: Epoch 612
2026-06-14 20:36:47.893607: Current learning rate: 0.00427
2026-06-14 20:37:10.647670: train_loss -0.8971
2026-06-14 20:37:10.650689: val_loss -0.6611
2026-06-14 20:37:10.653109: Pseudo dice [0.7357, 0.8117]
2026-06-14 20:37:10.654847: Epoch time: 22.76 s
2026-06-14 20:37:11.532226: 
2026-06-14 20:37:11.535087: Epoch 613
2026-06-14 20:37:11.536757: Current learning rate: 0.00426
2026-06-14 20:37:34.427455: train_loss -0.8999
2026-06-14 20:37:34.430600: val_loss -0.5952
2026-06-14 20:37:34.432909: Pseudo dice [0.7261, 0.8228]
2026-06-14 20:37:34.434675: Epoch time: 22.9 s
2026-06-14 20:37:35.318294: 
2026-06-14 20:37:35.320795: Epoch 614
2026-06-14 20:37:35.322947: Current learning rate: 0.00425
2026-06-14 20:37:58.140671: train_loss -0.8996
2026-06-14 20:37:58.144441: val_loss -0.6687
2026-06-14 20:37:58.146192: Pseudo dice [0.7942, 0.8281]
2026-06-14 20:37:58.147933: Epoch time: 22.82 s
2026-06-14 20:37:59.026808: 
2026-06-14 20:37:59.028601: Epoch 615
2026-06-14 20:37:59.030207: Current learning rate: 0.00424
2026-06-14 20:38:21.735874: train_loss -0.9047
2026-06-14 20:38:21.738957: val_loss -0.6886
2026-06-14 20:38:21.740664: Pseudo dice [0.7739, 0.8316]
2026-06-14 20:38:21.742313: Epoch time: 22.71 s
2026-06-14 20:38:22.627560: 
2026-06-14 20:38:22.630215: Epoch 616
2026-06-14 20:38:22.632087: Current learning rate: 0.00423
2026-06-14 20:38:45.621204: train_loss -0.901
2026-06-14 20:38:45.624044: val_loss -0.7049
2026-06-14 20:38:45.625703: Pseudo dice [0.7831, 0.8163]
2026-06-14 20:38:45.627432: Epoch time: 22.99 s
2026-06-14 20:38:46.504337: 
2026-06-14 20:38:46.506655: Epoch 617
2026-06-14 20:38:46.508440: Current learning rate: 0.00422
2026-06-14 20:39:09.382217: train_loss -0.8879
2026-06-14 20:39:09.389419: val_loss -0.6644
2026-06-14 20:39:09.392225: Pseudo dice [0.7502, 0.8067]
2026-06-14 20:39:09.395398: Epoch time: 22.88 s
2026-06-14 20:39:10.270487: 
2026-06-14 20:39:10.272299: Epoch 618
2026-06-14 20:39:10.274004: Current learning rate: 0.00421
2026-06-14 20:39:32.943577: train_loss -0.8971
2026-06-14 20:39:32.946728: val_loss -0.625
2026-06-14 20:39:32.948519: Pseudo dice [0.7417, 0.7548]
2026-06-14 20:39:32.950187: Epoch time: 22.67 s
2026-06-14 20:39:33.837811: 
2026-06-14 20:39:33.839667: Epoch 619
2026-06-14 20:39:33.841336: Current learning rate: 0.0042
2026-06-14 20:39:56.609547: train_loss -0.8823
2026-06-14 20:39:56.613148: val_loss -0.5879
2026-06-14 20:39:56.615226: Pseudo dice [0.7162, 0.7431]
2026-06-14 20:39:56.617184: Epoch time: 22.77 s
2026-06-14 20:39:57.490747: 
2026-06-14 20:39:57.498426: Epoch 620
2026-06-14 20:39:57.500178: Current learning rate: 0.00419
2026-06-14 20:40:20.383945: train_loss -0.8646
2026-06-14 20:40:20.388249: val_loss -0.6706
2026-06-14 20:40:20.389815: Pseudo dice [0.746, 0.8176]
2026-06-14 20:40:20.391398: Epoch time: 22.89 s
2026-06-14 20:40:21.277061: 
2026-06-14 20:40:21.278867: Epoch 621
2026-06-14 20:40:21.280511: Current learning rate: 0.00418
2026-06-14 20:40:44.046848: train_loss -0.8821
2026-06-14 20:40:44.050243: val_loss -0.6011
2026-06-14 20:40:44.051968: Pseudo dice [0.7149, 0.8173]
2026-06-14 20:40:44.055227: Epoch time: 22.77 s
2026-06-14 20:40:44.938515: 
2026-06-14 20:40:44.940501: Epoch 622
2026-06-14 20:40:44.942042: Current learning rate: 0.00417
2026-06-14 20:41:07.773868: train_loss -0.8901
2026-06-14 20:41:07.776601: val_loss -0.6599
2026-06-14 20:41:07.778101: Pseudo dice [0.7557, 0.8339]
2026-06-14 20:41:07.779544: Epoch time: 22.84 s
2026-06-14 20:41:08.965033: 
2026-06-14 20:41:08.966802: Epoch 623
2026-06-14 20:41:08.968448: Current learning rate: 0.00416
2026-06-14 20:41:31.641986: train_loss -0.9004
2026-06-14 20:41:31.645637: val_loss -0.67
2026-06-14 20:41:31.647218: Pseudo dice [0.7601, 0.8448]
2026-06-14 20:41:31.648747: Epoch time: 22.68 s
2026-06-14 20:41:32.534416: 
2026-06-14 20:41:32.536233: Epoch 624
2026-06-14 20:41:32.538446: Current learning rate: 0.00415
2026-06-14 20:41:55.434634: train_loss -0.8921
2026-06-14 20:41:55.441003: val_loss -0.6408
2026-06-14 20:41:55.460517: Pseudo dice [0.7152, 0.8186]
2026-06-14 20:41:55.478316: Epoch time: 22.9 s
2026-06-14 20:41:56.376555: 
2026-06-14 20:41:56.379346: Epoch 625
2026-06-14 20:41:56.382288: Current learning rate: 0.00414
2026-06-14 20:42:19.113239: train_loss -0.8958
2026-06-14 20:42:19.116229: val_loss -0.7018
2026-06-14 20:42:19.117907: Pseudo dice [0.7652, 0.8193]
2026-06-14 20:42:19.119750: Epoch time: 22.74 s
2026-06-14 20:42:20.030013: 
2026-06-14 20:42:20.032050: Epoch 626
2026-06-14 20:42:20.033813: Current learning rate: 0.00413
2026-06-14 20:42:42.837793: train_loss -0.896
2026-06-14 20:42:42.843129: val_loss -0.7069
2026-06-14 20:42:42.844855: Pseudo dice [0.7675, 0.848]
2026-06-14 20:42:42.846505: Epoch time: 22.81 s
2026-06-14 20:42:43.726762: 
2026-06-14 20:42:43.728950: Epoch 627
2026-06-14 20:42:43.731012: Current learning rate: 0.00412
2026-06-14 20:43:06.526573: train_loss -0.8973
2026-06-14 20:43:06.529374: val_loss -0.6564
2026-06-14 20:43:06.531128: Pseudo dice [0.7568, 0.8277]
2026-06-14 20:43:06.532797: Epoch time: 22.8 s
2026-06-14 20:43:07.419738: 
2026-06-14 20:43:07.421932: Epoch 628
2026-06-14 20:43:07.423483: Current learning rate: 0.00411
2026-06-14 20:43:30.140044: train_loss -0.8991
2026-06-14 20:43:30.142735: val_loss -0.6877
2026-06-14 20:43:30.144486: Pseudo dice [0.7846, 0.8342]
2026-06-14 20:43:30.146094: Epoch time: 22.72 s
2026-06-14 20:43:31.025995: 
2026-06-14 20:43:31.027750: Epoch 629
2026-06-14 20:43:31.029307: Current learning rate: 0.0041
2026-06-14 20:43:53.806682: train_loss -0.9019
2026-06-14 20:43:53.810902: val_loss -0.6422
2026-06-14 20:43:53.812710: Pseudo dice [0.7551, 0.8456]
2026-06-14 20:43:53.814378: Epoch time: 22.78 s
2026-06-14 20:43:54.695752: 
2026-06-14 20:43:54.697907: Epoch 630
2026-06-14 20:43:54.699995: Current learning rate: 0.00409
2026-06-14 20:44:17.738711: train_loss -0.9001
2026-06-14 20:44:17.741592: val_loss -0.5912
2026-06-14 20:44:17.744206: Pseudo dice [0.7185, 0.7779]
2026-06-14 20:44:17.745960: Epoch time: 23.04 s
2026-06-14 20:44:18.647233: 
2026-06-14 20:44:18.649039: Epoch 631
2026-06-14 20:44:18.650707: Current learning rate: 0.00408
2026-06-14 20:44:41.371850: train_loss -0.8979
2026-06-14 20:44:41.374777: val_loss -0.6835
2026-06-14 20:44:41.377253: Pseudo dice [0.7266, 0.8201]
2026-06-14 20:44:41.379188: Epoch time: 22.73 s
2026-06-14 20:44:42.264764: 
2026-06-14 20:44:42.266645: Epoch 632
2026-06-14 20:44:42.268258: Current learning rate: 0.00407
2026-06-14 20:45:05.170325: train_loss -0.9028
2026-06-14 20:45:05.174773: val_loss -0.6654
2026-06-14 20:45:05.176682: Pseudo dice [0.7838, 0.835]
2026-06-14 20:45:05.178371: Epoch time: 22.91 s
2026-06-14 20:45:06.068827: 
2026-06-14 20:45:06.072248: Epoch 633
2026-06-14 20:45:06.073951: Current learning rate: 0.00406
2026-06-14 20:45:28.721584: train_loss -0.9054
2026-06-14 20:45:28.724559: val_loss -0.691
2026-06-14 20:45:28.726129: Pseudo dice [0.7505, 0.8488]
2026-06-14 20:45:28.727707: Epoch time: 22.65 s
2026-06-14 20:45:29.602967: 
2026-06-14 20:45:29.604766: Epoch 634
2026-06-14 20:45:29.606414: Current learning rate: 0.00405
2026-06-14 20:45:52.577534: train_loss -0.8959
2026-06-14 20:45:52.589994: val_loss -0.614
2026-06-14 20:45:52.592078: Pseudo dice [0.7417, 0.8187]
2026-06-14 20:45:52.593844: Epoch time: 22.98 s
2026-06-14 20:45:53.778850: 
2026-06-14 20:45:53.781854: Epoch 635
2026-06-14 20:45:53.783337: Current learning rate: 0.00404
2026-06-14 20:46:16.688441: train_loss -0.8967
2026-06-14 20:46:16.692625: val_loss -0.7238
2026-06-14 20:46:16.694369: Pseudo dice [0.7588, 0.803]
2026-06-14 20:46:16.695805: Epoch time: 22.91 s
2026-06-14 20:46:17.578604: 
2026-06-14 20:46:17.580354: Epoch 636
2026-06-14 20:46:17.581871: Current learning rate: 0.00403
2026-06-14 20:46:40.369953: train_loss -0.8866
2026-06-14 20:46:40.375187: val_loss -0.6255
2026-06-14 20:46:40.378853: Pseudo dice [0.7315, 0.7963]
2026-06-14 20:46:40.381509: Epoch time: 22.79 s
2026-06-14 20:46:41.263403: 
2026-06-14 20:46:41.265221: Epoch 637
2026-06-14 20:46:41.266665: Current learning rate: 0.00402
2026-06-14 20:47:04.194340: train_loss -0.8877
2026-06-14 20:47:04.197448: val_loss -0.6474
2026-06-14 20:47:04.199322: Pseudo dice [0.6771, 0.8015]
2026-06-14 20:47:04.201601: Epoch time: 22.93 s
2026-06-14 20:47:05.089658: 
2026-06-14 20:47:05.093618: Epoch 638
2026-06-14 20:47:05.096534: Current learning rate: 0.00401
2026-06-14 20:47:27.954869: train_loss -0.8973
2026-06-14 20:47:27.958721: val_loss -0.659
2026-06-14 20:47:27.960328: Pseudo dice [0.7437, 0.8207]
2026-06-14 20:47:27.962111: Epoch time: 22.87 s
2026-06-14 20:47:28.838284: 
2026-06-14 20:47:28.839984: Epoch 639
2026-06-14 20:47:28.841795: Current learning rate: 0.004
2026-06-14 20:47:51.539586: train_loss -0.9004
2026-06-14 20:47:51.550474: val_loss -0.7321
2026-06-14 20:47:51.554201: Pseudo dice [0.7732, 0.8423]
2026-06-14 20:47:51.555855: Epoch time: 22.7 s
2026-06-14 20:47:52.441671: 
2026-06-14 20:47:52.443546: Epoch 640
2026-06-14 20:47:52.445183: Current learning rate: 0.00399
2026-06-14 20:48:15.397876: train_loss -0.903
2026-06-14 20:48:15.403460: val_loss -0.6106
2026-06-14 20:48:15.407612: Pseudo dice [0.7215, 0.832]
2026-06-14 20:48:15.411934: Epoch time: 22.96 s
2026-06-14 20:48:16.306573: 
2026-06-14 20:48:16.308338: Epoch 641
2026-06-14 20:48:16.310040: Current learning rate: 0.00398
2026-06-14 20:48:39.088451: train_loss -0.9018
2026-06-14 20:48:39.092228: val_loss -0.7202
2026-06-14 20:48:39.093783: Pseudo dice [0.7583, 0.8407]
2026-06-14 20:48:39.095622: Epoch time: 22.78 s
2026-06-14 20:48:39.972943: 
2026-06-14 20:48:39.974578: Epoch 642
2026-06-14 20:48:39.976104: Current learning rate: 0.00397
2026-06-14 20:49:02.733400: train_loss -0.8993
2026-06-14 20:49:02.737107: val_loss -0.6289
2026-06-14 20:49:02.739285: Pseudo dice [0.707, 0.8278]
2026-06-14 20:49:02.741075: Epoch time: 22.76 s
2026-06-14 20:49:03.625275: 
2026-06-14 20:49:03.627146: Epoch 643
2026-06-14 20:49:03.628891: Current learning rate: 0.00396
2026-06-14 20:49:26.343330: train_loss -0.9043
2026-06-14 20:49:26.346903: val_loss -0.6893
2026-06-14 20:49:26.348993: Pseudo dice [0.7722, 0.8284]
2026-06-14 20:49:26.351595: Epoch time: 22.72 s
2026-06-14 20:49:27.233355: 
2026-06-14 20:49:27.235195: Epoch 644
2026-06-14 20:49:27.237368: Current learning rate: 0.00395
2026-06-14 20:49:50.173390: train_loss -0.8986
2026-06-14 20:49:50.177050: val_loss -0.7042
2026-06-14 20:49:50.178678: Pseudo dice [0.7694, 0.8153]
2026-06-14 20:49:50.180320: Epoch time: 22.94 s
2026-06-14 20:49:51.056495: 
2026-06-14 20:49:51.058253: Epoch 645
2026-06-14 20:49:51.059974: Current learning rate: 0.00394
2026-06-14 20:50:13.834439: train_loss -0.9022
2026-06-14 20:50:13.837350: val_loss -0.6787
2026-06-14 20:50:13.839291: Pseudo dice [0.7159, 0.866]
2026-06-14 20:50:13.840972: Epoch time: 22.78 s
2026-06-14 20:50:14.719353: 
2026-06-14 20:50:14.721185: Epoch 646
2026-06-14 20:50:14.722828: Current learning rate: 0.00393
2026-06-14 20:50:37.391503: train_loss -0.8894
2026-06-14 20:50:37.394546: val_loss -0.6847
2026-06-14 20:50:37.396383: Pseudo dice [0.7459, 0.7932]
2026-06-14 20:50:37.398067: Epoch time: 22.67 s
2026-06-14 20:50:38.591052: 
2026-06-14 20:50:38.593770: Epoch 647
2026-06-14 20:50:38.596533: Current learning rate: 0.00392
2026-06-14 20:51:01.188134: train_loss -0.8951
2026-06-14 20:51:01.192363: val_loss -0.5758
2026-06-14 20:51:01.194732: Pseudo dice [0.7152, 0.6326]
2026-06-14 20:51:01.197302: Epoch time: 22.6 s
2026-06-14 20:51:02.079934: 
2026-06-14 20:51:02.084048: Epoch 648
2026-06-14 20:51:02.087961: Current learning rate: 0.00391
2026-06-14 20:51:24.942397: train_loss -0.8706
2026-06-14 20:51:24.945182: val_loss -0.6902
2026-06-14 20:51:24.946925: Pseudo dice [0.7734, 0.7887]
2026-06-14 20:51:24.948546: Epoch time: 22.86 s
2026-06-14 20:51:25.824831: 
2026-06-14 20:51:25.826951: Epoch 649
2026-06-14 20:51:25.828624: Current learning rate: 0.0039
2026-06-14 20:51:48.636939: train_loss -0.8853
2026-06-14 20:51:48.641062: val_loss -0.6586
2026-06-14 20:51:48.643150: Pseudo dice [0.7312, 0.8241]
2026-06-14 20:51:48.646382: Epoch time: 22.81 s
2026-06-14 20:51:50.035702: 
2026-06-14 20:51:50.037925: Epoch 650
2026-06-14 20:51:50.039403: Current learning rate: 0.00389
2026-06-14 20:52:12.856759: train_loss -0.8941
2026-06-14 20:52:12.860227: val_loss -0.7372
2026-06-14 20:52:12.861916: Pseudo dice [0.7922, 0.835]
2026-06-14 20:52:12.863539: Epoch time: 22.82 s
2026-06-14 20:52:13.773072: 
2026-06-14 20:52:13.774838: Epoch 651
2026-06-14 20:52:13.776669: Current learning rate: 0.00388
2026-06-14 20:52:36.673387: train_loss -0.8945
2026-06-14 20:52:36.676251: val_loss -0.6375
2026-06-14 20:52:36.677872: Pseudo dice [0.7308, 0.8269]
2026-06-14 20:52:36.679376: Epoch time: 22.9 s
2026-06-14 20:52:37.590964: 
2026-06-14 20:52:37.592846: Epoch 652
2026-06-14 20:52:37.594565: Current learning rate: 0.00387
2026-06-14 20:53:00.555299: train_loss -0.8915
2026-06-14 20:53:00.559876: val_loss -0.662
2026-06-14 20:53:00.562292: Pseudo dice [0.7495, 0.8123]
2026-06-14 20:53:00.565104: Epoch time: 22.97 s
2026-06-14 20:53:01.446497: 
2026-06-14 20:53:01.448251: Epoch 653
2026-06-14 20:53:01.449925: Current learning rate: 0.00386
2026-06-14 20:53:24.205898: train_loss -0.8959
2026-06-14 20:53:24.209749: val_loss -0.6517
2026-06-14 20:53:24.211429: Pseudo dice [0.7521, 0.8297]
2026-06-14 20:53:24.213112: Epoch time: 22.76 s
2026-06-14 20:53:25.089838: 
2026-06-14 20:53:25.091432: Epoch 654
2026-06-14 20:53:25.093193: Current learning rate: 0.00385
2026-06-14 20:53:47.925473: train_loss -0.8968
2026-06-14 20:53:47.930023: val_loss -0.6849
2026-06-14 20:53:47.932727: Pseudo dice [0.7655, 0.8242]
2026-06-14 20:53:47.936058: Epoch time: 22.84 s
2026-06-14 20:53:48.819442: 
2026-06-14 20:53:48.822466: Epoch 655
2026-06-14 20:53:48.824802: Current learning rate: 0.00384
2026-06-14 20:54:11.589102: train_loss -0.894
2026-06-14 20:54:11.592916: val_loss -0.6152
2026-06-14 20:54:11.594609: Pseudo dice [0.7109, 0.7518]
2026-06-14 20:54:11.596219: Epoch time: 22.77 s
2026-06-14 20:54:12.472459: 
2026-06-14 20:54:12.474417: Epoch 656
2026-06-14 20:54:12.476117: Current learning rate: 0.00383
2026-06-14 20:54:35.192268: train_loss -0.8926
2026-06-14 20:54:35.195771: val_loss -0.6424
2026-06-14 20:54:35.197415: Pseudo dice [0.7395, 0.7842]
2026-06-14 20:54:35.199166: Epoch time: 22.72 s
2026-06-14 20:54:36.075727: 
2026-06-14 20:54:36.077724: Epoch 657
2026-06-14 20:54:36.079410: Current learning rate: 0.00382
2026-06-14 20:54:58.698606: train_loss -0.8851
2026-06-14 20:54:58.701908: val_loss -0.5798
2026-06-14 20:54:58.703537: Pseudo dice [0.7105, 0.764]
2026-06-14 20:54:58.705251: Epoch time: 22.62 s
2026-06-14 20:54:59.591469: 
2026-06-14 20:54:59.593807: Epoch 658
2026-06-14 20:54:59.595492: Current learning rate: 0.00381
2026-06-14 20:55:22.407681: train_loss -0.8823
2026-06-14 20:55:22.410742: val_loss -0.5905
2026-06-14 20:55:22.412315: Pseudo dice [0.7028, 0.7684]
2026-06-14 20:55:22.414033: Epoch time: 22.82 s
2026-06-14 20:55:23.591376: 
2026-06-14 20:55:23.593114: Epoch 659
2026-06-14 20:55:23.594716: Current learning rate: 0.0038
2026-06-14 20:55:46.420578: train_loss -0.8851
2026-06-14 20:55:46.424199: val_loss -0.6385
2026-06-14 20:55:46.426098: Pseudo dice [0.7125, 0.775]
2026-06-14 20:55:46.428056: Epoch time: 22.83 s
2026-06-14 20:55:47.309558: 
2026-06-14 20:55:47.311691: Epoch 660
2026-06-14 20:55:47.313370: Current learning rate: 0.00379
2026-06-14 20:56:10.128509: train_loss -0.8751
2026-06-14 20:56:10.131289: val_loss -0.639
2026-06-14 20:56:10.132847: Pseudo dice [0.7243, 0.808]
2026-06-14 20:56:10.134588: Epoch time: 22.82 s
2026-06-14 20:56:11.019855: 
2026-06-14 20:56:11.023169: Epoch 661
2026-06-14 20:56:11.025994: Current learning rate: 0.00378
2026-06-14 20:56:33.860529: train_loss -0.877
2026-06-14 20:56:33.865502: val_loss -0.5167
2026-06-14 20:56:33.867585: Pseudo dice [0.6457, 0.7541]
2026-06-14 20:56:33.869315: Epoch time: 22.84 s
2026-06-14 20:56:34.746366: 
2026-06-14 20:56:34.748267: Epoch 662
2026-06-14 20:56:34.750278: Current learning rate: 0.00377
2026-06-14 20:56:57.488329: train_loss -0.8892
2026-06-14 20:56:57.493043: val_loss -0.6588
2026-06-14 20:56:57.496517: Pseudo dice [0.7749, 0.8284]
2026-06-14 20:56:57.499864: Epoch time: 22.74 s
2026-06-14 20:56:58.389035: 
2026-06-14 20:56:58.391608: Epoch 663
2026-06-14 20:56:58.393462: Current learning rate: 0.00376
2026-06-14 20:57:21.239493: train_loss -0.8886
2026-06-14 20:57:21.242272: val_loss -0.7308
2026-06-14 20:57:21.243866: Pseudo dice [0.7778, 0.819]
2026-06-14 20:57:21.245353: Epoch time: 22.85 s
2026-06-14 20:57:22.115838: 
2026-06-14 20:57:22.117666: Epoch 664
2026-06-14 20:57:22.119259: Current learning rate: 0.00375
2026-06-14 20:57:45.096405: train_loss -0.8966
2026-06-14 20:57:45.100402: val_loss -0.6766
2026-06-14 20:57:45.103424: Pseudo dice [0.7586, 0.8061]
2026-06-14 20:57:45.106045: Epoch time: 22.98 s
2026-06-14 20:57:45.982905: 
2026-06-14 20:57:45.984735: Epoch 665
2026-06-14 20:57:45.986376: Current learning rate: 0.00374
2026-06-14 20:58:08.745178: train_loss -0.8938
2026-06-14 20:58:08.749542: val_loss -0.6913
2026-06-14 20:58:08.751332: Pseudo dice [0.7514, 0.8326]
2026-06-14 20:58:08.753012: Epoch time: 22.76 s
2026-06-14 20:58:09.631410: 
2026-06-14 20:58:09.633312: Epoch 666
2026-06-14 20:58:09.635159: Current learning rate: 0.00373
2026-06-14 20:58:32.354962: train_loss -0.8995
2026-06-14 20:58:32.358468: val_loss -0.6319
2026-06-14 20:58:32.360323: Pseudo dice [0.7698, 0.8026]
2026-06-14 20:58:32.362134: Epoch time: 22.72 s
2026-06-14 20:58:33.243664: 
2026-06-14 20:58:33.245665: Epoch 667
2026-06-14 20:58:33.247272: Current learning rate: 0.00372
2026-06-14 20:58:56.175518: train_loss -0.8858
2026-06-14 20:58:56.178441: val_loss -0.6306
2026-06-14 20:58:56.180220: Pseudo dice [0.7242, 0.7881]
2026-06-14 20:58:56.181955: Epoch time: 22.93 s
2026-06-14 20:58:57.072651: 
2026-06-14 20:58:57.074389: Epoch 668
2026-06-14 20:58:57.075896: Current learning rate: 0.00371
2026-06-14 20:59:19.808160: train_loss -0.89
2026-06-14 20:59:19.811687: val_loss -0.5927
2026-06-14 20:59:19.813169: Pseudo dice [0.7569, 0.7986]
2026-06-14 20:59:19.814714: Epoch time: 22.74 s
2026-06-14 20:59:20.698734: 
2026-06-14 20:59:20.700462: Epoch 669
2026-06-14 20:59:20.702032: Current learning rate: 0.0037
2026-06-14 20:59:43.508987: train_loss -0.8962
2026-06-14 20:59:43.512998: val_loss -0.6643
2026-06-14 20:59:43.514704: Pseudo dice [0.7815, 0.8301]
2026-06-14 20:59:43.517134: Epoch time: 22.81 s
2026-06-14 20:59:44.403291: 
2026-06-14 20:59:44.405296: Epoch 670
2026-06-14 20:59:44.406959: Current learning rate: 0.00369
2026-06-14 21:00:07.159650: train_loss -0.8962
2026-06-14 21:00:07.163004: val_loss -0.6799
2026-06-14 21:00:07.165028: Pseudo dice [0.7875, 0.8366]
2026-06-14 21:00:07.166792: Epoch time: 22.76 s
2026-06-14 21:00:08.351311: 
2026-06-14 21:00:08.352976: Epoch 671
2026-06-14 21:00:08.354480: Current learning rate: 0.00368
2026-06-14 21:00:31.182380: train_loss -0.8995
2026-06-14 21:00:31.187962: val_loss -0.6264
2026-06-14 21:00:31.189801: Pseudo dice [0.7545, 0.8264]
2026-06-14 21:00:31.193034: Epoch time: 22.83 s
2026-06-14 21:00:32.082457: 
2026-06-14 21:00:32.084210: Epoch 672
2026-06-14 21:00:32.085763: Current learning rate: 0.00367
2026-06-14 21:00:54.997806: train_loss -0.8952
2026-06-14 21:00:55.001767: val_loss -0.6751
2026-06-14 21:00:55.004692: Pseudo dice [0.7706, 0.833]
2026-06-14 21:00:55.007376: Epoch time: 22.92 s
2026-06-14 21:00:55.893928: 
2026-06-14 21:00:55.895922: Epoch 673
2026-06-14 21:00:55.897546: Current learning rate: 0.00366
2026-06-14 21:01:18.850021: train_loss -0.8957
2026-06-14 21:01:18.853309: val_loss -0.7348
2026-06-14 21:01:18.856433: Pseudo dice [0.7759, 0.8204]
2026-06-14 21:01:18.859599: Epoch time: 22.96 s
2026-06-14 21:01:19.751763: 
2026-06-14 21:01:19.756091: Epoch 674
2026-06-14 21:01:19.758226: Current learning rate: 0.00365
2026-06-14 21:01:42.601804: train_loss -0.8967
2026-06-14 21:01:42.606146: val_loss -0.6946
2026-06-14 21:01:42.607926: Pseudo dice [0.7435, 0.8499]
2026-06-14 21:01:42.609511: Epoch time: 22.85 s
2026-06-14 21:01:43.493065: 
2026-06-14 21:01:43.496921: Epoch 675
2026-06-14 21:01:43.499770: Current learning rate: 0.00364
2026-06-14 21:02:06.331416: train_loss -0.8914
2026-06-14 21:02:06.335777: val_loss -0.6228
2026-06-14 21:02:06.337667: Pseudo dice [0.7793, 0.8193]
2026-06-14 21:02:06.339289: Epoch time: 22.84 s
2026-06-14 21:02:07.221732: 
2026-06-14 21:02:07.224471: Epoch 676
2026-06-14 21:02:07.226280: Current learning rate: 0.00363
2026-06-14 21:02:30.069283: train_loss -0.8985
2026-06-14 21:02:30.072027: val_loss -0.6698
2026-06-14 21:02:30.073494: Pseudo dice [0.7562, 0.8309]
2026-06-14 21:02:30.075082: Epoch time: 22.85 s
2026-06-14 21:02:30.954453: 
2026-06-14 21:02:30.956280: Epoch 677
2026-06-14 21:02:30.957795: Current learning rate: 0.00362
2026-06-14 21:02:53.629529: train_loss -0.9013
2026-06-14 21:02:53.633715: val_loss -0.6487
2026-06-14 21:02:53.637034: Pseudo dice [0.7299, 0.8296]
2026-06-14 21:02:53.639904: Epoch time: 22.68 s
2026-06-14 21:02:54.524567: 
2026-06-14 21:02:54.526188: Epoch 678
2026-06-14 21:02:54.527539: Current learning rate: 0.00361
2026-06-14 21:03:17.335079: train_loss -0.8978
2026-06-14 21:03:17.338206: val_loss -0.6183
2026-06-14 21:03:17.340287: Pseudo dice [0.7402, 0.848]
2026-06-14 21:03:17.341989: Epoch time: 22.81 s
2026-06-14 21:03:18.225789: 
2026-06-14 21:03:18.227555: Epoch 679
2026-06-14 21:03:18.229099: Current learning rate: 0.0036
2026-06-14 21:03:41.348868: train_loss -0.8961
2026-06-14 21:03:41.351837: val_loss -0.6855
2026-06-14 21:03:41.353396: Pseudo dice [0.7873, 0.8458]
2026-06-14 21:03:41.355139: Epoch time: 23.12 s
2026-06-14 21:03:42.248850: 
2026-06-14 21:03:42.250603: Epoch 680
2026-06-14 21:03:42.252098: Current learning rate: 0.00359
2026-06-14 21:04:05.031574: train_loss -0.9091
2026-06-14 21:04:05.035247: val_loss -0.686
2026-06-14 21:04:05.036900: Pseudo dice [0.7974, 0.8301]
2026-06-14 21:04:05.038540: Epoch time: 22.78 s
2026-06-14 21:04:05.942036: 
2026-06-14 21:04:05.946014: Epoch 681
2026-06-14 21:04:05.948483: Current learning rate: 0.00358
2026-06-14 21:04:28.694975: train_loss -0.9029
2026-06-14 21:04:28.697834: val_loss -0.6664
2026-06-14 21:04:28.699314: Pseudo dice [0.7914, 0.8246]
2026-06-14 21:04:28.700890: Epoch time: 22.75 s
2026-06-14 21:04:29.589954: 
2026-06-14 21:04:29.592508: Epoch 682
2026-06-14 21:04:29.595162: Current learning rate: 0.00357
2026-06-14 21:04:52.496589: train_loss -0.8948
2026-06-14 21:04:52.499273: val_loss -0.6941
2026-06-14 21:04:52.501287: Pseudo dice [0.7846, 0.817]
2026-06-14 21:04:52.502900: Epoch time: 22.91 s
2026-06-14 21:04:52.504432: Yayy! New best EMA pseudo Dice: 0.7946
2026-06-14 21:04:54.177987: 
2026-06-14 21:04:54.180814: Epoch 683
2026-06-14 21:04:54.183386: Current learning rate: 0.00356
2026-06-14 21:05:17.057767: train_loss -0.897
2026-06-14 21:05:17.061569: val_loss -0.6309
2026-06-14 21:05:17.063259: Pseudo dice [0.7365, 0.8179]
2026-06-14 21:05:17.064930: Epoch time: 22.88 s
2026-06-14 21:05:17.948828: 
2026-06-14 21:05:17.950830: Epoch 684
2026-06-14 21:05:17.952472: Current learning rate: 0.00355
2026-06-14 21:05:40.742450: train_loss -0.9058
2026-06-14 21:05:40.746385: val_loss -0.6123
2026-06-14 21:05:40.748637: Pseudo dice [0.7855, 0.8157]
2026-06-14 21:05:40.751788: Epoch time: 22.79 s
2026-06-14 21:05:41.637314: 
2026-06-14 21:05:41.639203: Epoch 685
2026-06-14 21:05:41.642889: Current learning rate: 0.00354
2026-06-14 21:06:04.349762: train_loss -0.9063
2026-06-14 21:06:04.357108: val_loss -0.6228
2026-06-14 21:06:04.360068: Pseudo dice [0.7451, 0.7906]
2026-06-14 21:06:04.361737: Epoch time: 22.71 s
2026-06-14 21:06:05.245182: 
2026-06-14 21:06:05.248836: Epoch 686
2026-06-14 21:06:05.252087: Current learning rate: 0.00353
2026-06-14 21:06:28.157966: train_loss -0.8989
2026-06-14 21:06:28.162205: val_loss -0.6469
2026-06-14 21:06:28.164304: Pseudo dice [0.7037, 0.793]
2026-06-14 21:06:28.165958: Epoch time: 22.91 s
2026-06-14 21:06:29.053121: 
2026-06-14 21:06:29.054749: Epoch 687
2026-06-14 21:06:29.056705: Current learning rate: 0.00352
2026-06-14 21:06:51.744985: train_loss -0.8968
2026-06-14 21:06:51.751136: val_loss -0.626
2026-06-14 21:06:51.754025: Pseudo dice [0.713, 0.7995]
2026-06-14 21:06:51.755917: Epoch time: 22.69 s
2026-06-14 21:06:52.646366: 
2026-06-14 21:06:52.648114: Epoch 688
2026-06-14 21:06:52.649851: Current learning rate: 0.00351
2026-06-14 21:07:15.585941: train_loss -0.8963
2026-06-14 21:07:15.589392: val_loss -0.6991
2026-06-14 21:07:15.591648: Pseudo dice [0.7689, 0.8123]
2026-06-14 21:07:15.593556: Epoch time: 22.94 s
2026-06-14 21:07:16.483201: 
2026-06-14 21:07:16.485001: Epoch 689
2026-06-14 21:07:16.486881: Current learning rate: 0.0035
2026-06-14 21:07:39.391080: train_loss -0.9026
2026-06-14 21:07:39.395631: val_loss -0.6618
2026-06-14 21:07:39.398258: Pseudo dice [0.7469, 0.8131]
2026-06-14 21:07:39.400542: Epoch time: 22.91 s
2026-06-14 21:07:40.288944: 
2026-06-14 21:07:40.290962: Epoch 690
2026-06-14 21:07:40.292666: Current learning rate: 0.00349
2026-06-14 21:08:02.968377: train_loss -0.9031
2026-06-14 21:08:02.971206: val_loss -0.6362
2026-06-14 21:08:02.972698: Pseudo dice [0.7445, 0.7993]
2026-06-14 21:08:02.975881: Epoch time: 22.68 s
2026-06-14 21:08:03.866442: 
2026-06-14 21:08:03.868222: Epoch 691
2026-06-14 21:08:03.869838: Current learning rate: 0.00348
2026-06-14 21:08:26.581560: train_loss -0.9084
2026-06-14 21:08:26.584473: val_loss -0.6104
2026-06-14 21:08:26.586136: Pseudo dice [0.7522, 0.7979]
2026-06-14 21:08:26.587832: Epoch time: 22.72 s
2026-06-14 21:08:27.471852: 
2026-06-14 21:08:27.473686: Epoch 692
2026-06-14 21:08:27.475306: Current learning rate: 0.00346
2026-06-14 21:08:50.282228: train_loss -0.9022
2026-06-14 21:08:50.285543: val_loss -0.6985
2026-06-14 21:08:50.287216: Pseudo dice [0.7602, 0.8187]
2026-06-14 21:08:50.288953: Epoch time: 22.81 s
2026-06-14 21:08:51.170478: 
2026-06-14 21:08:51.172310: Epoch 693
2026-06-14 21:08:51.174035: Current learning rate: 0.00345
2026-06-14 21:09:14.074094: train_loss -0.9059
2026-06-14 21:09:14.077500: val_loss -0.6535
2026-06-14 21:09:14.079765: Pseudo dice [0.7561, 0.7969]
2026-06-14 21:09:14.081798: Epoch time: 22.9 s
2026-06-14 21:09:15.274856: 
2026-06-14 21:09:15.276682: Epoch 694
2026-06-14 21:09:15.278337: Current learning rate: 0.00344
2026-06-14 21:09:38.120531: train_loss -0.9046
2026-06-14 21:09:38.130004: val_loss -0.7353
2026-06-14 21:09:38.137285: Pseudo dice [0.7669, 0.8319]
2026-06-14 21:09:38.143039: Epoch time: 22.85 s
2026-06-14 21:09:39.037621: 
2026-06-14 21:09:39.041650: Epoch 695
2026-06-14 21:09:39.045944: Current learning rate: 0.00343
2026-06-14 21:10:01.883806: train_loss -0.8715
2026-06-14 21:10:01.890892: val_loss -0.5678
2026-06-14 21:10:01.893125: Pseudo dice [0.7248, 0.7207]
2026-06-14 21:10:01.895095: Epoch time: 22.85 s
2026-06-14 21:10:02.797955: 
2026-06-14 21:10:02.802450: Epoch 696
2026-06-14 21:10:02.805911: Current learning rate: 0.00342
2026-06-14 21:10:25.612846: train_loss -0.8786
2026-06-14 21:10:25.615674: val_loss -0.6577
2026-06-14 21:10:25.619651: Pseudo dice [0.7249, 0.7725]
2026-06-14 21:10:25.622629: Epoch time: 22.82 s
2026-06-14 21:10:26.533361: 
2026-06-14 21:10:26.535209: Epoch 697
2026-06-14 21:10:26.536880: Current learning rate: 0.00341
2026-06-14 21:10:49.256715: train_loss -0.8896
2026-06-14 21:10:49.260087: val_loss -0.6628
2026-06-14 21:10:49.262089: Pseudo dice [0.7346, 0.787]
2026-06-14 21:10:49.264136: Epoch time: 22.72 s
2026-06-14 21:10:50.156390: 
2026-06-14 21:10:50.158446: Epoch 698
2026-06-14 21:10:50.160198: Current learning rate: 0.0034
2026-06-14 21:11:12.985333: train_loss -0.8954
2026-06-14 21:11:12.989918: val_loss -0.6172
2026-06-14 21:11:12.991657: Pseudo dice [0.7371, 0.8096]
2026-06-14 21:11:12.993214: Epoch time: 22.83 s
2026-06-14 21:11:13.879040: 
2026-06-14 21:11:13.881122: Epoch 699
2026-06-14 21:11:13.883281: Current learning rate: 0.00339
2026-06-14 21:11:36.563783: train_loss -0.8978
2026-06-14 21:11:36.569906: val_loss -0.6502
2026-06-14 21:11:36.572317: Pseudo dice [0.7563, 0.7775]
2026-06-14 21:11:36.574022: Epoch time: 22.69 s
2026-06-14 21:11:37.960430: 
2026-06-14 21:11:37.962373: Epoch 700
2026-06-14 21:11:37.963958: Current learning rate: 0.00338
2026-06-14 21:12:00.764404: train_loss -0.9015
2026-06-14 21:12:00.767186: val_loss -0.6583
2026-06-14 21:12:00.768792: Pseudo dice [0.7639, 0.8067]
2026-06-14 21:12:00.770495: Epoch time: 22.81 s
2026-06-14 21:12:01.662040: 
2026-06-14 21:12:01.663779: Epoch 701
2026-06-14 21:12:01.665449: Current learning rate: 0.00337
2026-06-14 21:12:24.609376: train_loss -0.8961
2026-06-14 21:12:24.613553: val_loss -0.5529
2026-06-14 21:12:24.615564: Pseudo dice [0.7329, 0.7983]
2026-06-14 21:12:24.617369: Epoch time: 22.95 s
2026-06-14 21:12:25.513799: 
2026-06-14 21:12:25.515451: Epoch 702
2026-06-14 21:12:25.517182: Current learning rate: 0.00336
2026-06-14 21:12:48.385988: train_loss -0.8982
2026-06-14 21:12:48.388882: val_loss -0.6472
2026-06-14 21:12:48.390740: Pseudo dice [0.7522, 0.8038]
2026-06-14 21:12:48.392315: Epoch time: 22.87 s
2026-06-14 21:12:49.283181: 
2026-06-14 21:12:49.284733: Epoch 703
2026-06-14 21:12:49.286327: Current learning rate: 0.00335
2026-06-14 21:13:12.101923: train_loss -0.9017
2026-06-14 21:13:12.105332: val_loss -0.6945
2026-06-14 21:13:12.107420: Pseudo dice [0.7891, 0.8297]
2026-06-14 21:13:12.109590: Epoch time: 22.82 s
2026-06-14 21:13:13.007665: 
2026-06-14 21:13:13.010975: Epoch 704
2026-06-14 21:13:13.012716: Current learning rate: 0.00334
2026-06-14 21:13:35.861230: train_loss -0.9015
2026-06-14 21:13:35.864745: val_loss -0.6435
2026-06-14 21:13:35.866277: Pseudo dice [0.7588, 0.7952]
2026-06-14 21:13:35.867820: Epoch time: 22.85 s
2026-06-14 21:13:36.750636: 
2026-06-14 21:13:36.752346: Epoch 705
2026-06-14 21:13:36.754046: Current learning rate: 0.00333
2026-06-14 21:13:59.729541: train_loss -0.9042
2026-06-14 21:13:59.732538: val_loss -0.6217
2026-06-14 21:13:59.734222: Pseudo dice [0.7578, 0.7789]
2026-06-14 21:13:59.735819: Epoch time: 22.98 s
2026-06-14 21:14:00.910796: 
2026-06-14 21:14:00.912590: Epoch 706
2026-06-14 21:14:00.914179: Current learning rate: 0.00332
2026-06-14 21:14:23.731717: train_loss -0.9083
2026-06-14 21:14:23.734688: val_loss -0.6782
2026-06-14 21:14:23.736376: Pseudo dice [0.7301, 0.807]
2026-06-14 21:14:23.738178: Epoch time: 22.82 s
2026-06-14 21:14:24.627249: 
2026-06-14 21:14:24.629100: Epoch 707
2026-06-14 21:14:24.630911: Current learning rate: 0.00331
2026-06-14 21:14:47.557357: train_loss -0.9064
2026-06-14 21:14:47.561560: val_loss -0.6572
2026-06-14 21:14:47.564703: Pseudo dice [0.7897, 0.8358]
2026-06-14 21:14:47.568119: Epoch time: 22.93 s
2026-06-14 21:14:48.463528: 
2026-06-14 21:14:48.465599: Epoch 708
2026-06-14 21:14:48.467416: Current learning rate: 0.0033
2026-06-14 21:15:11.327813: train_loss -0.9058
2026-06-14 21:15:11.330461: val_loss -0.6871
2026-06-14 21:15:11.332154: Pseudo dice [0.7297, 0.8307]
2026-06-14 21:15:11.333693: Epoch time: 22.87 s
2026-06-14 21:15:12.221100: 
2026-06-14 21:15:12.222987: Epoch 709
2026-06-14 21:15:12.224516: Current learning rate: 0.00329
2026-06-14 21:15:35.038108: train_loss -0.9084
2026-06-14 21:15:35.041904: val_loss -0.6805
2026-06-14 21:15:35.045201: Pseudo dice [0.787, 0.8128]
2026-06-14 21:15:35.046859: Epoch time: 22.82 s
2026-06-14 21:15:35.943695: 
2026-06-14 21:15:35.945871: Epoch 710
2026-06-14 21:15:35.947465: Current learning rate: 0.00328
2026-06-14 21:15:58.889546: train_loss -0.9035
2026-06-14 21:15:58.893868: val_loss -0.657
2026-06-14 21:15:58.895510: Pseudo dice [0.756, 0.811]
2026-06-14 21:15:58.897101: Epoch time: 22.95 s
2026-06-14 21:15:59.795336: 
2026-06-14 21:15:59.798023: Epoch 711
2026-06-14 21:15:59.800849: Current learning rate: 0.00327
2026-06-14 21:16:22.721891: train_loss -0.9072
2026-06-14 21:16:22.727515: val_loss -0.6065
2026-06-14 21:16:22.730460: Pseudo dice [0.7517, 0.8023]
2026-06-14 21:16:22.733090: Epoch time: 22.93 s
2026-06-14 21:16:23.643462: 
2026-06-14 21:16:23.645707: Epoch 712
2026-06-14 21:16:23.647818: Current learning rate: 0.00326
2026-06-14 21:16:46.467886: train_loss -0.9068
2026-06-14 21:16:46.474145: val_loss -0.6272
2026-06-14 21:16:46.477044: Pseudo dice [0.7571, 0.7978]
2026-06-14 21:16:46.479315: Epoch time: 22.83 s
2026-06-14 21:16:47.371975: 
2026-06-14 21:16:47.375028: Epoch 713
2026-06-14 21:16:47.378098: Current learning rate: 0.00325
2026-06-14 21:17:10.204398: train_loss -0.9063
2026-06-14 21:17:10.207923: val_loss -0.6745
2026-06-14 21:17:10.209469: Pseudo dice [0.7391, 0.7969]
2026-06-14 21:17:10.211149: Epoch time: 22.83 s
2026-06-14 21:17:11.107119: 
2026-06-14 21:17:11.109060: Epoch 714
2026-06-14 21:17:11.110731: Current learning rate: 0.00324
2026-06-14 21:17:33.843099: train_loss -0.8994
2026-06-14 21:17:33.847946: val_loss -0.6288
2026-06-14 21:17:33.849573: Pseudo dice [0.7458, 0.8228]
2026-06-14 21:17:33.851221: Epoch time: 22.74 s
2026-06-14 21:17:34.735543: 
2026-06-14 21:17:34.737208: Epoch 715
2026-06-14 21:17:34.738782: Current learning rate: 0.00323
2026-06-14 21:17:57.552830: train_loss -0.8928
2026-06-14 21:17:57.556743: val_loss -0.6505
2026-06-14 21:17:57.558660: Pseudo dice [0.744, 0.7701]
2026-06-14 21:17:57.560464: Epoch time: 22.82 s
2026-06-14 21:17:58.453460: 
2026-06-14 21:17:58.455090: Epoch 716
2026-06-14 21:17:58.456673: Current learning rate: 0.00322
2026-06-14 21:18:21.188620: train_loss -0.9001
2026-06-14 21:18:21.199760: val_loss -0.6934
2026-06-14 21:18:21.204543: Pseudo dice [0.7441, 0.8189]
2026-06-14 21:18:21.209045: Epoch time: 22.74 s
2026-06-14 21:18:22.119404: 
2026-06-14 21:18:22.121583: Epoch 717
2026-06-14 21:18:22.123667: Current learning rate: 0.00321
2026-06-14 21:18:44.928511: train_loss -0.9059
2026-06-14 21:18:44.931533: val_loss -0.6546
2026-06-14 21:18:44.933336: Pseudo dice [0.7472, 0.8094]
2026-06-14 21:18:44.934987: Epoch time: 22.81 s
2026-06-14 21:18:46.125479: 
2026-06-14 21:18:46.127409: Epoch 718
2026-06-14 21:18:46.129082: Current learning rate: 0.0032
2026-06-14 21:19:08.892592: train_loss -0.9112
2026-06-14 21:19:08.897250: val_loss -0.6291
2026-06-14 21:19:08.899112: Pseudo dice [0.7816, 0.8144]
2026-06-14 21:19:08.901675: Epoch time: 22.77 s
2026-06-14 21:19:09.794046: 
2026-06-14 21:19:09.795832: Epoch 719
2026-06-14 21:19:09.800354: Current learning rate: 0.00319
2026-06-14 21:19:32.618778: train_loss -0.9064
2026-06-14 21:19:32.622907: val_loss -0.6595
2026-06-14 21:19:32.624861: Pseudo dice [0.7605, 0.8193]
2026-06-14 21:19:32.626443: Epoch time: 22.83 s
2026-06-14 21:19:33.527062: 
2026-06-14 21:19:33.528854: Epoch 720
2026-06-14 21:19:33.530480: Current learning rate: 0.00318
2026-06-14 21:19:56.279088: train_loss -0.9093
2026-06-14 21:19:56.281653: val_loss -0.6443
2026-06-14 21:19:56.283183: Pseudo dice [0.745, 0.8259]
2026-06-14 21:19:56.284789: Epoch time: 22.75 s
2026-06-14 21:19:57.186393: 
2026-06-14 21:19:57.188200: Epoch 721
2026-06-14 21:19:57.190010: Current learning rate: 0.00317
2026-06-14 21:20:20.110160: train_loss -0.9088
2026-06-14 21:20:20.116034: val_loss -0.6677
2026-06-14 21:20:20.125181: Pseudo dice [0.7858, 0.8186]
2026-06-14 21:20:20.132763: Epoch time: 22.92 s
2026-06-14 21:20:21.034187: 
2026-06-14 21:20:21.038475: Epoch 722
2026-06-14 21:20:21.041492: Current learning rate: 0.00316
2026-06-14 21:20:43.857428: train_loss -0.9094
2026-06-14 21:20:43.860982: val_loss -0.6428
2026-06-14 21:20:43.862737: Pseudo dice [0.7708, 0.829]
2026-06-14 21:20:43.864302: Epoch time: 22.82 s
2026-06-14 21:20:44.772083: 
2026-06-14 21:20:44.773793: Epoch 723
2026-06-14 21:20:44.775523: Current learning rate: 0.00315
2026-06-14 21:21:07.608454: train_loss -0.9061
2026-06-14 21:21:07.611470: val_loss -0.6707
2026-06-14 21:21:07.613253: Pseudo dice [0.7724, 0.8425]
2026-06-14 21:21:07.615152: Epoch time: 22.84 s
2026-06-14 21:21:08.514858: 
2026-06-14 21:21:08.516656: Epoch 724
2026-06-14 21:21:08.518307: Current learning rate: 0.00314
2026-06-14 21:21:31.305322: train_loss -0.9057
2026-06-14 21:21:31.308061: val_loss -0.7053
2026-06-14 21:21:31.309569: Pseudo dice [0.795, 0.8343]
2026-06-14 21:21:31.311109: Epoch time: 22.79 s
2026-06-14 21:21:32.203815: 
2026-06-14 21:21:32.205606: Epoch 725
2026-06-14 21:21:32.207211: Current learning rate: 0.00313
2026-06-14 21:21:55.072714: train_loss -0.9141
2026-06-14 21:21:55.085105: val_loss -0.6197
2026-06-14 21:21:55.089067: Pseudo dice [0.7768, 0.8166]
2026-06-14 21:21:55.094591: Epoch time: 22.87 s
2026-06-14 21:21:56.013180: 
2026-06-14 21:21:56.017218: Epoch 726
2026-06-14 21:21:56.021122: Current learning rate: 0.00312
2026-06-14 21:22:18.810746: train_loss -0.9003
2026-06-14 21:22:18.818122: val_loss -0.6203
2026-06-14 21:22:18.824327: Pseudo dice [0.76, 0.8114]
2026-06-14 21:22:18.835436: Epoch time: 22.8 s
2026-06-14 21:22:19.749444: 
2026-06-14 21:22:19.753274: Epoch 727
2026-06-14 21:22:19.755085: Current learning rate: 0.00311
2026-06-14 21:22:42.581614: train_loss -0.8985
2026-06-14 21:22:42.584848: val_loss -0.602
2026-06-14 21:22:42.586973: Pseudo dice [0.7295, 0.7949]
2026-06-14 21:22:42.589703: Epoch time: 22.83 s
2026-06-14 21:22:43.489059: 
2026-06-14 21:22:43.490811: Epoch 728
2026-06-14 21:22:43.492578: Current learning rate: 0.0031
2026-06-14 21:23:06.145878: train_loss -0.8989
2026-06-14 21:23:06.150180: val_loss -0.6714
2026-06-14 21:23:06.152104: Pseudo dice [0.7553, 0.8227]
2026-06-14 21:23:06.153803: Epoch time: 22.66 s
2026-06-14 21:23:07.061086: 
2026-06-14 21:23:07.062714: Epoch 729
2026-06-14 21:23:07.064199: Current learning rate: 0.00309
2026-06-14 21:23:29.949608: train_loss -0.9058
2026-06-14 21:23:29.960288: val_loss -0.5806
2026-06-14 21:23:29.964213: Pseudo dice [0.7505, 0.8]
2026-06-14 21:23:29.966676: Epoch time: 22.89 s
2026-06-14 21:23:31.196887: 
2026-06-14 21:23:31.198700: Epoch 730
2026-06-14 21:23:31.200206: Current learning rate: 0.00308
2026-06-14 21:23:54.078534: train_loss -0.9073
2026-06-14 21:23:54.081547: val_loss -0.7102
2026-06-14 21:23:54.083583: Pseudo dice [0.7757, 0.8155]
2026-06-14 21:23:54.085999: Epoch time: 22.88 s
2026-06-14 21:23:54.999843: 
2026-06-14 21:23:55.001542: Epoch 731
2026-06-14 21:23:55.003106: Current learning rate: 0.00307
2026-06-14 21:24:17.708209: train_loss -0.9087
2026-06-14 21:24:17.718125: val_loss -0.6446
2026-06-14 21:24:17.721347: Pseudo dice [0.7597, 0.8335]
2026-06-14 21:24:17.723104: Epoch time: 22.71 s
2026-06-14 21:24:18.652735: 
2026-06-14 21:24:18.654945: Epoch 732
2026-06-14 21:24:18.656995: Current learning rate: 0.00306
2026-06-14 21:24:41.342483: train_loss -0.9042
2026-06-14 21:24:41.348212: val_loss -0.6512
2026-06-14 21:24:41.351859: Pseudo dice [0.7643, 0.8125]
2026-06-14 21:24:41.356272: Epoch time: 22.69 s
2026-06-14 21:24:42.578952: 
2026-06-14 21:24:42.580725: Epoch 733
2026-06-14 21:24:42.582485: Current learning rate: 0.00305
2026-06-14 21:25:05.242866: train_loss -0.9098
2026-06-14 21:25:05.246568: val_loss -0.6573
2026-06-14 21:25:05.249028: Pseudo dice [0.7746, 0.845]
2026-06-14 21:25:05.251858: Epoch time: 22.66 s
2026-06-14 21:25:06.137859: 
2026-06-14 21:25:06.142434: Epoch 734
2026-06-14 21:25:06.145738: Current learning rate: 0.00304
2026-06-14 21:25:28.844028: train_loss -0.9089
2026-06-14 21:25:28.848241: val_loss -0.6865
2026-06-14 21:25:28.850218: Pseudo dice [0.7467, 0.8454]
2026-06-14 21:25:28.852031: Epoch time: 22.71 s
2026-06-14 21:25:29.739926: 
2026-06-14 21:25:29.741928: Epoch 735
2026-06-14 21:25:29.743813: Current learning rate: 0.00303
2026-06-14 21:25:52.479782: train_loss -0.9098
2026-06-14 21:25:52.487104: val_loss -0.6586
2026-06-14 21:25:52.491177: Pseudo dice [0.7601, 0.8245]
2026-06-14 21:25:52.494237: Epoch time: 22.74 s
2026-06-14 21:25:53.391792: 
2026-06-14 21:25:53.395419: Epoch 736
2026-06-14 21:25:53.398281: Current learning rate: 0.00302
2026-06-14 21:26:16.164859: train_loss -0.907
2026-06-14 21:26:16.169751: val_loss -0.6435
2026-06-14 21:26:16.181363: Pseudo dice [0.768, 0.8088]
2026-06-14 21:26:16.183354: Epoch time: 22.77 s
2026-06-14 21:26:17.071226: 
2026-06-14 21:26:17.074348: Epoch 737
2026-06-14 21:26:17.077184: Current learning rate: 0.00301
2026-06-14 21:26:39.825677: train_loss -0.903
2026-06-14 21:26:39.829424: val_loss -0.6605
2026-06-14 21:26:39.830965: Pseudo dice [0.7523, 0.8369]
2026-06-14 21:26:39.832542: Epoch time: 22.76 s
2026-06-14 21:26:40.714090: 
2026-06-14 21:26:40.715724: Epoch 738
2026-06-14 21:26:40.717293: Current learning rate: 0.003
2026-06-14 21:27:03.573816: train_loss -0.9093
2026-06-14 21:27:03.576967: val_loss -0.6853
2026-06-14 21:27:03.578777: Pseudo dice [0.7692, 0.8119]
2026-06-14 21:27:03.580442: Epoch time: 22.86 s
2026-06-14 21:27:04.473094: 
2026-06-14 21:27:04.474989: Epoch 739
2026-06-14 21:27:04.476770: Current learning rate: 0.00299
2026-06-14 21:27:27.095867: train_loss -0.8967
2026-06-14 21:27:27.099330: val_loss -0.6586
2026-06-14 21:27:27.101192: Pseudo dice [0.7098, 0.75]
2026-06-14 21:27:27.103417: Epoch time: 22.62 s
2026-06-14 21:27:27.998523: 
2026-06-14 21:27:28.003268: Epoch 740
2026-06-14 21:27:28.007363: Current learning rate: 0.00297
2026-06-14 21:27:50.989314: train_loss -0.9059
2026-06-14 21:27:51.000098: val_loss -0.7007
2026-06-14 21:27:51.002507: Pseudo dice [0.7638, 0.8086]
2026-06-14 21:27:51.004092: Epoch time: 22.99 s
2026-06-14 21:27:51.895708: 
2026-06-14 21:27:51.897690: Epoch 741
2026-06-14 21:27:51.899436: Current learning rate: 0.00296
2026-06-14 21:28:14.667814: train_loss -0.9128
2026-06-14 21:28:14.670784: val_loss -0.7046
2026-06-14 21:28:14.672958: Pseudo dice [0.7606, 0.8267]
2026-06-14 21:28:14.675241: Epoch time: 22.77 s
2026-06-14 21:28:15.864632: 
2026-06-14 21:28:15.866615: Epoch 742
2026-06-14 21:28:15.868224: Current learning rate: 0.00295
2026-06-14 21:28:38.798488: train_loss -0.9094
2026-06-14 21:28:38.801340: val_loss -0.6802
2026-06-14 21:28:38.803142: Pseudo dice [0.7748, 0.8013]
2026-06-14 21:28:38.804844: Epoch time: 22.93 s
2026-06-14 21:28:39.699184: 
2026-06-14 21:28:39.701431: Epoch 743
2026-06-14 21:28:39.703202: Current learning rate: 0.00294
2026-06-14 21:29:02.538923: train_loss -0.911
2026-06-14 21:29:02.544708: val_loss -0.6991
2026-06-14 21:29:02.546279: Pseudo dice [0.7853, 0.8366]
2026-06-14 21:29:02.547806: Epoch time: 22.84 s
2026-06-14 21:29:03.435459: 
2026-06-14 21:29:03.437221: Epoch 744
2026-06-14 21:29:03.438743: Current learning rate: 0.00293
2026-06-14 21:29:26.327824: train_loss -0.9
2026-06-14 21:29:26.330491: val_loss -0.6832
2026-06-14 21:29:26.332109: Pseudo dice [0.7835, 0.8293]
2026-06-14 21:29:26.333869: Epoch time: 22.89 s
2026-06-14 21:29:27.221745: 
2026-06-14 21:29:27.223391: Epoch 745
2026-06-14 21:29:27.224991: Current learning rate: 0.00292
2026-06-14 21:29:50.033473: train_loss -0.9072
2026-06-14 21:29:50.035962: val_loss -0.6842
2026-06-14 21:29:50.037546: Pseudo dice [0.7852, 0.8376]
2026-06-14 21:29:50.039087: Epoch time: 22.81 s
2026-06-14 21:29:50.925868: 
2026-06-14 21:29:50.928167: Epoch 746
2026-06-14 21:29:50.929742: Current learning rate: 0.00291
2026-06-14 21:30:13.803279: train_loss -0.908
2026-06-14 21:30:13.807130: val_loss -0.6731
2026-06-14 21:30:13.808795: Pseudo dice [0.7518, 0.8344]
2026-06-14 21:30:13.810386: Epoch time: 22.88 s
2026-06-14 21:30:14.703647: 
2026-06-14 21:30:14.707702: Epoch 747
2026-06-14 21:30:14.710531: Current learning rate: 0.0029
2026-06-14 21:30:37.487535: train_loss -0.9125
2026-06-14 21:30:37.499009: val_loss -0.6565
2026-06-14 21:30:37.501926: Pseudo dice [0.7635, 0.8185]
2026-06-14 21:30:37.504368: Epoch time: 22.78 s
2026-06-14 21:30:38.390936: 
2026-06-14 21:30:38.396716: Epoch 748
2026-06-14 21:30:38.399300: Current learning rate: 0.00289
2026-06-14 21:31:01.244694: train_loss -0.9077
2026-06-14 21:31:01.248113: val_loss -0.648
2026-06-14 21:31:01.250289: Pseudo dice [0.7315, 0.8055]
2026-06-14 21:31:01.252008: Epoch time: 22.85 s
2026-06-14 21:31:02.146207: 
2026-06-14 21:31:02.148127: Epoch 749
2026-06-14 21:31:02.150248: Current learning rate: 0.00288
2026-06-14 21:31:24.846359: train_loss -0.9062
2026-06-14 21:31:24.855523: val_loss -0.6538
2026-06-14 21:31:24.859196: Pseudo dice [0.7622, 0.802]
2026-06-14 21:31:24.864778: Epoch time: 22.7 s
2026-06-14 21:31:26.270293: 
2026-06-14 21:31:26.273571: Epoch 750
2026-06-14 21:31:26.276573: Current learning rate: 0.00287
2026-06-14 21:31:49.129844: train_loss -0.9099
2026-06-14 21:31:49.134241: val_loss -0.6448
2026-06-14 21:31:49.136031: Pseudo dice [0.7512, 0.8022]
2026-06-14 21:31:49.137904: Epoch time: 22.86 s
2026-06-14 21:31:50.019593: 
2026-06-14 21:31:50.021380: Epoch 751
2026-06-14 21:31:50.022996: Current learning rate: 0.00286
2026-06-14 21:32:13.004004: train_loss -0.9083
2026-06-14 21:32:13.007407: val_loss -0.6673
2026-06-14 21:32:13.009109: Pseudo dice [0.7801, 0.8276]
2026-06-14 21:32:13.010807: Epoch time: 22.99 s
2026-06-14 21:32:13.902335: 
2026-06-14 21:32:13.904375: Epoch 752
2026-06-14 21:32:13.906255: Current learning rate: 0.00285
2026-06-14 21:32:36.718452: train_loss -0.9112
2026-06-14 21:32:36.722968: val_loss -0.6853
2026-06-14 21:32:36.724741: Pseudo dice [0.788, 0.8327]
2026-06-14 21:32:36.726382: Epoch time: 22.82 s
2026-06-14 21:32:37.915597: 
2026-06-14 21:32:37.917387: Epoch 753
2026-06-14 21:32:37.919403: Current learning rate: 0.00284
2026-06-14 21:33:00.676265: train_loss -0.9098
2026-06-14 21:33:00.679301: val_loss -0.6491
2026-06-14 21:33:00.681765: Pseudo dice [0.7806, 0.8254]
2026-06-14 21:33:00.685523: Epoch time: 22.76 s
2026-06-14 21:33:01.578025: 
2026-06-14 21:33:01.580445: Epoch 754
2026-06-14 21:33:01.582000: Current learning rate: 0.00283
2026-06-14 21:33:24.503731: train_loss -0.9048
2026-06-14 21:33:24.506883: val_loss -0.6716
2026-06-14 21:33:24.508560: Pseudo dice [0.7488, 0.8202]
2026-06-14 21:33:24.510360: Epoch time: 22.93 s
2026-06-14 21:33:25.399254: 
2026-06-14 21:33:25.404633: Epoch 755
2026-06-14 21:33:25.409087: Current learning rate: 0.00282
2026-06-14 21:33:48.206574: train_loss -0.9072
2026-06-14 21:33:48.212592: val_loss -0.6313
2026-06-14 21:33:48.216264: Pseudo dice [0.76, 0.8444]
2026-06-14 21:33:48.219102: Epoch time: 22.81 s
2026-06-14 21:33:49.118382: 
2026-06-14 21:33:49.122897: Epoch 756
2026-06-14 21:33:49.126897: Current learning rate: 0.00281
2026-06-14 21:34:11.835990: train_loss -0.9063
2026-06-14 21:34:11.838852: val_loss -0.6938
2026-06-14 21:34:11.840652: Pseudo dice [0.7348, 0.8466]
2026-06-14 21:34:11.842534: Epoch time: 22.72 s
2026-06-14 21:34:12.723870: 
2026-06-14 21:34:12.725767: Epoch 757
2026-06-14 21:34:12.727528: Current learning rate: 0.0028
2026-06-14 21:34:35.520452: train_loss -0.9086
2026-06-14 21:34:35.526695: val_loss -0.6674
2026-06-14 21:34:35.528726: Pseudo dice [0.7868, 0.8487]
2026-06-14 21:34:35.530431: Epoch time: 22.8 s
2026-06-14 21:34:35.532134: Yayy! New best EMA pseudo Dice: 0.7953
2026-06-14 21:34:36.906658: 
2026-06-14 21:34:36.909616: Epoch 758
2026-06-14 21:34:36.911177: Current learning rate: 0.00279
2026-06-14 21:34:59.683589: train_loss -0.9023
2026-06-14 21:34:59.692109: val_loss -0.6811
2026-06-14 21:34:59.697469: Pseudo dice [0.7736, 0.8402]
2026-06-14 21:34:59.699133: Epoch time: 22.78 s
2026-06-14 21:34:59.700750: Yayy! New best EMA pseudo Dice: 0.7964
2026-06-14 21:35:01.077181: 
2026-06-14 21:35:01.078919: Epoch 759
2026-06-14 21:35:01.080401: Current learning rate: 0.00278
2026-06-14 21:35:23.886112: train_loss -0.9073
2026-06-14 21:35:23.889221: val_loss -0.6386
2026-06-14 21:35:23.891006: Pseudo dice [0.6931, 0.8039]
2026-06-14 21:35:23.892496: Epoch time: 22.81 s
2026-06-14 21:35:24.781770: 
2026-06-14 21:35:24.783602: Epoch 760
2026-06-14 21:35:24.785521: Current learning rate: 0.00277
2026-06-14 21:35:47.543486: train_loss -0.9074
2026-06-14 21:35:47.547491: val_loss -0.7022
2026-06-14 21:35:47.550400: Pseudo dice [0.7257, 0.8311]
2026-06-14 21:35:47.552699: Epoch time: 22.76 s
2026-06-14 21:35:48.454517: 
2026-06-14 21:35:48.458189: Epoch 761
2026-06-14 21:35:48.461503: Current learning rate: 0.00276
2026-06-14 21:36:11.295962: train_loss -0.9034
2026-06-14 21:36:11.300126: val_loss -0.6606
2026-06-14 21:36:11.301839: Pseudo dice [0.772, 0.7504]
2026-06-14 21:36:11.303283: Epoch time: 22.84 s
2026-06-14 21:36:12.207954: 
2026-06-14 21:36:12.212251: Epoch 762
2026-06-14 21:36:12.216207: Current learning rate: 0.00275
2026-06-14 21:36:35.070632: train_loss -0.9031
2026-06-14 21:36:35.074133: val_loss -0.6839
2026-06-14 21:36:35.076367: Pseudo dice [0.765, 0.8195]
2026-06-14 21:36:35.078144: Epoch time: 22.86 s
2026-06-14 21:36:35.969883: 
2026-06-14 21:36:35.971921: Epoch 763
2026-06-14 21:36:35.973545: Current learning rate: 0.00274
2026-06-14 21:36:58.739998: train_loss -0.9048
2026-06-14 21:36:58.745610: val_loss -0.5856
2026-06-14 21:36:58.747524: Pseudo dice [0.7871, 0.8185]
2026-06-14 21:36:58.749495: Epoch time: 22.77 s
2026-06-14 21:36:59.647764: 
2026-06-14 21:36:59.651685: Epoch 764
2026-06-14 21:36:59.653778: Current learning rate: 0.00273
2026-06-14 21:37:22.471050: train_loss -0.9055
2026-06-14 21:37:22.474919: val_loss -0.7107
2026-06-14 21:37:22.476699: Pseudo dice [0.8018, 0.8358]
2026-06-14 21:37:22.478102: Epoch time: 22.82 s
2026-06-14 21:37:23.668355: 
2026-06-14 21:37:23.670425: Epoch 765
2026-06-14 21:37:23.672489: Current learning rate: 0.00272
2026-06-14 21:37:46.551351: train_loss -0.9117
2026-06-14 21:37:46.554426: val_loss -0.6852
2026-06-14 21:37:46.556296: Pseudo dice [0.7756, 0.8324]
2026-06-14 21:37:46.557842: Epoch time: 22.88 s
2026-06-14 21:37:47.463370: 
2026-06-14 21:37:47.466167: Epoch 766
2026-06-14 21:37:47.468148: Current learning rate: 0.00271
2026-06-14 21:38:10.292665: train_loss -0.9136
2026-06-14 21:38:10.295763: val_loss -0.6843
2026-06-14 21:38:10.297841: Pseudo dice [0.763, 0.8367]
2026-06-14 21:38:10.299916: Epoch time: 22.83 s
2026-06-14 21:38:11.202690: 
2026-06-14 21:38:11.205027: Epoch 767
2026-06-14 21:38:11.207788: Current learning rate: 0.0027
2026-06-14 21:38:34.161398: train_loss -0.9046
2026-06-14 21:38:34.167809: val_loss -0.623
2026-06-14 21:38:34.169302: Pseudo dice [0.7585, 0.8414]
2026-06-14 21:38:34.170830: Epoch time: 22.96 s
2026-06-14 21:38:35.063805: 
2026-06-14 21:38:35.065545: Epoch 768
2026-06-14 21:38:35.067743: Current learning rate: 0.00268
2026-06-14 21:38:57.863827: train_loss -0.9074
2026-06-14 21:38:57.866663: val_loss -0.6624
2026-06-14 21:38:57.868179: Pseudo dice [0.7661, 0.8211]
2026-06-14 21:38:57.869854: Epoch time: 22.8 s
2026-06-14 21:38:58.769595: 
2026-06-14 21:38:58.771480: Epoch 769
2026-06-14 21:38:58.773221: Current learning rate: 0.00267
2026-06-14 21:39:21.536919: train_loss -0.9047
2026-06-14 21:39:21.539659: val_loss -0.6331
2026-06-14 21:39:21.541482: Pseudo dice [0.7784, 0.8116]
2026-06-14 21:39:21.543058: Epoch time: 22.77 s
2026-06-14 21:39:22.440858: 
2026-06-14 21:39:22.448929: Epoch 770
2026-06-14 21:39:22.462847: Current learning rate: 0.00266
2026-06-14 21:39:45.146667: train_loss -0.9109
2026-06-14 21:39:45.152411: val_loss -0.6083
2026-06-14 21:39:45.155381: Pseudo dice [0.7598, 0.8205]
2026-06-14 21:39:45.157677: Epoch time: 22.71 s
2026-06-14 21:39:46.058378: 
2026-06-14 21:39:46.060197: Epoch 771
2026-06-14 21:39:46.061750: Current learning rate: 0.00265
2026-06-14 21:40:08.800857: train_loss -0.9096
2026-06-14 21:40:08.807956: val_loss -0.6598
2026-06-14 21:40:08.810160: Pseudo dice [0.7639, 0.8287]
2026-06-14 21:40:08.812775: Epoch time: 22.74 s
2026-06-14 21:40:09.705064: 
2026-06-14 21:40:09.706740: Epoch 772
2026-06-14 21:40:09.708287: Current learning rate: 0.00264
2026-06-14 21:40:32.603194: train_loss -0.9108
2026-06-14 21:40:32.605876: val_loss -0.6779
2026-06-14 21:40:32.607522: Pseudo dice [0.8046, 0.8282]
2026-06-14 21:40:32.609123: Epoch time: 22.9 s
2026-06-14 21:40:32.610765: Yayy! New best EMA pseudo Dice: 0.7966
2026-06-14 21:40:34.011585: 
2026-06-14 21:40:34.014410: Epoch 773
2026-06-14 21:40:34.016847: Current learning rate: 0.00263
2026-06-14 21:40:56.884993: train_loss -0.9113
2026-06-14 21:40:56.890922: val_loss -0.6909
2026-06-14 21:40:56.892668: Pseudo dice [0.7821, 0.8137]
2026-06-14 21:40:56.894202: Epoch time: 22.87 s
2026-06-14 21:40:56.896053: Yayy! New best EMA pseudo Dice: 0.7967
2026-06-14 21:40:58.284199: 
2026-06-14 21:40:58.286147: Epoch 774
2026-06-14 21:40:58.287800: Current learning rate: 0.00262
2026-06-14 21:41:21.199122: train_loss -0.909
2026-06-14 21:41:21.203417: val_loss -0.7077
2026-06-14 21:41:21.207412: Pseudo dice [0.7662, 0.8448]
2026-06-14 21:41:21.211423: Epoch time: 22.92 s
2026-06-14 21:41:21.214702: Yayy! New best EMA pseudo Dice: 0.7976
2026-06-14 21:41:22.618695: 
2026-06-14 21:41:22.620592: Epoch 775
2026-06-14 21:41:22.622281: Current learning rate: 0.00261
2026-06-14 21:41:45.442701: train_loss -0.9136
2026-06-14 21:41:45.445722: val_loss -0.6523
2026-06-14 21:41:45.447484: Pseudo dice [0.7737, 0.8315]
2026-06-14 21:41:45.449036: Epoch time: 22.82 s
2026-06-14 21:41:45.450746: Yayy! New best EMA pseudo Dice: 0.7981
2026-06-14 21:41:47.132722: 
2026-06-14 21:41:47.134501: Epoch 776
2026-06-14 21:41:47.135993: Current learning rate: 0.0026
2026-06-14 21:42:10.067863: train_loss -0.9131
2026-06-14 21:42:10.071938: val_loss -0.7065
2026-06-14 21:42:10.073838: Pseudo dice [0.7778, 0.8237]
2026-06-14 21:42:10.075847: Epoch time: 22.94 s
2026-06-14 21:42:10.077845: Yayy! New best EMA pseudo Dice: 0.7984
2026-06-14 21:42:11.478329: 
2026-06-14 21:42:11.481534: Epoch 777
2026-06-14 21:42:11.485247: Current learning rate: 0.00259
2026-06-14 21:42:34.351550: train_loss -0.9108
2026-06-14 21:42:34.356539: val_loss -0.6647
2026-06-14 21:42:34.359197: Pseudo dice [0.7729, 0.809]
2026-06-14 21:42:34.360787: Epoch time: 22.87 s
2026-06-14 21:42:35.262787: 
2026-06-14 21:42:35.264581: Epoch 778
2026-06-14 21:42:35.266310: Current learning rate: 0.00258
2026-06-14 21:42:58.298777: train_loss -0.905
2026-06-14 21:42:58.303461: val_loss -0.6859
2026-06-14 21:42:58.305264: Pseudo dice [0.7889, 0.8264]
2026-06-14 21:42:58.306957: Epoch time: 23.04 s
2026-06-14 21:42:58.308542: Yayy! New best EMA pseudo Dice: 0.7986
2026-06-14 21:42:59.702408: 
2026-06-14 21:42:59.704464: Epoch 779
2026-06-14 21:42:59.706187: Current learning rate: 0.00257
2026-06-14 21:43:22.503898: train_loss -0.9123
2026-06-14 21:43:22.508050: val_loss -0.6598
2026-06-14 21:43:22.509794: Pseudo dice [0.7746, 0.8334]
2026-06-14 21:43:22.511506: Epoch time: 22.8 s
2026-06-14 21:43:22.513548: Yayy! New best EMA pseudo Dice: 0.7992
2026-06-14 21:43:23.970686: 
2026-06-14 21:43:23.973817: Epoch 780
2026-06-14 21:43:23.976726: Current learning rate: 0.00256
2026-06-14 21:43:46.873156: train_loss -0.91
2026-06-14 21:43:46.876273: val_loss -0.6904
2026-06-14 21:43:46.878034: Pseudo dice [0.7729, 0.8518]
2026-06-14 21:43:46.880051: Epoch time: 22.9 s
2026-06-14 21:43:46.881943: Yayy! New best EMA pseudo Dice: 0.8005
2026-06-14 21:43:48.276524: 
2026-06-14 21:43:48.278499: Epoch 781
2026-06-14 21:43:48.280403: Current learning rate: 0.00255
2026-06-14 21:44:11.180148: train_loss -0.9125
2026-06-14 21:44:11.186816: val_loss -0.7174
2026-06-14 21:44:11.190591: Pseudo dice [0.7912, 0.8375]
2026-06-14 21:44:11.193953: Epoch time: 22.9 s
2026-06-14 21:44:11.197216: Yayy! New best EMA pseudo Dice: 0.8019
2026-06-14 21:44:12.631155: 
2026-06-14 21:44:12.635390: Epoch 782
2026-06-14 21:44:12.640523: Current learning rate: 0.00254
2026-06-14 21:44:35.393190: train_loss -0.9132
2026-06-14 21:44:35.426075: val_loss -0.6291
2026-06-14 21:44:35.442655: Pseudo dice [0.7881, 0.8207]
2026-06-14 21:44:35.461007: Epoch time: 22.76 s
2026-06-14 21:44:35.464791: Yayy! New best EMA pseudo Dice: 0.8021
2026-06-14 21:44:36.887629: 
2026-06-14 21:44:36.889566: Epoch 783
2026-06-14 21:44:36.892255: Current learning rate: 0.00253
2026-06-14 21:44:59.697395: train_loss -0.9121
2026-06-14 21:44:59.700855: val_loss -0.5835
2026-06-14 21:44:59.702461: Pseudo dice [0.7814, 0.8133]
2026-06-14 21:44:59.704154: Epoch time: 22.81 s
2026-06-14 21:45:00.589690: 
2026-06-14 21:45:00.591330: Epoch 784
2026-06-14 21:45:00.592918: Current learning rate: 0.00252
2026-06-14 21:45:23.269104: train_loss -0.91
2026-06-14 21:45:23.271830: val_loss -0.6798
2026-06-14 21:45:23.273424: Pseudo dice [0.7953, 0.8184]
2026-06-14 21:45:23.274991: Epoch time: 22.68 s
2026-06-14 21:45:23.276660: Yayy! New best EMA pseudo Dice: 0.8022
2026-06-14 21:45:24.684874: 
2026-06-14 21:45:24.690111: Epoch 785
2026-06-14 21:45:24.694626: Current learning rate: 0.00251
2026-06-14 21:45:47.553606: train_loss -0.9102
2026-06-14 21:45:47.559257: val_loss -0.7245
2026-06-14 21:45:47.561285: Pseudo dice [0.7664, 0.8459]
2026-06-14 21:45:47.563187: Epoch time: 22.87 s
2026-06-14 21:45:47.564724: Yayy! New best EMA pseudo Dice: 0.8026
2026-06-14 21:45:49.235670: 
2026-06-14 21:45:49.237401: Epoch 786
2026-06-14 21:45:49.238902: Current learning rate: 0.0025
2026-06-14 21:46:11.955089: train_loss -0.9143
2026-06-14 21:46:11.958276: val_loss -0.5933
2026-06-14 21:46:11.963070: Pseudo dice [0.7417, 0.8206]
2026-06-14 21:46:11.968245: Epoch time: 22.72 s
2026-06-14 21:46:12.861265: 
2026-06-14 21:46:12.863023: Epoch 787
2026-06-14 21:46:12.864608: Current learning rate: 0.00249
2026-06-14 21:46:35.722353: train_loss -0.9106
2026-06-14 21:46:35.727446: val_loss -0.6995
2026-06-14 21:46:35.731483: Pseudo dice [0.7758, 0.8464]
2026-06-14 21:46:35.734670: Epoch time: 22.86 s
2026-06-14 21:46:36.638966: 
2026-06-14 21:46:36.643476: Epoch 788
2026-06-14 21:46:36.647262: Current learning rate: 0.00248
2026-06-14 21:46:59.424516: train_loss -0.9081
2026-06-14 21:46:59.428545: val_loss -0.6325
2026-06-14 21:46:59.430210: Pseudo dice [0.7832, 0.8135]
2026-06-14 21:46:59.431711: Epoch time: 22.79 s
2026-06-14 21:47:00.337741: 
2026-06-14 21:47:00.339540: Epoch 789
2026-06-14 21:47:00.341168: Current learning rate: 0.00247
2026-06-14 21:47:22.917993: train_loss -0.915
2026-06-14 21:47:22.936748: val_loss -0.6912
2026-06-14 21:47:22.942835: Pseudo dice [0.8, 0.8536]
2026-06-14 21:47:22.949175: Epoch time: 22.58 s
2026-06-14 21:47:22.952453: Yayy! New best EMA pseudo Dice: 0.8037
2026-06-14 21:47:24.353631: 
2026-06-14 21:47:24.355794: Epoch 790
2026-06-14 21:47:24.357628: Current learning rate: 0.00245
2026-06-14 21:47:47.120621: train_loss -0.9155
2026-06-14 21:47:47.123444: val_loss -0.7408
2026-06-14 21:47:47.125152: Pseudo dice [0.7964, 0.8444]
2026-06-14 21:47:47.126720: Epoch time: 22.77 s
2026-06-14 21:47:47.128449: Yayy! New best EMA pseudo Dice: 0.8054
2026-06-14 21:47:48.531811: 
2026-06-14 21:47:48.533948: Epoch 791
2026-06-14 21:47:48.535699: Current learning rate: 0.00244
2026-06-14 21:48:11.162790: train_loss -0.9137
2026-06-14 21:48:11.172995: val_loss -0.611
2026-06-14 21:48:11.178317: Pseudo dice [0.752, 0.8279]
2026-06-14 21:48:11.183807: Epoch time: 22.63 s
2026-06-14 21:48:12.079604: 
2026-06-14 21:48:12.081351: Epoch 792
2026-06-14 21:48:12.082987: Current learning rate: 0.00243
2026-06-14 21:48:34.989704: train_loss -0.9134
2026-06-14 21:48:34.992588: val_loss -0.6561
2026-06-14 21:48:34.994327: Pseudo dice [0.7686, 0.8238]
2026-06-14 21:48:34.996430: Epoch time: 22.91 s
2026-06-14 21:48:35.901254: 
2026-06-14 21:48:35.906230: Epoch 793
2026-06-14 21:48:35.911118: Current learning rate: 0.00242
2026-06-14 21:48:58.686246: train_loss -0.9105
2026-06-14 21:48:58.689821: val_loss -0.6939
2026-06-14 21:48:58.691870: Pseudo dice [0.7625, 0.846]
2026-06-14 21:48:58.693677: Epoch time: 22.79 s
2026-06-14 21:48:59.589354: 
2026-06-14 21:48:59.591433: Epoch 794
2026-06-14 21:48:59.593177: Current learning rate: 0.00241
2026-06-14 21:49:22.388030: train_loss -0.9124
2026-06-14 21:49:22.392833: val_loss -0.7404
2026-06-14 21:49:22.394908: Pseudo dice [0.791, 0.8436]
2026-06-14 21:49:22.396643: Epoch time: 22.8 s
2026-06-14 21:49:23.301304: 
2026-06-14 21:49:23.305044: Epoch 795
2026-06-14 21:49:23.306579: Current learning rate: 0.0024
2026-06-14 21:49:46.164936: train_loss -0.9117
2026-06-14 21:49:46.168411: val_loss -0.6749
2026-06-14 21:49:46.170245: Pseudo dice [0.7593, 0.826]
2026-06-14 21:49:46.171959: Epoch time: 22.86 s
2026-06-14 21:49:47.063231: 
2026-06-14 21:49:47.064906: Epoch 796
2026-06-14 21:49:47.066503: Current learning rate: 0.00239
2026-06-14 21:50:09.774636: train_loss -0.914
2026-06-14 21:50:09.777093: val_loss -0.6297
2026-06-14 21:50:09.778795: Pseudo dice [0.7463, 0.8385]
2026-06-14 21:50:09.780256: Epoch time: 22.71 s
2026-06-14 21:50:10.671813: 
2026-06-14 21:50:10.673359: Epoch 797
2026-06-14 21:50:10.674886: Current learning rate: 0.00238
2026-06-14 21:50:33.458036: train_loss -0.9127
2026-06-14 21:50:33.462301: val_loss -0.6672
2026-06-14 21:50:33.464870: Pseudo dice [0.7737, 0.8357]
2026-06-14 21:50:33.467569: Epoch time: 22.79 s
2026-06-14 21:50:34.660516: 
2026-06-14 21:50:34.662495: Epoch 798
2026-06-14 21:50:34.664138: Current learning rate: 0.00237
2026-06-14 21:50:57.301081: train_loss -0.9191
2026-06-14 21:50:57.304079: val_loss -0.6711
2026-06-14 21:50:57.305741: Pseudo dice [0.7777, 0.842]
2026-06-14 21:50:57.307290: Epoch time: 22.64 s
2026-06-14 21:50:58.213220: 
2026-06-14 21:50:58.216448: Epoch 799
2026-06-14 21:50:58.218277: Current learning rate: 0.00236
2026-06-14 21:51:21.092666: train_loss -0.9198
2026-06-14 21:51:21.095823: val_loss -0.6538
2026-06-14 21:51:21.097626: Pseudo dice [0.7487, 0.8558]
2026-06-14 21:51:21.099326: Epoch time: 22.88 s
2026-06-14 21:51:22.503434: 
2026-06-14 21:51:22.505413: Epoch 800
2026-06-14 21:51:22.507230: Current learning rate: 0.00235
2026-06-14 21:51:45.273836: train_loss -0.9169
2026-06-14 21:51:45.277400: val_loss -0.6883
2026-06-14 21:51:45.279136: Pseudo dice [0.7472, 0.8371]
2026-06-14 21:51:45.280661: Epoch time: 22.77 s
2026-06-14 21:51:46.197983: 
2026-06-14 21:51:46.205073: Epoch 801
2026-06-14 21:51:46.207382: Current learning rate: 0.00234
2026-06-14 21:52:09.132677: train_loss -0.9151
2026-06-14 21:52:09.136581: val_loss -0.6308
2026-06-14 21:52:09.138242: Pseudo dice [0.7689, 0.814]
2026-06-14 21:52:09.139857: Epoch time: 22.94 s
2026-06-14 21:52:10.041252: 
2026-06-14 21:52:10.043329: Epoch 802
2026-06-14 21:52:10.044905: Current learning rate: 0.00233
2026-06-14 21:52:32.912741: train_loss -0.9154
2026-06-14 21:52:32.918582: val_loss -0.7569
2026-06-14 21:52:32.920526: Pseudo dice [0.8049, 0.8501]
2026-06-14 21:52:32.922601: Epoch time: 22.87 s
2026-06-14 21:52:33.835667: 
2026-06-14 21:52:33.839858: Epoch 803
2026-06-14 21:52:33.844366: Current learning rate: 0.00232
2026-06-14 21:52:56.476862: train_loss -0.919
2026-06-14 21:52:56.483905: val_loss -0.712
2026-06-14 21:52:56.487043: Pseudo dice [0.8203, 0.8468]
2026-06-14 21:52:56.489033: Epoch time: 22.64 s
2026-06-14 21:52:56.490795: Yayy! New best EMA pseudo Dice: 0.8066
2026-06-14 21:52:57.909316: 
2026-06-14 21:52:57.917627: Epoch 804
2026-06-14 21:52:57.919618: Current learning rate: 0.00231
2026-06-14 21:53:20.686177: train_loss -0.9137
2026-06-14 21:53:20.691953: val_loss -0.7007
2026-06-14 21:53:20.695879: Pseudo dice [0.7938, 0.8421]
2026-06-14 21:53:20.701100: Epoch time: 22.78 s
2026-06-14 21:53:20.706265: Yayy! New best EMA pseudo Dice: 0.8078
2026-06-14 21:53:22.145156: 
2026-06-14 21:53:22.148576: Epoch 805
2026-06-14 21:53:22.150877: Current learning rate: 0.0023
2026-06-14 21:53:44.877500: train_loss -0.9115
2026-06-14 21:53:44.882194: val_loss -0.6709
2026-06-14 21:53:44.885462: Pseudo dice [0.7949, 0.8151]
2026-06-14 21:53:44.888195: Epoch time: 22.73 s
2026-06-14 21:53:45.793211: 
2026-06-14 21:53:45.796427: Epoch 806
2026-06-14 21:53:45.798340: Current learning rate: 0.00229
2026-06-14 21:54:08.661743: train_loss -0.904
2026-06-14 21:54:08.665906: val_loss -0.6596
2026-06-14 21:54:08.667627: Pseudo dice [0.7754, 0.813]
2026-06-14 21:54:08.669096: Epoch time: 22.87 s
2026-06-14 21:54:09.574584: 
2026-06-14 21:54:09.576485: Epoch 807
2026-06-14 21:54:09.578230: Current learning rate: 0.00228
2026-06-14 21:54:32.390208: train_loss -0.913
2026-06-14 21:54:32.393188: val_loss -0.7124
2026-06-14 21:54:32.395117: Pseudo dice [0.7869, 0.8387]
2026-06-14 21:54:32.396889: Epoch time: 22.82 s
2026-06-14 21:54:33.301482: 
2026-06-14 21:54:33.303287: Epoch 808
2026-06-14 21:54:33.304972: Current learning rate: 0.00226
2026-06-14 21:54:56.297627: train_loss -0.912
2026-06-14 21:54:56.304878: val_loss -0.7203
2026-06-14 21:54:56.310283: Pseudo dice [0.7882, 0.8215]
2026-06-14 21:54:56.314270: Epoch time: 23.0 s
2026-06-14 21:54:57.506637: 
2026-06-14 21:54:57.508511: Epoch 809
2026-06-14 21:54:57.510346: Current learning rate: 0.00225
2026-06-14 21:55:20.293369: train_loss -0.915
2026-06-14 21:55:20.300470: val_loss -0.6069
2026-06-14 21:55:20.302111: Pseudo dice [0.7347, 0.8161]
2026-06-14 21:55:20.303695: Epoch time: 22.79 s
2026-06-14 21:55:21.215015: 
2026-06-14 21:55:21.216941: Epoch 810
2026-06-14 21:55:21.218672: Current learning rate: 0.00224
2026-06-14 21:55:43.963492: train_loss -0.9112
2026-06-14 21:55:43.966112: val_loss -0.6055
2026-06-14 21:55:43.967764: Pseudo dice [0.7648, 0.8071]
2026-06-14 21:55:43.969461: Epoch time: 22.75 s
2026-06-14 21:55:44.875592: 
2026-06-14 21:55:44.877426: Epoch 811
2026-06-14 21:55:44.878900: Current learning rate: 0.00223
2026-06-14 21:56:07.843461: train_loss -0.9079
2026-06-14 21:56:07.846059: val_loss -0.6613
2026-06-14 21:56:07.847709: Pseudo dice [0.7303, 0.8108]
2026-06-14 21:56:07.849225: Epoch time: 22.97 s
2026-06-14 21:56:08.756325: 
2026-06-14 21:56:08.758282: Epoch 812
2026-06-14 21:56:08.759899: Current learning rate: 0.00222
2026-06-14 21:56:31.693097: train_loss -0.9076
2026-06-14 21:56:31.696816: val_loss -0.7226
2026-06-14 21:56:31.698622: Pseudo dice [0.7809, 0.8361]
2026-06-14 21:56:31.700315: Epoch time: 22.94 s
2026-06-14 21:56:32.607872: 
2026-06-14 21:56:32.609606: Epoch 813
2026-06-14 21:56:32.611180: Current learning rate: 0.00221
2026-06-14 21:56:55.392371: train_loss -0.9173
2026-06-14 21:56:55.395065: val_loss -0.7093
2026-06-14 21:56:55.396716: Pseudo dice [0.792, 0.8504]
2026-06-14 21:56:55.398448: Epoch time: 22.79 s
2026-06-14 21:56:56.297728: 
2026-06-14 21:56:56.299778: Epoch 814
2026-06-14 21:56:56.301534: Current learning rate: 0.0022
2026-06-14 21:57:19.123499: train_loss -0.9148
2026-06-14 21:57:19.126391: val_loss -0.6941
2026-06-14 21:57:19.128252: Pseudo dice [0.7475, 0.8414]
2026-06-14 21:57:19.130112: Epoch time: 22.83 s
2026-06-14 21:57:20.040010: 
2026-06-14 21:57:20.041812: Epoch 815
2026-06-14 21:57:20.043594: Current learning rate: 0.00219
2026-06-14 21:57:43.072986: train_loss -0.906
2026-06-14 21:57:43.077281: val_loss -0.7267
2026-06-14 21:57:43.079082: Pseudo dice [0.8062, 0.8464]
2026-06-14 21:57:43.080746: Epoch time: 23.03 s
2026-06-14 21:57:44.000138: 
2026-06-14 21:57:44.005631: Epoch 816
2026-06-14 21:57:44.009581: Current learning rate: 0.00218
2026-06-14 21:58:06.724818: train_loss -0.9118
2026-06-14 21:58:06.728381: val_loss -0.6704
2026-06-14 21:58:06.733719: Pseudo dice [0.7669, 0.842]
2026-06-14 21:58:06.737138: Epoch time: 22.73 s
2026-06-14 21:58:07.641422: 
2026-06-14 21:58:07.643383: Epoch 817
2026-06-14 21:58:07.645065: Current learning rate: 0.00217
2026-06-14 21:58:30.389578: train_loss -0.9195
2026-06-14 21:58:30.393285: val_loss -0.7141
2026-06-14 21:58:30.397801: Pseudo dice [0.7889, 0.8506]
2026-06-14 21:58:30.399433: Epoch time: 22.75 s
2026-06-14 21:58:31.308251: 
2026-06-14 21:58:31.310027: Epoch 818
2026-06-14 21:58:31.311589: Current learning rate: 0.00216
2026-06-14 21:58:54.079860: train_loss -0.9139
2026-06-14 21:58:54.083507: val_loss -0.6939
2026-06-14 21:58:54.085208: Pseudo dice [0.7846, 0.8312]
2026-06-14 21:58:54.086914: Epoch time: 22.77 s
2026-06-14 21:58:54.988193: 
2026-06-14 21:58:54.989916: Epoch 819
2026-06-14 21:58:54.991605: Current learning rate: 0.00215
2026-06-14 21:59:17.934219: train_loss -0.9199
2026-06-14 21:59:17.938792: val_loss -0.7166
2026-06-14 21:59:17.941601: Pseudo dice [0.767, 0.8486]
2026-06-14 21:59:17.944440: Epoch time: 22.95 s
2026-06-14 21:59:19.117352: 
2026-06-14 21:59:19.120216: Epoch 820
2026-06-14 21:59:19.122103: Current learning rate: 0.00214
2026-06-14 21:59:41.824573: train_loss -0.9175
2026-06-14 21:59:41.829008: val_loss -0.6925
2026-06-14 21:59:41.833087: Pseudo dice [0.8043, 0.8346]
2026-06-14 21:59:41.836190: Epoch time: 22.71 s
2026-06-14 21:59:42.721636: 
2026-06-14 21:59:42.726349: Epoch 821
2026-06-14 21:59:42.730551: Current learning rate: 0.00213
2026-06-14 22:00:05.529543: train_loss -0.9117
2026-06-14 22:00:05.535383: val_loss -0.6434
2026-06-14 22:00:05.537830: Pseudo dice [0.7782, 0.8521]
2026-06-14 22:00:05.539791: Epoch time: 22.81 s
2026-06-14 22:00:05.542593: Yayy! New best EMA pseudo Dice: 0.8079
2026-06-14 22:00:06.930756: 
2026-06-14 22:00:06.932554: Epoch 822
2026-06-14 22:00:06.934302: Current learning rate: 0.00212
2026-06-14 22:00:29.672867: train_loss -0.9144
2026-06-14 22:00:29.676199: val_loss -0.6749
2026-06-14 22:00:29.677809: Pseudo dice [0.7903, 0.8378]
2026-06-14 22:00:29.679846: Epoch time: 22.74 s
2026-06-14 22:00:29.681422: Yayy! New best EMA pseudo Dice: 0.8085
2026-06-14 22:00:31.066393: 
2026-06-14 22:00:31.068107: Epoch 823
2026-06-14 22:00:31.069582: Current learning rate: 0.0021
2026-06-14 22:00:53.960905: train_loss -0.9132
2026-06-14 22:00:53.964232: val_loss -0.636
2026-06-14 22:00:53.965978: Pseudo dice [0.7666, 0.8425]
2026-06-14 22:00:53.967511: Epoch time: 22.9 s
2026-06-14 22:00:54.864909: 
2026-06-14 22:00:54.869491: Epoch 824
2026-06-14 22:00:54.871677: Current learning rate: 0.00209
2026-06-14 22:01:17.621713: train_loss -0.9159
2026-06-14 22:01:17.631721: val_loss -0.6825
2026-06-14 22:01:17.638801: Pseudo dice [0.7976, 0.8456]
2026-06-14 22:01:17.645264: Epoch time: 22.76 s
2026-06-14 22:01:17.649749: Yayy! New best EMA pseudo Dice: 0.8095
2026-06-14 22:01:19.028035: 
2026-06-14 22:01:19.029844: Epoch 825
2026-06-14 22:01:19.031417: Current learning rate: 0.00208
2026-06-14 22:01:41.812184: train_loss -0.9144
2026-06-14 22:01:41.815235: val_loss -0.6989
2026-06-14 22:01:41.817063: Pseudo dice [0.7821, 0.8416]
2026-06-14 22:01:41.819561: Epoch time: 22.79 s
2026-06-14 22:01:41.822615: Yayy! New best EMA pseudo Dice: 0.8097
2026-06-14 22:01:43.203134: 
2026-06-14 22:01:43.205140: Epoch 826
2026-06-14 22:01:43.206986: Current learning rate: 0.00207
2026-06-14 22:02:05.944605: train_loss -0.91
2026-06-14 22:02:05.948186: val_loss -0.673
2026-06-14 22:02:05.950362: Pseudo dice [0.7238, 0.8088]
2026-06-14 22:02:05.952400: Epoch time: 22.74 s
2026-06-14 22:02:06.826861: 
2026-06-14 22:02:06.830133: Epoch 827
2026-06-14 22:02:06.833421: Current learning rate: 0.00206
2026-06-14 22:02:29.655636: train_loss -0.9112
2026-06-14 22:02:29.659948: val_loss -0.736
2026-06-14 22:02:29.661636: Pseudo dice [0.7892, 0.8399]
2026-06-14 22:02:29.663249: Epoch time: 22.83 s
2026-06-14 22:02:30.545588: 
2026-06-14 22:02:30.547457: Epoch 828
2026-06-14 22:02:30.550677: Current learning rate: 0.00205
2026-06-14 22:02:53.315603: train_loss -0.9165
2026-06-14 22:02:53.319337: val_loss -0.7123
2026-06-14 22:02:53.321145: Pseudo dice [0.7686, 0.8321]
2026-06-14 22:02:53.322905: Epoch time: 22.77 s
2026-06-14 22:02:54.195624: 
2026-06-14 22:02:54.197480: Epoch 829
2026-06-14 22:02:54.199308: Current learning rate: 0.00204
2026-06-14 22:03:16.895571: train_loss -0.914
2026-06-14 22:03:16.898331: val_loss -0.7133
2026-06-14 22:03:16.899967: Pseudo dice [0.7911, 0.8518]
2026-06-14 22:03:16.901614: Epoch time: 22.7 s
2026-06-14 22:03:17.773766: 
2026-06-14 22:03:17.776436: Epoch 830
2026-06-14 22:03:17.778771: Current learning rate: 0.00203
2026-06-14 22:03:40.788572: train_loss -0.9121
2026-06-14 22:03:40.792454: val_loss -0.6742
2026-06-14 22:03:40.794022: Pseudo dice [0.7885, 0.8435]
2026-06-14 22:03:40.795720: Epoch time: 23.02 s
2026-06-14 22:03:41.674124: 
2026-06-14 22:03:41.676293: Epoch 831
2026-06-14 22:03:41.678514: Current learning rate: 0.00202
2026-06-14 22:04:04.385425: train_loss -0.9158
2026-06-14 22:04:04.388263: val_loss -0.6439
2026-06-14 22:04:04.389925: Pseudo dice [0.7472, 0.8217]
2026-06-14 22:04:04.391586: Epoch time: 22.71 s
2026-06-14 22:04:05.570065: 
2026-06-14 22:04:05.572527: Epoch 832
2026-06-14 22:04:05.574743: Current learning rate: 0.00201
2026-06-14 22:04:28.346123: train_loss -0.9188
2026-06-14 22:04:28.349180: val_loss -0.6477
2026-06-14 22:04:28.350956: Pseudo dice [0.7739, 0.8252]
2026-06-14 22:04:28.354021: Epoch time: 22.78 s
2026-06-14 22:04:29.230662: 
2026-06-14 22:04:29.232399: Epoch 833
2026-06-14 22:04:29.233940: Current learning rate: 0.002
2026-06-14 22:04:51.994553: train_loss -0.9131
2026-06-14 22:04:51.998191: val_loss -0.6534
2026-06-14 22:04:51.999924: Pseudo dice [0.7924, 0.8401]
2026-06-14 22:04:52.001513: Epoch time: 22.76 s
2026-06-14 22:04:52.873909: 
2026-06-14 22:04:52.875585: Epoch 834
2026-06-14 22:04:52.877141: Current learning rate: 0.00199
2026-06-14 22:05:15.591686: train_loss -0.9189
2026-06-14 22:05:15.597034: val_loss -0.664
2026-06-14 22:05:15.598783: Pseudo dice [0.7646, 0.8409]
2026-06-14 22:05:15.600818: Epoch time: 22.72 s
2026-06-14 22:05:16.489775: 
2026-06-14 22:05:16.491454: Epoch 835
2026-06-14 22:05:16.492750: Current learning rate: 0.00198
2026-06-14 22:05:39.156739: train_loss -0.9198
2026-06-14 22:05:39.159605: val_loss -0.718
2026-06-14 22:05:39.161298: Pseudo dice [0.8, 0.8523]
2026-06-14 22:05:39.163227: Epoch time: 22.67 s
2026-06-14 22:05:40.047334: 
2026-06-14 22:05:40.049514: Epoch 836
2026-06-14 22:05:40.051119: Current learning rate: 0.00196
2026-06-14 22:06:02.879087: train_loss -0.9135
2026-06-14 22:06:02.884151: val_loss -0.6975
2026-06-14 22:06:02.886342: Pseudo dice [0.7555, 0.8466]
2026-06-14 22:06:02.888065: Epoch time: 22.83 s
2026-06-14 22:06:03.754848: 
2026-06-14 22:06:03.756685: Epoch 837
2026-06-14 22:06:03.758350: Current learning rate: 0.00195
2026-06-14 22:06:26.590088: train_loss -0.9158
2026-06-14 22:06:26.593211: val_loss -0.713
2026-06-14 22:06:26.595139: Pseudo dice [0.7931, 0.854]
2026-06-14 22:06:26.598103: Epoch time: 22.84 s
2026-06-14 22:06:27.475724: 
2026-06-14 22:06:27.477963: Epoch 838
2026-06-14 22:06:27.480288: Current learning rate: 0.00194
2026-06-14 22:06:50.164068: train_loss -0.9131
2026-06-14 22:06:50.167448: val_loss -0.7084
2026-06-14 22:06:50.170054: Pseudo dice [0.7928, 0.8539]
2026-06-14 22:06:50.171965: Epoch time: 22.69 s
2026-06-14 22:06:50.174171: Yayy! New best EMA pseudo Dice: 0.8103
2026-06-14 22:06:51.763616: 
2026-06-14 22:06:51.765831: Epoch 839
2026-06-14 22:06:51.768504: Current learning rate: 0.00193
2026-06-14 22:07:14.603727: train_loss -0.9201
2026-06-14 22:07:14.614145: val_loss -0.6719
2026-06-14 22:07:14.618631: Pseudo dice [0.7625, 0.8291]
2026-06-14 22:07:14.622567: Epoch time: 22.84 s
2026-06-14 22:07:15.504680: 
2026-06-14 22:07:15.508558: Epoch 840
2026-06-14 22:07:15.512402: Current learning rate: 0.00192
2026-06-14 22:07:38.297157: train_loss -0.9167
2026-06-14 22:07:38.300099: val_loss -0.7072
2026-06-14 22:07:38.302356: Pseudo dice [0.7677, 0.8342]
2026-06-14 22:07:38.304386: Epoch time: 22.79 s
2026-06-14 22:07:39.188295: 
2026-06-14 22:07:39.191513: Epoch 841
2026-06-14 22:07:39.194815: Current learning rate: 0.00191
2026-06-14 22:08:01.800414: train_loss -0.9106
2026-06-14 22:08:01.804085: val_loss -0.7028
2026-06-14 22:08:01.806617: Pseudo dice [0.7643, 0.815]
2026-06-14 22:08:01.809177: Epoch time: 22.61 s
2026-06-14 22:08:02.681854: 
2026-06-14 22:08:02.685063: Epoch 842
2026-06-14 22:08:02.689651: Current learning rate: 0.0019
2026-06-14 22:08:25.386993: train_loss -0.915
2026-06-14 22:08:25.391329: val_loss -0.6874
2026-06-14 22:08:25.393011: Pseudo dice [0.7674, 0.8116]
2026-06-14 22:08:25.394683: Epoch time: 22.71 s
2026-06-14 22:08:26.268718: 
2026-06-14 22:08:26.270685: Epoch 843
2026-06-14 22:08:26.272192: Current learning rate: 0.00189
2026-06-14 22:08:49.282038: train_loss -0.9132
2026-06-14 22:08:49.284517: val_loss -0.6738
2026-06-14 22:08:49.286412: Pseudo dice [0.7619, 0.8616]
2026-06-14 22:08:49.288286: Epoch time: 23.01 s
2026-06-14 22:08:50.469777: 
2026-06-14 22:08:50.472236: Epoch 844
2026-06-14 22:08:50.474715: Current learning rate: 0.00188
2026-06-14 22:09:13.326822: train_loss -0.9149
2026-06-14 22:09:13.329566: val_loss -0.694
2026-06-14 22:09:13.331418: Pseudo dice [0.7842, 0.8473]
2026-06-14 22:09:13.333054: Epoch time: 22.86 s
2026-06-14 22:09:14.212016: 
2026-06-14 22:09:14.213824: Epoch 845
2026-06-14 22:09:14.215969: Current learning rate: 0.00187
2026-06-14 22:09:36.947057: train_loss -0.9154
2026-06-14 22:09:36.950650: val_loss -0.6911
2026-06-14 22:09:36.952514: Pseudo dice [0.8124, 0.8283]
2026-06-14 22:09:36.954196: Epoch time: 22.74 s
2026-06-14 22:09:37.831746: 
2026-06-14 22:09:37.833878: Epoch 846
2026-06-14 22:09:37.836601: Current learning rate: 0.00186
2026-06-14 22:10:00.771683: train_loss -0.9149
2026-06-14 22:10:00.774674: val_loss -0.6937
2026-06-14 22:10:00.776453: Pseudo dice [0.7933, 0.8294]
2026-06-14 22:10:00.778138: Epoch time: 22.94 s
2026-06-14 22:10:01.653446: 
2026-06-14 22:10:01.657726: Epoch 847
2026-06-14 22:10:01.659420: Current learning rate: 0.00185
2026-06-14 22:10:24.310976: train_loss -0.9124
2026-06-14 22:10:24.313802: val_loss -0.6815
2026-06-14 22:10:24.315960: Pseudo dice [0.7819, 0.8427]
2026-06-14 22:10:24.317890: Epoch time: 22.66 s
2026-06-14 22:10:25.191650: 
2026-06-14 22:10:25.193700: Epoch 848
2026-06-14 22:10:25.195314: Current learning rate: 0.00184
2026-06-14 22:10:47.912088: train_loss -0.913
2026-06-14 22:10:47.916147: val_loss -0.6818
2026-06-14 22:10:47.918006: Pseudo dice [0.7797, 0.8343]
2026-06-14 22:10:47.921232: Epoch time: 22.72 s
2026-06-14 22:10:48.813715: 
2026-06-14 22:10:48.817511: Epoch 849
2026-06-14 22:10:48.819532: Current learning rate: 0.00182
2026-06-14 22:11:11.713926: train_loss -0.9146
2026-06-14 22:11:11.718389: val_loss -0.7031
2026-06-14 22:11:11.722143: Pseudo dice [0.796, 0.816]
2026-06-14 22:11:11.725821: Epoch time: 22.9 s
2026-06-14 22:11:13.112020: 
2026-06-14 22:11:13.113832: Epoch 850
2026-06-14 22:11:13.115513: Current learning rate: 0.00181
2026-06-14 22:11:35.854936: train_loss -0.9142
2026-06-14 22:11:35.858058: val_loss -0.6991
2026-06-14 22:11:35.860017: Pseudo dice [0.7944, 0.8385]
2026-06-14 22:11:35.861958: Epoch time: 22.74 s
2026-06-14 22:11:36.739089: 
2026-06-14 22:11:36.741822: Epoch 851
2026-06-14 22:11:36.744269: Current learning rate: 0.0018
2026-06-14 22:11:59.424117: train_loss -0.9188
2026-06-14 22:11:59.431637: val_loss -0.6122
2026-06-14 22:11:59.434380: Pseudo dice [0.7065, 0.763]
2026-06-14 22:11:59.436386: Epoch time: 22.69 s
2026-06-14 22:12:00.304946: 
2026-06-14 22:12:00.307166: Epoch 852
2026-06-14 22:12:00.309358: Current learning rate: 0.00179
2026-06-14 22:12:23.002151: train_loss -0.9158
2026-06-14 22:12:23.017901: val_loss -0.5624
2026-06-14 22:12:23.020036: Pseudo dice [0.7094, 0.7847]
2026-06-14 22:12:23.022109: Epoch time: 22.7 s
2026-06-14 22:12:23.889837: 
2026-06-14 22:12:23.892994: Epoch 853
2026-06-14 22:12:23.896558: Current learning rate: 0.00178
2026-06-14 22:12:46.752935: train_loss -0.9116
2026-06-14 22:12:46.756921: val_loss -0.6843
2026-06-14 22:12:46.759005: Pseudo dice [0.7753, 0.843]
2026-06-14 22:12:46.761287: Epoch time: 22.86 s
2026-06-14 22:12:47.626323: 
2026-06-14 22:12:47.628371: Epoch 854
2026-06-14 22:12:47.630467: Current learning rate: 0.00177
2026-06-14 22:13:10.435967: train_loss -0.9181
2026-06-14 22:13:10.445368: val_loss -0.6946
2026-06-14 22:13:10.450322: Pseudo dice [0.7531, 0.8329]
2026-06-14 22:13:10.453435: Epoch time: 22.81 s
2026-06-14 22:13:11.322635: 
2026-06-14 22:13:11.326545: Epoch 855
2026-06-14 22:13:11.329796: Current learning rate: 0.00176
2026-06-14 22:13:34.535530: train_loss -0.9137
2026-06-14 22:13:34.539382: val_loss -0.6845
2026-06-14 22:13:34.540990: Pseudo dice [0.75, 0.8332]
2026-06-14 22:13:34.542768: Epoch time: 23.21 s
2026-06-14 22:13:35.416836: 
2026-06-14 22:13:35.418634: Epoch 856
2026-06-14 22:13:35.420260: Current learning rate: 0.00175
2026-06-14 22:13:58.054442: train_loss -0.9119
2026-06-14 22:13:58.058812: val_loss -0.7324
2026-06-14 22:13:58.061425: Pseudo dice [0.7687, 0.8461]
2026-06-14 22:13:58.063939: Epoch time: 22.64 s
2026-06-14 22:13:59.223203: 
2026-06-14 22:13:59.225816: Epoch 857
2026-06-14 22:13:59.227534: Current learning rate: 0.00174
2026-06-14 22:14:21.840614: train_loss -0.9191
2026-06-14 22:14:21.844585: val_loss -0.6618
2026-06-14 22:14:21.846966: Pseudo dice [0.7781, 0.8128]
2026-06-14 22:14:21.849291: Epoch time: 22.62 s
2026-06-14 22:14:22.720712: 
2026-06-14 22:14:22.722798: Epoch 858
2026-06-14 22:14:22.724540: Current learning rate: 0.00173
2026-06-14 22:14:45.366005: train_loss -0.9163
2026-06-14 22:14:45.368870: val_loss -0.5954
2026-06-14 22:14:45.370891: Pseudo dice [0.7631, 0.809]
2026-06-14 22:14:45.373170: Epoch time: 22.65 s
2026-06-14 22:14:46.242923: 
2026-06-14 22:14:46.245360: Epoch 859
2026-06-14 22:14:46.247110: Current learning rate: 0.00172
2026-06-14 22:15:09.158103: train_loss -0.9154
2026-06-14 22:15:09.162442: val_loss -0.6805
2026-06-14 22:15:09.164193: Pseudo dice [0.7598, 0.8438]
2026-06-14 22:15:09.165866: Epoch time: 22.92 s
2026-06-14 22:15:10.027344: 
2026-06-14 22:15:10.029182: Epoch 860
2026-06-14 22:15:10.030936: Current learning rate: 0.0017
2026-06-14 22:15:33.027103: train_loss -0.9127
2026-06-14 22:15:33.032885: val_loss -0.7049
2026-06-14 22:15:33.034761: Pseudo dice [0.7764, 0.8427]
2026-06-14 22:15:33.037067: Epoch time: 23.0 s
2026-06-14 22:15:33.902759: 
2026-06-14 22:15:33.904893: Epoch 861
2026-06-14 22:15:33.907189: Current learning rate: 0.00169
2026-06-14 22:15:56.811861: train_loss -0.9173
2026-06-14 22:15:56.815794: val_loss -0.615
2026-06-14 22:15:56.818610: Pseudo dice [0.7853, 0.8329]
2026-06-14 22:15:56.821967: Epoch time: 22.91 s
2026-06-14 22:15:57.703149: 
2026-06-14 22:15:57.705003: Epoch 862
2026-06-14 22:15:57.707396: Current learning rate: 0.00168
2026-06-14 22:16:20.603943: train_loss -0.9125
2026-06-14 22:16:20.609091: val_loss -0.6389
2026-06-14 22:16:20.611218: Pseudo dice [0.7652, 0.8275]
2026-06-14 22:16:20.613185: Epoch time: 22.9 s
2026-06-14 22:16:21.490171: 
2026-06-14 22:16:21.492989: Epoch 863
2026-06-14 22:16:21.495050: Current learning rate: 0.00167
2026-06-14 22:16:44.292436: train_loss -0.9071
2026-06-14 22:16:44.296612: val_loss -0.7261
2026-06-14 22:16:44.298446: Pseudo dice [0.7682, 0.8261]
2026-06-14 22:16:44.300231: Epoch time: 22.8 s
2026-06-14 22:16:45.164680: 
2026-06-14 22:16:45.168330: Epoch 864
2026-06-14 22:16:45.170769: Current learning rate: 0.00166
2026-06-14 22:17:08.016556: train_loss -0.9068
2026-06-14 22:17:08.019896: val_loss -0.6705
2026-06-14 22:17:08.021526: Pseudo dice [0.7601, 0.8459]
2026-06-14 22:17:08.023274: Epoch time: 22.85 s
2026-06-14 22:17:08.887722: 
2026-06-14 22:17:08.890471: Epoch 865
2026-06-14 22:17:08.894135: Current learning rate: 0.00165
2026-06-14 22:17:31.716114: train_loss -0.9129
2026-06-14 22:17:31.718846: val_loss -0.6739
2026-06-14 22:17:31.721012: Pseudo dice [0.7646, 0.8338]
2026-06-14 22:17:31.722684: Epoch time: 22.83 s
2026-06-14 22:17:32.589772: 
2026-06-14 22:17:32.592978: Epoch 866
2026-06-14 22:17:32.594873: Current learning rate: 0.00164
2026-06-14 22:17:55.375300: train_loss -0.9111
2026-06-14 22:17:55.379534: val_loss -0.6756
2026-06-14 22:17:55.381533: Pseudo dice [0.8044, 0.8492]
2026-06-14 22:17:55.384171: Epoch time: 22.79 s
2026-06-14 22:17:56.252607: 
2026-06-14 22:17:56.255003: Epoch 867
2026-06-14 22:17:56.262083: Current learning rate: 0.00163
2026-06-14 22:18:19.108088: train_loss -0.9067
2026-06-14 22:18:19.113451: val_loss -0.609
2026-06-14 22:18:19.116396: Pseudo dice [0.6964, 0.7895]
2026-06-14 22:18:19.119145: Epoch time: 22.86 s
2026-06-14 22:18:19.994653: 
2026-06-14 22:18:19.996530: Epoch 868
2026-06-14 22:18:19.998478: Current learning rate: 0.00162
2026-06-14 22:18:42.699579: train_loss -0.91
2026-06-14 22:18:42.717352: val_loss -0.7287
2026-06-14 22:18:42.724051: Pseudo dice [0.7679, 0.8171]
2026-06-14 22:18:42.728972: Epoch time: 22.71 s
2026-06-14 22:18:43.602215: 
2026-06-14 22:18:43.605027: Epoch 869
2026-06-14 22:18:43.607935: Current learning rate: 0.00161
2026-06-14 22:19:06.472262: train_loss -0.9098
2026-06-14 22:19:06.483602: val_loss -0.711
2026-06-14 22:19:06.487168: Pseudo dice [0.8031, 0.8303]
2026-06-14 22:19:06.490961: Epoch time: 22.87 s
2026-06-14 22:19:07.664374: 
2026-06-14 22:19:07.667198: Epoch 870
2026-06-14 22:19:07.672391: Current learning rate: 0.00159
2026-06-14 22:19:30.589882: train_loss -0.9127
2026-06-14 22:19:30.596712: val_loss -0.6438
2026-06-14 22:19:30.602814: Pseudo dice [0.7519, 0.8344]
2026-06-14 22:19:30.609899: Epoch time: 22.93 s
2026-06-14 22:19:31.491256: 
2026-06-14 22:19:31.496910: Epoch 871
2026-06-14 22:19:31.501798: Current learning rate: 0.00158
2026-06-14 22:19:54.283301: train_loss -0.9117
2026-06-14 22:19:54.288726: val_loss -0.6214
2026-06-14 22:19:54.291936: Pseudo dice [0.7678, 0.784]
2026-06-14 22:19:54.293704: Epoch time: 22.79 s
2026-06-14 22:19:55.162380: 
2026-06-14 22:19:55.166579: Epoch 872
2026-06-14 22:19:55.168650: Current learning rate: 0.00157
2026-06-14 22:20:17.885654: train_loss -0.9111
2026-06-14 22:20:17.889271: val_loss -0.7071
2026-06-14 22:20:17.891288: Pseudo dice [0.7758, 0.8275]
2026-06-14 22:20:17.893332: Epoch time: 22.72 s
2026-06-14 22:20:18.764177: 
2026-06-14 22:20:18.765835: Epoch 873
2026-06-14 22:20:18.767426: Current learning rate: 0.00156
2026-06-14 22:20:41.694616: train_loss -0.9129
2026-06-14 22:20:41.699875: val_loss -0.7181
2026-06-14 22:20:41.702229: Pseudo dice [0.7648, 0.8401]
2026-06-14 22:20:41.704465: Epoch time: 22.93 s
2026-06-14 22:20:42.569628: 
2026-06-14 22:20:42.571539: Epoch 874
2026-06-14 22:20:42.573320: Current learning rate: 0.00155
2026-06-14 22:21:05.422838: train_loss -0.9182
2026-06-14 22:21:05.426172: val_loss -0.7116
2026-06-14 22:21:05.427913: Pseudo dice [0.7872, 0.8454]
2026-06-14 22:21:05.429560: Epoch time: 22.85 s
2026-06-14 22:21:06.295792: 
2026-06-14 22:21:06.297675: Epoch 875
2026-06-14 22:21:06.299656: Current learning rate: 0.00154
2026-06-14 22:21:29.560733: train_loss -0.9187
2026-06-14 22:21:29.565513: val_loss -0.6899
2026-06-14 22:21:29.567481: Pseudo dice [0.7835, 0.8397]
2026-06-14 22:21:29.569227: Epoch time: 23.27 s
2026-06-14 22:21:30.448973: 
2026-06-14 22:21:30.451211: Epoch 876
2026-06-14 22:21:30.453070: Current learning rate: 0.00153
2026-06-14 22:21:53.155113: train_loss -0.917
2026-06-14 22:21:53.161402: val_loss -0.6795
2026-06-14 22:21:53.163743: Pseudo dice [0.7702, 0.8382]
2026-06-14 22:21:53.166125: Epoch time: 22.71 s
2026-06-14 22:21:54.037081: 
2026-06-14 22:21:54.038790: Epoch 877
2026-06-14 22:21:54.040324: Current learning rate: 0.00152
2026-06-14 22:22:16.962217: train_loss -0.9174
2026-06-14 22:22:16.965075: val_loss -0.5897
2026-06-14 22:22:16.966650: Pseudo dice [0.7044, 0.8336]
2026-06-14 22:22:16.968377: Epoch time: 22.93 s
2026-06-14 22:22:17.830158: 
2026-06-14 22:22:17.831735: Epoch 878
2026-06-14 22:22:17.833425: Current learning rate: 0.00151
2026-06-14 22:22:40.757092: train_loss -0.9092
2026-06-14 22:22:40.762855: val_loss -0.7251
2026-06-14 22:22:40.765132: Pseudo dice [0.7923, 0.8446]
2026-06-14 22:22:40.767544: Epoch time: 22.93 s
2026-06-14 22:22:41.634965: 
2026-06-14 22:22:41.636945: Epoch 879
2026-06-14 22:22:41.641148: Current learning rate: 0.00149
2026-06-14 22:23:04.460884: train_loss -0.9162
2026-06-14 22:23:04.463889: val_loss -0.6934
2026-06-14 22:23:04.465776: Pseudo dice [0.7981, 0.8391]
2026-06-14 22:23:04.467999: Epoch time: 22.83 s
2026-06-14 22:23:05.333355: 
2026-06-14 22:23:05.336251: Epoch 880
2026-06-14 22:23:05.341427: Current learning rate: 0.00148
2026-06-14 22:23:28.086175: train_loss -0.9152
2026-06-14 22:23:28.092142: val_loss -0.6599
2026-06-14 22:23:28.096057: Pseudo dice [0.7448, 0.8343]
2026-06-14 22:23:28.101272: Epoch time: 22.75 s
2026-06-14 22:23:28.973029: 
2026-06-14 22:23:28.974957: Epoch 881
2026-06-14 22:23:28.979589: Current learning rate: 0.00147
2026-06-14 22:23:51.635590: train_loss -0.9158
2026-06-14 22:23:51.640394: val_loss -0.7068
2026-06-14 22:23:51.642309: Pseudo dice [0.7953, 0.8571]
2026-06-14 22:23:51.644105: Epoch time: 22.66 s
2026-06-14 22:23:52.511269: 
2026-06-14 22:23:52.514785: Epoch 882
2026-06-14 22:23:52.517192: Current learning rate: 0.00146
2026-06-14 22:24:15.324919: train_loss -0.9103
2026-06-14 22:24:15.329580: val_loss -0.5503
2026-06-14 22:24:15.331515: Pseudo dice [0.6957, 0.756]
2026-06-14 22:24:15.333243: Epoch time: 22.81 s
2026-06-14 22:24:16.500351: 
2026-06-14 22:24:16.504309: Epoch 883
2026-06-14 22:24:16.506538: Current learning rate: 0.00145
2026-06-14 22:24:39.261608: train_loss -0.9039
2026-06-14 22:24:39.265000: val_loss -0.6674
2026-06-14 22:24:39.266897: Pseudo dice [0.7707, 0.813]
2026-06-14 22:24:39.268721: Epoch time: 22.76 s
2026-06-14 22:24:40.137742: 
2026-06-14 22:24:40.139812: Epoch 884
2026-06-14 22:24:40.141989: Current learning rate: 0.00144
2026-06-14 22:25:02.955163: train_loss -0.8982
2026-06-14 22:25:02.959074: val_loss -0.6434
2026-06-14 22:25:02.960911: Pseudo dice [0.7804, 0.791]
2026-06-14 22:25:02.962674: Epoch time: 22.82 s
2026-06-14 22:25:03.834449: 
2026-06-14 22:25:03.836125: Epoch 885
2026-06-14 22:25:03.837791: Current learning rate: 0.00143
2026-06-14 22:25:26.563647: train_loss -0.9093
2026-06-14 22:25:26.566640: val_loss -0.7247
2026-06-14 22:25:26.568771: Pseudo dice [0.784, 0.8293]
2026-06-14 22:25:26.570968: Epoch time: 22.73 s
2026-06-14 22:25:27.436281: 
2026-06-14 22:25:27.438351: Epoch 886
2026-06-14 22:25:27.440024: Current learning rate: 0.00142
2026-06-14 22:25:50.183740: train_loss -0.9059
2026-06-14 22:25:50.186467: val_loss -0.6308
2026-06-14 22:25:50.188152: Pseudo dice [0.7721, 0.8088]
2026-06-14 22:25:50.189881: Epoch time: 22.75 s
2026-06-14 22:25:51.050960: 
2026-06-14 22:25:51.052783: Epoch 887
2026-06-14 22:25:51.055431: Current learning rate: 0.00141
2026-06-14 22:26:13.977807: train_loss -0.9179
2026-06-14 22:26:13.982347: val_loss -0.6897
2026-06-14 22:26:13.985512: Pseudo dice [0.7645, 0.8259]
2026-06-14 22:26:13.988639: Epoch time: 22.93 s
2026-06-14 22:26:14.879414: 
2026-06-14 22:26:14.882580: Epoch 888
2026-06-14 22:26:14.884893: Current learning rate: 0.00139
2026-06-14 22:26:37.710043: train_loss -0.913
2026-06-14 22:26:37.713607: val_loss -0.727
2026-06-14 22:26:37.715810: Pseudo dice [0.799, 0.8294]
2026-06-14 22:26:37.717824: Epoch time: 22.83 s
2026-06-14 22:26:38.589123: 
2026-06-14 22:26:38.591073: Epoch 889
2026-06-14 22:26:38.592983: Current learning rate: 0.00138
2026-06-14 22:27:01.396605: train_loss -0.9126
2026-06-14 22:27:01.399741: val_loss -0.6541
2026-06-14 22:27:01.403061: Pseudo dice [0.7634, 0.7992]
2026-06-14 22:27:01.405017: Epoch time: 22.81 s
2026-06-14 22:27:02.275132: 
2026-06-14 22:27:02.277386: Epoch 890
2026-06-14 22:27:02.279897: Current learning rate: 0.00137
2026-06-14 22:27:25.097540: train_loss -0.9141
2026-06-14 22:27:25.102175: val_loss -0.7046
2026-06-14 22:27:25.104226: Pseudo dice [0.779, 0.8468]
2026-06-14 22:27:25.105918: Epoch time: 22.82 s
2026-06-14 22:27:25.970480: 
2026-06-14 22:27:25.972127: Epoch 891
2026-06-14 22:27:25.973686: Current learning rate: 0.00136
2026-06-14 22:27:48.884954: train_loss -0.913
2026-06-14 22:27:48.889516: val_loss -0.7437
2026-06-14 22:27:48.891976: Pseudo dice [0.7634, 0.8397]
2026-06-14 22:27:48.894756: Epoch time: 22.92 s
2026-06-14 22:27:49.771425: 
2026-06-14 22:27:49.773391: Epoch 892
2026-06-14 22:27:49.775078: Current learning rate: 0.00135
2026-06-14 22:28:12.588514: train_loss -0.9117
2026-06-14 22:28:12.592388: val_loss -0.6891
2026-06-14 22:28:12.594572: Pseudo dice [0.7539, 0.8421]
2026-06-14 22:28:12.596497: Epoch time: 22.82 s
2026-06-14 22:28:13.473578: 
2026-06-14 22:28:13.475414: Epoch 893
2026-06-14 22:28:13.477536: Current learning rate: 0.00134
2026-06-14 22:28:36.374190: train_loss -0.9127
2026-06-14 22:28:36.379684: val_loss -0.6952
2026-06-14 22:28:36.381502: Pseudo dice [0.7635, 0.8203]
2026-06-14 22:28:36.385828: Epoch time: 22.9 s
2026-06-14 22:28:37.251178: 
2026-06-14 22:28:37.253005: Epoch 894
2026-06-14 22:28:37.254773: Current learning rate: 0.00133
2026-06-14 22:29:00.106987: train_loss -0.9182
2026-06-14 22:29:00.110050: val_loss -0.626
2026-06-14 22:29:00.111924: Pseudo dice [0.7565, 0.8276]
2026-06-14 22:29:00.113584: Epoch time: 22.86 s
2026-06-14 22:29:00.977359: 
2026-06-14 22:29:00.979285: Epoch 895
2026-06-14 22:29:00.981795: Current learning rate: 0.00132
2026-06-14 22:29:24.167340: train_loss -0.9174
2026-06-14 22:29:24.170734: val_loss -0.6659
2026-06-14 22:29:24.173596: Pseudo dice [0.7641, 0.8349]
2026-06-14 22:29:24.176947: Epoch time: 23.19 s
2026-06-14 22:29:25.052815: 
2026-06-14 22:29:25.057722: Epoch 896
2026-06-14 22:29:25.063338: Current learning rate: 0.0013
2026-06-14 22:29:47.810592: train_loss -0.9135
2026-06-14 22:29:47.818774: val_loss -0.6447
2026-06-14 22:29:47.821220: Pseudo dice [0.7895, 0.8298]
2026-06-14 22:29:47.823954: Epoch time: 22.76 s
2026-06-14 22:29:48.694247: 
2026-06-14 22:29:48.696077: Epoch 897
2026-06-14 22:29:48.698796: Current learning rate: 0.00129
2026-06-14 22:30:11.602870: train_loss -0.9102
2026-06-14 22:30:11.606257: val_loss -0.6511
2026-06-14 22:30:11.608993: Pseudo dice [0.757, 0.8263]
2026-06-14 22:30:11.611163: Epoch time: 22.91 s
2026-06-14 22:30:12.473956: 
2026-06-14 22:30:12.476698: Epoch 898
2026-06-14 22:30:12.480005: Current learning rate: 0.00128
2026-06-14 22:30:35.415687: train_loss -0.912
2026-06-14 22:30:35.420595: val_loss -0.7291
2026-06-14 22:30:35.423057: Pseudo dice [0.774, 0.8359]
2026-06-14 22:30:35.425520: Epoch time: 22.94 s
2026-06-14 22:30:36.312156: 
2026-06-14 22:30:36.320220: Epoch 899
2026-06-14 22:30:36.325259: Current learning rate: 0.00127
2026-06-14 22:30:59.010820: train_loss -0.9141
2026-06-14 22:30:59.014515: val_loss -0.6751
2026-06-14 22:30:59.016395: Pseudo dice [0.7807, 0.8433]
2026-06-14 22:30:59.018183: Epoch time: 22.7 s
2026-06-14 22:31:00.392639: 
2026-06-14 22:31:00.395702: Epoch 900
2026-06-14 22:31:00.397606: Current learning rate: 0.00126
2026-06-14 22:31:23.204021: train_loss -0.9106
2026-06-14 22:31:23.207856: val_loss -0.6807
2026-06-14 22:31:23.209855: Pseudo dice [0.7764, 0.8207]
2026-06-14 22:31:23.211441: Epoch time: 22.81 s
2026-06-14 22:31:24.084471: 
2026-06-14 22:31:24.086541: Epoch 901
2026-06-14 22:31:24.088280: Current learning rate: 0.00125
2026-06-14 22:31:46.778160: train_loss -0.9182
2026-06-14 22:31:46.781499: val_loss -0.7209
2026-06-14 22:31:46.783412: Pseudo dice [0.779, 0.8483]
2026-06-14 22:31:46.785223: Epoch time: 22.69 s
2026-06-14 22:31:47.657047: 
2026-06-14 22:31:47.658988: Epoch 902
2026-06-14 22:31:47.661465: Current learning rate: 0.00124
2026-06-14 22:32:10.428251: train_loss -0.9195
2026-06-14 22:32:10.432876: val_loss -0.6935
2026-06-14 22:32:10.435086: Pseudo dice [0.773, 0.8206]
2026-06-14 22:32:10.437471: Epoch time: 22.77 s
2026-06-14 22:32:11.318326: 
2026-06-14 22:32:11.320301: Epoch 903
2026-06-14 22:32:11.321947: Current learning rate: 0.00122
2026-06-14 22:32:34.145118: train_loss -0.9193
2026-06-14 22:32:34.148610: val_loss -0.6948
2026-06-14 22:32:34.150719: Pseudo dice [0.7995, 0.8332]
2026-06-14 22:32:34.152837: Epoch time: 22.83 s
2026-06-14 22:32:35.041819: 
2026-06-14 22:32:35.043761: Epoch 904
2026-06-14 22:32:35.046340: Current learning rate: 0.00121
2026-06-14 22:32:57.861032: train_loss -0.915
2026-06-14 22:32:57.865201: val_loss -0.7407
2026-06-14 22:32:57.867968: Pseudo dice [0.8137, 0.8387]
2026-06-14 22:32:57.870100: Epoch time: 22.82 s
2026-06-14 22:32:58.747241: 
2026-06-14 22:32:58.749354: Epoch 905
2026-06-14 22:32:58.751091: Current learning rate: 0.0012
2026-06-14 22:33:21.506464: train_loss -0.9177
2026-06-14 22:33:21.510247: val_loss -0.7281
2026-06-14 22:33:21.511816: Pseudo dice [0.8029, 0.8397]
2026-06-14 22:33:21.513619: Epoch time: 22.76 s
2026-06-14 22:33:22.377034: 
2026-06-14 22:33:22.378740: Epoch 906
2026-06-14 22:33:22.380344: Current learning rate: 0.00119
2026-06-14 22:33:45.169475: train_loss -0.9205
2026-06-14 22:33:45.172649: val_loss -0.7064
2026-06-14 22:33:45.174708: Pseudo dice [0.8006, 0.8249]
2026-06-14 22:33:45.176695: Epoch time: 22.79 s
2026-06-14 22:33:46.043694: 
2026-06-14 22:33:46.048278: Epoch 907
2026-06-14 22:33:46.049990: Current learning rate: 0.00118
2026-06-14 22:34:08.810360: train_loss -0.9185
2026-06-14 22:34:08.814818: val_loss -0.6987
2026-06-14 22:34:08.816688: Pseudo dice [0.7753, 0.8486]
2026-06-14 22:34:08.820102: Epoch time: 22.77 s
2026-06-14 22:34:09.996078: 
2026-06-14 22:34:09.997727: Epoch 908
2026-06-14 22:34:09.999337: Current learning rate: 0.00117
2026-06-14 22:34:32.823056: train_loss -0.9203
2026-06-14 22:34:32.834474: val_loss -0.6518
2026-06-14 22:34:32.839281: Pseudo dice [0.7765, 0.8362]
2026-06-14 22:34:32.842568: Epoch time: 22.83 s
2026-06-14 22:34:33.713619: 
2026-06-14 22:34:33.715317: Epoch 909
2026-06-14 22:34:33.716913: Current learning rate: 0.00116
2026-06-14 22:34:56.564712: train_loss -0.9208
2026-06-14 22:34:56.568394: val_loss -0.7135
2026-06-14 22:34:56.570182: Pseudo dice [0.7987, 0.8222]
2026-06-14 22:34:56.572065: Epoch time: 22.85 s
2026-06-14 22:34:57.442888: 
2026-06-14 22:34:57.445956: Epoch 910
2026-06-14 22:34:57.448241: Current learning rate: 0.00115
2026-06-14 22:35:20.398770: train_loss -0.9174
2026-06-14 22:35:20.401754: val_loss -0.6788
2026-06-14 22:35:20.403502: Pseudo dice [0.7991, 0.8254]
2026-06-14 22:35:20.405263: Epoch time: 22.96 s
2026-06-14 22:35:21.279893: 
2026-06-14 22:35:21.283580: Epoch 911
2026-06-14 22:35:21.287302: Current learning rate: 0.00113
2026-06-14 22:35:44.145954: train_loss -0.9162
2026-06-14 22:35:44.150227: val_loss -0.621
2026-06-14 22:35:44.152095: Pseudo dice [0.7997, 0.8342]
2026-06-14 22:35:44.153848: Epoch time: 22.87 s
2026-06-14 22:35:45.027784: 
2026-06-14 22:35:45.029366: Epoch 912
2026-06-14 22:35:45.030863: Current learning rate: 0.00112
2026-06-14 22:36:07.828257: train_loss -0.9215
2026-06-14 22:36:07.834617: val_loss -0.7469
2026-06-14 22:36:07.836556: Pseudo dice [0.8245, 0.8588]
2026-06-14 22:36:07.840958: Epoch time: 22.8 s
2026-06-14 22:36:07.842571: Yayy! New best EMA pseudo Dice: 0.8122
2026-06-14 22:36:09.233252: 
2026-06-14 22:36:09.235198: Epoch 913
2026-06-14 22:36:09.237297: Current learning rate: 0.00111
2026-06-14 22:36:32.161916: train_loss -0.9201
2026-06-14 22:36:32.165094: val_loss -0.7299
2026-06-14 22:36:32.167250: Pseudo dice [0.8032, 0.8489]
2026-06-14 22:36:32.169325: Epoch time: 22.93 s
2026-06-14 22:36:32.171606: Yayy! New best EMA pseudo Dice: 0.8136
2026-06-14 22:36:33.580194: 
2026-06-14 22:36:33.581993: Epoch 914
2026-06-14 22:36:33.583656: Current learning rate: 0.0011
2026-06-14 22:36:56.357548: train_loss -0.9171
2026-06-14 22:36:56.362682: val_loss -0.6923
2026-06-14 22:36:56.364425: Pseudo dice [0.7997, 0.8441]
2026-06-14 22:36:56.367941: Epoch time: 22.78 s
2026-06-14 22:36:56.369663: Yayy! New best EMA pseudo Dice: 0.8144
2026-06-14 22:36:57.637429: 
2026-06-14 22:36:57.639525: Epoch 915
2026-06-14 22:36:57.641178: Current learning rate: 0.00109
2026-06-14 22:37:20.434319: train_loss -0.9208
2026-06-14 22:37:20.439164: val_loss -0.6628
2026-06-14 22:37:20.444307: Pseudo dice [0.7974, 0.8371]
2026-06-14 22:37:20.451052: Epoch time: 22.8 s
2026-06-14 22:37:20.454668: Yayy! New best EMA pseudo Dice: 0.8147
2026-06-14 22:37:21.817817: 
2026-06-14 22:37:21.819565: Epoch 916
2026-06-14 22:37:21.821238: Current learning rate: 0.00108
2026-06-14 22:37:44.715646: train_loss -0.9218
2026-06-14 22:37:44.718569: val_loss -0.767
2026-06-14 22:37:44.720385: Pseudo dice [0.8105, 0.854]
2026-06-14 22:37:44.721989: Epoch time: 22.9 s
2026-06-14 22:37:44.723706: Yayy! New best EMA pseudo Dice: 0.8164
2026-06-14 22:37:46.108395: 
2026-06-14 22:37:46.111002: Epoch 917
2026-06-14 22:37:46.113340: Current learning rate: 0.00106
2026-06-14 22:38:08.921476: train_loss -0.9199
2026-06-14 22:38:08.925591: val_loss -0.7833
2026-06-14 22:38:08.927107: Pseudo dice [0.825, 0.8591]
2026-06-14 22:38:08.928670: Epoch time: 22.81 s
2026-06-14 22:38:08.929967: Yayy! New best EMA pseudo Dice: 0.819
2026-06-14 22:38:10.303069: 
2026-06-14 22:38:10.305255: Epoch 918
2026-06-14 22:38:10.307080: Current learning rate: 0.00105
2026-06-14 22:38:32.985795: train_loss -0.9196
2026-06-14 22:38:32.988888: val_loss -0.7425
2026-06-14 22:38:32.990782: Pseudo dice [0.7963, 0.837]
2026-06-14 22:38:32.992615: Epoch time: 22.68 s
2026-06-14 22:38:33.860376: 
2026-06-14 22:38:33.862352: Epoch 919
2026-06-14 22:38:33.863931: Current learning rate: 0.00104
2026-06-14 22:38:56.658209: train_loss -0.9188
2026-06-14 22:38:56.661052: val_loss -0.7046
2026-06-14 22:38:56.662854: Pseudo dice [0.7983, 0.8386]
2026-06-14 22:38:56.664423: Epoch time: 22.8 s
2026-06-14 22:38:57.822174: 
2026-06-14 22:38:57.823963: Epoch 920
2026-06-14 22:38:57.825607: Current learning rate: 0.00103
2026-06-14 22:39:20.730802: train_loss -0.9198
2026-06-14 22:39:20.737857: val_loss -0.7272
2026-06-14 22:39:20.739993: Pseudo dice [0.8187, 0.8442]
2026-06-14 22:39:20.742002: Epoch time: 22.91 s
2026-06-14 22:39:20.743771: Yayy! New best EMA pseudo Dice: 0.82
2026-06-14 22:39:22.142927: 
2026-06-14 22:39:22.145914: Epoch 921
2026-06-14 22:39:22.148125: Current learning rate: 0.00102
2026-06-14 22:39:45.115642: train_loss -0.9209
2026-06-14 22:39:45.118703: val_loss -0.7159
2026-06-14 22:39:45.120412: Pseudo dice [0.7961, 0.8336]
2026-06-14 22:39:45.122051: Epoch time: 22.97 s
2026-06-14 22:39:45.999911: 
2026-06-14 22:39:46.002737: Epoch 922
2026-06-14 22:39:46.006092: Current learning rate: 0.00101
2026-06-14 22:40:08.886955: train_loss -0.9187
2026-06-14 22:40:08.891899: val_loss -0.6847
2026-06-14 22:40:08.893495: Pseudo dice [0.7964, 0.8392]
2026-06-14 22:40:08.894984: Epoch time: 22.89 s
2026-06-14 22:40:09.761667: 
2026-06-14 22:40:09.764654: Epoch 923
2026-06-14 22:40:09.767227: Current learning rate: 0.001
2026-06-14 22:40:32.504253: train_loss -0.9183
2026-06-14 22:40:32.508154: val_loss -0.7115
2026-06-14 22:40:32.513137: Pseudo dice [0.7999, 0.8351]
2026-06-14 22:40:32.519758: Epoch time: 22.74 s
2026-06-14 22:40:33.391194: 
2026-06-14 22:40:33.393262: Epoch 924
2026-06-14 22:40:33.396270: Current learning rate: 0.00098
2026-06-14 22:40:56.063561: train_loss -0.9208
2026-06-14 22:40:56.066332: val_loss -0.7712
2026-06-14 22:40:56.068091: Pseudo dice [0.8177, 0.8431]
2026-06-14 22:40:56.069797: Epoch time: 22.67 s
2026-06-14 22:40:56.071463: Yayy! New best EMA pseudo Dice: 0.8203
2026-06-14 22:40:57.459656: 
2026-06-14 22:40:57.461530: Epoch 925
2026-06-14 22:40:57.462933: Current learning rate: 0.00097
2026-06-14 22:41:20.290142: train_loss -0.9179
2026-06-14 22:41:20.292969: val_loss -0.6986
2026-06-14 22:41:20.294878: Pseudo dice [0.8005, 0.8403]
2026-06-14 22:41:20.296772: Epoch time: 22.83 s
2026-06-14 22:41:20.298830: Yayy! New best EMA pseudo Dice: 0.8203
2026-06-14 22:41:21.674196: 
2026-06-14 22:41:21.676067: Epoch 926
2026-06-14 22:41:21.677911: Current learning rate: 0.00096
2026-06-14 22:41:44.553067: train_loss -0.9211
2026-06-14 22:41:44.557177: val_loss -0.648
2026-06-14 22:41:44.559166: Pseudo dice [0.772, 0.83]
2026-06-14 22:41:44.560997: Epoch time: 22.88 s
2026-06-14 22:41:45.425354: 
2026-06-14 22:41:45.427718: Epoch 927
2026-06-14 22:41:45.429689: Current learning rate: 0.00095
2026-06-14 22:42:08.275606: train_loss -0.9192
2026-06-14 22:42:08.278575: val_loss -0.6755
2026-06-14 22:42:08.280404: Pseudo dice [0.7901, 0.837]
2026-06-14 22:42:08.284256: Epoch time: 22.85 s
2026-06-14 22:42:09.151509: 
2026-06-14 22:42:09.154996: Epoch 928
2026-06-14 22:42:09.157422: Current learning rate: 0.00094
2026-06-14 22:42:32.153777: train_loss -0.9235
2026-06-14 22:42:32.157206: val_loss -0.7132
2026-06-14 22:42:32.159338: Pseudo dice [0.7711, 0.8321]
2026-06-14 22:42:32.163006: Epoch time: 23.0 s
2026-06-14 22:42:33.038998: 
2026-06-14 22:42:33.042977: Epoch 929
2026-06-14 22:42:33.046822: Current learning rate: 0.00092
2026-06-14 22:42:55.732716: train_loss -0.9202
2026-06-14 22:42:55.736255: val_loss -0.6775
2026-06-14 22:42:55.737732: Pseudo dice [0.78, 0.8364]
2026-06-14 22:42:55.739286: Epoch time: 22.69 s
2026-06-14 22:42:56.606928: 
2026-06-14 22:42:56.608603: Epoch 930
2026-06-14 22:42:56.610116: Current learning rate: 0.00091
2026-06-14 22:43:19.373139: train_loss -0.9222
2026-06-14 22:43:19.375971: val_loss -0.7404
2026-06-14 22:43:19.378010: Pseudo dice [0.7934, 0.8477]
2026-06-14 22:43:19.379703: Epoch time: 22.77 s
2026-06-14 22:43:20.247774: 
2026-06-14 22:43:20.249540: Epoch 931
2026-06-14 22:43:20.251487: Current learning rate: 0.0009
2026-06-14 22:43:43.096371: train_loss -0.9216
2026-06-14 22:43:43.099238: val_loss -0.7151
2026-06-14 22:43:43.100837: Pseudo dice [0.7973, 0.824]
2026-06-14 22:43:43.102464: Epoch time: 22.85 s
2026-06-14 22:43:43.975156: 
2026-06-14 22:43:43.976951: Epoch 932
2026-06-14 22:43:43.978357: Current learning rate: 0.00089
2026-06-14 22:44:06.774864: train_loss -0.9247
2026-06-14 22:44:06.778247: val_loss -0.7445
2026-06-14 22:44:06.779767: Pseudo dice [0.7766, 0.8453]
2026-06-14 22:44:06.781200: Epoch time: 22.8 s
2026-06-14 22:44:07.943590: 
2026-06-14 22:44:07.946002: Epoch 933
2026-06-14 22:44:07.948278: Current learning rate: 0.00088
2026-06-14 22:44:30.694008: train_loss -0.9172
2026-06-14 22:44:30.700282: val_loss -0.6624
2026-06-14 22:44:30.704317: Pseudo dice [0.7818, 0.8356]
2026-06-14 22:44:30.708309: Epoch time: 22.75 s
2026-06-14 22:44:31.581681: 
2026-06-14 22:44:31.583394: Epoch 934
2026-06-14 22:44:31.584868: Current learning rate: 0.00087
2026-06-14 22:44:54.568705: train_loss -0.9195
2026-06-14 22:44:54.571219: val_loss -0.7112
2026-06-14 22:44:54.573250: Pseudo dice [0.8, 0.8467]
2026-06-14 22:44:54.574953: Epoch time: 22.99 s
2026-06-14 22:44:55.445496: 
2026-06-14 22:44:55.448466: Epoch 935
2026-06-14 22:44:55.450537: Current learning rate: 0.00085
2026-06-14 22:45:18.391978: train_loss -0.9184
2026-06-14 22:45:18.396000: val_loss -0.7148
2026-06-14 22:45:18.398355: Pseudo dice [0.7759, 0.8188]
2026-06-14 22:45:18.400416: Epoch time: 22.95 s
2026-06-14 22:45:19.275139: 
2026-06-14 22:45:19.278930: Epoch 936
2026-06-14 22:45:19.282800: Current learning rate: 0.00084
2026-06-14 22:45:42.055376: train_loss -0.916
2026-06-14 22:45:42.058223: val_loss -0.7233
2026-06-14 22:45:42.060519: Pseudo dice [0.7688, 0.8491]
2026-06-14 22:45:42.063083: Epoch time: 22.78 s
2026-06-14 22:45:42.932676: 
2026-06-14 22:45:42.934394: Epoch 937
2026-06-14 22:45:42.935929: Current learning rate: 0.00083
2026-06-14 22:46:05.938263: train_loss -0.9181
2026-06-14 22:46:05.942780: val_loss -0.6618
2026-06-14 22:46:05.944599: Pseudo dice [0.7251, 0.7967]
2026-06-14 22:46:05.946118: Epoch time: 23.01 s
2026-06-14 22:46:06.817096: 
2026-06-14 22:46:06.818684: Epoch 938
2026-06-14 22:46:06.820282: Current learning rate: 0.00082
2026-06-14 22:46:29.711615: train_loss -0.9196
2026-06-14 22:46:29.716005: val_loss -0.6312
2026-06-14 22:46:29.717859: Pseudo dice [0.799, 0.8339]
2026-06-14 22:46:29.720186: Epoch time: 22.9 s
2026-06-14 22:46:30.592142: 
2026-06-14 22:46:30.594162: Epoch 939
2026-06-14 22:46:30.596668: Current learning rate: 0.00081
2026-06-14 22:46:53.510638: train_loss -0.918
2026-06-14 22:46:53.513497: val_loss -0.6992
2026-06-14 22:46:53.518850: Pseudo dice [0.813, 0.8398]
2026-06-14 22:46:53.520818: Epoch time: 22.92 s
2026-06-14 22:46:54.390045: 
2026-06-14 22:46:54.391943: Epoch 940
2026-06-14 22:46:54.393610: Current learning rate: 0.00079
2026-06-14 22:47:17.072647: train_loss -0.9223
2026-06-14 22:47:17.075016: val_loss -0.6987
2026-06-14 22:47:17.076545: Pseudo dice [0.8, 0.8449]
2026-06-14 22:47:17.078087: Epoch time: 22.68 s
2026-06-14 22:47:17.953079: 
2026-06-14 22:47:17.954615: Epoch 941
2026-06-14 22:47:17.956196: Current learning rate: 0.00078
2026-06-14 22:47:40.756135: train_loss -0.9194
2026-06-14 22:47:40.759779: val_loss -0.6428
2026-06-14 22:47:40.761400: Pseudo dice [0.7736, 0.8477]
2026-06-14 22:47:40.763051: Epoch time: 22.8 s
2026-06-14 22:47:41.640759: 
2026-06-14 22:47:41.642730: Epoch 942
2026-06-14 22:47:41.644646: Current learning rate: 0.00077
2026-06-14 22:48:04.373412: train_loss -0.9235
2026-06-14 22:48:04.376226: val_loss -0.719
2026-06-14 22:48:04.377883: Pseudo dice [0.8033, 0.8386]
2026-06-14 22:48:04.379527: Epoch time: 22.73 s
2026-06-14 22:48:05.253618: 
2026-06-14 22:48:05.255510: Epoch 943
2026-06-14 22:48:05.257013: Current learning rate: 0.00076
2026-06-14 22:48:28.125637: train_loss -0.9213
2026-06-14 22:48:28.128363: val_loss -0.6711
2026-06-14 22:48:28.130000: Pseudo dice [0.7824, 0.838]
2026-06-14 22:48:28.131649: Epoch time: 22.87 s
2026-06-14 22:48:28.997199: 
2026-06-14 22:48:28.999067: Epoch 944
2026-06-14 22:48:29.000615: Current learning rate: 0.00075
2026-06-14 22:48:51.695497: train_loss -0.9247
2026-06-14 22:48:51.699560: val_loss -0.7379
2026-06-14 22:48:51.702930: Pseudo dice [0.808, 0.8464]
2026-06-14 22:48:51.704959: Epoch time: 22.7 s
2026-06-14 22:48:52.866192: 
2026-06-14 22:48:52.867777: Epoch 945
2026-06-14 22:48:52.869165: Current learning rate: 0.00074
2026-06-14 22:49:15.790511: train_loss -0.9229
2026-06-14 22:49:15.793378: val_loss -0.6756
2026-06-14 22:49:15.795063: Pseudo dice [0.7587, 0.8345]
2026-06-14 22:49:15.796794: Epoch time: 22.93 s
2026-06-14 22:49:16.661908: 
2026-06-14 22:49:16.663718: Epoch 946
2026-06-14 22:49:16.665416: Current learning rate: 0.00072
2026-06-14 22:49:39.642993: train_loss -0.9177
2026-06-14 22:49:39.646744: val_loss -0.7499
2026-06-14 22:49:39.648504: Pseudo dice [0.7943, 0.8388]
2026-06-14 22:49:39.650150: Epoch time: 22.98 s
2026-06-14 22:49:40.512676: 
2026-06-14 22:49:40.515114: Epoch 947
2026-06-14 22:49:40.516828: Current learning rate: 0.00071
2026-06-14 22:50:03.477536: train_loss -0.9198
2026-06-14 22:50:03.484762: val_loss -0.7146
2026-06-14 22:50:03.489385: Pseudo dice [0.7759, 0.851]
2026-06-14 22:50:03.491267: Epoch time: 22.97 s
2026-06-14 22:50:04.364206: 
2026-06-14 22:50:04.368368: Epoch 948
2026-06-14 22:50:04.369885: Current learning rate: 0.0007
2026-06-14 22:50:27.055732: train_loss -0.9237
2026-06-14 22:50:27.058635: val_loss -0.6627
2026-06-14 22:50:27.060353: Pseudo dice [0.7681, 0.8378]
2026-06-14 22:50:27.062016: Epoch time: 22.69 s
2026-06-14 22:50:27.935764: 
2026-06-14 22:50:27.937454: Epoch 949
2026-06-14 22:50:27.939261: Current learning rate: 0.00069
2026-06-14 22:50:50.786205: train_loss -0.9216
2026-06-14 22:50:50.789156: val_loss -0.709
2026-06-14 22:50:50.790794: Pseudo dice [0.7686, 0.8355]
2026-06-14 22:50:50.792264: Epoch time: 22.85 s
2026-06-14 22:50:52.185621: 
2026-06-14 22:50:52.187790: Epoch 950
2026-06-14 22:50:52.189692: Current learning rate: 0.00067
2026-06-14 22:51:15.056874: train_loss -0.9202
2026-06-14 22:51:15.061135: val_loss -0.6796
2026-06-14 22:51:15.062574: Pseudo dice [0.7679, 0.8302]
2026-06-14 22:51:15.064276: Epoch time: 22.87 s
2026-06-14 22:51:15.934069: 
2026-06-14 22:51:15.935766: Epoch 951
2026-06-14 22:51:15.937486: Current learning rate: 0.00066
2026-06-14 22:51:38.828957: train_loss -0.9235
2026-06-14 22:51:38.832185: val_loss -0.6502
2026-06-14 22:51:38.833987: Pseudo dice [0.7935, 0.8239]
2026-06-14 22:51:38.835652: Epoch time: 22.9 s
2026-06-14 22:51:39.706969: 
2026-06-14 22:51:39.708750: Epoch 952
2026-06-14 22:51:39.710860: Current learning rate: 0.00065
2026-06-14 22:52:02.413597: train_loss -0.9207
2026-06-14 22:52:02.416572: val_loss -0.6649
2026-06-14 22:52:02.418272: Pseudo dice [0.7795, 0.8439]
2026-06-14 22:52:02.419950: Epoch time: 22.71 s
2026-06-14 22:52:03.297054: 
2026-06-14 22:52:03.298596: Epoch 953
2026-06-14 22:52:03.300028: Current learning rate: 0.00064
2026-06-14 22:52:26.187929: train_loss -0.9245
2026-06-14 22:52:26.191520: val_loss -0.7276
2026-06-14 22:52:26.193256: Pseudo dice [0.7988, 0.843]
2026-06-14 22:52:26.194887: Epoch time: 22.89 s
2026-06-14 22:52:27.074306: 
2026-06-14 22:52:27.075865: Epoch 954
2026-06-14 22:52:27.077450: Current learning rate: 0.00063
2026-06-14 22:52:49.953468: train_loss -0.9226
2026-06-14 22:52:49.956309: val_loss -0.7314
2026-06-14 22:52:49.958159: Pseudo dice [0.7732, 0.8332]
2026-06-14 22:52:49.960132: Epoch time: 22.88 s
2026-06-14 22:52:50.842164: 
2026-06-14 22:52:50.845399: Epoch 955
2026-06-14 22:52:50.849364: Current learning rate: 0.00061
2026-06-14 22:53:13.595489: train_loss -0.9212
2026-06-14 22:53:13.598233: val_loss -0.7337
2026-06-14 22:53:13.599799: Pseudo dice [0.7873, 0.8547]
2026-06-14 22:53:13.601241: Epoch time: 22.75 s
2026-06-14 22:53:14.477359: 
2026-06-14 22:53:14.479001: Epoch 956
2026-06-14 22:53:14.480550: Current learning rate: 0.0006
2026-06-14 22:53:37.326691: train_loss -0.9226
2026-06-14 22:53:37.330194: val_loss -0.7053
2026-06-14 22:53:37.331636: Pseudo dice [0.7832, 0.8045]
2026-06-14 22:53:37.333231: Epoch time: 22.85 s
2026-06-14 22:53:38.206274: 
2026-06-14 22:53:38.208010: Epoch 957
2026-06-14 22:53:38.209855: Current learning rate: 0.00059
2026-06-14 22:54:00.816427: train_loss -0.9237
2026-06-14 22:54:00.819074: val_loss -0.7109
2026-06-14 22:54:00.820705: Pseudo dice [0.7764, 0.8459]
2026-06-14 22:54:00.822200: Epoch time: 22.61 s
2026-06-14 22:54:02.000843: 
2026-06-14 22:54:02.002812: Epoch 958
2026-06-14 22:54:02.004329: Current learning rate: 0.00058
2026-06-14 22:54:24.779603: train_loss -0.9261
2026-06-14 22:54:24.786321: val_loss -0.6724
2026-06-14 22:54:24.789918: Pseudo dice [0.7963, 0.8355]
2026-06-14 22:54:24.793609: Epoch time: 22.78 s
2026-06-14 22:54:25.683233: 
2026-06-14 22:54:25.685662: Epoch 959
2026-06-14 22:54:25.688133: Current learning rate: 0.00056
2026-06-14 22:54:48.627553: train_loss -0.9191
2026-06-14 22:54:48.631101: val_loss -0.6839
2026-06-14 22:54:48.632759: Pseudo dice [0.7662, 0.8472]
2026-06-14 22:54:48.634439: Epoch time: 22.95 s
2026-06-14 22:54:49.515280: 
2026-06-14 22:54:49.517077: Epoch 960
2026-06-14 22:54:49.520018: Current learning rate: 0.00055
2026-06-14 22:55:12.233644: train_loss -0.9198
2026-06-14 22:55:12.236808: val_loss -0.6862
2026-06-14 22:55:12.238589: Pseudo dice [0.7752, 0.8287]
2026-06-14 22:55:12.240264: Epoch time: 22.72 s
2026-06-14 22:55:13.121011: 
2026-06-14 22:55:13.122695: Epoch 961
2026-06-14 22:55:13.124395: Current learning rate: 0.00054
2026-06-14 22:55:35.892399: train_loss -0.9175
2026-06-14 22:55:35.896372: val_loss -0.6991
2026-06-14 22:55:35.898110: Pseudo dice [0.7667, 0.8214]
2026-06-14 22:55:35.899797: Epoch time: 22.77 s
2026-06-14 22:55:36.773123: 
2026-06-14 22:55:36.779276: Epoch 962
2026-06-14 22:55:36.781221: Current learning rate: 0.00053
2026-06-14 22:55:59.881161: train_loss -0.9161
2026-06-14 22:55:59.885123: val_loss -0.6621
2026-06-14 22:55:59.886786: Pseudo dice [0.7992, 0.8132]
2026-06-14 22:55:59.888259: Epoch time: 23.11 s
2026-06-14 22:56:00.780353: 
2026-06-14 22:56:00.781962: Epoch 963
2026-06-14 22:56:00.783461: Current learning rate: 0.00051
2026-06-14 22:56:23.590781: train_loss -0.9222
2026-06-14 22:56:23.594956: val_loss -0.7138
2026-06-14 22:56:23.597100: Pseudo dice [0.8143, 0.839]
2026-06-14 22:56:23.599458: Epoch time: 22.81 s
2026-06-14 22:56:24.475854: 
2026-06-14 22:56:24.480889: Epoch 964
2026-06-14 22:56:24.484058: Current learning rate: 0.0005
2026-06-14 22:56:47.358290: train_loss -0.9209
2026-06-14 22:56:47.361301: val_loss -0.7146
2026-06-14 22:56:47.365934: Pseudo dice [0.7834, 0.8347]
2026-06-14 22:56:47.367566: Epoch time: 22.88 s
2026-06-14 22:56:48.248367: 
2026-06-14 22:56:48.250112: Epoch 965
2026-06-14 22:56:48.251763: Current learning rate: 0.00049
2026-06-14 22:57:10.839786: train_loss -0.9243
2026-06-14 22:57:10.843621: val_loss -0.6517
2026-06-14 22:57:10.845223: Pseudo dice [0.7764, 0.8201]
2026-06-14 22:57:10.846845: Epoch time: 22.59 s
2026-06-14 22:57:11.718924: 
2026-06-14 22:57:11.720846: Epoch 966
2026-06-14 22:57:11.722729: Current learning rate: 0.00048
2026-06-14 22:57:34.449056: train_loss -0.9227
2026-06-14 22:57:34.452617: val_loss -0.7356
2026-06-14 22:57:34.454620: Pseudo dice [0.8191, 0.8483]
2026-06-14 22:57:34.456429: Epoch time: 22.73 s
2026-06-14 22:57:35.330187: 
2026-06-14 22:57:35.332805: Epoch 967
2026-06-14 22:57:35.335521: Current learning rate: 0.00046
2026-06-14 22:57:57.965313: train_loss -0.9211
2026-06-14 22:57:57.969611: val_loss -0.6481
2026-06-14 22:57:57.972339: Pseudo dice [0.7708, 0.8255]
2026-06-14 22:57:57.975697: Epoch time: 22.64 s
2026-06-14 22:57:58.868459: 
2026-06-14 22:57:58.871891: Epoch 968
2026-06-14 22:57:58.875599: Current learning rate: 0.00045
2026-06-14 22:58:21.618603: train_loss -0.9263
2026-06-14 22:58:21.632020: val_loss -0.7022
2026-06-14 22:58:21.637032: Pseudo dice [0.7591, 0.836]
2026-06-14 22:58:21.641333: Epoch time: 22.75 s
2026-06-14 22:58:22.526432: 
2026-06-14 22:58:22.528248: Epoch 969
2026-06-14 22:58:22.529938: Current learning rate: 0.00044
2026-06-14 22:58:45.276415: train_loss -0.9207
2026-06-14 22:58:45.279392: val_loss -0.6963
2026-06-14 22:58:45.280921: Pseudo dice [0.7607, 0.8505]
2026-06-14 22:58:45.282551: Epoch time: 22.75 s
2026-06-14 22:58:46.459944: 
2026-06-14 22:58:46.461501: Epoch 970
2026-06-14 22:58:46.463141: Current learning rate: 0.00043
2026-06-14 22:59:09.261189: train_loss -0.9213
2026-06-14 22:59:09.267213: val_loss -0.6565
2026-06-14 22:59:09.269591: Pseudo dice [0.7746, 0.8167]
2026-06-14 22:59:09.271460: Epoch time: 22.8 s
2026-06-14 22:59:10.148584: 
2026-06-14 22:59:10.150268: Epoch 971
2026-06-14 22:59:10.152028: Current learning rate: 0.00041
2026-06-14 22:59:33.022285: train_loss -0.9238
2026-06-14 22:59:33.025971: val_loss -0.6268
2026-06-14 22:59:33.027668: Pseudo dice [0.7674, 0.8184]
2026-06-14 22:59:33.029196: Epoch time: 22.87 s
2026-06-14 22:59:33.906313: 
2026-06-14 22:59:33.908102: Epoch 972
2026-06-14 22:59:33.909716: Current learning rate: 0.0004
2026-06-14 22:59:56.570331: train_loss -0.9248
2026-06-14 22:59:56.573332: val_loss -0.7339
2026-06-14 22:59:56.574994: Pseudo dice [0.7747, 0.8518]
2026-06-14 22:59:56.576723: Epoch time: 22.66 s
2026-06-14 22:59:57.459030: 
2026-06-14 22:59:57.461662: Epoch 973
2026-06-14 22:59:57.463369: Current learning rate: 0.00039
2026-06-14 23:00:20.442049: train_loss -0.9186
2026-06-14 23:00:20.445030: val_loss -0.6668
2026-06-14 23:00:20.446691: Pseudo dice [0.7918, 0.8274]
2026-06-14 23:00:20.448264: Epoch time: 22.98 s
2026-06-14 23:00:21.329026: 
2026-06-14 23:00:21.330794: Epoch 974
2026-06-14 23:00:21.332279: Current learning rate: 0.00037
2026-06-14 23:00:44.156078: train_loss -0.9225
2026-06-14 23:00:44.159968: val_loss -0.6631
2026-06-14 23:00:44.161889: Pseudo dice [0.7766, 0.8203]
2026-06-14 23:00:44.163869: Epoch time: 22.83 s
2026-06-14 23:00:45.046530: 
2026-06-14 23:00:45.048553: Epoch 975
2026-06-14 23:00:45.050081: Current learning rate: 0.00036
2026-06-14 23:01:07.814303: train_loss -0.9179
2026-06-14 23:01:07.817898: val_loss -0.6664
2026-06-14 23:01:07.819632: Pseudo dice [0.8065, 0.8449]
2026-06-14 23:01:07.821238: Epoch time: 22.77 s
2026-06-14 23:01:08.693047: 
2026-06-14 23:01:08.695573: Epoch 976
2026-06-14 23:01:08.698019: Current learning rate: 0.00035
2026-06-14 23:01:31.516829: train_loss -0.9227
2026-06-14 23:01:31.519497: val_loss -0.6754
2026-06-14 23:01:31.521134: Pseudo dice [0.7894, 0.8461]
2026-06-14 23:01:31.522804: Epoch time: 22.82 s
2026-06-14 23:01:32.404701: 
2026-06-14 23:01:32.406526: Epoch 977
2026-06-14 23:01:32.408161: Current learning rate: 0.00034
2026-06-14 23:01:55.273093: train_loss -0.919
2026-06-14 23:01:55.277248: val_loss -0.6771
2026-06-14 23:01:55.278939: Pseudo dice [0.8004, 0.8197]
2026-06-14 23:01:55.280562: Epoch time: 22.87 s
2026-06-14 23:01:56.154054: 
2026-06-14 23:01:56.155830: Epoch 978
2026-06-14 23:01:56.157339: Current learning rate: 0.00032
2026-06-14 23:02:19.020436: train_loss -0.9236
2026-06-14 23:02:19.023287: val_loss -0.6866
2026-06-14 23:02:19.025185: Pseudo dice [0.7732, 0.8298]
2026-06-14 23:02:19.026701: Epoch time: 22.87 s
2026-06-14 23:02:19.902894: 
2026-06-14 23:02:19.905234: Epoch 979
2026-06-14 23:02:19.907128: Current learning rate: 0.00031
2026-06-14 23:02:42.763125: train_loss -0.9219
2026-06-14 23:02:42.768907: val_loss -0.6354
2026-06-14 23:02:42.782442: Pseudo dice [0.7683, 0.8296]
2026-06-14 23:02:42.784130: Epoch time: 22.86 s
2026-06-14 23:02:43.653918: 
2026-06-14 23:02:43.655659: Epoch 980
2026-06-14 23:02:43.657231: Current learning rate: 0.0003
2026-06-14 23:03:06.494629: train_loss -0.9225
2026-06-14 23:03:06.498039: val_loss -0.6575
2026-06-14 23:03:06.499530: Pseudo dice [0.8001, 0.8359]
2026-06-14 23:03:06.501024: Epoch time: 22.84 s
2026-06-14 23:03:07.376792: 
2026-06-14 23:03:07.378547: Epoch 981
2026-06-14 23:03:07.380091: Current learning rate: 0.00028
2026-06-14 23:03:30.057406: train_loss -0.926
2026-06-14 23:03:30.060705: val_loss -0.5994
2026-06-14 23:03:30.063623: Pseudo dice [0.7337, 0.8146]
2026-06-14 23:03:30.065495: Epoch time: 22.68 s
2026-06-14 23:03:30.942349: 
2026-06-14 23:03:30.943940: Epoch 982
2026-06-14 23:03:30.945566: Current learning rate: 0.00027
2026-06-14 23:03:53.691447: train_loss -0.924
2026-06-14 23:03:53.694224: val_loss -0.6832
2026-06-14 23:03:53.695821: Pseudo dice [0.7734, 0.8364]
2026-06-14 23:03:53.697484: Epoch time: 22.75 s
2026-06-14 23:03:54.879335: 
2026-06-14 23:03:54.881070: Epoch 983
2026-06-14 23:03:54.882622: Current learning rate: 0.00026
2026-06-14 23:04:17.638727: train_loss -0.9248
2026-06-14 23:04:17.642329: val_loss -0.6325
2026-06-14 23:04:17.643960: Pseudo dice [0.7857, 0.8486]
2026-06-14 23:04:17.645409: Epoch time: 22.76 s
2026-06-14 23:04:18.524303: 
2026-06-14 23:04:18.526192: Epoch 984
2026-06-14 23:04:18.527811: Current learning rate: 0.00024
2026-06-14 23:04:41.179440: train_loss -0.9276
2026-06-14 23:04:41.182215: val_loss -0.715
2026-06-14 23:04:41.183956: Pseudo dice [0.7986, 0.8352]
2026-06-14 23:04:41.185543: Epoch time: 22.66 s
2026-06-14 23:04:42.060161: 
2026-06-14 23:04:42.061914: Epoch 985
2026-06-14 23:04:42.063370: Current learning rate: 0.00023
2026-06-14 23:05:04.833625: train_loss -0.9223
2026-06-14 23:05:04.836231: val_loss -0.6465
2026-06-14 23:05:04.837878: Pseudo dice [0.765, 0.8311]
2026-06-14 23:05:04.839794: Epoch time: 22.77 s
2026-06-14 23:05:05.727736: 
2026-06-14 23:05:05.729735: Epoch 986
2026-06-14 23:05:05.731237: Current learning rate: 0.00021
2026-06-14 23:05:28.475310: train_loss -0.9251
2026-06-14 23:05:28.479279: val_loss -0.7127
2026-06-14 23:05:28.481109: Pseudo dice [0.7758, 0.8478]
2026-06-14 23:05:28.482681: Epoch time: 22.75 s
2026-06-14 23:05:29.357726: 
2026-06-14 23:05:29.359398: Epoch 987
2026-06-14 23:05:29.361075: Current learning rate: 0.0002
2026-06-14 23:05:52.021008: train_loss -0.9188
2026-06-14 23:05:52.023684: val_loss -0.6482
2026-06-14 23:05:52.025332: Pseudo dice [0.774, 0.8173]
2026-06-14 23:05:52.026859: Epoch time: 22.66 s
2026-06-14 23:05:52.906152: 
2026-06-14 23:05:52.907932: Epoch 988
2026-06-14 23:05:52.909589: Current learning rate: 0.00019
2026-06-14 23:06:15.599201: train_loss -0.9274
2026-06-14 23:06:15.604604: val_loss -0.6904
2026-06-14 23:06:15.606744: Pseudo dice [0.7849, 0.834]
2026-06-14 23:06:15.608677: Epoch time: 22.69 s
2026-06-14 23:06:16.485278: 
2026-06-14 23:06:16.487057: Epoch 989
2026-06-14 23:06:16.488652: Current learning rate: 0.00017
2026-06-14 23:06:39.217038: train_loss -0.9264
2026-06-14 23:06:39.220812: val_loss -0.6825
2026-06-14 23:06:39.222343: Pseudo dice [0.7823, 0.8345]
2026-06-14 23:06:39.223849: Epoch time: 22.73 s
2026-06-14 23:06:40.108272: 
2026-06-14 23:06:40.111186: Epoch 990
2026-06-14 23:06:40.113165: Current learning rate: 0.00016
2026-06-14 23:07:02.932543: train_loss -0.9213
2026-06-14 23:07:02.935740: val_loss -0.7123
2026-06-14 23:07:02.937543: Pseudo dice [0.814, 0.8331]
2026-06-14 23:07:02.939097: Epoch time: 22.83 s
2026-06-14 23:07:03.810895: 
2026-06-14 23:07:03.812720: Epoch 991
2026-06-14 23:07:03.814161: Current learning rate: 0.00014
2026-06-14 23:07:26.460232: train_loss -0.9236
2026-06-14 23:07:26.463036: val_loss -0.6547
2026-06-14 23:07:26.464855: Pseudo dice [0.7679, 0.8287]
2026-06-14 23:07:26.466325: Epoch time: 22.65 s
2026-06-14 23:07:27.338104: 
2026-06-14 23:07:27.339864: Epoch 992
2026-06-14 23:07:27.341335: Current learning rate: 0.00013
2026-06-14 23:07:49.937863: train_loss -0.926
2026-06-14 23:07:49.941941: val_loss -0.7072
2026-06-14 23:07:49.943755: Pseudo dice [0.7883, 0.843]
2026-06-14 23:07:49.945704: Epoch time: 22.6 s
2026-06-14 23:07:50.823787: 
2026-06-14 23:07:50.825595: Epoch 993
2026-06-14 23:07:50.827329: Current learning rate: 0.00011
2026-06-14 23:08:13.595479: train_loss -0.9229
2026-06-14 23:08:13.598283: val_loss -0.7381
2026-06-14 23:08:13.599899: Pseudo dice [0.7935, 0.8343]
2026-06-14 23:08:13.601380: Epoch time: 22.77 s
2026-06-14 23:08:14.577850: 
2026-06-14 23:08:14.579625: Epoch 994
2026-06-14 23:08:14.581250: Current learning rate: 0.0001
2026-06-14 23:08:37.364699: train_loss -0.9235
2026-06-14 23:08:37.367604: val_loss -0.6624
2026-06-14 23:08:37.369252: Pseudo dice [0.8173, 0.8206]
2026-06-14 23:08:37.370690: Epoch time: 22.79 s
2026-06-14 23:08:38.556464: 
2026-06-14 23:08:38.558972: Epoch 995
2026-06-14 23:08:38.561466: Current learning rate: 8e-05
2026-06-14 23:09:01.380884: train_loss -0.9254
2026-06-14 23:09:01.385375: val_loss -0.7268
2026-06-14 23:09:01.386878: Pseudo dice [0.7973, 0.836]
2026-06-14 23:09:01.388597: Epoch time: 22.83 s
2026-06-14 23:09:02.262376: 
2026-06-14 23:09:02.264233: Epoch 996
2026-06-14 23:09:02.265796: Current learning rate: 7e-05
2026-06-14 23:09:24.979287: train_loss -0.9248
2026-06-14 23:09:24.982061: val_loss -0.6198
2026-06-14 23:09:24.983790: Pseudo dice [0.7934, 0.8351]
2026-06-14 23:09:24.985298: Epoch time: 22.72 s
2026-06-14 23:09:25.877276: 
2026-06-14 23:09:25.880186: Epoch 997
2026-06-14 23:09:25.884276: Current learning rate: 5e-05
2026-06-14 23:09:48.635711: train_loss -0.9273
2026-06-14 23:09:48.639009: val_loss -0.6672
2026-06-14 23:09:48.640732: Pseudo dice [0.806, 0.84]
2026-06-14 23:09:48.642189: Epoch time: 22.76 s
2026-06-14 23:09:49.532317: 
2026-06-14 23:09:49.533920: Epoch 998
2026-06-14 23:09:49.535502: Current learning rate: 4e-05
2026-06-14 23:10:12.294462: train_loss -0.9229
2026-06-14 23:10:12.298040: val_loss -0.6705
2026-06-14 23:10:12.300072: Pseudo dice [0.7769, 0.8482]
2026-06-14 23:10:12.301888: Epoch time: 22.76 s
2026-06-14 23:10:13.176852: 
2026-06-14 23:10:13.178757: Epoch 999
2026-06-14 23:10:13.180331: Current learning rate: 2e-05
2026-06-14 23:10:35.777355: train_loss -0.9215
2026-06-14 23:10:35.780534: val_loss -0.6491
2026-06-14 23:10:35.782315: Pseudo dice [0.7765, 0.83]
2026-06-14 23:10:35.784189: Epoch time: 22.6 s
2026-06-14 23:10:37.192571: Training done.
2026-06-14 23:10:37.237752: Using splits from existing split file: /data/drdcad/datasets_nnUNet/nnUNet_preprocessed/Dataset100_SmallBowelObstruction/splits_final.json
2026-06-14 23:10:37.240320: The split file contains 5 splits.
2026-06-14 23:10:37.241893: Desired fold for training: 0
2026-06-14 23:10:37.243549: This split has 26 training and 7 validation cases.
2026-06-14 23:10:37.245572: predicting 00001_00001_3
2026-06-14 23:10:38.279521: 00001_00001_3, shape torch.Size([1, 525, 639, 639]), rank 0
2026-06-14 23:11:56.196433: predicting 00005_00001_3
2026-06-14 23:11:56.792852: 00005_00001_3, shape torch.Size([1, 619, 566, 566]), rank 0
2026-06-14 23:12:55.838131: predicting 00019_00001_3
2026-06-14 23:12:56.809803: 00019_00001_3, shape torch.Size([1, 700, 644, 644]), rank 0
2026-06-14 23:14:39.068794: predicting 00087_00001_4
2026-06-14 23:14:39.248832: 00087_00001_4, shape torch.Size([1, 356, 316, 346]), rank 0
2026-06-14 23:14:49.592099: predicting 00098_00003_4
2026-06-14 23:14:49.941694: 00098_00003_4, shape torch.Size([1, 508, 379, 488]), rank 0
2026-06-14 23:15:15.112962: predicting 00110_00001_10
2026-06-14 23:15:15.509675: 00110_00001_10, shape torch.Size([1, 680, 300, 543]), rank 0
2026-06-14 23:15:48.382526: predicting 00120_00001_4
2026-06-14 23:15:49.062450: 00120_00001_4, shape torch.Size([1, 726, 403, 615]), rank 0
2026-06-14 23:17:51.102683: Validation complete
2026-06-14 23:17:51.135889: Mean Validation Dice:  0.6762869478384996
