==========================================
Swin UNETR SBO vessel training
==========================================
HOSTNAME=cn1098
FOLD=3
JSON_PATH=./jsons/sbo_vessel_fold3.json
OUT_DIR=./runs/fold3
CUDA_VISIBLE_DEVICES=0
==========================================
/vf/users/drdcad/Hyuna/projects/vessel_seg/seg/bin/python
Python 3.10.8
Tue Jun 16 16:42:21 2026       
+-----------------------------------------------------------------------------------------+
| NVIDIA-SMI 580.126.09             Driver Version: 580.126.09     CUDA Version: 13.0     |
+-----------------------------------------+------------------------+----------------------+
| GPU  Name                 Persistence-M | Bus-Id          Disp.A | Volatile Uncorr. ECC |
| Fan  Temp   Perf          Pwr:Usage/Cap |           Memory-Usage | GPU-Util  Compute M. |
|                                         |                        |               MIG M. |
|=========================================+========================+======================|
|   0  NVIDIA A100-SXM4-80GB          On  |   00000000:C7:00.0 Off |                    0 |
| N/A   36C    P0             61W /  400W |       0MiB /  81920MiB |      0%      Default |
|                                         |                        |             Disabled |
+-----------------------------------------+------------------------+----------------------+

+-----------------------------------------------------------------------------------------+
| Processes:                                                                              |
|  GPU   GI   CI              PID   Type   Process name                        GPU Memory |
|        ID   ID                                                               Usage      |
|=========================================================================================|
|  No running processes found                                                             |
+-----------------------------------------------------------------------------------------+
Fold: 3
Train cases: 94
Val cases: 23
Preprocessed dir: /data/drdcad/datasets_nnUNet/nnUNet_preprocessed/Dataset101_SBOvessel/nnUNetPlans_3d_fullres
Output dir: runs/fold3
Total epochs: 1000
Steps per epoch: 94
Training started at: 2026-06-16 16:42:36
Epoch 1/1000 finished | train_loss=1.120869 | lr=0.00039964 | epoch_time=00:01:08 | elapsed=00:01:08 | ETA=18:56:09 | estimated_finish=2026-06-17 11:39:54
Epoch 2/1000 finished | train_loss=0.988457 | lr=0.00039928 | epoch_time=00:01:02 | elapsed=00:02:11 | ETA=18:11:49 | estimated_finish=2026-06-17 10:56:37
Epoch 3/1000 finished | train_loss=0.925684 | lr=0.00039892 | epoch_time=00:01:02 | elapsed=00:03:14 | ETA=17:57:58 | estimated_finish=2026-06-17 10:43:49
Epoch 4/1000 finished | train_loss=0.885246 | lr=0.00039856 | epoch_time=00:01:03 | elapsed=00:04:18 | ETA=17:53:45 | estimated_finish=2026-06-17 10:40:40
Epoch 5/1000 finished | train_loss=0.873876 | lr=0.0003982 | epoch_time=00:01:01 | elapsed=00:05:20 | ETA=17:44:37 | estimated_finish=2026-06-17 10:32:35
Quick validation epoch=5 | pseudo_dice=0.225525 | val_time=00:00:26
New best model saved by quick validation | pseudo_dice=0.225525 | epoch=5
Epoch 6/1000 finished | train_loss=0.819985 | lr=0.000397839 | epoch_time=00:01:04 | elapsed=00:06:52 | ETA=18:59:53 | estimated_finish=2026-06-17 11:49:22
Epoch 7/1000 finished | train_loss=0.839500 | lr=0.000397479 | epoch_time=00:01:03 | elapsed=00:07:57 | ETA=18:48:09 | estimated_finish=2026-06-17 11:38:42
Epoch 8/1000 finished | train_loss=0.812948 | lr=0.000397119 | epoch_time=00:01:02 | elapsed=00:09:00 | ETA=18:36:49 | estimated_finish=2026-06-17 11:28:26
Epoch 9/1000 finished | train_loss=0.784476 | lr=0.000396759 | epoch_time=00:01:03 | elapsed=00:10:04 | ETA=18:29:03 | estimated_finish=2026-06-17 11:21:44
Epoch 10/1000 finished | train_loss=0.779273 | lr=0.000396398 | epoch_time=00:01:02 | elapsed=00:11:06 | ETA=18:20:15 | estimated_finish=2026-06-17 11:13:58
Quick validation epoch=10 | pseudo_dice=0.363624 | val_time=00:00:24
New best model saved by quick validation | pseudo_dice=0.363624 | epoch=10
Epoch 11/1000 finished | train_loss=0.778210 | lr=0.000396038 | epoch_time=00:01:02 | elapsed=00:12:35 | ETA=18:52:03 | estimated_finish=2026-06-17 11:47:15
Epoch 12/1000 finished | train_loss=0.781111 | lr=0.000395677 | epoch_time=00:01:02 | elapsed=00:13:38 | ETA=18:42:34 | estimated_finish=2026-06-17 11:38:49
Epoch 13/1000 finished | train_loss=0.754959 | lr=0.000395317 | epoch_time=00:01:04 | elapsed=00:14:42 | ETA=18:36:52 | estimated_finish=2026-06-17 11:34:11
Epoch 14/1000 finished | train_loss=0.766161 | lr=0.000394956 | epoch_time=00:01:03 | elapsed=00:15:46 | ETA=18:31:15 | estimated_finish=2026-06-17 11:29:38
Epoch 15/1000 finished | train_loss=0.780161 | lr=0.000394596 | epoch_time=00:01:03 | elapsed=00:16:50 | ETA=18:26:12 | estimated_finish=2026-06-17 11:25:39
Quick validation epoch=15 | pseudo_dice=0.379890 | val_time=00:00:23
New best model saved by quick validation | pseudo_dice=0.379890 | epoch=15
Epoch 16/1000 finished | train_loss=0.751114 | lr=0.000394235 | epoch_time=00:01:01 | elapsed=00:18:16 | ETA=18:44:17 | estimated_finish=2026-06-17 11:45:10
Epoch 17/1000 finished | train_loss=0.765554 | lr=0.000393875 | epoch_time=00:01:02 | elapsed=00:19:20 | ETA=18:38:12 | estimated_finish=2026-06-17 11:40:09
Epoch 18/1000 finished | train_loss=0.738734 | lr=0.000393514 | epoch_time=00:01:02 | elapsed=00:20:23 | ETA=18:32:15 | estimated_finish=2026-06-17 11:35:15
Epoch 19/1000 finished | train_loss=0.752958 | lr=0.000393153 | epoch_time=00:01:01 | elapsed=00:21:25 | ETA=18:26:12 | estimated_finish=2026-06-17 11:30:14
Epoch 20/1000 finished | train_loss=0.723508 | lr=0.000392793 | epoch_time=00:01:02 | elapsed=00:22:28 | ETA=18:21:29 | estimated_finish=2026-06-17 11:26:34
Quick validation epoch=20 | pseudo_dice=0.417326 | val_time=00:00:23
New best model saved by quick validation | pseudo_dice=0.417326 | epoch=20
Epoch 21/1000 finished | train_loss=0.750761 | lr=0.000392432 | epoch_time=00:01:01 | elapsed=00:23:54 | ETA=18:34:53 | estimated_finish=2026-06-17 11:41:25
Epoch 22/1000 finished | train_loss=0.733925 | lr=0.000392071 | epoch_time=00:01:03 | elapsed=00:24:58 | ETA=18:30:13 | estimated_finish=2026-06-17 11:37:48
Epoch 23/1000 finished | train_loss=0.726597 | lr=0.00039171 | epoch_time=00:01:02 | elapsed=00:26:01 | ETA=18:25:24 | estimated_finish=2026-06-17 11:34:02
Epoch 24/1000 finished | train_loss=0.760475 | lr=0.00039135 | epoch_time=00:01:03 | elapsed=00:27:05 | ETA=18:21:42 | estimated_finish=2026-06-17 11:31:24
Epoch 25/1000 finished | train_loss=0.744586 | lr=0.000390989 | epoch_time=00:01:02 | elapsed=00:28:08 | ETA=18:17:33 | estimated_finish=2026-06-17 11:28:19
Quick validation epoch=25 | pseudo_dice=0.396591 | val_time=00:00:23
Epoch 26/1000 finished | train_loss=0.729309 | lr=0.000390628 | epoch_time=00:01:04 | elapsed=00:29:37 | ETA=18:29:43 | estimated_finish=2026-06-17 11:41:57
Epoch 27/1000 finished | train_loss=0.709779 | lr=0.000390267 | epoch_time=00:01:03 | elapsed=00:30:41 | ETA=18:25:55 | estimated_finish=2026-06-17 11:39:13
Epoch 28/1000 finished | train_loss=0.740471 | lr=0.000389906 | epoch_time=00:01:03 | elapsed=00:31:44 | ETA=18:22:08 | estimated_finish=2026-06-17 11:36:30
Epoch 29/1000 finished | train_loss=0.699669 | lr=0.000389545 | epoch_time=00:01:03 | elapsed=00:32:49 | ETA=18:18:50 | estimated_finish=2026-06-17 11:34:15
Epoch 30/1000 finished | train_loss=0.711250 | lr=0.000389184 | epoch_time=00:01:02 | elapsed=00:33:52 | ETA=18:15:07 | estimated_finish=2026-06-17 11:31:36
Quick validation epoch=30 | pseudo_dice=0.414223 | val_time=00:00:23
Epoch 31/1000 finished | train_loss=0.743755 | lr=0.000388823 | epoch_time=00:01:03 | elapsed=00:35:20 | ETA=18:24:35 | estimated_finish=2026-06-17 11:42:32
Epoch 32/1000 finished | train_loss=0.700837 | lr=0.000388461 | epoch_time=00:01:04 | elapsed=00:36:24 | ETA=18:21:29 | estimated_finish=2026-06-17 11:40:31
Epoch 33/1000 finished | train_loss=0.680042 | lr=0.0003881 | epoch_time=00:01:04 | elapsed=00:37:29 | ETA=18:18:41 | estimated_finish=2026-06-17 11:38:48
Epoch 34/1000 finished | train_loss=0.724256 | lr=0.000387739 | epoch_time=00:01:02 | elapsed=00:38:32 | ETA=18:15:15 | estimated_finish=2026-06-17 11:36:24
Epoch 35/1000 finished | train_loss=0.720246 | lr=0.000387378 | epoch_time=00:01:04 | elapsed=00:39:37 | ETA=18:12:43 | estimated_finish=2026-06-17 11:34:58
Quick validation epoch=35 | pseudo_dice=0.427564 | val_time=00:00:24
New best model saved by quick validation | pseudo_dice=0.427564 | epoch=35
Epoch 36/1000 finished | train_loss=0.736710 | lr=0.000387016 | epoch_time=00:01:05 | elapsed=00:41:08 | ETA=18:21:44 | estimated_finish=2026-06-17 11:45:30
Epoch 37/1000 finished | train_loss=0.706391 | lr=0.000386655 | epoch_time=00:01:02 | elapsed=00:42:11 | ETA=18:18:12 | estimated_finish=2026-06-17 11:43:01
Epoch 38/1000 finished | train_loss=0.691049 | lr=0.000386294 | epoch_time=00:01:01 | elapsed=00:43:13 | ETA=18:14:10 | estimated_finish=2026-06-17 11:40:00
Epoch 39/1000 finished | train_loss=0.709982 | lr=0.000385932 | epoch_time=00:01:02 | elapsed=00:44:15 | ETA=18:10:45 | estimated_finish=2026-06-17 11:37:37
Epoch 40/1000 finished | train_loss=0.736169 | lr=0.000385571 | epoch_time=00:01:00 | elapsed=00:45:17 | ETA=18:06:52 | estimated_finish=2026-06-17 11:34:46
Quick validation epoch=40 | pseudo_dice=0.443558 | val_time=00:00:23
New best model saved by quick validation | pseudo_dice=0.443558 | epoch=40
Epoch 41/1000 finished | train_loss=0.714317 | lr=0.000385209 | epoch_time=00:01:01 | elapsed=00:46:43 | ETA=18:12:59 | estimated_finish=2026-06-17 11:42:20
Epoch 42/1000 finished | train_loss=0.693575 | lr=0.000384848 | epoch_time=00:01:01 | elapsed=00:47:46 | ETA=18:09:32 | estimated_finish=2026-06-17 11:39:55
Epoch 43/1000 finished | train_loss=0.665794 | lr=0.000384486 | epoch_time=00:01:01 | elapsed=00:48:48 | ETA=18:06:05 | estimated_finish=2026-06-17 11:37:29
Epoch 44/1000 finished | train_loss=0.700266 | lr=0.000384125 | epoch_time=00:00:59 | elapsed=00:49:48 | ETA=18:02:08 | estimated_finish=2026-06-17 11:34:33
Epoch 45/1000 finished | train_loss=0.736724 | lr=0.000383763 | epoch_time=00:01:01 | elapsed=00:50:50 | ETA=17:58:58 | estimated_finish=2026-06-17 11:32:25
Quick validation epoch=45 | pseudo_dice=0.432037 | val_time=00:00:23
Epoch 46/1000 finished | train_loss=0.701087 | lr=0.000383401 | epoch_time=00:01:04 | elapsed=00:52:19 | ETA=18:05:04 | estimated_finish=2026-06-17 11:40:00
Epoch 47/1000 finished | train_loss=0.708835 | lr=0.00038304 | epoch_time=00:01:00 | elapsed=00:53:19 | ETA=18:01:23 | estimated_finish=2026-06-17 11:37:20
Epoch 48/1000 finished | train_loss=0.702039 | lr=0.000382678 | epoch_time=00:01:01 | elapsed=00:54:22 | ETA=17:58:18 | estimated_finish=2026-06-17 11:35:17
Epoch 49/1000 finished | train_loss=0.662963 | lr=0.000382316 | epoch_time=00:01:01 | elapsed=00:55:24 | ETA=17:55:23 | estimated_finish=2026-06-17 11:33:24
Epoch 50/1000 finished | train_loss=0.672282 | lr=0.000381954 | epoch_time=00:01:00 | elapsed=00:56:25 | ETA=17:52:06 | estimated_finish=2026-06-17 11:31:08
Quick validation epoch=50 | pseudo_dice=0.477439 | val_time=00:00:23
New best model saved by quick validation | pseudo_dice=0.477439 | epoch=50
Epoch 51/1000 finished | train_loss=0.663890 | lr=0.000381592 | epoch_time=00:01:00 | elapsed=00:57:50 | ETA=17:56:22 | estimated_finish=2026-06-17 11:36:49
Epoch 52/1000 finished | train_loss=0.697450 | lr=0.00038123 | epoch_time=00:01:02 | elapsed=00:58:53 | ETA=17:53:44 | estimated_finish=2026-06-17 11:35:15
Epoch 53/1000 finished | train_loss=0.659856 | lr=0.000380868 | epoch_time=00:01:01 | elapsed=00:59:55 | ETA=17:50:52 | estimated_finish=2026-06-17 11:33:25
Epoch 54/1000 finished | train_loss=0.670689 | lr=0.000380506 | epoch_time=00:01:01 | elapsed=01:00:57 | ETA=17:47:58 | estimated_finish=2026-06-17 11:31:32
Epoch 55/1000 finished | train_loss=0.733422 | lr=0.000380144 | epoch_time=00:01:02 | elapsed=01:02:00 | ETA=17:45:20 | estimated_finish=2026-06-17 11:29:57
Quick validation epoch=55 | pseudo_dice=0.437831 | val_time=00:00:23
Epoch 56/1000 finished | train_loss=0.685733 | lr=0.000379782 | epoch_time=00:01:04 | elapsed=01:03:28 | ETA=17:50:04 | estimated_finish=2026-06-17 11:36:10
Epoch 57/1000 finished | train_loss=0.695782 | lr=0.00037942 | epoch_time=00:01:04 | elapsed=01:04:33 | ETA=17:48:06 | estimated_finish=2026-06-17 11:35:16
Epoch 58/1000 finished | train_loss=0.700315 | lr=0.000379058 | epoch_time=00:01:03 | elapsed=01:05:37 | ETA=17:45:46 | estimated_finish=2026-06-17 11:34:00
Epoch 59/1000 finished | train_loss=0.675726 | lr=0.000378696 | epoch_time=00:01:00 | elapsed=01:06:38 | ETA=17:42:55 | estimated_finish=2026-06-17 11:32:10
Epoch 60/1000 finished | train_loss=0.691701 | lr=0.000378334 | epoch_time=00:01:02 | elapsed=01:07:41 | ETA=17:40:26 | estimated_finish=2026-06-17 11:30:44
Quick validation epoch=60 | pseudo_dice=0.480053 | val_time=00:00:23
New best model saved by quick validation | pseudo_dice=0.480053 | epoch=60
Epoch 61/1000 finished | train_loss=0.683307 | lr=0.000377971 | epoch_time=00:01:02 | elapsed=01:09:08 | ETA=17:44:16 | estimated_finish=2026-06-17 11:36:01
Epoch 62/1000 finished | train_loss=0.678820 | lr=0.000377609 | epoch_time=00:01:02 | elapsed=01:10:11 | ETA=17:41:55 | estimated_finish=2026-06-17 11:34:43
Epoch 63/1000 finished | train_loss=0.661001 | lr=0.000377247 | epoch_time=00:01:03 | elapsed=01:11:15 | ETA=17:39:44 | estimated_finish=2026-06-17 11:33:36
Epoch 64/1000 finished | train_loss=0.683097 | lr=0.000376884 | epoch_time=00:01:02 | elapsed=01:12:17 | ETA=17:37:21 | estimated_finish=2026-06-17 11:32:15
Epoch 65/1000 finished | train_loss=0.681787 | lr=0.000376522 | epoch_time=00:01:02 | elapsed=01:13:20 | ETA=17:35:05 | estimated_finish=2026-06-17 11:31:03
Quick validation epoch=65 | pseudo_dice=0.480752 | val_time=00:00:23
New best model saved by quick validation | pseudo_dice=0.480752 | epoch=65
Epoch 66/1000 finished | train_loss=0.663558 | lr=0.00037616 | epoch_time=00:01:01 | elapsed=01:14:47 | ETA=17:38:26 | estimated_finish=2026-06-17 11:35:51
Epoch 67/1000 finished | train_loss=0.676273 | lr=0.000375797 | epoch_time=00:01:01 | elapsed=01:15:49 | ETA=17:35:53 | estimated_finish=2026-06-17 11:34:19
Epoch 68/1000 finished | train_loss=0.703914 | lr=0.000375435 | epoch_time=00:01:02 | elapsed=01:16:52 | ETA=17:33:43 | estimated_finish=2026-06-17 11:33:12
Epoch 69/1000 finished | train_loss=0.658187 | lr=0.000375072 | epoch_time=00:01:02 | elapsed=01:17:55 | ETA=17:31:25 | estimated_finish=2026-06-17 11:31:57
Epoch 70/1000 finished | train_loss=0.676307 | lr=0.000374709 | epoch_time=00:01:00 | elapsed=01:18:56 | ETA=17:28:49 | estimated_finish=2026-06-17 11:30:22
Quick validation epoch=70 | pseudo_dice=0.409834 | val_time=00:00:23
Epoch 71/1000 finished | train_loss=0.646772 | lr=0.000374347 | epoch_time=00:01:01 | elapsed=01:20:22 | ETA=17:31:34 | estimated_finish=2026-06-17 11:34:32
Epoch 72/1000 finished | train_loss=0.674744 | lr=0.000373984 | epoch_time=00:01:00 | elapsed=01:21:22 | ETA=17:28:52 | estimated_finish=2026-06-17 11:32:52
Epoch 73/1000 finished | train_loss=0.649364 | lr=0.000373621 | epoch_time=00:01:00 | elapsed=01:22:23 | ETA=17:26:17 | estimated_finish=2026-06-17 11:31:17
Epoch 74/1000 finished | train_loss=0.661547 | lr=0.000373259 | epoch_time=00:01:03 | elapsed=01:23:27 | ETA=17:24:21 | estimated_finish=2026-06-17 11:30:25
Epoch 75/1000 finished | train_loss=0.697341 | lr=0.000372896 | epoch_time=00:01:01 | elapsed=01:24:29 | ETA=17:22:03 | estimated_finish=2026-06-17 11:29:09
Quick validation epoch=75 | pseudo_dice=0.451627 | val_time=00:00:23
Epoch 76/1000 finished | train_loss=0.667764 | lr=0.000372533 | epoch_time=00:01:03 | elapsed=01:25:56 | ETA=17:24:57 | estimated_finish=2026-06-17 11:33:31
Epoch 77/1000 finished | train_loss=0.664402 | lr=0.00037217 | epoch_time=00:01:01 | elapsed=01:26:59 | ETA=17:22:43 | estimated_finish=2026-06-17 11:32:19
Epoch 78/1000 finished | train_loss=0.640033 | lr=0.000371807 | epoch_time=00:01:02 | elapsed=01:28:02 | ETA=17:20:40 | estimated_finish=2026-06-17 11:31:19
Epoch 79/1000 finished | train_loss=0.637283 | lr=0.000371444 | epoch_time=00:01:03 | elapsed=01:29:06 | ETA=17:18:53 | estimated_finish=2026-06-17 11:30:36
Epoch 80/1000 finished | train_loss=0.650409 | lr=0.000371081 | epoch_time=00:01:00 | elapsed=01:30:07 | ETA=17:16:24 | estimated_finish=2026-06-17 11:29:08
Quick validation epoch=80 | pseudo_dice=0.476696 | val_time=00:00:23
Epoch 81/1000 finished | train_loss=0.646412 | lr=0.000370718 | epoch_time=00:01:01 | elapsed=01:31:33 | ETA=17:18:47 | estimated_finish=2026-06-17 11:32:57
Epoch 82/1000 finished | train_loss=0.622894 | lr=0.000370355 | epoch_time=00:01:03 | elapsed=01:32:37 | ETA=17:16:51 | estimated_finish=2026-06-17 11:32:05
Epoch 83/1000 finished | train_loss=0.669000 | lr=0.000369992 | epoch_time=00:01:01 | elapsed=01:33:39 | ETA=17:14:40 | estimated_finish=2026-06-17 11:30:55
Epoch 84/1000 finished | train_loss=0.692796 | lr=0.000369629 | epoch_time=00:01:00 | elapsed=01:34:40 | ETA=17:12:23 | estimated_finish=2026-06-17 11:29:40
Epoch 85/1000 finished | train_loss=0.688025 | lr=0.000369266 | epoch_time=00:01:01 | elapsed=01:35:42 | ETA=17:10:18 | estimated_finish=2026-06-17 11:28:37
Quick validation epoch=85 | pseudo_dice=0.465370 | val_time=00:00:23
Epoch 86/1000 finished | train_loss=0.641700 | lr=0.000368902 | epoch_time=00:01:02 | elapsed=01:37:09 | ETA=17:12:40 | estimated_finish=2026-06-17 11:32:26
Epoch 87/1000 finished | train_loss=0.626221 | lr=0.000368539 | epoch_time=00:01:01 | elapsed=01:38:12 | ETA=17:10:32 | estimated_finish=2026-06-17 11:31:21
Epoch 88/1000 finished | train_loss=0.667607 | lr=0.000368176 | epoch_time=00:01:01 | elapsed=01:39:13 | ETA=17:08:25 | estimated_finish=2026-06-17 11:30:15
Epoch 89/1000 finished | train_loss=0.667273 | lr=0.000367813 | epoch_time=00:01:01 | elapsed=01:40:15 | ETA=17:06:15 | estimated_finish=2026-06-17 11:29:08
Epoch 90/1000 finished | train_loss=0.611144 | lr=0.000367449 | epoch_time=00:01:02 | elapsed=01:41:18 | ETA=17:04:19 | estimated_finish=2026-06-17 11:28:14
Quick validation epoch=90 | pseudo_dice=0.487392 | val_time=00:00:23
New best model saved by quick validation | pseudo_dice=0.487392 | epoch=90
Epoch 91/1000 finished | train_loss=0.658430 | lr=0.000367086 | epoch_time=00:01:02 | elapsed=01:42:45 | ETA=17:06:25 | estimated_finish=2026-06-17 11:31:47
Epoch 92/1000 finished | train_loss=0.627954 | lr=0.000366722 | epoch_time=00:01:01 | elapsed=01:43:47 | ETA=17:04:23 | estimated_finish=2026-06-17 11:30:48
Epoch 93/1000 finished | train_loss=0.669702 | lr=0.000366359 | epoch_time=00:01:03 | elapsed=01:44:51 | ETA=17:02:39 | estimated_finish=2026-06-17 11:30:07
Epoch 94/1000 finished | train_loss=0.665584 | lr=0.000365995 | epoch_time=00:01:02 | elapsed=01:45:54 | ETA=17:00:50 | estimated_finish=2026-06-17 11:29:21
Epoch 95/1000 finished | train_loss=0.644470 | lr=0.000365632 | epoch_time=00:01:04 | elapsed=01:46:59 | ETA=16:59:12 | estimated_finish=2026-06-17 11:28:48
Quick validation epoch=95 | pseudo_dice=0.470577 | val_time=00:00:24
Epoch 96/1000 finished | train_loss=0.662789 | lr=0.000365268 | epoch_time=00:01:02 | elapsed=01:48:26 | ETA=17:01:06 | estimated_finish=2026-06-17 11:32:08
Epoch 97/1000 finished | train_loss=0.670576 | lr=0.000364904 | epoch_time=00:01:02 | elapsed=01:49:29 | ETA=16:59:13 | estimated_finish=2026-06-17 11:31:18
Epoch 98/1000 finished | train_loss=0.605431 | lr=0.000364541 | epoch_time=00:01:01 | elapsed=01:50:30 | ETA=16:57:09 | estimated_finish=2026-06-17 11:30:17
Epoch 99/1000 finished | train_loss=0.659710 | lr=0.000364177 | epoch_time=00:01:01 | elapsed=01:51:32 | ETA=16:55:12 | estimated_finish=2026-06-17 11:29:21
Epoch 100/1000 finished | train_loss=0.652169 | lr=0.000363813 | epoch_time=00:01:03 | elapsed=01:52:36 | ETA=16:53:30 | estimated_finish=2026-06-17 11:28:43
Quick validation epoch=100 | pseudo_dice=0.454609 | val_time=00:00:24
Full validation epoch=100 | mean_dice=0.119840 | val_time=00:03:58
New best full-validation model saved | dice=0.119840 | epoch=100
Epoch 101/1000 finished | train_loss=0.611955 | lr=0.000363449 | epoch_time=00:01:03 | elapsed=01:58:03 | ETA=17:30:47 | estimated_finish=2026-06-17 12:11:27
Epoch 102/1000 finished | train_loss=0.640884 | lr=0.000363085 | epoch_time=00:01:02 | elapsed=01:59:06 | ETA=17:28:37 | estimated_finish=2026-06-17 12:10:20
Epoch 103/1000 finished | train_loss=0.664873 | lr=0.000362721 | epoch_time=00:01:01 | elapsed=02:00:08 | ETA=17:26:21 | estimated_finish=2026-06-17 12:09:06
Epoch 104/1000 finished | train_loss=0.654122 | lr=0.000362357 | epoch_time=00:01:03 | elapsed=02:01:13 | ETA=17:24:22 | estimated_finish=2026-06-17 12:08:12
Epoch 105/1000 finished | train_loss=0.682054 | lr=0.000361993 | epoch_time=00:01:02 | elapsed=02:02:16 | ETA=17:22:12 | estimated_finish=2026-06-17 12:07:05
Quick validation epoch=105 | pseudo_dice=0.494817 | val_time=00:00:24
New best model saved by quick validation | pseudo_dice=0.494817 | epoch=105
Epoch 106/1000 finished | train_loss=0.614663 | lr=0.000361629 | epoch_time=00:01:01 | elapsed=02:03:43 | ETA=17:23:26 | estimated_finish=2026-06-17 12:09:46
Epoch 107/1000 finished | train_loss=0.653432 | lr=0.000361265 | epoch_time=00:01:03 | elapsed=02:04:46 | ETA=17:21:22 | estimated_finish=2026-06-17 12:08:46
Epoch 108/1000 finished | train_loss=0.631054 | lr=0.000360901 | epoch_time=00:01:04 | elapsed=02:05:51 | ETA=17:19:29 | estimated_finish=2026-06-17 12:07:57
Epoch 109/1000 finished | train_loss=0.596075 | lr=0.000360537 | epoch_time=00:01:01 | elapsed=02:06:53 | ETA=17:17:16 | estimated_finish=2026-06-17 12:06:46
Epoch 110/1000 finished | train_loss=0.645196 | lr=0.000360173 | epoch_time=00:01:03 | elapsed=02:07:58 | ETA=17:15:22 | estimated_finish=2026-06-17 12:05:56
Quick validation epoch=110 | pseudo_dice=0.516399 | val_time=00:00:24
New best model saved by quick validation | pseudo_dice=0.516399 | epoch=110
Epoch 111/1000 finished | train_loss=0.642662 | lr=0.000359809 | epoch_time=00:01:03 | elapsed=02:09:26 | ETA=17:16:45 | estimated_finish=2026-06-17 12:08:49
Epoch 112/1000 finished | train_loss=0.653464 | lr=0.000359444 | epoch_time=00:01:03 | elapsed=02:10:30 | ETA=17:14:46 | estimated_finish=2026-06-17 12:07:53
Epoch 113/1000 finished | train_loss=0.593098 | lr=0.00035908 | epoch_time=00:01:02 | elapsed=02:11:34 | ETA=17:12:44 | estimated_finish=2026-06-17 12:06:55
Epoch 114/1000 finished | train_loss=0.650914 | lr=0.000358716 | epoch_time=00:01:03 | elapsed=02:12:37 | ETA=17:10:48 | estimated_finish=2026-06-17 12:06:02
Epoch 115/1000 finished | train_loss=0.624428 | lr=0.000358351 | epoch_time=00:01:04 | elapsed=02:13:42 | ETA=17:08:58 | estimated_finish=2026-06-17 12:05:17
Quick validation epoch=115 | pseudo_dice=0.449921 | val_time=00:00:24
Epoch 116/1000 finished | train_loss=0.652289 | lr=0.000357987 | epoch_time=00:01:02 | elapsed=02:15:09 | ETA=17:10:00 | estimated_finish=2026-06-17 12:07:46
Epoch 117/1000 finished | train_loss=0.632608 | lr=0.000357622 | epoch_time=00:01:02 | elapsed=02:16:12 | ETA=17:07:59 | estimated_finish=2026-06-17 12:06:48
Epoch 118/1000 finished | train_loss=0.619114 | lr=0.000357258 | epoch_time=00:01:02 | elapsed=02:17:15 | ETA=17:05:59 | estimated_finish=2026-06-17 12:05:52
Epoch 119/1000 finished | train_loss=0.633493 | lr=0.000356893 | epoch_time=00:01:02 | elapsed=02:18:18 | ETA=17:04:00 | estimated_finish=2026-06-17 12:04:55
Epoch 120/1000 finished | train_loss=0.634975 | lr=0.000356529 | epoch_time=00:01:04 | elapsed=02:19:24 | ETA=17:02:16 | estimated_finish=2026-06-17 12:04:16
Quick validation epoch=120 | pseudo_dice=0.440971 | val_time=00:00:24
Epoch 121/1000 finished | train_loss=0.657906 | lr=0.000356164 | epoch_time=00:01:02 | elapsed=02:20:51 | ETA=17:03:13 | estimated_finish=2026-06-17 12:06:41
Epoch 122/1000 finished | train_loss=0.639276 | lr=0.000355799 | epoch_time=00:01:02 | elapsed=02:21:54 | ETA=17:01:17 | estimated_finish=2026-06-17 12:05:48
Epoch 123/1000 finished | train_loss=0.650490 | lr=0.000355435 | epoch_time=00:01:01 | elapsed=02:22:57 | ETA=16:59:14 | estimated_finish=2026-06-17 12:04:48
Epoch 124/1000 finished | train_loss=0.666808 | lr=0.00035507 | epoch_time=00:01:06 | elapsed=02:24:03 | ETA=16:57:45 | estimated_finish=2026-06-17 12:04:25
Epoch 125/1000 finished | train_loss=0.620907 | lr=0.000354705 | epoch_time=00:01:04 | elapsed=02:25:09 | ETA=16:56:03 | estimated_finish=2026-06-17 12:03:49
Quick validation epoch=125 | pseudo_dice=0.443593 | val_time=00:00:24
Epoch 126/1000 finished | train_loss=0.613687 | lr=0.00035434 | epoch_time=00:01:03 | elapsed=02:26:37 | ETA=16:57:03 | estimated_finish=2026-06-17 12:06:17
Epoch 127/1000 finished | train_loss=0.622394 | lr=0.000353975 | epoch_time=00:01:02 | elapsed=02:27:40 | ETA=16:55:07 | estimated_finish=2026-06-17 12:05:24
Epoch 128/1000 finished | train_loss=0.633289 | lr=0.00035361 | epoch_time=00:01:04 | elapsed=02:28:45 | ETA=16:53:24 | estimated_finish=2026-06-17 12:04:46
Epoch 129/1000 finished | train_loss=0.629169 | lr=0.000353245 | epoch_time=00:01:03 | elapsed=02:29:49 | ETA=16:51:37 | estimated_finish=2026-06-17 12:04:04
Epoch 130/1000 finished | train_loss=0.600114 | lr=0.00035288 | epoch_time=00:01:02 | elapsed=02:30:52 | ETA=16:49:41 | estimated_finish=2026-06-17 12:03:10
Quick validation epoch=130 | pseudo_dice=0.433696 | val_time=00:00:24
Epoch 131/1000 finished | train_loss=0.633702 | lr=0.000352515 | epoch_time=00:01:03 | elapsed=02:32:20 | ETA=16:50:34 | estimated_finish=2026-06-17 12:05:31
Epoch 132/1000 finished | train_loss=0.623381 | lr=0.00035215 | epoch_time=00:01:02 | elapsed=02:33:23 | ETA=16:48:37 | estimated_finish=2026-06-17 12:04:37
Epoch 133/1000 finished | train_loss=0.639679 | lr=0.000351785 | epoch_time=00:01:03 | elapsed=02:34:27 | ETA=16:46:50 | estimated_finish=2026-06-17 12:03:54
Epoch 134/1000 finished | train_loss=0.640507 | lr=0.00035142 | epoch_time=00:01:05 | elapsed=02:35:33 | ETA=16:45:19 | estimated_finish=2026-06-17 12:03:29
Epoch 135/1000 finished | train_loss=0.614050 | lr=0.000351054 | epoch_time=00:01:04 | elapsed=02:36:38 | ETA=16:43:39 | estimated_finish=2026-06-17 12:02:54
Quick validation epoch=135 | pseudo_dice=0.495130 | val_time=00:00:24
Epoch 136/1000 finished | train_loss=0.651119 | lr=0.000350689 | epoch_time=00:01:04 | elapsed=02:38:07 | ETA=16:44:34 | estimated_finish=2026-06-17 12:05:18
Epoch 137/1000 finished | train_loss=0.642789 | lr=0.000350324 | epoch_time=00:01:02 | elapsed=02:39:10 | ETA=16:42:40 | estimated_finish=2026-06-17 12:04:27
Epoch 138/1000 finished | train_loss=0.636401 | lr=0.000349958 | epoch_time=00:01:03 | elapsed=02:40:14 | ETA=16:40:53 | estimated_finish=2026-06-17 12:03:43
Epoch 139/1000 finished | train_loss=0.621735 | lr=0.000349593 | epoch_time=00:01:04 | elapsed=02:41:18 | ETA=16:39:12 | estimated_finish=2026-06-17 12:03:08
Epoch 140/1000 finished | train_loss=0.649409 | lr=0.000349228 | epoch_time=00:01:04 | elapsed=02:42:24 | ETA=16:37:37 | estimated_finish=2026-06-17 12:02:38
Quick validation epoch=140 | pseudo_dice=0.534403 | val_time=00:00:24
New best model saved by quick validation | pseudo_dice=0.534403 | epoch=140
Epoch 141/1000 finished | train_loss=0.651675 | lr=0.000348862 | epoch_time=00:01:04 | elapsed=02:43:53 | ETA=16:38:29 | estimated_finish=2026-06-17 12:05:00
Epoch 142/1000 finished | train_loss=0.594914 | lr=0.000348497 | epoch_time=00:01:03 | elapsed=02:44:57 | ETA=16:36:44 | estimated_finish=2026-06-17 12:04:18
Epoch 143/1000 finished | train_loss=0.607444 | lr=0.000348131 | epoch_time=00:01:02 | elapsed=02:46:01 | ETA=16:34:56 | estimated_finish=2026-06-17 12:03:34
Epoch 144/1000 finished | train_loss=0.644639 | lr=0.000347765 | epoch_time=00:01:05 | elapsed=02:47:06 | ETA=16:33:24 | estimated_finish=2026-06-17 12:03:08
Epoch 145/1000 finished | train_loss=0.603727 | lr=0.0003474 | epoch_time=00:01:02 | elapsed=02:48:09 | ETA=16:31:33 | estimated_finish=2026-06-17 12:02:19
Quick validation epoch=145 | pseudo_dice=0.436335 | val_time=00:00:24
Epoch 146/1000 finished | train_loss=0.642439 | lr=0.000347034 | epoch_time=00:01:04 | elapsed=02:49:38 | ETA=16:32:19 | estimated_finish=2026-06-17 12:04:35
Epoch 147/1000 finished | train_loss=0.626495 | lr=0.000346668 | epoch_time=00:01:03 | elapsed=02:50:43 | ETA=16:30:38 | estimated_finish=2026-06-17 12:03:58
Epoch 148/1000 finished | train_loss=0.597165 | lr=0.000346302 | epoch_time=00:01:04 | elapsed=02:51:47 | ETA=16:28:58 | estimated_finish=2026-06-17 12:03:23
Epoch 149/1000 finished | train_loss=0.619189 | lr=0.000345937 | epoch_time=00:01:03 | elapsed=02:52:51 | ETA=16:27:14 | estimated_finish=2026-06-17 12:02:42
Epoch 150/1000 finished | train_loss=0.617266 | lr=0.000345571 | epoch_time=00:01:01 | elapsed=02:53:53 | ETA=16:25:23 | estimated_finish=2026-06-17 12:01:53
Quick validation epoch=150 | pseudo_dice=0.491826 | val_time=00:00:24
Epoch 151/1000 finished | train_loss=0.610648 | lr=0.000345205 | epoch_time=00:01:03 | elapsed=02:55:21 | ETA=16:25:57 | estimated_finish=2026-06-17 12:03:55
Epoch 152/1000 finished | train_loss=0.620176 | lr=0.000344839 | epoch_time=00:01:01 | elapsed=02:56:23 | ETA=16:24:02 | estimated_finish=2026-06-17 12:03:01
Epoch 153/1000 finished | train_loss=0.576383 | lr=0.000344473 | epoch_time=00:01:03 | elapsed=02:57:27 | ETA=16:22:21 | estimated_finish=2026-06-17 12:02:25
Epoch 154/1000 finished | train_loss=0.616086 | lr=0.000344107 | epoch_time=00:01:03 | elapsed=02:58:31 | ETA=16:20:41 | estimated_finish=2026-06-17 12:01:49
Epoch 155/1000 finished | train_loss=0.654284 | lr=0.000343741 | epoch_time=00:01:03 | elapsed=02:59:34 | ETA=16:18:59 | estimated_finish=2026-06-17 12:01:10
Quick validation epoch=155 | pseudo_dice=0.372573 | val_time=00:00:24
Epoch 156/1000 finished | train_loss=0.594758 | lr=0.000343375 | epoch_time=00:01:04 | elapsed=03:01:03 | ETA=16:19:34 | estimated_finish=2026-06-17 12:03:14
Epoch 157/1000 finished | train_loss=0.606184 | lr=0.000343008 | epoch_time=00:01:02 | elapsed=03:02:06 | ETA=16:17:49 | estimated_finish=2026-06-17 12:02:33
Epoch 158/1000 finished | train_loss=0.618510 | lr=0.000342642 | epoch_time=00:01:04 | elapsed=03:03:12 | ETA=16:16:17 | estimated_finish=2026-06-17 12:02:06
Epoch 159/1000 finished | train_loss=0.632782 | lr=0.000342276 | epoch_time=00:01:03 | elapsed=03:04:15 | ETA=16:14:37 | estimated_finish=2026-06-17 12:01:30
Epoch 160/1000 finished | train_loss=0.597012 | lr=0.00034191 | epoch_time=00:01:03 | elapsed=03:05:20 | ETA=16:13:00 | estimated_finish=2026-06-17 12:00:56
Quick validation epoch=160 | pseudo_dice=0.487622 | val_time=00:00:24
Epoch 161/1000 finished | train_loss=0.639758 | lr=0.000341543 | epoch_time=00:01:04 | elapsed=03:06:48 | ETA=16:13:31 | estimated_finish=2026-06-17 12:02:56
Epoch 162/1000 finished | train_loss=0.589135 | lr=0.000341177 | epoch_time=00:01:04 | elapsed=03:07:53 | ETA=16:11:55 | estimated_finish=2026-06-17 12:02:25
Epoch 163/1000 finished | train_loss=0.598230 | lr=0.00034081 | epoch_time=00:01:05 | elapsed=03:08:59 | ETA=16:10:26 | estimated_finish=2026-06-17 12:02:02
Epoch 164/1000 finished | train_loss=0.611156 | lr=0.000340444 | epoch_time=00:01:03 | elapsed=03:10:02 | ETA=16:08:46 | estimated_finish=2026-06-17 12:01:26
Epoch 165/1000 finished | train_loss=0.608327 | lr=0.000340077 | epoch_time=00:01:03 | elapsed=03:11:06 | ETA=16:07:09 | estimated_finish=2026-06-17 12:00:53
Quick validation epoch=165 | pseudo_dice=0.476482 | val_time=00:00:24
Epoch 166/1000 finished | train_loss=0.587612 | lr=0.000339711 | epoch_time=00:01:04 | elapsed=03:12:35 | ETA=16:07:38 | estimated_finish=2026-06-17 12:02:50
Epoch 167/1000 finished | train_loss=0.604855 | lr=0.000339344 | epoch_time=00:01:04 | elapsed=03:13:40 | ETA=16:06:03 | estimated_finish=2026-06-17 12:02:20
Epoch 168/1000 finished | train_loss=0.584156 | lr=0.000338978 | epoch_time=00:01:05 | elapsed=03:14:46 | ETA=16:04:34 | estimated_finish=2026-06-17 12:01:57
Epoch 169/1000 finished | train_loss=0.625294 | lr=0.000338611 | epoch_time=00:01:03 | elapsed=03:15:49 | ETA=16:02:55 | estimated_finish=2026-06-17 12:01:22
Epoch 170/1000 finished | train_loss=0.564702 | lr=0.000338244 | epoch_time=00:01:03 | elapsed=03:16:53 | ETA=16:01:18 | estimated_finish=2026-06-17 12:00:49
Quick validation epoch=170 | pseudo_dice=0.458084 | val_time=00:00:24
Epoch 171/1000 finished | train_loss=0.630322 | lr=0.000337877 | epoch_time=00:01:03 | elapsed=03:18:21 | ETA=16:01:37 | estimated_finish=2026-06-17 12:02:35
Epoch 172/1000 finished | train_loss=0.609090 | lr=0.000337511 | epoch_time=00:01:03 | elapsed=03:19:25 | ETA=16:00:00 | estimated_finish=2026-06-17 12:02:01
Epoch 173/1000 finished | train_loss=0.594197 | lr=0.000337144 | epoch_time=00:01:03 | elapsed=03:20:28 | ETA=15:58:21 | estimated_finish=2026-06-17 12:01:27
Epoch 174/1000 finished | train_loss=0.600828 | lr=0.000336777 | epoch_time=00:01:04 | elapsed=03:21:33 | ETA=15:56:51 | estimated_finish=2026-06-17 12:01:01
Epoch 175/1000 finished | train_loss=0.617952 | lr=0.00033641 | epoch_time=00:01:04 | elapsed=03:22:38 | ETA=15:55:18 | estimated_finish=2026-06-17 12:00:33
Quick validation epoch=175 | pseudo_dice=0.490879 | val_time=00:00:24
Epoch 176/1000 finished | train_loss=0.609428 | lr=0.000336043 | epoch_time=00:01:04 | elapsed=03:24:07 | ETA=15:55:41 | estimated_finish=2026-06-17 12:02:25
Epoch 177/1000 finished | train_loss=0.598292 | lr=0.000335676 | epoch_time=00:01:04 | elapsed=03:25:13 | ETA=15:54:12 | estimated_finish=2026-06-17 12:02:02
Epoch 178/1000 finished | train_loss=0.623208 | lr=0.000335309 | epoch_time=00:01:02 | elapsed=03:26:16 | ETA=15:52:32 | estimated_finish=2026-06-17 12:01:25
Epoch 179/1000 finished | train_loss=0.604064 | lr=0.000334941 | epoch_time=00:01:05 | elapsed=03:27:21 | ETA=15:51:05 | estimated_finish=2026-06-17 12:01:03
Epoch 180/1000 finished | train_loss=0.635425 | lr=0.000334574 | epoch_time=00:01:04 | elapsed=03:28:27 | ETA=15:49:36 | estimated_finish=2026-06-17 12:00:40
Quick validation epoch=180 | pseudo_dice=0.509083 | val_time=00:00:24
Epoch 181/1000 finished | train_loss=0.589445 | lr=0.000334207 | epoch_time=00:01:03 | elapsed=03:29:56 | ETA=15:49:55 | estimated_finish=2026-06-17 12:02:28
Epoch 182/1000 finished | train_loss=0.562668 | lr=0.00033384 | epoch_time=00:01:04 | elapsed=03:31:00 | ETA=15:48:24 | estimated_finish=2026-06-17 12:02:02
Epoch 183/1000 finished | train_loss=0.584629 | lr=0.000333472 | epoch_time=00:01:04 | elapsed=03:32:05 | ETA=15:46:52 | estimated_finish=2026-06-17 12:01:34
Epoch 184/1000 finished | train_loss=0.565112 | lr=0.000333105 | epoch_time=00:01:03 | elapsed=03:33:09 | ETA=15:45:18 | estimated_finish=2026-06-17 12:01:05
Epoch 185/1000 finished | train_loss=0.611541 | lr=0.000332738 | epoch_time=00:01:03 | elapsed=03:34:13 | ETA=15:43:46 | estimated_finish=2026-06-17 12:00:37
Quick validation epoch=185 | pseudo_dice=0.497400 | val_time=00:00:24
Epoch 186/1000 finished | train_loss=0.592182 | lr=0.00033237 | epoch_time=00:01:04 | elapsed=03:35:43 | ETA=15:44:05 | estimated_finish=2026-06-17 12:02:25
Epoch 187/1000 finished | train_loss=0.639515 | lr=0.000332003 | epoch_time=00:01:05 | elapsed=03:36:49 | ETA=15:42:38 | estimated_finish=2026-06-17 12:02:03
Epoch 188/1000 finished | train_loss=0.630024 | lr=0.000331635 | epoch_time=00:01:03 | elapsed=03:37:53 | ETA=15:41:04 | estimated_finish=2026-06-17 12:01:34
Epoch 189/1000 finished | train_loss=0.608141 | lr=0.000331267 | epoch_time=00:01:03 | elapsed=03:38:57 | ETA=15:39:31 | estimated_finish=2026-06-17 12:01:05
Epoch 190/1000 finished | train_loss=0.553528 | lr=0.0003309 | epoch_time=00:01:03 | elapsed=03:40:01 | ETA=15:37:58 | estimated_finish=2026-06-17 12:00:35
Quick validation epoch=190 | pseudo_dice=0.448647 | val_time=00:00:24
Epoch 191/1000 finished | train_loss=0.622489 | lr=0.000330532 | epoch_time=00:01:02 | elapsed=03:41:28 | ETA=15:38:05 | estimated_finish=2026-06-17 12:02:10
Epoch 192/1000 finished | train_loss=0.563637 | lr=0.000330164 | epoch_time=00:01:05 | elapsed=03:42:34 | ETA=15:36:39 | estimated_finish=2026-06-17 12:01:50
Epoch 193/1000 finished | train_loss=0.615409 | lr=0.000329797 | epoch_time=00:01:05 | elapsed=03:43:39 | ETA=15:35:13 | estimated_finish=2026-06-17 12:01:30
Epoch 194/1000 finished | train_loss=0.588630 | lr=0.000329429 | epoch_time=00:01:02 | elapsed=03:44:43 | ETA=15:33:38 | estimated_finish=2026-06-17 12:00:58
Epoch 195/1000 finished | train_loss=0.575344 | lr=0.000329061 | epoch_time=00:01:04 | elapsed=03:45:48 | ETA=15:32:09 | estimated_finish=2026-06-17 12:00:33
Quick validation epoch=195 | pseudo_dice=0.474264 | val_time=00:00:24
Epoch 196/1000 finished | train_loss=0.623247 | lr=0.000328693 | epoch_time=00:01:05 | elapsed=03:47:18 | ETA=15:32:25 | estimated_finish=2026-06-17 12:02:20
Epoch 197/1000 finished | train_loss=0.589897 | lr=0.000328325 | epoch_time=00:01:06 | elapsed=03:48:25 | ETA=15:31:03 | estimated_finish=2026-06-17 12:02:05
Epoch 198/1000 finished | train_loss=0.590441 | lr=0.000327957 | epoch_time=00:01:04 | elapsed=03:49:29 | ETA=15:29:33 | estimated_finish=2026-06-17 12:01:39
Epoch 199/1000 finished | train_loss=0.563129 | lr=0.000327589 | epoch_time=00:01:03 | elapsed=03:50:33 | ETA=15:28:03 | estimated_finish=2026-06-17 12:01:13
Epoch 200/1000 finished | train_loss=0.601502 | lr=0.000327221 | epoch_time=00:01:04 | elapsed=03:51:38 | ETA=15:26:35 | estimated_finish=2026-06-17 12:00:50
Quick validation epoch=200 | pseudo_dice=0.465335 | val_time=00:00:24
Full validation epoch=200 | mean_dice=0.178955 | val_time=00:03:56
New best full-validation model saved | dice=0.178955 | epoch=200
Epoch 201/1000 finished | train_loss=0.628922 | lr=0.000326853 | epoch_time=00:01:02 | elapsed=03:57:02 | ETA=15:42:17 | estimated_finish=2026-06-17 12:21:57
Epoch 202/1000 finished | train_loss=0.630872 | lr=0.000326485 | epoch_time=00:01:04 | elapsed=03:58:07 | ETA=15:40:44 | estimated_finish=2026-06-17 12:21:29
Epoch 203/1000 finished | train_loss=0.589060 | lr=0.000326116 | epoch_time=00:01:05 | elapsed=03:59:13 | ETA=15:39:14 | estimated_finish=2026-06-17 12:21:04
Epoch 204/1000 finished | train_loss=0.623725 | lr=0.000325748 | epoch_time=00:01:05 | elapsed=04:00:19 | ETA=15:37:43 | estimated_finish=2026-06-17 12:20:39
Epoch 205/1000 finished | train_loss=0.608707 | lr=0.00032538 | epoch_time=00:01:02 | elapsed=04:01:22 | ETA=15:36:03 | estimated_finish=2026-06-17 12:20:02
Quick validation epoch=205 | pseudo_dice=0.455811 | val_time=00:00:24
Epoch 206/1000 finished | train_loss=0.560545 | lr=0.000325011 | epoch_time=00:01:04 | elapsed=04:02:52 | ETA=15:36:06 | estimated_finish=2026-06-17 12:21:34
Epoch 207/1000 finished | train_loss=0.616899 | lr=0.000324643 | epoch_time=00:01:05 | elapsed=04:03:58 | ETA=15:34:38 | estimated_finish=2026-06-17 12:21:13
Epoch 208/1000 finished | train_loss=0.593805 | lr=0.000324274 | epoch_time=00:01:04 | elapsed=04:05:03 | ETA=15:33:05 | estimated_finish=2026-06-17 12:20:45
Epoch 209/1000 finished | train_loss=0.597774 | lr=0.000323906 | epoch_time=00:01:05 | elapsed=04:06:09 | ETA=15:31:37 | estimated_finish=2026-06-17 12:20:23
Epoch 210/1000 finished | train_loss=0.546166 | lr=0.000323537 | epoch_time=00:01:04 | elapsed=04:07:14 | ETA=15:30:05 | estimated_finish=2026-06-17 12:19:56
Quick validation epoch=210 | pseudo_dice=0.471565 | val_time=00:00:24
Epoch 211/1000 finished | train_loss=0.606114 | lr=0.000323169 | epoch_time=00:01:02 | elapsed=04:08:41 | ETA=15:29:55 | estimated_finish=2026-06-17 12:21:13
Epoch 212/1000 finished | train_loss=0.569594 | lr=0.0003228 | epoch_time=00:01:03 | elapsed=04:09:44 | ETA=15:28:18 | estimated_finish=2026-06-17 12:20:39
Epoch 213/1000 finished | train_loss=0.623612 | lr=0.000322431 | epoch_time=00:01:03 | elapsed=04:10:48 | ETA=15:26:43 | estimated_finish=2026-06-17 12:20:08
Epoch 214/1000 finished | train_loss=0.592810 | lr=0.000322063 | epoch_time=00:01:03 | elapsed=04:11:52 | ETA=15:25:07 | estimated_finish=2026-06-17 12:19:36
Epoch 215/1000 finished | train_loss=0.591549 | lr=0.000321694 | epoch_time=00:01:03 | elapsed=04:12:56 | ETA=15:23:32 | estimated_finish=2026-06-17 12:19:05
Quick validation epoch=215 | pseudo_dice=0.471818 | val_time=00:00:24
Epoch 216/1000 finished | train_loss=0.612888 | lr=0.000321325 | epoch_time=00:01:04 | elapsed=04:14:26 | ETA=15:23:31 | estimated_finish=2026-06-17 12:20:34
Epoch 217/1000 finished | train_loss=0.584051 | lr=0.000320956 | epoch_time=00:01:03 | elapsed=04:15:30 | ETA=15:21:57 | estimated_finish=2026-06-17 12:20:04
Epoch 218/1000 finished | train_loss=0.568600 | lr=0.000320587 | epoch_time=00:01:04 | elapsed=04:16:35 | ETA=15:20:27 | estimated_finish=2026-06-17 12:19:40
Epoch 219/1000 finished | train_loss=0.595572 | lr=0.000320218 | epoch_time=00:01:04 | elapsed=04:17:40 | ETA=15:18:55 | estimated_finish=2026-06-17 12:19:12
Epoch 220/1000 finished | train_loss=0.590839 | lr=0.000319849 | epoch_time=00:01:05 | elapsed=04:18:46 | ETA=15:17:26 | estimated_finish=2026-06-17 12:18:49
Quick validation epoch=220 | pseudo_dice=0.522754 | val_time=00:00:24
Epoch 221/1000 finished | train_loss=0.548121 | lr=0.00031948 | epoch_time=00:01:04 | elapsed=04:20:15 | ETA=15:17:23 | estimated_finish=2026-06-17 12:20:16
Epoch 222/1000 finished | train_loss=0.562140 | lr=0.000319111 | epoch_time=00:01:05 | elapsed=04:21:22 | ETA=15:15:58 | estimated_finish=2026-06-17 12:19:57
Epoch 223/1000 finished | train_loss=0.620103 | lr=0.000318742 | epoch_time=00:01:03 | elapsed=04:22:26 | ETA=15:14:25 | estimated_finish=2026-06-17 12:19:28
Epoch 224/1000 finished | train_loss=0.602085 | lr=0.000318372 | epoch_time=00:01:04 | elapsed=04:23:31 | ETA=15:12:54 | estimated_finish=2026-06-17 12:19:01
Epoch 225/1000 finished | train_loss=0.623213 | lr=0.000318003 | epoch_time=00:01:05 | elapsed=04:24:36 | ETA=15:11:26 | estimated_finish=2026-06-17 12:18:39
Quick validation epoch=225 | pseudo_dice=0.453428 | val_time=00:00:24
Epoch 226/1000 finished | train_loss=0.626396 | lr=0.000317634 | epoch_time=00:01:04 | elapsed=04:26:05 | ETA=15:11:19 | estimated_finish=2026-06-17 12:20:01
Epoch 227/1000 finished | train_loss=0.646103 | lr=0.000317265 | epoch_time=00:01:04 | elapsed=04:27:11 | ETA=15:09:50 | estimated_finish=2026-06-17 12:19:38
Epoch 228/1000 finished | train_loss=0.575625 | lr=0.000316895 | epoch_time=00:01:03 | elapsed=04:28:15 | ETA=15:08:18 | estimated_finish=2026-06-17 12:19:10
Epoch 229/1000 finished | train_loss=0.645163 | lr=0.000316526 | epoch_time=00:01:03 | elapsed=04:29:19 | ETA=15:06:44 | estimated_finish=2026-06-17 12:18:40
Epoch 230/1000 finished | train_loss=0.587516 | lr=0.000316156 | epoch_time=00:01:03 | elapsed=04:30:23 | ETA=15:05:12 | estimated_finish=2026-06-17 12:18:12
Quick validation epoch=230 | pseudo_dice=0.445456 | val_time=00:00:24
Epoch 231/1000 finished | train_loss=0.596794 | lr=0.000315787 | epoch_time=00:01:03 | elapsed=04:31:51 | ETA=15:05:02 | estimated_finish=2026-06-17 12:19:31
Epoch 232/1000 finished | train_loss=0.592694 | lr=0.000315417 | epoch_time=00:01:03 | elapsed=04:32:55 | ETA=15:03:28 | estimated_finish=2026-06-17 12:19:00
Epoch 233/1000 finished | train_loss=0.575002 | lr=0.000315047 | epoch_time=00:01:03 | elapsed=04:33:59 | ETA=15:01:54 | estimated_finish=2026-06-17 12:18:30
Epoch 234/1000 finished | train_loss=0.602410 | lr=0.000314678 | epoch_time=00:01:05 | elapsed=04:35:04 | ETA=15:00:28 | estimated_finish=2026-06-17 12:18:10
Epoch 235/1000 finished | train_loss=0.601512 | lr=0.000314308 | epoch_time=00:01:03 | elapsed=04:36:08 | ETA=14:58:56 | estimated_finish=2026-06-17 12:17:42
Quick validation epoch=235 | pseudo_dice=0.447610 | val_time=00:00:24
Epoch 236/1000 finished | train_loss=0.588929 | lr=0.000313938 | epoch_time=00:01:04 | elapsed=04:37:38 | ETA=14:58:48 | estimated_finish=2026-06-17 12:19:03
Epoch 237/1000 finished | train_loss=0.554364 | lr=0.000313568 | epoch_time=00:01:03 | elapsed=04:38:42 | ETA=14:57:15 | estimated_finish=2026-06-17 12:18:34
Epoch 238/1000 finished | train_loss=0.577540 | lr=0.000313198 | epoch_time=00:01:02 | elapsed=04:39:45 | ETA=14:55:42 | estimated_finish=2026-06-17 12:18:05
Epoch 239/1000 finished | train_loss=0.582502 | lr=0.000312828 | epoch_time=00:01:03 | elapsed=04:40:49 | ETA=14:54:11 | estimated_finish=2026-06-17 12:17:37
Epoch 240/1000 finished | train_loss=0.583601 | lr=0.000312458 | epoch_time=00:01:01 | elapsed=04:41:51 | ETA=14:52:34 | estimated_finish=2026-06-17 12:17:02
Quick validation epoch=240 | pseudo_dice=0.489065 | val_time=00:00:24
Epoch 241/1000 finished | train_loss=0.540310 | lr=0.000312088 | epoch_time=00:01:03 | elapsed=04:43:20 | ETA=14:52:19 | estimated_finish=2026-06-17 12:18:16
Epoch 242/1000 finished | train_loss=0.587054 | lr=0.000311718 | epoch_time=00:01:04 | elapsed=04:44:24 | ETA=14:50:51 | estimated_finish=2026-06-17 12:17:53
Epoch 243/1000 finished | train_loss=0.617000 | lr=0.000311348 | epoch_time=00:01:04 | elapsed=04:45:29 | ETA=14:49:22 | estimated_finish=2026-06-17 12:17:29
Epoch 244/1000 finished | train_loss=0.593992 | lr=0.000310978 | epoch_time=00:01:05 | elapsed=04:46:35 | ETA=14:47:58 | estimated_finish=2026-06-17 12:17:10
Epoch 245/1000 finished | train_loss=0.597216 | lr=0.000310608 | epoch_time=00:01:02 | elapsed=04:47:38 | ETA=14:46:25 | estimated_finish=2026-06-17 12:16:40
Quick validation epoch=245 | pseudo_dice=0.481444 | val_time=00:00:24
Epoch 246/1000 finished | train_loss=0.584496 | lr=0.000310237 | epoch_time=00:01:03 | elapsed=04:49:06 | ETA=14:46:08 | estimated_finish=2026-06-17 12:17:52
Epoch 247/1000 finished | train_loss=0.577968 | lr=0.000309867 | epoch_time=00:01:03 | elapsed=04:50:11 | ETA=14:44:39 | estimated_finish=2026-06-17 12:17:27
Epoch 248/1000 finished | train_loss=0.617381 | lr=0.000309497 | epoch_time=00:01:05 | elapsed=04:51:17 | ETA=14:43:16 | estimated_finish=2026-06-17 12:17:10
Epoch 249/1000 finished | train_loss=0.601111 | lr=0.000309126 | epoch_time=00:01:04 | elapsed=04:52:22 | ETA=14:41:48 | estimated_finish=2026-06-17 12:16:47
Epoch 250/1000 finished | train_loss=0.582165 | lr=0.000308756 | epoch_time=00:01:05 | elapsed=04:53:28 | ETA=14:40:25 | estimated_finish=2026-06-17 12:16:30
Quick validation epoch=250 | pseudo_dice=0.459249 | val_time=00:00:24
Epoch 251/1000 finished | train_loss=0.551975 | lr=0.000308385 | epoch_time=00:01:05 | elapsed=04:54:58 | ETA=14:40:12 | estimated_finish=2026-06-17 12:17:47
Epoch 252/1000 finished | train_loss=0.554885 | lr=0.000308015 | epoch_time=00:01:03 | elapsed=04:56:01 | ETA=14:38:41 | estimated_finish=2026-06-17 12:17:20
Epoch 253/1000 finished | train_loss=0.608903 | lr=0.000307644 | epoch_time=00:01:03 | elapsed=04:57:05 | ETA=14:37:11 | estimated_finish=2026-06-17 12:16:54
Epoch 254/1000 finished | train_loss=0.582159 | lr=0.000307273 | epoch_time=00:01:04 | elapsed=04:58:10 | ETA=14:35:45 | estimated_finish=2026-06-17 12:16:32
Epoch 255/1000 finished | train_loss=0.579241 | lr=0.000306903 | epoch_time=00:01:04 | elapsed=04:59:15 | ETA=14:34:17 | estimated_finish=2026-06-17 12:16:09
Quick validation epoch=255 | pseudo_dice=0.449819 | val_time=00:00:24
Epoch 256/1000 finished | train_loss=0.611458 | lr=0.000306532 | epoch_time=00:01:03 | elapsed=05:00:43 | ETA=14:33:59 | estimated_finish=2026-06-17 12:17:20
Epoch 257/1000 finished | train_loss=0.589992 | lr=0.000306161 | epoch_time=00:01:02 | elapsed=05:01:47 | ETA=14:32:28 | estimated_finish=2026-06-17 12:16:52
Epoch 258/1000 finished | train_loss=0.552541 | lr=0.00030579 | epoch_time=00:01:03 | elapsed=05:02:51 | ETA=14:30:59 | estimated_finish=2026-06-17 12:16:27
Epoch 259/1000 finished | train_loss=0.543196 | lr=0.000305419 | epoch_time=00:01:04 | elapsed=05:03:55 | ETA=14:29:32 | estimated_finish=2026-06-17 12:16:05
Epoch 260/1000 finished | train_loss=0.586832 | lr=0.000305048 | epoch_time=00:01:05 | elapsed=05:05:01 | ETA=14:28:10 | estimated_finish=2026-06-17 12:15:48
Quick validation epoch=260 | pseudo_dice=0.442611 | val_time=00:00:24
Epoch 261/1000 finished | train_loss=0.556027 | lr=0.000304677 | epoch_time=00:01:02 | elapsed=05:06:29 | ETA=14:27:48 | estimated_finish=2026-06-17 12:16:54
Epoch 262/1000 finished | train_loss=0.530364 | lr=0.000304306 | epoch_time=00:01:05 | elapsed=05:07:35 | ETA=14:26:25 | estimated_finish=2026-06-17 12:16:38
Epoch 263/1000 finished | train_loss=0.618540 | lr=0.000303935 | epoch_time=00:01:04 | elapsed=05:08:40 | ETA=14:24:59 | estimated_finish=2026-06-17 12:16:16
Epoch 264/1000 finished | train_loss=0.542891 | lr=0.000303564 | epoch_time=00:01:03 | elapsed=05:09:43 | ETA=14:23:29 | estimated_finish=2026-06-17 12:15:50
Epoch 265/1000 finished | train_loss=0.580344 | lr=0.000303193 | epoch_time=00:01:03 | elapsed=05:10:47 | ETA=14:22:01 | estimated_finish=2026-06-17 12:15:26
Quick validation epoch=265 | pseudo_dice=0.465001 | val_time=00:00:24
Epoch 266/1000 finished | train_loss=0.594877 | lr=0.000302821 | epoch_time=00:01:03 | elapsed=05:12:16 | ETA=14:21:40 | estimated_finish=2026-06-17 12:16:33
Epoch 267/1000 finished | train_loss=0.559379 | lr=0.00030245 | epoch_time=00:01:06 | elapsed=05:13:22 | ETA=14:20:19 | estimated_finish=2026-06-17 12:16:18
Epoch 268/1000 finished | train_loss=0.569890 | lr=0.000302079 | epoch_time=00:01:04 | elapsed=05:14:27 | ETA=14:18:52 | estimated_finish=2026-06-17 12:15:56
Epoch 269/1000 finished | train_loss=0.566811 | lr=0.000301707 | epoch_time=00:01:03 | elapsed=05:15:31 | ETA=14:17:25 | estimated_finish=2026-06-17 12:15:33
Epoch 270/1000 finished | train_loss=0.589780 | lr=0.000301336 | epoch_time=00:01:04 | elapsed=05:16:36 | ETA=14:16:00 | estimated_finish=2026-06-17 12:15:13
Quick validation epoch=270 | pseudo_dice=0.423956 | val_time=00:00:24
Epoch 271/1000 finished | train_loss=0.589034 | lr=0.000300964 | epoch_time=00:01:05 | elapsed=05:18:06 | ETA=14:15:43 | estimated_finish=2026-06-17 12:16:26
Epoch 272/1000 finished | train_loss=0.588143 | lr=0.000300593 | epoch_time=00:01:04 | elapsed=05:19:11 | ETA=14:14:19 | estimated_finish=2026-06-17 12:16:07
Epoch 273/1000 finished | train_loss=0.608929 | lr=0.000300221 | epoch_time=00:01:03 | elapsed=05:20:15 | ETA=14:12:52 | estimated_finish=2026-06-17 12:15:44
Epoch 274/1000 finished | train_loss=0.585728 | lr=0.000299849 | epoch_time=00:01:04 | elapsed=05:21:20 | ETA=14:11:27 | estimated_finish=2026-06-17 12:15:24
Epoch 275/1000 finished | train_loss=0.521006 | lr=0.000299477 | epoch_time=00:01:03 | elapsed=05:22:24 | ETA=14:10:00 | estimated_finish=2026-06-17 12:15:02
Quick validation epoch=275 | pseudo_dice=0.500137 | val_time=00:00:24
Epoch 276/1000 finished | train_loss=0.566502 | lr=0.000299106 | epoch_time=00:01:02 | elapsed=05:23:52 | ETA=14:09:35 | estimated_finish=2026-06-17 12:16:05
Epoch 277/1000 finished | train_loss=0.550770 | lr=0.000298734 | epoch_time=00:01:03 | elapsed=05:24:56 | ETA=14:08:08 | estimated_finish=2026-06-17 12:15:41
Epoch 278/1000 finished | train_loss=0.593333 | lr=0.000298362 | epoch_time=00:01:05 | elapsed=05:26:02 | ETA=14:06:45 | estimated_finish=2026-06-17 12:15:25
Epoch 279/1000 finished | train_loss=0.540936 | lr=0.00029799 | epoch_time=00:01:04 | elapsed=05:27:07 | ETA=14:05:20 | estimated_finish=2026-06-17 12:15:04
Epoch 280/1000 finished | train_loss=0.564021 | lr=0.000297618 | epoch_time=00:01:05 | elapsed=05:28:13 | ETA=14:03:59 | estimated_finish=2026-06-17 12:14:49
Quick validation epoch=280 | pseudo_dice=0.455447 | val_time=00:00:24
Epoch 281/1000 finished | train_loss=0.576318 | lr=0.000297246 | epoch_time=00:01:04 | elapsed=05:29:42 | ETA=14:03:38 | estimated_finish=2026-06-17 12:15:57
Epoch 282/1000 finished | train_loss=0.569782 | lr=0.000296874 | epoch_time=00:01:03 | elapsed=05:30:47 | ETA=14:02:12 | estimated_finish=2026-06-17 12:15:36
Epoch 283/1000 finished | train_loss=0.542262 | lr=0.000296502 | epoch_time=00:01:04 | elapsed=05:31:51 | ETA=14:00:47 | estimated_finish=2026-06-17 12:15:16
Epoch 284/1000 finished | train_loss=0.562119 | lr=0.00029613 | epoch_time=00:01:04 | elapsed=05:32:56 | ETA=13:59:23 | estimated_finish=2026-06-17 12:14:57
Epoch 285/1000 finished | train_loss=0.580802 | lr=0.000295757 | epoch_time=00:01:05 | elapsed=05:34:02 | ETA=13:58:02 | estimated_finish=2026-06-17 12:14:41
Quick validation epoch=285 | pseudo_dice=0.481581 | val_time=00:00:24
Epoch 286/1000 finished | train_loss=0.578342 | lr=0.000295385 | epoch_time=00:01:05 | elapsed=05:35:33 | ETA=13:57:42 | estimated_finish=2026-06-17 12:15:51
Epoch 287/1000 finished | train_loss=0.524002 | lr=0.000295013 | epoch_time=00:01:03 | elapsed=05:36:37 | ETA=13:56:16 | estimated_finish=2026-06-17 12:15:30
Epoch 288/1000 finished | train_loss=0.547217 | lr=0.00029464 | epoch_time=00:01:04 | elapsed=05:37:41 | ETA=13:54:51 | estimated_finish=2026-06-17 12:15:10
Epoch 289/1000 finished | train_loss=0.603984 | lr=0.000294268 | epoch_time=00:01:03 | elapsed=05:38:45 | ETA=13:53:26 | estimated_finish=2026-06-17 12:14:48
Epoch 290/1000 finished | train_loss=0.556112 | lr=0.000293895 | epoch_time=00:01:05 | elapsed=05:39:51 | ETA=13:52:03 | estimated_finish=2026-06-17 12:14:31
Quick validation epoch=290 | pseudo_dice=0.444961 | val_time=00:00:24
Epoch 291/1000 finished | train_loss=0.545590 | lr=0.000293523 | epoch_time=00:01:05 | elapsed=05:41:21 | ETA=13:51:41 | estimated_finish=2026-06-17 12:15:39
Epoch 292/1000 finished | train_loss=0.608727 | lr=0.00029315 | epoch_time=00:01:04 | elapsed=05:42:26 | ETA=13:50:17 | estimated_finish=2026-06-17 12:15:20
Epoch 293/1000 finished | train_loss=0.558572 | lr=0.000292777 | epoch_time=00:01:02 | elapsed=05:43:29 | ETA=13:48:50 | estimated_finish=2026-06-17 12:14:56
Epoch 294/1000 finished | train_loss=0.519919 | lr=0.000292405 | epoch_time=00:01:05 | elapsed=05:44:35 | ETA=13:47:28 | estimated_finish=2026-06-17 12:14:40
Epoch 295/1000 finished | train_loss=0.515829 | lr=0.000292032 | epoch_time=00:01:03 | elapsed=05:45:39 | ETA=13:46:02 | estimated_finish=2026-06-17 12:14:18
Quick validation epoch=295 | pseudo_dice=0.449693 | val_time=00:00:24
Epoch 296/1000 finished | train_loss=0.517053 | lr=0.000291659 | epoch_time=00:01:03 | elapsed=05:47:07 | ETA=13:45:36 | estimated_finish=2026-06-17 12:15:20
Epoch 297/1000 finished | train_loss=0.608920 | lr=0.000291286 | epoch_time=00:01:05 | elapsed=05:48:13 | ETA=13:44:15 | estimated_finish=2026-06-17 12:15:05
Epoch 298/1000 finished | train_loss=0.568408 | lr=0.000290913 | epoch_time=00:01:04 | elapsed=05:49:18 | ETA=13:42:52 | estimated_finish=2026-06-17 12:14:47
Epoch 299/1000 finished | train_loss=0.577982 | lr=0.00029054 | epoch_time=00:01:03 | elapsed=05:50:22 | ETA=13:41:27 | estimated_finish=2026-06-17 12:14:26
Epoch 300/1000 finished | train_loss=0.557700 | lr=0.000290167 | epoch_time=00:01:03 | elapsed=05:51:26 | ETA=13:40:02 | estimated_finish=2026-06-17 12:14:06
Quick validation epoch=300 | pseudo_dice=0.422407 | val_time=00:00:24
Full validation epoch=300 | mean_dice=0.110269 | val_time=00:03:56
Epoch 301/1000 finished | train_loss=0.577731 | lr=0.000289794 | epoch_time=00:01:05 | elapsed=05:56:53 | ETA=13:48:48 | estimated_finish=2026-06-17 12:28:18
Epoch 302/1000 finished | train_loss=0.595838 | lr=0.000289421 | epoch_time=00:01:05 | elapsed=05:58:00 | ETA=13:47:26 | estimated_finish=2026-06-17 12:28:02
Epoch 303/1000 finished | train_loss=0.562749 | lr=0.000289048 | epoch_time=00:01:02 | elapsed=05:59:02 | ETA=13:45:55 | estimated_finish=2026-06-17 12:27:35
Epoch 304/1000 finished | train_loss=0.559419 | lr=0.000288674 | epoch_time=00:01:04 | elapsed=06:00:08 | ETA=13:44:30 | estimated_finish=2026-06-17 12:27:15
Epoch 305/1000 finished | train_loss=0.561175 | lr=0.000288301 | epoch_time=00:01:06 | elapsed=06:01:15 | ETA=13:43:11 | estimated_finish=2026-06-17 12:27:03
Quick validation epoch=305 | pseudo_dice=0.428597 | val_time=00:00:24
Epoch 306/1000 finished | train_loss=0.538413 | lr=0.000287928 | epoch_time=00:01:02 | elapsed=06:02:43 | ETA=13:42:38 | estimated_finish=2026-06-17 12:27:58
Epoch 307/1000 finished | train_loss=0.534055 | lr=0.000287554 | epoch_time=00:01:04 | elapsed=06:03:47 | ETA=13:41:12 | estimated_finish=2026-06-17 12:27:37
Epoch 308/1000 finished | train_loss=0.555680 | lr=0.000287181 | epoch_time=00:01:04 | elapsed=06:04:52 | ETA=13:39:46 | estimated_finish=2026-06-17 12:27:15
Epoch 309/1000 finished | train_loss=0.556028 | lr=0.000286807 | epoch_time=00:01:02 | elapsed=06:05:55 | ETA=13:38:18 | estimated_finish=2026-06-17 12:26:51
Epoch 310/1000 finished | train_loss=0.569587 | lr=0.000286434 | epoch_time=00:01:02 | elapsed=06:06:58 | ETA=13:36:49 | estimated_finish=2026-06-17 12:26:25
Quick validation epoch=310 | pseudo_dice=0.419202 | val_time=00:00:24
Epoch 311/1000 finished | train_loss=0.529716 | lr=0.00028606 | epoch_time=00:01:05 | elapsed=06:08:29 | ETA=13:36:21 | estimated_finish=2026-06-17 12:27:26
Epoch 312/1000 finished | train_loss=0.524137 | lr=0.000285686 | epoch_time=00:01:04 | elapsed=06:09:33 | ETA=13:34:55 | estimated_finish=2026-06-17 12:27:05
Epoch 313/1000 finished | train_loss=0.569532 | lr=0.000285313 | epoch_time=00:01:05 | elapsed=06:10:39 | ETA=13:33:32 | estimated_finish=2026-06-17 12:26:48
Epoch 314/1000 finished | train_loss=0.625037 | lr=0.000284939 | epoch_time=00:01:03 | elapsed=06:11:43 | ETA=13:32:06 | estimated_finish=2026-06-17 12:26:26
Epoch 315/1000 finished | train_loss=0.571183 | lr=0.000284565 | epoch_time=00:01:03 | elapsed=06:12:46 | ETA=13:30:39 | estimated_finish=2026-06-17 12:26:03
Quick validation epoch=315 | pseudo_dice=0.475943 | val_time=00:00:24
Epoch 316/1000 finished | train_loss=0.552033 | lr=0.000284191 | epoch_time=00:01:05 | elapsed=06:14:17 | ETA=13:30:10 | estimated_finish=2026-06-17 12:27:04
Epoch 317/1000 finished | train_loss=0.551004 | lr=0.000283817 | epoch_time=00:01:03 | elapsed=06:15:21 | ETA=13:28:43 | estimated_finish=2026-06-17 12:26:41
Epoch 318/1000 finished | train_loss=0.560188 | lr=0.000283443 | epoch_time=00:01:05 | elapsed=06:16:26 | ETA=13:27:20 | estimated_finish=2026-06-17 12:26:24
Epoch 319/1000 finished | train_loss=0.572582 | lr=0.000283069 | epoch_time=00:01:05 | elapsed=06:17:32 | ETA=13:25:59 | estimated_finish=2026-06-17 12:26:08
Epoch 320/1000 finished | train_loss=0.575341 | lr=0.000282695 | epoch_time=00:01:04 | elapsed=06:18:37 | ETA=13:24:34 | estimated_finish=2026-06-17 12:25:48
Quick validation epoch=320 | pseudo_dice=0.417545 | val_time=00:00:24
Epoch 321/1000 finished | train_loss=0.544243 | lr=0.000282321 | epoch_time=00:01:04 | elapsed=06:20:07 | ETA=13:24:03 | estimated_finish=2026-06-17 12:26:47
Epoch 322/1000 finished | train_loss=0.575472 | lr=0.000281947 | epoch_time=00:01:03 | elapsed=06:21:11 | ETA=13:22:38 | estimated_finish=2026-06-17 12:26:26
Epoch 323/1000 finished | train_loss=0.567537 | lr=0.000281572 | epoch_time=00:01:03 | elapsed=06:22:15 | ETA=13:21:12 | estimated_finish=2026-06-17 12:26:05
Epoch 324/1000 finished | train_loss=0.582721 | lr=0.000281198 | epoch_time=00:01:03 | elapsed=06:23:19 | ETA=13:19:46 | estimated_finish=2026-06-17 12:25:43
Epoch 325/1000 finished | train_loss=0.566064 | lr=0.000280823 | epoch_time=00:01:01 | elapsed=06:24:22 | ETA=13:18:18 | estimated_finish=2026-06-17 12:25:16
Quick validation epoch=325 | pseudo_dice=0.529490 | val_time=00:00:24
Epoch 326/1000 finished | train_loss=0.592032 | lr=0.000280449 | epoch_time=00:01:03 | elapsed=06:25:50 | ETA=13:17:42 | estimated_finish=2026-06-17 12:26:09
Epoch 327/1000 finished | train_loss=0.596902 | lr=0.000280074 | epoch_time=00:01:03 | elapsed=06:26:53 | ETA=13:16:16 | estimated_finish=2026-06-17 12:25:47
Epoch 328/1000 finished | train_loss=0.520529 | lr=0.0002797 | epoch_time=00:01:05 | elapsed=06:27:59 | ETA=13:14:54 | estimated_finish=2026-06-17 12:25:31
Epoch 329/1000 finished | train_loss=0.591550 | lr=0.000279325 | epoch_time=00:01:04 | elapsed=06:29:04 | ETA=13:13:32 | estimated_finish=2026-06-17 12:25:13
Epoch 330/1000 finished | train_loss=0.582575 | lr=0.000278951 | epoch_time=00:01:04 | elapsed=06:30:10 | ETA=13:12:09 | estimated_finish=2026-06-17 12:24:56
Quick validation epoch=330 | pseudo_dice=0.475455 | val_time=00:00:24
Epoch 331/1000 finished | train_loss=0.556006 | lr=0.000278576 | epoch_time=00:01:04 | elapsed=06:31:39 | ETA=13:11:36 | estimated_finish=2026-06-17 12:25:52
Epoch 332/1000 finished | train_loss=0.558501 | lr=0.000278201 | epoch_time=00:01:03 | elapsed=06:32:43 | ETA=13:10:11 | estimated_finish=2026-06-17 12:25:32
Epoch 333/1000 finished | train_loss=0.559551 | lr=0.000277826 | epoch_time=00:01:04 | elapsed=06:33:48 | ETA=13:08:48 | estimated_finish=2026-06-17 12:25:13
Epoch 334/1000 finished | train_loss=0.597223 | lr=0.000277451 | epoch_time=00:01:05 | elapsed=06:34:54 | ETA=13:07:26 | estimated_finish=2026-06-17 12:24:58
Epoch 335/1000 finished | train_loss=0.526623 | lr=0.000277076 | epoch_time=00:01:03 | elapsed=06:35:58 | ETA=13:06:02 | estimated_finish=2026-06-17 12:24:38
Quick validation epoch=335 | pseudo_dice=0.396846 | val_time=00:00:24
Epoch 336/1000 finished | train_loss=0.547796 | lr=0.000276701 | epoch_time=00:01:02 | elapsed=06:37:26 | ETA=13:05:24 | estimated_finish=2026-06-17 12:25:27
Epoch 337/1000 finished | train_loss=0.555229 | lr=0.000276326 | epoch_time=00:01:02 | elapsed=06:38:29 | ETA=13:03:58 | estimated_finish=2026-06-17 12:25:04
Epoch 338/1000 finished | train_loss=0.540355 | lr=0.000275951 | epoch_time=00:01:03 | elapsed=06:39:33 | ETA=13:02:33 | estimated_finish=2026-06-17 12:24:43
Epoch 339/1000 finished | train_loss=0.568822 | lr=0.000275576 | epoch_time=00:01:03 | elapsed=06:40:36 | ETA=13:01:08 | estimated_finish=2026-06-17 12:24:22
Epoch 340/1000 finished | train_loss=0.524961 | lr=0.000275201 | epoch_time=00:01:03 | elapsed=06:41:40 | ETA=12:59:43 | estimated_finish=2026-06-17 12:24:01
Quick validation epoch=340 | pseudo_dice=0.461243 | val_time=00:00:24
Epoch 341/1000 finished | train_loss=0.498578 | lr=0.000274825 | epoch_time=00:01:05 | elapsed=06:43:11 | ETA=12:59:10 | estimated_finish=2026-06-17 12:24:58
Epoch 342/1000 finished | train_loss=0.537504 | lr=0.00027445 | epoch_time=00:01:04 | elapsed=06:44:15 | ETA=12:57:47 | estimated_finish=2026-06-17 12:24:40
Epoch 343/1000 finished | train_loss=0.549145 | lr=0.000274075 | epoch_time=00:01:03 | elapsed=06:45:19 | ETA=12:56:22 | estimated_finish=2026-06-17 12:24:19
Epoch 344/1000 finished | train_loss=0.515659 | lr=0.000273699 | epoch_time=00:01:03 | elapsed=06:46:23 | ETA=12:54:59 | estimated_finish=2026-06-17 12:23:59
Epoch 345/1000 finished | train_loss=0.529271 | lr=0.000273324 | epoch_time=00:01:05 | elapsed=06:47:29 | ETA=12:53:38 | estimated_finish=2026-06-17 12:23:44
Quick validation epoch=345 | pseudo_dice=0.483601 | val_time=00:00:24
Epoch 346/1000 finished | train_loss=0.561787 | lr=0.000272948 | epoch_time=00:01:05 | elapsed=06:48:59 | ETA=12:53:03 | estimated_finish=2026-06-17 12:24:39
Epoch 347/1000 finished | train_loss=0.524415 | lr=0.000272572 | epoch_time=00:01:02 | elapsed=06:50:02 | ETA=12:51:38 | estimated_finish=2026-06-17 12:24:18
Epoch 348/1000 finished | train_loss=0.543930 | lr=0.000272197 | epoch_time=00:01:03 | elapsed=06:51:06 | ETA=12:50:14 | estimated_finish=2026-06-17 12:23:58
Epoch 349/1000 finished | train_loss=0.553180 | lr=0.000271821 | epoch_time=00:01:04 | elapsed=06:52:11 | ETA=12:48:52 | estimated_finish=2026-06-17 12:23:40
Epoch 350/1000 finished | train_loss=0.529898 | lr=0.000271445 | epoch_time=00:01:03 | elapsed=06:53:15 | ETA=12:47:28 | estimated_finish=2026-06-17 12:23:20
Quick validation epoch=350 | pseudo_dice=0.398833 | val_time=00:00:24
Epoch 351/1000 finished | train_loss=0.565774 | lr=0.000271069 | epoch_time=00:01:03 | elapsed=06:54:44 | ETA=12:46:50 | estimated_finish=2026-06-17 12:24:11
Epoch 352/1000 finished | train_loss=0.543160 | lr=0.000270693 | epoch_time=00:01:04 | elapsed=06:55:48 | ETA=12:45:28 | estimated_finish=2026-06-17 12:23:54
Epoch 353/1000 finished | train_loss=0.572150 | lr=0.000270317 | epoch_time=00:01:03 | elapsed=06:56:53 | ETA=12:44:05 | estimated_finish=2026-06-17 12:23:35
Epoch 354/1000 finished | train_loss=0.525557 | lr=0.000269941 | epoch_time=00:01:03 | elapsed=06:57:57 | ETA=12:42:43 | estimated_finish=2026-06-17 12:23:17
Epoch 355/1000 finished | train_loss=0.500276 | lr=0.000269565 | epoch_time=00:01:04 | elapsed=06:59:03 | ETA=12:41:22 | estimated_finish=2026-06-17 12:23:02
Quick validation epoch=355 | pseudo_dice=0.498188 | val_time=00:00:24
Epoch 356/1000 finished | train_loss=0.524366 | lr=0.000269189 | epoch_time=00:01:02 | elapsed=07:00:30 | ETA=12:40:42 | estimated_finish=2026-06-17 12:23:50
Epoch 357/1000 finished | train_loss=0.490707 | lr=0.000268813 | epoch_time=00:01:04 | elapsed=07:01:36 | ETA=12:39:21 | estimated_finish=2026-06-17 12:23:34
Epoch 358/1000 finished | train_loss=0.516401 | lr=0.000268436 | epoch_time=00:01:03 | elapsed=07:02:40 | ETA=12:37:58 | estimated_finish=2026-06-17 12:23:15
Epoch 359/1000 finished | train_loss=0.614847 | lr=0.00026806 | epoch_time=00:01:03 | elapsed=07:03:44 | ETA=12:36:35 | estimated_finish=2026-06-17 12:22:55
Epoch 360/1000 finished | train_loss=0.568973 | lr=0.000267684 | epoch_time=00:01:05 | elapsed=07:04:49 | ETA=12:35:14 | estimated_finish=2026-06-17 12:22:41
Quick validation epoch=360 | pseudo_dice=0.427936 | val_time=00:00:24
Epoch 361/1000 finished | train_loss=0.615195 | lr=0.000267307 | epoch_time=00:01:01 | elapsed=07:06:16 | ETA=12:34:32 | estimated_finish=2026-06-17 12:23:25
Epoch 362/1000 finished | train_loss=0.523297 | lr=0.000266931 | epoch_time=00:01:02 | elapsed=07:07:19 | ETA=12:33:07 | estimated_finish=2026-06-17 12:23:03
Epoch 363/1000 finished | train_loss=0.563895 | lr=0.000266554 | epoch_time=00:01:03 | elapsed=07:08:23 | ETA=12:31:44 | estimated_finish=2026-06-17 12:22:44
Epoch 364/1000 finished | train_loss=0.552366 | lr=0.000266178 | epoch_time=00:01:05 | elapsed=07:09:29 | ETA=12:30:25 | estimated_finish=2026-06-17 12:22:31
Epoch 365/1000 finished | train_loss=0.501360 | lr=0.000265801 | epoch_time=00:01:04 | elapsed=07:10:33 | ETA=12:29:03 | estimated_finish=2026-06-17 12:22:13
Quick validation epoch=365 | pseudo_dice=0.508196 | val_time=00:00:24
Epoch 366/1000 finished | train_loss=0.488692 | lr=0.000265424 | epoch_time=00:01:03 | elapsed=07:12:02 | ETA=12:28:24 | estimated_finish=2026-06-17 12:23:04
Epoch 367/1000 finished | train_loss=0.535446 | lr=0.000265047 | epoch_time=00:01:04 | elapsed=07:13:07 | ETA=12:27:03 | estimated_finish=2026-06-17 12:22:47
Epoch 368/1000 finished | train_loss=0.535717 | lr=0.00026467 | epoch_time=00:01:03 | elapsed=07:14:12 | ETA=12:25:41 | estimated_finish=2026-06-17 12:22:30
Epoch 369/1000 finished | train_loss=0.499886 | lr=0.000264293 | epoch_time=00:01:04 | elapsed=07:15:16 | ETA=12:24:20 | estimated_finish=2026-06-17 12:22:13
Epoch 370/1000 finished | train_loss=0.535025 | lr=0.000263916 | epoch_time=00:01:04 | elapsed=07:16:21 | ETA=12:22:59 | estimated_finish=2026-06-17 12:21:57
Quick validation epoch=370 | pseudo_dice=0.478757 | val_time=00:00:24
Epoch 371/1000 finished | train_loss=0.547217 | lr=0.000263539 | epoch_time=00:01:05 | elapsed=07:17:51 | ETA=12:22:21 | estimated_finish=2026-06-17 12:22:49
Epoch 372/1000 finished | train_loss=0.568313 | lr=0.000263162 | epoch_time=00:01:04 | elapsed=07:18:56 | ETA=12:21:00 | estimated_finish=2026-06-17 12:22:34
Epoch 373/1000 finished | train_loss=0.542552 | lr=0.000262785 | epoch_time=00:01:04 | elapsed=07:20:01 | ETA=12:19:39 | estimated_finish=2026-06-17 12:22:18
Epoch 374/1000 finished | train_loss=0.572651 | lr=0.000262408 | epoch_time=00:01:05 | elapsed=07:21:07 | ETA=12:18:20 | estimated_finish=2026-06-17 12:22:04
Epoch 375/1000 finished | train_loss=0.533991 | lr=0.000262031 | epoch_time=00:01:03 | elapsed=07:22:11 | ETA=12:16:58 | estimated_finish=2026-06-17 12:21:46
Quick validation epoch=375 | pseudo_dice=0.433700 | val_time=00:00:24
Epoch 376/1000 finished | train_loss=0.527951 | lr=0.000261653 | epoch_time=00:01:03 | elapsed=07:23:39 | ETA=12:16:16 | estimated_finish=2026-06-17 12:22:33
Epoch 377/1000 finished | train_loss=0.522568 | lr=0.000261276 | epoch_time=00:01:03 | elapsed=07:24:42 | ETA=12:14:54 | estimated_finish=2026-06-17 12:22:13
Epoch 378/1000 finished | train_loss=0.542865 | lr=0.000260898 | epoch_time=00:01:03 | elapsed=07:25:46 | ETA=12:13:32 | estimated_finish=2026-06-17 12:21:55
Epoch 379/1000 finished | train_loss=0.590350 | lr=0.000260521 | epoch_time=00:01:03 | elapsed=07:26:50 | ETA=12:12:09 | estimated_finish=2026-06-17 12:21:36
Epoch 380/1000 finished | train_loss=0.577075 | lr=0.000260143 | epoch_time=00:01:02 | elapsed=07:27:53 | ETA=12:10:45 | estimated_finish=2026-06-17 12:21:15
Quick validation epoch=380 | pseudo_dice=0.443127 | val_time=00:00:23
Epoch 381/1000 finished | train_loss=0.496214 | lr=0.000259766 | epoch_time=00:01:03 | elapsed=07:29:20 | ETA=12:10:02 | estimated_finish=2026-06-17 12:21:59
Epoch 382/1000 finished | train_loss=0.491733 | lr=0.000259388 | epoch_time=00:01:04 | elapsed=07:30:26 | ETA=12:08:42 | estimated_finish=2026-06-17 12:21:45
Epoch 383/1000 finished | train_loss=0.583646 | lr=0.00025901 | epoch_time=00:01:02 | elapsed=07:31:28 | ETA=12:07:19 | estimated_finish=2026-06-17 12:21:24
Epoch 384/1000 finished | train_loss=0.592825 | lr=0.000258632 | epoch_time=00:01:03 | elapsed=07:32:32 | ETA=12:05:56 | estimated_finish=2026-06-17 12:21:05
Epoch 385/1000 finished | train_loss=0.595999 | lr=0.000258254 | epoch_time=00:01:03 | elapsed=07:33:35 | ETA=12:04:34 | estimated_finish=2026-06-17 12:20:47
Quick validation epoch=385 | pseudo_dice=0.437670 | val_time=00:00:24
Epoch 386/1000 finished | train_loss=0.529742 | lr=0.000257876 | epoch_time=00:01:05 | elapsed=07:35:05 | ETA=12:03:54 | estimated_finish=2026-06-17 12:21:37
Epoch 387/1000 finished | train_loss=0.536595 | lr=0.000257498 | epoch_time=00:01:01 | elapsed=07:36:08 | ETA=12:02:30 | estimated_finish=2026-06-17 12:21:15
Epoch 388/1000 finished | train_loss=0.553631 | lr=0.00025712 | epoch_time=00:01:03 | elapsed=07:37:12 | ETA=12:01:09 | estimated_finish=2026-06-17 12:20:58
Epoch 389/1000 finished | train_loss=0.558171 | lr=0.000256742 | epoch_time=00:01:01 | elapsed=07:38:14 | ETA=11:59:45 | estimated_finish=2026-06-17 12:20:36
Epoch 390/1000 finished | train_loss=0.553742 | lr=0.000256364 | epoch_time=00:01:01 | elapsed=07:39:16 | ETA=11:58:21 | estimated_finish=2026-06-17 12:20:15
Quick validation epoch=390 | pseudo_dice=0.445634 | val_time=00:00:23
Epoch 391/1000 finished | train_loss=0.586192 | lr=0.000255986 | epoch_time=00:01:04 | elapsed=07:40:45 | ETA=11:57:39 | estimated_finish=2026-06-17 12:21:01
Epoch 392/1000 finished | train_loss=0.526880 | lr=0.000255607 | epoch_time=00:01:01 | elapsed=07:41:47 | ETA=11:56:14 | estimated_finish=2026-06-17 12:20:37
Epoch 393/1000 finished | train_loss=0.505976 | lr=0.000255229 | epoch_time=00:01:01 | elapsed=07:42:48 | ETA=11:54:49 | estimated_finish=2026-06-17 12:20:15
Epoch 394/1000 finished | train_loss=0.570230 | lr=0.00025485 | epoch_time=00:00:59 | elapsed=07:43:49 | ETA=11:53:23 | estimated_finish=2026-06-17 12:19:49
Epoch 395/1000 finished | train_loss=0.493797 | lr=0.000254472 | epoch_time=00:01:02 | elapsed=07:44:52 | ETA=11:52:00 | estimated_finish=2026-06-17 12:19:29
Quick validation epoch=395 | pseudo_dice=0.451300 | val_time=00:00:23
Epoch 396/1000 finished | train_loss=0.585343 | lr=0.000254093 | epoch_time=00:01:01 | elapsed=07:46:17 | ETA=11:51:13 | estimated_finish=2026-06-17 12:20:07
Epoch 397/1000 finished | train_loss=0.550389 | lr=0.000253715 | epoch_time=00:01:01 | elapsed=07:47:19 | ETA=11:49:49 | estimated_finish=2026-06-17 12:19:45
Epoch 398/1000 finished | train_loss=0.535390 | lr=0.000253336 | epoch_time=00:01:03 | elapsed=07:48:23 | ETA=11:48:28 | estimated_finish=2026-06-17 12:19:28
Epoch 399/1000 finished | train_loss=0.518045 | lr=0.000252957 | epoch_time=00:01:02 | elapsed=07:49:26 | ETA=11:47:06 | estimated_finish=2026-06-17 12:19:09
Epoch 400/1000 finished | train_loss=0.566237 | lr=0.000252578 | epoch_time=00:01:02 | elapsed=07:50:29 | ETA=11:45:43 | estimated_finish=2026-06-17 12:18:49
Quick validation epoch=400 | pseudo_dice=0.418264 | val_time=00:00:24
Full validation epoch=400 | mean_dice=0.220896 | val_time=00:03:56
New best full-validation model saved | dice=0.220896 | epoch=400
Epoch 401/1000 finished | train_loss=0.536597 | lr=0.000252199 | epoch_time=00:01:03 | elapsed=07:55:54 | ETA=11:50:53 | estimated_finish=2026-06-17 12:29:23
Epoch 402/1000 finished | train_loss=0.551183 | lr=0.00025182 | epoch_time=00:01:04 | elapsed=07:56:59 | ETA=11:49:32 | estimated_finish=2026-06-17 12:29:08
Epoch 403/1000 finished | train_loss=0.559137 | lr=0.000251441 | epoch_time=00:01:04 | elapsed=07:58:03 | ETA=11:48:11 | estimated_finish=2026-06-17 12:28:52
Epoch 404/1000 finished | train_loss=0.570653 | lr=0.000251062 | epoch_time=00:01:02 | elapsed=07:59:06 | ETA=11:46:48 | estimated_finish=2026-06-17 12:28:31
Epoch 405/1000 finished | train_loss=0.507875 | lr=0.000250683 | epoch_time=00:01:03 | elapsed=08:00:10 | ETA=11:45:26 | estimated_finish=2026-06-17 12:28:13
Quick validation epoch=405 | pseudo_dice=0.495240 | val_time=00:00:23
Epoch 406/1000 finished | train_loss=0.577427 | lr=0.000250304 | epoch_time=00:01:03 | elapsed=08:01:38 | ETA=11:44:39 | estimated_finish=2026-06-17 12:28:54
Epoch 407/1000 finished | train_loss=0.553461 | lr=0.000249925 | epoch_time=00:01:04 | elapsed=08:02:43 | ETA=11:43:19 | estimated_finish=2026-06-17 12:28:38
Epoch 408/1000 finished | train_loss=0.517717 | lr=0.000249545 | epoch_time=00:01:02 | elapsed=08:03:45 | ETA=11:41:55 | estimated_finish=2026-06-17 12:28:17
Epoch 409/1000 finished | train_loss=0.536536 | lr=0.000249166 | epoch_time=00:01:04 | elapsed=08:04:50 | ETA=11:40:36 | estimated_finish=2026-06-17 12:28:03
Epoch 410/1000 finished | train_loss=0.514230 | lr=0.000248786 | epoch_time=00:01:04 | elapsed=08:05:56 | ETA=11:39:16 | estimated_finish=2026-06-17 12:27:49
Quick validation epoch=410 | pseudo_dice=0.462843 | val_time=00:00:23
Epoch 411/1000 finished | train_loss=0.543902 | lr=0.000248407 | epoch_time=00:01:03 | elapsed=08:07:24 | ETA=11:38:29 | estimated_finish=2026-06-17 12:28:30
Epoch 412/1000 finished | train_loss=0.549587 | lr=0.000248027 | epoch_time=00:01:03 | elapsed=08:08:28 | ETA=11:37:07 | estimated_finish=2026-06-17 12:28:12
Epoch 413/1000 finished | train_loss=0.544552 | lr=0.000247648 | epoch_time=00:01:02 | elapsed=08:09:30 | ETA=11:35:44 | estimated_finish=2026-06-17 12:27:51
Epoch 414/1000 finished | train_loss=0.568779 | lr=0.000247268 | epoch_time=00:01:03 | elapsed=08:10:34 | ETA=11:34:23 | estimated_finish=2026-06-17 12:27:34
Epoch 415/1000 finished | train_loss=0.530956 | lr=0.000246888 | epoch_time=00:01:03 | elapsed=08:11:38 | ETA=11:33:02 | estimated_finish=2026-06-17 12:27:17
Quick validation epoch=415 | pseudo_dice=0.491922 | val_time=00:00:23
Epoch 416/1000 finished | train_loss=0.536288 | lr=0.000246508 | epoch_time=00:01:03 | elapsed=08:13:06 | ETA=11:32:15 | estimated_finish=2026-06-17 12:27:58
Epoch 417/1000 finished | train_loss=0.543087 | lr=0.000246128 | epoch_time=00:01:05 | elapsed=08:14:13 | ETA=11:30:57 | estimated_finish=2026-06-17 12:27:47
Epoch 418/1000 finished | train_loss=0.537992 | lr=0.000245748 | epoch_time=00:01:02 | elapsed=08:15:16 | ETA=11:29:35 | estimated_finish=2026-06-17 12:27:28
Epoch 419/1000 finished | train_loss=0.521277 | lr=0.000245368 | epoch_time=00:01:04 | elapsed=08:16:20 | ETA=11:28:15 | estimated_finish=2026-06-17 12:27:12
Epoch 420/1000 finished | train_loss=0.522414 | lr=0.000244988 | epoch_time=00:01:04 | elapsed=08:17:25 | ETA=11:26:55 | estimated_finish=2026-06-17 12:26:57
Quick validation epoch=420 | pseudo_dice=0.479307 | val_time=00:00:24
Epoch 421/1000 finished | train_loss=0.527022 | lr=0.000244608 | epoch_time=00:01:02 | elapsed=08:18:52 | ETA=11:26:05 | estimated_finish=2026-06-17 12:27:35
Epoch 422/1000 finished | train_loss=0.524924 | lr=0.000244228 | epoch_time=00:01:02 | elapsed=08:19:55 | ETA=11:24:44 | estimated_finish=2026-06-17 12:27:16
Epoch 423/1000 finished | train_loss=0.536910 | lr=0.000243847 | epoch_time=00:01:04 | elapsed=08:21:00 | ETA=11:23:24 | estimated_finish=2026-06-17 12:27:01
Epoch 424/1000 finished | train_loss=0.536984 | lr=0.000243467 | epoch_time=00:01:03 | elapsed=08:22:04 | ETA=11:22:03 | estimated_finish=2026-06-17 12:26:44
Epoch 425/1000 finished | train_loss=0.539343 | lr=0.000243087 | epoch_time=00:01:02 | elapsed=08:23:06 | ETA=11:20:41 | estimated_finish=2026-06-17 12:26:24
Quick validation epoch=425 | pseudo_dice=0.443181 | val_time=00:00:24
Epoch 426/1000 finished | train_loss=0.527401 | lr=0.000242706 | epoch_time=00:01:01 | elapsed=08:24:33 | ETA=11:19:50 | estimated_finish=2026-06-17 12:27:00
Epoch 427/1000 finished | train_loss=0.558488 | lr=0.000242326 | epoch_time=00:01:03 | elapsed=08:25:37 | ETA=11:18:30 | estimated_finish=2026-06-17 12:26:44
Epoch 428/1000 finished | train_loss=0.532058 | lr=0.000241945 | epoch_time=00:01:03 | elapsed=08:26:41 | ETA=11:17:09 | estimated_finish=2026-06-17 12:26:27
Epoch 429/1000 finished | train_loss=0.536166 | lr=0.000241564 | epoch_time=00:01:05 | elapsed=08:27:47 | ETA=11:15:52 | estimated_finish=2026-06-17 12:26:16
Epoch 430/1000 finished | train_loss=0.518305 | lr=0.000241183 | epoch_time=00:01:05 | elapsed=08:28:53 | ETA=11:14:35 | estimated_finish=2026-06-17 12:26:05
Quick validation epoch=430 | pseudo_dice=0.406242 | val_time=00:00:23
Epoch 431/1000 finished | train_loss=0.530181 | lr=0.000240803 | epoch_time=00:01:01 | elapsed=08:30:20 | ETA=11:13:44 | estimated_finish=2026-06-17 12:26:40
Epoch 432/1000 finished | train_loss=0.551586 | lr=0.000240422 | epoch_time=00:01:03 | elapsed=08:31:24 | ETA=11:12:23 | estimated_finish=2026-06-17 12:26:24
Epoch 433/1000 finished | train_loss=0.506590 | lr=0.000240041 | epoch_time=00:01:04 | elapsed=08:32:28 | ETA=11:11:04 | estimated_finish=2026-06-17 12:26:09
Epoch 434/1000 finished | train_loss=0.566437 | lr=0.00023966 | epoch_time=00:01:01 | elapsed=08:33:30 | ETA=11:09:41 | estimated_finish=2026-06-17 12:25:48
Epoch 435/1000 finished | train_loss=0.520582 | lr=0.000239278 | epoch_time=00:01:03 | elapsed=08:34:34 | ETA=11:08:21 | estimated_finish=2026-06-17 12:25:32
Quick validation epoch=435 | pseudo_dice=0.498793 | val_time=00:00:24
Epoch 436/1000 finished | train_loss=0.557831 | lr=0.000238897 | epoch_time=00:01:04 | elapsed=08:36:04 | ETA=11:07:34 | estimated_finish=2026-06-17 12:26:15
Epoch 437/1000 finished | train_loss=0.555414 | lr=0.000238516 | epoch_time=00:01:06 | elapsed=08:37:11 | ETA=11:06:18 | estimated_finish=2026-06-17 12:26:06
Epoch 438/1000 finished | train_loss=0.516070 | lr=0.000238135 | epoch_time=00:01:03 | elapsed=08:38:15 | ETA=11:04:58 | estimated_finish=2026-06-17 12:25:51
Epoch 439/1000 finished | train_loss=0.563006 | lr=0.000237753 | epoch_time=00:01:02 | elapsed=08:39:18 | ETA=11:03:37 | estimated_finish=2026-06-17 12:25:33
Epoch 440/1000 finished | train_loss=0.540015 | lr=0.000237372 | epoch_time=00:01:01 | elapsed=08:40:21 | ETA=11:02:15 | estimated_finish=2026-06-17 12:25:13
Quick validation epoch=440 | pseudo_dice=0.432297 | val_time=00:00:24
Epoch 441/1000 finished | train_loss=0.557754 | lr=0.00023699 | epoch_time=00:01:03 | elapsed=08:41:49 | ETA=11:01:26 | estimated_finish=2026-06-17 12:25:52
Epoch 442/1000 finished | train_loss=0.516258 | lr=0.000236609 | epoch_time=00:01:02 | elapsed=08:42:52 | ETA=11:00:05 | estimated_finish=2026-06-17 12:25:34
Epoch 443/1000 finished | train_loss=0.516192 | lr=0.000236227 | epoch_time=00:01:04 | elapsed=08:43:56 | ETA=10:58:46 | estimated_finish=2026-06-17 12:25:19
Epoch 444/1000 finished | train_loss=0.482127 | lr=0.000235845 | epoch_time=00:01:02 | elapsed=08:45:00 | ETA=10:57:26 | estimated_finish=2026-06-17 12:25:03
Epoch 445/1000 finished | train_loss=0.512885 | lr=0.000235464 | epoch_time=00:01:03 | elapsed=08:46:03 | ETA=10:56:06 | estimated_finish=2026-06-17 12:24:46
Quick validation epoch=445 | pseudo_dice=0.449174 | val_time=00:00:24
Epoch 446/1000 finished | train_loss=0.564041 | lr=0.000235082 | epoch_time=00:01:03 | elapsed=08:47:32 | ETA=10:55:17 | estimated_finish=2026-06-17 12:25:26
Epoch 447/1000 finished | train_loss=0.580864 | lr=0.0002347 | epoch_time=00:01:03 | elapsed=08:48:36 | ETA=10:53:57 | estimated_finish=2026-06-17 12:25:10
Epoch 448/1000 finished | train_loss=0.551932 | lr=0.000234318 | epoch_time=00:01:04 | elapsed=08:49:41 | ETA=10:52:39 | estimated_finish=2026-06-17 12:24:57
Epoch 449/1000 finished | train_loss=0.538855 | lr=0.000233936 | epoch_time=00:01:02 | elapsed=08:50:43 | ETA=10:51:17 | estimated_finish=2026-06-17 12:24:38
Epoch 450/1000 finished | train_loss=0.550793 | lr=0.000233554 | epoch_time=00:01:03 | elapsed=08:51:48 | ETA=10:49:58 | estimated_finish=2026-06-17 12:24:23
Quick validation epoch=450 | pseudo_dice=0.489023 | val_time=00:00:23
Epoch 451/1000 finished | train_loss=0.525548 | lr=0.000233171 | epoch_time=00:01:02 | elapsed=08:53:14 | ETA=10:49:07 | estimated_finish=2026-06-17 12:24:58
Epoch 452/1000 finished | train_loss=0.579623 | lr=0.000232789 | epoch_time=00:01:02 | elapsed=08:54:17 | ETA=10:47:46 | estimated_finish=2026-06-17 12:24:40
Epoch 453/1000 finished | train_loss=0.573292 | lr=0.000232407 | epoch_time=00:01:05 | elapsed=08:55:23 | ETA=10:46:28 | estimated_finish=2026-06-17 12:24:28
Epoch 454/1000 finished | train_loss=0.519175 | lr=0.000232024 | epoch_time=00:01:05 | elapsed=08:56:28 | ETA=10:45:11 | estimated_finish=2026-06-17 12:24:17
Epoch 455/1000 finished | train_loss=0.549383 | lr=0.000231642 | epoch_time=00:01:02 | elapsed=08:57:32 | ETA=10:43:51 | estimated_finish=2026-06-17 12:24:00
Quick validation epoch=455 | pseudo_dice=0.415781 | val_time=00:00:24
Epoch 456/1000 finished | train_loss=0.511976 | lr=0.000231259 | epoch_time=00:01:04 | elapsed=08:59:01 | ETA=10:43:02 | estimated_finish=2026-06-17 12:24:40
Epoch 457/1000 finished | train_loss=0.547771 | lr=0.000230877 | epoch_time=00:01:03 | elapsed=09:00:05 | ETA=10:41:43 | estimated_finish=2026-06-17 12:24:25
Epoch 458/1000 finished | train_loss=0.518574 | lr=0.000230494 | epoch_time=00:01:01 | elapsed=09:01:07 | ETA=10:40:22 | estimated_finish=2026-06-17 12:24:06
Epoch 459/1000 finished | train_loss=0.519371 | lr=0.000230111 | epoch_time=00:01:03 | elapsed=09:02:11 | ETA=10:39:02 | estimated_finish=2026-06-17 12:23:50
Epoch 460/1000 finished | train_loss=0.547405 | lr=0.000229728 | epoch_time=00:01:04 | elapsed=09:03:16 | ETA=10:37:45 | estimated_finish=2026-06-17 12:23:37
Quick validation epoch=460 | pseudo_dice=0.456605 | val_time=00:00:24
Epoch 461/1000 finished | train_loss=0.587416 | lr=0.000229345 | epoch_time=00:01:01 | elapsed=09:04:42 | ETA=10:36:52 | estimated_finish=2026-06-17 12:24:11
Epoch 462/1000 finished | train_loss=0.535095 | lr=0.000228962 | epoch_time=00:01:03 | elapsed=09:05:46 | ETA=10:35:33 | estimated_finish=2026-06-17 12:23:56
Epoch 463/1000 finished | train_loss=0.586132 | lr=0.000228579 | epoch_time=00:01:05 | elapsed=09:06:52 | ETA=10:34:16 | estimated_finish=2026-06-17 12:23:45
Epoch 464/1000 finished | train_loss=0.524824 | lr=0.000228196 | epoch_time=00:01:03 | elapsed=09:07:56 | ETA=10:32:57 | estimated_finish=2026-06-17 12:23:31
Epoch 465/1000 finished | train_loss=0.515240 | lr=0.000227813 | epoch_time=00:01:02 | elapsed=09:08:59 | ETA=10:31:37 | estimated_finish=2026-06-17 12:23:13
Quick validation epoch=465 | pseudo_dice=0.428754 | val_time=00:00:24
Epoch 466/1000 finished | train_loss=0.476149 | lr=0.00022743 | epoch_time=00:01:03 | elapsed=09:10:27 | ETA=10:30:46 | estimated_finish=2026-06-17 12:23:50
Epoch 467/1000 finished | train_loss=0.526476 | lr=0.000227046 | epoch_time=00:01:02 | elapsed=09:11:30 | ETA=10:29:26 | estimated_finish=2026-06-17 12:23:34
Epoch 468/1000 finished | train_loss=0.479031 | lr=0.000226663 | epoch_time=00:01:01 | elapsed=09:12:32 | ETA=10:28:06 | estimated_finish=2026-06-17 12:23:16
Epoch 469/1000 finished | train_loss=0.534359 | lr=0.000226279 | epoch_time=00:01:02 | elapsed=09:13:35 | ETA=10:26:46 | estimated_finish=2026-06-17 12:22:59
Epoch 470/1000 finished | train_loss=0.516383 | lr=0.000225896 | epoch_time=00:01:03 | elapsed=09:14:40 | ETA=10:25:28 | estimated_finish=2026-06-17 12:22:45
Quick validation epoch=470 | pseudo_dice=0.412639 | val_time=00:00:24
Epoch 471/1000 finished | train_loss=0.561488 | lr=0.000225512 | epoch_time=00:01:04 | elapsed=09:16:09 | ETA=10:24:38 | estimated_finish=2026-06-17 12:23:25
Epoch 472/1000 finished | train_loss=0.547585 | lr=0.000225129 | epoch_time=00:01:02 | elapsed=09:17:12 | ETA=10:23:19 | estimated_finish=2026-06-17 12:23:08
Epoch 473/1000 finished | train_loss=0.539004 | lr=0.000224745 | epoch_time=00:01:02 | elapsed=09:18:16 | ETA=10:22:00 | estimated_finish=2026-06-17 12:22:52
Epoch 474/1000 finished | train_loss=0.545339 | lr=0.000224361 | epoch_time=00:01:02 | elapsed=09:19:19 | ETA=10:20:40 | estimated_finish=2026-06-17 12:22:36
Epoch 475/1000 finished | train_loss=0.524529 | lr=0.000223977 | epoch_time=00:01:04 | elapsed=09:20:23 | ETA=10:19:23 | estimated_finish=2026-06-17 12:22:23
Quick validation epoch=475 | pseudo_dice=0.426494 | val_time=00:00:24
Epoch 476/1000 finished | train_loss=0.506462 | lr=0.000223593 | epoch_time=00:01:02 | elapsed=09:21:50 | ETA=10:18:30 | estimated_finish=2026-06-17 12:22:57
Epoch 477/1000 finished | train_loss=0.483209 | lr=0.000223209 | epoch_time=00:01:03 | elapsed=09:22:55 | ETA=10:17:12 | estimated_finish=2026-06-17 12:22:44
Epoch 478/1000 finished | train_loss=0.543729 | lr=0.000222825 | epoch_time=00:01:02 | elapsed=09:23:58 | ETA=10:15:53 | estimated_finish=2026-06-17 12:22:28
Epoch 479/1000 finished | train_loss=0.502044 | lr=0.000222441 | epoch_time=00:01:04 | elapsed=09:25:03 | ETA=10:14:36 | estimated_finish=2026-06-17 12:22:16
Epoch 480/1000 finished | train_loss=0.567721 | lr=0.000222056 | epoch_time=00:01:04 | elapsed=09:26:09 | ETA=10:13:19 | estimated_finish=2026-06-17 12:22:05
Quick validation epoch=480 | pseudo_dice=0.442416 | val_time=00:00:24
Epoch 481/1000 finished | train_loss=0.532377 | lr=0.000221672 | epoch_time=00:01:04 | elapsed=09:27:37 | ETA=10:12:28 | estimated_finish=2026-06-17 12:22:43
Epoch 482/1000 finished | train_loss=0.498044 | lr=0.000221287 | epoch_time=00:01:02 | elapsed=09:28:41 | ETA=10:11:09 | estimated_finish=2026-06-17 12:22:27
Epoch 483/1000 finished | train_loss=0.514067 | lr=0.000220903 | epoch_time=00:01:03 | elapsed=09:29:44 | ETA=10:09:51 | estimated_finish=2026-06-17 12:22:12
Epoch 484/1000 finished | train_loss=0.514014 | lr=0.000220518 | epoch_time=00:01:03 | elapsed=09:30:48 | ETA=10:08:32 | estimated_finish=2026-06-17 12:21:57
Epoch 485/1000 finished | train_loss=0.523422 | lr=0.000220134 | epoch_time=00:01:01 | elapsed=09:31:50 | ETA=10:07:12 | estimated_finish=2026-06-17 12:21:39
Quick validation epoch=485 | pseudo_dice=0.453662 | val_time=00:00:23
Epoch 486/1000 finished | train_loss=0.505292 | lr=0.000219749 | epoch_time=00:01:02 | elapsed=09:33:17 | ETA=10:06:18 | estimated_finish=2026-06-17 12:22:12
Epoch 487/1000 finished | train_loss=0.514713 | lr=0.000219364 | epoch_time=00:01:02 | elapsed=09:34:20 | ETA=10:04:59 | estimated_finish=2026-06-17 12:21:56
Epoch 488/1000 finished | train_loss=0.554316 | lr=0.000218979 | epoch_time=00:01:05 | elapsed=09:35:26 | ETA=10:03:44 | estimated_finish=2026-06-17 12:21:47
Epoch 489/1000 finished | train_loss=0.538450 | lr=0.000218594 | epoch_time=00:01:03 | elapsed=09:36:30 | ETA=10:02:26 | estimated_finish=2026-06-17 12:21:33
Epoch 490/1000 finished | train_loss=0.519508 | lr=0.000218209 | epoch_time=00:01:04 | elapsed=09:37:35 | ETA=10:01:09 | estimated_finish=2026-06-17 12:21:22
Quick validation epoch=490 | pseudo_dice=0.420137 | val_time=00:00:24
Epoch 491/1000 finished | train_loss=0.507016 | lr=0.000217824 | epoch_time=00:01:03 | elapsed=09:39:03 | ETA=10:00:16 | estimated_finish=2026-06-17 12:21:56
Epoch 492/1000 finished | train_loss=0.531333 | lr=0.000217439 | epoch_time=00:01:02 | elapsed=09:40:06 | ETA=09:58:57 | estimated_finish=2026-06-17 12:21:40
Epoch 493/1000 finished | train_loss=0.519240 | lr=0.000217054 | epoch_time=00:01:04 | elapsed=09:41:10 | ETA=09:57:41 | estimated_finish=2026-06-17 12:21:28
Epoch 494/1000 finished | train_loss=0.492854 | lr=0.000216668 | epoch_time=00:01:03 | elapsed=09:42:15 | ETA=09:56:23 | estimated_finish=2026-06-17 12:21:15
Epoch 495/1000 finished | train_loss=0.544591 | lr=0.000216283 | epoch_time=00:01:03 | elapsed=09:43:19 | ETA=09:55:06 | estimated_finish=2026-06-17 12:21:02
Quick validation epoch=495 | pseudo_dice=0.478942 | val_time=00:00:23
Epoch 496/1000 finished | train_loss=0.498373 | lr=0.000215897 | epoch_time=00:01:05 | elapsed=09:44:49 | ETA=09:54:15 | estimated_finish=2026-06-17 12:21:41
Epoch 497/1000 finished | train_loss=0.494781 | lr=0.000215512 | epoch_time=00:01:03 | elapsed=09:45:53 | ETA=09:52:58 | estimated_finish=2026-06-17 12:21:28
Epoch 498/1000 finished | train_loss=0.532380 | lr=0.000215126 | epoch_time=00:01:05 | elapsed=09:46:59 | ETA=09:51:42 | estimated_finish=2026-06-17 12:21:19
Epoch 499/1000 finished | train_loss=0.518433 | lr=0.00021474 | epoch_time=00:01:04 | elapsed=09:48:04 | ETA=09:50:25 | estimated_finish=2026-06-17 12:21:07
Epoch 500/1000 finished | train_loss=0.526042 | lr=0.000214355 | epoch_time=00:01:03 | elapsed=09:49:08 | ETA=09:49:08 | estimated_finish=2026-06-17 12:20:54
Quick validation epoch=500 | pseudo_dice=0.448488 | val_time=00:00:23
Full validation epoch=500 | mean_dice=0.261499 | val_time=00:03:56
New best full-validation model saved | dice=0.261499 | epoch=500
Epoch 501/1000 finished | train_loss=0.560552 | lr=0.000213969 | epoch_time=00:01:03 | elapsed=09:54:33 | ETA=09:52:10 | estimated_finish=2026-06-17 12:29:20
Epoch 502/1000 finished | train_loss=0.540077 | lr=0.000213583 | epoch_time=00:01:06 | elapsed=09:55:39 | ETA=09:50:55 | estimated_finish=2026-06-17 12:29:11
Epoch 503/1000 finished | train_loss=0.540974 | lr=0.000213197 | epoch_time=00:01:05 | elapsed=09:56:46 | ETA=09:49:39 | estimated_finish=2026-06-17 12:29:01
Epoch 504/1000 finished | train_loss=0.552666 | lr=0.000212811 | epoch_time=00:01:02 | elapsed=09:57:48 | ETA=09:48:19 | estimated_finish=2026-06-17 12:28:45
Epoch 505/1000 finished | train_loss=0.495196 | lr=0.000212425 | epoch_time=00:01:04 | elapsed=09:58:53 | ETA=09:47:01 | estimated_finish=2026-06-17 12:28:32
Quick validation epoch=505 | pseudo_dice=0.388384 | val_time=00:00:24
Epoch 506/1000 finished | train_loss=0.526825 | lr=0.000212038 | epoch_time=00:01:03 | elapsed=10:00:22 | ETA=09:46:07 | estimated_finish=2026-06-17 12:29:06
Epoch 507/1000 finished | train_loss=0.564117 | lr=0.000211652 | epoch_time=00:01:03 | elapsed=10:01:25 | ETA=09:44:49 | estimated_finish=2026-06-17 12:28:51
Epoch 508/1000 finished | train_loss=0.526872 | lr=0.000211266 | epoch_time=00:01:04 | elapsed=10:02:30 | ETA=09:43:31 | estimated_finish=2026-06-17 12:28:39
Epoch 509/1000 finished | train_loss=0.528668 | lr=0.000210879 | epoch_time=00:01:04 | elapsed=10:03:35 | ETA=09:42:14 | estimated_finish=2026-06-17 12:28:27
Epoch 510/1000 finished | train_loss=0.521132 | lr=0.000210492 | epoch_time=00:01:05 | elapsed=10:04:41 | ETA=09:40:58 | estimated_finish=2026-06-17 12:28:16
Quick validation epoch=510 | pseudo_dice=0.405297 | val_time=00:00:23
Epoch 511/1000 finished | train_loss=0.521308 | lr=0.000210106 | epoch_time=00:01:04 | elapsed=10:06:10 | ETA=09:40:04 | estimated_finish=2026-06-17 12:28:51
Epoch 512/1000 finished | train_loss=0.547520 | lr=0.000209719 | epoch_time=00:01:04 | elapsed=10:07:14 | ETA=09:38:47 | estimated_finish=2026-06-17 12:28:38
Epoch 513/1000 finished | train_loss=0.495865 | lr=0.000209332 | epoch_time=00:01:02 | elapsed=10:08:17 | ETA=09:37:27 | estimated_finish=2026-06-17 12:28:22
Epoch 514/1000 finished | train_loss=0.562355 | lr=0.000208945 | epoch_time=00:01:04 | elapsed=10:09:22 | ETA=09:36:10 | estimated_finish=2026-06-17 12:28:09
Epoch 515/1000 finished | train_loss=0.499868 | lr=0.000208558 | epoch_time=00:01:03 | elapsed=10:10:26 | ETA=09:34:52 | estimated_finish=2026-06-17 12:27:55
Quick validation epoch=515 | pseudo_dice=0.459389 | val_time=00:00:24
Epoch 516/1000 finished | train_loss=0.564535 | lr=0.000208171 | epoch_time=00:01:02 | elapsed=10:11:53 | ETA=09:33:56 | estimated_finish=2026-06-17 12:28:27
Epoch 517/1000 finished | train_loss=0.554787 | lr=0.000207784 | epoch_time=00:01:04 | elapsed=10:12:58 | ETA=09:32:39 | estimated_finish=2026-06-17 12:28:14
Epoch 518/1000 finished | train_loss=0.509684 | lr=0.000207397 | epoch_time=00:01:03 | elapsed=10:14:01 | ETA=09:31:21 | estimated_finish=2026-06-17 12:28:00
Epoch 519/1000 finished | train_loss=0.498065 | lr=0.00020701 | epoch_time=00:01:04 | elapsed=10:15:07 | ETA=09:30:04 | estimated_finish=2026-06-17 12:27:48
Epoch 520/1000 finished | train_loss=0.549329 | lr=0.000206622 | epoch_time=00:01:05 | elapsed=10:16:12 | ETA=09:28:48 | estimated_finish=2026-06-17 12:27:38
Quick validation epoch=520 | pseudo_dice=0.473236 | val_time=00:00:24
Epoch 521/1000 finished | train_loss=0.508591 | lr=0.000206235 | epoch_time=00:01:03 | elapsed=10:17:41 | ETA=09:27:53 | estimated_finish=2026-06-17 12:28:11
Epoch 522/1000 finished | train_loss=0.576118 | lr=0.000205847 | epoch_time=00:01:02 | elapsed=10:18:44 | ETA=09:26:35 | estimated_finish=2026-06-17 12:27:56
Epoch 523/1000 finished | train_loss=0.519743 | lr=0.00020546 | epoch_time=00:01:03 | elapsed=10:19:48 | ETA=09:25:17 | estimated_finish=2026-06-17 12:27:42
Epoch 524/1000 finished | train_loss=0.547654 | lr=0.000205072 | epoch_time=00:01:03 | elapsed=10:20:52 | ETA=09:23:59 | estimated_finish=2026-06-17 12:27:29
Epoch 525/1000 finished | train_loss=0.525712 | lr=0.000204684 | epoch_time=00:01:02 | elapsed=10:21:55 | ETA=09:22:41 | estimated_finish=2026-06-17 12:27:13
Quick validation epoch=525 | pseudo_dice=0.449461 | val_time=00:00:24
Epoch 526/1000 finished | train_loss=0.556540 | lr=0.000204296 | epoch_time=00:01:03 | elapsed=10:23:23 | ETA=09:21:45 | estimated_finish=2026-06-17 12:27:45
Epoch 527/1000 finished | train_loss=0.501937 | lr=0.000203908 | epoch_time=00:01:02 | elapsed=10:24:26 | ETA=09:20:27 | estimated_finish=2026-06-17 12:27:30
Epoch 528/1000 finished | train_loss=0.508707 | lr=0.00020352 | epoch_time=00:01:02 | elapsed=10:25:28 | ETA=09:19:08 | estimated_finish=2026-06-17 12:27:14
Epoch 529/1000 finished | train_loss=0.552399 | lr=0.000203132 | epoch_time=00:01:04 | elapsed=10:26:33 | ETA=09:17:51 | estimated_finish=2026-06-17 12:27:01
Epoch 530/1000 finished | train_loss=0.486847 | lr=0.000202744 | epoch_time=00:01:04 | elapsed=10:27:38 | ETA=09:16:35 | estimated_finish=2026-06-17 12:26:50
Quick validation epoch=530 | pseudo_dice=0.475283 | val_time=00:00:24
Epoch 531/1000 finished | train_loss=0.503619 | lr=0.000202356 | epoch_time=00:01:03 | elapsed=10:29:07 | ETA=09:15:40 | estimated_finish=2026-06-17 12:27:24
Epoch 532/1000 finished | train_loss=0.524455 | lr=0.000201967 | epoch_time=00:01:03 | elapsed=10:30:11 | ETA=09:14:22 | estimated_finish=2026-06-17 12:27:11
Epoch 533/1000 finished | train_loss=0.501006 | lr=0.000201579 | epoch_time=00:01:06 | elapsed=10:31:18 | ETA=09:13:08 | estimated_finish=2026-06-17 12:27:03
Epoch 534/1000 finished | train_loss=0.506297 | lr=0.00020119 | epoch_time=00:01:04 | elapsed=10:32:23 | ETA=09:11:51 | estimated_finish=2026-06-17 12:26:51
Epoch 535/1000 finished | train_loss=0.522126 | lr=0.000200802 | epoch_time=00:01:04 | elapsed=10:33:28 | ETA=09:10:35 | estimated_finish=2026-06-17 12:26:40
Quick validation epoch=535 | pseudo_dice=0.458885 | val_time=00:00:24
Epoch 536/1000 finished | train_loss=0.544046 | lr=0.000200413 | epoch_time=00:01:05 | elapsed=10:34:59 | ETA=09:09:41 | estimated_finish=2026-06-17 12:27:17
Epoch 537/1000 finished | train_loss=0.559443 | lr=0.000200024 | epoch_time=00:01:04 | elapsed=10:36:04 | ETA=09:08:25 | estimated_finish=2026-06-17 12:27:06
Epoch 538/1000 finished | train_loss=0.496417 | lr=0.000199635 | epoch_time=00:01:06 | elapsed=10:37:10 | ETA=09:07:10 | estimated_finish=2026-06-17 12:26:57
Epoch 539/1000 finished | train_loss=0.554588 | lr=0.000199247 | epoch_time=00:01:04 | elapsed=10:38:15 | ETA=09:05:53 | estimated_finish=2026-06-17 12:26:45
Epoch 540/1000 finished | train_loss=0.525632 | lr=0.000198858 | epoch_time=00:01:03 | elapsed=10:39:19 | ETA=09:04:36 | estimated_finish=2026-06-17 12:26:33
Quick validation epoch=540 | pseudo_dice=0.463081 | val_time=00:00:24
Epoch 541/1000 finished | train_loss=0.547918 | lr=0.000198468 | epoch_time=00:01:06 | elapsed=10:40:50 | ETA=09:03:42 | estimated_finish=2026-06-17 12:27:10
Epoch 542/1000 finished | train_loss=0.514929 | lr=0.000198079 | epoch_time=00:01:05 | elapsed=10:41:56 | ETA=09:02:27 | estimated_finish=2026-06-17 12:27:00
Epoch 543/1000 finished | train_loss=0.529516 | lr=0.00019769 | epoch_time=00:01:04 | elapsed=10:43:01 | ETA=09:01:11 | estimated_finish=2026-06-17 12:26:49
Epoch 544/1000 finished | train_loss=0.542303 | lr=0.000197301 | epoch_time=00:01:03 | elapsed=10:44:05 | ETA=08:59:53 | estimated_finish=2026-06-17 12:26:36
Epoch 545/1000 finished | train_loss=0.478278 | lr=0.000196911 | epoch_time=00:01:02 | elapsed=10:45:08 | ETA=08:58:36 | estimated_finish=2026-06-17 12:26:21
Quick validation epoch=545 | pseudo_dice=0.385896 | val_time=00:00:24
Epoch 546/1000 finished | train_loss=0.438432 | lr=0.000196522 | epoch_time=00:01:04 | elapsed=10:46:38 | ETA=08:57:40 | estimated_finish=2026-06-17 12:26:55
Epoch 547/1000 finished | train_loss=0.458826 | lr=0.000196132 | epoch_time=00:01:04 | elapsed=10:47:42 | ETA=08:56:24 | estimated_finish=2026-06-17 12:26:43
Epoch 548/1000 finished | train_loss=0.519725 | lr=0.000195742 | epoch_time=00:01:04 | elapsed=10:48:47 | ETA=08:55:08 | estimated_finish=2026-06-17 12:26:32
Epoch 549/1000 finished | train_loss=0.554694 | lr=0.000195352 | epoch_time=00:01:03 | elapsed=10:49:52 | ETA=08:53:51 | estimated_finish=2026-06-17 12:26:20
Epoch 550/1000 finished | train_loss=0.533661 | lr=0.000194963 | epoch_time=00:01:05 | elapsed=10:50:58 | ETA=08:52:36 | estimated_finish=2026-06-17 12:26:11
Quick validation epoch=550 | pseudo_dice=0.475727 | val_time=00:00:24
Epoch 551/1000 finished | train_loss=0.506856 | lr=0.000194573 | epoch_time=00:01:03 | elapsed=10:52:26 | ETA=08:51:39 | estimated_finish=2026-06-17 12:26:42
Epoch 552/1000 finished | train_loss=0.527832 | lr=0.000194183 | epoch_time=00:01:04 | elapsed=10:53:30 | ETA=08:50:23 | estimated_finish=2026-06-17 12:26:30
Epoch 553/1000 finished | train_loss=0.472721 | lr=0.000193792 | epoch_time=00:01:03 | elapsed=10:54:34 | ETA=08:49:06 | estimated_finish=2026-06-17 12:26:17
Epoch 554/1000 finished | train_loss=0.512507 | lr=0.000193402 | epoch_time=00:01:03 | elapsed=10:55:38 | ETA=08:47:49 | estimated_finish=2026-06-17 12:26:04
Epoch 555/1000 finished | train_loss=0.491005 | lr=0.000193012 | epoch_time=00:01:03 | elapsed=10:56:42 | ETA=08:46:32 | estimated_finish=2026-06-17 12:25:51
Quick validation epoch=555 | pseudo_dice=0.498675 | val_time=00:00:24
Epoch 556/1000 finished | train_loss=0.515791 | lr=0.000192621 | epoch_time=00:01:04 | elapsed=10:58:11 | ETA=08:45:36 | estimated_finish=2026-06-17 12:26:24
Epoch 557/1000 finished | train_loss=0.489166 | lr=0.000192231 | epoch_time=00:01:05 | elapsed=10:59:17 | ETA=08:44:21 | estimated_finish=2026-06-17 12:26:15
Epoch 558/1000 finished | train_loss=0.488870 | lr=0.00019184 | epoch_time=00:01:03 | elapsed=11:00:22 | ETA=08:43:05 | estimated_finish=2026-06-17 12:26:04
Epoch 559/1000 finished | train_loss=0.543399 | lr=0.00019145 | epoch_time=00:01:06 | elapsed=11:01:29 | ETA=08:41:51 | estimated_finish=2026-06-17 12:25:56
Epoch 560/1000 finished | train_loss=0.526060 | lr=0.000191059 | epoch_time=00:01:04 | elapsed=11:02:33 | ETA=08:40:34 | estimated_finish=2026-06-17 12:25:45
Quick validation epoch=560 | pseudo_dice=0.498322 | val_time=00:00:24
Epoch 561/1000 finished | train_loss=0.513228 | lr=0.000190668 | epoch_time=00:01:04 | elapsed=11:04:02 | ETA=08:39:38 | estimated_finish=2026-06-17 12:26:18
Epoch 562/1000 finished | train_loss=0.563897 | lr=0.000190277 | epoch_time=00:01:02 | elapsed=11:05:06 | ETA=08:38:21 | estimated_finish=2026-06-17 12:26:04
Epoch 563/1000 finished | train_loss=0.512959 | lr=0.000189886 | epoch_time=00:01:03 | elapsed=11:06:10 | ETA=08:37:05 | estimated_finish=2026-06-17 12:25:52
Epoch 564/1000 finished | train_loss=0.530665 | lr=0.000189495 | epoch_time=00:01:04 | elapsed=11:07:15 | ETA=08:35:49 | estimated_finish=2026-06-17 12:25:41
Epoch 565/1000 finished | train_loss=0.549351 | lr=0.000189104 | epoch_time=00:01:05 | elapsed=11:08:21 | ETA=08:34:34 | estimated_finish=2026-06-17 12:25:32
Quick validation epoch=565 | pseudo_dice=0.420462 | val_time=00:00:24
Epoch 566/1000 finished | train_loss=0.513445 | lr=0.000188713 | epoch_time=00:01:05 | elapsed=11:09:50 | ETA=08:33:37 | estimated_finish=2026-06-17 12:26:05
Epoch 567/1000 finished | train_loss=0.522526 | lr=0.000188321 | epoch_time=00:01:05 | elapsed=11:10:57 | ETA=08:32:23 | estimated_finish=2026-06-17 12:25:57
Epoch 568/1000 finished | train_loss=0.519405 | lr=0.00018793 | epoch_time=00:01:02 | elapsed=11:12:00 | ETA=08:31:06 | estimated_finish=2026-06-17 12:25:43
Epoch 569/1000 finished | train_loss=0.541735 | lr=0.000187538 | epoch_time=00:01:03 | elapsed=11:13:04 | ETA=08:29:49 | estimated_finish=2026-06-17 12:25:30
Epoch 570/1000 finished | train_loss=0.474408 | lr=0.000187146 | epoch_time=00:01:05 | elapsed=11:14:09 | ETA=08:28:34 | estimated_finish=2026-06-17 12:25:21
Quick validation epoch=570 | pseudo_dice=0.470873 | val_time=00:00:24
Epoch 571/1000 finished | train_loss=0.537142 | lr=0.000186755 | epoch_time=00:01:04 | elapsed=11:15:39 | ETA=08:27:37 | estimated_finish=2026-06-17 12:25:54
Epoch 572/1000 finished | train_loss=0.539101 | lr=0.000186363 | epoch_time=00:01:04 | elapsed=11:16:44 | ETA=08:26:22 | estimated_finish=2026-06-17 12:25:43
Epoch 573/1000 finished | train_loss=0.506889 | lr=0.000185971 | epoch_time=00:01:03 | elapsed=11:17:48 | ETA=08:25:06 | estimated_finish=2026-06-17 12:25:31
Epoch 574/1000 finished | train_loss=0.518650 | lr=0.000185579 | epoch_time=00:01:04 | elapsed=11:18:53 | ETA=08:23:50 | estimated_finish=2026-06-17 12:25:20
Epoch 575/1000 finished | train_loss=0.491841 | lr=0.000185187 | epoch_time=00:01:03 | elapsed=11:19:57 | ETA=08:22:34 | estimated_finish=2026-06-17 12:25:09
Quick validation epoch=575 | pseudo_dice=0.431703 | val_time=00:00:24
Epoch 576/1000 finished | train_loss=0.502971 | lr=0.000184795 | epoch_time=00:01:04 | elapsed=11:21:26 | ETA=08:21:37 | estimated_finish=2026-06-17 12:25:40
Epoch 577/1000 finished | train_loss=0.541874 | lr=0.000184402 | epoch_time=00:01:04 | elapsed=11:22:31 | ETA=08:20:21 | estimated_finish=2026-06-17 12:25:29
Epoch 578/1000 finished | train_loss=0.530273 | lr=0.00018401 | epoch_time=00:01:04 | elapsed=11:23:35 | ETA=08:19:05 | estimated_finish=2026-06-17 12:25:18
Epoch 579/1000 finished | train_loss=0.545683 | lr=0.000183617 | epoch_time=00:01:03 | elapsed=11:24:39 | ETA=08:17:49 | estimated_finish=2026-06-17 12:25:06
Epoch 580/1000 finished | train_loss=0.509417 | lr=0.000183225 | epoch_time=00:01:03 | elapsed=11:25:43 | ETA=08:16:33 | estimated_finish=2026-06-17 12:24:54
Quick validation epoch=580 | pseudo_dice=0.487492 | val_time=00:00:24
Epoch 581/1000 finished | train_loss=0.494229 | lr=0.000182832 | epoch_time=00:01:02 | elapsed=11:27:11 | ETA=08:15:34 | estimated_finish=2026-06-17 12:25:22
Epoch 582/1000 finished | train_loss=0.462530 | lr=0.000182439 | epoch_time=00:01:02 | elapsed=11:28:14 | ETA=08:14:18 | estimated_finish=2026-06-17 12:25:09
Epoch 583/1000 finished | train_loss=0.514869 | lr=0.000182047 | epoch_time=00:01:04 | elapsed=11:29:19 | ETA=08:13:02 | estimated_finish=2026-06-17 12:24:58
Epoch 584/1000 finished | train_loss=0.513628 | lr=0.000181654 | epoch_time=00:01:04 | elapsed=11:30:24 | ETA=08:11:47 | estimated_finish=2026-06-17 12:24:48
Epoch 585/1000 finished | train_loss=0.491279 | lr=0.000181261 | epoch_time=00:01:04 | elapsed=11:31:28 | ETA=08:10:32 | estimated_finish=2026-06-17 12:24:37
Quick validation epoch=585 | pseudo_dice=0.433273 | val_time=00:00:24
Epoch 586/1000 finished | train_loss=0.497219 | lr=0.000180867 | epoch_time=00:01:03 | elapsed=11:32:57 | ETA=08:09:33 | estimated_finish=2026-06-17 12:25:07
Epoch 587/1000 finished | train_loss=0.491968 | lr=0.000180474 | epoch_time=00:01:04 | elapsed=11:34:02 | ETA=08:08:18 | estimated_finish=2026-06-17 12:24:58
Epoch 588/1000 finished | train_loss=0.536155 | lr=0.000180081 | epoch_time=00:01:06 | elapsed=11:35:09 | ETA=08:07:05 | estimated_finish=2026-06-17 12:24:51
Epoch 589/1000 finished | train_loss=0.538925 | lr=0.000179687 | epoch_time=00:01:05 | elapsed=11:36:15 | ETA=08:05:50 | estimated_finish=2026-06-17 12:24:43
Epoch 590/1000 finished | train_loss=0.509147 | lr=0.000179294 | epoch_time=00:01:05 | elapsed=11:37:21 | ETA=08:04:36 | estimated_finish=2026-06-17 12:24:35
Quick validation epoch=590 | pseudo_dice=0.376008 | val_time=00:00:24
Epoch 591/1000 finished | train_loss=0.506853 | lr=0.0001789 | epoch_time=00:01:04 | elapsed=11:38:50 | ETA=08:03:38 | estimated_finish=2026-06-17 12:25:05
Epoch 592/1000 finished | train_loss=0.525329 | lr=0.000178507 | epoch_time=00:01:02 | elapsed=11:39:53 | ETA=08:02:21 | estimated_finish=2026-06-17 12:24:52
Epoch 593/1000 finished | train_loss=0.524515 | lr=0.000178113 | epoch_time=00:01:03 | elapsed=11:40:57 | ETA=08:01:05 | estimated_finish=2026-06-17 12:24:39
Epoch 594/1000 finished | train_loss=0.505809 | lr=0.000177719 | epoch_time=00:01:05 | elapsed=11:42:03 | ETA=07:59:51 | estimated_finish=2026-06-17 12:24:31
Epoch 595/1000 finished | train_loss=0.482363 | lr=0.000177325 | epoch_time=00:01:04 | elapsed=11:43:08 | ETA=07:58:36 | estimated_finish=2026-06-17 12:24:21
Quick validation epoch=595 | pseudo_dice=0.423994 | val_time=00:00:24
Epoch 596/1000 finished | train_loss=0.525014 | lr=0.000176931 | epoch_time=00:01:02 | elapsed=11:44:35 | ETA=07:57:36 | estimated_finish=2026-06-17 12:24:48
Epoch 597/1000 finished | train_loss=0.498812 | lr=0.000176537 | epoch_time=00:01:03 | elapsed=11:45:39 | ETA=07:56:21 | estimated_finish=2026-06-17 12:24:37
Epoch 598/1000 finished | train_loss=0.536082 | lr=0.000176142 | epoch_time=00:01:04 | elapsed=11:46:45 | ETA=07:55:06 | estimated_finish=2026-06-17 12:24:28
Epoch 599/1000 finished | train_loss=0.501166 | lr=0.000175748 | epoch_time=00:01:03 | elapsed=11:47:49 | ETA=07:53:50 | estimated_finish=2026-06-17 12:24:16
Epoch 600/1000 finished | train_loss=0.501150 | lr=0.000175353 | epoch_time=00:01:04 | elapsed=11:48:53 | ETA=07:52:35 | estimated_finish=2026-06-17 12:24:06
Quick validation epoch=600 | pseudo_dice=0.382664 | val_time=00:00:24
Full validation epoch=600 | mean_dice=0.270113 | val_time=00:03:56
New best full-validation model saved | dice=0.270113 | epoch=600
Epoch 601/1000 finished | train_loss=0.544902 | lr=0.000174959 | epoch_time=00:01:03 | elapsed=11:54:18 | ETA=07:54:13 | estimated_finish=2026-06-17 12:31:08
Epoch 602/1000 finished | train_loss=0.503018 | lr=0.000174564 | epoch_time=00:01:06 | elapsed=11:55:25 | ETA=07:52:59 | estimated_finish=2026-06-17 12:31:00
Epoch 603/1000 finished | train_loss=0.520314 | lr=0.000174169 | epoch_time=00:01:04 | elapsed=11:56:29 | ETA=07:51:43 | estimated_finish=2026-06-17 12:30:49
Epoch 604/1000 finished | train_loss=0.479533 | lr=0.000173774 | epoch_time=00:01:02 | elapsed=11:57:33 | ETA=07:50:26 | estimated_finish=2026-06-17 12:30:36
Epoch 605/1000 finished | train_loss=0.545855 | lr=0.000173379 | epoch_time=00:01:04 | elapsed=11:58:37 | ETA=07:49:11 | estimated_finish=2026-06-17 12:30:25
Quick validation epoch=605 | pseudo_dice=0.423568 | val_time=00:00:24
Epoch 606/1000 finished | train_loss=0.570182 | lr=0.000172984 | epoch_time=00:01:03 | elapsed=12:00:05 | ETA=07:48:10 | estimated_finish=2026-06-17 12:30:53
Epoch 607/1000 finished | train_loss=0.457460 | lr=0.000172589 | epoch_time=00:01:03 | elapsed=12:01:09 | ETA=07:46:54 | estimated_finish=2026-06-17 12:30:41
Epoch 608/1000 finished | train_loss=0.498170 | lr=0.000172194 | epoch_time=00:01:03 | elapsed=12:02:13 | ETA=07:45:38 | estimated_finish=2026-06-17 12:30:29
Epoch 609/1000 finished | train_loss=0.489579 | lr=0.000171798 | epoch_time=00:01:03 | elapsed=12:03:17 | ETA=07:44:23 | estimated_finish=2026-06-17 12:30:17
Epoch 610/1000 finished | train_loss=0.491672 | lr=0.000171403 | epoch_time=00:01:02 | elapsed=12:04:21 | ETA=07:43:06 | estimated_finish=2026-06-17 12:30:04
Quick validation epoch=610 | pseudo_dice=0.328162 | val_time=00:00:24
Epoch 611/1000 finished | train_loss=0.506600 | lr=0.000171007 | epoch_time=00:01:03 | elapsed=12:05:49 | ETA=07:42:06 | estimated_finish=2026-06-17 12:30:32
Epoch 612/1000 finished | train_loss=0.538981 | lr=0.000170612 | epoch_time=00:01:02 | elapsed=12:06:53 | ETA=07:40:50 | estimated_finish=2026-06-17 12:30:19
Epoch 613/1000 finished | train_loss=0.519291 | lr=0.000170216 | epoch_time=00:01:04 | elapsed=12:07:58 | ETA=07:39:35 | estimated_finish=2026-06-17 12:30:10
Epoch 614/1000 finished | train_loss=0.505989 | lr=0.00016982 | epoch_time=00:01:03 | elapsed=12:09:02 | ETA=07:38:19 | estimated_finish=2026-06-17 12:29:58
Epoch 615/1000 finished | train_loss=0.533582 | lr=0.000169424 | epoch_time=00:01:03 | elapsed=12:10:07 | ETA=07:37:03 | estimated_finish=2026-06-17 12:29:47
Quick validation epoch=615 | pseudo_dice=0.382420 | val_time=00:00:24
Epoch 616/1000 finished | train_loss=0.490461 | lr=0.000169028 | epoch_time=00:01:02 | elapsed=12:11:34 | ETA=07:36:02 | estimated_finish=2026-06-17 12:30:13
Epoch 617/1000 finished | train_loss=0.481196 | lr=0.000168632 | epoch_time=00:01:03 | elapsed=12:12:38 | ETA=07:34:46 | estimated_finish=2026-06-17 12:30:01
Epoch 618/1000 finished | train_loss=0.543015 | lr=0.000168235 | epoch_time=00:01:02 | elapsed=12:13:41 | ETA=07:33:30 | estimated_finish=2026-06-17 12:29:48
Epoch 619/1000 finished | train_loss=0.479793 | lr=0.000167839 | epoch_time=00:01:03 | elapsed=12:14:44 | ETA=07:32:14 | estimated_finish=2026-06-17 12:29:36
Epoch 620/1000 finished | train_loss=0.519077 | lr=0.000167442 | epoch_time=00:01:03 | elapsed=12:15:48 | ETA=07:30:58 | estimated_finish=2026-06-17 12:29:24
Quick validation epoch=620 | pseudo_dice=0.431985 | val_time=00:00:24
Epoch 621/1000 finished | train_loss=0.494482 | lr=0.000167046 | epoch_time=00:01:03 | elapsed=12:17:16 | ETA=07:29:57 | estimated_finish=2026-06-17 12:29:51
Epoch 622/1000 finished | train_loss=0.498064 | lr=0.000166649 | epoch_time=00:01:02 | elapsed=12:18:20 | ETA=07:28:41 | estimated_finish=2026-06-17 12:29:38
Epoch 623/1000 finished | train_loss=0.495187 | lr=0.000166252 | epoch_time=00:01:03 | elapsed=12:19:24 | ETA=07:27:26 | estimated_finish=2026-06-17 12:29:27
Epoch 624/1000 finished | train_loss=0.549775 | lr=0.000165855 | epoch_time=00:01:04 | elapsed=12:20:29 | ETA=07:26:11 | estimated_finish=2026-06-17 12:29:17
Epoch 625/1000 finished | train_loss=0.499968 | lr=0.000165458 | epoch_time=00:01:04 | elapsed=12:21:34 | ETA=07:24:56 | estimated_finish=2026-06-17 12:29:07
Quick validation epoch=625 | pseudo_dice=0.430473 | val_time=00:00:24
Epoch 626/1000 finished | train_loss=0.535420 | lr=0.000165061 | epoch_time=00:01:03 | elapsed=12:23:02 | ETA=07:23:55 | estimated_finish=2026-06-17 12:29:34
Epoch 627/1000 finished | train_loss=0.482673 | lr=0.000164664 | epoch_time=00:01:02 | elapsed=12:24:05 | ETA=07:22:39 | estimated_finish=2026-06-17 12:29:21
Epoch 628/1000 finished | train_loss=0.488625 | lr=0.000164266 | epoch_time=00:01:03 | elapsed=12:25:09 | ETA=07:21:23 | estimated_finish=2026-06-17 12:29:10
Epoch 629/1000 finished | train_loss=0.515454 | lr=0.000163869 | epoch_time=00:01:04 | elapsed=12:26:14 | ETA=07:20:09 | estimated_finish=2026-06-17 12:29:00
Epoch 630/1000 finished | train_loss=0.534101 | lr=0.000163471 | epoch_time=00:01:03 | elapsed=12:27:18 | ETA=07:18:53 | estimated_finish=2026-06-17 12:28:48
Quick validation epoch=630 | pseudo_dice=0.446687 | val_time=00:00:24
Epoch 631/1000 finished | train_loss=0.484840 | lr=0.000163074 | epoch_time=00:01:04 | elapsed=12:28:47 | ETA=07:17:52 | estimated_finish=2026-06-17 12:29:16
Epoch 632/1000 finished | train_loss=0.543090 | lr=0.000162676 | epoch_time=00:01:03 | elapsed=12:29:51 | ETA=07:16:37 | estimated_finish=2026-06-17 12:29:05
Epoch 633/1000 finished | train_loss=0.475327 | lr=0.000162278 | epoch_time=00:01:05 | elapsed=12:30:56 | ETA=07:15:22 | estimated_finish=2026-06-17 12:28:56
Epoch 634/1000 finished | train_loss=0.466195 | lr=0.00016188 | epoch_time=00:01:04 | elapsed=12:32:01 | ETA=07:14:08 | estimated_finish=2026-06-17 12:28:46
Epoch 635/1000 finished | train_loss=0.497962 | lr=0.000161482 | epoch_time=00:01:02 | elapsed=12:33:04 | ETA=07:12:52 | estimated_finish=2026-06-17 12:28:34
Quick validation epoch=635 | pseudo_dice=0.454555 | val_time=00:00:24
Epoch 636/1000 finished | train_loss=0.513644 | lr=0.000161084 | epoch_time=00:01:03 | elapsed=12:34:32 | ETA=07:11:50 | estimated_finish=2026-06-17 12:29:00
Epoch 637/1000 finished | train_loss=0.481303 | lr=0.000160685 | epoch_time=00:01:02 | elapsed=12:35:35 | ETA=07:10:34 | estimated_finish=2026-06-17 12:28:46
Epoch 638/1000 finished | train_loss=0.532310 | lr=0.000160287 | epoch_time=00:01:02 | elapsed=12:36:38 | ETA=07:09:18 | estimated_finish=2026-06-17 12:28:33
Epoch 639/1000 finished | train_loss=0.503094 | lr=0.000159888 | epoch_time=00:01:05 | elapsed=12:37:43 | ETA=07:08:04 | estimated_finish=2026-06-17 12:28:25
Epoch 640/1000 finished | train_loss=0.538397 | lr=0.00015949 | epoch_time=00:01:02 | elapsed=12:38:46 | ETA=07:06:48 | estimated_finish=2026-06-17 12:28:12
Quick validation epoch=640 | pseudo_dice=0.381011 | val_time=00:00:24
Epoch 641/1000 finished | train_loss=0.521338 | lr=0.000159091 | epoch_time=00:01:04 | elapsed=12:40:15 | ETA=07:05:47 | estimated_finish=2026-06-17 12:28:40
Epoch 642/1000 finished | train_loss=0.528208 | lr=0.000158692 | epoch_time=00:01:02 | elapsed=12:41:18 | ETA=07:04:31 | estimated_finish=2026-06-17 12:28:27
Epoch 643/1000 finished | train_loss=0.522689 | lr=0.000158293 | epoch_time=00:01:03 | elapsed=12:42:22 | ETA=07:03:16 | estimated_finish=2026-06-17 12:28:16
Epoch 644/1000 finished | train_loss=0.560588 | lr=0.000157894 | epoch_time=00:01:03 | elapsed=12:43:26 | ETA=07:02:01 | estimated_finish=2026-06-17 12:28:04
Epoch 645/1000 finished | train_loss=0.534732 | lr=0.000157495 | epoch_time=00:01:03 | elapsed=12:44:30 | ETA=07:00:46 | estimated_finish=2026-06-17 12:27:53
Quick validation epoch=645 | pseudo_dice=0.417424 | val_time=00:00:24
Epoch 646/1000 finished | train_loss=0.489089 | lr=0.000157095 | epoch_time=00:01:02 | elapsed=12:45:57 | ETA=06:59:44 | estimated_finish=2026-06-17 12:28:18
Epoch 647/1000 finished | train_loss=0.502990 | lr=0.000156696 | epoch_time=00:01:04 | elapsed=12:47:02 | ETA=06:58:29 | estimated_finish=2026-06-17 12:28:08
Epoch 648/1000 finished | train_loss=0.495703 | lr=0.000156296 | epoch_time=00:01:02 | elapsed=12:48:05 | ETA=06:57:14 | estimated_finish=2026-06-17 12:27:56
Epoch 649/1000 finished | train_loss=0.493090 | lr=0.000155897 | epoch_time=00:01:04 | elapsed=12:49:10 | ETA=06:55:59 | estimated_finish=2026-06-17 12:27:47
Epoch 650/1000 finished | train_loss=0.528466 | lr=0.000155497 | epoch_time=00:01:02 | elapsed=12:50:13 | ETA=06:54:44 | estimated_finish=2026-06-17 12:27:34
Quick validation epoch=650 | pseudo_dice=0.441295 | val_time=00:00:24
Epoch 651/1000 finished | train_loss=0.481215 | lr=0.000155097 | epoch_time=00:01:03 | elapsed=12:51:41 | ETA=06:53:42 | estimated_finish=2026-06-17 12:28:00
Epoch 652/1000 finished | train_loss=0.451168 | lr=0.000154697 | epoch_time=00:01:05 | elapsed=12:52:47 | ETA=06:52:28 | estimated_finish=2026-06-17 12:27:52
Epoch 653/1000 finished | train_loss=0.488842 | lr=0.000154297 | epoch_time=00:01:04 | elapsed=12:53:51 | ETA=06:51:13 | estimated_finish=2026-06-17 12:27:42
Epoch 654/1000 finished | train_loss=0.499444 | lr=0.000153896 | epoch_time=00:01:03 | elapsed=12:54:56 | ETA=06:49:58 | estimated_finish=2026-06-17 12:27:31
Epoch 655/1000 finished | train_loss=0.466967 | lr=0.000153496 | epoch_time=00:01:02 | elapsed=12:55:59 | ETA=06:48:43 | estimated_finish=2026-06-17 12:27:19
Quick validation epoch=655 | pseudo_dice=0.406344 | val_time=00:00:23
Epoch 656/1000 finished | train_loss=0.487686 | lr=0.000153096 | epoch_time=00:01:03 | elapsed=12:57:27 | ETA=06:47:41 | estimated_finish=2026-06-17 12:27:45
Epoch 657/1000 finished | train_loss=0.506048 | lr=0.000152695 | epoch_time=00:01:02 | elapsed=12:58:30 | ETA=06:46:26 | estimated_finish=2026-06-17 12:27:33
Epoch 658/1000 finished | train_loss=0.527288 | lr=0.000152294 | epoch_time=00:01:05 | elapsed=12:59:36 | ETA=06:45:12 | estimated_finish=2026-06-17 12:27:25
Epoch 659/1000 finished | train_loss=0.471294 | lr=0.000151893 | epoch_time=00:01:03 | elapsed=13:00:39 | ETA=06:43:57 | estimated_finish=2026-06-17 12:27:13
Epoch 660/1000 finished | train_loss=0.451449 | lr=0.000151492 | epoch_time=00:01:04 | elapsed=13:01:44 | ETA=06:42:43 | estimated_finish=2026-06-17 12:27:04
Quick validation epoch=660 | pseudo_dice=0.446112 | val_time=00:00:24
Epoch 661/1000 finished | train_loss=0.474143 | lr=0.000151091 | epoch_time=00:01:05 | elapsed=13:03:14 | ETA=06:41:41 | estimated_finish=2026-06-17 12:27:33
Epoch 662/1000 finished | train_loss=0.530004 | lr=0.00015069 | epoch_time=00:01:05 | elapsed=13:04:20 | ETA=06:40:27 | estimated_finish=2026-06-17 12:27:25
Epoch 663/1000 finished | train_loss=0.468051 | lr=0.000150289 | epoch_time=00:01:03 | elapsed=13:05:24 | ETA=06:39:13 | estimated_finish=2026-06-17 12:27:14
Epoch 664/1000 finished | train_loss=0.537549 | lr=0.000149887 | epoch_time=00:01:04 | elapsed=13:06:29 | ETA=06:37:58 | estimated_finish=2026-06-17 12:27:04
Epoch 665/1000 finished | train_loss=0.529241 | lr=0.000149486 | epoch_time=00:01:03 | elapsed=13:07:33 | ETA=06:36:44 | estimated_finish=2026-06-17 12:26:54
Quick validation epoch=665 | pseudo_dice=0.426111 | val_time=00:00:24
Epoch 666/1000 finished | train_loss=0.538100 | lr=0.000149084 | epoch_time=00:01:03 | elapsed=13:09:01 | ETA=06:35:41 | estimated_finish=2026-06-17 12:27:20
Epoch 667/1000 finished | train_loss=0.560201 | lr=0.000148682 | epoch_time=00:01:03 | elapsed=13:10:05 | ETA=06:34:27 | estimated_finish=2026-06-17 12:27:09
Epoch 668/1000 finished | train_loss=0.511681 | lr=0.000148281 | epoch_time=00:01:03 | elapsed=13:11:10 | ETA=06:33:12 | estimated_finish=2026-06-17 12:26:59
Epoch 669/1000 finished | train_loss=0.502116 | lr=0.000147879 | epoch_time=00:01:03 | elapsed=13:12:14 | ETA=06:31:58 | estimated_finish=2026-06-17 12:26:49
Epoch 670/1000 finished | train_loss=0.521289 | lr=0.000147476 | epoch_time=00:01:03 | elapsed=13:13:18 | ETA=06:30:43 | estimated_finish=2026-06-17 12:26:39
Quick validation epoch=670 | pseudo_dice=0.460672 | val_time=00:00:24
Epoch 671/1000 finished | train_loss=0.517279 | lr=0.000147074 | epoch_time=00:01:02 | elapsed=13:14:45 | ETA=06:29:40 | estimated_finish=2026-06-17 12:27:03
Epoch 672/1000 finished | train_loss=0.516858 | lr=0.000146672 | epoch_time=00:01:03 | elapsed=13:15:50 | ETA=06:28:26 | estimated_finish=2026-06-17 12:26:53
Epoch 673/1000 finished | train_loss=0.507518 | lr=0.000146269 | epoch_time=00:01:03 | elapsed=13:16:53 | ETA=06:27:11 | estimated_finish=2026-06-17 12:26:42
Epoch 674/1000 finished | train_loss=0.530283 | lr=0.000145867 | epoch_time=00:01:03 | elapsed=13:17:57 | ETA=06:25:57 | estimated_finish=2026-06-17 12:26:32
Epoch 675/1000 finished | train_loss=0.519922 | lr=0.000145464 | epoch_time=00:01:02 | elapsed=13:19:00 | ETA=06:24:42 | estimated_finish=2026-06-17 12:26:19
Quick validation epoch=675 | pseudo_dice=0.452290 | val_time=00:00:23
Epoch 676/1000 finished | train_loss=0.515511 | lr=0.000145061 | epoch_time=00:01:03 | elapsed=13:20:28 | ETA=06:23:39 | estimated_finish=2026-06-17 12:26:44
Epoch 677/1000 finished | train_loss=0.493751 | lr=0.000144658 | epoch_time=00:01:02 | elapsed=13:21:31 | ETA=06:22:24 | estimated_finish=2026-06-17 12:26:33
Epoch 678/1000 finished | train_loss=0.502357 | lr=0.000144255 | epoch_time=00:01:04 | elapsed=13:22:36 | ETA=06:21:10 | estimated_finish=2026-06-17 12:26:23
Epoch 679/1000 finished | train_loss=0.470903 | lr=0.000143852 | epoch_time=00:01:03 | elapsed=13:23:40 | ETA=06:19:56 | estimated_finish=2026-06-17 12:26:13
Epoch 680/1000 finished | train_loss=0.523070 | lr=0.000143448 | epoch_time=00:01:03 | elapsed=13:24:44 | ETA=06:18:42 | estimated_finish=2026-06-17 12:26:03
Quick validation epoch=680 | pseudo_dice=0.394185 | val_time=00:00:24
Epoch 681/1000 finished | train_loss=0.537239 | lr=0.000143045 | epoch_time=00:01:04 | elapsed=13:26:13 | ETA=06:17:39 | estimated_finish=2026-06-17 12:26:30
Epoch 682/1000 finished | train_loss=0.513627 | lr=0.000142641 | epoch_time=00:01:05 | elapsed=13:27:20 | ETA=06:16:26 | estimated_finish=2026-06-17 12:26:23
Epoch 683/1000 finished | train_loss=0.511046 | lr=0.000142237 | epoch_time=00:01:03 | elapsed=13:28:24 | ETA=06:15:12 | estimated_finish=2026-06-17 12:26:13
Epoch 684/1000 finished | train_loss=0.523081 | lr=0.000141833 | epoch_time=00:01:03 | elapsed=13:29:28 | ETA=06:13:57 | estimated_finish=2026-06-17 12:26:02
Epoch 685/1000 finished | train_loss=0.517128 | lr=0.000141429 | epoch_time=00:01:02 | elapsed=13:30:31 | ETA=06:12:43 | estimated_finish=2026-06-17 12:25:51
Quick validation epoch=685 | pseudo_dice=0.415731 | val_time=00:00:24
Epoch 686/1000 finished | train_loss=0.453137 | lr=0.000141025 | epoch_time=00:01:02 | elapsed=13:31:59 | ETA=06:11:39 | estimated_finish=2026-06-17 12:26:15
Epoch 687/1000 finished | train_loss=0.489905 | lr=0.000140621 | epoch_time=00:01:02 | elapsed=13:33:01 | ETA=06:10:25 | estimated_finish=2026-06-17 12:26:03
Epoch 688/1000 finished | train_loss=0.519262 | lr=0.000140217 | epoch_time=00:01:03 | elapsed=13:34:05 | ETA=06:09:10 | estimated_finish=2026-06-17 12:25:53
Epoch 689/1000 finished | train_loss=0.460232 | lr=0.000139812 | epoch_time=00:01:02 | elapsed=13:35:08 | ETA=06:07:56 | estimated_finish=2026-06-17 12:25:42
Epoch 690/1000 finished | train_loss=0.524504 | lr=0.000139407 | epoch_time=00:01:04 | elapsed=13:36:14 | ETA=06:06:42 | estimated_finish=2026-06-17 12:25:33
Quick validation epoch=690 | pseudo_dice=0.456652 | val_time=00:00:23
Epoch 691/1000 finished | train_loss=0.537404 | lr=0.000139003 | epoch_time=00:01:02 | elapsed=13:37:40 | ETA=06:05:38 | estimated_finish=2026-06-17 12:25:56
Epoch 692/1000 finished | train_loss=0.513115 | lr=0.000138598 | epoch_time=00:01:03 | elapsed=13:38:44 | ETA=06:04:24 | estimated_finish=2026-06-17 12:25:46
Epoch 693/1000 finished | train_loss=0.562972 | lr=0.000138193 | epoch_time=00:01:02 | elapsed=13:39:47 | ETA=06:03:10 | estimated_finish=2026-06-17 12:25:34
Epoch 694/1000 finished | train_loss=0.514220 | lr=0.000137787 | epoch_time=00:01:03 | elapsed=13:40:51 | ETA=06:01:55 | estimated_finish=2026-06-17 12:25:23
Epoch 695/1000 finished | train_loss=0.531179 | lr=0.000137382 | epoch_time=00:01:06 | elapsed=13:41:57 | ETA=06:00:43 | estimated_finish=2026-06-17 12:25:17
Quick validation epoch=695 | pseudo_dice=0.452276 | val_time=00:00:24
Epoch 696/1000 finished | train_loss=0.524487 | lr=0.000136977 | epoch_time=00:01:04 | elapsed=13:43:26 | ETA=05:59:39 | estimated_finish=2026-06-17 12:25:43
Epoch 697/1000 finished | train_loss=0.482343 | lr=0.000136571 | epoch_time=00:01:02 | elapsed=13:44:30 | ETA=05:58:25 | estimated_finish=2026-06-17 12:25:32
Epoch 698/1000 finished | train_loss=0.488101 | lr=0.000136165 | epoch_time=00:01:03 | elapsed=13:45:33 | ETA=05:57:11 | estimated_finish=2026-06-17 12:25:21
Epoch 699/1000 finished | train_loss=0.505077 | lr=0.000135759 | epoch_time=00:01:01 | elapsed=13:46:35 | ETA=05:55:56 | estimated_finish=2026-06-17 12:25:08
Epoch 700/1000 finished | train_loss=0.475270 | lr=0.000135353 | epoch_time=00:01:03 | elapsed=13:47:39 | ETA=05:54:42 | estimated_finish=2026-06-17 12:24:59
Quick validation epoch=700 | pseudo_dice=0.427001 | val_time=00:00:23
Full validation epoch=700 | mean_dice=0.259461 | val_time=00:03:56
Epoch 701/1000 finished | train_loss=0.462972 | lr=0.000134947 | epoch_time=00:01:05 | elapsed=13:53:05 | ETA=05:55:20 | estimated_finish=2026-06-17 12:31:02
Epoch 702/1000 finished | train_loss=0.484287 | lr=0.000134541 | epoch_time=00:01:03 | elapsed=13:54:08 | ETA=05:54:05 | estimated_finish=2026-06-17 12:30:51
Epoch 703/1000 finished | train_loss=0.462330 | lr=0.000134135 | epoch_time=00:01:02 | elapsed=13:55:12 | ETA=05:52:51 | estimated_finish=2026-06-17 12:30:40
Epoch 704/1000 finished | train_loss=0.518812 | lr=0.000133728 | epoch_time=00:01:03 | elapsed=13:56:16 | ETA=05:51:36 | estimated_finish=2026-06-17 12:30:30
Epoch 705/1000 finished | train_loss=0.517955 | lr=0.000133321 | epoch_time=00:01:03 | elapsed=13:57:20 | ETA=05:50:22 | estimated_finish=2026-06-17 12:30:19
Quick validation epoch=705 | pseudo_dice=0.416916 | val_time=00:00:24
Epoch 706/1000 finished | train_loss=0.520720 | lr=0.000132915 | epoch_time=00:01:05 | elapsed=13:58:50 | ETA=05:49:19 | estimated_finish=2026-06-17 12:30:46
Epoch 707/1000 finished | train_loss=0.507860 | lr=0.000132508 | epoch_time=00:01:04 | elapsed=13:59:55 | ETA=05:48:05 | estimated_finish=2026-06-17 12:30:37
Epoch 708/1000 finished | train_loss=0.493182 | lr=0.000132101 | epoch_time=00:01:01 | elapsed=14:00:57 | ETA=05:46:50 | estimated_finish=2026-06-17 12:30:24
Epoch 709/1000 finished | train_loss=0.516383 | lr=0.000131693 | epoch_time=00:01:02 | elapsed=14:02:01 | ETA=05:45:35 | estimated_finish=2026-06-17 12:30:13
Epoch 710/1000 finished | train_loss=0.506053 | lr=0.000131286 | epoch_time=00:01:03 | elapsed=14:03:04 | ETA=05:44:21 | estimated_finish=2026-06-17 12:30:02
Quick validation epoch=710 | pseudo_dice=0.393075 | val_time=00:00:23
Epoch 711/1000 finished | train_loss=0.509320 | lr=0.000130878 | epoch_time=00:01:03 | elapsed=14:04:32 | ETA=05:43:16 | estimated_finish=2026-06-17 12:30:26
Epoch 712/1000 finished | train_loss=0.479804 | lr=0.000130471 | epoch_time=00:01:02 | elapsed=14:05:35 | ETA=05:42:02 | estimated_finish=2026-06-17 12:30:14
Epoch 713/1000 finished | train_loss=0.512994 | lr=0.000130063 | epoch_time=00:01:02 | elapsed=14:06:38 | ETA=05:40:47 | estimated_finish=2026-06-17 12:30:03
Epoch 714/1000 finished | train_loss=0.530027 | lr=0.000129655 | epoch_time=00:01:01 | elapsed=14:07:40 | ETA=05:39:32 | estimated_finish=2026-06-17 12:29:50
Epoch 715/1000 finished | train_loss=0.493541 | lr=0.000129247 | epoch_time=00:01:02 | elapsed=14:08:44 | ETA=05:38:18 | estimated_finish=2026-06-17 12:29:39
Quick validation epoch=715 | pseudo_dice=0.434563 | val_time=00:00:23
Epoch 716/1000 finished | train_loss=0.508924 | lr=0.000128839 | epoch_time=00:01:02 | elapsed=14:10:11 | ETA=05:37:13 | estimated_finish=2026-06-17 12:30:01
Epoch 717/1000 finished | train_loss=0.522069 | lr=0.00012843 | epoch_time=00:01:04 | elapsed=14:11:16 | ETA=05:35:59 | estimated_finish=2026-06-17 12:29:53
Epoch 718/1000 finished | train_loss=0.530917 | lr=0.000128022 | epoch_time=00:01:03 | elapsed=14:12:20 | ETA=05:34:45 | estimated_finish=2026-06-17 12:29:43
Epoch 719/1000 finished | train_loss=0.480222 | lr=0.000127613 | epoch_time=00:01:03 | elapsed=14:13:25 | ETA=05:33:31 | estimated_finish=2026-06-17 12:29:33
Epoch 720/1000 finished | train_loss=0.489392 | lr=0.000127204 | epoch_time=00:01:03 | elapsed=14:14:28 | ETA=05:32:17 | estimated_finish=2026-06-17 12:29:23
Quick validation epoch=720 | pseudo_dice=0.431869 | val_time=00:00:23
Epoch 721/1000 finished | train_loss=0.512509 | lr=0.000126795 | epoch_time=00:01:02 | elapsed=14:15:55 | ETA=05:31:12 | estimated_finish=2026-06-17 12:29:44
Epoch 722/1000 finished | train_loss=0.506881 | lr=0.000126386 | epoch_time=00:01:04 | elapsed=14:17:00 | ETA=05:29:58 | estimated_finish=2026-06-17 12:29:35
Epoch 723/1000 finished | train_loss=0.513049 | lr=0.000125977 | epoch_time=00:01:03 | elapsed=14:18:03 | ETA=05:28:44 | estimated_finish=2026-06-17 12:29:25
Epoch 724/1000 finished | train_loss=0.449735 | lr=0.000125568 | epoch_time=00:01:02 | elapsed=14:19:06 | ETA=05:27:30 | estimated_finish=2026-06-17 12:29:13
Epoch 725/1000 finished | train_loss=0.492727 | lr=0.000125158 | epoch_time=00:01:02 | elapsed=14:20:09 | ETA=05:26:16 | estimated_finish=2026-06-17 12:29:02
Quick validation epoch=725 | pseudo_dice=0.464967 | val_time=00:00:23
Epoch 726/1000 finished | train_loss=0.487129 | lr=0.000124749 | epoch_time=00:01:02 | elapsed=14:21:36 | ETA=05:25:10 | estimated_finish=2026-06-17 12:29:23
Epoch 727/1000 finished | train_loss=0.523149 | lr=0.000124339 | epoch_time=00:01:02 | elapsed=14:22:39 | ETA=05:23:56 | estimated_finish=2026-06-17 12:29:13
Epoch 728/1000 finished | train_loss=0.492658 | lr=0.000123929 | epoch_time=00:01:03 | elapsed=14:23:44 | ETA=05:22:42 | estimated_finish=2026-06-17 12:29:03
Epoch 729/1000 finished | train_loss=0.462584 | lr=0.000123519 | epoch_time=00:01:02 | elapsed=14:24:47 | ETA=05:21:28 | estimated_finish=2026-06-17 12:28:52
Epoch 730/1000 finished | train_loss=0.509828 | lr=0.000123108 | epoch_time=00:01:02 | elapsed=14:25:50 | ETA=05:20:14 | estimated_finish=2026-06-17 12:28:41
Quick validation epoch=730 | pseudo_dice=0.472695 | val_time=00:00:24
Epoch 731/1000 finished | train_loss=0.518946 | lr=0.000122698 | epoch_time=00:01:02 | elapsed=14:27:17 | ETA=05:19:09 | estimated_finish=2026-06-17 12:29:03
Epoch 732/1000 finished | train_loss=0.492632 | lr=0.000122287 | epoch_time=00:01:00 | elapsed=14:28:18 | ETA=05:17:54 | estimated_finish=2026-06-17 12:28:49
Epoch 733/1000 finished | train_loss=0.472286 | lr=0.000121877 | epoch_time=00:01:03 | elapsed=14:29:22 | ETA=05:16:40 | estimated_finish=2026-06-17 12:28:39
Epoch 734/1000 finished | train_loss=0.493496 | lr=0.000121466 | epoch_time=00:01:02 | elapsed=14:30:25 | ETA=05:15:26 | estimated_finish=2026-06-17 12:28:28
Epoch 735/1000 finished | train_loss=0.480283 | lr=0.000121055 | epoch_time=00:01:03 | elapsed=14:31:29 | ETA=05:14:12 | estimated_finish=2026-06-17 12:28:18
Quick validation epoch=735 | pseudo_dice=0.500356 | val_time=00:00:23
Epoch 736/1000 finished | train_loss=0.509437 | lr=0.000120643 | epoch_time=00:01:03 | elapsed=14:32:56 | ETA=05:13:07 | estimated_finish=2026-06-17 12:28:40
Epoch 737/1000 finished | train_loss=0.451557 | lr=0.000120232 | epoch_time=00:01:03 | elapsed=14:34:00 | ETA=05:11:53 | estimated_finish=2026-06-17 12:28:30
Epoch 738/1000 finished | train_loss=0.538454 | lr=0.000119821 | epoch_time=00:01:02 | elapsed=14:35:02 | ETA=05:10:39 | estimated_finish=2026-06-17 12:28:18
Epoch 739/1000 finished | train_loss=0.479494 | lr=0.000119409 | epoch_time=00:01:03 | elapsed=14:36:06 | ETA=05:09:25 | estimated_finish=2026-06-17 12:28:09
Epoch 740/1000 finished | train_loss=0.488342 | lr=0.000118997 | epoch_time=00:01:04 | elapsed=14:37:11 | ETA=05:08:12 | estimated_finish=2026-06-17 12:28:00
Quick validation epoch=740 | pseudo_dice=0.502934 | val_time=00:00:24
Epoch 741/1000 finished | train_loss=0.506973 | lr=0.000118585 | epoch_time=00:01:02 | elapsed=14:38:38 | ETA=05:07:06 | estimated_finish=2026-06-17 12:28:22
Epoch 742/1000 finished | train_loss=0.485329 | lr=0.000118173 | epoch_time=00:01:03 | elapsed=14:39:42 | ETA=05:05:53 | estimated_finish=2026-06-17 12:28:12
Epoch 743/1000 finished | train_loss=0.480409 | lr=0.000117761 | epoch_time=00:01:02 | elapsed=14:40:45 | ETA=05:04:38 | estimated_finish=2026-06-17 12:28:01
Epoch 744/1000 finished | train_loss=0.470520 | lr=0.000117348 | epoch_time=00:01:02 | elapsed=14:41:48 | ETA=05:03:25 | estimated_finish=2026-06-17 12:27:50
Epoch 745/1000 finished | train_loss=0.558096 | lr=0.000116935 | epoch_time=00:01:01 | elapsed=14:42:50 | ETA=05:02:10 | estimated_finish=2026-06-17 12:27:38
Quick validation epoch=745 | pseudo_dice=0.412036 | val_time=00:00:24
Epoch 746/1000 finished | train_loss=0.442515 | lr=0.000116523 | epoch_time=00:01:03 | elapsed=14:44:19 | ETA=05:01:05 | estimated_finish=2026-06-17 12:28:01
Epoch 747/1000 finished | train_loss=0.514385 | lr=0.00011611 | epoch_time=00:01:03 | elapsed=14:45:23 | ETA=04:59:52 | estimated_finish=2026-06-17 12:27:52
Epoch 748/1000 finished | train_loss=0.483747 | lr=0.000115697 | epoch_time=00:01:02 | elapsed=14:46:26 | ETA=04:58:38 | estimated_finish=2026-06-17 12:27:41
Epoch 749/1000 finished | train_loss=0.463915 | lr=0.000115283 | epoch_time=00:01:04 | elapsed=14:47:30 | ETA=04:57:25 | estimated_finish=2026-06-17 12:27:32
Epoch 750/1000 finished | train_loss=0.507071 | lr=0.00011487 | epoch_time=00:01:03 | elapsed=14:48:34 | ETA=04:56:11 | estimated_finish=2026-06-17 12:27:23
Quick validation epoch=750 | pseudo_dice=0.457306 | val_time=00:00:24
Epoch 751/1000 finished | train_loss=0.554363 | lr=0.000114456 | epoch_time=00:01:01 | elapsed=14:50:00 | ETA=04:55:05 | estimated_finish=2026-06-17 12:27:43
Epoch 752/1000 finished | train_loss=0.534373 | lr=0.000114042 | epoch_time=00:01:02 | elapsed=14:51:03 | ETA=04:53:51 | estimated_finish=2026-06-17 12:27:32
Epoch 753/1000 finished | train_loss=0.494165 | lr=0.000113628 | epoch_time=00:01:03 | elapsed=14:52:07 | ETA=04:52:38 | estimated_finish=2026-06-17 12:27:22
Epoch 754/1000 finished | train_loss=0.532569 | lr=0.000113214 | epoch_time=00:01:04 | elapsed=14:53:12 | ETA=04:51:25 | estimated_finish=2026-06-17 12:27:14
Epoch 755/1000 finished | train_loss=0.476322 | lr=0.0001128 | epoch_time=00:01:02 | elapsed=14:54:15 | ETA=04:50:11 | estimated_finish=2026-06-17 12:27:03
Quick validation epoch=755 | pseudo_dice=0.471466 | val_time=00:00:23
Epoch 756/1000 finished | train_loss=0.511971 | lr=0.000112386 | epoch_time=00:01:03 | elapsed=14:55:43 | ETA=04:49:05 | estimated_finish=2026-06-17 12:27:25
Epoch 757/1000 finished | train_loss=0.444510 | lr=0.000111971 | epoch_time=00:01:03 | elapsed=14:56:46 | ETA=04:47:52 | estimated_finish=2026-06-17 12:27:15
Epoch 758/1000 finished | train_loss=0.516047 | lr=0.000111556 | epoch_time=00:01:01 | elapsed=14:57:48 | ETA=04:46:38 | estimated_finish=2026-06-17 12:27:03
Epoch 759/1000 finished | train_loss=0.465500 | lr=0.000111141 | epoch_time=00:01:01 | elapsed=14:58:51 | ETA=04:45:24 | estimated_finish=2026-06-17 12:26:52
Epoch 760/1000 finished | train_loss=0.512736 | lr=0.000110726 | epoch_time=00:01:03 | elapsed=14:59:54 | ETA=04:44:10 | estimated_finish=2026-06-17 12:26:42
Quick validation epoch=760 | pseudo_dice=0.458127 | val_time=00:00:23
Epoch 761/1000 finished | train_loss=0.509265 | lr=0.000110311 | epoch_time=00:01:04 | elapsed=15:01:23 | ETA=04:43:05 | estimated_finish=2026-06-17 12:27:05
Epoch 762/1000 finished | train_loss=0.508267 | lr=0.000109895 | epoch_time=00:01:02 | elapsed=15:02:26 | ETA=04:41:51 | estimated_finish=2026-06-17 12:26:55
Epoch 763/1000 finished | train_loss=0.498683 | lr=0.00010948 | epoch_time=00:01:03 | elapsed=15:03:30 | ETA=04:40:38 | estimated_finish=2026-06-17 12:26:45
Epoch 764/1000 finished | train_loss=0.528434 | lr=0.000109064 | epoch_time=00:01:04 | elapsed=15:04:35 | ETA=04:39:25 | estimated_finish=2026-06-17 12:26:37
Epoch 765/1000 finished | train_loss=0.474361 | lr=0.000108648 | epoch_time=00:01:02 | elapsed=15:05:38 | ETA=04:38:12 | estimated_finish=2026-06-17 12:26:27
Quick validation epoch=765 | pseudo_dice=0.429882 | val_time=00:00:23
Epoch 766/1000 finished | train_loss=0.490301 | lr=0.000108232 | epoch_time=00:01:03 | elapsed=15:07:05 | ETA=04:37:06 | estimated_finish=2026-06-17 12:26:48
Epoch 767/1000 finished | train_loss=0.453281 | lr=0.000107815 | epoch_time=00:01:02 | elapsed=15:08:08 | ETA=04:35:52 | estimated_finish=2026-06-17 12:26:37
Epoch 768/1000 finished | train_loss=0.492522 | lr=0.000107399 | epoch_time=00:01:02 | elapsed=15:09:11 | ETA=04:34:39 | estimated_finish=2026-06-17 12:26:27
Epoch 769/1000 finished | train_loss=0.493358 | lr=0.000106982 | epoch_time=00:01:01 | elapsed=15:10:13 | ETA=04:33:25 | estimated_finish=2026-06-17 12:26:15
Epoch 770/1000 finished | train_loss=0.458256 | lr=0.000106565 | epoch_time=00:01:01 | elapsed=15:11:15 | ETA=04:32:11 | estimated_finish=2026-06-17 12:26:03
Quick validation epoch=770 | pseudo_dice=0.495145 | val_time=00:00:23
Epoch 771/1000 finished | train_loss=0.517285 | lr=0.000106148 | epoch_time=00:01:00 | elapsed=15:12:40 | ETA=04:31:04 | estimated_finish=2026-06-17 12:26:22
Epoch 772/1000 finished | train_loss=0.426080 | lr=0.000105731 | epoch_time=00:01:03 | elapsed=15:13:44 | ETA=04:29:51 | estimated_finish=2026-06-17 12:26:13
Epoch 773/1000 finished | train_loss=0.439446 | lr=0.000105313 | epoch_time=00:01:01 | elapsed=15:14:47 | ETA=04:28:38 | estimated_finish=2026-06-17 12:26:02
Epoch 774/1000 finished | train_loss=0.478630 | lr=0.000104896 | epoch_time=00:01:03 | elapsed=15:15:51 | ETA=04:27:25 | estimated_finish=2026-06-17 12:25:53
Epoch 775/1000 finished | train_loss=0.505994 | lr=0.000104478 | epoch_time=00:01:03 | elapsed=15:16:55 | ETA=04:26:12 | estimated_finish=2026-06-17 12:25:44
Quick validation epoch=775 | pseudo_dice=0.463212 | val_time=00:00:23
Epoch 776/1000 finished | train_loss=0.501716 | lr=0.00010406 | epoch_time=00:01:05 | elapsed=15:18:25 | ETA=04:25:06 | estimated_finish=2026-06-17 12:26:08
Epoch 777/1000 finished | train_loss=0.453865 | lr=0.000103642 | epoch_time=00:01:03 | elapsed=15:19:28 | ETA=04:23:53 | estimated_finish=2026-06-17 12:25:58
Epoch 778/1000 finished | train_loss=0.457362 | lr=0.000103223 | epoch_time=00:01:03 | elapsed=15:20:32 | ETA=04:22:40 | estimated_finish=2026-06-17 12:25:49
Epoch 779/1000 finished | train_loss=0.452957 | lr=0.000102805 | epoch_time=00:01:04 | elapsed=15:21:36 | ETA=04:21:27 | estimated_finish=2026-06-17 12:25:40
Epoch 780/1000 finished | train_loss=0.496475 | lr=0.000102386 | epoch_time=00:01:02 | elapsed=15:22:40 | ETA=04:20:14 | estimated_finish=2026-06-17 12:25:31
Quick validation epoch=780 | pseudo_dice=0.397829 | val_time=00:00:23
Epoch 781/1000 finished | train_loss=0.506870 | lr=0.000101967 | epoch_time=00:01:02 | elapsed=15:24:07 | ETA=04:19:07 | estimated_finish=2026-06-17 12:25:51
Epoch 782/1000 finished | train_loss=0.497072 | lr=0.000101548 | epoch_time=00:01:05 | elapsed=15:25:12 | ETA=04:17:55 | estimated_finish=2026-06-17 12:25:45
Epoch 783/1000 finished | train_loss=0.469137 | lr=0.000101129 | epoch_time=00:01:03 | elapsed=15:26:16 | ETA=04:16:42 | estimated_finish=2026-06-17 12:25:35
Epoch 784/1000 finished | train_loss=0.509551 | lr=0.000100709 | epoch_time=00:01:02 | elapsed=15:27:19 | ETA=04:15:29 | estimated_finish=2026-06-17 12:25:25
Epoch 785/1000 finished | train_loss=0.498078 | lr=0.000100289 | epoch_time=00:01:02 | elapsed=15:28:22 | ETA=04:14:16 | estimated_finish=2026-06-17 12:25:15
Quick validation epoch=785 | pseudo_dice=0.414037 | val_time=00:00:24
Epoch 786/1000 finished | train_loss=0.505508 | lr=9.98694e-05 | epoch_time=00:01:04 | elapsed=15:29:52 | ETA=04:13:10 | estimated_finish=2026-06-17 12:25:38
Epoch 787/1000 finished | train_loss=0.490606 | lr=9.94493e-05 | epoch_time=00:01:04 | elapsed=15:30:56 | ETA=04:11:57 | estimated_finish=2026-06-17 12:25:30
Epoch 788/1000 finished | train_loss=0.492639 | lr=9.9029e-05 | epoch_time=00:01:02 | elapsed=15:31:59 | ETA=04:10:44 | estimated_finish=2026-06-17 12:25:20
Epoch 789/1000 finished | train_loss=0.508069 | lr=9.86085e-05 | epoch_time=00:01:02 | elapsed=15:33:02 | ETA=04:09:31 | estimated_finish=2026-06-17 12:25:10
Epoch 790/1000 finished | train_loss=0.470072 | lr=9.81878e-05 | epoch_time=00:01:04 | elapsed=15:34:07 | ETA=04:08:18 | estimated_finish=2026-06-17 12:25:03
Quick validation epoch=790 | pseudo_dice=0.421803 | val_time=00:00:24
Epoch 791/1000 finished | train_loss=0.459396 | lr=9.77669e-05 | epoch_time=00:01:02 | elapsed=15:35:34 | ETA=04:07:12 | estimated_finish=2026-06-17 12:25:23
Epoch 792/1000 finished | train_loss=0.462068 | lr=9.73457e-05 | epoch_time=00:01:03 | elapsed=15:36:38 | ETA=04:05:59 | estimated_finish=2026-06-17 12:25:14
Epoch 793/1000 finished | train_loss=0.519290 | lr=9.69244e-05 | epoch_time=00:01:03 | elapsed=15:37:42 | ETA=04:04:46 | estimated_finish=2026-06-17 12:25:05
Epoch 794/1000 finished | train_loss=0.439075 | lr=9.65029e-05 | epoch_time=00:01:02 | elapsed=15:38:45 | ETA=04:03:33 | estimated_finish=2026-06-17 12:24:55
Epoch 795/1000 finished | train_loss=0.480493 | lr=9.60812e-05 | epoch_time=00:01:03 | elapsed=15:39:49 | ETA=04:02:20 | estimated_finish=2026-06-17 12:24:46
Quick validation epoch=795 | pseudo_dice=0.399295 | val_time=00:00:23
Epoch 796/1000 finished | train_loss=0.491320 | lr=9.56593e-05 | epoch_time=00:01:02 | elapsed=15:41:16 | ETA=04:01:13 | estimated_finish=2026-06-17 12:25:06
Epoch 797/1000 finished | train_loss=0.464093 | lr=9.52372e-05 | epoch_time=00:01:01 | elapsed=15:42:18 | ETA=04:00:00 | estimated_finish=2026-06-17 12:24:55
Epoch 798/1000 finished | train_loss=0.491830 | lr=9.48148e-05 | epoch_time=00:01:05 | elapsed=15:43:23 | ETA=03:58:48 | estimated_finish=2026-06-17 12:24:48
Epoch 799/1000 finished | train_loss=0.518558 | lr=9.43923e-05 | epoch_time=00:01:03 | elapsed=15:44:27 | ETA=03:57:35 | estimated_finish=2026-06-17 12:24:40
Epoch 800/1000 finished | train_loss=0.450780 | lr=9.39695e-05 | epoch_time=00:01:02 | elapsed=15:45:30 | ETA=03:56:22 | estimated_finish=2026-06-17 12:24:29
Quick validation epoch=800 | pseudo_dice=0.452556 | val_time=00:00:24
Full validation epoch=800 | mean_dice=0.299221 | val_time=00:03:56
New best full-validation model saved | dice=0.299221 | epoch=800
Epoch 801/1000 finished | train_loss=0.526448 | lr=9.35465e-05 | epoch_time=00:01:03 | elapsed=15:50:55 | ETA=03:56:14 | estimated_finish=2026-06-17 12:29:46
Epoch 802/1000 finished | train_loss=0.533780 | lr=9.31234e-05 | epoch_time=00:01:05 | elapsed=15:52:00 | ETA=03:55:02 | estimated_finish=2026-06-17 12:29:39
Epoch 803/1000 finished | train_loss=0.492138 | lr=9.27e-05 | epoch_time=00:01:02 | elapsed=15:53:04 | ETA=03:53:49 | estimated_finish=2026-06-17 12:29:29
Epoch 804/1000 finished | train_loss=0.462300 | lr=9.22764e-05 | epoch_time=00:01:03 | elapsed=15:54:07 | ETA=03:52:35 | estimated_finish=2026-06-17 12:29:20
Epoch 805/1000 finished | train_loss=0.512518 | lr=9.18525e-05 | epoch_time=00:01:03 | elapsed=15:55:12 | ETA=03:51:23 | estimated_finish=2026-06-17 12:29:11
Quick validation epoch=805 | pseudo_dice=0.415787 | val_time=00:00:23
Epoch 806/1000 finished | train_loss=0.494352 | lr=9.14285e-05 | epoch_time=00:01:03 | elapsed=15:56:39 | ETA=03:50:15 | estimated_finish=2026-06-17 12:29:32
Epoch 807/1000 finished | train_loss=0.492853 | lr=9.10042e-05 | epoch_time=00:01:03 | elapsed=15:57:43 | ETA=03:49:02 | estimated_finish=2026-06-17 12:29:23
Epoch 808/1000 finished | train_loss=0.492372 | lr=9.05797e-05 | epoch_time=00:01:02 | elapsed=15:58:46 | ETA=03:47:49 | estimated_finish=2026-06-17 12:29:12
Epoch 809/1000 finished | train_loss=0.489235 | lr=9.0155e-05 | epoch_time=00:01:02 | elapsed=15:59:49 | ETA=03:46:36 | estimated_finish=2026-06-17 12:29:02
Epoch 810/1000 finished | train_loss=0.461385 | lr=8.97301e-05 | epoch_time=00:01:03 | elapsed=16:00:53 | ETA=03:45:23 | estimated_finish=2026-06-17 12:28:53
Quick validation epoch=810 | pseudo_dice=0.384374 | val_time=00:00:23
Epoch 811/1000 finished | train_loss=0.472379 | lr=8.9305e-05 | epoch_time=00:01:02 | elapsed=16:02:20 | ETA=03:44:16 | estimated_finish=2026-06-17 12:29:13
Epoch 812/1000 finished | train_loss=0.526314 | lr=8.88796e-05 | epoch_time=00:01:02 | elapsed=16:03:23 | ETA=03:43:03 | estimated_finish=2026-06-17 12:29:03
Epoch 813/1000 finished | train_loss=0.482718 | lr=8.8454e-05 | epoch_time=00:01:02 | elapsed=16:04:26 | ETA=03:41:50 | estimated_finish=2026-06-17 12:28:53
Epoch 814/1000 finished | train_loss=0.550177 | lr=8.80282e-05 | epoch_time=00:01:03 | elapsed=16:05:30 | ETA=03:40:37 | estimated_finish=2026-06-17 12:28:44
Epoch 815/1000 finished | train_loss=0.475429 | lr=8.76021e-05 | epoch_time=00:01:04 | elapsed=16:06:35 | ETA=03:39:24 | estimated_finish=2026-06-17 12:28:36
Quick validation epoch=815 | pseudo_dice=0.418628 | val_time=00:00:23
Epoch 816/1000 finished | train_loss=0.474039 | lr=8.71758e-05 | epoch_time=00:01:03 | elapsed=16:08:03 | ETA=03:38:17 | estimated_finish=2026-06-17 12:28:57
Epoch 817/1000 finished | train_loss=0.537293 | lr=8.67493e-05 | epoch_time=00:01:03 | elapsed=16:09:08 | ETA=03:37:04 | estimated_finish=2026-06-17 12:28:49
Epoch 818/1000 finished | train_loss=0.483150 | lr=8.63225e-05 | epoch_time=00:01:02 | elapsed=16:10:11 | ETA=03:35:51 | estimated_finish=2026-06-17 12:28:39
Epoch 819/1000 finished | train_loss=0.467141 | lr=8.58956e-05 | epoch_time=00:01:00 | elapsed=16:11:12 | ETA=03:34:38 | estimated_finish=2026-06-17 12:28:27
Epoch 820/1000 finished | train_loss=0.457491 | lr=8.54683e-05 | epoch_time=00:01:03 | elapsed=16:12:16 | ETA=03:33:25 | estimated_finish=2026-06-17 12:28:18
Quick validation epoch=820 | pseudo_dice=0.435587 | val_time=00:00:24
Epoch 821/1000 finished | train_loss=0.491714 | lr=8.50409e-05 | epoch_time=00:01:03 | elapsed=16:13:43 | ETA=03:32:17 | estimated_finish=2026-06-17 12:28:38
Epoch 822/1000 finished | train_loss=0.477672 | lr=8.46132e-05 | epoch_time=00:01:03 | elapsed=16:14:47 | ETA=03:31:05 | estimated_finish=2026-06-17 12:28:29
Epoch 823/1000 finished | train_loss=0.473521 | lr=8.41852e-05 | epoch_time=00:01:02 | elapsed=16:15:50 | ETA=03:29:52 | estimated_finish=2026-06-17 12:28:19
Epoch 824/1000 finished | train_loss=0.481071 | lr=8.37571e-05 | epoch_time=00:01:02 | elapsed=16:16:53 | ETA=03:28:39 | estimated_finish=2026-06-17 12:28:10
Epoch 825/1000 finished | train_loss=0.516729 | lr=8.33286e-05 | epoch_time=00:01:02 | elapsed=16:17:56 | ETA=03:27:26 | estimated_finish=2026-06-17 12:27:59
Quick validation epoch=825 | pseudo_dice=0.457686 | val_time=00:00:23
Epoch 826/1000 finished | train_loss=0.495136 | lr=8.29e-05 | epoch_time=00:01:01 | elapsed=16:19:22 | ETA=03:26:18 | estimated_finish=2026-06-17 12:28:17
Epoch 827/1000 finished | train_loss=0.489972 | lr=8.2471e-05 | epoch_time=00:01:03 | elapsed=16:20:25 | ETA=03:25:05 | estimated_finish=2026-06-17 12:28:08
Epoch 828/1000 finished | train_loss=0.470258 | lr=8.20419e-05 | epoch_time=00:01:03 | elapsed=16:21:29 | ETA=03:23:53 | estimated_finish=2026-06-17 12:27:59
Epoch 829/1000 finished | train_loss=0.457762 | lr=8.16125e-05 | epoch_time=00:01:03 | elapsed=16:22:33 | ETA=03:22:40 | estimated_finish=2026-06-17 12:27:51
Epoch 830/1000 finished | train_loss=0.466303 | lr=8.11828e-05 | epoch_time=00:01:03 | elapsed=16:23:38 | ETA=03:21:28 | estimated_finish=2026-06-17 12:27:42
Quick validation epoch=830 | pseudo_dice=0.433814 | val_time=00:00:23
Epoch 831/1000 finished | train_loss=0.479538 | lr=8.07529e-05 | epoch_time=00:01:04 | elapsed=16:25:06 | ETA=03:20:20 | estimated_finish=2026-06-17 12:28:03
Epoch 832/1000 finished | train_loss=0.479877 | lr=8.03227e-05 | epoch_time=00:01:02 | elapsed=16:26:09 | ETA=03:19:07 | estimated_finish=2026-06-17 12:27:53
Epoch 833/1000 finished | train_loss=0.456620 | lr=7.98923e-05 | epoch_time=00:01:02 | elapsed=16:27:12 | ETA=03:17:54 | estimated_finish=2026-06-17 12:27:43
Epoch 834/1000 finished | train_loss=0.492254 | lr=7.94616e-05 | epoch_time=00:01:03 | elapsed=16:28:16 | ETA=03:16:42 | estimated_finish=2026-06-17 12:27:35
Epoch 835/1000 finished | train_loss=0.498489 | lr=7.90306e-05 | epoch_time=00:01:04 | elapsed=16:29:21 | ETA=03:15:30 | estimated_finish=2026-06-17 12:27:28
Quick validation epoch=835 | pseudo_dice=0.386956 | val_time=00:00:23
Epoch 836/1000 finished | train_loss=0.459242 | lr=7.85994e-05 | epoch_time=00:01:02 | elapsed=16:30:47 | ETA=03:14:22 | estimated_finish=2026-06-17 12:27:46
Epoch 837/1000 finished | train_loss=0.507094 | lr=7.8168e-05 | epoch_time=00:01:03 | elapsed=16:31:51 | ETA=03:13:09 | estimated_finish=2026-06-17 12:27:38
Epoch 838/1000 finished | train_loss=0.477135 | lr=7.77362e-05 | epoch_time=00:01:02 | elapsed=16:32:55 | ETA=03:11:56 | estimated_finish=2026-06-17 12:27:28
Epoch 839/1000 finished | train_loss=0.459372 | lr=7.73042e-05 | epoch_time=00:01:01 | elapsed=16:33:57 | ETA=03:10:44 | estimated_finish=2026-06-17 12:27:18
Epoch 840/1000 finished | train_loss=0.510094 | lr=7.6872e-05 | epoch_time=00:01:03 | elapsed=16:35:01 | ETA=03:09:31 | estimated_finish=2026-06-17 12:27:09
Quick validation epoch=840 | pseudo_dice=0.432381 | val_time=00:00:23
Epoch 841/1000 finished | train_loss=0.464757 | lr=7.64394e-05 | epoch_time=00:01:03 | elapsed=16:36:28 | ETA=03:08:23 | estimated_finish=2026-06-17 12:27:28
Epoch 842/1000 finished | train_loss=0.514764 | lr=7.60066e-05 | epoch_time=00:01:02 | elapsed=16:37:31 | ETA=03:07:11 | estimated_finish=2026-06-17 12:27:19
Epoch 843/1000 finished | train_loss=0.479125 | lr=7.55735e-05 | epoch_time=00:01:02 | elapsed=16:38:34 | ETA=03:05:58 | estimated_finish=2026-06-17 12:27:09
Epoch 844/1000 finished | train_loss=0.459630 | lr=7.51402e-05 | epoch_time=00:01:02 | elapsed=16:39:37 | ETA=03:04:45 | estimated_finish=2026-06-17 12:27:00
Epoch 845/1000 finished | train_loss=0.479453 | lr=7.47065e-05 | epoch_time=00:01:03 | elapsed=16:40:41 | ETA=03:03:33 | estimated_finish=2026-06-17 12:26:51
Quick validation epoch=845 | pseudo_dice=0.403686 | val_time=00:00:24
Epoch 846/1000 finished | train_loss=0.441919 | lr=7.42726e-05 | epoch_time=00:01:02 | elapsed=16:42:08 | ETA=03:02:25 | estimated_finish=2026-06-17 12:27:10
Epoch 847/1000 finished | train_loss=0.479481 | lr=7.38384e-05 | epoch_time=00:01:03 | elapsed=16:43:12 | ETA=03:01:13 | estimated_finish=2026-06-17 12:27:02
Epoch 848/1000 finished | train_loss=0.466105 | lr=7.34039e-05 | epoch_time=00:01:03 | elapsed=16:44:16 | ETA=03:00:00 | estimated_finish=2026-06-17 12:26:54
Epoch 849/1000 finished | train_loss=0.504004 | lr=7.29691e-05 | epoch_time=00:01:03 | elapsed=16:45:20 | ETA=02:58:48 | estimated_finish=2026-06-17 12:26:45
Epoch 850/1000 finished | train_loss=0.491743 | lr=7.25341e-05 | epoch_time=00:01:02 | elapsed=16:46:23 | ETA=02:57:35 | estimated_finish=2026-06-17 12:26:35
Quick validation epoch=850 | pseudo_dice=0.480289 | val_time=00:00:23
Epoch 851/1000 finished | train_loss=0.446136 | lr=7.20987e-05 | epoch_time=00:01:03 | elapsed=16:47:50 | ETA=02:56:27 | estimated_finish=2026-06-17 12:26:54
Epoch 852/1000 finished | train_loss=0.509842 | lr=7.16631e-05 | epoch_time=00:01:03 | elapsed=16:48:54 | ETA=02:55:15 | estimated_finish=2026-06-17 12:26:46
Epoch 853/1000 finished | train_loss=0.512906 | lr=7.12272e-05 | epoch_time=00:01:02 | elapsed=16:49:57 | ETA=02:54:02 | estimated_finish=2026-06-17 12:26:37
Epoch 854/1000 finished | train_loss=0.517563 | lr=7.07909e-05 | epoch_time=00:01:02 | elapsed=16:51:00 | ETA=02:52:50 | estimated_finish=2026-06-17 12:26:28
Epoch 855/1000 finished | train_loss=0.498139 | lr=7.03544e-05 | epoch_time=00:01:03 | elapsed=16:52:04 | ETA=02:51:38 | estimated_finish=2026-06-17 12:26:19
Quick validation epoch=855 | pseudo_dice=0.406766 | val_time=00:00:23
Epoch 856/1000 finished | train_loss=0.510142 | lr=6.99176e-05 | epoch_time=00:01:03 | elapsed=16:53:32 | ETA=02:50:30 | estimated_finish=2026-06-17 12:26:39
Epoch 857/1000 finished | train_loss=0.454057 | lr=6.94804e-05 | epoch_time=00:01:00 | elapsed=16:54:33 | ETA=02:49:17 | estimated_finish=2026-06-17 12:26:28
Epoch 858/1000 finished | train_loss=0.477827 | lr=6.9043e-05 | epoch_time=00:01:02 | elapsed=16:55:36 | ETA=02:48:05 | estimated_finish=2026-06-17 12:26:18
Epoch 859/1000 finished | train_loss=0.526522 | lr=6.86052e-05 | epoch_time=00:01:03 | elapsed=16:56:41 | ETA=02:46:52 | estimated_finish=2026-06-17 12:26:10
Epoch 860/1000 finished | train_loss=0.485365 | lr=6.81672e-05 | epoch_time=00:01:03 | elapsed=16:57:44 | ETA=02:45:40 | estimated_finish=2026-06-17 12:26:02
Quick validation epoch=860 | pseudo_dice=0.410483 | val_time=00:00:23
Epoch 861/1000 finished | train_loss=0.479619 | lr=6.77288e-05 | epoch_time=00:01:03 | elapsed=16:59:12 | ETA=02:44:32 | estimated_finish=2026-06-17 12:26:21
Epoch 862/1000 finished | train_loss=0.501110 | lr=6.72901e-05 | epoch_time=00:01:03 | elapsed=17:00:16 | ETA=02:43:20 | estimated_finish=2026-06-17 12:26:13
Epoch 863/1000 finished | train_loss=0.461558 | lr=6.68511e-05 | epoch_time=00:01:02 | elapsed=17:01:19 | ETA=02:42:08 | estimated_finish=2026-06-17 12:26:04
Epoch 864/1000 finished | train_loss=0.530290 | lr=6.64118e-05 | epoch_time=00:01:04 | elapsed=17:02:24 | ETA=02:40:56 | estimated_finish=2026-06-17 12:25:56
Epoch 865/1000 finished | train_loss=0.478575 | lr=6.59721e-05 | epoch_time=00:01:02 | elapsed=17:03:27 | ETA=02:39:43 | estimated_finish=2026-06-17 12:25:47
Quick validation epoch=865 | pseudo_dice=0.445311 | val_time=00:00:23
Epoch 866/1000 finished | train_loss=0.501727 | lr=6.55321e-05 | epoch_time=00:01:04 | elapsed=17:04:55 | ETA=02:38:35 | estimated_finish=2026-06-17 12:26:07
Epoch 867/1000 finished | train_loss=0.523804 | lr=6.50918e-05 | epoch_time=00:01:04 | elapsed=17:06:00 | ETA=02:37:23 | estimated_finish=2026-06-17 12:26:00
Epoch 868/1000 finished | train_loss=0.522002 | lr=6.46512e-05 | epoch_time=00:01:01 | elapsed=17:07:02 | ETA=02:36:11 | estimated_finish=2026-06-17 12:25:50
Epoch 869/1000 finished | train_loss=0.475675 | lr=6.42102e-05 | epoch_time=00:01:02 | elapsed=17:08:05 | ETA=02:34:58 | estimated_finish=2026-06-17 12:25:40
Epoch 870/1000 finished | train_loss=0.498824 | lr=6.37689e-05 | epoch_time=00:01:03 | elapsed=17:09:09 | ETA=02:33:46 | estimated_finish=2026-06-17 12:25:33
Quick validation epoch=870 | pseudo_dice=0.427495 | val_time=00:00:23
Epoch 871/1000 finished | train_loss=0.490439 | lr=6.33273e-05 | epoch_time=00:01:04 | elapsed=17:10:38 | ETA=02:32:38 | estimated_finish=2026-06-17 12:25:53
Epoch 872/1000 finished | train_loss=0.502882 | lr=6.28853e-05 | epoch_time=00:01:03 | elapsed=17:11:41 | ETA=02:31:26 | estimated_finish=2026-06-17 12:25:44
Epoch 873/1000 finished | train_loss=0.519204 | lr=6.24429e-05 | epoch_time=00:01:02 | elapsed=17:12:44 | ETA=02:30:14 | estimated_finish=2026-06-17 12:25:35
Epoch 874/1000 finished | train_loss=0.471091 | lr=6.20003e-05 | epoch_time=00:01:04 | elapsed=17:13:49 | ETA=02:29:02 | estimated_finish=2026-06-17 12:25:29
Epoch 875/1000 finished | train_loss=0.492979 | lr=6.15572e-05 | epoch_time=00:01:02 | elapsed=17:14:52 | ETA=02:27:50 | estimated_finish=2026-06-17 12:25:19
Quick validation epoch=875 | pseudo_dice=0.380556 | val_time=00:00:24
Epoch 876/1000 finished | train_loss=0.482452 | lr=6.11138e-05 | epoch_time=00:01:04 | elapsed=17:16:21 | ETA=02:26:41 | estimated_finish=2026-06-17 12:25:40
Epoch 877/1000 finished | train_loss=0.508685 | lr=6.06701e-05 | epoch_time=00:01:04 | elapsed=17:17:26 | ETA=02:25:30 | estimated_finish=2026-06-17 12:25:33
Epoch 878/1000 finished | train_loss=0.475188 | lr=6.0226e-05 | epoch_time=00:01:02 | elapsed=17:18:30 | ETA=02:24:18 | estimated_finish=2026-06-17 12:25:25
Epoch 879/1000 finished | train_loss=0.443223 | lr=5.97815e-05 | epoch_time=00:01:03 | elapsed=17:19:34 | ETA=02:23:06 | estimated_finish=2026-06-17 12:25:17
Epoch 880/1000 finished | train_loss=0.475639 | lr=5.93367e-05 | epoch_time=00:01:03 | elapsed=17:20:38 | ETA=02:21:54 | estimated_finish=2026-06-17 12:25:09
Quick validation epoch=880 | pseudo_dice=0.438270 | val_time=00:00:24
Epoch 881/1000 finished | train_loss=0.464145 | lr=5.88915e-05 | epoch_time=00:01:03 | elapsed=17:22:06 | ETA=02:20:45 | estimated_finish=2026-06-17 12:25:29
Epoch 882/1000 finished | train_loss=0.505957 | lr=5.84459e-05 | epoch_time=00:01:03 | elapsed=17:23:10 | ETA=02:19:33 | estimated_finish=2026-06-17 12:25:21
Epoch 883/1000 finished | train_loss=0.493448 | lr=5.79999e-05 | epoch_time=00:01:02 | elapsed=17:24:14 | ETA=02:18:21 | estimated_finish=2026-06-17 12:25:12
Epoch 884/1000 finished | train_loss=0.470402 | lr=5.75536e-05 | epoch_time=00:01:04 | elapsed=17:25:18 | ETA=02:17:10 | estimated_finish=2026-06-17 12:25:05
Epoch 885/1000 finished | train_loss=0.441470 | lr=5.71068e-05 | epoch_time=00:01:04 | elapsed=17:26:24 | ETA=02:15:58 | estimated_finish=2026-06-17 12:24:59
Quick validation epoch=885 | pseudo_dice=0.361901 | val_time=00:00:23
Epoch 886/1000 finished | train_loss=0.489033 | lr=5.66597e-05 | epoch_time=00:01:02 | elapsed=17:27:51 | ETA=02:14:49 | estimated_finish=2026-06-17 12:25:17
Epoch 887/1000 finished | train_loss=0.484861 | lr=5.62122e-05 | epoch_time=00:01:02 | elapsed=17:28:53 | ETA=02:13:37 | estimated_finish=2026-06-17 12:25:08
Epoch 888/1000 finished | train_loss=0.478847 | lr=5.57643e-05 | epoch_time=00:01:04 | elapsed=17:29:58 | ETA=02:12:25 | estimated_finish=2026-06-17 12:25:01
Epoch 889/1000 finished | train_loss=0.466072 | lr=5.5316e-05 | epoch_time=00:01:03 | elapsed=17:31:02 | ETA=02:11:13 | estimated_finish=2026-06-17 12:24:52
Epoch 890/1000 finished | train_loss=0.477707 | lr=5.48673e-05 | epoch_time=00:01:04 | elapsed=17:32:07 | ETA=02:10:02 | estimated_finish=2026-06-17 12:24:46
Quick validation epoch=890 | pseudo_dice=0.449212 | val_time=00:00:23
Epoch 891/1000 finished | train_loss=0.447726 | lr=5.44182e-05 | epoch_time=00:01:03 | elapsed=17:33:35 | ETA=02:08:53 | estimated_finish=2026-06-17 12:25:05
Epoch 892/1000 finished | train_loss=0.444663 | lr=5.39686e-05 | epoch_time=00:01:04 | elapsed=17:34:39 | ETA=02:07:41 | estimated_finish=2026-06-17 12:24:57
Epoch 893/1000 finished | train_loss=0.467310 | lr=5.35187e-05 | epoch_time=00:01:03 | elapsed=17:35:43 | ETA=02:06:29 | estimated_finish=2026-06-17 12:24:50
Epoch 894/1000 finished | train_loss=0.429804 | lr=5.30683e-05 | epoch_time=00:01:04 | elapsed=17:36:48 | ETA=02:05:18 | estimated_finish=2026-06-17 12:24:43
Epoch 895/1000 finished | train_loss=0.467247 | lr=5.26175e-05 | epoch_time=00:01:02 | elapsed=17:37:51 | ETA=02:04:06 | estimated_finish=2026-06-17 12:24:34
Quick validation epoch=895 | pseudo_dice=0.445528 | val_time=00:00:23
Epoch 896/1000 finished | train_loss=0.491679 | lr=5.21663e-05 | epoch_time=00:01:04 | elapsed=17:39:20 | ETA=02:02:57 | estimated_finish=2026-06-17 12:24:54
Epoch 897/1000 finished | train_loss=0.528336 | lr=5.17146e-05 | epoch_time=00:01:03 | elapsed=17:40:24 | ETA=02:01:45 | estimated_finish=2026-06-17 12:24:46
Epoch 898/1000 finished | train_loss=0.471992 | lr=5.12625e-05 | epoch_time=00:01:03 | elapsed=17:41:28 | ETA=02:00:34 | estimated_finish=2026-06-17 12:24:39
Epoch 899/1000 finished | train_loss=0.476124 | lr=5.081e-05 | epoch_time=00:01:02 | elapsed=17:42:31 | ETA=01:59:22 | estimated_finish=2026-06-17 12:24:30
Epoch 900/1000 finished | train_loss=0.474089 | lr=5.0357e-05 | epoch_time=00:01:02 | elapsed=17:43:33 | ETA=01:58:10 | estimated_finish=2026-06-17 12:24:21
Quick validation epoch=900 | pseudo_dice=0.433457 | val_time=00:00:23
Full validation epoch=900 | mean_dice=0.305069 | val_time=00:03:56
New best full-validation model saved | dice=0.305069 | epoch=900
Epoch 901/1000 finished | train_loss=0.423132 | lr=4.99036e-05 | epoch_time=00:01:03 | elapsed=17:48:58 | ETA=01:57:27 | estimated_finish=2026-06-17 12:29:02
Epoch 902/1000 finished | train_loss=0.475865 | lr=4.94497e-05 | epoch_time=00:01:02 | elapsed=17:50:01 | ETA=01:56:15 | estimated_finish=2026-06-17 12:28:53
Epoch 903/1000 finished | train_loss=0.469012 | lr=4.89953e-05 | epoch_time=00:01:03 | elapsed=17:51:05 | ETA=01:55:03 | estimated_finish=2026-06-17 12:28:45
Epoch 904/1000 finished | train_loss=0.493053 | lr=4.85405e-05 | epoch_time=00:01:03 | elapsed=17:52:08 | ETA=01:53:51 | estimated_finish=2026-06-17 12:28:36
Epoch 905/1000 finished | train_loss=0.476216 | lr=4.80852e-05 | epoch_time=00:01:03 | elapsed=17:53:13 | ETA=01:52:39 | estimated_finish=2026-06-17 12:28:29
Quick validation epoch=905 | pseudo_dice=0.464446 | val_time=00:00:23
Epoch 906/1000 finished | train_loss=0.483219 | lr=4.76294e-05 | epoch_time=00:01:01 | elapsed=17:54:38 | ETA=01:51:29 | estimated_finish=2026-06-17 12:28:45
Epoch 907/1000 finished | train_loss=0.506748 | lr=4.71731e-05 | epoch_time=00:01:01 | elapsed=17:55:40 | ETA=01:50:17 | estimated_finish=2026-06-17 12:28:34
Epoch 908/1000 finished | train_loss=0.440859 | lr=4.67164e-05 | epoch_time=00:01:04 | elapsed=17:56:45 | ETA=01:49:05 | estimated_finish=2026-06-17 12:28:27
Epoch 909/1000 finished | train_loss=0.518026 | lr=4.62591e-05 | epoch_time=00:01:02 | elapsed=17:57:48 | ETA=01:47:53 | estimated_finish=2026-06-17 12:28:18
Epoch 910/1000 finished | train_loss=0.503503 | lr=4.58013e-05 | epoch_time=00:01:03 | elapsed=17:58:51 | ETA=01:46:42 | estimated_finish=2026-06-17 12:28:10
Quick validation epoch=910 | pseudo_dice=0.434996 | val_time=00:00:23
Epoch 911/1000 finished | train_loss=0.455086 | lr=4.53431e-05 | epoch_time=00:01:02 | elapsed=18:00:18 | ETA=01:45:32 | estimated_finish=2026-06-17 12:28:27
Epoch 912/1000 finished | train_loss=0.490337 | lr=4.48843e-05 | epoch_time=00:01:03 | elapsed=18:01:22 | ETA=01:44:20 | estimated_finish=2026-06-17 12:28:19
Epoch 913/1000 finished | train_loss=0.479173 | lr=4.4425e-05 | epoch_time=00:01:02 | elapsed=18:02:25 | ETA=01:43:08 | estimated_finish=2026-06-17 12:28:10
Epoch 914/1000 finished | train_loss=0.431740 | lr=4.39652e-05 | epoch_time=00:01:02 | elapsed=18:03:28 | ETA=01:41:56 | estimated_finish=2026-06-17 12:28:02
Epoch 915/1000 finished | train_loss=0.474296 | lr=4.35048e-05 | epoch_time=00:01:03 | elapsed=18:04:32 | ETA=01:40:44 | estimated_finish=2026-06-17 12:27:53
Quick validation epoch=915 | pseudo_dice=0.426820 | val_time=00:00:23
Epoch 916/1000 finished | train_loss=0.553002 | lr=4.30439e-05 | epoch_time=00:01:02 | elapsed=18:05:58 | ETA=01:39:35 | estimated_finish=2026-06-17 12:28:10
Epoch 917/1000 finished | train_loss=0.477059 | lr=4.25824e-05 | epoch_time=00:01:02 | elapsed=18:07:02 | ETA=01:38:23 | estimated_finish=2026-06-17 12:28:02
Epoch 918/1000 finished | train_loss=0.521069 | lr=4.21204e-05 | epoch_time=00:01:03 | elapsed=18:08:06 | ETA=01:37:11 | estimated_finish=2026-06-17 12:27:54
Epoch 919/1000 finished | train_loss=0.487145 | lr=4.16578e-05 | epoch_time=00:01:03 | elapsed=18:09:10 | ETA=01:35:59 | estimated_finish=2026-06-17 12:27:46
Epoch 920/1000 finished | train_loss=0.504610 | lr=4.11947e-05 | epoch_time=00:01:02 | elapsed=18:10:13 | ETA=01:34:48 | estimated_finish=2026-06-17 12:27:38
Quick validation epoch=920 | pseudo_dice=0.398524 | val_time=00:00:23
Epoch 921/1000 finished | train_loss=0.453786 | lr=4.07309e-05 | epoch_time=00:01:04 | elapsed=18:11:42 | ETA=01:33:38 | estimated_finish=2026-06-17 12:27:57
Epoch 922/1000 finished | train_loss=0.462495 | lr=4.02666e-05 | epoch_time=00:01:02 | elapsed=18:12:44 | ETA=01:32:26 | estimated_finish=2026-06-17 12:27:48
Epoch 923/1000 finished | train_loss=0.471460 | lr=3.98017e-05 | epoch_time=00:01:03 | elapsed=18:13:48 | ETA=01:31:14 | estimated_finish=2026-06-17 12:27:40
Epoch 924/1000 finished | train_loss=0.504193 | lr=3.93362e-05 | epoch_time=00:01:00 | elapsed=18:14:49 | ETA=01:30:03 | estimated_finish=2026-06-17 12:27:29
Epoch 925/1000 finished | train_loss=0.438769 | lr=3.88701e-05 | epoch_time=00:01:03 | elapsed=18:15:53 | ETA=01:28:51 | estimated_finish=2026-06-17 12:27:21
Quick validation epoch=925 | pseudo_dice=0.490516 | val_time=00:00:23
Epoch 926/1000 finished | train_loss=0.471013 | lr=3.84033e-05 | epoch_time=00:01:04 | elapsed=18:17:21 | ETA=01:27:41 | estimated_finish=2026-06-17 12:27:40
Epoch 927/1000 finished | train_loss=0.449113 | lr=3.79359e-05 | epoch_time=00:01:03 | elapsed=18:18:25 | ETA=01:26:29 | estimated_finish=2026-06-17 12:27:32
Epoch 928/1000 finished | train_loss=0.507264 | lr=3.74679e-05 | epoch_time=00:01:02 | elapsed=18:19:29 | ETA=01:25:18 | estimated_finish=2026-06-17 12:27:23
Epoch 929/1000 finished | train_loss=0.470363 | lr=3.69992e-05 | epoch_time=00:01:05 | elapsed=18:20:34 | ETA=01:24:06 | estimated_finish=2026-06-17 12:27:18
Epoch 930/1000 finished | train_loss=0.436787 | lr=3.65299e-05 | epoch_time=00:01:03 | elapsed=18:21:38 | ETA=01:22:55 | estimated_finish=2026-06-17 12:27:10
Quick validation epoch=930 | pseudo_dice=0.443352 | val_time=00:00:23
Epoch 931/1000 finished | train_loss=0.496151 | lr=3.60599e-05 | epoch_time=00:01:01 | elapsed=18:23:04 | ETA=01:21:45 | estimated_finish=2026-06-17 12:27:25
Epoch 932/1000 finished | train_loss=0.468053 | lr=3.55892e-05 | epoch_time=00:01:03 | elapsed=18:24:08 | ETA=01:20:33 | estimated_finish=2026-06-17 12:27:18
Epoch 933/1000 finished | train_loss=0.481436 | lr=3.51178e-05 | epoch_time=00:01:02 | elapsed=18:25:10 | ETA=01:19:21 | estimated_finish=2026-06-17 12:27:09
Epoch 934/1000 finished | train_loss=0.505615 | lr=3.46457e-05 | epoch_time=00:01:04 | elapsed=18:26:15 | ETA=01:18:10 | estimated_finish=2026-06-17 12:27:03
Epoch 935/1000 finished | train_loss=0.482546 | lr=3.41729e-05 | epoch_time=00:01:04 | elapsed=18:27:20 | ETA=01:16:58 | estimated_finish=2026-06-17 12:26:56
Quick validation epoch=935 | pseudo_dice=0.420018 | val_time=00:00:24
Epoch 936/1000 finished | train_loss=0.573200 | lr=3.36994e-05 | epoch_time=00:01:03 | elapsed=18:28:48 | ETA=01:15:48 | estimated_finish=2026-06-17 12:27:14
Epoch 937/1000 finished | train_loss=0.455395 | lr=3.32251e-05 | epoch_time=00:01:02 | elapsed=18:29:51 | ETA=01:14:37 | estimated_finish=2026-06-17 12:27:05
Epoch 938/1000 finished | train_loss=0.475242 | lr=3.27501e-05 | epoch_time=00:01:03 | elapsed=18:30:55 | ETA=01:13:25 | estimated_finish=2026-06-17 12:26:57
Epoch 939/1000 finished | train_loss=0.495955 | lr=3.22743e-05 | epoch_time=00:01:02 | elapsed=18:31:58 | ETA=01:12:14 | estimated_finish=2026-06-17 12:26:49
Epoch 940/1000 finished | train_loss=0.530694 | lr=3.17977e-05 | epoch_time=00:01:06 | elapsed=18:33:04 | ETA=01:11:02 | estimated_finish=2026-06-17 12:26:44
Quick validation epoch=940 | pseudo_dice=0.456072 | val_time=00:00:24
Epoch 941/1000 finished | train_loss=0.502427 | lr=3.13204e-05 | epoch_time=00:01:01 | elapsed=18:34:31 | ETA=01:09:52 | estimated_finish=2026-06-17 12:27:00
Epoch 942/1000 finished | train_loss=0.494215 | lr=3.08422e-05 | epoch_time=00:01:04 | elapsed=18:35:36 | ETA=01:08:41 | estimated_finish=2026-06-17 12:26:54
Epoch 943/1000 finished | train_loss=0.474387 | lr=3.03632e-05 | epoch_time=00:01:05 | elapsed=18:36:42 | ETA=01:07:29 | estimated_finish=2026-06-17 12:26:49
Epoch 944/1000 finished | train_loss=0.456711 | lr=2.98833e-05 | epoch_time=00:01:01 | elapsed=18:37:44 | ETA=01:06:18 | estimated_finish=2026-06-17 12:26:39
Epoch 945/1000 finished | train_loss=0.472536 | lr=2.94026e-05 | epoch_time=00:01:03 | elapsed=18:38:48 | ETA=01:05:06 | estimated_finish=2026-06-17 12:26:32
Quick validation epoch=945 | pseudo_dice=0.453804 | val_time=00:00:23
Epoch 946/1000 finished | train_loss=0.482209 | lr=2.89211e-05 | epoch_time=00:01:04 | elapsed=18:40:17 | ETA=01:03:56 | estimated_finish=2026-06-17 12:26:51
Epoch 947/1000 finished | train_loss=0.450812 | lr=2.84386e-05 | epoch_time=00:01:02 | elapsed=18:41:20 | ETA=01:02:45 | estimated_finish=2026-06-17 12:26:42
Epoch 948/1000 finished | train_loss=0.462896 | lr=2.79552e-05 | epoch_time=00:01:01 | elapsed=18:42:22 | ETA=01:01:33 | estimated_finish=2026-06-17 12:26:33
Epoch 949/1000 finished | train_loss=0.453953 | lr=2.74709e-05 | epoch_time=00:01:03 | elapsed=18:43:26 | ETA=01:00:22 | estimated_finish=2026-06-17 12:26:25
Epoch 950/1000 finished | train_loss=0.433158 | lr=2.69857e-05 | epoch_time=00:01:03 | elapsed=18:44:29 | ETA=00:59:11 | estimated_finish=2026-06-17 12:26:17
Quick validation epoch=950 | pseudo_dice=0.422428 | val_time=00:00:24
Epoch 951/1000 finished | train_loss=0.488057 | lr=2.64994e-05 | epoch_time=00:01:03 | elapsed=18:45:57 | ETA=00:58:00 | estimated_finish=2026-06-17 12:26:35
Epoch 952/1000 finished | train_loss=0.492748 | lr=2.60122e-05 | epoch_time=00:01:02 | elapsed=18:47:01 | ETA=00:56:49 | estimated_finish=2026-06-17 12:26:27
Epoch 953/1000 finished | train_loss=0.495947 | lr=2.5524e-05 | epoch_time=00:01:05 | elapsed=18:48:07 | ETA=00:55:38 | estimated_finish=2026-06-17 12:26:22
Epoch 954/1000 finished | train_loss=0.480432 | lr=2.50347e-05 | epoch_time=00:01:03 | elapsed=18:49:11 | ETA=00:54:26 | estimated_finish=2026-06-17 12:26:15
Epoch 955/1000 finished | train_loss=0.438118 | lr=2.45443e-05 | epoch_time=00:01:06 | elapsed=18:50:18 | ETA=00:53:15 | estimated_finish=2026-06-17 12:26:11
Quick validation epoch=955 | pseudo_dice=0.366973 | val_time=00:00:23
Epoch 956/1000 finished | train_loss=0.513562 | lr=2.40529e-05 | epoch_time=00:01:02 | elapsed=18:51:45 | ETA=00:52:05 | estimated_finish=2026-06-17 12:26:27
Epoch 957/1000 finished | train_loss=0.498752 | lr=2.35603e-05 | epoch_time=00:01:03 | elapsed=18:52:49 | ETA=00:50:54 | estimated_finish=2026-06-17 12:26:20
Epoch 958/1000 finished | train_loss=0.487446 | lr=2.30666e-05 | epoch_time=00:01:02 | elapsed=18:53:52 | ETA=00:49:42 | estimated_finish=2026-06-17 12:26:11
Epoch 959/1000 finished | train_loss=0.489208 | lr=2.25718e-05 | epoch_time=00:01:03 | elapsed=18:54:56 | ETA=00:48:31 | estimated_finish=2026-06-17 12:26:04
Epoch 960/1000 finished | train_loss=0.489493 | lr=2.20757e-05 | epoch_time=00:01:03 | elapsed=18:56:00 | ETA=00:47:20 | estimated_finish=2026-06-17 12:25:56
Quick validation epoch=960 | pseudo_dice=0.390053 | val_time=00:00:23
Epoch 961/1000 finished | train_loss=0.464537 | lr=2.15783e-05 | epoch_time=00:01:03 | elapsed=18:57:27 | ETA=00:46:09 | estimated_finish=2026-06-17 12:26:14
Epoch 962/1000 finished | train_loss=0.476963 | lr=2.10797e-05 | epoch_time=00:01:02 | elapsed=18:58:30 | ETA=00:44:58 | estimated_finish=2026-06-17 12:26:05
Epoch 963/1000 finished | train_loss=0.481957 | lr=2.05798e-05 | epoch_time=00:01:04 | elapsed=18:59:36 | ETA=00:43:47 | estimated_finish=2026-06-17 12:25:59
Epoch 964/1000 finished | train_loss=0.457045 | lr=2.00785e-05 | epoch_time=00:01:03 | elapsed=19:00:39 | ETA=00:42:35 | estimated_finish=2026-06-17 12:25:52
Epoch 965/1000 finished | train_loss=0.502957 | lr=1.95759e-05 | epoch_time=00:01:02 | elapsed=19:01:43 | ETA=00:41:24 | estimated_finish=2026-06-17 12:25:44
Quick validation epoch=965 | pseudo_dice=0.415692 | val_time=00:00:23
Epoch 966/1000 finished | train_loss=0.490756 | lr=1.90718e-05 | epoch_time=00:01:03 | elapsed=19:03:10 | ETA=00:40:14 | estimated_finish=2026-06-17 12:26:01
Epoch 967/1000 finished | train_loss=0.473591 | lr=1.85662e-05 | epoch_time=00:01:03 | elapsed=19:04:14 | ETA=00:39:02 | estimated_finish=2026-06-17 12:25:54
Epoch 968/1000 finished | train_loss=0.503040 | lr=1.80591e-05 | epoch_time=00:01:02 | elapsed=19:05:17 | ETA=00:37:51 | estimated_finish=2026-06-17 12:25:45
Epoch 969/1000 finished | train_loss=0.493156 | lr=1.75503e-05 | epoch_time=00:01:02 | elapsed=19:06:20 | ETA=00:36:40 | estimated_finish=2026-06-17 12:25:37
Epoch 970/1000 finished | train_loss=0.492285 | lr=1.704e-05 | epoch_time=00:01:02 | elapsed=19:07:23 | ETA=00:35:29 | estimated_finish=2026-06-17 12:25:29
Quick validation epoch=970 | pseudo_dice=0.387830 | val_time=00:00:24
Epoch 971/1000 finished | train_loss=0.445323 | lr=1.65279e-05 | epoch_time=00:01:03 | elapsed=19:08:51 | ETA=00:34:18 | estimated_finish=2026-06-17 12:25:46
Epoch 972/1000 finished | train_loss=0.480223 | lr=1.60141e-05 | epoch_time=00:01:03 | elapsed=19:09:55 | ETA=00:33:07 | estimated_finish=2026-06-17 12:25:39
Epoch 973/1000 finished | train_loss=0.519321 | lr=1.54984e-05 | epoch_time=00:01:04 | elapsed=19:11:00 | ETA=00:31:56 | estimated_finish=2026-06-17 12:25:33
Epoch 974/1000 finished | train_loss=0.471334 | lr=1.49808e-05 | epoch_time=00:01:05 | elapsed=19:12:06 | ETA=00:30:45 | estimated_finish=2026-06-17 12:25:28
Epoch 975/1000 finished | train_loss=0.474405 | lr=1.44613e-05 | epoch_time=00:01:02 | elapsed=19:13:08 | ETA=00:29:34 | estimated_finish=2026-06-17 12:25:19
Quick validation epoch=975 | pseudo_dice=0.425487 | val_time=00:00:23
Epoch 976/1000 finished | train_loss=0.487550 | lr=1.39396e-05 | epoch_time=00:01:03 | elapsed=19:14:35 | ETA=00:28:23 | estimated_finish=2026-06-17 12:25:36
Epoch 977/1000 finished | train_loss=0.532391 | lr=1.34158e-05 | epoch_time=00:01:04 | elapsed=19:15:40 | ETA=00:27:12 | estimated_finish=2026-06-17 12:25:29
Epoch 978/1000 finished | train_loss=0.463658 | lr=1.28896e-05 | epoch_time=00:01:03 | elapsed=19:16:44 | ETA=00:26:01 | estimated_finish=2026-06-17 12:25:22
Epoch 979/1000 finished | train_loss=0.481626 | lr=1.23611e-05 | epoch_time=00:01:03 | elapsed=19:17:48 | ETA=00:24:50 | estimated_finish=2026-06-17 12:25:15
Epoch 980/1000 finished | train_loss=0.491201 | lr=1.18301e-05 | epoch_time=00:01:02 | elapsed=19:18:51 | ETA=00:23:39 | estimated_finish=2026-06-17 12:25:07
Quick validation epoch=980 | pseudo_dice=0.465874 | val_time=00:00:24
Epoch 981/1000 finished | train_loss=0.497084 | lr=1.12964e-05 | epoch_time=00:01:03 | elapsed=19:20:19 | ETA=00:22:28 | estimated_finish=2026-06-17 12:25:24
Epoch 982/1000 finished | train_loss=0.504825 | lr=1.07598e-05 | epoch_time=00:01:03 | elapsed=19:21:24 | ETA=00:21:17 | estimated_finish=2026-06-17 12:25:18
Epoch 983/1000 finished | train_loss=0.487147 | lr=1.02203e-05 | epoch_time=00:01:04 | elapsed=19:22:28 | ETA=00:20:06 | estimated_finish=2026-06-17 12:25:11
Epoch 984/1000 finished | train_loss=0.471181 | lr=9.67761e-06 | epoch_time=00:01:04 | elapsed=19:23:34 | ETA=00:18:55 | estimated_finish=2026-06-17 12:25:05
Epoch 985/1000 finished | train_loss=0.494828 | lr=9.1315e-06 | epoch_time=00:01:03 | elapsed=19:24:37 | ETA=00:17:44 | estimated_finish=2026-06-17 12:24:58
Quick validation epoch=985 | pseudo_dice=0.389639 | val_time=00:00:24
Epoch 986/1000 finished | train_loss=0.501989 | lr=8.58174e-06 | epoch_time=00:01:03 | elapsed=19:26:05 | ETA=00:16:33 | estimated_finish=2026-06-17 12:25:15
Epoch 987/1000 finished | train_loss=0.495662 | lr=8.02803e-06 | epoch_time=00:01:03 | elapsed=19:27:10 | ETA=00:15:22 | estimated_finish=2026-06-17 12:25:09
Epoch 988/1000 finished | train_loss=0.466996 | lr=7.47004e-06 | epoch_time=00:01:03 | elapsed=19:28:14 | ETA=00:14:11 | estimated_finish=2026-06-17 12:25:02
Epoch 989/1000 finished | train_loss=0.481945 | lr=6.90738e-06 | epoch_time=00:01:03 | elapsed=19:29:18 | ETA=00:13:00 | estimated_finish=2026-06-17 12:24:55
Epoch 990/1000 finished | train_loss=0.516556 | lr=6.33957e-06 | epoch_time=00:01:04 | elapsed=19:30:23 | ETA=00:11:49 | estimated_finish=2026-06-17 12:24:49
Quick validation epoch=990 | pseudo_dice=0.431208 | val_time=00:00:24
Epoch 991/1000 finished | train_loss=0.490507 | lr=5.76605e-06 | epoch_time=00:01:03 | elapsed=19:31:51 | ETA=00:10:38 | estimated_finish=2026-06-17 12:25:06
Epoch 992/1000 finished | train_loss=0.482802 | lr=5.1861e-06 | epoch_time=00:01:03 | elapsed=19:32:55 | ETA=00:09:27 | estimated_finish=2026-06-17 12:24:59
Epoch 993/1000 finished | train_loss=0.516158 | lr=4.59884e-06 | epoch_time=00:01:02 | elapsed=19:33:57 | ETA=00:08:16 | estimated_finish=2026-06-17 12:24:51
Epoch 994/1000 finished | train_loss=0.499440 | lr=4.0031e-06 | epoch_time=00:01:03 | elapsed=19:35:01 | ETA=00:07:05 | estimated_finish=2026-06-17 12:24:43
Epoch 995/1000 finished | train_loss=0.475660 | lr=3.39729e-06 | epoch_time=00:01:02 | elapsed=19:36:04 | ETA=00:05:54 | estimated_finish=2026-06-17 12:24:35
Quick validation epoch=995 | pseudo_dice=0.476723 | val_time=00:00:23
Epoch 996/1000 finished | train_loss=0.499009 | lr=2.77916e-06 | epoch_time=00:01:01 | elapsed=19:37:29 | ETA=00:04:43 | estimated_finish=2026-06-17 12:24:50
Epoch 997/1000 finished | train_loss=0.482767 | lr=2.14521e-06 | epoch_time=00:01:02 | elapsed=19:38:32 | ETA=00:03:32 | estimated_finish=2026-06-17 12:24:42
Epoch 998/1000 finished | train_loss=0.474082 | lr=1.48932e-06 | epoch_time=00:01:02 | elapsed=19:39:36 | ETA=00:02:21 | estimated_finish=2026-06-17 12:24:34
Epoch 999/1000 finished | train_loss=0.470199 | lr=7.98105e-07 | epoch_time=00:01:02 | elapsed=19:40:39 | ETA=00:01:10 | estimated_finish=2026-06-17 12:24:26
Epoch 1000/1000 finished | train_loss=0.496400 | lr=0 | epoch_time=00:01:01 | elapsed=19:41:41 | ETA=00:00:00 | estimated_finish=2026-06-17 12:24:18
Quick validation epoch=1000 | pseudo_dice=0.450700 | val_time=00:00:23
Full validation epoch=1000 | mean_dice=0.306631 | val_time=00:03:56
New best full-validation model saved | dice=0.306631 | epoch=1000
Final full validation epoch=1000 | mean_dice=0.306631 | val_time=00:03:56
==========================================
Training finished
Fold: 3
Best pseudo Dice: 0.534403 at epoch 140
Best full Dice: 0.306631 at epoch 1000
Final Dice: 0.306631 at epoch 1000
Final metrics saved: runs/fold3/final_metrics.json
==========================================
==========================================
Finished fold 3
==========================================
