==========================================
MedNeXt SBO vessel training
Fold: 3
JSON: /vf/users/drdcad/Hyuna/projects/vessel_seg/code/train_MedNeXt/jsons/sbo_vessel_5fold.json
OUT_DIR: ./runs/fold3
CUDA_VISIBLE_DEVICES: 0
Start time: Tue Jun 16 16:42:21 EDT 2026
==========================================
Fold: 3
Train cases: 93
Val cases: 24
Preprocessed dir: /data/drdcad/datasets_nnUNet/nnUNet_preprocessed/Dataset101_SBOvessel/nnUNetPlans_3d_fullres
Output dir: runs/fold3/fold_3
MedNeXt model_id: S | kernel_size=3 | deep_supervision=True
Total epochs: 1000
Steps per epoch: 93
Training started at: 2026-06-16 16:42:33
Epoch 1/1000 finished | train_loss=1.069214 | lr=0.0009991 | epoch_time=00:01:10 | elapsed=00:01:10 | ETA=19:36:22 | estimated_finish=2026-06-17 12:20:06
Epoch 2/1000 finished | train_loss=0.961483 | lr=0.0009982 | epoch_time=00:01:05 | elapsed=00:02:16 | ETA=18:51:27 | estimated_finish=2026-06-17 11:36:17
Epoch 3/1000 finished | train_loss=0.967076 | lr=0.0009973 | epoch_time=00:01:04 | elapsed=00:03:20 | ETA=18:28:52 | estimated_finish=2026-06-17 11:14:45
Epoch 4/1000 finished | train_loss=0.949352 | lr=0.000996399 | epoch_time=00:01:04 | elapsed=00:04:25 | ETA=18:20:19 | estimated_finish=2026-06-17 11:07:17
Epoch 5/1000 finished | train_loss=0.969917 | lr=0.000995499 | epoch_time=00:01:03 | elapsed=00:05:29 | ETA=18:11:24 | estimated_finish=2026-06-17 10:59:27
Quick validation epoch=5 | pseudo_dice=0.280394 | val_time=00:00:26
New best model saved by quick validation | pseudo_dice=0.280394 | epoch=5
Epoch 6/1000 finished | train_loss=nan | lr=0.000994598 | epoch_time=00:00:59 | elapsed=00:06:55 | ETA=19:07:27 | estimated_finish=2026-06-17 11:56:56
Epoch 7/1000 finished | train_loss=nan | lr=0.000993698 | epoch_time=00:01:01 | elapsed=00:07:57 | ETA=18:48:04 | estimated_finish=2026-06-17 11:38:34
Epoch 8/1000 finished | train_loss=nan | lr=0.000992797 | epoch_time=00:01:01 | elapsed=00:08:58 | ETA=18:33:12 | estimated_finish=2026-06-17 11:24:44
Epoch 9/1000 finished | train_loss=nan | lr=0.000991896 | epoch_time=00:01:02 | elapsed=00:10:01 | ETA=18:24:15 | estimated_finish=2026-06-17 11:16:50
Epoch 10/1000 finished | train_loss=nan | lr=0.000990995 | epoch_time=00:01:01 | elapsed=00:11:03 | ETA=18:14:58 | estimated_finish=2026-06-17 11:08:35
Quick validation epoch=10 | pseudo_dice=0.000000 | val_time=00:00:23
Epoch 11/1000 finished | train_loss=nan | lr=0.000990095 | epoch_time=00:00:59 | elapsed=00:12:26 | ETA=18:39:03 | estimated_finish=2026-06-17 11:34:03
Epoch 12/1000 finished | train_loss=nan | lr=0.000989193 | epoch_time=00:01:02 | elapsed=00:13:29 | ETA=18:31:14 | estimated_finish=2026-06-17 11:27:17
Epoch 13/1000 finished | train_loss=nan | lr=0.000988292 | epoch_time=00:01:01 | elapsed=00:14:30 | ETA=18:22:07 | estimated_finish=2026-06-17 11:19:11
Epoch 14/1000 finished | train_loss=nan | lr=0.000987391 | epoch_time=00:01:01 | elapsed=00:15:32 | ETA=18:14:11 | estimated_finish=2026-06-17 11:12:17
Epoch 15/1000 finished | train_loss=nan | lr=0.00098649 | epoch_time=00:01:01 | elapsed=00:16:34 | ETA=18:08:10 | estimated_finish=2026-06-17 11:07:17
Quick validation epoch=15 | pseudo_dice=0.000000 | val_time=00:00:25
Epoch 16/1000 finished | train_loss=nan | lr=0.000985588 | epoch_time=00:01:01 | elapsed=00:18:01 | ETA=18:28:02 | estimated_finish=2026-06-17 11:28:36
Epoch 17/1000 finished | train_loss=nan | lr=0.000984687 | epoch_time=00:01:00 | elapsed=00:19:01 | ETA=18:20:12 | estimated_finish=2026-06-17 11:21:47
Epoch 18/1000 finished | train_loss=nan | lr=0.000983785 | epoch_time=00:01:02 | elapsed=00:20:03 | ETA=18:14:42 | estimated_finish=2026-06-17 11:17:20
Epoch 19/1000 finished | train_loss=nan | lr=0.000982884 | epoch_time=00:01:00 | elapsed=00:21:04 | ETA=18:08:20 | estimated_finish=2026-06-17 11:11:58
Epoch 20/1000 finished | train_loss=nan | lr=0.000981982 | epoch_time=00:01:01 | elapsed=00:22:06 | ETA=18:02:55 | estimated_finish=2026-06-17 11:07:34
Quick validation epoch=20 | pseudo_dice=0.000000 | val_time=00:00:23
Epoch 21/1000 finished | train_loss=nan | lr=0.00098108 | epoch_time=00:01:00 | elapsed=00:23:30 | ETA=18:15:45 | estimated_finish=2026-06-17 11:21:48
Epoch 22/1000 finished | train_loss=nan | lr=0.000980178 | epoch_time=00:01:00 | elapsed=00:24:31 | ETA=18:09:55 | estimated_finish=2026-06-17 11:16:59
Epoch 23/1000 finished | train_loss=nan | lr=0.000979276 | epoch_time=00:01:01 | elapsed=00:25:32 | ETA=18:04:50 | estimated_finish=2026-06-17 11:12:56
Epoch 24/1000 finished | train_loss=nan | lr=0.000978374 | epoch_time=00:01:02 | elapsed=00:26:34 | ETA=18:00:48 | estimated_finish=2026-06-17 11:09:55
Epoch 25/1000 finished | train_loss=nan | lr=0.000977472 | epoch_time=00:01:01 | elapsed=00:27:36 | ETA=17:56:31 | estimated_finish=2026-06-17 11:06:41
Quick validation epoch=25 | pseudo_dice=0.000000 | val_time=00:00:23
Epoch 26/1000 finished | train_loss=nan | lr=0.000976569 | epoch_time=00:01:02 | elapsed=00:29:02 | ETA=18:07:40 | estimated_finish=2026-06-17 11:19:16
Epoch 27/1000 finished | train_loss=nan | lr=0.000975667 | epoch_time=00:01:00 | elapsed=00:30:02 | ETA=18:02:40 | estimated_finish=2026-06-17 11:15:15
Epoch 28/1000 finished | train_loss=nan | lr=0.000974764 | epoch_time=00:01:02 | elapsed=00:31:05 | ETA=17:59:03 | estimated_finish=2026-06-17 11:12:42
Epoch 29/1000 finished | train_loss=nan | lr=0.000973862 | epoch_time=00:01:01 | elapsed=00:32:06 | ETA=17:55:08 | estimated_finish=2026-06-17 11:09:48
Epoch 30/1000 finished | train_loss=nan | lr=0.000972959 | epoch_time=00:01:02 | elapsed=00:33:09 | ETA=17:51:54 | estimated_finish=2026-06-17 11:07:36
Quick validation epoch=30 | pseudo_dice=0.000000 | val_time=00:00:23
Epoch 31/1000 finished | train_loss=nan | lr=0.000972056 | epoch_time=00:01:00 | elapsed=00:34:33 | ETA=18:00:06 | estimated_finish=2026-06-17 11:17:12
Epoch 32/1000 finished | train_loss=nan | lr=0.000971153 | epoch_time=00:01:00 | elapsed=00:35:34 | ETA=17:56:05 | estimated_finish=2026-06-17 11:14:12
Epoch 33/1000 finished | train_loss=nan | lr=0.00097025 | epoch_time=00:01:00 | elapsed=00:36:35 | ETA=17:52:07 | estimated_finish=2026-06-17 11:11:15
Epoch 34/1000 finished | train_loss=nan | lr=0.000969347 | epoch_time=00:01:00 | elapsed=00:37:35 | ETA=17:48:01 | estimated_finish=2026-06-17 11:08:10
Epoch 35/1000 finished | train_loss=nan | lr=0.000968444 | epoch_time=00:01:02 | elapsed=00:38:37 | ETA=17:45:05 | estimated_finish=2026-06-17 11:06:16
Quick validation epoch=35 | pseudo_dice=0.000000 | val_time=00:00:23
Epoch 36/1000 finished | train_loss=nan | lr=0.000967541 | epoch_time=00:01:00 | elapsed=00:40:02 | ETA=17:52:03 | estimated_finish=2026-06-17 11:14:38
Epoch 37/1000 finished | train_loss=nan | lr=0.000966638 | epoch_time=00:01:00 | elapsed=00:41:03 | ETA=17:48:31 | estimated_finish=2026-06-17 11:12:07
Epoch 38/1000 finished | train_loss=nan | lr=0.000965734 | epoch_time=00:00:59 | elapsed=00:42:02 | ETA=17:44:29 | estimated_finish=2026-06-17 11:09:05
Epoch 39/1000 finished | train_loss=nan | lr=0.000964831 | epoch_time=00:01:02 | elapsed=00:43:05 | ETA=17:41:57 | estimated_finish=2026-06-17 11:07:36
Epoch 40/1000 finished | train_loss=nan | lr=0.000963927 | epoch_time=00:01:00 | elapsed=00:44:06 | ETA=17:38:31 | estimated_finish=2026-06-17 11:05:11
Quick validation epoch=40 | pseudo_dice=0.000000 | val_time=00:00:23
Epoch 41/1000 finished | train_loss=nan | lr=0.000963023 | epoch_time=00:01:01 | elapsed=00:45:31 | ETA=17:44:53 | estimated_finish=2026-06-17 11:12:57
Epoch 42/1000 finished | train_loss=nan | lr=0.000962119 | epoch_time=00:01:06 | elapsed=00:46:37 | ETA=17:43:36 | estimated_finish=2026-06-17 11:12:47
Epoch 43/1000 finished | train_loss=nan | lr=0.000961215 | epoch_time=00:01:04 | elapsed=00:47:42 | ETA=17:41:56 | estimated_finish=2026-06-17 11:12:12
Epoch 44/1000 finished | train_loss=nan | lr=0.000960311 | epoch_time=00:01:18 | elapsed=00:49:01 | ETA=17:45:07 | estimated_finish=2026-06-17 11:16:41
Epoch 45/1000 finished | train_loss=nan | lr=0.000959407 | epoch_time=00:01:05 | elapsed=00:50:07 | ETA=17:43:42 | estimated_finish=2026-06-17 11:16:22
Quick validation epoch=45 | pseudo_dice=0.000000 | val_time=00:00:24
Epoch 46/1000 finished | train_loss=nan | lr=0.000958503 | epoch_time=00:01:02 | elapsed=00:51:34 | ETA=17:49:26 | estimated_finish=2026-06-17 11:23:34
Epoch 47/1000 finished | train_loss=nan | lr=0.000957599 | epoch_time=00:01:00 | elapsed=00:52:34 | ETA=17:46:02 | estimated_finish=2026-06-17 11:21:10
Epoch 48/1000 finished | train_loss=nan | lr=0.000956694 | epoch_time=00:01:00 | elapsed=00:53:34 | ETA=17:42:42 | estimated_finish=2026-06-17 11:18:50
Epoch 49/1000 finished | train_loss=nan | lr=0.00095579 | epoch_time=00:01:01 | elapsed=00:54:36 | ETA=17:39:55 | estimated_finish=2026-06-17 11:17:05
Epoch 50/1000 finished | train_loss=nan | lr=0.000954885 | epoch_time=00:00:59 | elapsed=00:55:36 | ETA=17:36:27 | estimated_finish=2026-06-17 11:14:36
Quick validation epoch=50 | pseudo_dice=0.000000 | val_time=00:00:23
Epoch 51/1000 finished | train_loss=nan | lr=0.000953981 | epoch_time=00:01:00 | elapsed=00:57:00 | ETA=17:40:49 | estimated_finish=2026-06-17 11:20:23
Epoch 52/1000 finished | train_loss=nan | lr=0.000953076 | epoch_time=00:01:02 | elapsed=00:58:03 | ETA=17:38:20 | estimated_finish=2026-06-17 11:18:57
Epoch 53/1000 finished | train_loss=nan | lr=0.000952171 | epoch_time=00:01:00 | elapsed=00:59:03 | ETA=17:35:23 | estimated_finish=2026-06-17 11:17:00
Epoch 54/1000 finished | train_loss=nan | lr=0.000951266 | epoch_time=00:01:04 | elapsed=01:00:09 | ETA=17:33:45 | estimated_finish=2026-06-17 11:16:27
Epoch 55/1000 finished | train_loss=nan | lr=0.000950361 | epoch_time=00:00:59 | elapsed=01:01:08 | ETA=17:30:38 | estimated_finish=2026-06-17 11:14:20
Quick validation epoch=55 | pseudo_dice=0.000000 | val_time=00:00:23
Epoch 56/1000 finished | train_loss=nan | lr=0.000949456 | epoch_time=00:00:59 | elapsed=01:02:31 | ETA=17:34:05 | estimated_finish=2026-06-17 11:19:10
Epoch 57/1000 finished | train_loss=nan | lr=0.000948551 | epoch_time=00:01:01 | elapsed=01:03:33 | ETA=17:31:26 | estimated_finish=2026-06-17 11:17:33
Epoch 58/1000 finished | train_loss=nan | lr=0.000947645 | epoch_time=00:00:59 | elapsed=01:04:33 | ETA=17:28:26 | estimated_finish=2026-06-17 11:15:33
Epoch 59/1000 finished | train_loss=nan | lr=0.00094674 | epoch_time=00:01:00 | elapsed=01:05:34 | ETA=17:25:46 | estimated_finish=2026-06-17 11:13:54
Epoch 60/1000 finished | train_loss=nan | lr=0.000945834 | epoch_time=00:00:59 | elapsed=01:06:33 | ETA=17:22:51 | estimated_finish=2026-06-17 11:11:58
Quick validation epoch=60 | pseudo_dice=0.000000 | val_time=00:00:23
Epoch 61/1000 finished | train_loss=nan | lr=0.000944929 | epoch_time=00:01:01 | elapsed=01:07:59 | ETA=17:26:38 | estimated_finish=2026-06-17 11:17:11
Epoch 62/1000 finished | train_loss=nan | lr=0.000944023 | epoch_time=00:01:05 | elapsed=01:09:04 | ETA=17:25:08 | estimated_finish=2026-06-17 11:16:47
Epoch 63/1000 finished | train_loss=nan | lr=0.000943117 | epoch_time=00:01:01 | elapsed=01:10:06 | ETA=17:22:43 | estimated_finish=2026-06-17 11:15:23
Epoch 64/1000 finished | train_loss=nan | lr=0.000942211 | epoch_time=00:01:00 | elapsed=01:11:07 | ETA=17:20:14 | estimated_finish=2026-06-17 11:13:55
Epoch 65/1000 finished | train_loss=nan | lr=0.000941305 | epoch_time=00:01:04 | elapsed=01:12:11 | ETA=17:18:32 | estimated_finish=2026-06-17 11:13:17
Quick validation epoch=65 | pseudo_dice=0.000000 | val_time=00:00:23
Epoch 66/1000 finished | train_loss=nan | lr=0.000940399 | epoch_time=00:00:59 | elapsed=01:13:35 | ETA=17:21:26 | estimated_finish=2026-06-17 11:17:34
Epoch 67/1000 finished | train_loss=nan | lr=0.000939493 | epoch_time=00:01:00 | elapsed=01:14:35 | ETA=17:18:49 | estimated_finish=2026-06-17 11:15:58
Epoch 68/1000 finished | train_loss=nan | lr=0.000938587 | epoch_time=00:01:03 | elapsed=01:15:39 | ETA=17:16:58 | estimated_finish=2026-06-17 11:15:11
Epoch 69/1000 finished | train_loss=nan | lr=0.00093768 | epoch_time=00:01:01 | elapsed=01:16:41 | ETA=17:14:44 | estimated_finish=2026-06-17 11:13:59
Epoch 70/1000 finished | train_loss=nan | lr=0.000936774 | epoch_time=00:01:01 | elapsed=01:17:43 | ETA=17:12:37 | estimated_finish=2026-06-17 11:12:53
Quick validation epoch=70 | pseudo_dice=0.000000 | val_time=00:00:24
Epoch 71/1000 finished | train_loss=nan | lr=0.000935867 | epoch_time=00:01:00 | elapsed=01:19:09 | ETA=17:15:41 | estimated_finish=2026-06-17 11:17:24
Epoch 72/1000 finished | train_loss=nan | lr=0.00093496 | epoch_time=00:01:02 | elapsed=01:20:11 | ETA=17:13:36 | estimated_finish=2026-06-17 11:16:21
Epoch 73/1000 finished | train_loss=nan | lr=0.000934054 | epoch_time=00:01:00 | elapsed=01:21:12 | ETA=17:11:16 | estimated_finish=2026-06-17 11:15:02
Epoch 74/1000 finished | train_loss=nan | lr=0.000933147 | epoch_time=00:00:59 | elapsed=01:22:11 | ETA=17:08:35 | estimated_finish=2026-06-17 11:13:20
Epoch 75/1000 finished | train_loss=nan | lr=0.00093224 | epoch_time=00:01:01 | elapsed=01:23:13 | ETA=17:06:29 | estimated_finish=2026-06-17 11:12:16
Quick validation epoch=75 | pseudo_dice=0.000000 | val_time=00:00:24
Epoch 76/1000 finished | train_loss=nan | lr=0.000931333 | epoch_time=00:01:01 | elapsed=01:24:39 | ETA=17:09:16 | estimated_finish=2026-06-17 11:16:29
Epoch 77/1000 finished | train_loss=nan | lr=0.000930425 | epoch_time=00:01:02 | elapsed=01:25:42 | ETA=17:07:18 | estimated_finish=2026-06-17 11:15:33
Epoch 78/1000 finished | train_loss=nan | lr=0.000929518 | epoch_time=00:01:00 | elapsed=01:26:42 | ETA=17:05:00 | estimated_finish=2026-06-17 11:14:16
Epoch 79/1000 finished | train_loss=nan | lr=0.000928611 | epoch_time=00:01:00 | elapsed=01:27:43 | ETA=17:02:47 | estimated_finish=2026-06-17 11:13:04
Epoch 80/1000 finished | train_loss=nan | lr=0.000927703 | epoch_time=00:01:02 | elapsed=01:28:46 | ETA=17:00:53 | estimated_finish=2026-06-17 11:12:12
Quick validation epoch=80 | pseudo_dice=0.000000 | val_time=00:00:24
Epoch 81/1000 finished | train_loss=nan | lr=0.000926796 | epoch_time=00:01:01 | elapsed=01:30:11 | ETA=17:03:22 | estimated_finish=2026-06-17 11:16:07
Epoch 82/1000 finished | train_loss=nan | lr=0.000925888 | epoch_time=00:01:02 | elapsed=01:31:14 | ETA=17:01:32 | estimated_finish=2026-06-17 11:15:21
Epoch 83/1000 finished | train_loss=nan | lr=0.00092498 | epoch_time=00:00:59 | elapsed=01:32:14 | ETA=16:59:10 | estimated_finish=2026-06-17 11:13:58
Epoch 84/1000 finished | train_loss=nan | lr=0.000924072 | epoch_time=00:01:01 | elapsed=01:33:16 | ETA=16:57:11 | estimated_finish=2026-06-17 11:13:01
Epoch 85/1000 finished | train_loss=nan | lr=0.000923164 | epoch_time=00:00:59 | elapsed=01:34:16 | ETA=16:54:53 | estimated_finish=2026-06-17 11:11:43
Quick validation epoch=85 | pseudo_dice=0.000000 | val_time=00:00:23
Epoch 86/1000 finished | train_loss=nan | lr=0.000922256 | epoch_time=00:01:03 | elapsed=01:35:43 | ETA=16:57:23 | estimated_finish=2026-06-17 11:15:40
Epoch 87/1000 finished | train_loss=nan | lr=0.000921348 | epoch_time=00:01:04 | elapsed=01:36:47 | ETA=16:55:49 | estimated_finish=2026-06-17 11:15:10
Epoch 88/1000 finished | train_loss=nan | lr=0.00092044 | epoch_time=00:01:00 | elapsed=01:37:48 | ETA=16:53:41 | estimated_finish=2026-06-17 11:14:03
Epoch 89/1000 finished | train_loss=nan | lr=0.000919531 | epoch_time=00:01:02 | elapsed=01:38:51 | ETA=16:51:50 | estimated_finish=2026-06-17 11:13:15
Epoch 90/1000 finished | train_loss=nan | lr=0.000918623 | epoch_time=00:01:00 | elapsed=01:39:52 | ETA=16:49:46 | estimated_finish=2026-06-17 11:12:11
Quick validation epoch=90 | pseudo_dice=0.000000 | val_time=00:00:24
Epoch 91/1000 finished | train_loss=nan | lr=0.000917714 | epoch_time=00:01:02 | elapsed=01:41:19 | ETA=16:52:07 | estimated_finish=2026-06-17 11:16:00
Epoch 92/1000 finished | train_loss=nan | lr=0.000916806 | epoch_time=00:01:02 | elapsed=01:42:22 | ETA=16:50:20 | estimated_finish=2026-06-17 11:15:16
Epoch 93/1000 finished | train_loss=nan | lr=0.000915897 | epoch_time=00:00:59 | elapsed=01:43:22 | ETA=16:48:09 | estimated_finish=2026-06-17 11:14:05
Epoch 94/1000 finished | train_loss=nan | lr=0.000914988 | epoch_time=00:01:02 | elapsed=01:44:25 | ETA=16:46:28 | estimated_finish=2026-06-17 11:13:27
Epoch 95/1000 finished | train_loss=nan | lr=0.000914079 | epoch_time=00:01:06 | elapsed=01:45:31 | ETA=16:45:18 | estimated_finish=2026-06-17 11:13:23
Quick validation epoch=95 | pseudo_dice=0.000000 | val_time=00:00:26
Epoch 96/1000 finished | train_loss=nan | lr=0.00091317 | epoch_time=00:01:11 | elapsed=01:47:09 | ETA=16:49:05 | estimated_finish=2026-06-17 11:18:48
Epoch 97/1000 finished | train_loss=nan | lr=0.000912261 | epoch_time=00:01:13 | elapsed=01:48:22 | ETA=16:48:56 | estimated_finish=2026-06-17 11:19:52
Epoch 98/1000 finished | train_loss=nan | lr=0.000911351 | epoch_time=00:01:10 | elapsed=01:49:33 | ETA=16:48:20 | estimated_finish=2026-06-17 11:20:26
Epoch 99/1000 finished | train_loss=nan | lr=0.000910442 | epoch_time=00:01:13 | elapsed=01:50:46 | ETA=16:48:09 | estimated_finish=2026-06-17 11:21:28
Epoch 100/1000 finished | train_loss=nan | lr=0.000909533 | epoch_time=00:01:10 | elapsed=01:51:57 | ETA=16:47:37 | estimated_finish=2026-06-17 11:22:08
Quick validation epoch=100 | pseudo_dice=0.000000 | val_time=00:00:26
Full validation epoch=100 | mean_dice=0.000000 | val_time=00:04:45
New best full-validation model saved | dice=0.000000 | epoch=100
Epoch 101/1000 finished | train_loss=nan | lr=0.000908623 | epoch_time=00:01:09 | elapsed=01:58:19 | ETA=17:33:15 | estimated_finish=2026-06-17 12:14:08
Epoch 102/1000 finished | train_loss=nan | lr=0.000907713 | epoch_time=00:01:05 | elapsed=01:59:25 | ETA=17:31:21 | estimated_finish=2026-06-17 12:13:20
Epoch 103/1000 finished | train_loss=nan | lr=0.000906804 | epoch_time=00:01:02 | elapsed=02:00:27 | ETA=17:29:06 | estimated_finish=2026-06-17 12:12:07
Epoch 104/1000 finished | train_loss=nan | lr=0.000905894 | epoch_time=00:01:01 | elapsed=02:01:30 | ETA=17:26:47 | estimated_finish=2026-06-17 12:10:50
Epoch 105/1000 finished | train_loss=nan | lr=0.000904984 | epoch_time=00:01:01 | elapsed=02:02:31 | ETA=17:24:26 | estimated_finish=2026-06-17 12:09:32
Quick validation epoch=105 | pseudo_dice=0.000000 | val_time=00:00:24
Epoch 106/1000 finished | train_loss=nan | lr=0.000904074 | epoch_time=00:01:04 | elapsed=02:04:01 | ETA=17:26:02 | estimated_finish=2026-06-17 12:12:37
Epoch 107/1000 finished | train_loss=nan | lr=0.000903163 | epoch_time=00:01:01 | elapsed=02:05:03 | ETA=17:23:42 | estimated_finish=2026-06-17 12:11:19
Epoch 108/1000 finished | train_loss=nan | lr=0.000902253 | epoch_time=00:01:05 | elapsed=02:06:09 | ETA=17:21:54 | estimated_finish=2026-06-17 12:10:37
Epoch 109/1000 finished | train_loss=nan | lr=0.000901343 | epoch_time=00:01:08 | elapsed=02:07:17 | ETA=17:20:33 | estimated_finish=2026-06-17 12:10:24
Epoch 110/1000 finished | train_loss=nan | lr=0.000900432 | epoch_time=00:01:00 | elapsed=02:08:18 | ETA=17:18:08 | estimated_finish=2026-06-17 12:09:00
Quick validation epoch=110 | pseudo_dice=0.000000 | val_time=00:00:24
Epoch 111/1000 finished | train_loss=nan | lr=0.000899522 | epoch_time=00:01:02 | elapsed=02:09:45 | ETA=17:19:16 | estimated_finish=2026-06-17 12:11:35
Epoch 112/1000 finished | train_loss=nan | lr=0.000898611 | epoch_time=00:01:02 | elapsed=02:10:48 | ETA=17:17:08 | estimated_finish=2026-06-17 12:10:30
Epoch 113/1000 finished | train_loss=nan | lr=0.0008977 | epoch_time=00:01:02 | elapsed=02:11:51 | ETA=17:14:58 | estimated_finish=2026-06-17 12:09:23
Epoch 114/1000 finished | train_loss=nan | lr=0.000896789 | epoch_time=00:01:04 | elapsed=02:12:55 | ETA=17:13:08 | estimated_finish=2026-06-17 12:08:37
Epoch 115/1000 finished | train_loss=nan | lr=0.000895878 | epoch_time=00:01:02 | elapsed=02:13:58 | ETA=17:10:59 | estimated_finish=2026-06-17 12:07:30
Quick validation epoch=115 | pseudo_dice=0.000000 | val_time=00:00:24
Epoch 116/1000 finished | train_loss=nan | lr=0.000894967 | epoch_time=00:01:01 | elapsed=02:15:25 | ETA=17:11:58 | estimated_finish=2026-06-17 12:09:56
Epoch 117/1000 finished | train_loss=nan | lr=0.000894056 | epoch_time=00:01:03 | elapsed=02:16:29 | ETA=17:10:02 | estimated_finish=2026-06-17 12:09:05
Epoch 118/1000 finished | train_loss=nan | lr=0.000893144 | epoch_time=00:01:01 | elapsed=02:17:30 | ETA=17:07:52 | estimated_finish=2026-06-17 12:07:56
Epoch 119/1000 finished | train_loss=nan | lr=0.000892233 | epoch_time=00:01:01 | elapsed=02:18:33 | ETA=17:05:45 | estimated_finish=2026-06-17 12:06:51
Epoch 120/1000 finished | train_loss=nan | lr=0.000891322 | epoch_time=00:01:02 | elapsed=02:19:35 | ETA=17:03:40 | estimated_finish=2026-06-17 12:05:48
Quick validation epoch=120 | pseudo_dice=0.000000 | val_time=00:00:24
Epoch 121/1000 finished | train_loss=nan | lr=0.00089041 | epoch_time=00:01:03 | elapsed=02:21:04 | ETA=17:04:46 | estimated_finish=2026-06-17 12:08:24
Epoch 122/1000 finished | train_loss=nan | lr=0.000889498 | epoch_time=00:01:04 | elapsed=02:22:08 | ETA=17:02:59 | estimated_finish=2026-06-17 12:07:41
Epoch 123/1000 finished | train_loss=nan | lr=0.000888586 | epoch_time=00:01:00 | elapsed=02:23:09 | ETA=17:00:45 | estimated_finish=2026-06-17 12:06:28
Epoch 124/1000 finished | train_loss=nan | lr=0.000887674 | epoch_time=00:01:03 | elapsed=02:24:13 | ETA=16:58:53 | estimated_finish=2026-06-17 12:05:39
Epoch 125/1000 finished | train_loss=nan | lr=0.000886762 | epoch_time=00:01:03 | elapsed=02:25:17 | ETA=16:56:59 | estimated_finish=2026-06-17 12:04:49
Quick validation epoch=125 | pseudo_dice=0.000000 | val_time=00:00:25
Epoch 126/1000 finished | train_loss=nan | lr=0.00088585 | epoch_time=00:01:03 | elapsed=02:26:45 | ETA=16:58:00 | estimated_finish=2026-06-17 12:07:19
Epoch 127/1000 finished | train_loss=nan | lr=0.000884938 | epoch_time=00:01:04 | elapsed=02:27:50 | ETA=16:56:13 | estimated_finish=2026-06-17 12:06:37
Epoch 128/1000 finished | train_loss=nan | lr=0.000884026 | epoch_time=00:01:01 | elapsed=02:28:52 | ETA=16:54:10 | estimated_finish=2026-06-17 12:05:35
Epoch 129/1000 finished | train_loss=nan | lr=0.000883113 | epoch_time=00:01:02 | elapsed=02:29:54 | ETA=16:52:10 | estimated_finish=2026-06-17 12:04:38
Epoch 130/1000 finished | train_loss=nan | lr=0.000882201 | epoch_time=00:01:03 | elapsed=02:30:58 | ETA=16:50:23 | estimated_finish=2026-06-17 12:03:55
Quick validation epoch=130 | pseudo_dice=0.000000 | val_time=00:00:25
Epoch 131/1000 finished | train_loss=nan | lr=0.000881288 | epoch_time=00:01:02 | elapsed=02:32:26 | ETA=16:51:11 | estimated_finish=2026-06-17 12:06:10
Epoch 132/1000 finished | train_loss=nan | lr=0.000880375 | epoch_time=00:01:02 | elapsed=02:33:29 | ETA=16:49:16 | estimated_finish=2026-06-17 12:05:18
Epoch 133/1000 finished | train_loss=nan | lr=0.000879462 | epoch_time=00:01:07 | elapsed=02:34:36 | ETA=16:47:52 | estimated_finish=2026-06-17 12:05:02
Epoch 134/1000 finished | train_loss=nan | lr=0.000878549 | epoch_time=00:01:04 | elapsed=02:35:41 | ETA=16:46:12 | estimated_finish=2026-06-17 12:04:27
Epoch 135/1000 finished | train_loss=nan | lr=0.000877636 | epoch_time=00:01:02 | elapsed=02:36:44 | ETA=16:44:16 | estimated_finish=2026-06-17 12:03:33
Quick validation epoch=135 | pseudo_dice=0.000000 | val_time=00:00:24
Epoch 136/1000 finished | train_loss=nan | lr=0.000876723 | epoch_time=00:01:03 | elapsed=02:38:12 | ETA=16:45:03 | estimated_finish=2026-06-17 12:05:48
Epoch 137/1000 finished | train_loss=nan | lr=0.00087581 | epoch_time=00:01:09 | elapsed=02:39:22 | ETA=16:43:53 | estimated_finish=2026-06-17 12:05:48
Epoch 138/1000 finished | train_loss=nan | lr=0.000874896 | epoch_time=00:01:02 | elapsed=02:40:24 | ETA=16:42:00 | estimated_finish=2026-06-17 12:04:58
Epoch 139/1000 finished | train_loss=nan | lr=0.000873983 | epoch_time=00:01:07 | elapsed=02:41:32 | ETA=16:40:39 | estimated_finish=2026-06-17 12:04:45
Epoch 140/1000 finished | train_loss=nan | lr=0.000873069 | epoch_time=00:01:01 | elapsed=02:42:34 | ETA=16:38:42 | estimated_finish=2026-06-17 12:03:50
Quick validation epoch=140 | pseudo_dice=0.000000 | val_time=00:00:25
Epoch 141/1000 finished | train_loss=nan | lr=0.000872155 | epoch_time=00:01:03 | elapsed=02:44:04 | ETA=16:39:32 | estimated_finish=2026-06-17 12:06:09
Epoch 142/1000 finished | train_loss=nan | lr=0.000871242 | epoch_time=00:01:03 | elapsed=02:45:07 | ETA=16:37:43 | estimated_finish=2026-06-17 12:05:23
Epoch 143/1000 finished | train_loss=nan | lr=0.000870328 | epoch_time=00:01:07 | elapsed=02:46:14 | ETA=16:36:18 | estimated_finish=2026-06-17 12:05:06
Epoch 144/1000 finished | train_loss=nan | lr=0.000869414 | epoch_time=00:01:07 | elapsed=02:47:22 | ETA=16:34:57 | estimated_finish=2026-06-17 12:04:53
Epoch 145/1000 finished | train_loss=nan | lr=0.000868499 | epoch_time=00:01:06 | elapsed=02:48:29 | ETA=16:33:29 | estimated_finish=2026-06-17 12:04:31
Quick validation epoch=145 | pseudo_dice=0.000000 | val_time=00:00:26
Epoch 146/1000 finished | train_loss=nan | lr=0.000867585 | epoch_time=00:01:05 | elapsed=02:50:01 | ETA=16:34:30 | estimated_finish=2026-06-17 12:07:05
Epoch 147/1000 finished | train_loss=nan | lr=0.000866671 | epoch_time=00:01:05 | elapsed=02:51:07 | ETA=16:32:58 | estimated_finish=2026-06-17 12:06:39
Epoch 148/1000 finished | train_loss=nan | lr=0.000865756 | epoch_time=00:01:03 | elapsed=02:52:10 | ETA=16:31:11 | estimated_finish=2026-06-17 12:05:55
Epoch 149/1000 finished | train_loss=nan | lr=0.000864842 | epoch_time=00:01:01 | elapsed=02:53:12 | ETA=16:29:13 | estimated_finish=2026-06-17 12:04:58
Epoch 150/1000 finished | train_loss=nan | lr=0.000863927 | epoch_time=00:01:04 | elapsed=02:54:16 | ETA=16:27:35 | estimated_finish=2026-06-17 12:04:25
Quick validation epoch=150 | pseudo_dice=0.000000 | val_time=00:00:26
Epoch 151/1000 finished | train_loss=nan | lr=0.000863012 | epoch_time=00:01:02 | elapsed=02:55:45 | ETA=16:28:11 | estimated_finish=2026-06-17 12:06:29
Epoch 152/1000 finished | train_loss=nan | lr=0.000862097 | epoch_time=00:01:01 | elapsed=02:56:46 | ETA=16:26:15 | estimated_finish=2026-06-17 12:05:35
Epoch 153/1000 finished | train_loss=nan | lr=0.000861182 | epoch_time=00:01:02 | elapsed=02:57:49 | ETA=16:24:24 | estimated_finish=2026-06-17 12:04:46
Epoch 154/1000 finished | train_loss=nan | lr=0.000860267 | epoch_time=00:01:02 | elapsed=02:58:51 | ETA=16:22:34 | estimated_finish=2026-06-17 12:03:59
Epoch 155/1000 finished | train_loss=nan | lr=0.000859352 | epoch_time=00:01:01 | elapsed=02:59:53 | ETA=16:20:42 | estimated_finish=2026-06-17 12:03:08
Quick validation epoch=155 | pseudo_dice=0.000000 | val_time=00:00:25
Epoch 156/1000 finished | train_loss=nan | lr=0.000858437 | epoch_time=00:01:04 | elapsed=03:01:23 | ETA=16:21:20 | estimated_finish=2026-06-17 12:05:17
Epoch 157/1000 finished | train_loss=nan | lr=0.000857521 | epoch_time=00:01:02 | elapsed=03:02:25 | ETA=16:19:32 | estimated_finish=2026-06-17 12:04:31
Epoch 158/1000 finished | train_loss=nan | lr=0.000856606 | epoch_time=00:01:02 | elapsed=03:03:28 | ETA=16:17:46 | estimated_finish=2026-06-17 12:03:47
Epoch 159/1000 finished | train_loss=nan | lr=0.00085569 | epoch_time=00:01:02 | elapsed=03:04:31 | ETA=16:15:58 | estimated_finish=2026-06-17 12:03:03
Epoch 160/1000 finished | train_loss=nan | lr=0.000854774 | epoch_time=00:01:02 | elapsed=03:05:33 | ETA=16:14:12 | estimated_finish=2026-06-17 12:02:19
Quick validation epoch=160 | pseudo_dice=0.000000 | val_time=00:00:24
Epoch 161/1000 finished | train_loss=nan | lr=0.000853858 | epoch_time=00:01:04 | elapsed=03:07:02 | ETA=16:14:44 | estimated_finish=2026-06-17 12:04:20
Epoch 162/1000 finished | train_loss=nan | lr=0.000852942 | epoch_time=00:01:01 | elapsed=03:08:04 | ETA=16:12:51 | estimated_finish=2026-06-17 12:03:29
Epoch 163/1000 finished | train_loss=nan | lr=0.000852026 | epoch_time=00:01:01 | elapsed=03:09:06 | ETA=16:11:03 | estimated_finish=2026-06-17 12:02:42
Epoch 164/1000 finished | train_loss=nan | lr=0.00085111 | epoch_time=00:01:02 | elapsed=03:10:08 | ETA=16:09:16 | estimated_finish=2026-06-17 12:01:58
Epoch 165/1000 finished | train_loss=nan | lr=0.000850194 | epoch_time=00:01:07 | elapsed=03:11:16 | ETA=16:07:58 | estimated_finish=2026-06-17 12:01:48
Quick validation epoch=165 | pseudo_dice=0.000000 | val_time=00:00:25
Epoch 166/1000 finished | train_loss=nan | lr=0.000849277 | epoch_time=00:01:02 | elapsed=03:12:44 | ETA=16:08:23 | estimated_finish=2026-06-17 12:03:41
Epoch 167/1000 finished | train_loss=nan | lr=0.000848361 | epoch_time=00:01:05 | elapsed=03:13:50 | ETA=16:06:53 | estimated_finish=2026-06-17 12:03:17
Epoch 168/1000 finished | train_loss=nan | lr=0.000847444 | epoch_time=00:01:02 | elapsed=03:14:53 | ETA=16:05:08 | estimated_finish=2026-06-17 12:02:35
Epoch 169/1000 finished | train_loss=nan | lr=0.000846527 | epoch_time=00:01:03 | elapsed=03:15:57 | ETA=16:03:32 | estimated_finish=2026-06-17 12:02:02
Epoch 170/1000 finished | train_loss=nan | lr=0.00084561 | epoch_time=00:01:00 | elapsed=03:16:58 | ETA=16:01:40 | estimated_finish=2026-06-17 12:01:11
Quick validation epoch=170 | pseudo_dice=0.000000 | val_time=00:00:24
Epoch 171/1000 finished | train_loss=nan | lr=0.000844693 | epoch_time=00:01:05 | elapsed=03:18:28 | ETA=16:02:11 | estimated_finish=2026-06-17 12:03:13
Epoch 172/1000 finished | train_loss=nan | lr=0.000843776 | epoch_time=00:01:04 | elapsed=03:19:33 | ETA=16:00:38 | estimated_finish=2026-06-17 12:02:44
Epoch 173/1000 finished | train_loss=nan | lr=0.000842859 | epoch_time=00:01:04 | elapsed=03:20:38 | ETA=15:59:07 | estimated_finish=2026-06-17 12:02:18
Epoch 174/1000 finished | train_loss=nan | lr=0.000841942 | epoch_time=00:01:05 | elapsed=03:21:43 | ETA=15:57:38 | estimated_finish=2026-06-17 12:01:55
Epoch 175/1000 finished | train_loss=nan | lr=0.000841024 | epoch_time=00:01:03 | elapsed=03:22:47 | ETA=15:55:59 | estimated_finish=2026-06-17 12:01:19
Quick validation epoch=175 | pseudo_dice=0.000000 | val_time=00:00:24
Epoch 176/1000 finished | train_loss=nan | lr=0.000840107 | epoch_time=00:01:09 | elapsed=03:24:21 | ETA=15:56:44 | estimated_finish=2026-06-17 12:03:38
Epoch 177/1000 finished | train_loss=nan | lr=0.000839189 | epoch_time=00:01:05 | elapsed=03:25:26 | ETA=15:55:16 | estimated_finish=2026-06-17 12:03:16
Epoch 178/1000 finished | train_loss=nan | lr=0.000838271 | epoch_time=00:01:02 | elapsed=03:26:29 | ETA=15:53:35 | estimated_finish=2026-06-17 12:02:38
Epoch 179/1000 finished | train_loss=nan | lr=0.000837354 | epoch_time=00:01:03 | elapsed=03:27:33 | ETA=15:51:57 | estimated_finish=2026-06-17 12:02:04
Epoch 180/1000 finished | train_loss=nan | lr=0.000836436 | epoch_time=00:01:04 | elapsed=03:28:37 | ETA=15:50:24 | estimated_finish=2026-06-17 12:01:35
Quick validation epoch=180 | pseudo_dice=0.000000 | val_time=00:00:25
Epoch 181/1000 finished | train_loss=nan | lr=0.000835517 | epoch_time=00:01:02 | elapsed=03:30:05 | ETA=15:50:40 | estimated_finish=2026-06-17 12:03:19
Epoch 182/1000 finished | train_loss=nan | lr=0.000834599 | epoch_time=00:01:03 | elapsed=03:31:09 | ETA=15:49:05 | estimated_finish=2026-06-17 12:02:48
Epoch 183/1000 finished | train_loss=nan | lr=0.000833681 | epoch_time=00:01:06 | elapsed=03:32:16 | ETA=15:47:41 | estimated_finish=2026-06-17 12:02:31
Epoch 184/1000 finished | train_loss=nan | lr=0.000832762 | epoch_time=00:01:02 | elapsed=03:33:19 | ETA=15:46:03 | estimated_finish=2026-06-17 12:01:55
Epoch 185/1000 finished | train_loss=nan | lr=0.000831844 | epoch_time=00:01:02 | elapsed=03:34:22 | ETA=15:44:23 | estimated_finish=2026-06-17 12:01:19
Quick validation epoch=185 | pseudo_dice=0.000000 | val_time=00:00:25
Epoch 186/1000 finished | train_loss=nan | lr=0.000830925 | epoch_time=00:01:06 | elapsed=03:35:54 | ETA=15:44:52 | estimated_finish=2026-06-17 12:03:20
Epoch 187/1000 finished | train_loss=nan | lr=0.000830006 | epoch_time=00:01:01 | elapsed=03:36:56 | ETA=15:43:09 | estimated_finish=2026-06-17 12:02:39
Epoch 188/1000 finished | train_loss=nan | lr=0.000829088 | epoch_time=00:01:04 | elapsed=03:38:01 | ETA=15:41:39 | estimated_finish=2026-06-17 12:02:14
Epoch 189/1000 finished | train_loss=nan | lr=0.000828169 | epoch_time=00:01:06 | elapsed=03:39:07 | ETA=15:40:16 | estimated_finish=2026-06-17 12:01:57
Epoch 190/1000 finished | train_loss=nan | lr=0.00082725 | epoch_time=00:01:02 | elapsed=03:40:09 | ETA=15:38:36 | estimated_finish=2026-06-17 12:01:19
Quick validation epoch=190 | pseudo_dice=0.000000 | val_time=00:00:25
Epoch 191/1000 finished | train_loss=nan | lr=0.00082633 | epoch_time=00:01:04 | elapsed=03:41:40 | ETA=15:38:53 | estimated_finish=2026-06-17 12:03:06
Epoch 192/1000 finished | train_loss=nan | lr=0.000825411 | epoch_time=00:01:04 | elapsed=03:42:44 | ETA=15:37:22 | estimated_finish=2026-06-17 12:02:40
Epoch 193/1000 finished | train_loss=nan | lr=0.000824491 | epoch_time=00:01:03 | elapsed=03:43:48 | ETA=15:35:48 | estimated_finish=2026-06-17 12:02:10
Epoch 194/1000 finished | train_loss=nan | lr=0.000823572 | epoch_time=00:01:03 | elapsed=03:44:52 | ETA=15:34:14 | estimated_finish=2026-06-17 12:01:40
Epoch 195/1000 finished | train_loss=nan | lr=0.000822652 | epoch_time=00:01:08 | elapsed=03:46:00 | ETA=15:33:01 | estimated_finish=2026-06-17 12:01:34
Quick validation epoch=195 | pseudo_dice=0.000000 | val_time=00:00:27
Epoch 196/1000 finished | train_loss=nan | lr=0.000821732 | epoch_time=00:01:07 | elapsed=03:47:36 | ETA=15:33:38 | estimated_finish=2026-06-17 12:03:47
Epoch 197/1000 finished | train_loss=nan | lr=0.000820813 | epoch_time=00:01:06 | elapsed=03:48:42 | ETA=15:32:14 | estimated_finish=2026-06-17 12:03:30
Epoch 198/1000 finished | train_loss=nan | lr=0.000819893 | epoch_time=00:01:11 | elapsed=03:49:53 | ETA=15:31:12 | estimated_finish=2026-06-17 12:03:39
Epoch 199/1000 finished | train_loss=nan | lr=0.000818972 | epoch_time=00:01:02 | elapsed=03:50:56 | ETA=15:29:32 | estimated_finish=2026-06-17 12:03:02
Epoch 200/1000 finished | train_loss=nan | lr=0.000818052 | epoch_time=00:01:03 | elapsed=03:51:59 | ETA=15:27:57 | estimated_finish=2026-06-17 12:02:30
Quick validation epoch=200 | pseudo_dice=0.000000 | val_time=00:00:24
Full validation epoch=200 | mean_dice=0.000000 | val_time=00:04:44
Epoch 201/1000 finished | train_loss=nan | lr=0.000817132 | epoch_time=00:01:00 | elapsed=03:58:09 | ETA=15:46:41 | estimated_finish=2026-06-17 12:27:23
Epoch 202/1000 finished | train_loss=nan | lr=0.000816211 | epoch_time=00:01:02 | elapsed=03:59:12 | ETA=15:44:58 | estimated_finish=2026-06-17 12:26:43
Epoch 203/1000 finished | train_loss=nan | lr=0.000815291 | epoch_time=00:01:03 | elapsed=04:00:15 | ETA=15:43:16 | estimated_finish=2026-06-17 12:26:05
Epoch 204/1000 finished | train_loss=nan | lr=0.00081437 | epoch_time=00:01:01 | elapsed=04:01:16 | ETA=15:41:27 | estimated_finish=2026-06-17 12:25:17
Epoch 205/1000 finished | train_loss=nan | lr=0.000813449 | epoch_time=00:01:01 | elapsed=04:02:18 | ETA=15:39:39 | estimated_finish=2026-06-17 12:24:31
Quick validation epoch=205 | pseudo_dice=0.000000 | val_time=00:00:28
Epoch 206/1000 finished | train_loss=nan | lr=0.000812528 | epoch_time=00:01:02 | elapsed=04:03:48 | ETA=15:39:44 | estimated_finish=2026-06-17 12:26:06
Epoch 207/1000 finished | train_loss=nan | lr=0.000811607 | epoch_time=00:01:02 | elapsed=04:04:51 | ETA=15:38:00 | estimated_finish=2026-06-17 12:25:24
Epoch 208/1000 finished | train_loss=nan | lr=0.000810686 | epoch_time=00:01:01 | elapsed=04:05:53 | ETA=15:36:15 | estimated_finish=2026-06-17 12:24:41
Epoch 209/1000 finished | train_loss=nan | lr=0.000809765 | epoch_time=00:01:01 | elapsed=04:06:55 | ETA=15:34:31 | estimated_finish=2026-06-17 12:23:59
Epoch 210/1000 finished | train_loss=nan | lr=0.000808843 | epoch_time=00:01:04 | elapsed=04:07:59 | ETA=15:32:56 | estimated_finish=2026-06-17 12:23:29
Quick validation epoch=210 | pseudo_dice=0.000000 | val_time=00:00:24
Epoch 211/1000 finished | train_loss=nan | lr=0.000807922 | epoch_time=00:01:01 | elapsed=04:09:26 | ETA=15:32:45 | estimated_finish=2026-06-17 12:24:45
Epoch 212/1000 finished | train_loss=nan | lr=0.000807 | epoch_time=00:01:07 | elapsed=04:10:34 | ETA=15:31:23 | estimated_finish=2026-06-17 12:24:31
Epoch 213/1000 finished | train_loss=nan | lr=0.000806078 | epoch_time=00:01:01 | elapsed=04:11:36 | ETA=15:29:40 | estimated_finish=2026-06-17 12:23:50
Epoch 214/1000 finished | train_loss=nan | lr=0.000805156 | epoch_time=00:01:01 | elapsed=04:12:38 | ETA=15:27:54 | estimated_finish=2026-06-17 12:23:05
Epoch 215/1000 finished | train_loss=nan | lr=0.000804234 | epoch_time=00:01:04 | elapsed=04:13:43 | ETA=15:26:21 | estimated_finish=2026-06-17 12:22:38
Quick validation epoch=215 | pseudo_dice=0.000000 | val_time=00:00:24
Epoch 216/1000 finished | train_loss=nan | lr=0.000803312 | epoch_time=00:01:02 | elapsed=04:15:09 | ETA=15:26:09 | estimated_finish=2026-06-17 12:23:52
Epoch 217/1000 finished | train_loss=nan | lr=0.00080239 | epoch_time=00:01:01 | elapsed=04:16:11 | ETA=15:24:26 | estimated_finish=2026-06-17 12:23:11
Epoch 218/1000 finished | train_loss=nan | lr=0.000801468 | epoch_time=00:01:02 | elapsed=04:17:14 | ETA=15:22:45 | estimated_finish=2026-06-17 12:22:32
Epoch 219/1000 finished | train_loss=nan | lr=0.000800545 | epoch_time=00:01:02 | elapsed=04:18:17 | ETA=15:21:06 | estimated_finish=2026-06-17 12:21:56
Epoch 220/1000 finished | train_loss=nan | lr=0.000799623 | epoch_time=00:01:03 | elapsed=04:19:21 | ETA=15:19:30 | estimated_finish=2026-06-17 12:21:25
Quick validation epoch=220 | pseudo_dice=0.000000 | val_time=00:00:24
Epoch 221/1000 finished | train_loss=nan | lr=0.0007987 | epoch_time=00:01:08 | elapsed=04:20:54 | ETA=15:19:40 | estimated_finish=2026-06-17 12:23:07
Epoch 222/1000 finished | train_loss=nan | lr=0.000797777 | epoch_time=00:01:02 | elapsed=04:21:57 | ETA=15:18:01 | estimated_finish=2026-06-17 12:22:31
Epoch 223/1000 finished | train_loss=nan | lr=0.000796854 | epoch_time=00:01:02 | elapsed=04:23:00 | ETA=15:16:22 | estimated_finish=2026-06-17 12:21:55
Epoch 224/1000 finished | train_loss=nan | lr=0.000795931 | epoch_time=00:01:01 | elapsed=04:24:02 | ETA=15:14:41 | estimated_finish=2026-06-17 12:21:16
Epoch 225/1000 finished | train_loss=nan | lr=0.000795008 | epoch_time=00:01:02 | elapsed=04:25:04 | ETA=15:13:01 | estimated_finish=2026-06-17 12:20:39
Quick validation epoch=225 | pseudo_dice=0.000000 | val_time=00:00:25
Epoch 226/1000 finished | train_loss=nan | lr=0.000794085 | epoch_time=00:01:04 | elapsed=04:26:34 | ETA=15:12:58 | estimated_finish=2026-06-17 12:22:06
Epoch 227/1000 finished | train_loss=nan | lr=0.000793161 | epoch_time=00:01:02 | elapsed=04:27:37 | ETA=15:11:18 | estimated_finish=2026-06-17 12:21:29
Epoch 228/1000 finished | train_loss=nan | lr=0.000792238 | epoch_time=00:01:03 | elapsed=04:28:40 | ETA=15:09:42 | estimated_finish=2026-06-17 12:20:56
Epoch 229/1000 finished | train_loss=nan | lr=0.000791314 | epoch_time=00:01:00 | elapsed=04:29:41 | ETA=15:07:58 | estimated_finish=2026-06-17 12:20:13
Epoch 230/1000 finished | train_loss=nan | lr=0.00079039 | epoch_time=00:01:01 | elapsed=04:30:42 | ETA=15:06:17 | estimated_finish=2026-06-17 12:19:33
Quick validation epoch=230 | pseudo_dice=0.000000 | val_time=00:00:24
Epoch 231/1000 finished | train_loss=nan | lr=0.000789466 | epoch_time=00:01:02 | elapsed=04:32:10 | ETA=15:06:03 | estimated_finish=2026-06-17 12:20:47
Epoch 232/1000 finished | train_loss=nan | lr=0.000788542 | epoch_time=00:01:01 | elapsed=04:33:12 | ETA=15:04:24 | estimated_finish=2026-06-17 12:20:10
Epoch 233/1000 finished | train_loss=nan | lr=0.000787618 | epoch_time=00:01:02 | elapsed=04:34:15 | ETA=15:02:48 | estimated_finish=2026-06-17 12:19:37
Epoch 234/1000 finished | train_loss=nan | lr=0.000786694 | epoch_time=00:01:01 | elapsed=04:35:17 | ETA=15:01:08 | estimated_finish=2026-06-17 12:18:58
Epoch 235/1000 finished | train_loss=nan | lr=0.00078577 | epoch_time=00:01:02 | elapsed=04:36:19 | ETA=14:59:30 | estimated_finish=2026-06-17 12:18:23
Quick validation epoch=235 | pseudo_dice=0.000000 | val_time=00:00:23
Epoch 236/1000 finished | train_loss=nan | lr=0.000784845 | epoch_time=00:01:01 | elapsed=04:37:44 | ETA=14:59:08 | estimated_finish=2026-06-17 12:19:26
Epoch 237/1000 finished | train_loss=nan | lr=0.000783921 | epoch_time=00:01:02 | elapsed=04:38:47 | ETA=14:57:31 | estimated_finish=2026-06-17 12:18:52
Epoch 238/1000 finished | train_loss=nan | lr=0.000782996 | epoch_time=00:01:01 | elapsed=04:39:49 | ETA=14:55:53 | estimated_finish=2026-06-17 12:18:15
Epoch 239/1000 finished | train_loss=nan | lr=0.000782071 | epoch_time=00:01:00 | elapsed=04:40:49 | ETA=14:54:10 | estimated_finish=2026-06-17 12:17:33
Epoch 240/1000 finished | train_loss=nan | lr=0.000781146 | epoch_time=00:01:04 | elapsed=04:41:53 | ETA=14:52:40 | estimated_finish=2026-06-17 12:17:08
Quick validation epoch=240 | pseudo_dice=0.000000 | val_time=00:00:24
Epoch 241/1000 finished | train_loss=nan | lr=0.000780221 | epoch_time=00:01:06 | elapsed=04:43:24 | ETA=14:52:33 | estimated_finish=2026-06-17 12:18:30
Epoch 242/1000 finished | train_loss=nan | lr=0.000779296 | epoch_time=00:01:01 | elapsed=04:44:25 | ETA=14:50:53 | estimated_finish=2026-06-17 12:17:52
Epoch 243/1000 finished | train_loss=nan | lr=0.00077837 | epoch_time=00:01:03 | elapsed=04:45:29 | ETA=14:49:22 | estimated_finish=2026-06-17 12:17:25
Epoch 244/1000 finished | train_loss=nan | lr=0.000777445 | epoch_time=00:01:03 | elapsed=04:46:33 | ETA=14:47:51 | estimated_finish=2026-06-17 12:16:57
Epoch 245/1000 finished | train_loss=nan | lr=0.000776519 | epoch_time=00:01:00 | elapsed=04:47:34 | ETA=14:46:11 | estimated_finish=2026-06-17 12:16:18
Quick validation epoch=245 | pseudo_dice=0.000000 | val_time=00:00:24
Epoch 246/1000 finished | train_loss=nan | lr=0.000775594 | epoch_time=00:01:04 | elapsed=04:49:03 | ETA=14:45:59 | estimated_finish=2026-06-17 12:17:36
Epoch 247/1000 finished | train_loss=nan | lr=0.000774668 | epoch_time=00:01:04 | elapsed=04:50:08 | ETA=14:44:31 | estimated_finish=2026-06-17 12:17:13
Epoch 248/1000 finished | train_loss=nan | lr=0.000773742 | epoch_time=00:01:01 | elapsed=04:51:10 | ETA=14:42:54 | estimated_finish=2026-06-17 12:16:37
Epoch 249/1000 finished | train_loss=nan | lr=0.000772816 | epoch_time=00:01:02 | elapsed=04:52:12 | ETA=14:41:19 | estimated_finish=2026-06-17 12:16:05
Epoch 250/1000 finished | train_loss=nan | lr=0.00077189 | epoch_time=00:01:00 | elapsed=04:53:12 | ETA=14:39:38 | estimated_finish=2026-06-17 12:15:24
Quick validation epoch=250 | pseudo_dice=0.000000 | val_time=00:00:24
Epoch 251/1000 finished | train_loss=nan | lr=0.000770963 | epoch_time=00:01:01 | elapsed=04:54:39 | ETA=14:39:15 | estimated_finish=2026-06-17 12:16:27
Epoch 252/1000 finished | train_loss=nan | lr=0.000770037 | epoch_time=00:01:01 | elapsed=04:55:40 | ETA=14:37:38 | estimated_finish=2026-06-17 12:15:51
Epoch 253/1000 finished | train_loss=nan | lr=0.00076911 | epoch_time=00:01:03 | elapsed=04:56:43 | ETA=14:36:07 | estimated_finish=2026-06-17 12:15:24
Epoch 254/1000 finished | train_loss=nan | lr=0.000768183 | epoch_time=00:01:03 | elapsed=04:57:47 | ETA=14:34:38 | estimated_finish=2026-06-17 12:14:59
Epoch 255/1000 finished | train_loss=nan | lr=0.000767257 | epoch_time=00:01:02 | elapsed=04:58:50 | ETA=14:33:04 | estimated_finish=2026-06-17 12:14:27
Quick validation epoch=255 | pseudo_dice=0.000000 | val_time=00:00:24
Epoch 256/1000 finished | train_loss=nan | lr=0.00076633 | epoch_time=00:01:02 | elapsed=05:00:16 | ETA=14:32:41 | estimated_finish=2026-06-17 12:15:31
Epoch 257/1000 finished | train_loss=nan | lr=0.000765403 | epoch_time=00:01:00 | elapsed=05:01:17 | ETA=14:31:03 | estimated_finish=2026-06-17 12:14:54
Epoch 258/1000 finished | train_loss=nan | lr=0.000764475 | epoch_time=00:01:00 | elapsed=05:02:18 | ETA=14:29:26 | estimated_finish=2026-06-17 12:14:18
Epoch 259/1000 finished | train_loss=nan | lr=0.000763548 | epoch_time=00:00:59 | elapsed=05:03:18 | ETA=14:27:45 | estimated_finish=2026-06-17 12:13:36
Epoch 260/1000 finished | train_loss=nan | lr=0.000762621 | epoch_time=00:01:03 | elapsed=05:04:21 | ETA=14:26:16 | estimated_finish=2026-06-17 12:13:11
Quick validation epoch=260 | pseudo_dice=0.000000 | val_time=00:00:24
Epoch 261/1000 finished | train_loss=nan | lr=0.000761693 | epoch_time=00:01:03 | elapsed=05:05:49 | ETA=14:25:55 | estimated_finish=2026-06-17 12:14:18
Epoch 262/1000 finished | train_loss=nan | lr=0.000760765 | epoch_time=00:01:01 | elapsed=05:06:50 | ETA=14:24:19 | estimated_finish=2026-06-17 12:13:44
Epoch 263/1000 finished | train_loss=nan | lr=0.000759838 | epoch_time=00:01:02 | elapsed=05:07:53 | ETA=14:22:48 | estimated_finish=2026-06-17 12:13:15
Epoch 264/1000 finished | train_loss=nan | lr=0.00075891 | epoch_time=00:01:00 | elapsed=05:08:54 | ETA=14:21:11 | estimated_finish=2026-06-17 12:12:38
Epoch 265/1000 finished | train_loss=nan | lr=0.000757981 | epoch_time=00:01:01 | elapsed=05:09:56 | ETA=14:19:37 | estimated_finish=2026-06-17 12:12:07
Quick validation epoch=265 | pseudo_dice=0.000000 | val_time=00:00:24
Epoch 266/1000 finished | train_loss=nan | lr=0.000757053 | epoch_time=00:01:02 | elapsed=05:11:23 | ETA=14:19:14 | estimated_finish=2026-06-17 12:13:10
Epoch 267/1000 finished | train_loss=nan | lr=0.000756125 | epoch_time=00:01:00 | elapsed=05:12:23 | ETA=14:17:37 | estimated_finish=2026-06-17 12:12:33
Epoch 268/1000 finished | train_loss=nan | lr=0.000755197 | epoch_time=00:01:02 | elapsed=05:13:26 | ETA=14:16:06 | estimated_finish=2026-06-17 12:12:05
Epoch 269/1000 finished | train_loss=nan | lr=0.000754268 | epoch_time=00:01:04 | elapsed=05:14:30 | ETA=14:14:40 | estimated_finish=2026-06-17 12:11:44
Epoch 270/1000 finished | train_loss=nan | lr=0.000753339 | epoch_time=00:01:02 | elapsed=05:15:33 | ETA=14:13:09 | estimated_finish=2026-06-17 12:11:16
Quick validation epoch=270 | pseudo_dice=0.000000 | val_time=00:00:24
Epoch 271/1000 finished | train_loss=nan | lr=0.00075241 | epoch_time=00:01:02 | elapsed=05:17:00 | ETA=14:12:47 | estimated_finish=2026-06-17 12:12:21
Epoch 272/1000 finished | train_loss=nan | lr=0.000751481 | epoch_time=00:01:01 | elapsed=05:18:02 | ETA=14:11:13 | estimated_finish=2026-06-17 12:11:49
Epoch 273/1000 finished | train_loss=nan | lr=0.000750552 | epoch_time=00:01:02 | elapsed=05:19:05 | ETA=14:09:43 | estimated_finish=2026-06-17 12:11:21
Epoch 274/1000 finished | train_loss=nan | lr=0.000749623 | epoch_time=00:01:04 | elapsed=05:20:09 | ETA=14:08:17 | estimated_finish=2026-06-17 12:11:00
Epoch 275/1000 finished | train_loss=nan | lr=0.000748694 | epoch_time=00:01:02 | elapsed=05:21:12 | ETA=14:06:48 | estimated_finish=2026-06-17 12:10:33
Quick validation epoch=275 | pseudo_dice=0.000000 | val_time=00:00:24
Epoch 276/1000 finished | train_loss=nan | lr=0.000747764 | epoch_time=00:01:02 | elapsed=05:22:39 | ETA=14:06:24 | estimated_finish=2026-06-17 12:11:37
Epoch 277/1000 finished | train_loss=nan | lr=0.000746835 | epoch_time=00:01:01 | elapsed=05:23:41 | ETA=14:04:52 | estimated_finish=2026-06-17 12:11:07
Epoch 278/1000 finished | train_loss=nan | lr=0.000745905 | epoch_time=00:01:00 | elapsed=05:24:42 | ETA=14:03:18 | estimated_finish=2026-06-17 12:10:33
Epoch 279/1000 finished | train_loss=nan | lr=0.000744975 | epoch_time=00:01:03 | elapsed=05:25:46 | ETA=14:01:52 | estimated_finish=2026-06-17 12:10:12
Epoch 280/1000 finished | train_loss=nan | lr=0.000744045 | epoch_time=00:01:09 | elapsed=05:26:55 | ETA=14:00:40 | estimated_finish=2026-06-17 12:10:09
Quick validation epoch=280 | pseudo_dice=0.000000 | val_time=00:00:27
Epoch 281/1000 finished | train_loss=nan | lr=0.000743115 | epoch_time=00:01:03 | elapsed=05:28:26 | ETA=14:00:22 | estimated_finish=2026-06-17 12:11:22
Epoch 282/1000 finished | train_loss=nan | lr=0.000742185 | epoch_time=00:01:03 | elapsed=05:29:29 | ETA=13:58:55 | estimated_finish=2026-06-17 12:10:57
Epoch 283/1000 finished | train_loss=nan | lr=0.000741254 | epoch_time=00:01:01 | elapsed=05:30:30 | ETA=13:57:22 | estimated_finish=2026-06-17 12:10:26
Epoch 284/1000 finished | train_loss=nan | lr=0.000740324 | epoch_time=00:01:06 | elapsed=05:31:37 | ETA=13:56:02 | estimated_finish=2026-06-17 12:10:13
Epoch 285/1000 finished | train_loss=nan | lr=0.000739393 | epoch_time=00:01:04 | elapsed=05:32:42 | ETA=13:54:40 | estimated_finish=2026-06-17 12:09:55
Quick validation epoch=285 | pseudo_dice=0.000000 | val_time=00:00:24
Epoch 286/1000 finished | train_loss=nan | lr=0.000738462 | epoch_time=00:01:00 | elapsed=05:34:08 | ETA=13:54:10 | estimated_finish=2026-06-17 12:10:51
Epoch 287/1000 finished | train_loss=nan | lr=0.000737532 | epoch_time=00:01:03 | elapsed=05:35:11 | ETA=13:52:44 | estimated_finish=2026-06-17 12:10:29
Epoch 288/1000 finished | train_loss=nan | lr=0.0007366 | epoch_time=00:01:02 | elapsed=05:36:14 | ETA=13:51:16 | estimated_finish=2026-06-17 12:10:04
Epoch 289/1000 finished | train_loss=nan | lr=0.000735669 | epoch_time=00:01:04 | elapsed=05:37:19 | ETA=13:49:54 | estimated_finish=2026-06-17 12:09:47
Epoch 290/1000 finished | train_loss=nan | lr=0.000734738 | epoch_time=00:01:03 | elapsed=05:38:23 | ETA=13:48:28 | estimated_finish=2026-06-17 12:09:25
Quick validation epoch=290 | pseudo_dice=0.000000 | val_time=00:00:25
Epoch 291/1000 finished | train_loss=nan | lr=0.000733807 | epoch_time=00:01:02 | elapsed=05:39:52 | ETA=13:48:04 | estimated_finish=2026-06-17 12:10:29
Epoch 292/1000 finished | train_loss=nan | lr=0.000732875 | epoch_time=00:01:02 | elapsed=05:40:54 | ETA=13:46:35 | estimated_finish=2026-06-17 12:10:03
Epoch 293/1000 finished | train_loss=nan | lr=0.000731943 | epoch_time=00:01:04 | elapsed=05:41:59 | ETA=13:45:12 | estimated_finish=2026-06-17 12:09:44
Epoch 294/1000 finished | train_loss=nan | lr=0.000731012 | epoch_time=00:01:04 | elapsed=05:43:03 | ETA=13:43:48 | estimated_finish=2026-06-17 12:09:25
Epoch 295/1000 finished | train_loss=nan | lr=0.00073008 | epoch_time=00:01:02 | elapsed=05:44:05 | ETA=13:42:19 | estimated_finish=2026-06-17 12:08:59
Quick validation epoch=295 | pseudo_dice=0.000000 | val_time=00:00:24
Epoch 296/1000 finished | train_loss=nan | lr=0.000729148 | epoch_time=00:01:05 | elapsed=05:45:35 | ETA=13:41:57 | estimated_finish=2026-06-17 12:10:06
Epoch 297/1000 finished | train_loss=nan | lr=0.000728215 | epoch_time=00:01:10 | elapsed=05:46:46 | ETA=13:40:49 | estimated_finish=2026-06-17 12:10:08
Epoch 298/1000 finished | train_loss=nan | lr=0.000727283 | epoch_time=00:01:05 | elapsed=05:47:52 | ETA=13:39:28 | estimated_finish=2026-06-17 12:09:53
Epoch 299/1000 finished | train_loss=nan | lr=0.00072635 | epoch_time=00:01:11 | elapsed=05:49:03 | ETA=13:38:21 | estimated_finish=2026-06-17 12:09:57
Epoch 300/1000 finished | train_loss=nan | lr=0.000725418 | epoch_time=00:01:09 | elapsed=05:50:12 | ETA=13:37:10 | estimated_finish=2026-06-17 12:09:56
Quick validation epoch=300 | pseudo_dice=0.000000 | val_time=00:00:26
Full validation epoch=300 | mean_dice=0.000000 | val_time=00:04:43
Epoch 301/1000 finished | train_loss=nan | lr=0.000724485 | epoch_time=00:01:00 | elapsed=05:56:23 | ETA=13:47:38 | estimated_finish=2026-06-17 12:26:34
Epoch 302/1000 finished | train_loss=nan | lr=0.000723552 | epoch_time=00:01:02 | elapsed=05:57:26 | ETA=13:46:07 | estimated_finish=2026-06-17 12:26:06
Epoch 303/1000 finished | train_loss=nan | lr=0.000722619 | epoch_time=00:01:01 | elapsed=05:58:27 | ETA=13:44:34 | estimated_finish=2026-06-17 12:25:35
Epoch 304/1000 finished | train_loss=nan | lr=0.000721686 | epoch_time=00:01:02 | elapsed=05:59:29 | ETA=13:43:03 | estimated_finish=2026-06-17 12:25:06
Epoch 305/1000 finished | train_loss=nan | lr=0.000720753 | epoch_time=00:01:00 | elapsed=06:00:30 | ETA=13:41:28 | estimated_finish=2026-06-17 12:24:32
Quick validation epoch=305 | pseudo_dice=0.000000 | val_time=00:00:24
Epoch 306/1000 finished | train_loss=nan | lr=0.000719819 | epoch_time=00:01:02 | elapsed=06:01:57 | ETA=13:40:54 | estimated_finish=2026-06-17 12:25:24
Epoch 307/1000 finished | train_loss=nan | lr=0.000718886 | epoch_time=00:01:02 | elapsed=06:02:59 | ETA=13:39:24 | estimated_finish=2026-06-17 12:24:56
Epoch 308/1000 finished | train_loss=nan | lr=0.000717952 | epoch_time=00:01:03 | elapsed=06:04:02 | ETA=13:37:55 | estimated_finish=2026-06-17 12:24:31
Epoch 309/1000 finished | train_loss=nan | lr=0.000717018 | epoch_time=00:01:03 | elapsed=06:05:06 | ETA=13:36:28 | estimated_finish=2026-06-17 12:24:07
Epoch 310/1000 finished | train_loss=nan | lr=0.000716084 | epoch_time=00:01:01 | elapsed=06:06:08 | ETA=13:34:57 | estimated_finish=2026-06-17 12:23:39
Quick validation epoch=310 | pseudo_dice=0.000000 | val_time=00:00:24
Epoch 311/1000 finished | train_loss=nan | lr=0.00071515 | epoch_time=00:01:04 | elapsed=06:07:37 | ETA=13:34:26 | estimated_finish=2026-06-17 12:24:36
Epoch 312/1000 finished | train_loss=nan | lr=0.000714216 | epoch_time=00:01:02 | elapsed=06:08:39 | ETA=13:32:56 | estimated_finish=2026-06-17 12:24:09
Epoch 313/1000 finished | train_loss=nan | lr=0.000713282 | epoch_time=00:01:01 | elapsed=06:09:41 | ETA=13:31:25 | estimated_finish=2026-06-17 12:23:40
Epoch 314/1000 finished | train_loss=nan | lr=0.000712347 | epoch_time=00:01:01 | elapsed=06:10:43 | ETA=13:29:54 | estimated_finish=2026-06-17 12:23:11
Epoch 315/1000 finished | train_loss=nan | lr=0.000711413 | epoch_time=00:01:02 | elapsed=06:11:45 | ETA=13:28:25 | estimated_finish=2026-06-17 12:22:44
Quick validation epoch=315 | pseudo_dice=0.000000 | val_time=00:00:24
Epoch 316/1000 finished | train_loss=nan | lr=0.000710478 | epoch_time=00:01:04 | elapsed=06:13:14 | ETA=13:27:54 | estimated_finish=2026-06-17 12:23:42
Epoch 317/1000 finished | train_loss=nan | lr=0.000709543 | epoch_time=00:01:01 | elapsed=06:14:16 | ETA=13:26:25 | estimated_finish=2026-06-17 12:23:15
Epoch 318/1000 finished | train_loss=nan | lr=0.000708608 | epoch_time=00:01:00 | elapsed=06:15:17 | ETA=13:24:52 | estimated_finish=2026-06-17 12:22:43
Epoch 319/1000 finished | train_loss=nan | lr=0.000707673 | epoch_time=00:01:02 | elapsed=06:16:20 | ETA=13:23:24 | estimated_finish=2026-06-17 12:22:17
Epoch 320/1000 finished | train_loss=nan | lr=0.000706737 | epoch_time=00:01:06 | elapsed=06:17:27 | ETA=13:22:05 | estimated_finish=2026-06-17 12:22:05
Quick validation epoch=320 | pseudo_dice=0.000000 | val_time=00:00:24
Epoch 321/1000 finished | train_loss=nan | lr=0.000705802 | epoch_time=00:01:01 | elapsed=06:18:53 | ETA=13:21:26 | estimated_finish=2026-06-17 12:22:52
Epoch 322/1000 finished | train_loss=nan | lr=0.000704866 | epoch_time=00:01:01 | elapsed=06:19:54 | ETA=13:19:55 | estimated_finish=2026-06-17 12:22:23
Epoch 323/1000 finished | train_loss=nan | lr=0.000703931 | epoch_time=00:01:05 | elapsed=06:20:59 | ETA=13:18:32 | estimated_finish=2026-06-17 12:22:05
Epoch 324/1000 finished | train_loss=nan | lr=0.000702995 | epoch_time=00:01:02 | elapsed=06:22:02 | ETA=13:17:06 | estimated_finish=2026-06-17 12:21:41
Epoch 325/1000 finished | train_loss=nan | lr=0.000702059 | epoch_time=00:01:00 | elapsed=06:23:03 | ETA=13:15:35 | estimated_finish=2026-06-17 12:21:12
Quick validation epoch=325 | pseudo_dice=0.000000 | val_time=00:00:24
Epoch 326/1000 finished | train_loss=nan | lr=0.000701123 | epoch_time=00:01:03 | elapsed=06:24:31 | ETA=13:14:59 | estimated_finish=2026-06-17 12:22:03
Epoch 327/1000 finished | train_loss=nan | lr=0.000700186 | epoch_time=00:01:03 | elapsed=06:25:35 | ETA=13:13:34 | estimated_finish=2026-06-17 12:21:42
Epoch 328/1000 finished | train_loss=nan | lr=0.00069925 | epoch_time=00:01:05 | elapsed=06:26:40 | ETA=13:12:13 | estimated_finish=2026-06-17 12:21:27
Epoch 329/1000 finished | train_loss=nan | lr=0.000698313 | epoch_time=00:01:05 | elapsed=06:27:46 | ETA=13:10:51 | estimated_finish=2026-06-17 12:21:10
Epoch 330/1000 finished | train_loss=nan | lr=0.000697377 | epoch_time=00:01:02 | elapsed=06:28:49 | ETA=13:09:25 | estimated_finish=2026-06-17 12:20:47
Quick validation epoch=330 | pseudo_dice=0.000000 | val_time=00:00:24
Epoch 331/1000 finished | train_loss=nan | lr=0.00069644 | epoch_time=00:01:02 | elapsed=06:30:16 | ETA=13:08:48 | estimated_finish=2026-06-17 12:21:38
Epoch 332/1000 finished | train_loss=nan | lr=0.000695503 | epoch_time=00:01:02 | elapsed=06:31:19 | ETA=13:07:21 | estimated_finish=2026-06-17 12:21:13
Epoch 333/1000 finished | train_loss=nan | lr=0.000694566 | epoch_time=00:01:01 | elapsed=06:32:20 | ETA=13:05:52 | estimated_finish=2026-06-17 12:20:46
Epoch 334/1000 finished | train_loss=nan | lr=0.000693628 | epoch_time=00:01:02 | elapsed=06:33:23 | ETA=13:04:25 | estimated_finish=2026-06-17 12:20:22
Epoch 335/1000 finished | train_loss=nan | lr=0.000692691 | epoch_time=00:01:07 | elapsed=06:34:31 | ETA=13:03:08 | estimated_finish=2026-06-17 12:20:13
Quick validation epoch=335 | pseudo_dice=0.000000 | val_time=00:00:24
Epoch 336/1000 finished | train_loss=nan | lr=0.000691753 | epoch_time=00:01:03 | elapsed=06:35:59 | ETA=13:02:33 | estimated_finish=2026-06-17 12:21:05
Epoch 337/1000 finished | train_loss=nan | lr=0.000690816 | epoch_time=00:01:04 | elapsed=06:37:04 | ETA=13:01:10 | estimated_finish=2026-06-17 12:20:48
Epoch 338/1000 finished | train_loss=nan | lr=0.000689878 | epoch_time=00:01:04 | elapsed=06:38:08 | ETA=12:59:48 | estimated_finish=2026-06-17 12:20:29
Epoch 339/1000 finished | train_loss=nan | lr=0.00068894 | epoch_time=00:01:00 | elapsed=06:39:09 | ETA=12:58:18 | estimated_finish=2026-06-17 12:20:01
Epoch 340/1000 finished | train_loss=nan | lr=0.000688002 | epoch_time=00:01:02 | elapsed=06:40:12 | ETA=12:56:53 | estimated_finish=2026-06-17 12:19:39
Quick validation epoch=340 | pseudo_dice=0.000000 | val_time=00:00:24
Epoch 341/1000 finished | train_loss=nan | lr=0.000687063 | epoch_time=00:01:01 | elapsed=06:41:38 | ETA=12:56:11 | estimated_finish=2026-06-17 12:20:23
Epoch 342/1000 finished | train_loss=nan | lr=0.000686125 | epoch_time=00:01:05 | elapsed=06:42:44 | ETA=12:54:51 | estimated_finish=2026-06-17 12:20:08
Epoch 343/1000 finished | train_loss=nan | lr=0.000685187 | epoch_time=00:01:04 | elapsed=06:43:48 | ETA=12:53:28 | estimated_finish=2026-06-17 12:19:50
Epoch 344/1000 finished | train_loss=nan | lr=0.000684248 | epoch_time=00:01:01 | elapsed=06:44:50 | ETA=12:52:01 | estimated_finish=2026-06-17 12:19:25
Epoch 345/1000 finished | train_loss=nan | lr=0.000683309 | epoch_time=00:01:02 | elapsed=06:45:52 | ETA=12:50:35 | estimated_finish=2026-06-17 12:19:01
Quick validation epoch=345 | pseudo_dice=0.000000 | val_time=00:00:26
Epoch 346/1000 finished | train_loss=nan | lr=0.00068237 | epoch_time=00:01:01 | elapsed=06:47:21 | ETA=12:49:58 | estimated_finish=2026-06-17 12:19:53
Epoch 347/1000 finished | train_loss=nan | lr=0.000681431 | epoch_time=00:01:03 | elapsed=06:48:25 | ETA=12:48:35 | estimated_finish=2026-06-17 12:19:34
Epoch 348/1000 finished | train_loss=nan | lr=0.000680492 | epoch_time=00:01:02 | elapsed=06:49:28 | ETA=12:47:10 | estimated_finish=2026-06-17 12:19:12
Epoch 349/1000 finished | train_loss=nan | lr=0.000679552 | epoch_time=00:01:00 | elapsed=06:50:28 | ETA=12:45:40 | estimated_finish=2026-06-17 12:18:43
Epoch 350/1000 finished | train_loss=nan | lr=0.000678613 | epoch_time=00:01:02 | elapsed=06:51:31 | ETA=12:44:16 | estimated_finish=2026-06-17 12:18:20
Quick validation epoch=350 | pseudo_dice=0.000000 | val_time=00:00:24
Epoch 351/1000 finished | train_loss=nan | lr=0.000677673 | epoch_time=00:01:02 | elapsed=06:52:59 | ETA=12:43:36 | estimated_finish=2026-06-17 12:19:09
Epoch 352/1000 finished | train_loss=nan | lr=0.000676733 | epoch_time=00:00:59 | elapsed=06:53:59 | ETA=12:42:06 | estimated_finish=2026-06-17 12:18:39
Epoch 353/1000 finished | train_loss=nan | lr=0.000675793 | epoch_time=00:01:03 | elapsed=06:55:02 | ETA=12:40:42 | estimated_finish=2026-06-17 12:18:18
Epoch 354/1000 finished | train_loss=nan | lr=0.000674853 | epoch_time=00:01:01 | elapsed=06:56:03 | ETA=12:39:15 | estimated_finish=2026-06-17 12:17:52
Epoch 355/1000 finished | train_loss=nan | lr=0.000673913 | epoch_time=00:01:01 | elapsed=06:57:05 | ETA=12:37:48 | estimated_finish=2026-06-17 12:17:27
Quick validation epoch=355 | pseudo_dice=0.000000 | val_time=00:00:24
Epoch 356/1000 finished | train_loss=nan | lr=0.000672972 | epoch_time=00:01:00 | elapsed=06:58:30 | ETA=12:37:05 | estimated_finish=2026-06-17 12:18:09
Epoch 357/1000 finished | train_loss=nan | lr=0.000672032 | epoch_time=00:01:04 | elapsed=06:59:35 | ETA=12:35:43 | estimated_finish=2026-06-17 12:17:51
Epoch 358/1000 finished | train_loss=nan | lr=0.000671091 | epoch_time=00:01:00 | elapsed=07:00:35 | ETA=12:34:15 | estimated_finish=2026-06-17 12:17:24
Epoch 359/1000 finished | train_loss=nan | lr=0.00067015 | epoch_time=00:01:05 | elapsed=07:01:41 | ETA=12:32:56 | estimated_finish=2026-06-17 12:17:11
Epoch 360/1000 finished | train_loss=nan | lr=0.000669209 | epoch_time=00:01:00 | elapsed=07:02:42 | ETA=12:31:29 | estimated_finish=2026-06-17 12:16:45
Quick validation epoch=360 | pseudo_dice=0.000000 | val_time=00:00:24
Epoch 361/1000 finished | train_loss=nan | lr=0.000668268 | epoch_time=00:01:03 | elapsed=07:04:10 | ETA=12:30:49 | estimated_finish=2026-06-17 12:17:32
Epoch 362/1000 finished | train_loss=nan | lr=0.000667327 | epoch_time=00:01:02 | elapsed=07:05:13 | ETA=12:29:25 | estimated_finish=2026-06-17 12:17:11
Epoch 363/1000 finished | train_loss=nan | lr=0.000666385 | epoch_time=00:01:02 | elapsed=07:06:16 | ETA=12:28:01 | estimated_finish=2026-06-17 12:16:51
Epoch 364/1000 finished | train_loss=nan | lr=0.000665444 | epoch_time=00:01:08 | elapsed=07:07:25 | ETA=12:26:48 | estimated_finish=2026-06-17 12:16:46
Epoch 365/1000 finished | train_loss=nan | lr=0.000664502 | epoch_time=00:01:01 | elapsed=07:08:26 | ETA=12:25:22 | estimated_finish=2026-06-17 12:16:22
Quick validation epoch=365 | pseudo_dice=0.000000 | val_time=00:00:24
Epoch 366/1000 finished | train_loss=nan | lr=0.00066356 | epoch_time=00:01:02 | elapsed=07:09:53 | ETA=12:24:40 | estimated_finish=2026-06-17 12:17:07
Epoch 367/1000 finished | train_loss=nan | lr=0.000662618 | epoch_time=00:01:03 | elapsed=07:10:56 | ETA=12:23:17 | estimated_finish=2026-06-17 12:16:47
Epoch 368/1000 finished | train_loss=nan | lr=0.000661676 | epoch_time=00:01:00 | elapsed=07:11:57 | ETA=12:21:50 | estimated_finish=2026-06-17 12:16:20
Epoch 369/1000 finished | train_loss=nan | lr=0.000660734 | epoch_time=00:01:04 | elapsed=07:13:02 | ETA=12:20:30 | estimated_finish=2026-06-17 12:16:06
Epoch 370/1000 finished | train_loss=nan | lr=0.000659791 | epoch_time=00:01:02 | elapsed=07:14:05 | ETA=12:19:07 | estimated_finish=2026-06-17 12:15:46
Quick validation epoch=370 | pseudo_dice=0.000000 | val_time=00:00:24
Epoch 371/1000 finished | train_loss=nan | lr=0.000658849 | epoch_time=00:01:03 | elapsed=07:15:33 | ETA=12:18:26 | estimated_finish=2026-06-17 12:16:33
Epoch 372/1000 finished | train_loss=nan | lr=0.000657906 | epoch_time=00:01:03 | elapsed=07:16:36 | ETA=12:17:04 | estimated_finish=2026-06-17 12:16:14
Epoch 373/1000 finished | train_loss=nan | lr=0.000656963 | epoch_time=00:01:05 | elapsed=07:17:42 | ETA=12:15:45 | estimated_finish=2026-06-17 12:16:01
Epoch 374/1000 finished | train_loss=nan | lr=0.00065602 | epoch_time=00:01:08 | elapsed=07:18:50 | ETA=12:14:32 | estimated_finish=2026-06-17 12:15:56
Epoch 375/1000 finished | train_loss=nan | lr=0.000655076 | epoch_time=00:01:10 | elapsed=07:20:01 | ETA=12:13:22 | estimated_finish=2026-06-17 12:15:58
Quick validation epoch=375 | pseudo_dice=0.000000 | val_time=00:00:27
Epoch 376/1000 finished | train_loss=nan | lr=0.000654133 | epoch_time=00:01:04 | elapsed=07:21:34 | ETA=12:12:49 | estimated_finish=2026-06-17 12:16:57
Epoch 377/1000 finished | train_loss=nan | lr=0.00065319 | epoch_time=00:01:04 | elapsed=07:22:39 | ETA=12:11:29 | estimated_finish=2026-06-17 12:16:41
Epoch 378/1000 finished | train_loss=nan | lr=0.000652246 | epoch_time=00:01:02 | elapsed=07:23:41 | ETA=12:10:06 | estimated_finish=2026-06-17 12:16:21
Epoch 379/1000 finished | train_loss=nan | lr=0.000651302 | epoch_time=00:01:01 | elapsed=07:24:43 | ETA=12:08:42 | estimated_finish=2026-06-17 12:15:59
Epoch 380/1000 finished | train_loss=nan | lr=0.000650358 | epoch_time=00:01:02 | elapsed=07:25:46 | ETA=12:07:19 | estimated_finish=2026-06-17 12:15:39
Quick validation epoch=380 | pseudo_dice=0.000000 | val_time=00:00:24
Epoch 381/1000 finished | train_loss=nan | lr=0.000649414 | epoch_time=00:01:03 | elapsed=07:27:15 | ETA=12:06:38 | estimated_finish=2026-06-17 12:16:27
Epoch 382/1000 finished | train_loss=nan | lr=0.00064847 | epoch_time=00:01:01 | elapsed=07:28:17 | ETA=12:05:14 | estimated_finish=2026-06-17 12:16:05
Epoch 383/1000 finished | train_loss=nan | lr=0.000647525 | epoch_time=00:01:01 | elapsed=07:29:18 | ETA=12:03:49 | estimated_finish=2026-06-17 12:15:41
Epoch 384/1000 finished | train_loss=nan | lr=0.000646581 | epoch_time=00:01:02 | elapsed=07:30:21 | ETA=12:02:26 | estimated_finish=2026-06-17 12:15:21
Epoch 385/1000 finished | train_loss=nan | lr=0.000645636 | epoch_time=00:01:00 | elapsed=07:31:22 | ETA=12:01:01 | estimated_finish=2026-06-17 12:14:57
Quick validation epoch=385 | pseudo_dice=0.000000 | val_time=00:00:24
Epoch 386/1000 finished | train_loss=nan | lr=0.000644691 | epoch_time=00:01:03 | elapsed=07:32:50 | ETA=12:00:18 | estimated_finish=2026-06-17 12:15:42
Epoch 387/1000 finished | train_loss=nan | lr=0.000643746 | epoch_time=00:01:03 | elapsed=07:33:53 | ETA=11:58:57 | estimated_finish=2026-06-17 12:15:24
Epoch 388/1000 finished | train_loss=nan | lr=0.000642801 | epoch_time=00:01:02 | elapsed=07:34:55 | ETA=11:57:34 | estimated_finish=2026-06-17 12:15:03
Epoch 389/1000 finished | train_loss=nan | lr=0.000641855 | epoch_time=00:01:02 | elapsed=07:35:58 | ETA=11:56:11 | estimated_finish=2026-06-17 12:14:42
Epoch 390/1000 finished | train_loss=nan | lr=0.00064091 | epoch_time=00:01:05 | elapsed=07:37:03 | ETA=11:54:53 | estimated_finish=2026-06-17 12:14:29
Quick validation epoch=390 | pseudo_dice=0.000000 | val_time=00:00:24
Epoch 391/1000 finished | train_loss=nan | lr=0.000639964 | epoch_time=00:01:01 | elapsed=07:38:30 | ETA=11:54:08 | estimated_finish=2026-06-17 12:15:12
Epoch 392/1000 finished | train_loss=nan | lr=0.000639018 | epoch_time=00:01:03 | elapsed=07:39:34 | ETA=11:52:47 | estimated_finish=2026-06-17 12:14:55
Epoch 393/1000 finished | train_loss=nan | lr=0.000638072 | epoch_time=00:01:02 | elapsed=07:40:37 | ETA=11:51:26 | estimated_finish=2026-06-17 12:14:36
Epoch 394/1000 finished | train_loss=nan | lr=0.000637126 | epoch_time=00:01:01 | elapsed=07:41:39 | ETA=11:50:03 | estimated_finish=2026-06-17 12:14:15
Epoch 395/1000 finished | train_loss=nan | lr=0.00063618 | epoch_time=00:01:02 | elapsed=07:42:41 | ETA=11:48:41 | estimated_finish=2026-06-17 12:13:56
Quick validation epoch=395 | pseudo_dice=0.000000 | val_time=00:00:24
Epoch 396/1000 finished | train_loss=nan | lr=0.000635233 | epoch_time=00:01:01 | elapsed=07:44:08 | ETA=11:47:55 | estimated_finish=2026-06-17 12:14:36
Epoch 397/1000 finished | train_loss=nan | lr=0.000634287 | epoch_time=00:01:03 | elapsed=07:45:11 | ETA=11:46:34 | estimated_finish=2026-06-17 12:14:19
Epoch 398/1000 finished | train_loss=nan | lr=0.00063334 | epoch_time=00:01:02 | elapsed=07:46:14 | ETA=11:45:13 | estimated_finish=2026-06-17 12:14:01
Epoch 399/1000 finished | train_loss=nan | lr=0.000632393 | epoch_time=00:01:01 | elapsed=07:47:16 | ETA=11:43:49 | estimated_finish=2026-06-17 12:13:39
Epoch 400/1000 finished | train_loss=nan | lr=0.000631446 | epoch_time=00:01:03 | elapsed=07:48:20 | ETA=11:42:30 | estimated_finish=2026-06-17 12:13:23
Quick validation epoch=400 | pseudo_dice=0.000000 | val_time=00:00:24
Full validation epoch=400 | mean_dice=0.000000 | val_time=00:04:43
Epoch 401/1000 finished | train_loss=nan | lr=0.000630499 | epoch_time=00:01:08 | elapsed=07:54:37 | ETA=11:48:59 | estimated_finish=2026-06-17 12:26:09
Epoch 402/1000 finished | train_loss=nan | lr=0.000629551 | epoch_time=00:01:01 | elapsed=07:55:39 | ETA=11:47:34 | estimated_finish=2026-06-17 12:25:47
Epoch 403/1000 finished | train_loss=nan | lr=0.000628604 | epoch_time=00:01:02 | elapsed=07:56:41 | ETA=11:46:10 | estimated_finish=2026-06-17 12:25:25
Epoch 404/1000 finished | train_loss=nan | lr=0.000627656 | epoch_time=00:01:04 | elapsed=07:57:46 | ETA=11:44:49 | estimated_finish=2026-06-17 12:25:09
Epoch 405/1000 finished | train_loss=nan | lr=0.000626708 | epoch_time=00:01:04 | elapsed=07:58:50 | ETA=11:43:29 | estimated_finish=2026-06-17 12:24:53
Quick validation epoch=405 | pseudo_dice=0.000000 | val_time=00:00:24
Epoch 406/1000 finished | train_loss=nan | lr=0.00062576 | epoch_time=00:01:03 | elapsed=08:00:19 | ETA=11:42:43 | estimated_finish=2026-06-17 12:25:36
Epoch 407/1000 finished | train_loss=nan | lr=0.000624812 | epoch_time=00:01:00 | elapsed=08:01:19 | ETA=11:41:17 | estimated_finish=2026-06-17 12:25:09
Epoch 408/1000 finished | train_loss=nan | lr=0.000623863 | epoch_time=00:01:02 | elapsed=08:02:21 | ETA=11:39:53 | estimated_finish=2026-06-17 12:24:48
Epoch 409/1000 finished | train_loss=nan | lr=0.000622915 | epoch_time=00:01:03 | elapsed=08:03:25 | ETA=11:38:32 | estimated_finish=2026-06-17 12:24:31
Epoch 410/1000 finished | train_loss=nan | lr=0.000621966 | epoch_time=00:01:01 | elapsed=08:04:27 | ETA=11:37:09 | estimated_finish=2026-06-17 12:24:09
Quick validation epoch=410 | pseudo_dice=0.000000 | val_time=00:00:24
Epoch 411/1000 finished | train_loss=nan | lr=0.000621017 | epoch_time=00:01:01 | elapsed=08:05:53 | ETA=11:36:19 | estimated_finish=2026-06-17 12:24:46
Epoch 412/1000 finished | train_loss=nan | lr=0.000620068 | epoch_time=00:01:04 | elapsed=08:06:58 | ETA=11:35:00 | estimated_finish=2026-06-17 12:24:31
Epoch 413/1000 finished | train_loss=nan | lr=0.000619119 | epoch_time=00:01:03 | elapsed=08:08:01 | ETA=11:33:38 | estimated_finish=2026-06-17 12:24:13
Epoch 414/1000 finished | train_loss=nan | lr=0.00061817 | epoch_time=00:01:03 | elapsed=08:09:05 | ETA=11:32:17 | estimated_finish=2026-06-17 12:23:56
Epoch 415/1000 finished | train_loss=nan | lr=0.00061722 | epoch_time=00:01:02 | elapsed=08:10:08 | ETA=11:30:55 | estimated_finish=2026-06-17 12:23:36
Quick validation epoch=415 | pseudo_dice=0.000000 | val_time=00:00:24
Epoch 416/1000 finished | train_loss=nan | lr=0.000616271 | epoch_time=00:01:00 | elapsed=08:11:33 | ETA=11:30:04 | estimated_finish=2026-06-17 12:24:11
Epoch 417/1000 finished | train_loss=nan | lr=0.000615321 | epoch_time=00:01:02 | elapsed=08:12:35 | ETA=11:28:41 | estimated_finish=2026-06-17 12:23:50
Epoch 418/1000 finished | train_loss=nan | lr=0.000614371 | epoch_time=00:01:01 | elapsed=08:13:37 | ETA=11:27:18 | estimated_finish=2026-06-17 12:23:28
Epoch 419/1000 finished | train_loss=nan | lr=0.000613421 | epoch_time=00:01:04 | elapsed=08:14:42 | ETA=11:25:58 | estimated_finish=2026-06-17 12:23:14
Epoch 420/1000 finished | train_loss=nan | lr=0.000612471 | epoch_time=00:01:07 | elapsed=08:15:49 | ETA=11:24:43 | estimated_finish=2026-06-17 12:23:06
Quick validation epoch=420 | pseudo_dice=0.000000 | val_time=00:00:24
Epoch 421/1000 finished | train_loss=nan | lr=0.00061152 | epoch_time=00:01:01 | elapsed=08:17:16 | ETA=11:23:54 | estimated_finish=2026-06-17 12:23:44
Epoch 422/1000 finished | train_loss=nan | lr=0.000610569 | epoch_time=00:01:02 | elapsed=08:18:19 | ETA=11:22:32 | estimated_finish=2026-06-17 12:23:25
Epoch 423/1000 finished | train_loss=nan | lr=0.000609619 | epoch_time=00:01:03 | elapsed=08:19:23 | ETA=11:21:12 | estimated_finish=2026-06-17 12:23:09
Epoch 424/1000 finished | train_loss=nan | lr=0.000608668 | epoch_time=00:01:04 | elapsed=08:20:28 | ETA=11:19:53 | estimated_finish=2026-06-17 12:22:54
Epoch 425/1000 finished | train_loss=nan | lr=0.000607717 | epoch_time=00:01:01 | elapsed=08:21:29 | ETA=11:18:29 | estimated_finish=2026-06-17 12:22:32
Quick validation epoch=425 | pseudo_dice=0.000000 | val_time=00:00:24
Epoch 426/1000 finished | train_loss=nan | lr=0.000606765 | epoch_time=00:01:01 | elapsed=08:22:56 | ETA=11:17:40 | estimated_finish=2026-06-17 12:23:09
Epoch 427/1000 finished | train_loss=nan | lr=0.000605814 | epoch_time=00:01:01 | elapsed=08:23:58 | ETA=11:16:17 | estimated_finish=2026-06-17 12:22:48
Epoch 428/1000 finished | train_loss=nan | lr=0.000604862 | epoch_time=00:01:02 | elapsed=08:25:00 | ETA=11:14:55 | estimated_finish=2026-06-17 12:22:28
Epoch 429/1000 finished | train_loss=nan | lr=0.00060391 | epoch_time=00:01:04 | elapsed=08:26:04 | ETA=11:13:35 | estimated_finish=2026-06-17 12:22:13
Epoch 430/1000 finished | train_loss=nan | lr=0.000602958 | epoch_time=00:01:01 | elapsed=08:27:06 | ETA=11:12:12 | estimated_finish=2026-06-17 12:21:51
Quick validation epoch=430 | pseudo_dice=0.000000 | val_time=00:00:24
Epoch 431/1000 finished | train_loss=nan | lr=0.000602006 | epoch_time=00:01:03 | elapsed=08:28:34 | ETA=11:11:24 | estimated_finish=2026-06-17 12:22:31
Epoch 432/1000 finished | train_loss=nan | lr=0.000601054 | epoch_time=00:01:02 | elapsed=08:29:36 | ETA=11:10:02 | estimated_finish=2026-06-17 12:22:12
Epoch 433/1000 finished | train_loss=nan | lr=0.000600102 | epoch_time=00:01:01 | elapsed=08:30:37 | ETA=11:08:39 | estimated_finish=2026-06-17 12:21:50
Epoch 434/1000 finished | train_loss=nan | lr=0.000599149 | epoch_time=00:01:03 | elapsed=08:31:41 | ETA=11:07:19 | estimated_finish=2026-06-17 12:21:33
Epoch 435/1000 finished | train_loss=nan | lr=0.000598196 | epoch_time=00:01:02 | elapsed=08:32:43 | ETA=11:05:57 | estimated_finish=2026-06-17 12:21:14
Quick validation epoch=435 | pseudo_dice=0.000000 | val_time=00:00:24
Epoch 436/1000 finished | train_loss=nan | lr=0.000597243 | epoch_time=00:01:04 | elapsed=08:34:12 | ETA=11:05:10 | estimated_finish=2026-06-17 12:21:56
Epoch 437/1000 finished | train_loss=nan | lr=0.00059629 | epoch_time=00:01:05 | elapsed=08:35:18 | ETA=11:03:53 | estimated_finish=2026-06-17 12:21:45
Epoch 438/1000 finished | train_loss=nan | lr=0.000595337 | epoch_time=00:01:01 | elapsed=08:36:20 | ETA=11:02:30 | estimated_finish=2026-06-17 12:21:23
Epoch 439/1000 finished | train_loss=nan | lr=0.000594383 | epoch_time=00:01:02 | elapsed=08:37:22 | ETA=11:01:09 | estimated_finish=2026-06-17 12:21:04
Epoch 440/1000 finished | train_loss=nan | lr=0.00059343 | epoch_time=00:01:03 | elapsed=08:38:26 | ETA=10:59:49 | estimated_finish=2026-06-17 12:20:49
Quick validation epoch=440 | pseudo_dice=0.000000 | val_time=00:00:24
Epoch 441/1000 finished | train_loss=nan | lr=0.000592476 | epoch_time=00:01:03 | elapsed=08:39:54 | ETA=10:59:01 | estimated_finish=2026-06-17 12:21:29
Epoch 442/1000 finished | train_loss=nan | lr=0.000591522 | epoch_time=00:01:01 | elapsed=08:40:55 | ETA=10:57:38 | estimated_finish=2026-06-17 12:21:07
Epoch 443/1000 finished | train_loss=nan | lr=0.000590568 | epoch_time=00:00:59 | elapsed=08:41:55 | ETA=10:56:14 | estimated_finish=2026-06-17 12:20:43
Epoch 444/1000 finished | train_loss=nan | lr=0.000589613 | epoch_time=00:01:03 | elapsed=08:42:59 | ETA=10:54:55 | estimated_finish=2026-06-17 12:20:28
Epoch 445/1000 finished | train_loss=nan | lr=0.000588659 | epoch_time=00:00:59 | elapsed=08:43:59 | ETA=10:53:31 | estimated_finish=2026-06-17 12:20:04
Quick validation epoch=445 | pseudo_dice=0.000000 | val_time=00:00:24
Epoch 446/1000 finished | train_loss=nan | lr=0.000587704 | epoch_time=00:01:02 | elapsed=08:45:26 | ETA=10:52:41 | estimated_finish=2026-06-17 12:20:41
Epoch 447/1000 finished | train_loss=nan | lr=0.000586749 | epoch_time=00:01:02 | elapsed=08:46:29 | ETA=10:51:20 | estimated_finish=2026-06-17 12:20:23
Epoch 448/1000 finished | train_loss=nan | lr=0.000585794 | epoch_time=00:01:03 | elapsed=08:47:33 | ETA=10:50:01 | estimated_finish=2026-06-17 12:20:08
Epoch 449/1000 finished | train_loss=nan | lr=0.000584839 | epoch_time=00:01:03 | elapsed=08:48:36 | ETA=10:48:41 | estimated_finish=2026-06-17 12:19:51
Epoch 450/1000 finished | train_loss=nan | lr=0.000583884 | epoch_time=00:01:02 | elapsed=08:49:39 | ETA=10:47:21 | estimated_finish=2026-06-17 12:19:33
Quick validation epoch=450 | pseudo_dice=0.000000 | val_time=00:00:24
Epoch 451/1000 finished | train_loss=nan | lr=0.000582928 | epoch_time=00:01:01 | elapsed=08:51:04 | ETA=10:46:28 | estimated_finish=2026-06-17 12:20:06
Epoch 452/1000 finished | train_loss=nan | lr=0.000581973 | epoch_time=00:01:01 | elapsed=08:52:06 | ETA=10:45:07 | estimated_finish=2026-06-17 12:19:47
Epoch 453/1000 finished | train_loss=nan | lr=0.000581017 | epoch_time=00:01:01 | elapsed=08:53:07 | ETA=10:43:45 | estimated_finish=2026-06-17 12:19:26
Epoch 454/1000 finished | train_loss=nan | lr=0.000580061 | epoch_time=00:01:01 | elapsed=08:54:08 | ETA=10:42:23 | estimated_finish=2026-06-17 12:19:05
Epoch 455/1000 finished | train_loss=nan | lr=0.000579104 | epoch_time=00:01:03 | elapsed=08:55:12 | ETA=10:41:04 | estimated_finish=2026-06-17 12:18:50
Quick validation epoch=455 | pseudo_dice=0.000000 | val_time=00:00:24
Epoch 456/1000 finished | train_loss=nan | lr=0.000578148 | epoch_time=00:01:01 | elapsed=08:56:38 | ETA=10:40:12 | estimated_finish=2026-06-17 12:19:24
Epoch 457/1000 finished | train_loss=nan | lr=0.000577191 | epoch_time=00:01:02 | elapsed=08:57:41 | ETA=10:38:52 | estimated_finish=2026-06-17 12:19:06
Epoch 458/1000 finished | train_loss=nan | lr=0.000576235 | epoch_time=00:01:00 | elapsed=08:58:42 | ETA=10:37:30 | estimated_finish=2026-06-17 12:18:45
Epoch 459/1000 finished | train_loss=nan | lr=0.000575278 | epoch_time=00:01:02 | elapsed=08:59:44 | ETA=10:36:10 | estimated_finish=2026-06-17 12:18:27
Epoch 460/1000 finished | train_loss=nan | lr=0.000574321 | epoch_time=00:01:04 | elapsed=09:00:48 | ETA=10:34:52 | estimated_finish=2026-06-17 12:18:14
Quick validation epoch=460 | pseudo_dice=0.000000 | val_time=00:00:24
Epoch 461/1000 finished | train_loss=nan | lr=0.000573363 | epoch_time=00:01:03 | elapsed=09:02:17 | ETA=10:34:02 | estimated_finish=2026-06-17 12:18:52
Epoch 462/1000 finished | train_loss=nan | lr=0.000572406 | epoch_time=00:01:05 | elapsed=09:03:22 | ETA=10:32:45 | estimated_finish=2026-06-17 12:18:41
Epoch 463/1000 finished | train_loss=nan | lr=0.000571448 | epoch_time=00:01:02 | elapsed=09:04:25 | ETA=10:31:26 | estimated_finish=2026-06-17 12:18:24
Epoch 464/1000 finished | train_loss=nan | lr=0.00057049 | epoch_time=00:01:01 | elapsed=09:05:27 | ETA=10:30:05 | estimated_finish=2026-06-17 12:18:05
Epoch 465/1000 finished | train_loss=nan | lr=0.000569532 | epoch_time=00:01:00 | elapsed=09:06:27 | ETA=10:28:43 | estimated_finish=2026-06-17 12:17:44
Quick validation epoch=465 | pseudo_dice=0.000000 | val_time=00:00:24
Epoch 466/1000 finished | train_loss=nan | lr=0.000568574 | epoch_time=00:00:59 | elapsed=09:07:52 | ETA=10:27:48 | estimated_finish=2026-06-17 12:18:14
Epoch 467/1000 finished | train_loss=nan | lr=0.000567616 | epoch_time=00:01:01 | elapsed=09:08:53 | ETA=10:26:27 | estimated_finish=2026-06-17 12:17:54
Epoch 468/1000 finished | train_loss=nan | lr=0.000566657 | epoch_time=00:01:04 | elapsed=09:09:58 | ETA=10:25:11 | estimated_finish=2026-06-17 12:17:42
Epoch 469/1000 finished | train_loss=nan | lr=0.000565699 | epoch_time=00:01:04 | elapsed=09:11:02 | ETA=10:23:53 | estimated_finish=2026-06-17 12:17:29
Epoch 470/1000 finished | train_loss=nan | lr=0.00056474 | epoch_time=00:00:59 | elapsed=09:12:02 | ETA=10:22:30 | estimated_finish=2026-06-17 12:17:06
Quick validation epoch=470 | pseudo_dice=0.000000 | val_time=00:00:30
Epoch 471/1000 finished | train_loss=nan | lr=0.000563781 | epoch_time=00:01:02 | elapsed=09:13:36 | ETA=10:21:46 | estimated_finish=2026-06-17 12:17:56
Epoch 472/1000 finished | train_loss=nan | lr=0.000562821 | epoch_time=00:01:01 | elapsed=09:14:37 | ETA=10:20:26 | estimated_finish=2026-06-17 12:17:37
Epoch 473/1000 finished | train_loss=nan | lr=0.000561862 | epoch_time=00:01:03 | elapsed=09:15:41 | ETA=10:19:08 | estimated_finish=2026-06-17 12:17:23
Epoch 474/1000 finished | train_loss=nan | lr=0.000560902 | epoch_time=00:01:01 | elapsed=09:16:43 | ETA=10:17:48 | estimated_finish=2026-06-17 12:17:05
Epoch 475/1000 finished | train_loss=nan | lr=0.000559942 | epoch_time=00:01:01 | elapsed=09:17:45 | ETA=10:16:28 | estimated_finish=2026-06-17 12:16:46
Quick validation epoch=475 | pseudo_dice=0.000000 | val_time=00:00:24
Epoch 476/1000 finished | train_loss=nan | lr=0.000558982 | epoch_time=00:01:05 | elapsed=09:19:15 | ETA=10:15:39 | estimated_finish=2026-06-17 12:17:28
Epoch 477/1000 finished | train_loss=nan | lr=0.000558022 | epoch_time=00:01:01 | elapsed=09:20:17 | ETA=10:14:19 | estimated_finish=2026-06-17 12:17:10
Epoch 478/1000 finished | train_loss=nan | lr=0.000557062 | epoch_time=00:01:03 | elapsed=09:21:21 | ETA=10:13:01 | estimated_finish=2026-06-17 12:16:56
Epoch 479/1000 finished | train_loss=nan | lr=0.000556101 | epoch_time=00:01:00 | elapsed=09:22:22 | ETA=10:11:41 | estimated_finish=2026-06-17 12:16:36
Epoch 480/1000 finished | train_loss=nan | lr=0.000555141 | epoch_time=00:01:02 | elapsed=09:23:24 | ETA=10:10:21 | estimated_finish=2026-06-17 12:16:19
Quick validation epoch=480 | pseudo_dice=0.000000 | val_time=00:00:24
Epoch 481/1000 finished | train_loss=nan | lr=0.00055418 | epoch_time=00:01:01 | elapsed=09:24:51 | ETA=10:09:29 | estimated_finish=2026-06-17 12:16:53
Epoch 482/1000 finished | train_loss=nan | lr=0.000553219 | epoch_time=00:01:00 | elapsed=09:25:52 | ETA=10:08:08 | estimated_finish=2026-06-17 12:16:34
Epoch 483/1000 finished | train_loss=nan | lr=0.000552257 | epoch_time=00:01:03 | elapsed=09:26:56 | ETA=10:06:50 | estimated_finish=2026-06-17 12:16:20
Epoch 484/1000 finished | train_loss=nan | lr=0.000551296 | epoch_time=00:01:02 | elapsed=09:27:58 | ETA=10:05:31 | estimated_finish=2026-06-17 12:16:03
Epoch 485/1000 finished | train_loss=nan | lr=0.000550334 | epoch_time=00:01:01 | elapsed=09:29:00 | ETA=10:04:11 | estimated_finish=2026-06-17 12:15:45
Quick validation epoch=485 | pseudo_dice=0.000000 | val_time=00:00:23
Epoch 486/1000 finished | train_loss=nan | lr=0.000549372 | epoch_time=00:01:01 | elapsed=09:30:25 | ETA=10:03:17 | estimated_finish=2026-06-17 12:16:15
Epoch 487/1000 finished | train_loss=nan | lr=0.00054841 | epoch_time=00:01:01 | elapsed=09:31:27 | ETA=10:01:57 | estimated_finish=2026-06-17 12:15:58
Epoch 488/1000 finished | train_loss=nan | lr=0.000547448 | epoch_time=00:01:00 | elapsed=09:32:27 | ETA=10:00:37 | estimated_finish=2026-06-17 12:15:38
Epoch 489/1000 finished | train_loss=nan | lr=0.000546486 | epoch_time=00:01:01 | elapsed=09:33:29 | ETA=09:59:17 | estimated_finish=2026-06-17 12:15:20
Epoch 490/1000 finished | train_loss=nan | lr=0.000545523 | epoch_time=00:00:59 | elapsed=09:34:29 | ETA=09:57:56 | estimated_finish=2026-06-17 12:14:59
Quick validation epoch=490 | pseudo_dice=0.000000 | val_time=00:00:24
Epoch 491/1000 finished | train_loss=nan | lr=0.00054456 | epoch_time=00:01:02 | elapsed=09:35:57 | ETA=09:57:03 | estimated_finish=2026-06-17 12:15:34
Epoch 492/1000 finished | train_loss=nan | lr=0.000543597 | epoch_time=00:01:00 | elapsed=09:36:57 | ETA=09:55:43 | estimated_finish=2026-06-17 12:15:14
Epoch 493/1000 finished | train_loss=nan | lr=0.000542634 | epoch_time=00:01:02 | elapsed=09:38:00 | ETA=09:54:24 | estimated_finish=2026-06-17 12:14:58
Epoch 494/1000 finished | train_loss=nan | lr=0.000541671 | epoch_time=00:01:03 | elapsed=09:39:04 | ETA=09:53:08 | estimated_finish=2026-06-17 12:14:45
Epoch 495/1000 finished | train_loss=nan | lr=0.000540707 | epoch_time=00:01:02 | elapsed=09:40:06 | ETA=09:51:49 | estimated_finish=2026-06-17 12:14:28
Quick validation epoch=495 | pseudo_dice=0.000000 | val_time=00:00:24
Epoch 496/1000 finished | train_loss=nan | lr=0.000539744 | epoch_time=00:01:03 | elapsed=09:41:34 | ETA=09:50:56 | estimated_finish=2026-06-17 12:15:04
Epoch 497/1000 finished | train_loss=nan | lr=0.00053878 | epoch_time=00:01:01 | elapsed=09:42:35 | ETA=09:49:37 | estimated_finish=2026-06-17 12:14:46
Epoch 498/1000 finished | train_loss=nan | lr=0.000537816 | epoch_time=00:01:01 | elapsed=09:43:36 | ETA=09:48:18 | estimated_finish=2026-06-17 12:14:28
Epoch 499/1000 finished | train_loss=nan | lr=0.000536851 | epoch_time=00:01:01 | elapsed=09:44:38 | ETA=09:46:58 | estimated_finish=2026-06-17 12:14:10
Epoch 500/1000 finished | train_loss=nan | lr=0.000535887 | epoch_time=00:01:08 | elapsed=09:45:46 | ETA=09:45:46 | estimated_finish=2026-06-17 12:14:06
Quick validation epoch=500 | pseudo_dice=0.000000 | val_time=00:00:25
Full validation epoch=500 | mean_dice=0.000000 | val_time=00:04:43
Epoch 501/1000 finished | train_loss=nan | lr=0.000534922 | epoch_time=00:01:05 | elapsed=09:52:01 | ETA=09:49:39 | estimated_finish=2026-06-17 12:24:14
Epoch 502/1000 finished | train_loss=nan | lr=0.000533957 | epoch_time=00:01:01 | elapsed=09:53:02 | ETA=09:48:19 | estimated_finish=2026-06-17 12:23:55
Epoch 503/1000 finished | train_loss=nan | lr=0.000532992 | epoch_time=00:01:03 | elapsed=09:54:06 | ETA=09:47:01 | estimated_finish=2026-06-17 12:23:40
Epoch 504/1000 finished | train_loss=nan | lr=0.000532027 | epoch_time=00:01:02 | elapsed=09:55:08 | ETA=09:45:41 | estimated_finish=2026-06-17 12:23:23
Epoch 505/1000 finished | train_loss=nan | lr=0.000531061 | epoch_time=00:01:02 | elapsed=09:56:10 | ETA=09:44:22 | estimated_finish=2026-06-17 12:23:06
Quick validation epoch=505 | pseudo_dice=0.000000 | val_time=00:00:24
Epoch 506/1000 finished | train_loss=nan | lr=0.000530096 | epoch_time=00:01:03 | elapsed=09:57:39 | ETA=09:43:28 | estimated_finish=2026-06-17 12:23:41
Epoch 507/1000 finished | train_loss=nan | lr=0.00052913 | epoch_time=00:01:03 | elapsed=09:58:43 | ETA=09:42:11 | estimated_finish=2026-06-17 12:23:27
Epoch 508/1000 finished | train_loss=nan | lr=0.000528164 | epoch_time=00:01:00 | elapsed=09:59:44 | ETA=09:40:51 | estimated_finish=2026-06-17 12:23:08
Epoch 509/1000 finished | train_loss=nan | lr=0.000527198 | epoch_time=00:01:00 | elapsed=10:00:45 | ETA=09:39:30 | estimated_finish=2026-06-17 12:22:49
Epoch 510/1000 finished | train_loss=nan | lr=0.000526231 | epoch_time=00:01:01 | elapsed=10:01:46 | ETA=09:38:10 | estimated_finish=2026-06-17 12:22:30
Quick validation epoch=510 | pseudo_dice=0.000000 | val_time=00:00:23
Epoch 511/1000 finished | train_loss=nan | lr=0.000525264 | epoch_time=00:01:01 | elapsed=10:03:11 | ETA=09:37:13 | estimated_finish=2026-06-17 12:22:58
Epoch 512/1000 finished | train_loss=nan | lr=0.000524298 | epoch_time=00:01:01 | elapsed=10:04:13 | ETA=09:35:53 | estimated_finish=2026-06-17 12:22:40
Epoch 513/1000 finished | train_loss=nan | lr=0.000523331 | epoch_time=00:01:00 | elapsed=10:05:13 | ETA=09:34:33 | estimated_finish=2026-06-17 12:22:20
Epoch 514/1000 finished | train_loss=nan | lr=0.000522363 | epoch_time=00:01:01 | elapsed=10:06:15 | ETA=09:33:13 | estimated_finish=2026-06-17 12:22:02
Epoch 515/1000 finished | train_loss=nan | lr=0.000521396 | epoch_time=00:01:01 | elapsed=10:07:16 | ETA=09:31:54 | estimated_finish=2026-06-17 12:21:44
Quick validation epoch=515 | pseudo_dice=0.000000 | val_time=00:00:24
Epoch 516/1000 finished | train_loss=nan | lr=0.000520428 | epoch_time=00:01:03 | elapsed=10:08:44 | ETA=09:30:59 | estimated_finish=2026-06-17 12:22:16
Epoch 517/1000 finished | train_loss=nan | lr=0.00051946 | epoch_time=00:01:02 | elapsed=10:09:46 | ETA=09:29:40 | estimated_finish=2026-06-17 12:22:00
Epoch 518/1000 finished | train_loss=nan | lr=0.000518492 | epoch_time=00:01:01 | elapsed=10:10:48 | ETA=09:28:21 | estimated_finish=2026-06-17 12:21:43
Epoch 519/1000 finished | train_loss=nan | lr=0.000517524 | epoch_time=00:01:00 | elapsed=10:11:49 | ETA=09:27:01 | estimated_finish=2026-06-17 12:21:24
Epoch 520/1000 finished | train_loss=nan | lr=0.000516556 | epoch_time=00:01:03 | elapsed=10:12:52 | ETA=09:25:44 | estimated_finish=2026-06-17 12:21:10
Quick validation epoch=520 | pseudo_dice=0.000000 | val_time=00:00:24
Epoch 521/1000 finished | train_loss=nan | lr=0.000515587 | epoch_time=00:01:00 | elapsed=10:14:18 | ETA=09:24:46 | estimated_finish=2026-06-17 12:21:38
Epoch 522/1000 finished | train_loss=nan | lr=0.000514618 | epoch_time=00:01:02 | elapsed=10:15:20 | ETA=09:23:28 | estimated_finish=2026-06-17 12:21:22
Epoch 523/1000 finished | train_loss=nan | lr=0.000513649 | epoch_time=00:01:03 | elapsed=10:16:24 | ETA=09:22:11 | estimated_finish=2026-06-17 12:21:08
Epoch 524/1000 finished | train_loss=nan | lr=0.00051268 | epoch_time=00:01:02 | elapsed=10:17:27 | ETA=09:20:53 | estimated_finish=2026-06-17 12:20:54
Epoch 525/1000 finished | train_loss=nan | lr=0.00051171 | epoch_time=00:01:00 | elapsed=10:18:27 | ETA=09:19:33 | estimated_finish=2026-06-17 12:20:34
Quick validation epoch=525 | pseudo_dice=0.000000 | val_time=00:00:24
Epoch 526/1000 finished | train_loss=nan | lr=0.000510741 | epoch_time=00:01:01 | elapsed=10:19:53 | ETA=09:18:36 | estimated_finish=2026-06-17 12:21:03
Epoch 527/1000 finished | train_loss=nan | lr=0.000509771 | epoch_time=00:01:01 | elapsed=10:20:55 | ETA=09:17:18 | estimated_finish=2026-06-17 12:20:47
Epoch 528/1000 finished | train_loss=nan | lr=0.000508801 | epoch_time=00:01:01 | elapsed=10:21:57 | ETA=09:15:59 | estimated_finish=2026-06-17 12:20:30
Epoch 529/1000 finished | train_loss=nan | lr=0.000507831 | epoch_time=00:01:02 | elapsed=10:23:00 | ETA=09:14:42 | estimated_finish=2026-06-17 12:20:16
Epoch 530/1000 finished | train_loss=nan | lr=0.00050686 | epoch_time=00:01:02 | elapsed=10:24:03 | ETA=09:13:24 | estimated_finish=2026-06-17 12:20:01
Quick validation epoch=530 | pseudo_dice=0.000000 | val_time=00:00:25
Epoch 531/1000 finished | train_loss=nan | lr=0.000505889 | epoch_time=00:01:03 | elapsed=10:25:32 | ETA=09:12:29 | estimated_finish=2026-06-17 12:20:35
Epoch 532/1000 finished | train_loss=nan | lr=0.000504918 | epoch_time=00:01:07 | elapsed=10:26:40 | ETA=09:11:16 | estimated_finish=2026-06-17 12:20:30
Epoch 533/1000 finished | train_loss=nan | lr=0.000503947 | epoch_time=00:01:01 | elapsed=10:27:41 | ETA=09:09:58 | estimated_finish=2026-06-17 12:20:13
Epoch 534/1000 finished | train_loss=nan | lr=0.000502976 | epoch_time=00:01:02 | elapsed=10:28:44 | ETA=09:08:40 | estimated_finish=2026-06-17 12:19:57
Epoch 535/1000 finished | train_loss=nan | lr=0.000502005 | epoch_time=00:01:02 | elapsed=10:29:47 | ETA=09:07:23 | estimated_finish=2026-06-17 12:19:43
Quick validation epoch=535 | pseudo_dice=0.000000 | val_time=00:00:24
Epoch 536/1000 finished | train_loss=nan | lr=0.000501033 | epoch_time=00:01:03 | elapsed=10:31:15 | ETA=09:06:27 | estimated_finish=2026-06-17 12:20:16
Epoch 537/1000 finished | train_loss=nan | lr=0.000500061 | epoch_time=00:01:02 | elapsed=10:32:18 | ETA=09:05:10 | estimated_finish=2026-06-17 12:20:02
Epoch 538/1000 finished | train_loss=nan | lr=0.000499089 | epoch_time=00:01:00 | elapsed=10:33:19 | ETA=09:03:51 | estimated_finish=2026-06-17 12:19:43
Epoch 539/1000 finished | train_loss=nan | lr=0.000498116 | epoch_time=00:01:08 | elapsed=10:34:27 | ETA=09:02:38 | estimated_finish=2026-06-17 12:19:39
Epoch 540/1000 finished | train_loss=nan | lr=0.000497144 | epoch_time=00:01:00 | elapsed=10:35:28 | ETA=09:01:19 | estimated_finish=2026-06-17 12:19:21
Quick validation epoch=540 | pseudo_dice=0.000000 | val_time=00:00:24
Epoch 541/1000 finished | train_loss=nan | lr=0.000496171 | epoch_time=00:01:01 | elapsed=10:36:54 | ETA=09:00:22 | estimated_finish=2026-06-17 12:19:49
Epoch 542/1000 finished | train_loss=nan | lr=0.000495198 | epoch_time=00:01:01 | elapsed=10:37:55 | ETA=08:59:03 | estimated_finish=2026-06-17 12:19:32
Epoch 543/1000 finished | train_loss=nan | lr=0.000494225 | epoch_time=00:01:01 | elapsed=10:38:58 | ETA=08:57:46 | estimated_finish=2026-06-17 12:19:17
Epoch 544/1000 finished | train_loss=nan | lr=0.000493251 | epoch_time=00:01:02 | elapsed=10:40:00 | ETA=08:56:28 | estimated_finish=2026-06-17 12:19:02
Epoch 545/1000 finished | train_loss=nan | lr=0.000492278 | epoch_time=00:01:02 | elapsed=10:41:03 | ETA=08:55:11 | estimated_finish=2026-06-17 12:18:47
Quick validation epoch=545 | pseudo_dice=0.000000 | val_time=00:00:24
Epoch 546/1000 finished | train_loss=nan | lr=0.000491304 | epoch_time=00:00:59 | elapsed=10:42:27 | ETA=08:54:12 | estimated_finish=2026-06-17 12:19:12
Epoch 547/1000 finished | train_loss=nan | lr=0.00049033 | epoch_time=00:01:03 | elapsed=10:43:30 | ETA=08:52:55 | estimated_finish=2026-06-17 12:18:59
Epoch 548/1000 finished | train_loss=nan | lr=0.000489356 | epoch_time=00:01:03 | elapsed=10:44:34 | ETA=08:51:39 | estimated_finish=2026-06-17 12:18:46
Epoch 549/1000 finished | train_loss=nan | lr=0.000488381 | epoch_time=00:01:02 | elapsed=10:45:36 | ETA=08:50:21 | estimated_finish=2026-06-17 12:18:31
Epoch 550/1000 finished | train_loss=nan | lr=0.000487406 | epoch_time=00:01:03 | elapsed=10:46:40 | ETA=08:49:05 | estimated_finish=2026-06-17 12:18:19
Quick validation epoch=550 | pseudo_dice=0.000000 | val_time=00:00:26
Epoch 551/1000 finished | train_loss=nan | lr=0.000486432 | epoch_time=00:01:04 | elapsed=10:48:10 | ETA=08:48:11 | estimated_finish=2026-06-17 12:18:55
Epoch 552/1000 finished | train_loss=nan | lr=0.000485456 | epoch_time=00:01:08 | elapsed=10:49:19 | ETA=08:46:58 | estimated_finish=2026-06-17 12:18:51
Epoch 553/1000 finished | train_loss=nan | lr=0.000484481 | epoch_time=00:01:07 | elapsed=10:50:26 | ETA=08:45:45 | estimated_finish=2026-06-17 12:18:45
Epoch 554/1000 finished | train_loss=nan | lr=0.000483505 | epoch_time=00:01:04 | elapsed=10:51:30 | ETA=08:44:30 | estimated_finish=2026-06-17 12:18:34
Epoch 555/1000 finished | train_loss=nan | lr=0.00048253 | epoch_time=00:01:00 | elapsed=10:52:31 | ETA=08:43:12 | estimated_finish=2026-06-17 12:18:17
Quick validation epoch=555 | pseudo_dice=0.000000 | val_time=00:00:24
Epoch 556/1000 finished | train_loss=nan | lr=0.000481554 | epoch_time=00:01:01 | elapsed=10:53:57 | ETA=08:42:13 | estimated_finish=2026-06-17 12:18:45
Epoch 557/1000 finished | train_loss=nan | lr=0.000480577 | epoch_time=00:01:00 | elapsed=10:54:59 | ETA=08:40:55 | estimated_finish=2026-06-17 12:18:28
Epoch 558/1000 finished | train_loss=nan | lr=0.000479601 | epoch_time=00:01:00 | elapsed=10:56:00 | ETA=08:39:37 | estimated_finish=2026-06-17 12:18:11
Epoch 559/1000 finished | train_loss=nan | lr=0.000478624 | epoch_time=00:01:02 | elapsed=10:57:03 | ETA=08:38:21 | estimated_finish=2026-06-17 12:17:57
Epoch 560/1000 finished | train_loss=nan | lr=0.000477647 | epoch_time=00:01:01 | elapsed=10:58:04 | ETA=08:37:03 | estimated_finish=2026-06-17 12:17:42
Quick validation epoch=560 | pseudo_dice=0.000000 | val_time=00:00:24
Epoch 561/1000 finished | train_loss=nan | lr=0.00047667 | epoch_time=00:00:59 | elapsed=10:59:29 | ETA=08:36:04 | estimated_finish=2026-06-17 12:18:07
Epoch 562/1000 finished | train_loss=nan | lr=0.000475693 | epoch_time=00:01:02 | elapsed=11:00:31 | ETA=08:34:47 | estimated_finish=2026-06-17 12:17:52
Epoch 563/1000 finished | train_loss=nan | lr=0.000474715 | epoch_time=00:01:03 | elapsed=11:01:35 | ETA=08:33:31 | estimated_finish=2026-06-17 12:17:39
Epoch 564/1000 finished | train_loss=nan | lr=0.000473738 | epoch_time=00:01:00 | elapsed=11:02:35 | ETA=08:32:13 | estimated_finish=2026-06-17 12:17:22
Epoch 565/1000 finished | train_loss=nan | lr=0.00047276 | epoch_time=00:01:00 | elapsed=11:03:36 | ETA=08:30:54 | estimated_finish=2026-06-17 12:17:04
Quick validation epoch=565 | pseudo_dice=0.000000 | val_time=00:00:24
Epoch 566/1000 finished | train_loss=nan | lr=0.000471781 | epoch_time=00:01:00 | elapsed=11:05:02 | ETA=08:29:56 | estimated_finish=2026-06-17 12:17:31
Epoch 567/1000 finished | train_loss=nan | lr=0.000470803 | epoch_time=00:01:03 | elapsed=11:06:05 | ETA=08:28:40 | estimated_finish=2026-06-17 12:17:18
Epoch 568/1000 finished | train_loss=nan | lr=0.000469824 | epoch_time=00:01:03 | elapsed=11:07:09 | ETA=08:27:24 | estimated_finish=2026-06-17 12:17:07
Epoch 569/1000 finished | train_loss=nan | lr=0.000468845 | epoch_time=00:01:02 | elapsed=11:08:11 | ETA=08:26:08 | estimated_finish=2026-06-17 12:16:53
Epoch 570/1000 finished | train_loss=nan | lr=0.000467866 | epoch_time=00:01:01 | elapsed=11:09:13 | ETA=08:24:50 | estimated_finish=2026-06-17 12:16:37
Quick validation epoch=570 | pseudo_dice=0.000000 | val_time=00:00:24
Epoch 571/1000 finished | train_loss=nan | lr=0.000466887 | epoch_time=00:01:00 | elapsed=11:10:38 | ETA=08:23:51 | estimated_finish=2026-06-17 12:17:03
Epoch 572/1000 finished | train_loss=nan | lr=0.000465907 | epoch_time=00:01:01 | elapsed=11:11:39 | ETA=08:22:34 | estimated_finish=2026-06-17 12:16:47
Epoch 573/1000 finished | train_loss=nan | lr=0.000464927 | epoch_time=00:01:02 | elapsed=11:12:41 | ETA=08:21:17 | estimated_finish=2026-06-17 12:16:33
Epoch 574/1000 finished | train_loss=nan | lr=0.000463947 | epoch_time=00:01:01 | elapsed=11:13:43 | ETA=08:20:00 | estimated_finish=2026-06-17 12:16:18
Epoch 575/1000 finished | train_loss=nan | lr=0.000462967 | epoch_time=00:01:01 | elapsed=11:14:45 | ETA=08:18:44 | estimated_finish=2026-06-17 12:16:02
Quick validation epoch=575 | pseudo_dice=0.000000 | val_time=00:00:24
Epoch 576/1000 finished | train_loss=nan | lr=0.000461986 | epoch_time=00:01:00 | elapsed=11:16:10 | ETA=08:17:44 | estimated_finish=2026-06-17 12:16:28
Epoch 577/1000 finished | train_loss=nan | lr=0.000461006 | epoch_time=00:01:01 | elapsed=11:17:11 | ETA=08:16:27 | estimated_finish=2026-06-17 12:16:12
Epoch 578/1000 finished | train_loss=nan | lr=0.000460025 | epoch_time=00:01:02 | elapsed=11:18:14 | ETA=08:15:11 | estimated_finish=2026-06-17 12:15:59
Epoch 579/1000 finished | train_loss=nan | lr=0.000459044 | epoch_time=00:01:01 | elapsed=11:19:16 | ETA=08:13:54 | estimated_finish=2026-06-17 12:15:44
Epoch 580/1000 finished | train_loss=nan | lr=0.000458062 | epoch_time=00:01:04 | elapsed=11:20:21 | ETA=08:12:40 | estimated_finish=2026-06-17 12:15:34
Quick validation epoch=580 | pseudo_dice=0.000000 | val_time=00:00:23
Epoch 581/1000 finished | train_loss=nan | lr=0.00045708 | epoch_time=00:01:01 | elapsed=11:21:46 | ETA=08:11:40 | estimated_finish=2026-06-17 12:16:00
Epoch 582/1000 finished | train_loss=nan | lr=0.000456099 | epoch_time=00:01:03 | elapsed=11:22:49 | ETA=08:10:24 | estimated_finish=2026-06-17 12:15:47
Epoch 583/1000 finished | train_loss=nan | lr=0.000455116 | epoch_time=00:01:02 | elapsed=11:23:51 | ETA=08:09:08 | estimated_finish=2026-06-17 12:15:34
Epoch 584/1000 finished | train_loss=nan | lr=0.000454134 | epoch_time=00:00:59 | elapsed=11:24:51 | ETA=08:07:50 | estimated_finish=2026-06-17 12:15:15
Epoch 585/1000 finished | train_loss=nan | lr=0.000453151 | epoch_time=00:01:02 | elapsed=11:25:54 | ETA=08:06:35 | estimated_finish=2026-06-17 12:15:02
Quick validation epoch=585 | pseudo_dice=0.000000 | val_time=00:00:23
Epoch 586/1000 finished | train_loss=nan | lr=0.000452169 | epoch_time=00:01:01 | elapsed=11:27:20 | ETA=08:05:35 | estimated_finish=2026-06-17 12:15:29
Epoch 587/1000 finished | train_loss=nan | lr=0.000451185 | epoch_time=00:01:04 | elapsed=11:28:24 | ETA=08:04:20 | estimated_finish=2026-06-17 12:15:18
Epoch 588/1000 finished | train_loss=nan | lr=0.000450202 | epoch_time=00:01:01 | elapsed=11:29:25 | ETA=08:03:04 | estimated_finish=2026-06-17 12:15:03
Epoch 589/1000 finished | train_loss=nan | lr=0.000449219 | epoch_time=00:01:02 | elapsed=11:30:28 | ETA=08:01:48 | estimated_finish=2026-06-17 12:14:50
Epoch 590/1000 finished | train_loss=nan | lr=0.000448235 | epoch_time=00:01:01 | elapsed=11:31:29 | ETA=08:00:32 | estimated_finish=2026-06-17 12:14:35
Quick validation epoch=590 | pseudo_dice=0.000000 | val_time=00:00:23
Epoch 591/1000 finished | train_loss=nan | lr=0.000447251 | epoch_time=00:01:04 | elapsed=11:32:58 | ETA=07:59:34 | estimated_finish=2026-06-17 12:15:05
Epoch 592/1000 finished | train_loss=nan | lr=0.000446266 | epoch_time=00:01:02 | elapsed=11:34:00 | ETA=07:58:18 | estimated_finish=2026-06-17 12:14:52
Epoch 593/1000 finished | train_loss=nan | lr=0.000445282 | epoch_time=00:01:02 | elapsed=11:35:03 | ETA=07:57:02 | estimated_finish=2026-06-17 12:14:38
Epoch 594/1000 finished | train_loss=nan | lr=0.000444297 | epoch_time=00:01:03 | elapsed=11:36:07 | ETA=07:55:47 | estimated_finish=2026-06-17 12:14:28
Epoch 595/1000 finished | train_loss=nan | lr=0.000443312 | epoch_time=00:01:02 | elapsed=11:37:09 | ETA=07:54:32 | estimated_finish=2026-06-17 12:14:15
Quick validation epoch=595 | pseudo_dice=0.000000 | val_time=00:00:24
Epoch 596/1000 finished | train_loss=nan | lr=0.000442327 | epoch_time=00:01:01 | elapsed=11:38:35 | ETA=07:53:32 | estimated_finish=2026-06-17 12:14:41
Epoch 597/1000 finished | train_loss=nan | lr=0.000441341 | epoch_time=00:01:01 | elapsed=11:39:37 | ETA=07:52:16 | estimated_finish=2026-06-17 12:14:27
Epoch 598/1000 finished | train_loss=nan | lr=0.000440356 | epoch_time=00:01:00 | elapsed=11:40:38 | ETA=07:50:59 | estimated_finish=2026-06-17 12:14:11
Epoch 599/1000 finished | train_loss=nan | lr=0.00043937 | epoch_time=00:01:02 | elapsed=11:41:40 | ETA=07:49:44 | estimated_finish=2026-06-17 12:13:58
Epoch 600/1000 finished | train_loss=nan | lr=0.000438383 | epoch_time=00:01:03 | elapsed=11:42:44 | ETA=07:48:29 | estimated_finish=2026-06-17 12:13:47
Quick validation epoch=600 | pseudo_dice=0.000000 | val_time=00:00:24
Full validation epoch=600 | mean_dice=0.000000 | val_time=00:04:43
Epoch 601/1000 finished | train_loss=nan | lr=0.000437397 | epoch_time=00:01:02 | elapsed=11:48:56 | ETA=07:50:39 | estimated_finish=2026-06-17 12:22:08
Epoch 602/1000 finished | train_loss=nan | lr=0.00043641 | epoch_time=00:01:05 | elapsed=11:50:01 | ETA=07:49:25 | estimated_finish=2026-06-17 12:22:00
Epoch 603/1000 finished | train_loss=nan | lr=0.000435423 | epoch_time=00:01:01 | elapsed=11:51:03 | ETA=07:48:08 | estimated_finish=2026-06-17 12:21:45
Epoch 604/1000 finished | train_loss=nan | lr=0.000434436 | epoch_time=00:01:06 | elapsed=11:52:10 | ETA=07:46:55 | estimated_finish=2026-06-17 12:21:38
Epoch 605/1000 finished | train_loss=nan | lr=0.000433448 | epoch_time=00:01:01 | elapsed=11:53:12 | ETA=07:45:38 | estimated_finish=2026-06-17 12:21:24
Quick validation epoch=605 | pseudo_dice=0.000000 | val_time=00:00:24
Epoch 606/1000 finished | train_loss=nan | lr=0.000432461 | epoch_time=00:01:01 | elapsed=11:54:38 | ETA=07:44:38 | estimated_finish=2026-06-17 12:21:49
Epoch 607/1000 finished | train_loss=nan | lr=0.000431473 | epoch_time=00:01:01 | elapsed=11:55:39 | ETA=07:43:21 | estimated_finish=2026-06-17 12:21:34
Epoch 608/1000 finished | train_loss=nan | lr=0.000430484 | epoch_time=00:01:04 | elapsed=11:56:44 | ETA=07:42:06 | estimated_finish=2026-06-17 12:21:24
Epoch 609/1000 finished | train_loss=nan | lr=0.000429496 | epoch_time=00:01:02 | elapsed=11:57:46 | ETA=07:40:50 | estimated_finish=2026-06-17 12:21:10
Epoch 610/1000 finished | train_loss=nan | lr=0.000428507 | epoch_time=00:01:06 | elapsed=11:58:53 | ETA=07:39:36 | estimated_finish=2026-06-17 12:21:03
Quick validation epoch=610 | pseudo_dice=0.000000 | val_time=00:00:24
Epoch 611/1000 finished | train_loss=nan | lr=0.000427518 | epoch_time=00:01:01 | elapsed=12:00:18 | ETA=07:38:35 | estimated_finish=2026-06-17 12:21:27
Epoch 612/1000 finished | train_loss=nan | lr=0.000426529 | epoch_time=00:01:03 | elapsed=12:01:22 | ETA=07:37:20 | estimated_finish=2026-06-17 12:21:15
Epoch 613/1000 finished | train_loss=nan | lr=0.000425539 | epoch_time=00:01:00 | elapsed=12:02:23 | ETA=07:36:03 | estimated_finish=2026-06-17 12:21:00
Epoch 614/1000 finished | train_loss=nan | lr=0.00042455 | epoch_time=00:01:00 | elapsed=12:03:24 | ETA=07:34:46 | estimated_finish=2026-06-17 12:20:44
Epoch 615/1000 finished | train_loss=nan | lr=0.00042356 | epoch_time=00:01:00 | elapsed=12:04:25 | ETA=07:33:30 | estimated_finish=2026-06-17 12:20:28
Quick validation epoch=615 | pseudo_dice=0.000000 | val_time=00:00:24
Epoch 616/1000 finished | train_loss=nan | lr=0.000422569 | epoch_time=00:01:03 | elapsed=12:05:54 | ETA=07:32:30 | estimated_finish=2026-06-17 12:20:58
Epoch 617/1000 finished | train_loss=nan | lr=0.000421579 | epoch_time=00:00:59 | elapsed=12:06:54 | ETA=07:31:13 | estimated_finish=2026-06-17 12:20:40
Epoch 618/1000 finished | train_loss=nan | lr=0.000420588 | epoch_time=00:01:00 | elapsed=12:07:54 | ETA=07:29:56 | estimated_finish=2026-06-17 12:20:24
Epoch 619/1000 finished | train_loss=nan | lr=0.000419597 | epoch_time=00:01:02 | elapsed=12:08:57 | ETA=07:28:40 | estimated_finish=2026-06-17 12:20:11
Epoch 620/1000 finished | train_loss=nan | lr=0.000418606 | epoch_time=00:01:04 | elapsed=12:10:01 | ETA=07:27:26 | estimated_finish=2026-06-17 12:20:01
Quick validation epoch=620 | pseudo_dice=0.000000 | val_time=00:00:23
Epoch 621/1000 finished | train_loss=nan | lr=0.000417614 | epoch_time=00:01:00 | elapsed=12:11:26 | ETA=07:26:24 | estimated_finish=2026-06-17 12:20:23
Epoch 622/1000 finished | train_loss=nan | lr=0.000416622 | epoch_time=00:01:01 | elapsed=12:12:28 | ETA=07:25:07 | estimated_finish=2026-06-17 12:20:09
Epoch 623/1000 finished | train_loss=nan | lr=0.00041563 | epoch_time=00:01:02 | elapsed=12:13:30 | ETA=07:23:52 | estimated_finish=2026-06-17 12:19:56
Epoch 624/1000 finished | train_loss=nan | lr=0.000414638 | epoch_time=00:01:02 | elapsed=12:14:33 | ETA=07:22:37 | estimated_finish=2026-06-17 12:19:43
Epoch 625/1000 finished | train_loss=nan | lr=0.000413645 | epoch_time=00:01:01 | elapsed=12:15:34 | ETA=07:21:20 | estimated_finish=2026-06-17 12:19:28
Quick validation epoch=625 | pseudo_dice=0.000000 | val_time=00:00:24
Epoch 626/1000 finished | train_loss=nan | lr=0.000412652 | epoch_time=00:01:00 | elapsed=12:16:59 | ETA=07:20:18 | estimated_finish=2026-06-17 12:19:51
Epoch 627/1000 finished | train_loss=nan | lr=0.000411659 | epoch_time=00:01:02 | elapsed=12:18:01 | ETA=07:19:03 | estimated_finish=2026-06-17 12:19:38
Epoch 628/1000 finished | train_loss=nan | lr=0.000410666 | epoch_time=00:01:00 | elapsed=12:19:02 | ETA=07:17:46 | estimated_finish=2026-06-17 12:19:22
Epoch 629/1000 finished | train_loss=nan | lr=0.000409672 | epoch_time=00:01:02 | elapsed=12:20:05 | ETA=07:16:31 | estimated_finish=2026-06-17 12:19:10
Epoch 630/1000 finished | train_loss=nan | lr=0.000408678 | epoch_time=00:01:03 | elapsed=12:21:08 | ETA=07:15:16 | estimated_finish=2026-06-17 12:18:58
Quick validation epoch=630 | pseudo_dice=0.000000 | val_time=00:00:25
Epoch 631/1000 finished | train_loss=nan | lr=0.000407684 | epoch_time=00:01:00 | elapsed=12:22:34 | ETA=07:14:14 | estimated_finish=2026-06-17 12:19:22
Epoch 632/1000 finished | train_loss=nan | lr=0.00040669 | epoch_time=00:01:02 | elapsed=12:23:37 | ETA=07:12:59 | estimated_finish=2026-06-17 12:19:10
Epoch 633/1000 finished | train_loss=nan | lr=0.000405695 | epoch_time=00:00:59 | elapsed=12:24:37 | ETA=07:11:42 | estimated_finish=2026-06-17 12:18:53
Epoch 634/1000 finished | train_loss=nan | lr=0.0004047 | epoch_time=00:01:02 | elapsed=12:25:39 | ETA=07:10:27 | estimated_finish=2026-06-17 12:18:40
Epoch 635/1000 finished | train_loss=nan | lr=0.000403704 | epoch_time=00:01:01 | elapsed=12:26:40 | ETA=07:09:11 | estimated_finish=2026-06-17 12:18:25
Quick validation epoch=635 | pseudo_dice=0.000000 | val_time=00:00:25
Epoch 636/1000 finished | train_loss=nan | lr=0.000402709 | epoch_time=00:00:59 | elapsed=12:28:05 | ETA=07:08:09 | estimated_finish=2026-06-17 12:18:48
Epoch 637/1000 finished | train_loss=nan | lr=0.000401713 | epoch_time=00:01:00 | elapsed=12:29:05 | ETA=07:06:52 | estimated_finish=2026-06-17 12:18:32
Epoch 638/1000 finished | train_loss=nan | lr=0.000400717 | epoch_time=00:01:01 | elapsed=12:30:07 | ETA=07:05:37 | estimated_finish=2026-06-17 12:18:18
Epoch 639/1000 finished | train_loss=nan | lr=0.000399721 | epoch_time=00:01:02 | elapsed=12:31:09 | ETA=07:04:22 | estimated_finish=2026-06-17 12:18:05
Epoch 640/1000 finished | train_loss=nan | lr=0.000398724 | epoch_time=00:01:01 | elapsed=12:32:11 | ETA=07:03:06 | estimated_finish=2026-06-17 12:17:51
Quick validation epoch=640 | pseudo_dice=0.000000 | val_time=00:00:24
Epoch 641/1000 finished | train_loss=nan | lr=0.000397727 | epoch_time=00:00:59 | elapsed=12:33:36 | ETA=07:02:03 | estimated_finish=2026-06-17 12:18:13
Epoch 642/1000 finished | train_loss=nan | lr=0.00039673 | epoch_time=00:01:00 | elapsed=12:34:37 | ETA=07:00:47 | estimated_finish=2026-06-17 12:17:58
Epoch 643/1000 finished | train_loss=nan | lr=0.000395732 | epoch_time=00:01:00 | elapsed=12:35:37 | ETA=06:59:31 | estimated_finish=2026-06-17 12:17:42
Epoch 644/1000 finished | train_loss=nan | lr=0.000394734 | epoch_time=00:01:02 | elapsed=12:36:39 | ETA=06:58:16 | estimated_finish=2026-06-17 12:17:30
Epoch 645/1000 finished | train_loss=nan | lr=0.000393736 | epoch_time=00:01:00 | elapsed=12:37:40 | ETA=06:57:00 | estimated_finish=2026-06-17 12:17:14
Quick validation epoch=645 | pseudo_dice=0.000000 | val_time=00:00:23
Epoch 646/1000 finished | train_loss=nan | lr=0.000392738 | epoch_time=00:01:00 | elapsed=12:39:05 | ETA=06:55:58 | estimated_finish=2026-06-17 12:17:37
Epoch 647/1000 finished | train_loss=nan | lr=0.000391739 | epoch_time=00:01:04 | elapsed=12:40:10 | ETA=06:54:44 | estimated_finish=2026-06-17 12:17:27
Epoch 648/1000 finished | train_loss=nan | lr=0.00039074 | epoch_time=00:01:01 | elapsed=12:41:11 | ETA=06:53:29 | estimated_finish=2026-06-17 12:17:14
Epoch 649/1000 finished | train_loss=nan | lr=0.000389741 | epoch_time=00:01:01 | elapsed=12:42:13 | ETA=06:52:13 | estimated_finish=2026-06-17 12:17:00
Epoch 650/1000 finished | train_loss=nan | lr=0.000388742 | epoch_time=00:01:00 | elapsed=12:43:13 | ETA=06:50:58 | estimated_finish=2026-06-17 12:16:45
Quick validation epoch=650 | pseudo_dice=0.000000 | val_time=00:00:24
Epoch 651/1000 finished | train_loss=nan | lr=0.000387742 | epoch_time=00:01:02 | elapsed=12:44:40 | ETA=06:49:56 | estimated_finish=2026-06-17 12:17:10
Epoch 652/1000 finished | train_loss=nan | lr=0.000386742 | epoch_time=00:01:03 | elapsed=12:45:44 | ETA=06:48:42 | estimated_finish=2026-06-17 12:16:59
Epoch 653/1000 finished | train_loss=nan | lr=0.000385742 | epoch_time=00:01:07 | elapsed=12:46:51 | ETA=06:47:30 | estimated_finish=2026-06-17 12:16:55
Epoch 654/1000 finished | train_loss=nan | lr=0.000384741 | epoch_time=00:01:04 | elapsed=12:47:56 | ETA=06:46:17 | estimated_finish=2026-06-17 12:16:47
Epoch 655/1000 finished | train_loss=nan | lr=0.00038374 | epoch_time=00:01:08 | elapsed=12:49:05 | ETA=06:45:05 | estimated_finish=2026-06-17 12:16:44
Quick validation epoch=655 | pseudo_dice=0.000000 | val_time=00:00:27
Epoch 656/1000 finished | train_loss=nan | lr=0.000382739 | epoch_time=00:01:06 | elapsed=12:50:39 | ETA=06:44:07 | estimated_finish=2026-06-17 12:17:20
Epoch 657/1000 finished | train_loss=nan | lr=0.000381737 | epoch_time=00:01:00 | elapsed=12:51:39 | ETA=06:42:51 | estimated_finish=2026-06-17 12:17:04
Epoch 658/1000 finished | train_loss=nan | lr=0.000380736 | epoch_time=00:01:00 | elapsed=12:52:40 | ETA=06:41:36 | estimated_finish=2026-06-17 12:16:50
Epoch 659/1000 finished | train_loss=nan | lr=0.000379734 | epoch_time=00:01:02 | elapsed=12:53:43 | ETA=06:40:21 | estimated_finish=2026-06-17 12:16:38
Epoch 660/1000 finished | train_loss=nan | lr=0.000378731 | epoch_time=00:01:00 | elapsed=12:54:44 | ETA=06:39:06 | estimated_finish=2026-06-17 12:16:23
Quick validation epoch=660 | pseudo_dice=0.000000 | val_time=00:00:23
Epoch 661/1000 finished | train_loss=nan | lr=0.000377728 | epoch_time=00:01:03 | elapsed=12:56:12 | ETA=06:38:05 | estimated_finish=2026-06-17 12:16:50
Epoch 662/1000 finished | train_loss=nan | lr=0.000376726 | epoch_time=00:01:02 | elapsed=12:57:15 | ETA=06:36:50 | estimated_finish=2026-06-17 12:16:39
Epoch 663/1000 finished | train_loss=nan | lr=0.000375722 | epoch_time=00:00:59 | elapsed=12:58:15 | ETA=06:35:34 | estimated_finish=2026-06-17 12:16:23
Epoch 664/1000 finished | train_loss=nan | lr=0.000374719 | epoch_time=00:01:00 | elapsed=12:59:15 | ETA=06:34:19 | estimated_finish=2026-06-17 12:16:08
Epoch 665/1000 finished | train_loss=nan | lr=0.000373715 | epoch_time=00:00:59 | elapsed=13:00:14 | ETA=06:33:03 | estimated_finish=2026-06-17 12:15:51
Quick validation epoch=665 | pseudo_dice=0.000000 | val_time=00:00:23
Epoch 666/1000 finished | train_loss=nan | lr=0.000372711 | epoch_time=00:01:01 | elapsed=13:01:40 | ETA=06:32:00 | estimated_finish=2026-06-17 12:16:14
Epoch 667/1000 finished | train_loss=nan | lr=0.000371706 | epoch_time=00:01:01 | elapsed=13:02:42 | ETA=06:30:45 | estimated_finish=2026-06-17 12:16:01
Epoch 668/1000 finished | train_loss=nan | lr=0.000370701 | epoch_time=00:01:03 | elapsed=13:03:45 | ETA=06:29:31 | estimated_finish=2026-06-17 12:15:50
Epoch 669/1000 finished | train_loss=nan | lr=0.000369696 | epoch_time=00:01:01 | elapsed=13:04:46 | ETA=06:28:17 | estimated_finish=2026-06-17 12:15:37
Epoch 670/1000 finished | train_loss=nan | lr=0.000368691 | epoch_time=00:01:00 | elapsed=13:05:47 | ETA=06:27:01 | estimated_finish=2026-06-17 12:15:22
Quick validation epoch=670 | pseudo_dice=0.000000 | val_time=00:00:24
Epoch 671/1000 finished | train_loss=nan | lr=0.000367685 | epoch_time=00:01:01 | elapsed=13:07:12 | ETA=06:25:58 | estimated_finish=2026-06-17 12:15:45
Epoch 672/1000 finished | train_loss=nan | lr=0.000366679 | epoch_time=00:00:59 | elapsed=13:08:12 | ETA=06:24:43 | estimated_finish=2026-06-17 12:15:28
Epoch 673/1000 finished | train_loss=nan | lr=0.000365673 | epoch_time=00:01:02 | elapsed=13:09:14 | ETA=06:23:28 | estimated_finish=2026-06-17 12:15:16
Epoch 674/1000 finished | train_loss=nan | lr=0.000364666 | epoch_time=00:01:01 | elapsed=13:10:16 | ETA=06:22:14 | estimated_finish=2026-06-17 12:15:04
Epoch 675/1000 finished | train_loss=nan | lr=0.00036366 | epoch_time=00:01:02 | elapsed=13:11:19 | ETA=06:21:00 | estimated_finish=2026-06-17 12:14:53
Quick validation epoch=675 | pseudo_dice=0.000000 | val_time=00:00:23
Epoch 676/1000 finished | train_loss=nan | lr=0.000362652 | epoch_time=00:01:02 | elapsed=13:12:45 | ETA=06:19:57 | estimated_finish=2026-06-17 12:15:16
Epoch 677/1000 finished | train_loss=nan | lr=0.000361645 | epoch_time=00:01:02 | elapsed=13:13:48 | ETA=06:18:43 | estimated_finish=2026-06-17 12:15:05
Epoch 678/1000 finished | train_loss=nan | lr=0.000360637 | epoch_time=00:01:01 | elapsed=13:14:50 | ETA=06:17:29 | estimated_finish=2026-06-17 12:14:53
Epoch 679/1000 finished | train_loss=nan | lr=0.000359629 | epoch_time=00:01:00 | elapsed=13:15:51 | ETA=06:16:14 | estimated_finish=2026-06-17 12:14:38
Epoch 680/1000 finished | train_loss=nan | lr=0.00035862 | epoch_time=00:00:59 | elapsed=13:16:51 | ETA=06:14:59 | estimated_finish=2026-06-17 12:14:23
Quick validation epoch=680 | pseudo_dice=0.000000 | val_time=00:00:23
Epoch 681/1000 finished | train_loss=nan | lr=0.000357612 | epoch_time=00:01:01 | elapsed=13:18:16 | ETA=06:13:55 | estimated_finish=2026-06-17 12:14:45
Epoch 682/1000 finished | train_loss=nan | lr=0.000356603 | epoch_time=00:00:59 | elapsed=13:19:15 | ETA=06:12:40 | estimated_finish=2026-06-17 12:14:29
Epoch 683/1000 finished | train_loss=nan | lr=0.000355593 | epoch_time=00:00:59 | elapsed=13:20:15 | ETA=06:11:25 | estimated_finish=2026-06-17 12:14:14
Epoch 684/1000 finished | train_loss=nan | lr=0.000354583 | epoch_time=00:01:01 | elapsed=13:21:17 | ETA=06:10:11 | estimated_finish=2026-06-17 12:14:01
Epoch 685/1000 finished | train_loss=nan | lr=0.000353573 | epoch_time=00:01:02 | elapsed=13:22:20 | ETA=06:08:57 | estimated_finish=2026-06-17 12:13:50
Quick validation epoch=685 | pseudo_dice=0.000000 | val_time=00:00:23
Epoch 686/1000 finished | train_loss=nan | lr=0.000352563 | epoch_time=00:01:00 | elapsed=13:23:43 | ETA=06:07:53 | estimated_finish=2026-06-17 12:14:10
Epoch 687/1000 finished | train_loss=nan | lr=0.000351552 | epoch_time=00:01:00 | elapsed=13:24:44 | ETA=06:06:38 | estimated_finish=2026-06-17 12:13:57
Epoch 688/1000 finished | train_loss=nan | lr=0.000350541 | epoch_time=00:01:00 | elapsed=13:25:46 | ETA=06:05:24 | estimated_finish=2026-06-17 12:13:43
Epoch 689/1000 finished | train_loss=nan | lr=0.00034953 | epoch_time=00:00:59 | elapsed=13:26:45 | ETA=06:04:09 | estimated_finish=2026-06-17 12:13:28
Epoch 690/1000 finished | train_loss=nan | lr=0.000348518 | epoch_time=00:01:02 | elapsed=13:27:48 | ETA=06:02:55 | estimated_finish=2026-06-17 12:13:16
Quick validation epoch=690 | pseudo_dice=0.000000 | val_time=00:00:23
Epoch 691/1000 finished | train_loss=nan | lr=0.000347506 | epoch_time=00:00:59 | elapsed=13:29:11 | ETA=06:01:51 | estimated_finish=2026-06-17 12:13:35
Epoch 692/1000 finished | train_loss=nan | lr=0.000346494 | epoch_time=00:01:00 | elapsed=13:30:11 | ETA=06:00:36 | estimated_finish=2026-06-17 12:13:21
Epoch 693/1000 finished | train_loss=nan | lr=0.000345481 | epoch_time=00:01:02 | elapsed=13:31:14 | ETA=05:59:22 | estimated_finish=2026-06-17 12:13:10
Epoch 694/1000 finished | train_loss=nan | lr=0.000344468 | epoch_time=00:01:01 | elapsed=13:32:15 | ETA=05:58:08 | estimated_finish=2026-06-17 12:12:57
Epoch 695/1000 finished | train_loss=nan | lr=0.000343455 | epoch_time=00:01:00 | elapsed=13:33:17 | ETA=05:56:54 | estimated_finish=2026-06-17 12:12:44
Quick validation epoch=695 | pseudo_dice=0.000000 | val_time=00:00:23
Epoch 696/1000 finished | train_loss=nan | lr=0.000342441 | epoch_time=00:01:03 | elapsed=13:34:44 | ETA=05:55:51 | estimated_finish=2026-06-17 12:13:09
Epoch 697/1000 finished | train_loss=nan | lr=0.000341427 | epoch_time=00:01:00 | elapsed=13:35:45 | ETA=05:54:37 | estimated_finish=2026-06-17 12:12:56
Epoch 698/1000 finished | train_loss=nan | lr=0.000340413 | epoch_time=00:01:00 | elapsed=13:36:45 | ETA=05:53:23 | estimated_finish=2026-06-17 12:12:42
Epoch 699/1000 finished | train_loss=nan | lr=0.000339398 | epoch_time=00:01:00 | elapsed=13:37:46 | ETA=05:52:08 | estimated_finish=2026-06-17 12:12:28
Epoch 700/1000 finished | train_loss=nan | lr=0.000338383 | epoch_time=00:01:00 | elapsed=13:38:47 | ETA=05:50:54 | estimated_finish=2026-06-17 12:12:14
Quick validation epoch=700 | pseudo_dice=0.000000 | val_time=00:00:23
Full validation epoch=700 | mean_dice=0.000000 | val_time=00:04:43
Epoch 701/1000 finished | train_loss=nan | lr=0.000337368 | epoch_time=00:01:01 | elapsed=13:44:56 | ETA=05:51:51 | estimated_finish=2026-06-17 12:19:21
Epoch 702/1000 finished | train_loss=nan | lr=0.000336352 | epoch_time=00:01:02 | elapsed=13:45:58 | ETA=05:50:37 | estimated_finish=2026-06-17 12:19:09
Epoch 703/1000 finished | train_loss=nan | lr=0.000335336 | epoch_time=00:01:02 | elapsed=13:47:01 | ETA=05:49:23 | estimated_finish=2026-06-17 12:18:58
Epoch 704/1000 finished | train_loss=nan | lr=0.00033432 | epoch_time=00:01:00 | elapsed=13:48:02 | ETA=05:48:09 | estimated_finish=2026-06-17 12:18:44
Epoch 705/1000 finished | train_loss=nan | lr=0.000333303 | epoch_time=00:01:04 | elapsed=13:49:06 | ETA=05:46:55 | estimated_finish=2026-06-17 12:18:35
Quick validation epoch=705 | pseudo_dice=0.000000 | val_time=00:00:24
Epoch 706/1000 finished | train_loss=nan | lr=0.000332286 | epoch_time=00:01:00 | elapsed=13:50:31 | ETA=05:45:51 | estimated_finish=2026-06-17 12:18:55
Epoch 707/1000 finished | train_loss=nan | lr=0.000331269 | epoch_time=00:00:59 | elapsed=13:51:30 | ETA=05:44:36 | estimated_finish=2026-06-17 12:18:40
Epoch 708/1000 finished | train_loss=nan | lr=0.000330251 | epoch_time=00:01:01 | elapsed=13:52:32 | ETA=05:43:22 | estimated_finish=2026-06-17 12:18:28
Epoch 709/1000 finished | train_loss=nan | lr=0.000329233 | epoch_time=00:01:01 | elapsed=13:53:34 | ETA=05:42:07 | estimated_finish=2026-06-17 12:18:15
Epoch 710/1000 finished | train_loss=nan | lr=0.000328215 | epoch_time=00:01:01 | elapsed=13:54:36 | ETA=05:40:53 | estimated_finish=2026-06-17 12:18:03
Quick validation epoch=710 | pseudo_dice=0.000000 | val_time=00:00:23
Epoch 711/1000 finished | train_loss=nan | lr=0.000327196 | epoch_time=00:01:02 | elapsed=13:56:02 | ETA=05:39:49 | estimated_finish=2026-06-17 12:18:25
Epoch 712/1000 finished | train_loss=nan | lr=0.000326177 | epoch_time=00:01:00 | elapsed=13:57:03 | ETA=05:38:35 | estimated_finish=2026-06-17 12:18:11
Epoch 713/1000 finished | train_loss=nan | lr=0.000325157 | epoch_time=00:01:00 | elapsed=13:58:04 | ETA=05:37:20 | estimated_finish=2026-06-17 12:17:58
Epoch 714/1000 finished | train_loss=nan | lr=0.000324138 | epoch_time=00:01:00 | elapsed=13:59:04 | ETA=05:36:05 | estimated_finish=2026-06-17 12:17:43
Epoch 715/1000 finished | train_loss=nan | lr=0.000323117 | epoch_time=00:00:57 | elapsed=14:00:02 | ETA=05:34:50 | estimated_finish=2026-06-17 12:17:26
Quick validation epoch=715 | pseudo_dice=0.000000 | val_time=00:00:23
Epoch 716/1000 finished | train_loss=nan | lr=0.000322097 | epoch_time=00:01:01 | elapsed=14:01:27 | ETA=05:33:45 | estimated_finish=2026-06-17 12:17:46
Epoch 717/1000 finished | train_loss=nan | lr=0.000321076 | epoch_time=00:01:01 | elapsed=14:02:28 | ETA=05:32:31 | estimated_finish=2026-06-17 12:17:33
Epoch 718/1000 finished | train_loss=nan | lr=0.000320055 | epoch_time=00:01:01 | elapsed=14:03:29 | ETA=05:31:17 | estimated_finish=2026-06-17 12:17:20
Epoch 719/1000 finished | train_loss=nan | lr=0.000319033 | epoch_time=00:01:00 | elapsed=14:04:30 | ETA=05:30:02 | estimated_finish=2026-06-17 12:17:06
Epoch 720/1000 finished | train_loss=nan | lr=0.000318011 | epoch_time=00:01:01 | elapsed=14:05:31 | ETA=05:28:48 | estimated_finish=2026-06-17 12:16:53
Quick validation epoch=720 | pseudo_dice=0.000000 | val_time=00:00:25
Epoch 721/1000 finished | train_loss=nan | lr=0.000316989 | epoch_time=00:01:01 | elapsed=14:06:58 | ETA=05:27:44 | estimated_finish=2026-06-17 12:17:16
Epoch 722/1000 finished | train_loss=nan | lr=0.000315966 | epoch_time=00:01:01 | elapsed=14:08:00 | ETA=05:26:31 | estimated_finish=2026-06-17 12:17:04
Epoch 723/1000 finished | train_loss=nan | lr=0.000314943 | epoch_time=00:00:58 | elapsed=14:08:59 | ETA=05:25:16 | estimated_finish=2026-06-17 12:16:48
Epoch 724/1000 finished | train_loss=nan | lr=0.000313919 | epoch_time=00:00:58 | elapsed=14:09:58 | ETA=05:24:01 | estimated_finish=2026-06-17 12:16:32
Epoch 725/1000 finished | train_loss=nan | lr=0.000312896 | epoch_time=00:01:03 | elapsed=14:11:01 | ETA=05:22:48 | estimated_finish=2026-06-17 12:16:23
Quick validation epoch=725 | pseudo_dice=0.000000 | val_time=00:00:25
Epoch 726/1000 finished | train_loss=nan | lr=0.000311871 | epoch_time=00:00:58 | elapsed=14:12:25 | ETA=05:21:42 | estimated_finish=2026-06-17 12:16:41
Epoch 727/1000 finished | train_loss=nan | lr=0.000310847 | epoch_time=00:01:00 | elapsed=14:13:26 | ETA=05:20:28 | estimated_finish=2026-06-17 12:16:28
Epoch 728/1000 finished | train_loss=nan | lr=0.000309822 | epoch_time=00:01:00 | elapsed=14:14:26 | ETA=05:19:14 | estimated_finish=2026-06-17 12:16:14
Epoch 729/1000 finished | train_loss=nan | lr=0.000308796 | epoch_time=00:01:00 | elapsed=14:15:26 | ETA=05:18:00 | estimated_finish=2026-06-17 12:16:00
Epoch 730/1000 finished | train_loss=nan | lr=0.000307771 | epoch_time=00:01:01 | elapsed=14:16:29 | ETA=05:16:46 | estimated_finish=2026-06-17 12:15:49
Quick validation epoch=730 | pseudo_dice=0.000000 | val_time=00:00:24
Epoch 731/1000 finished | train_loss=nan | lr=0.000306745 | epoch_time=00:01:01 | elapsed=14:17:54 | ETA=05:15:42 | estimated_finish=2026-06-17 12:16:10
Epoch 732/1000 finished | train_loss=nan | lr=0.000305718 | epoch_time=00:01:00 | elapsed=14:18:55 | ETA=05:14:28 | estimated_finish=2026-06-17 12:15:57
Epoch 733/1000 finished | train_loss=nan | lr=0.000304691 | epoch_time=00:01:01 | elapsed=14:19:56 | ETA=05:13:14 | estimated_finish=2026-06-17 12:15:44
Epoch 734/1000 finished | train_loss=nan | lr=0.000303664 | epoch_time=00:01:01 | elapsed=14:20:58 | ETA=05:12:00 | estimated_finish=2026-06-17 12:15:32
Epoch 735/1000 finished | train_loss=nan | lr=0.000302636 | epoch_time=00:01:02 | elapsed=14:22:00 | ETA=05:10:47 | estimated_finish=2026-06-17 12:15:21
Quick validation epoch=735 | pseudo_dice=0.000000 | val_time=00:00:23
Epoch 736/1000 finished | train_loss=nan | lr=0.000301608 | epoch_time=00:01:00 | elapsed=14:23:24 | ETA=05:09:42 | estimated_finish=2026-06-17 12:15:39
Epoch 737/1000 finished | train_loss=nan | lr=0.00030058 | epoch_time=00:01:02 | elapsed=14:24:26 | ETA=05:08:28 | estimated_finish=2026-06-17 12:15:28
Epoch 738/1000 finished | train_loss=nan | lr=0.000299551 | epoch_time=00:01:03 | elapsed=14:25:31 | ETA=05:07:16 | estimated_finish=2026-06-17 12:15:20
Epoch 739/1000 finished | train_loss=nan | lr=0.000298522 | epoch_time=00:01:01 | elapsed=14:26:32 | ETA=05:06:02 | estimated_finish=2026-06-17 12:15:08
Epoch 740/1000 finished | train_loss=nan | lr=0.000297492 | epoch_time=00:00:59 | elapsed=14:27:32 | ETA=05:04:48 | estimated_finish=2026-06-17 12:14:54
Quick validation epoch=740 | pseudo_dice=0.000000 | val_time=00:00:24
Epoch 741/1000 finished | train_loss=nan | lr=0.000296463 | epoch_time=00:01:00 | elapsed=14:28:57 | ETA=05:03:43 | estimated_finish=2026-06-17 12:15:14
Epoch 742/1000 finished | train_loss=nan | lr=0.000295432 | epoch_time=00:01:00 | elapsed=14:29:57 | ETA=05:02:29 | estimated_finish=2026-06-17 12:15:00
Epoch 743/1000 finished | train_loss=nan | lr=0.000294401 | epoch_time=00:00:59 | elapsed=14:30:57 | ETA=05:01:15 | estimated_finish=2026-06-17 12:14:46
Epoch 744/1000 finished | train_loss=nan | lr=0.00029337 | epoch_time=00:01:00 | elapsed=14:31:58 | ETA=05:00:02 | estimated_finish=2026-06-17 12:14:33
Epoch 745/1000 finished | train_loss=nan | lr=0.000292339 | epoch_time=00:01:03 | elapsed=14:33:02 | ETA=04:58:49 | estimated_finish=2026-06-17 12:14:25
Quick validation epoch=745 | pseudo_dice=0.000000 | val_time=00:00:23
Epoch 746/1000 finished | train_loss=nan | lr=0.000291307 | epoch_time=00:01:01 | elapsed=14:34:27 | ETA=04:57:44 | estimated_finish=2026-06-17 12:14:45
Epoch 747/1000 finished | train_loss=nan | lr=0.000290274 | epoch_time=00:01:00 | elapsed=14:35:28 | ETA=04:56:30 | estimated_finish=2026-06-17 12:14:32
Epoch 748/1000 finished | train_loss=nan | lr=0.000289241 | epoch_time=00:01:00 | elapsed=14:36:29 | ETA=04:55:17 | estimated_finish=2026-06-17 12:14:20
Epoch 749/1000 finished | train_loss=nan | lr=0.000288208 | epoch_time=00:01:01 | elapsed=14:37:30 | ETA=04:54:04 | estimated_finish=2026-06-17 12:14:08
Epoch 750/1000 finished | train_loss=nan | lr=0.000287175 | epoch_time=00:01:04 | elapsed=14:38:35 | ETA=04:52:51 | estimated_finish=2026-06-17 12:14:00
Quick validation epoch=750 | pseudo_dice=0.000000 | val_time=00:00:23
Epoch 751/1000 finished | train_loss=nan | lr=0.000286141 | epoch_time=00:01:00 | elapsed=14:39:59 | ETA=04:51:46 | estimated_finish=2026-06-17 12:14:18
Epoch 752/1000 finished | train_loss=nan | lr=0.000285106 | epoch_time=00:01:01 | elapsed=14:41:00 | ETA=04:50:32 | estimated_finish=2026-06-17 12:14:06
Epoch 753/1000 finished | train_loss=nan | lr=0.000284071 | epoch_time=00:00:59 | elapsed=14:42:00 | ETA=04:49:18 | estimated_finish=2026-06-17 12:13:52
Epoch 754/1000 finished | train_loss=nan | lr=0.000283036 | epoch_time=00:00:59 | elapsed=14:43:00 | ETA=04:48:05 | estimated_finish=2026-06-17 12:13:38
Epoch 755/1000 finished | train_loss=nan | lr=0.000282 | epoch_time=00:01:01 | elapsed=14:44:02 | ETA=04:46:52 | estimated_finish=2026-06-17 12:13:27
Quick validation epoch=755 | pseudo_dice=0.000000 | val_time=00:00:23
Epoch 756/1000 finished | train_loss=nan | lr=0.000280964 | epoch_time=00:00:58 | elapsed=14:45:24 | ETA=04:45:46 | estimated_finish=2026-06-17 12:13:44
Epoch 757/1000 finished | train_loss=nan | lr=0.000279928 | epoch_time=00:01:01 | elapsed=14:46:26 | ETA=04:44:33 | estimated_finish=2026-06-17 12:13:32
Epoch 758/1000 finished | train_loss=nan | lr=0.000278891 | epoch_time=00:01:01 | elapsed=14:47:28 | ETA=04:43:20 | estimated_finish=2026-06-17 12:13:21
Epoch 759/1000 finished | train_loss=nan | lr=0.000277853 | epoch_time=00:01:04 | elapsed=14:48:33 | ETA=04:42:08 | estimated_finish=2026-06-17 12:13:14
Epoch 760/1000 finished | train_loss=nan | lr=0.000276815 | epoch_time=00:01:05 | elapsed=14:49:38 | ETA=04:40:56 | estimated_finish=2026-06-17 12:13:07
Quick validation epoch=760 | pseudo_dice=0.000000 | val_time=00:00:24
Epoch 761/1000 finished | train_loss=nan | lr=0.000275777 | epoch_time=00:01:00 | elapsed=14:51:02 | ETA=04:39:50 | estimated_finish=2026-06-17 12:13:26
Epoch 762/1000 finished | train_loss=nan | lr=0.000274738 | epoch_time=00:01:03 | elapsed=14:52:06 | ETA=04:38:38 | estimated_finish=2026-06-17 12:13:17
Epoch 763/1000 finished | train_loss=nan | lr=0.000273699 | epoch_time=00:01:01 | elapsed=14:53:08 | ETA=04:37:25 | estimated_finish=2026-06-17 12:13:06
Epoch 764/1000 finished | train_loss=nan | lr=0.00027266 | epoch_time=00:01:01 | elapsed=14:54:10 | ETA=04:36:12 | estimated_finish=2026-06-17 12:12:55
Epoch 765/1000 finished | train_loss=nan | lr=0.00027162 | epoch_time=00:01:00 | elapsed=14:55:11 | ETA=04:34:59 | estimated_finish=2026-06-17 12:12:43
Quick validation epoch=765 | pseudo_dice=0.000000 | val_time=00:00:23
Epoch 766/1000 finished | train_loss=nan | lr=0.000270579 | epoch_time=00:00:59 | elapsed=14:56:34 | ETA=04:33:53 | estimated_finish=2026-06-17 12:13:01
Epoch 767/1000 finished | train_loss=nan | lr=0.000269538 | epoch_time=00:00:59 | elapsed=14:57:34 | ETA=04:32:39 | estimated_finish=2026-06-17 12:12:47
Epoch 768/1000 finished | train_loss=nan | lr=0.000268497 | epoch_time=00:01:00 | elapsed=14:58:35 | ETA=04:31:26 | estimated_finish=2026-06-17 12:12:35
Epoch 769/1000 finished | train_loss=nan | lr=0.000267455 | epoch_time=00:01:01 | elapsed=14:59:37 | ETA=04:30:14 | estimated_finish=2026-06-17 12:12:24
Epoch 770/1000 finished | train_loss=nan | lr=0.000266413 | epoch_time=00:00:59 | elapsed=15:00:36 | ETA=04:29:00 | estimated_finish=2026-06-17 12:12:10
Quick validation epoch=770 | pseudo_dice=0.000000 | val_time=00:00:23
Epoch 771/1000 finished | train_loss=nan | lr=0.00026537 | epoch_time=00:01:02 | elapsed=15:02:02 | ETA=04:27:55 | estimated_finish=2026-06-17 12:12:31
Epoch 772/1000 finished | train_loss=nan | lr=0.000264327 | epoch_time=00:01:01 | elapsed=15:03:04 | ETA=04:26:42 | estimated_finish=2026-06-17 12:12:19
Epoch 773/1000 finished | train_loss=nan | lr=0.000263283 | epoch_time=00:01:02 | elapsed=15:04:07 | ETA=04:25:30 | estimated_finish=2026-06-17 12:12:10
Epoch 774/1000 finished | train_loss=nan | lr=0.000262239 | epoch_time=00:01:00 | elapsed=15:05:07 | ETA=04:24:17 | estimated_finish=2026-06-17 12:11:57
Epoch 775/1000 finished | train_loss=nan | lr=0.000261195 | epoch_time=00:01:02 | elapsed=15:06:09 | ETA=04:23:04 | estimated_finish=2026-06-17 12:11:47
Quick validation epoch=775 | pseudo_dice=0.000000 | val_time=00:00:23
Epoch 776/1000 finished | train_loss=nan | lr=0.00026015 | epoch_time=00:01:00 | elapsed=15:07:34 | ETA=04:21:58 | estimated_finish=2026-06-17 12:12:06
Epoch 777/1000 finished | train_loss=nan | lr=0.000259104 | epoch_time=00:01:00 | elapsed=15:08:35 | ETA=04:20:45 | estimated_finish=2026-06-17 12:11:54
Epoch 778/1000 finished | train_loss=nan | lr=0.000258058 | epoch_time=00:01:01 | elapsed=15:09:36 | ETA=04:19:33 | estimated_finish=2026-06-17 12:11:43
Epoch 779/1000 finished | train_loss=nan | lr=0.000257012 | epoch_time=00:01:02 | elapsed=15:10:39 | ETA=04:18:21 | estimated_finish=2026-06-17 12:11:33
Epoch 780/1000 finished | train_loss=nan | lr=0.000255965 | epoch_time=00:00:59 | elapsed=15:11:39 | ETA=04:17:08 | estimated_finish=2026-06-17 12:11:20
Quick validation epoch=780 | pseudo_dice=0.000000 | val_time=00:00:23
Epoch 781/1000 finished | train_loss=nan | lr=0.000254918 | epoch_time=00:00:59 | elapsed=15:13:03 | ETA=04:16:01 | estimated_finish=2026-06-17 12:11:37
Epoch 782/1000 finished | train_loss=nan | lr=0.00025387 | epoch_time=00:01:02 | elapsed=15:14:05 | ETA=04:14:49 | estimated_finish=2026-06-17 12:11:28
Epoch 783/1000 finished | train_loss=nan | lr=0.000252821 | epoch_time=00:00:59 | elapsed=15:15:05 | ETA=04:13:36 | estimated_finish=2026-06-17 12:11:15
Epoch 784/1000 finished | train_loss=nan | lr=0.000251773 | epoch_time=00:00:58 | elapsed=15:16:04 | ETA=04:12:23 | estimated_finish=2026-06-17 12:11:00
Epoch 785/1000 finished | train_loss=nan | lr=0.000250723 | epoch_time=00:01:01 | elapsed=15:17:05 | ETA=04:11:10 | estimated_finish=2026-06-17 12:10:49
Quick validation epoch=785 | pseudo_dice=0.000000 | val_time=00:00:23
Epoch 786/1000 finished | train_loss=nan | lr=0.000249673 | epoch_time=00:00:59 | elapsed=15:18:28 | ETA=04:10:04 | estimated_finish=2026-06-17 12:11:06
Epoch 787/1000 finished | train_loss=nan | lr=0.000248623 | epoch_time=00:01:01 | elapsed=15:19:30 | ETA=04:08:51 | estimated_finish=2026-06-17 12:10:55
Epoch 788/1000 finished | train_loss=nan | lr=0.000247572 | epoch_time=00:01:01 | elapsed=15:20:32 | ETA=04:07:39 | estimated_finish=2026-06-17 12:10:44
Epoch 789/1000 finished | train_loss=nan | lr=0.000246521 | epoch_time=00:01:01 | elapsed=15:21:34 | ETA=04:06:27 | estimated_finish=2026-06-17 12:10:34
Epoch 790/1000 finished | train_loss=nan | lr=0.000245469 | epoch_time=00:01:01 | elapsed=15:22:36 | ETA=04:05:15 | estimated_finish=2026-06-17 12:10:24
Quick validation epoch=790 | pseudo_dice=0.000000 | val_time=00:00:23
Epoch 791/1000 finished | train_loss=nan | lr=0.000244417 | epoch_time=00:00:59 | elapsed=15:23:59 | ETA=04:04:08 | estimated_finish=2026-06-17 12:10:40
Epoch 792/1000 finished | train_loss=nan | lr=0.000243364 | epoch_time=00:01:00 | elapsed=15:25:00 | ETA=04:02:55 | estimated_finish=2026-06-17 12:10:29
Epoch 793/1000 finished | train_loss=nan | lr=0.000242311 | epoch_time=00:01:01 | elapsed=15:26:02 | ETA=04:01:43 | estimated_finish=2026-06-17 12:10:18
Epoch 794/1000 finished | train_loss=nan | lr=0.000241257 | epoch_time=00:01:01 | elapsed=15:27:03 | ETA=04:00:31 | estimated_finish=2026-06-17 12:10:08
Epoch 795/1000 finished | train_loss=nan | lr=0.000240203 | epoch_time=00:01:01 | elapsed=15:28:05 | ETA=03:59:19 | estimated_finish=2026-06-17 12:09:57
Quick validation epoch=795 | pseudo_dice=0.000000 | val_time=00:00:23
Epoch 796/1000 finished | train_loss=nan | lr=0.000239148 | epoch_time=00:00:59 | elapsed=15:29:28 | ETA=03:58:12 | estimated_finish=2026-06-17 12:10:13
Epoch 797/1000 finished | train_loss=nan | lr=0.000238093 | epoch_time=00:00:58 | elapsed=15:30:27 | ETA=03:56:59 | estimated_finish=2026-06-17 12:09:59
Epoch 798/1000 finished | train_loss=nan | lr=0.000237037 | epoch_time=00:01:00 | elapsed=15:31:27 | ETA=03:55:47 | estimated_finish=2026-06-17 12:09:48
Epoch 799/1000 finished | train_loss=nan | lr=0.000235981 | epoch_time=00:01:00 | elapsed=15:32:28 | ETA=03:54:34 | estimated_finish=2026-06-17 12:09:36
Epoch 800/1000 finished | train_loss=nan | lr=0.000234924 | epoch_time=00:01:00 | elapsed=15:33:28 | ETA=03:53:22 | estimated_finish=2026-06-17 12:09:24
Quick validation epoch=800 | pseudo_dice=0.000000 | val_time=00:00:24
Full validation epoch=800 | mean_dice=0.000000 | val_time=00:04:43
Epoch 801/1000 finished | train_loss=nan | lr=0.000233866 | epoch_time=00:01:00 | elapsed=15:39:38 | ETA=03:53:26 | estimated_finish=2026-06-17 12:15:38
Epoch 802/1000 finished | train_loss=nan | lr=0.000232808 | epoch_time=00:01:00 | elapsed=15:40:39 | ETA=03:52:13 | estimated_finish=2026-06-17 12:15:26
Epoch 803/1000 finished | train_loss=nan | lr=0.00023175 | epoch_time=00:01:01 | elapsed=15:41:40 | ETA=03:51:01 | estimated_finish=2026-06-17 12:15:14
Epoch 804/1000 finished | train_loss=nan | lr=0.000230691 | epoch_time=00:01:00 | elapsed=15:42:40 | ETA=03:49:48 | estimated_finish=2026-06-17 12:15:02
Epoch 805/1000 finished | train_loss=nan | lr=0.000229631 | epoch_time=00:00:58 | elapsed=15:43:39 | ETA=03:48:35 | estimated_finish=2026-06-17 12:14:48
Quick validation epoch=805 | pseudo_dice=0.000000 | val_time=00:00:23
Epoch 806/1000 finished | train_loss=nan | lr=0.000228571 | epoch_time=00:01:02 | elapsed=15:45:05 | ETA=03:47:28 | estimated_finish=2026-06-17 12:15:07
Epoch 807/1000 finished | train_loss=nan | lr=0.000227511 | epoch_time=00:01:03 | elapsed=15:46:09 | ETA=03:46:16 | estimated_finish=2026-06-17 12:14:59
Epoch 808/1000 finished | train_loss=nan | lr=0.000226449 | epoch_time=00:01:04 | elapsed=15:47:13 | ETA=03:45:05 | estimated_finish=2026-06-17 12:14:52
Epoch 809/1000 finished | train_loss=nan | lr=0.000225388 | epoch_time=00:01:05 | elapsed=15:48:19 | ETA=03:43:53 | estimated_finish=2026-06-17 12:14:46
Epoch 810/1000 finished | train_loss=nan | lr=0.000224325 | epoch_time=00:01:05 | elapsed=15:49:25 | ETA=03:42:42 | estimated_finish=2026-06-17 12:14:40
Quick validation epoch=810 | pseudo_dice=0.000000 | val_time=00:00:25
Epoch 811/1000 finished | train_loss=nan | lr=0.000223262 | epoch_time=00:01:02 | elapsed=15:50:53 | ETA=03:41:36 | estimated_finish=2026-06-17 12:15:03
Epoch 812/1000 finished | train_loss=nan | lr=0.000222199 | epoch_time=00:01:01 | elapsed=15:51:55 | ETA=03:40:23 | estimated_finish=2026-06-17 12:14:52
Epoch 813/1000 finished | train_loss=nan | lr=0.000221135 | epoch_time=00:01:01 | elapsed=15:52:56 | ETA=03:39:11 | estimated_finish=2026-06-17 12:14:41
Epoch 814/1000 finished | train_loss=nan | lr=0.00022007 | epoch_time=00:00:59 | elapsed=15:53:56 | ETA=03:37:58 | estimated_finish=2026-06-17 12:14:28
Epoch 815/1000 finished | train_loss=nan | lr=0.000219005 | epoch_time=00:01:00 | elapsed=15:54:57 | ETA=03:36:46 | estimated_finish=2026-06-17 12:14:16
Quick validation epoch=815 | pseudo_dice=0.000000 | val_time=00:00:23
Epoch 816/1000 finished | train_loss=nan | lr=0.00021794 | epoch_time=00:01:00 | elapsed=15:56:21 | ETA=03:35:38 | estimated_finish=2026-06-17 12:14:33
Epoch 817/1000 finished | train_loss=nan | lr=0.000216873 | epoch_time=00:01:00 | elapsed=15:57:22 | ETA=03:34:26 | estimated_finish=2026-06-17 12:14:22
Epoch 818/1000 finished | train_loss=nan | lr=0.000215806 | epoch_time=00:01:02 | elapsed=15:58:24 | ETA=03:33:14 | estimated_finish=2026-06-17 12:14:12
Epoch 819/1000 finished | train_loss=nan | lr=0.000214739 | epoch_time=00:00:59 | elapsed=15:59:24 | ETA=03:32:01 | estimated_finish=2026-06-17 12:14:00
Epoch 820/1000 finished | train_loss=nan | lr=0.000213671 | epoch_time=00:00:59 | elapsed=16:00:25 | ETA=03:30:49 | estimated_finish=2026-06-17 12:13:47
Quick validation epoch=820 | pseudo_dice=0.000000 | val_time=00:00:23
Epoch 821/1000 finished | train_loss=nan | lr=0.000212602 | epoch_time=00:00:58 | elapsed=16:01:47 | ETA=03:29:41 | estimated_finish=2026-06-17 12:14:02
Epoch 822/1000 finished | train_loss=nan | lr=0.000211533 | epoch_time=00:01:03 | elapsed=16:02:50 | ETA=03:28:29 | estimated_finish=2026-06-17 12:13:54
Epoch 823/1000 finished | train_loss=nan | lr=0.000210463 | epoch_time=00:01:00 | elapsed=16:03:52 | ETA=03:27:17 | estimated_finish=2026-06-17 12:13:43
Epoch 824/1000 finished | train_loss=nan | lr=0.000209393 | epoch_time=00:01:01 | elapsed=16:04:53 | ETA=03:26:05 | estimated_finish=2026-06-17 12:13:32
Epoch 825/1000 finished | train_loss=nan | lr=0.000208322 | epoch_time=00:01:00 | elapsed=16:05:54 | ETA=03:24:53 | estimated_finish=2026-06-17 12:13:21
Quick validation epoch=825 | pseudo_dice=0.000000 | val_time=00:00:23
Epoch 826/1000 finished | train_loss=nan | lr=0.00020725 | epoch_time=00:01:00 | elapsed=16:07:18 | ETA=03:23:46 | estimated_finish=2026-06-17 12:13:37
Epoch 827/1000 finished | train_loss=nan | lr=0.000206178 | epoch_time=00:01:02 | elapsed=16:08:20 | ETA=03:22:34 | estimated_finish=2026-06-17 12:13:28
Epoch 828/1000 finished | train_loss=nan | lr=0.000205105 | epoch_time=00:01:01 | elapsed=16:09:22 | ETA=03:21:22 | estimated_finish=2026-06-17 12:13:17
Epoch 829/1000 finished | train_loss=nan | lr=0.000204031 | epoch_time=00:00:59 | elapsed=16:10:22 | ETA=03:20:09 | estimated_finish=2026-06-17 12:13:05
Epoch 830/1000 finished | train_loss=nan | lr=0.000202957 | epoch_time=00:00:59 | elapsed=16:11:21 | ETA=03:18:57 | estimated_finish=2026-06-17 12:12:52
Quick validation epoch=830 | pseudo_dice=0.000000 | val_time=00:00:23
Epoch 831/1000 finished | train_loss=nan | lr=0.000201882 | epoch_time=00:00:59 | elapsed=16:12:44 | ETA=03:17:49 | estimated_finish=2026-06-17 12:13:07
Epoch 832/1000 finished | train_loss=nan | lr=0.000200807 | epoch_time=00:00:59 | elapsed=16:13:44 | ETA=03:16:37 | estimated_finish=2026-06-17 12:12:55
Epoch 833/1000 finished | train_loss=nan | lr=0.000199731 | epoch_time=00:00:59 | elapsed=16:14:44 | ETA=03:15:25 | estimated_finish=2026-06-17 12:12:42
Epoch 834/1000 finished | train_loss=nan | lr=0.000198654 | epoch_time=00:01:01 | elapsed=16:15:46 | ETA=03:14:13 | estimated_finish=2026-06-17 12:12:32
Epoch 835/1000 finished | train_loss=nan | lr=0.000197577 | epoch_time=00:00:59 | elapsed=16:16:46 | ETA=03:13:00 | estimated_finish=2026-06-17 12:12:20
Quick validation epoch=835 | pseudo_dice=0.000000 | val_time=00:00:23
Epoch 836/1000 finished | train_loss=nan | lr=0.000196499 | epoch_time=00:01:01 | elapsed=16:18:10 | ETA=03:11:53 | estimated_finish=2026-06-17 12:12:37
Epoch 837/1000 finished | train_loss=nan | lr=0.00019542 | epoch_time=00:01:01 | elapsed=16:19:12 | ETA=03:10:41 | estimated_finish=2026-06-17 12:12:26
Epoch 838/1000 finished | train_loss=nan | lr=0.000194341 | epoch_time=00:01:01 | elapsed=16:20:14 | ETA=03:09:29 | estimated_finish=2026-06-17 12:12:17
Epoch 839/1000 finished | train_loss=nan | lr=0.000193261 | epoch_time=00:00:59 | elapsed=16:21:14 | ETA=03:08:17 | estimated_finish=2026-06-17 12:12:04
Epoch 840/1000 finished | train_loss=nan | lr=0.00019218 | epoch_time=00:01:01 | elapsed=16:22:15 | ETA=03:07:05 | estimated_finish=2026-06-17 12:11:54
Quick validation epoch=840 | pseudo_dice=0.000000 | val_time=00:00:23
Epoch 841/1000 finished | train_loss=nan | lr=0.000191099 | epoch_time=00:01:00 | elapsed=16:23:39 | ETA=03:05:58 | estimated_finish=2026-06-17 12:12:11
Epoch 842/1000 finished | train_loss=nan | lr=0.000190017 | epoch_time=00:01:00 | elapsed=16:24:40 | ETA=03:04:46 | estimated_finish=2026-06-17 12:11:59
Epoch 843/1000 finished | train_loss=nan | lr=0.000188934 | epoch_time=00:00:59 | elapsed=16:25:39 | ETA=03:03:34 | estimated_finish=2026-06-17 12:11:47
Epoch 844/1000 finished | train_loss=nan | lr=0.00018785 | epoch_time=00:01:02 | elapsed=16:26:42 | ETA=03:02:22 | estimated_finish=2026-06-17 12:11:38
Epoch 845/1000 finished | train_loss=nan | lr=0.000186766 | epoch_time=00:01:01 | elapsed=16:27:43 | ETA=03:01:10 | estimated_finish=2026-06-17 12:11:27
Quick validation epoch=845 | pseudo_dice=0.000000 | val_time=00:00:23
Epoch 846/1000 finished | train_loss=nan | lr=0.000185682 | epoch_time=00:00:59 | elapsed=16:29:07 | ETA=03:00:03 | estimated_finish=2026-06-17 12:11:43
Epoch 847/1000 finished | train_loss=nan | lr=0.000184596 | epoch_time=00:01:02 | elapsed=16:30:09 | ETA=02:58:51 | estimated_finish=2026-06-17 12:11:34
Epoch 848/1000 finished | train_loss=nan | lr=0.00018351 | epoch_time=00:00:59 | elapsed=16:31:09 | ETA=02:57:39 | estimated_finish=2026-06-17 12:11:22
Epoch 849/1000 finished | train_loss=nan | lr=0.000182423 | epoch_time=00:00:59 | elapsed=16:32:09 | ETA=02:56:27 | estimated_finish=2026-06-17 12:11:10
Epoch 850/1000 finished | train_loss=nan | lr=0.000181335 | epoch_time=00:01:00 | elapsed=16:33:10 | ETA=02:55:15 | estimated_finish=2026-06-17 12:10:59
Quick validation epoch=850 | pseudo_dice=0.000000 | val_time=00:00:23
Epoch 851/1000 finished | train_loss=nan | lr=0.000180247 | epoch_time=00:01:00 | elapsed=16:34:34 | ETA=02:54:08 | estimated_finish=2026-06-17 12:11:16
Epoch 852/1000 finished | train_loss=nan | lr=0.000179158 | epoch_time=00:01:01 | elapsed=16:35:36 | ETA=02:52:56 | estimated_finish=2026-06-17 12:11:06
Epoch 853/1000 finished | train_loss=nan | lr=0.000178068 | epoch_time=00:01:00 | elapsed=16:36:37 | ETA=02:51:45 | estimated_finish=2026-06-17 12:10:55
Epoch 854/1000 finished | train_loss=nan | lr=0.000176977 | epoch_time=00:01:00 | elapsed=16:37:37 | ETA=02:50:33 | estimated_finish=2026-06-17 12:10:44
Epoch 855/1000 finished | train_loss=nan | lr=0.000175886 | epoch_time=00:01:00 | elapsed=16:38:38 | ETA=02:49:21 | estimated_finish=2026-06-17 12:10:33
Quick validation epoch=855 | pseudo_dice=0.000000 | val_time=00:00:23
Epoch 856/1000 finished | train_loss=nan | lr=0.000174794 | epoch_time=00:00:58 | elapsed=16:40:00 | ETA=02:48:13 | estimated_finish=2026-06-17 12:10:47
Epoch 857/1000 finished | train_loss=nan | lr=0.000173701 | epoch_time=00:01:01 | elapsed=16:41:02 | ETA=02:47:02 | estimated_finish=2026-06-17 12:10:37
Epoch 858/1000 finished | train_loss=nan | lr=0.000172607 | epoch_time=00:01:01 | elapsed=16:42:03 | ETA=02:45:50 | estimated_finish=2026-06-17 12:10:27
Epoch 859/1000 finished | train_loss=nan | lr=0.000171513 | epoch_time=00:01:03 | elapsed=16:43:06 | ETA=02:44:39 | estimated_finish=2026-06-17 12:10:19
Epoch 860/1000 finished | train_loss=nan | lr=0.000170418 | epoch_time=00:01:00 | elapsed=16:44:07 | ETA=02:43:27 | estimated_finish=2026-06-17 12:10:08
Quick validation epoch=860 | pseudo_dice=0.000000 | val_time=00:00:23
Epoch 861/1000 finished | train_loss=nan | lr=0.000169322 | epoch_time=00:01:01 | elapsed=16:45:32 | ETA=02:42:20 | estimated_finish=2026-06-17 12:10:25
Epoch 862/1000 finished | train_loss=nan | lr=0.000168225 | epoch_time=00:01:02 | elapsed=16:46:35 | ETA=02:41:08 | estimated_finish=2026-06-17 12:10:17
Epoch 863/1000 finished | train_loss=nan | lr=0.000167128 | epoch_time=00:00:59 | elapsed=16:47:35 | ETA=02:39:57 | estimated_finish=2026-06-17 12:10:05
Epoch 864/1000 finished | train_loss=nan | lr=0.000166029 | epoch_time=00:01:03 | elapsed=16:48:39 | ETA=02:38:46 | estimated_finish=2026-06-17 12:09:58
Epoch 865/1000 finished | train_loss=nan | lr=0.00016493 | epoch_time=00:01:00 | elapsed=16:49:39 | ETA=02:37:34 | estimated_finish=2026-06-17 12:09:47
Quick validation epoch=865 | pseudo_dice=0.000000 | val_time=00:00:24
Epoch 866/1000 finished | train_loss=nan | lr=0.00016383 | epoch_time=00:01:00 | elapsed=16:51:04 | ETA=02:36:26 | estimated_finish=2026-06-17 12:10:04
Epoch 867/1000 finished | train_loss=nan | lr=0.00016273 | epoch_time=00:00:59 | elapsed=16:52:04 | ETA=02:35:15 | estimated_finish=2026-06-17 12:09:52
Epoch 868/1000 finished | train_loss=nan | lr=0.000161628 | epoch_time=00:01:03 | elapsed=16:53:07 | ETA=02:34:04 | estimated_finish=2026-06-17 12:09:44
Epoch 869/1000 finished | train_loss=nan | lr=0.000160526 | epoch_time=00:00:58 | elapsed=16:54:05 | ETA=02:32:52 | estimated_finish=2026-06-17 12:09:31
Epoch 870/1000 finished | train_loss=nan | lr=0.000159422 | epoch_time=00:00:59 | elapsed=16:55:05 | ETA=02:31:40 | estimated_finish=2026-06-17 12:09:19
Quick validation epoch=870 | pseudo_dice=0.000000 | val_time=00:00:23
Epoch 871/1000 finished | train_loss=nan | lr=0.000158318 | epoch_time=00:01:01 | elapsed=16:56:30 | ETA=02:30:33 | estimated_finish=2026-06-17 12:09:37
Epoch 872/1000 finished | train_loss=nan | lr=0.000157213 | epoch_time=00:00:59 | elapsed=16:57:30 | ETA=02:29:21 | estimated_finish=2026-06-17 12:09:25
Epoch 873/1000 finished | train_loss=nan | lr=0.000156107 | epoch_time=00:00:58 | elapsed=16:58:29 | ETA=02:28:09 | estimated_finish=2026-06-17 12:09:12
Epoch 874/1000 finished | train_loss=nan | lr=0.000155001 | epoch_time=00:00:59 | elapsed=16:59:29 | ETA=02:26:58 | estimated_finish=2026-06-17 12:09:01
Epoch 875/1000 finished | train_loss=nan | lr=0.000153893 | epoch_time=00:01:01 | elapsed=17:00:31 | ETA=02:25:47 | estimated_finish=2026-06-17 12:08:51
Quick validation epoch=875 | pseudo_dice=0.000000 | val_time=00:00:23
Epoch 876/1000 finished | train_loss=nan | lr=0.000152785 | epoch_time=00:01:00 | elapsed=17:01:55 | ETA=02:24:39 | estimated_finish=2026-06-17 12:09:08
Epoch 877/1000 finished | train_loss=nan | lr=0.000151675 | epoch_time=00:01:01 | elapsed=17:02:57 | ETA=02:23:28 | estimated_finish=2026-06-17 12:08:59
Epoch 878/1000 finished | train_loss=nan | lr=0.000150565 | epoch_time=00:00:59 | elapsed=17:03:57 | ETA=02:22:16 | estimated_finish=2026-06-17 12:08:47
Epoch 879/1000 finished | train_loss=nan | lr=0.000149454 | epoch_time=00:01:01 | elapsed=17:04:59 | ETA=02:21:05 | estimated_finish=2026-06-17 12:08:38
Epoch 880/1000 finished | train_loss=nan | lr=0.000148342 | epoch_time=00:01:04 | elapsed=17:06:04 | ETA=02:19:55 | estimated_finish=2026-06-17 12:08:32
Quick validation epoch=880 | pseudo_dice=0.000000 | val_time=00:00:23
Epoch 881/1000 finished | train_loss=nan | lr=0.000147229 | epoch_time=00:01:02 | elapsed=17:07:30 | ETA=02:18:47 | estimated_finish=2026-06-17 12:08:51
Epoch 882/1000 finished | train_loss=nan | lr=0.000146115 | epoch_time=00:01:01 | elapsed=17:08:31 | ETA=02:17:36 | estimated_finish=2026-06-17 12:08:41
Epoch 883/1000 finished | train_loss=nan | lr=0.000145 | epoch_time=00:00:59 | elapsed=17:09:31 | ETA=02:16:24 | estimated_finish=2026-06-17 12:08:29
Epoch 884/1000 finished | train_loss=nan | lr=0.000143884 | epoch_time=00:01:02 | elapsed=17:10:34 | ETA=02:15:13 | estimated_finish=2026-06-17 12:08:21
Epoch 885/1000 finished | train_loss=nan | lr=0.000142767 | epoch_time=00:01:00 | elapsed=17:11:35 | ETA=02:14:02 | estimated_finish=2026-06-17 12:08:11
Quick validation epoch=885 | pseudo_dice=0.000000 | val_time=00:00:23
Epoch 886/1000 finished | train_loss=nan | lr=0.000141649 | epoch_time=00:00:59 | elapsed=17:12:58 | ETA=02:12:54 | estimated_finish=2026-06-17 12:08:26
Epoch 887/1000 finished | train_loss=nan | lr=0.000140531 | epoch_time=00:00:58 | elapsed=17:13:56 | ETA=02:11:43 | estimated_finish=2026-06-17 12:08:13
Epoch 888/1000 finished | train_loss=nan | lr=0.000139411 | epoch_time=00:00:59 | elapsed=17:14:56 | ETA=02:10:32 | estimated_finish=2026-06-17 12:08:01
Epoch 889/1000 finished | train_loss=nan | lr=0.00013829 | epoch_time=00:01:01 | elapsed=17:15:58 | ETA=02:09:21 | estimated_finish=2026-06-17 12:07:52
Epoch 890/1000 finished | train_loss=nan | lr=0.000137168 | epoch_time=00:01:02 | elapsed=17:17:00 | ETA=02:08:10 | estimated_finish=2026-06-17 12:07:44
Quick validation epoch=890 | pseudo_dice=0.000000 | val_time=00:00:23
Epoch 891/1000 finished | train_loss=nan | lr=0.000136045 | epoch_time=00:01:00 | elapsed=17:18:24 | ETA=02:07:02 | estimated_finish=2026-06-17 12:07:59
Epoch 892/1000 finished | train_loss=nan | lr=0.000134922 | epoch_time=00:01:01 | elapsed=17:19:26 | ETA=02:05:51 | estimated_finish=2026-06-17 12:07:51
Epoch 893/1000 finished | train_loss=nan | lr=0.000133797 | epoch_time=00:01:01 | elapsed=17:20:28 | ETA=02:04:40 | estimated_finish=2026-06-17 12:07:41
Epoch 894/1000 finished | train_loss=nan | lr=0.000132671 | epoch_time=00:01:00 | elapsed=17:21:28 | ETA=02:03:29 | estimated_finish=2026-06-17 12:07:31
Epoch 895/1000 finished | train_loss=nan | lr=0.000131544 | epoch_time=00:01:01 | elapsed=17:22:30 | ETA=02:02:18 | estimated_finish=2026-06-17 12:07:22
Quick validation epoch=895 | pseudo_dice=0.000000 | val_time=00:00:24
Epoch 896/1000 finished | train_loss=nan | lr=0.000130416 | epoch_time=00:01:03 | elapsed=17:23:58 | ETA=02:01:10 | estimated_finish=2026-06-17 12:07:42
Epoch 897/1000 finished | train_loss=nan | lr=0.000129287 | epoch_time=00:01:02 | elapsed=17:25:01 | ETA=01:59:59 | estimated_finish=2026-06-17 12:07:34
Epoch 898/1000 finished | train_loss=nan | lr=0.000128156 | epoch_time=00:01:02 | elapsed=17:26:04 | ETA=01:58:49 | estimated_finish=2026-06-17 12:07:27
Epoch 899/1000 finished | train_loss=nan | lr=0.000127025 | epoch_time=00:01:03 | elapsed=17:27:08 | ETA=01:57:38 | estimated_finish=2026-06-17 12:07:20
Epoch 900/1000 finished | train_loss=nan | lr=0.000125893 | epoch_time=00:01:05 | elapsed=17:28:14 | ETA=01:56:28 | estimated_finish=2026-06-17 12:07:15
Quick validation epoch=900 | pseudo_dice=0.000000 | val_time=00:00:24
Full validation epoch=900 | mean_dice=0.000000 | val_time=00:04:43
Epoch 901/1000 finished | train_loss=nan | lr=0.000124759 | epoch_time=00:01:01 | elapsed=17:34:24 | ETA=01:55:51 | estimated_finish=2026-06-17 12:12:48
Epoch 902/1000 finished | train_loss=nan | lr=0.000123624 | epoch_time=00:01:04 | elapsed=17:35:29 | ETA=01:54:40 | estimated_finish=2026-06-17 12:12:42
Epoch 903/1000 finished | train_loss=nan | lr=0.000122488 | epoch_time=00:01:02 | elapsed=17:36:31 | ETA=01:53:29 | estimated_finish=2026-06-17 12:12:34
Epoch 904/1000 finished | train_loss=nan | lr=0.000121351 | epoch_time=00:01:02 | elapsed=17:37:34 | ETA=01:52:18 | estimated_finish=2026-06-17 12:12:26
Epoch 905/1000 finished | train_loss=nan | lr=0.000120213 | epoch_time=00:01:03 | elapsed=17:38:38 | ETA=01:51:07 | estimated_finish=2026-06-17 12:12:19
Quick validation epoch=905 | pseudo_dice=0.000000 | val_time=00:00:25
Epoch 906/1000 finished | train_loss=nan | lr=0.000119073 | epoch_time=00:01:01 | elapsed=17:40:05 | ETA=01:49:59 | estimated_finish=2026-06-17 12:12:37
Epoch 907/1000 finished | train_loss=nan | lr=0.000117933 | epoch_time=00:01:04 | elapsed=17:41:09 | ETA=01:48:48 | estimated_finish=2026-06-17 12:12:31
Epoch 908/1000 finished | train_loss=nan | lr=0.000116791 | epoch_time=00:01:00 | elapsed=17:42:10 | ETA=01:47:37 | estimated_finish=2026-06-17 12:12:21
Epoch 909/1000 finished | train_loss=nan | lr=0.000115648 | epoch_time=00:01:02 | elapsed=17:43:13 | ETA=01:46:26 | estimated_finish=2026-06-17 12:12:12
Epoch 910/1000 finished | train_loss=nan | lr=0.000114503 | epoch_time=00:01:03 | elapsed=17:44:17 | ETA=01:45:15 | estimated_finish=2026-06-17 12:12:06
Quick validation epoch=910 | pseudo_dice=0.000000 | val_time=00:00:24
Epoch 911/1000 finished | train_loss=nan | lr=0.000113358 | epoch_time=00:01:06 | elapsed=17:45:48 | ETA=01:44:07 | estimated_finish=2026-06-17 12:12:29
Epoch 912/1000 finished | train_loss=nan | lr=0.000112211 | epoch_time=00:01:03 | elapsed=17:46:52 | ETA=01:42:56 | estimated_finish=2026-06-17 12:12:22
Epoch 913/1000 finished | train_loss=nan | lr=0.000111062 | epoch_time=00:01:11 | elapsed=17:48:04 | ETA=01:41:46 | estimated_finish=2026-06-17 12:12:24
Epoch 914/1000 finished | train_loss=nan | lr=0.000109913 | epoch_time=00:01:05 | elapsed=17:49:10 | ETA=01:40:36 | estimated_finish=2026-06-17 12:12:19
Epoch 915/1000 finished | train_loss=nan | lr=0.000108762 | epoch_time=00:01:05 | elapsed=17:50:16 | ETA=01:39:25 | estimated_finish=2026-06-17 12:12:14
Quick validation epoch=915 | pseudo_dice=0.000000 | val_time=00:00:24
Epoch 916/1000 finished | train_loss=nan | lr=0.00010761 | epoch_time=00:01:02 | elapsed=17:51:43 | ETA=01:38:16 | estimated_finish=2026-06-17 12:12:33
Epoch 917/1000 finished | train_loss=nan | lr=0.000106456 | epoch_time=00:01:01 | elapsed=17:52:45 | ETA=01:37:05 | estimated_finish=2026-06-17 12:12:24
Epoch 918/1000 finished | train_loss=nan | lr=0.000105301 | epoch_time=00:01:01 | elapsed=17:53:46 | ETA=01:35:54 | estimated_finish=2026-06-17 12:12:14
Epoch 919/1000 finished | train_loss=nan | lr=0.000104145 | epoch_time=00:01:00 | elapsed=17:54:47 | ETA=01:34:43 | estimated_finish=2026-06-17 12:12:04
Epoch 920/1000 finished | train_loss=nan | lr=0.000102987 | epoch_time=00:01:01 | elapsed=17:55:48 | ETA=01:33:32 | estimated_finish=2026-06-17 12:11:54
Quick validation epoch=920 | pseudo_dice=0.000000 | val_time=00:00:24
Epoch 921/1000 finished | train_loss=nan | lr=0.000101827 | epoch_time=00:01:06 | elapsed=17:57:19 | ETA=01:32:24 | estimated_finish=2026-06-17 12:12:16
Epoch 922/1000 finished | train_loss=nan | lr=0.000100667 | epoch_time=00:01:02 | elapsed=17:58:21 | ETA=01:31:13 | estimated_finish=2026-06-17 12:12:08
Epoch 923/1000 finished | train_loss=nan | lr=9.95043e-05 | epoch_time=00:01:02 | elapsed=17:59:24 | ETA=01:30:02 | estimated_finish=2026-06-17 12:12:00
Epoch 924/1000 finished | train_loss=nan | lr=9.83405e-05 | epoch_time=00:01:00 | elapsed=18:00:24 | ETA=01:28:51 | estimated_finish=2026-06-17 12:11:50
Epoch 925/1000 finished | train_loss=nan | lr=9.71751e-05 | epoch_time=00:01:03 | elapsed=18:01:28 | ETA=01:27:41 | estimated_finish=2026-06-17 12:11:42
Quick validation epoch=925 | pseudo_dice=0.000000 | val_time=00:00:24
Epoch 926/1000 finished | train_loss=nan | lr=9.60082e-05 | epoch_time=00:01:01 | elapsed=18:02:54 | ETA=01:26:32 | estimated_finish=2026-06-17 12:11:59
Epoch 927/1000 finished | train_loss=nan | lr=9.48398e-05 | epoch_time=00:01:00 | elapsed=18:03:55 | ETA=01:25:21 | estimated_finish=2026-06-17 12:11:49
Epoch 928/1000 finished | train_loss=nan | lr=9.36697e-05 | epoch_time=00:01:03 | elapsed=18:04:59 | ETA=01:24:10 | estimated_finish=2026-06-17 12:11:43
Epoch 929/1000 finished | train_loss=nan | lr=9.2498e-05 | epoch_time=00:01:01 | elapsed=18:06:01 | ETA=01:23:00 | estimated_finish=2026-06-17 12:11:34
Epoch 930/1000 finished | train_loss=nan | lr=9.13247e-05 | epoch_time=00:01:03 | elapsed=18:07:04 | ETA=01:21:49 | estimated_finish=2026-06-17 12:11:27
Quick validation epoch=930 | pseudo_dice=0.000000 | val_time=00:00:24
Epoch 931/1000 finished | train_loss=nan | lr=9.01497e-05 | epoch_time=00:01:03 | elapsed=18:08:32 | ETA=01:20:40 | estimated_finish=2026-06-17 12:11:46
Epoch 932/1000 finished | train_loss=nan | lr=8.8973e-05 | epoch_time=00:01:03 | elapsed=18:09:36 | ETA=01:19:29 | estimated_finish=2026-06-17 12:11:39
Epoch 933/1000 finished | train_loss=nan | lr=8.77945e-05 | epoch_time=00:01:02 | elapsed=18:10:39 | ETA=01:18:19 | estimated_finish=2026-06-17 12:11:31
Epoch 934/1000 finished | train_loss=nan | lr=8.66143e-05 | epoch_time=00:01:01 | elapsed=18:11:41 | ETA=01:17:08 | estimated_finish=2026-06-17 12:11:22
Epoch 935/1000 finished | train_loss=nan | lr=8.54323e-05 | epoch_time=00:01:03 | elapsed=18:12:45 | ETA=01:15:58 | estimated_finish=2026-06-17 12:11:16
Quick validation epoch=935 | pseudo_dice=0.000000 | val_time=00:00:24
Epoch 936/1000 finished | train_loss=nan | lr=8.42485e-05 | epoch_time=00:01:03 | elapsed=18:14:13 | ETA=01:14:49 | estimated_finish=2026-06-17 12:11:35
Epoch 937/1000 finished | train_loss=nan | lr=8.30628e-05 | epoch_time=00:01:01 | elapsed=18:15:14 | ETA=01:13:38 | estimated_finish=2026-06-17 12:11:26
Epoch 938/1000 finished | train_loss=nan | lr=8.18752e-05 | epoch_time=00:01:01 | elapsed=18:16:16 | ETA=01:12:27 | estimated_finish=2026-06-17 12:11:17
Epoch 939/1000 finished | train_loss=nan | lr=8.06858e-05 | epoch_time=00:01:01 | elapsed=18:17:17 | ETA=01:11:16 | estimated_finish=2026-06-17 12:11:07
Epoch 940/1000 finished | train_loss=nan | lr=7.94943e-05 | epoch_time=00:01:01 | elapsed=18:18:19 | ETA=01:10:06 | estimated_finish=2026-06-17 12:10:59
Quick validation epoch=940 | pseudo_dice=0.000000 | val_time=00:00:24
Epoch 941/1000 finished | train_loss=nan | lr=7.83009e-05 | epoch_time=00:01:02 | elapsed=18:19:46 | ETA=01:08:57 | estimated_finish=2026-06-17 12:11:17
Epoch 942/1000 finished | train_loss=nan | lr=7.71055e-05 | epoch_time=00:01:03 | elapsed=18:20:50 | ETA=01:07:46 | estimated_finish=2026-06-17 12:11:10
Epoch 943/1000 finished | train_loss=nan | lr=7.5908e-05 | epoch_time=00:01:01 | elapsed=18:21:52 | ETA=01:06:36 | estimated_finish=2026-06-17 12:11:01
Epoch 944/1000 finished | train_loss=nan | lr=7.47084e-05 | epoch_time=00:01:01 | elapsed=18:22:54 | ETA=01:05:25 | estimated_finish=2026-06-17 12:10:53
Epoch 945/1000 finished | train_loss=nan | lr=7.35066e-05 | epoch_time=00:01:01 | elapsed=18:23:56 | ETA=01:04:15 | estimated_finish=2026-06-17 12:10:44
Quick validation epoch=945 | pseudo_dice=0.000000 | val_time=00:00:25
Epoch 946/1000 finished | train_loss=nan | lr=7.23027e-05 | epoch_time=00:01:02 | elapsed=18:25:24 | ETA=01:03:05 | estimated_finish=2026-06-17 12:11:03
Epoch 947/1000 finished | train_loss=nan | lr=7.10965e-05 | epoch_time=00:01:02 | elapsed=18:26:26 | ETA=01:01:55 | estimated_finish=2026-06-17 12:10:55
Epoch 948/1000 finished | train_loss=nan | lr=6.98881e-05 | epoch_time=00:01:02 | elapsed=18:27:29 | ETA=01:00:44 | estimated_finish=2026-06-17 12:10:47
Epoch 949/1000 finished | train_loss=nan | lr=6.86773e-05 | epoch_time=00:01:02 | elapsed=18:28:31 | ETA=00:59:34 | estimated_finish=2026-06-17 12:10:39
Epoch 950/1000 finished | train_loss=nan | lr=6.74641e-05 | epoch_time=00:01:02 | elapsed=18:29:33 | ETA=00:58:23 | estimated_finish=2026-06-17 12:10:31
Quick validation epoch=950 | pseudo_dice=0.000000 | val_time=00:00:24
Epoch 951/1000 finished | train_loss=nan | lr=6.62486e-05 | epoch_time=00:01:03 | elapsed=18:31:02 | ETA=00:57:14 | estimated_finish=2026-06-17 12:10:49
Epoch 952/1000 finished | train_loss=nan | lr=6.50305e-05 | epoch_time=00:01:01 | elapsed=18:32:03 | ETA=00:56:04 | estimated_finish=2026-06-17 12:10:41
Epoch 953/1000 finished | train_loss=nan | lr=6.38099e-05 | epoch_time=00:01:04 | elapsed=18:33:08 | ETA=00:54:53 | estimated_finish=2026-06-17 12:10:35
Epoch 954/1000 finished | train_loss=nan | lr=6.25867e-05 | epoch_time=00:01:02 | elapsed=18:34:11 | ETA=00:53:43 | estimated_finish=2026-06-17 12:10:27
Epoch 955/1000 finished | train_loss=nan | lr=6.13608e-05 | epoch_time=00:01:09 | elapsed=18:35:20 | ETA=00:52:33 | estimated_finish=2026-06-17 12:10:27
Quick validation epoch=955 | pseudo_dice=0.000000 | val_time=00:00:24
Epoch 956/1000 finished | train_loss=nan | lr=6.01322e-05 | epoch_time=00:01:04 | elapsed=18:36:50 | ETA=00:51:24 | estimated_finish=2026-06-17 12:10:47
Epoch 957/1000 finished | train_loss=nan | lr=5.89009e-05 | epoch_time=00:01:01 | elapsed=18:37:52 | ETA=00:50:13 | estimated_finish=2026-06-17 12:10:39
Epoch 958/1000 finished | train_loss=nan | lr=5.76666e-05 | epoch_time=00:01:00 | elapsed=18:38:53 | ETA=00:49:03 | estimated_finish=2026-06-17 12:10:29
Epoch 959/1000 finished | train_loss=nan | lr=5.64294e-05 | epoch_time=00:01:01 | elapsed=18:39:54 | ETA=00:47:52 | estimated_finish=2026-06-17 12:10:20
Epoch 960/1000 finished | train_loss=nan | lr=5.51892e-05 | epoch_time=00:01:02 | elapsed=18:40:56 | ETA=00:46:42 | estimated_finish=2026-06-17 12:10:12
Quick validation epoch=960 | pseudo_dice=0.000000 | val_time=00:00:25
Epoch 961/1000 finished | train_loss=nan | lr=5.39459e-05 | epoch_time=00:01:04 | elapsed=18:42:26 | ETA=00:45:33 | estimated_finish=2026-06-17 12:10:32
Epoch 962/1000 finished | train_loss=nan | lr=5.26993e-05 | epoch_time=00:01:02 | elapsed=18:43:28 | ETA=00:44:22 | estimated_finish=2026-06-17 12:10:24
Epoch 963/1000 finished | train_loss=nan | lr=5.14495e-05 | epoch_time=00:01:02 | elapsed=18:44:31 | ETA=00:43:12 | estimated_finish=2026-06-17 12:10:17
Epoch 964/1000 finished | train_loss=nan | lr=5.01964e-05 | epoch_time=00:01:04 | elapsed=18:45:35 | ETA=00:42:02 | estimated_finish=2026-06-17 12:10:11
Epoch 965/1000 finished | train_loss=nan | lr=4.89397e-05 | epoch_time=00:01:06 | elapsed=18:46:42 | ETA=00:40:51 | estimated_finish=2026-06-17 12:10:07
Quick validation epoch=965 | pseudo_dice=0.000000 | val_time=00:00:24
Epoch 966/1000 finished | train_loss=nan | lr=4.76794e-05 | epoch_time=00:01:02 | elapsed=18:48:09 | ETA=00:39:42 | estimated_finish=2026-06-17 12:10:25
Epoch 967/1000 finished | train_loss=nan | lr=4.64154e-05 | epoch_time=00:01:04 | elapsed=18:49:14 | ETA=00:38:32 | estimated_finish=2026-06-17 12:10:19
Epoch 968/1000 finished | train_loss=nan | lr=4.51476e-05 | epoch_time=00:01:04 | elapsed=18:50:18 | ETA=00:37:21 | estimated_finish=2026-06-17 12:10:13
Epoch 969/1000 finished | train_loss=nan | lr=4.38758e-05 | epoch_time=00:01:02 | elapsed=18:51:21 | ETA=00:36:11 | estimated_finish=2026-06-17 12:10:06
Epoch 970/1000 finished | train_loss=nan | lr=4.26e-05 | epoch_time=00:01:02 | elapsed=18:52:23 | ETA=00:35:01 | estimated_finish=2026-06-17 12:09:58
Quick validation epoch=970 | pseudo_dice=0.000000 | val_time=00:00:24
Epoch 971/1000 finished | train_loss=nan | lr=4.13198e-05 | epoch_time=00:01:01 | elapsed=18:53:49 | ETA=00:33:51 | estimated_finish=2026-06-17 12:10:14
Epoch 972/1000 finished | train_loss=nan | lr=4.00352e-05 | epoch_time=00:01:09 | elapsed=18:54:59 | ETA=00:32:41 | estimated_finish=2026-06-17 12:10:14
Epoch 973/1000 finished | train_loss=nan | lr=3.8746e-05 | epoch_time=00:01:08 | elapsed=18:56:07 | ETA=00:31:31 | estimated_finish=2026-06-17 12:10:12
Epoch 974/1000 finished | train_loss=nan | lr=3.74521e-05 | epoch_time=00:01:04 | elapsed=18:57:12 | ETA=00:30:21 | estimated_finish=2026-06-17 12:10:07
Epoch 975/1000 finished | train_loss=nan | lr=3.61531e-05 | epoch_time=00:01:02 | elapsed=18:58:15 | ETA=00:29:11 | estimated_finish=2026-06-17 12:09:59
Quick validation epoch=975 | pseudo_dice=0.000000 | val_time=00:00:24
Epoch 976/1000 finished | train_loss=nan | lr=3.4849e-05 | epoch_time=00:01:01 | elapsed=18:59:40 | ETA=00:28:01 | estimated_finish=2026-06-17 12:10:15
Epoch 977/1000 finished | train_loss=nan | lr=3.35394e-05 | epoch_time=00:01:03 | elapsed=19:00:44 | ETA=00:26:51 | estimated_finish=2026-06-17 12:10:09
Epoch 978/1000 finished | train_loss=nan | lr=3.22241e-05 | epoch_time=00:01:03 | elapsed=19:01:48 | ETA=00:25:41 | estimated_finish=2026-06-17 12:10:02
Epoch 979/1000 finished | train_loss=nan | lr=3.09028e-05 | epoch_time=00:01:01 | elapsed=19:02:50 | ETA=00:24:30 | estimated_finish=2026-06-17 12:09:54
Epoch 980/1000 finished | train_loss=nan | lr=2.95752e-05 | epoch_time=00:01:02 | elapsed=19:03:52 | ETA=00:23:20 | estimated_finish=2026-06-17 12:09:46
Quick validation epoch=980 | pseudo_dice=0.000000 | val_time=00:00:24
Epoch 981/1000 finished | train_loss=nan | lr=2.82409e-05 | epoch_time=00:01:01 | elapsed=19:05:18 | ETA=00:22:10 | estimated_finish=2026-06-17 12:10:02
Epoch 982/1000 finished | train_loss=nan | lr=2.68996e-05 | epoch_time=00:01:04 | elapsed=19:06:23 | ETA=00:21:00 | estimated_finish=2026-06-17 12:09:57
Epoch 983/1000 finished | train_loss=nan | lr=2.55508e-05 | epoch_time=00:01:01 | elapsed=19:07:24 | ETA=00:19:50 | estimated_finish=2026-06-17 12:09:48
Epoch 984/1000 finished | train_loss=nan | lr=2.4194e-05 | epoch_time=00:01:00 | elapsed=19:08:24 | ETA=00:18:40 | estimated_finish=2026-06-17 12:09:38
Epoch 985/1000 finished | train_loss=nan | lr=2.28288e-05 | epoch_time=00:01:01 | elapsed=19:09:27 | ETA=00:17:30 | estimated_finish=2026-06-17 12:09:30
Quick validation epoch=985 | pseudo_dice=0.000000 | val_time=00:00:24
Epoch 986/1000 finished | train_loss=nan | lr=2.14543e-05 | epoch_time=00:01:00 | elapsed=19:10:52 | ETA=00:16:20 | estimated_finish=2026-06-17 12:09:45
Epoch 987/1000 finished | train_loss=nan | lr=2.00701e-05 | epoch_time=00:01:00 | elapsed=19:11:52 | ETA=00:15:10 | estimated_finish=2026-06-17 12:09:36
Epoch 988/1000 finished | train_loss=nan | lr=1.86751e-05 | epoch_time=00:01:02 | elapsed=19:12:55 | ETA=00:14:00 | estimated_finish=2026-06-17 12:09:28
Epoch 989/1000 finished | train_loss=nan | lr=1.72685e-05 | epoch_time=00:01:00 | elapsed=19:13:56 | ETA=00:12:50 | estimated_finish=2026-06-17 12:09:19
Epoch 990/1000 finished | train_loss=nan | lr=1.58489e-05 | epoch_time=00:01:02 | elapsed=19:14:59 | ETA=00:11:39 | estimated_finish=2026-06-17 12:09:12
Quick validation epoch=990 | pseudo_dice=0.000000 | val_time=00:00:24
Epoch 991/1000 finished | train_loss=nan | lr=1.44151e-05 | epoch_time=00:01:00 | elapsed=19:16:24 | ETA=00:10:30 | estimated_finish=2026-06-17 12:09:28
Epoch 992/1000 finished | train_loss=nan | lr=1.29653e-05 | epoch_time=00:01:02 | elapsed=19:17:26 | ETA=00:09:20 | estimated_finish=2026-06-17 12:09:20
Epoch 993/1000 finished | train_loss=nan | lr=1.14971e-05 | epoch_time=00:01:02 | elapsed=19:18:29 | ETA=00:08:09 | estimated_finish=2026-06-17 12:09:12
Epoch 994/1000 finished | train_loss=nan | lr=1.00077e-05 | epoch_time=00:01:02 | elapsed=19:19:31 | ETA=00:06:59 | estimated_finish=2026-06-17 12:09:04
Epoch 995/1000 finished | train_loss=nan | lr=8.49323e-06 | epoch_time=00:01:02 | elapsed=19:20:34 | ETA=00:05:49 | estimated_finish=2026-06-17 12:08:57
Quick validation epoch=995 | pseudo_dice=0.000000 | val_time=00:00:24
Epoch 996/1000 finished | train_loss=nan | lr=6.94791e-06 | epoch_time=00:01:02 | elapsed=19:22:01 | ETA=00:04:40 | estimated_finish=2026-06-17 12:09:14
Epoch 997/1000 finished | train_loss=nan | lr=5.36302e-06 | epoch_time=00:01:01 | elapsed=19:23:03 | ETA=00:03:29 | estimated_finish=2026-06-17 12:09:06
Epoch 998/1000 finished | train_loss=nan | lr=3.72329e-06 | epoch_time=00:01:00 | elapsed=19:24:04 | ETA=00:02:19 | estimated_finish=2026-06-17 12:08:57
Epoch 999/1000 finished | train_loss=nan | lr=1.99526e-06 | epoch_time=00:01:00 | elapsed=19:25:04 | ETA=00:01:09 | estimated_finish=2026-06-17 12:08:48
Epoch 1000/1000 finished | train_loss=nan | lr=0 | epoch_time=00:01:02 | elapsed=19:26:07 | ETA=00:00:00 | estimated_finish=2026-06-17 12:08:40
Quick validation epoch=1000 | pseudo_dice=0.000000 | val_time=00:00:24
Full validation epoch=1000 | mean_dice=0.000000 | val_time=00:04:43
Final full validation epoch=1000 | mean_dice=0.000000 | val_time=00:04:43
==========================================
Training finished
Fold: 3
Best pseudo Dice: 0.280394 at epoch 5
Best full Dice: 0.000000 at epoch 100
Final Dice: 0.000000 at epoch 1000
Final metrics saved: runs/fold3/fold_3/final_metrics.json
==========================================
==========================================
Finished fold 3
End time: Wed Jun 17 12:18:37 EDT 2026
==========================================
