OK: 3D-GCCN imports
==========================================
3D-GCCN SBO vessel training
Fold: 1
JSON: /vf/users/drdcad/Hyuna/projects/vessel_seg/code/train_3D-GCCN/jsons/sbo_vessel_5fold.json
OUT_DIR: ./runs/fold1
CUDA_VISIBLE_DEVICES: 0
Start time: Tue Jun 16 21:08:02 EDT 2026
==========================================
Fold: 1
Train cases: 96
Val cases: 21
Quick val cases: 21
Preprocessed dir: /data/drdcad/datasets_nnUNet/nnUNet_preprocessed/Dataset101_SBOvessel/nnUNetPlans_3d_fullres
Output dir: runs/fold1
Graph stride: 12
Edge dist: 16.0
Effective patch batch: 2
Total epochs: 1000
Steps per epoch: 96
Training started at: 2026-06-16 21:08:19
Epoch 1/1000 finished | loss=1.111889 | cnn_loss=0.967936 | gnn_loss=0.143953 | lr=0.0009991 | epoch_time=00:01:22 | elapsed=00:01:22 | ETA=22:53:39 | estimated_finish=2026-06-17 20:03:21
Epoch 2/1000 finished | loss=1.024313 | cnn_loss=0.949855 | gnn_loss=0.074458 | lr=0.0009982 | epoch_time=00:01:20 | elapsed=00:02:42 | ETA=22:33:00 | estimated_finish=2026-06-17 19:44:02
Epoch 3/1000 finished | loss=1.016489 | cnn_loss=0.956902 | gnn_loss=0.059587 | lr=0.0009973 | epoch_time=00:01:19 | elapsed=00:04:02 | ETA=22:20:56 | estimated_finish=2026-06-17 19:33:17
Epoch 4/1000 finished | loss=0.913131 | cnn_loss=0.863420 | gnn_loss=0.049711 | lr=0.000996399 | epoch_time=00:01:15 | elapsed=00:05:17 | ETA=21:58:36 | estimated_finish=2026-06-17 19:12:13
Epoch 5/1000 finished | loss=0.868561 | cnn_loss=0.818246 | gnn_loss=0.050315 | lr=0.000995499 | epoch_time=00:01:16 | elapsed=00:06:34 | ETA=21:47:05 | estimated_finish=2026-06-17 19:01:59
Quick validation epoch=5 | pseudo_dice=0.162345 | val_time=00:00:27
New best model saved by quick validation | pseudo_dice=0.162345 | epoch=5
Epoch 6/1000 finished | loss=0.826053 | cnn_loss=0.780293 | gnn_loss=0.045760 | lr=0.000994598 | epoch_time=00:01:13 | elapsed=00:08:15 | ETA=22:47:49 | estimated_finish=2026-06-17 20:04:24
Epoch 7/1000 finished | loss=0.825958 | cnn_loss=0.777650 | gnn_loss=0.048308 | lr=0.000993698 | epoch_time=00:01:14 | elapsed=00:09:30 | ETA=22:27:44 | estimated_finish=2026-06-17 19:45:33
Epoch 8/1000 finished | loss=0.802466 | cnn_loss=0.765147 | gnn_loss=0.037320 | lr=0.000992797 | epoch_time=00:01:15 | elapsed=00:10:46 | ETA=22:15:06 | estimated_finish=2026-06-17 19:34:11
Epoch 9/1000 finished | loss=0.741691 | cnn_loss=0.705032 | gnn_loss=0.036659 | lr=0.000991896 | epoch_time=00:01:15 | elapsed=00:12:01 | ETA=22:03:38 | estimated_finish=2026-06-17 19:23:58
Epoch 10/1000 finished | loss=0.756463 | cnn_loss=0.718320 | gnn_loss=0.038143 | lr=0.000990995 | epoch_time=00:01:16 | elapsed=00:13:17 | ETA=21:56:24 | estimated_finish=2026-06-17 19:18:02
Quick validation epoch=10 | pseudo_dice=0.386949 | val_time=00:00:25
New best model saved by quick validation | pseudo_dice=0.386949 | epoch=10
Epoch 11/1000 finished | loss=0.762147 | cnn_loss=0.720043 | gnn_loss=0.042104 | lr=0.000990095 | epoch_time=00:01:16 | elapsed=00:15:00 | ETA=22:29:00 | estimated_finish=2026-06-17 19:52:20
Epoch 12/1000 finished | loss=0.755768 | cnn_loss=0.721140 | gnn_loss=0.034628 | lr=0.000989193 | epoch_time=00:01:14 | elapsed=00:16:14 | ETA=22:17:15 | estimated_finish=2026-06-17 19:41:49
Epoch 13/1000 finished | loss=0.718669 | cnn_loss=0.682834 | gnn_loss=0.035835 | lr=0.000988292 | epoch_time=00:01:14 | elapsed=00:17:29 | ETA=22:07:43 | estimated_finish=2026-06-17 19:33:32
Epoch 14/1000 finished | loss=0.719905 | cnn_loss=0.683901 | gnn_loss=0.036004 | lr=0.000987391 | epoch_time=00:01:16 | elapsed=00:18:46 | ETA=22:01:54 | estimated_finish=2026-06-17 19:29:00
Epoch 15/1000 finished | loss=0.766706 | cnn_loss=0.728446 | gnn_loss=0.038260 | lr=0.00098649 | epoch_time=00:01:17 | elapsed=00:20:03 | ETA=21:57:01 | estimated_finish=2026-06-17 19:25:24
Quick validation epoch=15 | pseudo_dice=0.167786 | val_time=00:00:25
Epoch 16/1000 finished | loss=0.741010 | cnn_loss=0.701038 | gnn_loss=0.039972 | lr=0.000985588 | epoch_time=00:01:28 | elapsed=00:21:57 | ETA=22:30:11 | estimated_finish=2026-06-17 20:00:28
Epoch 17/1000 finished | loss=0.713584 | cnn_loss=0.682298 | gnn_loss=0.031286 | lr=0.000984687 | epoch_time=00:01:26 | elapsed=00:23:23 | ETA=22:32:43 | estimated_finish=2026-06-17 20:04:26
Epoch 18/1000 finished | loss=0.736333 | cnn_loss=0.699829 | gnn_loss=0.036504 | lr=0.000983785 | epoch_time=00:01:17 | elapsed=00:24:40 | ETA=22:26:21 | estimated_finish=2026-06-17 19:59:21
Epoch 19/1000 finished | loss=0.706062 | cnn_loss=0.673336 | gnn_loss=0.032726 | lr=0.000982884 | epoch_time=00:01:15 | elapsed=00:25:56 | ETA=22:19:10 | estimated_finish=2026-06-17 19:53:25
Epoch 20/1000 finished | loss=0.735082 | cnn_loss=0.701739 | gnn_loss=0.033343 | lr=0.000981982 | epoch_time=00:01:15 | elapsed=00:27:11 | ETA=22:12:32 | estimated_finish=2026-06-17 19:48:03
Quick validation epoch=20 | pseudo_dice=0.381502 | val_time=00:00:24
Epoch 21/1000 finished | loss=0.688634 | cnn_loss=0.655035 | gnn_loss=0.033599 | lr=0.00098108 | epoch_time=00:01:15 | elapsed=00:28:51 | ETA=22:25:15 | estimated_finish=2026-06-17 20:02:26
Epoch 22/1000 finished | loss=0.693602 | cnn_loss=0.660547 | gnn_loss=0.033055 | lr=0.000980178 | epoch_time=00:01:15 | elapsed=00:30:07 | ETA=22:18:50 | estimated_finish=2026-06-17 19:57:17
Epoch 23/1000 finished | loss=0.696945 | cnn_loss=0.662550 | gnn_loss=0.034395 | lr=0.000979276 | epoch_time=00:01:17 | elapsed=00:31:24 | ETA=22:14:04 | estimated_finish=2026-06-17 19:53:48
Epoch 24/1000 finished | loss=0.740257 | cnn_loss=0.705133 | gnn_loss=0.035124 | lr=0.000978374 | epoch_time=00:01:26 | elapsed=00:32:50 | ETA=22:15:39 | estimated_finish=2026-06-17 19:56:49
Epoch 25/1000 finished | loss=0.733788 | cnn_loss=0.699233 | gnn_loss=0.034555 | lr=0.000977472 | epoch_time=00:01:14 | elapsed=00:34:04 | ETA=22:09:06 | estimated_finish=2026-06-17 19:51:30
Quick validation epoch=25 | pseudo_dice=0.365158 | val_time=00:00:24
Epoch 26/1000 finished | loss=0.735682 | cnn_loss=0.705260 | gnn_loss=0.030422 | lr=0.000976569 | epoch_time=00:01:15 | elapsed=00:35:45 | ETA=22:19:24 | estimated_finish=2026-06-17 20:03:28
Epoch 27/1000 finished | loss=0.702888 | cnn_loss=0.667677 | gnn_loss=0.035211 | lr=0.000975667 | epoch_time=00:01:14 | elapsed=00:36:59 | ETA=22:13:13 | estimated_finish=2026-06-17 19:58:32
Epoch 28/1000 finished | loss=0.713411 | cnn_loss=0.679951 | gnn_loss=0.033460 | lr=0.000974764 | epoch_time=00:01:15 | elapsed=00:38:15 | ETA=22:08:01 | estimated_finish=2026-06-17 19:54:35
Epoch 29/1000 finished | loss=0.691846 | cnn_loss=0.657468 | gnn_loss=0.034378 | lr=0.000973862 | epoch_time=00:01:16 | elapsed=00:39:32 | ETA=22:03:41 | estimated_finish=2026-06-17 19:51:33
Epoch 30/1000 finished | loss=0.728728 | cnn_loss=0.699819 | gnn_loss=0.028910 | lr=0.000972959 | epoch_time=00:01:15 | elapsed=00:40:47 | ETA=21:58:50 | estimated_finish=2026-06-17 19:47:56
Quick validation epoch=30 | pseudo_dice=0.412713 | val_time=00:00:24
New best model saved by quick validation | pseudo_dice=0.412713 | epoch=30
Epoch 31/1000 finished | loss=0.694942 | cnn_loss=0.662750 | gnn_loss=0.032192 | lr=0.000972056 | epoch_time=00:01:14 | elapsed=00:42:26 | ETA=22:06:50 | estimated_finish=2026-06-17 19:57:36
Epoch 32/1000 finished | loss=0.709893 | cnn_loss=0.679106 | gnn_loss=0.030787 | lr=0.000971153 | epoch_time=00:01:15 | elapsed=00:43:42 | ETA=22:02:22 | estimated_finish=2026-06-17 19:54:24
Epoch 33/1000 finished | loss=0.705647 | cnn_loss=0.669723 | gnn_loss=0.035924 | lr=0.00097025 | epoch_time=00:01:15 | elapsed=00:44:58 | ETA=21:57:55 | estimated_finish=2026-06-17 19:51:13
Epoch 34/1000 finished | loss=0.696826 | cnn_loss=0.664102 | gnn_loss=0.032724 | lr=0.000969347 | epoch_time=00:01:15 | elapsed=00:46:13 | ETA=21:53:32 | estimated_finish=2026-06-17 19:48:05
Epoch 35/1000 finished | loss=0.704258 | cnn_loss=0.670888 | gnn_loss=0.033370 | lr=0.000968444 | epoch_time=00:01:14 | elapsed=00:47:28 | ETA=21:48:55 | estimated_finish=2026-06-17 19:44:43
Quick validation epoch=35 | pseudo_dice=0.439704 | val_time=00:00:25
New best model saved by quick validation | pseudo_dice=0.439704 | epoch=35
Epoch 36/1000 finished | loss=0.662791 | cnn_loss=0.628132 | gnn_loss=0.034658 | lr=0.000967541 | epoch_time=00:01:15 | elapsed=00:49:09 | ETA=21:56:12 | estimated_finish=2026-06-17 19:53:41
Epoch 37/1000 finished | loss=0.719166 | cnn_loss=0.687773 | gnn_loss=0.031393 | lr=0.000966638 | epoch_time=00:01:13 | elapsed=00:50:23 | ETA=21:51:25 | estimated_finish=2026-06-17 19:50:07
Epoch 38/1000 finished | loss=0.712308 | cnn_loss=0.679584 | gnn_loss=0.032724 | lr=0.000965734 | epoch_time=00:01:19 | elapsed=00:51:42 | ETA=21:48:58 | estimated_finish=2026-06-17 19:49:00
Epoch 39/1000 finished | loss=0.607271 | cnn_loss=0.577014 | gnn_loss=0.030257 | lr=0.000964831 | epoch_time=00:01:15 | elapsed=00:52:57 | ETA=21:45:01 | estimated_finish=2026-06-17 19:46:18
Epoch 40/1000 finished | loss=0.701272 | cnn_loss=0.665338 | gnn_loss=0.035934 | lr=0.000963927 | epoch_time=00:01:16 | elapsed=00:54:14 | ETA=21:41:42 | estimated_finish=2026-06-17 19:44:16
Quick validation epoch=40 | pseudo_dice=0.437583 | val_time=00:00:24
Epoch 41/1000 finished | loss=0.672329 | cnn_loss=0.638891 | gnn_loss=0.033438 | lr=0.000963023 | epoch_time=00:01:15 | elapsed=00:55:54 | ETA=21:47:42 | estimated_finish=2026-06-17 19:51:56
Epoch 42/1000 finished | loss=0.711116 | cnn_loss=0.675953 | gnn_loss=0.035163 | lr=0.000962119 | epoch_time=00:01:16 | elapsed=00:57:11 | ETA=21:44:23 | estimated_finish=2026-06-17 19:49:53
Epoch 43/1000 finished | loss=0.651743 | cnn_loss=0.619404 | gnn_loss=0.032339 | lr=0.000961215 | epoch_time=00:01:14 | elapsed=00:58:25 | ETA=21:40:22 | estimated_finish=2026-06-17 19:47:07
Epoch 44/1000 finished | loss=0.678926 | cnn_loss=0.643876 | gnn_loss=0.035051 | lr=0.000960311 | epoch_time=00:01:14 | elapsed=00:59:40 | ETA=21:36:26 | estimated_finish=2026-06-17 19:44:25
Epoch 45/1000 finished | loss=0.625345 | cnn_loss=0.596830 | gnn_loss=0.028514 | lr=0.000959407 | epoch_time=00:01:15 | elapsed=01:00:55 | ETA=21:33:01 | estimated_finish=2026-06-17 19:42:16
Quick validation epoch=45 | pseudo_dice=0.364809 | val_time=00:00:26
Epoch 46/1000 finished | loss=0.666530 | cnn_loss=0.633505 | gnn_loss=0.033025 | lr=0.000958503 | epoch_time=00:01:16 | elapsed=01:02:37 | ETA=21:38:51 | estimated_finish=2026-06-17 19:49:48
Epoch 47/1000 finished | loss=0.688534 | cnn_loss=0.652444 | gnn_loss=0.036090 | lr=0.000957599 | epoch_time=00:01:16 | elapsed=01:03:54 | ETA=21:35:47 | estimated_finish=2026-06-17 19:48:01
Epoch 48/1000 finished | loss=0.682368 | cnn_loss=0.651609 | gnn_loss=0.030759 | lr=0.000956694 | epoch_time=00:01:17 | elapsed=01:05:12 | ETA=21:33:13 | estimated_finish=2026-06-17 19:46:45
Epoch 49/1000 finished | loss=0.650060 | cnn_loss=0.613847 | gnn_loss=0.036214 | lr=0.00095579 | epoch_time=00:01:18 | elapsed=01:06:30 | ETA=21:30:57 | estimated_finish=2026-06-17 19:45:47
Epoch 50/1000 finished | loss=0.641338 | cnn_loss=0.610406 | gnn_loss=0.030932 | lr=0.000954885 | epoch_time=00:01:14 | elapsed=01:07:45 | ETA=21:27:19 | estimated_finish=2026-06-17 19:43:23
Quick validation epoch=50 | pseudo_dice=0.330027 | val_time=00:00:24
Epoch 51/1000 finished | loss=0.655022 | cnn_loss=0.625847 | gnn_loss=0.029174 | lr=0.000953981 | epoch_time=00:01:14 | elapsed=01:09:24 | ETA=21:31:29 | estimated_finish=2026-06-17 19:49:12
Epoch 52/1000 finished | loss=0.632351 | cnn_loss=0.603021 | gnn_loss=0.029330 | lr=0.000953076 | epoch_time=00:01:15 | elapsed=01:10:40 | ETA=21:28:23 | estimated_finish=2026-06-17 19:47:22
Epoch 53/1000 finished | loss=0.614966 | cnn_loss=0.585160 | gnn_loss=0.029806 | lr=0.000952171 | epoch_time=00:01:18 | elapsed=01:11:58 | ETA=21:26:07 | estimated_finish=2026-06-17 19:46:25
Epoch 54/1000 finished | loss=0.630806 | cnn_loss=0.604254 | gnn_loss=0.026552 | lr=0.000951266 | epoch_time=00:01:17 | elapsed=01:13:16 | ETA=21:23:37 | estimated_finish=2026-06-17 19:45:13
Epoch 55/1000 finished | loss=0.618040 | cnn_loss=0.590646 | gnn_loss=0.027394 | lr=0.000950361 | epoch_time=00:01:16 | elapsed=01:14:32 | ETA=21:20:47 | estimated_finish=2026-06-17 19:43:39
Quick validation epoch=55 | pseudo_dice=0.380293 | val_time=00:00:24
Epoch 56/1000 finished | loss=0.655802 | cnn_loss=0.624470 | gnn_loss=0.031331 | lr=0.000949456 | epoch_time=00:01:17 | elapsed=01:16:14 | ETA=21:25:17 | estimated_finish=2026-06-17 19:49:51
Epoch 57/1000 finished | loss=0.664677 | cnn_loss=0.632541 | gnn_loss=0.032135 | lr=0.000948551 | epoch_time=00:01:14 | elapsed=01:17:29 | ETA=21:22:05 | estimated_finish=2026-06-17 19:47:54
Epoch 58/1000 finished | loss=0.679370 | cnn_loss=0.643576 | gnn_loss=0.035795 | lr=0.000947645 | epoch_time=00:01:16 | elapsed=01:18:46 | ETA=21:19:27 | estimated_finish=2026-06-17 19:46:33
Epoch 59/1000 finished | loss=0.660098 | cnn_loss=0.625573 | gnn_loss=0.034525 | lr=0.00094674 | epoch_time=00:01:18 | elapsed=01:20:05 | ETA=21:17:20 | estimated_finish=2026-06-17 19:45:45
Epoch 60/1000 finished | loss=0.639163 | cnn_loss=0.607427 | gnn_loss=0.031736 | lr=0.000945834 | epoch_time=00:01:22 | elapsed=01:21:27 | ETA=21:16:11 | estimated_finish=2026-06-17 19:45:58
Quick validation epoch=60 | pseudo_dice=0.285640 | val_time=00:00:25
Epoch 61/1000 finished | loss=0.639323 | cnn_loss=0.604347 | gnn_loss=0.034975 | lr=0.000944929 | epoch_time=00:01:21 | elapsed=01:23:14 | ETA=21:21:28 | estimated_finish=2026-06-17 19:53:03
Epoch 62/1000 finished | loss=0.674073 | cnn_loss=0.643613 | gnn_loss=0.030460 | lr=0.000944023 | epoch_time=00:01:17 | elapsed=01:24:32 | ETA=21:19:00 | estimated_finish=2026-06-17 19:51:52
Epoch 63/1000 finished | loss=0.668343 | cnn_loss=0.634445 | gnn_loss=0.033898 | lr=0.000943117 | epoch_time=00:01:17 | elapsed=01:25:49 | ETA=21:16:32 | estimated_finish=2026-06-17 19:50:41
Epoch 64/1000 finished | loss=0.610614 | cnn_loss=0.583466 | gnn_loss=0.027148 | lr=0.000942211 | epoch_time=00:01:15 | elapsed=01:27:05 | ETA=21:13:35 | estimated_finish=2026-06-17 19:49:00
Epoch 65/1000 finished | loss=0.646990 | cnn_loss=0.617127 | gnn_loss=0.029864 | lr=0.000941305 | epoch_time=00:01:15 | elapsed=01:28:20 | ETA=21:10:43 | estimated_finish=2026-06-17 19:47:23
Quick validation epoch=65 | pseudo_dice=0.470533 | val_time=00:00:24
New best model saved by quick validation | pseudo_dice=0.470533 | epoch=65
Epoch 66/1000 finished | loss=0.621692 | cnn_loss=0.589584 | gnn_loss=0.032108 | lr=0.000940399 | epoch_time=00:01:14 | elapsed=01:29:59 | ETA=21:13:33 | estimated_finish=2026-06-17 19:51:52
Epoch 67/1000 finished | loss=0.664177 | cnn_loss=0.631604 | gnn_loss=0.032573 | lr=0.000939493 | epoch_time=00:01:23 | elapsed=01:31:22 | ETA=21:12:29 | estimated_finish=2026-06-17 19:52:11
Epoch 68/1000 finished | loss=0.610785 | cnn_loss=0.580577 | gnn_loss=0.030207 | lr=0.000938587 | epoch_time=00:01:14 | elapsed=01:32:37 | ETA=21:09:26 | estimated_finish=2026-06-17 19:50:23
Epoch 69/1000 finished | loss=0.645175 | cnn_loss=0.617178 | gnn_loss=0.027997 | lr=0.00093768 | epoch_time=00:01:16 | elapsed=01:33:54 | ETA=21:06:59 | estimated_finish=2026-06-17 19:49:12
Epoch 70/1000 finished | loss=0.653456 | cnn_loss=0.624664 | gnn_loss=0.028793 | lr=0.000936774 | epoch_time=00:01:14 | elapsed=01:35:08 | ETA=21:04:02 | estimated_finish=2026-06-17 19:47:30
Quick validation epoch=70 | pseudo_dice=0.461640 | val_time=00:00:24
Epoch 71/1000 finished | loss=0.654689 | cnn_loss=0.623285 | gnn_loss=0.031404 | lr=0.000935867 | epoch_time=00:01:15 | elapsed=01:36:48 | ETA=21:06:43 | estimated_finish=2026-06-17 19:51:51
Epoch 72/1000 finished | loss=0.602306 | cnn_loss=0.570558 | gnn_loss=0.031748 | lr=0.00093496 | epoch_time=00:01:15 | elapsed=01:38:03 | ETA=21:03:57 | estimated_finish=2026-06-17 19:50:20
Epoch 73/1000 finished | loss=0.657047 | cnn_loss=0.623441 | gnn_loss=0.033606 | lr=0.000934054 | epoch_time=00:01:15 | elapsed=01:39:19 | ETA=21:01:18 | estimated_finish=2026-06-17 19:48:57
Epoch 74/1000 finished | loss=0.632168 | cnn_loss=0.603657 | gnn_loss=0.028511 | lr=0.000933147 | epoch_time=00:01:15 | elapsed=01:40:35 | ETA=20:58:43 | estimated_finish=2026-06-17 19:47:38
Epoch 75/1000 finished | loss=0.623499 | cnn_loss=0.593075 | gnn_loss=0.030424 | lr=0.00093224 | epoch_time=00:01:13 | elapsed=01:41:49 | ETA=20:55:48 | estimated_finish=2026-06-17 19:45:57
Quick validation epoch=75 | pseudo_dice=0.545898 | val_time=00:00:24
New best model saved by quick validation | pseudo_dice=0.545898 | epoch=75
Epoch 76/1000 finished | loss=0.658770 | cnn_loss=0.626974 | gnn_loss=0.031796 | lr=0.000931333 | epoch_time=00:01:14 | elapsed=01:43:28 | ETA=20:58:06 | estimated_finish=2026-06-17 19:49:54
Epoch 77/1000 finished | loss=0.648614 | cnn_loss=0.618905 | gnn_loss=0.029710 | lr=0.000930425 | epoch_time=00:01:15 | elapsed=01:44:44 | ETA=20:55:31 | estimated_finish=2026-06-17 19:48:35
Epoch 78/1000 finished | loss=0.612782 | cnn_loss=0.578666 | gnn_loss=0.034116 | lr=0.000929518 | epoch_time=00:01:16 | elapsed=01:46:00 | ETA=20:53:05 | estimated_finish=2026-06-17 19:47:25
Epoch 79/1000 finished | loss=0.646487 | cnn_loss=0.616390 | gnn_loss=0.030096 | lr=0.000928611 | epoch_time=00:01:13 | elapsed=01:47:14 | ETA=20:50:12 | estimated_finish=2026-06-17 19:45:46
Epoch 80/1000 finished | loss=0.634565 | cnn_loss=0.602954 | gnn_loss=0.031611 | lr=0.000927703 | epoch_time=00:01:13 | elapsed=01:48:28 | ETA=20:47:22 | estimated_finish=2026-06-17 19:44:09
Quick validation epoch=80 | pseudo_dice=0.487049 | val_time=00:00:24
Epoch 81/1000 finished | loss=0.651085 | cnn_loss=0.620568 | gnn_loss=0.030517 | lr=0.000926796 | epoch_time=00:01:16 | elapsed=01:50:09 | ETA=20:49:45 | estimated_finish=2026-06-17 19:48:13
Epoch 82/1000 finished | loss=0.623353 | cnn_loss=0.592415 | gnn_loss=0.030938 | lr=0.000925888 | epoch_time=00:01:16 | elapsed=01:51:25 | ETA=20:47:22 | estimated_finish=2026-06-17 19:47:07
Epoch 83/1000 finished | loss=0.674671 | cnn_loss=0.641462 | gnn_loss=0.033208 | lr=0.00092498 | epoch_time=00:01:14 | elapsed=01:52:39 | ETA=20:44:45 | estimated_finish=2026-06-17 19:45:44
Epoch 84/1000 finished | loss=0.653912 | cnn_loss=0.619592 | gnn_loss=0.034321 | lr=0.000924072 | epoch_time=00:01:15 | elapsed=01:53:55 | ETA=20:42:15 | estimated_finish=2026-06-17 19:44:29
Epoch 85/1000 finished | loss=0.604846 | cnn_loss=0.575406 | gnn_loss=0.029440 | lr=0.000923164 | epoch_time=00:01:14 | elapsed=01:55:09 | ETA=20:39:37 | estimated_finish=2026-06-17 19:43:05
Quick validation epoch=85 | pseudo_dice=0.455174 | val_time=00:00:25
Epoch 86/1000 finished | loss=0.581316 | cnn_loss=0.551761 | gnn_loss=0.029555 | lr=0.000922256 | epoch_time=00:01:15 | elapsed=01:56:49 | ETA=20:41:40 | estimated_finish=2026-06-17 19:46:49
Epoch 87/1000 finished | loss=0.598573 | cnn_loss=0.566840 | gnn_loss=0.031733 | lr=0.000921348 | epoch_time=00:01:15 | elapsed=01:58:05 | ETA=20:39:18 | estimated_finish=2026-06-17 19:45:44
Epoch 88/1000 finished | loss=0.598713 | cnn_loss=0.569685 | gnn_loss=0.029028 | lr=0.00092044 | epoch_time=00:01:15 | elapsed=01:59:21 | ETA=20:36:57 | estimated_finish=2026-06-17 19:44:37
Epoch 89/1000 finished | loss=0.620801 | cnn_loss=0.590746 | gnn_loss=0.030055 | lr=0.000919531 | epoch_time=00:01:14 | elapsed=02:00:36 | ETA=20:34:30 | estimated_finish=2026-06-17 19:43:26
Epoch 90/1000 finished | loss=0.605658 | cnn_loss=0.573478 | gnn_loss=0.032180 | lr=0.000918623 | epoch_time=00:01:16 | elapsed=02:01:53 | ETA=20:32:23 | estimated_finish=2026-06-17 19:42:36
Quick validation epoch=90 | pseudo_dice=0.443643 | val_time=00:00:25
Epoch 91/1000 finished | loss=0.588908 | cnn_loss=0.559503 | gnn_loss=0.029404 | lr=0.000917714 | epoch_time=00:01:16 | elapsed=02:03:35 | ETA=20:34:30 | estimated_finish=2026-06-17 19:46:24
Epoch 92/1000 finished | loss=0.580209 | cnn_loss=0.549130 | gnn_loss=0.031079 | lr=0.000916806 | epoch_time=00:01:17 | elapsed=02:04:52 | ETA=20:32:26 | estimated_finish=2026-06-17 19:45:37
Epoch 93/1000 finished | loss=0.603502 | cnn_loss=0.575020 | gnn_loss=0.028482 | lr=0.000915897 | epoch_time=00:01:21 | elapsed=02:06:13 | ETA=20:31:02 | estimated_finish=2026-06-17 19:45:35
Epoch 94/1000 finished | loss=0.618071 | cnn_loss=0.585848 | gnn_loss=0.032224 | lr=0.000914988 | epoch_time=00:01:19 | elapsed=02:07:33 | ETA=20:29:24 | estimated_finish=2026-06-17 19:45:17
Epoch 95/1000 finished | loss=0.625849 | cnn_loss=0.594134 | gnn_loss=0.031715 | lr=0.000914079 | epoch_time=00:01:16 | elapsed=02:08:49 | ETA=20:27:14 | estimated_finish=2026-06-17 19:44:23
Quick validation epoch=95 | pseudo_dice=0.521325 | val_time=00:00:25
Epoch 96/1000 finished | loss=0.606747 | cnn_loss=0.574030 | gnn_loss=0.032717 | lr=0.00091317 | epoch_time=00:01:15 | elapsed=02:10:30 | ETA=20:28:56 | estimated_finish=2026-06-17 19:47:45
Epoch 97/1000 finished | loss=0.613402 | cnn_loss=0.582065 | gnn_loss=0.031337 | lr=0.000912261 | epoch_time=00:01:16 | elapsed=02:11:46 | ETA=20:26:47 | estimated_finish=2026-06-17 19:46:53
Epoch 98/1000 finished | loss=0.635278 | cnn_loss=0.603420 | gnn_loss=0.031858 | lr=0.000911351 | epoch_time=00:01:16 | elapsed=02:13:03 | ETA=20:24:36 | estimated_finish=2026-06-17 19:45:59
Epoch 99/1000 finished | loss=0.570505 | cnn_loss=0.539426 | gnn_loss=0.031078 | lr=0.000910442 | epoch_time=00:01:15 | elapsed=02:14:18 | ETA=20:22:21 | estimated_finish=2026-06-17 19:44:59
Epoch 100/1000 finished | loss=0.602957 | cnn_loss=0.574572 | gnn_loss=0.028385 | lr=0.000909533 | epoch_time=00:01:12 | elapsed=02:15:31 | ETA=20:19:43 | estimated_finish=2026-06-17 19:43:33
Quick validation epoch=100 | pseudo_dice=0.516415 | val_time=00:00:24
Full validation epoch=100 | mean_dice=0.180564 | val_time=00:00:55
New best full-validation model saved | dice=0.180564 | epoch=100
Epoch 101/1000 finished | loss=0.601637 | cnn_loss=0.569636 | gnn_loss=0.032001 | lr=0.000908623 | epoch_time=00:01:15 | elapsed=02:18:07 | ETA=20:29:26 | estimated_finish=2026-06-17 19:55:52
Epoch 102/1000 finished | loss=0.586173 | cnn_loss=0.557428 | gnn_loss=0.028745 | lr=0.000907713 | epoch_time=00:01:10 | elapsed=02:19:18 | ETA=20:26:23 | estimated_finish=2026-06-17 19:54:01
Epoch 103/1000 finished | loss=0.618180 | cnn_loss=0.589892 | gnn_loss=0.028288 | lr=0.000906804 | epoch_time=00:01:15 | elapsed=02:20:33 | ETA=20:24:04 | estimated_finish=2026-06-17 19:52:57
Epoch 104/1000 finished | loss=0.637726 | cnn_loss=0.606574 | gnn_loss=0.031152 | lr=0.000905894 | epoch_time=00:01:14 | elapsed=02:21:47 | ETA=20:21:37 | estimated_finish=2026-06-17 19:51:44
Epoch 105/1000 finished | loss=0.593719 | cnn_loss=0.558413 | gnn_loss=0.035306 | lr=0.000904984 | epoch_time=00:01:12 | elapsed=02:23:00 | ETA=20:18:55 | estimated_finish=2026-06-17 19:50:14
Quick validation epoch=105 | pseudo_dice=0.472194 | val_time=00:00:24
Epoch 106/1000 finished | loss=0.626151 | cnn_loss=0.596722 | gnn_loss=0.029429 | lr=0.000904074 | epoch_time=00:01:17 | elapsed=02:24:41 | ETA=20:20:20 | estimated_finish=2026-06-17 19:53:21
Epoch 107/1000 finished | loss=0.603445 | cnn_loss=0.574273 | gnn_loss=0.029172 | lr=0.000903163 | epoch_time=00:01:11 | elapsed=02:25:53 | ETA=20:17:33 | estimated_finish=2026-06-17 19:51:46
Epoch 108/1000 finished | loss=0.579378 | cnn_loss=0.548419 | gnn_loss=0.030958 | lr=0.000902253 | epoch_time=00:01:12 | elapsed=02:27:06 | ETA=20:14:56 | estimated_finish=2026-06-17 19:50:22
Epoch 109/1000 finished | loss=0.600048 | cnn_loss=0.567163 | gnn_loss=0.032885 | lr=0.000901343 | epoch_time=00:01:12 | elapsed=02:28:18 | ETA=20:12:17 | estimated_finish=2026-06-17 19:48:55
Epoch 110/1000 finished | loss=0.609011 | cnn_loss=0.575422 | gnn_loss=0.033589 | lr=0.000900432 | epoch_time=00:01:13 | elapsed=02:29:31 | ETA=20:09:48 | estimated_finish=2026-06-17 19:47:39
Quick validation epoch=110 | pseudo_dice=0.350294 | val_time=00:00:24
Epoch 111/1000 finished | loss=0.589535 | cnn_loss=0.559079 | gnn_loss=0.030456 | lr=0.000899522 | epoch_time=00:01:11 | elapsed=02:31:07 | ETA=20:10:20 | estimated_finish=2026-06-17 19:49:46
Epoch 112/1000 finished | loss=0.676699 | cnn_loss=0.642727 | gnn_loss=0.033971 | lr=0.000898611 | epoch_time=00:01:11 | elapsed=02:32:18 | ETA=20:07:34 | estimated_finish=2026-06-17 19:48:12
Epoch 113/1000 finished | loss=0.623979 | cnn_loss=0.591555 | gnn_loss=0.032424 | lr=0.0008977 | epoch_time=00:01:11 | elapsed=02:33:29 | ETA=20:04:53 | estimated_finish=2026-06-17 19:46:43
Epoch 114/1000 finished | loss=0.624155 | cnn_loss=0.591720 | gnn_loss=0.032435 | lr=0.000896789 | epoch_time=00:01:13 | elapsed=02:34:43 | ETA=20:02:29 | estimated_finish=2026-06-17 19:45:32
Epoch 115/1000 finished | loss=0.592391 | cnn_loss=0.564381 | gnn_loss=0.028010 | lr=0.000895878 | epoch_time=00:01:13 | elapsed=02:35:57 | ETA=20:00:08 | estimated_finish=2026-06-17 19:44:24
Quick validation epoch=115 | pseudo_dice=0.495151 | val_time=00:00:24
Epoch 116/1000 finished | loss=0.639559 | cnn_loss=0.610912 | gnn_loss=0.028647 | lr=0.000894967 | epoch_time=00:01:11 | elapsed=02:37:32 | ETA=20:00:37 | estimated_finish=2026-06-17 19:46:29
Epoch 117/1000 finished | loss=0.618266 | cnn_loss=0.585183 | gnn_loss=0.033083 | lr=0.000894056 | epoch_time=00:01:14 | elapsed=02:38:47 | ETA=19:58:23 | estimated_finish=2026-06-17 19:45:30
Epoch 118/1000 finished | loss=0.606615 | cnn_loss=0.574093 | gnn_loss=0.032523 | lr=0.000893144 | epoch_time=00:01:11 | elapsed=02:39:58 | ETA=19:55:46 | estimated_finish=2026-06-17 19:44:05
Epoch 119/1000 finished | loss=0.593445 | cnn_loss=0.564679 | gnn_loss=0.028766 | lr=0.000892233 | epoch_time=00:01:13 | elapsed=02:41:11 | ETA=19:53:24 | estimated_finish=2026-06-17 19:42:55
Epoch 120/1000 finished | loss=0.598386 | cnn_loss=0.568332 | gnn_loss=0.030054 | lr=0.000891322 | epoch_time=00:01:11 | elapsed=02:42:23 | ETA=19:50:49 | estimated_finish=2026-06-17 19:41:31
Quick validation epoch=120 | pseudo_dice=0.520920 | val_time=00:00:24
Epoch 121/1000 finished | loss=0.617146 | cnn_loss=0.580687 | gnn_loss=0.036458 | lr=0.00089041 | epoch_time=00:01:11 | elapsed=02:43:59 | ETA=19:51:17 | estimated_finish=2026-06-17 19:43:36
Epoch 122/1000 finished | loss=0.580077 | cnn_loss=0.551306 | gnn_loss=0.028771 | lr=0.000889498 | epoch_time=00:01:13 | elapsed=02:45:12 | ETA=19:48:58 | estimated_finish=2026-06-17 19:42:30
Epoch 123/1000 finished | loss=0.566471 | cnn_loss=0.542439 | gnn_loss=0.024032 | lr=0.000888586 | epoch_time=00:01:12 | elapsed=02:46:24 | ETA=19:46:33 | estimated_finish=2026-06-17 19:41:17
Epoch 124/1000 finished | loss=0.646119 | cnn_loss=0.610508 | gnn_loss=0.035611 | lr=0.000887674 | epoch_time=00:01:12 | elapsed=02:47:37 | ETA=19:44:09 | estimated_finish=2026-06-17 19:40:06
Epoch 125/1000 finished | loss=0.611628 | cnn_loss=0.576928 | gnn_loss=0.034700 | lr=0.000886762 | epoch_time=00:01:12 | elapsed=02:48:49 | ETA=19:41:48 | estimated_finish=2026-06-17 19:38:57
Quick validation epoch=125 | pseudo_dice=0.538413 | val_time=00:00:24
Epoch 126/1000 finished | loss=0.581554 | cnn_loss=0.549376 | gnn_loss=0.032179 | lr=0.00088585 | epoch_time=00:01:11 | elapsed=02:50:25 | ETA=19:42:10 | estimated_finish=2026-06-17 19:40:55
Epoch 127/1000 finished | loss=0.590412 | cnn_loss=0.557042 | gnn_loss=0.033370 | lr=0.000884938 | epoch_time=00:01:13 | elapsed=02:51:38 | ETA=19:39:54 | estimated_finish=2026-06-17 19:39:52
Epoch 128/1000 finished | loss=0.630651 | cnn_loss=0.598871 | gnn_loss=0.031779 | lr=0.000884026 | epoch_time=00:01:17 | elapsed=02:52:55 | ETA=19:38:06 | estimated_finish=2026-06-17 19:39:21
Epoch 129/1000 finished | loss=0.603168 | cnn_loss=0.572996 | gnn_loss=0.030172 | lr=0.000883113 | epoch_time=00:01:19 | elapsed=02:54:15 | ETA=19:36:36 | estimated_finish=2026-06-17 19:39:11
Epoch 130/1000 finished | loss=0.623744 | cnn_loss=0.591893 | gnn_loss=0.031851 | lr=0.000882201 | epoch_time=00:01:17 | elapsed=02:55:32 | ETA=19:34:49 | estimated_finish=2026-06-17 19:38:42
Quick validation epoch=130 | pseudo_dice=0.544773 | val_time=00:00:25
Epoch 131/1000 finished | loss=0.567103 | cnn_loss=0.537879 | gnn_loss=0.029224 | lr=0.000881288 | epoch_time=00:01:16 | elapsed=02:57:15 | ETA=19:35:48 | estimated_finish=2026-06-17 19:41:23
Epoch 132/1000 finished | loss=0.572524 | cnn_loss=0.540264 | gnn_loss=0.032260 | lr=0.000880375 | epoch_time=00:01:10 | elapsed=02:58:25 | ETA=19:33:19 | estimated_finish=2026-06-17 19:40:04
Epoch 133/1000 finished | loss=0.617709 | cnn_loss=0.585450 | gnn_loss=0.032259 | lr=0.000879462 | epoch_time=00:01:14 | elapsed=02:59:39 | ETA=19:31:12 | estimated_finish=2026-06-17 19:39:11
Epoch 134/1000 finished | loss=0.612752 | cnn_loss=0.579724 | gnn_loss=0.033028 | lr=0.000878549 | epoch_time=00:01:12 | elapsed=03:00:52 | ETA=19:28:57 | estimated_finish=2026-06-17 19:38:09
Epoch 135/1000 finished | loss=0.622919 | cnn_loss=0.587218 | gnn_loss=0.035701 | lr=0.000877636 | epoch_time=00:01:10 | elapsed=03:02:02 | ETA=19:26:26 | estimated_finish=2026-06-17 19:36:48
Quick validation epoch=135 | pseudo_dice=0.580896 | val_time=00:00:24
New best model saved by quick validation | pseudo_dice=0.580896 | epoch=135
Epoch 136/1000 finished | loss=0.581121 | cnn_loss=0.550746 | gnn_loss=0.030375 | lr=0.000876723 | epoch_time=00:01:11 | elapsed=03:03:38 | ETA=19:26:42 | estimated_finish=2026-06-17 19:38:40
Epoch 137/1000 finished | loss=0.617437 | cnn_loss=0.586848 | gnn_loss=0.030589 | lr=0.00087581 | epoch_time=00:01:17 | elapsed=03:04:56 | ETA=19:24:59 | estimated_finish=2026-06-17 19:38:15
Epoch 138/1000 finished | loss=0.638149 | cnn_loss=0.605298 | gnn_loss=0.032851 | lr=0.000874896 | epoch_time=00:01:12 | elapsed=03:06:09 | ETA=19:22:46 | estimated_finish=2026-06-17 19:37:14
Epoch 139/1000 finished | loss=0.605057 | cnn_loss=0.575137 | gnn_loss=0.029920 | lr=0.000873983 | epoch_time=00:01:13 | elapsed=03:07:22 | ETA=19:20:40 | estimated_finish=2026-06-17 19:36:22
Epoch 140/1000 finished | loss=0.576287 | cnn_loss=0.545848 | gnn_loss=0.030439 | lr=0.000873069 | epoch_time=00:01:10 | elapsed=03:08:33 | ETA=19:18:17 | estimated_finish=2026-06-17 19:35:10
Quick validation epoch=140 | pseudo_dice=0.393176 | val_time=00:00:24
Epoch 141/1000 finished | loss=0.607648 | cnn_loss=0.572904 | gnn_loss=0.034744 | lr=0.000872155 | epoch_time=00:01:12 | elapsed=03:10:10 | ETA=19:18:36 | estimated_finish=2026-06-17 19:37:06
Epoch 142/1000 finished | loss=0.628430 | cnn_loss=0.596114 | gnn_loss=0.032316 | lr=0.000871242 | epoch_time=00:01:13 | elapsed=03:11:24 | ETA=19:16:31 | estimated_finish=2026-06-17 19:36:14
Epoch 143/1000 finished | loss=0.595225 | cnn_loss=0.563288 | gnn_loss=0.031937 | lr=0.000870328 | epoch_time=00:01:12 | elapsed=03:12:36 | ETA=19:14:19 | estimated_finish=2026-06-17 19:35:15
Epoch 144/1000 finished | loss=0.612925 | cnn_loss=0.582955 | gnn_loss=0.029970 | lr=0.000869414 | epoch_time=00:01:10 | elapsed=03:13:46 | ETA=19:11:55 | estimated_finish=2026-06-17 19:34:02
Epoch 145/1000 finished | loss=0.601831 | cnn_loss=0.568962 | gnn_loss=0.032870 | lr=0.000868499 | epoch_time=00:01:11 | elapsed=03:14:58 | ETA=19:09:43 | estimated_finish=2026-06-17 19:33:01
Quick validation epoch=145 | pseudo_dice=0.504503 | val_time=00:00:24
Epoch 146/1000 finished | loss=0.608814 | cnn_loss=0.577206 | gnn_loss=0.031607 | lr=0.000867585 | epoch_time=00:01:12 | elapsed=03:16:35 | ETA=19:09:56 | estimated_finish=2026-06-17 19:34:51
Epoch 147/1000 finished | loss=0.576424 | cnn_loss=0.545987 | gnn_loss=0.030437 | lr=0.000866671 | epoch_time=00:01:13 | elapsed=03:17:49 | ETA=19:07:53 | estimated_finish=2026-06-17 19:34:02
Epoch 148/1000 finished | loss=0.585602 | cnn_loss=0.552822 | gnn_loss=0.032779 | lr=0.000865756 | epoch_time=00:01:11 | elapsed=03:19:00 | ETA=19:05:38 | estimated_finish=2026-06-17 19:32:58
Epoch 149/1000 finished | loss=0.590602 | cnn_loss=0.558533 | gnn_loss=0.032069 | lr=0.000864842 | epoch_time=00:01:15 | elapsed=03:20:15 | ETA=19:03:46 | estimated_finish=2026-06-17 19:32:21
Epoch 150/1000 finished | loss=0.618969 | cnn_loss=0.585960 | gnn_loss=0.033009 | lr=0.000863927 | epoch_time=00:01:15 | elapsed=03:21:30 | ETA=19:01:53 | estimated_finish=2026-06-17 19:31:43
Quick validation epoch=150 | pseudo_dice=0.523160 | val_time=00:00:24
Epoch 151/1000 finished | loss=0.597928 | cnn_loss=0.560316 | gnn_loss=0.037612 | lr=0.000863012 | epoch_time=00:01:14 | elapsed=03:23:09 | ETA=19:02:13 | estimated_finish=2026-06-17 19:33:41
Epoch 152/1000 finished | loss=0.597548 | cnn_loss=0.569341 | gnn_loss=0.028208 | lr=0.000862097 | epoch_time=00:01:10 | elapsed=03:24:19 | ETA=18:59:55 | estimated_finish=2026-06-17 19:32:34
Epoch 153/1000 finished | loss=0.592012 | cnn_loss=0.560239 | gnn_loss=0.031772 | lr=0.000861182 | epoch_time=00:01:13 | elapsed=03:25:33 | ETA=18:57:57 | estimated_finish=2026-06-17 19:31:50
Epoch 154/1000 finished | loss=0.627238 | cnn_loss=0.595791 | gnn_loss=0.031447 | lr=0.000860267 | epoch_time=00:01:11 | elapsed=03:26:44 | ETA=18:55:46 | estimated_finish=2026-06-17 19:30:50
Epoch 155/1000 finished | loss=0.625812 | cnn_loss=0.592269 | gnn_loss=0.033543 | lr=0.000859352 | epoch_time=00:01:10 | elapsed=03:27:55 | ETA=18:53:30 | estimated_finish=2026-06-17 19:29:44
Quick validation epoch=155 | pseudo_dice=0.409656 | val_time=00:00:24
Epoch 156/1000 finished | loss=0.604095 | cnn_loss=0.572431 | gnn_loss=0.031664 | lr=0.000858437 | epoch_time=00:01:12 | elapsed=03:29:32 | ETA=18:53:39 | estimated_finish=2026-06-17 19:31:30
Epoch 157/1000 finished | loss=0.621971 | cnn_loss=0.586658 | gnn_loss=0.035312 | lr=0.000857521 | epoch_time=00:01:10 | elapsed=03:30:42 | ETA=18:51:25 | estimated_finish=2026-06-17 19:30:27
Epoch 158/1000 finished | loss=0.587899 | cnn_loss=0.554261 | gnn_loss=0.033638 | lr=0.000856606 | epoch_time=00:01:13 | elapsed=03:31:55 | ETA=18:49:24 | estimated_finish=2026-06-17 19:29:40
Epoch 159/1000 finished | loss=0.599730 | cnn_loss=0.567202 | gnn_loss=0.032528 | lr=0.00085569 | epoch_time=00:01:10 | elapsed=03:33:06 | ETA=18:47:11 | estimated_finish=2026-06-17 19:28:37
Epoch 160/1000 finished | loss=0.588734 | cnn_loss=0.558160 | gnn_loss=0.030574 | lr=0.000854774 | epoch_time=00:01:10 | elapsed=03:34:17 | ETA=18:44:59 | estimated_finish=2026-06-17 19:27:35
Quick validation epoch=160 | pseudo_dice=0.533565 | val_time=00:00:24
Epoch 161/1000 finished | loss=0.621360 | cnn_loss=0.588521 | gnn_loss=0.032839 | lr=0.000853858 | epoch_time=00:01:14 | elapsed=03:35:55 | ETA=18:45:12 | estimated_finish=2026-06-17 19:29:26
Epoch 162/1000 finished | loss=0.524036 | cnn_loss=0.496839 | gnn_loss=0.027197 | lr=0.000852942 | epoch_time=00:01:13 | elapsed=03:37:08 | ETA=18:43:15 | estimated_finish=2026-06-17 19:28:43
Epoch 163/1000 finished | loss=0.611599 | cnn_loss=0.580447 | gnn_loss=0.031151 | lr=0.000852026 | epoch_time=00:01:13 | elapsed=03:38:21 | ETA=18:41:17 | estimated_finish=2026-06-17 19:27:58
Epoch 164/1000 finished | loss=0.573458 | cnn_loss=0.543709 | gnn_loss=0.029749 | lr=0.00085111 | epoch_time=00:01:09 | elapsed=03:39:31 | ETA=18:39:02 | estimated_finish=2026-06-17 19:26:53
Epoch 165/1000 finished | loss=0.582256 | cnn_loss=0.550662 | gnn_loss=0.031594 | lr=0.000850194 | epoch_time=00:01:11 | elapsed=03:40:43 | ETA=18:36:59 | estimated_finish=2026-06-17 19:26:02
Quick validation epoch=165 | pseudo_dice=0.547671 | val_time=00:00:24
Epoch 166/1000 finished | loss=0.570376 | cnn_loss=0.537309 | gnn_loss=0.033067 | lr=0.000849277 | epoch_time=00:01:11 | elapsed=03:42:19 | ETA=18:36:58 | estimated_finish=2026-06-17 19:27:37
Epoch 167/1000 finished | loss=0.603073 | cnn_loss=0.570021 | gnn_loss=0.033051 | lr=0.000848361 | epoch_time=00:01:11 | elapsed=03:43:31 | ETA=18:34:55 | estimated_finish=2026-06-17 19:26:46
Epoch 168/1000 finished | loss=0.557245 | cnn_loss=0.526670 | gnn_loss=0.030575 | lr=0.000847444 | epoch_time=00:01:10 | elapsed=03:44:42 | ETA=18:32:48 | estimated_finish=2026-06-17 19:25:49
Epoch 169/1000 finished | loss=0.544803 | cnn_loss=0.515552 | gnn_loss=0.029250 | lr=0.000846527 | epoch_time=00:01:14 | elapsed=03:45:56 | ETA=18:30:58 | estimated_finish=2026-06-17 19:25:14
Epoch 170/1000 finished | loss=0.581901 | cnn_loss=0.554723 | gnn_loss=0.027177 | lr=0.00084561 | epoch_time=00:01:12 | elapsed=03:47:08 | ETA=18:28:59 | estimated_finish=2026-06-17 19:24:27
Quick validation epoch=170 | pseudo_dice=0.621128 | val_time=00:00:24
New best model saved by quick validation | pseudo_dice=0.621128 | epoch=170
Epoch 171/1000 finished | loss=0.603987 | cnn_loss=0.571759 | gnn_loss=0.032227 | lr=0.000844693 | epoch_time=00:01:13 | elapsed=03:48:46 | ETA=18:29:05 | estimated_finish=2026-06-17 19:26:11
Epoch 172/1000 finished | loss=0.620299 | cnn_loss=0.585926 | gnn_loss=0.034373 | lr=0.000843776 | epoch_time=00:01:11 | elapsed=03:49:57 | ETA=18:27:01 | estimated_finish=2026-06-17 19:25:18
Epoch 173/1000 finished | loss=0.594452 | cnn_loss=0.557637 | gnn_loss=0.036815 | lr=0.000842859 | epoch_time=00:01:13 | elapsed=03:51:11 | ETA=18:25:08 | estimated_finish=2026-06-17 19:24:39
Epoch 174/1000 finished | loss=0.600585 | cnn_loss=0.572899 | gnn_loss=0.027687 | lr=0.000841942 | epoch_time=00:01:13 | elapsed=03:52:25 | ETA=18:23:18 | estimated_finish=2026-06-17 19:24:03
Epoch 175/1000 finished | loss=0.582071 | cnn_loss=0.553138 | gnn_loss=0.028934 | lr=0.000841024 | epoch_time=00:01:12 | elapsed=03:53:37 | ETA=18:21:23 | estimated_finish=2026-06-17 19:23:20
Quick validation epoch=175 | pseudo_dice=0.481776 | val_time=00:00:24
Epoch 176/1000 finished | loss=0.599014 | cnn_loss=0.570060 | gnn_loss=0.028954 | lr=0.000840107 | epoch_time=00:01:12 | elapsed=03:55:14 | ETA=18:21:21 | estimated_finish=2026-06-17 19:24:54
Epoch 177/1000 finished | loss=0.594438 | cnn_loss=0.563467 | gnn_loss=0.030972 | lr=0.000839189 | epoch_time=00:01:12 | elapsed=03:56:27 | ETA=18:19:27 | estimated_finish=2026-06-17 19:24:13
Epoch 178/1000 finished | loss=0.613174 | cnn_loss=0.583999 | gnn_loss=0.029175 | lr=0.000838271 | epoch_time=00:01:12 | elapsed=03:57:40 | ETA=18:17:32 | estimated_finish=2026-06-17 19:23:32
Epoch 179/1000 finished | loss=0.616588 | cnn_loss=0.584232 | gnn_loss=0.032356 | lr=0.000837354 | epoch_time=00:01:13 | elapsed=03:58:53 | ETA=18:15:41 | estimated_finish=2026-06-17 19:22:54
Epoch 180/1000 finished | loss=0.545222 | cnn_loss=0.517065 | gnn_loss=0.028157 | lr=0.000836436 | epoch_time=00:01:19 | elapsed=04:00:12 | ETA=18:14:18 | estimated_finish=2026-06-17 19:22:50
Quick validation epoch=180 | pseudo_dice=0.522542 | val_time=00:00:27
Epoch 181/1000 finished | loss=0.572606 | cnn_loss=0.542624 | gnn_loss=0.029981 | lr=0.000835517 | epoch_time=00:01:10 | elapsed=04:01:51 | ETA=18:14:21 | estimated_finish=2026-06-17 19:24:32
Epoch 182/1000 finished | loss=0.634664 | cnn_loss=0.602608 | gnn_loss=0.032056 | lr=0.000834599 | epoch_time=00:01:12 | elapsed=04:03:03 | ETA=18:12:26 | estimated_finish=2026-06-17 19:23:50
Epoch 183/1000 finished | loss=0.604656 | cnn_loss=0.572113 | gnn_loss=0.032543 | lr=0.000833681 | epoch_time=00:01:13 | elapsed=04:04:17 | ETA=18:10:38 | estimated_finish=2026-06-17 19:23:14
Epoch 184/1000 finished | loss=0.591900 | cnn_loss=0.558972 | gnn_loss=0.032928 | lr=0.000832762 | epoch_time=00:01:13 | elapsed=04:05:31 | ETA=18:08:50 | estimated_finish=2026-06-17 19:22:41
Epoch 185/1000 finished | loss=0.549670 | cnn_loss=0.518890 | gnn_loss=0.030781 | lr=0.000831844 | epoch_time=00:01:12 | elapsed=04:06:43 | ETA=18:06:56 | estimated_finish=2026-06-17 19:21:59
Quick validation epoch=185 | pseudo_dice=0.517299 | val_time=00:00:24
Epoch 186/1000 finished | loss=0.588627 | cnn_loss=0.555204 | gnn_loss=0.033422 | lr=0.000830925 | epoch_time=00:01:12 | elapsed=04:08:20 | ETA=18:06:50 | estimated_finish=2026-06-17 19:23:31
Epoch 187/1000 finished | loss=0.588504 | cnn_loss=0.561380 | gnn_loss=0.027124 | lr=0.000830006 | epoch_time=00:01:12 | elapsed=04:09:32 | ETA=18:04:55 | estimated_finish=2026-06-17 19:22:48
Epoch 188/1000 finished | loss=0.609801 | cnn_loss=0.576477 | gnn_loss=0.033325 | lr=0.000829088 | epoch_time=00:01:13 | elapsed=04:10:46 | ETA=18:03:06 | estimated_finish=2026-06-17 19:22:12
Epoch 189/1000 finished | loss=0.602209 | cnn_loss=0.572843 | gnn_loss=0.029367 | lr=0.000828169 | epoch_time=00:01:13 | elapsed=04:12:00 | ETA=18:01:20 | estimated_finish=2026-06-17 19:21:39
Epoch 190/1000 finished | loss=0.540253 | cnn_loss=0.509055 | gnn_loss=0.031198 | lr=0.00082725 | epoch_time=00:01:13 | elapsed=04:13:13 | ETA=17:59:30 | estimated_finish=2026-06-17 19:21:03
Quick validation epoch=190 | pseudo_dice=0.520853 | val_time=00:00:24
Epoch 191/1000 finished | loss=0.589389 | cnn_loss=0.555028 | gnn_loss=0.034361 | lr=0.00082633 | epoch_time=00:01:12 | elapsed=04:14:50 | ETA=17:59:25 | estimated_finish=2026-06-17 19:22:35
Epoch 192/1000 finished | loss=0.612702 | cnn_loss=0.581118 | gnn_loss=0.031584 | lr=0.000825411 | epoch_time=00:01:10 | elapsed=04:16:01 | ETA=17:57:25 | estimated_finish=2026-06-17 19:21:46
Epoch 193/1000 finished | loss=0.594694 | cnn_loss=0.563995 | gnn_loss=0.030699 | lr=0.000824491 | epoch_time=00:01:14 | elapsed=04:17:15 | ETA=17:55:42 | estimated_finish=2026-06-17 19:21:18
Epoch 194/1000 finished | loss=0.538613 | cnn_loss=0.510594 | gnn_loss=0.028019 | lr=0.000823572 | epoch_time=00:01:11 | elapsed=04:18:27 | ETA=17:53:49 | estimated_finish=2026-06-17 19:20:37
Epoch 195/1000 finished | loss=0.607718 | cnn_loss=0.574299 | gnn_loss=0.033419 | lr=0.000822652 | epoch_time=00:01:11 | elapsed=04:19:39 | ETA=17:51:53 | estimated_finish=2026-06-17 19:19:52
Quick validation epoch=195 | pseudo_dice=0.537736 | val_time=00:00:24
Epoch 196/1000 finished | loss=0.596250 | cnn_loss=0.564711 | gnn_loss=0.031538 | lr=0.000821732 | epoch_time=00:01:11 | elapsed=04:21:15 | ETA=17:51:42 | estimated_finish=2026-06-17 19:21:17
Epoch 197/1000 finished | loss=0.567412 | cnn_loss=0.538472 | gnn_loss=0.028940 | lr=0.000820813 | epoch_time=00:01:14 | elapsed=04:22:30 | ETA=17:50:01 | estimated_finish=2026-06-17 19:20:51
Epoch 198/1000 finished | loss=0.562625 | cnn_loss=0.533337 | gnn_loss=0.029288 | lr=0.000819893 | epoch_time=00:01:15 | elapsed=04:23:46 | ETA=17:48:24 | estimated_finish=2026-06-17 19:20:30
Epoch 199/1000 finished | loss=0.561039 | cnn_loss=0.528885 | gnn_loss=0.032154 | lr=0.000818972 | epoch_time=00:01:12 | elapsed=04:24:58 | ETA=17:46:34 | estimated_finish=2026-06-17 19:19:52
Epoch 200/1000 finished | loss=0.593560 | cnn_loss=0.560231 | gnn_loss=0.033329 | lr=0.000818052 | epoch_time=00:01:10 | elapsed=04:26:09 | ETA=17:44:37 | estimated_finish=2026-06-17 19:19:05
Quick validation epoch=200 | pseudo_dice=0.530431 | val_time=00:00:24
Full validation epoch=200 | mean_dice=0.217721 | val_time=00:00:52
New best full-validation model saved | dice=0.217721 | epoch=200
Epoch 201/1000 finished | loss=0.601107 | cnn_loss=0.567833 | gnn_loss=0.033274 | lr=0.000817132 | epoch_time=00:01:14 | elapsed=04:28:39 | ETA=17:47:58 | estimated_finish=2026-06-17 19:24:58
Epoch 202/1000 finished | loss=0.591305 | cnn_loss=0.559026 | gnn_loss=0.032279 | lr=0.000816211 | epoch_time=00:01:14 | elapsed=04:29:54 | ETA=17:46:16 | estimated_finish=2026-06-17 19:24:29
Epoch 203/1000 finished | loss=0.586660 | cnn_loss=0.551749 | gnn_loss=0.034911 | lr=0.000815291 | epoch_time=00:01:11 | elapsed=04:31:06 | ETA=17:44:23 | estimated_finish=2026-06-17 19:23:49
Epoch 204/1000 finished | loss=0.569928 | cnn_loss=0.539928 | gnn_loss=0.030000 | lr=0.00081437 | epoch_time=00:01:11 | elapsed=04:32:18 | ETA=17:42:31 | estimated_finish=2026-06-17 19:23:08
Epoch 205/1000 finished | loss=0.575095 | cnn_loss=0.539690 | gnn_loss=0.035405 | lr=0.000813449 | epoch_time=00:01:10 | elapsed=04:33:29 | ETA=17:40:34 | estimated_finish=2026-06-17 19:22:23
Quick validation epoch=205 | pseudo_dice=0.482627 | val_time=00:00:24
Epoch 206/1000 finished | loss=0.539088 | cnn_loss=0.511459 | gnn_loss=0.027630 | lr=0.000812528 | epoch_time=00:01:10 | elapsed=04:35:03 | ETA=17:40:12 | estimated_finish=2026-06-17 19:23:35
Epoch 207/1000 finished | loss=0.573335 | cnn_loss=0.543840 | gnn_loss=0.029495 | lr=0.000811607 | epoch_time=00:01:16 | elapsed=04:36:20 | ETA=17:38:37 | estimated_finish=2026-06-17 19:23:16
Epoch 208/1000 finished | loss=0.606769 | cnn_loss=0.576875 | gnn_loss=0.029894 | lr=0.000810686 | epoch_time=00:01:12 | elapsed=04:37:32 | ETA=17:36:48 | estimated_finish=2026-06-17 19:22:40
Epoch 209/1000 finished | loss=0.574370 | cnn_loss=0.540576 | gnn_loss=0.033795 | lr=0.000809765 | epoch_time=00:01:12 | elapsed=04:38:45 | ETA=17:35:01 | estimated_finish=2026-06-17 19:22:06
Epoch 210/1000 finished | loss=0.557284 | cnn_loss=0.522142 | gnn_loss=0.035142 | lr=0.000808843 | epoch_time=00:01:10 | elapsed=04:39:56 | ETA=17:33:07 | estimated_finish=2026-06-17 19:21:23
Quick validation epoch=210 | pseudo_dice=0.486059 | val_time=00:00:23
Epoch 211/1000 finished | loss=0.597872 | cnn_loss=0.568375 | gnn_loss=0.029497 | lr=0.000807922 | epoch_time=00:01:12 | elapsed=04:41:33 | ETA=17:32:49 | estimated_finish=2026-06-17 19:22:42
Epoch 212/1000 finished | loss=0.567920 | cnn_loss=0.537481 | gnn_loss=0.030439 | lr=0.000807 | epoch_time=00:01:12 | elapsed=04:42:45 | ETA=17:31:01 | estimated_finish=2026-06-17 19:22:07
Epoch 213/1000 finished | loss=0.554295 | cnn_loss=0.526763 | gnn_loss=0.027532 | lr=0.000806078 | epoch_time=00:01:10 | elapsed=04:43:56 | ETA=17:29:08 | estimated_finish=2026-06-17 19:21:24
Epoch 214/1000 finished | loss=0.568024 | cnn_loss=0.536786 | gnn_loss=0.031239 | lr=0.000805156 | epoch_time=00:01:10 | elapsed=04:45:07 | ETA=17:27:15 | estimated_finish=2026-06-17 19:20:42
Epoch 215/1000 finished | loss=0.548223 | cnn_loss=0.515438 | gnn_loss=0.032786 | lr=0.000804234 | epoch_time=00:01:13 | elapsed=04:46:21 | ETA=17:25:30 | estimated_finish=2026-06-17 19:20:11
Quick validation epoch=215 | pseudo_dice=0.470222 | val_time=00:00:24
Epoch 216/1000 finished | loss=0.545067 | cnn_loss=0.514054 | gnn_loss=0.031013 | lr=0.000803312 | epoch_time=00:01:12 | elapsed=04:47:57 | ETA=17:25:10 | estimated_finish=2026-06-17 19:21:27
Epoch 217/1000 finished | loss=0.563215 | cnn_loss=0.533913 | gnn_loss=0.029302 | lr=0.00080239 | epoch_time=00:01:12 | elapsed=04:49:10 | ETA=17:23:24 | estimated_finish=2026-06-17 19:20:54
Epoch 218/1000 finished | loss=0.595749 | cnn_loss=0.562876 | gnn_loss=0.032873 | lr=0.000801468 | epoch_time=00:01:12 | elapsed=04:50:22 | ETA=17:21:38 | estimated_finish=2026-06-17 19:20:20
Epoch 219/1000 finished | loss=0.587960 | cnn_loss=0.557177 | gnn_loss=0.030784 | lr=0.000800545 | epoch_time=00:01:14 | elapsed=04:51:37 | ETA=17:20:00 | estimated_finish=2026-06-17 19:19:57
Epoch 220/1000 finished | loss=0.618049 | cnn_loss=0.587436 | gnn_loss=0.030613 | lr=0.000799623 | epoch_time=00:01:12 | elapsed=04:52:49 | ETA=17:18:12 | estimated_finish=2026-06-17 19:19:21
Quick validation epoch=220 | pseudo_dice=0.491484 | val_time=00:00:24
Epoch 221/1000 finished | loss=0.567361 | cnn_loss=0.535794 | gnn_loss=0.031567 | lr=0.0007987 | epoch_time=00:01:18 | elapsed=04:54:32 | ETA=17:18:13 | estimated_finish=2026-06-17 19:21:05
Epoch 222/1000 finished | loss=0.551815 | cnn_loss=0.519491 | gnn_loss=0.032324 | lr=0.000797777 | epoch_time=00:01:14 | elapsed=04:55:46 | ETA=17:16:33 | estimated_finish=2026-06-17 19:20:40
Epoch 223/1000 finished | loss=0.575472 | cnn_loss=0.544629 | gnn_loss=0.030843 | lr=0.000796854 | epoch_time=00:01:10 | elapsed=04:56:56 | ETA=17:14:39 | estimated_finish=2026-06-17 19:19:56
Epoch 224/1000 finished | loss=0.593334 | cnn_loss=0.560943 | gnn_loss=0.032391 | lr=0.000795931 | epoch_time=00:01:12 | elapsed=04:58:09 | ETA=17:12:53 | estimated_finish=2026-06-17 19:19:22
Epoch 225/1000 finished | loss=0.595083 | cnn_loss=0.559625 | gnn_loss=0.035458 | lr=0.000795008 | epoch_time=00:01:12 | elapsed=04:59:21 | ETA=17:11:07 | estimated_finish=2026-06-17 19:18:48
Quick validation epoch=225 | pseudo_dice=0.514579 | val_time=00:00:24
Epoch 226/1000 finished | loss=0.576318 | cnn_loss=0.547652 | gnn_loss=0.028665 | lr=0.000794085 | epoch_time=00:01:12 | elapsed=05:00:57 | ETA=17:10:44 | estimated_finish=2026-06-17 19:20:01
Epoch 227/1000 finished | loss=0.536917 | cnn_loss=0.509711 | gnn_loss=0.027205 | lr=0.000793161 | epoch_time=00:01:12 | elapsed=05:02:10 | ETA=17:09:00 | estimated_finish=2026-06-17 19:19:30
Epoch 228/1000 finished | loss=0.608608 | cnn_loss=0.577176 | gnn_loss=0.031432 | lr=0.000792238 | epoch_time=00:01:12 | elapsed=05:03:23 | ETA=17:07:15 | estimated_finish=2026-06-17 19:18:57
Epoch 229/1000 finished | loss=0.551599 | cnn_loss=0.519509 | gnn_loss=0.032090 | lr=0.000791314 | epoch_time=00:01:13 | elapsed=05:04:36 | ETA=17:05:34 | estimated_finish=2026-06-17 19:18:30
Epoch 230/1000 finished | loss=0.556706 | cnn_loss=0.528194 | gnn_loss=0.028513 | lr=0.00079039 | epoch_time=00:01:08 | elapsed=05:05:45 | ETA=17:03:37 | estimated_finish=2026-06-17 19:17:42
Quick validation epoch=230 | pseudo_dice=0.395331 | val_time=00:00:24
Epoch 231/1000 finished | loss=0.532876 | cnn_loss=0.502206 | gnn_loss=0.030669 | lr=0.000789466 | epoch_time=00:01:14 | elapsed=05:07:24 | ETA=17:03:20 | estimated_finish=2026-06-17 19:19:04
Epoch 232/1000 finished | loss=0.576179 | cnn_loss=0.548475 | gnn_loss=0.027704 | lr=0.000788542 | epoch_time=00:01:11 | elapsed=05:08:35 | ETA=17:01:34 | estimated_finish=2026-06-17 19:18:29
Epoch 233/1000 finished | loss=0.570615 | cnn_loss=0.538582 | gnn_loss=0.032033 | lr=0.000787618 | epoch_time=00:01:10 | elapsed=05:09:46 | ETA=16:59:43 | estimated_finish=2026-06-17 19:17:48
Epoch 234/1000 finished | loss=0.566643 | cnn_loss=0.535372 | gnn_loss=0.031271 | lr=0.000786694 | epoch_time=00:01:12 | elapsed=05:10:58 | ETA=16:57:58 | estimated_finish=2026-06-17 19:17:16
Epoch 235/1000 finished | loss=0.559072 | cnn_loss=0.526467 | gnn_loss=0.032605 | lr=0.00078577 | epoch_time=00:01:12 | elapsed=05:12:10 | ETA=16:56:15 | estimated_finish=2026-06-17 19:16:45
Quick validation epoch=235 | pseudo_dice=0.467660 | val_time=00:00:24
Epoch 236/1000 finished | loss=0.593488 | cnn_loss=0.564154 | gnn_loss=0.029334 | lr=0.000784845 | epoch_time=00:01:14 | elapsed=05:13:49 | ETA=16:55:55 | estimated_finish=2026-06-17 19:18:04
Epoch 237/1000 finished | loss=0.612606 | cnn_loss=0.578265 | gnn_loss=0.034341 | lr=0.000783921 | epoch_time=00:01:12 | elapsed=05:15:02 | ETA=16:54:13 | estimated_finish=2026-06-17 19:17:35
Epoch 238/1000 finished | loss=0.593752 | cnn_loss=0.564138 | gnn_loss=0.029614 | lr=0.000782996 | epoch_time=00:01:12 | elapsed=05:16:15 | ETA=16:52:32 | estimated_finish=2026-06-17 19:17:06
Epoch 239/1000 finished | loss=0.586421 | cnn_loss=0.551653 | gnn_loss=0.034768 | lr=0.000782071 | epoch_time=00:01:10 | elapsed=05:17:25 | ETA=16:50:42 | estimated_finish=2026-06-17 19:16:27
Epoch 240/1000 finished | loss=0.554073 | cnn_loss=0.524629 | gnn_loss=0.029444 | lr=0.000781146 | epoch_time=00:01:11 | elapsed=05:18:37 | ETA=16:48:57 | estimated_finish=2026-06-17 19:15:54
Quick validation epoch=240 | pseudo_dice=0.599992 | val_time=00:00:24
Epoch 241/1000 finished | loss=0.560794 | cnn_loss=0.530862 | gnn_loss=0.029932 | lr=0.000780221 | epoch_time=00:01:14 | elapsed=05:20:16 | ETA=16:48:38 | estimated_finish=2026-06-17 19:17:14
Epoch 242/1000 finished | loss=0.540236 | cnn_loss=0.512265 | gnn_loss=0.027971 | lr=0.000779296 | epoch_time=00:01:10 | elapsed=05:21:26 | ETA=16:46:50 | estimated_finish=2026-06-17 19:16:36
Epoch 243/1000 finished | loss=0.564013 | cnn_loss=0.530985 | gnn_loss=0.033028 | lr=0.00077837 | epoch_time=00:01:10 | elapsed=05:22:37 | ETA=16:45:02 | estimated_finish=2026-06-17 19:15:59
Epoch 244/1000 finished | loss=0.557871 | cnn_loss=0.528386 | gnn_loss=0.029485 | lr=0.000777445 | epoch_time=00:01:11 | elapsed=05:23:49 | ETA=16:43:18 | estimated_finish=2026-06-17 19:15:26
Epoch 245/1000 finished | loss=0.565038 | cnn_loss=0.534844 | gnn_loss=0.030194 | lr=0.000776519 | epoch_time=00:01:10 | elapsed=05:24:59 | ETA=16:41:31 | estimated_finish=2026-06-17 19:14:50
Quick validation epoch=245 | pseudo_dice=0.509576 | val_time=00:00:26
Epoch 246/1000 finished | loss=0.564181 | cnn_loss=0.532673 | gnn_loss=0.031507 | lr=0.000775594 | epoch_time=00:01:14 | elapsed=05:26:40 | ETA=16:41:17 | estimated_finish=2026-06-17 19:16:18
Epoch 247/1000 finished | loss=0.597869 | cnn_loss=0.564176 | gnn_loss=0.033693 | lr=0.000774668 | epoch_time=00:01:11 | elapsed=05:27:52 | ETA=16:39:33 | estimated_finish=2026-06-17 19:15:45
Epoch 248/1000 finished | loss=0.584694 | cnn_loss=0.552702 | gnn_loss=0.031992 | lr=0.000773742 | epoch_time=00:01:15 | elapsed=05:29:08 | ETA=16:38:02 | estimated_finish=2026-06-17 19:15:29
Epoch 249/1000 finished | loss=0.560300 | cnn_loss=0.530037 | gnn_loss=0.030263 | lr=0.000772816 | epoch_time=00:01:13 | elapsed=05:30:21 | ETA=16:36:24 | estimated_finish=2026-06-17 19:15:05
Epoch 250/1000 finished | loss=0.545667 | cnn_loss=0.516657 | gnn_loss=0.029009 | lr=0.00077189 | epoch_time=00:01:14 | elapsed=05:31:36 | ETA=16:34:50 | estimated_finish=2026-06-17 19:14:46
Quick validation epoch=250 | pseudo_dice=0.566325 | val_time=00:00:24
Epoch 251/1000 finished | loss=0.586436 | cnn_loss=0.553585 | gnn_loss=0.032851 | lr=0.000770963 | epoch_time=00:01:13 | elapsed=05:33:14 | ETA=16:34:25 | estimated_finish=2026-06-17 19:15:59
Epoch 252/1000 finished | loss=0.586172 | cnn_loss=0.552286 | gnn_loss=0.033886 | lr=0.000770037 | epoch_time=00:01:13 | elapsed=05:34:28 | ETA=16:32:48 | estimated_finish=2026-06-17 19:15:35
Epoch 253/1000 finished | loss=0.546182 | cnn_loss=0.512902 | gnn_loss=0.033281 | lr=0.00076911 | epoch_time=00:01:12 | elapsed=05:35:40 | ETA=16:31:07 | estimated_finish=2026-06-17 19:15:07
Epoch 254/1000 finished | loss=0.554267 | cnn_loss=0.523427 | gnn_loss=0.030840 | lr=0.000768183 | epoch_time=00:01:11 | elapsed=05:36:52 | ETA=16:29:23 | estimated_finish=2026-06-17 19:14:34
Epoch 255/1000 finished | loss=0.581260 | cnn_loss=0.547304 | gnn_loss=0.033956 | lr=0.000767257 | epoch_time=00:01:13 | elapsed=05:38:06 | ETA=16:27:47 | estimated_finish=2026-06-17 19:14:12
Quick validation epoch=255 | pseudo_dice=0.491300 | val_time=00:00:24
Epoch 256/1000 finished | loss=0.564042 | cnn_loss=0.533377 | gnn_loss=0.030665 | lr=0.00076633 | epoch_time=00:01:12 | elapsed=05:39:42 | ETA=16:27:17 | estimated_finish=2026-06-17 19:15:19
Epoch 257/1000 finished | loss=0.598504 | cnn_loss=0.564319 | gnn_loss=0.034185 | lr=0.000765403 | epoch_time=00:01:11 | elapsed=05:40:54 | ETA=16:25:34 | estimated_finish=2026-06-17 19:14:48
Epoch 258/1000 finished | loss=0.589212 | cnn_loss=0.556003 | gnn_loss=0.033209 | lr=0.000764475 | epoch_time=00:01:11 | elapsed=05:42:06 | ETA=16:23:52 | estimated_finish=2026-06-17 19:14:17
Epoch 259/1000 finished | loss=0.548391 | cnn_loss=0.521400 | gnn_loss=0.026991 | lr=0.000763548 | epoch_time=00:01:11 | elapsed=05:43:17 | ETA=16:22:08 | estimated_finish=2026-06-17 19:13:45
Epoch 260/1000 finished | loss=0.580349 | cnn_loss=0.546862 | gnn_loss=0.033487 | lr=0.000762621 | epoch_time=00:01:13 | elapsed=05:44:30 | ETA=16:20:32 | estimated_finish=2026-06-17 19:13:22
Quick validation epoch=260 | pseudo_dice=0.618172 | val_time=00:00:24
Epoch 261/1000 finished | loss=0.593756 | cnn_loss=0.562921 | gnn_loss=0.030835 | lr=0.000761693 | epoch_time=00:01:15 | elapsed=05:46:10 | ETA=16:20:09 | estimated_finish=2026-06-17 19:14:39
Epoch 262/1000 finished | loss=0.574233 | cnn_loss=0.542736 | gnn_loss=0.031497 | lr=0.000760765 | epoch_time=00:01:16 | elapsed=05:47:26 | ETA=16:18:40 | estimated_finish=2026-06-17 19:14:26
Epoch 263/1000 finished | loss=0.546288 | cnn_loss=0.519137 | gnn_loss=0.027151 | lr=0.000759838 | epoch_time=00:01:13 | elapsed=05:48:39 | ETA=16:17:02 | estimated_finish=2026-06-17 19:14:02
Epoch 264/1000 finished | loss=0.518175 | cnn_loss=0.491622 | gnn_loss=0.026553 | lr=0.00075891 | epoch_time=00:01:11 | elapsed=05:49:51 | ETA=16:15:21 | estimated_finish=2026-06-17 19:13:32
Epoch 265/1000 finished | loss=0.529272 | cnn_loss=0.498024 | gnn_loss=0.031249 | lr=0.000757981 | epoch_time=00:01:09 | elapsed=05:51:00 | ETA=16:13:34 | estimated_finish=2026-06-17 19:12:54
Quick validation epoch=265 | pseudo_dice=0.476724 | val_time=00:00:24
Epoch 266/1000 finished | loss=0.575420 | cnn_loss=0.544209 | gnn_loss=0.031211 | lr=0.000757053 | epoch_time=00:01:10 | elapsed=05:52:36 | ETA=16:12:57 | estimated_finish=2026-06-17 19:13:53
Epoch 267/1000 finished | loss=0.533457 | cnn_loss=0.500647 | gnn_loss=0.032810 | lr=0.000756125 | epoch_time=00:01:11 | elapsed=05:53:47 | ETA=16:11:17 | estimated_finish=2026-06-17 19:13:24
Epoch 268/1000 finished | loss=0.575987 | cnn_loss=0.542524 | gnn_loss=0.033464 | lr=0.000755197 | epoch_time=00:01:10 | elapsed=05:54:58 | ETA=16:09:34 | estimated_finish=2026-06-17 19:12:52
Epoch 269/1000 finished | loss=0.560935 | cnn_loss=0.529149 | gnn_loss=0.031786 | lr=0.000754268 | epoch_time=00:01:12 | elapsed=05:56:11 | ETA=16:07:56 | estimated_finish=2026-06-17 19:12:26
Epoch 270/1000 finished | loss=0.548351 | cnn_loss=0.516997 | gnn_loss=0.031355 | lr=0.000753339 | epoch_time=00:01:11 | elapsed=05:57:22 | ETA=16:06:14 | estimated_finish=2026-06-17 19:11:56
Quick validation epoch=270 | pseudo_dice=0.534167 | val_time=00:00:24
Epoch 271/1000 finished | loss=0.534943 | cnn_loss=0.502749 | gnn_loss=0.032194 | lr=0.00075241 | epoch_time=00:01:11 | elapsed=05:58:58 | ETA=16:05:38 | estimated_finish=2026-06-17 19:12:56
Epoch 272/1000 finished | loss=0.580484 | cnn_loss=0.548155 | gnn_loss=0.032329 | lr=0.000751481 | epoch_time=00:01:11 | elapsed=06:00:09 | ETA=16:03:58 | estimated_finish=2026-06-17 19:12:27
Epoch 273/1000 finished | loss=0.553327 | cnn_loss=0.524351 | gnn_loss=0.028976 | lr=0.000750552 | epoch_time=00:01:10 | elapsed=06:01:20 | ETA=16:02:15 | estimated_finish=2026-06-17 19:11:55
Epoch 274/1000 finished | loss=0.579014 | cnn_loss=0.547179 | gnn_loss=0.031836 | lr=0.000749623 | epoch_time=00:01:12 | elapsed=06:02:32 | ETA=16:00:36 | estimated_finish=2026-06-17 19:11:28
Epoch 275/1000 finished | loss=0.590687 | cnn_loss=0.559749 | gnn_loss=0.030938 | lr=0.000748694 | epoch_time=00:01:13 | elapsed=06:03:46 | ETA=15:59:02 | estimated_finish=2026-06-17 19:11:08
Quick validation epoch=275 | pseudo_dice=0.421637 | val_time=00:00:24
Epoch 276/1000 finished | loss=0.574984 | cnn_loss=0.546938 | gnn_loss=0.028046 | lr=0.000747764 | epoch_time=00:01:11 | elapsed=06:05:21 | ETA=15:58:25 | estimated_finish=2026-06-17 19:12:06
Epoch 277/1000 finished | loss=0.552695 | cnn_loss=0.521855 | gnn_loss=0.030840 | lr=0.000746835 | epoch_time=00:01:10 | elapsed=06:06:32 | ETA=15:56:43 | estimated_finish=2026-06-17 19:11:36
Epoch 278/1000 finished | loss=0.554585 | cnn_loss=0.524676 | gnn_loss=0.029908 | lr=0.000745905 | epoch_time=00:01:09 | elapsed=06:07:42 | ETA=15:54:58 | estimated_finish=2026-06-17 19:11:00
Epoch 279/1000 finished | loss=0.574856 | cnn_loss=0.544930 | gnn_loss=0.029927 | lr=0.000744975 | epoch_time=00:01:11 | elapsed=06:08:54 | ETA=15:53:19 | estimated_finish=2026-06-17 19:10:32
Epoch 280/1000 finished | loss=0.552754 | cnn_loss=0.518956 | gnn_loss=0.033798 | lr=0.000744045 | epoch_time=00:01:11 | elapsed=06:10:05 | ETA=15:51:40 | estimated_finish=2026-06-17 19:10:04
Quick validation epoch=280 | pseudo_dice=0.558419 | val_time=00:00:24
Epoch 281/1000 finished | loss=0.539427 | cnn_loss=0.509470 | gnn_loss=0.029957 | lr=0.000743115 | epoch_time=00:01:13 | elapsed=06:11:43 | ETA=15:51:07 | estimated_finish=2026-06-17 19:11:10
Epoch 282/1000 finished | loss=0.559415 | cnn_loss=0.524211 | gnn_loss=0.035204 | lr=0.000742185 | epoch_time=00:01:12 | elapsed=06:12:55 | ETA=15:49:29 | estimated_finish=2026-06-17 19:10:44
Epoch 283/1000 finished | loss=0.562487 | cnn_loss=0.533344 | gnn_loss=0.029143 | lr=0.000741254 | epoch_time=00:01:13 | elapsed=06:14:08 | ETA=15:47:55 | estimated_finish=2026-06-17 19:10:24
Epoch 284/1000 finished | loss=0.545282 | cnn_loss=0.514541 | gnn_loss=0.030741 | lr=0.000740324 | epoch_time=00:01:12 | elapsed=06:15:21 | ETA=15:46:18 | estimated_finish=2026-06-17 19:09:59
Epoch 285/1000 finished | loss=0.552093 | cnn_loss=0.524815 | gnn_loss=0.027278 | lr=0.000739393 | epoch_time=00:01:09 | elapsed=06:16:30 | ETA=15:44:34 | estimated_finish=2026-06-17 19:09:24
Quick validation epoch=285 | pseudo_dice=0.734186 | val_time=00:00:24
New best model saved by quick validation | pseudo_dice=0.734186 | epoch=285
Epoch 286/1000 finished | loss=0.577839 | cnn_loss=0.546300 | gnn_loss=0.031539 | lr=0.000738462 | epoch_time=00:01:10 | elapsed=06:18:05 | ETA=15:43:54 | estimated_finish=2026-06-17 19:10:19
Epoch 287/1000 finished | loss=0.526505 | cnn_loss=0.499054 | gnn_loss=0.027451 | lr=0.000737532 | epoch_time=00:01:15 | elapsed=06:19:20 | ETA=15:42:25 | estimated_finish=2026-06-17 19:10:05
Epoch 288/1000 finished | loss=0.588377 | cnn_loss=0.555519 | gnn_loss=0.032858 | lr=0.0007366 | epoch_time=00:01:13 | elapsed=06:20:34 | ETA=15:40:52 | estimated_finish=2026-06-17 19:09:47
Epoch 289/1000 finished | loss=0.540124 | cnn_loss=0.508495 | gnn_loss=0.031628 | lr=0.000735669 | epoch_time=00:01:13 | elapsed=06:21:48 | ETA=15:39:19 | estimated_finish=2026-06-17 19:09:27
Epoch 290/1000 finished | loss=0.581218 | cnn_loss=0.548506 | gnn_loss=0.032712 | lr=0.000734738 | epoch_time=00:01:12 | elapsed=06:23:01 | ETA=15:37:44 | estimated_finish=2026-06-17 19:09:05
Quick validation epoch=290 | pseudo_dice=0.554627 | val_time=00:00:26
Epoch 291/1000 finished | loss=0.541970 | cnn_loss=0.511983 | gnn_loss=0.029987 | lr=0.000733807 | epoch_time=00:01:12 | elapsed=06:24:40 | ETA=15:37:14 | estimated_finish=2026-06-17 19:10:14
Epoch 292/1000 finished | loss=0.549088 | cnn_loss=0.519133 | gnn_loss=0.029955 | lr=0.000732875 | epoch_time=00:01:12 | elapsed=06:25:53 | ETA=15:35:39 | estimated_finish=2026-06-17 19:09:52
Epoch 293/1000 finished | loss=0.524545 | cnn_loss=0.495695 | gnn_loss=0.028850 | lr=0.000731943 | epoch_time=00:01:12 | elapsed=06:27:05 | ETA=15:34:02 | estimated_finish=2026-06-17 19:09:28
Epoch 294/1000 finished | loss=0.554429 | cnn_loss=0.526953 | gnn_loss=0.027476 | lr=0.000731012 | epoch_time=00:01:12 | elapsed=06:28:17 | ETA=15:32:26 | estimated_finish=2026-06-17 19:09:03
Epoch 295/1000 finished | loss=0.527400 | cnn_loss=0.496336 | gnn_loss=0.031064 | lr=0.00073008 | epoch_time=00:01:10 | elapsed=06:29:28 | ETA=15:30:46 | estimated_finish=2026-06-17 19:08:33
Quick validation epoch=295 | pseudo_dice=0.674510 | val_time=00:00:24
Epoch 296/1000 finished | loss=0.585735 | cnn_loss=0.555551 | gnn_loss=0.030184 | lr=0.000729148 | epoch_time=00:01:12 | elapsed=06:31:04 | ETA=15:30:07 | estimated_finish=2026-06-17 19:09:31
Epoch 297/1000 finished | loss=0.568536 | cnn_loss=0.534312 | gnn_loss=0.034224 | lr=0.000728215 | epoch_time=00:01:11 | elapsed=06:32:16 | ETA=15:28:30 | estimated_finish=2026-06-17 19:09:06
Epoch 298/1000 finished | loss=0.573918 | cnn_loss=0.542611 | gnn_loss=0.031308 | lr=0.000727283 | epoch_time=00:01:09 | elapsed=06:33:25 | ETA=15:26:47 | estimated_finish=2026-06-17 19:08:32
Epoch 299/1000 finished | loss=0.577862 | cnn_loss=0.549332 | gnn_loss=0.028530 | lr=0.00072635 | epoch_time=00:01:11 | elapsed=06:34:37 | ETA=15:25:10 | estimated_finish=2026-06-17 19:08:07
Epoch 300/1000 finished | loss=0.557345 | cnn_loss=0.525357 | gnn_loss=0.031988 | lr=0.000725418 | epoch_time=00:01:11 | elapsed=06:35:48 | ETA=15:23:33 | estimated_finish=2026-06-17 19:07:42
Quick validation epoch=300 | pseudo_dice=0.572480 | val_time=00:00:23
Full validation epoch=300 | mean_dice=0.234204 | val_time=00:00:52
New best full-validation model saved | dice=0.234204 | epoch=300
Epoch 301/1000 finished | loss=0.542372 | cnn_loss=0.511026 | gnn_loss=0.031346 | lr=0.000724485 | epoch_time=00:01:12 | elapsed=06:38:16 | ETA=15:24:54 | estimated_finish=2026-06-17 19:11:30
Epoch 302/1000 finished | loss=0.574692 | cnn_loss=0.540723 | gnn_loss=0.033969 | lr=0.000723552 | epoch_time=00:01:13 | elapsed=06:39:30 | ETA=15:23:21 | estimated_finish=2026-06-17 19:11:11
Epoch 303/1000 finished | loss=0.622105 | cnn_loss=0.592619 | gnn_loss=0.029486 | lr=0.000722619 | epoch_time=00:01:13 | elapsed=06:40:43 | ETA=15:21:48 | estimated_finish=2026-06-17 19:10:51
Epoch 304/1000 finished | loss=0.593459 | cnn_loss=0.559546 | gnn_loss=0.033912 | lr=0.000721686 | epoch_time=00:01:10 | elapsed=06:41:53 | ETA=15:20:08 | estimated_finish=2026-06-17 19:10:21
Epoch 305/1000 finished | loss=0.591645 | cnn_loss=0.559999 | gnn_loss=0.031646 | lr=0.000720753 | epoch_time=00:01:09 | elapsed=06:43:03 | ETA=15:18:27 | estimated_finish=2026-06-17 19:09:50
Quick validation epoch=305 | pseudo_dice=0.502974 | val_time=00:00:24
Epoch 306/1000 finished | loss=0.549187 | cnn_loss=0.519356 | gnn_loss=0.029830 | lr=0.000719819 | epoch_time=00:01:11 | elapsed=06:44:39 | ETA=15:17:44 | estimated_finish=2026-06-17 19:10:42
Epoch 307/1000 finished | loss=0.537267 | cnn_loss=0.507494 | gnn_loss=0.029773 | lr=0.000718886 | epoch_time=00:01:11 | elapsed=06:45:50 | ETA=15:16:08 | estimated_finish=2026-06-17 19:10:18
Epoch 308/1000 finished | loss=0.502247 | cnn_loss=0.475235 | gnn_loss=0.027012 | lr=0.000717952 | epoch_time=00:01:10 | elapsed=06:47:02 | ETA=15:14:30 | estimated_finish=2026-06-17 19:09:51
Epoch 309/1000 finished | loss=0.570372 | cnn_loss=0.538395 | gnn_loss=0.031978 | lr=0.000717018 | epoch_time=00:01:12 | elapsed=06:48:14 | ETA=15:12:54 | estimated_finish=2026-06-17 19:09:28
Epoch 310/1000 finished | loss=0.515440 | cnn_loss=0.485248 | gnn_loss=0.030192 | lr=0.000716084 | epoch_time=00:01:12 | elapsed=06:49:26 | ETA=15:11:20 | estimated_finish=2026-06-17 19:09:05
Quick validation epoch=310 | pseudo_dice=0.532216 | val_time=00:00:24
Epoch 311/1000 finished | loss=0.565599 | cnn_loss=0.533815 | gnn_loss=0.031783 | lr=0.00071515 | epoch_time=00:01:11 | elapsed=06:51:02 | ETA=15:10:37 | estimated_finish=2026-06-17 19:09:59
Epoch 312/1000 finished | loss=0.560200 | cnn_loss=0.527710 | gnn_loss=0.032490 | lr=0.000714216 | epoch_time=00:01:10 | elapsed=06:52:12 | ETA=15:08:58 | estimated_finish=2026-06-17 19:09:30
Epoch 313/1000 finished | loss=0.570867 | cnn_loss=0.540686 | gnn_loss=0.030181 | lr=0.000713282 | epoch_time=00:01:10 | elapsed=06:53:23 | ETA=15:07:21 | estimated_finish=2026-06-17 19:09:04
Epoch 314/1000 finished | loss=0.592408 | cnn_loss=0.558067 | gnn_loss=0.034341 | lr=0.000712347 | epoch_time=00:01:11 | elapsed=06:54:34 | ETA=15:05:44 | estimated_finish=2026-06-17 19:08:38
Epoch 315/1000 finished | loss=0.515059 | cnn_loss=0.489284 | gnn_loss=0.025776 | lr=0.000711413 | epoch_time=00:01:10 | elapsed=06:55:45 | ETA=15:04:06 | estimated_finish=2026-06-17 19:08:11
Quick validation epoch=315 | pseudo_dice=0.480681 | val_time=00:00:24
Epoch 316/1000 finished | loss=0.561067 | cnn_loss=0.533192 | gnn_loss=0.027875 | lr=0.000710478 | epoch_time=00:01:13 | elapsed=06:57:23 | ETA=15:03:29 | estimated_finish=2026-06-17 19:09:12
Epoch 317/1000 finished | loss=0.579357 | cnn_loss=0.550672 | gnn_loss=0.028685 | lr=0.000709543 | epoch_time=00:01:11 | elapsed=06:58:35 | ETA=15:01:54 | estimated_finish=2026-06-17 19:08:49
Epoch 318/1000 finished | loss=0.558541 | cnn_loss=0.527125 | gnn_loss=0.031416 | lr=0.000708608 | epoch_time=00:01:09 | elapsed=06:59:45 | ETA=15:00:15 | estimated_finish=2026-06-17 19:08:20
Epoch 319/1000 finished | loss=0.531741 | cnn_loss=0.504262 | gnn_loss=0.027479 | lr=0.000707673 | epoch_time=00:01:11 | elapsed=07:00:57 | ETA=14:58:38 | estimated_finish=2026-06-17 19:07:55
Epoch 320/1000 finished | loss=0.584190 | cnn_loss=0.554235 | gnn_loss=0.029955 | lr=0.000706737 | epoch_time=00:01:10 | elapsed=07:02:07 | ETA=14:57:01 | estimated_finish=2026-06-17 19:07:28
Quick validation epoch=320 | pseudo_dice=0.525399 | val_time=00:00:23
Epoch 321/1000 finished | loss=0.544016 | cnn_loss=0.515057 | gnn_loss=0.028959 | lr=0.000705802 | epoch_time=00:01:11 | elapsed=07:03:43 | ETA=14:56:16 | estimated_finish=2026-06-17 19:08:19
Epoch 322/1000 finished | loss=0.542431 | cnn_loss=0.512517 | gnn_loss=0.029913 | lr=0.000704866 | epoch_time=00:01:09 | elapsed=07:04:52 | ETA=14:54:36 | estimated_finish=2026-06-17 19:07:48
Epoch 323/1000 finished | loss=0.570008 | cnn_loss=0.536450 | gnn_loss=0.033558 | lr=0.000703931 | epoch_time=00:01:10 | elapsed=07:06:02 | ETA=14:52:59 | estimated_finish=2026-06-17 19:07:21
Epoch 324/1000 finished | loss=0.552546 | cnn_loss=0.520329 | gnn_loss=0.032217 | lr=0.000702995 | epoch_time=00:01:14 | elapsed=07:07:17 | ETA=14:51:30 | estimated_finish=2026-06-17 19:07:06
Epoch 325/1000 finished | loss=0.551661 | cnn_loss=0.519283 | gnn_loss=0.032378 | lr=0.000702059 | epoch_time=00:01:11 | elapsed=07:08:29 | ETA=14:49:56 | estimated_finish=2026-06-17 19:06:44
Quick validation epoch=325 | pseudo_dice=0.596379 | val_time=00:00:24
Epoch 326/1000 finished | loss=0.511925 | cnn_loss=0.482624 | gnn_loss=0.029301 | lr=0.000701123 | epoch_time=00:01:09 | elapsed=07:10:03 | ETA=14:49:07 | estimated_finish=2026-06-17 19:07:30
Epoch 327/1000 finished | loss=0.560966 | cnn_loss=0.527265 | gnn_loss=0.033701 | lr=0.000700186 | epoch_time=00:01:11 | elapsed=07:11:14 | ETA=14:47:32 | estimated_finish=2026-06-17 19:07:06
Epoch 328/1000 finished | loss=0.548981 | cnn_loss=0.514753 | gnn_loss=0.034228 | lr=0.00069925 | epoch_time=00:01:11 | elapsed=07:12:26 | ETA=14:45:58 | estimated_finish=2026-06-17 19:06:44
Epoch 329/1000 finished | loss=0.549514 | cnn_loss=0.515913 | gnn_loss=0.033601 | lr=0.000698313 | epoch_time=00:01:12 | elapsed=07:13:38 | ETA=14:44:25 | estimated_finish=2026-06-17 19:06:24
Epoch 330/1000 finished | loss=0.536068 | cnn_loss=0.508036 | gnn_loss=0.028032 | lr=0.000697377 | epoch_time=00:01:09 | elapsed=07:14:48 | ETA=14:42:48 | estimated_finish=2026-06-17 19:05:56
Quick validation epoch=330 | pseudo_dice=0.527119 | val_time=00:00:24
Epoch 331/1000 finished | loss=0.555832 | cnn_loss=0.526193 | gnn_loss=0.029639 | lr=0.00069644 | epoch_time=00:01:09 | elapsed=07:16:22 | ETA=14:41:57 | estimated_finish=2026-06-17 19:06:39
Epoch 332/1000 finished | loss=0.569196 | cnn_loss=0.539599 | gnn_loss=0.029597 | lr=0.000695503 | epoch_time=00:01:11 | elapsed=07:17:33 | ETA=14:40:23 | estimated_finish=2026-06-17 19:06:16
Epoch 333/1000 finished | loss=0.541514 | cnn_loss=0.511513 | gnn_loss=0.030001 | lr=0.000694566 | epoch_time=00:01:13 | elapsed=07:18:47 | ETA=14:38:53 | estimated_finish=2026-06-17 19:05:59
Epoch 334/1000 finished | loss=0.528518 | cnn_loss=0.497973 | gnn_loss=0.030544 | lr=0.000693628 | epoch_time=00:01:11 | elapsed=07:19:58 | ETA=14:37:19 | estimated_finish=2026-06-17 19:05:37
Epoch 335/1000 finished | loss=0.542062 | cnn_loss=0.511950 | gnn_loss=0.030112 | lr=0.000692691 | epoch_time=00:01:12 | elapsed=07:21:10 | ETA=14:35:46 | estimated_finish=2026-06-17 19:05:16
Quick validation epoch=335 | pseudo_dice=0.540810 | val_time=00:00:24
Epoch 336/1000 finished | loss=0.521166 | cnn_loss=0.494356 | gnn_loss=0.026811 | lr=0.000691753 | epoch_time=00:01:13 | elapsed=07:22:48 | ETA=14:35:05 | estimated_finish=2026-06-17 19:06:13
Epoch 337/1000 finished | loss=0.528293 | cnn_loss=0.497187 | gnn_loss=0.031106 | lr=0.000690816 | epoch_time=00:01:14 | elapsed=07:24:03 | ETA=14:33:36 | estimated_finish=2026-06-17 19:05:58
Epoch 338/1000 finished | loss=0.580681 | cnn_loss=0.548796 | gnn_loss=0.031885 | lr=0.000689878 | epoch_time=00:01:11 | elapsed=07:25:14 | ETA=14:32:03 | estimated_finish=2026-06-17 19:05:37
Epoch 339/1000 finished | loss=0.584720 | cnn_loss=0.552379 | gnn_loss=0.032340 | lr=0.00068894 | epoch_time=00:01:11 | elapsed=07:26:26 | ETA=14:30:29 | estimated_finish=2026-06-17 19:05:15
Epoch 340/1000 finished | loss=0.567855 | cnn_loss=0.534555 | gnn_loss=0.033300 | lr=0.000688002 | epoch_time=00:01:11 | elapsed=07:27:37 | ETA=14:28:55 | estimated_finish=2026-06-17 19:04:52
Quick validation epoch=340 | pseudo_dice=0.565392 | val_time=00:00:23
Epoch 341/1000 finished | loss=0.545949 | cnn_loss=0.514090 | gnn_loss=0.031859 | lr=0.000687063 | epoch_time=00:01:11 | elapsed=07:29:12 | ETA=14:28:07 | estimated_finish=2026-06-17 19:05:40
Epoch 342/1000 finished | loss=0.546180 | cnn_loss=0.512239 | gnn_loss=0.033942 | lr=0.000686125 | epoch_time=00:01:13 | elapsed=07:30:26 | ETA=14:26:37 | estimated_finish=2026-06-17 19:05:23
Epoch 343/1000 finished | loss=0.518087 | cnn_loss=0.489300 | gnn_loss=0.028788 | lr=0.000685187 | epoch_time=00:01:15 | elapsed=07:31:41 | ETA=14:25:11 | estimated_finish=2026-06-17 19:05:13
Epoch 344/1000 finished | loss=0.575803 | cnn_loss=0.540239 | gnn_loss=0.035565 | lr=0.000684248 | epoch_time=00:01:11 | elapsed=07:32:53 | ETA=14:23:38 | estimated_finish=2026-06-17 19:04:51
Epoch 345/1000 finished | loss=0.538224 | cnn_loss=0.509326 | gnn_loss=0.028898 | lr=0.000683309 | epoch_time=00:01:13 | elapsed=07:34:07 | ETA=14:22:10 | estimated_finish=2026-06-17 19:04:36
Quick validation epoch=345 | pseudo_dice=0.417516 | val_time=00:00:23
Epoch 346/1000 finished | loss=0.552800 | cnn_loss=0.522190 | gnn_loss=0.030610 | lr=0.00068237 | epoch_time=00:01:11 | elapsed=07:35:42 | ETA=14:21:21 | estimated_finish=2026-06-17 19:05:22
Epoch 347/1000 finished | loss=0.525611 | cnn_loss=0.495933 | gnn_loss=0.029678 | lr=0.000681431 | epoch_time=00:01:10 | elapsed=07:36:53 | ETA=14:19:47 | estimated_finish=2026-06-17 19:04:59
Epoch 348/1000 finished | loss=0.528742 | cnn_loss=0.498303 | gnn_loss=0.030439 | lr=0.000680492 | epoch_time=00:01:11 | elapsed=07:38:04 | ETA=14:18:13 | estimated_finish=2026-06-17 19:04:37
Epoch 349/1000 finished | loss=0.530794 | cnn_loss=0.497338 | gnn_loss=0.033457 | lr=0.000679552 | epoch_time=00:01:09 | elapsed=07:39:13 | ETA=14:16:36 | estimated_finish=2026-06-17 19:04:09
Epoch 350/1000 finished | loss=0.543253 | cnn_loss=0.516560 | gnn_loss=0.026693 | lr=0.000678613 | epoch_time=00:01:09 | elapsed=07:40:23 | ETA=14:15:00 | estimated_finish=2026-06-17 19:03:43
Quick validation epoch=350 | pseudo_dice=0.463510 | val_time=00:00:23
Epoch 351/1000 finished | loss=0.542139 | cnn_loss=0.512933 | gnn_loss=0.029205 | lr=0.000677673 | epoch_time=00:01:08 | elapsed=07:41:55 | ETA=14:14:06 | estimated_finish=2026-06-17 19:04:21
Epoch 352/1000 finished | loss=0.549566 | cnn_loss=0.520029 | gnn_loss=0.029537 | lr=0.000676733 | epoch_time=00:01:10 | elapsed=07:43:06 | ETA=14:12:31 | estimated_finish=2026-06-17 19:03:57
Epoch 353/1000 finished | loss=0.535662 | cnn_loss=0.505229 | gnn_loss=0.030433 | lr=0.000675793 | epoch_time=00:01:14 | elapsed=07:44:20 | ETA=14:11:05 | estimated_finish=2026-06-17 19:03:45
Epoch 354/1000 finished | loss=0.553858 | cnn_loss=0.522723 | gnn_loss=0.031135 | lr=0.000674853 | epoch_time=00:01:10 | elapsed=07:45:31 | ETA=14:09:31 | estimated_finish=2026-06-17 19:03:22
Epoch 355/1000 finished | loss=0.571639 | cnn_loss=0.537664 | gnn_loss=0.033975 | lr=0.000673913 | epoch_time=00:01:11 | elapsed=07:46:43 | ETA=14:07:59 | estimated_finish=2026-06-17 19:03:02
Quick validation epoch=355 | pseudo_dice=0.506813 | val_time=00:00:24
Epoch 356/1000 finished | loss=0.533973 | cnn_loss=0.507894 | gnn_loss=0.026079 | lr=0.000672972 | epoch_time=00:01:10 | elapsed=07:48:18 | ETA=14:07:08 | estimated_finish=2026-06-17 19:03:46
Epoch 357/1000 finished | loss=0.533163 | cnn_loss=0.502932 | gnn_loss=0.030230 | lr=0.000672032 | epoch_time=00:01:11 | elapsed=07:49:29 | ETA=14:05:37 | estimated_finish=2026-06-17 19:03:26
Epoch 358/1000 finished | loss=0.559871 | cnn_loss=0.527312 | gnn_loss=0.032559 | lr=0.000671091 | epoch_time=00:01:10 | elapsed=07:50:40 | ETA=14:04:04 | estimated_finish=2026-06-17 19:03:04
Epoch 359/1000 finished | loss=0.543323 | cnn_loss=0.511239 | gnn_loss=0.032084 | lr=0.00067015 | epoch_time=00:01:08 | elapsed=07:51:49 | ETA=14:02:26 | estimated_finish=2026-06-17 19:02:35
Epoch 360/1000 finished | loss=0.530167 | cnn_loss=0.501621 | gnn_loss=0.028546 | lr=0.000669209 | epoch_time=00:01:11 | elapsed=07:53:00 | ETA=14:00:55 | estimated_finish=2026-06-17 19:02:15
Quick validation epoch=360 | pseudo_dice=0.590404 | val_time=00:00:23
Epoch 361/1000 finished | loss=0.573900 | cnn_loss=0.541801 | gnn_loss=0.032100 | lr=0.000668268 | epoch_time=00:01:09 | elapsed=07:54:33 | ETA=14:00:00 | estimated_finish=2026-06-17 19:02:53
Epoch 362/1000 finished | loss=0.531744 | cnn_loss=0.501827 | gnn_loss=0.029917 | lr=0.000667327 | epoch_time=00:01:13 | elapsed=07:55:46 | ETA=13:58:31 | estimated_finish=2026-06-17 19:02:37
Epoch 363/1000 finished | loss=0.494452 | cnn_loss=0.466668 | gnn_loss=0.027785 | lr=0.000666385 | epoch_time=00:01:13 | elapsed=07:56:59 | ETA=13:57:02 | estimated_finish=2026-06-17 19:02:21
Epoch 364/1000 finished | loss=0.534721 | cnn_loss=0.505559 | gnn_loss=0.029161 | lr=0.000665444 | epoch_time=00:01:13 | elapsed=07:58:13 | ETA=13:55:34 | estimated_finish=2026-06-17 19:02:07
Epoch 365/1000 finished | loss=0.528754 | cnn_loss=0.496734 | gnn_loss=0.032020 | lr=0.000664502 | epoch_time=00:01:11 | elapsed=07:59:24 | ETA=13:54:02 | estimated_finish=2026-06-17 19:01:47
Quick validation epoch=365 | pseudo_dice=0.575643 | val_time=00:00:23
Epoch 366/1000 finished | loss=0.549530 | cnn_loss=0.518142 | gnn_loss=0.031387 | lr=0.00066356 | epoch_time=00:01:13 | elapsed=08:01:01 | ETA=13:53:15 | estimated_finish=2026-06-17 19:02:37
Epoch 367/1000 finished | loss=0.545238 | cnn_loss=0.510407 | gnn_loss=0.034831 | lr=0.000662618 | epoch_time=00:01:09 | elapsed=08:02:11 | ETA=13:51:41 | estimated_finish=2026-06-17 19:02:12
Epoch 368/1000 finished | loss=0.497944 | cnn_loss=0.466661 | gnn_loss=0.031282 | lr=0.000661676 | epoch_time=00:01:11 | elapsed=08:03:22 | ETA=13:50:09 | estimated_finish=2026-06-17 19:01:51
Epoch 369/1000 finished | loss=0.533991 | cnn_loss=0.505596 | gnn_loss=0.028395 | lr=0.000660734 | epoch_time=00:01:10 | elapsed=08:04:33 | ETA=13:48:36 | estimated_finish=2026-06-17 19:01:30
Epoch 370/1000 finished | loss=0.538955 | cnn_loss=0.507491 | gnn_loss=0.031465 | lr=0.000659791 | epoch_time=00:01:11 | elapsed=08:05:45 | ETA=13:47:05 | estimated_finish=2026-06-17 19:01:10
Quick validation epoch=370 | pseudo_dice=0.536590 | val_time=00:00:24
Epoch 371/1000 finished | loss=0.561269 | cnn_loss=0.530998 | gnn_loss=0.030271 | lr=0.000658849 | epoch_time=00:01:09 | elapsed=08:07:18 | ETA=13:46:12 | estimated_finish=2026-06-17 19:01:50
Epoch 372/1000 finished | loss=0.526519 | cnn_loss=0.495405 | gnn_loss=0.031114 | lr=0.000657906 | epoch_time=00:01:10 | elapsed=08:08:29 | ETA=13:44:39 | estimated_finish=2026-06-17 19:01:29
Epoch 373/1000 finished | loss=0.562366 | cnn_loss=0.531666 | gnn_loss=0.030700 | lr=0.000656963 | epoch_time=00:01:10 | elapsed=08:09:40 | ETA=13:43:06 | estimated_finish=2026-06-17 19:01:06
Epoch 374/1000 finished | loss=0.565231 | cnn_loss=0.537488 | gnn_loss=0.027743 | lr=0.00065602 | epoch_time=00:01:10 | elapsed=08:10:50 | ETA=13:41:34 | estimated_finish=2026-06-17 19:00:43
Epoch 375/1000 finished | loss=0.543014 | cnn_loss=0.515310 | gnn_loss=0.027704 | lr=0.000655076 | epoch_time=00:01:11 | elapsed=08:12:02 | ETA=13:40:03 | estimated_finish=2026-06-17 19:00:25
Quick validation epoch=375 | pseudo_dice=0.563314 | val_time=00:00:23
Epoch 376/1000 finished | loss=0.524404 | cnn_loss=0.495875 | gnn_loss=0.028529 | lr=0.000654133 | epoch_time=00:01:11 | elapsed=08:13:37 | ETA=13:39:12 | estimated_finish=2026-06-17 19:01:09
Epoch 377/1000 finished | loss=0.520354 | cnn_loss=0.492503 | gnn_loss=0.027852 | lr=0.00065319 | epoch_time=00:01:14 | elapsed=08:14:51 | ETA=13:37:46 | estimated_finish=2026-06-17 19:00:57
Epoch 378/1000 finished | loss=0.495559 | cnn_loss=0.467192 | gnn_loss=0.028367 | lr=0.000652246 | epoch_time=00:01:12 | elapsed=08:16:04 | ETA=13:36:17 | estimated_finish=2026-06-17 19:00:41
Epoch 379/1000 finished | loss=0.580559 | cnn_loss=0.548723 | gnn_loss=0.031835 | lr=0.000651302 | epoch_time=00:01:10 | elapsed=08:17:14 | ETA=13:34:45 | estimated_finish=2026-06-17 19:00:19
Epoch 380/1000 finished | loss=0.564217 | cnn_loss=0.528526 | gnn_loss=0.035691 | lr=0.000650358 | epoch_time=00:01:13 | elapsed=08:18:28 | ETA=13:33:17 | estimated_finish=2026-06-17 19:00:05
Quick validation epoch=380 | pseudo_dice=0.518841 | val_time=00:00:24
Epoch 381/1000 finished | loss=0.541739 | cnn_loss=0.511934 | gnn_loss=0.029805 | lr=0.000649414 | epoch_time=00:01:14 | elapsed=08:20:07 | ETA=13:32:32 | estimated_finish=2026-06-17 19:00:59
Epoch 382/1000 finished | loss=0.530310 | cnn_loss=0.499518 | gnn_loss=0.030792 | lr=0.00064847 | epoch_time=00:01:10 | elapsed=08:21:17 | ETA=13:30:59 | estimated_finish=2026-06-17 19:00:36
Epoch 383/1000 finished | loss=0.563804 | cnn_loss=0.534366 | gnn_loss=0.029438 | lr=0.000647525 | epoch_time=00:01:13 | elapsed=08:22:30 | ETA=13:29:31 | estimated_finish=2026-06-17 19:00:21
Epoch 384/1000 finished | loss=0.502600 | cnn_loss=0.472739 | gnn_loss=0.029862 | lr=0.000646581 | epoch_time=00:01:15 | elapsed=08:23:46 | ETA=13:28:08 | estimated_finish=2026-06-17 19:00:14
Epoch 385/1000 finished | loss=0.519831 | cnn_loss=0.490399 | gnn_loss=0.029433 | lr=0.000645636 | epoch_time=00:01:13 | elapsed=08:24:59 | ETA=13:26:41 | estimated_finish=2026-06-17 19:00:00
Quick validation epoch=385 | pseudo_dice=0.503888 | val_time=00:00:23
Epoch 386/1000 finished | loss=0.536368 | cnn_loss=0.505049 | gnn_loss=0.031319 | lr=0.000644691 | epoch_time=00:01:11 | elapsed=08:26:35 | ETA=13:25:49 | estimated_finish=2026-06-17 19:00:44
Epoch 387/1000 finished | loss=0.498833 | cnn_loss=0.469427 | gnn_loss=0.029406 | lr=0.000643746 | epoch_time=00:01:14 | elapsed=08:27:50 | ETA=13:24:24 | estimated_finish=2026-06-17 19:00:33
Epoch 388/1000 finished | loss=0.563804 | cnn_loss=0.529035 | gnn_loss=0.034768 | lr=0.000642801 | epoch_time=00:01:10 | elapsed=08:29:00 | ETA=13:22:51 | estimated_finish=2026-06-17 19:00:11
Epoch 389/1000 finished | loss=0.545959 | cnn_loss=0.511812 | gnn_loss=0.034147 | lr=0.000641855 | epoch_time=00:01:10 | elapsed=08:30:10 | ETA=13:21:20 | estimated_finish=2026-06-17 18:59:50
Epoch 390/1000 finished | loss=0.521882 | cnn_loss=0.492890 | gnn_loss=0.028993 | lr=0.00064091 | epoch_time=00:01:16 | elapsed=08:31:27 | ETA=13:19:59 | estimated_finish=2026-06-17 18:59:46
Quick validation epoch=390 | pseudo_dice=0.490381 | val_time=00:00:23
Epoch 391/1000 finished | loss=0.537108 | cnn_loss=0.511471 | gnn_loss=0.025638 | lr=0.000639964 | epoch_time=00:01:09 | elapsed=08:33:01 | ETA=13:19:03 | estimated_finish=2026-06-17 19:00:24
Epoch 392/1000 finished | loss=0.565584 | cnn_loss=0.535166 | gnn_loss=0.030418 | lr=0.000639018 | epoch_time=00:01:09 | elapsed=08:34:10 | ETA=13:17:29 | estimated_finish=2026-06-17 18:59:59
Epoch 393/1000 finished | loss=0.521356 | cnn_loss=0.493070 | gnn_loss=0.028286 | lr=0.000638072 | epoch_time=00:01:12 | elapsed=08:35:23 | ETA=13:16:02 | estimated_finish=2026-06-17 18:59:44
Epoch 394/1000 finished | loss=0.553582 | cnn_loss=0.524407 | gnn_loss=0.029175 | lr=0.000637126 | epoch_time=00:01:10 | elapsed=08:36:34 | ETA=13:14:31 | estimated_finish=2026-06-17 18:59:24
Epoch 395/1000 finished | loss=0.541471 | cnn_loss=0.508996 | gnn_loss=0.032475 | lr=0.00063618 | epoch_time=00:01:10 | elapsed=08:37:44 | ETA=13:13:00 | estimated_finish=2026-06-17 18:59:04
Quick validation epoch=395 | pseudo_dice=0.458058 | val_time=00:00:24
Epoch 396/1000 finished | loss=0.543746 | cnn_loss=0.513022 | gnn_loss=0.030724 | lr=0.000635233 | epoch_time=00:01:11 | elapsed=08:39:20 | ETA=13:12:08 | estimated_finish=2026-06-17 18:59:48
Epoch 397/1000 finished | loss=0.578199 | cnn_loss=0.544716 | gnn_loss=0.033484 | lr=0.000634287 | epoch_time=00:01:11 | elapsed=08:40:31 | ETA=13:10:37 | estimated_finish=2026-06-17 18:59:29
Epoch 398/1000 finished | loss=0.513451 | cnn_loss=0.483925 | gnn_loss=0.029526 | lr=0.00063334 | epoch_time=00:01:11 | elapsed=08:41:42 | ETA=13:09:07 | estimated_finish=2026-06-17 18:59:10
Epoch 399/1000 finished | loss=0.522158 | cnn_loss=0.490297 | gnn_loss=0.031861 | lr=0.000632393 | epoch_time=00:01:09 | elapsed=08:42:52 | ETA=13:07:35 | estimated_finish=2026-06-17 18:58:47
Epoch 400/1000 finished | loss=0.556712 | cnn_loss=0.525678 | gnn_loss=0.031034 | lr=0.000631446 | epoch_time=00:01:10 | elapsed=08:44:03 | ETA=13:06:04 | estimated_finish=2026-06-17 18:58:27
Quick validation epoch=400 | pseudo_dice=0.467879 | val_time=00:00:24
Full validation epoch=400 | mean_dice=0.186881 | val_time=00:00:52
Epoch 401/1000 finished | loss=0.468043 | cnn_loss=0.441082 | gnn_loss=0.026961 | lr=0.000630499 | epoch_time=00:01:08 | elapsed=08:46:28 | ETA=13:06:25 | estimated_finish=2026-06-17 19:01:13
Epoch 402/1000 finished | loss=0.533829 | cnn_loss=0.503808 | gnn_loss=0.030020 | lr=0.000629551 | epoch_time=00:01:11 | elapsed=08:47:40 | ETA=13:04:56 | estimated_finish=2026-06-17 19:00:56
Epoch 403/1000 finished | loss=0.538034 | cnn_loss=0.509772 | gnn_loss=0.028262 | lr=0.000628604 | epoch_time=00:01:15 | elapsed=08:48:55 | ETA=13:03:32 | estimated_finish=2026-06-17 19:00:47
Epoch 404/1000 finished | loss=0.521599 | cnn_loss=0.493202 | gnn_loss=0.028397 | lr=0.000627656 | epoch_time=00:01:17 | elapsed=08:50:13 | ETA=13:02:12 | estimated_finish=2026-06-17 19:00:45
Epoch 405/1000 finished | loss=0.508042 | cnn_loss=0.482408 | gnn_loss=0.025634 | lr=0.000626708 | epoch_time=00:01:10 | elapsed=08:51:23 | ETA=13:00:41 | estimated_finish=2026-06-17 19:00:25
Quick validation epoch=405 | pseudo_dice=0.599313 | val_time=00:00:23
Epoch 406/1000 finished | loss=0.534846 | cnn_loss=0.503609 | gnn_loss=0.031237 | lr=0.00062576 | epoch_time=00:01:14 | elapsed=08:53:02 | ETA=12:59:52 | estimated_finish=2026-06-17 19:01:14
Epoch 407/1000 finished | loss=0.529495 | cnn_loss=0.500814 | gnn_loss=0.028681 | lr=0.000624812 | epoch_time=00:01:10 | elapsed=08:54:13 | ETA=12:58:21 | estimated_finish=2026-06-17 19:00:53
Epoch 408/1000 finished | loss=0.534220 | cnn_loss=0.506313 | gnn_loss=0.027907 | lr=0.000623863 | epoch_time=00:01:09 | elapsed=08:55:22 | ETA=12:56:49 | estimated_finish=2026-06-17 19:00:32
Epoch 409/1000 finished | loss=0.545393 | cnn_loss=0.513065 | gnn_loss=0.032329 | lr=0.000622915 | epoch_time=00:01:10 | elapsed=08:56:33 | ETA=12:55:19 | estimated_finish=2026-06-17 19:00:12
Epoch 410/1000 finished | loss=0.569647 | cnn_loss=0.538792 | gnn_loss=0.030856 | lr=0.000621966 | epoch_time=00:01:12 | elapsed=08:57:46 | ETA=12:53:52 | estimated_finish=2026-06-17 18:59:57
Quick validation epoch=410 | pseudo_dice=0.667285 | val_time=00:00:23
Epoch 411/1000 finished | loss=0.512204 | cnn_loss=0.482554 | gnn_loss=0.029650 | lr=0.000621017 | epoch_time=00:01:10 | elapsed=08:59:20 | ETA=12:52:55 | estimated_finish=2026-06-17 19:00:35
Epoch 412/1000 finished | loss=0.551538 | cnn_loss=0.523324 | gnn_loss=0.028214 | lr=0.000620068 | epoch_time=00:01:09 | elapsed=09:00:30 | ETA=12:51:23 | estimated_finish=2026-06-17 19:00:13
Epoch 413/1000 finished | loss=0.548326 | cnn_loss=0.517883 | gnn_loss=0.030443 | lr=0.000619119 | epoch_time=00:01:10 | elapsed=09:01:40 | ETA=12:49:53 | estimated_finish=2026-06-17 18:59:54
Epoch 414/1000 finished | loss=0.566556 | cnn_loss=0.535650 | gnn_loss=0.030905 | lr=0.00061817 | epoch_time=00:01:12 | elapsed=09:02:53 | ETA=12:48:25 | estimated_finish=2026-06-17 18:59:38
Epoch 415/1000 finished | loss=0.540300 | cnn_loss=0.510577 | gnn_loss=0.029723 | lr=0.00061722 | epoch_time=00:01:11 | elapsed=09:04:04 | ETA=12:46:56 | estimated_finish=2026-06-17 18:59:20
Quick validation epoch=415 | pseudo_dice=0.561664 | val_time=00:00:23
Epoch 416/1000 finished | loss=0.528591 | cnn_loss=0.496867 | gnn_loss=0.031724 | lr=0.000616271 | epoch_time=00:01:10 | elapsed=09:05:38 | ETA=12:45:59 | estimated_finish=2026-06-17 18:59:57
Epoch 417/1000 finished | loss=0.552539 | cnn_loss=0.521583 | gnn_loss=0.030956 | lr=0.000615321 | epoch_time=00:01:12 | elapsed=09:06:51 | ETA=12:44:33 | estimated_finish=2026-06-17 18:59:44
Epoch 418/1000 finished | loss=0.538501 | cnn_loss=0.504946 | gnn_loss=0.033554 | lr=0.000614371 | epoch_time=00:01:09 | elapsed=09:08:01 | ETA=12:43:01 | estimated_finish=2026-06-17 18:59:22
Epoch 419/1000 finished | loss=0.526139 | cnn_loss=0.494916 | gnn_loss=0.031224 | lr=0.000613421 | epoch_time=00:01:10 | elapsed=09:09:11 | ETA=12:41:32 | estimated_finish=2026-06-17 18:59:03
Epoch 420/1000 finished | loss=0.480313 | cnn_loss=0.453335 | gnn_loss=0.026978 | lr=0.000612471 | epoch_time=00:01:10 | elapsed=09:10:22 | ETA=12:40:02 | estimated_finish=2026-06-17 18:58:43
Quick validation epoch=420 | pseudo_dice=0.512471 | val_time=00:00:23
Epoch 421/1000 finished | loss=0.570821 | cnn_loss=0.544177 | gnn_loss=0.026644 | lr=0.00061152 | epoch_time=00:01:12 | elapsed=09:11:58 | ETA=12:39:07 | estimated_finish=2026-06-17 18:59:24
Epoch 422/1000 finished | loss=0.532289 | cnn_loss=0.502348 | gnn_loss=0.029941 | lr=0.000610569 | epoch_time=00:01:11 | elapsed=09:13:09 | ETA=12:37:38 | estimated_finish=2026-06-17 18:59:07
Epoch 423/1000 finished | loss=0.535734 | cnn_loss=0.506521 | gnn_loss=0.029213 | lr=0.000609619 | epoch_time=00:01:12 | elapsed=09:14:21 | ETA=12:36:10 | estimated_finish=2026-06-17 18:58:51
Epoch 424/1000 finished | loss=0.535339 | cnn_loss=0.508384 | gnn_loss=0.026955 | lr=0.000608668 | epoch_time=00:01:10 | elapsed=09:15:31 | ETA=12:34:40 | estimated_finish=2026-06-17 18:58:31
Epoch 425/1000 finished | loss=0.562329 | cnn_loss=0.530845 | gnn_loss=0.031484 | lr=0.000607717 | epoch_time=00:01:14 | elapsed=09:16:46 | ETA=12:33:16 | estimated_finish=2026-06-17 18:58:22
Quick validation epoch=425 | pseudo_dice=0.444674 | val_time=00:00:23
Epoch 426/1000 finished | loss=0.544169 | cnn_loss=0.513201 | gnn_loss=0.030968 | lr=0.000606765 | epoch_time=00:01:12 | elapsed=09:18:22 | ETA=12:32:22 | estimated_finish=2026-06-17 18:59:04
Epoch 427/1000 finished | loss=0.519325 | cnn_loss=0.489981 | gnn_loss=0.029344 | lr=0.000605814 | epoch_time=00:01:10 | elapsed=09:19:33 | ETA=12:30:53 | estimated_finish=2026-06-17 18:58:46
Epoch 428/1000 finished | loss=0.519907 | cnn_loss=0.488209 | gnn_loss=0.031698 | lr=0.000604862 | epoch_time=00:01:14 | elapsed=09:20:48 | ETA=12:29:29 | estimated_finish=2026-06-17 18:58:37
Epoch 429/1000 finished | loss=0.528941 | cnn_loss=0.500472 | gnn_loss=0.028470 | lr=0.00060391 | epoch_time=00:01:08 | elapsed=09:21:57 | ETA=12:27:57 | estimated_finish=2026-06-17 18:58:14
Epoch 430/1000 finished | loss=0.530843 | cnn_loss=0.499774 | gnn_loss=0.031069 | lr=0.000602958 | epoch_time=00:01:12 | elapsed=09:23:10 | ETA=12:26:31 | estimated_finish=2026-06-17 18:58:01
Quick validation epoch=430 | pseudo_dice=0.584437 | val_time=00:00:25
Epoch 431/1000 finished | loss=0.572660 | cnn_loss=0.540513 | gnn_loss=0.032148 | lr=0.000602006 | epoch_time=00:01:11 | elapsed=09:24:46 | ETA=12:25:36 | estimated_finish=2026-06-17 18:58:42
Epoch 432/1000 finished | loss=0.511500 | cnn_loss=0.479717 | gnn_loss=0.031783 | lr=0.000601054 | epoch_time=00:01:11 | elapsed=09:25:57 | ETA=12:24:07 | estimated_finish=2026-06-17 18:58:24
Epoch 433/1000 finished | loss=0.516564 | cnn_loss=0.484896 | gnn_loss=0.031668 | lr=0.000600102 | epoch_time=00:01:16 | elapsed=09:27:13 | ETA=12:22:45 | estimated_finish=2026-06-17 18:58:18
Epoch 434/1000 finished | loss=0.511455 | cnn_loss=0.479386 | gnn_loss=0.032069 | lr=0.000599149 | epoch_time=00:01:12 | elapsed=09:28:26 | ETA=12:21:19 | estimated_finish=2026-06-17 18:58:04
Epoch 435/1000 finished | loss=0.527958 | cnn_loss=0.495038 | gnn_loss=0.032920 | lr=0.000598196 | epoch_time=00:01:10 | elapsed=09:29:36 | ETA=12:19:49 | estimated_finish=2026-06-17 18:57:45
Quick validation epoch=435 | pseudo_dice=0.525788 | val_time=00:00:23
Epoch 436/1000 finished | loss=0.545511 | cnn_loss=0.514287 | gnn_loss=0.031224 | lr=0.000597243 | epoch_time=00:01:09 | elapsed=09:31:09 | ETA=12:18:50 | estimated_finish=2026-06-17 18:58:18
Epoch 437/1000 finished | loss=0.545916 | cnn_loss=0.515690 | gnn_loss=0.030225 | lr=0.00059629 | epoch_time=00:01:10 | elapsed=09:32:20 | ETA=12:17:21 | estimated_finish=2026-06-17 18:58:01
Epoch 438/1000 finished | loss=0.571500 | cnn_loss=0.540835 | gnn_loss=0.030664 | lr=0.000595337 | epoch_time=00:01:12 | elapsed=09:33:32 | ETA=12:15:55 | estimated_finish=2026-06-17 18:57:47
Epoch 439/1000 finished | loss=0.531952 | cnn_loss=0.500572 | gnn_loss=0.031380 | lr=0.000594383 | epoch_time=00:01:11 | elapsed=09:34:43 | ETA=12:14:26 | estimated_finish=2026-06-17 18:57:30
Epoch 440/1000 finished | loss=0.513838 | cnn_loss=0.481352 | gnn_loss=0.032487 | lr=0.00059343 | epoch_time=00:01:09 | elapsed=09:35:53 | ETA=12:12:56 | estimated_finish=2026-06-17 18:57:09
Quick validation epoch=440 | pseudo_dice=0.545433 | val_time=00:00:24
Epoch 441/1000 finished | loss=0.557363 | cnn_loss=0.528045 | gnn_loss=0.029318 | lr=0.000592476 | epoch_time=00:01:09 | elapsed=09:37:26 | ETA=12:11:57 | estimated_finish=2026-06-17 18:57:43
Epoch 442/1000 finished | loss=0.495359 | cnn_loss=0.465048 | gnn_loss=0.030311 | lr=0.000591522 | epoch_time=00:01:11 | elapsed=09:38:38 | ETA=12:10:29 | estimated_finish=2026-06-17 18:57:27
Epoch 443/1000 finished | loss=0.508193 | cnn_loss=0.477401 | gnn_loss=0.030792 | lr=0.000590568 | epoch_time=00:01:11 | elapsed=09:39:50 | ETA=12:09:02 | estimated_finish=2026-06-17 18:57:12
Epoch 444/1000 finished | loss=0.531798 | cnn_loss=0.504020 | gnn_loss=0.027778 | lr=0.000589613 | epoch_time=00:01:09 | elapsed=09:40:59 | ETA=12:07:33 | estimated_finish=2026-06-17 18:56:52
Epoch 445/1000 finished | loss=0.539439 | cnn_loss=0.509835 | gnn_loss=0.029604 | lr=0.000588659 | epoch_time=00:01:10 | elapsed=09:42:10 | ETA=12:06:04 | estimated_finish=2026-06-17 18:56:34
Quick validation epoch=445 | pseudo_dice=0.478150 | val_time=00:00:23
Epoch 446/1000 finished | loss=0.514136 | cnn_loss=0.482524 | gnn_loss=0.031613 | lr=0.000587704 | epoch_time=00:01:11 | elapsed=09:43:45 | ETA=12:05:06 | estimated_finish=2026-06-17 18:57:11
Epoch 447/1000 finished | loss=0.542863 | cnn_loss=0.509118 | gnn_loss=0.033744 | lr=0.000586749 | epoch_time=00:01:11 | elapsed=09:44:57 | ETA=12:03:39 | estimated_finish=2026-06-17 18:56:56
Epoch 448/1000 finished | loss=0.530493 | cnn_loss=0.501467 | gnn_loss=0.029025 | lr=0.000585794 | epoch_time=00:01:11 | elapsed=09:46:08 | ETA=12:02:12 | estimated_finish=2026-06-17 18:56:40
Epoch 449/1000 finished | loss=0.535291 | cnn_loss=0.501036 | gnn_loss=0.034255 | lr=0.000584839 | epoch_time=00:01:11 | elapsed=09:47:20 | ETA=12:00:45 | estimated_finish=2026-06-17 18:56:25
Epoch 450/1000 finished | loss=0.528404 | cnn_loss=0.496099 | gnn_loss=0.032304 | lr=0.000583884 | epoch_time=00:01:09 | elapsed=09:48:29 | ETA=11:59:16 | estimated_finish=2026-06-17 18:56:05
Quick validation epoch=450 | pseudo_dice=0.590560 | val_time=00:00:23
Epoch 451/1000 finished | loss=0.524248 | cnn_loss=0.492296 | gnn_loss=0.031952 | lr=0.000582928 | epoch_time=00:01:10 | elapsed=09:50:03 | ETA=11:58:17 | estimated_finish=2026-06-17 18:56:40
Epoch 452/1000 finished | loss=0.568379 | cnn_loss=0.538197 | gnn_loss=0.030183 | lr=0.000581973 | epoch_time=00:01:13 | elapsed=09:51:17 | ETA=11:56:52 | estimated_finish=2026-06-17 18:56:29
Epoch 453/1000 finished | loss=0.478455 | cnn_loss=0.450234 | gnn_loss=0.028222 | lr=0.000581017 | epoch_time=00:01:14 | elapsed=09:52:32 | ETA=11:55:29 | estimated_finish=2026-06-17 18:56:21
Epoch 454/1000 finished | loss=0.517426 | cnn_loss=0.486240 | gnn_loss=0.031186 | lr=0.000580061 | epoch_time=00:01:08 | elapsed=09:53:41 | ETA=11:54:00 | estimated_finish=2026-06-17 18:56:00
Epoch 455/1000 finished | loss=0.550824 | cnn_loss=0.517299 | gnn_loss=0.033525 | lr=0.000579104 | epoch_time=00:01:11 | elapsed=09:54:52 | ETA=11:52:33 | estimated_finish=2026-06-17 18:55:45
Quick validation epoch=455 | pseudo_dice=0.494599 | val_time=00:00:23
Epoch 456/1000 finished | loss=0.594373 | cnn_loss=0.563515 | gnn_loss=0.030858 | lr=0.000578148 | epoch_time=00:01:11 | elapsed=09:56:27 | ETA=11:51:33 | estimated_finish=2026-06-17 18:56:20
Epoch 457/1000 finished | loss=0.529171 | cnn_loss=0.499727 | gnn_loss=0.029444 | lr=0.000577191 | epoch_time=00:01:08 | elapsed=09:57:36 | ETA=11:50:04 | estimated_finish=2026-06-17 18:55:59
Epoch 458/1000 finished | loss=0.528114 | cnn_loss=0.496280 | gnn_loss=0.031835 | lr=0.000576235 | epoch_time=00:01:11 | elapsed=09:58:48 | ETA=11:48:37 | estimated_finish=2026-06-17 18:55:45
Epoch 459/1000 finished | loss=0.524012 | cnn_loss=0.492312 | gnn_loss=0.031700 | lr=0.000575278 | epoch_time=00:01:10 | elapsed=09:59:58 | ETA=11:47:10 | estimated_finish=2026-06-17 18:55:28
Epoch 460/1000 finished | loss=0.534284 | cnn_loss=0.501810 | gnn_loss=0.032474 | lr=0.000574321 | epoch_time=00:01:12 | elapsed=10:01:11 | ETA=11:45:45 | estimated_finish=2026-06-17 18:55:16
Quick validation epoch=460 | pseudo_dice=0.527265 | val_time=00:00:23
Epoch 461/1000 finished | loss=0.491749 | cnn_loss=0.464433 | gnn_loss=0.027316 | lr=0.000573363 | epoch_time=00:01:10 | elapsed=10:02:46 | ETA=11:44:45 | estimated_finish=2026-06-17 18:55:50
Epoch 462/1000 finished | loss=0.553283 | cnn_loss=0.520164 | gnn_loss=0.033119 | lr=0.000572406 | epoch_time=00:01:11 | elapsed=10:03:57 | ETA=11:43:18 | estimated_finish=2026-06-17 18:55:35
Epoch 463/1000 finished | loss=0.544459 | cnn_loss=0.511627 | gnn_loss=0.032832 | lr=0.000571448 | epoch_time=00:01:10 | elapsed=10:05:07 | ETA=11:41:50 | estimated_finish=2026-06-17 18:55:18
Epoch 464/1000 finished | loss=0.522478 | cnn_loss=0.492868 | gnn_loss=0.029609 | lr=0.00057049 | epoch_time=00:01:12 | elapsed=10:06:20 | ETA=11:40:25 | estimated_finish=2026-06-17 18:55:05
Epoch 465/1000 finished | loss=0.545345 | cnn_loss=0.514343 | gnn_loss=0.031002 | lr=0.000569532 | epoch_time=00:01:10 | elapsed=10:07:30 | ETA=11:38:57 | estimated_finish=2026-06-17 18:54:48
Quick validation epoch=465 | pseudo_dice=0.543711 | val_time=00:00:24
Epoch 466/1000 finished | loss=0.536007 | cnn_loss=0.505705 | gnn_loss=0.030303 | lr=0.000568574 | epoch_time=00:01:09 | elapsed=10:09:04 | ETA=11:37:57 | estimated_finish=2026-06-17 18:55:21
Epoch 467/1000 finished | loss=0.508262 | cnn_loss=0.479025 | gnn_loss=0.029237 | lr=0.000567616 | epoch_time=00:01:13 | elapsed=10:10:18 | ETA=11:36:33 | estimated_finish=2026-06-17 18:55:11
Epoch 468/1000 finished | loss=0.570424 | cnn_loss=0.536375 | gnn_loss=0.034048 | lr=0.000566657 | epoch_time=00:01:13 | elapsed=10:11:32 | ETA=11:35:09 | estimated_finish=2026-06-17 18:55:01
Epoch 469/1000 finished | loss=0.531655 | cnn_loss=0.500924 | gnn_loss=0.030731 | lr=0.000565699 | epoch_time=00:01:11 | elapsed=10:12:43 | ETA=11:33:43 | estimated_finish=2026-06-17 18:54:46
Epoch 470/1000 finished | loss=0.504027 | cnn_loss=0.479012 | gnn_loss=0.025015 | lr=0.00056474 | epoch_time=00:01:08 | elapsed=10:13:52 | ETA=11:32:14 | estimated_finish=2026-06-17 18:54:26
Quick validation epoch=470 | pseudo_dice=0.437166 | val_time=00:00:23
Epoch 471/1000 finished | loss=0.500706 | cnn_loss=0.467563 | gnn_loss=0.033143 | lr=0.000563781 | epoch_time=00:01:13 | elapsed=10:15:29 | ETA=11:31:16 | estimated_finish=2026-06-17 18:55:05
Epoch 472/1000 finished | loss=0.541616 | cnn_loss=0.510902 | gnn_loss=0.030714 | lr=0.000562821 | epoch_time=00:01:09 | elapsed=10:16:38 | ETA=11:29:48 | estimated_finish=2026-06-17 18:54:47
Epoch 473/1000 finished | loss=0.536853 | cnn_loss=0.505471 | gnn_loss=0.031381 | lr=0.000561862 | epoch_time=00:01:13 | elapsed=10:17:52 | ETA=11:28:24 | estimated_finish=2026-06-17 18:54:35
Epoch 474/1000 finished | loss=0.522118 | cnn_loss=0.495989 | gnn_loss=0.026129 | lr=0.000560902 | epoch_time=00:01:13 | elapsed=10:19:06 | ETA=11:27:01 | estimated_finish=2026-06-17 18:54:26
Epoch 475/1000 finished | loss=0.516646 | cnn_loss=0.485449 | gnn_loss=0.031196 | lr=0.000559942 | epoch_time=00:01:11 | elapsed=10:20:17 | ETA=11:25:34 | estimated_finish=2026-06-17 18:54:11
Quick validation epoch=475 | pseudo_dice=0.521347 | val_time=00:00:24
Epoch 476/1000 finished | loss=0.516683 | cnn_loss=0.482094 | gnn_loss=0.034589 | lr=0.000558982 | epoch_time=00:01:13 | elapsed=10:21:55 | ETA=11:24:38 | estimated_finish=2026-06-17 18:54:52
Epoch 477/1000 finished | loss=0.528724 | cnn_loss=0.495097 | gnn_loss=0.033627 | lr=0.000558022 | epoch_time=00:01:13 | elapsed=10:23:08 | ETA=11:23:14 | estimated_finish=2026-06-17 18:54:42
Epoch 478/1000 finished | loss=0.538533 | cnn_loss=0.504957 | gnn_loss=0.033576 | lr=0.000557062 | epoch_time=00:01:13 | elapsed=10:24:22 | ETA=11:21:50 | estimated_finish=2026-06-17 18:54:31
Epoch 479/1000 finished | loss=0.470298 | cnn_loss=0.443282 | gnn_loss=0.027015 | lr=0.000556101 | epoch_time=00:01:10 | elapsed=10:25:32 | ETA=11:20:23 | estimated_finish=2026-06-17 18:54:16
Epoch 480/1000 finished | loss=0.492117 | cnn_loss=0.463537 | gnn_loss=0.028579 | lr=0.000555141 | epoch_time=00:01:08 | elapsed=10:26:41 | ETA=11:18:55 | estimated_finish=2026-06-17 18:53:56
Quick validation epoch=480 | pseudo_dice=0.482479 | val_time=00:00:23
Epoch 481/1000 finished | loss=0.514627 | cnn_loss=0.483840 | gnn_loss=0.030787 | lr=0.00055418 | epoch_time=00:01:08 | elapsed=10:28:13 | ETA=11:17:51 | estimated_finish=2026-06-17 18:54:23
Epoch 482/1000 finished | loss=0.537663 | cnn_loss=0.504094 | gnn_loss=0.033569 | lr=0.000553219 | epoch_time=00:01:10 | elapsed=10:29:24 | ETA=11:16:24 | estimated_finish=2026-06-17 18:54:07
Epoch 483/1000 finished | loss=0.507913 | cnn_loss=0.475324 | gnn_loss=0.032589 | lr=0.000552257 | epoch_time=00:01:11 | elapsed=10:30:35 | ETA=11:14:58 | estimated_finish=2026-06-17 18:53:53
Epoch 484/1000 finished | loss=0.539729 | cnn_loss=0.508891 | gnn_loss=0.030838 | lr=0.000551296 | epoch_time=00:01:11 | elapsed=10:31:46 | ETA=11:13:32 | estimated_finish=2026-06-17 18:53:38
Epoch 485/1000 finished | loss=0.534311 | cnn_loss=0.502349 | gnn_loss=0.031961 | lr=0.000550334 | epoch_time=00:01:09 | elapsed=10:32:56 | ETA=11:12:05 | estimated_finish=2026-06-17 18:53:21
Quick validation epoch=485 | pseudo_dice=0.533148 | val_time=00:00:23
Epoch 486/1000 finished | loss=0.538886 | cnn_loss=0.507595 | gnn_loss=0.031292 | lr=0.000549372 | epoch_time=00:01:09 | elapsed=10:34:29 | ETA=11:11:02 | estimated_finish=2026-06-17 18:53:51
Epoch 487/1000 finished | loss=0.554929 | cnn_loss=0.523770 | gnn_loss=0.031159 | lr=0.00054841 | epoch_time=00:01:09 | elapsed=10:35:39 | ETA=11:09:35 | estimated_finish=2026-06-17 18:53:34
Epoch 488/1000 finished | loss=0.509776 | cnn_loss=0.477659 | gnn_loss=0.032117 | lr=0.000547448 | epoch_time=00:01:10 | elapsed=10:36:49 | ETA=11:08:08 | estimated_finish=2026-06-17 18:53:17
Epoch 489/1000 finished | loss=0.536971 | cnn_loss=0.505724 | gnn_loss=0.031246 | lr=0.000546486 | epoch_time=00:01:10 | elapsed=10:37:59 | ETA=11:06:41 | estimated_finish=2026-06-17 18:53:00
Epoch 490/1000 finished | loss=0.508672 | cnn_loss=0.480302 | gnn_loss=0.028370 | lr=0.000545523 | epoch_time=00:01:10 | elapsed=10:39:09 | ETA=11:05:15 | estimated_finish=2026-06-17 18:52:44
Quick validation epoch=490 | pseudo_dice=0.544439 | val_time=00:00:23
Epoch 491/1000 finished | loss=0.472970 | cnn_loss=0.445997 | gnn_loss=0.026973 | lr=0.00054456 | epoch_time=00:01:10 | elapsed=10:40:44 | ETA=11:04:13 | estimated_finish=2026-06-17 18:53:17
Epoch 492/1000 finished | loss=0.548039 | cnn_loss=0.514484 | gnn_loss=0.033555 | lr=0.000543597 | epoch_time=00:01:10 | elapsed=10:41:54 | ETA=11:02:47 | estimated_finish=2026-06-17 18:53:01
Epoch 493/1000 finished | loss=0.519418 | cnn_loss=0.489775 | gnn_loss=0.029644 | lr=0.000542634 | epoch_time=00:01:09 | elapsed=10:43:04 | ETA=11:01:20 | estimated_finish=2026-06-17 18:52:44
Epoch 494/1000 finished | loss=0.523309 | cnn_loss=0.493542 | gnn_loss=0.029767 | lr=0.000541671 | epoch_time=00:01:10 | elapsed=10:44:14 | ETA=10:59:53 | estimated_finish=2026-06-17 18:52:27
Epoch 495/1000 finished | loss=0.537086 | cnn_loss=0.507058 | gnn_loss=0.030028 | lr=0.000540707 | epoch_time=00:01:10 | elapsed=10:45:25 | ETA=10:58:27 | estimated_finish=2026-06-17 18:52:12
Quick validation epoch=495 | pseudo_dice=0.557992 | val_time=00:00:23
Epoch 496/1000 finished | loss=0.524098 | cnn_loss=0.491621 | gnn_loss=0.032477 | lr=0.000539744 | epoch_time=00:01:11 | elapsed=10:47:00 | ETA=10:57:26 | estimated_finish=2026-06-17 18:52:46
Epoch 497/1000 finished | loss=0.565583 | cnn_loss=0.532613 | gnn_loss=0.032971 | lr=0.00053878 | epoch_time=00:01:11 | elapsed=10:48:11 | ETA=10:56:01 | estimated_finish=2026-06-17 18:52:31
Epoch 498/1000 finished | loss=0.462491 | cnn_loss=0.436287 | gnn_loss=0.026205 | lr=0.000537816 | epoch_time=00:01:13 | elapsed=10:49:24 | ETA=10:54:37 | estimated_finish=2026-06-17 18:52:21
Epoch 499/1000 finished | loss=0.539473 | cnn_loss=0.509383 | gnn_loss=0.030090 | lr=0.000536851 | epoch_time=00:01:08 | elapsed=10:50:33 | ETA=10:53:10 | estimated_finish=2026-06-17 18:52:03
Epoch 500/1000 finished | loss=0.524194 | cnn_loss=0.492443 | gnn_loss=0.031751 | lr=0.000535887 | epoch_time=00:01:12 | elapsed=10:51:46 | ETA=10:51:46 | estimated_finish=2026-06-17 18:51:51
Quick validation epoch=500 | pseudo_dice=0.602331 | val_time=00:00:23
Full validation epoch=500 | mean_dice=0.310233 | val_time=00:00:52
New best full-validation model saved | dice=0.310233 | epoch=500
Epoch 501/1000 finished | loss=0.518270 | cnn_loss=0.487297 | gnn_loss=0.030972 | lr=0.000534922 | epoch_time=00:01:13 | elapsed=10:54:15 | ETA=10:51:38 | estimated_finish=2026-06-17 18:54:13
Epoch 502/1000 finished | loss=0.490345 | cnn_loss=0.465460 | gnn_loss=0.024886 | lr=0.000533957 | epoch_time=00:01:10 | elapsed=10:55:26 | ETA=10:50:13 | estimated_finish=2026-06-17 18:53:59
Epoch 503/1000 finished | loss=0.526185 | cnn_loss=0.494496 | gnn_loss=0.031689 | lr=0.000532992 | epoch_time=00:01:13 | elapsed=10:56:40 | ETA=10:48:50 | estimated_finish=2026-06-17 18:53:49
Epoch 504/1000 finished | loss=0.549222 | cnn_loss=0.517128 | gnn_loss=0.032094 | lr=0.000532027 | epoch_time=00:01:10 | elapsed=10:57:50 | ETA=10:47:23 | estimated_finish=2026-06-17 18:53:33
Epoch 505/1000 finished | loss=0.531158 | cnn_loss=0.500641 | gnn_loss=0.030517 | lr=0.000531061 | epoch_time=00:01:09 | elapsed=10:59:00 | ETA=10:45:57 | estimated_finish=2026-06-17 18:53:16
Quick validation epoch=505 | pseudo_dice=0.559604 | val_time=00:00:23
Epoch 506/1000 finished | loss=0.527381 | cnn_loss=0.497347 | gnn_loss=0.030034 | lr=0.000530096 | epoch_time=00:01:10 | elapsed=11:00:34 | ETA=10:44:54 | estimated_finish=2026-06-17 18:53:48
Epoch 507/1000 finished | loss=0.572358 | cnn_loss=0.541336 | gnn_loss=0.031023 | lr=0.00052913 | epoch_time=00:01:10 | elapsed=11:01:45 | ETA=10:43:28 | estimated_finish=2026-06-17 18:53:33
Epoch 508/1000 finished | loss=0.566173 | cnn_loss=0.535971 | gnn_loss=0.030202 | lr=0.000528164 | epoch_time=00:01:09 | elapsed=11:02:55 | ETA=10:42:02 | estimated_finish=2026-06-17 18:53:16
Epoch 509/1000 finished | loss=0.530760 | cnn_loss=0.498356 | gnn_loss=0.032403 | lr=0.000527198 | epoch_time=00:01:10 | elapsed=11:04:05 | ETA=10:40:36 | estimated_finish=2026-06-17 18:53:01
Epoch 510/1000 finished | loss=0.524579 | cnn_loss=0.493454 | gnn_loss=0.031125 | lr=0.000526231 | epoch_time=00:01:09 | elapsed=11:05:15 | ETA=10:39:09 | estimated_finish=2026-06-17 18:52:44
Quick validation epoch=510 | pseudo_dice=0.569016 | val_time=00:00:23
Epoch 511/1000 finished | loss=0.537238 | cnn_loss=0.502004 | gnn_loss=0.035235 | lr=0.000525264 | epoch_time=00:01:09 | elapsed=11:06:48 | ETA=10:38:05 | estimated_finish=2026-06-17 18:53:13
Epoch 512/1000 finished | loss=0.494318 | cnn_loss=0.460619 | gnn_loss=0.033699 | lr=0.000524298 | epoch_time=00:01:11 | elapsed=11:07:59 | ETA=10:36:41 | estimated_finish=2026-06-17 18:53:00
Epoch 513/1000 finished | loss=0.491822 | cnn_loss=0.461741 | gnn_loss=0.030082 | lr=0.000523331 | epoch_time=00:01:11 | elapsed=11:09:10 | ETA=10:35:15 | estimated_finish=2026-06-17 18:52:46
Epoch 514/1000 finished | loss=0.498626 | cnn_loss=0.468558 | gnn_loss=0.030067 | lr=0.000522363 | epoch_time=00:01:13 | elapsed=11:10:24 | ETA=10:33:52 | estimated_finish=2026-06-17 18:52:36
Epoch 515/1000 finished | loss=0.488731 | cnn_loss=0.459346 | gnn_loss=0.029386 | lr=0.000521396 | epoch_time=00:01:09 | elapsed=11:11:33 | ETA=10:32:26 | estimated_finish=2026-06-17 18:52:20
Quick validation epoch=515 | pseudo_dice=0.553172 | val_time=00:00:24
Epoch 516/1000 finished | loss=0.517552 | cnn_loss=0.485183 | gnn_loss=0.032369 | lr=0.000520428 | epoch_time=00:01:12 | elapsed=11:13:10 | ETA=10:31:25 | estimated_finish=2026-06-17 18:52:55
Epoch 517/1000 finished | loss=0.504949 | cnn_loss=0.476833 | gnn_loss=0.028115 | lr=0.00051946 | epoch_time=00:01:09 | elapsed=11:14:19 | ETA=10:29:58 | estimated_finish=2026-06-17 18:52:37
Epoch 518/1000 finished | loss=0.530524 | cnn_loss=0.500954 | gnn_loss=0.029570 | lr=0.000518492 | epoch_time=00:01:09 | elapsed=11:15:28 | ETA=10:28:31 | estimated_finish=2026-06-17 18:52:19
Epoch 519/1000 finished | loss=0.488530 | cnn_loss=0.458024 | gnn_loss=0.030506 | lr=0.000517524 | epoch_time=00:01:11 | elapsed=11:16:39 | ETA=10:27:07 | estimated_finish=2026-06-17 18:52:06
Epoch 520/1000 finished | loss=0.512830 | cnn_loss=0.481430 | gnn_loss=0.031400 | lr=0.000516556 | epoch_time=00:01:10 | elapsed=11:17:50 | ETA=10:25:41 | estimated_finish=2026-06-17 18:51:51
Quick validation epoch=520 | pseudo_dice=0.665189 | val_time=00:00:23
Epoch 521/1000 finished | loss=0.482890 | cnn_loss=0.453882 | gnn_loss=0.029008 | lr=0.000515587 | epoch_time=00:01:09 | elapsed=11:19:23 | ETA=10:24:37 | estimated_finish=2026-06-17 18:52:20
Epoch 522/1000 finished | loss=0.451981 | cnn_loss=0.426660 | gnn_loss=0.025321 | lr=0.000514618 | epoch_time=00:01:16 | elapsed=11:20:40 | ETA=10:23:17 | estimated_finish=2026-06-17 18:52:17
Epoch 523/1000 finished | loss=0.539847 | cnn_loss=0.510263 | gnn_loss=0.029584 | lr=0.000513649 | epoch_time=00:01:12 | elapsed=11:21:53 | ETA=10:21:54 | estimated_finish=2026-06-17 18:52:07
Epoch 524/1000 finished | loss=0.503116 | cnn_loss=0.474455 | gnn_loss=0.028660 | lr=0.00051268 | epoch_time=00:01:18 | elapsed=11:23:11 | ETA=10:20:36 | estimated_finish=2026-06-17 18:52:07
Epoch 525/1000 finished | loss=0.561167 | cnn_loss=0.526698 | gnn_loss=0.034469 | lr=0.00051171 | epoch_time=00:01:12 | elapsed=11:24:24 | ETA=10:19:13 | estimated_finish=2026-06-17 18:51:57
Quick validation epoch=525 | pseudo_dice=0.493497 | val_time=00:00:24
Epoch 526/1000 finished | loss=0.500461 | cnn_loss=0.469103 | gnn_loss=0.031358 | lr=0.000510741 | epoch_time=00:01:11 | elapsed=11:25:59 | ETA=10:18:10 | estimated_finish=2026-06-17 18:52:29
Epoch 527/1000 finished | loss=0.537178 | cnn_loss=0.506624 | gnn_loss=0.030554 | lr=0.000509771 | epoch_time=00:01:10 | elapsed=11:27:10 | ETA=10:16:45 | estimated_finish=2026-06-17 18:52:15
Epoch 528/1000 finished | loss=0.523936 | cnn_loss=0.489689 | gnn_loss=0.034247 | lr=0.000508801 | epoch_time=00:01:10 | elapsed=11:28:20 | ETA=10:15:20 | estimated_finish=2026-06-17 18:52:00
Epoch 529/1000 finished | loss=0.538275 | cnn_loss=0.506356 | gnn_loss=0.031919 | lr=0.000507831 | epoch_time=00:01:08 | elapsed=11:29:28 | ETA=10:13:53 | estimated_finish=2026-06-17 18:51:41
Epoch 530/1000 finished | loss=0.536882 | cnn_loss=0.502964 | gnn_loss=0.033918 | lr=0.00050686 | epoch_time=00:01:10 | elapsed=11:30:39 | ETA=10:12:27 | estimated_finish=2026-06-17 18:51:26
Quick validation epoch=530 | pseudo_dice=0.524403 | val_time=00:00:23
Epoch 531/1000 finished | loss=0.474226 | cnn_loss=0.446015 | gnn_loss=0.028211 | lr=0.000505889 | epoch_time=00:01:12 | elapsed=11:32:15 | ETA=10:11:25 | estimated_finish=2026-06-17 18:51:59
Epoch 532/1000 finished | loss=0.515165 | cnn_loss=0.481584 | gnn_loss=0.033581 | lr=0.000504918 | epoch_time=00:01:11 | elapsed=11:33:26 | ETA=10:10:01 | estimated_finish=2026-06-17 18:51:47
Epoch 533/1000 finished | loss=0.537440 | cnn_loss=0.507088 | gnn_loss=0.030352 | lr=0.000503947 | epoch_time=00:01:10 | elapsed=11:34:37 | ETA=10:08:36 | estimated_finish=2026-06-17 18:51:32
Epoch 534/1000 finished | loss=0.533500 | cnn_loss=0.498780 | gnn_loss=0.034720 | lr=0.000502976 | epoch_time=00:01:09 | elapsed=11:35:47 | ETA=10:07:10 | estimated_finish=2026-06-17 18:51:17
Epoch 535/1000 finished | loss=0.516329 | cnn_loss=0.487619 | gnn_loss=0.028711 | lr=0.000502005 | epoch_time=00:01:08 | elapsed=11:36:55 | ETA=10:05:44 | estimated_finish=2026-06-17 18:50:59
Quick validation epoch=535 | pseudo_dice=0.528603 | val_time=00:00:24
Epoch 536/1000 finished | loss=0.474695 | cnn_loss=0.442288 | gnn_loss=0.032407 | lr=0.000501033 | epoch_time=00:01:09 | elapsed=11:38:29 | ETA=10:04:39 | estimated_finish=2026-06-17 18:51:28
Epoch 537/1000 finished | loss=0.484689 | cnn_loss=0.453376 | gnn_loss=0.031313 | lr=0.000500061 | epoch_time=00:01:12 | elapsed=11:39:41 | ETA=10:03:16 | estimated_finish=2026-06-17 18:51:17
Epoch 538/1000 finished | loss=0.495598 | cnn_loss=0.464496 | gnn_loss=0.031102 | lr=0.000499089 | epoch_time=00:01:09 | elapsed=11:40:50 | ETA=10:01:50 | estimated_finish=2026-06-17 18:51:00
Epoch 539/1000 finished | loss=0.478046 | cnn_loss=0.444480 | gnn_loss=0.033566 | lr=0.000498116 | epoch_time=00:01:10 | elapsed=11:42:01 | ETA=10:00:26 | estimated_finish=2026-06-17 18:50:47
Epoch 540/1000 finished | loss=0.542214 | cnn_loss=0.509785 | gnn_loss=0.032428 | lr=0.000497144 | epoch_time=00:01:11 | elapsed=11:43:13 | ETA=09:59:02 | estimated_finish=2026-06-17 18:50:35
Quick validation epoch=540 | pseudo_dice=0.578584 | val_time=00:00:24
Epoch 541/1000 finished | loss=0.526733 | cnn_loss=0.494401 | gnn_loss=0.032331 | lr=0.000496171 | epoch_time=00:01:11 | elapsed=11:44:49 | ETA=09:57:59 | estimated_finish=2026-06-17 18:51:08
Epoch 542/1000 finished | loss=0.544537 | cnn_loss=0.514665 | gnn_loss=0.029871 | lr=0.000495198 | epoch_time=00:01:09 | elapsed=11:45:58 | ETA=09:56:34 | estimated_finish=2026-06-17 18:50:52
Epoch 543/1000 finished | loss=0.528685 | cnn_loss=0.498109 | gnn_loss=0.030577 | lr=0.000494225 | epoch_time=00:01:11 | elapsed=11:47:10 | ETA=09:55:10 | estimated_finish=2026-06-17 18:50:41
Epoch 544/1000 finished | loss=0.512463 | cnn_loss=0.482106 | gnn_loss=0.030357 | lr=0.000493251 | epoch_time=00:01:13 | elapsed=11:48:24 | ETA=09:53:48 | estimated_finish=2026-06-17 18:50:32
Epoch 545/1000 finished | loss=0.528047 | cnn_loss=0.495661 | gnn_loss=0.032386 | lr=0.000492278 | epoch_time=00:01:11 | elapsed=11:49:35 | ETA=09:52:24 | estimated_finish=2026-06-17 18:50:19
Quick validation epoch=545 | pseudo_dice=0.499746 | val_time=00:00:23
Epoch 546/1000 finished | loss=0.541415 | cnn_loss=0.510927 | gnn_loss=0.030488 | lr=0.000491304 | epoch_time=00:01:12 | elapsed=11:51:11 | ETA=09:51:21 | estimated_finish=2026-06-17 18:50:53
Epoch 547/1000 finished | loss=0.501601 | cnn_loss=0.469055 | gnn_loss=0.032546 | lr=0.00049033 | epoch_time=00:01:11 | elapsed=11:52:23 | ETA=09:49:57 | estimated_finish=2026-06-17 18:50:40
Epoch 548/1000 finished | loss=0.453768 | cnn_loss=0.425330 | gnn_loss=0.028437 | lr=0.000489356 | epoch_time=00:01:09 | elapsed=11:53:32 | ETA=09:48:32 | estimated_finish=2026-06-17 18:50:24
Epoch 549/1000 finished | loss=0.490483 | cnn_loss=0.460893 | gnn_loss=0.029590 | lr=0.000488381 | epoch_time=00:01:11 | elapsed=11:54:44 | ETA=09:47:09 | estimated_finish=2026-06-17 18:50:13
Epoch 550/1000 finished | loss=0.526807 | cnn_loss=0.494496 | gnn_loss=0.032311 | lr=0.000487406 | epoch_time=00:01:12 | elapsed=11:55:56 | ETA=09:45:46 | estimated_finish=2026-06-17 18:50:02
Quick validation epoch=550 | pseudo_dice=0.534865 | val_time=00:00:24
Epoch 551/1000 finished | loss=0.547018 | cnn_loss=0.518525 | gnn_loss=0.028494 | lr=0.000486432 | epoch_time=00:01:10 | elapsed=11:57:31 | ETA=09:44:41 | estimated_finish=2026-06-17 18:50:33
Epoch 552/1000 finished | loss=0.509775 | cnn_loss=0.481277 | gnn_loss=0.028498 | lr=0.000485456 | epoch_time=00:01:10 | elapsed=11:58:41 | ETA=09:43:17 | estimated_finish=2026-06-17 18:50:18
Epoch 553/1000 finished | loss=0.525566 | cnn_loss=0.493073 | gnn_loss=0.032493 | lr=0.000484481 | epoch_time=00:01:11 | elapsed=11:59:53 | ETA=09:41:53 | estimated_finish=2026-06-17 18:50:06
Epoch 554/1000 finished | loss=0.510556 | cnn_loss=0.480809 | gnn_loss=0.029747 | lr=0.000483505 | epoch_time=00:01:12 | elapsed=12:01:05 | ETA=09:40:30 | estimated_finish=2026-06-17 18:49:55
Epoch 555/1000 finished | loss=0.468519 | cnn_loss=0.441569 | gnn_loss=0.026951 | lr=0.00048253 | epoch_time=00:01:11 | elapsed=12:02:16 | ETA=09:39:07 | estimated_finish=2026-06-17 18:49:44
Quick validation epoch=555 | pseudo_dice=0.481508 | val_time=00:00:24
Epoch 556/1000 finished | loss=0.510051 | cnn_loss=0.479712 | gnn_loss=0.030339 | lr=0.000481554 | epoch_time=00:01:10 | elapsed=12:03:51 | ETA=09:38:02 | estimated_finish=2026-06-17 18:50:13
Epoch 557/1000 finished | loss=0.527533 | cnn_loss=0.494782 | gnn_loss=0.032751 | lr=0.000480577 | epoch_time=00:01:10 | elapsed=12:05:01 | ETA=09:36:38 | estimated_finish=2026-06-17 18:49:59
Epoch 558/1000 finished | loss=0.497491 | cnn_loss=0.468144 | gnn_loss=0.029348 | lr=0.000479601 | epoch_time=00:01:11 | elapsed=12:06:12 | ETA=09:35:14 | estimated_finish=2026-06-17 18:49:47
Epoch 559/1000 finished | loss=0.480428 | cnn_loss=0.452424 | gnn_loss=0.028004 | lr=0.000478624 | epoch_time=00:01:09 | elapsed=12:07:22 | ETA=09:33:49 | estimated_finish=2026-06-17 18:49:31
Epoch 560/1000 finished | loss=0.507660 | cnn_loss=0.475428 | gnn_loss=0.032232 | lr=0.000477647 | epoch_time=00:01:11 | elapsed=12:08:33 | ETA=09:32:26 | estimated_finish=2026-06-17 18:49:19
Quick validation epoch=560 | pseudo_dice=0.610048 | val_time=00:00:24
Epoch 561/1000 finished | loss=0.485229 | cnn_loss=0.456327 | gnn_loss=0.028902 | lr=0.00047667 | epoch_time=00:01:09 | elapsed=12:10:07 | ETA=09:31:20 | estimated_finish=2026-06-17 18:49:47
Epoch 562/1000 finished | loss=0.464435 | cnn_loss=0.437747 | gnn_loss=0.026689 | lr=0.000475693 | epoch_time=00:01:16 | elapsed=12:11:23 | ETA=09:30:01 | estimated_finish=2026-06-17 18:49:44
Epoch 563/1000 finished | loss=0.480658 | cnn_loss=0.452115 | gnn_loss=0.028543 | lr=0.000474715 | epoch_time=00:01:13 | elapsed=12:12:36 | ETA=09:28:39 | estimated_finish=2026-06-17 18:49:35
Epoch 564/1000 finished | loss=0.488075 | cnn_loss=0.458884 | gnn_loss=0.029191 | lr=0.000473738 | epoch_time=00:01:11 | elapsed=12:13:48 | ETA=09:27:16 | estimated_finish=2026-06-17 18:49:24
Epoch 565/1000 finished | loss=0.484465 | cnn_loss=0.455379 | gnn_loss=0.029087 | lr=0.00047276 | epoch_time=00:01:14 | elapsed=12:15:03 | ETA=09:25:55 | estimated_finish=2026-06-17 18:49:18
Quick validation epoch=565 | pseudo_dice=0.570151 | val_time=00:00:23
Epoch 566/1000 finished | loss=0.522913 | cnn_loss=0.489468 | gnn_loss=0.033445 | lr=0.000471781 | epoch_time=00:01:08 | elapsed=12:16:36 | ETA=09:24:48 | estimated_finish=2026-06-17 18:49:44
Epoch 567/1000 finished | loss=0.485786 | cnn_loss=0.457903 | gnn_loss=0.027884 | lr=0.000470803 | epoch_time=00:01:11 | elapsed=12:17:47 | ETA=09:23:25 | estimated_finish=2026-06-17 18:49:33
Epoch 568/1000 finished | loss=0.539395 | cnn_loss=0.506998 | gnn_loss=0.032398 | lr=0.000469824 | epoch_time=00:01:10 | elapsed=12:18:58 | ETA=09:22:01 | estimated_finish=2026-06-17 18:49:19
Epoch 569/1000 finished | loss=0.519676 | cnn_loss=0.487523 | gnn_loss=0.032153 | lr=0.000468845 | epoch_time=00:01:11 | elapsed=12:20:09 | ETA=09:20:39 | estimated_finish=2026-06-17 18:49:08
Epoch 570/1000 finished | loss=0.474763 | cnn_loss=0.442382 | gnn_loss=0.032380 | lr=0.000467866 | epoch_time=00:01:09 | elapsed=12:21:19 | ETA=09:19:14 | estimated_finish=2026-06-17 18:48:53
Quick validation epoch=570 | pseudo_dice=0.541520 | val_time=00:00:23
Epoch 571/1000 finished | loss=0.502228 | cnn_loss=0.470823 | gnn_loss=0.031405 | lr=0.000466887 | epoch_time=00:01:11 | elapsed=12:22:55 | ETA=09:18:09 | estimated_finish=2026-06-17 18:49:24
Epoch 572/1000 finished | loss=0.520600 | cnn_loss=0.489782 | gnn_loss=0.030818 | lr=0.000465907 | epoch_time=00:01:11 | elapsed=12:24:06 | ETA=09:16:46 | estimated_finish=2026-06-17 18:49:12
Epoch 573/1000 finished | loss=0.477847 | cnn_loss=0.447175 | gnn_loss=0.030672 | lr=0.000464927 | epoch_time=00:01:11 | elapsed=12:25:18 | ETA=09:15:24 | estimated_finish=2026-06-17 18:49:01
Epoch 574/1000 finished | loss=0.488474 | cnn_loss=0.462117 | gnn_loss=0.026357 | lr=0.000463947 | epoch_time=00:01:09 | elapsed=12:26:27 | ETA=09:13:59 | estimated_finish=2026-06-17 18:48:47
Epoch 575/1000 finished | loss=0.494428 | cnn_loss=0.462005 | gnn_loss=0.032423 | lr=0.000462967 | epoch_time=00:01:12 | elapsed=12:27:40 | ETA=09:12:37 | estimated_finish=2026-06-17 18:48:37
Quick validation epoch=575 | pseudo_dice=0.535236 | val_time=00:00:24
Epoch 576/1000 finished | loss=0.502653 | cnn_loss=0.473951 | gnn_loss=0.028702 | lr=0.000461986 | epoch_time=00:01:10 | elapsed=12:29:15 | ETA=09:11:32 | estimated_finish=2026-06-17 18:49:07
Epoch 577/1000 finished | loss=0.526280 | cnn_loss=0.494706 | gnn_loss=0.031574 | lr=0.000461006 | epoch_time=00:01:11 | elapsed=12:30:27 | ETA=09:10:09 | estimated_finish=2026-06-17 18:48:56
Epoch 578/1000 finished | loss=0.473383 | cnn_loss=0.443081 | gnn_loss=0.030301 | lr=0.000460025 | epoch_time=00:01:09 | elapsed=12:31:36 | ETA=09:08:45 | estimated_finish=2026-06-17 18:48:41
Epoch 579/1000 finished | loss=0.522375 | cnn_loss=0.488451 | gnn_loss=0.033924 | lr=0.000459044 | epoch_time=00:01:10 | elapsed=12:32:47 | ETA=09:07:21 | estimated_finish=2026-06-17 18:48:28
Epoch 580/1000 finished | loss=0.519006 | cnn_loss=0.485664 | gnn_loss=0.033342 | lr=0.000458062 | epoch_time=00:01:12 | elapsed=12:34:00 | ETA=09:06:00 | estimated_finish=2026-06-17 18:48:19
Quick validation epoch=580 | pseudo_dice=0.592221 | val_time=00:00:23
Epoch 581/1000 finished | loss=0.512730 | cnn_loss=0.482583 | gnn_loss=0.030147 | lr=0.00045708 | epoch_time=00:01:11 | elapsed=12:35:35 | ETA=09:04:54 | estimated_finish=2026-06-17 18:48:48
Epoch 582/1000 finished | loss=0.513413 | cnn_loss=0.482119 | gnn_loss=0.031293 | lr=0.000456099 | epoch_time=00:01:11 | elapsed=12:36:46 | ETA=09:03:31 | estimated_finish=2026-06-17 18:48:36
Epoch 583/1000 finished | loss=0.492922 | cnn_loss=0.465271 | gnn_loss=0.027651 | lr=0.000455116 | epoch_time=00:01:09 | elapsed=12:37:56 | ETA=09:02:07 | estimated_finish=2026-06-17 18:48:23
Epoch 584/1000 finished | loss=0.501210 | cnn_loss=0.471354 | gnn_loss=0.029856 | lr=0.000454134 | epoch_time=00:01:10 | elapsed=12:39:07 | ETA=09:00:44 | estimated_finish=2026-06-17 18:48:11
Epoch 585/1000 finished | loss=0.541861 | cnn_loss=0.510721 | gnn_loss=0.031140 | lr=0.000453151 | epoch_time=00:01:10 | elapsed=12:40:17 | ETA=08:59:21 | estimated_finish=2026-06-17 18:47:58
Quick validation epoch=585 | pseudo_dice=0.557217 | val_time=00:00:23
Epoch 586/1000 finished | loss=0.508595 | cnn_loss=0.476573 | gnn_loss=0.032022 | lr=0.000452169 | epoch_time=00:01:15 | elapsed=12:41:57 | ETA=08:58:18 | estimated_finish=2026-06-17 18:48:35
Epoch 587/1000 finished | loss=0.518155 | cnn_loss=0.488807 | gnn_loss=0.029348 | lr=0.000451185 | epoch_time=00:01:14 | elapsed=12:43:11 | ETA=08:56:57 | estimated_finish=2026-06-17 18:48:28
Epoch 588/1000 finished | loss=0.485762 | cnn_loss=0.456605 | gnn_loss=0.029156 | lr=0.000450202 | epoch_time=00:01:14 | elapsed=12:44:25 | ETA=08:55:37 | estimated_finish=2026-06-17 18:48:22
Epoch 589/1000 finished | loss=0.504278 | cnn_loss=0.473147 | gnn_loss=0.031131 | lr=0.000449219 | epoch_time=00:01:12 | elapsed=12:45:37 | ETA=08:54:15 | estimated_finish=2026-06-17 18:48:12
Epoch 590/1000 finished | loss=0.504418 | cnn_loss=0.471398 | gnn_loss=0.033019 | lr=0.000448235 | epoch_time=00:01:11 | elapsed=12:46:49 | ETA=08:52:52 | estimated_finish=2026-06-17 18:48:02
Quick validation epoch=590 | pseudo_dice=0.587790 | val_time=00:00:24
Epoch 591/1000 finished | loss=0.509318 | cnn_loss=0.479601 | gnn_loss=0.029717 | lr=0.000447251 | epoch_time=00:01:12 | elapsed=12:48:26 | ETA=08:51:47 | estimated_finish=2026-06-17 18:48:33
Epoch 592/1000 finished | loss=0.511943 | cnn_loss=0.478060 | gnn_loss=0.033883 | lr=0.000446266 | epoch_time=00:01:11 | elapsed=12:49:37 | ETA=08:50:25 | estimated_finish=2026-06-17 18:48:22
Epoch 593/1000 finished | loss=0.518186 | cnn_loss=0.486774 | gnn_loss=0.031412 | lr=0.000445282 | epoch_time=00:01:11 | elapsed=12:50:49 | ETA=08:49:03 | estimated_finish=2026-06-17 18:48:12
Epoch 594/1000 finished | loss=0.507390 | cnn_loss=0.477450 | gnn_loss=0.029940 | lr=0.000444297 | epoch_time=00:01:13 | elapsed=12:52:03 | ETA=08:47:42 | estimated_finish=2026-06-17 18:48:05
Epoch 595/1000 finished | loss=0.511111 | cnn_loss=0.476750 | gnn_loss=0.034361 | lr=0.000443312 | epoch_time=00:01:16 | elapsed=12:53:20 | ETA=08:46:23 | estimated_finish=2026-06-17 18:48:02
Quick validation epoch=595 | pseudo_dice=0.610724 | val_time=00:00:24
Epoch 596/1000 finished | loss=0.496244 | cnn_loss=0.468173 | gnn_loss=0.028071 | lr=0.000442327 | epoch_time=00:01:14 | elapsed=12:54:58 | ETA=08:45:19 | estimated_finish=2026-06-17 18:48:37
Epoch 597/1000 finished | loss=0.454388 | cnn_loss=0.427787 | gnn_loss=0.026601 | lr=0.000441341 | epoch_time=00:01:18 | elapsed=12:56:17 | ETA=08:44:01 | estimated_finish=2026-06-17 18:48:39
Epoch 598/1000 finished | loss=0.490262 | cnn_loss=0.459137 | gnn_loss=0.031125 | lr=0.000440356 | epoch_time=00:01:16 | elapsed=12:57:34 | ETA=08:42:42 | estimated_finish=2026-06-17 18:48:36
Epoch 599/1000 finished | loss=0.504057 | cnn_loss=0.473535 | gnn_loss=0.030522 | lr=0.00043937 | epoch_time=00:01:14 | elapsed=12:58:48 | ETA=08:41:22 | estimated_finish=2026-06-17 18:48:30
Epoch 600/1000 finished | loss=0.485747 | cnn_loss=0.458762 | gnn_loss=0.026985 | lr=0.000438383 | epoch_time=00:01:14 | elapsed=13:00:02 | ETA=08:40:01 | estimated_finish=2026-06-17 18:48:24
Quick validation epoch=600 | pseudo_dice=0.539669 | val_time=00:00:25
Full validation epoch=600 | mean_dice=0.321438 | val_time=00:00:52
New best full-validation model saved | dice=0.321438 | epoch=600
Epoch 601/1000 finished | loss=0.495194 | cnn_loss=0.462414 | gnn_loss=0.032780 | lr=0.000437397 | epoch_time=00:01:14 | elapsed=13:02:34 | ETA=08:39:32 | estimated_finish=2026-06-17 18:50:26
Epoch 602/1000 finished | loss=0.494999 | cnn_loss=0.460268 | gnn_loss=0.034731 | lr=0.00043641 | epoch_time=00:01:13 | elapsed=13:03:48 | ETA=08:38:11 | estimated_finish=2026-06-17 18:50:19
Epoch 603/1000 finished | loss=0.480426 | cnn_loss=0.453522 | gnn_loss=0.026904 | lr=0.000435423 | epoch_time=00:01:14 | elapsed=13:05:02 | ETA=08:36:50 | estimated_finish=2026-06-17 18:50:12
Epoch 604/1000 finished | loss=0.468461 | cnn_loss=0.439890 | gnn_loss=0.028571 | lr=0.000434436 | epoch_time=00:01:16 | elapsed=13:06:18 | ETA=08:35:31 | estimated_finish=2026-06-17 18:50:09
Epoch 605/1000 finished | loss=0.495784 | cnn_loss=0.461489 | gnn_loss=0.034295 | lr=0.000433448 | epoch_time=00:01:16 | elapsed=13:07:34 | ETA=08:34:12 | estimated_finish=2026-06-17 18:50:06
Quick validation epoch=605 | pseudo_dice=0.575033 | val_time=00:00:25
Epoch 606/1000 finished | loss=0.506607 | cnn_loss=0.476933 | gnn_loss=0.029674 | lr=0.000432461 | epoch_time=00:01:13 | elapsed=13:09:13 | ETA=08:33:07 | estimated_finish=2026-06-17 18:50:40
Epoch 607/1000 finished | loss=0.468829 | cnn_loss=0.440064 | gnn_loss=0.028766 | lr=0.000431473 | epoch_time=00:01:14 | elapsed=13:10:27 | ETA=08:31:47 | estimated_finish=2026-06-17 18:50:34
Epoch 608/1000 finished | loss=0.480442 | cnn_loss=0.454229 | gnn_loss=0.026213 | lr=0.000430484 | epoch_time=00:01:13 | elapsed=13:11:41 | ETA=08:30:26 | estimated_finish=2026-06-17 18:50:26
Epoch 609/1000 finished | loss=0.520376 | cnn_loss=0.493880 | gnn_loss=0.026496 | lr=0.000429496 | epoch_time=00:01:14 | elapsed=13:12:55 | ETA=08:29:05 | estimated_finish=2026-06-17 18:50:20
Epoch 610/1000 finished | loss=0.488114 | cnn_loss=0.458282 | gnn_loss=0.029832 | lr=0.000428507 | epoch_time=00:01:15 | elapsed=13:14:11 | ETA=08:27:45 | estimated_finish=2026-06-17 18:50:16
Quick validation epoch=610 | pseudo_dice=0.543470 | val_time=00:00:24
Epoch 611/1000 finished | loss=0.458397 | cnn_loss=0.431874 | gnn_loss=0.026524 | lr=0.000427518 | epoch_time=00:01:14 | elapsed=13:15:50 | ETA=08:26:40 | estimated_finish=2026-06-17 18:50:50
Epoch 612/1000 finished | loss=0.518866 | cnn_loss=0.487599 | gnn_loss=0.031266 | lr=0.000426529 | epoch_time=00:01:14 | elapsed=13:17:05 | ETA=08:25:20 | estimated_finish=2026-06-17 18:50:44
Epoch 613/1000 finished | loss=0.481146 | cnn_loss=0.453103 | gnn_loss=0.028042 | lr=0.000425539 | epoch_time=00:01:13 | elapsed=13:18:18 | ETA=08:23:59 | estimated_finish=2026-06-17 18:50:37
Epoch 614/1000 finished | loss=0.498297 | cnn_loss=0.462614 | gnn_loss=0.035683 | lr=0.00042455 | epoch_time=00:01:18 | elapsed=13:19:37 | ETA=08:22:41 | estimated_finish=2026-06-17 18:50:38
Epoch 615/1000 finished | loss=0.449721 | cnn_loss=0.423353 | gnn_loss=0.026368 | lr=0.00042356 | epoch_time=00:01:17 | elapsed=13:20:54 | ETA=08:21:22 | estimated_finish=2026-06-17 18:50:36
Quick validation epoch=615 | pseudo_dice=0.590462 | val_time=00:00:25
Epoch 616/1000 finished | loss=0.469637 | cnn_loss=0.443241 | gnn_loss=0.026396 | lr=0.000422569 | epoch_time=00:01:20 | elapsed=13:22:39 | ETA=08:20:21 | estimated_finish=2026-06-17 18:51:20
Epoch 617/1000 finished | loss=0.505262 | cnn_loss=0.472315 | gnn_loss=0.032947 | lr=0.000421579 | epoch_time=00:01:15 | elapsed=13:23:55 | ETA=08:19:01 | estimated_finish=2026-06-17 18:51:16
Epoch 618/1000 finished | loss=0.470915 | cnn_loss=0.442611 | gnn_loss=0.028304 | lr=0.000420588 | epoch_time=00:01:16 | elapsed=13:25:12 | ETA=08:17:42 | estimated_finish=2026-06-17 18:51:14
Epoch 619/1000 finished | loss=0.473620 | cnn_loss=0.440707 | gnn_loss=0.032912 | lr=0.000419597 | epoch_time=00:01:14 | elapsed=13:26:26 | ETA=08:16:22 | estimated_finish=2026-06-17 18:51:07
Epoch 620/1000 finished | loss=0.533666 | cnn_loss=0.501510 | gnn_loss=0.032156 | lr=0.000418606 | epoch_time=00:01:14 | elapsed=13:27:41 | ETA=08:15:02 | estimated_finish=2026-06-17 18:51:02
Quick validation epoch=620 | pseudo_dice=0.547874 | val_time=00:00:24
Epoch 621/1000 finished | loss=0.510833 | cnn_loss=0.480204 | gnn_loss=0.030629 | lr=0.000417614 | epoch_time=00:01:16 | elapsed=13:29:22 | ETA=08:13:57 | estimated_finish=2026-06-17 18:51:39
Epoch 622/1000 finished | loss=0.496661 | cnn_loss=0.465492 | gnn_loss=0.031169 | lr=0.000416622 | epoch_time=00:01:12 | elapsed=13:30:34 | ETA=08:12:36 | estimated_finish=2026-06-17 18:51:30
Epoch 623/1000 finished | loss=0.496872 | cnn_loss=0.465383 | gnn_loss=0.031489 | lr=0.00041563 | epoch_time=00:01:14 | elapsed=13:31:49 | ETA=08:11:15 | estimated_finish=2026-06-17 18:51:24
Epoch 624/1000 finished | loss=0.503232 | cnn_loss=0.474174 | gnn_loss=0.029058 | lr=0.000414638 | epoch_time=00:01:16 | elapsed=13:33:05 | ETA=08:09:56 | estimated_finish=2026-06-17 18:51:22
Epoch 625/1000 finished | loss=0.508675 | cnn_loss=0.481216 | gnn_loss=0.027460 | lr=0.000413645 | epoch_time=00:01:12 | elapsed=13:34:18 | ETA=08:08:35 | estimated_finish=2026-06-17 18:51:13
Quick validation epoch=625 | pseudo_dice=0.568040 | val_time=00:00:24
Epoch 626/1000 finished | loss=0.488309 | cnn_loss=0.458399 | gnn_loss=0.029910 | lr=0.000412652 | epoch_time=00:01:14 | elapsed=13:35:58 | ETA=08:07:29 | estimated_finish=2026-06-17 18:51:47
Epoch 627/1000 finished | loss=0.496595 | cnn_loss=0.468732 | gnn_loss=0.027863 | lr=0.000411659 | epoch_time=00:01:15 | elapsed=13:37:13 | ETA=08:06:10 | estimated_finish=2026-06-17 18:51:43
Epoch 628/1000 finished | loss=0.497500 | cnn_loss=0.466387 | gnn_loss=0.031113 | lr=0.000410666 | epoch_time=00:01:16 | elapsed=13:38:29 | ETA=08:04:50 | estimated_finish=2026-06-17 18:51:40
Epoch 629/1000 finished | loss=0.470950 | cnn_loss=0.444617 | gnn_loss=0.026334 | lr=0.000409672 | epoch_time=00:01:13 | elapsed=13:39:43 | ETA=08:03:29 | estimated_finish=2026-06-17 18:51:32
Epoch 630/1000 finished | loss=0.491445 | cnn_loss=0.460474 | gnn_loss=0.030971 | lr=0.000408678 | epoch_time=00:01:14 | elapsed=13:40:58 | ETA=08:02:09 | estimated_finish=2026-06-17 18:51:27
Quick validation epoch=630 | pseudo_dice=0.664513 | val_time=00:00:25
Epoch 631/1000 finished | loss=0.476260 | cnn_loss=0.445970 | gnn_loss=0.030290 | lr=0.000407684 | epoch_time=00:01:14 | elapsed=13:42:37 | ETA=08:01:03 | estimated_finish=2026-06-17 18:52:00
Epoch 632/1000 finished | loss=0.485946 | cnn_loss=0.456254 | gnn_loss=0.029692 | lr=0.00040669 | epoch_time=00:01:14 | elapsed=13:43:51 | ETA=07:59:42 | estimated_finish=2026-06-17 18:51:53
Epoch 633/1000 finished | loss=0.510055 | cnn_loss=0.482408 | gnn_loss=0.027647 | lr=0.000405695 | epoch_time=00:01:15 | elapsed=13:45:07 | ETA=07:58:23 | estimated_finish=2026-06-17 18:51:49
Epoch 634/1000 finished | loss=0.496204 | cnn_loss=0.464555 | gnn_loss=0.031649 | lr=0.0004047 | epoch_time=00:01:13 | elapsed=13:46:21 | ETA=07:57:02 | estimated_finish=2026-06-17 18:51:43
Epoch 635/1000 finished | loss=0.499942 | cnn_loss=0.470014 | gnn_loss=0.029928 | lr=0.000403704 | epoch_time=00:01:12 | elapsed=13:47:33 | ETA=07:55:41 | estimated_finish=2026-06-17 18:51:34
Quick validation epoch=635 | pseudo_dice=0.541662 | val_time=00:00:24
Epoch 636/1000 finished | loss=0.476674 | cnn_loss=0.447666 | gnn_loss=0.029008 | lr=0.000402709 | epoch_time=00:01:17 | elapsed=13:49:15 | ETA=07:54:36 | estimated_finish=2026-06-17 18:52:10
Epoch 637/1000 finished | loss=0.523139 | cnn_loss=0.490659 | gnn_loss=0.032479 | lr=0.000401713 | epoch_time=00:01:15 | elapsed=13:50:30 | ETA=07:53:16 | estimated_finish=2026-06-17 18:52:07
Epoch 638/1000 finished | loss=0.452037 | cnn_loss=0.426514 | gnn_loss=0.025523 | lr=0.000400717 | epoch_time=00:01:16 | elapsed=13:51:47 | ETA=07:51:57 | estimated_finish=2026-06-17 18:52:04
Epoch 639/1000 finished | loss=0.495754 | cnn_loss=0.467230 | gnn_loss=0.028525 | lr=0.000399721 | epoch_time=00:01:13 | elapsed=13:53:01 | ETA=07:50:36 | estimated_finish=2026-06-17 18:51:57
Epoch 640/1000 finished | loss=0.478687 | cnn_loss=0.447166 | gnn_loss=0.031521 | lr=0.000398724 | epoch_time=00:01:17 | elapsed=13:54:18 | ETA=07:49:17 | estimated_finish=2026-06-17 18:51:55
Quick validation epoch=640 | pseudo_dice=0.518647 | val_time=00:00:24
Epoch 641/1000 finished | loss=0.496543 | cnn_loss=0.464371 | gnn_loss=0.032172 | lr=0.000397727 | epoch_time=00:01:13 | elapsed=13:55:57 | ETA=07:48:11 | estimated_finish=2026-06-17 18:52:27
Epoch 642/1000 finished | loss=0.495774 | cnn_loss=0.464863 | gnn_loss=0.030911 | lr=0.00039673 | epoch_time=00:01:16 | elapsed=13:57:13 | ETA=07:46:51 | estimated_finish=2026-06-17 18:52:24
Epoch 643/1000 finished | loss=0.483033 | cnn_loss=0.454760 | gnn_loss=0.028273 | lr=0.000395732 | epoch_time=00:01:16 | elapsed=13:58:30 | ETA=07:45:32 | estimated_finish=2026-06-17 18:52:22
Epoch 644/1000 finished | loss=0.502035 | cnn_loss=0.472410 | gnn_loss=0.029625 | lr=0.000394734 | epoch_time=00:01:17 | elapsed=13:59:47 | ETA=07:44:13 | estimated_finish=2026-06-17 18:52:20
Epoch 645/1000 finished | loss=0.476991 | cnn_loss=0.445206 | gnn_loss=0.031785 | lr=0.000393736 | epoch_time=00:01:15 | elapsed=14:01:02 | ETA=07:42:54 | estimated_finish=2026-06-17 18:52:16
Quick validation epoch=645 | pseudo_dice=0.508560 | val_time=00:00:24
Epoch 646/1000 finished | loss=0.449780 | cnn_loss=0.419428 | gnn_loss=0.030351 | lr=0.000392738 | epoch_time=00:01:12 | elapsed=14:02:40 | ETA=07:41:46 | estimated_finish=2026-06-17 18:52:46
Epoch 647/1000 finished | loss=0.489150 | cnn_loss=0.461760 | gnn_loss=0.027389 | lr=0.000391739 | epoch_time=00:01:16 | elapsed=14:03:57 | ETA=07:40:27 | estimated_finish=2026-06-17 18:52:44
Epoch 648/1000 finished | loss=0.468219 | cnn_loss=0.440387 | gnn_loss=0.027831 | lr=0.00039074 | epoch_time=00:01:18 | elapsed=14:05:16 | ETA=07:39:09 | estimated_finish=2026-06-17 18:52:45
Epoch 649/1000 finished | loss=0.488885 | cnn_loss=0.461487 | gnn_loss=0.027398 | lr=0.000389741 | epoch_time=00:01:15 | elapsed=14:06:31 | ETA=07:37:49 | estimated_finish=2026-06-17 18:52:41
Epoch 650/1000 finished | loss=0.518651 | cnn_loss=0.487023 | gnn_loss=0.031627 | lr=0.000388742 | epoch_time=00:01:17 | elapsed=14:07:49 | ETA=07:36:31 | estimated_finish=2026-06-17 18:52:39
Quick validation epoch=650 | pseudo_dice=0.543341 | val_time=00:00:24
Epoch 651/1000 finished | loss=0.481004 | cnn_loss=0.451401 | gnn_loss=0.029603 | lr=0.000387742 | epoch_time=00:01:18 | elapsed=14:09:32 | ETA=07:35:26 | estimated_finish=2026-06-17 18:53:17
Epoch 652/1000 finished | loss=0.471023 | cnn_loss=0.442503 | gnn_loss=0.028520 | lr=0.000386742 | epoch_time=00:01:20 | elapsed=14:10:52 | ETA=07:34:08 | estimated_finish=2026-06-17 18:53:20
Epoch 653/1000 finished | loss=0.453917 | cnn_loss=0.428035 | gnn_loss=0.025882 | lr=0.000385742 | epoch_time=00:01:14 | elapsed=14:12:07 | ETA=07:32:48 | estimated_finish=2026-06-17 18:53:15
Epoch 654/1000 finished | loss=0.474595 | cnn_loss=0.443684 | gnn_loss=0.030911 | lr=0.000384741 | epoch_time=00:01:12 | elapsed=14:13:19 | ETA=07:31:27 | estimated_finish=2026-06-17 18:53:06
Epoch 655/1000 finished | loss=0.524127 | cnn_loss=0.493124 | gnn_loss=0.031002 | lr=0.00038374 | epoch_time=00:01:13 | elapsed=14:14:33 | ETA=07:30:06 | estimated_finish=2026-06-17 18:52:58
Quick validation epoch=655 | pseudo_dice=0.547477 | val_time=00:00:24
Epoch 656/1000 finished | loss=0.477922 | cnn_loss=0.448983 | gnn_loss=0.028939 | lr=0.000382739 | epoch_time=00:01:15 | elapsed=14:16:13 | ETA=07:28:59 | estimated_finish=2026-06-17 18:53:32
Epoch 657/1000 finished | loss=0.494735 | cnn_loss=0.463629 | gnn_loss=0.031106 | lr=0.000381737 | epoch_time=00:01:15 | elapsed=14:17:29 | ETA=07:27:40 | estimated_finish=2026-06-17 18:53:29
Epoch 658/1000 finished | loss=0.475775 | cnn_loss=0.446189 | gnn_loss=0.029587 | lr=0.000380736 | epoch_time=00:01:14 | elapsed=14:18:44 | ETA=07:26:20 | estimated_finish=2026-06-17 18:53:24
Epoch 659/1000 finished | loss=0.494729 | cnn_loss=0.463671 | gnn_loss=0.031058 | lr=0.000379734 | epoch_time=00:01:20 | elapsed=14:20:04 | ETA=07:25:02 | estimated_finish=2026-06-17 18:53:26
Epoch 660/1000 finished | loss=0.520237 | cnn_loss=0.489659 | gnn_loss=0.030578 | lr=0.000378731 | epoch_time=00:01:15 | elapsed=14:21:20 | ETA=07:23:43 | estimated_finish=2026-06-17 18:53:23
Quick validation epoch=660 | pseudo_dice=0.519846 | val_time=00:00:25
Epoch 661/1000 finished | loss=0.462466 | cnn_loss=0.429095 | gnn_loss=0.033371 | lr=0.000377728 | epoch_time=00:01:14 | elapsed=14:23:00 | ETA=07:22:35 | estimated_finish=2026-06-17 18:53:55
Epoch 662/1000 finished | loss=0.515019 | cnn_loss=0.483129 | gnn_loss=0.031890 | lr=0.000376726 | epoch_time=00:01:17 | elapsed=14:24:17 | ETA=07:21:17 | estimated_finish=2026-06-17 18:53:54
Epoch 663/1000 finished | loss=0.499202 | cnn_loss=0.471361 | gnn_loss=0.027842 | lr=0.000375722 | epoch_time=00:01:14 | elapsed=14:25:32 | ETA=07:19:57 | estimated_finish=2026-06-17 18:53:49
Epoch 664/1000 finished | loss=0.484554 | cnn_loss=0.455045 | gnn_loss=0.029509 | lr=0.000374719 | epoch_time=00:01:13 | elapsed=14:26:46 | ETA=07:18:36 | estimated_finish=2026-06-17 18:53:41
Epoch 665/1000 finished | loss=0.499994 | cnn_loss=0.467733 | gnn_loss=0.032261 | lr=0.000373715 | epoch_time=00:01:14 | elapsed=14:28:00 | ETA=07:17:16 | estimated_finish=2026-06-17 18:53:36
Quick validation epoch=665 | pseudo_dice=0.628174 | val_time=00:00:24
Epoch 666/1000 finished | loss=0.519628 | cnn_loss=0.490107 | gnn_loss=0.029521 | lr=0.000372711 | epoch_time=00:01:17 | elapsed=14:29:43 | ETA=07:16:09 | estimated_finish=2026-06-17 18:54:12
Epoch 667/1000 finished | loss=0.499314 | cnn_loss=0.470797 | gnn_loss=0.028517 | lr=0.000371706 | epoch_time=00:01:13 | elapsed=14:30:56 | ETA=07:14:49 | estimated_finish=2026-06-17 18:54:05
Epoch 668/1000 finished | loss=0.495767 | cnn_loss=0.466308 | gnn_loss=0.029459 | lr=0.000370701 | epoch_time=00:01:15 | elapsed=14:32:11 | ETA=07:13:29 | estimated_finish=2026-06-17 18:54:00
Epoch 669/1000 finished | loss=0.486938 | cnn_loss=0.457392 | gnn_loss=0.029546 | lr=0.000369696 | epoch_time=00:01:13 | elapsed=14:33:25 | ETA=07:12:08 | estimated_finish=2026-06-17 18:53:53
Epoch 670/1000 finished | loss=0.507031 | cnn_loss=0.474893 | gnn_loss=0.032138 | lr=0.000368691 | epoch_time=00:01:15 | elapsed=14:34:41 | ETA=07:10:48 | estimated_finish=2026-06-17 18:53:49
Quick validation epoch=670 | pseudo_dice=0.644889 | val_time=00:00:25
Epoch 671/1000 finished | loss=0.453739 | cnn_loss=0.423555 | gnn_loss=0.030183 | lr=0.000367685 | epoch_time=00:01:13 | elapsed=14:36:20 | ETA=07:09:40 | estimated_finish=2026-06-17 18:54:20
Epoch 672/1000 finished | loss=0.456761 | cnn_loss=0.423317 | gnn_loss=0.033444 | lr=0.000366679 | epoch_time=00:01:13 | elapsed=14:37:34 | ETA=07:08:20 | estimated_finish=2026-06-17 18:54:14
Epoch 673/1000 finished | loss=0.470788 | cnn_loss=0.442689 | gnn_loss=0.028099 | lr=0.000365673 | epoch_time=00:01:13 | elapsed=14:38:47 | ETA=07:06:59 | estimated_finish=2026-06-17 18:54:06
Epoch 674/1000 finished | loss=0.482719 | cnn_loss=0.448811 | gnn_loss=0.033908 | lr=0.000364666 | epoch_time=00:01:17 | elapsed=14:40:05 | ETA=07:05:40 | estimated_finish=2026-06-17 18:54:05
Epoch 675/1000 finished | loss=0.462676 | cnn_loss=0.432676 | gnn_loss=0.030000 | lr=0.00036366 | epoch_time=00:01:14 | elapsed=14:41:19 | ETA=07:04:20 | estimated_finish=2026-06-17 18:53:59
Quick validation epoch=675 | pseudo_dice=0.613847 | val_time=00:00:25
Epoch 676/1000 finished | loss=0.520390 | cnn_loss=0.491774 | gnn_loss=0.028616 | lr=0.000362652 | epoch_time=00:01:13 | elapsed=14:42:58 | ETA=07:03:12 | estimated_finish=2026-06-17 18:54:29
Epoch 677/1000 finished | loss=0.507662 | cnn_loss=0.473709 | gnn_loss=0.033954 | lr=0.000361645 | epoch_time=00:01:14 | elapsed=14:44:12 | ETA=07:01:51 | estimated_finish=2026-06-17 18:54:23
Epoch 678/1000 finished | loss=0.418101 | cnn_loss=0.391598 | gnn_loss=0.026503 | lr=0.000360637 | epoch_time=00:01:22 | elapsed=14:45:34 | ETA=07:00:35 | estimated_finish=2026-06-17 18:54:29
Epoch 679/1000 finished | loss=0.497150 | cnn_loss=0.464801 | gnn_loss=0.032350 | lr=0.000359629 | epoch_time=00:01:14 | elapsed=14:46:49 | ETA=06:59:15 | estimated_finish=2026-06-17 18:54:24
Epoch 680/1000 finished | loss=0.517368 | cnn_loss=0.483874 | gnn_loss=0.033494 | lr=0.00035862 | epoch_time=00:01:16 | elapsed=14:48:06 | ETA=06:57:56 | estimated_finish=2026-06-17 18:54:22
Quick validation epoch=680 | pseudo_dice=0.622543 | val_time=00:00:25
Epoch 681/1000 finished | loss=0.505333 | cnn_loss=0.474716 | gnn_loss=0.030617 | lr=0.000357612 | epoch_time=00:01:17 | elapsed=14:49:50 | ETA=06:56:49 | estimated_finish=2026-06-17 18:54:59
Epoch 682/1000 finished | loss=0.470842 | cnn_loss=0.442588 | gnn_loss=0.028254 | lr=0.000356603 | epoch_time=00:01:17 | elapsed=14:51:07 | ETA=06:55:30 | estimated_finish=2026-06-17 18:54:57
Epoch 683/1000 finished | loss=0.494125 | cnn_loss=0.460066 | gnn_loss=0.034058 | lr=0.000355593 | epoch_time=00:01:16 | elapsed=14:52:24 | ETA=06:54:11 | estimated_finish=2026-06-17 18:54:55
Epoch 684/1000 finished | loss=0.515628 | cnn_loss=0.486033 | gnn_loss=0.029595 | lr=0.000354583 | epoch_time=00:01:16 | elapsed=14:53:40 | ETA=06:52:52 | estimated_finish=2026-06-17 18:54:51
Epoch 685/1000 finished | loss=0.487966 | cnn_loss=0.455977 | gnn_loss=0.031989 | lr=0.000353573 | epoch_time=00:01:17 | elapsed=14:54:57 | ETA=06:51:33 | estimated_finish=2026-06-17 18:54:50
Quick validation epoch=685 | pseudo_dice=0.554493 | val_time=00:00:26
Epoch 686/1000 finished | loss=0.535880 | cnn_loss=0.502370 | gnn_loss=0.033510 | lr=0.000352563 | epoch_time=00:01:16 | elapsed=14:56:40 | ETA=06:50:25 | estimated_finish=2026-06-17 18:55:26
Epoch 687/1000 finished | loss=0.498819 | cnn_loss=0.469875 | gnn_loss=0.028944 | lr=0.000351552 | epoch_time=00:01:13 | elapsed=14:57:53 | ETA=06:49:05 | estimated_finish=2026-06-17 18:55:18
Epoch 688/1000 finished | loss=0.484138 | cnn_loss=0.453569 | gnn_loss=0.030569 | lr=0.000350541 | epoch_time=00:01:15 | elapsed=14:59:09 | ETA=06:47:45 | estimated_finish=2026-06-17 18:55:14
Epoch 689/1000 finished | loss=0.449470 | cnn_loss=0.423761 | gnn_loss=0.025709 | lr=0.00034953 | epoch_time=00:01:16 | elapsed=15:00:26 | ETA=06:46:26 | estimated_finish=2026-06-17 18:55:11
Epoch 690/1000 finished | loss=0.475109 | cnn_loss=0.444959 | gnn_loss=0.030151 | lr=0.000348518 | epoch_time=00:01:15 | elapsed=15:01:41 | ETA=06:45:06 | estimated_finish=2026-06-17 18:55:07
Quick validation epoch=690 | pseudo_dice=0.544424 | val_time=00:00:26
Epoch 691/1000 finished | loss=0.480615 | cnn_loss=0.452886 | gnn_loss=0.027728 | lr=0.000347506 | epoch_time=00:01:14 | elapsed=15:03:22 | ETA=06:43:58 | estimated_finish=2026-06-17 18:55:39
Epoch 692/1000 finished | loss=0.498099 | cnn_loss=0.469429 | gnn_loss=0.028670 | lr=0.000346494 | epoch_time=00:01:15 | elapsed=15:04:38 | ETA=06:42:38 | estimated_finish=2026-06-17 18:55:36
Epoch 693/1000 finished | loss=0.467483 | cnn_loss=0.439935 | gnn_loss=0.027549 | lr=0.000345481 | epoch_time=00:01:19 | elapsed=15:05:58 | ETA=06:41:20 | estimated_finish=2026-06-17 18:55:38
Epoch 694/1000 finished | loss=0.473217 | cnn_loss=0.440097 | gnn_loss=0.033120 | lr=0.000344468 | epoch_time=00:01:19 | elapsed=15:07:17 | ETA=06:40:02 | estimated_finish=2026-06-17 18:55:39
Epoch 695/1000 finished | loss=0.516989 | cnn_loss=0.483002 | gnn_loss=0.033986 | lr=0.000343455 | epoch_time=00:01:18 | elapsed=15:08:35 | ETA=06:38:44 | estimated_finish=2026-06-17 18:55:39
Quick validation epoch=695 | pseudo_dice=0.599291 | val_time=00:00:25
Epoch 696/1000 finished | loss=0.492061 | cnn_loss=0.461495 | gnn_loss=0.030566 | lr=0.000342441 | epoch_time=00:01:18 | elapsed=15:10:20 | ETA=06:37:37 | estimated_finish=2026-06-17 18:56:17
Epoch 697/1000 finished | loss=0.447787 | cnn_loss=0.417581 | gnn_loss=0.030206 | lr=0.000341427 | epoch_time=00:01:15 | elapsed=15:11:35 | ETA=06:36:17 | estimated_finish=2026-06-17 18:56:12
Epoch 698/1000 finished | loss=0.480243 | cnn_loss=0.449923 | gnn_loss=0.030320 | lr=0.000340413 | epoch_time=00:01:17 | elapsed=15:12:53 | ETA=06:34:58 | estimated_finish=2026-06-17 18:56:11
Epoch 699/1000 finished | loss=0.498813 | cnn_loss=0.467242 | gnn_loss=0.031570 | lr=0.000339398 | epoch_time=00:01:20 | elapsed=15:14:14 | ETA=06:33:40 | estimated_finish=2026-06-17 18:56:14
Epoch 700/1000 finished | loss=0.452707 | cnn_loss=0.420861 | gnn_loss=0.031846 | lr=0.000338383 | epoch_time=00:01:15 | elapsed=15:15:29 | ETA=06:32:21 | estimated_finish=2026-06-17 18:56:10
Quick validation epoch=700 | pseudo_dice=0.572203 | val_time=00:00:26
Full validation epoch=700 | mean_dice=0.328470 | val_time=00:00:53
New best full-validation model saved | dice=0.328470 | epoch=700
Epoch 701/1000 finished | loss=0.444473 | cnn_loss=0.417674 | gnn_loss=0.026799 | lr=0.000337368 | epoch_time=00:01:18 | elapsed=15:18:07 | ETA=06:31:36 | estimated_finish=2026-06-17 18:58:04
Epoch 702/1000 finished | loss=0.472218 | cnn_loss=0.446127 | gnn_loss=0.026092 | lr=0.000336352 | epoch_time=00:01:17 | elapsed=15:19:25 | ETA=06:30:17 | estimated_finish=2026-06-17 18:58:02
Epoch 703/1000 finished | loss=0.497470 | cnn_loss=0.464730 | gnn_loss=0.032740 | lr=0.000335336 | epoch_time=00:01:21 | elapsed=15:20:47 | ETA=06:29:00 | estimated_finish=2026-06-17 18:58:07
Epoch 704/1000 finished | loss=0.476670 | cnn_loss=0.444854 | gnn_loss=0.031816 | lr=0.00033432 | epoch_time=00:01:19 | elapsed=15:22:06 | ETA=06:27:42 | estimated_finish=2026-06-17 18:58:08
Epoch 705/1000 finished | loss=0.530496 | cnn_loss=0.496573 | gnn_loss=0.033923 | lr=0.000333303 | epoch_time=00:01:20 | elapsed=15:23:27 | ETA=06:26:24 | estimated_finish=2026-06-17 18:58:11
Quick validation epoch=705 | pseudo_dice=0.612273 | val_time=00:00:29
Epoch 706/1000 finished | loss=0.493775 | cnn_loss=0.466117 | gnn_loss=0.027658 | lr=0.000332286 | epoch_time=00:01:22 | elapsed=15:25:19 | ETA=06:25:20 | estimated_finish=2026-06-17 18:58:59
Epoch 707/1000 finished | loss=0.477367 | cnn_loss=0.448556 | gnn_loss=0.028810 | lr=0.000331269 | epoch_time=00:01:15 | elapsed=15:26:34 | ETA=06:24:00 | estimated_finish=2026-06-17 18:58:54
Epoch 708/1000 finished | loss=0.449397 | cnn_loss=0.417642 | gnn_loss=0.031754 | lr=0.000330251 | epoch_time=00:01:15 | elapsed=15:27:50 | ETA=06:22:40 | estimated_finish=2026-06-17 18:58:49
Epoch 709/1000 finished | loss=0.475126 | cnn_loss=0.443943 | gnn_loss=0.031182 | lr=0.000329233 | epoch_time=00:01:14 | elapsed=15:29:05 | ETA=06:21:19 | estimated_finish=2026-06-17 18:58:44
Epoch 710/1000 finished | loss=0.485499 | cnn_loss=0.452826 | gnn_loss=0.032673 | lr=0.000328215 | epoch_time=00:01:16 | elapsed=15:30:21 | ETA=06:20:00 | estimated_finish=2026-06-17 18:58:41
Quick validation epoch=710 | pseudo_dice=0.510647 | val_time=00:00:27
Epoch 711/1000 finished | loss=0.463297 | cnn_loss=0.431716 | gnn_loss=0.031581 | lr=0.000327196 | epoch_time=00:01:16 | elapsed=15:32:05 | ETA=06:18:52 | estimated_finish=2026-06-17 18:59:16
Epoch 712/1000 finished | loss=0.469843 | cnn_loss=0.442823 | gnn_loss=0.027020 | lr=0.000326177 | epoch_time=00:01:16 | elapsed=15:33:21 | ETA=06:17:32 | estimated_finish=2026-06-17 18:59:13
Epoch 713/1000 finished | loss=0.491936 | cnn_loss=0.458488 | gnn_loss=0.033448 | lr=0.000325157 | epoch_time=00:01:16 | elapsed=15:34:38 | ETA=06:16:12 | estimated_finish=2026-06-17 18:59:10
Epoch 714/1000 finished | loss=0.471177 | cnn_loss=0.439527 | gnn_loss=0.031651 | lr=0.000324138 | epoch_time=00:01:16 | elapsed=15:35:54 | ETA=06:14:53 | estimated_finish=2026-06-17 18:59:07
Epoch 715/1000 finished | loss=0.471464 | cnn_loss=0.441573 | gnn_loss=0.029891 | lr=0.000323117 | epoch_time=00:01:17 | elapsed=15:37:11 | ETA=06:13:34 | estimated_finish=2026-06-17 18:59:05
Quick validation epoch=715 | pseudo_dice=0.460021 | val_time=00:00:26
Epoch 716/1000 finished | loss=0.493812 | cnn_loss=0.465560 | gnn_loss=0.028252 | lr=0.000322097 | epoch_time=00:01:17 | elapsed=15:38:55 | ETA=06:12:25 | estimated_finish=2026-06-17 18:59:40
Epoch 717/1000 finished | loss=0.520117 | cnn_loss=0.486671 | gnn_loss=0.033446 | lr=0.000321076 | epoch_time=00:01:28 | elapsed=15:40:24 | ETA=06:11:10 | estimated_finish=2026-06-17 18:59:54
Epoch 718/1000 finished | loss=0.491055 | cnn_loss=0.460857 | gnn_loss=0.030198 | lr=0.000320055 | epoch_time=00:01:15 | elapsed=15:41:39 | ETA=06:09:50 | estimated_finish=2026-06-17 18:59:50
Epoch 719/1000 finished | loss=0.499914 | cnn_loss=0.468885 | gnn_loss=0.031029 | lr=0.000319033 | epoch_time=00:01:18 | elapsed=15:42:58 | ETA=06:08:32 | estimated_finish=2026-06-17 18:59:49
Epoch 720/1000 finished | loss=0.481022 | cnn_loss=0.452094 | gnn_loss=0.028928 | lr=0.000318011 | epoch_time=00:01:16 | elapsed=15:44:14 | ETA=06:07:12 | estimated_finish=2026-06-17 18:59:46
Quick validation epoch=720 | pseudo_dice=0.552607 | val_time=00:00:27
Epoch 721/1000 finished | loss=0.446182 | cnn_loss=0.420183 | gnn_loss=0.025999 | lr=0.000316989 | epoch_time=00:01:16 | elapsed=15:45:59 | ETA=06:06:03 | estimated_finish=2026-06-17 19:00:22
Epoch 722/1000 finished | loss=0.471864 | cnn_loss=0.439140 | gnn_loss=0.032724 | lr=0.000315966 | epoch_time=00:01:16 | elapsed=15:47:15 | ETA=06:04:44 | estimated_finish=2026-06-17 19:00:19
Epoch 723/1000 finished | loss=0.454088 | cnn_loss=0.424189 | gnn_loss=0.029899 | lr=0.000314943 | epoch_time=00:01:17 | elapsed=15:48:33 | ETA=06:03:25 | estimated_finish=2026-06-17 19:00:17
Epoch 724/1000 finished | loss=0.468289 | cnn_loss=0.438770 | gnn_loss=0.029519 | lr=0.000313919 | epoch_time=00:01:19 | elapsed=15:49:53 | ETA=06:02:06 | estimated_finish=2026-06-17 19:00:19
Epoch 725/1000 finished | loss=0.486854 | cnn_loss=0.452982 | gnn_loss=0.033872 | lr=0.000312896 | epoch_time=00:01:15 | elapsed=15:51:08 | ETA=06:00:46 | estimated_finish=2026-06-17 19:00:14
Quick validation epoch=725 | pseudo_dice=0.627020 | val_time=00:00:25
Epoch 726/1000 finished | loss=0.477046 | cnn_loss=0.445790 | gnn_loss=0.031256 | lr=0.000311871 | epoch_time=00:01:18 | elapsed=15:52:52 | ETA=05:59:37 | estimated_finish=2026-06-17 19:00:49
Epoch 727/1000 finished | loss=0.484473 | cnn_loss=0.454429 | gnn_loss=0.030044 | lr=0.000310847 | epoch_time=00:01:23 | elapsed=15:54:15 | ETA=05:58:20 | estimated_finish=2026-06-17 19:00:55
Epoch 728/1000 finished | loss=0.480480 | cnn_loss=0.448736 | gnn_loss=0.031744 | lr=0.000309822 | epoch_time=00:01:19 | elapsed=15:55:34 | ETA=05:57:01 | estimated_finish=2026-06-17 19:00:55
Epoch 729/1000 finished | loss=0.491157 | cnn_loss=0.456072 | gnn_loss=0.035084 | lr=0.000308796 | epoch_time=00:01:16 | elapsed=15:56:51 | ETA=05:55:42 | estimated_finish=2026-06-17 19:00:52
Epoch 730/1000 finished | loss=0.500079 | cnn_loss=0.467312 | gnn_loss=0.032767 | lr=0.000307771 | epoch_time=00:01:17 | elapsed=15:58:08 | ETA=05:54:23 | estimated_finish=2026-06-17 19:00:51
Quick validation epoch=730 | pseudo_dice=0.550138 | val_time=00:00:26
Epoch 731/1000 finished | loss=0.440890 | cnn_loss=0.413398 | gnn_loss=0.027492 | lr=0.000306745 | epoch_time=00:01:19 | elapsed=15:59:55 | ETA=05:53:14 | estimated_finish=2026-06-17 19:01:29
Epoch 732/1000 finished | loss=0.460764 | cnn_loss=0.428997 | gnn_loss=0.031767 | lr=0.000305718 | epoch_time=00:01:15 | elapsed=16:01:11 | ETA=05:51:54 | estimated_finish=2026-06-17 19:01:25
Epoch 733/1000 finished | loss=0.483111 | cnn_loss=0.451199 | gnn_loss=0.031912 | lr=0.000304691 | epoch_time=00:01:19 | elapsed=16:02:31 | ETA=05:50:36 | estimated_finish=2026-06-17 19:01:27
Epoch 734/1000 finished | loss=0.451185 | cnn_loss=0.419204 | gnn_loss=0.031981 | lr=0.000303664 | epoch_time=00:01:17 | elapsed=16:03:49 | ETA=05:49:17 | estimated_finish=2026-06-17 19:01:26
Epoch 735/1000 finished | loss=0.455911 | cnn_loss=0.427821 | gnn_loss=0.028091 | lr=0.000302636 | epoch_time=00:01:17 | elapsed=16:05:07 | ETA=05:47:58 | estimated_finish=2026-06-17 19:01:24
Quick validation epoch=735 | pseudo_dice=0.564281 | val_time=00:00:27
Epoch 736/1000 finished | loss=0.488238 | cnn_loss=0.456299 | gnn_loss=0.031939 | lr=0.000301608 | epoch_time=00:01:16 | elapsed=16:06:50 | ETA=05:46:48 | estimated_finish=2026-06-17 19:01:58
Epoch 737/1000 finished | loss=0.485879 | cnn_loss=0.457556 | gnn_loss=0.028322 | lr=0.00030058 | epoch_time=00:01:16 | elapsed=16:08:07 | ETA=05:45:28 | estimated_finish=2026-06-17 19:01:55
Epoch 738/1000 finished | loss=0.481579 | cnn_loss=0.454611 | gnn_loss=0.026968 | lr=0.000299551 | epoch_time=00:01:16 | elapsed=16:09:24 | ETA=05:44:09 | estimated_finish=2026-06-17 19:01:52
Epoch 739/1000 finished | loss=0.465265 | cnn_loss=0.433833 | gnn_loss=0.031432 | lr=0.000298522 | epoch_time=00:01:19 | elapsed=16:10:43 | ETA=05:42:50 | estimated_finish=2026-06-17 19:01:53
Epoch 740/1000 finished | loss=0.492954 | cnn_loss=0.460833 | gnn_loss=0.032121 | lr=0.000297492 | epoch_time=00:01:19 | elapsed=16:12:03 | ETA=05:41:31 | estimated_finish=2026-06-17 19:01:54
Quick validation epoch=740 | pseudo_dice=0.644235 | val_time=00:00:26
Epoch 741/1000 finished | loss=0.490572 | cnn_loss=0.461633 | gnn_loss=0.028939 | lr=0.000296463 | epoch_time=00:01:16 | elapsed=16:13:46 | ETA=05:40:21 | estimated_finish=2026-06-17 19:02:27
Epoch 742/1000 finished | loss=0.459175 | cnn_loss=0.423913 | gnn_loss=0.035262 | lr=0.000295432 | epoch_time=00:01:21 | elapsed=16:15:07 | ETA=05:39:03 | estimated_finish=2026-06-17 19:02:30
Epoch 743/1000 finished | loss=0.458792 | cnn_loss=0.430878 | gnn_loss=0.027913 | lr=0.000294401 | epoch_time=00:01:17 | elapsed=16:16:24 | ETA=05:37:44 | estimated_finish=2026-06-17 19:02:28
Epoch 744/1000 finished | loss=0.482243 | cnn_loss=0.450904 | gnn_loss=0.031339 | lr=0.00029337 | epoch_time=00:01:24 | elapsed=16:17:49 | ETA=05:36:27 | estimated_finish=2026-06-17 19:02:35
Epoch 745/1000 finished | loss=0.435465 | cnn_loss=0.407466 | gnn_loss=0.028000 | lr=0.000292339 | epoch_time=00:01:16 | elapsed=16:19:06 | ETA=05:35:07 | estimated_finish=2026-06-17 19:02:33
Quick validation epoch=745 | pseudo_dice=0.603780 | val_time=00:00:26
Epoch 746/1000 finished | loss=0.440273 | cnn_loss=0.407335 | gnn_loss=0.032938 | lr=0.000291307 | epoch_time=00:01:23 | elapsed=16:20:56 | ETA=05:33:59 | estimated_finish=2026-06-17 19:03:15
Epoch 747/1000 finished | loss=0.487161 | cnn_loss=0.455262 | gnn_loss=0.031898 | lr=0.000290274 | epoch_time=00:01:21 | elapsed=16:22:17 | ETA=05:32:41 | estimated_finish=2026-06-17 19:03:18
Epoch 748/1000 finished | loss=0.440380 | cnn_loss=0.411355 | gnn_loss=0.029025 | lr=0.000289241 | epoch_time=00:01:19 | elapsed=16:23:37 | ETA=05:31:23 | estimated_finish=2026-06-17 19:03:20
Epoch 749/1000 finished | loss=0.459737 | cnn_loss=0.430122 | gnn_loss=0.029616 | lr=0.000288208 | epoch_time=00:01:18 | elapsed=16:24:56 | ETA=05:30:04 | estimated_finish=2026-06-17 19:03:20
Epoch 750/1000 finished | loss=0.510004 | cnn_loss=0.481228 | gnn_loss=0.028776 | lr=0.000287175 | epoch_time=00:01:14 | elapsed=16:26:10 | ETA=05:28:43 | estimated_finish=2026-06-17 19:03:13
Quick validation epoch=750 | pseudo_dice=0.597843 | val_time=00:00:25
Epoch 751/1000 finished | loss=0.499078 | cnn_loss=0.469230 | gnn_loss=0.029847 | lr=0.000286141 | epoch_time=00:01:16 | elapsed=16:27:52 | ETA=05:27:32 | estimated_finish=2026-06-17 19:03:44
Epoch 752/1000 finished | loss=0.479122 | cnn_loss=0.445132 | gnn_loss=0.033990 | lr=0.000285106 | epoch_time=00:02:35 | elapsed=16:30:28 | ETA=05:26:38 | estimated_finish=2026-06-17 19:05:26
Epoch 753/1000 finished | loss=0.457099 | cnn_loss=0.431096 | gnn_loss=0.026002 | lr=0.000284071 | epoch_time=00:01:41 | elapsed=16:32:09 | ETA=05:25:26 | estimated_finish=2026-06-17 19:05:56
Epoch 754/1000 finished | loss=0.443636 | cnn_loss=0.417218 | gnn_loss=0.026418 | lr=0.000283036 | epoch_time=00:01:17 | elapsed=16:33:26 | ETA=05:24:07 | estimated_finish=2026-06-17 19:05:53
Epoch 755/1000 finished | loss=0.468850 | cnn_loss=0.437356 | gnn_loss=0.031494 | lr=0.000282 | epoch_time=00:01:23 | elapsed=16:34:50 | ETA=05:22:49 | estimated_finish=2026-06-17 19:05:59
Quick validation epoch=755 | pseudo_dice=0.642554 | val_time=00:00:27
Epoch 756/1000 finished | loss=0.502383 | cnn_loss=0.470445 | gnn_loss=0.031938 | lr=0.000280964 | epoch_time=00:01:22 | elapsed=16:36:40 | ETA=05:21:40 | estimated_finish=2026-06-17 19:06:40
Epoch 757/1000 finished | loss=0.438932 | cnn_loss=0.409811 | gnn_loss=0.029121 | lr=0.000279928 | epoch_time=00:01:18 | elapsed=16:37:59 | ETA=05:20:21 | estimated_finish=2026-06-17 19:06:40
Epoch 758/1000 finished | loss=0.460309 | cnn_loss=0.430077 | gnn_loss=0.030232 | lr=0.000278891 | epoch_time=00:01:19 | elapsed=16:39:18 | ETA=05:19:02 | estimated_finish=2026-06-17 19:06:40
Epoch 759/1000 finished | loss=0.463758 | cnn_loss=0.437371 | gnn_loss=0.026387 | lr=0.000277853 | epoch_time=00:01:19 | elapsed=16:40:38 | ETA=05:17:43 | estimated_finish=2026-06-17 19:06:41
Epoch 760/1000 finished | loss=0.507259 | cnn_loss=0.475305 | gnn_loss=0.031954 | lr=0.000276815 | epoch_time=00:01:17 | elapsed=16:41:55 | ETA=05:16:23 | estimated_finish=2026-06-17 19:06:38
Quick validation epoch=760 | pseudo_dice=0.584778 | val_time=00:00:26
Epoch 761/1000 finished | loss=0.457296 | cnn_loss=0.425981 | gnn_loss=0.031315 | lr=0.000275777 | epoch_time=00:01:20 | elapsed=16:43:43 | ETA=05:15:13 | estimated_finish=2026-06-17 19:07:16
Epoch 762/1000 finished | loss=0.500652 | cnn_loss=0.465439 | gnn_loss=0.035213 | lr=0.000274738 | epoch_time=00:01:20 | elapsed=16:45:04 | ETA=05:13:55 | estimated_finish=2026-06-17 19:07:18
Epoch 763/1000 finished | loss=0.470109 | cnn_loss=0.440354 | gnn_loss=0.029754 | lr=0.000273699 | epoch_time=00:01:19 | elapsed=16:46:24 | ETA=05:12:36 | estimated_finish=2026-06-17 19:07:19
Epoch 764/1000 finished | loss=0.462914 | cnn_loss=0.433511 | gnn_loss=0.029403 | lr=0.00027266 | epoch_time=00:01:20 | elapsed=16:47:44 | ETA=05:11:17 | estimated_finish=2026-06-17 19:07:21
Epoch 765/1000 finished | loss=0.480210 | cnn_loss=0.453773 | gnn_loss=0.026437 | lr=0.00027162 | epoch_time=00:01:21 | elapsed=16:49:06 | ETA=05:09:59 | estimated_finish=2026-06-17 19:07:24
Quick validation epoch=765 | pseudo_dice=0.526563 | val_time=00:00:27
Epoch 766/1000 finished | loss=0.453464 | cnn_loss=0.423859 | gnn_loss=0.029605 | lr=0.000270579 | epoch_time=00:01:19 | elapsed=16:50:53 | ETA=05:08:48 | estimated_finish=2026-06-17 19:08:01
Epoch 767/1000 finished | loss=0.443449 | cnn_loss=0.413566 | gnn_loss=0.029883 | lr=0.000269538 | epoch_time=00:01:21 | elapsed=16:52:15 | ETA=05:07:30 | estimated_finish=2026-06-17 19:08:04
Epoch 768/1000 finished | loss=0.463864 | cnn_loss=0.434570 | gnn_loss=0.029294 | lr=0.000268497 | epoch_time=00:01:22 | elapsed=16:53:38 | ETA=05:06:12 | estimated_finish=2026-06-17 19:08:09
Epoch 769/1000 finished | loss=0.447725 | cnn_loss=0.416784 | gnn_loss=0.030941 | lr=0.000267455 | epoch_time=00:01:20 | elapsed=16:54:59 | ETA=05:04:53 | estimated_finish=2026-06-17 19:08:11
Epoch 770/1000 finished | loss=0.467530 | cnn_loss=0.436109 | gnn_loss=0.031421 | lr=0.000266413 | epoch_time=00:01:15 | elapsed=16:56:14 | ETA=05:03:33 | estimated_finish=2026-06-17 19:08:06
Quick validation epoch=770 | pseudo_dice=0.654596 | val_time=00:00:24
Epoch 771/1000 finished | loss=0.461175 | cnn_loss=0.430277 | gnn_loss=0.030897 | lr=0.00026537 | epoch_time=00:01:16 | elapsed=16:57:55 | ETA=05:02:20 | estimated_finish=2026-06-17 19:08:35
Epoch 772/1000 finished | loss=0.488285 | cnn_loss=0.457577 | gnn_loss=0.030708 | lr=0.000264327 | epoch_time=00:01:15 | elapsed=16:59:11 | ETA=05:01:00 | estimated_finish=2026-06-17 19:08:31
Epoch 773/1000 finished | loss=0.474758 | cnn_loss=0.444876 | gnn_loss=0.029882 | lr=0.000263283 | epoch_time=00:01:13 | elapsed=17:00:25 | ETA=04:59:39 | estimated_finish=2026-06-17 19:08:24
Epoch 774/1000 finished | loss=0.456604 | cnn_loss=0.426746 | gnn_loss=0.029858 | lr=0.000262239 | epoch_time=00:01:14 | elapsed=17:01:39 | ETA=04:58:18 | estimated_finish=2026-06-17 19:08:17
Epoch 775/1000 finished | loss=0.482698 | cnn_loss=0.449455 | gnn_loss=0.033243 | lr=0.000261195 | epoch_time=00:01:15 | elapsed=17:02:55 | ETA=04:56:58 | estimated_finish=2026-06-17 19:08:13
Quick validation epoch=775 | pseudo_dice=0.546489 | val_time=00:00:25
Epoch 776/1000 finished | loss=0.454881 | cnn_loss=0.428444 | gnn_loss=0.026438 | lr=0.00026015 | epoch_time=00:01:14 | elapsed=17:04:35 | ETA=04:55:45 | estimated_finish=2026-06-17 19:08:40
Epoch 777/1000 finished | loss=0.471213 | cnn_loss=0.438454 | gnn_loss=0.032759 | lr=0.000259104 | epoch_time=00:01:14 | elapsed=17:05:50 | ETA=04:54:25 | estimated_finish=2026-06-17 19:08:35
Epoch 778/1000 finished | loss=0.449585 | cnn_loss=0.421601 | gnn_loss=0.027984 | lr=0.000258058 | epoch_time=00:01:14 | elapsed=17:07:04 | ETA=04:53:04 | estimated_finish=2026-06-17 19:08:28
Epoch 779/1000 finished | loss=0.484234 | cnn_loss=0.452207 | gnn_loss=0.032027 | lr=0.000257012 | epoch_time=00:01:17 | elapsed=17:08:22 | ETA=04:51:44 | estimated_finish=2026-06-17 19:08:26
Epoch 780/1000 finished | loss=0.415525 | cnn_loss=0.384526 | gnn_loss=0.030999 | lr=0.000255965 | epoch_time=00:01:17 | elapsed=17:09:40 | ETA=04:50:25 | estimated_finish=2026-06-17 19:08:24
Quick validation epoch=780 | pseudo_dice=0.575019 | val_time=00:00:25
Epoch 781/1000 finished | loss=0.464405 | cnn_loss=0.433004 | gnn_loss=0.031401 | lr=0.000254918 | epoch_time=00:01:16 | elapsed=17:11:22 | ETA=04:49:12 | estimated_finish=2026-06-17 19:08:54
Epoch 782/1000 finished | loss=0.485039 | cnn_loss=0.453333 | gnn_loss=0.031705 | lr=0.00025387 | epoch_time=00:01:16 | elapsed=17:12:39 | ETA=04:47:52 | estimated_finish=2026-06-17 19:08:50
Epoch 783/1000 finished | loss=0.445220 | cnn_loss=0.415017 | gnn_loss=0.030204 | lr=0.000252821 | epoch_time=00:01:17 | elapsed=17:13:56 | ETA=04:46:32 | estimated_finish=2026-06-17 19:08:48
Epoch 784/1000 finished | loss=0.465957 | cnn_loss=0.439177 | gnn_loss=0.026780 | lr=0.000251773 | epoch_time=00:01:15 | elapsed=17:15:11 | ETA=04:45:12 | estimated_finish=2026-06-17 19:08:43
Epoch 785/1000 finished | loss=0.479981 | cnn_loss=0.447885 | gnn_loss=0.032096 | lr=0.000250723 | epoch_time=00:01:14 | elapsed=17:16:26 | ETA=04:43:51 | estimated_finish=2026-06-17 19:08:37
Quick validation epoch=785 | pseudo_dice=0.562625 | val_time=00:00:25
Epoch 786/1000 finished | loss=0.443568 | cnn_loss=0.413367 | gnn_loss=0.030202 | lr=0.000249673 | epoch_time=00:01:15 | elapsed=17:18:06 | ETA=04:42:38 | estimated_finish=2026-06-17 19:09:04
Epoch 787/1000 finished | loss=0.428248 | cnn_loss=0.402354 | gnn_loss=0.025893 | lr=0.000248623 | epoch_time=00:01:17 | elapsed=17:19:24 | ETA=04:41:18 | estimated_finish=2026-06-17 19:09:02
Epoch 788/1000 finished | loss=0.482999 | cnn_loss=0.447775 | gnn_loss=0.035224 | lr=0.000247572 | epoch_time=00:01:16 | elapsed=17:20:40 | ETA=04:39:58 | estimated_finish=2026-06-17 19:08:59
Epoch 789/1000 finished | loss=0.470342 | cnn_loss=0.436546 | gnn_loss=0.033797 | lr=0.000246521 | epoch_time=00:01:14 | elapsed=17:21:55 | ETA=04:38:38 | estimated_finish=2026-06-17 19:08:52
Epoch 790/1000 finished | loss=0.471667 | cnn_loss=0.441477 | gnn_loss=0.030190 | lr=0.000245469 | epoch_time=00:01:23 | elapsed=17:23:19 | ETA=04:37:20 | estimated_finish=2026-06-17 19:08:58
Quick validation epoch=790 | pseudo_dice=0.660877 | val_time=00:00:25
Epoch 791/1000 finished | loss=0.424584 | cnn_loss=0.393703 | gnn_loss=0.030880 | lr=0.000244417 | epoch_time=00:01:18 | elapsed=17:25:03 | ETA=04:36:07 | estimated_finish=2026-06-17 19:09:30
Epoch 792/1000 finished | loss=0.477559 | cnn_loss=0.447935 | gnn_loss=0.029624 | lr=0.000243364 | epoch_time=00:01:15 | elapsed=17:26:19 | ETA=04:34:47 | estimated_finish=2026-06-17 19:09:26
Epoch 793/1000 finished | loss=0.453387 | cnn_loss=0.427366 | gnn_loss=0.026020 | lr=0.000242311 | epoch_time=00:01:14 | elapsed=17:27:33 | ETA=04:33:26 | estimated_finish=2026-06-17 19:09:19
Epoch 794/1000 finished | loss=0.428523 | cnn_loss=0.399376 | gnn_loss=0.029147 | lr=0.000241257 | epoch_time=00:01:13 | elapsed=17:28:46 | ETA=04:32:06 | estimated_finish=2026-06-17 19:09:12
Epoch 795/1000 finished | loss=0.423732 | cnn_loss=0.396744 | gnn_loss=0.026987 | lr=0.000240203 | epoch_time=00:01:16 | elapsed=17:30:03 | ETA=04:30:46 | estimated_finish=2026-06-17 19:09:09
Quick validation epoch=795 | pseudo_dice=0.585912 | val_time=00:00:25
Epoch 796/1000 finished | loss=0.470355 | cnn_loss=0.439243 | gnn_loss=0.031112 | lr=0.000239148 | epoch_time=00:01:13 | elapsed=17:31:41 | ETA=04:29:31 | estimated_finish=2026-06-17 19:09:33
Epoch 797/1000 finished | loss=0.432457 | cnn_loss=0.405097 | gnn_loss=0.027360 | lr=0.000238093 | epoch_time=00:01:15 | elapsed=17:32:57 | ETA=04:28:11 | estimated_finish=2026-06-17 19:09:28
Epoch 798/1000 finished | loss=0.501919 | cnn_loss=0.468068 | gnn_loss=0.033851 | lr=0.000237037 | epoch_time=00:01:14 | elapsed=17:34:12 | ETA=04:26:51 | estimated_finish=2026-06-17 19:09:22
Epoch 799/1000 finished | loss=0.435017 | cnn_loss=0.406694 | gnn_loss=0.028323 | lr=0.000235981 | epoch_time=00:01:14 | elapsed=17:35:26 | ETA=04:25:30 | estimated_finish=2026-06-17 19:09:16
Epoch 800/1000 finished | loss=0.416419 | cnn_loss=0.385705 | gnn_loss=0.030714 | lr=0.000234924 | epoch_time=00:01:11 | elapsed=17:36:38 | ETA=04:24:09 | estimated_finish=2026-06-17 19:09:07
Quick validation epoch=800 | pseudo_dice=0.509806 | val_time=00:00:25
Full validation epoch=800 | mean_dice=0.321162 | val_time=00:00:52
Epoch 801/1000 finished | loss=0.458166 | cnn_loss=0.424260 | gnn_loss=0.033906 | lr=0.000233866 | epoch_time=00:01:16 | elapsed=17:39:13 | ETA=04:23:09 | estimated_finish=2026-06-17 19:10:41
Epoch 802/1000 finished | loss=0.426774 | cnn_loss=0.398680 | gnn_loss=0.028093 | lr=0.000232808 | epoch_time=00:01:17 | elapsed=17:40:30 | ETA=04:21:49 | estimated_finish=2026-06-17 19:10:39
Epoch 803/1000 finished | loss=0.442855 | cnn_loss=0.416926 | gnn_loss=0.025928 | lr=0.00023175 | epoch_time=00:01:15 | elapsed=17:41:46 | ETA=04:20:29 | estimated_finish=2026-06-17 19:10:35
Epoch 804/1000 finished | loss=0.456781 | cnn_loss=0.427057 | gnn_loss=0.029724 | lr=0.000230691 | epoch_time=00:01:14 | elapsed=17:43:00 | ETA=04:19:08 | estimated_finish=2026-06-17 19:10:28
Epoch 805/1000 finished | loss=0.457681 | cnn_loss=0.429510 | gnn_loss=0.028171 | lr=0.000229631 | epoch_time=00:01:13 | elapsed=17:44:13 | ETA=04:17:47 | estimated_finish=2026-06-17 19:10:21
Quick validation epoch=805 | pseudo_dice=0.595247 | val_time=00:00:24
Epoch 806/1000 finished | loss=0.442084 | cnn_loss=0.412978 | gnn_loss=0.029106 | lr=0.000228571 | epoch_time=00:01:14 | elapsed=17:45:52 | ETA=04:16:33 | estimated_finish=2026-06-17 19:10:45
Epoch 807/1000 finished | loss=0.458445 | cnn_loss=0.429036 | gnn_loss=0.029409 | lr=0.000227511 | epoch_time=00:01:16 | elapsed=17:47:08 | ETA=04:15:12 | estimated_finish=2026-06-17 19:10:41
Epoch 808/1000 finished | loss=0.440001 | cnn_loss=0.410646 | gnn_loss=0.029355 | lr=0.000226449 | epoch_time=00:01:14 | elapsed=17:48:23 | ETA=04:13:52 | estimated_finish=2026-06-17 19:10:35
Epoch 809/1000 finished | loss=0.462514 | cnn_loss=0.430686 | gnn_loss=0.031828 | lr=0.000225388 | epoch_time=00:01:16 | elapsed=17:49:39 | ETA=04:12:32 | estimated_finish=2026-06-17 19:10:31
Epoch 810/1000 finished | loss=0.452977 | cnn_loss=0.420438 | gnn_loss=0.032539 | lr=0.000224325 | epoch_time=00:01:11 | elapsed=17:50:51 | ETA=04:11:11 | estimated_finish=2026-06-17 19:10:21
Quick validation epoch=810 | pseudo_dice=0.651855 | val_time=00:00:24
Epoch 811/1000 finished | loss=0.474737 | cnn_loss=0.446493 | gnn_loss=0.028243 | lr=0.000223262 | epoch_time=00:01:14 | elapsed=17:52:30 | ETA=04:09:56 | estimated_finish=2026-06-17 19:10:46
Epoch 812/1000 finished | loss=0.471846 | cnn_loss=0.440033 | gnn_loss=0.031813 | lr=0.000222199 | epoch_time=00:01:12 | elapsed=17:53:43 | ETA=04:08:35 | estimated_finish=2026-06-17 19:10:38
Epoch 813/1000 finished | loss=0.462624 | cnn_loss=0.434917 | gnn_loss=0.027707 | lr=0.000221135 | epoch_time=00:01:14 | elapsed=17:54:58 | ETA=04:07:15 | estimated_finish=2026-06-17 19:10:33
Epoch 814/1000 finished | loss=0.439155 | cnn_loss=0.409330 | gnn_loss=0.029825 | lr=0.00022007 | epoch_time=00:01:13 | elapsed=17:56:11 | ETA=04:05:54 | estimated_finish=2026-06-17 19:10:25
Epoch 815/1000 finished | loss=0.469293 | cnn_loss=0.438540 | gnn_loss=0.030753 | lr=0.000219005 | epoch_time=00:01:13 | elapsed=17:57:25 | ETA=04:04:34 | estimated_finish=2026-06-17 19:10:18
Quick validation epoch=815 | pseudo_dice=0.575335 | val_time=00:00:24
Epoch 816/1000 finished | loss=0.467084 | cnn_loss=0.437087 | gnn_loss=0.029996 | lr=0.00021794 | epoch_time=00:01:12 | elapsed=17:59:02 | ETA=04:03:18 | estimated_finish=2026-06-17 19:10:40
Epoch 817/1000 finished | loss=0.446619 | cnn_loss=0.411586 | gnn_loss=0.035033 | lr=0.000216873 | epoch_time=00:01:15 | elapsed=18:00:18 | ETA=04:01:58 | estimated_finish=2026-06-17 19:10:36
Epoch 818/1000 finished | loss=0.468819 | cnn_loss=0.437101 | gnn_loss=0.031718 | lr=0.000215806 | epoch_time=00:01:14 | elapsed=18:01:32 | ETA=04:00:38 | estimated_finish=2026-06-17 19:10:30
Epoch 819/1000 finished | loss=0.459782 | cnn_loss=0.430812 | gnn_loss=0.028970 | lr=0.000214739 | epoch_time=00:01:13 | elapsed=18:02:46 | ETA=03:59:17 | estimated_finish=2026-06-17 19:10:23
Epoch 820/1000 finished | loss=0.470831 | cnn_loss=0.440177 | gnn_loss=0.030654 | lr=0.000213671 | epoch_time=00:01:15 | elapsed=18:04:02 | ETA=03:57:57 | estimated_finish=2026-06-17 19:10:19
Quick validation epoch=820 | pseudo_dice=0.544130 | val_time=00:00:26
Epoch 821/1000 finished | loss=0.447087 | cnn_loss=0.412872 | gnn_loss=0.034215 | lr=0.000212602 | epoch_time=00:01:16 | elapsed=18:05:44 | ETA=03:56:43 | estimated_finish=2026-06-17 19:10:47
Epoch 822/1000 finished | loss=0.462101 | cnn_loss=0.429053 | gnn_loss=0.033048 | lr=0.000211533 | epoch_time=00:01:14 | elapsed=18:06:59 | ETA=03:55:22 | estimated_finish=2026-06-17 19:10:41
Epoch 823/1000 finished | loss=0.425342 | cnn_loss=0.397762 | gnn_loss=0.027580 | lr=0.000210463 | epoch_time=00:01:14 | elapsed=18:08:13 | ETA=03:54:02 | estimated_finish=2026-06-17 19:10:35
Epoch 824/1000 finished | loss=0.470449 | cnn_loss=0.442140 | gnn_loss=0.028309 | lr=0.000209393 | epoch_time=00:01:14 | elapsed=18:09:27 | ETA=03:52:42 | estimated_finish=2026-06-17 19:10:29
Epoch 825/1000 finished | loss=0.463358 | cnn_loss=0.430987 | gnn_loss=0.032371 | lr=0.000208322 | epoch_time=00:01:15 | elapsed=18:10:43 | ETA=03:51:21 | estimated_finish=2026-06-17 19:10:24
Quick validation epoch=825 | pseudo_dice=0.554414 | val_time=00:00:24
Epoch 826/1000 finished | loss=0.442077 | cnn_loss=0.412929 | gnn_loss=0.029148 | lr=0.00020725 | epoch_time=00:01:12 | elapsed=18:12:19 | ETA=03:50:06 | estimated_finish=2026-06-17 19:10:45
Epoch 827/1000 finished | loss=0.429444 | cnn_loss=0.397143 | gnn_loss=0.032300 | lr=0.000206178 | epoch_time=00:01:17 | elapsed=18:13:37 | ETA=03:48:46 | estimated_finish=2026-06-17 19:10:43
Epoch 828/1000 finished | loss=0.453685 | cnn_loss=0.426106 | gnn_loss=0.027579 | lr=0.000205105 | epoch_time=00:01:14 | elapsed=18:14:51 | ETA=03:47:26 | estimated_finish=2026-06-17 19:10:37
Epoch 829/1000 finished | loss=0.453049 | cnn_loss=0.424459 | gnn_loss=0.028589 | lr=0.000204031 | epoch_time=00:01:16 | elapsed=18:16:08 | ETA=03:46:06 | estimated_finish=2026-06-17 19:10:33
Epoch 830/1000 finished | loss=0.463867 | cnn_loss=0.432688 | gnn_loss=0.031180 | lr=0.000202957 | epoch_time=00:01:13 | elapsed=18:17:21 | ETA=03:44:45 | estimated_finish=2026-06-17 19:10:26
Quick validation epoch=830 | pseudo_dice=0.590442 | val_time=00:00:24
Epoch 831/1000 finished | loss=0.439441 | cnn_loss=0.406353 | gnn_loss=0.033088 | lr=0.000201882 | epoch_time=00:01:14 | elapsed=18:19:00 | ETA=03:43:30 | estimated_finish=2026-06-17 19:10:49
Epoch 832/1000 finished | loss=0.427460 | cnn_loss=0.398209 | gnn_loss=0.029251 | lr=0.000200807 | epoch_time=00:01:18 | elapsed=18:20:18 | ETA=03:42:10 | estimated_finish=2026-06-17 19:10:48
Epoch 833/1000 finished | loss=0.451103 | cnn_loss=0.420178 | gnn_loss=0.030925 | lr=0.000199731 | epoch_time=00:01:14 | elapsed=18:21:33 | ETA=03:40:50 | estimated_finish=2026-06-17 19:10:43
Epoch 834/1000 finished | loss=0.439410 | cnn_loss=0.411320 | gnn_loss=0.028090 | lr=0.000198654 | epoch_time=00:01:14 | elapsed=18:22:47 | ETA=03:39:30 | estimated_finish=2026-06-17 19:10:37
Epoch 835/1000 finished | loss=0.454706 | cnn_loss=0.420957 | gnn_loss=0.033749 | lr=0.000197577 | epoch_time=00:01:19 | elapsed=18:24:07 | ETA=03:38:10 | estimated_finish=2026-06-17 19:10:37
Quick validation epoch=835 | pseudo_dice=0.484441 | val_time=00:00:24
Epoch 836/1000 finished | loss=0.416665 | cnn_loss=0.392436 | gnn_loss=0.024230 | lr=0.000196499 | epoch_time=00:01:15 | elapsed=18:25:48 | ETA=03:36:55 | estimated_finish=2026-06-17 19:11:03
Epoch 837/1000 finished | loss=0.414403 | cnn_loss=0.388648 | gnn_loss=0.025755 | lr=0.00019542 | epoch_time=00:01:14 | elapsed=18:27:02 | ETA=03:35:35 | estimated_finish=2026-06-17 19:10:57
Epoch 838/1000 finished | loss=0.452943 | cnn_loss=0.423423 | gnn_loss=0.029521 | lr=0.000194341 | epoch_time=00:01:14 | elapsed=18:28:17 | ETA=03:34:15 | estimated_finish=2026-06-17 19:10:51
Epoch 839/1000 finished | loss=0.468247 | cnn_loss=0.438221 | gnn_loss=0.030026 | lr=0.000193261 | epoch_time=00:01:11 | elapsed=18:29:28 | ETA=03:32:54 | estimated_finish=2026-06-17 19:10:42
Epoch 840/1000 finished | loss=0.409260 | cnn_loss=0.380781 | gnn_loss=0.028479 | lr=0.00019218 | epoch_time=00:01:14 | elapsed=18:30:43 | ETA=03:31:33 | estimated_finish=2026-06-17 19:10:36
Quick validation epoch=840 | pseudo_dice=0.665525 | val_time=00:00:24
Epoch 841/1000 finished | loss=0.425926 | cnn_loss=0.396689 | gnn_loss=0.029238 | lr=0.000191099 | epoch_time=00:01:14 | elapsed=18:32:22 | ETA=03:30:18 | estimated_finish=2026-06-17 19:11:00
Epoch 842/1000 finished | loss=0.453820 | cnn_loss=0.424417 | gnn_loss=0.029404 | lr=0.000190017 | epoch_time=00:01:13 | elapsed=18:33:36 | ETA=03:28:58 | estimated_finish=2026-06-17 19:10:53
Epoch 843/1000 finished | loss=0.457884 | cnn_loss=0.425639 | gnn_loss=0.032246 | lr=0.000188934 | epoch_time=00:01:11 | elapsed=18:34:48 | ETA=03:27:37 | estimated_finish=2026-06-17 19:10:45
Epoch 844/1000 finished | loss=0.446418 | cnn_loss=0.417187 | gnn_loss=0.029230 | lr=0.00018785 | epoch_time=00:01:15 | elapsed=18:36:04 | ETA=03:26:17 | estimated_finish=2026-06-17 19:10:40
Epoch 845/1000 finished | loss=0.463551 | cnn_loss=0.430297 | gnn_loss=0.033254 | lr=0.000186766 | epoch_time=00:01:13 | elapsed=18:37:17 | ETA=03:24:56 | estimated_finish=2026-06-17 19:10:34
Quick validation epoch=845 | pseudo_dice=0.597293 | val_time=00:00:24
Epoch 846/1000 finished | loss=0.431123 | cnn_loss=0.399764 | gnn_loss=0.031358 | lr=0.000185682 | epoch_time=00:01:16 | elapsed=18:38:58 | ETA=03:23:41 | estimated_finish=2026-06-17 19:10:59
Epoch 847/1000 finished | loss=0.458372 | cnn_loss=0.428515 | gnn_loss=0.029856 | lr=0.000184596 | epoch_time=00:01:11 | elapsed=18:40:10 | ETA=03:22:20 | estimated_finish=2026-06-17 19:10:50
Epoch 848/1000 finished | loss=0.420037 | cnn_loss=0.390141 | gnn_loss=0.029896 | lr=0.00018351 | epoch_time=00:01:15 | elapsed=18:41:26 | ETA=03:21:00 | estimated_finish=2026-06-17 19:10:46
Epoch 849/1000 finished | loss=0.450656 | cnn_loss=0.422821 | gnn_loss=0.027836 | lr=0.000182423 | epoch_time=00:01:12 | elapsed=18:42:38 | ETA=03:19:40 | estimated_finish=2026-06-17 19:10:38
Epoch 850/1000 finished | loss=0.448159 | cnn_loss=0.417856 | gnn_loss=0.030303 | lr=0.000181335 | epoch_time=00:01:12 | elapsed=18:43:51 | ETA=03:18:19 | estimated_finish=2026-06-17 19:10:30
Quick validation epoch=850 | pseudo_dice=0.541200 | val_time=00:00:24
Epoch 851/1000 finished | loss=0.424263 | cnn_loss=0.396264 | gnn_loss=0.027999 | lr=0.000180247 | epoch_time=00:01:15 | elapsed=18:45:31 | ETA=03:17:03 | estimated_finish=2026-06-17 19:10:54
Epoch 852/1000 finished | loss=0.434552 | cnn_loss=0.407416 | gnn_loss=0.027136 | lr=0.000179158 | epoch_time=00:01:14 | elapsed=18:46:46 | ETA=03:15:43 | estimated_finish=2026-06-17 19:10:49
Epoch 853/1000 finished | loss=0.458785 | cnn_loss=0.426148 | gnn_loss=0.032636 | lr=0.000178068 | epoch_time=00:01:14 | elapsed=18:48:00 | ETA=03:14:23 | estimated_finish=2026-06-17 19:10:43
Epoch 854/1000 finished | loss=0.453079 | cnn_loss=0.423650 | gnn_loss=0.029429 | lr=0.000176977 | epoch_time=00:01:12 | elapsed=18:49:13 | ETA=03:13:03 | estimated_finish=2026-06-17 19:10:35
Epoch 855/1000 finished | loss=0.456614 | cnn_loss=0.428167 | gnn_loss=0.028447 | lr=0.000175886 | epoch_time=00:01:17 | elapsed=18:50:30 | ETA=03:11:43 | estimated_finish=2026-06-17 19:10:32
Quick validation epoch=855 | pseudo_dice=0.544738 | val_time=00:00:24
Epoch 856/1000 finished | loss=0.420328 | cnn_loss=0.391040 | gnn_loss=0.029288 | lr=0.000174794 | epoch_time=00:01:14 | elapsed=18:52:08 | ETA=03:10:27 | estimated_finish=2026-06-17 19:10:55
Epoch 857/1000 finished | loss=0.443766 | cnn_loss=0.414793 | gnn_loss=0.028973 | lr=0.000173701 | epoch_time=00:01:16 | elapsed=18:53:25 | ETA=03:09:07 | estimated_finish=2026-06-17 19:10:51
Epoch 858/1000 finished | loss=0.431882 | cnn_loss=0.399239 | gnn_loss=0.032643 | lr=0.000172607 | epoch_time=00:01:14 | elapsed=18:54:39 | ETA=03:07:47 | estimated_finish=2026-06-17 19:10:46
Epoch 859/1000 finished | loss=0.390358 | cnn_loss=0.363877 | gnn_loss=0.026481 | lr=0.000171513 | epoch_time=00:01:12 | elapsed=18:55:51 | ETA=03:06:26 | estimated_finish=2026-06-17 19:10:37
Epoch 860/1000 finished | loss=0.459173 | cnn_loss=0.423432 | gnn_loss=0.035741 | lr=0.000170418 | epoch_time=00:01:14 | elapsed=18:57:06 | ETA=03:05:06 | estimated_finish=2026-06-17 19:10:32
Quick validation epoch=860 | pseudo_dice=0.593500 | val_time=00:00:24
Epoch 861/1000 finished | loss=0.456551 | cnn_loss=0.424314 | gnn_loss=0.032237 | lr=0.000169322 | epoch_time=00:01:13 | elapsed=18:58:45 | ETA=03:03:50 | estimated_finish=2026-06-17 19:10:55
Epoch 862/1000 finished | loss=0.431937 | cnn_loss=0.403381 | gnn_loss=0.028556 | lr=0.000168225 | epoch_time=00:01:18 | elapsed=19:00:03 | ETA=03:02:30 | estimated_finish=2026-06-17 19:10:53
Epoch 863/1000 finished | loss=0.471225 | cnn_loss=0.439141 | gnn_loss=0.032085 | lr=0.000167128 | epoch_time=00:01:13 | elapsed=19:01:16 | ETA=03:01:10 | estimated_finish=2026-06-17 19:10:46
Epoch 864/1000 finished | loss=0.455301 | cnn_loss=0.423939 | gnn_loss=0.031362 | lr=0.000166029 | epoch_time=00:01:16 | elapsed=19:02:32 | ETA=02:59:50 | estimated_finish=2026-06-17 19:10:43
Epoch 865/1000 finished | loss=0.426469 | cnn_loss=0.398191 | gnn_loss=0.028278 | lr=0.00016493 | epoch_time=00:01:13 | elapsed=19:03:46 | ETA=02:58:30 | estimated_finish=2026-06-17 19:10:36
Quick validation epoch=865 | pseudo_dice=0.542032 | val_time=00:00:25
Epoch 866/1000 finished | loss=0.409285 | cnn_loss=0.378911 | gnn_loss=0.030374 | lr=0.00016383 | epoch_time=00:01:11 | elapsed=19:05:23 | ETA=02:57:13 | estimated_finish=2026-06-17 19:10:56
Epoch 867/1000 finished | loss=0.447494 | cnn_loss=0.418335 | gnn_loss=0.029159 | lr=0.00016273 | epoch_time=00:01:16 | elapsed=19:06:39 | ETA=02:55:54 | estimated_finish=2026-06-17 19:10:53
Epoch 868/1000 finished | loss=0.475542 | cnn_loss=0.442442 | gnn_loss=0.033100 | lr=0.000161628 | epoch_time=00:01:13 | elapsed=19:07:53 | ETA=02:54:33 | estimated_finish=2026-06-17 19:10:46
Epoch 869/1000 finished | loss=0.473558 | cnn_loss=0.442696 | gnn_loss=0.030863 | lr=0.000160526 | epoch_time=00:01:14 | elapsed=19:09:08 | ETA=02:53:13 | estimated_finish=2026-06-17 19:10:41
Epoch 870/1000 finished | loss=0.439671 | cnn_loss=0.412671 | gnn_loss=0.027000 | lr=0.000159422 | epoch_time=00:01:13 | elapsed=19:10:21 | ETA=02:51:53 | estimated_finish=2026-06-17 19:10:34
Quick validation epoch=870 | pseudo_dice=0.619070 | val_time=00:00:24
Epoch 871/1000 finished | loss=0.454676 | cnn_loss=0.424085 | gnn_loss=0.030591 | lr=0.000158318 | epoch_time=00:01:16 | elapsed=19:12:02 | ETA=02:50:37 | estimated_finish=2026-06-17 19:10:59
Epoch 872/1000 finished | loss=0.468945 | cnn_loss=0.435391 | gnn_loss=0.033554 | lr=0.000157213 | epoch_time=00:01:11 | elapsed=19:13:14 | ETA=02:49:17 | estimated_finish=2026-06-17 19:10:50
Epoch 873/1000 finished | loss=0.457008 | cnn_loss=0.426438 | gnn_loss=0.030570 | lr=0.000156107 | epoch_time=00:01:13 | elapsed=19:14:28 | ETA=02:47:56 | estimated_finish=2026-06-17 19:10:44
Epoch 874/1000 finished | loss=0.399843 | cnn_loss=0.371780 | gnn_loss=0.028064 | lr=0.000155001 | epoch_time=00:01:13 | elapsed=19:15:41 | ETA=02:46:36 | estimated_finish=2026-06-17 19:10:37
Epoch 875/1000 finished | loss=0.436531 | cnn_loss=0.408722 | gnn_loss=0.027809 | lr=0.000153893 | epoch_time=00:01:14 | elapsed=19:16:56 | ETA=02:45:16 | estimated_finish=2026-06-17 19:10:32
Quick validation epoch=875 | pseudo_dice=0.603247 | val_time=00:00:24
Epoch 876/1000 finished | loss=0.445336 | cnn_loss=0.414101 | gnn_loss=0.031235 | lr=0.000152785 | epoch_time=00:01:13 | elapsed=19:18:34 | ETA=02:43:59 | estimated_finish=2026-06-17 19:10:53
Epoch 877/1000 finished | loss=0.459600 | cnn_loss=0.429122 | gnn_loss=0.030478 | lr=0.000151675 | epoch_time=00:01:13 | elapsed=19:19:47 | ETA=02:42:39 | estimated_finish=2026-06-17 19:10:46
Epoch 878/1000 finished | loss=0.426071 | cnn_loss=0.395606 | gnn_loss=0.030464 | lr=0.000150565 | epoch_time=00:01:16 | elapsed=19:21:04 | ETA=02:41:20 | estimated_finish=2026-06-17 19:10:43
Epoch 879/1000 finished | loss=0.412273 | cnn_loss=0.381335 | gnn_loss=0.030939 | lr=0.000149454 | epoch_time=00:01:15 | elapsed=19:22:19 | ETA=02:40:00 | estimated_finish=2026-06-17 19:10:39
Epoch 880/1000 finished | loss=0.416562 | cnn_loss=0.385071 | gnn_loss=0.031491 | lr=0.000148342 | epoch_time=00:01:17 | elapsed=19:23:37 | ETA=02:38:40 | estimated_finish=2026-06-17 19:10:37
Quick validation epoch=880 | pseudo_dice=0.497587 | val_time=00:00:24
