OK: 3D-GCCN imports
==========================================
3D-GCCN SBO vessel training
Fold: 4
JSON: /vf/users/drdcad/Hyuna/projects/vessel_seg/code/train_3D-GCCN/jsons/sbo_vessel_5fold.json
OUT_DIR: ./runs/fold4
CUDA_VISIBLE_DEVICES: 0
Start time: Tue Jun 16 21:28:52 EDT 2026
==========================================
Fold: 4
Train cases: 93
Val cases: 24
Quick val cases: 24
Preprocessed dir: /data/drdcad/datasets_nnUNet/nnUNet_preprocessed/Dataset101_SBOvessel/nnUNetPlans_3d_fullres
Output dir: runs/fold4
Graph stride: 12
Edge dist: 16.0
Effective patch batch: 2
Total epochs: 1000
Steps per epoch: 93
Training started at: 2026-06-16 21:29:05
Epoch 1/1000 finished | loss=1.090827 | cnn_loss=0.941055 | gnn_loss=0.149772 | lr=0.0009991 | epoch_time=00:01:09 | elapsed=00:01:09 | ETA=19:15:24 | estimated_finish=2026-06-17 16:45:39
Epoch 2/1000 finished | loss=1.036265 | cnn_loss=0.952623 | gnn_loss=0.083642 | lr=0.0009982 | epoch_time=00:01:03 | elapsed=00:02:12 | ETA=18:25:33 | estimated_finish=2026-06-17 15:56:52
Epoch 3/1000 finished | loss=0.985700 | cnn_loss=0.926351 | gnn_loss=0.059348 | lr=0.0009973 | epoch_time=00:01:03 | elapsed=00:03:16 | ETA=18:09:52 | estimated_finish=2026-06-17 15:42:14
Epoch 4/1000 finished | loss=0.957962 | cnn_loss=0.901457 | gnn_loss=0.056505 | lr=0.000996399 | epoch_time=00:01:02 | elapsed=00:04:19 | ETA=17:56:36 | estimated_finish=2026-06-17 15:30:01
Epoch 5/1000 finished | loss=0.883020 | cnn_loss=0.825548 | gnn_loss=0.057472 | lr=0.000995499 | epoch_time=00:01:01 | elapsed=00:05:21 | ETA=17:45:32 | estimated_finish=2026-06-17 15:19:59
Quick validation epoch=5 | pseudo_dice=0.281030 | val_time=00:00:25
New best model saved by quick validation | pseudo_dice=0.281030 | epoch=5
Epoch 6/1000 finished | loss=0.857771 | cnn_loss=0.809477 | gnn_loss=0.048294 | lr=0.000994598 | epoch_time=00:01:03 | elapsed=00:06:50 | ETA=18:53:05 | estimated_finish=2026-06-17 16:29:01
Epoch 7/1000 finished | loss=0.799339 | cnn_loss=0.754498 | gnn_loss=0.044841 | lr=0.000993698 | epoch_time=00:01:03 | elapsed=00:07:53 | ETA=18:39:43 | estimated_finish=2026-06-17 16:16:42
Epoch 8/1000 finished | loss=0.757542 | cnn_loss=0.717451 | gnn_loss=0.040091 | lr=0.000992797 | epoch_time=00:01:07 | elapsed=00:09:01 | ETA=18:38:29 | estimated_finish=2026-06-17 16:16:36
Epoch 9/1000 finished | loss=0.801557 | cnn_loss=0.759865 | gnn_loss=0.041692 | lr=0.000991896 | epoch_time=00:01:03 | elapsed=00:10:04 | ETA=18:30:10 | estimated_finish=2026-06-17 16:09:20
Epoch 10/1000 finished | loss=0.792612 | cnn_loss=0.756050 | gnn_loss=0.036562 | lr=0.000990995 | epoch_time=00:01:04 | elapsed=00:11:08 | ETA=18:23:49 | estimated_finish=2026-06-17 16:04:04
Quick validation epoch=10 | pseudo_dice=0.386906 | val_time=00:00:23
New best model saved by quick validation | pseudo_dice=0.386906 | epoch=10
Epoch 11/1000 finished | loss=0.783286 | cnn_loss=0.745368 | gnn_loss=0.037918 | lr=0.000990095 | epoch_time=00:01:04 | elapsed=00:12:37 | ETA=18:54:26 | estimated_finish=2026-06-17 16:36:08
Epoch 12/1000 finished | loss=0.742791 | cnn_loss=0.707046 | gnn_loss=0.035745 | lr=0.000989193 | epoch_time=00:01:05 | elapsed=00:13:42 | ETA=18:48:48 | estimated_finish=2026-06-17 16:31:36
Epoch 13/1000 finished | loss=0.720079 | cnn_loss=0.686116 | gnn_loss=0.033963 | lr=0.000988292 | epoch_time=00:01:03 | elapsed=00:14:46 | ETA=18:41:25 | estimated_finish=2026-06-17 16:25:17
Epoch 14/1000 finished | loss=0.739670 | cnn_loss=0.703241 | gnn_loss=0.036429 | lr=0.000987391 | epoch_time=00:01:03 | elapsed=00:15:49 | ETA=18:34:52 | estimated_finish=2026-06-17 16:19:47
Epoch 15/1000 finished | loss=0.739949 | cnn_loss=0.702742 | gnn_loss=0.037207 | lr=0.00098649 | epoch_time=00:01:04 | elapsed=00:16:54 | ETA=18:30:14 | estimated_finish=2026-06-17 16:16:14
Quick validation epoch=15 | pseudo_dice=0.397572 | val_time=00:00:23
New best model saved by quick validation | pseudo_dice=0.397572 | epoch=15
Epoch 16/1000 finished | loss=0.748789 | cnn_loss=0.710909 | gnn_loss=0.037880 | lr=0.000985588 | epoch_time=00:01:05 | elapsed=00:18:23 | ETA=18:50:55 | estimated_finish=2026-06-17 16:38:24
Epoch 17/1000 finished | loss=0.705520 | cnn_loss=0.676977 | gnn_loss=0.028544 | lr=0.000984687 | epoch_time=00:01:03 | elapsed=00:19:26 | ETA=18:44:04 | estimated_finish=2026-06-17 16:32:36
Epoch 18/1000 finished | loss=0.727627 | cnn_loss=0.688099 | gnn_loss=0.039528 | lr=0.000983785 | epoch_time=00:01:02 | elapsed=00:20:28 | ETA=18:37:18 | estimated_finish=2026-06-17 16:26:53
Epoch 19/1000 finished | loss=0.648921 | cnn_loss=0.618587 | gnn_loss=0.030333 | lr=0.000982884 | epoch_time=00:01:04 | elapsed=00:21:33 | ETA=18:32:39 | estimated_finish=2026-06-17 16:23:18
Epoch 20/1000 finished | loss=0.676688 | cnn_loss=0.645690 | gnn_loss=0.030998 | lr=0.000981982 | epoch_time=00:01:04 | elapsed=00:22:37 | ETA=18:28:40 | estimated_finish=2026-06-17 16:20:23
Quick validation epoch=20 | pseudo_dice=0.384240 | val_time=00:00:23
Epoch 21/1000 finished | loss=0.695493 | cnn_loss=0.663512 | gnn_loss=0.031981 | lr=0.00098108 | epoch_time=00:01:03 | elapsed=00:24:04 | ETA=18:42:05 | estimated_finish=2026-06-17 16:35:15
Epoch 22/1000 finished | loss=0.713006 | cnn_loss=0.681583 | gnn_loss=0.031423 | lr=0.000980178 | epoch_time=00:01:04 | elapsed=00:25:08 | ETA=18:37:51 | estimated_finish=2026-06-17 16:32:05
Epoch 23/1000 finished | loss=0.761504 | cnn_loss=0.728215 | gnn_loss=0.033289 | lr=0.000979276 | epoch_time=00:01:05 | elapsed=00:26:14 | ETA=18:34:44 | estimated_finish=2026-06-17 16:30:04
Epoch 24/1000 finished | loss=0.726689 | cnn_loss=0.694199 | gnn_loss=0.032489 | lr=0.000978374 | epoch_time=00:01:05 | elapsed=00:27:19 | ETA=18:31:17 | estimated_finish=2026-06-17 16:27:42
Epoch 25/1000 finished | loss=0.701839 | cnn_loss=0.668449 | gnn_loss=0.033390 | lr=0.000977472 | epoch_time=00:01:04 | elapsed=00:28:23 | ETA=18:27:30 | estimated_finish=2026-06-17 16:25:00
Quick validation epoch=25 | pseudo_dice=0.316069 | val_time=00:00:23
Epoch 26/1000 finished | loss=0.712986 | cnn_loss=0.680935 | gnn_loss=0.032051 | lr=0.000976569 | epoch_time=00:01:06 | elapsed=00:29:54 | ETA=18:40:21 | estimated_finish=2026-06-17 16:39:21
Epoch 27/1000 finished | loss=0.699715 | cnn_loss=0.665494 | gnn_loss=0.034221 | lr=0.000975667 | epoch_time=00:01:04 | elapsed=00:30:58 | ETA=18:36:19 | estimated_finish=2026-06-17 16:36:23
Epoch 28/1000 finished | loss=0.629699 | cnn_loss=0.603317 | gnn_loss=0.026382 | lr=0.000974764 | epoch_time=00:01:04 | elapsed=00:32:03 | ETA=18:32:56 | estimated_finish=2026-06-17 16:34:05
Epoch 29/1000 finished | loss=0.723339 | cnn_loss=0.688965 | gnn_loss=0.034374 | lr=0.000973862 | epoch_time=00:01:05 | elapsed=00:33:09 | ETA=18:30:17 | estimated_finish=2026-06-17 16:32:32
Epoch 30/1000 finished | loss=0.691802 | cnn_loss=0.656823 | gnn_loss=0.034979 | lr=0.000972959 | epoch_time=00:01:05 | elapsed=00:34:15 | ETA=18:27:44 | estimated_finish=2026-06-17 16:31:05
Quick validation epoch=30 | pseudo_dice=0.487678 | val_time=00:00:23
New best model saved by quick validation | pseudo_dice=0.487678 | epoch=30
Epoch 31/1000 finished | loss=0.694798 | cnn_loss=0.663160 | gnn_loss=0.031638 | lr=0.000972056 | epoch_time=00:01:02 | elapsed=00:35:42 | ETA=18:35:55 | estimated_finish=2026-06-17 16:40:43
Epoch 32/1000 finished | loss=0.672344 | cnn_loss=0.638615 | gnn_loss=0.033729 | lr=0.000971153 | epoch_time=00:01:03 | elapsed=00:36:45 | ETA=18:31:51 | estimated_finish=2026-06-17 16:37:42
Epoch 33/1000 finished | loss=0.723482 | cnn_loss=0.689900 | gnn_loss=0.033582 | lr=0.00097025 | epoch_time=00:01:03 | elapsed=00:37:48 | ETA=18:28:08 | estimated_finish=2026-06-17 16:35:02
Epoch 34/1000 finished | loss=0.684405 | cnn_loss=0.652895 | gnn_loss=0.031510 | lr=0.000969347 | epoch_time=00:01:04 | elapsed=00:38:53 | ETA=18:24:58 | estimated_finish=2026-06-17 16:32:57
Epoch 35/1000 finished | loss=0.664960 | cnn_loss=0.634644 | gnn_loss=0.030316 | lr=0.000968444 | epoch_time=00:01:03 | elapsed=00:39:56 | ETA=18:21:23 | estimated_finish=2026-06-17 16:30:26
Quick validation epoch=35 | pseudo_dice=0.504152 | val_time=00:00:23
New best model saved by quick validation | pseudo_dice=0.504152 | epoch=35
Epoch 36/1000 finished | loss=0.709201 | cnn_loss=0.678630 | gnn_loss=0.030571 | lr=0.000967541 | epoch_time=00:01:03 | elapsed=00:41:23 | ETA=18:28:33 | estimated_finish=2026-06-17 16:39:03
Epoch 37/1000 finished | loss=0.651589 | cnn_loss=0.622655 | gnn_loss=0.028935 | lr=0.000966638 | epoch_time=00:01:06 | elapsed=00:42:30 | ETA=18:26:10 | estimated_finish=2026-06-17 16:37:46
Epoch 38/1000 finished | loss=0.663585 | cnn_loss=0.630433 | gnn_loss=0.033151 | lr=0.000965734 | epoch_time=00:01:04 | elapsed=00:43:34 | ETA=18:23:11 | estimated_finish=2026-06-17 16:35:51
Epoch 39/1000 finished | loss=0.693503 | cnn_loss=0.664048 | gnn_loss=0.029455 | lr=0.000964831 | epoch_time=00:01:05 | elapsed=00:44:40 | ETA=18:20:46 | estimated_finish=2026-06-17 16:34:32
Epoch 40/1000 finished | loss=0.694320 | cnn_loss=0.657995 | gnn_loss=0.036325 | lr=0.000963927 | epoch_time=00:01:05 | elapsed=00:45:45 | ETA=18:18:17 | estimated_finish=2026-06-17 16:33:08
Quick validation epoch=40 | pseudo_dice=0.443737 | val_time=00:00:23
Epoch 41/1000 finished | loss=0.658421 | cnn_loss=0.627434 | gnn_loss=0.030987 | lr=0.000963023 | epoch_time=00:01:03 | elapsed=00:47:12 | ETA=18:24:06 | estimated_finish=2026-06-17 16:40:24
Epoch 42/1000 finished | loss=0.721030 | cnn_loss=0.690531 | gnn_loss=0.030499 | lr=0.000962119 | epoch_time=00:01:01 | elapsed=00:48:14 | ETA=18:20:15 | estimated_finish=2026-06-17 16:37:35
Epoch 43/1000 finished | loss=0.708281 | cnn_loss=0.675554 | gnn_loss=0.032727 | lr=0.000961215 | epoch_time=00:01:04 | elapsed=00:49:18 | ETA=18:17:27 | estimated_finish=2026-06-17 16:35:51
Epoch 44/1000 finished | loss=0.670440 | cnn_loss=0.638348 | gnn_loss=0.032092 | lr=0.000960311 | epoch_time=00:01:05 | elapsed=00:50:24 | ETA=18:15:06 | estimated_finish=2026-06-17 16:34:36
Epoch 45/1000 finished | loss=0.643971 | cnn_loss=0.608581 | gnn_loss=0.035390 | lr=0.000959407 | epoch_time=00:01:03 | elapsed=00:51:27 | ETA=18:12:12 | estimated_finish=2026-06-17 16:32:45
Quick validation epoch=45 | pseudo_dice=0.477705 | val_time=00:00:23
Epoch 46/1000 finished | loss=0.681142 | cnn_loss=0.646734 | gnn_loss=0.034408 | lr=0.000958503 | epoch_time=00:01:04 | elapsed=00:52:55 | ETA=18:17:47 | estimated_finish=2026-06-17 16:39:48
Epoch 47/1000 finished | loss=0.645459 | cnn_loss=0.616993 | gnn_loss=0.028467 | lr=0.000957599 | epoch_time=00:01:04 | elapsed=00:54:00 | ETA=18:15:09 | estimated_finish=2026-06-17 16:38:15
Epoch 48/1000 finished | loss=0.650584 | cnn_loss=0.621661 | gnn_loss=0.028924 | lr=0.000956694 | epoch_time=00:01:04 | elapsed=00:55:05 | ETA=18:12:34 | estimated_finish=2026-06-17 16:36:45
Epoch 49/1000 finished | loss=0.635855 | cnn_loss=0.604723 | gnn_loss=0.031132 | lr=0.00095579 | epoch_time=00:01:02 | elapsed=00:56:08 | ETA=18:09:31 | estimated_finish=2026-06-17 16:34:45
Epoch 50/1000 finished | loss=0.683008 | cnn_loss=0.654138 | gnn_loss=0.028870 | lr=0.000954885 | epoch_time=00:01:06 | elapsed=00:57:14 | ETA=18:07:43 | estimated_finish=2026-06-17 16:34:03
Quick validation epoch=50 | pseudo_dice=0.495053 | val_time=00:00:23
Epoch 51/1000 finished | loss=0.647436 | cnn_loss=0.618575 | gnn_loss=0.028860 | lr=0.000953981 | epoch_time=00:01:05 | elapsed=00:58:43 | ETA=18:12:42 | estimated_finish=2026-06-17 16:40:31
Epoch 52/1000 finished | loss=0.647833 | cnn_loss=0.613382 | gnn_loss=0.034451 | lr=0.000953076 | epoch_time=00:01:05 | elapsed=00:59:48 | ETA=18:10:29 | estimated_finish=2026-06-17 16:39:24
Epoch 53/1000 finished | loss=0.678872 | cnn_loss=0.646386 | gnn_loss=0.032486 | lr=0.000952171 | epoch_time=00:01:03 | elapsed=01:00:52 | ETA=18:07:50 | estimated_finish=2026-06-17 16:37:49
Epoch 54/1000 finished | loss=0.648354 | cnn_loss=0.616001 | gnn_loss=0.032353 | lr=0.000951266 | epoch_time=00:01:05 | elapsed=01:01:58 | ETA=18:05:35 | estimated_finish=2026-06-17 16:36:39
Epoch 55/1000 finished | loss=0.645422 | cnn_loss=0.614799 | gnn_loss=0.030623 | lr=0.000950361 | epoch_time=00:01:05 | elapsed=01:03:03 | ETA=18:03:29 | estimated_finish=2026-06-17 16:35:38
Quick validation epoch=55 | pseudo_dice=0.495244 | val_time=00:00:23
Epoch 56/1000 finished | loss=0.657732 | cnn_loss=0.624553 | gnn_loss=0.033180 | lr=0.000949456 | epoch_time=00:01:05 | elapsed=01:04:32 | ETA=18:08:01 | estimated_finish=2026-06-17 16:41:39
Epoch 57/1000 finished | loss=0.646587 | cnn_loss=0.614298 | gnn_loss=0.032289 | lr=0.000948551 | epoch_time=00:01:05 | elapsed=01:05:38 | ETA=18:05:58 | estimated_finish=2026-06-17 16:40:43
Epoch 58/1000 finished | loss=0.679131 | cnn_loss=0.651774 | gnn_loss=0.027357 | lr=0.000947645 | epoch_time=00:01:03 | elapsed=01:06:41 | ETA=18:03:15 | estimated_finish=2026-06-17 16:39:03
Epoch 59/1000 finished | loss=0.643312 | cnn_loss=0.612212 | gnn_loss=0.031100 | lr=0.00094674 | epoch_time=00:01:04 | elapsed=01:07:46 | ETA=18:00:51 | estimated_finish=2026-06-17 16:37:42
Epoch 60/1000 finished | loss=0.685990 | cnn_loss=0.654034 | gnn_loss=0.031955 | lr=0.000945834 | epoch_time=00:01:05 | elapsed=01:08:51 | ETA=17:58:54 | estimated_finish=2026-06-17 16:36:51
Quick validation epoch=60 | pseudo_dice=0.595230 | val_time=00:00:23
New best model saved by quick validation | pseudo_dice=0.595230 | epoch=60
Epoch 61/1000 finished | loss=0.621505 | cnn_loss=0.593850 | gnn_loss=0.027655 | lr=0.000944929 | epoch_time=00:01:05 | elapsed=01:10:20 | ETA=18:02:48 | estimated_finish=2026-06-17 16:42:14
Epoch 62/1000 finished | loss=0.632900 | cnn_loss=0.602872 | gnn_loss=0.030028 | lr=0.000944023 | epoch_time=00:01:05 | elapsed=01:11:25 | ETA=18:00:41 | estimated_finish=2026-06-17 16:41:12
Epoch 63/1000 finished | loss=0.632438 | cnn_loss=0.598709 | gnn_loss=0.033728 | lr=0.000943117 | epoch_time=00:01:02 | elapsed=01:12:28 | ETA=17:57:59 | estimated_finish=2026-06-17 16:39:33
Epoch 64/1000 finished | loss=0.641484 | cnn_loss=0.615662 | gnn_loss=0.025822 | lr=0.000942211 | epoch_time=00:01:04 | elapsed=01:13:33 | ETA=17:55:48 | estimated_finish=2026-06-17 16:38:27
Epoch 65/1000 finished | loss=0.623015 | cnn_loss=0.589544 | gnn_loss=0.033472 | lr=0.000941305 | epoch_time=00:01:04 | elapsed=01:14:37 | ETA=17:53:32 | estimated_finish=2026-06-17 16:37:16
Quick validation epoch=65 | pseudo_dice=0.521244 | val_time=00:00:23
Epoch 66/1000 finished | loss=0.670099 | cnn_loss=0.634831 | gnn_loss=0.035268 | lr=0.000940399 | epoch_time=00:01:03 | elapsed=01:16:04 | ETA=17:56:35 | estimated_finish=2026-06-17 16:41:45
Epoch 67/1000 finished | loss=0.616852 | cnn_loss=0.587077 | gnn_loss=0.029775 | lr=0.000939493 | epoch_time=00:01:03 | elapsed=01:17:07 | ETA=17:54:02 | estimated_finish=2026-06-17 16:40:16
Epoch 68/1000 finished | loss=0.615054 | cnn_loss=0.584439 | gnn_loss=0.030615 | lr=0.000938587 | epoch_time=00:01:05 | elapsed=01:18:13 | ETA=17:52:08 | estimated_finish=2026-06-17 16:39:27
Epoch 69/1000 finished | loss=0.624927 | cnn_loss=0.597377 | gnn_loss=0.027550 | lr=0.00093768 | epoch_time=00:01:05 | elapsed=01:19:18 | ETA=17:50:09 | estimated_finish=2026-06-17 16:38:34
Epoch 70/1000 finished | loss=0.672168 | cnn_loss=0.638490 | gnn_loss=0.033677 | lr=0.000936774 | epoch_time=00:01:04 | elapsed=01:20:23 | ETA=17:48:04 | estimated_finish=2026-06-17 16:37:33
Quick validation epoch=70 | pseudo_dice=0.541038 | val_time=00:00:23
Epoch 71/1000 finished | loss=0.612417 | cnn_loss=0.580365 | gnn_loss=0.032052 | lr=0.000935867 | epoch_time=00:01:04 | elapsed=01:21:52 | ETA=17:51:11 | estimated_finish=2026-06-17 16:42:08
Epoch 72/1000 finished | loss=0.652846 | cnn_loss=0.619481 | gnn_loss=0.033365 | lr=0.00093496 | epoch_time=00:01:02 | elapsed=01:22:54 | ETA=17:48:38 | estimated_finish=2026-06-17 16:40:38
Epoch 73/1000 finished | loss=0.669242 | cnn_loss=0.637990 | gnn_loss=0.031252 | lr=0.000934054 | epoch_time=00:01:03 | elapsed=01:23:58 | ETA=17:46:24 | estimated_finish=2026-06-17 16:39:28
Epoch 74/1000 finished | loss=0.654681 | cnn_loss=0.622669 | gnn_loss=0.032012 | lr=0.000933147 | epoch_time=00:01:03 | elapsed=01:25:02 | ETA=17:44:08 | estimated_finish=2026-06-17 16:38:16
Epoch 75/1000 finished | loss=0.649587 | cnn_loss=0.621302 | gnn_loss=0.028285 | lr=0.00093224 | epoch_time=00:01:04 | elapsed=01:26:06 | ETA=17:42:05 | estimated_finish=2026-06-17 16:37:17
Quick validation epoch=75 | pseudo_dice=0.392354 | val_time=00:00:23
Epoch 76/1000 finished | loss=0.660277 | cnn_loss=0.626082 | gnn_loss=0.034195 | lr=0.000931333 | epoch_time=00:01:04 | elapsed=01:27:34 | ETA=17:44:48 | estimated_finish=2026-06-17 16:41:28
Epoch 77/1000 finished | loss=0.671245 | cnn_loss=0.641809 | gnn_loss=0.029437 | lr=0.000930425 | epoch_time=00:01:05 | elapsed=01:28:40 | ETA=17:42:58 | estimated_finish=2026-06-17 16:40:45
Epoch 78/1000 finished | loss=0.665429 | cnn_loss=0.634058 | gnn_loss=0.031371 | lr=0.000929518 | epoch_time=00:01:04 | elapsed=01:29:45 | ETA=17:41:01 | estimated_finish=2026-06-17 16:39:52
Epoch 79/1000 finished | loss=0.708072 | cnn_loss=0.671643 | gnn_loss=0.036429 | lr=0.000928611 | epoch_time=00:01:03 | elapsed=01:30:49 | ETA=17:38:49 | estimated_finish=2026-06-17 16:38:43
Epoch 80/1000 finished | loss=0.645476 | cnn_loss=0.613882 | gnn_loss=0.031595 | lr=0.000927703 | epoch_time=00:01:02 | elapsed=01:31:52 | ETA=17:36:30 | estimated_finish=2026-06-17 16:37:28
Quick validation epoch=80 | pseudo_dice=0.496294 | val_time=00:00:23
Epoch 81/1000 finished | loss=0.605098 | cnn_loss=0.573783 | gnn_loss=0.031315 | lr=0.000926796 | epoch_time=00:01:04 | elapsed=01:33:20 | ETA=17:38:59 | estimated_finish=2026-06-17 16:41:25
Epoch 82/1000 finished | loss=0.659137 | cnn_loss=0.626563 | gnn_loss=0.032575 | lr=0.000925888 | epoch_time=00:01:04 | elapsed=01:34:24 | ETA=17:36:55 | estimated_finish=2026-06-17 16:40:25
Epoch 83/1000 finished | loss=0.675292 | cnn_loss=0.642398 | gnn_loss=0.032893 | lr=0.00092498 | epoch_time=00:01:06 | elapsed=01:35:30 | ETA=17:35:16 | estimated_finish=2026-06-17 16:39:52
Epoch 84/1000 finished | loss=0.632709 | cnn_loss=0.602063 | gnn_loss=0.030645 | lr=0.000924072 | epoch_time=00:01:04 | elapsed=01:36:35 | ETA=17:33:22 | estimated_finish=2026-06-17 16:39:03
Epoch 85/1000 finished | loss=0.631029 | cnn_loss=0.602209 | gnn_loss=0.028819 | lr=0.000923164 | epoch_time=00:01:04 | elapsed=01:37:40 | ETA=17:31:27 | estimated_finish=2026-06-17 16:38:13
Quick validation epoch=85 | pseudo_dice=0.513199 | val_time=00:00:23
Epoch 86/1000 finished | loss=0.617054 | cnn_loss=0.592185 | gnn_loss=0.024870 | lr=0.000922256 | epoch_time=00:01:04 | elapsed=01:39:08 | ETA=17:33:36 | estimated_finish=2026-06-17 16:41:49
Epoch 87/1000 finished | loss=0.610774 | cnn_loss=0.582632 | gnn_loss=0.028142 | lr=0.000921348 | epoch_time=00:01:06 | elapsed=01:40:14 | ETA=17:31:58 | estimated_finish=2026-06-17 16:41:18
Epoch 88/1000 finished | loss=0.650707 | cnn_loss=0.621883 | gnn_loss=0.028824 | lr=0.00092044 | epoch_time=00:01:06 | elapsed=01:41:21 | ETA=17:30:24 | estimated_finish=2026-06-17 16:40:51
Epoch 89/1000 finished | loss=0.669584 | cnn_loss=0.641381 | gnn_loss=0.028202 | lr=0.000919531 | epoch_time=00:01:03 | elapsed=01:42:25 | ETA=17:28:20 | estimated_finish=2026-06-17 16:39:50
Epoch 90/1000 finished | loss=0.667145 | cnn_loss=0.637573 | gnn_loss=0.029573 | lr=0.000918623 | epoch_time=00:01:04 | elapsed=01:43:29 | ETA=17:26:23 | estimated_finish=2026-06-17 16:38:58
Quick validation epoch=90 | pseudo_dice=0.456293 | val_time=00:00:23
Epoch 91/1000 finished | loss=0.606537 | cnn_loss=0.573600 | gnn_loss=0.032937 | lr=0.000917714 | epoch_time=00:01:05 | elapsed=01:44:58 | ETA=17:28:36 | estimated_finish=2026-06-17 16:42:40
Epoch 92/1000 finished | loss=0.620563 | cnn_loss=0.588101 | gnn_loss=0.032463 | lr=0.000916806 | epoch_time=00:01:05 | elapsed=01:46:03 | ETA=17:26:48 | estimated_finish=2026-06-17 16:41:57
Epoch 93/1000 finished | loss=0.583350 | cnn_loss=0.555852 | gnn_loss=0.027498 | lr=0.000915897 | epoch_time=00:01:04 | elapsed=01:47:07 | ETA=17:24:49 | estimated_finish=2026-06-17 16:41:03
Epoch 94/1000 finished | loss=0.636041 | cnn_loss=0.603305 | gnn_loss=0.032736 | lr=0.000914988 | epoch_time=00:01:02 | elapsed=01:48:10 | ETA=17:22:39 | estimated_finish=2026-06-17 16:39:55
Epoch 95/1000 finished | loss=0.647554 | cnn_loss=0.619690 | gnn_loss=0.027865 | lr=0.000914079 | epoch_time=00:01:03 | elapsed=01:49:14 | ETA=17:20:39 | estimated_finish=2026-06-17 16:38:59
Quick validation epoch=95 | pseudo_dice=0.411376 | val_time=00:00:23
Epoch 96/1000 finished | loss=0.604360 | cnn_loss=0.575405 | gnn_loss=0.028956 | lr=0.00091317 | epoch_time=00:01:04 | elapsed=01:50:42 | ETA=17:22:27 | estimated_finish=2026-06-17 16:42:14
Epoch 97/1000 finished | loss=0.588112 | cnn_loss=0.562246 | gnn_loss=0.025866 | lr=0.000912261 | epoch_time=00:01:06 | elapsed=01:51:48 | ETA=17:20:55 | estimated_finish=2026-06-17 16:41:50
Epoch 98/1000 finished | loss=0.611119 | cnn_loss=0.579580 | gnn_loss=0.031539 | lr=0.000911351 | epoch_time=00:01:05 | elapsed=01:52:54 | ETA=17:19:13 | estimated_finish=2026-06-17 16:41:13
Epoch 99/1000 finished | loss=0.666391 | cnn_loss=0.636623 | gnn_loss=0.029768 | lr=0.000910442 | epoch_time=00:01:03 | elapsed=01:53:58 | ETA=17:17:15 | estimated_finish=2026-06-17 16:40:19
Epoch 100/1000 finished | loss=0.649575 | cnn_loss=0.615367 | gnn_loss=0.034208 | lr=0.000909533 | epoch_time=00:01:03 | elapsed=01:55:01 | ETA=17:15:15 | estimated_finish=2026-06-17 16:39:22
Quick validation epoch=100 | pseudo_dice=0.474869 | val_time=00:00:23
Full validation epoch=100 | mean_dice=0.230202 | val_time=00:00:55
New best full-validation model saved | dice=0.230202 | epoch=100
Epoch 101/1000 finished | loss=0.636260 | cnn_loss=0.604589 | gnn_loss=0.031671 | lr=0.000908623 | epoch_time=00:01:04 | elapsed=01:57:25 | ETA=17:25:09 | estimated_finish=2026-06-17 16:51:40
Epoch 102/1000 finished | loss=0.586160 | cnn_loss=0.556552 | gnn_loss=0.029607 | lr=0.000907713 | epoch_time=00:01:06 | elapsed=01:58:32 | ETA=17:23:34 | estimated_finish=2026-06-17 16:51:11
Epoch 103/1000 finished | loss=0.568763 | cnn_loss=0.544918 | gnn_loss=0.023845 | lr=0.000906804 | epoch_time=00:01:03 | elapsed=01:59:35 | ETA=17:21:33 | estimated_finish=2026-06-17 16:50:14
Epoch 104/1000 finished | loss=0.647731 | cnn_loss=0.614719 | gnn_loss=0.033012 | lr=0.000905894 | epoch_time=00:01:07 | elapsed=02:00:43 | ETA=17:20:07 | estimated_finish=2026-06-17 16:49:56
Epoch 105/1000 finished | loss=0.618028 | cnn_loss=0.584903 | gnn_loss=0.033125 | lr=0.000904984 | epoch_time=00:01:05 | elapsed=02:01:49 | ETA=17:18:20 | estimated_finish=2026-06-17 16:49:15
Quick validation epoch=105 | pseudo_dice=0.541168 | val_time=00:00:23
Epoch 106/1000 finished | loss=0.623339 | cnn_loss=0.593344 | gnn_loss=0.029995 | lr=0.000904074 | epoch_time=00:01:04 | elapsed=02:03:17 | ETA=17:19:48 | estimated_finish=2026-06-17 16:52:11
Epoch 107/1000 finished | loss=0.624868 | cnn_loss=0.594078 | gnn_loss=0.030790 | lr=0.000903163 | epoch_time=00:01:05 | elapsed=02:04:22 | ETA=17:18:02 | estimated_finish=2026-06-17 16:51:30
Epoch 108/1000 finished | loss=0.559950 | cnn_loss=0.532537 | gnn_loss=0.027413 | lr=0.000902253 | epoch_time=00:01:06 | elapsed=02:05:29 | ETA=17:16:24 | estimated_finish=2026-06-17 16:50:59
Epoch 109/1000 finished | loss=0.597826 | cnn_loss=0.564484 | gnn_loss=0.033342 | lr=0.000901343 | epoch_time=00:01:04 | elapsed=02:06:33 | ETA=17:14:29 | estimated_finish=2026-06-17 16:50:07
Epoch 110/1000 finished | loss=0.594753 | cnn_loss=0.565241 | gnn_loss=0.029511 | lr=0.000900432 | epoch_time=00:01:04 | elapsed=02:07:37 | ETA=17:12:39 | estimated_finish=2026-06-17 16:49:23
Quick validation epoch=110 | pseudo_dice=0.455065 | val_time=00:00:23
Epoch 111/1000 finished | loss=0.633041 | cnn_loss=0.599253 | gnn_loss=0.033788 | lr=0.000899522 | epoch_time=00:01:05 | elapsed=02:09:06 | ETA=17:14:03 | estimated_finish=2026-06-17 16:52:15
Epoch 112/1000 finished | loss=0.631740 | cnn_loss=0.600660 | gnn_loss=0.031081 | lr=0.000898611 | epoch_time=00:01:06 | elapsed=02:10:13 | ETA=17:12:27 | estimated_finish=2026-06-17 16:51:46
Epoch 113/1000 finished | loss=0.631991 | cnn_loss=0.600985 | gnn_loss=0.031006 | lr=0.0008977 | epoch_time=00:01:03 | elapsed=02:11:16 | ETA=17:10:29 | estimated_finish=2026-06-17 16:50:51
Epoch 114/1000 finished | loss=0.619333 | cnn_loss=0.590983 | gnn_loss=0.028351 | lr=0.000896789 | epoch_time=00:01:05 | elapsed=02:12:22 | ETA=17:08:47 | estimated_finish=2026-06-17 16:50:14
Epoch 115/1000 finished | loss=0.642084 | cnn_loss=0.611656 | gnn_loss=0.030428 | lr=0.000895878 | epoch_time=00:01:05 | elapsed=02:13:27 | ETA=17:07:06 | estimated_finish=2026-06-17 16:49:40
Quick validation epoch=115 | pseudo_dice=0.642793 | val_time=00:00:23
New best model saved by quick validation | pseudo_dice=0.642793 | epoch=115
Epoch 116/1000 finished | loss=0.562573 | cnn_loss=0.535042 | gnn_loss=0.027531 | lr=0.000894967 | epoch_time=00:01:05 | elapsed=02:14:57 | ETA=17:08:29 | estimated_finish=2026-06-17 16:52:32
Epoch 117/1000 finished | loss=0.621623 | cnn_loss=0.589029 | gnn_loss=0.032594 | lr=0.000894056 | epoch_time=00:01:06 | elapsed=02:16:03 | ETA=17:06:52 | estimated_finish=2026-06-17 16:52:01
Epoch 118/1000 finished | loss=0.623498 | cnn_loss=0.589787 | gnn_loss=0.033710 | lr=0.000893144 | epoch_time=00:01:05 | elapsed=02:17:09 | ETA=17:05:09 | estimated_finish=2026-06-17 16:51:24
Epoch 119/1000 finished | loss=0.651378 | cnn_loss=0.617226 | gnn_loss=0.034152 | lr=0.000892233 | epoch_time=00:01:05 | elapsed=02:18:14 | ETA=17:03:27 | estimated_finish=2026-06-17 16:50:48
Epoch 120/1000 finished | loss=0.558700 | cnn_loss=0.529037 | gnn_loss=0.029663 | lr=0.000891322 | epoch_time=00:01:04 | elapsed=02:19:18 | ETA=17:01:37 | estimated_finish=2026-06-17 16:50:01
Quick validation epoch=120 | pseudo_dice=0.462746 | val_time=00:00:23
Epoch 121/1000 finished | loss=0.629128 | cnn_loss=0.596389 | gnn_loss=0.032740 | lr=0.00089041 | epoch_time=00:01:05 | elapsed=02:20:47 | ETA=17:02:48 | estimated_finish=2026-06-17 16:52:42
Epoch 122/1000 finished | loss=0.605846 | cnn_loss=0.573320 | gnn_loss=0.032527 | lr=0.000889498 | epoch_time=00:01:04 | elapsed=02:21:52 | ETA=17:01:03 | estimated_finish=2026-06-17 16:52:02
Epoch 123/1000 finished | loss=0.644197 | cnn_loss=0.613265 | gnn_loss=0.030933 | lr=0.000888586 | epoch_time=00:01:04 | elapsed=02:22:56 | ETA=16:59:13 | estimated_finish=2026-06-17 16:51:16
Epoch 124/1000 finished | loss=0.607849 | cnn_loss=0.576363 | gnn_loss=0.031486 | lr=0.000887674 | epoch_time=00:01:05 | elapsed=02:24:02 | ETA=16:57:35 | estimated_finish=2026-06-17 16:50:43
Epoch 125/1000 finished | loss=0.627103 | cnn_loss=0.597780 | gnn_loss=0.029322 | lr=0.000886762 | epoch_time=00:01:03 | elapsed=02:25:06 | ETA=16:55:44 | estimated_finish=2026-06-17 16:49:56
Quick validation epoch=125 | pseudo_dice=0.567067 | val_time=00:00:23
Epoch 126/1000 finished | loss=0.643780 | cnn_loss=0.615988 | gnn_loss=0.027791 | lr=0.00088585 | epoch_time=00:01:06 | elapsed=02:26:36 | ETA=16:56:55 | estimated_finish=2026-06-17 16:52:37
Epoch 127/1000 finished | loss=0.607738 | cnn_loss=0.577125 | gnn_loss=0.030613 | lr=0.000884938 | epoch_time=00:01:05 | elapsed=02:27:41 | ETA=16:55:16 | estimated_finish=2026-06-17 16:52:03
Epoch 128/1000 finished | loss=0.600334 | cnn_loss=0.567312 | gnn_loss=0.033022 | lr=0.000884026 | epoch_time=00:01:05 | elapsed=02:28:46 | ETA=16:53:34 | estimated_finish=2026-06-17 16:51:27
Epoch 129/1000 finished | loss=0.650516 | cnn_loss=0.620037 | gnn_loss=0.030479 | lr=0.000883113 | epoch_time=00:01:05 | elapsed=02:29:52 | ETA=16:51:55 | estimated_finish=2026-06-17 16:50:53
Epoch 130/1000 finished | loss=0.645274 | cnn_loss=0.615006 | gnn_loss=0.030268 | lr=0.000882201 | epoch_time=00:01:04 | elapsed=02:30:56 | ETA=16:50:10 | estimated_finish=2026-06-17 16:50:12
Quick validation epoch=130 | pseudo_dice=0.393251 | val_time=00:00:23
Epoch 131/1000 finished | loss=0.640506 | cnn_loss=0.608320 | gnn_loss=0.032186 | lr=0.000881288 | epoch_time=00:01:04 | elapsed=02:32:25 | ETA=16:51:04 | estimated_finish=2026-06-17 16:52:35
Epoch 132/1000 finished | loss=0.678354 | cnn_loss=0.647168 | gnn_loss=0.031185 | lr=0.000880375 | epoch_time=00:01:03 | elapsed=02:33:29 | ETA=16:49:17 | estimated_finish=2026-06-17 16:51:51
Epoch 133/1000 finished | loss=0.661595 | cnn_loss=0.628308 | gnn_loss=0.033287 | lr=0.000879462 | epoch_time=00:01:04 | elapsed=02:34:33 | ETA=16:47:32 | estimated_finish=2026-06-17 16:51:11
Epoch 134/1000 finished | loss=0.603077 | cnn_loss=0.571895 | gnn_loss=0.031182 | lr=0.000878549 | epoch_time=00:01:05 | elapsed=02:35:38 | ETA=16:45:52 | estimated_finish=2026-06-17 16:50:36
Epoch 135/1000 finished | loss=0.613462 | cnn_loss=0.580479 | gnn_loss=0.032983 | lr=0.000877636 | epoch_time=00:01:03 | elapsed=02:36:42 | ETA=16:44:06 | estimated_finish=2026-06-17 16:49:54
Quick validation epoch=135 | pseudo_dice=0.571391 | val_time=00:00:23
Epoch 136/1000 finished | loss=0.619997 | cnn_loss=0.586123 | gnn_loss=0.033874 | lr=0.000876723 | epoch_time=00:01:06 | elapsed=02:38:12 | ETA=16:45:04 | estimated_finish=2026-06-17 16:52:22
Epoch 137/1000 finished | loss=0.628363 | cnn_loss=0.598233 | gnn_loss=0.030130 | lr=0.00087581 | epoch_time=00:01:05 | elapsed=02:39:17 | ETA=16:43:26 | estimated_finish=2026-06-17 16:51:49
Epoch 138/1000 finished | loss=0.630650 | cnn_loss=0.600835 | gnn_loss=0.029816 | lr=0.000874896 | epoch_time=00:01:04 | elapsed=02:40:22 | ETA=16:41:46 | estimated_finish=2026-06-17 16:51:14
Epoch 139/1000 finished | loss=0.592118 | cnn_loss=0.559379 | gnn_loss=0.032740 | lr=0.000873983 | epoch_time=00:01:04 | elapsed=02:41:26 | ETA=16:40:01 | estimated_finish=2026-06-17 16:50:33
Epoch 140/1000 finished | loss=0.627759 | cnn_loss=0.598090 | gnn_loss=0.029669 | lr=0.000873069 | epoch_time=00:01:06 | elapsed=02:42:32 | ETA=16:38:31 | estimated_finish=2026-06-17 16:50:09
Quick validation epoch=140 | pseudo_dice=0.500139 | val_time=00:00:23
Epoch 141/1000 finished | loss=0.659484 | cnn_loss=0.620871 | gnn_loss=0.038613 | lr=0.000872155 | epoch_time=00:01:04 | elapsed=02:44:00 | ETA=16:39:13 | estimated_finish=2026-06-17 16:52:19
Epoch 142/1000 finished | loss=0.601593 | cnn_loss=0.568661 | gnn_loss=0.032931 | lr=0.000871242 | epoch_time=00:01:05 | elapsed=02:45:06 | ETA=16:37:36 | estimated_finish=2026-06-17 16:51:47
Epoch 143/1000 finished | loss=0.592315 | cnn_loss=0.561674 | gnn_loss=0.030641 | lr=0.000870328 | epoch_time=00:01:04 | elapsed=02:46:10 | ETA=16:35:55 | estimated_finish=2026-06-17 16:51:11
Epoch 144/1000 finished | loss=0.583354 | cnn_loss=0.552530 | gnn_loss=0.030823 | lr=0.000869414 | epoch_time=00:01:04 | elapsed=02:47:15 | ETA=16:34:17 | estimated_finish=2026-06-17 16:50:38
Epoch 145/1000 finished | loss=0.575781 | cnn_loss=0.549653 | gnn_loss=0.026129 | lr=0.000868499 | epoch_time=00:01:04 | elapsed=02:48:20 | ETA=16:32:38 | estimated_finish=2026-06-17 16:50:05
Quick validation epoch=145 | pseudo_dice=0.612009 | val_time=00:00:23
Epoch 146/1000 finished | loss=0.618179 | cnn_loss=0.586593 | gnn_loss=0.031586 | lr=0.000867585 | epoch_time=00:01:04 | elapsed=02:49:49 | ETA=16:33:18 | estimated_finish=2026-06-17 16:52:13
Epoch 147/1000 finished | loss=0.609614 | cnn_loss=0.576119 | gnn_loss=0.033496 | lr=0.000866671 | epoch_time=00:01:05 | elapsed=02:50:54 | ETA=16:31:41 | estimated_finish=2026-06-17 16:51:41
Epoch 148/1000 finished | loss=0.598278 | cnn_loss=0.568367 | gnn_loss=0.029911 | lr=0.000865756 | epoch_time=00:01:04 | elapsed=02:51:58 | ETA=16:30:00 | estimated_finish=2026-06-17 16:51:05
Epoch 149/1000 finished | loss=0.576431 | cnn_loss=0.548899 | gnn_loss=0.027532 | lr=0.000864842 | epoch_time=00:01:05 | elapsed=02:53:04 | ETA=16:28:28 | estimated_finish=2026-06-17 16:50:38
Epoch 150/1000 finished | loss=0.612168 | cnn_loss=0.582965 | gnn_loss=0.029203 | lr=0.000863927 | epoch_time=00:01:05 | elapsed=02:54:09 | ETA=16:26:55 | estimated_finish=2026-06-17 16:50:11
Quick validation epoch=150 | pseudo_dice=0.563522 | val_time=00:00:23
Epoch 151/1000 finished | loss=0.623300 | cnn_loss=0.592707 | gnn_loss=0.030593 | lr=0.000863012 | epoch_time=00:01:04 | elapsed=02:55:37 | ETA=16:27:29 | estimated_finish=2026-06-17 16:52:13
Epoch 152/1000 finished | loss=0.591997 | cnn_loss=0.560499 | gnn_loss=0.031499 | lr=0.000862097 | epoch_time=00:01:05 | elapsed=02:56:43 | ETA=16:25:53 | estimated_finish=2026-06-17 16:51:42
Epoch 153/1000 finished | loss=0.614877 | cnn_loss=0.582306 | gnn_loss=0.032571 | lr=0.000861182 | epoch_time=00:01:03 | elapsed=02:57:46 | ETA=16:24:06 | estimated_finish=2026-06-17 16:50:58
Epoch 154/1000 finished | loss=0.599393 | cnn_loss=0.569723 | gnn_loss=0.029670 | lr=0.000860267 | epoch_time=00:01:05 | elapsed=02:58:51 | ETA=16:22:33 | estimated_finish=2026-06-17 16:50:30
Epoch 155/1000 finished | loss=0.553718 | cnn_loss=0.526022 | gnn_loss=0.027696 | lr=0.000859352 | epoch_time=00:01:03 | elapsed=02:59:55 | ETA=16:20:50 | estimated_finish=2026-06-17 16:49:51
Quick validation epoch=155 | pseudo_dice=0.667132 | val_time=00:00:23
New best model saved by quick validation | pseudo_dice=0.667132 | epoch=155
Epoch 156/1000 finished | loss=0.608631 | cnn_loss=0.577064 | gnn_loss=0.031568 | lr=0.000858437 | epoch_time=00:01:04 | elapsed=03:01:22 | ETA=16:21:18 | estimated_finish=2026-06-17 16:51:46
Epoch 157/1000 finished | loss=0.550911 | cnn_loss=0.522691 | gnn_loss=0.028219 | lr=0.000857521 | epoch_time=00:01:03 | elapsed=03:02:26 | ETA=16:19:37 | estimated_finish=2026-06-17 16:51:10
Epoch 158/1000 finished | loss=0.592199 | cnn_loss=0.563119 | gnn_loss=0.029080 | lr=0.000856606 | epoch_time=00:01:04 | elapsed=03:03:31 | ETA=16:17:58 | estimated_finish=2026-06-17 16:50:35
Epoch 159/1000 finished | loss=0.635802 | cnn_loss=0.602888 | gnn_loss=0.032913 | lr=0.00085569 | epoch_time=00:01:05 | elapsed=03:04:36 | ETA=16:16:28 | estimated_finish=2026-06-17 16:50:11
Epoch 160/1000 finished | loss=0.612178 | cnn_loss=0.581717 | gnn_loss=0.030462 | lr=0.000854774 | epoch_time=00:01:03 | elapsed=03:05:40 | ETA=16:14:46 | estimated_finish=2026-06-17 16:49:32
Quick validation epoch=160 | pseudo_dice=0.542227 | val_time=00:00:23
Epoch 161/1000 finished | loss=0.623643 | cnn_loss=0.592953 | gnn_loss=0.030689 | lr=0.000853858 | epoch_time=00:01:03 | elapsed=03:07:08 | ETA=16:15:11 | estimated_finish=2026-06-17 16:51:25
Epoch 162/1000 finished | loss=0.612466 | cnn_loss=0.576753 | gnn_loss=0.035712 | lr=0.000852942 | epoch_time=00:01:03 | elapsed=03:08:11 | ETA=16:13:31 | estimated_finish=2026-06-17 16:50:48
Epoch 163/1000 finished | loss=0.599582 | cnn_loss=0.567718 | gnn_loss=0.031865 | lr=0.000852026 | epoch_time=00:01:06 | elapsed=03:09:18 | ETA=16:12:07 | estimated_finish=2026-06-17 16:50:31
Epoch 164/1000 finished | loss=0.618101 | cnn_loss=0.586136 | gnn_loss=0.031965 | lr=0.00085111 | epoch_time=00:01:04 | elapsed=03:10:23 | ETA=16:10:31 | estimated_finish=2026-06-17 16:50:00
Epoch 165/1000 finished | loss=0.623395 | cnn_loss=0.593812 | gnn_loss=0.029583 | lr=0.000850194 | epoch_time=00:01:02 | elapsed=03:11:26 | ETA=16:08:47 | estimated_finish=2026-06-17 16:49:19
Quick validation epoch=165 | pseudo_dice=0.515265 | val_time=00:00:23
Epoch 166/1000 finished | loss=0.584219 | cnn_loss=0.553242 | gnn_loss=0.030977 | lr=0.000849277 | epoch_time=00:01:04 | elapsed=03:12:54 | ETA=16:09:10 | estimated_finish=2026-06-17 16:51:10
Epoch 167/1000 finished | loss=0.609110 | cnn_loss=0.576825 | gnn_loss=0.032285 | lr=0.000848361 | epoch_time=00:01:06 | elapsed=03:14:00 | ETA=16:07:43 | estimated_finish=2026-06-17 16:50:49
Epoch 168/1000 finished | loss=0.575232 | cnn_loss=0.549003 | gnn_loss=0.026229 | lr=0.000847444 | epoch_time=00:01:03 | elapsed=03:15:04 | ETA=16:06:05 | estimated_finish=2026-06-17 16:50:15
Epoch 169/1000 finished | loss=0.568093 | cnn_loss=0.537516 | gnn_loss=0.030577 | lr=0.000846527 | epoch_time=00:01:02 | elapsed=03:16:06 | ETA=16:04:19 | estimated_finish=2026-06-17 16:49:31
Epoch 170/1000 finished | loss=0.586726 | cnn_loss=0.558616 | gnn_loss=0.028110 | lr=0.00084561 | epoch_time=00:01:04 | elapsed=03:17:11 | ETA=16:02:46 | estimated_finish=2026-06-17 16:49:03
Quick validation epoch=170 | pseudo_dice=0.524673 | val_time=00:00:23
Epoch 171/1000 finished | loss=0.644170 | cnn_loss=0.609321 | gnn_loss=0.034849 | lr=0.000844693 | epoch_time=00:01:05 | elapsed=03:18:40 | ETA=16:03:11 | estimated_finish=2026-06-17 16:50:57
Epoch 172/1000 finished | loss=0.623365 | cnn_loss=0.590679 | gnn_loss=0.032686 | lr=0.000843776 | epoch_time=00:01:04 | elapsed=03:19:45 | ETA=16:01:38 | estimated_finish=2026-06-17 16:50:29
Epoch 173/1000 finished | loss=0.642671 | cnn_loss=0.609487 | gnn_loss=0.033183 | lr=0.000842859 | epoch_time=00:01:04 | elapsed=03:20:50 | ETA=16:00:04 | estimated_finish=2026-06-17 16:50:00
Epoch 174/1000 finished | loss=0.629258 | cnn_loss=0.595244 | gnn_loss=0.034013 | lr=0.000841942 | epoch_time=00:01:06 | elapsed=03:21:56 | ETA=15:58:37 | estimated_finish=2026-06-17 16:49:39
Epoch 175/1000 finished | loss=0.549493 | cnn_loss=0.523808 | gnn_loss=0.025684 | lr=0.000841024 | epoch_time=00:01:03 | elapsed=03:22:59 | ETA=15:56:58 | estimated_finish=2026-06-17 16:49:03
Quick validation epoch=175 | pseudo_dice=0.596822 | val_time=00:00:23
Epoch 176/1000 finished | loss=0.569473 | cnn_loss=0.539860 | gnn_loss=0.029614 | lr=0.000840107 | epoch_time=00:01:05 | elapsed=03:24:28 | ETA=15:57:18 | estimated_finish=2026-06-17 16:50:52
Epoch 177/1000 finished | loss=0.618752 | cnn_loss=0.588033 | gnn_loss=0.030719 | lr=0.000839189 | epoch_time=00:01:04 | elapsed=03:25:32 | ETA=15:55:44 | estimated_finish=2026-06-17 16:50:23
Epoch 178/1000 finished | loss=0.608710 | cnn_loss=0.577265 | gnn_loss=0.031446 | lr=0.000838271 | epoch_time=00:01:03 | elapsed=03:26:36 | ETA=15:54:05 | estimated_finish=2026-06-17 16:49:47
Epoch 179/1000 finished | loss=0.589716 | cnn_loss=0.557569 | gnn_loss=0.032146 | lr=0.000837354 | epoch_time=00:01:01 | elapsed=03:27:38 | ETA=15:52:20 | estimated_finish=2026-06-17 16:49:04
Epoch 180/1000 finished | loss=0.574742 | cnn_loss=0.546007 | gnn_loss=0.028735 | lr=0.000836436 | epoch_time=00:01:03 | elapsed=03:28:41 | ETA=15:50:42 | estimated_finish=2026-06-17 16:48:30
Quick validation epoch=180 | pseudo_dice=0.586735 | val_time=00:00:23
Epoch 181/1000 finished | loss=0.594775 | cnn_loss=0.561373 | gnn_loss=0.033401 | lr=0.000835517 | epoch_time=00:01:05 | elapsed=03:30:11 | ETA=15:51:03 | estimated_finish=2026-06-17 16:50:20
Epoch 182/1000 finished | loss=0.587756 | cnn_loss=0.558900 | gnn_loss=0.028856 | lr=0.000834599 | epoch_time=00:01:03 | elapsed=03:31:14 | ETA=15:49:27 | estimated_finish=2026-06-17 16:49:47
Epoch 183/1000 finished | loss=0.592665 | cnn_loss=0.556880 | gnn_loss=0.035785 | lr=0.000833681 | epoch_time=00:01:04 | elapsed=03:32:19 | ETA=15:47:54 | estimated_finish=2026-06-17 16:49:19
Epoch 184/1000 finished | loss=0.626065 | cnn_loss=0.595716 | gnn_loss=0.030348 | lr=0.000832762 | epoch_time=00:01:05 | elapsed=03:33:24 | ETA=15:46:26 | estimated_finish=2026-06-17 16:48:57
Epoch 185/1000 finished | loss=0.598824 | cnn_loss=0.568313 | gnn_loss=0.030511 | lr=0.000831844 | epoch_time=00:01:04 | elapsed=03:34:29 | ETA=15:44:54 | estimated_finish=2026-06-17 16:48:29
Quick validation epoch=185 | pseudo_dice=0.581579 | val_time=00:00:23
Epoch 186/1000 finished | loss=0.557874 | cnn_loss=0.528288 | gnn_loss=0.029585 | lr=0.000830925 | epoch_time=00:01:05 | elapsed=03:35:58 | ETA=15:45:09 | estimated_finish=2026-06-17 16:50:12
Epoch 187/1000 finished | loss=0.600041 | cnn_loss=0.567056 | gnn_loss=0.032985 | lr=0.000830006 | epoch_time=00:01:04 | elapsed=03:37:02 | ETA=15:43:35 | estimated_finish=2026-06-17 16:49:43
Epoch 188/1000 finished | loss=0.589285 | cnn_loss=0.558091 | gnn_loss=0.031194 | lr=0.000829088 | epoch_time=00:01:04 | elapsed=03:38:07 | ETA=15:42:04 | estimated_finish=2026-06-17 16:49:17
Epoch 189/1000 finished | loss=0.575739 | cnn_loss=0.550212 | gnn_loss=0.025527 | lr=0.000828169 | epoch_time=00:01:05 | elapsed=03:39:12 | ETA=15:40:36 | estimated_finish=2026-06-17 16:48:54
Epoch 190/1000 finished | loss=0.544641 | cnn_loss=0.515007 | gnn_loss=0.029634 | lr=0.00082725 | epoch_time=00:01:03 | elapsed=03:40:16 | ETA=15:39:02 | estimated_finish=2026-06-17 16:48:24
Quick validation epoch=190 | pseudo_dice=0.487307 | val_time=00:00:23
Epoch 191/1000 finished | loss=0.612702 | cnn_loss=0.581789 | gnn_loss=0.030913 | lr=0.00082633 | epoch_time=00:01:04 | elapsed=03:41:44 | ETA=15:39:11 | estimated_finish=2026-06-17 16:50:01
Epoch 192/1000 finished | loss=0.577748 | cnn_loss=0.549928 | gnn_loss=0.027820 | lr=0.000825411 | epoch_time=00:01:04 | elapsed=03:42:49 | ETA=15:37:41 | estimated_finish=2026-06-17 16:49:36
Epoch 193/1000 finished | loss=0.559187 | cnn_loss=0.529608 | gnn_loss=0.029578 | lr=0.000824491 | epoch_time=00:01:03 | elapsed=03:43:53 | ETA=15:36:08 | estimated_finish=2026-06-17 16:49:07
Epoch 194/1000 finished | loss=0.577721 | cnn_loss=0.543847 | gnn_loss=0.033874 | lr=0.000823572 | epoch_time=00:01:05 | elapsed=03:44:59 | ETA=15:34:43 | estimated_finish=2026-06-17 16:48:48
Epoch 195/1000 finished | loss=0.601275 | cnn_loss=0.570984 | gnn_loss=0.030290 | lr=0.000822652 | epoch_time=00:01:04 | elapsed=03:46:03 | ETA=15:33:14 | estimated_finish=2026-06-17 16:48:24
Quick validation epoch=195 | pseudo_dice=0.470816 | val_time=00:00:23
Epoch 196/1000 finished | loss=0.614742 | cnn_loss=0.580881 | gnn_loss=0.033861 | lr=0.000821732 | epoch_time=00:01:05 | elapsed=03:47:33 | ETA=15:33:27 | estimated_finish=2026-06-17 16:50:07
Epoch 197/1000 finished | loss=0.570002 | cnn_loss=0.541003 | gnn_loss=0.028998 | lr=0.000820813 | epoch_time=00:01:04 | elapsed=03:48:37 | ETA=15:31:56 | estimated_finish=2026-06-17 16:49:39
Epoch 198/1000 finished | loss=0.606756 | cnn_loss=0.578911 | gnn_loss=0.027845 | lr=0.000819893 | epoch_time=00:01:02 | elapsed=03:49:40 | ETA=15:30:18 | estimated_finish=2026-06-17 16:49:05
Epoch 199/1000 finished | loss=0.605207 | cnn_loss=0.574944 | gnn_loss=0.030263 | lr=0.000818972 | epoch_time=00:01:04 | elapsed=03:50:44 | ETA=15:28:47 | estimated_finish=2026-06-17 16:48:37
Epoch 200/1000 finished | loss=0.574742 | cnn_loss=0.546198 | gnn_loss=0.028544 | lr=0.000818052 | epoch_time=00:01:04 | elapsed=03:51:48 | ETA=15:27:15 | estimated_finish=2026-06-17 16:48:10
Quick validation epoch=200 | pseudo_dice=0.549685 | val_time=00:00:23
Full validation epoch=200 | mean_dice=0.391585 | val_time=00:00:52
New best full-validation model saved | dice=0.391585 | epoch=200
Epoch 201/1000 finished | loss=0.597240 | cnn_loss=0.567941 | gnn_loss=0.029299 | lr=0.000817132 | epoch_time=00:01:04 | elapsed=03:54:09 | ETA=15:30:49 | estimated_finish=2026-06-17 16:54:05
Epoch 202/1000 finished | loss=0.590922 | cnn_loss=0.560673 | gnn_loss=0.030250 | lr=0.000816211 | epoch_time=00:01:03 | elapsed=03:55:13 | ETA=15:29:14 | estimated_finish=2026-06-17 16:53:33
Epoch 203/1000 finished | loss=0.594299 | cnn_loss=0.561825 | gnn_loss=0.032474 | lr=0.000815291 | epoch_time=00:01:05 | elapsed=03:56:18 | ETA=15:27:46 | estimated_finish=2026-06-17 16:53:10
Epoch 204/1000 finished | loss=0.578937 | cnn_loss=0.550505 | gnn_loss=0.028431 | lr=0.00081437 | epoch_time=00:01:04 | elapsed=03:57:23 | ETA=15:26:15 | estimated_finish=2026-06-17 16:52:44
Epoch 205/1000 finished | loss=0.611277 | cnn_loss=0.579557 | gnn_loss=0.031720 | lr=0.000813449 | epoch_time=00:01:04 | elapsed=03:58:27 | ETA=15:24:44 | estimated_finish=2026-06-17 16:52:17
Quick validation epoch=205 | pseudo_dice=0.623373 | val_time=00:00:23
Epoch 206/1000 finished | loss=0.588875 | cnn_loss=0.557128 | gnn_loss=0.031748 | lr=0.000812528 | epoch_time=00:01:03 | elapsed=03:59:54 | ETA=15:24:40 | estimated_finish=2026-06-17 16:53:40
Epoch 207/1000 finished | loss=0.558707 | cnn_loss=0.529433 | gnn_loss=0.029274 | lr=0.000811607 | epoch_time=00:01:06 | elapsed=04:01:00 | ETA=15:23:17 | estimated_finish=2026-06-17 16:53:23
Epoch 208/1000 finished | loss=0.582670 | cnn_loss=0.553108 | gnn_loss=0.029562 | lr=0.000810686 | epoch_time=00:01:03 | elapsed=04:02:04 | ETA=15:21:43 | estimated_finish=2026-06-17 16:52:53
Epoch 209/1000 finished | loss=0.576171 | cnn_loss=0.545290 | gnn_loss=0.030881 | lr=0.000809765 | epoch_time=00:01:04 | elapsed=04:03:08 | ETA=15:20:12 | estimated_finish=2026-06-17 16:52:26
Epoch 210/1000 finished | loss=0.610679 | cnn_loss=0.576075 | gnn_loss=0.034605 | lr=0.000808843 | epoch_time=00:01:04 | elapsed=04:04:12 | ETA=15:18:42 | estimated_finish=2026-06-17 16:52:00
Quick validation epoch=210 | pseudo_dice=0.537375 | val_time=00:00:23
Epoch 211/1000 finished | loss=0.648682 | cnn_loss=0.616588 | gnn_loss=0.032095 | lr=0.000807922 | epoch_time=00:01:04 | elapsed=04:05:41 | ETA=15:18:42 | estimated_finish=2026-06-17 16:53:28
Epoch 212/1000 finished | loss=0.586495 | cnn_loss=0.557305 | gnn_loss=0.029190 | lr=0.000807 | epoch_time=00:01:05 | elapsed=04:06:47 | ETA=15:17:17 | estimated_finish=2026-06-17 16:53:09
Epoch 213/1000 finished | loss=0.595744 | cnn_loss=0.562238 | gnn_loss=0.033506 | lr=0.000806078 | epoch_time=00:01:04 | elapsed=04:07:51 | ETA=15:15:47 | estimated_finish=2026-06-17 16:52:44
Epoch 214/1000 finished | loss=0.613258 | cnn_loss=0.578965 | gnn_loss=0.034293 | lr=0.000805156 | epoch_time=00:01:04 | elapsed=04:08:55 | ETA=15:14:18 | estimated_finish=2026-06-17 16:52:19
Epoch 215/1000 finished | loss=0.551348 | cnn_loss=0.521979 | gnn_loss=0.029369 | lr=0.000804234 | epoch_time=00:01:04 | elapsed=04:10:00 | ETA=15:12:48 | estimated_finish=2026-06-17 16:51:53
Quick validation epoch=215 | pseudo_dice=0.582406 | val_time=00:00:23
Epoch 216/1000 finished | loss=0.613130 | cnn_loss=0.579870 | gnn_loss=0.033260 | lr=0.000803312 | epoch_time=00:01:04 | elapsed=04:11:28 | ETA=15:12:45 | estimated_finish=2026-06-17 16:53:19
Epoch 217/1000 finished | loss=0.569976 | cnn_loss=0.541223 | gnn_loss=0.028752 | lr=0.00080239 | epoch_time=00:01:05 | elapsed=04:12:34 | ETA=15:11:21 | estimated_finish=2026-06-17 16:53:01
Epoch 218/1000 finished | loss=0.609744 | cnn_loss=0.576824 | gnn_loss=0.032919 | lr=0.000801468 | epoch_time=00:01:04 | elapsed=04:13:38 | ETA=15:09:50 | estimated_finish=2026-06-17 16:52:34
Epoch 219/1000 finished | loss=0.540444 | cnn_loss=0.517593 | gnn_loss=0.022850 | lr=0.000800545 | epoch_time=00:01:04 | elapsed=04:14:42 | ETA=15:08:21 | estimated_finish=2026-06-17 16:52:10
Epoch 220/1000 finished | loss=0.624081 | cnn_loss=0.594944 | gnn_loss=0.029137 | lr=0.000799623 | epoch_time=00:01:04 | elapsed=04:15:47 | ETA=15:06:53 | estimated_finish=2026-06-17 16:51:46
Quick validation epoch=220 | pseudo_dice=0.595212 | val_time=00:00:23
Epoch 221/1000 finished | loss=0.604063 | cnn_loss=0.574279 | gnn_loss=0.029784 | lr=0.0007987 | epoch_time=00:01:05 | elapsed=04:17:16 | ETA=15:06:51 | estimated_finish=2026-06-17 16:53:13
Epoch 222/1000 finished | loss=0.583121 | cnn_loss=0.551376 | gnn_loss=0.031745 | lr=0.000797777 | epoch_time=00:01:03 | elapsed=04:18:19 | ETA=15:05:18 | estimated_finish=2026-06-17 16:52:44
Epoch 223/1000 finished | loss=0.553571 | cnn_loss=0.524026 | gnn_loss=0.029545 | lr=0.000796854 | epoch_time=00:01:04 | elapsed=04:19:24 | ETA=15:03:50 | estimated_finish=2026-06-17 16:52:20
Epoch 224/1000 finished | loss=0.547492 | cnn_loss=0.517680 | gnn_loss=0.029812 | lr=0.000795931 | epoch_time=00:01:05 | elapsed=04:20:29 | ETA=15:02:26 | estimated_finish=2026-06-17 16:52:01
Epoch 225/1000 finished | loss=0.587426 | cnn_loss=0.556501 | gnn_loss=0.030926 | lr=0.000795008 | epoch_time=00:01:04 | elapsed=04:21:34 | ETA=15:00:57 | estimated_finish=2026-06-17 16:51:37
Quick validation epoch=225 | pseudo_dice=0.603374 | val_time=00:00:23
Epoch 226/1000 finished | loss=0.589258 | cnn_loss=0.559303 | gnn_loss=0.029955 | lr=0.000794085 | epoch_time=00:01:06 | elapsed=04:23:04 | ETA=15:00:56 | estimated_finish=2026-06-17 16:53:06
Epoch 227/1000 finished | loss=0.566255 | cnn_loss=0.539407 | gnn_loss=0.026848 | lr=0.000793161 | epoch_time=00:01:05 | elapsed=04:24:09 | ETA=14:59:33 | estimated_finish=2026-06-17 16:52:48
Epoch 228/1000 finished | loss=0.571241 | cnn_loss=0.536800 | gnn_loss=0.034442 | lr=0.000792238 | epoch_time=00:01:05 | elapsed=04:25:15 | ETA=14:58:07 | estimated_finish=2026-06-17 16:52:28
Epoch 229/1000 finished | loss=0.569194 | cnn_loss=0.543675 | gnn_loss=0.025519 | lr=0.000791314 | epoch_time=00:01:03 | elapsed=04:26:19 | ETA=14:56:38 | estimated_finish=2026-06-17 16:52:02
Epoch 230/1000 finished | loss=0.592431 | cnn_loss=0.562475 | gnn_loss=0.029956 | lr=0.00079039 | epoch_time=00:01:05 | elapsed=04:27:24 | ETA=14:55:12 | estimated_finish=2026-06-17 16:51:42
Quick validation epoch=230 | pseudo_dice=0.488021 | val_time=00:00:23
Epoch 231/1000 finished | loss=0.605188 | cnn_loss=0.572838 | gnn_loss=0.032350 | lr=0.000789466 | epoch_time=00:01:03 | elapsed=04:28:51 | ETA=14:55:01 | estimated_finish=2026-06-17 16:52:58
Epoch 232/1000 finished | loss=0.571160 | cnn_loss=0.543925 | gnn_loss=0.027235 | lr=0.000788542 | epoch_time=00:01:05 | elapsed=04:29:57 | ETA=14:53:37 | estimated_finish=2026-06-17 16:52:40
Epoch 233/1000 finished | loss=0.583082 | cnn_loss=0.550490 | gnn_loss=0.032591 | lr=0.000787618 | epoch_time=00:01:05 | elapsed=04:31:02 | ETA=14:52:13 | estimated_finish=2026-06-17 16:52:20
Epoch 234/1000 finished | loss=0.526734 | cnn_loss=0.499283 | gnn_loss=0.027451 | lr=0.000786694 | epoch_time=00:01:05 | elapsed=04:32:07 | ETA=14:50:47 | estimated_finish=2026-06-17 16:52:00
Epoch 235/1000 finished | loss=0.559592 | cnn_loss=0.533100 | gnn_loss=0.026493 | lr=0.00078577 | epoch_time=00:01:04 | elapsed=04:33:11 | ETA=14:49:20 | estimated_finish=2026-06-17 16:51:37
Quick validation epoch=235 | pseudo_dice=0.528789 | val_time=00:00:23
Epoch 236/1000 finished | loss=0.579691 | cnn_loss=0.548420 | gnn_loss=0.031271 | lr=0.000784845 | epoch_time=00:01:06 | elapsed=04:34:41 | ETA=14:49:15 | estimated_finish=2026-06-17 16:53:02
Epoch 237/1000 finished | loss=0.614384 | cnn_loss=0.579150 | gnn_loss=0.035234 | lr=0.000783921 | epoch_time=00:01:05 | elapsed=04:35:46 | ETA=14:47:51 | estimated_finish=2026-06-17 16:52:43
Epoch 238/1000 finished | loss=0.609328 | cnn_loss=0.576753 | gnn_loss=0.032575 | lr=0.000782996 | epoch_time=00:01:03 | elapsed=04:36:50 | ETA=14:46:21 | estimated_finish=2026-06-17 16:52:17
Epoch 239/1000 finished | loss=0.586424 | cnn_loss=0.553669 | gnn_loss=0.032755 | lr=0.000782071 | epoch_time=00:01:04 | elapsed=04:37:54 | ETA=14:44:54 | estimated_finish=2026-06-17 16:51:55
Epoch 240/1000 finished | loss=0.608948 | cnn_loss=0.576326 | gnn_loss=0.032622 | lr=0.000781146 | epoch_time=00:01:05 | elapsed=04:39:00 | ETA=14:43:30 | estimated_finish=2026-06-17 16:51:35
Quick validation epoch=240 | pseudo_dice=0.596226 | val_time=00:00:23
Epoch 241/1000 finished | loss=0.566604 | cnn_loss=0.531199 | gnn_loss=0.035404 | lr=0.000780221 | epoch_time=00:01:03 | elapsed=04:40:26 | ETA=14:43:13 | estimated_finish=2026-06-17 16:52:45
Epoch 242/1000 finished | loss=0.575903 | cnn_loss=0.542498 | gnn_loss=0.033405 | lr=0.000779296 | epoch_time=00:01:04 | elapsed=04:41:30 | ETA=14:41:46 | estimated_finish=2026-06-17 16:52:22
Epoch 243/1000 finished | loss=0.584288 | cnn_loss=0.552949 | gnn_loss=0.031339 | lr=0.00077837 | epoch_time=00:01:05 | elapsed=04:42:36 | ETA=14:40:24 | estimated_finish=2026-06-17 16:52:06
Epoch 244/1000 finished | loss=0.542079 | cnn_loss=0.513288 | gnn_loss=0.028792 | lr=0.000777445 | epoch_time=00:01:04 | elapsed=04:43:41 | ETA=14:38:57 | estimated_finish=2026-06-17 16:51:44
Epoch 245/1000 finished | loss=0.589331 | cnn_loss=0.559201 | gnn_loss=0.030130 | lr=0.000776519 | epoch_time=00:01:04 | elapsed=04:44:45 | ETA=14:37:31 | estimated_finish=2026-06-17 16:51:23
Quick validation epoch=245 | pseudo_dice=0.579196 | val_time=00:00:23
Epoch 246/1000 finished | loss=0.565604 | cnn_loss=0.531203 | gnn_loss=0.034401 | lr=0.000775594 | epoch_time=00:01:04 | elapsed=04:46:13 | ETA=14:37:17 | estimated_finish=2026-06-17 16:52:36
Epoch 247/1000 finished | loss=0.576516 | cnn_loss=0.544486 | gnn_loss=0.032030 | lr=0.000774668 | epoch_time=00:01:02 | elapsed=04:47:16 | ETA=14:35:46 | estimated_finish=2026-06-17 16:52:07
Epoch 248/1000 finished | loss=0.592871 | cnn_loss=0.562254 | gnn_loss=0.030618 | lr=0.000773742 | epoch_time=00:01:05 | elapsed=04:48:21 | ETA=14:34:22 | estimated_finish=2026-06-17 16:51:48
Epoch 249/1000 finished | loss=0.582289 | cnn_loss=0.554760 | gnn_loss=0.027529 | lr=0.000772816 | epoch_time=00:01:04 | elapsed=04:49:26 | ETA=14:32:57 | estimated_finish=2026-06-17 16:51:28
Epoch 250/1000 finished | loss=0.573665 | cnn_loss=0.543758 | gnn_loss=0.029908 | lr=0.00077189 | epoch_time=00:01:05 | elapsed=04:50:31 | ETA=14:31:34 | estimated_finish=2026-06-17 16:51:11
Quick validation epoch=250 | pseudo_dice=0.548088 | val_time=00:00:23
Epoch 251/1000 finished | loss=0.612793 | cnn_loss=0.578696 | gnn_loss=0.034097 | lr=0.000770963 | epoch_time=00:01:03 | elapsed=04:51:58 | ETA=14:31:15 | estimated_finish=2026-06-17 16:52:18
Epoch 252/1000 finished | loss=0.600614 | cnn_loss=0.566443 | gnn_loss=0.034171 | lr=0.000770037 | epoch_time=00:01:05 | elapsed=04:53:03 | ETA=14:29:53 | estimated_finish=2026-06-17 16:52:03
Epoch 253/1000 finished | loss=0.580143 | cnn_loss=0.548710 | gnn_loss=0.031433 | lr=0.00076911 | epoch_time=00:01:04 | elapsed=04:54:08 | ETA=14:28:29 | estimated_finish=2026-06-17 16:51:43
Epoch 254/1000 finished | loss=0.542959 | cnn_loss=0.513047 | gnn_loss=0.029912 | lr=0.000768183 | epoch_time=00:01:06 | elapsed=04:55:15 | ETA=14:27:09 | estimated_finish=2026-06-17 16:51:30
Epoch 255/1000 finished | loss=0.563944 | cnn_loss=0.536837 | gnn_loss=0.027106 | lr=0.000767257 | epoch_time=00:01:04 | elapsed=04:56:19 | ETA=14:25:45 | estimated_finish=2026-06-17 16:51:10
Quick validation epoch=255 | pseudo_dice=0.452301 | val_time=00:00:23
Epoch 256/1000 finished | loss=0.605801 | cnn_loss=0.571571 | gnn_loss=0.034230 | lr=0.00076633 | epoch_time=00:01:03 | elapsed=04:57:47 | ETA=14:25:26 | estimated_finish=2026-06-17 16:52:19
Epoch 257/1000 finished | loss=0.574539 | cnn_loss=0.544757 | gnn_loss=0.029781 | lr=0.000765403 | epoch_time=00:01:03 | elapsed=04:58:50 | ETA=14:23:58 | estimated_finish=2026-06-17 16:51:54
Epoch 258/1000 finished | loss=0.552963 | cnn_loss=0.524770 | gnn_loss=0.028194 | lr=0.000764475 | epoch_time=00:01:03 | elapsed=04:59:54 | ETA=14:22:30 | estimated_finish=2026-06-17 16:51:30
Epoch 259/1000 finished | loss=0.569583 | cnn_loss=0.541956 | gnn_loss=0.027626 | lr=0.000763548 | epoch_time=00:01:04 | elapsed=05:00:58 | ETA=14:21:05 | estimated_finish=2026-06-17 16:51:09
Epoch 260/1000 finished | loss=0.604961 | cnn_loss=0.575362 | gnn_loss=0.029600 | lr=0.000762621 | epoch_time=00:01:04 | elapsed=05:02:02 | ETA=14:19:39 | estimated_finish=2026-06-17 16:50:47
Quick validation epoch=260 | pseudo_dice=0.558394 | val_time=00:00:23
Epoch 261/1000 finished | loss=0.570664 | cnn_loss=0.541701 | gnn_loss=0.028963 | lr=0.000761693 | epoch_time=00:01:04 | elapsed=05:03:30 | ETA=14:19:20 | estimated_finish=2026-06-17 16:51:56
Epoch 262/1000 finished | loss=0.596782 | cnn_loss=0.566625 | gnn_loss=0.030158 | lr=0.000760765 | epoch_time=00:01:03 | elapsed=05:04:34 | ETA=14:17:54 | estimated_finish=2026-06-17 16:51:34
Epoch 263/1000 finished | loss=0.555391 | cnn_loss=0.520980 | gnn_loss=0.034411 | lr=0.000759838 | epoch_time=00:01:04 | elapsed=05:05:38 | ETA=14:16:29 | estimated_finish=2026-06-17 16:51:13
Epoch 264/1000 finished | loss=0.569674 | cnn_loss=0.541357 | gnn_loss=0.028317 | lr=0.00075891 | epoch_time=00:01:04 | elapsed=05:06:42 | ETA=14:15:05 | estimated_finish=2026-06-17 16:50:53
Epoch 265/1000 finished | loss=0.589341 | cnn_loss=0.555109 | gnn_loss=0.034232 | lr=0.000757981 | epoch_time=00:01:04 | elapsed=05:07:47 | ETA=14:13:40 | estimated_finish=2026-06-17 16:50:33
Quick validation epoch=265 | pseudo_dice=0.547519 | val_time=00:00:23
Epoch 266/1000 finished | loss=0.588569 | cnn_loss=0.554396 | gnn_loss=0.034173 | lr=0.000757053 | epoch_time=00:01:04 | elapsed=05:09:15 | ETA=14:13:22 | estimated_finish=2026-06-17 16:51:44
Epoch 267/1000 finished | loss=0.527653 | cnn_loss=0.497527 | gnn_loss=0.030126 | lr=0.000756125 | epoch_time=00:01:03 | elapsed=05:10:19 | ETA=14:11:56 | estimated_finish=2026-06-17 16:51:21
Epoch 268/1000 finished | loss=0.600518 | cnn_loss=0.570152 | gnn_loss=0.030366 | lr=0.000755197 | epoch_time=00:01:03 | elapsed=05:11:23 | ETA=14:10:30 | estimated_finish=2026-06-17 16:50:59
Epoch 269/1000 finished | loss=0.586504 | cnn_loss=0.555242 | gnn_loss=0.031262 | lr=0.000754268 | epoch_time=00:01:03 | elapsed=05:12:27 | ETA=14:09:05 | estimated_finish=2026-06-17 16:50:38
Epoch 270/1000 finished | loss=0.555069 | cnn_loss=0.524068 | gnn_loss=0.031001 | lr=0.000753339 | epoch_time=00:01:04 | elapsed=05:13:31 | ETA=14:07:40 | estimated_finish=2026-06-17 16:50:17
Quick validation epoch=270 | pseudo_dice=0.517103 | val_time=00:00:23
Epoch 271/1000 finished | loss=0.555236 | cnn_loss=0.526246 | gnn_loss=0.028990 | lr=0.00075241 | epoch_time=00:01:03 | elapsed=05:14:58 | ETA=14:07:16 | estimated_finish=2026-06-17 16:51:20
Epoch 272/1000 finished | loss=0.599926 | cnn_loss=0.567484 | gnn_loss=0.032442 | lr=0.000751481 | epoch_time=00:01:03 | elapsed=05:16:01 | ETA=14:05:50 | estimated_finish=2026-06-17 16:50:57
Epoch 273/1000 finished | loss=0.539354 | cnn_loss=0.510311 | gnn_loss=0.029044 | lr=0.000750552 | epoch_time=00:01:04 | elapsed=05:17:06 | ETA=14:04:27 | estimated_finish=2026-06-17 16:50:39
Epoch 274/1000 finished | loss=0.569491 | cnn_loss=0.536569 | gnn_loss=0.032922 | lr=0.000749623 | epoch_time=00:01:04 | elapsed=05:18:11 | ETA=14:03:05 | estimated_finish=2026-06-17 16:50:22
Epoch 275/1000 finished | loss=0.591176 | cnn_loss=0.561398 | gnn_loss=0.029778 | lr=0.000748694 | epoch_time=00:01:04 | elapsed=05:19:15 | ETA=14:01:41 | estimated_finish=2026-06-17 16:50:03
Quick validation epoch=275 | pseudo_dice=0.560724 | val_time=00:00:23
Epoch 276/1000 finished | loss=0.593054 | cnn_loss=0.561247 | gnn_loss=0.031807 | lr=0.000747764 | epoch_time=00:01:02 | elapsed=05:20:42 | ETA=14:01:16 | estimated_finish=2026-06-17 16:51:04
Epoch 277/1000 finished | loss=0.547638 | cnn_loss=0.522012 | gnn_loss=0.025626 | lr=0.000746835 | epoch_time=00:01:05 | elapsed=05:21:48 | ETA=13:59:56 | estimated_finish=2026-06-17 16:50:50
Epoch 278/1000 finished | loss=0.544674 | cnn_loss=0.514327 | gnn_loss=0.030347 | lr=0.000745905 | epoch_time=00:01:03 | elapsed=05:22:51 | ETA=13:58:30 | estimated_finish=2026-06-17 16:50:27
Epoch 279/1000 finished | loss=0.541553 | cnn_loss=0.507973 | gnn_loss=0.033579 | lr=0.000744975 | epoch_time=00:01:05 | elapsed=05:23:56 | ETA=13:57:09 | estimated_finish=2026-06-17 16:50:11
Epoch 280/1000 finished | loss=0.606540 | cnn_loss=0.573195 | gnn_loss=0.033345 | lr=0.000744045 | epoch_time=00:01:04 | elapsed=05:25:01 | ETA=13:55:45 | estimated_finish=2026-06-17 16:49:52
Quick validation epoch=280 | pseudo_dice=0.542324 | val_time=00:00:23
Epoch 281/1000 finished | loss=0.553741 | cnn_loss=0.521585 | gnn_loss=0.032156 | lr=0.000743115 | epoch_time=00:01:03 | elapsed=05:26:28 | ETA=13:55:20 | estimated_finish=2026-06-17 16:50:54
Epoch 282/1000 finished | loss=0.577587 | cnn_loss=0.547376 | gnn_loss=0.030211 | lr=0.000742185 | epoch_time=00:01:02 | elapsed=05:27:30 | ETA=13:53:52 | estimated_finish=2026-06-17 16:50:28
Epoch 283/1000 finished | loss=0.578222 | cnn_loss=0.547460 | gnn_loss=0.030763 | lr=0.000741254 | epoch_time=00:01:03 | elapsed=05:28:34 | ETA=13:52:27 | estimated_finish=2026-06-17 16:50:07
Epoch 284/1000 finished | loss=0.559859 | cnn_loss=0.530602 | gnn_loss=0.029257 | lr=0.000740324 | epoch_time=00:01:03 | elapsed=05:29:37 | ETA=13:51:01 | estimated_finish=2026-06-17 16:49:45
Epoch 285/1000 finished | loss=0.531744 | cnn_loss=0.504252 | gnn_loss=0.027492 | lr=0.000739393 | epoch_time=00:01:03 | elapsed=05:30:41 | ETA=13:49:36 | estimated_finish=2026-06-17 16:49:23
Quick validation epoch=285 | pseudo_dice=0.561813 | val_time=00:00:23
Epoch 286/1000 finished | loss=0.573851 | cnn_loss=0.541573 | gnn_loss=0.032278 | lr=0.000738462 | epoch_time=00:01:02 | elapsed=05:32:07 | ETA=13:49:09 | estimated_finish=2026-06-17 16:50:22
Epoch 287/1000 finished | loss=0.549031 | cnn_loss=0.516450 | gnn_loss=0.032581 | lr=0.000737532 | epoch_time=00:01:05 | elapsed=05:33:12 | ETA=13:47:48 | estimated_finish=2026-06-17 16:50:07
Epoch 288/1000 finished | loss=0.578184 | cnn_loss=0.549717 | gnn_loss=0.028467 | lr=0.0007366 | epoch_time=00:01:04 | elapsed=05:34:17 | ETA=13:46:27 | estimated_finish=2026-06-17 16:49:50
Epoch 289/1000 finished | loss=0.579703 | cnn_loss=0.549802 | gnn_loss=0.029901 | lr=0.000735669 | epoch_time=00:01:05 | elapsed=05:35:22 | ETA=13:45:06 | estimated_finish=2026-06-17 16:49:34
Epoch 290/1000 finished | loss=0.594194 | cnn_loss=0.560051 | gnn_loss=0.034144 | lr=0.000734738 | epoch_time=00:01:03 | elapsed=05:36:26 | ETA=13:43:41 | estimated_finish=2026-06-17 16:49:13
Quick validation epoch=290 | pseudo_dice=0.591541 | val_time=00:00:23
Epoch 291/1000 finished | loss=0.572119 | cnn_loss=0.540363 | gnn_loss=0.031756 | lr=0.000733807 | epoch_time=00:01:03 | elapsed=05:37:53 | ETA=13:43:14 | estimated_finish=2026-06-17 16:50:13
Epoch 292/1000 finished | loss=0.572130 | cnn_loss=0.540701 | gnn_loss=0.031429 | lr=0.000732875 | epoch_time=00:01:03 | elapsed=05:38:56 | ETA=13:41:50 | estimated_finish=2026-06-17 16:49:52
Epoch 293/1000 finished | loss=0.563802 | cnn_loss=0.534302 | gnn_loss=0.029500 | lr=0.000731943 | epoch_time=00:01:04 | elapsed=05:40:01 | ETA=13:40:27 | estimated_finish=2026-06-17 16:49:33
Epoch 294/1000 finished | loss=0.576934 | cnn_loss=0.543855 | gnn_loss=0.033079 | lr=0.000731012 | epoch_time=00:01:02 | elapsed=05:41:04 | ETA=13:39:01 | estimated_finish=2026-06-17 16:49:11
Epoch 295/1000 finished | loss=0.564627 | cnn_loss=0.531857 | gnn_loss=0.032770 | lr=0.00073008 | epoch_time=00:01:04 | elapsed=05:42:08 | ETA=13:37:38 | estimated_finish=2026-06-17 16:48:52
Quick validation epoch=295 | pseudo_dice=0.570194 | val_time=00:00:23
Epoch 296/1000 finished | loss=0.553871 | cnn_loss=0.528618 | gnn_loss=0.025253 | lr=0.000729148 | epoch_time=00:01:03 | elapsed=05:43:34 | ETA=13:37:10 | estimated_finish=2026-06-17 16:49:50
Epoch 297/1000 finished | loss=0.560391 | cnn_loss=0.529490 | gnn_loss=0.030901 | lr=0.000728215 | epoch_time=00:01:05 | elapsed=05:44:40 | ETA=13:35:50 | estimated_finish=2026-06-17 16:49:36
Epoch 298/1000 finished | loss=0.603676 | cnn_loss=0.571894 | gnn_loss=0.031782 | lr=0.000727283 | epoch_time=00:01:04 | elapsed=05:45:45 | ETA=13:34:29 | estimated_finish=2026-06-17 16:49:20
Epoch 299/1000 finished | loss=0.570520 | cnn_loss=0.539191 | gnn_loss=0.031329 | lr=0.00072635 | epoch_time=00:01:04 | elapsed=05:46:50 | ETA=13:33:09 | estimated_finish=2026-06-17 16:49:04
Epoch 300/1000 finished | loss=0.628340 | cnn_loss=0.595883 | gnn_loss=0.032457 | lr=0.000725418 | epoch_time=00:01:02 | elapsed=05:47:53 | ETA=13:31:44 | estimated_finish=2026-06-17 16:48:42
Quick validation epoch=300 | pseudo_dice=0.566364 | val_time=00:00:23
Full validation epoch=300 | mean_dice=0.396009 | val_time=00:00:53
New best full-validation model saved | dice=0.396009 | epoch=300
Epoch 301/1000 finished | loss=0.547001 | cnn_loss=0.516943 | gnn_loss=0.030057 | lr=0.000724485 | epoch_time=00:01:03 | elapsed=05:50:13 | ETA=13:33:19 | estimated_finish=2026-06-17 16:52:38
Epoch 302/1000 finished | loss=0.568037 | cnn_loss=0.531675 | gnn_loss=0.036362 | lr=0.000723552 | epoch_time=00:01:03 | elapsed=05:51:17 | ETA=13:31:55 | estimated_finish=2026-06-17 16:52:18
Epoch 303/1000 finished | loss=0.555996 | cnn_loss=0.523309 | gnn_loss=0.032687 | lr=0.000722619 | epoch_time=00:01:03 | elapsed=05:52:20 | ETA=13:30:30 | estimated_finish=2026-06-17 16:51:56
Epoch 304/1000 finished | loss=0.585661 | cnn_loss=0.553420 | gnn_loss=0.032241 | lr=0.000721686 | epoch_time=00:01:03 | elapsed=05:53:24 | ETA=13:29:07 | estimated_finish=2026-06-17 16:51:37
Epoch 305/1000 finished | loss=0.568475 | cnn_loss=0.540127 | gnn_loss=0.028347 | lr=0.000720753 | epoch_time=00:01:04 | elapsed=05:54:29 | ETA=13:27:46 | estimated_finish=2026-06-17 16:51:21
Quick validation epoch=305 | pseudo_dice=0.531481 | val_time=00:00:23
Epoch 306/1000 finished | loss=0.582366 | cnn_loss=0.548499 | gnn_loss=0.033867 | lr=0.000719819 | epoch_time=00:01:03 | elapsed=05:55:56 | ETA=13:27:15 | estimated_finish=2026-06-17 16:52:17
Epoch 307/1000 finished | loss=0.562029 | cnn_loss=0.531226 | gnn_loss=0.030803 | lr=0.000718886 | epoch_time=00:01:02 | elapsed=05:56:58 | ETA=13:25:48 | estimated_finish=2026-06-17 16:51:52
Epoch 308/1000 finished | loss=0.501532 | cnn_loss=0.472568 | gnn_loss=0.028963 | lr=0.000717952 | epoch_time=00:01:05 | elapsed=05:58:03 | ETA=13:24:28 | estimated_finish=2026-06-17 16:51:38
Epoch 309/1000 finished | loss=0.565336 | cnn_loss=0.534476 | gnn_loss=0.030860 | lr=0.000717018 | epoch_time=00:01:03 | elapsed=05:59:07 | ETA=13:23:05 | estimated_finish=2026-06-17 16:51:19
Epoch 310/1000 finished | loss=0.542749 | cnn_loss=0.512641 | gnn_loss=0.030108 | lr=0.000716084 | epoch_time=00:01:03 | elapsed=06:00:11 | ETA=13:21:42 | estimated_finish=2026-06-17 16:50:59
Quick validation epoch=310 | pseudo_dice=0.533663 | val_time=00:00:23
Epoch 311/1000 finished | loss=0.582133 | cnn_loss=0.551513 | gnn_loss=0.030620 | lr=0.00071515 | epoch_time=00:01:02 | elapsed=06:01:37 | ETA=13:21:09 | estimated_finish=2026-06-17 16:51:53
Epoch 312/1000 finished | loss=0.540601 | cnn_loss=0.511031 | gnn_loss=0.029570 | lr=0.000714216 | epoch_time=00:01:05 | elapsed=06:02:42 | ETA=13:19:49 | estimated_finish=2026-06-17 16:51:38
Epoch 313/1000 finished | loss=0.590927 | cnn_loss=0.556761 | gnn_loss=0.034166 | lr=0.000713282 | epoch_time=00:01:04 | elapsed=06:03:47 | ETA=13:18:28 | estimated_finish=2026-06-17 16:51:20
Epoch 314/1000 finished | loss=0.576450 | cnn_loss=0.546256 | gnn_loss=0.030194 | lr=0.000712347 | epoch_time=00:01:04 | elapsed=06:04:51 | ETA=13:17:07 | estimated_finish=2026-06-17 16:51:04
Epoch 315/1000 finished | loss=0.575916 | cnn_loss=0.545135 | gnn_loss=0.030781 | lr=0.000711413 | epoch_time=00:01:03 | elapsed=06:05:55 | ETA=13:15:45 | estimated_finish=2026-06-17 16:50:46
Quick validation epoch=315 | pseudo_dice=0.495834 | val_time=00:00:23
Epoch 316/1000 finished | loss=0.525523 | cnn_loss=0.496038 | gnn_loss=0.029485 | lr=0.000710478 | epoch_time=00:01:03 | elapsed=06:07:22 | ETA=13:15:12 | estimated_finish=2026-06-17 16:51:40
Epoch 317/1000 finished | loss=0.581317 | cnn_loss=0.548185 | gnn_loss=0.033133 | lr=0.000709543 | epoch_time=00:01:03 | elapsed=06:08:25 | ETA=13:13:48 | estimated_finish=2026-06-17 16:51:19
Epoch 318/1000 finished | loss=0.530294 | cnn_loss=0.498061 | gnn_loss=0.032233 | lr=0.000708608 | epoch_time=00:01:03 | elapsed=06:09:29 | ETA=13:12:26 | estimated_finish=2026-06-17 16:51:01
Epoch 319/1000 finished | loss=0.596776 | cnn_loss=0.563586 | gnn_loss=0.033190 | lr=0.000707673 | epoch_time=00:01:02 | elapsed=06:10:32 | ETA=13:11:00 | estimated_finish=2026-06-17 16:50:38
Epoch 320/1000 finished | loss=0.568492 | cnn_loss=0.540700 | gnn_loss=0.027792 | lr=0.000706737 | epoch_time=00:01:04 | elapsed=06:11:36 | ETA=13:09:40 | estimated_finish=2026-06-17 16:50:22
Quick validation epoch=320 | pseudo_dice=0.520323 | val_time=00:00:23
Epoch 321/1000 finished | loss=0.531586 | cnn_loss=0.497890 | gnn_loss=0.033696 | lr=0.000705802 | epoch_time=00:01:02 | elapsed=06:13:03 | ETA=13:09:06 | estimated_finish=2026-06-17 16:51:14
Epoch 322/1000 finished | loss=0.520473 | cnn_loss=0.488340 | gnn_loss=0.032133 | lr=0.000704866 | epoch_time=00:01:03 | elapsed=06:14:06 | ETA=13:07:43 | estimated_finish=2026-06-17 16:50:55
Epoch 323/1000 finished | loss=0.583260 | cnn_loss=0.550342 | gnn_loss=0.032918 | lr=0.000703931 | epoch_time=00:01:04 | elapsed=06:15:10 | ETA=13:06:22 | estimated_finish=2026-06-17 16:50:38
Epoch 324/1000 finished | loss=0.575415 | cnn_loss=0.541995 | gnn_loss=0.033420 | lr=0.000702995 | epoch_time=00:01:04 | elapsed=06:16:15 | ETA=13:05:02 | estimated_finish=2026-06-17 16:50:23
Epoch 325/1000 finished | loss=0.586193 | cnn_loss=0.551453 | gnn_loss=0.034739 | lr=0.000702059 | epoch_time=00:01:04 | elapsed=06:17:20 | ETA=13:03:41 | estimated_finish=2026-06-17 16:50:07
Quick validation epoch=325 | pseudo_dice=0.614346 | val_time=00:00:23
Epoch 326/1000 finished | loss=0.535962 | cnn_loss=0.503813 | gnn_loss=0.032149 | lr=0.000701123 | epoch_time=00:01:04 | elapsed=06:18:48 | ETA=13:03:10 | estimated_finish=2026-06-17 16:51:04
Epoch 327/1000 finished | loss=0.591304 | cnn_loss=0.559849 | gnn_loss=0.031455 | lr=0.000700186 | epoch_time=00:01:04 | elapsed=06:19:52 | ETA=13:01:49 | estimated_finish=2026-06-17 16:50:48
Epoch 328/1000 finished | loss=0.556696 | cnn_loss=0.524723 | gnn_loss=0.031972 | lr=0.00069925 | epoch_time=00:01:02 | elapsed=06:20:55 | ETA=13:00:26 | estimated_finish=2026-06-17 16:50:27
Epoch 329/1000 finished | loss=0.572398 | cnn_loss=0.541639 | gnn_loss=0.030759 | lr=0.000698313 | epoch_time=00:01:03 | elapsed=06:21:59 | ETA=12:59:04 | estimated_finish=2026-06-17 16:50:09
Epoch 330/1000 finished | loss=0.558051 | cnn_loss=0.524680 | gnn_loss=0.033372 | lr=0.000697377 | epoch_time=00:01:05 | elapsed=06:23:04 | ETA=12:57:45 | estimated_finish=2026-06-17 16:49:56
Quick validation epoch=330 | pseudo_dice=0.649067 | val_time=00:00:23
Epoch 331/1000 finished | loss=0.574102 | cnn_loss=0.544065 | gnn_loss=0.030037 | lr=0.00069644 | epoch_time=00:01:02 | elapsed=06:24:30 | ETA=12:57:09 | estimated_finish=2026-06-17 16:50:46
Epoch 332/1000 finished | loss=0.570334 | cnn_loss=0.542797 | gnn_loss=0.027537 | lr=0.000695503 | epoch_time=00:01:03 | elapsed=06:25:34 | ETA=12:55:48 | estimated_finish=2026-06-17 16:50:28
Epoch 333/1000 finished | loss=0.568162 | cnn_loss=0.538579 | gnn_loss=0.029583 | lr=0.000694566 | epoch_time=00:01:03 | elapsed=06:26:38 | ETA=12:54:27 | estimated_finish=2026-06-17 16:50:11
Epoch 334/1000 finished | loss=0.543870 | cnn_loss=0.515416 | gnn_loss=0.028453 | lr=0.000693628 | epoch_time=00:01:04 | elapsed=06:27:42 | ETA=12:53:06 | estimated_finish=2026-06-17 16:49:54
Epoch 335/1000 finished | loss=0.568281 | cnn_loss=0.536940 | gnn_loss=0.031341 | lr=0.000692691 | epoch_time=00:01:03 | elapsed=06:28:46 | ETA=12:51:44 | estimated_finish=2026-06-17 16:49:36
Quick validation epoch=335 | pseudo_dice=0.537582 | val_time=00:00:23
Epoch 336/1000 finished | loss=0.529930 | cnn_loss=0.503580 | gnn_loss=0.026350 | lr=0.000691753 | epoch_time=00:01:01 | elapsed=06:30:11 | ETA=12:51:05 | estimated_finish=2026-06-17 16:50:22
Epoch 337/1000 finished | loss=0.524178 | cnn_loss=0.495874 | gnn_loss=0.028304 | lr=0.000690816 | epoch_time=00:01:03 | elapsed=06:31:14 | ETA=12:49:42 | estimated_finish=2026-06-17 16:50:02
Epoch 338/1000 finished | loss=0.554030 | cnn_loss=0.522885 | gnn_loss=0.031145 | lr=0.000689878 | epoch_time=00:01:04 | elapsed=06:32:19 | ETA=12:48:24 | estimated_finish=2026-06-17 16:49:49
Epoch 339/1000 finished | loss=0.549340 | cnn_loss=0.518439 | gnn_loss=0.030901 | lr=0.00068894 | epoch_time=00:01:05 | elapsed=06:33:24 | ETA=12:47:05 | estimated_finish=2026-06-17 16:49:36
Epoch 340/1000 finished | loss=0.558446 | cnn_loss=0.525046 | gnn_loss=0.033400 | lr=0.000688002 | epoch_time=00:01:03 | elapsed=06:34:28 | ETA=12:45:45 | estimated_finish=2026-06-17 16:49:19
Quick validation epoch=340 | pseudo_dice=0.434578 | val_time=00:00:23
Epoch 341/1000 finished | loss=0.512421 | cnn_loss=0.480429 | gnn_loss=0.031992 | lr=0.000687063 | epoch_time=00:01:04 | elapsed=06:35:56 | ETA=12:45:10 | estimated_finish=2026-06-17 16:50:12
Epoch 342/1000 finished | loss=0.541847 | cnn_loss=0.514062 | gnn_loss=0.027785 | lr=0.000686125 | epoch_time=00:01:03 | elapsed=06:36:59 | ETA=12:43:48 | estimated_finish=2026-06-17 16:49:53
Epoch 343/1000 finished | loss=0.541792 | cnn_loss=0.513279 | gnn_loss=0.028513 | lr=0.000685187 | epoch_time=00:01:04 | elapsed=06:38:03 | ETA=12:42:28 | estimated_finish=2026-06-17 16:49:37
Epoch 344/1000 finished | loss=0.585906 | cnn_loss=0.555981 | gnn_loss=0.029925 | lr=0.000684248 | epoch_time=00:01:03 | elapsed=06:39:07 | ETA=12:41:06 | estimated_finish=2026-06-17 16:49:19
Epoch 345/1000 finished | loss=0.565094 | cnn_loss=0.534753 | gnn_loss=0.030342 | lr=0.000683309 | epoch_time=00:01:04 | elapsed=06:40:11 | ETA=12:39:46 | estimated_finish=2026-06-17 16:49:04
Quick validation epoch=345 | pseudo_dice=0.544510 | val_time=00:00:23
Epoch 346/1000 finished | loss=0.504150 | cnn_loss=0.473424 | gnn_loss=0.030727 | lr=0.00068237 | epoch_time=00:01:03 | elapsed=06:41:38 | ETA=12:39:10 | estimated_finish=2026-06-17 16:49:54
Epoch 347/1000 finished | loss=0.568642 | cnn_loss=0.537748 | gnn_loss=0.030894 | lr=0.000681431 | epoch_time=00:01:03 | elapsed=06:42:42 | ETA=12:37:49 | estimated_finish=2026-06-17 16:49:37
Epoch 348/1000 finished | loss=0.551644 | cnn_loss=0.523118 | gnn_loss=0.028526 | lr=0.000680492 | epoch_time=00:01:01 | elapsed=06:43:43 | ETA=12:36:25 | estimated_finish=2026-06-17 16:49:14
Epoch 349/1000 finished | loss=0.538531 | cnn_loss=0.508583 | gnn_loss=0.029948 | lr=0.000679552 | epoch_time=00:01:03 | elapsed=06:44:47 | ETA=12:35:04 | estimated_finish=2026-06-17 16:48:57
Epoch 350/1000 finished | loss=0.521336 | cnn_loss=0.491878 | gnn_loss=0.029458 | lr=0.000678613 | epoch_time=00:01:04 | elapsed=06:45:51 | ETA=12:33:44 | estimated_finish=2026-06-17 16:48:42
Quick validation epoch=350 | pseudo_dice=0.551491 | val_time=00:00:23
Epoch 351/1000 finished | loss=0.550311 | cnn_loss=0.517915 | gnn_loss=0.032396 | lr=0.000677673 | epoch_time=00:01:03 | elapsed=06:47:18 | ETA=12:33:07 | estimated_finish=2026-06-17 16:49:32
Epoch 352/1000 finished | loss=0.555523 | cnn_loss=0.523880 | gnn_loss=0.031643 | lr=0.000676733 | epoch_time=00:01:05 | elapsed=06:48:24 | ETA=12:31:49 | estimated_finish=2026-06-17 16:49:19
Epoch 353/1000 finished | loss=0.566608 | cnn_loss=0.538489 | gnn_loss=0.028119 | lr=0.000675793 | epoch_time=00:01:04 | elapsed=06:49:28 | ETA=12:30:30 | estimated_finish=2026-06-17 16:49:05
Epoch 354/1000 finished | loss=0.569869 | cnn_loss=0.539244 | gnn_loss=0.030625 | lr=0.000674853 | epoch_time=00:01:03 | elapsed=06:50:32 | ETA=12:29:10 | estimated_finish=2026-06-17 16:48:47
Epoch 355/1000 finished | loss=0.563139 | cnn_loss=0.528611 | gnn_loss=0.034528 | lr=0.000673913 | epoch_time=00:01:04 | elapsed=06:51:36 | ETA=12:27:51 | estimated_finish=2026-06-17 16:48:33
Quick validation epoch=355 | pseudo_dice=0.643026 | val_time=00:00:23
Epoch 356/1000 finished | loss=0.582708 | cnn_loss=0.550253 | gnn_loss=0.032454 | lr=0.000672972 | epoch_time=00:01:03 | elapsed=06:53:03 | ETA=12:27:13 | estimated_finish=2026-06-17 16:49:22
Epoch 357/1000 finished | loss=0.567928 | cnn_loss=0.534879 | gnn_loss=0.033049 | lr=0.000672032 | epoch_time=00:01:01 | elapsed=06:54:05 | ETA=12:25:49 | estimated_finish=2026-06-17 16:49:01
Epoch 358/1000 finished | loss=0.627945 | cnn_loss=0.596046 | gnn_loss=0.031899 | lr=0.000671091 | epoch_time=00:01:05 | elapsed=06:55:11 | ETA=12:24:33 | estimated_finish=2026-06-17 16:48:50
Epoch 359/1000 finished | loss=0.576950 | cnn_loss=0.546076 | gnn_loss=0.030874 | lr=0.00067015 | epoch_time=00:01:04 | elapsed=06:56:16 | ETA=12:23:15 | estimated_finish=2026-06-17 16:48:37
Epoch 360/1000 finished | loss=0.565721 | cnn_loss=0.534997 | gnn_loss=0.030724 | lr=0.000669209 | epoch_time=00:01:05 | elapsed=06:57:21 | ETA=12:21:58 | estimated_finish=2026-06-17 16:48:25
Quick validation epoch=360 | pseudo_dice=0.518256 | val_time=00:00:23
Epoch 361/1000 finished | loss=0.562075 | cnn_loss=0.533607 | gnn_loss=0.028468 | lr=0.000668268 | epoch_time=00:01:03 | elapsed=06:58:48 | ETA=12:21:20 | estimated_finish=2026-06-17 16:49:14
Epoch 362/1000 finished | loss=0.564755 | cnn_loss=0.533855 | gnn_loss=0.030900 | lr=0.000667327 | epoch_time=00:01:02 | elapsed=06:59:51 | ETA=12:19:58 | estimated_finish=2026-06-17 16:48:55
Epoch 363/1000 finished | loss=0.522823 | cnn_loss=0.494279 | gnn_loss=0.028544 | lr=0.000666385 | epoch_time=00:01:02 | elapsed=07:00:54 | ETA=12:18:36 | estimated_finish=2026-06-17 16:48:36
Epoch 364/1000 finished | loss=0.543280 | cnn_loss=0.509699 | gnn_loss=0.033580 | lr=0.000665444 | epoch_time=00:01:03 | elapsed=07:01:58 | ETA=12:17:17 | estimated_finish=2026-06-17 16:48:20
Epoch 365/1000 finished | loss=0.550477 | cnn_loss=0.517390 | gnn_loss=0.033087 | lr=0.000664502 | epoch_time=00:01:03 | elapsed=07:03:01 | ETA=12:15:57 | estimated_finish=2026-06-17 16:48:04
Quick validation epoch=365 | pseudo_dice=0.568729 | val_time=00:00:23
Epoch 366/1000 finished | loss=0.528230 | cnn_loss=0.498844 | gnn_loss=0.029386 | lr=0.00066356 | epoch_time=00:01:02 | elapsed=07:04:27 | ETA=12:15:16 | estimated_finish=2026-06-17 16:48:50
Epoch 367/1000 finished | loss=0.566285 | cnn_loss=0.531670 | gnn_loss=0.034615 | lr=0.000662618 | epoch_time=00:01:03 | elapsed=07:05:31 | ETA=12:13:56 | estimated_finish=2026-06-17 16:48:33
Epoch 368/1000 finished | loss=0.535576 | cnn_loss=0.506799 | gnn_loss=0.028777 | lr=0.000661676 | epoch_time=00:01:02 | elapsed=07:06:34 | ETA=12:12:35 | estimated_finish=2026-06-17 16:48:15
Epoch 369/1000 finished | loss=0.547812 | cnn_loss=0.518324 | gnn_loss=0.029488 | lr=0.000660734 | epoch_time=00:01:04 | elapsed=07:07:38 | ETA=12:11:16 | estimated_finish=2026-06-17 16:48:00
Epoch 370/1000 finished | loss=0.547220 | cnn_loss=0.517471 | gnn_loss=0.029749 | lr=0.000659791 | epoch_time=00:01:02 | elapsed=07:08:41 | ETA=12:09:55 | estimated_finish=2026-06-17 16:47:41
Quick validation epoch=370 | pseudo_dice=0.559409 | val_time=00:00:23
Epoch 371/1000 finished | loss=0.533826 | cnn_loss=0.505951 | gnn_loss=0.027875 | lr=0.000658849 | epoch_time=00:01:02 | elapsed=07:10:07 | ETA=12:09:14 | estimated_finish=2026-06-17 16:48:26
Epoch 372/1000 finished | loss=0.538019 | cnn_loss=0.510494 | gnn_loss=0.027525 | lr=0.000657906 | epoch_time=00:01:04 | elapsed=07:11:11 | ETA=12:07:56 | estimated_finish=2026-06-17 16:48:13
Epoch 373/1000 finished | loss=0.585692 | cnn_loss=0.554601 | gnn_loss=0.031091 | lr=0.000656963 | epoch_time=00:01:02 | elapsed=07:12:14 | ETA=12:06:35 | estimated_finish=2026-06-17 16:47:55
Epoch 374/1000 finished | loss=0.548235 | cnn_loss=0.515038 | gnn_loss=0.033197 | lr=0.00065602 | epoch_time=00:01:01 | elapsed=07:13:16 | ETA=12:05:13 | estimated_finish=2026-06-17 16:47:35
Epoch 375/1000 finished | loss=0.574206 | cnn_loss=0.548553 | gnn_loss=0.025653 | lr=0.000655076 | epoch_time=00:01:03 | elapsed=07:14:20 | ETA=12:03:53 | estimated_finish=2026-06-17 16:47:19
Quick validation epoch=375 | pseudo_dice=0.617997 | val_time=00:00:23
Epoch 376/1000 finished | loss=0.550039 | cnn_loss=0.515754 | gnn_loss=0.034284 | lr=0.000654133 | epoch_time=00:01:03 | elapsed=07:15:46 | ETA=12:03:12 | estimated_finish=2026-06-17 16:48:05
Epoch 377/1000 finished | loss=0.617665 | cnn_loss=0.585400 | gnn_loss=0.032265 | lr=0.00065319 | epoch_time=00:01:04 | elapsed=07:16:51 | ETA=12:01:55 | estimated_finish=2026-06-17 16:47:52
Epoch 378/1000 finished | loss=0.509314 | cnn_loss=0.479257 | gnn_loss=0.030058 | lr=0.000652246 | epoch_time=00:01:05 | elapsed=07:17:57 | ETA=12:00:39 | estimated_finish=2026-06-17 16:47:41
Epoch 379/1000 finished | loss=0.539370 | cnn_loss=0.509385 | gnn_loss=0.029985 | lr=0.000651302 | epoch_time=00:01:02 | elapsed=07:19:00 | ETA=11:59:18 | estimated_finish=2026-06-17 16:47:24
Epoch 380/1000 finished | loss=0.582236 | cnn_loss=0.547980 | gnn_loss=0.034257 | lr=0.000650358 | epoch_time=00:01:03 | elapsed=07:20:03 | ETA=11:57:59 | estimated_finish=2026-06-17 16:47:08
Quick validation epoch=380 | pseudo_dice=0.501436 | val_time=00:00:23
Epoch 381/1000 finished | loss=0.553828 | cnn_loss=0.524738 | gnn_loss=0.029090 | lr=0.000649414 | epoch_time=00:01:02 | elapsed=07:21:29 | ETA=11:57:17 | estimated_finish=2026-06-17 16:47:52
Epoch 382/1000 finished | loss=0.570428 | cnn_loss=0.539506 | gnn_loss=0.030922 | lr=0.00064847 | epoch_time=00:01:02 | elapsed=07:22:32 | ETA=11:55:56 | estimated_finish=2026-06-17 16:47:34
Epoch 383/1000 finished | loss=0.544012 | cnn_loss=0.512842 | gnn_loss=0.031170 | lr=0.000647525 | epoch_time=00:01:04 | elapsed=07:23:36 | ETA=11:54:38 | estimated_finish=2026-06-17 16:47:20
Epoch 384/1000 finished | loss=0.551249 | cnn_loss=0.522586 | gnn_loss=0.028663 | lr=0.000646581 | epoch_time=00:01:03 | elapsed=07:24:39 | ETA=11:53:18 | estimated_finish=2026-06-17 16:47:03
Epoch 385/1000 finished | loss=0.487973 | cnn_loss=0.462692 | gnn_loss=0.025281 | lr=0.000645636 | epoch_time=00:01:03 | elapsed=07:25:42 | ETA=11:51:58 | estimated_finish=2026-06-17 16:46:47
Quick validation epoch=385 | pseudo_dice=0.502408 | val_time=00:00:23
Epoch 386/1000 finished | loss=0.551153 | cnn_loss=0.519648 | gnn_loss=0.031505 | lr=0.000644691 | epoch_time=00:01:03 | elapsed=07:27:09 | ETA=11:51:16 | estimated_finish=2026-06-17 16:47:32
Epoch 387/1000 finished | loss=0.544210 | cnn_loss=0.513635 | gnn_loss=0.030574 | lr=0.000643746 | epoch_time=00:01:03 | elapsed=07:28:12 | ETA=11:49:57 | estimated_finish=2026-06-17 16:47:15
Epoch 388/1000 finished | loss=0.551609 | cnn_loss=0.520099 | gnn_loss=0.031509 | lr=0.000642801 | epoch_time=00:01:05 | elapsed=07:29:17 | ETA=11:48:41 | estimated_finish=2026-06-17 16:47:04
Epoch 389/1000 finished | loss=0.561819 | cnn_loss=0.531440 | gnn_loss=0.030378 | lr=0.000641855 | epoch_time=00:01:06 | elapsed=07:30:24 | ETA=11:47:26 | estimated_finish=2026-06-17 16:46:56
Epoch 390/1000 finished | loss=0.533603 | cnn_loss=0.502290 | gnn_loss=0.031313 | lr=0.00064091 | epoch_time=00:01:03 | elapsed=07:31:27 | ETA=11:46:07 | estimated_finish=2026-06-17 16:46:41
Quick validation epoch=390 | pseudo_dice=0.574666 | val_time=00:00:23
Epoch 391/1000 finished | loss=0.557114 | cnn_loss=0.525699 | gnn_loss=0.031415 | lr=0.000639964 | epoch_time=00:01:04 | elapsed=07:32:55 | ETA=11:45:26 | estimated_finish=2026-06-17 16:47:27
Epoch 392/1000 finished | loss=0.512354 | cnn_loss=0.483818 | gnn_loss=0.028537 | lr=0.000639018 | epoch_time=00:01:01 | elapsed=07:33:57 | ETA=11:44:05 | estimated_finish=2026-06-17 16:47:08
Epoch 393/1000 finished | loss=0.554367 | cnn_loss=0.525017 | gnn_loss=0.029350 | lr=0.000638072 | epoch_time=00:01:04 | elapsed=07:35:01 | ETA=11:42:48 | estimated_finish=2026-06-17 16:46:55
Epoch 394/1000 finished | loss=0.530506 | cnn_loss=0.498850 | gnn_loss=0.031655 | lr=0.000637126 | epoch_time=00:01:02 | elapsed=07:36:04 | ETA=11:41:27 | estimated_finish=2026-06-17 16:46:37
Epoch 395/1000 finished | loss=0.545307 | cnn_loss=0.516954 | gnn_loss=0.028353 | lr=0.00063618 | epoch_time=00:01:03 | elapsed=07:37:07 | ETA=11:40:09 | estimated_finish=2026-06-17 16:46:22
Quick validation epoch=395 | pseudo_dice=0.625229 | val_time=00:00:23
Epoch 396/1000 finished | loss=0.557758 | cnn_loss=0.527795 | gnn_loss=0.029963 | lr=0.000635233 | epoch_time=00:01:03 | elapsed=07:38:34 | ETA=11:39:26 | estimated_finish=2026-06-17 16:47:06
Epoch 397/1000 finished | loss=0.568655 | cnn_loss=0.535352 | gnn_loss=0.033304 | lr=0.000634287 | epoch_time=00:01:02 | elapsed=07:39:37 | ETA=11:38:06 | estimated_finish=2026-06-17 16:46:49
Epoch 398/1000 finished | loss=0.564549 | cnn_loss=0.534252 | gnn_loss=0.030297 | lr=0.00063334 | epoch_time=00:01:04 | elapsed=07:40:41 | ETA=11:36:49 | estimated_finish=2026-06-17 16:46:36
Epoch 399/1000 finished | loss=0.527637 | cnn_loss=0.499420 | gnn_loss=0.028218 | lr=0.000632393 | epoch_time=00:01:03 | elapsed=07:41:44 | ETA=11:35:30 | estimated_finish=2026-06-17 16:46:21
Epoch 400/1000 finished | loss=0.559826 | cnn_loss=0.525347 | gnn_loss=0.034479 | lr=0.000631446 | epoch_time=00:01:02 | elapsed=07:42:47 | ETA=11:34:11 | estimated_finish=2026-06-17 16:46:05
Quick validation epoch=400 | pseudo_dice=0.566288 | val_time=00:00:23
Full validation epoch=400 | mean_dice=0.413818 | val_time=00:00:52
New best full-validation model saved | dice=0.413818 | epoch=400
Epoch 401/1000 finished | loss=0.515152 | cnn_loss=0.487791 | gnn_loss=0.027361 | lr=0.000630499 | epoch_time=00:01:03 | elapsed=07:45:08 | ETA=11:34:48 | estimated_finish=2026-06-17 16:49:01
Epoch 402/1000 finished | loss=0.523097 | cnn_loss=0.495875 | gnn_loss=0.027222 | lr=0.000629551 | epoch_time=00:01:02 | elapsed=07:46:10 | ETA=11:33:27 | estimated_finish=2026-06-17 16:48:43
Epoch 403/1000 finished | loss=0.550800 | cnn_loss=0.519846 | gnn_loss=0.030954 | lr=0.000628604 | epoch_time=00:01:04 | elapsed=07:47:14 | ETA=11:32:10 | estimated_finish=2026-06-17 16:48:30
Epoch 404/1000 finished | loss=0.531321 | cnn_loss=0.500599 | gnn_loss=0.030722 | lr=0.000627656 | epoch_time=00:01:02 | elapsed=07:48:17 | ETA=11:30:50 | estimated_finish=2026-06-17 16:48:13
Epoch 405/1000 finished | loss=0.554136 | cnn_loss=0.524958 | gnn_loss=0.029178 | lr=0.000626708 | epoch_time=00:01:02 | elapsed=07:49:20 | ETA=11:29:31 | estimated_finish=2026-06-17 16:47:57
Quick validation epoch=405 | pseudo_dice=0.651149 | val_time=00:00:23
Epoch 406/1000 finished | loss=0.517198 | cnn_loss=0.488325 | gnn_loss=0.028873 | lr=0.00062576 | epoch_time=00:01:03 | elapsed=07:50:47 | ETA=11:28:47 | estimated_finish=2026-06-17 16:48:40
Epoch 407/1000 finished | loss=0.586569 | cnn_loss=0.554768 | gnn_loss=0.031801 | lr=0.000624812 | epoch_time=00:01:03 | elapsed=07:51:51 | ETA=11:27:29 | estimated_finish=2026-06-17 16:48:25
Epoch 408/1000 finished | loss=0.573535 | cnn_loss=0.538817 | gnn_loss=0.034718 | lr=0.000623863 | epoch_time=00:01:03 | elapsed=07:52:54 | ETA=11:26:10 | estimated_finish=2026-06-17 16:48:10
Epoch 409/1000 finished | loss=0.536252 | cnn_loss=0.506702 | gnn_loss=0.029550 | lr=0.000622915 | epoch_time=00:01:02 | elapsed=07:53:56 | ETA=11:24:50 | estimated_finish=2026-06-17 16:47:53
Epoch 410/1000 finished | loss=0.580339 | cnn_loss=0.545590 | gnn_loss=0.034749 | lr=0.000621966 | epoch_time=00:01:03 | elapsed=07:55:00 | ETA=11:23:32 | estimated_finish=2026-06-17 16:47:38
Quick validation epoch=410 | pseudo_dice=0.667193 | val_time=00:00:23
New best model saved by quick validation | pseudo_dice=0.667193 | epoch=410
Epoch 411/1000 finished | loss=0.556286 | cnn_loss=0.524107 | gnn_loss=0.032179 | lr=0.000621017 | epoch_time=00:01:05 | elapsed=07:56:28 | ETA=11:22:50 | estimated_finish=2026-06-17 16:48:24
Epoch 412/1000 finished | loss=0.569191 | cnn_loss=0.538731 | gnn_loss=0.030460 | lr=0.000620068 | epoch_time=00:01:03 | elapsed=07:57:32 | ETA=11:21:32 | estimated_finish=2026-06-17 16:48:10
Epoch 413/1000 finished | loss=0.545908 | cnn_loss=0.514790 | gnn_loss=0.031117 | lr=0.000619119 | epoch_time=00:01:03 | elapsed=07:58:36 | ETA=11:20:14 | estimated_finish=2026-06-17 16:47:56
Epoch 414/1000 finished | loss=0.555007 | cnn_loss=0.525270 | gnn_loss=0.029737 | lr=0.00061817 | epoch_time=00:01:04 | elapsed=07:59:40 | ETA=11:18:57 | estimated_finish=2026-06-17 16:47:43
Epoch 415/1000 finished | loss=0.564695 | cnn_loss=0.531547 | gnn_loss=0.033148 | lr=0.00061722 | epoch_time=00:01:02 | elapsed=08:00:43 | ETA=11:17:38 | estimated_finish=2026-06-17 16:47:27
Quick validation epoch=415 | pseudo_dice=0.617925 | val_time=00:00:23
Epoch 416/1000 finished | loss=0.584315 | cnn_loss=0.549836 | gnn_loss=0.034479 | lr=0.000616271 | epoch_time=00:01:03 | elapsed=08:02:10 | ETA=11:16:53 | estimated_finish=2026-06-17 16:48:09
Epoch 417/1000 finished | loss=0.565714 | cnn_loss=0.531776 | gnn_loss=0.033938 | lr=0.000615321 | epoch_time=00:01:03 | elapsed=08:03:13 | ETA=11:15:35 | estimated_finish=2026-06-17 16:47:55
Epoch 418/1000 finished | loss=0.534572 | cnn_loss=0.502546 | gnn_loss=0.032025 | lr=0.000614371 | epoch_time=00:01:02 | elapsed=08:04:16 | ETA=11:14:17 | estimated_finish=2026-06-17 16:47:39
Epoch 419/1000 finished | loss=0.560004 | cnn_loss=0.527117 | gnn_loss=0.032887 | lr=0.000613421 | epoch_time=00:01:03 | elapsed=08:05:20 | ETA=11:12:58 | estimated_finish=2026-06-17 16:47:24
Epoch 420/1000 finished | loss=0.565809 | cnn_loss=0.531112 | gnn_loss=0.034697 | lr=0.000612471 | epoch_time=00:01:04 | elapsed=08:06:24 | ETA=11:11:42 | estimated_finish=2026-06-17 16:47:11
Quick validation epoch=420 | pseudo_dice=0.553834 | val_time=00:00:23
Epoch 421/1000 finished | loss=0.538063 | cnn_loss=0.509578 | gnn_loss=0.028484 | lr=0.00061152 | epoch_time=00:01:02 | elapsed=08:07:50 | ETA=11:10:55 | estimated_finish=2026-06-17 16:47:52
Epoch 422/1000 finished | loss=0.554638 | cnn_loss=0.525430 | gnn_loss=0.029208 | lr=0.000610569 | epoch_time=00:01:03 | elapsed=08:08:53 | ETA=11:09:37 | estimated_finish=2026-06-17 16:47:36
Epoch 423/1000 finished | loss=0.552365 | cnn_loss=0.520579 | gnn_loss=0.031786 | lr=0.000609619 | epoch_time=00:01:04 | elapsed=08:09:58 | ETA=11:08:21 | estimated_finish=2026-06-17 16:47:24
Epoch 424/1000 finished | loss=0.518023 | cnn_loss=0.488480 | gnn_loss=0.029543 | lr=0.000608668 | epoch_time=00:01:02 | elapsed=08:11:01 | ETA=11:07:02 | estimated_finish=2026-06-17 16:47:09
Epoch 425/1000 finished | loss=0.490202 | cnn_loss=0.462772 | gnn_loss=0.027429 | lr=0.000607717 | epoch_time=00:01:04 | elapsed=08:12:06 | ETA=11:05:47 | estimated_finish=2026-06-17 16:46:58
Quick validation epoch=425 | pseudo_dice=0.697661 | val_time=00:00:23
New best model saved by quick validation | pseudo_dice=0.697661 | epoch=425
Epoch 426/1000 finished | loss=0.581866 | cnn_loss=0.551182 | gnn_loss=0.030683 | lr=0.000606765 | epoch_time=00:01:03 | elapsed=08:13:32 | ETA=11:05:00 | estimated_finish=2026-06-17 16:47:39
Epoch 427/1000 finished | loss=0.514791 | cnn_loss=0.484556 | gnn_loss=0.030234 | lr=0.000605814 | epoch_time=00:01:04 | elapsed=08:14:37 | ETA=11:03:44 | estimated_finish=2026-06-17 16:47:27
Epoch 428/1000 finished | loss=0.573255 | cnn_loss=0.542387 | gnn_loss=0.030868 | lr=0.000604862 | epoch_time=00:01:04 | elapsed=08:15:41 | ETA=11:02:27 | estimated_finish=2026-06-17 16:47:14
Epoch 429/1000 finished | loss=0.550462 | cnn_loss=0.519228 | gnn_loss=0.031233 | lr=0.00060391 | epoch_time=00:01:04 | elapsed=08:16:46 | ETA=11:01:11 | estimated_finish=2026-06-17 16:47:03
Epoch 430/1000 finished | loss=0.528886 | cnn_loss=0.495243 | gnn_loss=0.033643 | lr=0.000602958 | epoch_time=00:01:02 | elapsed=08:17:48 | ETA=10:59:52 | estimated_finish=2026-06-17 16:46:46
Quick validation epoch=430 | pseudo_dice=0.550188 | val_time=00:00:23
Epoch 431/1000 finished | loss=0.518444 | cnn_loss=0.490006 | gnn_loss=0.028438 | lr=0.000602006 | epoch_time=00:01:03 | elapsed=08:19:15 | ETA=10:59:06 | estimated_finish=2026-06-17 16:47:28
Epoch 432/1000 finished | loss=0.538586 | cnn_loss=0.509432 | gnn_loss=0.029154 | lr=0.000601054 | epoch_time=00:01:04 | elapsed=08:20:20 | ETA=10:57:50 | estimated_finish=2026-06-17 16:47:16
Epoch 433/1000 finished | loss=0.514864 | cnn_loss=0.487724 | gnn_loss=0.027141 | lr=0.000600102 | epoch_time=00:01:02 | elapsed=08:21:22 | ETA=10:56:32 | estimated_finish=2026-06-17 16:47:01
Epoch 434/1000 finished | loss=0.585855 | cnn_loss=0.553203 | gnn_loss=0.032652 | lr=0.000599149 | epoch_time=00:01:04 | elapsed=08:22:27 | ETA=10:55:17 | estimated_finish=2026-06-17 16:46:50
Epoch 435/1000 finished | loss=0.520036 | cnn_loss=0.490256 | gnn_loss=0.029779 | lr=0.000598196 | epoch_time=00:01:05 | elapsed=08:23:33 | ETA=10:54:02 | estimated_finish=2026-06-17 16:46:42
Quick validation epoch=435 | pseudo_dice=0.540913 | val_time=00:00:23
Epoch 436/1000 finished | loss=0.546083 | cnn_loss=0.513342 | gnn_loss=0.032741 | lr=0.000597243 | epoch_time=00:01:02 | elapsed=08:24:59 | ETA=10:53:14 | estimated_finish=2026-06-17 16:47:19
Epoch 437/1000 finished | loss=0.516491 | cnn_loss=0.490522 | gnn_loss=0.025969 | lr=0.00059629 | epoch_time=00:01:03 | elapsed=08:26:03 | ETA=10:51:58 | estimated_finish=2026-06-17 16:47:07
Epoch 438/1000 finished | loss=0.552014 | cnn_loss=0.522497 | gnn_loss=0.029517 | lr=0.000595337 | epoch_time=00:01:03 | elapsed=08:27:06 | ETA=10:50:41 | estimated_finish=2026-06-17 16:46:53
Epoch 439/1000 finished | loss=0.536123 | cnn_loss=0.504676 | gnn_loss=0.031448 | lr=0.000594383 | epoch_time=00:01:04 | elapsed=08:28:11 | ETA=10:49:24 | estimated_finish=2026-06-17 16:46:41
Epoch 440/1000 finished | loss=0.518661 | cnn_loss=0.487109 | gnn_loss=0.031552 | lr=0.00059343 | epoch_time=00:01:03 | elapsed=08:29:14 | ETA=10:48:08 | estimated_finish=2026-06-17 16:46:28
Quick validation epoch=440 | pseudo_dice=0.517818 | val_time=00:00:23
Epoch 441/1000 finished | loss=0.528056 | cnn_loss=0.493516 | gnn_loss=0.034540 | lr=0.000592476 | epoch_time=00:01:04 | elapsed=08:30:42 | ETA=10:47:21 | estimated_finish=2026-06-17 16:47:09
Epoch 442/1000 finished | loss=0.533087 | cnn_loss=0.501118 | gnn_loss=0.031969 | lr=0.000591522 | epoch_time=00:01:02 | elapsed=08:31:45 | ETA=10:46:03 | estimated_finish=2026-06-17 16:46:54
Epoch 443/1000 finished | loss=0.541796 | cnn_loss=0.509423 | gnn_loss=0.032373 | lr=0.000590568 | epoch_time=00:01:02 | elapsed=08:32:47 | ETA=10:44:45 | estimated_finish=2026-06-17 16:46:38
Epoch 444/1000 finished | loss=0.535106 | cnn_loss=0.505532 | gnn_loss=0.029574 | lr=0.000589613 | epoch_time=00:01:02 | elapsed=08:33:50 | ETA=10:43:27 | estimated_finish=2026-06-17 16:46:23
Epoch 445/1000 finished | loss=0.560872 | cnn_loss=0.529159 | gnn_loss=0.031713 | lr=0.000588659 | epoch_time=00:01:03 | elapsed=08:34:53 | ETA=10:42:10 | estimated_finish=2026-06-17 16:46:10
Quick validation epoch=445 | pseudo_dice=0.676472 | val_time=00:00:23
Epoch 446/1000 finished | loss=0.569128 | cnn_loss=0.538684 | gnn_loss=0.030444 | lr=0.000587704 | epoch_time=00:01:02 | elapsed=08:36:19 | ETA=10:41:21 | estimated_finish=2026-06-17 16:46:47
Epoch 447/1000 finished | loss=0.545701 | cnn_loss=0.513939 | gnn_loss=0.031762 | lr=0.000586749 | epoch_time=00:01:03 | elapsed=08:37:23 | ETA=10:40:04 | estimated_finish=2026-06-17 16:46:33
Epoch 448/1000 finished | loss=0.478527 | cnn_loss=0.452571 | gnn_loss=0.025957 | lr=0.000585794 | epoch_time=00:01:03 | elapsed=08:38:26 | ETA=10:38:47 | estimated_finish=2026-06-17 16:46:20
Epoch 449/1000 finished | loss=0.507863 | cnn_loss=0.478384 | gnn_loss=0.029479 | lr=0.000584839 | epoch_time=00:01:06 | elapsed=08:39:32 | ETA=10:37:34 | estimated_finish=2026-06-17 16:46:12
Epoch 450/1000 finished | loss=0.521153 | cnn_loss=0.490943 | gnn_loss=0.030211 | lr=0.000583884 | epoch_time=00:01:03 | elapsed=08:40:36 | ETA=10:36:17 | estimated_finish=2026-06-17 16:45:59
Quick validation epoch=450 | pseudo_dice=0.454154 | val_time=00:00:23
Epoch 451/1000 finished | loss=0.533964 | cnn_loss=0.499922 | gnn_loss=0.034043 | lr=0.000582928 | epoch_time=00:01:04 | elapsed=08:42:04 | ETA=10:35:30 | estimated_finish=2026-06-17 16:46:40
Epoch 452/1000 finished | loss=0.543525 | cnn_loss=0.512261 | gnn_loss=0.031264 | lr=0.000581973 | epoch_time=00:01:03 | elapsed=08:43:07 | ETA=10:34:14 | estimated_finish=2026-06-17 16:46:27
Epoch 453/1000 finished | loss=0.532564 | cnn_loss=0.501526 | gnn_loss=0.031037 | lr=0.000581017 | epoch_time=00:01:03 | elapsed=08:44:11 | ETA=10:32:58 | estimated_finish=2026-06-17 16:46:15
Epoch 454/1000 finished | loss=0.546637 | cnn_loss=0.511998 | gnn_loss=0.034640 | lr=0.000580061 | epoch_time=00:01:04 | elapsed=08:45:16 | ETA=10:31:42 | estimated_finish=2026-06-17 16:46:04
Epoch 455/1000 finished | loss=0.562361 | cnn_loss=0.530992 | gnn_loss=0.031370 | lr=0.000579104 | epoch_time=00:01:04 | elapsed=08:46:20 | ETA=10:30:27 | estimated_finish=2026-06-17 16:45:53
Quick validation epoch=455 | pseudo_dice=0.588952 | val_time=00:00:23
Epoch 456/1000 finished | loss=0.557560 | cnn_loss=0.526082 | gnn_loss=0.031478 | lr=0.000578148 | epoch_time=00:01:05 | elapsed=08:47:49 | ETA=10:29:41 | estimated_finish=2026-06-17 16:46:36
Epoch 457/1000 finished | loss=0.569661 | cnn_loss=0.536591 | gnn_loss=0.033070 | lr=0.000577191 | epoch_time=00:01:04 | elapsed=08:48:54 | ETA=10:28:26 | estimated_finish=2026-06-17 16:46:25
Epoch 458/1000 finished | loss=0.510447 | cnn_loss=0.481128 | gnn_loss=0.029320 | lr=0.000576235 | epoch_time=00:01:02 | elapsed=08:49:56 | ETA=10:27:08 | estimated_finish=2026-06-17 16:46:11
Epoch 459/1000 finished | loss=0.517358 | cnn_loss=0.490089 | gnn_loss=0.027269 | lr=0.000575278 | epoch_time=00:01:02 | elapsed=08:50:59 | ETA=10:25:50 | estimated_finish=2026-06-17 16:45:55
Epoch 460/1000 finished | loss=0.535453 | cnn_loss=0.506486 | gnn_loss=0.028967 | lr=0.000574321 | epoch_time=00:01:05 | elapsed=08:52:04 | ETA=10:24:36 | estimated_finish=2026-06-17 16:45:46
Quick validation epoch=460 | pseudo_dice=0.621183 | val_time=00:00:23
Epoch 461/1000 finished | loss=0.519690 | cnn_loss=0.490016 | gnn_loss=0.029675 | lr=0.000573363 | epoch_time=00:01:04 | elapsed=08:53:31 | ETA=10:23:48 | estimated_finish=2026-06-17 16:46:25
Epoch 462/1000 finished | loss=0.518821 | cnn_loss=0.488869 | gnn_loss=0.029952 | lr=0.000572406 | epoch_time=00:01:03 | elapsed=08:54:35 | ETA=10:22:31 | estimated_finish=2026-06-17 16:46:12
Epoch 463/1000 finished | loss=0.550495 | cnn_loss=0.514233 | gnn_loss=0.036262 | lr=0.000571448 | epoch_time=00:01:02 | elapsed=08:55:37 | ETA=10:21:14 | estimated_finish=2026-06-17 16:45:57
Epoch 464/1000 finished | loss=0.521321 | cnn_loss=0.490811 | gnn_loss=0.030510 | lr=0.00057049 | epoch_time=00:01:03 | elapsed=08:56:40 | ETA=10:19:57 | estimated_finish=2026-06-17 16:45:44
Epoch 465/1000 finished | loss=0.522189 | cnn_loss=0.491776 | gnn_loss=0.030413 | lr=0.000569532 | epoch_time=00:01:03 | elapsed=08:57:44 | ETA=10:18:41 | estimated_finish=2026-06-17 16:45:32
Quick validation epoch=465 | pseudo_dice=0.602241 | val_time=00:00:23
Epoch 466/1000 finished | loss=0.509150 | cnn_loss=0.481297 | gnn_loss=0.027853 | lr=0.000568574 | epoch_time=00:01:03 | elapsed=08:59:11 | ETA=10:17:52 | estimated_finish=2026-06-17 16:46:09
Epoch 467/1000 finished | loss=0.523861 | cnn_loss=0.491375 | gnn_loss=0.032486 | lr=0.000567616 | epoch_time=00:01:02 | elapsed=09:00:13 | ETA=10:16:34 | estimated_finish=2026-06-17 16:45:54
Epoch 468/1000 finished | loss=0.508486 | cnn_loss=0.478952 | gnn_loss=0.029535 | lr=0.000566657 | epoch_time=00:01:03 | elapsed=09:01:16 | ETA=10:15:18 | estimated_finish=2026-06-17 16:45:40
Epoch 469/1000 finished | loss=0.521828 | cnn_loss=0.489768 | gnn_loss=0.032061 | lr=0.000565699 | epoch_time=00:01:04 | elapsed=09:02:21 | ETA=10:14:03 | estimated_finish=2026-06-17 16:45:29
Epoch 470/1000 finished | loss=0.556995 | cnn_loss=0.524362 | gnn_loss=0.032633 | lr=0.00056474 | epoch_time=00:01:02 | elapsed=09:03:24 | ETA=10:12:46 | estimated_finish=2026-06-17 16:45:15
Quick validation epoch=470 | pseudo_dice=0.594431 | val_time=00:00:23
Epoch 471/1000 finished | loss=0.539712 | cnn_loss=0.511454 | gnn_loss=0.028258 | lr=0.000563781 | epoch_time=00:01:03 | elapsed=09:04:51 | ETA=10:11:57 | estimated_finish=2026-06-17 16:45:53
Epoch 472/1000 finished | loss=0.558370 | cnn_loss=0.528740 | gnn_loss=0.029631 | lr=0.000562821 | epoch_time=00:01:03 | elapsed=09:05:54 | ETA=10:10:41 | estimated_finish=2026-06-17 16:45:41
Epoch 473/1000 finished | loss=0.546574 | cnn_loss=0.513845 | gnn_loss=0.032729 | lr=0.000561862 | epoch_time=00:01:03 | elapsed=09:06:58 | ETA=10:09:24 | estimated_finish=2026-06-17 16:45:28
Epoch 474/1000 finished | loss=0.501101 | cnn_loss=0.471785 | gnn_loss=0.029316 | lr=0.000560902 | epoch_time=00:01:03 | elapsed=09:08:01 | ETA=10:08:09 | estimated_finish=2026-06-17 16:45:16
Epoch 475/1000 finished | loss=0.548707 | cnn_loss=0.518390 | gnn_loss=0.030316 | lr=0.000559942 | epoch_time=00:01:02 | elapsed=09:09:04 | ETA=10:06:52 | estimated_finish=2026-06-17 16:45:02
Quick validation epoch=475 | pseudo_dice=0.633047 | val_time=00:00:23
Epoch 476/1000 finished | loss=0.558872 | cnn_loss=0.524867 | gnn_loss=0.034004 | lr=0.000558982 | epoch_time=00:01:04 | elapsed=09:10:31 | ETA=10:06:02 | estimated_finish=2026-06-17 16:45:40
Epoch 477/1000 finished | loss=0.541530 | cnn_loss=0.507013 | gnn_loss=0.034517 | lr=0.000558022 | epoch_time=00:01:02 | elapsed=09:11:35 | ETA=10:04:46 | estimated_finish=2026-06-17 16:45:27
Epoch 478/1000 finished | loss=0.524377 | cnn_loss=0.496684 | gnn_loss=0.027693 | lr=0.000557062 | epoch_time=00:01:03 | elapsed=09:12:39 | ETA=10:03:31 | estimated_finish=2026-06-17 16:45:15
Epoch 479/1000 finished | loss=0.546398 | cnn_loss=0.513308 | gnn_loss=0.033090 | lr=0.000556101 | epoch_time=00:01:01 | elapsed=09:13:40 | ETA=10:02:13 | estimated_finish=2026-06-17 16:45:00
Epoch 480/1000 finished | loss=0.548543 | cnn_loss=0.515448 | gnn_loss=0.033094 | lr=0.000555141 | epoch_time=00:01:04 | elapsed=09:14:45 | ETA=10:00:58 | estimated_finish=2026-06-17 16:44:49
Quick validation epoch=480 | pseudo_dice=0.637166 | val_time=00:00:23
Epoch 481/1000 finished | loss=0.512197 | cnn_loss=0.481257 | gnn_loss=0.030940 | lr=0.00055418 | epoch_time=00:01:03 | elapsed=09:16:12 | ETA=10:00:08 | estimated_finish=2026-06-17 16:45:26
Epoch 482/1000 finished | loss=0.520368 | cnn_loss=0.491360 | gnn_loss=0.029008 | lr=0.000553219 | epoch_time=00:01:02 | elapsed=09:17:14 | ETA=09:58:51 | estimated_finish=2026-06-17 16:45:11
Epoch 483/1000 finished | loss=0.512757 | cnn_loss=0.482808 | gnn_loss=0.029949 | lr=0.000552257 | epoch_time=00:01:03 | elapsed=09:18:17 | ETA=09:57:35 | estimated_finish=2026-06-17 16:44:59
Epoch 484/1000 finished | loss=0.534573 | cnn_loss=0.504472 | gnn_loss=0.030101 | lr=0.000551296 | epoch_time=00:01:04 | elapsed=09:19:22 | ETA=09:56:21 | estimated_finish=2026-06-17 16:44:48
Epoch 485/1000 finished | loss=0.538119 | cnn_loss=0.507975 | gnn_loss=0.030144 | lr=0.000550334 | epoch_time=00:01:03 | elapsed=09:20:26 | ETA=09:55:05 | estimated_finish=2026-06-17 16:44:37
Quick validation epoch=485 | pseudo_dice=0.643559 | val_time=00:00:23
Epoch 486/1000 finished | loss=0.540706 | cnn_loss=0.512301 | gnn_loss=0.028405 | lr=0.000549372 | epoch_time=00:01:02 | elapsed=09:21:52 | ETA=09:54:14 | estimated_finish=2026-06-17 16:45:12
Epoch 487/1000 finished | loss=0.551863 | cnn_loss=0.522660 | gnn_loss=0.029203 | lr=0.00054841 | epoch_time=00:01:03 | elapsed=09:22:55 | ETA=09:52:58 | estimated_finish=2026-06-17 16:45:00
Epoch 488/1000 finished | loss=0.510568 | cnn_loss=0.481104 | gnn_loss=0.029464 | lr=0.000547448 | epoch_time=00:01:01 | elapsed=09:23:57 | ETA=09:51:41 | estimated_finish=2026-06-17 16:44:44
Epoch 489/1000 finished | loss=0.538360 | cnn_loss=0.507334 | gnn_loss=0.031026 | lr=0.000546486 | epoch_time=00:01:04 | elapsed=09:25:01 | ETA=09:50:26 | estimated_finish=2026-06-17 16:44:34
Epoch 490/1000 finished | loss=0.511546 | cnn_loss=0.484616 | gnn_loss=0.026930 | lr=0.000545523 | epoch_time=00:01:03 | elapsed=09:26:05 | ETA=09:49:11 | estimated_finish=2026-06-17 16:44:22
Quick validation epoch=490 | pseudo_dice=0.546302 | val_time=00:00:23
Epoch 491/1000 finished | loss=0.531977 | cnn_loss=0.501898 | gnn_loss=0.030079 | lr=0.00054456 | epoch_time=00:01:03 | elapsed=09:27:31 | ETA=09:48:20 | estimated_finish=2026-06-17 16:44:57
Epoch 492/1000 finished | loss=0.544016 | cnn_loss=0.511063 | gnn_loss=0.032953 | lr=0.000543597 | epoch_time=00:01:02 | elapsed=09:28:34 | ETA=09:47:03 | estimated_finish=2026-06-17 16:44:43
Epoch 493/1000 finished | loss=0.542997 | cnn_loss=0.511305 | gnn_loss=0.031692 | lr=0.000542634 | epoch_time=00:01:02 | elapsed=09:29:36 | ETA=09:45:47 | estimated_finish=2026-06-17 16:44:29
Epoch 494/1000 finished | loss=0.513961 | cnn_loss=0.483761 | gnn_loss=0.030201 | lr=0.000541671 | epoch_time=00:01:03 | elapsed=09:30:40 | ETA=09:44:32 | estimated_finish=2026-06-17 16:44:18
Epoch 495/1000 finished | loss=0.558292 | cnn_loss=0.526616 | gnn_loss=0.031676 | lr=0.000540707 | epoch_time=00:01:03 | elapsed=09:31:44 | ETA=09:43:17 | estimated_finish=2026-06-17 16:44:06
Quick validation epoch=495 | pseudo_dice=0.613436 | val_time=00:00:23
Epoch 496/1000 finished | loss=0.553256 | cnn_loss=0.521100 | gnn_loss=0.032156 | lr=0.000539744 | epoch_time=00:01:04 | elapsed=09:33:11 | ETA=09:42:26 | estimated_finish=2026-06-17 16:44:43
Epoch 497/1000 finished | loss=0.540062 | cnn_loss=0.509979 | gnn_loss=0.030083 | lr=0.00053878 | epoch_time=00:01:04 | elapsed=09:34:15 | ETA=09:41:11 | estimated_finish=2026-06-17 16:44:32
Epoch 498/1000 finished | loss=0.527513 | cnn_loss=0.499606 | gnn_loss=0.027907 | lr=0.000537816 | epoch_time=00:01:03 | elapsed=09:35:19 | ETA=09:39:56 | estimated_finish=2026-06-17 16:44:21
Epoch 499/1000 finished | loss=0.510233 | cnn_loss=0.475052 | gnn_loss=0.035182 | lr=0.000536851 | epoch_time=00:01:02 | elapsed=09:36:21 | ETA=09:38:39 | estimated_finish=2026-06-17 16:44:06
Epoch 500/1000 finished | loss=0.536363 | cnn_loss=0.503073 | gnn_loss=0.033290 | lr=0.000535887 | epoch_time=00:01:02 | elapsed=09:37:23 | ETA=09:37:23 | estimated_finish=2026-06-17 16:43:53
Quick validation epoch=500 | pseudo_dice=0.525774 | val_time=00:00:23
Full validation epoch=500 | mean_dice=0.399292 | val_time=00:00:52
Epoch 501/1000 finished | loss=0.521812 | cnn_loss=0.492704 | gnn_loss=0.029108 | lr=0.000534922 | epoch_time=00:01:03 | elapsed=09:39:43 | ETA=09:37:25 | estimated_finish=2026-06-17 16:46:14
Epoch 502/1000 finished | loss=0.501569 | cnn_loss=0.475338 | gnn_loss=0.026232 | lr=0.000533957 | epoch_time=00:01:03 | elapsed=09:40:47 | ETA=09:36:09 | estimated_finish=2026-06-17 16:46:02
Epoch 503/1000 finished | loss=0.509623 | cnn_loss=0.478087 | gnn_loss=0.031536 | lr=0.000532992 | epoch_time=00:01:04 | elapsed=09:41:51 | ETA=09:34:54 | estimated_finish=2026-06-17 16:45:51
Epoch 504/1000 finished | loss=0.530596 | cnn_loss=0.498111 | gnn_loss=0.032486 | lr=0.000532027 | epoch_time=00:01:02 | elapsed=09:42:53 | ETA=09:33:38 | estimated_finish=2026-06-17 16:45:37
Epoch 505/1000 finished | loss=0.507642 | cnn_loss=0.475901 | gnn_loss=0.031741 | lr=0.000531061 | epoch_time=00:01:04 | elapsed=09:43:58 | ETA=09:32:24 | estimated_finish=2026-06-17 16:45:27
Quick validation epoch=505 | pseudo_dice=0.615796 | val_time=00:00:23
Epoch 506/1000 finished | loss=0.525306 | cnn_loss=0.494296 | gnn_loss=0.031010 | lr=0.000530096 | epoch_time=00:01:02 | elapsed=09:45:24 | ETA=09:31:31 | estimated_finish=2026-06-17 16:46:01
Epoch 507/1000 finished | loss=0.573259 | cnn_loss=0.542057 | gnn_loss=0.031202 | lr=0.00052913 | epoch_time=00:01:03 | elapsed=09:46:28 | ETA=09:30:16 | estimated_finish=2026-06-17 16:45:50
Epoch 508/1000 finished | loss=0.591036 | cnn_loss=0.556703 | gnn_loss=0.034332 | lr=0.000528164 | epoch_time=00:01:03 | elapsed=09:47:31 | ETA=09:29:01 | estimated_finish=2026-06-17 16:45:39
Epoch 509/1000 finished | loss=0.526011 | cnn_loss=0.492767 | gnn_loss=0.033243 | lr=0.000527198 | epoch_time=00:01:02 | elapsed=09:48:34 | ETA=09:27:45 | estimated_finish=2026-06-17 16:45:26
Epoch 510/1000 finished | loss=0.515540 | cnn_loss=0.485467 | gnn_loss=0.030072 | lr=0.000526231 | epoch_time=00:01:02 | elapsed=09:49:37 | ETA=09:26:30 | estimated_finish=2026-06-17 16:45:13
Quick validation epoch=510 | pseudo_dice=0.622783 | val_time=00:00:23
Epoch 511/1000 finished | loss=0.500329 | cnn_loss=0.470561 | gnn_loss=0.029767 | lr=0.000525264 | epoch_time=00:01:03 | elapsed=09:51:04 | ETA=09:25:37 | estimated_finish=2026-06-17 16:45:47
Epoch 512/1000 finished | loss=0.496900 | cnn_loss=0.462852 | gnn_loss=0.034048 | lr=0.000524298 | epoch_time=00:01:01 | elapsed=09:52:06 | ETA=09:24:20 | estimated_finish=2026-06-17 16:45:32
Epoch 513/1000 finished | loss=0.529288 | cnn_loss=0.493771 | gnn_loss=0.035517 | lr=0.000523331 | epoch_time=00:01:02 | elapsed=09:53:08 | ETA=09:23:04 | estimated_finish=2026-06-17 16:45:18
Epoch 514/1000 finished | loss=0.552980 | cnn_loss=0.522643 | gnn_loss=0.030337 | lr=0.000522363 | epoch_time=00:01:03 | elapsed=09:54:11 | ETA=09:21:49 | estimated_finish=2026-06-17 16:45:07
Epoch 515/1000 finished | loss=0.538551 | cnn_loss=0.507465 | gnn_loss=0.031086 | lr=0.000521396 | epoch_time=00:01:05 | elapsed=09:55:17 | ETA=09:20:36 | estimated_finish=2026-06-17 16:44:59
Quick validation epoch=515 | pseudo_dice=0.597997 | val_time=00:00:23
Epoch 516/1000 finished | loss=0.546439 | cnn_loss=0.511312 | gnn_loss=0.035126 | lr=0.000520428 | epoch_time=00:01:03 | elapsed=09:56:44 | ETA=09:19:43 | estimated_finish=2026-06-17 16:45:33
Epoch 517/1000 finished | loss=0.529295 | cnn_loss=0.500455 | gnn_loss=0.028841 | lr=0.00051946 | epoch_time=00:01:03 | elapsed=09:57:48 | ETA=09:18:29 | estimated_finish=2026-06-17 16:45:22
Epoch 518/1000 finished | loss=0.532101 | cnn_loss=0.501552 | gnn_loss=0.030549 | lr=0.000518492 | epoch_time=00:01:03 | elapsed=09:58:51 | ETA=09:17:14 | estimated_finish=2026-06-17 16:45:10
Epoch 519/1000 finished | loss=0.565875 | cnn_loss=0.534073 | gnn_loss=0.031802 | lr=0.000517524 | epoch_time=00:01:03 | elapsed=09:59:55 | ETA=09:15:59 | estimated_finish=2026-06-17 16:45:00
Epoch 520/1000 finished | loss=0.515398 | cnn_loss=0.484616 | gnn_loss=0.030782 | lr=0.000516556 | epoch_time=00:01:02 | elapsed=10:00:57 | ETA=09:14:43 | estimated_finish=2026-06-17 16:44:47
Quick validation epoch=520 | pseudo_dice=0.622573 | val_time=00:00:23
Epoch 521/1000 finished | loss=0.535204 | cnn_loss=0.505697 | gnn_loss=0.029507 | lr=0.000515587 | epoch_time=00:01:03 | elapsed=10:02:24 | ETA=09:13:50 | estimated_finish=2026-06-17 16:45:21
Epoch 522/1000 finished | loss=0.543682 | cnn_loss=0.511536 | gnn_loss=0.032146 | lr=0.000514618 | epoch_time=00:01:02 | elapsed=10:03:27 | ETA=09:12:35 | estimated_finish=2026-06-17 16:45:08
Epoch 523/1000 finished | loss=0.526883 | cnn_loss=0.496088 | gnn_loss=0.030795 | lr=0.000513649 | epoch_time=00:01:02 | elapsed=10:04:30 | ETA=09:11:20 | estimated_finish=2026-06-17 16:44:56
Epoch 524/1000 finished | loss=0.504396 | cnn_loss=0.475346 | gnn_loss=0.029050 | lr=0.00051268 | epoch_time=00:01:04 | elapsed=10:05:34 | ETA=09:10:06 | estimated_finish=2026-06-17 16:44:46
Epoch 525/1000 finished | loss=0.526303 | cnn_loss=0.494604 | gnn_loss=0.031699 | lr=0.00051171 | epoch_time=00:01:05 | elapsed=10:06:39 | ETA=09:08:53 | estimated_finish=2026-06-17 16:44:38
Quick validation epoch=525 | pseudo_dice=0.623666 | val_time=00:00:23
Epoch 526/1000 finished | loss=0.507601 | cnn_loss=0.474542 | gnn_loss=0.033059 | lr=0.000510741 | epoch_time=00:01:03 | elapsed=10:08:06 | ETA=09:07:59 | estimated_finish=2026-06-17 16:45:12
Epoch 527/1000 finished | loss=0.474752 | cnn_loss=0.446184 | gnn_loss=0.028567 | lr=0.000509771 | epoch_time=00:01:04 | elapsed=10:09:11 | ETA=09:06:45 | estimated_finish=2026-06-17 16:45:02
Epoch 528/1000 finished | loss=0.531210 | cnn_loss=0.497291 | gnn_loss=0.033919 | lr=0.000508801 | epoch_time=00:01:04 | elapsed=10:10:15 | ETA=09:05:31 | estimated_finish=2026-06-17 16:44:52
Epoch 529/1000 finished | loss=0.545440 | cnn_loss=0.511951 | gnn_loss=0.033489 | lr=0.000507831 | epoch_time=00:01:02 | elapsed=10:11:18 | ETA=09:04:16 | estimated_finish=2026-06-17 16:44:40
Epoch 530/1000 finished | loss=0.517408 | cnn_loss=0.486947 | gnn_loss=0.030462 | lr=0.00050686 | epoch_time=00:01:04 | elapsed=10:12:22 | ETA=09:03:03 | estimated_finish=2026-06-17 16:44:31
Quick validation epoch=530 | pseudo_dice=0.596078 | val_time=00:00:23
Epoch 531/1000 finished | loss=0.529157 | cnn_loss=0.497840 | gnn_loss=0.031317 | lr=0.000505889 | epoch_time=00:01:03 | elapsed=10:13:49 | ETA=09:02:09 | estimated_finish=2026-06-17 16:45:05
Epoch 532/1000 finished | loss=0.558920 | cnn_loss=0.525019 | gnn_loss=0.033901 | lr=0.000504918 | epoch_time=00:01:03 | elapsed=10:14:53 | ETA=09:00:55 | estimated_finish=2026-06-17 16:44:54
Epoch 533/1000 finished | loss=0.504380 | cnn_loss=0.472631 | gnn_loss=0.031748 | lr=0.000503947 | epoch_time=00:01:02 | elapsed=10:15:55 | ETA=08:59:39 | estimated_finish=2026-06-17 16:44:40
Epoch 534/1000 finished | loss=0.533427 | cnn_loss=0.501340 | gnn_loss=0.032087 | lr=0.000502976 | epoch_time=00:01:04 | elapsed=10:16:59 | ETA=08:58:25 | estimated_finish=2026-06-17 16:44:31
Epoch 535/1000 finished | loss=0.505737 | cnn_loss=0.474487 | gnn_loss=0.031250 | lr=0.000502005 | epoch_time=00:01:03 | elapsed=10:18:03 | ETA=08:57:11 | estimated_finish=2026-06-17 16:44:19
Quick validation epoch=535 | pseudo_dice=0.638171 | val_time=00:00:23
Epoch 536/1000 finished | loss=0.501175 | cnn_loss=0.473495 | gnn_loss=0.027680 | lr=0.000501033 | epoch_time=00:01:03 | elapsed=10:19:29 | ETA=08:56:16 | estimated_finish=2026-06-17 16:44:52
Epoch 537/1000 finished | loss=0.544601 | cnn_loss=0.513024 | gnn_loss=0.031576 | lr=0.000500061 | epoch_time=00:01:02 | elapsed=10:20:32 | ETA=08:55:01 | estimated_finish=2026-06-17 16:44:39
Epoch 538/1000 finished | loss=0.510481 | cnn_loss=0.483251 | gnn_loss=0.027230 | lr=0.000499089 | epoch_time=00:01:05 | elapsed=10:21:38 | ETA=08:53:49 | estimated_finish=2026-06-17 16:44:32
Epoch 539/1000 finished | loss=0.535294 | cnn_loss=0.502180 | gnn_loss=0.033114 | lr=0.000498116 | epoch_time=00:01:02 | elapsed=10:22:40 | ETA=08:52:34 | estimated_finish=2026-06-17 16:44:20
Epoch 540/1000 finished | loss=0.547980 | cnn_loss=0.511849 | gnn_loss=0.036131 | lr=0.000497144 | epoch_time=00:01:02 | elapsed=10:23:43 | ETA=08:51:19 | estimated_finish=2026-06-17 16:44:09
Quick validation epoch=540 | pseudo_dice=0.538984 | val_time=00:00:23
Epoch 541/1000 finished | loss=0.503830 | cnn_loss=0.472890 | gnn_loss=0.030940 | lr=0.000496171 | epoch_time=00:01:04 | elapsed=10:25:11 | ETA=08:50:25 | estimated_finish=2026-06-17 16:44:42
Epoch 542/1000 finished | loss=0.527085 | cnn_loss=0.496871 | gnn_loss=0.030213 | lr=0.000495198 | epoch_time=00:01:04 | elapsed=10:26:16 | ETA=08:49:12 | estimated_finish=2026-06-17 16:44:34
Epoch 543/1000 finished | loss=0.547876 | cnn_loss=0.512848 | gnn_loss=0.035028 | lr=0.000494225 | epoch_time=00:01:03 | elapsed=10:27:19 | ETA=08:47:58 | estimated_finish=2026-06-17 16:44:24
Epoch 544/1000 finished | loss=0.490617 | cnn_loss=0.461434 | gnn_loss=0.029183 | lr=0.000493251 | epoch_time=00:01:03 | elapsed=10:28:23 | ETA=08:46:44 | estimated_finish=2026-06-17 16:44:13
Epoch 545/1000 finished | loss=0.525298 | cnn_loss=0.498460 | gnn_loss=0.026838 | lr=0.000492278 | epoch_time=00:01:02 | elapsed=10:29:26 | ETA=08:45:29 | estimated_finish=2026-06-17 16:44:01
Quick validation epoch=545 | pseudo_dice=0.494189 | val_time=00:00:23
Epoch 546/1000 finished | loss=0.510831 | cnn_loss=0.483039 | gnn_loss=0.027793 | lr=0.000491304 | epoch_time=00:01:03 | elapsed=10:30:53 | ETA=08:44:34 | estimated_finish=2026-06-17 16:44:33
Epoch 547/1000 finished | loss=0.522014 | cnn_loss=0.486847 | gnn_loss=0.035167 | lr=0.00049033 | epoch_time=00:01:05 | elapsed=10:31:58 | ETA=08:43:22 | estimated_finish=2026-06-17 16:44:26
Epoch 548/1000 finished | loss=0.503029 | cnn_loss=0.474690 | gnn_loss=0.028339 | lr=0.000489356 | epoch_time=00:01:03 | elapsed=10:33:02 | ETA=08:42:08 | estimated_finish=2026-06-17 16:44:16
Epoch 549/1000 finished | loss=0.518729 | cnn_loss=0.488407 | gnn_loss=0.030322 | lr=0.000488381 | epoch_time=00:01:03 | elapsed=10:34:05 | ETA=08:40:54 | estimated_finish=2026-06-17 16:44:05
Epoch 550/1000 finished | loss=0.515332 | cnn_loss=0.482871 | gnn_loss=0.032461 | lr=0.000487406 | epoch_time=00:01:04 | elapsed=10:35:10 | ETA=08:39:40 | estimated_finish=2026-06-17 16:43:56
Quick validation epoch=550 | pseudo_dice=0.544803 | val_time=00:00:23
Epoch 551/1000 finished | loss=0.519238 | cnn_loss=0.485806 | gnn_loss=0.033432 | lr=0.000486432 | epoch_time=00:01:04 | elapsed=10:36:38 | ETA=08:38:46 | estimated_finish=2026-06-17 16:44:30
Epoch 552/1000 finished | loss=0.486438 | cnn_loss=0.454926 | gnn_loss=0.031512 | lr=0.000485456 | epoch_time=00:01:03 | elapsed=10:37:41 | ETA=08:37:33 | estimated_finish=2026-06-17 16:44:20
Epoch 553/1000 finished | loss=0.519865 | cnn_loss=0.489034 | gnn_loss=0.030831 | lr=0.000484481 | epoch_time=00:01:02 | elapsed=10:38:44 | ETA=08:36:18 | estimated_finish=2026-06-17 16:44:08
Epoch 554/1000 finished | loss=0.485550 | cnn_loss=0.460383 | gnn_loss=0.025167 | lr=0.000483505 | epoch_time=00:01:03 | elapsed=10:39:48 | ETA=08:35:04 | estimated_finish=2026-06-17 16:43:58
Epoch 555/1000 finished | loss=0.520494 | cnn_loss=0.492176 | gnn_loss=0.028318 | lr=0.00048253 | epoch_time=00:01:06 | elapsed=10:40:54 | ETA=08:33:52 | estimated_finish=2026-06-17 16:43:52
Quick validation epoch=555 | pseudo_dice=0.603110 | val_time=00:00:23
Epoch 556/1000 finished | loss=0.508519 | cnn_loss=0.478973 | gnn_loss=0.029546 | lr=0.000481554 | epoch_time=00:01:05 | elapsed=10:42:23 | ETA=08:32:58 | estimated_finish=2026-06-17 16:44:27
Epoch 557/1000 finished | loss=0.511504 | cnn_loss=0.478050 | gnn_loss=0.033454 | lr=0.000480577 | epoch_time=00:01:03 | elapsed=10:43:26 | ETA=08:31:44 | estimated_finish=2026-06-17 16:44:16
Epoch 558/1000 finished | loss=0.523425 | cnn_loss=0.487491 | gnn_loss=0.035934 | lr=0.000479601 | epoch_time=00:01:02 | elapsed=10:44:29 | ETA=08:30:30 | estimated_finish=2026-06-17 16:44:05
Epoch 559/1000 finished | loss=0.528922 | cnn_loss=0.499890 | gnn_loss=0.029032 | lr=0.000478624 | epoch_time=00:01:01 | elapsed=10:45:30 | ETA=08:29:15 | estimated_finish=2026-06-17 16:43:51
Epoch 560/1000 finished | loss=0.477513 | cnn_loss=0.450766 | gnn_loss=0.026747 | lr=0.000477647 | epoch_time=00:01:03 | elapsed=10:46:34 | ETA=08:28:01 | estimated_finish=2026-06-17 16:43:41
Quick validation epoch=560 | pseudo_dice=0.594676 | val_time=00:00:23
Epoch 561/1000 finished | loss=0.482958 | cnn_loss=0.449618 | gnn_loss=0.033339 | lr=0.00047667 | epoch_time=00:01:04 | elapsed=10:48:02 | ETA=08:27:06 | estimated_finish=2026-06-17 16:44:14
Epoch 562/1000 finished | loss=0.509095 | cnn_loss=0.477264 | gnn_loss=0.031831 | lr=0.000475693 | epoch_time=00:01:01 | elapsed=10:49:04 | ETA=08:25:51 | estimated_finish=2026-06-17 16:44:01
Epoch 563/1000 finished | loss=0.529957 | cnn_loss=0.501269 | gnn_loss=0.028688 | lr=0.000474715 | epoch_time=00:01:02 | elapsed=10:50:06 | ETA=08:24:37 | estimated_finish=2026-06-17 16:43:49
Epoch 564/1000 finished | loss=0.466514 | cnn_loss=0.439317 | gnn_loss=0.027198 | lr=0.000473738 | epoch_time=00:01:03 | elapsed=10:51:10 | ETA=08:23:23 | estimated_finish=2026-06-17 16:43:38
Epoch 565/1000 finished | loss=0.503824 | cnn_loss=0.472719 | gnn_loss=0.031105 | lr=0.00047276 | epoch_time=00:01:03 | elapsed=10:52:13 | ETA=08:22:09 | estimated_finish=2026-06-17 16:43:28
Quick validation epoch=565 | pseudo_dice=0.688387 | val_time=00:00:23
Epoch 566/1000 finished | loss=0.537419 | cnn_loss=0.502768 | gnn_loss=0.034651 | lr=0.000471781 | epoch_time=00:01:03 | elapsed=10:53:39 | ETA=08:21:13 | estimated_finish=2026-06-17 16:43:58
Epoch 567/1000 finished | loss=0.534344 | cnn_loss=0.501844 | gnn_loss=0.032501 | lr=0.000470803 | epoch_time=00:01:02 | elapsed=10:54:42 | ETA=08:19:58 | estimated_finish=2026-06-17 16:43:46
Epoch 568/1000 finished | loss=0.488474 | cnn_loss=0.458146 | gnn_loss=0.030328 | lr=0.000469824 | epoch_time=00:01:03 | elapsed=10:55:45 | ETA=08:18:45 | estimated_finish=2026-06-17 16:43:36
Epoch 569/1000 finished | loss=0.544544 | cnn_loss=0.511903 | gnn_loss=0.032641 | lr=0.000468845 | epoch_time=00:01:04 | elapsed=10:56:50 | ETA=08:17:32 | estimated_finish=2026-06-17 16:43:28
Epoch 570/1000 finished | loss=0.503624 | cnn_loss=0.471091 | gnn_loss=0.032532 | lr=0.000467866 | epoch_time=00:01:05 | elapsed=10:57:55 | ETA=08:16:19 | estimated_finish=2026-06-17 16:43:20
Quick validation epoch=570 | pseudo_dice=0.581673 | val_time=00:00:23
Epoch 571/1000 finished | loss=0.528799 | cnn_loss=0.498049 | gnn_loss=0.030749 | lr=0.000466887 | epoch_time=00:01:03 | elapsed=10:59:22 | ETA=08:15:23 | estimated_finish=2026-06-17 16:43:51
Epoch 572/1000 finished | loss=0.485510 | cnn_loss=0.452165 | gnn_loss=0.033345 | lr=0.000465907 | epoch_time=00:01:02 | elapsed=11:00:25 | ETA=08:14:09 | estimated_finish=2026-06-17 16:43:40
Epoch 573/1000 finished | loss=0.474089 | cnn_loss=0.447155 | gnn_loss=0.026934 | lr=0.000464927 | epoch_time=00:01:03 | elapsed=11:01:28 | ETA=08:12:56 | estimated_finish=2026-06-17 16:43:30
Epoch 574/1000 finished | loss=0.519882 | cnn_loss=0.489790 | gnn_loss=0.030091 | lr=0.000463947 | epoch_time=00:01:03 | elapsed=11:02:32 | ETA=08:11:42 | estimated_finish=2026-06-17 16:43:20
Epoch 575/1000 finished | loss=0.465317 | cnn_loss=0.433819 | gnn_loss=0.031498 | lr=0.000462967 | epoch_time=00:01:03 | elapsed=11:03:36 | ETA=08:10:29 | estimated_finish=2026-06-17 16:43:11
Quick validation epoch=575 | pseudo_dice=0.591717 | val_time=00:00:23
Epoch 576/1000 finished | loss=0.525216 | cnn_loss=0.494350 | gnn_loss=0.030865 | lr=0.000461986 | epoch_time=00:01:03 | elapsed=11:05:02 | ETA=08:09:32 | estimated_finish=2026-06-17 16:43:41
Epoch 577/1000 finished | loss=0.535799 | cnn_loss=0.506153 | gnn_loss=0.029645 | lr=0.000461006 | epoch_time=00:01:02 | elapsed=11:06:05 | ETA=08:08:18 | estimated_finish=2026-06-17 16:43:29
Epoch 578/1000 finished | loss=0.494405 | cnn_loss=0.462992 | gnn_loss=0.031414 | lr=0.000460025 | epoch_time=00:01:02 | elapsed=11:07:08 | ETA=08:07:05 | estimated_finish=2026-06-17 16:43:19
Epoch 579/1000 finished | loss=0.510350 | cnn_loss=0.480159 | gnn_loss=0.030191 | lr=0.000459044 | epoch_time=00:01:03 | elapsed=11:08:11 | ETA=08:05:51 | estimated_finish=2026-06-17 16:43:09
Epoch 580/1000 finished | loss=0.511490 | cnn_loss=0.481863 | gnn_loss=0.029627 | lr=0.000458062 | epoch_time=00:01:02 | elapsed=11:09:14 | ETA=08:04:37 | estimated_finish=2026-06-17 16:42:57
Quick validation epoch=580 | pseudo_dice=0.590974 | val_time=00:00:23
Epoch 581/1000 finished | loss=0.506602 | cnn_loss=0.477765 | gnn_loss=0.028837 | lr=0.00045708 | epoch_time=00:01:03 | elapsed=11:10:41 | ETA=08:03:40 | estimated_finish=2026-06-17 16:43:27
Epoch 582/1000 finished | loss=0.501860 | cnn_loss=0.470693 | gnn_loss=0.031167 | lr=0.000456099 | epoch_time=00:01:03 | elapsed=11:11:44 | ETA=08:02:27 | estimated_finish=2026-06-17 16:43:17
Epoch 583/1000 finished | loss=0.499145 | cnn_loss=0.470262 | gnn_loss=0.028883 | lr=0.000455116 | epoch_time=00:01:03 | elapsed=11:12:47 | ETA=08:01:13 | estimated_finish=2026-06-17 16:43:07
Epoch 584/1000 finished | loss=0.548240 | cnn_loss=0.516978 | gnn_loss=0.031261 | lr=0.000454134 | epoch_time=00:01:03 | elapsed=11:13:51 | ETA=08:00:00 | estimated_finish=2026-06-17 16:42:57
Epoch 585/1000 finished | loss=0.524555 | cnn_loss=0.495542 | gnn_loss=0.029013 | lr=0.000453151 | epoch_time=00:01:03 | elapsed=11:14:55 | ETA=07:58:47 | estimated_finish=2026-06-17 16:42:48
Quick validation epoch=585 | pseudo_dice=0.641380 | val_time=00:00:23
Epoch 586/1000 finished | loss=0.513007 | cnn_loss=0.479153 | gnn_loss=0.033854 | lr=0.000452169 | epoch_time=00:01:02 | elapsed=11:16:21 | ETA=07:57:50 | estimated_finish=2026-06-17 16:43:17
Epoch 587/1000 finished | loss=0.522660 | cnn_loss=0.490778 | gnn_loss=0.031882 | lr=0.000451185 | epoch_time=00:01:03 | elapsed=11:17:25 | ETA=07:56:37 | estimated_finish=2026-06-17 16:43:08
Epoch 588/1000 finished | loss=0.455919 | cnn_loss=0.432035 | gnn_loss=0.023884 | lr=0.000450202 | epoch_time=00:01:03 | elapsed=11:18:28 | ETA=07:55:23 | estimated_finish=2026-06-17 16:42:57
Epoch 589/1000 finished | loss=0.526659 | cnn_loss=0.496667 | gnn_loss=0.029992 | lr=0.000449219 | epoch_time=00:01:03 | elapsed=11:19:31 | ETA=07:54:10 | estimated_finish=2026-06-17 16:42:47
Epoch 590/1000 finished | loss=0.493555 | cnn_loss=0.461997 | gnn_loss=0.031558 | lr=0.000448235 | epoch_time=00:01:04 | elapsed=11:20:36 | ETA=07:52:57 | estimated_finish=2026-06-17 16:42:39
Quick validation epoch=590 | pseudo_dice=0.569004 | val_time=00:00:23
Epoch 591/1000 finished | loss=0.498254 | cnn_loss=0.469219 | gnn_loss=0.029035 | lr=0.000447251 | epoch_time=00:01:03 | elapsed=11:22:03 | ETA=07:52:00 | estimated_finish=2026-06-17 16:43:09
Epoch 592/1000 finished | loss=0.471341 | cnn_loss=0.439142 | gnn_loss=0.032199 | lr=0.000446266 | epoch_time=00:01:03 | elapsed=11:23:06 | ETA=07:50:47 | estimated_finish=2026-06-17 16:42:59
Epoch 593/1000 finished | loss=0.521417 | cnn_loss=0.488124 | gnn_loss=0.033292 | lr=0.000445282 | epoch_time=00:01:04 | elapsed=11:24:11 | ETA=07:49:35 | estimated_finish=2026-06-17 16:42:52
Epoch 594/1000 finished | loss=0.518459 | cnn_loss=0.489495 | gnn_loss=0.028964 | lr=0.000444297 | epoch_time=00:01:05 | elapsed=11:25:16 | ETA=07:48:23 | estimated_finish=2026-06-17 16:42:45
Epoch 595/1000 finished | loss=0.507367 | cnn_loss=0.476946 | gnn_loss=0.030421 | lr=0.000443312 | epoch_time=00:01:03 | elapsed=11:26:20 | ETA=07:47:10 | estimated_finish=2026-06-17 16:42:35
Quick validation epoch=595 | pseudo_dice=0.616765 | val_time=00:00:23
Epoch 596/1000 finished | loss=0.455957 | cnn_loss=0.423700 | gnn_loss=0.032257 | lr=0.000442327 | epoch_time=00:01:04 | elapsed=11:27:47 | ETA=07:46:13 | estimated_finish=2026-06-17 16:43:06
Epoch 597/1000 finished | loss=0.505730 | cnn_loss=0.471805 | gnn_loss=0.033925 | lr=0.000441341 | epoch_time=00:01:03 | elapsed=11:28:50 | ETA=07:45:00 | estimated_finish=2026-06-17 16:42:56
Epoch 598/1000 finished | loss=0.497657 | cnn_loss=0.467193 | gnn_loss=0.030464 | lr=0.000440356 | epoch_time=00:01:03 | elapsed=11:29:54 | ETA=07:43:46 | estimated_finish=2026-06-17 16:42:46
Epoch 599/1000 finished | loss=0.482300 | cnn_loss=0.454959 | gnn_loss=0.027341 | lr=0.00043937 | epoch_time=00:01:03 | elapsed=11:30:57 | ETA=07:42:33 | estimated_finish=2026-06-17 16:42:37
Epoch 600/1000 finished | loss=0.526652 | cnn_loss=0.498297 | gnn_loss=0.028355 | lr=0.000438383 | epoch_time=00:01:01 | elapsed=11:31:59 | ETA=07:41:19 | estimated_finish=2026-06-17 16:42:25
Quick validation epoch=600 | pseudo_dice=0.539232 | val_time=00:00:23
Full validation epoch=600 | mean_dice=0.392942 | val_time=00:00:52
Epoch 601/1000 finished | loss=0.526042 | cnn_loss=0.493813 | gnn_loss=0.032230 | lr=0.000437397 | epoch_time=00:01:03 | elapsed=11:34:20 | ETA=07:40:57 | estimated_finish=2026-06-17 16:44:23
Epoch 602/1000 finished | loss=0.461989 | cnn_loss=0.428282 | gnn_loss=0.033708 | lr=0.00043641 | epoch_time=00:01:03 | elapsed=11:35:24 | ETA=07:39:45 | estimated_finish=2026-06-17 16:44:14
Epoch 603/1000 finished | loss=0.483174 | cnn_loss=0.453427 | gnn_loss=0.029747 | lr=0.000435423 | epoch_time=00:01:04 | elapsed=11:36:29 | ETA=07:38:32 | estimated_finish=2026-06-17 16:44:07
Epoch 604/1000 finished | loss=0.513723 | cnn_loss=0.480676 | gnn_loss=0.033047 | lr=0.000434436 | epoch_time=00:01:02 | elapsed=11:37:32 | ETA=07:37:19 | estimated_finish=2026-06-17 16:43:56
Epoch 605/1000 finished | loss=0.506118 | cnn_loss=0.475040 | gnn_loss=0.031078 | lr=0.000433448 | epoch_time=00:01:03 | elapsed=11:38:36 | ETA=07:36:06 | estimated_finish=2026-06-17 16:43:48
Quick validation epoch=605 | pseudo_dice=0.522724 | val_time=00:00:23
Epoch 606/1000 finished | loss=0.515265 | cnn_loss=0.484041 | gnn_loss=0.031224 | lr=0.000432461 | epoch_time=00:01:03 | elapsed=11:40:02 | ETA=07:35:08 | estimated_finish=2026-06-17 16:44:16
Epoch 607/1000 finished | loss=0.459798 | cnn_loss=0.431980 | gnn_loss=0.027818 | lr=0.000431473 | epoch_time=00:01:03 | elapsed=11:41:06 | ETA=07:33:55 | estimated_finish=2026-06-17 16:44:07
Epoch 608/1000 finished | loss=0.504720 | cnn_loss=0.470831 | gnn_loss=0.033889 | lr=0.000430484 | epoch_time=00:01:03 | elapsed=11:42:09 | ETA=07:32:42 | estimated_finish=2026-06-17 16:43:57
Epoch 609/1000 finished | loss=0.490649 | cnn_loss=0.460622 | gnn_loss=0.030027 | lr=0.000429496 | epoch_time=00:01:03 | elapsed=11:43:13 | ETA=07:31:29 | estimated_finish=2026-06-17 16:43:48
Epoch 610/1000 finished | loss=0.521364 | cnn_loss=0.492667 | gnn_loss=0.028697 | lr=0.000428507 | epoch_time=00:01:04 | elapsed=11:44:18 | ETA=07:30:17 | estimated_finish=2026-06-17 16:43:41
Quick validation epoch=610 | pseudo_dice=0.657641 | val_time=00:00:23
Epoch 611/1000 finished | loss=0.518147 | cnn_loss=0.486921 | gnn_loss=0.031226 | lr=0.000427518 | epoch_time=00:01:02 | elapsed=11:45:44 | ETA=07:29:18 | estimated_finish=2026-06-17 16:44:08
Epoch 612/1000 finished | loss=0.521728 | cnn_loss=0.489166 | gnn_loss=0.032562 | lr=0.000426529 | epoch_time=00:01:03 | elapsed=11:46:47 | ETA=07:28:05 | estimated_finish=2026-06-17 16:43:59
Epoch 613/1000 finished | loss=0.477802 | cnn_loss=0.447567 | gnn_loss=0.030235 | lr=0.000425539 | epoch_time=00:01:03 | elapsed=11:47:51 | ETA=07:26:53 | estimated_finish=2026-06-17 16:43:50
Epoch 614/1000 finished | loss=0.492786 | cnn_loss=0.460489 | gnn_loss=0.032297 | lr=0.00042455 | epoch_time=00:01:03 | elapsed=11:48:55 | ETA=07:25:40 | estimated_finish=2026-06-17 16:43:41
Epoch 615/1000 finished | loss=0.455841 | cnn_loss=0.430128 | gnn_loss=0.025713 | lr=0.00042356 | epoch_time=00:01:03 | elapsed=11:49:58 | ETA=07:24:27 | estimated_finish=2026-06-17 16:43:31
Quick validation epoch=615 | pseudo_dice=0.612785 | val_time=00:00:23
Epoch 616/1000 finished | loss=0.474564 | cnn_loss=0.445016 | gnn_loss=0.029548 | lr=0.000422569 | epoch_time=00:01:03 | elapsed=11:51:25 | ETA=07:23:29 | estimated_finish=2026-06-17 16:44:00
Epoch 617/1000 finished | loss=0.511702 | cnn_loss=0.479641 | gnn_loss=0.032061 | lr=0.000421579 | epoch_time=00:01:05 | elapsed=11:52:31 | ETA=07:22:17 | estimated_finish=2026-06-17 16:43:54
Epoch 618/1000 finished | loss=0.476825 | cnn_loss=0.448636 | gnn_loss=0.028189 | lr=0.000420588 | epoch_time=00:01:04 | elapsed=11:53:35 | ETA=07:21:05 | estimated_finish=2026-06-17 16:43:46
Epoch 619/1000 finished | loss=0.508082 | cnn_loss=0.471713 | gnn_loss=0.036369 | lr=0.000419597 | epoch_time=00:01:02 | elapsed=11:54:38 | ETA=07:19:52 | estimated_finish=2026-06-17 16:43:36
Epoch 620/1000 finished | loss=0.557296 | cnn_loss=0.523147 | gnn_loss=0.034149 | lr=0.000418606 | epoch_time=00:01:02 | elapsed=11:55:41 | ETA=07:18:38 | estimated_finish=2026-06-17 16:43:25
Quick validation epoch=620 | pseudo_dice=0.570873 | val_time=00:00:23
Epoch 621/1000 finished | loss=0.526390 | cnn_loss=0.494026 | gnn_loss=0.032364 | lr=0.000417614 | epoch_time=00:01:03 | elapsed=11:57:08 | ETA=07:17:40 | estimated_finish=2026-06-17 16:43:54
Epoch 622/1000 finished | loss=0.495925 | cnn_loss=0.464821 | gnn_loss=0.031103 | lr=0.000416622 | epoch_time=00:01:02 | elapsed=11:58:11 | ETA=07:16:27 | estimated_finish=2026-06-17 16:43:43
Epoch 623/1000 finished | loss=0.498349 | cnn_loss=0.469484 | gnn_loss=0.028865 | lr=0.00041563 | epoch_time=00:01:05 | elapsed=11:59:16 | ETA=07:15:15 | estimated_finish=2026-06-17 16:43:37
Epoch 624/1000 finished | loss=0.491027 | cnn_loss=0.459731 | gnn_loss=0.031296 | lr=0.000414638 | epoch_time=00:01:05 | elapsed=12:00:22 | ETA=07:14:04 | estimated_finish=2026-06-17 16:43:31
Epoch 625/1000 finished | loss=0.483990 | cnn_loss=0.454631 | gnn_loss=0.029359 | lr=0.000413645 | epoch_time=00:01:03 | elapsed=12:01:25 | ETA=07:12:51 | estimated_finish=2026-06-17 16:43:21
Quick validation epoch=625 | pseudo_dice=0.625398 | val_time=00:00:23
Epoch 626/1000 finished | loss=0.507484 | cnn_loss=0.477999 | gnn_loss=0.029484 | lr=0.000412652 | epoch_time=00:01:02 | elapsed=12:02:51 | ETA=07:11:52 | estimated_finish=2026-06-17 16:43:49
Epoch 627/1000 finished | loss=0.473545 | cnn_loss=0.445148 | gnn_loss=0.028397 | lr=0.000411659 | epoch_time=00:01:04 | elapsed=12:03:55 | ETA=07:10:39 | estimated_finish=2026-06-17 16:43:41
Epoch 628/1000 finished | loss=0.489343 | cnn_loss=0.457826 | gnn_loss=0.031517 | lr=0.000410666 | epoch_time=00:01:04 | elapsed=12:04:59 | ETA=07:09:27 | estimated_finish=2026-06-17 16:43:33
Epoch 629/1000 finished | loss=0.477781 | cnn_loss=0.446668 | gnn_loss=0.031112 | lr=0.000409672 | epoch_time=00:01:03 | elapsed=12:06:03 | ETA=07:08:14 | estimated_finish=2026-06-17 16:43:24
Epoch 630/1000 finished | loss=0.491441 | cnn_loss=0.462224 | gnn_loss=0.029217 | lr=0.000408678 | epoch_time=00:01:02 | elapsed=12:07:06 | ETA=07:07:02 | estimated_finish=2026-06-17 16:43:14
Quick validation epoch=630 | pseudo_dice=0.633692 | val_time=00:00:23
Epoch 631/1000 finished | loss=0.509170 | cnn_loss=0.478391 | gnn_loss=0.030779 | lr=0.000407684 | epoch_time=00:01:02 | elapsed=12:08:32 | ETA=07:06:02 | estimated_finish=2026-06-17 16:43:41
Epoch 632/1000 finished | loss=0.499910 | cnn_loss=0.471178 | gnn_loss=0.028732 | lr=0.00040669 | epoch_time=00:01:02 | elapsed=12:09:35 | ETA=07:04:49 | estimated_finish=2026-06-17 16:43:31
Epoch 633/1000 finished | loss=0.455734 | cnn_loss=0.427380 | gnn_loss=0.028354 | lr=0.000405695 | epoch_time=00:01:02 | elapsed=12:10:38 | ETA=07:03:36 | estimated_finish=2026-06-17 16:43:20
Epoch 634/1000 finished | loss=0.494955 | cnn_loss=0.466182 | gnn_loss=0.028774 | lr=0.0004047 | epoch_time=00:01:02 | elapsed=12:11:40 | ETA=07:02:23 | estimated_finish=2026-06-17 16:43:09
Epoch 635/1000 finished | loss=0.490107 | cnn_loss=0.459899 | gnn_loss=0.030209 | lr=0.000403704 | epoch_time=00:01:02 | elapsed=12:12:43 | ETA=07:01:10 | estimated_finish=2026-06-17 16:42:59
Quick validation epoch=635 | pseudo_dice=0.621784 | val_time=00:00:23
Epoch 636/1000 finished | loss=0.489911 | cnn_loss=0.457405 | gnn_loss=0.032506 | lr=0.000402709 | epoch_time=00:01:02 | elapsed=12:14:09 | ETA=07:00:10 | estimated_finish=2026-06-17 16:43:25
Epoch 637/1000 finished | loss=0.510231 | cnn_loss=0.481415 | gnn_loss=0.028816 | lr=0.000401713 | epoch_time=00:01:04 | elapsed=12:15:13 | ETA=06:58:58 | estimated_finish=2026-06-17 16:43:17
Epoch 638/1000 finished | loss=0.536947 | cnn_loss=0.501887 | gnn_loss=0.035060 | lr=0.000400717 | epoch_time=00:01:03 | elapsed=12:16:16 | ETA=06:57:45 | estimated_finish=2026-06-17 16:43:08
Epoch 639/1000 finished | loss=0.523262 | cnn_loss=0.493703 | gnn_loss=0.029559 | lr=0.000399721 | epoch_time=00:01:03 | elapsed=12:17:20 | ETA=06:56:33 | estimated_finish=2026-06-17 16:42:59
Epoch 640/1000 finished | loss=0.511607 | cnn_loss=0.482598 | gnn_loss=0.029009 | lr=0.000398724 | epoch_time=00:01:04 | elapsed=12:18:25 | ETA=06:55:21 | estimated_finish=2026-06-17 16:42:52
Quick validation epoch=640 | pseudo_dice=0.561810 | val_time=00:00:23
Epoch 641/1000 finished | loss=0.494115 | cnn_loss=0.459744 | gnn_loss=0.034372 | lr=0.000397727 | epoch_time=00:01:03 | elapsed=12:19:52 | ETA=06:54:22 | estimated_finish=2026-06-17 16:43:19
Epoch 642/1000 finished | loss=0.459679 | cnn_loss=0.428762 | gnn_loss=0.030917 | lr=0.00039673 | epoch_time=00:01:03 | elapsed=12:20:55 | ETA=06:53:09 | estimated_finish=2026-06-17 16:43:11
Epoch 643/1000 finished | loss=0.499562 | cnn_loss=0.468407 | gnn_loss=0.031155 | lr=0.000395732 | epoch_time=00:01:03 | elapsed=12:21:58 | ETA=06:51:57 | estimated_finish=2026-06-17 16:43:01
Epoch 644/1000 finished | loss=0.507535 | cnn_loss=0.476823 | gnn_loss=0.030712 | lr=0.000394734 | epoch_time=00:01:02 | elapsed=12:23:01 | ETA=06:50:44 | estimated_finish=2026-06-17 16:42:51
Epoch 645/1000 finished | loss=0.518781 | cnn_loss=0.484335 | gnn_loss=0.034446 | lr=0.000393736 | epoch_time=00:01:04 | elapsed=12:24:05 | ETA=06:49:32 | estimated_finish=2026-06-17 16:42:43
Quick validation epoch=645 | pseudo_dice=0.569855 | val_time=00:00:23
Epoch 646/1000 finished | loss=0.472498 | cnn_loss=0.442311 | gnn_loss=0.030187 | lr=0.000392738 | epoch_time=00:01:03 | elapsed=12:25:32 | ETA=06:48:32 | estimated_finish=2026-06-17 16:43:10
Epoch 647/1000 finished | loss=0.481190 | cnn_loss=0.452380 | gnn_loss=0.028810 | lr=0.000391739 | epoch_time=00:01:03 | elapsed=12:26:35 | ETA=06:47:20 | estimated_finish=2026-06-17 16:43:00
Epoch 648/1000 finished | loss=0.502986 | cnn_loss=0.469279 | gnn_loss=0.033707 | lr=0.00039074 | epoch_time=00:01:03 | elapsed=12:27:39 | ETA=06:46:07 | estimated_finish=2026-06-17 16:42:52
Epoch 649/1000 finished | loss=0.513551 | cnn_loss=0.483054 | gnn_loss=0.030497 | lr=0.000389741 | epoch_time=00:01:03 | elapsed=12:28:42 | ETA=06:44:55 | estimated_finish=2026-06-17 16:42:43
Epoch 650/1000 finished | loss=0.548026 | cnn_loss=0.512060 | gnn_loss=0.035966 | lr=0.000388742 | epoch_time=00:01:03 | elapsed=12:29:46 | ETA=06:43:43 | estimated_finish=2026-06-17 16:42:34
Quick validation epoch=650 | pseudo_dice=0.536528 | val_time=00:00:23
Epoch 651/1000 finished | loss=0.527542 | cnn_loss=0.496283 | gnn_loss=0.031259 | lr=0.000387742 | epoch_time=00:01:04 | elapsed=12:31:13 | ETA=06:42:43 | estimated_finish=2026-06-17 16:43:03
Epoch 652/1000 finished | loss=0.483081 | cnn_loss=0.454921 | gnn_loss=0.028160 | lr=0.000386742 | epoch_time=00:01:05 | elapsed=12:32:18 | ETA=06:41:32 | estimated_finish=2026-06-17 16:42:57
Epoch 653/1000 finished | loss=0.501467 | cnn_loss=0.472575 | gnn_loss=0.028892 | lr=0.000385742 | epoch_time=00:01:04 | elapsed=12:33:23 | ETA=06:40:20 | estimated_finish=2026-06-17 16:42:50
Epoch 654/1000 finished | loss=0.479957 | cnn_loss=0.448199 | gnn_loss=0.031758 | lr=0.000384741 | epoch_time=00:01:03 | elapsed=12:34:26 | ETA=06:39:08 | estimated_finish=2026-06-17 16:42:40
Epoch 655/1000 finished | loss=0.511775 | cnn_loss=0.478862 | gnn_loss=0.032912 | lr=0.00038374 | epoch_time=00:01:03 | elapsed=12:35:30 | ETA=06:37:56 | estimated_finish=2026-06-17 16:42:32
Quick validation epoch=655 | pseudo_dice=0.552903 | val_time=00:00:23
Epoch 656/1000 finished | loss=0.497135 | cnn_loss=0.470336 | gnn_loss=0.026799 | lr=0.000382739 | epoch_time=00:01:01 | elapsed=12:36:55 | ETA=06:36:55 | estimated_finish=2026-06-17 16:42:56
Epoch 657/1000 finished | loss=0.468470 | cnn_loss=0.437415 | gnn_loss=0.031055 | lr=0.000381737 | epoch_time=00:01:02 | elapsed=12:37:58 | ETA=06:35:42 | estimated_finish=2026-06-17 16:42:46
Epoch 658/1000 finished | loss=0.497595 | cnn_loss=0.461855 | gnn_loss=0.035740 | lr=0.000380736 | epoch_time=00:01:05 | elapsed=12:39:03 | ETA=06:34:31 | estimated_finish=2026-06-17 16:42:40
Epoch 659/1000 finished | loss=0.504821 | cnn_loss=0.477345 | gnn_loss=0.027476 | lr=0.000379734 | epoch_time=00:01:05 | elapsed=12:40:09 | ETA=06:33:20 | estimated_finish=2026-06-17 16:42:35
Epoch 660/1000 finished | loss=0.499553 | cnn_loss=0.468692 | gnn_loss=0.030861 | lr=0.000378731 | epoch_time=00:01:02 | elapsed=12:41:11 | ETA=06:32:07 | estimated_finish=2026-06-17 16:42:24
Quick validation epoch=660 | pseudo_dice=0.618401 | val_time=00:00:23
Epoch 661/1000 finished | loss=0.501637 | cnn_loss=0.467300 | gnn_loss=0.034336 | lr=0.000377728 | epoch_time=00:01:03 | elapsed=12:42:38 | ETA=06:31:07 | estimated_finish=2026-06-17 16:42:52
Epoch 662/1000 finished | loss=0.487820 | cnn_loss=0.459216 | gnn_loss=0.028604 | lr=0.000376726 | epoch_time=00:01:03 | elapsed=12:43:41 | ETA=06:29:55 | estimated_finish=2026-06-17 16:42:42
Epoch 663/1000 finished | loss=0.483587 | cnn_loss=0.455454 | gnn_loss=0.028134 | lr=0.000375722 | epoch_time=00:01:03 | elapsed=12:44:45 | ETA=06:28:43 | estimated_finish=2026-06-17 16:42:34
Epoch 664/1000 finished | loss=0.473839 | cnn_loss=0.443875 | gnn_loss=0.029964 | lr=0.000374719 | epoch_time=00:01:02 | elapsed=12:45:48 | ETA=06:27:30 | estimated_finish=2026-06-17 16:42:24
Epoch 665/1000 finished | loss=0.512636 | cnn_loss=0.480617 | gnn_loss=0.032019 | lr=0.000373715 | epoch_time=00:01:02 | elapsed=12:46:50 | ETA=06:26:18 | estimated_finish=2026-06-17 16:42:14
Quick validation epoch=665 | pseudo_dice=0.609685 | val_time=00:00:23
Epoch 666/1000 finished | loss=0.466806 | cnn_loss=0.440396 | gnn_loss=0.026410 | lr=0.000372711 | epoch_time=00:01:04 | elapsed=12:48:18 | ETA=06:25:18 | estimated_finish=2026-06-17 16:42:42
Epoch 667/1000 finished | loss=0.480837 | cnn_loss=0.454234 | gnn_loss=0.026603 | lr=0.000371706 | epoch_time=00:01:04 | elapsed=12:49:22 | ETA=06:24:06 | estimated_finish=2026-06-17 16:42:34
Epoch 668/1000 finished | loss=0.438855 | cnn_loss=0.411328 | gnn_loss=0.027527 | lr=0.000370701 | epoch_time=00:01:06 | elapsed=12:50:29 | ETA=06:22:56 | estimated_finish=2026-06-17 16:42:30
Epoch 669/1000 finished | loss=0.510993 | cnn_loss=0.479874 | gnn_loss=0.031119 | lr=0.000369696 | epoch_time=00:01:03 | elapsed=12:51:32 | ETA=06:21:44 | estimated_finish=2026-06-17 16:42:22
Epoch 670/1000 finished | loss=0.475309 | cnn_loss=0.446475 | gnn_loss=0.028834 | lr=0.000368691 | epoch_time=00:01:04 | elapsed=12:52:37 | ETA=06:20:32 | estimated_finish=2026-06-17 16:42:15
Quick validation epoch=670 | pseudo_dice=0.519897 | val_time=00:00:23
Epoch 671/1000 finished | loss=0.441081 | cnn_loss=0.408803 | gnn_loss=0.032278 | lr=0.000367685 | epoch_time=00:01:05 | elapsed=12:54:06 | ETA=06:19:33 | estimated_finish=2026-06-17 16:42:44
Epoch 672/1000 finished | loss=0.496669 | cnn_loss=0.464164 | gnn_loss=0.032505 | lr=0.000366679 | epoch_time=00:01:04 | elapsed=12:55:10 | ETA=06:18:21 | estimated_finish=2026-06-17 16:42:37
Epoch 673/1000 finished | loss=0.500659 | cnn_loss=0.472380 | gnn_loss=0.028279 | lr=0.000365673 | epoch_time=00:01:03 | elapsed=12:56:13 | ETA=06:17:09 | estimated_finish=2026-06-17 16:42:29
Epoch 674/1000 finished | loss=0.485247 | cnn_loss=0.456061 | gnn_loss=0.029186 | lr=0.000364666 | epoch_time=00:01:04 | elapsed=12:57:18 | ETA=06:15:57 | estimated_finish=2026-06-17 16:42:21
Epoch 675/1000 finished | loss=0.503711 | cnn_loss=0.472376 | gnn_loss=0.031335 | lr=0.00036366 | epoch_time=00:01:02 | elapsed=12:58:21 | ETA=06:14:45 | estimated_finish=2026-06-17 16:42:12
Quick validation epoch=675 | pseudo_dice=0.619250 | val_time=00:00:23
Epoch 676/1000 finished | loss=0.502731 | cnn_loss=0.473839 | gnn_loss=0.028892 | lr=0.000362652 | epoch_time=00:01:03 | elapsed=12:59:48 | ETA=06:13:45 | estimated_finish=2026-06-17 16:42:39
Epoch 677/1000 finished | loss=0.518729 | cnn_loss=0.488673 | gnn_loss=0.030057 | lr=0.000361645 | epoch_time=00:01:03 | elapsed=13:00:52 | ETA=06:12:33 | estimated_finish=2026-06-17 16:42:31
Epoch 678/1000 finished | loss=0.501200 | cnn_loss=0.472643 | gnn_loss=0.028557 | lr=0.000360637 | epoch_time=00:01:05 | elapsed=13:01:58 | ETA=06:11:22 | estimated_finish=2026-06-17 16:42:26
Epoch 679/1000 finished | loss=0.490751 | cnn_loss=0.461463 | gnn_loss=0.029288 | lr=0.000359629 | epoch_time=00:01:04 | elapsed=13:03:03 | ETA=06:10:11 | estimated_finish=2026-06-17 16:42:20
Epoch 680/1000 finished | loss=0.506613 | cnn_loss=0.474072 | gnn_loss=0.032542 | lr=0.00035862 | epoch_time=00:01:02 | elapsed=13:04:05 | ETA=06:08:59 | estimated_finish=2026-06-17 16:42:10
Quick validation epoch=680 | pseudo_dice=0.584273 | val_time=00:00:23
Epoch 681/1000 finished | loss=0.490343 | cnn_loss=0.458265 | gnn_loss=0.032078 | lr=0.000357612 | epoch_time=00:01:04 | elapsed=13:05:33 | ETA=06:07:58 | estimated_finish=2026-06-17 16:42:38
Epoch 682/1000 finished | loss=0.458465 | cnn_loss=0.430499 | gnn_loss=0.027966 | lr=0.000356603 | epoch_time=00:01:04 | elapsed=13:06:38 | ETA=06:06:47 | estimated_finish=2026-06-17 16:42:31
Epoch 683/1000 finished | loss=0.525839 | cnn_loss=0.494533 | gnn_loss=0.031306 | lr=0.000355593 | epoch_time=00:01:01 | elapsed=13:07:40 | ETA=06:05:34 | estimated_finish=2026-06-17 16:42:20
Epoch 684/1000 finished | loss=0.502945 | cnn_loss=0.473497 | gnn_loss=0.029448 | lr=0.000354583 | epoch_time=00:01:04 | elapsed=13:08:44 | ETA=06:04:23 | estimated_finish=2026-06-17 16:42:14
Epoch 685/1000 finished | loss=0.483175 | cnn_loss=0.451734 | gnn_loss=0.031441 | lr=0.000353573 | epoch_time=00:01:05 | elapsed=13:09:50 | ETA=06:03:12 | estimated_finish=2026-06-17 16:42:08
Quick validation epoch=685 | pseudo_dice=0.582087 | val_time=00:00:23
Epoch 686/1000 finished | loss=0.506983 | cnn_loss=0.472100 | gnn_loss=0.034883 | lr=0.000352563 | epoch_time=00:01:03 | elapsed=13:11:16 | ETA=06:02:11 | estimated_finish=2026-06-17 16:42:33
Epoch 687/1000 finished | loss=0.478850 | cnn_loss=0.452335 | gnn_loss=0.026515 | lr=0.000351552 | epoch_time=00:01:03 | elapsed=13:12:20 | ETA=06:00:59 | estimated_finish=2026-06-17 16:42:26
Epoch 688/1000 finished | loss=0.481781 | cnn_loss=0.447814 | gnn_loss=0.033967 | lr=0.000350541 | epoch_time=00:01:05 | elapsed=13:13:25 | ETA=05:59:48 | estimated_finish=2026-06-17 16:42:20
Epoch 689/1000 finished | loss=0.484561 | cnn_loss=0.453581 | gnn_loss=0.030981 | lr=0.00034953 | epoch_time=00:01:03 | elapsed=13:14:29 | ETA=05:58:36 | estimated_finish=2026-06-17 16:42:11
Epoch 690/1000 finished | loss=0.492245 | cnn_loss=0.461451 | gnn_loss=0.030793 | lr=0.000348518 | epoch_time=00:01:05 | elapsed=13:15:34 | ETA=05:57:25 | estimated_finish=2026-06-17 16:42:05
Quick validation epoch=690 | pseudo_dice=0.508137 | val_time=00:00:23
Epoch 691/1000 finished | loss=0.465155 | cnn_loss=0.434220 | gnn_loss=0.030935 | lr=0.000347506 | epoch_time=00:01:03 | elapsed=13:17:00 | ETA=05:56:24 | estimated_finish=2026-06-17 16:42:30
Epoch 692/1000 finished | loss=0.511754 | cnn_loss=0.478889 | gnn_loss=0.032866 | lr=0.000346494 | epoch_time=00:01:04 | elapsed=13:18:05 | ETA=05:55:13 | estimated_finish=2026-06-17 16:42:24
Epoch 693/1000 finished | loss=0.482481 | cnn_loss=0.450153 | gnn_loss=0.032327 | lr=0.000345481 | epoch_time=00:01:02 | elapsed=13:19:07 | ETA=05:54:00 | estimated_finish=2026-06-17 16:42:14
Epoch 694/1000 finished | loss=0.472166 | cnn_loss=0.441033 | gnn_loss=0.031133 | lr=0.000344468 | epoch_time=00:01:02 | elapsed=13:20:10 | ETA=05:52:48 | estimated_finish=2026-06-17 16:42:04
Epoch 695/1000 finished | loss=0.515765 | cnn_loss=0.481201 | gnn_loss=0.034564 | lr=0.000343455 | epoch_time=00:01:03 | elapsed=13:21:13 | ETA=05:51:37 | estimated_finish=2026-06-17 16:41:56
Quick validation epoch=695 | pseudo_dice=0.728405 | val_time=00:00:23
New best model saved by quick validation | pseudo_dice=0.728405 | epoch=695
Epoch 696/1000 finished | loss=0.490435 | cnn_loss=0.461065 | gnn_loss=0.029370 | lr=0.000342441 | epoch_time=00:01:03 | elapsed=13:22:40 | ETA=05:50:35 | estimated_finish=2026-06-17 16:42:22
Epoch 697/1000 finished | loss=0.536128 | cnn_loss=0.506274 | gnn_loss=0.029855 | lr=0.000341427 | epoch_time=00:01:03 | elapsed=13:23:44 | ETA=05:49:24 | estimated_finish=2026-06-17 16:42:14
Epoch 698/1000 finished | loss=0.482571 | cnn_loss=0.457149 | gnn_loss=0.025421 | lr=0.000340413 | epoch_time=00:01:03 | elapsed=13:24:47 | ETA=05:48:12 | estimated_finish=2026-06-17 16:42:05
Epoch 699/1000 finished | loss=0.430761 | cnn_loss=0.402046 | gnn_loss=0.028716 | lr=0.000339398 | epoch_time=00:01:02 | elapsed=13:25:50 | ETA=05:47:00 | estimated_finish=2026-06-17 16:41:55
Epoch 700/1000 finished | loss=0.508655 | cnn_loss=0.479307 | gnn_loss=0.029348 | lr=0.000338383 | epoch_time=00:01:04 | elapsed=13:26:54 | ETA=05:45:49 | estimated_finish=2026-06-17 16:41:49
Quick validation epoch=700 | pseudo_dice=0.588820 | val_time=00:00:24
Full validation epoch=700 | mean_dice=0.397137 | val_time=00:00:53
Epoch 701/1000 finished | loss=0.473171 | cnn_loss=0.444202 | gnn_loss=0.028969 | lr=0.000337368 | epoch_time=00:01:03 | elapsed=13:29:16 | ETA=05:45:10 | estimated_finish=2026-06-17 16:43:33
Epoch 702/1000 finished | loss=0.468513 | cnn_loss=0.440391 | gnn_loss=0.028122 | lr=0.000336352 | epoch_time=00:01:03 | elapsed=13:30:20 | ETA=05:43:59 | estimated_finish=2026-06-17 16:43:25
Epoch 703/1000 finished | loss=0.521121 | cnn_loss=0.486903 | gnn_loss=0.034218 | lr=0.000335336 | epoch_time=00:01:04 | elapsed=13:31:24 | ETA=05:42:47 | estimated_finish=2026-06-17 16:43:18
Epoch 704/1000 finished | loss=0.519425 | cnn_loss=0.485936 | gnn_loss=0.033489 | lr=0.00033432 | epoch_time=00:01:02 | elapsed=13:32:27 | ETA=05:41:36 | estimated_finish=2026-06-17 16:43:08
Epoch 705/1000 finished | loss=0.487143 | cnn_loss=0.458083 | gnn_loss=0.029060 | lr=0.000333303 | epoch_time=00:01:06 | elapsed=13:33:33 | ETA=05:40:25 | estimated_finish=2026-06-17 16:43:04
Quick validation epoch=705 | pseudo_dice=0.652038 | val_time=00:00:23
Epoch 706/1000 finished | loss=0.520259 | cnn_loss=0.487561 | gnn_loss=0.032698 | lr=0.000332286 | epoch_time=00:01:03 | elapsed=13:35:00 | ETA=05:39:23 | estimated_finish=2026-06-17 16:43:29
Epoch 707/1000 finished | loss=0.493062 | cnn_loss=0.461005 | gnn_loss=0.032057 | lr=0.000331269 | epoch_time=00:01:03 | elapsed=13:36:04 | ETA=05:38:12 | estimated_finish=2026-06-17 16:43:22
Epoch 708/1000 finished | loss=0.505053 | cnn_loss=0.473125 | gnn_loss=0.031928 | lr=0.000330251 | epoch_time=00:01:03 | elapsed=13:37:07 | ETA=05:37:00 | estimated_finish=2026-06-17 16:43:13
Epoch 709/1000 finished | loss=0.439365 | cnn_loss=0.412327 | gnn_loss=0.027038 | lr=0.000329233 | epoch_time=00:01:04 | elapsed=13:38:12 | ETA=05:35:49 | estimated_finish=2026-06-17 16:43:06
Epoch 710/1000 finished | loss=0.470460 | cnn_loss=0.441285 | gnn_loss=0.029175 | lr=0.000328215 | epoch_time=00:01:04 | elapsed=13:39:16 | ETA=05:34:37 | estimated_finish=2026-06-17 16:42:59
Quick validation epoch=710 | pseudo_dice=0.632503 | val_time=00:00:23
Epoch 711/1000 finished | loss=0.498163 | cnn_loss=0.469813 | gnn_loss=0.028350 | lr=0.000327196 | epoch_time=00:01:03 | elapsed=13:40:43 | ETA=05:33:35 | estimated_finish=2026-06-17 16:43:24
Epoch 712/1000 finished | loss=0.479613 | cnn_loss=0.445147 | gnn_loss=0.034466 | lr=0.000326177 | epoch_time=00:01:03 | elapsed=13:41:46 | ETA=05:32:24 | estimated_finish=2026-06-17 16:43:16
Epoch 713/1000 finished | loss=0.500907 | cnn_loss=0.467237 | gnn_loss=0.033671 | lr=0.000325157 | epoch_time=00:01:03 | elapsed=13:42:49 | ETA=05:31:12 | estimated_finish=2026-06-17 16:43:08
Epoch 714/1000 finished | loss=0.495471 | cnn_loss=0.461579 | gnn_loss=0.033892 | lr=0.000324138 | epoch_time=00:01:03 | elapsed=13:43:53 | ETA=05:30:00 | estimated_finish=2026-06-17 16:42:59
Epoch 715/1000 finished | loss=0.477732 | cnn_loss=0.446002 | gnn_loss=0.031730 | lr=0.000323117 | epoch_time=00:01:04 | elapsed=13:44:57 | ETA=05:28:49 | estimated_finish=2026-06-17 16:42:53
Quick validation epoch=715 | pseudo_dice=0.516397 | val_time=00:00:23
Epoch 716/1000 finished | loss=0.480719 | cnn_loss=0.449426 | gnn_loss=0.031294 | lr=0.000322097 | epoch_time=00:01:05 | elapsed=13:46:26 | ETA=05:27:48 | estimated_finish=2026-06-17 16:43:20
Epoch 717/1000 finished | loss=0.462333 | cnn_loss=0.432611 | gnn_loss=0.029722 | lr=0.000321076 | epoch_time=00:01:02 | elapsed=13:47:29 | ETA=05:26:36 | estimated_finish=2026-06-17 16:43:12
Epoch 718/1000 finished | loss=0.448405 | cnn_loss=0.422385 | gnn_loss=0.026020 | lr=0.000320055 | epoch_time=00:01:02 | elapsed=13:48:32 | ETA=05:25:25 | estimated_finish=2026-06-17 16:43:03
Epoch 719/1000 finished | loss=0.465341 | cnn_loss=0.432858 | gnn_loss=0.032482 | lr=0.000319033 | epoch_time=00:01:03 | elapsed=13:49:36 | ETA=05:24:13 | estimated_finish=2026-06-17 16:42:55
Epoch 720/1000 finished | loss=0.509001 | cnn_loss=0.479236 | gnn_loss=0.029765 | lr=0.000318011 | epoch_time=00:01:07 | elapsed=13:50:43 | ETA=05:23:03 | estimated_finish=2026-06-17 16:42:53
Quick validation epoch=720 | pseudo_dice=0.609779 | val_time=00:00:24
Epoch 721/1000 finished | loss=0.502650 | cnn_loss=0.468359 | gnn_loss=0.034292 | lr=0.000316989 | epoch_time=00:01:02 | elapsed=13:52:11 | ETA=05:22:01 | estimated_finish=2026-06-17 16:43:18
Epoch 722/1000 finished | loss=0.453762 | cnn_loss=0.422889 | gnn_loss=0.030873 | lr=0.000315966 | epoch_time=00:01:04 | elapsed=13:53:15 | ETA=05:20:50 | estimated_finish=2026-06-17 16:43:12
Epoch 723/1000 finished | loss=0.489671 | cnn_loss=0.456923 | gnn_loss=0.032747 | lr=0.000314943 | epoch_time=00:01:04 | elapsed=13:54:20 | ETA=05:19:39 | estimated_finish=2026-06-17 16:43:05
Epoch 724/1000 finished | loss=0.470455 | cnn_loss=0.441263 | gnn_loss=0.029191 | lr=0.000313919 | epoch_time=00:01:03 | elapsed=13:55:23 | ETA=05:18:27 | estimated_finish=2026-06-17 16:42:57
Epoch 725/1000 finished | loss=0.463992 | cnn_loss=0.432899 | gnn_loss=0.031093 | lr=0.000312896 | epoch_time=00:01:03 | elapsed=13:56:27 | ETA=05:17:16 | estimated_finish=2026-06-17 16:42:49
Quick validation epoch=725 | pseudo_dice=0.619253 | val_time=00:00:23
Epoch 726/1000 finished | loss=0.489584 | cnn_loss=0.461708 | gnn_loss=0.027876 | lr=0.000311871 | epoch_time=00:01:05 | elapsed=13:57:55 | ETA=05:16:14 | estimated_finish=2026-06-17 16:43:15
Epoch 727/1000 finished | loss=0.489208 | cnn_loss=0.459277 | gnn_loss=0.029931 | lr=0.000310847 | epoch_time=00:01:04 | elapsed=13:58:59 | ETA=05:15:03 | estimated_finish=2026-06-17 16:43:08
Epoch 728/1000 finished | loss=0.474297 | cnn_loss=0.445031 | gnn_loss=0.029266 | lr=0.000309822 | epoch_time=00:01:05 | elapsed=14:00:05 | ETA=05:13:52 | estimated_finish=2026-06-17 16:43:03
Epoch 729/1000 finished | loss=0.455760 | cnn_loss=0.428537 | gnn_loss=0.027224 | lr=0.000308796 | epoch_time=00:01:02 | elapsed=14:01:08 | ETA=05:12:41 | estimated_finish=2026-06-17 16:42:55
Epoch 730/1000 finished | loss=0.476365 | cnn_loss=0.447088 | gnn_loss=0.029277 | lr=0.000307771 | epoch_time=00:01:02 | elapsed=14:02:11 | ETA=05:11:29 | estimated_finish=2026-06-17 16:42:46
Quick validation epoch=730 | pseudo_dice=0.537235 | val_time=00:00:23
Epoch 731/1000 finished | loss=0.461383 | cnn_loss=0.431413 | gnn_loss=0.029971 | lr=0.000306745 | epoch_time=00:01:04 | elapsed=14:03:39 | ETA=05:10:27 | estimated_finish=2026-06-17 16:43:12
Epoch 732/1000 finished | loss=0.465941 | cnn_loss=0.438568 | gnn_loss=0.027373 | lr=0.000305718 | epoch_time=00:01:03 | elapsed=14:04:43 | ETA=05:09:16 | estimated_finish=2026-06-17 16:43:05
Epoch 733/1000 finished | loss=0.501078 | cnn_loss=0.469442 | gnn_loss=0.031635 | lr=0.000304691 | epoch_time=00:01:03 | elapsed=14:05:46 | ETA=05:08:04 | estimated_finish=2026-06-17 16:42:57
Epoch 734/1000 finished | loss=0.471862 | cnn_loss=0.440887 | gnn_loss=0.030975 | lr=0.000303664 | epoch_time=00:01:04 | elapsed=14:06:51 | ETA=05:06:53 | estimated_finish=2026-06-17 16:42:50
Epoch 735/1000 finished | loss=0.486251 | cnn_loss=0.455282 | gnn_loss=0.030970 | lr=0.000302636 | epoch_time=00:01:03 | elapsed=14:07:55 | ETA=05:05:42 | estimated_finish=2026-06-17 16:42:43
Quick validation epoch=735 | pseudo_dice=0.518201 | val_time=00:00:23
Epoch 736/1000 finished | loss=0.470618 | cnn_loss=0.442838 | gnn_loss=0.027780 | lr=0.000301608 | epoch_time=00:01:03 | elapsed=14:09:22 | ETA=05:04:40 | estimated_finish=2026-06-17 16:43:08
Epoch 737/1000 finished | loss=0.504721 | cnn_loss=0.470388 | gnn_loss=0.034332 | lr=0.00030058 | epoch_time=00:01:03 | elapsed=14:10:26 | ETA=05:03:29 | estimated_finish=2026-06-17 16:43:01
Epoch 738/1000 finished | loss=0.482577 | cnn_loss=0.455823 | gnn_loss=0.026755 | lr=0.000299551 | epoch_time=00:01:04 | elapsed=14:11:31 | ETA=05:02:18 | estimated_finish=2026-06-17 16:42:55
Epoch 739/1000 finished | loss=0.507926 | cnn_loss=0.476089 | gnn_loss=0.031837 | lr=0.000298522 | epoch_time=00:01:04 | elapsed=14:12:36 | ETA=05:01:07 | estimated_finish=2026-06-17 16:42:48
Epoch 740/1000 finished | loss=0.445376 | cnn_loss=0.413706 | gnn_loss=0.031670 | lr=0.000297492 | epoch_time=00:01:04 | elapsed=14:13:40 | ETA=04:59:56 | estimated_finish=2026-06-17 16:42:42
Quick validation epoch=740 | pseudo_dice=0.558269 | val_time=00:00:23
Epoch 741/1000 finished | loss=0.468871 | cnn_loss=0.438052 | gnn_loss=0.030819 | lr=0.000296463 | epoch_time=00:01:04 | elapsed=14:15:08 | ETA=04:58:53 | estimated_finish=2026-06-17 16:43:07
Epoch 742/1000 finished | loss=0.515690 | cnn_loss=0.480328 | gnn_loss=0.035362 | lr=0.000295432 | epoch_time=00:01:02 | elapsed=14:16:11 | ETA=04:57:42 | estimated_finish=2026-06-17 16:42:58
Epoch 743/1000 finished | loss=0.490968 | cnn_loss=0.459941 | gnn_loss=0.031027 | lr=0.000294401 | epoch_time=00:01:01 | elapsed=14:17:12 | ETA=04:56:30 | estimated_finish=2026-06-17 16:42:48
Epoch 744/1000 finished | loss=0.478710 | cnn_loss=0.445873 | gnn_loss=0.032837 | lr=0.00029337 | epoch_time=00:01:03 | elapsed=14:18:16 | ETA=04:55:19 | estimated_finish=2026-06-17 16:42:41
Epoch 745/1000 finished | loss=0.448774 | cnn_loss=0.421410 | gnn_loss=0.027364 | lr=0.000292339 | epoch_time=00:01:03 | elapsed=14:19:20 | ETA=04:54:08 | estimated_finish=2026-06-17 16:42:34
Quick validation epoch=745 | pseudo_dice=0.521161 | val_time=00:00:23
Epoch 746/1000 finished | loss=0.491344 | cnn_loss=0.460970 | gnn_loss=0.030374 | lr=0.000291307 | epoch_time=00:01:03 | elapsed=14:20:47 | ETA=04:53:05 | estimated_finish=2026-06-17 16:42:58
Epoch 747/1000 finished | loss=0.502696 | cnn_loss=0.470903 | gnn_loss=0.031793 | lr=0.000290274 | epoch_time=00:01:03 | elapsed=14:21:51 | ETA=04:51:53 | estimated_finish=2026-06-17 16:42:50
Epoch 748/1000 finished | loss=0.475006 | cnn_loss=0.443890 | gnn_loss=0.031117 | lr=0.000289241 | epoch_time=00:01:02 | elapsed=14:22:53 | ETA=04:50:42 | estimated_finish=2026-06-17 16:42:41
Epoch 749/1000 finished | loss=0.481154 | cnn_loss=0.451755 | gnn_loss=0.029400 | lr=0.000288208 | epoch_time=00:01:03 | elapsed=14:23:57 | ETA=04:49:31 | estimated_finish=2026-06-17 16:42:34
Epoch 750/1000 finished | loss=0.464497 | cnn_loss=0.433346 | gnn_loss=0.031151 | lr=0.000287175 | epoch_time=00:01:04 | elapsed=14:25:02 | ETA=04:48:20 | estimated_finish=2026-06-17 16:42:28
Quick validation epoch=750 | pseudo_dice=0.611504 | val_time=00:00:23
Epoch 751/1000 finished | loss=0.475273 | cnn_loss=0.448234 | gnn_loss=0.027039 | lr=0.000286141 | epoch_time=00:01:02 | elapsed=14:26:28 | ETA=04:47:17 | estimated_finish=2026-06-17 16:42:51
Epoch 752/1000 finished | loss=0.481446 | cnn_loss=0.453775 | gnn_loss=0.027670 | lr=0.000285106 | epoch_time=00:01:03 | elapsed=14:27:32 | ETA=04:46:06 | estimated_finish=2026-06-17 16:42:43
Epoch 753/1000 finished | loss=0.466528 | cnn_loss=0.439319 | gnn_loss=0.027208 | lr=0.000284071 | epoch_time=00:01:03 | elapsed=14:28:35 | ETA=04:44:55 | estimated_finish=2026-06-17 16:42:36
Epoch 754/1000 finished | loss=0.429254 | cnn_loss=0.403780 | gnn_loss=0.025474 | lr=0.000283036 | epoch_time=00:01:03 | elapsed=14:29:39 | ETA=04:43:43 | estimated_finish=2026-06-17 16:42:28
Epoch 755/1000 finished | loss=0.469892 | cnn_loss=0.440465 | gnn_loss=0.029427 | lr=0.000282 | epoch_time=00:01:05 | elapsed=14:30:44 | ETA=04:42:33 | estimated_finish=2026-06-17 16:42:23
Quick validation epoch=755 | pseudo_dice=0.567247 | val_time=00:00:23
Epoch 756/1000 finished | loss=0.484545 | cnn_loss=0.453548 | gnn_loss=0.030997 | lr=0.000280964 | epoch_time=00:01:05 | elapsed=14:32:12 | ETA=04:41:30 | estimated_finish=2026-06-17 16:42:48
Epoch 757/1000 finished | loss=0.461642 | cnn_loss=0.427865 | gnn_loss=0.033777 | lr=0.000279928 | epoch_time=00:01:03 | elapsed=14:33:15 | ETA=04:40:19 | estimated_finish=2026-06-17 16:42:40
Epoch 758/1000 finished | loss=0.452001 | cnn_loss=0.424859 | gnn_loss=0.027142 | lr=0.000278891 | epoch_time=00:01:04 | elapsed=14:34:20 | ETA=04:39:08 | estimated_finish=2026-06-17 16:42:34
Epoch 759/1000 finished | loss=0.483564 | cnn_loss=0.454396 | gnn_loss=0.029168 | lr=0.000277853 | epoch_time=00:01:03 | elapsed=14:35:24 | ETA=04:37:57 | estimated_finish=2026-06-17 16:42:27
Epoch 760/1000 finished | loss=0.505953 | cnn_loss=0.473319 | gnn_loss=0.032634 | lr=0.000276815 | epoch_time=00:01:03 | elapsed=14:36:27 | ETA=04:36:46 | estimated_finish=2026-06-17 16:42:19
Quick validation epoch=760 | pseudo_dice=0.580830 | val_time=00:00:23
Epoch 761/1000 finished | loss=0.469181 | cnn_loss=0.439107 | gnn_loss=0.030074 | lr=0.000275777 | epoch_time=00:01:04 | elapsed=14:37:55 | ETA=04:35:43 | estimated_finish=2026-06-17 16:42:44
Epoch 762/1000 finished | loss=0.474223 | cnn_loss=0.443223 | gnn_loss=0.031000 | lr=0.000274738 | epoch_time=00:01:04 | elapsed=14:39:00 | ETA=04:34:32 | estimated_finish=2026-06-17 16:42:38
Epoch 763/1000 finished | loss=0.453689 | cnn_loss=0.425524 | gnn_loss=0.028165 | lr=0.000273699 | epoch_time=00:01:03 | elapsed=14:40:03 | ETA=04:33:21 | estimated_finish=2026-06-17 16:42:31
Epoch 764/1000 finished | loss=0.467555 | cnn_loss=0.437230 | gnn_loss=0.030325 | lr=0.00027266 | epoch_time=00:01:04 | elapsed=14:41:08 | ETA=04:32:11 | estimated_finish=2026-06-17 16:42:25
Epoch 765/1000 finished | loss=0.482574 | cnn_loss=0.452310 | gnn_loss=0.030264 | lr=0.00027162 | epoch_time=00:01:05 | elapsed=14:42:14 | ETA=04:31:00 | estimated_finish=2026-06-17 16:42:20
Quick validation epoch=765 | pseudo_dice=0.540679 | val_time=00:00:23
Epoch 766/1000 finished | loss=0.463592 | cnn_loss=0.432792 | gnn_loss=0.030800 | lr=0.000270579 | epoch_time=00:01:03 | elapsed=14:43:41 | ETA=04:29:57 | estimated_finish=2026-06-17 16:42:43
Epoch 767/1000 finished | loss=0.444825 | cnn_loss=0.416766 | gnn_loss=0.028059 | lr=0.000269538 | epoch_time=00:01:03 | elapsed=14:44:44 | ETA=04:28:46 | estimated_finish=2026-06-17 16:42:36
Epoch 768/1000 finished | loss=0.508428 | cnn_loss=0.475633 | gnn_loss=0.032795 | lr=0.000268497 | epoch_time=00:01:03 | elapsed=14:45:48 | ETA=04:27:35 | estimated_finish=2026-06-17 16:42:29
Epoch 769/1000 finished | loss=0.486976 | cnn_loss=0.454323 | gnn_loss=0.032653 | lr=0.000267455 | epoch_time=00:01:03 | elapsed=14:46:51 | ETA=04:26:24 | estimated_finish=2026-06-17 16:42:21
Epoch 770/1000 finished | loss=0.480169 | cnn_loss=0.449882 | gnn_loss=0.030287 | lr=0.000266413 | epoch_time=00:01:04 | elapsed=14:47:56 | ETA=04:25:13 | estimated_finish=2026-06-17 16:42:15
Quick validation epoch=770 | pseudo_dice=0.608956 | val_time=00:00:23
Epoch 771/1000 finished | loss=0.464845 | cnn_loss=0.435560 | gnn_loss=0.029285 | lr=0.00026537 | epoch_time=00:01:04 | elapsed=14:49:24 | ETA=04:24:10 | estimated_finish=2026-06-17 16:42:39
Epoch 772/1000 finished | loss=0.455954 | cnn_loss=0.427341 | gnn_loss=0.028613 | lr=0.000264327 | epoch_time=00:01:02 | elapsed=14:50:27 | ETA=04:22:59 | estimated_finish=2026-06-17 16:42:31
Epoch 773/1000 finished | loss=0.476529 | cnn_loss=0.447777 | gnn_loss=0.028752 | lr=0.000263283 | epoch_time=00:01:03 | elapsed=14:51:30 | ETA=04:21:48 | estimated_finish=2026-06-17 16:42:24
Epoch 774/1000 finished | loss=0.501472 | cnn_loss=0.472946 | gnn_loss=0.028526 | lr=0.000262239 | epoch_time=00:01:04 | elapsed=14:52:35 | ETA=04:20:37 | estimated_finish=2026-06-17 16:42:19
Epoch 775/1000 finished | loss=0.422277 | cnn_loss=0.396296 | gnn_loss=0.025982 | lr=0.000261195 | epoch_time=00:01:04 | elapsed=14:53:40 | ETA=04:19:27 | estimated_finish=2026-06-17 16:42:12
Quick validation epoch=775 | pseudo_dice=0.596469 | val_time=00:00:23
Epoch 776/1000 finished | loss=0.469177 | cnn_loss=0.439665 | gnn_loss=0.029513 | lr=0.00026015 | epoch_time=00:01:05 | elapsed=14:55:09 | ETA=04:18:23 | estimated_finish=2026-06-17 16:42:38
Epoch 777/1000 finished | loss=0.484570 | cnn_loss=0.452859 | gnn_loss=0.031711 | lr=0.000259104 | epoch_time=00:01:04 | elapsed=14:56:13 | ETA=04:17:12 | estimated_finish=2026-06-17 16:42:31
Epoch 778/1000 finished | loss=0.467366 | cnn_loss=0.437726 | gnn_loss=0.029640 | lr=0.000258058 | epoch_time=00:01:04 | elapsed=14:57:17 | ETA=04:16:02 | estimated_finish=2026-06-17 16:42:25
Epoch 779/1000 finished | loss=0.472504 | cnn_loss=0.441115 | gnn_loss=0.031389 | lr=0.000257012 | epoch_time=00:01:03 | elapsed=14:58:20 | ETA=04:14:51 | estimated_finish=2026-06-17 16:42:17
Epoch 780/1000 finished | loss=0.483959 | cnn_loss=0.451063 | gnn_loss=0.032896 | lr=0.000255965 | epoch_time=00:01:03 | elapsed=14:59:23 | ETA=04:13:40 | estimated_finish=2026-06-17 16:42:10
Quick validation epoch=780 | pseudo_dice=0.543762 | val_time=00:00:23
Epoch 781/1000 finished | loss=0.449449 | cnn_loss=0.419702 | gnn_loss=0.029747 | lr=0.000254918 | epoch_time=00:01:05 | elapsed=15:00:53 | ETA=04:12:37 | estimated_finish=2026-06-17 16:42:35
Epoch 782/1000 finished | loss=0.427441 | cnn_loss=0.400213 | gnn_loss=0.027228 | lr=0.00025387 | epoch_time=00:01:04 | elapsed=15:01:57 | ETA=04:11:26 | estimated_finish=2026-06-17 16:42:29
Epoch 783/1000 finished | loss=0.497643 | cnn_loss=0.464560 | gnn_loss=0.033083 | lr=0.000252821 | epoch_time=00:01:03 | elapsed=15:03:01 | ETA=04:10:15 | estimated_finish=2026-06-17 16:42:22
Epoch 784/1000 finished | loss=0.490615 | cnn_loss=0.456768 | gnn_loss=0.033847 | lr=0.000251773 | epoch_time=00:01:04 | elapsed=15:04:05 | ETA=04:09:05 | estimated_finish=2026-06-17 16:42:16
Epoch 785/1000 finished | loss=0.468582 | cnn_loss=0.438271 | gnn_loss=0.030311 | lr=0.000250723 | epoch_time=00:01:02 | elapsed=15:05:08 | ETA=04:07:54 | estimated_finish=2026-06-17 16:42:08
Quick validation epoch=785 | pseudo_dice=0.561494 | val_time=00:00:23
Epoch 786/1000 finished | loss=0.486447 | cnn_loss=0.453432 | gnn_loss=0.033016 | lr=0.000249673 | epoch_time=00:01:04 | elapsed=15:06:36 | ETA=04:06:50 | estimated_finish=2026-06-17 16:42:32
Epoch 787/1000 finished | loss=0.486398 | cnn_loss=0.457943 | gnn_loss=0.028455 | lr=0.000248623 | epoch_time=00:01:03 | elapsed=15:07:40 | ETA=04:05:39 | estimated_finish=2026-06-17 16:42:25
Epoch 788/1000 finished | loss=0.454796 | cnn_loss=0.420016 | gnn_loss=0.034781 | lr=0.000247572 | epoch_time=00:01:04 | elapsed=15:08:45 | ETA=04:04:29 | estimated_finish=2026-06-17 16:42:20
Epoch 789/1000 finished | loss=0.461496 | cnn_loss=0.433941 | gnn_loss=0.027555 | lr=0.000246521 | epoch_time=00:01:02 | elapsed=15:09:48 | ETA=04:03:18 | estimated_finish=2026-06-17 16:42:12
Epoch 790/1000 finished | loss=0.475591 | cnn_loss=0.442818 | gnn_loss=0.032772 | lr=0.000245469 | epoch_time=00:01:02 | elapsed=15:10:51 | ETA=04:02:07 | estimated_finish=2026-06-17 16:42:04
Quick validation epoch=790 | pseudo_dice=0.594130 | val_time=00:00:23
Epoch 791/1000 finished | loss=0.471130 | cnn_loss=0.442006 | gnn_loss=0.029125 | lr=0.000244417 | epoch_time=00:01:04 | elapsed=15:12:18 | ETA=04:01:03 | estimated_finish=2026-06-17 16:42:27
Epoch 792/1000 finished | loss=0.466015 | cnn_loss=0.433759 | gnn_loss=0.032256 | lr=0.000243364 | epoch_time=00:01:04 | elapsed=15:13:23 | ETA=03:59:52 | estimated_finish=2026-06-17 16:42:21
Epoch 793/1000 finished | loss=0.444157 | cnn_loss=0.415079 | gnn_loss=0.029078 | lr=0.000242311 | epoch_time=00:01:04 | elapsed=15:14:27 | ETA=03:58:42 | estimated_finish=2026-06-17 16:42:15
Epoch 794/1000 finished | loss=0.463062 | cnn_loss=0.433494 | gnn_loss=0.029568 | lr=0.000241257 | epoch_time=00:01:03 | elapsed=15:15:31 | ETA=03:57:31 | estimated_finish=2026-06-17 16:42:09
Epoch 795/1000 finished | loss=0.421635 | cnn_loss=0.393349 | gnn_loss=0.028286 | lr=0.000240203 | epoch_time=00:01:03 | elapsed=15:16:35 | ETA=03:56:21 | estimated_finish=2026-06-17 16:42:02
Quick validation epoch=795 | pseudo_dice=0.440665 | val_time=00:00:23
Epoch 796/1000 finished | loss=0.466878 | cnn_loss=0.436585 | gnn_loss=0.030294 | lr=0.000239148 | epoch_time=00:01:02 | elapsed=15:18:01 | ETA=03:55:16 | estimated_finish=2026-06-17 16:42:23
Epoch 797/1000 finished | loss=0.458042 | cnn_loss=0.426989 | gnn_loss=0.031053 | lr=0.000238093 | epoch_time=00:01:02 | elapsed=15:19:04 | ETA=03:54:05 | estimated_finish=2026-06-17 16:42:15
Epoch 798/1000 finished | loss=0.488945 | cnn_loss=0.458174 | gnn_loss=0.030771 | lr=0.000237037 | epoch_time=00:01:04 | elapsed=15:20:08 | ETA=03:52:55 | estimated_finish=2026-06-17 16:42:09
Epoch 799/1000 finished | loss=0.479768 | cnn_loss=0.446321 | gnn_loss=0.033447 | lr=0.000235981 | epoch_time=00:01:01 | elapsed=15:21:09 | ETA=03:51:43 | estimated_finish=2026-06-17 16:41:59
Epoch 800/1000 finished | loss=0.473114 | cnn_loss=0.440827 | gnn_loss=0.032287 | lr=0.000234924 | epoch_time=00:01:03 | elapsed=15:22:13 | ETA=03:50:33 | estimated_finish=2026-06-17 16:41:52
Quick validation epoch=800 | pseudo_dice=0.604425 | val_time=00:00:23
Full validation epoch=800 | mean_dice=0.431616 | val_time=00:00:52
New best full-validation model saved | dice=0.431616 | epoch=800
Epoch 801/1000 finished | loss=0.469221 | cnn_loss=0.435163 | gnn_loss=0.034059 | lr=0.000233866 | epoch_time=00:01:02 | elapsed=15:24:32 | ETA=03:49:41 | estimated_finish=2026-06-17 16:43:20
Epoch 802/1000 finished | loss=0.449105 | cnn_loss=0.420999 | gnn_loss=0.028106 | lr=0.000232808 | epoch_time=00:01:03 | elapsed=15:25:36 | ETA=03:48:31 | estimated_finish=2026-06-17 16:43:13
Epoch 803/1000 finished | loss=0.457068 | cnn_loss=0.427293 | gnn_loss=0.029776 | lr=0.00023175 | epoch_time=00:01:02 | elapsed=15:26:39 | ETA=03:47:20 | estimated_finish=2026-06-17 16:43:05
Epoch 804/1000 finished | loss=0.445704 | cnn_loss=0.418939 | gnn_loss=0.026765 | lr=0.000230691 | epoch_time=00:01:03 | elapsed=15:27:43 | ETA=03:46:09 | estimated_finish=2026-06-17 16:42:58
Epoch 805/1000 finished | loss=0.486908 | cnn_loss=0.453390 | gnn_loss=0.033518 | lr=0.000229631 | epoch_time=00:01:04 | elapsed=15:28:47 | ETA=03:44:59 | estimated_finish=2026-06-17 16:42:52
Quick validation epoch=805 | pseudo_dice=0.561551 | val_time=00:00:23
Epoch 806/1000 finished | loss=0.454431 | cnn_loss=0.426565 | gnn_loss=0.027865 | lr=0.000228571 | epoch_time=00:01:03 | elapsed=15:30:14 | ETA=03:43:54 | estimated_finish=2026-06-17 16:43:14
Epoch 807/1000 finished | loss=0.447229 | cnn_loss=0.414408 | gnn_loss=0.032821 | lr=0.000227511 | epoch_time=00:01:02 | elapsed=15:31:17 | ETA=03:42:43 | estimated_finish=2026-06-17 16:43:06
Epoch 808/1000 finished | loss=0.475352 | cnn_loss=0.439535 | gnn_loss=0.035817 | lr=0.000226449 | epoch_time=00:01:02 | elapsed=15:32:20 | ETA=03:41:32 | estimated_finish=2026-06-17 16:42:58
Epoch 809/1000 finished | loss=0.437537 | cnn_loss=0.408848 | gnn_loss=0.028689 | lr=0.000225388 | epoch_time=00:01:03 | elapsed=15:33:24 | ETA=03:40:22 | estimated_finish=2026-06-17 16:42:51
Epoch 810/1000 finished | loss=0.488213 | cnn_loss=0.456082 | gnn_loss=0.032131 | lr=0.000224325 | epoch_time=00:01:03 | elapsed=15:34:27 | ETA=03:39:11 | estimated_finish=2026-06-17 16:42:44
Quick validation epoch=810 | pseudo_dice=0.679505 | val_time=00:00:23
Epoch 811/1000 finished | loss=0.428569 | cnn_loss=0.396752 | gnn_loss=0.031817 | lr=0.000223262 | epoch_time=00:01:02 | elapsed=15:35:53 | ETA=03:38:06 | estimated_finish=2026-06-17 16:43:05
Epoch 812/1000 finished | loss=0.441232 | cnn_loss=0.413174 | gnn_loss=0.028058 | lr=0.000222199 | epoch_time=00:01:04 | elapsed=15:36:58 | ETA=03:36:56 | estimated_finish=2026-06-17 16:43:00
Epoch 813/1000 finished | loss=0.450199 | cnn_loss=0.420252 | gnn_loss=0.029948 | lr=0.000221135 | epoch_time=00:01:04 | elapsed=15:38:03 | ETA=03:35:45 | estimated_finish=2026-06-17 16:42:54
Epoch 814/1000 finished | loss=0.424460 | cnn_loss=0.395708 | gnn_loss=0.028752 | lr=0.00022007 | epoch_time=00:01:03 | elapsed=15:39:07 | ETA=03:34:35 | estimated_finish=2026-06-17 16:42:48
Epoch 815/1000 finished | loss=0.438237 | cnn_loss=0.411128 | gnn_loss=0.027109 | lr=0.000219005 | epoch_time=00:01:02 | elapsed=15:40:09 | ETA=03:33:24 | estimated_finish=2026-06-17 16:42:39
Quick validation epoch=815 | pseudo_dice=0.565124 | val_time=00:00:23
Epoch 816/1000 finished | loss=0.450081 | cnn_loss=0.416449 | gnn_loss=0.033632 | lr=0.00021794 | epoch_time=00:01:04 | elapsed=15:41:37 | ETA=03:32:19 | estimated_finish=2026-06-17 16:43:02
Epoch 817/1000 finished | loss=0.471264 | cnn_loss=0.441365 | gnn_loss=0.029899 | lr=0.000216873 | epoch_time=00:01:02 | elapsed=15:42:39 | ETA=03:31:08 | estimated_finish=2026-06-17 16:42:53
Epoch 818/1000 finished | loss=0.463189 | cnn_loss=0.430979 | gnn_loss=0.032210 | lr=0.000215806 | epoch_time=00:01:03 | elapsed=15:43:42 | ETA=03:29:58 | estimated_finish=2026-06-17 16:42:46
Epoch 819/1000 finished | loss=0.458553 | cnn_loss=0.428124 | gnn_loss=0.030430 | lr=0.000214739 | epoch_time=00:01:01 | elapsed=15:44:44 | ETA=03:28:47 | estimated_finish=2026-06-17 16:42:37
Epoch 820/1000 finished | loss=0.435176 | cnn_loss=0.403596 | gnn_loss=0.031580 | lr=0.000213671 | epoch_time=00:01:04 | elapsed=15:45:49 | ETA=03:27:37 | estimated_finish=2026-06-17 16:42:32
Quick validation epoch=820 | pseudo_dice=0.646183 | val_time=00:00:23
Epoch 821/1000 finished | loss=0.469795 | cnn_loss=0.440005 | gnn_loss=0.029790 | lr=0.000212602 | epoch_time=00:01:03 | elapsed=15:47:16 | ETA=03:26:31 | estimated_finish=2026-06-17 16:42:54
Epoch 822/1000 finished | loss=0.441595 | cnn_loss=0.411594 | gnn_loss=0.030001 | lr=0.000211533 | epoch_time=00:01:03 | elapsed=15:48:19 | ETA=03:25:21 | estimated_finish=2026-06-17 16:42:46
Epoch 823/1000 finished | loss=0.431819 | cnn_loss=0.401099 | gnn_loss=0.030720 | lr=0.000210463 | epoch_time=00:01:02 | elapsed=15:49:22 | ETA=03:24:10 | estimated_finish=2026-06-17 16:42:39
Epoch 824/1000 finished | loss=0.472424 | cnn_loss=0.442212 | gnn_loss=0.030212 | lr=0.000209393 | epoch_time=00:01:03 | elapsed=15:50:26 | ETA=03:23:00 | estimated_finish=2026-06-17 16:42:32
Epoch 825/1000 finished | loss=0.439411 | cnn_loss=0.407560 | gnn_loss=0.031851 | lr=0.000208322 | epoch_time=00:01:04 | elapsed=15:51:30 | ETA=03:21:50 | estimated_finish=2026-06-17 16:42:26
Quick validation epoch=825 | pseudo_dice=0.548600 | val_time=00:00:23
Epoch 826/1000 finished | loss=0.465106 | cnn_loss=0.435210 | gnn_loss=0.029896 | lr=0.00020725 | epoch_time=00:01:03 | elapsed=15:52:58 | ETA=03:20:44 | estimated_finish=2026-06-17 16:42:48
Epoch 827/1000 finished | loss=0.464626 | cnn_loss=0.431291 | gnn_loss=0.033335 | lr=0.000206178 | epoch_time=00:01:04 | elapsed=15:54:02 | ETA=03:19:34 | estimated_finish=2026-06-17 16:42:42
Epoch 828/1000 finished | loss=0.457723 | cnn_loss=0.425405 | gnn_loss=0.032318 | lr=0.000205105 | epoch_time=00:01:03 | elapsed=15:55:05 | ETA=03:18:24 | estimated_finish=2026-06-17 16:42:35
Epoch 829/1000 finished | loss=0.441675 | cnn_loss=0.412642 | gnn_loss=0.029033 | lr=0.000204031 | epoch_time=00:01:03 | elapsed=15:56:08 | ETA=03:17:13 | estimated_finish=2026-06-17 16:42:28
Epoch 830/1000 finished | loss=0.482130 | cnn_loss=0.449278 | gnn_loss=0.032852 | lr=0.000202957 | epoch_time=00:01:04 | elapsed=15:57:13 | ETA=03:16:03 | estimated_finish=2026-06-17 16:42:21
Quick validation epoch=830 | pseudo_dice=0.580447 | val_time=00:00:23
Epoch 831/1000 finished | loss=0.464834 | cnn_loss=0.436474 | gnn_loss=0.028360 | lr=0.000201882 | epoch_time=00:01:03 | elapsed=15:58:40 | ETA=03:14:57 | estimated_finish=2026-06-17 16:42:43
Epoch 832/1000 finished | loss=0.479923 | cnn_loss=0.449956 | gnn_loss=0.029968 | lr=0.000200807 | epoch_time=00:01:04 | elapsed=15:59:45 | ETA=03:13:47 | estimated_finish=2026-06-17 16:42:38
Epoch 833/1000 finished | loss=0.470426 | cnn_loss=0.437960 | gnn_loss=0.032466 | lr=0.000199731 | epoch_time=00:01:06 | elapsed=16:00:51 | ETA=03:12:37 | estimated_finish=2026-06-17 16:42:34
Epoch 834/1000 finished | loss=0.435308 | cnn_loss=0.402544 | gnn_loss=0.032763 | lr=0.000198654 | epoch_time=00:01:05 | elapsed=16:01:56 | ETA=03:11:28 | estimated_finish=2026-06-17 16:42:30
Epoch 835/1000 finished | loss=0.466474 | cnn_loss=0.437237 | gnn_loss=0.029237 | lr=0.000197577 | epoch_time=00:01:04 | elapsed=16:03:01 | ETA=03:10:17 | estimated_finish=2026-06-17 16:42:24
Quick validation epoch=835 | pseudo_dice=0.656946 | val_time=00:00:23
Epoch 836/1000 finished | loss=0.435459 | cnn_loss=0.406466 | gnn_loss=0.028994 | lr=0.000196499 | epoch_time=00:01:04 | elapsed=16:04:29 | ETA=03:09:12 | estimated_finish=2026-06-17 16:42:47
Epoch 837/1000 finished | loss=0.451460 | cnn_loss=0.422628 | gnn_loss=0.028832 | lr=0.00019542 | epoch_time=00:01:03 | elapsed=16:05:33 | ETA=03:08:02 | estimated_finish=2026-06-17 16:42:40
Epoch 838/1000 finished | loss=0.484682 | cnn_loss=0.453899 | gnn_loss=0.030783 | lr=0.000194341 | epoch_time=00:01:05 | elapsed=16:06:39 | ETA=03:06:52 | estimated_finish=2026-06-17 16:42:37
Epoch 839/1000 finished | loss=0.448921 | cnn_loss=0.414480 | gnn_loss=0.034441 | lr=0.000193261 | epoch_time=00:01:04 | elapsed=16:07:43 | ETA=03:05:42 | estimated_finish=2026-06-17 16:42:30
Epoch 840/1000 finished | loss=0.456387 | cnn_loss=0.429672 | gnn_loss=0.026715 | lr=0.00019218 | epoch_time=00:01:03 | elapsed=16:08:46 | ETA=03:04:31 | estimated_finish=2026-06-17 16:42:23
Quick validation epoch=840 | pseudo_dice=0.668719 | val_time=00:00:23
Epoch 841/1000 finished | loss=0.474375 | cnn_loss=0.443616 | gnn_loss=0.030759 | lr=0.000191099 | epoch_time=00:01:04 | elapsed=16:10:14 | ETA=03:03:26 | estimated_finish=2026-06-17 16:42:46
Epoch 842/1000 finished | loss=0.434566 | cnn_loss=0.406229 | gnn_loss=0.028337 | lr=0.000190017 | epoch_time=00:01:05 | elapsed=16:11:20 | ETA=03:02:16 | estimated_finish=2026-06-17 16:42:42
Epoch 843/1000 finished | loss=0.449219 | cnn_loss=0.415982 | gnn_loss=0.033237 | lr=0.000188934 | epoch_time=00:01:05 | elapsed=16:12:25 | ETA=03:01:06 | estimated_finish=2026-06-17 16:42:37
Epoch 844/1000 finished | loss=0.457346 | cnn_loss=0.426802 | gnn_loss=0.030544 | lr=0.00018785 | epoch_time=00:01:04 | elapsed=16:13:30 | ETA=02:59:56 | estimated_finish=2026-06-17 16:42:32
Epoch 845/1000 finished | loss=0.466434 | cnn_loss=0.433947 | gnn_loss=0.032488 | lr=0.000186766 | epoch_time=00:01:04 | elapsed=16:14:34 | ETA=02:58:46 | estimated_finish=2026-06-17 16:42:26
Quick validation epoch=845 | pseudo_dice=0.631070 | val_time=00:00:23
Epoch 846/1000 finished | loss=0.450579 | cnn_loss=0.416870 | gnn_loss=0.033710 | lr=0.000185682 | epoch_time=00:01:04 | elapsed=16:16:02 | ETA=02:57:40 | estimated_finish=2026-06-17 16:42:48
Epoch 847/1000 finished | loss=0.493432 | cnn_loss=0.457059 | gnn_loss=0.036373 | lr=0.000184596 | epoch_time=00:01:02 | elapsed=16:17:05 | ETA=02:56:29 | estimated_finish=2026-06-17 16:42:40
Epoch 848/1000 finished | loss=0.430868 | cnn_loss=0.399846 | gnn_loss=0.031022 | lr=0.00018351 | epoch_time=00:01:03 | elapsed=16:18:08 | ETA=02:55:19 | estimated_finish=2026-06-17 16:42:34
Epoch 849/1000 finished | loss=0.419101 | cnn_loss=0.392756 | gnn_loss=0.026344 | lr=0.000182423 | epoch_time=00:01:03 | elapsed=16:19:12 | ETA=02:54:09 | estimated_finish=2026-06-17 16:42:27
Epoch 850/1000 finished | loss=0.459542 | cnn_loss=0.431328 | gnn_loss=0.028214 | lr=0.000181335 | epoch_time=00:01:05 | elapsed=16:20:18 | ETA=02:52:59 | estimated_finish=2026-06-17 16:42:23
Quick validation epoch=850 | pseudo_dice=0.605911 | val_time=00:00:23
Epoch 851/1000 finished | loss=0.414012 | cnn_loss=0.383590 | gnn_loss=0.030423 | lr=0.000180247 | epoch_time=00:01:03 | elapsed=16:21:45 | ETA=02:51:53 | estimated_finish=2026-06-17 16:42:44
Epoch 852/1000 finished | loss=0.429043 | cnn_loss=0.401155 | gnn_loss=0.027888 | lr=0.000179158 | epoch_time=00:01:02 | elapsed=16:22:48 | ETA=02:50:43 | estimated_finish=2026-06-17 16:42:37
Epoch 853/1000 finished | loss=0.439110 | cnn_loss=0.408065 | gnn_loss=0.031045 | lr=0.000178068 | epoch_time=00:01:02 | elapsed=16:23:51 | ETA=02:49:33 | estimated_finish=2026-06-17 16:42:29
Epoch 854/1000 finished | loss=0.488585 | cnn_loss=0.457093 | gnn_loss=0.031492 | lr=0.000176977 | epoch_time=00:01:02 | elapsed=16:24:54 | ETA=02:48:22 | estimated_finish=2026-06-17 16:42:22
Epoch 855/1000 finished | loss=0.427650 | cnn_loss=0.397835 | gnn_loss=0.029815 | lr=0.000175886 | epoch_time=00:01:03 | elapsed=16:25:57 | ETA=02:47:12 | estimated_finish=2026-06-17 16:42:15
Quick validation epoch=855 | pseudo_dice=0.589763 | val_time=00:00:23
Epoch 856/1000 finished | loss=0.448991 | cnn_loss=0.419988 | gnn_loss=0.029004 | lr=0.000174794 | epoch_time=00:01:04 | elapsed=16:27:25 | ETA=02:46:06 | estimated_finish=2026-06-17 16:42:37
Epoch 857/1000 finished | loss=0.421661 | cnn_loss=0.390671 | gnn_loss=0.030989 | lr=0.000173701 | epoch_time=00:01:04 | elapsed=16:28:29 | ETA=02:44:56 | estimated_finish=2026-06-17 16:42:31
Epoch 858/1000 finished | loss=0.457736 | cnn_loss=0.425042 | gnn_loss=0.032693 | lr=0.000172607 | epoch_time=00:01:03 | elapsed=16:29:33 | ETA=02:43:46 | estimated_finish=2026-06-17 16:42:25
Epoch 859/1000 finished | loss=0.409819 | cnn_loss=0.383899 | gnn_loss=0.025920 | lr=0.000171513 | epoch_time=00:01:05 | elapsed=16:30:39 | ETA=02:42:36 | estimated_finish=2026-06-17 16:42:21
Epoch 860/1000 finished | loss=0.452035 | cnn_loss=0.421055 | gnn_loss=0.030980 | lr=0.000170418 | epoch_time=00:01:04 | elapsed=16:31:44 | ETA=02:41:26 | estimated_finish=2026-06-17 16:42:16
Quick validation epoch=860 | pseudo_dice=0.553038 | val_time=00:00:23
Epoch 861/1000 finished | loss=0.445705 | cnn_loss=0.415249 | gnn_loss=0.030456 | lr=0.000169322 | epoch_time=00:01:02 | elapsed=16:33:10 | ETA=02:40:20 | estimated_finish=2026-06-17 16:42:36
Epoch 862/1000 finished | loss=0.463845 | cnn_loss=0.434209 | gnn_loss=0.029637 | lr=0.000168225 | epoch_time=00:01:05 | elapsed=16:34:16 | ETA=02:39:10 | estimated_finish=2026-06-17 16:42:32
Epoch 863/1000 finished | loss=0.462735 | cnn_loss=0.429244 | gnn_loss=0.033491 | lr=0.000167128 | epoch_time=00:01:03 | elapsed=16:35:20 | ETA=02:38:00 | estimated_finish=2026-06-17 16:42:26
Epoch 864/1000 finished | loss=0.427309 | cnn_loss=0.398853 | gnn_loss=0.028456 | lr=0.000166029 | epoch_time=00:01:05 | elapsed=16:36:25 | ETA=02:36:50 | estimated_finish=2026-06-17 16:42:21
Epoch 865/1000 finished | loss=0.457633 | cnn_loss=0.429416 | gnn_loss=0.028217 | lr=0.00016493 | epoch_time=00:01:05 | elapsed=16:37:31 | ETA=02:35:40 | estimated_finish=2026-06-17 16:42:17
Quick validation epoch=865 | pseudo_dice=0.567267 | val_time=00:00:23
Epoch 866/1000 finished | loss=0.432909 | cnn_loss=0.399088 | gnn_loss=0.033822 | lr=0.00016383 | epoch_time=00:01:03 | elapsed=16:38:58 | ETA=02:34:34 | estimated_finish=2026-06-17 16:42:38
Epoch 867/1000 finished | loss=0.455737 | cnn_loss=0.424724 | gnn_loss=0.031013 | lr=0.00016273 | epoch_time=00:01:04 | elapsed=16:40:03 | ETA=02:33:24 | estimated_finish=2026-06-17 16:42:33
Epoch 868/1000 finished | loss=0.418183 | cnn_loss=0.385586 | gnn_loss=0.032597 | lr=0.000161628 | epoch_time=00:01:04 | elapsed=16:41:08 | ETA=02:32:14 | estimated_finish=2026-06-17 16:42:28
Epoch 869/1000 finished | loss=0.451268 | cnn_loss=0.421104 | gnn_loss=0.030164 | lr=0.000160526 | epoch_time=00:01:04 | elapsed=16:42:12 | ETA=02:31:04 | estimated_finish=2026-06-17 16:42:22
Epoch 870/1000 finished | loss=0.446830 | cnn_loss=0.419217 | gnn_loss=0.027613 | lr=0.000159422 | epoch_time=00:01:04 | elapsed=16:43:17 | ETA=02:29:55 | estimated_finish=2026-06-17 16:42:18
Quick validation epoch=870 | pseudo_dice=0.614133 | val_time=00:00:23
Epoch 871/1000 finished | loss=0.458396 | cnn_loss=0.425922 | gnn_loss=0.032473 | lr=0.000158318 | epoch_time=00:01:04 | elapsed=16:44:45 | ETA=02:28:48 | estimated_finish=2026-06-17 16:42:39
Epoch 872/1000 finished | loss=0.427020 | cnn_loss=0.396477 | gnn_loss=0.030543 | lr=0.000157213 | epoch_time=00:01:04 | elapsed=16:45:49 | ETA=02:27:38 | estimated_finish=2026-06-17 16:42:33
Epoch 873/1000 finished | loss=0.458676 | cnn_loss=0.428715 | gnn_loss=0.029961 | lr=0.000156107 | epoch_time=00:01:03 | elapsed=16:46:53 | ETA=02:26:28 | estimated_finish=2026-06-17 16:42:27
Epoch 874/1000 finished | loss=0.429186 | cnn_loss=0.400148 | gnn_loss=0.029037 | lr=0.000155001 | epoch_time=00:01:03 | elapsed=16:47:57 | ETA=02:25:18 | estimated_finish=2026-06-17 16:42:21
Epoch 875/1000 finished | loss=0.394521 | cnn_loss=0.369555 | gnn_loss=0.024966 | lr=0.000153893 | epoch_time=00:01:05 | elapsed=16:49:02 | ETA=02:24:08 | estimated_finish=2026-06-17 16:42:16
Quick validation epoch=875 | pseudo_dice=0.672698 | val_time=00:00:23
Epoch 876/1000 finished | loss=0.412457 | cnn_loss=0.383683 | gnn_loss=0.028774 | lr=0.000152785 | epoch_time=00:01:03 | elapsed=16:50:29 | ETA=02:23:02 | estimated_finish=2026-06-17 16:42:37
Epoch 877/1000 finished | loss=0.418856 | cnn_loss=0.388682 | gnn_loss=0.030174 | lr=0.000151675 | epoch_time=00:01:05 | elapsed=16:51:34 | ETA=02:21:52 | estimated_finish=2026-06-17 16:42:32
Epoch 878/1000 finished | loss=0.481501 | cnn_loss=0.454728 | gnn_loss=0.026774 | lr=0.000150565 | epoch_time=00:01:03 | elapsed=16:52:38 | ETA=02:20:42 | estimated_finish=2026-06-17 16:42:26
Epoch 879/1000 finished | loss=0.426501 | cnn_loss=0.395005 | gnn_loss=0.031496 | lr=0.000149454 | epoch_time=00:01:04 | elapsed=16:53:42 | ETA=02:19:32 | estimated_finish=2026-06-17 16:42:20
Epoch 880/1000 finished | loss=0.428730 | cnn_loss=0.395189 | gnn_loss=0.033541 | lr=0.000148342 | epoch_time=00:01:03 | elapsed=16:54:46 | ETA=02:18:22 | estimated_finish=2026-06-17 16:42:14
Quick validation epoch=880 | pseudo_dice=0.580279 | val_time=00:00:23
Epoch 881/1000 finished | loss=0.436193 | cnn_loss=0.406967 | gnn_loss=0.029226 | lr=0.000147229 | epoch_time=00:01:04 | elapsed=16:56:14 | ETA=02:17:16 | estimated_finish=2026-06-17 16:42:36
Epoch 882/1000 finished | loss=0.431063 | cnn_loss=0.405435 | gnn_loss=0.025628 | lr=0.000146115 | epoch_time=00:01:04 | elapsed=16:57:18 | ETA=02:16:06 | estimated_finish=2026-06-17 16:42:30
Epoch 883/1000 finished | loss=0.459795 | cnn_loss=0.432551 | gnn_loss=0.027245 | lr=0.000145 | epoch_time=00:01:04 | elapsed=16:58:23 | ETA=02:14:56 | estimated_finish=2026-06-17 16:42:25
Epoch 884/1000 finished | loss=0.447466 | cnn_loss=0.417774 | gnn_loss=0.029691 | lr=0.000143884 | epoch_time=00:01:04 | elapsed=16:59:27 | ETA=02:13:46 | estimated_finish=2026-06-17 16:42:19
Epoch 885/1000 finished | loss=0.418382 | cnn_loss=0.390386 | gnn_loss=0.027996 | lr=0.000142767 | epoch_time=00:01:03 | elapsed=17:00:31 | ETA=02:12:36 | estimated_finish=2026-06-17 16:42:13
Quick validation epoch=885 | pseudo_dice=0.579905 | val_time=00:00:23
Epoch 886/1000 finished | loss=0.444550 | cnn_loss=0.414704 | gnn_loss=0.029847 | lr=0.000141649 | epoch_time=00:01:04 | elapsed=17:01:58 | ETA=02:11:29 | estimated_finish=2026-06-17 16:42:34
Epoch 887/1000 finished | loss=0.428794 | cnn_loss=0.399462 | gnn_loss=0.029333 | lr=0.000140531 | epoch_time=00:01:05 | elapsed=17:03:04 | ETA=02:10:20 | estimated_finish=2026-06-17 16:42:30
Epoch 888/1000 finished | loss=0.468671 | cnn_loss=0.435252 | gnn_loss=0.033419 | lr=0.000139411 | epoch_time=00:01:04 | elapsed=17:04:08 | ETA=02:09:10 | estimated_finish=2026-06-17 16:42:24
Epoch 889/1000 finished | loss=0.433228 | cnn_loss=0.403662 | gnn_loss=0.029566 | lr=0.00013829 | epoch_time=00:01:04 | elapsed=17:05:12 | ETA=02:08:00 | estimated_finish=2026-06-17 16:42:18
Epoch 890/1000 finished | loss=0.466981 | cnn_loss=0.439105 | gnn_loss=0.027876 | lr=0.000137168 | epoch_time=00:01:03 | elapsed=17:06:16 | ETA=02:06:50 | estimated_finish=2026-06-17 16:42:12
Quick validation epoch=890 | pseudo_dice=0.633071 | val_time=00:00:23
Epoch 891/1000 finished | loss=0.465677 | cnn_loss=0.433038 | gnn_loss=0.032639 | lr=0.000136045 | epoch_time=00:01:03 | elapsed=17:07:43 | ETA=02:05:43 | estimated_finish=2026-06-17 16:42:32
Epoch 892/1000 finished | loss=0.437519 | cnn_loss=0.410350 | gnn_loss=0.027169 | lr=0.000134922 | epoch_time=00:01:04 | elapsed=17:08:47 | ETA=02:04:33 | estimated_finish=2026-06-17 16:42:26
Epoch 893/1000 finished | loss=0.444493 | cnn_loss=0.413786 | gnn_loss=0.030707 | lr=0.000133797 | epoch_time=00:01:04 | elapsed=17:09:51 | ETA=02:03:23 | estimated_finish=2026-06-17 16:42:21
Epoch 894/1000 finished | loss=0.435761 | cnn_loss=0.408858 | gnn_loss=0.026903 | lr=0.000132671 | epoch_time=00:01:02 | elapsed=17:10:54 | ETA=02:02:13 | estimated_finish=2026-06-17 16:42:13
Epoch 895/1000 finished | loss=0.436114 | cnn_loss=0.409208 | gnn_loss=0.026907 | lr=0.000131544 | epoch_time=00:01:02 | elapsed=17:11:57 | ETA=02:01:04 | estimated_finish=2026-06-17 16:42:07
Quick validation epoch=895 | pseudo_dice=0.606239 | val_time=00:00:23
Epoch 896/1000 finished | loss=0.451419 | cnn_loss=0.418254 | gnn_loss=0.033166 | lr=0.000130416 | epoch_time=00:01:03 | elapsed=17:13:24 | ETA=01:59:56 | estimated_finish=2026-06-17 16:42:27
Epoch 897/1000 finished | loss=0.462027 | cnn_loss=0.428286 | gnn_loss=0.033741 | lr=0.000129287 | epoch_time=00:01:03 | elapsed=17:14:28 | ETA=01:58:47 | estimated_finish=2026-06-17 16:42:21
Epoch 898/1000 finished | loss=0.450735 | cnn_loss=0.418103 | gnn_loss=0.032632 | lr=0.000128156 | epoch_time=00:01:03 | elapsed=17:15:31 | ETA=01:57:37 | estimated_finish=2026-06-17 16:42:14
Epoch 899/1000 finished | loss=0.457633 | cnn_loss=0.425750 | gnn_loss=0.031884 | lr=0.000127025 | epoch_time=00:01:04 | elapsed=17:16:36 | ETA=01:56:27 | estimated_finish=2026-06-17 16:42:09
Epoch 900/1000 finished | loss=0.437598 | cnn_loss=0.406880 | gnn_loss=0.030718 | lr=0.000125893 | epoch_time=00:01:04 | elapsed=17:17:40 | ETA=01:55:17 | estimated_finish=2026-06-17 16:42:04
Quick validation epoch=900 | pseudo_dice=0.608375 | val_time=00:00:23
Full validation epoch=900 | mean_dice=0.452223 | val_time=00:00:52
New best full-validation model saved | dice=0.452223 | epoch=900
Epoch 901/1000 finished | loss=0.441487 | cnn_loss=0.412925 | gnn_loss=0.028562 | lr=0.000124759 | epoch_time=00:01:02 | elapsed=17:20:00 | ETA=01:54:16 | estimated_finish=2026-06-17 16:43:21
Epoch 902/1000 finished | loss=0.466333 | cnn_loss=0.433400 | gnn_loss=0.032932 | lr=0.000123624 | epoch_time=00:01:05 | elapsed=17:21:05 | ETA=01:53:06 | estimated_finish=2026-06-17 16:43:17
Epoch 903/1000 finished | loss=0.434080 | cnn_loss=0.401343 | gnn_loss=0.032737 | lr=0.000122488 | epoch_time=00:01:04 | elapsed=17:22:09 | ETA=01:51:56 | estimated_finish=2026-06-17 16:43:12
Epoch 904/1000 finished | loss=0.451100 | cnn_loss=0.419918 | gnn_loss=0.031182 | lr=0.000121351 | epoch_time=00:01:02 | elapsed=17:23:12 | ETA=01:50:46 | estimated_finish=2026-06-17 16:43:05
Epoch 905/1000 finished | loss=0.454933 | cnn_loss=0.422220 | gnn_loss=0.032713 | lr=0.000120213 | epoch_time=00:01:04 | elapsed=17:24:17 | ETA=01:49:37 | estimated_finish=2026-06-17 16:42:59
Quick validation epoch=905 | pseudo_dice=0.618377 | val_time=00:00:23
Epoch 906/1000 finished | loss=0.464614 | cnn_loss=0.432228 | gnn_loss=0.032386 | lr=0.000119073 | epoch_time=00:01:05 | elapsed=17:25:45 | ETA=01:48:30 | estimated_finish=2026-06-17 16:43:21
Epoch 907/1000 finished | loss=0.438665 | cnn_loss=0.409547 | gnn_loss=0.029118 | lr=0.000117933 | epoch_time=00:01:03 | elapsed=17:26:49 | ETA=01:47:20 | estimated_finish=2026-06-17 16:43:15
Epoch 908/1000 finished | loss=0.427848 | cnn_loss=0.400935 | gnn_loss=0.026913 | lr=0.000116791 | epoch_time=00:01:03 | elapsed=17:27:52 | ETA=01:46:10 | estimated_finish=2026-06-17 16:43:08
Epoch 909/1000 finished | loss=0.437492 | cnn_loss=0.408085 | gnn_loss=0.029407 | lr=0.000115648 | epoch_time=00:01:04 | elapsed=17:28:57 | ETA=01:45:00 | estimated_finish=2026-06-17 16:43:03
Epoch 910/1000 finished | loss=0.439250 | cnn_loss=0.408228 | gnn_loss=0.031022 | lr=0.000114503 | epoch_time=00:01:05 | elapsed=17:30:02 | ETA=01:43:51 | estimated_finish=2026-06-17 16:42:59
Quick validation epoch=910 | pseudo_dice=0.602719 | val_time=00:00:23
Epoch 911/1000 finished | loss=0.444635 | cnn_loss=0.414549 | gnn_loss=0.030085 | lr=0.000113358 | epoch_time=00:01:03 | elapsed=17:31:29 | ETA=01:42:43 | estimated_finish=2026-06-17 16:43:19
Epoch 912/1000 finished | loss=0.467970 | cnn_loss=0.436493 | gnn_loss=0.031476 | lr=0.000112211 | epoch_time=00:01:04 | elapsed=17:32:34 | ETA=01:41:33 | estimated_finish=2026-06-17 16:43:13
Epoch 913/1000 finished | loss=0.410387 | cnn_loss=0.381734 | gnn_loss=0.028653 | lr=0.000111062 | epoch_time=00:01:05 | elapsed=17:33:39 | ETA=01:40:24 | estimated_finish=2026-06-17 16:43:09
Epoch 914/1000 finished | loss=0.409691 | cnn_loss=0.383431 | gnn_loss=0.026261 | lr=0.000109913 | epoch_time=00:01:04 | elapsed=17:34:44 | ETA=01:39:14 | estimated_finish=2026-06-17 16:43:04
Epoch 915/1000 finished | loss=0.435919 | cnn_loss=0.404070 | gnn_loss=0.031849 | lr=0.000108762 | epoch_time=00:01:06 | elapsed=17:35:50 | ETA=01:38:05 | estimated_finish=2026-06-17 16:43:01
Quick validation epoch=915 | pseudo_dice=0.614447 | val_time=00:00:23
Epoch 916/1000 finished | loss=0.414742 | cnn_loss=0.384101 | gnn_loss=0.030642 | lr=0.00010761 | epoch_time=00:01:02 | elapsed=17:37:17 | ETA=01:36:57 | estimated_finish=2026-06-17 16:43:20
Epoch 917/1000 finished | loss=0.476318 | cnn_loss=0.444065 | gnn_loss=0.032254 | lr=0.000106456 | epoch_time=00:01:03 | elapsed=17:38:20 | ETA=01:35:47 | estimated_finish=2026-06-17 16:43:14
Epoch 918/1000 finished | loss=0.425336 | cnn_loss=0.393423 | gnn_loss=0.031912 | lr=0.000105301 | epoch_time=00:01:04 | elapsed=17:39:25 | ETA=01:34:37 | estimated_finish=2026-06-17 16:43:08
Epoch 919/1000 finished | loss=0.439703 | cnn_loss=0.408446 | gnn_loss=0.031257 | lr=0.000104145 | epoch_time=00:01:04 | elapsed=17:40:29 | ETA=01:33:28 | estimated_finish=2026-06-17 16:43:03
Epoch 920/1000 finished | loss=0.445028 | cnn_loss=0.410223 | gnn_loss=0.034806 | lr=0.000102987 | epoch_time=00:01:02 | elapsed=17:41:32 | ETA=01:32:18 | estimated_finish=2026-06-17 16:42:56
Quick validation epoch=920 | pseudo_dice=0.577068 | val_time=00:00:23
Epoch 921/1000 finished | loss=0.430114 | cnn_loss=0.401486 | gnn_loss=0.028628 | lr=0.000101827 | epoch_time=00:01:04 | elapsed=17:43:00 | ETA=01:31:10 | estimated_finish=2026-06-17 16:43:16
Epoch 922/1000 finished | loss=0.444111 | cnn_loss=0.413655 | gnn_loss=0.030456 | lr=0.000100667 | epoch_time=00:01:04 | elapsed=17:44:05 | ETA=01:30:01 | estimated_finish=2026-06-17 16:43:12
Epoch 923/1000 finished | loss=0.421083 | cnn_loss=0.389847 | gnn_loss=0.031236 | lr=9.95043e-05 | epoch_time=00:01:04 | elapsed=17:45:10 | ETA=01:28:51 | estimated_finish=2026-06-17 16:43:07
Epoch 924/1000 finished | loss=0.452940 | cnn_loss=0.421485 | gnn_loss=0.031455 | lr=9.83405e-05 | epoch_time=00:01:05 | elapsed=17:46:15 | ETA=01:27:42 | estimated_finish=2026-06-17 16:43:02
Epoch 925/1000 finished | loss=0.411731 | cnn_loss=0.379564 | gnn_loss=0.032168 | lr=9.71751e-05 | epoch_time=00:01:04 | elapsed=17:47:19 | ETA=01:26:32 | estimated_finish=2026-06-17 16:42:57
Quick validation epoch=925 | pseudo_dice=0.658696 | val_time=00:00:23
Epoch 926/1000 finished | loss=0.451543 | cnn_loss=0.417361 | gnn_loss=0.034182 | lr=9.60082e-05 | epoch_time=00:01:03 | elapsed=17:48:47 | ETA=01:25:24 | estimated_finish=2026-06-17 16:43:17
Epoch 927/1000 finished | loss=0.450607 | cnn_loss=0.420160 | gnn_loss=0.030447 | lr=9.48398e-05 | epoch_time=00:01:03 | elapsed=17:49:50 | ETA=01:24:14 | estimated_finish=2026-06-17 16:43:10
Epoch 928/1000 finished | loss=0.413870 | cnn_loss=0.384503 | gnn_loss=0.029366 | lr=9.36697e-05 | epoch_time=00:01:03 | elapsed=17:50:53 | ETA=01:23:05 | estimated_finish=2026-06-17 16:43:04
Epoch 929/1000 finished | loss=0.420147 | cnn_loss=0.387322 | gnn_loss=0.032825 | lr=9.2498e-05 | epoch_time=00:01:04 | elapsed=17:51:58 | ETA=01:21:55 | estimated_finish=2026-06-17 16:42:59
Epoch 930/1000 finished | loss=0.448662 | cnn_loss=0.417463 | gnn_loss=0.031199 | lr=9.13247e-05 | epoch_time=00:01:02 | elapsed=17:53:01 | ETA=01:20:45 | estimated_finish=2026-06-17 16:42:52
Quick validation epoch=930 | pseudo_dice=0.624536 | val_time=00:00:23
Epoch 931/1000 finished | loss=0.412473 | cnn_loss=0.383615 | gnn_loss=0.028858 | lr=9.01497e-05 | epoch_time=00:01:04 | elapsed=17:54:29 | ETA=01:19:38 | estimated_finish=2026-06-17 16:43:13
Epoch 932/1000 finished | loss=0.388176 | cnn_loss=0.359899 | gnn_loss=0.028278 | lr=8.8973e-05 | epoch_time=00:01:03 | elapsed=17:55:32 | ETA=01:18:28 | estimated_finish=2026-06-17 16:43:06
Epoch 933/1000 finished | loss=0.433160 | cnn_loss=0.401002 | gnn_loss=0.032157 | lr=8.77945e-05 | epoch_time=00:01:03 | elapsed=17:56:36 | ETA=01:17:18 | estimated_finish=2026-06-17 16:43:00
Epoch 934/1000 finished | loss=0.409643 | cnn_loss=0.381234 | gnn_loss=0.028409 | lr=8.66143e-05 | epoch_time=00:01:03 | elapsed=17:57:39 | ETA=01:16:09 | estimated_finish=2026-06-17 16:42:54
Epoch 935/1000 finished | loss=0.422528 | cnn_loss=0.390158 | gnn_loss=0.032371 | lr=8.54323e-05 | epoch_time=00:01:03 | elapsed=17:58:42 | ETA=01:14:59 | estimated_finish=2026-06-17 16:42:47
Quick validation epoch=935 | pseudo_dice=0.684489 | val_time=00:00:23
Epoch 936/1000 finished | loss=0.461229 | cnn_loss=0.429124 | gnn_loss=0.032104 | lr=8.42485e-05 | epoch_time=00:01:03 | elapsed=18:00:09 | ETA=01:13:51 | estimated_finish=2026-06-17 16:43:06
Epoch 937/1000 finished | loss=0.409942 | cnn_loss=0.382065 | gnn_loss=0.027877 | lr=8.30628e-05 | epoch_time=00:01:03 | elapsed=18:01:13 | ETA=01:12:41 | estimated_finish=2026-06-17 16:43:01
Epoch 938/1000 finished | loss=0.386957 | cnn_loss=0.357982 | gnn_loss=0.028974 | lr=8.18752e-05 | epoch_time=00:01:05 | elapsed=18:02:19 | ETA=01:11:32 | estimated_finish=2026-06-17 16:42:56
Epoch 939/1000 finished | loss=0.464874 | cnn_loss=0.435284 | gnn_loss=0.029589 | lr=8.06858e-05 | epoch_time=00:01:03 | elapsed=18:03:23 | ETA=01:10:22 | estimated_finish=2026-06-17 16:42:51
Epoch 940/1000 finished | loss=0.432709 | cnn_loss=0.402752 | gnn_loss=0.029958 | lr=7.94943e-05 | epoch_time=00:01:06 | elapsed=18:04:29 | ETA=01:09:13 | estimated_finish=2026-06-17 16:42:48
Quick validation epoch=940 | pseudo_dice=0.594506 | val_time=00:00:23
Epoch 941/1000 finished | loss=0.430452 | cnn_loss=0.399723 | gnn_loss=0.030729 | lr=7.83009e-05 | epoch_time=00:01:03 | elapsed=18:05:55 | ETA=01:08:05 | estimated_finish=2026-06-17 16:43:06
Epoch 942/1000 finished | loss=0.470699 | cnn_loss=0.439726 | gnn_loss=0.030973 | lr=7.71055e-05 | epoch_time=00:01:03 | elapsed=18:06:59 | ETA=01:06:55 | estimated_finish=2026-06-17 16:43:01
Epoch 943/1000 finished | loss=0.424059 | cnn_loss=0.395126 | gnn_loss=0.028932 | lr=7.5908e-05 | epoch_time=00:01:03 | elapsed=18:08:03 | ETA=01:05:46 | estimated_finish=2026-06-17 16:42:55
Epoch 944/1000 finished | loss=0.412337 | cnn_loss=0.383351 | gnn_loss=0.028985 | lr=7.47084e-05 | epoch_time=00:01:03 | elapsed=18:09:07 | ETA=01:04:36 | estimated_finish=2026-06-17 16:42:49
Epoch 945/1000 finished | loss=0.402595 | cnn_loss=0.374371 | gnn_loss=0.028224 | lr=7.35066e-05 | epoch_time=00:01:04 | elapsed=18:10:12 | ETA=01:03:27 | estimated_finish=2026-06-17 16:42:44
Quick validation epoch=945 | pseudo_dice=0.596228 | val_time=00:00:23
Epoch 946/1000 finished | loss=0.401473 | cnn_loss=0.371124 | gnn_loss=0.030348 | lr=7.23027e-05 | epoch_time=00:01:04 | elapsed=18:11:40 | ETA=01:02:18 | estimated_finish=2026-06-17 16:43:04
Epoch 947/1000 finished | loss=0.414496 | cnn_loss=0.384089 | gnn_loss=0.030407 | lr=7.10965e-05 | epoch_time=00:01:03 | elapsed=18:12:43 | ETA=01:01:09 | estimated_finish=2026-06-17 16:42:58
Epoch 948/1000 finished | loss=0.403442 | cnn_loss=0.375125 | gnn_loss=0.028317 | lr=6.98881e-05 | epoch_time=00:01:04 | elapsed=18:13:48 | ETA=00:59:59 | estimated_finish=2026-06-17 16:42:53
Epoch 949/1000 finished | loss=0.420163 | cnn_loss=0.390482 | gnn_loss=0.029681 | lr=6.86773e-05 | epoch_time=00:01:03 | elapsed=18:14:51 | ETA=00:58:50 | estimated_finish=2026-06-17 16:42:47
Epoch 950/1000 finished | loss=0.412784 | cnn_loss=0.385188 | gnn_loss=0.027596 | lr=6.74641e-05 | epoch_time=00:01:03 | elapsed=18:15:55 | ETA=00:57:40 | estimated_finish=2026-06-17 16:42:41
Quick validation epoch=950 | pseudo_dice=0.616500 | val_time=00:00:23
Epoch 951/1000 finished | loss=0.454137 | cnn_loss=0.421701 | gnn_loss=0.032437 | lr=6.62486e-05 | epoch_time=00:01:04 | elapsed=18:17:23 | ETA=00:56:32 | estimated_finish=2026-06-17 16:43:01
Epoch 952/1000 finished | loss=0.440169 | cnn_loss=0.410493 | gnn_loss=0.029676 | lr=6.50305e-05 | epoch_time=00:01:01 | elapsed=18:18:25 | ETA=00:55:22 | estimated_finish=2026-06-17 16:42:53
Epoch 953/1000 finished | loss=0.448089 | cnn_loss=0.416435 | gnn_loss=0.031654 | lr=6.38099e-05 | epoch_time=00:01:03 | elapsed=18:19:28 | ETA=00:54:13 | estimated_finish=2026-06-17 16:42:47
Epoch 954/1000 finished | loss=0.429211 | cnn_loss=0.395042 | gnn_loss=0.034170 | lr=6.25867e-05 | epoch_time=00:01:09 | elapsed=18:20:37 | ETA=00:53:04 | estimated_finish=2026-06-17 16:42:47
Epoch 955/1000 finished | loss=0.457619 | cnn_loss=0.425533 | gnn_loss=0.032085 | lr=6.13608e-05 | epoch_time=00:01:03 | elapsed=18:21:41 | ETA=00:51:54 | estimated_finish=2026-06-17 16:42:41
Quick validation epoch=955 | pseudo_dice=0.640871 | val_time=00:00:23
Epoch 956/1000 finished | loss=0.414580 | cnn_loss=0.387658 | gnn_loss=0.026922 | lr=6.01322e-05 | epoch_time=00:01:04 | elapsed=18:23:09 | ETA=00:50:46 | estimated_finish=2026-06-17 16:43:01
Epoch 957/1000 finished | loss=0.410732 | cnn_loss=0.377661 | gnn_loss=0.033071 | lr=5.89009e-05 | epoch_time=00:01:05 | elapsed=18:24:15 | ETA=00:49:36 | estimated_finish=2026-06-17 16:42:57
Epoch 958/1000 finished | loss=0.435054 | cnn_loss=0.404795 | gnn_loss=0.030259 | lr=5.76666e-05 | epoch_time=00:01:03 | elapsed=18:25:19 | ETA=00:48:27 | estimated_finish=2026-06-17 16:42:52
Epoch 959/1000 finished | loss=0.447909 | cnn_loss=0.416912 | gnn_loss=0.030997 | lr=5.64294e-05 | epoch_time=00:01:08 | elapsed=18:26:28 | ETA=00:47:18 | estimated_finish=2026-06-17 16:42:51
Epoch 960/1000 finished | loss=0.436212 | cnn_loss=0.408620 | gnn_loss=0.027592 | lr=5.51892e-05 | epoch_time=00:01:08 | elapsed=18:27:36 | ETA=00:46:09 | estimated_finish=2026-06-17 16:42:50
Quick validation epoch=960 | pseudo_dice=0.687261 | val_time=00:00:23
Epoch 961/1000 finished | loss=0.444729 | cnn_loss=0.408330 | gnn_loss=0.036400 | lr=5.39459e-05 | epoch_time=00:01:06 | elapsed=18:29:06 | ETA=00:45:00 | estimated_finish=2026-06-17 16:43:12
Epoch 962/1000 finished | loss=0.438094 | cnn_loss=0.410219 | gnn_loss=0.027875 | lr=5.26993e-05 | epoch_time=00:01:02 | elapsed=18:30:09 | ETA=00:43:51 | estimated_finish=2026-06-17 16:43:06
Epoch 963/1000 finished | loss=0.433747 | cnn_loss=0.400066 | gnn_loss=0.033680 | lr=5.14495e-05 | epoch_time=00:01:05 | elapsed=18:31:14 | ETA=00:42:41 | estimated_finish=2026-06-17 16:43:02
Epoch 964/1000 finished | loss=0.422982 | cnn_loss=0.394910 | gnn_loss=0.028073 | lr=5.01964e-05 | epoch_time=00:01:03 | elapsed=18:32:18 | ETA=00:41:32 | estimated_finish=2026-06-17 16:42:56
Epoch 965/1000 finished | loss=0.409070 | cnn_loss=0.382045 | gnn_loss=0.027025 | lr=4.89397e-05 | epoch_time=00:01:04 | elapsed=18:33:23 | ETA=00:40:22 | estimated_finish=2026-06-17 16:42:51
Quick validation epoch=965 | pseudo_dice=0.608616 | val_time=00:00:23
Epoch 966/1000 finished | loss=0.455493 | cnn_loss=0.424942 | gnn_loss=0.030551 | lr=4.76794e-05 | epoch_time=00:01:04 | elapsed=18:34:51 | ETA=00:39:14 | estimated_finish=2026-06-17 16:43:11
Epoch 967/1000 finished | loss=0.428479 | cnn_loss=0.397314 | gnn_loss=0.031165 | lr=4.64154e-05 | epoch_time=00:01:03 | elapsed=18:35:55 | ETA=00:38:04 | estimated_finish=2026-06-17 16:43:05
Epoch 968/1000 finished | loss=0.417489 | cnn_loss=0.385181 | gnn_loss=0.032308 | lr=4.51476e-05 | epoch_time=00:01:04 | elapsed=18:36:59 | ETA=00:36:55 | estimated_finish=2026-06-17 16:43:00
Epoch 969/1000 finished | loss=0.386180 | cnn_loss=0.357092 | gnn_loss=0.029088 | lr=4.38758e-05 | epoch_time=00:01:04 | elapsed=18:38:04 | ETA=00:35:46 | estimated_finish=2026-06-17 16:42:55
Epoch 970/1000 finished | loss=0.391194 | cnn_loss=0.365751 | gnn_loss=0.025443 | lr=4.26e-05 | epoch_time=00:01:05 | elapsed=18:39:09 | ETA=00:34:36 | estimated_finish=2026-06-17 16:42:51
Quick validation epoch=970 | pseudo_dice=0.592170 | val_time=00:00:23
Epoch 971/1000 finished | loss=0.399496 | cnn_loss=0.372491 | gnn_loss=0.027005 | lr=4.13198e-05 | epoch_time=00:01:03 | elapsed=18:40:36 | ETA=00:33:28 | estimated_finish=2026-06-17 16:43:10
Epoch 972/1000 finished | loss=0.444671 | cnn_loss=0.413154 | gnn_loss=0.031516 | lr=4.00352e-05 | epoch_time=00:01:05 | elapsed=18:41:41 | ETA=00:32:18 | estimated_finish=2026-06-17 16:43:06
Epoch 973/1000 finished | loss=0.417588 | cnn_loss=0.389992 | gnn_loss=0.027596 | lr=3.8746e-05 | epoch_time=00:01:04 | elapsed=18:42:45 | ETA=00:31:09 | estimated_finish=2026-06-17 16:43:00
Epoch 974/1000 finished | loss=0.402407 | cnn_loss=0.370962 | gnn_loss=0.031445 | lr=3.74521e-05 | epoch_time=00:01:07 | elapsed=18:43:53 | ETA=00:30:00 | estimated_finish=2026-06-17 16:42:59
Epoch 975/1000 finished | loss=0.408570 | cnn_loss=0.379497 | gnn_loss=0.029072 | lr=3.61531e-05 | epoch_time=00:01:04 | elapsed=18:44:58 | ETA=00:28:50 | estimated_finish=2026-06-17 16:42:55
Quick validation epoch=975 | pseudo_dice=0.586202 | val_time=00:00:24
Epoch 976/1000 finished | loss=0.413287 | cnn_loss=0.383057 | gnn_loss=0.030230 | lr=3.4849e-05 | epoch_time=00:01:02 | elapsed=18:46:25 | ETA=00:27:41 | estimated_finish=2026-06-17 16:43:13
Epoch 977/1000 finished | loss=0.393156 | cnn_loss=0.363528 | gnn_loss=0.029628 | lr=3.35394e-05 | epoch_time=00:01:05 | elapsed=18:47:31 | ETA=00:26:32 | estimated_finish=2026-06-17 16:43:09
Epoch 978/1000 finished | loss=0.423440 | cnn_loss=0.393319 | gnn_loss=0.030121 | lr=3.22241e-05 | epoch_time=00:01:05 | elapsed=18:48:37 | ETA=00:25:23 | estimated_finish=2026-06-17 16:43:05
Epoch 979/1000 finished | loss=0.416972 | cnn_loss=0.387093 | gnn_loss=0.029879 | lr=3.09028e-05 | epoch_time=00:01:10 | elapsed=18:49:47 | ETA=00:24:14 | estimated_finish=2026-06-17 16:43:07
Epoch 980/1000 finished | loss=0.427438 | cnn_loss=0.396741 | gnn_loss=0.030696 | lr=2.95752e-05 | epoch_time=00:01:10 | elapsed=18:50:58 | ETA=00:23:04 | estimated_finish=2026-06-17 16:43:08
Quick validation epoch=980 | pseudo_dice=0.625043 | val_time=00:00:25
Epoch 981/1000 finished | loss=0.408306 | cnn_loss=0.378336 | gnn_loss=0.029969 | lr=2.82409e-05 | epoch_time=00:01:08 | elapsed=18:52:31 | ETA=00:21:56 | estimated_finish=2026-06-17 16:43:33
Epoch 982/1000 finished | loss=0.440986 | cnn_loss=0.413912 | gnn_loss=0.027074 | lr=2.68996e-05 | epoch_time=00:01:10 | elapsed=18:53:42 | ETA=00:20:46 | estimated_finish=2026-06-17 16:43:34
Epoch 983/1000 finished | loss=0.413771 | cnn_loss=0.380589 | gnn_loss=0.033182 | lr=2.55508e-05 | epoch_time=00:01:10 | elapsed=18:54:53 | ETA=00:19:37 | estimated_finish=2026-06-17 16:43:36
Epoch 984/1000 finished | loss=0.419142 | cnn_loss=0.388618 | gnn_loss=0.030524 | lr=2.4194e-05 | epoch_time=00:01:06 | elapsed=18:56:00 | ETA=00:18:28 | estimated_finish=2026-06-17 16:43:34
Epoch 985/1000 finished | loss=0.447683 | cnn_loss=0.417856 | gnn_loss=0.029827 | lr=2.28288e-05 | epoch_time=00:01:06 | elapsed=18:57:06 | ETA=00:17:18 | estimated_finish=2026-06-17 16:43:31
Quick validation epoch=985 | pseudo_dice=0.594755 | val_time=00:00:23
Epoch 986/1000 finished | loss=0.432970 | cnn_loss=0.401716 | gnn_loss=0.031254 | lr=2.14543e-05 | epoch_time=00:01:03 | elapsed=18:58:34 | ETA=00:16:09 | estimated_finish=2026-06-17 16:43:50
Epoch 987/1000 finished | loss=0.437658 | cnn_loss=0.405289 | gnn_loss=0.032369 | lr=2.00701e-05 | epoch_time=00:01:03 | elapsed=18:59:37 | ETA=00:15:00 | estimated_finish=2026-06-17 16:43:44
Epoch 988/1000 finished | loss=0.449915 | cnn_loss=0.418152 | gnn_loss=0.031762 | lr=1.86751e-05 | epoch_time=00:01:03 | elapsed=19:00:41 | ETA=00:13:51 | estimated_finish=2026-06-17 16:43:38
Epoch 989/1000 finished | loss=0.450602 | cnn_loss=0.416608 | gnn_loss=0.033994 | lr=1.72685e-05 | epoch_time=00:01:03 | elapsed=19:01:45 | ETA=00:12:41 | estimated_finish=2026-06-17 16:43:32
Epoch 990/1000 finished | loss=0.429301 | cnn_loss=0.399525 | gnn_loss=0.029776 | lr=1.58489e-05 | epoch_time=00:01:04 | elapsed=19:02:49 | ETA=00:11:32 | estimated_finish=2026-06-17 16:43:27
Quick validation epoch=990 | pseudo_dice=0.641063 | val_time=00:00:23
